Read 1000 model paths
Medium: 10 media (per-model loop): gradient_L0_base_gapseq, gradient_L1_inulin_gapseq, gradient_L2_fos_gapseq, gradient_L3_gos_gapseq, gradient_L4_xos_gapseq, gradient_L5_pectin_gapseq, gradient_L6_resistant_starch_gapseq, gradient_L7_bglucan_gapseq, gradient_L8_hmo_gapseq, gradient_L9_mos_gapseq
Models: 1000
COBRApy: 0.31.1  solver: <module 'optlang.hybrid_interface' from '/opt/homebrew/Caskroom/miniforge/base/lib/python3.13/site-packages/optlang/hybrid_interface.py'>
Algorithm: FBA → CycleFreeFlux+pFBA (fast-mic style)
Uptake limits: C=10.0 aa=1.0 nuc=0.5 cof=0.1  (per-compound overrides from CSV)
Workers: 8  Per-model timeout: 120s

  [1/1000] MGYG000000002
    10 media  mets=1401 rxns=1622 biomass=bio1 growth=0.4282..1.8572  load=1.455s  pfba=64.199s
  [2/1000] MGYG000000004
    10 media  mets=1526 rxns=1709 biomass=bio1 growth=1.1999..2.5688  load=1.561s  pfba=70.731s
  [3/1000] MGYG000000008
    10 media  mets=1166 rxns=1322 biomass=bio1 growth=0.4448..1.1542  load=1.146s  pfba=42.860s
  [4/1000] MGYG000000009
    10 media  mets=1303 rxns=1574 biomass=bio1 growth=0.8845..2.1181  load=1.383s  pfba=59.538s
  [5/1000] MGYG000000011
    10 media  mets=1894 rxns=2339 biomass=bio1 growth=1.2417..2.8928  load=2.043s  pfba=127.996s
  [6/1000] MGYG000000012
    10 media  mets=2237 rxns=2730 biomass=bio1 growth=1.1306..2.8377  load=2.505s  pfba=170.547s
  [7/1000] MGYG000000014
    10 media  mets=1784 rxns=2176 biomass=bio1 growth=1.3608..3.2092  load=1.914s  pfba=108.621s
  [8/1000] MGYG000000016
    10 media  mets=1354 rxns=1579 biomass=bio1 growth=0.3138..1.1620  load=1.355s  pfba=60.357s
  [9/1000] MGYG000000025
    10 media  mets=1894 rxns=2339 biomass=bio1 growth=1.1694..2.7302  load=2.004s  pfba=130.167s
  [10/1000] MGYG000000029
    10 media  mets=1517 rxns=1812 biomass=bio1 growth=0.0000..0.0000  load=1.493s  pfba=1.111s
  [11/1000] MGYG000000037
    10 media  mets=1304 rxns=1539 biomass=bio1 growth=0.9596..2.4137  load=1.278s  pfba=56.941s
  [12/1000] MGYG000000040
    10 media  mets=1293 rxns=1415 biomass=bio1 growth=0.0000..0.0000  load=1.325s  pfba=0.702s
  [13/1000] MGYG000000042
    10 media  mets=1458 rxns=1677 biomass=bio1 growth=0.9976..1.9857  load=1.438s  pfba=68.766s
  [14/1000] MGYG000000044
    10 media  mets=1554 rxns=1820 biomass=bio1 growth=0.0000..0.0000  load=1.490s  pfba=1.144s
  [15/1000] MGYG000000047
    10 media  mets=1538 rxns=1795 biomass=bio1 growth=1.2503..3.3799  load=1.628s  pfba=78.072s
  [16/1000] MGYG000000051
    10 media  mets=1361 rxns=1548 biomass=bio1 growth=0.0000..0.0000  load=1.284s  pfba=0.977s
  [17/1000] MGYG000000057
    10 media  mets=1381 rxns=1663 biomass=bio1 growth=0.0000..2.1539  load=1.581s  pfba=47.254s
  [18/1000] MGYG000000060
    10 media  mets=1365 rxns=1534 biomass=bio1 growth=0.0000..1.6381  load=1.408s  pfba=39.502s
  [19/1000] MGYG000000061
    10 media  mets=1183 rxns=1311 biomass=bio1 growth=0.3798..1.2321  load=1.057s  pfba=42.473s
  [20/1000] MGYG000000062
    10 media  mets=1370 rxns=1580 biomass=bio1 growth=0.7205..1.7730  load=1.310s  pfba=59.264s
  [21/1000] MGYG000000064
    10 media  mets=1657 rxns=1970 biomass=bio1 growth=0.9212..2.2369  load=1.778s  pfba=92.526s
  [22/1000] MGYG000000067
    10 media  mets=1371 rxns=1552 biomass=bio1 growth=0.0000..1.9852  load=1.387s  pfba=34.909s
  [23/1000] MGYG000000068
    10 media  mets=1346 rxns=1519 biomass=bio1 growth=0.0000..0.0000  load=1.245s  pfba=0.772s
  [24/1000] MGYG000000074
    10 media  mets=1281 rxns=1469 biomass=bio1 growth=0.3737..1.1213  load=1.311s  pfba=53.487s
  [25/1000] MGYG000000079
    10 media  mets=1696 rxns=2045 biomass=bio1 growth=1.0077..2.2847  load=1.688s  pfba=96.306s
  [26/1000] MGYG000000086
    10 media  mets=1396 rxns=1484 biomass=bio1 growth=0.0000..1.4497  load=1.221s  pfba=38.225s
  [27/1000] MGYG000000090
    10 media  mets=1402 rxns=1501 biomass=bio1 growth=0.0000..1.0986  load=1.287s  pfba=33.414s
  [28/1000] MGYG000000092
    10 media  mets=1395 rxns=1626 biomass=bio1 growth=0.0000..2.3345  load=1.327s  pfba=39.026s
  [29/1000] MGYG000000094
    10 media  mets=1183 rxns=1312 biomass=bio1 growth=0.5279..1.5607  load=1.049s  pfba=42.383s
  [30/1000] MGYG000000097
    10 media  mets=1427 rxns=1685 biomass=bio1 growth=0.7496..2.0185  load=1.426s  pfba=66.349s
  [31/1000] MGYG000000098
    10 media  mets=1513 rxns=1824 biomass=bio1 growth=0.0000..1.9953  load=1.491s  pfba=55.541s
  [32/1000] MGYG000000103
    10 media  mets=1471 rxns=1640 biomass=bio1 growth=0.0000..0.0000  load=1.446s  pfba=1.104s
  [33/1000] MGYG000000108
    TIMEOUT (>120s) — skipped
  [34/1000] MGYG000000111
    10 media  mets=1538 rxns=1852 biomass=bio1 growth=0.0000..2.6352  load=1.623s  pfba=33.261s
  [35/1000] MGYG000000113
    10 media  mets=1504 rxns=1778 biomass=bio1 growth=0.7395..1.7794  load=1.448s  pfba=75.989s
  [36/1000] MGYG000000115
    10 media  mets=1542 rxns=1714 biomass=bio1 growth=0.6112..1.4989  load=1.586s  pfba=70.014s
  [37/1000] MGYG000000118
    10 media  mets=1489 rxns=1660 biomass=bio1 growth=0.0000..1.0425  load=1.546s  pfba=40.603s
  [38/1000] MGYG000000120
    10 media  mets=1244 rxns=1363 biomass=bio1 growth=0.4097..0.4097  load=1.223s  pfba=47.040s
  [39/1000] MGYG000000121
    10 media  mets=1520 rxns=1722 biomass=bio1 growth=1.4469..2.6339  load=1.449s  pfba=69.848s
  [40/1000] MGYG000000124
    10 media  mets=2352 rxns=2913 biomass=bio1 growth=1.8361..3.6620  load=2.672s  pfba=196.142s
  [41/1000] MGYG000000131
    10 media  mets=1481 rxns=1646 biomass=bio1 growth=0.4984..1.5356  load=1.516s  pfba=65.210s
  [42/1000] MGYG000000133
    10 media  mets=1366 rxns=1620 biomass=bio1 growth=1.1306..2.9680  load=1.334s  pfba=64.900s
  [43/1000] MGYG000000137
    10 media  mets=1371 rxns=1616 biomass=bio1 growth=0.0000..2.2268  load=1.361s  pfba=44.114s
  [44/1000] MGYG000000140
    10 media  mets=1323 rxns=1502 biomass=bio1 growth=0.7502..1.8113  load=1.231s  pfba=55.429s
  [45/1000] MGYG000000144
    10 media  mets=1390 rxns=1580 biomass=bio1 growth=0.0000..0.0000  load=1.367s  pfba=0.898s
  [46/1000] MGYG000000147
    10 media  mets=2231 rxns=2763 biomass=bio1 growth=1.2445..2.9347  load=2.359s  pfba=180.610s
  [47/1000] MGYG000000153
    10 media  mets=1404 rxns=1612 biomass=bio1 growth=0.0000..0.0000  load=1.491s  pfba=0.883s
  [48/1000] MGYG000000157
    10 media  mets=1412 rxns=1667 biomass=bio1 growth=1.6210..2.9128  load=1.379s  pfba=66.043s
  [49/1000] MGYG000000159
    10 media  mets=1426 rxns=1655 biomass=bio1 growth=0.8880..2.1879  load=1.338s  pfba=65.180s
  [50/1000] MGYG000000160
    10 media  mets=1048 rxns=1219 biomass=bio1 growth=0.0000..1.4102  load=1.061s  pfba=23.314s
  [51/1000] MGYG000000163
    10 media  mets=1487 rxns=1779 biomass=bio1 growth=0.7012..1.8547  load=1.548s  pfba=75.396s
  [52/1000] MGYG000000164
    10 media  mets=1457 rxns=1657 biomass=bio1 growth=0.7069..1.7835  load=1.383s  pfba=65.410s
  [53/1000] MGYG000000178
    10 media  mets=1377 rxns=1548 biomass=bio1 growth=0.0000..2.0351  load=1.366s  pfba=36.122s
  [54/1000] MGYG000000180
    10 media  mets=1164 rxns=1283 biomass=bio1 growth=0.4053..1.1761  load=1.023s  pfba=41.079s
  [55/1000] MGYG000000182
    10 media  mets=1544 rxns=1795 biomass=bio1 growth=1.0383..2.2761  load=1.501s  pfba=76.805s
  [56/1000] MGYG000000183
    10 media  mets=1372 rxns=1519 biomass=bio1 growth=0.0000..1.8718  load=1.360s  pfba=39.192s
  [57/1000] MGYG000000187
    10 media  mets=1332 rxns=1460 biomass=bio1 growth=0.0000..1.5738  load=1.370s  pfba=37.530s
  [58/1000] MGYG000000193
    10 media  mets=1362 rxns=1585 biomass=bio1 growth=0.6741..1.8546  load=1.409s  pfba=61.628s
  [59/1000] MGYG000000199
    10 media  mets=1418 rxns=1715 biomass=bio1 growth=0.5099..1.3960  load=1.383s  pfba=69.914s
  [60/1000] MGYG000000208
    10 media  mets=1389 rxns=1537 biomass=bio1 growth=0.0000..1.9075  load=1.383s  pfba=40.104s
  [61/1000] MGYG000000209
    10 media  mets=1419 rxns=1576 biomass=bio1 growth=0.0000..1.0253  load=1.306s  pfba=42.106s
  [62/1000] MGYG000000210
    10 media  mets=1190 rxns=1302 biomass=bio1 growth=0.3824..1.2406  load=1.146s  pfba=41.414s
  [63/1000] MGYG000000213
    10 media  mets=1429 rxns=1656 biomass=bio1 growth=0.8257..2.4646  load=1.352s  pfba=66.303s
  [64/1000] MGYG000000215
    10 media  mets=1210 rxns=1322 biomass=bio1 growth=0.6881..1.0406  load=1.060s  pfba=43.848s
  [65/1000] MGYG000000220
    10 media  mets=1070 rxns=1086 biomass=bio1 growth=0.0000..0.4176  load=0.903s  pfba=12.406s
  [66/1000] MGYG000000223
    10 media  mets=1386 rxns=1572 biomass=bio1 growth=0.8314..2.2257  load=1.460s  pfba=59.866s
  [67/1000] MGYG000000227
    10 media  mets=2212 rxns=2698 biomass=bio1 growth=1.2445..2.9739  load=2.434s  pfba=171.326s
  [68/1000] MGYG000000231
    10 media  mets=1425 rxns=1587 biomass=bio1 growth=0.0000..1.4539  load=1.321s  pfba=41.944s
  [69/1000] MGYG000000232
    10 media  mets=1159 rxns=1272 biomass=bio1 growth=0.7602..1.9651  load=1.134s  pfba=40.064s
  [70/1000] MGYG000000239
    10 media  mets=1069 rxns=1174 biomass=bio1 growth=0.6886..1.8810  load=0.931s  pfba=34.071s
  [71/1000] MGYG000000257
    10 media  mets=1165 rxns=1318 biomass=bio1 growth=0.7497..2.0990  load=1.175s  pfba=43.465s
  [72/1000] MGYG000000263
    10 media  mets=1526 rxns=1840 biomass=bio1 growth=0.0000..0.0000  load=1.649s  pfba=1.110s
  [73/1000] MGYG000000266
    10 media  mets=1159 rxns=1315 biomass=bio1 growth=0.8002..2.1511  load=1.159s  pfba=43.436s
  [74/1000] MGYG000000267
    10 media  mets=1219 rxns=1320 biomass=bio1 growth=0.8686..1.2183  load=1.157s  pfba=42.264s
  [75/1000] MGYG000000275
    10 media  mets=1167 rxns=1277 biomass=bio1 growth=0.7599..1.9642  load=1.045s  pfba=40.252s
  [76/1000] MGYG000000279
    10 media  mets=1299 rxns=1421 biomass=bio1 growth=0.4278..0.5575  load=1.151s  pfba=49.624s
  [77/1000] MGYG000000295
    10 media  mets=1329 rxns=1428 biomass=bio1 growth=0.0000..0.0000  load=1.225s  pfba=0.572s
  [78/1000] MGYG000000297
    10 media  mets=811 rxns=754 biomass=bio1 growth=0.0000..0.0000  load=0.731s  pfba=0.248s
  [79/1000] MGYG000000302
    10 media  mets=1162 rxns=1291 biomass=bio1 growth=0.7035..2.0356  load=1.063s  pfba=41.636s
  [80/1000] MGYG000000303
    10 media  mets=1289 rxns=1525 biomass=bio1 growth=0.0000..1.3913  load=1.210s  pfba=39.825s
  [81/1000] MGYG000000305
    10 media  mets=1104 rxns=1191 biomass=bio1 growth=0.0475..0.4799  load=0.984s  pfba=36.360s
  [82/1000] MGYG000000307
    10 media  mets=1251 rxns=1427 biomass=bio1 growth=0.3115..0.8371  load=1.173s  pfba=50.240s
  [83/1000] MGYG000000310
    10 media  mets=1225 rxns=1296 biomass=bio1 growth=0.4364..0.7228  load=1.078s  pfba=41.438s
  [84/1000] MGYG000000317
    10 media  mets=1537 rxns=1859 biomass=bio1 growth=1.1950..2.2640  load=1.521s  pfba=81.542s
  [85/1000] MGYG000000319
    10 media  mets=1140 rxns=1260 biomass=bio1 growth=0.6657..1.4436  load=1.091s  pfba=38.355s
  [86/1000] MGYG000000323
    10 media  mets=1675 rxns=2031 biomass=bio1 growth=0.9749..2.0629  load=1.714s  pfba=96.585s
  [87/1000] MGYG000000326
    10 media  mets=1401 rxns=1678 biomass=bio1 growth=0.5095..1.9134  load=1.433s  pfba=66.866s
  [88/1000] MGYG000000331
    10 media  mets=1165 rxns=1302 biomass=bio1 growth=0.7618..2.1159  load=1.169s  pfba=42.573s
  [89/1000] MGYG000000333
    10 media  mets=1098 rxns=1168 biomass=bio1 growth=0.3719..1.0925  load=1.039s  pfba=33.922s
  [90/1000] MGYG000000337
    10 media  mets=1929 rxns=2341 biomass=bio1 growth=0.9388..1.8632  load=2.137s  pfba=131.711s
  [91/1000] MGYG000000338
    10 media  mets=1341 rxns=1571 biomass=bio1 growth=0.9643..1.9426  load=1.335s  pfba=58.029s
  [92/1000] MGYG000000344
    10 media  mets=1042 rxns=1149 biomass=bio1 growth=0.0000..0.6577  load=0.917s  pfba=24.063s
  [93/1000] MGYG000000345
    10 media  mets=1305 rxns=1457 biomass=bio1 growth=0.0000..1.7635  load=1.182s  pfba=37.362s
  [94/1000] MGYG000000347
    10 media  mets=824 rxns=872 biomass=bio1 growth=0.0000..0.0000  load=0.667s  pfba=0.317s
  [95/1000] MGYG000000356
    10 media  mets=1356 rxns=1569 biomass=bio1 growth=0.0000..0.0000  load=1.290s  pfba=0.783s
  [96/1000] MGYG000000358
    10 media  mets=1026 rxns=1033 biomass=bio1 growth=0.0000..1.2983  load=0.960s  pfba=24.452s
  [97/1000] MGYG000000364
    10 media  mets=1319 rxns=1487 biomass=bio1 growth=0.0000..1.2499  load=1.225s  pfba=37.375s
  [98/1000] MGYG000000366
    10 media  mets=1179 rxns=1314 biomass=bio1 growth=0.8215..2.2093  load=1.059s  pfba=42.889s
  [99/1000] MGYG000000370
    10 media  mets=1252 rxns=1417 biomass=bio1 growth=0.0000..0.8760  load=1.132s  pfba=43.941s
  [100/1000] MGYG000000373
    10 media  mets=1232 rxns=1314 biomass=bio1 growth=0.0000..0.1691  load=1.221s  pfba=29.974s
  [101/1000] MGYG000000382
    10 media  mets=753 rxns=715 biomass=bio1 growth=0.0000..0.0000  load=0.565s  pfba=0.224s
  [102/1000] MGYG000000385
    10 media  mets=1163 rxns=1224 biomass=bio1 growth=0.0000..1.3491  load=0.993s  pfba=33.016s
  [103/1000] MGYG000000386
    10 media  mets=1092 rxns=1144 biomass=bio1 growth=0.0000..0.5825  load=0.983s  pfba=13.812s
  [104/1000] MGYG000000394
    10 media  mets=1084 rxns=1073 biomass=bio1 growth=0.5554..1.1892  load=0.970s  pfba=29.069s
  [105/1000] MGYG000000408
    10 media  mets=1274 rxns=1343 biomass=bio1 growth=0.0000..0.3332  load=1.099s  pfba=31.647s
  [106/1000] MGYG000000413
    10 media  mets=1333 rxns=1430 biomass=bio1 growth=0.0000..0.0000  load=1.301s  pfba=0.552s
  [107/1000] MGYG000000417
    10 media  mets=1377 rxns=1597 biomass=bio1 growth=0.2896..1.7372  load=1.279s  pfba=62.568s
  [108/1000] MGYG000000418
    10 media  mets=1242 rxns=1345 biomass=bio1 growth=0.6676..1.1981  load=1.088s  pfba=45.809s
  [109/1000] MGYG000000420
    10 media  mets=1259 rxns=1392 biomass=bio1 growth=0.0000..1.0364  load=1.291s  pfba=34.015s
  [110/1000] MGYG000000422
    10 media  mets=1127 rxns=1222 biomass=bio1 growth=0.0000..0.5330  load=1.059s  pfba=33.630s
  [111/1000] MGYG000000424
    10 media  mets=1189 rxns=1387 biomass=bio1 growth=0.3257..0.9600  load=1.191s  pfba=46.821s
  [112/1000] MGYG000000428
    10 media  mets=877 rxns=946 biomass=bio1 growth=0.0000..0.0000  load=0.730s  pfba=0.396s
  [113/1000] MGYG000000431
    10 media  mets=790 rxns=836 biomass=bio1 growth=0.2383..0.6545  load=0.733s  pfba=17.968s
  [114/1000] MGYG000000434
    10 media  mets=591 rxns=558 biomass=bio1 growth=0.0000..0.0000  load=0.409s  pfba=0.184s
  [115/1000] MGYG000000442
    10 media  mets=1390 rxns=1512 biomass=bio1 growth=0.4849..0.6673  load=1.331s  pfba=55.961s
  [116/1000] MGYG000000446
    10 media  mets=645 rxns=590 biomass=bio1 growth=0.0000..0.0000  load=0.452s  pfba=0.275s
  [117/1000] MGYG000000457
    10 media  mets=1225 rxns=1321 biomass=bio1 growth=0.6948..1.0208  load=1.116s  pfba=43.331s
  [118/1000] MGYG000000459
    10 media  mets=550 rxns=523 biomass=bio1 growth=0.0000..0.0000  load=0.380s  pfba=0.149s
  [119/1000] MGYG000000463
    10 media  mets=957 rxns=1049 biomass=bio1 growth=0.0000..1.0208  load=0.822s  pfba=19.264s
  [120/1000] MGYG000000473
    10 media  mets=872 rxns=918 biomass=bio1 growth=0.0000..0.0000  load=0.705s  pfba=0.321s
  [121/1000] MGYG000000474
    10 media  mets=1005 rxns=1004 biomass=bio1 growth=0.0000..0.0608  load=0.819s  pfba=22.759s
  [122/1000] MGYG000000480
    10 media  mets=1156 rxns=1262 biomass=bio1 growth=0.0000..0.5387  load=1.102s  pfba=28.419s
  [123/1000] MGYG000000483
    10 media  mets=813 rxns=868 biomass=bio1 growth=0.0000..0.0000  load=0.665s  pfba=0.344s
  [124/1000] MGYG000000484
    10 media  mets=1472 rxns=1666 biomass=bio1 growth=0.0000..1.6589  load=1.565s  pfba=47.100s
  [125/1000] MGYG000000485
    10 media  mets=1050 rxns=1099 biomass=bio1 growth=0.0000..0.0000  load=0.892s  pfba=0.447s
  [126/1000] MGYG000000486
    10 media  mets=1347 rxns=1472 biomass=bio1 growth=0.3310..0.5042  load=1.209s  pfba=53.988s
  [127/1000] MGYG000000490
    10 media  mets=1025 rxns=1096 biomass=bio1 growth=0.0000..1.0208  load=1.119s  pfba=21.596s
  [128/1000] MGYG000000491
    10 media  mets=1157 rxns=1243 biomass=bio1 growth=0.0000..0.6561  load=1.083s  pfba=34.602s
  [129/1000] MGYG000000495
    10 media  mets=1114 rxns=1209 biomass=bio1 growth=0.0000..1.6082  load=0.999s  pfba=25.801s
  [130/1000] MGYG000000496
    10 media  mets=664 rxns=633 biomass=bio1 growth=0.0000..0.0000  load=0.480s  pfba=0.191s
  [131/1000] MGYG000000502
    10 media  mets=1391 rxns=1526 biomass=bio1 growth=0.0000..2.2415  load=1.342s  pfba=34.745s
  [132/1000] MGYG000000511
    10 media  mets=1161 rxns=1220 biomass=bio1 growth=0.0000..0.3915  load=0.984s  pfba=26.206s
  [133/1000] MGYG000000514
    10 media  mets=1404 rxns=1577 biomass=bio1 growth=0.0000..0.2224  load=1.395s  pfba=42.851s
  [134/1000] MGYG000000515
    10 media  mets=1359 rxns=1522 biomass=bio1 growth=0.0000..1.4248  load=1.331s  pfba=34.046s
  [135/1000] MGYG000000518
    10 media  mets=951 rxns=1039 biomass=bio1 growth=0.0000..0.2282  load=0.910s  pfba=19.483s
  [136/1000] MGYG000000521
    10 media  mets=797 rxns=745 biomass=bio1 growth=0.0000..0.4196  load=0.588s  pfba=6.541s
  [137/1000] MGYG000000523
    10 media  mets=1148 rxns=1218 biomass=bio1 growth=0.0000..0.0000  load=0.985s  pfba=0.529s
  [138/1000] MGYG000000526
    10 media  mets=1327 rxns=1508 biomass=bio1 growth=0.2464..1.0486  load=1.233s  pfba=56.481s
  [139/1000] MGYG000000527
    10 media  mets=612 rxns=574 biomass=bio1 growth=0.0000..0.0000  load=0.434s  pfba=0.273s
  [140/1000] MGYG000000529
    10 media  mets=1133 rxns=1177 biomass=bio1 growth=0.0000..0.7864  load=1.024s  pfba=24.645s
  [141/1000] MGYG000000537
    10 media  mets=1197 rxns=1283 biomass=bio1 growth=0.2654..0.8252  load=1.042s  pfba=40.455s
  [142/1000] MGYG000000538
    10 media  mets=1257 rxns=1403 biomass=bio1 growth=0.0000..1.7406  load=1.235s  pfba=34.229s
  [143/1000] MGYG000000543
    10 media  mets=1433 rxns=1610 biomass=bio1 growth=0.4132..1.4769  load=1.428s  pfba=63.038s
  [144/1000] MGYG000000544
    10 media  mets=1040 rxns=1077 biomass=bio1 growth=0.0000..0.0000  load=0.880s  pfba=0.482s
  [145/1000] MGYG000000549
    10 media  mets=1133 rxns=1196 biomass=bio1 growth=0.0000..0.2827  load=0.986s  pfba=32.508s
  [146/1000] MGYG000000553
    10 media  mets=1317 rxns=1515 biomass=bio1 growth=0.0000..1.4590  load=1.291s  pfba=40.042s
  [147/1000] MGYG000000562
    10 media  mets=1348 rxns=1527 biomass=bio1 growth=0.0000..1.3163  load=1.340s  pfba=40.995s
  [148/1000] MGYG000000568
    10 media  mets=1287 rxns=1478 biomass=bio1 growth=0.3137..0.6479  load=1.252s  pfba=52.659s
  [149/1000] MGYG000000573
    10 media  mets=1207 rxns=1301 biomass=bio1 growth=0.4755..1.1442  load=1.083s  pfba=42.340s
  [150/1000] MGYG000000576
    10 media  mets=1459 rxns=1758 biomass=bio1 growth=0.5259..1.1988  load=1.511s  pfba=72.337s
  [151/1000] MGYG000000585
    10 media  mets=983 rxns=1048 biomass=bio1 growth=0.2254..0.3879  load=0.955s  pfba=27.264s
  [152/1000] MGYG000000588
    10 media  mets=795 rxns=812 biomass=bio1 growth=0.0000..0.0000  load=0.618s  pfba=0.490s
  [153/1000] MGYG000000591
    10 media  mets=1340 rxns=1454 biomass=bio1 growth=0.4244..0.5850  load=1.176s  pfba=52.732s
  [154/1000] MGYG000000602
    10 media  mets=1226 rxns=1283 biomass=bio1 growth=0.0000..0.3243  load=1.041s  pfba=37.091s
  [155/1000] MGYG000000603
    10 media  mets=1083 rxns=1126 biomass=bio1 growth=0.3240..0.3240  load=0.994s  pfba=31.997s
  [156/1000] MGYG000000615
    10 media  mets=980 rxns=1097 biomass=bio1 growth=0.0000..0.0000  load=0.835s  pfba=0.380s
  [157/1000] MGYG000000617
    10 media  mets=997 rxns=993 biomass=bio1 growth=0.2534..0.5093  load=0.795s  pfba=25.768s
  [158/1000] MGYG000000619
    10 media  mets=1135 rxns=1199 biomass=bio1 growth=0.2446..0.3709  load=1.079s  pfba=36.435s
  [159/1000] MGYG000000631
    10 media  mets=1258 rxns=1439 biomass=bio1 growth=0.7878..1.3044  load=1.181s  pfba=49.680s
  [160/1000] MGYG000000634
    10 media  mets=1365 rxns=1397 biomass=bio1 growth=0.0000..0.2798  load=1.159s  pfba=44.152s
  [161/1000] MGYG000000643
    10 media  mets=1136 rxns=1185 biomass=bio1 growth=0.0000..0.3023  load=0.961s  pfba=18.054s
  [162/1000] MGYG000000644
    10 media  mets=1343 rxns=1599 biomass=bio1 growth=0.0000..1.6212  load=1.287s  pfba=43.038s
  [163/1000] MGYG000000647
    10 media  mets=990 rxns=1106 biomass=bio1 growth=0.8230..2.5456  load=0.843s  pfba=30.439s
  [164/1000] MGYG000000655
    10 media  mets=1208 rxns=1305 biomass=bio1 growth=0.0000..2.0237  load=1.132s  pfba=38.095s
  [165/1000] MGYG000000656
    10 media  mets=855 rxns=821 biomass=bio1 growth=0.0000..0.0000  load=0.634s  pfba=0.278s
  [166/1000] MGYG000000660
    10 media  mets=1047 rxns=1167 biomass=bio1 growth=0.5267..1.5754  load=0.928s  pfba=34.586s
  [167/1000] MGYG000000664
    10 media  mets=918 rxns=982 biomass=bio1 growth=0.0000..2.4514  load=0.865s  pfba=14.720s
  [168/1000] MGYG000000668
    10 media  mets=1299 rxns=1395 biomass=bio1 growth=0.0000..0.0000  load=1.173s  pfba=0.748s
  [169/1000] MGYG000000669
    10 media  mets=1191 rxns=1348 biomass=bio1 growth=0.0000..1.8775  load=1.084s  pfba=39.593s
  [170/1000] MGYG000000671
    10 media  mets=1268 rxns=1369 biomass=bio1 growth=0.1739..0.3141  load=1.287s  pfba=44.949s
  [171/1000] MGYG000000672
    10 media  mets=1215 rxns=1353 biomass=bio1 growth=0.3351..0.9230  load=1.052s  pfba=44.086s
  [172/1000] MGYG000000673
    10 media  mets=1110 rxns=1206 biomass=bio1 growth=0.3533..0.7440  load=0.962s  pfba=37.072s
  [173/1000] MGYG000000675
    10 media  mets=1481 rxns=1756 biomass=bio1 growth=0.0000..2.2761  load=1.537s  pfba=51.414s
  [174/1000] MGYG000000678
    10 media  mets=1165 rxns=1296 biomass=bio1 growth=0.2202..0.9533  load=1.068s  pfba=42.482s
  [175/1000] MGYG000000683
    10 media  mets=1172 rxns=1264 biomass=bio1 growth=0.3807..1.1756  load=1.148s  pfba=40.575s
  [176/1000] MGYG000000685
    10 media  mets=1365 rxns=1522 biomass=bio1 growth=0.0000..1.7394  load=1.275s  pfba=39.290s
  [177/1000] MGYG000000686
    10 media  mets=881 rxns=879 biomass=bio1 growth=0.0000..2.0325  load=0.669s  pfba=11.750s
  [178/1000] MGYG000000693
    10 media  mets=1164 rxns=1312 biomass=bio1 growth=0.7790..2.1263  load=1.122s  pfba=42.105s
  [179/1000] MGYG000000698
    10 media  mets=1051 rxns=1078 biomass=bio1 growth=0.0000..0.3670  load=0.870s  pfba=26.603s
  [180/1000] MGYG000000712
    10 media  mets=1341 rxns=1544 biomass=bio1 growth=0.5288..1.0739  load=1.381s  pfba=56.424s
  [181/1000] MGYG000000717
    10 media  mets=1328 rxns=1404 biomass=bio1 growth=0.0000..0.2384  load=1.183s  pfba=43.452s
  [182/1000] MGYG000000719
    10 media  mets=946 rxns=1014 biomass=bio1 growth=0.0000..1.2768  load=0.859s  pfba=15.982s
  [183/1000] MGYG000000722
    10 media  mets=1069 rxns=1164 biomass=bio1 growth=0.0000..0.7390  load=0.925s  pfba=23.848s
  [184/1000] MGYG000000729
    10 media  mets=1102 rxns=1149 biomass=bio1 growth=0.0000..0.2290  load=0.929s  pfba=30.178s
  [185/1000] MGYG000000734
    10 media  mets=869 rxns=919 biomass=bio1 growth=0.0000..0.0000  load=0.680s  pfba=0.320s
  [186/1000] MGYG000000740
    10 media  mets=1182 rxns=1320 biomass=bio1 growth=0.0000..0.6679  load=1.044s  pfba=30.239s
  [187/1000] MGYG000000746
    10 media  mets=1045 rxns=1107 biomass=bio1 growth=0.0000..0.0000  load=0.858s  pfba=0.434s
  [188/1000] MGYG000000753
    10 media  mets=1054 rxns=1141 biomass=bio1 growth=0.0000..0.2935  load=1.017s  pfba=19.440s
  [189/1000] MGYG000000764
    10 media  mets=1108 rxns=1189 biomass=bio1 growth=0.1335..0.5283  load=0.950s  pfba=36.039s
  [190/1000] MGYG000000772
    10 media  mets=1143 rxns=1288 biomass=bio1 growth=0.4885..1.5387  load=1.026s  pfba=41.035s
  [191/1000] MGYG000000773
    10 media  mets=1055 rxns=1164 biomass=bio1 growth=0.0000..0.0000  load=0.923s  pfba=0.562s
  [192/1000] MGYG000000782
    10 media  mets=1287 rxns=1390 biomass=bio1 growth=0.3832..0.7145  load=1.155s  pfba=48.702s
  [193/1000] MGYG000000783
    10 media  mets=1331 rxns=1484 biomass=bio1 growth=0.4876..0.7241  load=1.333s  pfba=54.644s
  [194/1000] MGYG000000789
    10 media  mets=1160 rxns=1298 biomass=bio1 growth=0.6026..1.6214  load=1.030s  pfba=41.666s
  [195/1000] MGYG000000801
    10 media  mets=1156 rxns=1288 biomass=bio1 growth=0.7421..2.0917  load=1.023s  pfba=41.640s
  [196/1000] MGYG000000802
    10 media  mets=1158 rxns=1270 biomass=bio1 growth=0.7980..2.0025  load=1.104s  pfba=39.308s
  [197/1000] MGYG000000807
    10 media  mets=1174 rxns=1251 biomass=bio1 growth=0.4257..0.6981  load=1.146s  pfba=40.957s
  [198/1000] MGYG000000810
    10 media  mets=1319 rxns=1397 biomass=bio1 growth=0.0000..0.0000  load=1.174s  pfba=0.523s
  [199/1000] MGYG000000813
    10 media  mets=1196 rxns=1282 biomass=bio1 growth=0.0000..1.4246  load=1.016s  pfba=37.078s
  [200/1000] MGYG000000840
    10 media  mets=1315 rxns=1401 biomass=bio1 growth=0.3011..0.4161  load=1.246s  pfba=46.375s
  [201/1000] MGYG000000855
    10 media  mets=1178 rxns=1318 biomass=bio1 growth=0.3697..1.1980  load=1.141s  pfba=42.405s
  [202/1000] MGYG000000858
    10 media  mets=1040 rxns=1147 biomass=bio1 growth=0.2199..0.2569  load=0.907s  pfba=32.918s
  [203/1000] MGYG000000860
    10 media  mets=1431 rxns=1702 biomass=bio1 growth=1.1588..2.2054  load=1.468s  pfba=69.988s
  [204/1000] MGYG000000870
    10 media  mets=1285 rxns=1439 biomass=bio1 growth=0.0000..1.2332  load=1.160s  pfba=36.636s
  [205/1000] MGYG000000872
    10 media  mets=1216 rxns=1377 biomass=bio1 growth=0.0000..1.1083  load=1.214s  pfba=28.030s
  [206/1000] MGYG000000877
    10 media  mets=1115 rxns=1208 biomass=bio1 growth=0.0000..1.1300  load=0.969s  pfba=25.683s
  [207/1000] MGYG000000884
    10 media  mets=986 rxns=1089 biomass=bio1 growth=0.0000..0.0000  load=0.866s  pfba=0.548s
  [208/1000] MGYG000000885
    10 media  mets=1200 rxns=1336 biomass=bio1 growth=0.7578..2.1383  load=1.196s  pfba=44.381s
  [209/1000] MGYG000000903
    10 media  mets=986 rxns=941 biomass=bio1 growth=0.0000..0.0000  load=0.770s  pfba=0.438s
  [210/1000] MGYG000000915
    10 media  mets=1630 rxns=1948 biomass=bio1 growth=1.1740..2.9975  load=1.613s  pfba=89.023s
  [211/1000] MGYG000000918
    10 media  mets=1339 rxns=1396 biomass=bio1 growth=0.0000..0.4383  load=1.262s  pfba=28.115s
  [212/1000] MGYG000000921
    10 media  mets=1196 rxns=1282 biomass=bio1 growth=0.0000..0.5463  load=1.182s  pfba=29.019s
  [213/1000] MGYG000000927
    10 media  mets=1298 rxns=1388 biomass=bio1 growth=0.3228..0.6744  load=1.230s  pfba=48.209s
  [214/1000] MGYG000000930
    10 media  mets=1168 rxns=1294 biomass=bio1 growth=0.8347..1.2098  load=1.128s  pfba=40.574s
  [215/1000] MGYG000000950
    10 media  mets=886 rxns=833 biomass=bio1 growth=0.0000..0.0000  load=0.680s  pfba=0.272s
  [216/1000] MGYG000000952
    10 media  mets=981 rxns=977 biomass=bio1 growth=0.0000..0.0000  load=0.884s  pfba=0.420s
  [217/1000] MGYG000000953
    10 media  mets=1231 rxns=1374 biomass=bio1 growth=0.0000..0.0000  load=1.104s  pfba=0.540s
  [218/1000] MGYG000000964
    10 media  mets=1425 rxns=1635 biomass=bio1 growth=0.3227..1.1513  load=1.495s  pfba=63.355s
  [219/1000] MGYG000000968
    10 media  mets=1324 rxns=1487 biomass=bio1 growth=0.5055..0.8321  load=1.338s  pfba=53.006s
  [220/1000] MGYG000000977
    10 media  mets=1573 rxns=1780 biomass=bio1 growth=0.3503..1.5087  load=1.514s  pfba=76.690s
  [221/1000] MGYG000000981
    10 media  mets=1101 rxns=1206 biomass=bio1 growth=0.0000..0.0000  load=0.949s  pfba=0.468s
  [222/1000] MGYG000000986
    10 media  mets=1142 rxns=1270 biomass=bio1 growth=0.7527..2.0681  load=1.018s  pfba=40.710s
  [223/1000] MGYG000000989
    10 media  mets=1455 rxns=1708 biomass=bio1 growth=1.2779..3.0584  load=1.421s  pfba=70.570s
  [224/1000] MGYG000000992
    10 media  mets=1097 rxns=1160 biomass=bio1 growth=0.6912..2.0747  load=0.920s  pfba=33.754s
  [225/1000] MGYG000001001
    10 media  mets=1344 rxns=1586 biomass=bio1 growth=0.4570..1.1745  load=1.399s  pfba=62.332s
  [226/1000] MGYG000001002
    10 media  mets=1199 rxns=1349 biomass=bio1 growth=0.6833..2.0603  load=1.166s  pfba=43.798s
  [227/1000] MGYG000001004
    10 media  mets=1333 rxns=1503 biomass=bio1 growth=0.0000..2.2266  load=1.230s  pfba=33.439s
  [228/1000] MGYG000001017
    10 media  mets=1293 rxns=1527 biomass=bio1 growth=0.2172..0.2206  load=1.224s  pfba=56.027s
  [229/1000] MGYG000001019
    10 media  mets=1150 rxns=1277 biomass=bio1 growth=0.8273..2.1337  load=1.020s  pfba=40.027s
  [230/1000] MGYG000001029
    10 media  mets=1114 rxns=1243 biomass=bio1 growth=0.0000..1.2552  load=1.077s  pfba=34.560s
  [231/1000] MGYG000001034
    10 media  mets=1262 rxns=1442 biomass=bio1 growth=0.1020..0.6016  load=1.133s  pfba=51.769s
  [232/1000] MGYG000001046
    10 media  mets=966 rxns=1045 biomass=bio1 growth=0.0000..0.0000  load=0.926s  pfba=0.402s
  [233/1000] MGYG000001057
    10 media  mets=1091 rxns=1140 biomass=bio1 growth=0.3755..1.0199  load=0.909s  pfba=34.038s
  [234/1000] MGYG000001059
    10 media  mets=1195 rxns=1306 biomass=bio1 growth=0.0000..0.5450  load=1.043s  pfba=39.004s
  [235/1000] MGYG000001060
    10 media  mets=1283 rxns=1384 biomass=bio1 growth=0.1540..0.2907  load=1.181s  pfba=47.419s
  [236/1000] MGYG000001065
    10 media  mets=1458 rxns=1700 biomass=bio1 growth=0.0000..0.0000  load=1.389s  pfba=1.040s
  [237/1000] MGYG000001072
    10 media  mets=1333 rxns=1544 biomass=bio1 growth=0.0000..1.7188  load=1.224s  pfba=34.698s
  [238/1000] MGYG000001077
    10 media  mets=1372 rxns=1598 biomass=bio1 growth=0.2890..1.1880  load=1.410s  pfba=60.038s
  [239/1000] MGYG000001090
    10 media  mets=1149 rxns=1187 biomass=bio1 growth=0.0000..0.3190  load=0.965s  pfba=22.006s
  [240/1000] MGYG000001092
    10 media  mets=1194 rxns=1343 biomass=bio1 growth=0.7831..2.1216  load=1.187s  pfba=44.297s
  [241/1000] MGYG000001095
    10 media  mets=1533 rxns=1746 biomass=bio1 growth=0.0000..0.0000  load=1.444s  pfba=1.039s
  [242/1000] MGYG000001097
    10 media  mets=1228 rxns=1401 biomass=bio1 growth=0.2462..0.6990  load=1.128s  pfba=48.673s
  [243/1000] MGYG000001098
    10 media  mets=1109 rxns=1241 biomass=bio1 growth=0.2850..1.2494  load=0.971s  pfba=39.456s
  [244/1000] MGYG000001109
    10 media  mets=1158 rxns=1208 biomass=bio1 growth=0.0000..0.0000  load=0.975s  pfba=0.560s
  [245/1000] MGYG000001113
    10 media  mets=1308 rxns=1387 biomass=bio1 growth=0.1657..0.2037  load=1.149s  pfba=46.142s
  [246/1000] MGYG000001115
    10 media  mets=1251 rxns=1400 biomass=bio1 growth=0.0000..1.8261  load=1.156s  pfba=33.899s
  [247/1000] MGYG000001132
    10 media  mets=1252 rxns=1401 biomass=bio1 growth=0.3892..0.5172  load=1.252s  pfba=48.637s
  [248/1000] MGYG000001148
    10 media  mets=1472 rxns=1672 biomass=bio1 growth=1.0739..2.2761  load=1.393s  pfba=67.326s
  [249/1000] MGYG000001154
    10 media  mets=1252 rxns=1300 biomass=bio1 growth=0.1901..0.3585  load=1.058s  pfba=41.765s
  [250/1000] MGYG000001156
    10 media  mets=1038 rxns=1183 biomass=bio1 growth=0.0000..2.4859  load=1.027s  pfba=23.797s
  [251/1000] MGYG000001157
    10 media  mets=1275 rxns=1452 biomass=bio1 growth=0.0000..2.0946  load=1.162s  pfba=36.937s
  [252/1000] MGYG000001160
    10 media  mets=1355 rxns=1486 biomass=bio1 growth=0.0000..1.4146  load=1.317s  pfba=37.823s
  [253/1000] MGYG000001166
    10 media  mets=1104 rxns=1152 biomass=bio1 growth=0.0000..0.0000  load=0.890s  pfba=0.468s
  [254/1000] MGYG000001167
    10 media  mets=1235 rxns=1258 biomass=bio1 growth=0.0000..0.1295  load=1.041s  pfba=36.075s
  [255/1000] MGYG000001174
    10 media  mets=1264 rxns=1394 biomass=bio1 growth=0.0000..0.8330  load=1.250s  pfba=43.081s
  [256/1000] MGYG000001176
    10 media  mets=1062 rxns=1179 biomass=bio1 growth=0.5280..1.4508  load=0.924s  pfba=34.250s
  [257/1000] MGYG000001177
    10 media  mets=1079 rxns=1137 biomass=bio1 growth=0.0000..0.1420  load=0.993s  pfba=13.722s
  [258/1000] MGYG000001182
    10 media  mets=939 rxns=883 biomass=bio1 growth=0.0000..0.0000  load=0.716s  pfba=0.362s
  [259/1000] MGYG000001183
    10 media  mets=1325 rxns=1462 biomass=bio1 growth=0.0000..1.3717  load=1.205s  pfba=36.461s
  [260/1000] MGYG000001186
    10 media  mets=1400 rxns=1626 biomass=bio1 growth=0.4174..1.6882  load=1.319s  pfba=64.198s
  [261/1000] MGYG000001191
    10 media  mets=1339 rxns=1444 biomass=bio1 growth=0.0000..0.0000  load=1.324s  pfba=0.922s
  [262/1000] MGYG000001192
    10 media  mets=1148 rxns=1235 biomass=bio1 growth=0.0000..0.0000  load=1.094s  pfba=0.613s
  [263/1000] MGYG000001199
    10 media  mets=1492 rxns=1701 biomass=bio1 growth=0.0000..0.0000  load=1.456s  pfba=1.082s
  [264/1000] MGYG000001203
    10 media  mets=1170 rxns=1256 biomass=bio1 growth=0.6884..1.7258  load=1.169s  pfba=39.957s
  [265/1000] MGYG000001208
    10 media  mets=1540 rxns=1869 biomass=bio1 growth=0.7469..1.8371  load=1.660s  pfba=85.615s
  [266/1000] MGYG000001216
    10 media  mets=899 rxns=869 biomass=bio1 growth=0.0000..0.0000  load=0.807s  pfba=0.301s
  [267/1000] MGYG000001218
    10 media  mets=1026 rxns=1134 biomass=bio1 growth=0.0000..0.0000  load=1.018s  pfba=0.512s
  [268/1000] MGYG000001223
    10 media  mets=1182 rxns=1316 biomass=bio1 growth=0.7630..2.0764  load=1.061s  pfba=42.571s
  [269/1000] MGYG000001224
    10 media  mets=1383 rxns=1576 biomass=bio1 growth=0.0000..0.0000  load=1.375s  pfba=0.866s
  [270/1000] MGYG000001226
    10 media  mets=1209 rxns=1325 biomass=bio1 growth=0.0000..1.1373  load=1.230s  pfba=38.624s
  [271/1000] MGYG000001234
    10 media  mets=1112 rxns=1203 biomass=bio1 growth=0.0779..0.5066  load=1.061s  pfba=35.934s
  [272/1000] MGYG000001241
    10 media  mets=1064 rxns=1171 biomass=bio1 growth=0.0000..0.1221  load=0.909s  pfba=30.707s
  [273/1000] MGYG000001244
    10 media  mets=1136 rxns=1204 biomass=bio1 growth=0.0000..1.0577  load=0.992s  pfba=32.243s
  [274/1000] MGYG000001248
    10 media  mets=1273 rxns=1356 biomass=bio1 growth=0.1087..0.1093  load=1.208s  pfba=45.867s
  [275/1000] MGYG000001251
    10 media  mets=1377 rxns=1620 biomass=bio1 growth=0.5258..1.5292  load=1.393s  pfba=61.039s
  [276/1000] MGYG000001256
    10 media  mets=862 rxns=820 biomass=bio1 growth=0.0000..0.0000  load=0.671s  pfba=0.296s
  [277/1000] MGYG000001262
    10 media  mets=1836 rxns=2122 biomass=bio1 growth=0.4929..1.1798  load=1.945s  pfba=107.371s
  [278/1000] MGYG000001265
    10 media  mets=1678 rxns=1888 biomass=bio1 growth=0.2162..1.0278  load=1.747s  pfba=86.343s
  [279/1000] MGYG000001275
    10 media  mets=1336 rxns=1491 biomass=bio1 growth=0.0000..0.8085  load=1.305s  pfba=32.076s
  [280/1000] MGYG000001279
    10 media  mets=2033 rxns=2402 biomass=bio1 growth=0.6672..1.6717  load=2.127s  pfba=136.302s
  [281/1000] MGYG000001286
    10 media  mets=1303 rxns=1451 biomass=bio1 growth=0.8670..2.2031  load=1.252s  pfba=50.951s
  [282/1000] MGYG000001292
    10 media  mets=1260 rxns=1548 biomass=bio1 growth=0.0000..1.9409  load=1.223s  pfba=40.709s
  [283/1000] MGYG000001293
    10 media  mets=1525 rxns=1829 biomass=bio1 growth=0.8042..2.1169  load=1.566s  pfba=79.960s
  [284/1000] MGYG000001299
    10 media  mets=1084 rxns=1189 biomass=bio1 growth=0.6907..1.8011  load=0.937s  pfba=35.104s
  [285/1000] MGYG000001301
    10 media  mets=1009 rxns=1074 biomass=bio1 growth=0.2398..0.3544  load=0.962s  pfba=28.685s
  [286/1000] MGYG000001303
    10 media  mets=1459 rxns=1670 biomass=bio1 growth=0.6383..2.0040  load=1.354s  pfba=68.126s
  [287/1000] MGYG000001305
    10 media  mets=1160 rxns=1230 biomass=bio1 growth=0.0000..0.6546  load=1.137s  pfba=35.200s
  [288/1000] MGYG000001312
    10 media  mets=1231 rxns=1301 biomass=bio1 growth=0.0000..0.0000  load=1.263s  pfba=0.479s
  [289/1000] MGYG000001314
    10 media  mets=1263 rxns=1381 biomass=bio1 growth=0.0000..0.9338  load=1.161s  pfba=33.730s
  [290/1000] MGYG000001317
    TIMEOUT (>120s) — skipped
  [291/1000] MGYG000001319
    10 media  mets=1273 rxns=1419 biomass=bio1 growth=0.0000..1.0924  load=1.280s  pfba=35.097s
  [292/1000] MGYG000001320
    10 media  mets=1268 rxns=1367 biomass=bio1 growth=0.0000..0.7812  load=1.273s  pfba=28.489s
  [293/1000] MGYG000001321
    10 media  mets=1305 rxns=1429 biomass=bio1 growth=0.4214..0.6989  load=1.275s  pfba=51.280s
  [294/1000] MGYG000001323
    10 media  mets=2212 rxns=2725 biomass=bio1 growth=1.4105..3.0341  load=2.482s  pfba=177.148s
  [295/1000] MGYG000001326
    10 media  mets=1404 rxns=1544 biomass=bio1 growth=1.0108..1.3419  load=1.349s  pfba=59.301s
  [296/1000] MGYG000001327
    10 media  mets=1481 rxns=1723 biomass=bio1 growth=1.4369..2.6876  load=1.673s  pfba=69.639s
  [297/1000] MGYG000001328
    10 media  mets=1648 rxns=1956 biomass=bio1 growth=1.2554..3.3335  load=1.687s  pfba=88.777s
  [298/1000] MGYG000001330
    10 media  mets=1271 rxns=1341 biomass=bio1 growth=0.1597..0.1659  load=1.122s  pfba=45.220s
  [299/1000] MGYG000001331
    10 media  mets=1540 rxns=1677 biomass=bio1 growth=0.3889..0.7179  load=1.505s  pfba=69.333s
  [300/1000] MGYG000001339
    10 media  mets=1357 rxns=1490 biomass=bio1 growth=0.5918..1.3655  load=1.298s  pfba=53.240s
  [301/1000] MGYG000001343
    10 media  mets=1886 rxns=2051 biomass=bio1 growth=0.3288..0.4330  load=1.837s  pfba=100.201s
  [302/1000] MGYG000001344
    10 media  mets=1903 rxns=2110 biomass=bio1 growth=0.2724..0.4065  load=1.866s  pfba=108.949s
  [303/1000] MGYG000001348
    10 media  mets=1209 rxns=1302 biomass=bio1 growth=0.1788..0.2991  load=1.073s  pfba=42.488s
  [304/1000] MGYG000001350
    10 media  mets=1469 rxns=1637 biomass=bio1 growth=0.9818..1.3116  load=1.352s  pfba=64.988s
  [305/1000] MGYG000001352
    10 media  mets=1386 rxns=1546 biomass=bio1 growth=0.0000..1.9003  load=1.382s  pfba=40.219s
  [306/1000] MGYG000001353
    10 media  mets=1201 rxns=1362 biomass=bio1 growth=0.8106..2.1481  load=1.100s  pfba=44.845s
  [307/1000] MGYG000001357
    10 media  mets=1239 rxns=1385 biomass=bio1 growth=0.2672..0.4735  load=1.222s  pfba=47.196s
  [308/1000] MGYG000001361
    10 media  mets=1356 rxns=1480 biomass=bio1 growth=0.2919..0.3589  load=1.236s  pfba=51.990s
  [309/1000] MGYG000001364
    10 media  mets=1508 rxns=1788 biomass=bio1 growth=0.0000..2.1677  load=1.451s  pfba=52.213s
  [310/1000] MGYG000001366
    10 media  mets=1421 rxns=1624 biomass=bio1 growth=0.3539..1.1254  load=1.452s  pfba=63.750s
  [311/1000] MGYG000001372
    10 media  mets=1348 rxns=1562 biomass=bio1 growth=0.0000..0.0000  load=1.249s  pfba=0.794s
  [312/1000] MGYG000001380
    10 media  mets=1436 rxns=1699 biomass=bio1 growth=0.7554..1.9533  load=1.531s  pfba=68.037s
  [313/1000] MGYG000001381
    10 media  mets=1622 rxns=1829 biomass=bio1 growth=0.4102..1.1119  load=1.490s  pfba=80.556s
  [314/1000] MGYG000001383
    10 media  mets=966 rxns=1057 biomass=bio1 growth=0.3402..0.5803  load=0.961s  pfba=28.030s
  [315/1000] MGYG000001384
    10 media  mets=2198 rxns=2537 biomass=bio1 growth=0.6676..1.6442  load=2.361s  pfba=152.730s
  [316/1000] MGYG000001387
    10 media  mets=1112 rxns=1165 biomass=bio1 growth=0.0000..0.3034  load=0.906s  pfba=17.827s
  [317/1000] MGYG000001389
    10 media  mets=1501 rxns=1623 biomass=bio1 growth=0.5253..0.8632  load=1.620s  pfba=63.003s
  [318/1000] MGYG000001390
    10 media  mets=1889 rxns=2351 biomass=bio1 growth=1.1472..2.4580  load=2.132s  pfba=133.009s
  [319/1000] MGYG000001391
    10 media  mets=1367 rxns=1587 biomass=bio1 growth=0.0000..0.0000  load=1.404s  pfba=0.888s
  [320/1000] MGYG000001392
    10 media  mets=1253 rxns=1362 biomass=bio1 growth=0.2885..0.4372  load=1.100s  pfba=46.007s
  [321/1000] MGYG000001403
    10 media  mets=1860 rxns=2273 biomass=bio1 growth=0.7216..1.8925  load=1.906s  pfba=124.407s
  [322/1000] MGYG000001404
    10 media  mets=1655 rxns=1960 biomass=bio1 growth=0.8209..1.8626  load=1.614s  pfba=92.964s
  [323/1000] MGYG000001409
    10 media  mets=1222 rxns=1293 biomass=bio1 growth=0.0000..0.3275  load=1.033s  pfba=25.017s
  [324/1000] MGYG000001417
    10 media  mets=2032 rxns=2249 biomass=bio1 growth=0.4377..1.3064  load=2.061s  pfba=122.698s
  [325/1000] MGYG000001419
    10 media  mets=1503 rxns=1789 biomass=bio1 growth=0.0000..0.0000  load=1.438s  pfba=0.896s
  [326/1000] MGYG000001420
    10 media  mets=1354 rxns=1554 biomass=bio1 growth=0.0000..0.0000  load=1.408s  pfba=0.753s
  [327/1000] MGYG000001423
    10 media  mets=1504 rxns=1737 biomass=bio1 growth=0.8326..2.1925  load=1.528s  pfba=71.567s
  [328/1000] MGYG000001424
    10 media  mets=1120 rxns=1259 biomass=bio1 growth=0.0000..2.9786  load=0.994s  pfba=26.943s
  [329/1000] MGYG000001426
    10 media  mets=2225 rxns=2771 biomass=bio1 growth=1.2915..3.0998  load=2.504s  pfba=178.319s
  [330/1000] MGYG000001427
    10 media  mets=1191 rxns=1375 biomass=bio1 growth=0.0000..0.0000  load=1.221s  pfba=0.539s
  [331/1000] MGYG000001428
    10 media  mets=1954 rxns=2384 biomass=bio1 growth=1.2272..2.4439  load=2.079s  pfba=131.991s
  [332/1000] MGYG000001429
    10 media  mets=1337 rxns=1485 biomass=bio1 growth=0.0000..0.0000  load=1.204s  pfba=0.713s
  [333/1000] MGYG000001433
    10 media  mets=1532 rxns=1855 biomass=bio1 growth=0.0000..2.7520  load=1.503s  pfba=56.717s
  [334/1000] MGYG000001434
    10 media  mets=1427 rxns=1657 biomass=bio1 growth=0.0000..2.1199  load=1.385s  pfba=59.661s
  [335/1000] MGYG000001440
    10 media  mets=1450 rxns=1619 biomass=bio1 growth=0.5223..0.8460  load=1.341s  pfba=64.083s
  [336/1000] MGYG000001443
    10 media  mets=2197 rxns=2591 biomass=bio1 growth=0.9717..2.2266  load=2.427s  pfba=157.206s
  [337/1000] MGYG000001444
    10 media  mets=1312 rxns=1423 biomass=bio1 growth=0.3259..0.4676  load=1.173s  pfba=51.476s
  [338/1000] MGYG000001448
    10 media  mets=1460 rxns=1681 biomass=bio1 growth=0.0000..1.7659  load=1.327s  pfba=47.616s
  [339/1000] MGYG000001450
    10 media  mets=1469 rxns=1725 biomass=bio1 growth=0.1843..0.7570  load=1.554s  pfba=70.945s
  [340/1000] MGYG000001453
    10 media  mets=1993 rxns=2301 biomass=bio1 growth=0.0000..1.1478  load=2.191s  pfba=89.928s
  [341/1000] MGYG000001454
    10 media  mets=1166 rxns=1314 biomass=bio1 growth=0.0000..1.6023  load=1.080s  pfba=39.461s
  [342/1000] MGYG000001457
    10 media  mets=2226 rxns=2654 biomass=bio1 growth=0.6663..1.8434  load=2.407s  pfba=167.828s
  [343/1000] MGYG000001460
    10 media  mets=1503 rxns=1771 biomass=bio1 growth=1.5452..3.2570  load=1.429s  pfba=74.732s
  [344/1000] MGYG000001462
    10 media  mets=1307 rxns=1379 biomass=bio1 growth=0.1549..0.3012  load=1.244s  pfba=48.681s
  [345/1000] MGYG000001463
    10 media  mets=1195 rxns=1261 biomass=bio1 growth=0.1183..0.1750  load=1.090s  pfba=40.611s
  [346/1000] MGYG000001466
    10 media  mets=2086 rxns=2551 biomass=bio1 growth=1.1939..2.3403  load=2.284s  pfba=152.193s
  [347/1000] MGYG000001470
    10 media  mets=2016 rxns=2499 biomass=bio1 growth=0.9314..2.2450  load=2.369s  pfba=146.975s
  [348/1000] MGYG000001472
    10 media  mets=1981 rxns=2432 biomass=bio1 growth=1.1501..2.2585  load=2.141s  pfba=140.691s
  [349/1000] MGYG000001474
    10 media  mets=1630 rxns=1877 biomass=bio1 growth=0.6212..2.3537  load=1.673s  pfba=82.208s
  [350/1000] MGYG000001487
    10 media  mets=1264 rxns=1474 biomass=bio1 growth=0.5057..2.0111  load=1.299s  pfba=54.298s
  [351/1000] MGYG000001491
    10 media  mets=1596 rxns=1776 biomass=bio1 growth=0.2122..0.5092  load=1.517s  pfba=74.852s
  [352/1000] MGYG000001498
    10 media  mets=1867 rxns=2271 biomass=bio1 growth=0.7786..1.9601  load=1.956s  pfba=124.059s
  [353/1000] MGYG000001499
    10 media  mets=1709 rxns=2006 biomass=bio1 growth=0.0000..0.0000  load=1.709s  pfba=1.254s
  [354/1000] MGYG000001500
    10 media  mets=1477 rxns=1594 biomass=bio1 growth=0.0000..0.0000  load=1.325s  pfba=0.924s
  [355/1000] MGYG000001502
    10 media  mets=1536 rxns=1707 biomass=bio1 growth=0.4269..1.4810  load=1.424s  pfba=71.929s
  [356/1000] MGYG000001508
    10 media  mets=2006 rxns=2452 biomass=bio1 growth=1.0066..2.2502  load=2.339s  pfba=141.908s
  [357/1000] MGYG000001510
    10 media  mets=1841 rxns=2204 biomass=bio1 growth=0.8909..1.8826  load=2.084s  pfba=113.058s
  [358/1000] MGYG000001513
    10 media  mets=1654 rxns=1919 biomass=bio1 growth=1.1524..2.3071  load=1.755s  pfba=88.020s
  [359/1000] MGYG000001521
    10 media  mets=813 rxns=853 biomass=bio1 growth=0.8966..1.2402  load=0.726s  pfba=18.452s
  [360/1000] MGYG000001525
    10 media  mets=1824 rxns=2228 biomass=bio1 growth=1.1670..2.9613  load=1.977s  pfba=117.641s
  [361/1000] MGYG000001530
    10 media  mets=1139 rxns=1315 biomass=bio1 growth=0.0000..0.0000  load=1.111s  pfba=0.584s
  [362/1000] MGYG000001534
    10 media  mets=1903 rxns=2196 biomass=bio1 growth=0.8588..1.6985  load=1.838s  pfba=116.644s
  [363/1000] MGYG000001536
    10 media  mets=2279 rxns=2850 biomass=bio1 growth=1.3474..3.2826  load=2.485s  pfba=193.253s
  [364/1000] MGYG000001537
    10 media  mets=1738 rxns=2136 biomass=bio1 growth=0.7873..1.9909  load=1.916s  pfba=105.710s
  [365/1000] MGYG000001544
    10 media  mets=1451 rxns=1715 biomass=bio1 growth=0.1957..0.8757  load=1.463s  pfba=71.405s
  [366/1000] MGYG000001549
    10 media  mets=1802 rxns=2202 biomass=bio1 growth=1.1681..2.6346  load=2.197s  pfba=115.022s
  [367/1000] MGYG000001552
    10 media  mets=1374 rxns=1536 biomass=bio1 growth=0.0000..2.0331  load=1.241s  pfba=40.018s
  [368/1000] MGYG000001554
    10 media  mets=1588 rxns=1903 biomass=bio1 growth=0.4879..1.7629  load=1.700s  pfba=84.172s
  [369/1000] MGYG000001556
    10 media  mets=1411 rxns=1548 biomass=bio1 growth=0.6253..0.9227  load=1.432s  pfba=59.416s
  [370/1000] MGYG000001557
    10 media  mets=1146 rxns=1288 biomass=bio1 growth=0.8236..1.3086  load=1.021s  pfba=41.339s
  [371/1000] MGYG000001558
    10 media  mets=1407 rxns=1656 biomass=bio1 growth=0.7301..1.7422  load=1.330s  pfba=64.955s
  [372/1000] MGYG000001565
    10 media  mets=985 rxns=1106 biomass=bio1 growth=0.0000..0.0000  load=0.859s  pfba=0.422s
  [373/1000] MGYG000001575
    10 media  mets=1028 rxns=1170 biomass=bio1 growth=0.0000..0.0000  load=1.033s  pfba=0.473s
  [374/1000] MGYG000001577
    10 media  mets=1354 rxns=1433 biomass=bio1 growth=0.0000..0.5328  load=1.316s  pfba=30.184s
  [375/1000] MGYG000001581
    10 media  mets=1059 rxns=1199 biomass=bio1 growth=0.4523..1.2914  load=0.927s  pfba=36.092s
  [376/1000] MGYG000001591
    10 media  mets=1559 rxns=1890 biomass=bio1 growth=0.0000..2.2761  load=1.667s  pfba=34.011s
  [377/1000] MGYG000001596
    10 media  mets=1438 rxns=1667 biomass=bio1 growth=0.7284..1.9567  load=1.499s  pfba=67.335s
  [378/1000] MGYG000001598
    10 media  mets=1351 rxns=1522 biomass=bio1 growth=0.0000..0.0000  load=1.211s  pfba=1.298s
  [379/1000] MGYG000001604
    10 media  mets=1309 rxns=1487 biomass=bio1 growth=0.1746..0.5680  load=1.165s  pfba=53.567s
  [380/1000] MGYG000001614
    10 media  mets=1187 rxns=1237 biomass=bio1 growth=0.1900..0.2479  load=1.012s  pfba=38.875s
  [381/1000] MGYG000001616
    10 media  mets=1244 rxns=1355 biomass=bio1 growth=0.0000..0.8703  load=1.124s  pfba=32.377s
  [382/1000] MGYG000001618
    10 media  mets=1345 rxns=1467 biomass=bio1 growth=0.8122..1.0380  load=1.270s  pfba=51.637s
  [383/1000] MGYG000001624
    10 media  mets=2090 rxns=2554 biomass=bio1 growth=1.3407..2.3890  load=2.266s  pfba=152.140s
  [384/1000] MGYG000001642
    10 media  mets=1126 rxns=1267 biomass=bio1 growth=0.4046..1.7962  load=1.128s  pfba=40.073s
  [385/1000] MGYG000001647
    10 media  mets=717 rxns=714 biomass=bio1 growth=0.0000..0.3953  load=0.553s  pfba=5.940s
  [386/1000] MGYG000001649
    10 media  mets=1097 rxns=1211 biomass=bio1 growth=0.0000..1.8378  load=1.098s  pfba=33.641s
  [387/1000] MGYG000001652
    10 media  mets=1246 rxns=1394 biomass=bio1 growth=0.0000..1.5644  load=1.120s  pfba=29.010s
  [388/1000] MGYG000001657
    10 media  mets=1058 rxns=1175 biomass=bio1 growth=0.0000..0.0000  load=0.942s  pfba=0.447s
  [389/1000] MGYG000001677
    10 media  mets=817 rxns=803 biomass=bio1 growth=0.0000..0.3071  load=0.638s  pfba=16.393s
  [390/1000] MGYG000001680
    10 media  mets=1065 rxns=1161 biomass=bio1 growth=0.0000..2.0233  load=0.936s  pfba=30.853s
  [391/1000] MGYG000001689
    10 media  mets=1729 rxns=2027 biomass=bio1 growth=0.0000..2.8836  load=1.731s  pfba=68.749s
  [392/1000] MGYG000001690
    10 media  mets=1646 rxns=1863 biomass=bio1 growth=0.7065..2.1750  load=1.595s  pfba=82.318s
  [393/1000] MGYG000001691
    10 media  mets=1986 rxns=2485 biomass=bio1 growth=1.3568..3.1134  load=2.353s  pfba=144.564s
  [394/1000] MGYG000001694
    10 media  mets=1559 rxns=1864 biomass=bio1 growth=0.7888..1.8815  load=1.629s  pfba=82.053s
  [395/1000] MGYG000001695
    10 media  mets=1569 rxns=1747 biomass=bio1 growth=1.0308..1.8694  load=1.575s  pfba=73.435s
  [396/1000] MGYG000001700
    10 media  mets=2370 rxns=2968 biomass=bio1 growth=1.7217..3.6989  load=2.605s  pfba=208.549s
  [397/1000] MGYG000001701
    10 media  mets=1405 rxns=1636 biomass=bio1 growth=0.4028..1.2619  load=1.362s  pfba=62.544s
  [398/1000] MGYG000001725
    10 media  mets=1343 rxns=1500 biomass=bio1 growth=0.0000..1.4451  load=1.465s  pfba=39.821s
  [399/1000] MGYG000001729
    10 media  mets=1244 rxns=1343 biomass=bio1 growth=0.0000..0.5302  load=1.211s  pfba=39.991s
  [400/1000] MGYG000001740
    10 media  mets=1193 rxns=1217 biomass=bio1 growth=0.0000..0.1981  load=1.101s  pfba=33.331s
  [401/1000] MGYG000001742
    10 media  mets=1358 rxns=1473 biomass=bio1 growth=0.0000..1.1549  load=1.213s  pfba=47.197s
  [402/1000] MGYG000001749
    10 media  mets=1408 rxns=1570 biomass=bio1 growth=0.0000..2.1703  load=1.271s  pfba=37.377s
  [403/1000] MGYG000001753
    10 media  mets=1209 rxns=1351 biomass=bio1 growth=0.6970..2.0706  load=1.076s  pfba=44.936s
  [404/1000] MGYG000001756
    10 media  mets=1315 rxns=1397 biomass=bio1 growth=0.0000..1.6889  load=1.283s  pfba=29.805s
  [405/1000] MGYG000001757
    10 media  mets=1155 rxns=1232 biomass=bio1 growth=0.0000..1.0372  load=1.142s  pfba=23.010s
  [406/1000] MGYG000001764
    10 media  mets=1004 rxns=1065 biomass=bio1 growth=0.0000..0.0000  load=0.833s  pfba=0.413s
  [407/1000] MGYG000001770
    10 media  mets=1290 rxns=1486 biomass=bio1 growth=0.3955..1.1598  load=1.183s  pfba=54.772s
  [408/1000] MGYG000001779
    10 media  mets=1205 rxns=1259 biomass=bio1 growth=0.0000..1.4653  load=1.018s  pfba=28.421s
  [409/1000] MGYG000001780
    10 media  mets=1529 rxns=1857 biomass=bio1 growth=0.0000..2.8192  load=1.626s  pfba=56.071s
  [410/1000] MGYG000001785
    10 media  mets=781 rxns=776 biomass=bio1 growth=0.0000..0.0000  load=0.586s  pfba=0.277s
  [411/1000] MGYG000001786
    10 media  mets=535 rxns=508 biomass=bio1 growth=0.0000..0.0000  load=0.358s  pfba=0.260s
  [412/1000] MGYG000001790
    10 media  mets=1181 rxns=1264 biomass=bio1 growth=0.1972..0.3614  load=1.117s  pfba=40.673s
  [413/1000] MGYG000001793
    10 media  mets=1310 rxns=1456 biomass=bio1 growth=0.0000..1.5177  load=1.216s  pfba=36.489s
  [414/1000] MGYG000001795
    10 media  mets=1223 rxns=1376 biomass=bio1 growth=0.0000..0.8316  load=1.078s  pfba=42.438s
  [415/1000] MGYG000001797
    10 media  mets=1415 rxns=1581 biomass=bio1 growth=0.0000..1.6763  load=1.315s  pfba=41.606s
  [416/1000] MGYG000001798
    10 media  mets=1187 rxns=1287 biomass=bio1 growth=0.0000..2.1716  load=1.149s  pfba=25.630s
  [417/1000] MGYG000001800
    10 media  mets=743 rxns=801 biomass=bio1 growth=0.0000..0.4336  load=0.605s  pfba=11.852s
  [418/1000] MGYG000001817
    10 media  mets=1207 rxns=1314 biomass=bio1 growth=0.1433..0.3656  load=1.170s  pfba=42.324s
  [419/1000] MGYG000001820
    10 media  mets=1377 rxns=1606 biomass=bio1 growth=0.0000..1.1550  load=1.295s  pfba=45.131s
  [420/1000] MGYG000001826
    10 media  mets=1089 rxns=1179 biomass=bio1 growth=0.0000..0.8921  load=0.957s  pfba=14.067s
  [421/1000] MGYG000001828
    10 media  mets=764 rxns=767 biomass=bio1 growth=0.0000..0.2359  load=0.594s  pfba=14.076s
  [422/1000] MGYG000001831
    10 media  mets=1443 rxns=1623 biomass=bio1 growth=0.0000..1.5059  load=1.460s  pfba=44.492s
  [423/1000] MGYG000001835
    10 media  mets=1380 rxns=1688 biomass=bio1 growth=0.0000..1.4494  load=1.433s  pfba=48.093s
  [424/1000] MGYG000001836
    10 media  mets=878 rxns=995 biomass=bio1 growth=0.0000..0.9944  load=0.858s  pfba=22.857s
  [425/1000] MGYG000001845
    10 media  mets=518 rxns=494 biomass=bio1 growth=0.0000..0.0000  load=0.336s  pfba=0.154s
  [426/1000] MGYG000001846
    10 media  mets=894 rxns=959 biomass=bio1 growth=0.0000..0.0000  load=0.733s  pfba=0.351s
  [427/1000] MGYG000001853
    10 media  mets=610 rxns=578 biomass=bio1 growth=0.0000..0.0000  load=0.418s  pfba=0.188s
  [428/1000] MGYG000001861
    10 media  mets=763 rxns=728 biomass=bio1 growth=0.0000..0.0000  load=0.572s  pfba=0.213s
  [429/1000] MGYG000001864
    10 media  mets=885 rxns=968 biomass=bio1 growth=0.4707..0.9944  load=0.864s  pfba=23.728s
  [430/1000] MGYG000001881
    10 media  mets=1277 rxns=1432 biomass=bio1 growth=0.0000..1.2228  load=1.460s  pfba=35.789s
  [431/1000] MGYG000001883
    10 media  mets=746 rxns=740 biomass=bio1 growth=0.0000..0.0000  load=0.577s  pfba=0.351s
  [432/1000] MGYG000001887
    10 media  mets=1220 rxns=1365 biomass=bio1 growth=0.0000..2.0522  load=1.215s  pfba=40.812s
  [433/1000] MGYG000001890
    10 media  mets=1434 rxns=1636 biomass=bio1 growth=0.3275..1.1037  load=1.316s  pfba=64.741s
  [434/1000] MGYG000001896
    10 media  mets=1019 rxns=1125 biomass=bio1 growth=0.0000..0.0000  load=0.874s  pfba=0.557s
  [435/1000] MGYG000001898
    10 media  mets=1366 rxns=1547 biomass=bio1 growth=0.0000..2.2806  load=1.244s  pfba=24.249s
  [436/1000] MGYG000001905
    10 media  mets=903 rxns=928 biomass=bio1 growth=0.0000..0.0000  load=0.840s  pfba=0.332s
  [437/1000] MGYG000001906
    10 media  mets=1211 rxns=1297 biomass=bio1 growth=0.0000..1.4074  load=1.044s  pfba=37.161s
  [438/1000] MGYG000001910
    10 media  mets=1340 rxns=1548 biomass=bio1 growth=0.2435..1.0622  load=1.230s  pfba=57.470s
  [439/1000] MGYG000001911
    10 media  mets=1329 rxns=1405 biomass=bio1 growth=0.2415..0.4296  load=1.297s  pfba=49.561s
  [440/1000] MGYG000001917
    10 media  mets=660 rxns=631 biomass=bio1 growth=0.0000..0.0000  load=0.486s  pfba=0.199s
  [441/1000] MGYG000001918
    10 media  mets=1202 rxns=1351 biomass=bio1 growth=0.8574..1.1189  load=1.077s  pfba=45.451s
  [442/1000] MGYG000001922
    10 media  mets=752 rxns=719 biomass=bio1 growth=0.0000..0.0000  load=0.553s  pfba=0.203s
  [443/1000] MGYG000001929
    10 media  mets=1265 rxns=1407 biomass=bio1 growth=0.1404..0.4435  load=1.101s  pfba=49.107s
  [444/1000] MGYG000001934
    10 media  mets=980 rxns=1064 biomass=bio1 growth=0.0000..1.9519  load=0.828s  pfba=19.131s
  [445/1000] MGYG000001940
    10 media  mets=1188 rxns=1238 biomass=bio1 growth=0.0000..1.3400  load=1.032s  pfba=28.097s
  [446/1000] MGYG000001941
    10 media  mets=551 rxns=519 biomass=bio1 growth=0.0000..0.0000  load=0.386s  pfba=0.136s
  [447/1000] MGYG000001947
    10 media  mets=959 rxns=1026 biomass=bio1 growth=0.0000..0.1442  load=0.883s  pfba=23.491s
  [448/1000] MGYG000001962
    10 media  mets=846 rxns=794 biomass=bio1 growth=0.0000..0.0000  load=0.740s  pfba=0.243s
  [449/1000] MGYG000001973
    10 media  mets=1038 rxns=1108 biomass=bio1 growth=0.4186..1.8479  load=0.852s  pfba=30.809s
  [450/1000] MGYG000001982
    10 media  mets=1207 rxns=1359 biomass=bio1 growth=0.8012..2.2054  load=1.102s  pfba=45.205s
  [451/1000] MGYG000001985
    10 media  mets=1020 rxns=1038 biomass=bio1 growth=0.3758..0.8023  load=0.906s  pfba=27.528s
  [452/1000] MGYG000001987
    10 media  mets=1249 rxns=1369 biomass=bio1 growth=0.0000..1.2902  load=1.189s  pfba=27.874s
  [453/1000] MGYG000001991
    10 media  mets=970 rxns=905 biomass=bio1 growth=0.0000..0.0000  load=0.740s  pfba=0.309s
  [454/1000] MGYG000001993
    10 media  mets=1168 rxns=1313 biomass=bio1 growth=0.7563..2.0970  load=1.140s  pfba=41.793s
  [455/1000] MGYG000001996
    10 media  mets=1155 rxns=1330 biomass=bio1 growth=0.7679..2.1572  load=1.174s  pfba=44.448s
  [456/1000] MGYG000001998
    10 media  mets=1209 rxns=1335 biomass=bio1 growth=0.0000..0.9369  load=1.092s  pfba=31.087s
  [457/1000] MGYG000002016
    10 media  mets=1155 rxns=1234 biomass=bio1 growth=0.3908..0.3908  load=1.012s  pfba=38.099s
  [458/1000] MGYG000002019
    10 media  mets=1260 rxns=1375 biomass=bio1 growth=0.3367..1.6743  load=1.196s  pfba=47.775s
  [459/1000] MGYG000002021
    10 media  mets=1016 rxns=1031 biomass=bio1 growth=0.1288..0.7171  load=0.831s  pfba=27.150s
  [460/1000] MGYG000002022
    10 media  mets=1349 rxns=1491 biomass=bio1 growth=0.0000..1.3203  load=1.281s  pfba=49.121s
  [461/1000] MGYG000002025
    10 media  mets=1265 rxns=1472 biomass=bio1 growth=0.0000..1.1664  load=1.205s  pfba=36.146s
  [462/1000] MGYG000002026
    10 media  mets=975 rxns=1038 biomass=bio1 growth=0.0000..0.0000  load=0.811s  pfba=0.418s
  [463/1000] MGYG000002031
    10 media  mets=990 rxns=1107 biomass=bio1 growth=0.0000..0.9944  load=0.881s  pfba=21.246s
  [464/1000] MGYG000002034
    10 media  mets=1248 rxns=1295 biomass=bio1 growth=0.0000..0.1982  load=1.085s  pfba=37.901s
  [465/1000] MGYG000002038
    10 media  mets=1042 rxns=1130 biomass=bio1 growth=0.0000..1.0208  load=0.891s  pfba=19.667s
  [466/1000] MGYG000002050
    10 media  mets=1200 rxns=1301 biomass=bio1 growth=0.7129..2.1014  load=1.158s  pfba=41.747s
  [467/1000] MGYG000002054
    10 media  mets=1157 rxns=1263 biomass=bio1 growth=0.4047..1.2028  load=1.008s  pfba=39.609s
  [468/1000] MGYG000002069
    10 media  mets=1101 rxns=1209 biomass=bio1 growth=0.1509..0.5807  load=1.048s  pfba=35.817s
  [469/1000] MGYG000002080
    10 media  mets=1400 rxns=1633 biomass=bio1 growth=0.0000..1.4998  load=1.295s  pfba=45.124s
  [470/1000] MGYG000002082
    10 media  mets=1226 rxns=1352 biomass=bio1 growth=0.3920..0.9097  load=1.068s  pfba=45.883s
  [471/1000] MGYG000002101
    10 media  mets=1337 rxns=1453 biomass=bio1 growth=0.2718..0.3766  load=1.324s  pfba=50.798s
  [472/1000] MGYG000002104
    10 media  mets=1185 rxns=1310 biomass=bio1 growth=0.4288..1.1483  load=1.169s  pfba=42.586s
  [473/1000] MGYG000002115
    10 media  mets=1120 rxns=1213 biomass=bio1 growth=0.0000..0.0000  load=1.048s  pfba=0.525s
  [474/1000] MGYG000002121
    10 media  mets=1428 rxns=1581 biomass=bio1 growth=0.4897..1.2373  load=1.342s  pfba=60.256s
  [475/1000] MGYG000002131
    10 media  mets=1253 rxns=1402 biomass=bio1 growth=0.1395..1.0415  load=1.225s  pfba=48.692s
  [476/1000] MGYG000002139
    10 media  mets=825 rxns=765 biomass=bio1 growth=0.0000..0.1939  load=0.604s  pfba=14.716s
  [477/1000] MGYG000002142
    10 media  mets=1134 rxns=1269 biomass=bio1 growth=0.6247..1.9577  load=1.132s  pfba=39.313s
  [478/1000] MGYG000002152
    10 media  mets=1301 rxns=1438 biomass=bio1 growth=0.0000..0.0000  load=1.159s  pfba=0.697s
  [479/1000] MGYG000002154
    10 media  mets=1167 rxns=1282 biomass=bio1 growth=0.4124..1.3337  load=1.133s  pfba=41.239s
  [480/1000] MGYG000002155
    10 media  mets=1072 rxns=1159 biomass=bio1 growth=0.2289..1.6889  load=1.012s  pfba=34.721s
  [481/1000] MGYG000002156
    10 media  mets=1109 rxns=1199 biomass=bio1 growth=0.0000..0.0000  load=0.943s  pfba=0.530s
  [482/1000] MGYG000002158
    10 media  mets=1354 rxns=1464 biomass=bio1 growth=0.4930..0.6816  load=1.342s  pfba=53.508s
  [483/1000] MGYG000002159
    10 media  mets=1230 rxns=1381 biomass=bio1 growth=0.2779..1.3498  load=1.134s  pfba=46.633s
  [484/1000] MGYG000002175
    10 media  mets=656 rxns=617 biomass=bio1 growth=0.0000..0.0000  load=0.470s  pfba=0.137s
  [485/1000] MGYG000002180
    10 media  mets=842 rxns=777 biomass=bio1 growth=0.0000..0.0000  load=0.756s  pfba=0.262s
  [486/1000] MGYG000002187
    10 media  mets=1166 rxns=1324 biomass=bio1 growth=0.7307..2.0761  load=1.059s  pfba=43.571s
  [487/1000] MGYG000002190
    10 media  mets=1308 rxns=1549 biomass=bio1 growth=0.0000..0.0000  load=1.342s  pfba=0.766s
  [488/1000] MGYG000002194
    10 media  mets=1226 rxns=1384 biomass=bio1 growth=0.0000..1.8378  load=1.113s  pfba=28.366s
  [489/1000] MGYG000002198
    10 media  mets=1095 rxns=1215 biomass=bio1 growth=0.3417..1.0455  load=1.084s  pfba=36.716s
  [490/1000] MGYG000002203
    10 media  mets=1208 rxns=1362 biomass=bio1 growth=0.0000..0.9464  load=1.223s  pfba=41.363s
  [491/1000] MGYG000002205
    10 media  mets=1141 rxns=1225 biomass=bio1 growth=0.0000..0.6920  load=0.996s  pfba=35.481s
  [492/1000] MGYG000002218
    10 media  mets=1413 rxns=1638 biomass=bio1 growth=0.0000..1.8339  load=1.450s  pfba=46.075s
  [493/1000] MGYG000002220
    10 media  mets=612 rxns=641 biomass=bio1 growth=0.0000..0.1688  load=0.476s  pfba=9.955s
  [494/1000] MGYG000002227
    10 media  mets=1246 rxns=1375 biomass=bio1 growth=0.0000..1.6118  load=1.090s  pfba=42.575s
  [495/1000] MGYG000002232
    10 media  mets=1239 rxns=1370 biomass=bio1 growth=0.0000..1.6797  load=1.141s  pfba=28.225s
  [496/1000] MGYG000002238
    10 media  mets=1051 rxns=1104 biomass=bio1 growth=0.6317..1.7609  load=1.012s  pfba=30.285s
  [497/1000] MGYG000002240
    10 media  mets=808 rxns=763 biomass=bio1 growth=0.0000..0.0000  load=0.599s  pfba=0.227s
  [498/1000] MGYG000002242
    10 media  mets=1097 rxns=1224 biomass=bio1 growth=0.0000..0.8722  load=1.089s  pfba=26.198s
  [499/1000] MGYG000002247
    10 media  mets=1468 rxns=1688 biomass=bio1 growth=0.0000..1.8814  load=1.391s  pfba=49.024s
  [500/1000] MGYG000002248
    10 media  mets=603 rxns=551 biomass=bio1 growth=0.0000..0.0599  load=0.422s  pfba=7.984s
  [501/1000] MGYG000002258
    10 media  mets=1191 rxns=1286 biomass=bio1 growth=0.0000..0.8688  load=1.186s  pfba=36.383s
  [502/1000] MGYG000002260
    10 media  mets=1081 rxns=1222 biomass=bio1 growth=0.0000..1.2881  load=0.969s  pfba=33.504s
  [503/1000] MGYG000002268
    10 media  mets=1421 rxns=1634 biomass=bio1 growth=0.0000..0.0000  load=1.377s  pfba=0.790s
  [504/1000] MGYG000002269
    10 media  mets=1226 rxns=1418 biomass=bio1 growth=0.0000..1.8366  load=1.261s  pfba=33.651s
  [505/1000] MGYG000002271
    10 media  mets=1367 rxns=1604 biomass=bio1 growth=0.0000..1.4815  load=1.294s  pfba=37.627s
  [506/1000] MGYG000002275
    10 media  mets=1346 rxns=1614 biomass=bio1 growth=0.0000..1.8434  load=1.304s  pfba=55.821s
  [507/1000] MGYG000002276
    10 media  mets=1468 rxns=1625 biomass=bio1 growth=0.0000..1.5332  load=1.382s  pfba=39.815s
  [508/1000] MGYG000002277
    10 media  mets=1322 rxns=1537 biomass=bio1 growth=0.0000..1.4803  load=1.397s  pfba=35.293s
  [509/1000] MGYG000002278
    10 media  mets=1561 rxns=1815 biomass=bio1 growth=1.2972..2.9760  load=1.475s  pfba=78.352s
  [510/1000] MGYG000002280
    10 media  mets=1486 rxns=1762 biomass=bio1 growth=0.0000..2.5820  load=1.433s  pfba=50.840s
  [511/1000] MGYG000002287
    10 media  mets=1285 rxns=1435 biomass=bio1 growth=0.0000..1.7771  load=1.303s  pfba=36.468s
  [512/1000] MGYG000002290
    10 media  mets=1455 rxns=1723 biomass=bio1 growth=0.8996..2.1906  load=1.448s  pfba=69.789s
  [513/1000] MGYG000002292
    10 media  mets=1415 rxns=1590 biomass=bio1 growth=0.0000..1.7189  load=1.307s  pfba=43.611s
  [514/1000] MGYG000002296
    10 media  mets=1406 rxns=1663 biomass=bio1 growth=0.4592..1.1469  load=1.448s  pfba=67.123s
  [515/1000] MGYG000002303
    10 media  mets=1138 rxns=1281 biomass=bio1 growth=0.1922..0.8122  load=1.135s  pfba=41.552s
  [516/1000] MGYG000002310
    10 media  mets=2100 rxns=2477 biomass=bio1 growth=0.6521..1.6444  load=2.330s  pfba=145.443s
  [517/1000] MGYG000002315
    10 media  mets=1178 rxns=1332 biomass=bio1 growth=0.0000..0.0000  load=1.066s  pfba=0.666s
  [518/1000] MGYG000002320
    10 media  mets=1426 rxns=1766 biomass=bio1 growth=0.7946..2.0839  load=1.428s  pfba=72.851s
  [519/1000] MGYG000002322
    10 media  mets=2280 rxns=2875 biomass=bio1 growth=1.8524..3.8349  load=2.558s  pfba=199.041s
  [520/1000] MGYG000002329
    10 media  mets=1081 rxns=1257 biomass=bio1 growth=0.0000..0.0000  load=1.030s  pfba=0.627s
  [521/1000] MGYG000002331
    10 media  mets=1946 rxns=2421 biomass=bio1 growth=1.1205..2.3996  load=2.239s  pfba=141.147s
  [522/1000] MGYG000002332
    10 media  mets=1185 rxns=1314 biomass=bio1 growth=0.2904..0.3510  load=1.080s  pfba=43.058s
  [523/1000] MGYG000002335
    10 media  mets=2155 rxns=2649 biomass=bio1 growth=1.5751..3.1958  load=2.372s  pfba=167.188s
  [524/1000] MGYG000002337
    10 media  mets=1818 rxns=2218 biomass=bio1 growth=1.2576..2.6896  load=1.832s  pfba=114.461s
  [525/1000] MGYG000002345
    10 media  mets=2020 rxns=2271 biomass=bio1 growth=0.4382..0.6755  load=2.047s  pfba=125.203s
  [526/1000] MGYG000002348
    10 media  mets=1226 rxns=1396 biomass=bio1 growth=0.3674..1.1270  load=1.245s  pfba=47.263s
  [527/1000] MGYG000002349
    10 media  mets=1469 rxns=1728 biomass=bio1 growth=0.7546..1.7779  load=1.410s  pfba=70.277s
  [528/1000] MGYG000002350
    TIMEOUT (>120s) — skipped
  [529/1000] MGYG000002353
    10 media  mets=1416 rxns=1759 biomass=bio1 growth=0.9336..2.3041  load=1.507s  pfba=72.096s
  [530/1000] MGYG000002354
    10 media  mets=2073 rxns=2576 biomass=bio1 growth=1.4135..3.0393  load=2.183s  pfba=154.656s
  [531/1000] MGYG000002356
    10 media  mets=2128 rxns=2585 biomass=bio1 growth=1.1062..2.1573  load=2.341s  pfba=154.887s
  [532/1000] MGYG000002361
    10 media  mets=1150 rxns=1328 biomass=bio1 growth=0.4047..0.9553  load=1.063s  pfba=43.945s
  [533/1000] MGYG000002368
    10 media  mets=1869 rxns=2255 biomass=bio1 growth=0.9945..2.2297  load=1.840s  pfba=122.001s
  [534/1000] MGYG000002369
    10 media  mets=1679 rxns=2000 biomass=bio1 growth=1.5571..3.1794  load=1.694s  pfba=96.122s
  [535/1000] MGYG000002370
    10 media  mets=1678 rxns=2000 biomass=bio1 growth=1.5710..2.9344  load=1.637s  pfba=97.827s
  [536/1000] MGYG000002371
    10 media  mets=1068 rxns=1130 biomass=bio1 growth=0.4166..0.7196  load=0.906s  pfba=33.869s
  [537/1000] MGYG000002374
    10 media  mets=1354 rxns=1498 biomass=bio1 growth=0.4074..0.5652  load=1.316s  pfba=54.793s
  [538/1000] MGYG000002375
    10 media  mets=1412 rxns=1598 biomass=bio1 growth=0.6111..1.0889  load=1.332s  pfba=62.705s
  [539/1000] MGYG000002378
    10 media  mets=1287 rxns=1446 biomass=bio1 growth=0.0000..1.2503  load=1.180s  pfba=35.865s
  [540/1000] MGYG000002379
    10 media  mets=1239 rxns=1430 biomass=bio1 growth=0.4168..1.1695  load=1.159s  pfba=49.663s
  [541/1000] MGYG000002380
    10 media  mets=1466 rxns=1744 biomass=bio1 growth=0.2979..1.4711  load=1.402s  pfba=71.953s
  [542/1000] MGYG000002382
    10 media  mets=2003 rxns=2362 biomass=bio1 growth=0.9694..2.1928  load=1.995s  pfba=130.357s
  [543/1000] MGYG000002383
    10 media  mets=1528 rxns=1844 biomass=bio1 growth=0.8745..2.2964  load=1.500s  pfba=82.161s
  [544/1000] MGYG000002385
    10 media  mets=2051 rxns=2431 biomass=bio1 growth=1.4228..2.2761  load=2.082s  pfba=139.408s
  [545/1000] MGYG000002386
    10 media  mets=1582 rxns=1898 biomass=bio1 growth=0.7272..1.9323  load=1.573s  pfba=83.979s
  [546/1000] MGYG000002389
    10 media  mets=1385 rxns=1663 biomass=bio1 growth=0.6712..1.5782  load=1.402s  pfba=65.227s
  [547/1000] MGYG000002390
    10 media  mets=1519 rxns=1798 biomass=bio1 growth=0.7177..2.0257  load=1.467s  pfba=76.861s
  [548/1000] MGYG000002391
    10 media  mets=1884 rxns=2314 biomass=bio1 growth=1.3028..2.2970  load=2.107s  pfba=127.774s
  [549/1000] MGYG000002392
    10 media  mets=1714 rxns=2067 biomass=bio1 growth=0.5413..1.6376  load=1.735s  pfba=101.828s
  [550/1000] MGYG000002395
    10 media  mets=1233 rxns=1517 biomass=bio1 growth=0.0000..1.5598  load=1.188s  pfba=38.085s
  [551/1000] MGYG000002396
    10 media  mets=1237 rxns=1492 biomass=bio1 growth=0.0000..1.6800  load=1.333s  pfba=48.864s
  [552/1000] MGYG000002397
    10 media  mets=1218 rxns=1493 biomass=bio1 growth=0.0000..1.2465  load=1.295s  pfba=38.030s
  [553/1000] MGYG000002399
    10 media  mets=1705 rxns=2049 biomass=bio1 growth=1.1070..2.5527  load=1.677s  pfba=97.044s
  [554/1000] MGYG000002401
    10 media  mets=1562 rxns=1840 biomass=bio1 growth=0.0000..2.0124  load=1.522s  pfba=32.090s
  [555/1000] MGYG000002402
    10 media  mets=1500 rxns=1691 biomass=bio1 growth=0.0000..0.0000  load=1.403s  pfba=0.966s
  [556/1000] MGYG000002413
    10 media  mets=1345 rxns=1445 biomass=bio1 growth=0.3676..0.7975  load=1.297s  pfba=52.891s
  [557/1000] MGYG000002414
    10 media  mets=1843 rxns=2248 biomass=bio1 growth=0.9900..2.7178  load=1.938s  pfba=121.070s
  [558/1000] MGYG000002418
    10 media  mets=1405 rxns=1701 biomass=bio1 growth=0.0000..2.2761  load=1.521s  pfba=48.408s
  [559/1000] MGYG000002425
    10 media  mets=1110 rxns=1200 biomass=bio1 growth=0.2873..0.3580  load=0.993s  pfba=37.032s
  [560/1000] MGYG000002434
    10 media  mets=1255 rxns=1334 biomass=bio1 growth=0.2895..0.4354  load=1.204s  pfba=44.412s
  [561/1000] MGYG000002455
    10 media  mets=1564 rxns=1883 biomass=bio1 growth=0.0000..3.2333  load=1.552s  pfba=59.899s
  [562/1000] MGYG000002462
    10 media  mets=2144 rxns=2625 biomass=bio1 growth=1.5393..3.0636  load=2.192s  pfba=164.513s
  [563/1000] MGYG000002466
    10 media  mets=2224 rxns=2770 biomass=bio1 growth=1.8974..3.1958  load=2.577s  pfba=180.598s
  [564/1000] MGYG000002476
    10 media  mets=2163 rxns=2648 biomass=bio1 growth=1.3856..2.9443  load=2.392s  pfba=168.942s
  [565/1000] MGYG000002480
    10 media  mets=1199 rxns=1243 biomass=bio1 growth=0.0000..0.5179  load=1.158s  pfba=19.243s
  [566/1000] MGYG000002487
    10 media  mets=1356 rxns=1423 biomass=bio1 growth=0.2075..0.3451  load=1.279s  pfba=49.820s
  [567/1000] MGYG000002491
    10 media  mets=2402 rxns=3003 biomass=bio1 growth=1.6468..3.5305  load=2.687s  pfba=210.424s
  [568/1000] MGYG000002497
    10 media  mets=2408 rxns=3053 biomass=bio1 growth=1.5335..3.4173  load=2.769s  pfba=215.070s
  [569/1000] MGYG000002499
    10 media  mets=2294 rxns=2890 biomass=bio1 growth=1.2547..3.1392  load=2.588s  pfba=197.208s
  [570/1000] MGYG000002501
    10 media  mets=2263 rxns=2864 biomass=bio1 growth=1.2547..3.1397  load=2.559s  pfba=189.318s
  [571/1000] MGYG000002510
    10 media  mets=2470 rxns=3095 biomass=bio1 growth=1.6193..3.5129  load=2.809s  pfba=229.186s
  [572/1000] MGYG000002511
    10 media  mets=2445 rxns=3095 biomass=bio1 growth=1.6209..3.5223  load=2.778s  pfba=228.892s
  [573/1000] MGYG000002516
    10 media  mets=2073 rxns=2534 biomass=bio1 growth=1.3407..2.2761  load=2.089s  pfba=154.327s
  [574/1000] MGYG000002518
    10 media  mets=2221 rxns=2771 biomass=bio1 growth=1.3384..2.8644  load=2.459s  pfba=180.543s
  [575/1000] MGYG000002519
    10 media  mets=2285 rxns=2897 biomass=bio1 growth=1.2547..3.1881  load=2.643s  pfba=195.873s
  [576/1000] MGYG000002523
    10 media  mets=1486 rxns=1669 biomass=bio1 growth=0.6737..1.9195  load=1.385s  pfba=67.365s
  [577/1000] MGYG000002525
    10 media  mets=2218 rxns=2787 biomass=bio1 growth=1.7478..3.1958  load=2.401s  pfba=180.941s
  [578/1000] MGYG000002526
    10 media  mets=1963 rxns=2464 biomass=bio1 growth=1.3598..3.2265  load=2.258s  pfba=141.402s
  [579/1000] MGYG000002527
    10 media  mets=1953 rxns=2433 biomass=bio1 growth=1.2110..2.7464  load=2.170s  pfba=141.197s
  [580/1000] MGYG000002529
    10 media  mets=1935 rxns=2438 biomass=bio1 growth=1.3569..3.0612  load=2.209s  pfba=141.307s
  [581/1000] MGYG000002533
    10 media  mets=1957 rxns=2446 biomass=bio1 growth=1.2067..2.7708  load=2.077s  pfba=144.182s
  [582/1000] MGYG000002534
    10 media  mets=2358 rxns=2997 biomass=bio1 growth=1.7370..3.6963  load=2.742s  pfba=209.424s
  [583/1000] MGYG000002539
    10 media  mets=1183 rxns=1292 biomass=bio1 growth=0.7372..1.9403  load=1.014s  pfba=41.539s
  [584/1000] MGYG000002542
    10 media  mets=1525 rxns=1823 biomass=bio1 growth=0.4711..1.3063  load=1.608s  pfba=77.023s
  [585/1000] MGYG000002544
    10 media  mets=1424 rxns=1507 biomass=bio1 growth=0.0000..0.9196  load=1.332s  pfba=50.662s
  [586/1000] MGYG000002545
    10 media  mets=1346 rxns=1524 biomass=bio1 growth=0.3993..1.7132  load=1.222s  pfba=55.592s
  [587/1000] MGYG000002548
    10 media  mets=1804 rxns=2192 biomass=bio1 growth=1.2576..2.6900  load=1.829s  pfba=112.468s
  [588/1000] MGYG000002558
    10 media  mets=1461 rxns=1636 biomass=bio1 growth=0.2971..1.1002  load=1.321s  pfba=65.784s
  [589/1000] MGYG000002564
    10 media  mets=1279 rxns=1425 biomass=bio1 growth=0.0000..0.0000  load=1.220s  pfba=0.778s
  [590/1000] MGYG000002570
    10 media  mets=1145 rxns=1268 biomass=bio1 growth=0.1666..0.8053  load=1.142s  pfba=40.153s
  [591/1000] MGYG000002571
    10 media  mets=776 rxns=712 biomass=bio1 growth=0.0000..0.0000  load=0.560s  pfba=0.222s
  [592/1000] MGYG000002582
    10 media  mets=1404 rxns=1586 biomass=bio1 growth=0.2732..1.0703  load=1.340s  pfba=61.342s
  [593/1000] MGYG000002590
    10 media  mets=669 rxns=636 biomass=bio1 growth=0.0000..0.2385  load=0.616s  pfba=10.135s
  [594/1000] MGYG000002600
    10 media  mets=1365 rxns=1485 biomass=bio1 growth=0.0000..0.0000  load=1.233s  pfba=0.723s
  [595/1000] MGYG000002601
    10 media  mets=1040 rxns=1167 biomass=bio1 growth=0.7161..1.8045  load=0.917s  pfba=33.154s
  [596/1000] MGYG000002602
    10 media  mets=1353 rxns=1488 biomass=bio1 growth=0.0000..1.3190  load=1.203s  pfba=37.492s
  [597/1000] MGYG000002605
    10 media  mets=1048 rxns=1119 biomass=bio1 growth=0.0000..0.5625  load=0.880s  pfba=28.593s
  [598/1000] MGYG000002606
    10 media  mets=1159 rxns=1268 biomass=bio1 growth=0.4957..1.0428  load=0.988s  pfba=41.442s
  [599/1000] MGYG000002608
    10 media  mets=1173 rxns=1304 biomass=bio1 growth=0.1677..0.6556  load=1.134s  pfba=42.925s
  [600/1000] MGYG000002612
    10 media  mets=1187 rxns=1322 biomass=bio1 growth=0.0000..1.0208  load=1.185s  pfba=29.459s
  [601/1000] MGYG000002617
    10 media  mets=1166 rxns=1247 biomass=bio1 growth=0.0000..0.0000  load=1.021s  pfba=0.519s
  [602/1000] MGYG000002619
    10 media  mets=1323 rxns=1522 biomass=bio1 growth=0.7409..2.1465  load=1.201s  pfba=54.927s
  [603/1000] MGYG000002622
    10 media  mets=1398 rxns=1644 biomass=bio1 growth=0.0000..2.0424  load=1.339s  pfba=46.474s
  [604/1000] MGYG000002626
    10 media  mets=1289 rxns=1386 biomass=bio1 growth=0.0000..0.8308  load=1.132s  pfba=33.621s
  [605/1000] MGYG000002638
    10 media  mets=1472 rxns=1689 biomass=bio1 growth=0.0000..2.0503  load=1.375s  pfba=47.805s
  [606/1000] MGYG000002643
    10 media  mets=1298 rxns=1364 biomass=bio1 growth=0.1962..0.2734  load=1.134s  pfba=45.801s
  [607/1000] MGYG000002645
    10 media  mets=1313 rxns=1447 biomass=bio1 growth=0.3837..0.5317  load=1.270s  pfba=51.450s
  [608/1000] MGYG000002660
    10 media  mets=950 rxns=960 biomass=bio1 growth=0.0000..0.0000  load=0.757s  pfba=0.330s
  [609/1000] MGYG000002665
    10 media  mets=1096 rxns=1107 biomass=bio1 growth=0.0000..0.0524  load=0.980s  pfba=12.730s
  [610/1000] MGYG000002673
    10 media  mets=1311 rxns=1435 biomass=bio1 growth=0.0000..1.6035  load=1.196s  pfba=30.632s
  [611/1000] MGYG000002681
    10 media  mets=1155 rxns=1240 biomass=bio1 growth=0.0000..0.2912  load=1.020s  pfba=35.828s
  [612/1000] MGYG000002684
    10 media  mets=1107 rxns=1109 biomass=bio1 growth=0.0000..0.3491  load=1.026s  pfba=28.569s
  [613/1000] MGYG000002690
    10 media  mets=1177 rxns=1300 biomass=bio1 growth=0.6599..1.9909  load=1.179s  pfba=41.555s
  [614/1000] MGYG000002695
    10 media  mets=1243 rxns=1340 biomass=bio1 growth=0.0000..1.1922  load=1.170s  pfba=40.257s
  [615/1000] MGYG000002696
    10 media  mets=1225 rxns=1320 biomass=bio1 growth=0.0000..0.2980  load=1.183s  pfba=26.057s
  [616/1000] MGYG000002697
    10 media  mets=1074 rxns=1223 biomass=bio1 growth=0.1060..0.1060  load=0.973s  pfba=38.351s
  [617/1000] MGYG000002699
    10 media  mets=1251 rxns=1386 biomass=bio1 growth=0.8165..1.0208  load=1.123s  pfba=47.126s
  [618/1000] MGYG000002702
    10 media  mets=1267 rxns=1350 biomass=bio1 growth=0.0000..0.0975  load=1.235s  pfba=18.122s
  [619/1000] MGYG000002705
    10 media  mets=1248 rxns=1417 biomass=bio1 growth=0.8903..2.5772  load=1.142s  pfba=50.727s
  [620/1000] MGYG000002711
    10 media  mets=1270 rxns=1419 biomass=bio1 growth=0.0000..1.8121  load=1.147s  pfba=30.704s
  [621/1000] MGYG000002724
    10 media  mets=1040 rxns=1115 biomass=bio1 growth=0.0000..0.0000  load=1.039s  pfba=0.434s
  [622/1000] MGYG000002742
    10 media  mets=1168 rxns=1328 biomass=bio1 growth=0.8019..2.1747  load=1.091s  pfba=43.179s
  [623/1000] MGYG000002746
    10 media  mets=1096 rxns=1222 biomass=bio1 growth=0.7457..2.1004  load=0.976s  pfba=36.802s
  [624/1000] MGYG000002755
    10 media  mets=1145 rxns=1247 biomass=bio1 growth=0.7486..1.8203  load=0.986s  pfba=38.579s
  [625/1000] MGYG000002756
    10 media  mets=1570 rxns=1811 biomass=bio1 growth=1.1412..2.7861  load=1.519s  pfba=76.097s
  [626/1000] MGYG000002762
    10 media  mets=1296 rxns=1436 biomass=bio1 growth=0.0000..0.9722  load=1.157s  pfba=30.337s
  [627/1000] MGYG000002763
    10 media  mets=1162 rxns=1285 biomass=bio1 growth=0.7733..2.0961  load=0.999s  pfba=41.566s
  [628/1000] MGYG000002789
    10 media  mets=1192 rxns=1371 biomass=bio1 growth=0.6624..1.7685  load=1.100s  pfba=45.494s
  [629/1000] MGYG000002792
    10 media  mets=1138 rxns=1151 biomass=bio1 growth=0.0192..0.0793  load=0.942s  pfba=33.945s
  [630/1000] MGYG000002795
    10 media  mets=1052 rxns=1071 biomass=bio1 growth=0.0774..0.0774  load=0.850s  pfba=27.995s
  [631/1000] MGYG000002798
    10 media  mets=922 rxns=863 biomass=bio1 growth=0.0000..0.0000  load=0.793s  pfba=0.306s
  [632/1000] MGYG000002799
    10 media  mets=614 rxns=583 biomass=bio1 growth=0.0000..0.0000  load=0.441s  pfba=0.168s
  [633/1000] MGYG000002807
    10 media  mets=1089 rxns=1192 biomass=bio1 growth=0.1573..0.7960  load=0.969s  pfba=36.184s
  [634/1000] MGYG000002813
    10 media  mets=1183 rxns=1272 biomass=bio1 growth=0.0881..0.0881  load=1.040s  pfba=40.926s
  [635/1000] MGYG000002815
    10 media  mets=1175 rxns=1342 biomass=bio1 growth=0.0000..1.3944  load=1.112s  pfba=26.254s
  [636/1000] MGYG000002818
    10 media  mets=1481 rxns=1674 biomass=bio1 growth=0.0000..1.9120  load=1.472s  pfba=61.626s
  [637/1000] MGYG000002840
    10 media  mets=1189 rxns=1321 biomass=bio1 growth=0.3366..0.3366  load=1.182s  pfba=43.259s
  [638/1000] MGYG000002848
    10 media  mets=1064 rxns=1212 biomass=bio1 growth=0.0000..1.1217  load=0.961s  pfba=32.983s
  [639/1000] MGYG000002852
    10 media  mets=1137 rxns=1284 biomass=bio1 growth=0.0000..0.0000  load=1.020s  pfba=0.689s
  [640/1000] MGYG000002859
    10 media  mets=1156 rxns=1291 biomass=bio1 growth=0.6826..2.0266  load=1.072s  pfba=41.170s
  [641/1000] MGYG000002860
    10 media  mets=1116 rxns=1232 biomass=bio1 growth=0.6476..1.7070  load=0.997s  pfba=37.779s
  [642/1000] MGYG000002875
    10 media  mets=1142 rxns=1251 biomass=bio1 growth=0.0000..0.7311  load=0.991s  pfba=24.104s
  [643/1000] MGYG000002880
    10 media  mets=1153 rxns=1258 biomass=bio1 growth=0.3890..1.5776  load=1.016s  pfba=40.189s
  [644/1000] MGYG000002884
    10 media  mets=1214 rxns=1310 biomass=bio1 growth=0.0000..1.1794  load=1.056s  pfba=29.847s
  [645/1000] MGYG000002888
    10 media  mets=1695 rxns=1969 biomass=bio1 growth=0.8650..1.6970  load=1.777s  pfba=90.040s
  [646/1000] MGYG000002889
    10 media  mets=2245 rxns=2721 biomass=bio1 growth=1.3054..3.0387  load=2.386s  pfba=176.610s
  [647/1000] MGYG000002894
    10 media  mets=1329 rxns=1606 biomass=bio1 growth=0.0000..1.5390  load=1.361s  pfba=43.025s
  [648/1000] MGYG000002897
    10 media  mets=1263 rxns=1477 biomass=bio1 growth=0.0000..1.3839  load=1.251s  pfba=36.320s
  [649/1000] MGYG000002899
    10 media  mets=1212 rxns=1449 biomass=bio1 growth=0.0000..1.3487  load=1.272s  pfba=35.372s
  [650/1000] MGYG000002912
    10 media  mets=1026 rxns=1124 biomass=bio1 growth=0.0000..2.0572  load=0.914s  pfba=28.508s
  [651/1000] MGYG000002918
    10 media  mets=1135 rxns=1279 biomass=bio1 growth=0.7307..2.0761  load=1.016s  pfba=40.918s
  [652/1000] MGYG000002922
    10 media  mets=1104 rxns=1264 biomass=bio1 growth=0.0000..1.3835  load=0.977s  pfba=27.539s
  [653/1000] MGYG000002926
    10 media  mets=1048 rxns=1146 biomass=bio1 growth=0.0000..0.0000  load=0.917s  pfba=0.471s
  [654/1000] MGYG000002932
    10 media  mets=1179 rxns=1317 biomass=bio1 growth=0.8320..2.1522  load=1.054s  pfba=43.560s
  [655/1000] MGYG000002934
    10 media  mets=1464 rxns=1669 biomass=bio1 growth=0.0000..2.6389  load=1.490s  pfba=40.700s
  [656/1000] MGYG000002945
    10 media  mets=1579 rxns=1846 biomass=bio1 growth=0.0000..2.0743  load=1.541s  pfba=48.499s
  [657/1000] MGYG000002955
    10 media  mets=1350 rxns=1410 biomass=bio1 growth=0.2801..0.4066  load=1.238s  pfba=50.092s
  [658/1000] MGYG000002959
    10 media  mets=1102 rxns=1212 biomass=bio1 growth=0.3476..0.4999  load=1.121s  pfba=37.455s
  [659/1000] MGYG000002963
    10 media  mets=1575 rxns=1855 biomass=bio1 growth=0.0000..3.0283  load=1.636s  pfba=74.612s
  [660/1000] MGYG000002968
    10 media  mets=1122 rxns=1257 biomass=bio1 growth=0.7709..2.1204  load=1.006s  pfba=38.406s
  [661/1000] MGYG000002971
    10 media  mets=1135 rxns=1248 biomass=bio1 growth=0.5352..1.3588  load=0.959s  pfba=39.646s
  [662/1000] MGYG000002972
    10 media  mets=904 rxns=939 biomass=bio1 growth=0.1017..0.3789  load=0.847s  pfba=22.710s
  [663/1000] MGYG000002986
    10 media  mets=1269 rxns=1406 biomass=bio1 growth=0.7924..1.1245  load=1.154s  pfba=49.269s
  [664/1000] MGYG000002991
    10 media  mets=1153 rxns=1295 biomass=bio1 growth=0.5929..1.6166  load=1.147s  pfba=41.071s
  [665/1000] MGYG000002993
    10 media  mets=1229 rxns=1378 biomass=bio1 growth=0.0000..1.4530  load=1.141s  pfba=41.389s
  [666/1000] MGYG000002994
    10 media  mets=1561 rxns=1724 biomass=bio1 growth=0.9908..1.8351  load=1.430s  pfba=70.740s
  [667/1000] MGYG000003012
    10 media  mets=1406 rxns=1610 biomass=bio1 growth=0.0000..0.0000  load=1.309s  pfba=0.759s
  [668/1000] MGYG000003013
    10 media  mets=1234 rxns=1435 biomass=bio1 growth=0.0000..0.9243  load=1.287s  pfba=35.880s
  [669/1000] MGYG000003017
    10 media  mets=1350 rxns=1433 biomass=bio1 growth=0.2579..0.3756  load=1.207s  pfba=50.780s
  [670/1000] MGYG000003032
    10 media  mets=1091 rxns=1208 biomass=bio1 growth=0.7296..2.0812  load=1.082s  pfba=35.939s
  [671/1000] MGYG000003035
    10 media  mets=1338 rxns=1503 biomass=bio1 growth=0.0000..0.9096  load=1.231s  pfba=33.223s
  [672/1000] MGYG000003036
    10 media  mets=1160 rxns=1278 biomass=bio1 growth=0.7514..1.7990  load=1.017s  pfba=40.610s
  [673/1000] MGYG000003037
    10 media  mets=1151 rxns=1259 biomass=bio1 growth=0.7299..2.0726  load=1.033s  pfba=39.357s
  [674/1000] MGYG000003041
    10 media  mets=1165 rxns=1307 biomass=bio1 growth=0.0000..0.0000  load=1.031s  pfba=0.658s
  [675/1000] MGYG000003056
    10 media  mets=1412 rxns=1655 biomass=bio1 growth=0.0000..2.2246  load=1.344s  pfba=39.869s
  [676/1000] MGYG000003065
    10 media  mets=1400 rxns=1642 biomass=bio1 growth=0.7440..1.9688  load=1.437s  pfba=63.971s
  [677/1000] MGYG000003074
    10 media  mets=1390 rxns=1562 biomass=bio1 growth=0.0000..1.3980  load=1.260s  pfba=42.029s
  [678/1000] MGYG000003077
    10 media  mets=1172 rxns=1276 biomass=bio1 growth=0.0000..1.1818  load=1.154s  pfba=28.476s
  [679/1000] MGYG000003079
    10 media  mets=1194 rxns=1354 biomass=bio1 growth=0.7984..2.3106  load=1.169s  pfba=45.259s
  [680/1000] MGYG000003081
    10 media  mets=1027 rxns=1156 biomass=bio1 growth=0.5971..1.5679  load=0.999s  pfba=33.509s
  [681/1000] MGYG000003083
    10 media  mets=1070 rxns=1228 biomass=bio1 growth=0.7693..1.8982  load=0.991s  pfba=37.405s
  [682/1000] MGYG000003087
    10 media  mets=1290 rxns=1423 biomass=bio1 growth=0.7552..1.8185  load=1.208s  pfba=49.436s
  [683/1000] MGYG000003095
    10 media  mets=762 rxns=712 biomass=bio1 growth=0.0000..0.0000  load=0.545s  pfba=0.219s
  [684/1000] MGYG000003097
    10 media  mets=1391 rxns=1699 biomass=bio1 growth=0.0000..1.5333  load=1.466s  pfba=48.322s
  [685/1000] MGYG000003099
    10 media  mets=1309 rxns=1468 biomass=bio1 growth=0.3538..1.1732  load=1.313s  pfba=54.009s
  [686/1000] MGYG000003107
    10 media  mets=1146 rxns=1301 biomass=bio1 growth=0.7309..2.1387  load=1.300s  pfba=42.403s
  [687/1000] MGYG000003113
    10 media  mets=1282 rxns=1496 biomass=bio1 growth=0.0000..1.5090  load=1.303s  pfba=36.982s
  [688/1000] MGYG000003116
    10 media  mets=1489 rxns=1663 biomass=bio1 growth=1.0363..1.8662  load=1.404s  pfba=64.443s
  [689/1000] MGYG000003118
    10 media  mets=1503 rxns=1798 biomass=bio1 growth=1.1454..2.1393  load=1.414s  pfba=77.696s
  [690/1000] MGYG000003119
    10 media  mets=1288 rxns=1432 biomass=bio1 growth=0.2300..0.6776  load=1.156s  pfba=50.031s
  [691/1000] MGYG000003122
    10 media  mets=1170 rxns=1287 biomass=bio1 growth=0.7284..1.7934  load=1.067s  pfba=41.346s
  [692/1000] MGYG000003129
    10 media  mets=1140 rxns=1249 biomass=bio1 growth=0.4397..0.7096  load=0.996s  pfba=38.374s
  [693/1000] MGYG000003137
    TIMEOUT (>120s) — skipped
  [694/1000] MGYG000003154
    10 media  mets=1248 rxns=1326 biomass=bio1 growth=0.0000..0.9689  load=1.045s  pfba=31.083s
  [695/1000] MGYG000003156
    10 media  mets=983 rxns=1075 biomass=bio1 growth=0.3399..1.6101  load=1.174s  pfba=30.001s
  [696/1000] MGYG000003169
    10 media  mets=1023 rxns=1114 biomass=bio1 growth=0.0000..0.2021  load=0.901s  pfba=27.725s
  [697/1000] MGYG000003179
    10 media  mets=930 rxns=986 biomass=bio1 growth=0.0000..0.7499  load=0.753s  pfba=17.762s
  [698/1000] MGYG000003180
    10 media  mets=1149 rxns=1278 biomass=bio1 growth=0.7012..2.0291  load=1.111s  pfba=40.134s
  [699/1000] MGYG000003184
    10 media  mets=2209 rxns=2721 biomass=bio1 growth=1.0751..2.8667  load=2.311s  pfba=175.038s
  [700/1000] MGYG000003196
    10 media  mets=1492 rxns=1772 biomass=bio1 growth=0.5052..1.4674  load=1.542s  pfba=73.267s
  [701/1000] MGYG000003203
    10 media  mets=1215 rxns=1320 biomass=bio1 growth=0.0000..0.3911  load=1.172s  pfba=40.831s
  [702/1000] MGYG000003205
    10 media  mets=1227 rxns=1360 biomass=bio1 growth=0.0000..1.0907  load=1.065s  pfba=32.620s
  [703/1000] MGYG000003209
    10 media  mets=1132 rxns=1257 biomass=bio1 growth=0.7018..2.0324  load=0.990s  pfba=38.869s
  [704/1000] MGYG000003216
    10 media  mets=1064 rxns=1147 biomass=bio1 growth=0.0000..1.5262  load=0.949s  pfba=30.578s
  [705/1000] MGYG000003225
    10 media  mets=1135 rxns=1267 biomass=bio1 growth=0.7878..2.1378  load=1.005s  pfba=39.260s
  [706/1000] MGYG000003226
    10 media  mets=1037 rxns=1134 biomass=bio1 growth=0.0000..0.7588  load=0.892s  pfba=22.695s
  [707/1000] MGYG000003236
    10 media  mets=1171 rxns=1290 biomass=bio1 growth=0.0000..1.6156  load=1.073s  pfba=29.738s
  [708/1000] MGYG000003246
    10 media  mets=1092 rxns=1173 biomass=bio1 growth=0.1319..0.8832  load=0.928s  pfba=36.075s
  [709/1000] MGYG000003276
    10 media  mets=1130 rxns=1244 biomass=bio1 growth=0.5266..1.5568  load=0.999s  pfba=38.020s
  [710/1000] MGYG000003279
    10 media  mets=1287 rxns=1484 biomass=bio1 growth=0.4477..1.3215  load=1.165s  pfba=55.196s
  [711/1000] MGYG000003280
    10 media  mets=949 rxns=913 biomass=bio1 growth=0.0000..0.0000  load=0.734s  pfba=0.426s
  [712/1000] MGYG000003284
    10 media  mets=936 rxns=891 biomass=bio1 growth=0.0000..0.0000  load=0.729s  pfba=0.272s
  [713/1000] MGYG000003288
    10 media  mets=1287 rxns=1366 biomass=bio1 growth=0.2376..0.3007  load=1.379s  pfba=46.054s
  [714/1000] MGYG000003292
    10 media  mets=876 rxns=912 biomass=bio1 growth=0.2162..0.2867  load=0.828s  pfba=20.899s
  [715/1000] MGYG000003293
    10 media  mets=1009 rxns=1162 biomass=bio1 growth=0.3757..1.6504  load=1.049s  pfba=32.876s
  [716/1000] MGYG000003295
    10 media  mets=1146 rxns=1252 biomass=bio1 growth=0.0000..0.5171  load=1.069s  pfba=28.081s
  [717/1000] MGYG000003298
    10 media  mets=974 rxns=1032 biomass=bio1 growth=0.2287..0.6256  load=0.823s  pfba=27.119s
  [718/1000] MGYG000003310
    10 media  mets=890 rxns=958 biomass=bio1 growth=0.0000..1.5249  load=0.742s  pfba=13.930s
  [719/1000] MGYG000003326
    10 media  mets=1427 rxns=1660 biomass=bio1 growth=0.0000..2.1447  load=1.444s  pfba=46.180s
  [720/1000] MGYG000003327
    10 media  mets=1367 rxns=1473 biomass=bio1 growth=0.0000..1.5079  load=1.230s  pfba=32.563s
  [721/1000] MGYG000003330
    10 media  mets=1262 rxns=1364 biomass=bio1 growth=0.2874..0.4354  load=1.108s  pfba=45.832s
  [722/1000] MGYG000003334
    10 media  mets=1309 rxns=1484 biomass=bio1 growth=0.3550..1.0901  load=1.205s  pfba=53.599s
  [723/1000] MGYG000003335
    10 media  mets=1203 rxns=1375 biomass=bio1 growth=0.0000..0.0000  load=1.230s  pfba=0.554s
  [724/1000] MGYG000003344
    10 media  mets=1311 rxns=1405 biomass=bio1 growth=0.1187..0.2582  load=1.166s  pfba=48.693s
  [725/1000] MGYG000003346
    10 media  mets=1318 rxns=1519 biomass=bio1 growth=0.1172..0.9398  load=1.379s  pfba=56.233s
  [726/1000] MGYG000003359
    10 media  mets=1804 rxns=2260 biomass=bio1 growth=1.1474..2.8194  load=2.018s  pfba=119.097s
  [727/1000] MGYG000003362
    10 media  mets=1555 rxns=1839 biomass=bio1 growth=0.0000..0.0000  load=1.564s  pfba=1.021s
  [728/1000] MGYG000003375
    10 media  mets=1591 rxns=1917 biomass=bio1 growth=0.4695..1.4226  load=1.615s  pfba=88.194s
  [729/1000] MGYG000003376
    10 media  mets=1007 rxns=1081 biomass=bio1 growth=0.4856..1.1897  load=0.866s  pfba=28.901s
  [730/1000] MGYG000003379
    10 media  mets=2232 rxns=2715 biomass=bio1 growth=1.1157..2.8730  load=2.577s  pfba=172.574s
  [731/1000] MGYG000003383
    10 media  mets=1296 rxns=1575 biomass=bio1 growth=0.0000..2.0021  load=1.279s  pfba=42.081s
  [732/1000] MGYG000003386
    10 media  mets=2252 rxns=2756 biomass=bio1 growth=1.1235..2.9041  load=2.516s  pfba=180.656s
  [733/1000] MGYG000003388
    10 media  mets=1597 rxns=1800 biomass=bio1 growth=0.4105..1.0093  load=1.596s  pfba=78.739s
  [734/1000] MGYG000003391
    10 media  mets=1221 rxns=1338 biomass=bio1 growth=0.8377..1.2537  load=1.112s  pfba=44.357s
  [735/1000] MGYG000003394
    10 media  mets=1544 rxns=1785 biomass=bio1 growth=0.5502..1.1984  load=1.445s  pfba=75.269s
  [736/1000] MGYG000003397
    10 media  mets=1194 rxns=1329 biomass=bio1 growth=0.2927..0.5829  load=1.038s  pfba=43.900s
  [737/1000] MGYG000003412
    10 media  mets=1026 rxns=1152 biomass=bio1 growth=0.0000..1.8071  load=1.020s  pfba=19.689s
  [738/1000] MGYG000003425
    10 media  mets=1415 rxns=1541 biomass=bio1 growth=0.0000..0.4076  load=1.404s  pfba=34.573s
  [739/1000] MGYG000003427
    10 media  mets=1183 rxns=1432 biomass=bio1 growth=0.7438..2.0686  load=1.107s  pfba=50.230s
  [740/1000] MGYG000003430
    10 media  mets=1038 rxns=1111 biomass=bio1 growth=0.0000..0.0000  load=0.992s  pfba=0.427s
  [741/1000] MGYG000003450
    10 media  mets=1024 rxns=1090 biomass=bio1 growth=0.0398..0.5458  load=0.893s  pfba=29.445s
  [742/1000] MGYG000003464
    10 media  mets=526 rxns=494 biomass=bio1 growth=0.0000..0.0000  load=0.356s  pfba=0.155s
  [743/1000] MGYG000003465
    10 media  mets=973 rxns=1060 biomass=bio1 growth=0.0000..1.0208  load=0.944s  pfba=19.813s
  [744/1000] MGYG000003466
    10 media  mets=1128 rxns=1219 biomass=bio1 growth=0.0000..0.9089  load=0.995s  pfba=26.815s
  [745/1000] MGYG000003475
    10 media  mets=1312 rxns=1544 biomass=bio1 growth=1.2285..2.8300  load=1.243s  pfba=56.003s
  [746/1000] MGYG000003488
    10 media  mets=1186 rxns=1336 biomass=bio1 growth=0.0000..1.9070  load=1.049s  pfba=39.656s
  [747/1000] MGYG000003496
    10 media  mets=1171 rxns=1225 biomass=bio1 growth=0.0000..0.8137  load=0.999s  pfba=26.135s
  [748/1000] MGYG000003503
    10 media  mets=810 rxns=856 biomass=bio1 growth=0.3896..1.5315  load=0.660s  pfba=18.993s
  [749/1000] MGYG000003529
    10 media  mets=1051 rxns=1142 biomass=bio1 growth=0.1928..0.2025  load=0.898s  pfba=31.895s
  [750/1000] MGYG000003532
    10 media  mets=1026 rxns=1074 biomass=bio1 growth=0.0459..0.1954  load=0.853s  pfba=29.685s
  [751/1000] MGYG000003534
    10 media  mets=1070 rxns=1153 biomass=bio1 growth=0.0000..0.7206  load=0.955s  pfba=23.765s
  [752/1000] MGYG000003550
    10 media  mets=1608 rxns=1900 biomass=bio1 growth=0.9192..2.4623  load=1.673s  pfba=84.700s
  [753/1000] MGYG000003551
    10 media  mets=1147 rxns=1209 biomass=bio1 growth=0.0000..0.0000  load=1.056s  pfba=0.523s
  [754/1000] MGYG000003565
    10 media  mets=1140 rxns=1199 biomass=bio1 growth=0.5352..1.1065  load=0.961s  pfba=37.846s
  [755/1000] MGYG000003580
    10 media  mets=556 rxns=522 biomass=bio1 growth=0.0000..0.0000  load=0.379s  pfba=0.173s
  [756/1000] MGYG000003583
    10 media  mets=1226 rxns=1361 biomass=bio1 growth=0.0000..1.0881  load=1.091s  pfba=31.934s
  [757/1000] MGYG000003590
    10 media  mets=1212 rxns=1398 biomass=bio1 growth=0.6265..1.1980  load=1.103s  pfba=47.559s
  [758/1000] MGYG000003597
    10 media  mets=1270 rxns=1440 biomass=bio1 growth=0.0000..1.6287  load=1.177s  pfba=35.097s
  [759/1000] MGYG000003612
    10 media  mets=1395 rxns=1575 biomass=bio1 growth=0.2746..1.3271  load=1.387s  pfba=61.099s
  [760/1000] MGYG000003624
    10 media  mets=1170 rxns=1264 biomass=bio1 growth=0.0980..0.6823  load=1.060s  pfba=39.581s
  [761/1000] MGYG000003626
    10 media  mets=1028 rxns=1145 biomass=bio1 growth=0.0000..0.1285  load=0.969s  pfba=23.568s
  [762/1000] MGYG000003637
    10 media  mets=1131 rxns=1165 biomass=bio1 growth=0.0000..0.0391  load=0.919s  pfba=31.258s
  [763/1000] MGYG000003648
    10 media  mets=1238 rxns=1391 biomass=bio1 growth=0.0000..0.0000  load=1.125s  pfba=0.739s
  [764/1000] MGYG000003651
    10 media  mets=1025 rxns=1107 biomass=bio1 growth=0.0000..0.8287  load=0.969s  pfba=18.390s
  [765/1000] MGYG000003662
    10 media  mets=1268 rxns=1451 biomass=bio1 growth=0.3489..0.9577  load=1.308s  pfba=52.122s
  [766/1000] MGYG000003669
    10 media  mets=754 rxns=750 biomass=bio1 growth=0.0000..0.3064  load=0.568s  pfba=13.964s
  [767/1000] MGYG000003690
    10 media  mets=1170 rxns=1374 biomass=bio1 growth=0.3874..1.1321  load=1.204s  pfba=45.602s
  [768/1000] MGYG000003692
    10 media  mets=1185 rxns=1315 biomass=bio1 growth=0.3438..1.0524  load=1.060s  pfba=42.011s
  [769/1000] MGYG000003693
    10 media  mets=1497 rxns=1771 biomass=bio1 growth=0.0000..2.1677  load=1.423s  pfba=52.710s
  [770/1000] MGYG000003695
    10 media  mets=1434 rxns=1676 biomass=bio1 growth=0.3083..1.8351  load=1.430s  pfba=67.697s
  [771/1000] MGYG000003696
    10 media  mets=1173 rxns=1321 biomass=bio1 growth=0.7950..2.1376  load=1.065s  pfba=44.135s
  [772/1000] MGYG000003708
    10 media  mets=1341 rxns=1477 biomass=bio1 growth=1.0649..1.3654  load=1.314s  pfba=52.530s
  [773/1000] MGYG000003718
    10 media  mets=1093 rxns=1159 biomass=bio1 growth=0.0000..0.0000  load=0.929s  pfba=0.452s
  [774/1000] MGYG000003721
    10 media  mets=1033 rxns=1068 biomass=bio1 growth=0.0000..0.0000  load=0.868s  pfba=0.400s
  [775/1000] MGYG000003722
    10 media  mets=1014 rxns=1060 biomass=bio1 growth=0.0000..0.0000  load=1.022s  pfba=0.404s
  [776/1000] MGYG000003727
    10 media  mets=1047 rxns=1116 biomass=bio1 growth=0.1893..0.1893  load=1.015s  pfba=30.243s
  [777/1000] MGYG000003738
    10 media  mets=807 rxns=839 biomass=bio1 growth=0.8325..1.1807  load=0.642s  pfba=18.064s
  [778/1000] MGYG000003742
    10 media  mets=1235 rxns=1394 biomass=bio1 growth=0.0000..0.0000  load=1.161s  pfba=0.620s
  [779/1000] MGYG000003744
    10 media  mets=1023 rxns=1083 biomass=bio1 growth=0.0000..0.5369  load=0.920s  pfba=12.132s
  [780/1000] MGYG000003752
    10 media  mets=1207 rxns=1304 biomass=bio1 growth=0.0000..1.3693  load=1.208s  pfba=25.659s
  [781/1000] MGYG000003753
    10 media  mets=1185 rxns=1248 biomass=bio1 growth=0.7025..1.1685  load=0.998s  pfba=38.628s
  [782/1000] MGYG000003761
    10 media  mets=1959 rxns=2312 biomass=bio1 growth=0.8627..1.7019  load=2.041s  pfba=125.963s
  [783/1000] MGYG000003791
    10 media  mets=1490 rxns=1681 biomass=bio1 growth=0.0000..0.2625  load=1.420s  pfba=40.656s
  [784/1000] MGYG000003794
    10 media  mets=1170 rxns=1281 biomass=bio1 growth=0.2103..0.7240  load=1.023s  pfba=41.112s
  [785/1000] MGYG000003800
    10 media  mets=1214 rxns=1413 biomass=bio1 growth=0.0000..0.7530  load=1.151s  pfba=43.196s
  [786/1000] MGYG000003819
    10 media  mets=1171 rxns=1276 biomass=bio1 growth=0.0000..0.9069  load=1.034s  pfba=35.948s
  [787/1000] MGYG000003826
    10 media  mets=1151 rxns=1214 biomass=bio1 growth=0.0000..1.8767  load=0.992s  pfba=26.131s
  [788/1000] MGYG000003829
    10 media  mets=1201 rxns=1279 biomass=bio1 growth=0.0000..1.5470  load=1.308s  pfba=28.363s
  [789/1000] MGYG000003834
    10 media  mets=1373 rxns=1557 biomass=bio1 growth=0.7622..2.2683  load=1.260s  pfba=59.377s
  [790/1000] MGYG000003843
    10 media  mets=1162 rxns=1235 biomass=bio1 growth=0.0000..0.3157  load=0.998s  pfba=23.589s
  [791/1000] MGYG000003844
    10 media  mets=1259 rxns=1404 biomass=bio1 growth=0.0000..2.0030  load=1.295s  pfba=42.379s
  [792/1000] MGYG000003847
    10 media  mets=1159 rxns=1299 biomass=bio1 growth=0.7556..2.0953  load=1.180s  pfba=42.273s
  [793/1000] MGYG000003849
    10 media  mets=933 rxns=1049 biomass=bio1 growth=0.0000..0.9944  load=0.804s  pfba=24.498s
  [794/1000] MGYG000003859
    10 media  mets=973 rxns=982 biomass=bio1 growth=0.0984..0.5722  load=0.885s  pfba=24.855s
  [795/1000] MGYG000003865
    10 media  mets=1099 rxns=1214 biomass=bio1 growth=0.7352..2.0966  load=1.089s  pfba=36.844s
  [796/1000] MGYG000003885
    10 media  mets=1160 rxns=1292 biomass=bio1 growth=0.7687..2.0840  load=1.147s  pfba=41.561s
  [797/1000] MGYG000003888
    10 media  mets=868 rxns=889 biomass=bio1 growth=0.0000..0.0000  load=0.774s  pfba=0.290s
  [798/1000] MGYG000003905
    10 media  mets=1141 rxns=1225 biomass=bio1 growth=0.3748..0.6429  load=0.994s  pfba=38.009s
  [799/1000] MGYG000003919
    10 media  mets=1375 rxns=1555 biomass=bio1 growth=1.3419..2.2761  load=1.388s  pfba=57.817s
  [800/1000] MGYG000003922
    10 media  mets=1450 rxns=1770 biomass=bio1 growth=0.0000..2.7322  load=1.399s  pfba=53.161s
  [801/1000] MGYG000003923
    10 media  mets=1155 rxns=1279 biomass=bio1 growth=0.0000..2.1564  load=1.002s  pfba=24.108s
  [802/1000] MGYG000003924
    10 media  mets=1103 rxns=1165 biomass=bio1 growth=0.0000..0.0000  load=1.082s  pfba=0.493s
  [803/1000] MGYG000003927
    10 media  mets=1242 rxns=1374 biomass=bio1 growth=0.0000..0.5083  load=1.204s  pfba=42.419s
  [804/1000] MGYG000003928
    10 media  mets=1163 rxns=1305 biomass=bio1 growth=0.7085..2.0886  load=1.204s  pfba=42.398s
  [805/1000] MGYG000003931
    10 media  mets=1051 rxns=1076 biomass=bio1 growth=0.0000..0.6187  load=1.029s  pfba=22.292s
  [806/1000] MGYG000003932
    10 media  mets=1191 rxns=1298 biomass=bio1 growth=0.1025..0.8100  load=1.142s  pfba=43.548s
  [807/1000] MGYG000003933
    10 media  mets=1460 rxns=1612 biomass=bio1 growth=0.5001..1.0481  load=1.478s  pfba=63.801s
  [808/1000] MGYG000003939
    10 media  mets=738 rxns=707 biomass=bio1 growth=0.0000..0.0000  load=0.559s  pfba=0.330s
  [809/1000] MGYG000003940
    10 media  mets=596 rxns=576 biomass=bio1 growth=0.0000..0.1500  load=0.439s  pfba=8.536s
  [810/1000] MGYG000003944
    10 media  mets=661 rxns=647 biomass=bio1 growth=0.0000..0.2058  load=0.576s  pfba=10.851s
  [811/1000] MGYG000003952
    10 media  mets=1121 rxns=1232 biomass=bio1 growth=0.3760..1.4085  load=0.919s  pfba=41.208s
  [812/1000] MGYG000003954
    10 media  mets=1223 rxns=1320 biomass=bio1 growth=0.0000..0.9362  load=1.216s  pfba=32.198s
  [813/1000] MGYG000003960
    10 media  mets=772 rxns=771 biomass=bio1 growth=0.0000..0.0000  load=0.617s  pfba=0.453s
  [814/1000] MGYG000003963
    10 media  mets=1096 rxns=1190 biomass=bio1 growth=0.0000..1.0208  load=1.084s  pfba=33.046s
  [815/1000] MGYG000003967
    10 media  mets=994 rxns=1027 biomass=bio1 growth=0.0000..0.9252  load=0.910s  pfba=25.196s
  [816/1000] MGYG000003972
    10 media  mets=1178 rxns=1246 biomass=bio1 growth=0.0000..0.6330  load=1.142s  pfba=28.924s
  [817/1000] MGYG000003977
    10 media  mets=986 rxns=937 biomass=bio1 growth=0.0000..0.0000  load=0.759s  pfba=0.306s
  [818/1000] MGYG000003991
    10 media  mets=1165 rxns=1287 biomass=bio1 growth=0.0000..1.3373  load=1.393s  pfba=30.109s
  [819/1000] MGYG000004001
    10 media  mets=1154 rxns=1245 biomass=bio1 growth=0.7483..2.0163  load=1.045s  pfba=40.147s
  [820/1000] MGYG000004005
    10 media  mets=889 rxns=863 biomass=bio1 growth=0.0000..0.0000  load=0.879s  pfba=0.410s
  [821/1000] MGYG000004016
    10 media  mets=1462 rxns=1581 biomass=bio1 growth=0.0000..0.0000  load=1.327s  pfba=0.891s
  [822/1000] MGYG000004026
    10 media  mets=1185 rxns=1307 biomass=bio1 growth=0.1465..0.7005  load=1.130s  pfba=43.606s
  [823/1000] MGYG000004027
    10 media  mets=1162 rxns=1301 biomass=bio1 growth=0.0000..1.7395  load=1.069s  pfba=38.084s
  [824/1000] MGYG000004028
    10 media  mets=1102 rxns=1241 biomass=bio1 growth=0.0000..1.5668  load=1.150s  pfba=27.526s
  [825/1000] MGYG000004031
    10 media  mets=1150 rxns=1292 biomass=bio1 growth=0.0000..0.0000  load=1.103s  pfba=0.568s
  [826/1000] MGYG000004035
    10 media  mets=1164 rxns=1245 biomass=bio1 growth=0.8344..2.3081  load=1.074s  pfba=40.163s
  [827/1000] MGYG000004038
    10 media  mets=658 rxns=625 biomass=bio1 growth=0.0000..0.0000  load=0.466s  pfba=0.297s
  [828/1000] MGYG000004046
    10 media  mets=1249 rxns=1430 biomass=bio1 growth=0.0000..0.4959  load=1.302s  pfba=46.627s
  [829/1000] MGYG000004048
    10 media  mets=1091 rxns=1204 biomass=bio1 growth=0.6616..1.9960  load=0.997s  pfba=37.018s
  [830/1000] MGYG000004058
    10 media  mets=1115 rxns=1195 biomass=bio1 growth=0.0000..1.3719  load=0.941s  pfba=33.225s
  [831/1000] MGYG000004064
    10 media  mets=1159 rxns=1299 biomass=bio1 growth=0.0000..2.1865  load=1.064s  pfba=26.237s
  [832/1000] MGYG000004081
    10 media  mets=1165 rxns=1209 biomass=bio1 growth=0.5342..0.6410  load=0.991s  pfba=38.162s
  [833/1000] MGYG000004085
    10 media  mets=1230 rxns=1308 biomass=bio1 growth=0.0000..1.5294  load=1.358s  pfba=26.192s
  [834/1000] MGYG000004086
    10 media  mets=606 rxns=574 biomass=bio1 growth=0.0000..0.1594  load=0.429s  pfba=8.838s
  [835/1000] MGYG000004093
    10 media  mets=1327 rxns=1411 biomass=bio1 growth=0.0000..0.4411  load=1.431s  pfba=46.016s
  [836/1000] MGYG000004097
    10 media  mets=1211 rxns=1352 biomass=bio1 growth=0.7218..2.0401  load=1.340s  pfba=46.567s
  [837/1000] MGYG000004099
    10 media  mets=1158 rxns=1277 biomass=bio1 growth=0.2233..1.1578  load=1.053s  pfba=41.862s
  [838/1000] MGYG000004101
    10 media  mets=560 rxns=548 biomass=bio1 growth=0.0000..0.1527  load=0.531s  pfba=7.818s
  [839/1000] MGYG000004104
    10 media  mets=864 rxns=945 biomass=bio1 growth=0.0000..0.0000  load=0.838s  pfba=0.449s
  [840/1000] MGYG000004105
    10 media  mets=1331 rxns=1495 biomass=bio1 growth=0.3365..0.8393  load=1.367s  pfba=58.460s
  [841/1000] MGYG000004106
    10 media  mets=989 rxns=1094 biomass=bio1 growth=0.3327..0.9944  load=0.992s  pfba=31.309s
  [842/1000] MGYG000004109
    10 media  mets=1205 rxns=1286 biomass=bio1 growth=0.0000..0.0000  load=1.055s  pfba=0.495s
  [843/1000] MGYG000004123
    10 media  mets=1255 rxns=1318 biomass=bio1 growth=0.0000..0.8802  load=1.108s  pfba=32.167s
  [844/1000] MGYG000004124
    10 media  mets=1105 rxns=1198 biomass=bio1 growth=0.0000..1.0208  load=0.958s  pfba=23.528s
  [845/1000] MGYG000004126
    10 media  mets=1112 rxns=1351 biomass=bio1 growth=0.4710..1.6472  load=1.073s  pfba=48.060s
  [846/1000] MGYG000004129
    10 media  mets=1248 rxns=1364 biomass=bio1 growth=0.0000..0.0000  load=1.497s  pfba=0.627s
  [847/1000] MGYG000004140
    10 media  mets=1302 rxns=1448 biomass=bio1 growth=0.6919..1.4394  load=1.439s  pfba=55.288s
  [848/1000] MGYG000004142
    10 media  mets=1288 rxns=1387 biomass=bio1 growth=0.3820..0.6749  load=1.502s  pfba=51.035s
  [849/1000] MGYG000004146
    10 media  mets=1009 rxns=1141 biomass=bio1 growth=0.0000..0.0000  load=1.097s  pfba=0.457s
  [850/1000] MGYG000004151
    TIMEOUT (>120s) — skipped
  [851/1000] MGYG000004158
    10 media  mets=1243 rxns=1281 biomass=bio1 growth=0.0192..0.1601  load=1.221s  pfba=42.480s
  [852/1000] MGYG000004159
    10 media  mets=1053 rxns=1217 biomass=bio1 growth=0.0000..1.4267  load=1.023s  pfba=36.260s
  [853/1000] MGYG000004162
    10 media  mets=696 rxns=655 biomass=bio1 growth=0.0000..0.0821  load=0.541s  pfba=11.728s
  [854/1000] MGYG000004163
    10 media  mets=1353 rxns=1456 biomass=bio1 growth=0.0000..0.7147  load=1.497s  pfba=33.945s
  [855/1000] MGYG000004168
    10 media  mets=1334 rxns=1522 biomass=bio1 growth=0.0000..2.3750  load=1.457s  pfba=39.289s
  [856/1000] MGYG000004172
    10 media  mets=1292 rxns=1513 biomass=bio1 growth=0.7846..1.6053  load=1.944s  pfba=57.517s
  [857/1000] MGYG000004173
    10 media  mets=1246 rxns=1347 biomass=bio1 growth=0.0000..0.8084  load=1.113s  pfba=41.103s
  [858/1000] MGYG000004175
    10 media  mets=710 rxns=669 biomass=bio1 growth=0.0000..0.0000  load=0.518s  pfba=0.209s
  [859/1000] MGYG000004181
    10 media  mets=1156 rxns=1243 biomass=bio1 growth=0.4773..1.3935  load=1.111s  pfba=39.725s
  [860/1000] MGYG000004189
    10 media  mets=1197 rxns=1256 biomass=bio1 growth=0.0000..0.3087  load=1.101s  pfba=36.296s
  [861/1000] MGYG000004191
    10 media  mets=871 rxns=829 biomass=bio1 growth=0.0000..0.0000  load=0.658s  pfba=0.277s
  [862/1000] MGYG000004194
    10 media  mets=1145 rxns=1249 biomass=bio1 growth=0.0000..1.6650  load=1.090s  pfba=28.466s
  [863/1000] MGYG000004200
    10 media  mets=1020 rxns=1098 biomass=bio1 growth=0.0000..0.2569  load=0.878s  pfba=29.012s
  [864/1000] MGYG000004216
    10 media  mets=693 rxns=665 biomass=bio1 growth=0.0000..0.0834  load=0.498s  pfba=11.613s
  [865/1000] MGYG000004221
    10 media  mets=869 rxns=969 biomass=bio1 growth=0.2622..1.0208  load=0.815s  pfba=24.120s
  [866/1000] MGYG000004222
    10 media  mets=905 rxns=850 biomass=bio1 growth=0.0000..0.0000  load=0.690s  pfba=0.317s
  [867/1000] MGYG000004223
    10 media  mets=1185 rxns=1277 biomass=bio1 growth=0.0000..1.8051  load=1.114s  pfba=28.649s
  [868/1000] MGYG000004228
    10 media  mets=720 rxns=675 biomass=bio1 growth=0.0000..0.0000  load=0.564s  pfba=0.205s
  [869/1000] MGYG000004230
    10 media  mets=1628 rxns=1879 biomass=bio1 growth=1.2272..3.3148  load=1.681s  pfba=86.174s
  [870/1000] MGYG000004231
    10 media  mets=1171 rxns=1301 biomass=bio1 growth=0.5587..1.6905  load=1.248s  pfba=41.473s
  [871/1000] MGYG000004232
    10 media  mets=1257 rxns=1431 biomass=bio1 growth=1.3339..2.6529  load=1.184s  pfba=52.006s
  [872/1000] MGYG000004236
    10 media  mets=1164 rxns=1202 biomass=bio1 growth=0.3525..0.5217  load=1.191s  pfba=38.140s
  [873/1000] MGYG000004241
    10 media  mets=1174 rxns=1311 biomass=bio1 growth=0.0000..0.9303  load=1.080s  pfba=30.637s
  [874/1000] MGYG000004245
    10 media  mets=1099 rxns=1135 biomass=bio1 growth=0.2819..1.1530  load=1.086s  pfba=32.048s
  [875/1000] MGYG000004248
    10 media  mets=1041 rxns=1145 biomass=bio1 growth=0.0000..1.0208  load=1.007s  pfba=20.441s
  [876/1000] MGYG000004255
    10 media  mets=1102 rxns=1210 biomass=bio1 growth=0.3143..0.8790  load=1.063s  pfba=38.589s
  [877/1000] MGYG000004256
    10 media  mets=1155 rxns=1275 biomass=bio1 growth=0.0000..1.0208  load=1.220s  pfba=24.379s
  [878/1000] MGYG000004259
    10 media  mets=935 rxns=971 biomass=bio1 growth=0.0000..0.2966  load=0.809s  pfba=9.949s
  [879/1000] MGYG000004271
    10 media  mets=1550 rxns=1794 biomass=bio1 growth=0.0000..2.1970  load=1.551s  pfba=52.814s
  [880/1000] MGYG000004274
    10 media  mets=1157 rxns=1300 biomass=bio1 growth=0.5636..1.6086  load=1.028s  pfba=42.960s
  [881/1000] MGYG000004276
    10 media  mets=1097 rxns=1193 biomass=bio1 growth=0.0000..0.3183  load=1.028s  pfba=31.768s
  [882/1000] MGYG000004278
    10 media  mets=1166 rxns=1199 biomass=bio1 growth=0.0000..0.3140  load=1.092s  pfba=22.021s
  [883/1000] MGYG000004279
    10 media  mets=1040 rxns=1098 biomass=bio1 growth=0.0000..0.0000  load=0.905s  pfba=0.486s
  [884/1000] MGYG000004288
    10 media  mets=1333 rxns=1478 biomass=bio1 growth=0.0000..1.9036  load=1.299s  pfba=48.688s
  [885/1000] MGYG000004290
    10 media  mets=1211 rxns=1374 biomass=bio1 growth=0.0000..1.0698  load=1.276s  pfba=33.429s
  [886/1000] MGYG000004296
    10 media  mets=1338 rxns=1537 biomass=bio1 growth=0.0503..0.7949  load=1.356s  pfba=58.471s
  [887/1000] MGYG000004297
    10 media  mets=1153 rxns=1277 biomass=bio1 growth=0.0000..2.1367  load=1.136s  pfba=24.447s
  [888/1000] MGYG000004309
    10 media  mets=1425 rxns=1625 biomass=bio1 growth=1.3480..2.7644  load=1.335s  pfba=64.318s
  [889/1000] MGYG000004311
    10 media  mets=748 rxns=742 biomass=bio1 growth=0.0000..0.1524  load=0.595s  pfba=14.218s
  [890/1000] MGYG000004320
    10 media  mets=1171 rxns=1318 biomass=bio1 growth=0.8218..1.9402  load=1.045s  pfba=45.178s
  [891/1000] MGYG000004321
    10 media  mets=1365 rxns=1603 biomass=bio1 growth=0.4772..1.3086  load=1.283s  pfba=62.599s
  [892/1000] MGYG000004329
    10 media  mets=1308 rxns=1495 biomass=bio1 growth=0.7699..1.1533  load=1.191s  pfba=56.884s
  [893/1000] MGYG000004331
    10 media  mets=1136 rxns=1259 biomass=bio1 growth=0.6977..2.1049  load=1.004s  pfba=40.217s
  [894/1000] MGYG000004339
    10 media  mets=829 rxns=847 biomass=bio1 growth=0.0000..0.0000  load=0.772s  pfba=0.364s
  [895/1000] MGYG000004341
    10 media  mets=1169 rxns=1232 biomass=bio1 growth=0.0000..0.3798  load=1.169s  pfba=24.000s
  [896/1000] MGYG000004349
    10 media  mets=1172 rxns=1319 biomass=bio1 growth=0.3715..1.8107  load=1.364s  pfba=45.760s
  [897/1000] MGYG000004360
    10 media  mets=902 rxns=909 biomass=bio1 growth=0.0000..0.8643  load=0.776s  pfba=13.164s
  [898/1000] MGYG000004362
    10 media  mets=824 rxns=873 biomass=bio1 growth=0.0000..1.5808  load=0.726s  pfba=12.421s
  [899/1000] MGYG000004367
    10 media  mets=1186 rxns=1325 biomass=bio1 growth=0.8074..2.1960  load=1.241s  pfba=44.721s
  [900/1000] MGYG000004376
    10 media  mets=1130 rxns=1271 biomass=bio1 growth=0.0000..0.9811  load=1.047s  pfba=28.950s
  [901/1000] MGYG000004394
    10 media  mets=675 rxns=633 biomass=bio1 growth=0.0000..0.0000  load=0.492s  pfba=0.272s
  [902/1000] MGYG000004396
    10 media  mets=1135 rxns=1293 biomass=bio1 growth=0.8240..2.1534  load=1.021s  pfba=42.997s
  [903/1000] MGYG000004402
    10 media  mets=1205 rxns=1388 biomass=bio1 growth=0.0000..1.2867  load=1.139s  pfba=42.810s
  [904/1000] MGYG000004408
    10 media  mets=1087 rxns=1158 biomass=bio1 growth=0.0000..0.9646  load=0.972s  pfba=32.658s
  [905/1000] MGYG000004420
    10 media  mets=1156 rxns=1186 biomass=bio1 growth=0.0000..0.3448  load=1.049s  pfba=26.400s
  [906/1000] MGYG000004424
    10 media  mets=941 rxns=1097 biomass=bio1 growth=0.2900..0.7075  load=0.819s  pfba=30.129s
  [907/1000] MGYG000004426
    10 media  mets=593 rxns=530 biomass=bio1 growth=0.0000..0.0000  load=0.406s  pfba=0.177s
  [908/1000] MGYG000004427
    10 media  mets=792 rxns=744 biomass=bio1 growth=0.0000..0.0000  load=0.595s  pfba=0.257s
  [909/1000] MGYG000004428
    10 media  mets=1242 rxns=1337 biomass=bio1 growth=0.3579..0.7280  load=1.107s  pfba=46.207s
  [910/1000] MGYG000004430
    10 media  mets=1328 rxns=1496 biomass=bio1 growth=0.3290..0.8578  load=1.337s  pfba=55.501s
  [911/1000] MGYG000004434
    10 media  mets=906 rxns=958 biomass=bio1 growth=0.0000..0.0000  load=0.771s  pfba=0.347s
  [912/1000] MGYG000004437
    10 media  mets=752 rxns=734 biomass=bio1 growth=0.0000..0.0000  load=0.728s  pfba=0.248s
  [913/1000] MGYG000004445
    10 media  mets=893 rxns=897 biomass=bio1 growth=0.0000..0.0000  load=0.752s  pfba=0.336s
  [914/1000] MGYG000004451
    10 media  mets=833 rxns=851 biomass=bio1 growth=0.0000..0.0000  load=0.670s  pfba=0.394s
  [915/1000] MGYG000004455
    10 media  mets=668 rxns=655 biomass=bio1 growth=0.0000..0.0000  load=0.507s  pfba=0.207s
  [916/1000] MGYG000004456
    10 media  mets=1360 rxns=1612 biomass=bio1 growth=0.0000..1.7132  load=1.318s  pfba=43.786s
  [917/1000] MGYG000004458
    10 media  mets=873 rxns=815 biomass=bio1 growth=0.0000..0.0000  load=0.657s  pfba=0.357s
  [918/1000] MGYG000004464
    10 media  mets=1227 rxns=1365 biomass=bio1 growth=0.0000..0.8824  load=1.201s  pfba=28.628s
  [919/1000] MGYG000004467
    10 media  mets=1133 rxns=1280 biomass=bio1 growth=0.7444..1.9039  load=1.046s  pfba=41.747s
  [920/1000] MGYG000004468
    10 media  mets=1287 rxns=1437 biomass=bio1 growth=0.4264..0.9039  load=1.296s  pfba=53.420s
  [921/1000] MGYG000004473
    10 media  mets=1159 rxns=1249 biomass=bio1 growth=0.0000..0.6758  load=1.145s  pfba=36.633s
  [922/1000] MGYG000004475
    10 media  mets=1057 rxns=1147 biomass=bio1 growth=0.0000..0.0000  load=0.925s  pfba=0.467s
  [923/1000] MGYG000004479
    10 media  mets=1501 rxns=1775 biomass=bio1 growth=0.0000..2.1747  load=1.631s  pfba=55.200s
  [924/1000] MGYG000004489
    10 media  mets=1076 rxns=1123 biomass=bio1 growth=0.0000..0.0000  load=0.934s  pfba=0.483s
  [925/1000] MGYG000004492
    10 media  mets=969 rxns=995 biomass=bio1 growth=0.0000..1.2988  load=0.837s  pfba=23.510s
  [926/1000] MGYG000004493
    10 media  mets=1125 rxns=1242 biomass=bio1 growth=0.0000..0.9127  load=1.232s  pfba=28.866s
  [927/1000] MGYG000004494
    10 media  mets=828 rxns=768 biomass=bio1 growth=0.0000..0.0000  load=0.629s  pfba=0.280s
  [928/1000] MGYG000004498
    10 media  mets=821 rxns=866 biomass=bio1 growth=0.0425..0.2201  load=0.664s  pfba=19.731s
  [929/1000] MGYG000004499
    10 media  mets=1282 rxns=1426 biomass=bio1 growth=0.8625..2.2761  load=1.389s  pfba=53.029s
  [930/1000] MGYG000004503
    10 media  mets=978 rxns=1048 biomass=bio1 growth=0.0000..0.2641  load=0.929s  pfba=25.886s
  [931/1000] MGYG000004507
    10 media  mets=630 rxns=617 biomass=bio1 growth=0.0000..0.0000  load=0.498s  pfba=0.282s
  [932/1000] MGYG000004515
    10 media  mets=766 rxns=731 biomass=bio1 growth=0.0000..0.0000  load=0.605s  pfba=0.230s
  [933/1000] MGYG000004517
    10 media  mets=1135 rxns=1251 biomass=bio1 growth=0.0000..1.1675  load=1.011s  pfba=38.128s
  [934/1000] MGYG000004518
    10 media  mets=1184 rxns=1262 biomass=bio1 growth=0.0000..0.0000  load=1.144s  pfba=0.814s
  [935/1000] MGYG000004520
    10 media  mets=1134 rxns=1248 biomass=bio1 growth=0.3694..0.9944  load=1.146s  pfba=41.914s
  [936/1000] MGYG000004526
    10 media  mets=1009 rxns=1106 biomass=bio1 growth=0.0000..0.0000  load=0.884s  pfba=0.586s
  [937/1000] MGYG000004540
    10 media  mets=835 rxns=791 biomass=bio1 growth=0.0000..0.0000  load=0.631s  pfba=0.280s
  [938/1000] MGYG000004545
    10 media  mets=877 rxns=921 biomass=bio1 growth=0.0000..0.0000  load=0.743s  pfba=0.544s
  [939/1000] MGYG000004550
    10 media  mets=1148 rxns=1281 biomass=bio1 growth=0.8119..2.0094  load=1.085s  pfba=44.877s
  [940/1000] MGYG000004562
    10 media  mets=1192 rxns=1293 biomass=bio1 growth=0.6390..1.0949  load=1.172s  pfba=46.408s
  [941/1000] MGYG000004565
    10 media  mets=1105 rxns=1213 biomass=bio1 growth=0.2473..0.6850  load=1.265s  pfba=40.919s
  [942/1000] MGYG000004567
    10 media  mets=1195 rxns=1360 biomass=bio1 growth=0.2166..1.1591  load=1.331s  pfba=48.840s
  [943/1000] MGYG000004569
    10 media  mets=1093 rxns=1191 biomass=bio1 growth=0.0000..0.6793  load=1.245s  pfba=27.865s
  [944/1000] MGYG000004584
    10 media  mets=1080 rxns=1228 biomass=bio1 growth=0.4544..1.1438  load=1.044s  pfba=38.395s
  [945/1000] MGYG000004590
    10 media  mets=1160 rxns=1305 biomass=bio1 growth=0.0000..0.0000  load=1.219s  pfba=0.755s
  [946/1000] MGYG000004593
    10 media  mets=1307 rxns=1473 biomass=bio1 growth=0.4204..1.7751  load=1.615s  pfba=53.260s
  [947/1000] MGYG000004594
    10 media  mets=901 rxns=853 biomass=bio1 growth=0.0000..0.0000  load=0.830s  pfba=0.275s
  [948/1000] MGYG000004599
    10 media  mets=1427 rxns=1616 biomass=bio1 growth=0.8016..1.6508  load=1.384s  pfba=63.345s
  [949/1000] MGYG000004606
    10 media  mets=829 rxns=899 biomass=bio1 growth=0.0000..0.1862  load=0.698s  pfba=18.700s
  [950/1000] MGYG000004608
    10 media  mets=1033 rxns=1138 biomass=bio1 growth=0.4719..1.1372  load=0.915s  pfba=32.421s
  [951/1000] MGYG000004611
    10 media  mets=1315 rxns=1402 biomass=bio1 growth=0.3799..0.6785  load=1.150s  pfba=50.734s
  [952/1000] MGYG000004615
    10 media  mets=1042 rxns=1097 biomass=bio1 growth=0.0000..0.9944  load=1.031s  pfba=27.680s
  [953/1000] MGYG000004627
    10 media  mets=1092 rxns=1215 biomass=bio1 growth=0.2628..0.6539  load=1.097s  pfba=37.656s
  [954/1000] MGYG000004647
    10 media  mets=1321 rxns=1383 biomass=bio1 growth=0.1824..0.1824  load=1.143s  pfba=47.780s
  [955/1000] MGYG000004652
    10 media  mets=1396 rxns=1665 biomass=bio1 growth=0.2394..1.4311  load=1.434s  pfba=66.534s
  [956/1000] MGYG000004655
    10 media  mets=1273 rxns=1414 biomass=bio1 growth=0.3018..0.8489  load=1.268s  pfba=50.848s
  [957/1000] MGYG000004663
    10 media  mets=1293 rxns=1389 biomass=bio1 growth=0.0000..0.0000  load=1.249s  pfba=0.832s
  [958/1000] MGYG000004664
    10 media  mets=1206 rxns=1354 biomass=bio1 growth=0.0000..1.4591  load=1.096s  pfba=28.216s
  [959/1000] MGYG000004666
    10 media  mets=1185 rxns=1298 biomass=bio1 growth=0.7123..1.9366  load=1.039s  pfba=43.410s
  [960/1000] MGYG000004667
    10 media  mets=1825 rxns=2259 biomass=bio1 growth=1.4791..3.3686  load=2.110s  pfba=123.643s
  [961/1000] MGYG000004683
    10 media  mets=1137 rxns=1199 biomass=bio1 growth=0.0000..0.3147  load=1.056s  pfba=22.865s
  [962/1000] MGYG000004688
    10 media  mets=1195 rxns=1300 biomass=bio1 growth=0.0000..0.0000  load=1.037s  pfba=0.650s
  [963/1000] MGYG000004691
    10 media  mets=1366 rxns=1610 biomass=bio1 growth=0.0000..2.4320  load=1.927s  pfba=44.135s
  [964/1000] MGYG000004692
    10 media  mets=1200 rxns=1320 biomass=bio1 growth=0.7734..2.0853  load=1.099s  pfba=44.000s
  [965/1000] MGYG000004701
    10 media  mets=1221 rxns=1284 biomass=bio1 growth=0.4349..0.7528  load=1.278s  pfba=42.543s
  [966/1000] MGYG000004711
    10 media  mets=1394 rxns=1579 biomass=bio1 growth=0.8547..1.7498  load=1.281s  pfba=63.832s
  [967/1000] MGYG000004715
    10 media  mets=1367 rxns=1498 biomass=bio1 growth=0.0000..0.0000  load=1.377s  pfba=0.722s
  [968/1000] MGYG000004716
    10 media  mets=1146 rxns=1238 biomass=bio1 growth=0.0000..0.6850  load=1.103s  pfba=22.915s
  [969/1000] MGYG000004717
    10 media  mets=1414 rxns=1643 biomass=bio1 growth=0.3194..0.4916  load=1.418s  pfba=67.481s
  [970/1000] MGYG000004732
    10 media  mets=1352 rxns=1537 biomass=bio1 growth=0.0000..0.0000  load=1.389s  pfba=0.813s
  [971/1000] MGYG000004733
    10 media  mets=1460 rxns=1699 biomass=bio1 growth=0.9853..2.7061  load=1.416s  pfba=71.673s
  [972/1000] MGYG000004762
    10 media  mets=1545 rxns=1766 biomass=bio1 growth=1.0662..3.0949  load=1.618s  pfba=78.437s
  [973/1000] MGYG000004763
    10 media  mets=1421 rxns=1630 biomass=bio1 growth=0.5795..1.3680  load=1.341s  pfba=65.125s
  [974/1000] MGYG000004769
    10 media  mets=1467 rxns=1559 biomass=bio1 growth=0.4252..0.5936  load=1.337s  pfba=60.583s
  [975/1000] MGYG000004770
    10 media  mets=1486 rxns=1724 biomass=bio1 growth=0.4481..0.7744  load=1.422s  pfba=71.992s
  [976/1000] MGYG000004773
    10 media  mets=1405 rxns=1609 biomass=bio1 growth=0.2775..0.9551  load=1.379s  pfba=65.078s
  [977/1000] MGYG000004781
    10 media  mets=1669 rxns=1967 biomass=bio1 growth=0.0000..3.0214  load=1.650s  pfba=58.082s
  [978/1000] MGYG000004783
    10 media  mets=1172 rxns=1285 biomass=bio1 growth=0.0000..0.9944  load=1.207s  pfba=37.129s
  [979/1000] MGYG000004789
    10 media  mets=1512 rxns=1804 biomass=bio1 growth=0.7395..1.9456  load=1.462s  pfba=78.467s
  [980/1000] MGYG000004790
    10 media  mets=1067 rxns=1172 biomass=bio1 growth=0.0000..0.2290  load=1.025s  pfba=30.902s
  [981/1000] MGYG000004792
    10 media  mets=1383 rxns=1657 biomass=bio1 growth=0.0000..1.2746  load=1.469s  pfba=60.107s
  [982/1000] MGYG000004799
    10 media  mets=1277 rxns=1452 biomass=bio1 growth=0.7284..1.8993  load=1.199s  pfba=52.422s
  [983/1000] MGYG000004806
    10 media  mets=1181 rxns=1340 biomass=bio1 growth=0.7062..2.0927  load=1.066s  pfba=45.959s
  [984/1000] MGYG000004812
    10 media  mets=1278 rxns=1341 biomass=bio1 growth=0.0428..0.2178  load=1.216s  pfba=46.300s
  [985/1000] MGYG000004816
    10 media  mets=1170 rxns=1240 biomass=bio1 growth=0.1701..0.3604  load=1.098s  pfba=40.064s
  [986/1000] MGYG000004829
    10 media  mets=1317 rxns=1394 biomass=bio1 growth=0.2530..0.3675  load=1.367s  pfba=46.837s
  [987/1000] MGYG000004836
    10 media  mets=1414 rxns=1552 biomass=bio1 growth=0.6074..0.9292  load=1.310s  pfba=61.673s
  [988/1000] MGYG000004841
    10 media  mets=1166 rxns=1233 biomass=bio1 growth=0.0000..1.3490  load=1.006s  pfba=35.556s
  [989/1000] MGYG000004842
    10 media  mets=1136 rxns=1333 biomass=bio1 growth=0.0000..1.2673  load=1.186s  pfba=31.890s
  [990/1000] MGYG000004846
    10 media  mets=1183 rxns=1319 biomass=bio1 growth=0.8261..2.1730  load=1.083s  pfba=44.458s
  [991/1000] MGYG000004847
    10 media  mets=1298 rxns=1447 biomass=bio1 growth=0.0000..1.2162  load=1.190s  pfba=38.208s
  [992/1000] MGYG000004855
    10 media  mets=1388 rxns=1630 biomass=bio1 growth=0.0000..2.7873  load=1.374s  pfba=45.413s
  [993/1000] MGYG000004864
    10 media  mets=1346 rxns=1467 biomass=bio1 growth=0.5332..0.7225  load=1.377s  pfba=53.497s
  [994/1000] MGYG000004865
    10 media  mets=1115 rxns=1254 biomass=bio1 growth=0.0000..1.9325  load=1.140s  pfba=24.297s
  [995/1000] MGYG000004871
    10 media  mets=1164 rxns=1306 biomass=bio1 growth=0.0836..0.5583  load=1.189s  pfba=42.017s
  [996/1000] MGYG000004877
    10 media  mets=1034 rxns=1181 biomass=bio1 growth=0.0000..0.7431  load=1.212s  pfba=21.527s
  [997/1000] MGYG000004879
    10 media  mets=1409 rxns=1617 biomass=bio1 growth=0.0000..2.1475  load=1.532s  pfba=53.691s
  [998/1000] MGYG000004880
    10 media  mets=1412 rxns=1574 biomass=bio1 growth=0.1993..0.7065  load=1.371s  pfba=52.998s
  [999/1000] MGYG000004893
    10 media  mets=1427 rxns=1676 biomass=bio1 growth=0.0000..0.0000  load=1.411s  pfba=0.786s
  [1000/1000] MGYG000004902
    10 media  mets=1338 rxns=1411 biomass=bio1 growth=0.0000..0.4718  load=1.182s  pfba=39.482s

============================================
  COBRApy CycleFreeFlux+pFBA Benchmark
============================================
Models:          1000
Completed:       9950
Timed out:       5  (>120s each)
Total load:      12135.9 s  (1.220 s/model)
Total CFF+pFBA:  44096.5 s  (4.432 s/model)
Total wall time: 7217.0 s
Peak memory:     223.1 MB
