model_id	n_metabolites	n_reactions	n_genes	biomass_rxn	growth_rate	load_time_s	pfba_time_s
MGYG000000002__gradient_L0_base_gapseq	1401	1622	530	bio1	0.428154	1.207012	5.367450
MGYG000000002__gradient_L1_inulin_gapseq	1401	1622	530	bio1	0.595639	1.210364	5.295153
MGYG000000002__gradient_L2_fos_gapseq	1401	1622	530	bio1	0.595639	1.232901	5.296693
MGYG000000002__gradient_L3_gos_gapseq	1401	1622	530	bio1	0.891223	1.242668	5.301524
MGYG000000002__gradient_L4_xos_gapseq	1401	1622	530	bio1	0.951684	1.260195	5.307412
MGYG000000002__gradient_L5_pectin_gapseq	1401	1622	530	bio1	0.951684	1.259005	5.388318
MGYG000000002__gradient_L6_resistant_starch_gapseq	1401	1622	530	bio1	1.515032	1.211601	5.384901
MGYG000000002__gradient_L7_bglucan_gapseq	1401	1622	530	bio1	1.715172	1.205585	5.299526
MGYG000000002__gradient_L8_hmo_gapseq	1401	1622	530	bio1	1.857208	1.274273	5.266759
MGYG000000002__gradient_L9_mos_gapseq	1401	1622	530	bio1	1.857208	1.247838	5.249924
MGYG000000014__gradient_L0_base_gapseq	1784	2176	727	bio1	1.360836	1.596276	9.389889
MGYG000000014__gradient_L1_inulin_gapseq	1784	2176	727	bio1	1.654639	1.657600	9.317810
MGYG000000014__gradient_L2_fos_gapseq	1784	2176	727	bio1	1.654639	1.679758	9.385723
MGYG000000014__gradient_L3_gos_gapseq	1784	2176	727	bio1	1.963789	1.752753	9.302520
MGYG000000014__gradient_L4_xos_gapseq	1784	2176	727	bio1	2.122634	1.692329	9.468389
MGYG000000014__gradient_L5_pectin_gapseq	1784	2176	727	bio1	2.122634	1.575623	9.406003
MGYG000000014__gradient_L6_resistant_starch_gapseq	1784	2176	727	bio1	2.720846	1.574740	9.441326
MGYG000000014__gradient_L7_bglucan_gapseq	1784	2176	727	bio1	2.920251	1.594478	9.488142
MGYG000000014__gradient_L8_hmo_gapseq	1784	2176	727	bio1	3.070526	1.677691	9.407137
MGYG000000014__gradient_L9_mos_gapseq	1784	2176	727	bio1	3.209242	1.694372	9.342654
MGYG000000030__gradient_L0_base_gapseq	1329	1501	372	bio1	0.000000	1.132865	0.054238
MGYG000000030__gradient_L1_inulin_gapseq	1329	1501	372	bio1	0.000000	1.150761	0.053827
MGYG000000030__gradient_L2_fos_gapseq	1329	1501	372	bio1	0.000000	1.100523	0.053164
MGYG000000030__gradient_L3_gos_gapseq	1329	1501	372	bio1	0.864462	1.165955	4.554751
MGYG000000030__gradient_L4_xos_gapseq	1329	1501	372	bio1	0.864462	1.095029	4.588589
MGYG000000030__gradient_L5_pectin_gapseq	1329	1501	372	bio1	0.864462	1.089840	4.501434
MGYG000000030__gradient_L6_resistant_starch_gapseq	1329	1501	372	bio1	1.372079	1.175699	4.491356
MGYG000000030__gradient_L7_bglucan_gapseq	1329	1501	372	bio1	1.553976	1.188327	4.497475
MGYG000000030__gradient_L8_hmo_gapseq	1329	1501	372	bio1	1.553976	1.087812	4.687382
MGYG000000030__gradient_L9_mos_gapseq	1329	1501	372	bio1	1.553976	1.101991	4.554636
MGYG000000040__gradient_L0_base_gapseq	1293	1415	361	bio1	0.000000	1.120679	0.059666
MGYG000000040__gradient_L1_inulin_gapseq	1293	1415	361	bio1	0.000000	1.109238	0.060450
MGYG000000040__gradient_L2_fos_gapseq	1293	1415	361	bio1	0.000000	1.038270	0.060296
MGYG000000040__gradient_L3_gos_gapseq	1293	1415	361	bio1	0.000000	1.129634	0.059895
MGYG000000040__gradient_L4_xos_gapseq	1293	1415	361	bio1	0.000000	1.053528	0.060720
MGYG000000040__gradient_L5_pectin_gapseq	1293	1415	361	bio1	0.000000	1.125630	0.060640
MGYG000000040__gradient_L6_resistant_starch_gapseq	1293	1415	361	bio1	0.000000	1.046446	0.060088
MGYG000000040__gradient_L7_bglucan_gapseq	1293	1415	361	bio1	0.000000	1.165519	0.061033
MGYG000000040__gradient_L8_hmo_gapseq	1293	1415	361	bio1	0.000000	1.049755	0.062595
MGYG000000040__gradient_L9_mos_gapseq	1293	1415	361	bio1	0.000000	1.138896	0.060030
MGYG000000045__gradient_L0_base_gapseq	1295	1489	385	bio1	0.648042	1.094016	4.577658
MGYG000000045__gradient_L1_inulin_gapseq	1295	1489	385	bio1	0.870232	1.180310	4.554182
MGYG000000045__gradient_L2_fos_gapseq	1295	1489	385	bio1	0.870232	1.219143	4.561634
MGYG000000045__gradient_L3_gos_gapseq	1295	1489	385	bio1	1.062738	1.097122	4.700950
MGYG000000045__gradient_L4_xos_gapseq	1295	1489	385	bio1	1.062738	1.084400	4.543247
MGYG000000045__gradient_L5_pectin_gapseq	1295	1489	385	bio1	1.062738	1.148660	4.540466
MGYG000000045__gradient_L6_resistant_starch_gapseq	1295	1489	385	bio1	1.524313	1.147346	4.547690
MGYG000000045__gradient_L7_bglucan_gapseq	1295	1489	385	bio1	1.679672	1.107364	4.638762
MGYG000000045__gradient_L8_hmo_gapseq	1295	1489	385	bio1	1.679672	1.075179	4.558169
MGYG000000045__gradient_L9_mos_gapseq	1295	1489	385	bio1	1.787748	1.163988	4.567273
MGYG000000054__gradient_L0_base_gapseq	1395	1680	514	bio1	1.440287	1.319773	5.508917
MGYG000000054__gradient_L1_inulin_gapseq	1395	1680	514	bio1	1.588210	1.292111	5.508518
MGYG000000054__gradient_L2_fos_gapseq	1395	1680	514	bio1	1.588210	1.293014	5.511378
MGYG000000054__gradient_L3_gos_gapseq	1395	1680	514	bio1	1.699152	1.320776	5.526434
MGYG000000054__gradient_L4_xos_gapseq	1395	1680	514	bio1	1.790630	1.230086	5.648515
MGYG000000054__gradient_L5_pectin_gapseq	1395	1680	514	bio1	1.849020	1.216512	5.617215
MGYG000000054__gradient_L6_resistant_starch_gapseq	1395	1680	514	bio1	2.499963	1.226517	5.623855
MGYG000000054__gradient_L7_bglucan_gapseq	1395	1680	514	bio1	2.708542	1.258703	5.549385
MGYG000000054__gradient_L8_hmo_gapseq	1395	1680	514	bio1	2.708542	1.310238	5.509744
MGYG000000054__gradient_L9_mos_gapseq	1395	1680	514	bio1	2.844029	1.295798	5.533010
MGYG000000055__gradient_L0_base_gapseq	1288	1495	375	bio1	0.000000	1.143764	0.061319
MGYG000000055__gradient_L1_inulin_gapseq	1288	1495	375	bio1	0.000000	1.058795	0.061550
MGYG000000055__gradient_L2_fos_gapseq	1288	1495	375	bio1	0.000000	1.133212	0.060943
MGYG000000055__gradient_L3_gos_gapseq	1288	1495	375	bio1	0.000000	1.061214	0.061457
MGYG000000055__gradient_L4_xos_gapseq	1288	1495	375	bio1	0.000000	1.126223	0.062930
MGYG000000055__gradient_L5_pectin_gapseq	1288	1495	375	bio1	0.000000	1.087692	0.061885
MGYG000000055__gradient_L6_resistant_starch_gapseq	1288	1495	375	bio1	0.000000	1.179870	0.060061
MGYG000000055__gradient_L7_bglucan_gapseq	1288	1495	375	bio1	0.000000	1.064860	0.059422
MGYG000000055__gradient_L8_hmo_gapseq	1288	1495	375	bio1	0.000000	1.159340	0.060498
MGYG000000055__gradient_L9_mos_gapseq	1288	1495	375	bio1	0.000000	1.077236	0.060741
MGYG000000059__gradient_L0_base_gapseq	1359	1483	384	bio1	0.000000	1.195877	0.067388
MGYG000000059__gradient_L1_inulin_gapseq	1359	1483	384	bio1	0.000000	1.106657	0.067861
MGYG000000059__gradient_L2_fos_gapseq	1359	1483	384	bio1	0.000000	1.202808	0.067405
MGYG000000059__gradient_L3_gos_gapseq	1359	1483	384	bio1	0.000000	1.095338	0.069194
MGYG000000059__gradient_L4_xos_gapseq	1359	1483	384	bio1	0.852436	1.244932	4.555364
MGYG000000059__gradient_L5_pectin_gapseq	1359	1483	384	bio1	0.852436	1.094271	4.640168
MGYG000000059__gradient_L6_resistant_starch_gapseq	1359	1483	384	bio1	0.989840	1.105163	4.641717
MGYG000000059__gradient_L7_bglucan_gapseq	1359	1483	384	bio1	0.989840	1.130094	4.604217
MGYG000000059__gradient_L8_hmo_gapseq	1359	1483	384	bio1	0.989840	1.189999	4.523449
MGYG000000059__gradient_L9_mos_gapseq	1359	1483	384	bio1	0.989840	1.120233	4.601279
MGYG000000062__gradient_L0_base_gapseq	1370	1580	463	bio1	0.720512	1.301304	4.943377
MGYG000000062__gradient_L1_inulin_gapseq	1370	1580	463	bio1	1.083418	1.204360	5.105734
MGYG000000062__gradient_L2_fos_gapseq	1370	1580	463	bio1	1.083418	1.161062	5.032318
MGYG000000062__gradient_L3_gos_gapseq	1370	1580	463	bio1	1.190639	1.238823	4.964761
MGYG000000062__gradient_L4_xos_gapseq	1370	1580	463	bio1	1.190639	1.229488	4.967837
MGYG000000062__gradient_L5_pectin_gapseq	1370	1580	463	bio1	1.190639	1.234035	4.995324
MGYG000000062__gradient_L6_resistant_starch_gapseq	1370	1580	463	bio1	1.358830	1.161143	5.080890
MGYG000000062__gradient_L7_bglucan_gapseq	1370	1580	463	bio1	1.604809	1.132039	5.043014
MGYG000000062__gradient_L8_hmo_gapseq	1370	1580	463	bio1	1.604809	1.144694	4.973668
MGYG000000062__gradient_L9_mos_gapseq	1370	1580	463	bio1	1.772999	1.224398	4.960810
MGYG000000072__gradient_L0_base_gapseq	1263	1324	314	bio1	0.379587	0.968673	3.773594
MGYG000000072__gradient_L1_inulin_gapseq	1263	1324	314	bio1	0.534524	1.031412	3.772368
MGYG000000072__gradient_L2_fos_gapseq	1263	1324	314	bio1	0.534524	0.985427	3.844027
MGYG000000072__gradient_L3_gos_gapseq	1263	1324	314	bio1	0.836652	0.985414	3.775243
MGYG000000072__gradient_L4_xos_gapseq	1263	1324	314	bio1	0.836652	1.046307	3.753407
MGYG000000072__gradient_L5_pectin_gapseq	1263	1324	314	bio1	0.836652	0.992031	3.844831
MGYG000000072__gradient_L6_resistant_starch_gapseq	1263	1324	314	bio1	0.991590	0.990597	3.774754
MGYG000000072__gradient_L7_bglucan_gapseq	1263	1324	314	bio1	1.208192	1.027475	3.753923
MGYG000000072__gradient_L8_hmo_gapseq	1263	1324	314	bio1	1.208192	0.994586	3.862895
MGYG000000072__gradient_L9_mos_gapseq	1263	1324	314	bio1	1.208192	0.961635	3.833834
MGYG000000077__gradient_L0_base_gapseq	1443	1619	435	bio1	0.000000	1.328392	0.067056
MGYG000000077__gradient_L1_inulin_gapseq	1443	1619	435	bio1	0.000000	1.184494	0.065204
MGYG000000077__gradient_L2_fos_gapseq	1443	1619	435	bio1	0.000000	1.252441	0.065086
MGYG000000077__gradient_L3_gos_gapseq	1443	1619	435	bio1	0.975911	1.214690	5.445451
MGYG000000077__gradient_L4_xos_gapseq	1443	1619	435	bio1	0.975911	1.216196	5.382716
MGYG000000077__gradient_L5_pectin_gapseq	1443	1619	435	bio1	0.975911	1.217267	5.316403
MGYG000000077__gradient_L6_resistant_starch_gapseq	1443	1619	435	bio1	1.121214	1.259242	5.344229
MGYG000000077__gradient_L7_bglucan_gapseq	1443	1619	435	bio1	1.121214	1.267447	5.329632
MGYG000000077__gradient_L8_hmo_gapseq	1443	1619	435	bio1	1.121214	1.289506	5.380850
MGYG000000077__gradient_L9_mos_gapseq	1443	1619	435	bio1	1.266180	1.207055	5.404751
MGYG000000078__gradient_L0_base_gapseq	1345	1481	380	bio1	0.000000	1.170059	0.051331
MGYG000000078__gradient_L1_inulin_gapseq	1345	1481	380	bio1	0.000000	1.089173	0.052066
MGYG000000078__gradient_L2_fos_gapseq	1345	1481	380	bio1	0.000000	1.131200	0.051264
MGYG000000078__gradient_L3_gos_gapseq	1345	1481	380	bio1	0.573378	1.086309	4.395625
MGYG000000078__gradient_L4_xos_gapseq	1345	1481	380	bio1	0.573378	1.166657	4.405169
MGYG000000078__gradient_L5_pectin_gapseq	1345	1481	380	bio1	0.573378	1.163501	4.411516
MGYG000000078__gradient_L6_resistant_starch_gapseq	1345	1481	380	bio1	1.001525	1.084813	4.495808
MGYG000000078__gradient_L7_bglucan_gapseq	1345	1481	380	bio1	1.001525	1.080023	4.408739
MGYG000000078__gradient_L8_hmo_gapseq	1345	1481	380	bio1	1.001525	1.142817	4.408022
MGYG000000078__gradient_L9_mos_gapseq	1345	1481	380	bio1	1.072117	1.082155	4.535132
MGYG000000082__gradient_L0_base_gapseq	1761	1936	592	bio1	0.421917	1.548204	7.501633
MGYG000000082__gradient_L1_inulin_gapseq	1761	1936	592	bio1	0.546649	1.539925	7.565364
MGYG000000082__gradient_L2_fos_gapseq	1761	1936	592	bio1	0.546649	1.544076	7.488556
MGYG000000082__gradient_L3_gos_gapseq	1761	1936	592	bio1	0.546649	1.564985	7.488141
MGYG000000082__gradient_L4_xos_gapseq	1761	1936	592	bio1	0.546649	1.596447	7.479852
MGYG000000082__gradient_L5_pectin_gapseq	1761	1936	592	bio1	0.546649	1.544481	7.473039
MGYG000000082__gradient_L6_resistant_starch_gapseq	1761	1936	592	bio1	0.642744	1.538191	7.494102
MGYG000000082__gradient_L7_bglucan_gapseq	1761	1936	592	bio1	0.642744	1.557106	7.625597
MGYG000000082__gradient_L8_hmo_gapseq	1761	1936	592	bio1	0.642744	1.522944	7.541095
MGYG000000082__gradient_L9_mos_gapseq	1761	1936	592	bio1	0.642744	1.448948	7.570167
MGYG000000088__gradient_L0_base_gapseq	1472	1756	398	bio1	0.656396	1.271518	6.097608
MGYG000000088__gradient_L1_inulin_gapseq	1472	1756	398	bio1	0.872200	1.245009	6.045025
MGYG000000088__gradient_L2_fos_gapseq	1472	1756	398	bio1	0.872200	1.232091	6.055135
MGYG000000088__gradient_L3_gos_gapseq	1472	1756	398	bio1	1.086342	1.301957	5.995714
MGYG000000088__gradient_L4_xos_gapseq	1472	1756	398	bio1	1.086342	1.320202	5.996993
MGYG000000088__gradient_L5_pectin_gapseq	1472	1756	398	bio1	1.086342	1.314393	5.993182
MGYG000000088__gradient_L6_resistant_starch_gapseq	1472	1756	398	bio1	1.538988	1.305940	6.026281
MGYG000000088__gradient_L7_bglucan_gapseq	1472	1756	398	bio1	1.538988	1.357901	6.055235
MGYG000000088__gradient_L8_hmo_gapseq	1472	1756	398	bio1	1.538988	1.279292	6.099044
MGYG000000088__gradient_L9_mos_gapseq	1472	1756	398	bio1	1.644974	1.224437	6.057818
MGYG000000092__gradient_L0_base_gapseq	1395	1626	469	bio1	0.000000	1.293987	0.066707
MGYG000000092__gradient_L1_inulin_gapseq	1395	1626	469	bio1	0.000000	1.230825	0.066740
MGYG000000092__gradient_L2_fos_gapseq	1395	1626	469	bio1	0.000000	1.278614	0.067182
MGYG000000092__gradient_L3_gos_gapseq	1395	1626	469	bio1	0.000000	1.264665	0.065646
MGYG000000092__gradient_L4_xos_gapseq	1395	1626	469	bio1	1.389448	1.194623	5.393866
MGYG000000092__gradient_L5_pectin_gapseq	1395	1626	469	bio1	1.389448	1.344738	5.398751
MGYG000000092__gradient_L6_resistant_starch_gapseq	1395	1626	469	bio1	1.989884	1.295321	5.403612
MGYG000000092__gradient_L7_bglucan_gapseq	1395	1626	469	bio1	2.191475	1.306030	5.395168
MGYG000000092__gradient_L8_hmo_gapseq	1395	1626	469	bio1	2.334539	1.214719	5.496365
MGYG000000092__gradient_L9_mos_gapseq	1395	1626	469	bio1	2.334539	1.184030	5.474863
MGYG000000100__gradient_L0_base_gapseq	1374	1529	436	bio1	0.799313	1.120796	4.743240
MGYG000000100__gradient_L1_inulin_gapseq	1374	1529	436	bio1	0.982234	1.249001	4.747381
MGYG000000100__gradient_L2_fos_gapseq	1374	1529	436	bio1	0.982234	1.228163	4.786547
MGYG000000100__gradient_L3_gos_gapseq	1374	1529	436	bio1	0.982234	1.100568	4.823152
MGYG000000100__gradient_L4_xos_gapseq	1374	1529	436	bio1	0.982234	1.110302	4.817920
MGYG000000100__gradient_L5_pectin_gapseq	1374	1529	436	bio1	0.982234	1.130342	4.748814
MGYG000000100__gradient_L6_resistant_starch_gapseq	1374	1529	436	bio1	1.147671	1.225316	4.775784
MGYG000000100__gradient_L7_bglucan_gapseq	1374	1529	436	bio1	1.147671	1.226063	4.717971
MGYG000000100__gradient_L8_hmo_gapseq	1374	1529	436	bio1	1.147671	1.122564	4.875229
MGYG000000100__gradient_L9_mos_gapseq	1374	1529	436	bio1	1.312805	1.136414	4.753580
MGYG000000109__gradient_L0_base_gapseq	1405	1650	395	bio1	0.511984	1.226855	5.487213
MGYG000000109__gradient_L1_inulin_gapseq	1405	1650	395	bio1	0.697322	1.276616	5.576401
MGYG000000109__gradient_L2_fos_gapseq	1405	1650	395	bio1	0.697322	1.323778	5.502152
MGYG000000109__gradient_L3_gos_gapseq	1405	1650	395	bio1	0.864125	1.286485	5.515870
MGYG000000109__gradient_L4_xos_gapseq	1405	1650	395	bio1	0.891926	1.193669	5.601176
MGYG000000109__gradient_L5_pectin_gapseq	1405	1650	395	bio1	0.891926	1.188435	5.592552
MGYG000000109__gradient_L6_resistant_starch_gapseq	1405	1650	395	bio1	1.283451	1.250755	5.496744
MGYG000000109__gradient_L7_bglucan_gapseq	1405	1650	395	bio1	1.283451	1.305888	5.556960
MGYG000000109__gradient_L8_hmo_gapseq	1405	1650	395	bio1	1.283451	1.382168	5.523083
MGYG000000109__gradient_L9_mos_gapseq	1405	1650	395	bio1	1.376120	1.414800	5.525389
MGYG000000128__gradient_L0_base_gapseq	1104	1181	270	bio1	0.205896	0.934651	3.066171
MGYG000000128__gradient_L1_inulin_gapseq	1104	1181	270	bio1	0.360524	0.846002	3.122334
MGYG000000128__gradient_L2_fos_gapseq	1104	1181	270	bio1	0.360524	0.851171	3.069574
MGYG000000128__gradient_L3_gos_gapseq	1104	1181	270	bio1	0.468684	0.831970	3.141156
MGYG000000128__gradient_L4_xos_gapseq	1104	1181	270	bio1	0.468684	0.850681	3.049897
MGYG000000128__gradient_L5_pectin_gapseq	1104	1181	270	bio1	0.468684	0.926313	3.051209
MGYG000000128__gradient_L6_resistant_starch_gapseq	1104	1181	270	bio1	0.612902	0.831334	3.056946
MGYG000000128__gradient_L7_bglucan_gapseq	1104	1181	270	bio1	0.612902	0.933809	3.047448
MGYG000000128__gradient_L8_hmo_gapseq	1104	1181	270	bio1	0.612902	0.851672	3.171852
MGYG000000128__gradient_L9_mos_gapseq	1104	1181	270	bio1	0.757115	0.839111	3.054175
MGYG000000137__gradient_L0_base_gapseq	1371	1616	496	bio1	0.000000	1.176292	0.067738
MGYG000000137__gradient_L1_inulin_gapseq	1371	1616	496	bio1	0.000000	1.255612	0.068072
MGYG000000137__gradient_L2_fos_gapseq	1371	1616	496	bio1	0.000000	1.159924	0.068016
MGYG000000137__gradient_L3_gos_gapseq	1371	1616	496	bio1	1.389609	1.253930	5.119069
MGYG000000137__gradient_L4_xos_gapseq	1371	1616	496	bio1	1.409397	1.265012	5.089331
MGYG000000137__gradient_L5_pectin_gapseq	1371	1616	496	bio1	1.409397	1.225461	5.198466
MGYG000000137__gradient_L6_resistant_starch_gapseq	1371	1616	496	bio1	2.021319	1.211673	5.259202
MGYG000000137__gradient_L7_bglucan_gapseq	1371	1616	496	bio1	2.226765	1.203908	5.095835
MGYG000000137__gradient_L8_hmo_gapseq	1371	1616	496	bio1	2.226765	1.288842	5.108451
MGYG000000137__gradient_L9_mos_gapseq	1371	1616	496	bio1	2.226765	1.288576	5.087647
MGYG000000143__gradient_L0_base_gapseq	1288	1543	435	bio1	0.990541	1.109603	4.756901
MGYG000000143__gradient_L1_inulin_gapseq	1288	1543	435	bio1	1.328316	1.278997	4.785890
MGYG000000143__gradient_L2_fos_gapseq	1288	1543	435	bio1	1.328316	1.209626	4.771046
MGYG000000143__gradient_L3_gos_gapseq	1288	1543	435	bio1	1.676579	1.140278	4.854330
MGYG000000143__gradient_L4_xos_gapseq	1288	1543	435	bio1	1.676579	1.107962	4.869214
MGYG000000143__gradient_L5_pectin_gapseq	1288	1543	435	bio1	1.676579	1.145759	4.790419
MGYG000000143__gradient_L6_resistant_starch_gapseq	1288	1543	435	bio1	2.413209	1.180679	4.813276
MGYG000000143__gradient_L7_bglucan_gapseq	1288	1543	435	bio1	2.660160	1.195281	4.776310
MGYG000000143__gradient_L8_hmo_gapseq	1288	1543	435	bio1	2.837457	1.144125	4.865811
MGYG000000143__gradient_L9_mos_gapseq	1288	1543	435	bio1	3.006045	1.109900	4.753791
MGYG000000148__gradient_L0_base_gapseq	1391	1624	433	bio1	0.000000	1.253647	0.064043
MGYG000000148__gradient_L1_inulin_gapseq	1391	1624	433	bio1	0.000000	1.189441	0.064486
MGYG000000148__gradient_L2_fos_gapseq	1391	1624	433	bio1	0.000000	1.256225	0.064549
MGYG000000148__gradient_L3_gos_gapseq	1391	1624	433	bio1	1.816215	1.174761	5.462809
MGYG000000148__gradient_L4_xos_gapseq	1391	1624	433	bio1	1.854406	1.169339	5.478046
MGYG000000148__gradient_L5_pectin_gapseq	1391	1624	433	bio1	1.854406	1.171580	5.409715
MGYG000000148__gradient_L6_resistant_starch_gapseq	1391	1624	433	bio1	2.585499	1.310071	5.453817
MGYG000000148__gradient_L7_bglucan_gapseq	1391	1624	433	bio1	2.823504	1.278976	5.404245
MGYG000000148__gradient_L8_hmo_gapseq	1391	1624	433	bio1	2.990311	1.294072	5.364813
MGYG000000148__gradient_L9_mos_gapseq	1391	1624	433	bio1	2.990311	1.195361	5.476633
MGYG000000157__gradient_L0_base_gapseq	1412	1667	499	bio1	1.621030	1.208957	5.683125
MGYG000000157__gradient_L1_inulin_gapseq	1412	1667	499	bio1	1.789888	1.194262	5.672927
MGYG000000157__gradient_L2_fos_gapseq	1412	1667	499	bio1	1.789888	1.189504	5.582728
MGYG000000157__gradient_L3_gos_gapseq	1412	1667	499	bio1	2.138158	1.306704	5.584056
MGYG000000157__gradient_L4_xos_gapseq	1412	1667	499	bio1	2.176151	1.290372	5.584164
MGYG000000157__gradient_L5_pectin_gapseq	1412	1667	499	bio1	2.176151	1.302834	5.585443
MGYG000000157__gradient_L6_resistant_starch_gapseq	1412	1667	499	bio1	2.912796	1.280167	5.585746
MGYG000000157__gradient_L7_bglucan_gapseq	1412	1667	499	bio1	2.912796	1.187584	5.659747
MGYG000000157__gradient_L8_hmo_gapseq	1412	1667	499	bio1	2.912796	1.193119	5.675555
MGYG000000157__gradient_L9_mos_gapseq	1412	1667	499	bio1	2.912796	1.188094	5.567150
MGYG000000161__gradient_L0_base_gapseq	1236	1431	330	bio1	0.387044	1.118908	4.026520
MGYG000000161__gradient_L1_inulin_gapseq	1236	1431	330	bio1	0.545836	1.025777	4.115774
MGYG000000161__gradient_L2_fos_gapseq	1236	1431	330	bio1	0.545836	1.017587	4.047355
MGYG000000161__gradient_L3_gos_gapseq	1236	1431	330	bio1	0.709590	1.080513	4.041202
MGYG000000161__gradient_L4_xos_gapseq	1236	1431	330	bio1	0.709590	1.049043	4.131035
MGYG000000161__gradient_L5_pectin_gapseq	1236	1431	330	bio1	0.709590	1.010330	4.050272
MGYG000000161__gradient_L6_resistant_starch_gapseq	1236	1431	330	bio1	1.067172	1.082381	4.063547
MGYG000000161__gradient_L7_bglucan_gapseq	1236	1431	330	bio1	1.067172	1.096477	4.049281
MGYG000000161__gradient_L8_hmo_gapseq	1236	1431	330	bio1	1.067172	1.031478	4.137270
MGYG000000161__gradient_L9_mos_gapseq	1236	1431	330	bio1	1.144260	1.019581	4.064431
MGYG000000163__gradient_L0_base_gapseq	1487	1779	439	bio1	0.701155	1.334973	6.185008
MGYG000000163__gradient_L1_inulin_gapseq	1487	1779	439	bio1	0.917481	1.347766	6.236239
MGYG000000163__gradient_L2_fos_gapseq	1487	1779	439	bio1	0.917481	1.320889	6.217616
MGYG000000163__gradient_L3_gos_gapseq	1487	1779	439	bio1	1.103975	1.319780	6.225214
MGYG000000163__gradient_L4_xos_gapseq	1487	1779	439	bio1	1.117223	1.327613	6.210526
MGYG000000163__gradient_L5_pectin_gapseq	1487	1779	439	bio1	1.117223	1.248532	6.368896
MGYG000000163__gradient_L6_resistant_starch_gapseq	1487	1779	439	bio1	1.596352	1.267482	6.320795
MGYG000000163__gradient_L7_bglucan_gapseq	1487	1779	439	bio1	1.748702	1.258585	6.293291
MGYG000000163__gradient_L8_hmo_gapseq	1487	1779	439	bio1	1.748702	1.249528	6.245500
MGYG000000163__gradient_L9_mos_gapseq	1487	1779	439	bio1	1.854685	1.327483	6.240660
MGYG000000167__gradient_L0_base_gapseq	1158	1295	322	bio1	0.382421	0.918586	3.543893
MGYG000000167__gradient_L1_inulin_gapseq	1158	1295	322	bio1	0.573637	0.986161	3.548244
MGYG000000167__gradient_L2_fos_gapseq	1158	1295	322	bio1	0.573637	0.936158	3.640789
MGYG000000167__gradient_L3_gos_gapseq	1158	1295	322	bio1	0.745731	0.935557	3.608787
MGYG000000167__gradient_L4_xos_gapseq	1158	1295	322	bio1	0.745731	0.986486	3.604316
MGYG000000167__gradient_L5_pectin_gapseq	1158	1295	322	bio1	0.745731	0.950680	3.622950
MGYG000000167__gradient_L6_resistant_starch_gapseq	1158	1295	322	bio1	1.146745	0.930882	3.576911
MGYG000000167__gradient_L7_bglucan_gapseq	1158	1295	322	bio1	1.146745	0.990296	3.584042
MGYG000000167__gradient_L8_hmo_gapseq	1158	1295	322	bio1	1.146745	0.953710	3.650070
MGYG000000167__gradient_L9_mos_gapseq	1158	1295	322	bio1	1.240549	0.929861	3.606155
MGYG000000171__gradient_L0_base_gapseq	1416	1671	485	bio1	0.974537	1.351633	5.555216
MGYG000000171__gradient_L1_inulin_gapseq	1416	1671	485	bio1	1.117935	1.269666	5.486127
MGYG000000171__gradient_L2_fos_gapseq	1416	1671	485	bio1	1.117935	1.340769	5.480151
MGYG000000171__gradient_L3_gos_gapseq	1416	1671	485	bio1	1.431108	1.170243	5.604757
MGYG000000171__gradient_L4_xos_gapseq	1416	1671	485	bio1	1.484414	1.231624	5.534258
MGYG000000171__gradient_L5_pectin_gapseq	1416	1671	485	bio1	1.484414	1.174193	5.475043
MGYG000000171__gradient_L6_resistant_starch_gapseq	1416	1671	485	bio1	2.099655	1.306284	5.498290
MGYG000000171__gradient_L7_bglucan_gapseq	1416	1671	485	bio1	2.306215	1.342089	5.472978
MGYG000000171__gradient_L8_hmo_gapseq	1416	1671	485	bio1	2.452807	1.298564	5.454534
MGYG000000171__gradient_L9_mos_gapseq	1416	1671	485	bio1	2.452807	1.304604	5.562091
MGYG000000175__gradient_L0_base_gapseq	1657	1946	670	bio1	0.000000	1.513854	0.088251
MGYG000000175__gradient_L1_inulin_gapseq	1657	1946	670	bio1	0.000000	1.501126	0.090251
MGYG000000175__gradient_L2_fos_gapseq	1657	1946	670	bio1	0.000000	1.438630	0.185069
MGYG000000175__gradient_L3_gos_gapseq	1657	1946	670	bio1	0.000000	1.436905	0.090135
MGYG000000175__gradient_L4_xos_gapseq	1657	1946	670	bio1	0.000000	1.546343	0.092458
MGYG000000175__gradient_L5_pectin_gapseq	1657	1946	670	bio1	0.000000	1.577189	0.090838
MGYG000000175__gradient_L6_resistant_starch_gapseq	1657	1946	670	bio1	0.000000	1.425964	0.089143
MGYG000000175__gradient_L7_bglucan_gapseq	1657	1946	670	bio1	0.000000	1.570840	0.092614
MGYG000000175__gradient_L8_hmo_gapseq	1657	1946	670	bio1	0.000000	1.526830	0.092847
MGYG000000175__gradient_L9_mos_gapseq	1657	1946	670	bio1	0.000000	1.444750	0.095169
MGYG000000176__gradient_L0_base_gapseq	1715	1994	811	bio1	1.530278	1.649074	7.897635
MGYG000000176__gradient_L1_inulin_gapseq	1715	1994	811	bio1	1.868850	1.615416	7.911995
MGYG000000176__gradient_L2_fos_gapseq	1715	1994	811	bio1	1.868850	1.590572	8.053609
MGYG000000176__gradient_L3_gos_gapseq	1715	1994	811	bio1	2.201375	1.507655	8.036396
MGYG000000176__gradient_L4_xos_gapseq	1715	1994	811	bio1	2.390106	1.541751	7.984457
MGYG000000176__gradient_L5_pectin_gapseq	1715	1994	811	bio1	2.390106	1.509663	7.992834
MGYG000000176__gradient_L6_resistant_starch_gapseq	1715	1994	811	bio1	3.095995	1.513459	8.017878
MGYG000000176__gradient_L7_bglucan_gapseq	1715	1994	811	bio1	3.324773	1.508621	8.033836
MGYG000000176__gradient_L8_hmo_gapseq	1715	1994	811	bio1	3.485113	1.584835	7.922021
MGYG000000176__gradient_L9_mos_gapseq	1715	1994	811	bio1	3.641543	1.619348	7.946970
MGYG000000187__gradient_L0_base_gapseq	1332	1460	374	bio1	0.000000	1.153434	0.052989
MGYG000000187__gradient_L1_inulin_gapseq	1332	1460	374	bio1	0.000000	1.056079	0.052198
MGYG000000187__gradient_L2_fos_gapseq	1332	1460	374	bio1	0.000000	1.160671	0.052843
MGYG000000187__gradient_L3_gos_gapseq	1332	1460	374	bio1	0.856756	1.063697	4.449842
MGYG000000187__gradient_L4_xos_gapseq	1332	1460	374	bio1	0.856756	1.154453	4.460103
MGYG000000187__gradient_L5_pectin_gapseq	1332	1460	374	bio1	0.888827	1.124778	4.444560
MGYG000000187__gradient_L6_resistant_starch_gapseq	1332	1460	374	bio1	1.348651	1.052661	4.554431
MGYG000000187__gradient_L7_bglucan_gapseq	1332	1460	374	bio1	1.502465	1.047684	4.455716
MGYG000000187__gradient_L8_hmo_gapseq	1332	1460	374	bio1	1.502465	1.163619	4.460041
MGYG000000187__gradient_L9_mos_gapseq	1332	1460	374	bio1	1.573800	1.086097	4.527757
MGYG000000189__gradient_L0_base_gapseq	1433	1605	359	bio1	0.000000	1.261916	0.066693
MGYG000000189__gradient_L1_inulin_gapseq	1433	1605	359	bio1	0.000000	1.150778	0.068020
MGYG000000189__gradient_L2_fos_gapseq	1433	1605	359	bio1	0.000000	1.258304	0.068144
MGYG000000189__gradient_L3_gos_gapseq	1433	1605	359	bio1	0.898835	1.161739	5.301865
MGYG000000189__gradient_L4_xos_gapseq	1433	1605	359	bio1	0.898835	1.179798	5.347650
MGYG000000189__gradient_L5_pectin_gapseq	1433	1605	359	bio1	0.898835	1.180915	5.192287
MGYG000000189__gradient_L6_resistant_starch_gapseq	1433	1605	359	bio1	1.521121	1.225170	5.257722
MGYG000000189__gradient_L7_bglucan_gapseq	1433	1605	359	bio1	1.728751	1.193793	5.198459
MGYG000000189__gradient_L8_hmo_gapseq	1433	1605	359	bio1	1.728751	1.257572	5.209663
MGYG000000189__gradient_L9_mos_gapseq	1433	1605	359	bio1	1.728751	1.147660	5.301119
MGYG000000191__gradient_L0_base_gapseq	1870	2322	639	bio1	1.066132	1.775025	10.368892
MGYG000000191__gradient_L1_inulin_gapseq	1870	2322	639	bio1	1.334226	1.777936	10.438290
MGYG000000191__gradient_L2_fos_gapseq	1870	2322	639	bio1	1.334226	1.729205	10.428310
MGYG000000191__gradient_L3_gos_gapseq	1870	2322	639	bio1	1.431756	1.758219	10.493895
MGYG000000191__gradient_L4_xos_gapseq	1870	2322	639	bio1	1.511917	1.749695	10.532717
MGYG000000191__gradient_L5_pectin_gapseq	1870	2322	639	bio1	1.511917	1.673468	10.468611
MGYG000000191__gradient_L6_resistant_starch_gapseq	1870	2322	639	bio1	2.137173	1.728323	10.451482
MGYG000000191__gradient_L7_bglucan_gapseq	1870	2322	639	bio1	2.341584	1.672122	10.488999
MGYG000000191__gradient_L8_hmo_gapseq	1870	2322	639	bio1	2.341584	1.680339	10.399843
MGYG000000191__gradient_L9_mos_gapseq	1870	2322	639	bio1	2.473404	1.738106	10.594690
MGYG000000193__gradient_L0_base_gapseq	1362	1585	429	bio1	0.674146	1.142864	5.265362
MGYG000000193__gradient_L1_inulin_gapseq	1362	1585	429	bio1	0.781567	1.170895	5.176070
MGYG000000193__gradient_L2_fos_gapseq	1362	1585	429	bio1	0.781567	1.212886	5.180920
MGYG000000193__gradient_L3_gos_gapseq	1362	1585	429	bio1	0.998189	1.215594	5.197933
MGYG000000193__gradient_L4_xos_gapseq	1362	1585	429	bio1	1.074554	1.147840	5.287805
MGYG000000193__gradient_L5_pectin_gapseq	1362	1585	429	bio1	1.074554	1.147018	5.261786
MGYG000000193__gradient_L6_resistant_starch_gapseq	1362	1585	429	bio1	1.524107	1.167982	5.233727
MGYG000000193__gradient_L7_bglucan_gapseq	1362	1585	429	bio1	1.675473	1.208392	5.186496
MGYG000000193__gradient_L8_hmo_gapseq	1362	1585	429	bio1	1.785475	1.223238	5.297588
MGYG000000193__gradient_L9_mos_gapseq	1362	1585	429	bio1	1.854567	1.151094	5.296058
MGYG000000201__gradient_L0_base_gapseq	1485	1742	553	bio1	0.000000	1.241907	0.073316
MGYG000000201__gradient_L1_inulin_gapseq	1485	1742	553	bio1	0.000000	1.312358	0.075176
MGYG000000201__gradient_L2_fos_gapseq	1485	1742	553	bio1	0.000000	1.252441	0.074110
MGYG000000201__gradient_L3_gos_gapseq	1485	1742	553	bio1	1.300001	1.339153	6.069262
MGYG000000201__gradient_L4_xos_gapseq	1485	1742	553	bio1	1.487167	1.340077	6.037680
MGYG000000201__gradient_L5_pectin_gapseq	1485	1742	553	bio1	1.487167	1.327610	6.047954
MGYG000000201__gradient_L6_resistant_starch_gapseq	1485	1742	553	bio1	2.078727	1.337338	6.070246
MGYG000000201__gradient_L7_bglucan_gapseq	1485	1742	553	bio1	2.277113	1.328108	6.145117
MGYG000000201__gradient_L8_hmo_gapseq	1485	1742	553	bio1	2.420871	1.332716	6.030570
MGYG000000201__gradient_L9_mos_gapseq	1485	1742	553	bio1	2.524377	1.244327	6.167757
MGYG000000202__gradient_L0_base_gapseq	1586	1807	517	bio1	0.675504	1.484264	6.623304
MGYG000000202__gradient_L1_inulin_gapseq	1586	1807	517	bio1	1.001992	1.415086	6.576170
MGYG000000202__gradient_L2_fos_gapseq	1586	1807	517	bio1	1.001992	1.293892	6.688450
MGYG000000202__gradient_L3_gos_gapseq	1586	1807	517	bio1	1.327384	1.337551	6.662718
MGYG000000202__gradient_L4_xos_gapseq	1586	1807	517	bio1	1.474585	1.315937	6.637085
MGYG000000202__gradient_L5_pectin_gapseq	1586	1807	517	bio1	1.532691	1.295985	6.626271
MGYG000000202__gradient_L6_resistant_starch_gapseq	1586	1807	517	bio1	2.224149	1.287883	6.548401
MGYG000000202__gradient_L7_bglucan_gapseq	1586	1807	517	bio1	2.448365	1.386404	6.631429
MGYG000000202__gradient_L8_hmo_gapseq	1586	1807	517	bio1	2.602643	1.375004	6.602619
MGYG000000202__gradient_L9_mos_gapseq	1586	1807	517	bio1	2.753157	1.415212	6.568626
MGYG000000213__gradient_L0_base_gapseq	1429	1656	463	bio1	0.825660	1.211234	5.576719
MGYG000000213__gradient_L1_inulin_gapseq	1429	1656	463	bio1	1.103866	1.212383	5.519381
MGYG000000213__gradient_L2_fos_gapseq	1429	1656	463	bio1	1.103866	1.284446	5.513205
MGYG000000213__gradient_L3_gos_gapseq	1429	1656	463	bio1	1.403187	1.291036	5.533933
MGYG000000213__gradient_L4_xos_gapseq	1429	1656	463	bio1	1.543294	1.302442	5.564223
MGYG000000213__gradient_L5_pectin_gapseq	1429	1656	463	bio1	1.543294	1.224778	5.628512
MGYG000000213__gradient_L6_resistant_starch_gapseq	1429	1656	463	bio1	2.131321	1.208661	5.603400
MGYG000000213__gradient_L7_bglucan_gapseq	1429	1656	463	bio1	2.328745	1.204380	5.587774
MGYG000000213__gradient_L8_hmo_gapseq	1429	1656	463	bio1	2.328745	1.269840	5.568842
MGYG000000213__gradient_L9_mos_gapseq	1429	1656	463	bio1	2.464606	1.304613	5.531653
MGYG000000231__gradient_L0_base_gapseq	1425	1587	387	bio1	0.000000	1.193565	0.064726
MGYG000000231__gradient_L1_inulin_gapseq	1425	1587	387	bio1	0.000000	1.247461	0.070103
MGYG000000231__gradient_L2_fos_gapseq	1425	1587	387	bio1	0.000000	1.166599	0.070040
MGYG000000231__gradient_L3_gos_gapseq	1425	1587	387	bio1	0.665982	1.270217	5.072871
MGYG000000231__gradient_L4_xos_gapseq	1425	1587	387	bio1	0.665982	1.246932	5.080393
MGYG000000231__gradient_L5_pectin_gapseq	1425	1587	387	bio1	0.665982	1.178718	5.184976
MGYG000000231__gradient_L6_resistant_starch_gapseq	1425	1587	387	bio1	1.181973	1.178934	5.182020
MGYG000000231__gradient_L7_bglucan_gapseq	1425	1587	387	bio1	1.363989	1.155429	5.064194
MGYG000000231__gradient_L8_hmo_gapseq	1425	1587	387	bio1	1.363989	1.254949	5.080324
MGYG000000231__gradient_L9_mos_gapseq	1425	1587	387	bio1	1.453873	1.276703	5.066873
MGYG000000249__gradient_L0_base_gapseq	1405	1623	482	bio1	0.996483	1.202801	5.148065
MGYG000000249__gradient_L1_inulin_gapseq	1405	1623	482	bio1	1.278001	1.239563	5.133892
MGYG000000249__gradient_L2_fos_gapseq	1405	1623	482	bio1	1.278001	1.276300	5.142242
MGYG000000249__gradient_L3_gos_gapseq	1405	1623	482	bio1	1.561271	1.245886	5.141314
MGYG000000249__gradient_L4_xos_gapseq	1405	1623	482	bio1	1.631114	1.192178	5.170661
MGYG000000249__gradient_L5_pectin_gapseq	1405	1623	482	bio1	1.674708	1.195191	5.225693
MGYG000000249__gradient_L6_resistant_starch_gapseq	1405	1623	482	bio1	2.278657	1.151867	5.130979
MGYG000000249__gradient_L7_bglucan_gapseq	1405	1623	482	bio1	2.479973	1.240256	5.113496
MGYG000000249__gradient_L8_hmo_gapseq	1405	1623	482	bio1	2.479973	1.292634	5.152009
MGYG000000249__gradient_L9_mos_gapseq	1405	1623	482	bio1	2.479973	1.244429	5.138569
MGYG000000257__gradient_L0_base_gapseq	1165	1318	333	bio1	0.749695	0.928973	3.659533
MGYG000000257__gradient_L1_inulin_gapseq	1165	1318	333	bio1	1.040528	0.938510	3.588332
MGYG000000257__gradient_L2_fos_gapseq	1165	1318	333	bio1	1.040528	0.999312	3.578330
MGYG000000257__gradient_L3_gos_gapseq	1165	1318	333	bio1	1.335906	0.931182	3.675483
MGYG000000257__gradient_L4_xos_gapseq	1165	1318	333	bio1	1.335906	0.936078	3.596726
MGYG000000257__gradient_L5_pectin_gapseq	1165	1318	333	bio1	1.335906	0.996050	3.601646
MGYG000000257__gradient_L6_resistant_starch_gapseq	1165	1318	333	bio1	1.955753	0.929168	3.677639
MGYG000000257__gradient_L7_bglucan_gapseq	1165	1318	333	bio1	1.955753	0.925016	3.583538
MGYG000000257__gradient_L8_hmo_gapseq	1165	1318	333	bio1	1.955753	1.018114	3.586420
MGYG000000257__gradient_L9_mos_gapseq	1165	1318	333	bio1	2.098967	0.939688	3.592894
MGYG000000260__gradient_L0_base_gapseq	1066	1179	321	bio1	0.402733	0.928146	2.935682
MGYG000000260__gradient_L1_inulin_gapseq	1066	1179	321	bio1	0.498624	0.838039	2.931105
MGYG000000260__gradient_L2_fos_gapseq	1066	1179	321	bio1	0.498624	0.883616	2.945779
MGYG000000260__gradient_L3_gos_gapseq	1066	1179	321	bio1	0.671228	0.835697	3.035122
MGYG000000260__gradient_L4_xos_gapseq	1066	1179	321	bio1	0.671228	0.830269	2.952633
MGYG000000260__gradient_L5_pectin_gapseq	1066	1179	321	bio1	0.671228	0.902271	2.953362
MGYG000000260__gradient_L6_resistant_starch_gapseq	1066	1179	321	bio1	1.074817	0.835283	2.989767
MGYG000000260__gradient_L7_bglucan_gapseq	1066	1179	321	bio1	1.074817	0.887727	2.940462
MGYG000000260__gradient_L8_hmo_gapseq	1066	1179	321	bio1	1.074817	0.840535	2.948947
MGYG000000260__gradient_L9_mos_gapseq	1066	1179	321	bio1	1.168894	0.887649	2.955077
MGYG000000266__gradient_L0_base_gapseq	1159	1315	334	bio1	0.800235	1.014300	3.661654
MGYG000000266__gradient_L1_inulin_gapseq	1159	1315	334	bio1	1.093441	0.942705	3.662257
MGYG000000266__gradient_L2_fos_gapseq	1159	1315	334	bio1	1.093441	0.998061	3.672825
MGYG000000266__gradient_L3_gos_gapseq	1159	1315	334	bio1	1.388606	0.928990	3.739379
MGYG000000266__gradient_L4_xos_gapseq	1159	1315	334	bio1	1.388606	0.934060	3.669553
MGYG000000266__gradient_L5_pectin_gapseq	1159	1315	334	bio1	1.388606	0.989518	3.711922
MGYG000000266__gradient_L6_resistant_starch_gapseq	1159	1315	334	bio1	2.008004	0.933333	3.737193
MGYG000000266__gradient_L7_bglucan_gapseq	1159	1315	334	bio1	2.008004	0.948347	3.680651
MGYG000000266__gradient_L8_hmo_gapseq	1159	1315	334	bio1	2.008004	1.028784	3.657564
MGYG000000266__gradient_L9_mos_gapseq	1159	1315	334	bio1	2.151114	0.926740	3.713439
MGYG000000275__gradient_L0_base_gapseq	1167	1277	331	bio1	0.759900	0.988478	3.388459
MGYG000000275__gradient_L1_inulin_gapseq	1167	1277	331	bio1	0.907724	0.912340	3.462753
MGYG000000275__gradient_L2_fos_gapseq	1167	1277	331	bio1	0.907724	0.906828	3.393651
MGYG000000275__gradient_L3_gos_gapseq	1167	1277	331	bio1	1.204792	0.987224	3.398554
MGYG000000275__gradient_L4_xos_gapseq	1167	1277	331	bio1	1.204792	0.911419	3.489847
MGYG000000275__gradient_L5_pectin_gapseq	1167	1277	331	bio1	1.204792	0.914823	3.405240
MGYG000000275__gradient_L6_resistant_starch_gapseq	1167	1277	331	bio1	1.821669	0.983253	3.409491
MGYG000000275__gradient_L7_bglucan_gapseq	1167	1277	331	bio1	1.821669	0.919212	3.400250
MGYG000000275__gradient_L8_hmo_gapseq	1167	1277	331	bio1	1.821669	0.978123	3.409440
MGYG000000275__gradient_L9_mos_gapseq	1167	1277	331	bio1	1.964196	0.918521	3.475540
MGYG000000279__gradient_L0_base_gapseq	1299	1421	333	bio1	0.427779	1.113425	4.271082
MGYG000000279__gradient_L1_inulin_gapseq	1299	1421	333	bio1	0.557482	1.031348	4.347933
MGYG000000279__gradient_L2_fos_gapseq	1299	1421	333	bio1	0.557482	1.033645	4.279043
MGYG000000279__gradient_L3_gos_gapseq	1299	1421	333	bio1	0.557482	1.118115	4.277961
MGYG000000279__gradient_L4_xos_gapseq	1299	1421	333	bio1	0.557482	1.018148	4.359671
MGYG000000279__gradient_L5_pectin_gapseq	1299	1421	333	bio1	0.557482	1.030944	4.285012
MGYG000000279__gradient_L6_resistant_starch_gapseq	1299	1421	333	bio1	0.557482	1.115914	4.285567
MGYG000000279__gradient_L7_bglucan_gapseq	1299	1421	333	bio1	0.557482	1.105343	4.285273
MGYG000000279__gradient_L8_hmo_gapseq	1299	1421	333	bio1	0.557482	1.037404	4.367138
MGYG000000279__gradient_L9_mos_gapseq	1299	1421	333	bio1	0.557482	1.023360	4.282285
MGYG000000281__gradient_L0_base_gapseq	1509	1734	550	bio1	0.000000	1.324388	0.077420
MGYG000000281__gradient_L1_inulin_gapseq	1509	1734	550	bio1	0.000000	1.316678	0.077545
MGYG000000281__gradient_L2_fos_gapseq	1509	1734	550	bio1	0.000000	1.302034	0.077723
MGYG000000281__gradient_L3_gos_gapseq	1509	1734	550	bio1	1.567308	1.406305	6.025583
MGYG000000281__gradient_L4_xos_gapseq	1509	1734	550	bio1	1.719831	1.466245	6.032512
MGYG000000281__gradient_L5_pectin_gapseq	1509	1734	550	bio1	1.719831	1.392294	6.044183
MGYG000000281__gradient_L6_resistant_starch_gapseq	1509	1734	550	bio1	2.466379	1.388858	6.040990
MGYG000000281__gradient_L7_bglucan_gapseq	1509	1734	550	bio1	2.716654	1.360468	6.057313
MGYG000000281__gradient_L8_hmo_gapseq	1509	1734	550	bio1	2.716654	1.329681	6.141025
MGYG000000281__gradient_L9_mos_gapseq	1509	1734	550	bio1	2.853557	1.313628	6.240162
MGYG000000288__gradient_L0_base_gapseq	1137	1273	308	bio1	0.729892	0.907567	3.418250
MGYG000000288__gradient_L1_inulin_gapseq	1137	1273	308	bio1	1.019580	0.904006	3.306896
MGYG000000288__gradient_L2_fos_gapseq	1137	1273	308	bio1	1.019580	0.969770	3.300258
MGYG000000288__gradient_L3_gos_gapseq	1137	1273	308	bio1	1.313436	0.912014	3.312367
MGYG000000288__gradient_L4_xos_gapseq	1137	1273	308	bio1	1.348994	0.979521	3.309514
MGYG000000288__gradient_L5_pectin_gapseq	1137	1273	308	bio1	1.348994	0.919211	3.396646
MGYG000000288__gradient_L6_resistant_starch_gapseq	1137	1273	308	bio1	1.982340	0.901448	3.326568
MGYG000000288__gradient_L7_bglucan_gapseq	1137	1273	308	bio1	1.982340	0.986085	3.311126
MGYG000000288__gradient_L8_hmo_gapseq	1137	1273	308	bio1	1.982340	0.910932	3.334706
MGYG000000288__gradient_L9_mos_gapseq	1137	1273	308	bio1	2.128673	0.955599	3.320792
MGYG000000296__gradient_L0_base_gapseq	1300	1444	299	bio1	0.000000	1.039915	0.049267
MGYG000000296__gradient_L1_inulin_gapseq	1300	1444	299	bio1	0.000000	1.122669	0.048926
MGYG000000296__gradient_L2_fos_gapseq	1300	1444	299	bio1	0.000000	1.039336	0.049508
MGYG000000296__gradient_L3_gos_gapseq	1300	1444	299	bio1	1.021753	1.119112	4.232490
MGYG000000296__gradient_L4_xos_gapseq	1300	1444	299	bio1	1.063176	1.065112	4.332592
MGYG000000296__gradient_L5_pectin_gapseq	1300	1444	299	bio1	1.063176	1.041526	4.237383
MGYG000000296__gradient_L6_resistant_starch_gapseq	1300	1444	299	bio1	1.562551	1.107112	4.254731
MGYG000000296__gradient_L7_bglucan_gapseq	1300	1444	299	bio1	1.562551	1.040267	4.303159
MGYG000000296__gradient_L8_hmo_gapseq	1300	1444	299	bio1	1.562551	1.017050	4.202963
MGYG000000296__gradient_L9_mos_gapseq	1300	1444	299	bio1	1.562551	1.099970	4.201387
MGYG000000303__gradient_L0_base_gapseq	1289	1525	328	bio1	0.000000	1.147273	0.055267
MGYG000000303__gradient_L1_inulin_gapseq	1289	1525	328	bio1	0.000000	1.128978	0.056986
MGYG000000303__gradient_L2_fos_gapseq	1289	1525	328	bio1	0.000000	1.146153	0.056354
MGYG000000303__gradient_L3_gos_gapseq	1289	1525	328	bio1	0.707193	1.115959	4.776858
MGYG000000303__gradient_L4_xos_gapseq	1289	1525	328	bio1	0.770884	1.107116	4.700488
MGYG000000303__gradient_L5_pectin_gapseq	1289	1525	328	bio1	0.770884	1.170503	4.658637
MGYG000000303__gradient_L6_resistant_starch_gapseq	1289	1525	328	bio1	1.287487	1.098745	4.746954
MGYG000000303__gradient_L7_bglucan_gapseq	1289	1525	328	bio1	1.287487	1.077329	4.718793
MGYG000000303__gradient_L8_hmo_gapseq	1289	1525	328	bio1	1.287487	1.098697	4.646314
MGYG000000303__gradient_L9_mos_gapseq	1289	1525	328	bio1	1.391279	1.157773	4.661572
MGYG000000319__gradient_L0_base_gapseq	1140	1260	304	bio1	0.665692	0.921490	3.305563
MGYG000000319__gradient_L1_inulin_gapseq	1140	1260	304	bio1	0.857902	0.901849	3.207031
MGYG000000319__gradient_L2_fos_gapseq	1140	1260	304	bio1	0.857902	1.012495	3.221375
MGYG000000319__gradient_L3_gos_gapseq	1140	1260	304	bio1	1.047578	0.898246	3.313762
MGYG000000319__gradient_L4_xos_gapseq	1140	1260	304	bio1	1.047578	0.886186	3.234606
MGYG000000319__gradient_L5_pectin_gapseq	1140	1260	304	bio1	1.047578	0.983589	3.244392
MGYG000000319__gradient_L6_resistant_starch_gapseq	1140	1260	304	bio1	1.443646	0.904785	3.225866
MGYG000000319__gradient_L7_bglucan_gapseq	1140	1260	304	bio1	1.443646	0.972586	3.230164
MGYG000000319__gradient_L8_hmo_gapseq	1140	1260	304	bio1	1.443646	0.902716	3.317123
MGYG000000319__gradient_L9_mos_gapseq	1140	1260	304	bio1	1.443646	0.891659	3.217656
MGYG000000322__gradient_L0_base_gapseq	1371	1580	411	bio1	0.000000	1.146663	0.065128
MGYG000000322__gradient_L1_inulin_gapseq	1371	1580	411	bio1	0.000000	1.224820	0.064377
MGYG000000322__gradient_L2_fos_gapseq	1371	1580	411	bio1	0.000000	1.142644	0.063591
MGYG000000322__gradient_L3_gos_gapseq	1371	1580	411	bio1	1.366314	1.231479	5.118520
MGYG000000322__gradient_L4_xos_gapseq	1371	1580	411	bio1	1.366314	1.217505	5.145545
MGYG000000322__gradient_L5_pectin_gapseq	1371	1580	411	bio1	1.366314	1.148121	5.244429
MGYG000000322__gradient_L6_resistant_starch_gapseq	1371	1580	411	bio1	2.090402	1.171955	5.150146
MGYG000000322__gradient_L7_bglucan_gapseq	1371	1580	411	bio1	2.276100	1.218131	5.151940
MGYG000000322__gradient_L8_hmo_gapseq	1371	1580	411	bio1	2.276100	1.229591	5.151844
MGYG000000322__gradient_L9_mos_gapseq	1371	1580	411	bio1	2.276100	1.237771	5.143373
MGYG000000337__gradient_L0_base_gapseq	1929	2341	750	bio1	0.938823	1.774557	10.760522
MGYG000000337__gradient_L1_inulin_gapseq	1929	2341	750	bio1	1.169921	1.744218	10.733920
MGYG000000337__gradient_L2_fos_gapseq	1929	2341	750	bio1	1.169921	1.740317	10.756668
MGYG000000337__gradient_L3_gos_gapseq	1929	2341	750	bio1	1.393796	1.713396	10.900734
MGYG000000337__gradient_L4_xos_gapseq	1929	2341	750	bio1	1.437127	1.696143	10.823966
MGYG000000337__gradient_L5_pectin_gapseq	1929	2341	750	bio1	1.437127	1.685014	10.824957
MGYG000000337__gradient_L6_resistant_starch_gapseq	1929	2341	750	bio1	1.747664	1.682948	10.842067
MGYG000000337__gradient_L7_bglucan_gapseq	1929	2341	750	bio1	1.747664	1.700178	10.820221
MGYG000000337__gradient_L8_hmo_gapseq	1929	2341	750	bio1	1.747664	1.679239	10.895467
MGYG000000337__gradient_L9_mos_gapseq	1929	2341	750	bio1	1.863213	1.698704	10.866512
MGYG000000363__gradient_L0_base_gapseq	1240	1313	222	bio1	0.000000	1.008931	0.041633
MGYG000000363__gradient_L1_inulin_gapseq	1240	1313	222	bio1	0.000000	0.941877	0.042499
MGYG000000363__gradient_L2_fos_gapseq	1240	1313	222	bio1	0.000000	0.945869	0.042632
MGYG000000363__gradient_L3_gos_gapseq	1240	1313	222	bio1	0.352164	1.015857	3.535254
MGYG000000363__gradient_L4_xos_gapseq	1240	1313	222	bio1	0.352164	0.940832	3.619587
MGYG000000363__gradient_L5_pectin_gapseq	1240	1313	222	bio1	0.352164	0.942389	3.524663
MGYG000000363__gradient_L6_resistant_starch_gapseq	1240	1313	222	bio1	0.730044	1.001640	3.529699
MGYG000000363__gradient_L7_bglucan_gapseq	1240	1313	222	bio1	0.730044	0.958799	3.620321
MGYG000000363__gradient_L8_hmo_gapseq	1240	1313	222	bio1	0.730044	0.941716	3.582686
MGYG000000363__gradient_L9_mos_gapseq	1240	1313	222	bio1	0.771174	0.990683	3.536483
MGYG000000364__gradient_L0_base_gapseq	1319	1487	386	bio1	0.000000	1.079132	0.138005
MGYG000000364__gradient_L1_inulin_gapseq	1319	1487	386	bio1	0.000000	1.098266	0.056052
MGYG000000364__gradient_L2_fos_gapseq	1319	1487	386	bio1	0.000000	1.086474	0.133823
MGYG000000364__gradient_L3_gos_gapseq	1319	1487	386	bio1	0.567272	1.078480	4.567508
MGYG000000364__gradient_L4_xos_gapseq	1319	1487	386	bio1	0.567272	1.146742	4.548011
MGYG000000364__gradient_L5_pectin_gapseq	1319	1487	386	bio1	0.567272	1.091158	4.643516
MGYG000000364__gradient_L6_resistant_starch_gapseq	1319	1487	386	bio1	1.017450	1.098916	4.680671
MGYG000000364__gradient_L7_bglucan_gapseq	1319	1487	386	bio1	1.176284	1.075271	4.560274
MGYG000000364__gradient_L8_hmo_gapseq	1319	1487	386	bio1	1.176284	1.149255	4.577943
MGYG000000364__gradient_L9_mos_gapseq	1319	1487	386	bio1	1.249946	1.152136	4.642702
MGYG000000375__gradient_L0_base_gapseq	975	924	131	bio1	0.000000	0.671496	0.024254
MGYG000000375__gradient_L1_inulin_gapseq	975	924	131	bio1	0.000000	0.666669	0.028782
MGYG000000375__gradient_L2_fos_gapseq	975	924	131	bio1	0.000000	0.771975	0.029380
MGYG000000375__gradient_L3_gos_gapseq	975	924	131	bio1	0.000000	0.668846	0.027973
MGYG000000375__gradient_L4_xos_gapseq	975	924	131	bio1	0.000000	0.732358	0.028206
MGYG000000375__gradient_L5_pectin_gapseq	975	924	131	bio1	0.000000	0.793725	0.028041
MGYG000000375__gradient_L6_resistant_starch_gapseq	975	924	131	bio1	0.000000	0.736820	0.028030
MGYG000000375__gradient_L7_bglucan_gapseq	975	924	131	bio1	0.000000	0.670788	0.029275
MGYG000000375__gradient_L8_hmo_gapseq	975	924	131	bio1	0.000000	0.776290	0.027802
MGYG000000375__gradient_L9_mos_gapseq	975	924	131	bio1	0.000000	0.673997	0.028165
MGYG000000377__gradient_L0_base_gapseq	1297	1414	332	bio1	0.000000	1.076724	0.049936
MGYG000000377__gradient_L1_inulin_gapseq	1297	1414	332	bio1	0.000000	1.144704	0.054876
MGYG000000377__gradient_L2_fos_gapseq	1297	1414	332	bio1	0.000000	1.096407	0.054826
MGYG000000377__gradient_L3_gos_gapseq	1297	1414	332	bio1	0.000000	1.145617	0.054518
MGYG000000377__gradient_L4_xos_gapseq	1297	1414	332	bio1	0.621660	1.059395	4.321994
MGYG000000377__gradient_L5_pectin_gapseq	1297	1414	332	bio1	0.621660	1.073901	4.146693
MGYG000000377__gradient_L6_resistant_starch_gapseq	1297	1414	332	bio1	0.748370	1.116253	4.143231
MGYG000000377__gradient_L7_bglucan_gapseq	1297	1414	332	bio1	0.930362	1.053806	4.264922
MGYG000000377__gradient_L8_hmo_gapseq	1297	1414	332	bio1	0.930362	1.053891	4.160538
MGYG000000377__gradient_L9_mos_gapseq	1297	1414	332	bio1	0.930362	1.104466	4.184105
MGYG000000398__gradient_L0_base_gapseq	1515	1668	402	bio1	0.000000	1.204329	0.161307
MGYG000000398__gradient_L1_inulin_gapseq	1515	1668	402	bio1	0.000000	1.250889	0.074046
MGYG000000398__gradient_L2_fos_gapseq	1515	1668	402	bio1	0.000000	1.329998	0.074047
MGYG000000398__gradient_L3_gos_gapseq	1515	1668	402	bio1	0.975661	1.206607	5.461560
MGYG000000398__gradient_L4_xos_gapseq	1515	1668	402	bio1	0.975661	1.306192	5.473948
MGYG000000398__gradient_L5_pectin_gapseq	1515	1668	402	bio1	0.975661	1.269525	5.471845
MGYG000000398__gradient_L6_resistant_starch_gapseq	1515	1668	402	bio1	1.565030	1.335740	5.459081
MGYG000000398__gradient_L7_bglucan_gapseq	1515	1668	402	bio1	1.762518	1.340122	5.482095
MGYG000000398__gradient_L8_hmo_gapseq	1515	1668	402	bio1	1.762518	1.200834	5.558675
MGYG000000398__gradient_L9_mos_gapseq	1515	1668	402	bio1	1.762518	1.200942	5.578671
MGYG000000416__gradient_L0_base_gapseq	1056	1090	218	bio1	0.000000	0.778200	0.034545
MGYG000000416__gradient_L1_inulin_gapseq	1056	1090	218	bio1	0.000000	0.793737	0.123256
MGYG000000416__gradient_L2_fos_gapseq	1056	1090	218	bio1	0.000000	0.799646	0.034703
MGYG000000416__gradient_L3_gos_gapseq	1056	1090	218	bio1	0.229929	0.800456	2.547891
MGYG000000416__gradient_L4_xos_gapseq	1056	1090	218	bio1	0.229929	0.860799	2.545810
MGYG000000416__gradient_L5_pectin_gapseq	1056	1090	218	bio1	0.229929	0.786243	2.547179
MGYG000000416__gradient_L6_resistant_starch_gapseq	1056	1090	218	bio1	0.229929	0.840585	2.545922
MGYG000000416__gradient_L7_bglucan_gapseq	1056	1090	218	bio1	0.229929	0.784081	2.541322
MGYG000000416__gradient_L8_hmo_gapseq	1056	1090	218	bio1	0.229929	0.826258	2.546546
MGYG000000416__gradient_L9_mos_gapseq	1056	1090	218	bio1	0.229929	0.782077	2.540881
MGYG000000435__gradient_L0_base_gapseq	912	974	206	bio1	0.000000	0.687930	0.028937
MGYG000000435__gradient_L1_inulin_gapseq	912	974	206	bio1	0.335856	0.758676	2.061049
MGYG000000435__gradient_L2_fos_gapseq	912	974	206	bio1	0.335856	0.683353	2.060083
MGYG000000435__gradient_L3_gos_gapseq	912	974	206	bio1	0.614983	0.812100	2.050574
MGYG000000435__gradient_L4_xos_gapseq	912	974	206	bio1	0.678525	0.678003	2.069958
MGYG000000435__gradient_L5_pectin_gapseq	912	974	206	bio1	0.728449	0.734365	2.067846
MGYG000000435__gradient_L6_resistant_starch_gapseq	912	974	206	bio1	1.343729	0.676511	2.052810
MGYG000000435__gradient_L7_bglucan_gapseq	912	974	206	bio1	1.556918	0.698515	2.130074
MGYG000000435__gradient_L8_hmo_gapseq	912	974	206	bio1	1.556918	0.675062	2.057729
MGYG000000435__gradient_L9_mos_gapseq	912	974	206	bio1	1.660282	0.682574	2.136162
MGYG000000442__gradient_L0_base_gapseq	1390	1512	419	bio1	0.484874	1.154339	4.772855
MGYG000000442__gradient_L1_inulin_gapseq	1390	1512	419	bio1	0.484874	1.165828	4.771801
MGYG000000442__gradient_L2_fos_gapseq	1390	1512	419	bio1	0.484874	1.118289	4.943882
MGYG000000442__gradient_L3_gos_gapseq	1390	1512	419	bio1	0.561070	1.128640	4.875177
MGYG000000442__gradient_L4_xos_gapseq	1390	1512	419	bio1	0.561070	1.116863	4.777249
MGYG000000442__gradient_L5_pectin_gapseq	1390	1512	419	bio1	0.593396	1.186114	4.807470
MGYG000000442__gradient_L6_resistant_starch_gapseq	1390	1512	419	bio1	0.667283	1.193684	4.790422
MGYG000000442__gradient_L7_bglucan_gapseq	1390	1512	419	bio1	0.667283	1.117029	4.906517
MGYG000000442__gradient_L8_hmo_gapseq	1390	1512	419	bio1	0.667283	1.110220	4.787393
MGYG000000442__gradient_L9_mos_gapseq	1390	1512	419	bio1	0.667283	1.171839	4.807795
MGYG000000462__gradient_L0_base_gapseq	1126	1225	253	bio1	0.000000	0.905432	0.039389
MGYG000000462__gradient_L1_inulin_gapseq	1126	1225	253	bio1	0.098338	0.831461	3.202882
MGYG000000462__gradient_L2_fos_gapseq	1126	1225	253	bio1	0.098338	0.867431	3.128974
MGYG000000462__gradient_L3_gos_gapseq	1126	1225	253	bio1	0.098338	0.931325	3.136455
MGYG000000462__gradient_L4_xos_gapseq	1126	1225	253	bio1	0.098338	0.868095	3.124854
MGYG000000462__gradient_L5_pectin_gapseq	1126	1225	253	bio1	0.098338	0.919644	3.129522
MGYG000000462__gradient_L6_resistant_starch_gapseq	1126	1225	253	bio1	0.098338	0.873704	3.212941
MGYG000000462__gradient_L7_bglucan_gapseq	1126	1225	253	bio1	0.098338	0.864456	3.133499
MGYG000000462__gradient_L8_hmo_gapseq	1126	1225	253	bio1	0.098338	0.867966	3.192927
MGYG000000462__gradient_L9_mos_gapseq	1126	1225	253	bio1	0.098338	0.877258	3.124987
MGYG000000464__gradient_L0_base_gapseq	1056	1069	184	bio1	0.000000	0.808292	0.035200
MGYG000000464__gradient_L1_inulin_gapseq	1056	1069	184	bio1	0.279341	0.769272	2.459785
MGYG000000464__gradient_L2_fos_gapseq	1056	1069	184	bio1	0.279341	0.850533	2.458860
MGYG000000464__gradient_L3_gos_gapseq	1056	1069	184	bio1	0.279341	0.772219	2.458342
MGYG000000464__gradient_L4_xos_gapseq	1056	1069	184	bio1	0.279341	0.821432	2.453101
MGYG000000464__gradient_L5_pectin_gapseq	1056	1069	184	bio1	0.279341	0.763752	2.468682
MGYG000000464__gradient_L6_resistant_starch_gapseq	1056	1069	184	bio1	0.419659	0.818678	2.465675
MGYG000000464__gradient_L7_bglucan_gapseq	1056	1069	184	bio1	0.419659	0.774726	2.456232
MGYG000000464__gradient_L8_hmo_gapseq	1056	1069	184	bio1	0.419659	0.832844	2.464086
MGYG000000464__gradient_L9_mos_gapseq	1056	1069	184	bio1	0.534115	0.767040	2.474619
MGYG000000482__gradient_L0_base_gapseq	692	652	93	bio1	0.000000	0.438691	0.013987
MGYG000000482__gradient_L1_inulin_gapseq	692	652	93	bio1	0.000000	0.444027	0.018217
MGYG000000482__gradient_L2_fos_gapseq	692	652	93	bio1	0.000000	0.442174	0.018601
MGYG000000482__gradient_L3_gos_gapseq	692	652	93	bio1	0.000000	0.445018	0.018928
MGYG000000482__gradient_L4_xos_gapseq	692	652	93	bio1	0.000000	0.544790	0.018049
MGYG000000482__gradient_L5_pectin_gapseq	692	652	93	bio1	0.000000	0.445700	0.018035
MGYG000000482__gradient_L6_resistant_starch_gapseq	692	652	93	bio1	0.000000	0.448850	0.017896
MGYG000000482__gradient_L7_bglucan_gapseq	692	652	93	bio1	0.000000	0.448435	0.018084
MGYG000000482__gradient_L8_hmo_gapseq	692	652	93	bio1	0.000000	0.471272	0.017995
MGYG000000482__gradient_L9_mos_gapseq	692	652	93	bio1	0.000000	0.533652	0.017899
MGYG000000489__gradient_L0_base_gapseq	1372	1592	405	bio1	0.250295	1.186310	5.211065
MGYG000000489__gradient_L1_inulin_gapseq	1372	1592	405	bio1	0.520901	1.229306	5.176030
MGYG000000489__gradient_L2_fos_gapseq	1372	1592	405	bio1	0.520901	1.240184	5.180851
MGYG000000489__gradient_L3_gos_gapseq	1372	1592	405	bio1	0.765237	1.125402	5.254050
MGYG000000489__gradient_L4_xos_gapseq	1372	1592	405	bio1	0.884468	1.231486	5.186403
MGYG000000489__gradient_L5_pectin_gapseq	1372	1592	405	bio1	0.884468	1.282536	5.217510
MGYG000000489__gradient_L6_resistant_starch_gapseq	1372	1592	405	bio1	1.368966	1.205809	5.182064
MGYG000000489__gradient_L7_bglucan_gapseq	1372	1592	405	bio1	1.543043	1.265102	5.157993
MGYG000000489__gradient_L8_hmo_gapseq	1372	1592	405	bio1	1.543043	1.157205	5.314527
MGYG000000489__gradient_L9_mos_gapseq	1372	1592	405	bio1	1.543043	1.169713	5.104285
MGYG000000515__gradient_L0_base_gapseq	1359	1522	368	bio1	0.000000	1.179812	0.059590
MGYG000000515__gradient_L1_inulin_gapseq	1359	1522	368	bio1	0.000000	1.116107	0.061044
MGYG000000515__gradient_L2_fos_gapseq	1359	1522	368	bio1	0.000000	1.167610	0.061270
MGYG000000515__gradient_L3_gos_gapseq	1359	1522	368	bio1	0.000000	1.118078	0.059945
MGYG000000515__gradient_L4_xos_gapseq	1359	1522	368	bio1	0.640821	1.196075	4.812406
MGYG000000515__gradient_L5_pectin_gapseq	1359	1522	368	bio1	0.640821	1.230265	4.807344
MGYG000000515__gradient_L6_resistant_starch_gapseq	1359	1522	368	bio1	1.152857	1.145554	4.907486
MGYG000000515__gradient_L7_bglucan_gapseq	1359	1522	368	bio1	1.334889	1.096870	4.837680
MGYG000000515__gradient_L8_hmo_gapseq	1359	1522	368	bio1	1.334889	1.257047	4.786616
MGYG000000515__gradient_L9_mos_gapseq	1359	1522	368	bio1	1.424781	1.193641	4.787774
MGYG000000519__gradient_L0_base_gapseq	1033	1050	189	bio1	0.000000	0.802704	0.036745
MGYG000000519__gradient_L1_inulin_gapseq	1033	1050	189	bio1	1.080395	0.751551	2.312138
MGYG000000519__gradient_L2_fos_gapseq	1033	1050	189	bio1	1.080395	0.744817	2.390085
MGYG000000519__gradient_L3_gos_gapseq	1033	1050	189	bio1	1.183692	0.762069	2.305292
MGYG000000519__gradient_L4_xos_gapseq	1033	1050	189	bio1	1.183692	0.843170	2.374832
MGYG000000519__gradient_L5_pectin_gapseq	1033	1050	189	bio1	1.183692	0.748227	2.314780
MGYG000000519__gradient_L6_resistant_starch_gapseq	1033	1050	189	bio1	1.330602	0.744627	2.304966
MGYG000000519__gradient_L7_bglucan_gapseq	1033	1050	189	bio1	1.330602	0.799154	2.314612
MGYG000000519__gradient_L8_hmo_gapseq	1033	1050	189	bio1	1.330602	0.787080	2.324621
MGYG000000519__gradient_L9_mos_gapseq	1033	1050	189	bio1	1.330602	0.828629	2.315313
MGYG000000524__gradient_L0_base_gapseq	1037	1039	212	bio1	0.000000	0.743429	0.114919
MGYG000000524__gradient_L1_inulin_gapseq	1037	1039	212	bio1	0.000000	0.748433	0.034288
MGYG000000524__gradient_L2_fos_gapseq	1037	1039	212	bio1	0.000000	0.756451	0.034340
MGYG000000524__gradient_L3_gos_gapseq	1037	1039	212	bio1	0.000000	0.836239	0.035413
MGYG000000524__gradient_L4_xos_gapseq	1037	1039	212	bio1	0.538874	0.757594	2.269245
MGYG000000524__gradient_L5_pectin_gapseq	1037	1039	212	bio1	0.572109	0.759594	2.377764
MGYG000000524__gradient_L6_resistant_starch_gapseq	1037	1039	212	bio1	1.234433	0.745851	2.274771
MGYG000000524__gradient_L7_bglucan_gapseq	1037	1039	212	bio1	1.469452	0.759840	2.337807
MGYG000000524__gradient_L8_hmo_gapseq	1037	1039	212	bio1	1.469452	0.791033	2.318083
MGYG000000524__gradient_L9_mos_gapseq	1037	1039	212	bio1	1.469452	0.756163	2.353646
MGYG000000542__gradient_L0_base_gapseq	1207	1284	224	bio1	0.000000	0.928208	0.047406
MGYG000000542__gradient_L1_inulin_gapseq	1207	1284	224	bio1	0.000000	0.927063	0.048087
MGYG000000542__gradient_L2_fos_gapseq	1207	1284	224	bio1	0.000000	1.015344	0.047173
MGYG000000542__gradient_L3_gos_gapseq	1207	1284	224	bio1	0.845900	0.918029	3.500783
MGYG000000542__gradient_L4_xos_gapseq	1207	1284	224	bio1	0.845900	1.031416	3.483296
MGYG000000542__gradient_L5_pectin_gapseq	1207	1284	224	bio1	0.845900	0.923387	3.659350
MGYG000000542__gradient_L6_resistant_starch_gapseq	1207	1284	224	bio1	1.448123	0.890591	3.482502
MGYG000000542__gradient_L7_bglucan_gapseq	1207	1284	224	bio1	1.448123	0.989594	3.503465
MGYG000000542__gradient_L8_hmo_gapseq	1207	1284	224	bio1	1.448123	0.921272	3.500375
MGYG000000542__gradient_L9_mos_gapseq	1207	1284	224	bio1	1.557188	0.981779	3.506792
MGYG000000544__gradient_L0_base_gapseq	1040	1077	192	bio1	0.000000	0.760065	0.030249
MGYG000000544__gradient_L1_inulin_gapseq	1040	1077	192	bio1	0.000000	0.828664	0.032605
MGYG000000544__gradient_L2_fos_gapseq	1040	1077	192	bio1	0.000000	0.781523	0.033748
MGYG000000544__gradient_L3_gos_gapseq	1040	1077	192	bio1	0.000000	0.771313	0.033788
MGYG000000544__gradient_L4_xos_gapseq	1040	1077	192	bio1	0.000000	0.840351	0.033353
MGYG000000544__gradient_L5_pectin_gapseq	1040	1077	192	bio1	0.000000	0.736449	0.033004
MGYG000000544__gradient_L6_resistant_starch_gapseq	1040	1077	192	bio1	0.000000	0.776327	0.033037
MGYG000000544__gradient_L7_bglucan_gapseq	1040	1077	192	bio1	0.000000	0.844308	0.032972
MGYG000000544__gradient_L8_hmo_gapseq	1040	1077	192	bio1	0.000000	0.761634	0.034082
MGYG000000544__gradient_L9_mos_gapseq	1040	1077	192	bio1	0.000000	0.768154	0.033476
MGYG000000549__gradient_L0_base_gapseq	1133	1196	206	bio1	0.000000	0.861341	0.038077
MGYG000000549__gradient_L1_inulin_gapseq	1133	1196	206	bio1	0.149458	0.967048	3.074001
MGYG000000549__gradient_L2_fos_gapseq	1133	1196	206	bio1	0.149458	0.872251	3.064801
MGYG000000549__gradient_L3_gos_gapseq	1133	1196	206	bio1	0.149458	0.962956	3.117622
MGYG000000549__gradient_L4_xos_gapseq	1133	1196	206	bio1	0.149458	0.867026	3.156617
MGYG000000549__gradient_L5_pectin_gapseq	1133	1196	206	bio1	0.149458	0.861253	3.091790
MGYG000000549__gradient_L6_resistant_starch_gapseq	1133	1196	206	bio1	0.216919	0.860107	3.148317
MGYG000000549__gradient_L7_bglucan_gapseq	1133	1196	206	bio1	0.216919	0.879690	3.094326
MGYG000000549__gradient_L8_hmo_gapseq	1133	1196	206	bio1	0.216919	0.909847	3.106460
MGYG000000549__gradient_L9_mos_gapseq	1133	1196	206	bio1	0.282655	0.857005	3.097260
MGYG000000563__gradient_L0_base_gapseq	1109	1210	304	bio1	0.523107	0.953154	3.032933
MGYG000000563__gradient_L1_inulin_gapseq	1109	1210	304	bio1	0.638920	0.859989	3.199668
MGYG000000563__gradient_L2_fos_gapseq	1109	1210	304	bio1	0.638920	0.851073	3.042212
MGYG000000563__gradient_L3_gos_gapseq	1109	1210	304	bio1	0.863599	0.935333	3.020459
MGYG000000563__gradient_L4_xos_gapseq	1109	1210	304	bio1	0.863599	0.864080	3.038399
MGYG000000563__gradient_L5_pectin_gapseq	1109	1210	304	bio1	0.863599	0.915321	3.010709
MGYG000000563__gradient_L6_resistant_starch_gapseq	1109	1210	304	bio1	1.334429	0.864796	3.130898
MGYG000000563__gradient_L7_bglucan_gapseq	1109	1210	304	bio1	1.334429	0.877478	3.056503
MGYG000000563__gradient_L8_hmo_gapseq	1109	1210	304	bio1	1.334429	0.922393	3.030736
MGYG000000563__gradient_L9_mos_gapseq	1109	1210	304	bio1	1.443734	0.858650	3.039058
MGYG000000572__gradient_L0_base_gapseq	1141	1197	208	bio1	0.000000	0.943382	0.037564
MGYG000000572__gradient_L1_inulin_gapseq	1141	1197	208	bio1	0.000000	0.862183	0.041114
MGYG000000572__gradient_L2_fos_gapseq	1141	1197	208	bio1	0.000000	0.908133	0.041557
MGYG000000572__gradient_L3_gos_gapseq	1141	1197	208	bio1	0.000000	0.857580	0.042654
MGYG000000572__gradient_L4_xos_gapseq	1141	1197	208	bio1	0.000000	0.852749	0.040859
MGYG000000572__gradient_L5_pectin_gapseq	1141	1197	208	bio1	0.000000	0.954052	0.041442
MGYG000000572__gradient_L6_resistant_starch_gapseq	1141	1197	208	bio1	0.000000	0.874056	0.042014
MGYG000000572__gradient_L7_bglucan_gapseq	1141	1197	208	bio1	0.000000	0.861305	0.129864
MGYG000000572__gradient_L8_hmo_gapseq	1141	1197	208	bio1	0.000000	0.851854	0.042048
MGYG000000572__gradient_L9_mos_gapseq	1141	1197	208	bio1	0.000000	0.865747	0.041102
MGYG000000582__gradient_L0_base_gapseq	1343	1603	386	bio1	0.776199	1.232581	5.146583
MGYG000000582__gradient_L1_inulin_gapseq	1343	1603	386	bio1	0.999233	1.144236	5.215631
MGYG000000582__gradient_L2_fos_gapseq	1343	1603	386	bio1	0.999233	1.167788	5.167515
MGYG000000582__gradient_L3_gos_gapseq	1343	1603	386	bio1	1.239877	1.262142	5.118084
MGYG000000582__gradient_L4_xos_gapseq	1343	1603	386	bio1	1.281130	1.233304	5.146747
MGYG000000582__gradient_L5_pectin_gapseq	1343	1603	386	bio1	1.281130	1.236741	5.141365
MGYG000000582__gradient_L6_resistant_starch_gapseq	1343	1603	386	bio1	1.778459	1.170739	5.243274
MGYG000000582__gradient_L7_bglucan_gapseq	1343	1603	386	bio1	1.778459	1.146975	5.252325
MGYG000000582__gradient_L8_hmo_gapseq	1343	1603	386	bio1	1.778459	1.158854	5.176626
MGYG000000582__gradient_L9_mos_gapseq	1343	1603	386	bio1	1.888468	1.253432	5.170637
MGYG000000604__gradient_L0_base_gapseq	1263	1421	350	bio1	0.000000	1.124187	0.054040
MGYG000000604__gradient_L1_inulin_gapseq	1263	1421	350	bio1	0.000000	1.017378	0.055279
MGYG000000604__gradient_L2_fos_gapseq	1263	1421	350	bio1	0.000000	1.120727	0.056379
MGYG000000604__gradient_L3_gos_gapseq	1263	1421	350	bio1	0.809075	1.013198	4.158217
MGYG000000604__gradient_L4_xos_gapseq	1263	1421	350	bio1	0.937653	1.169786	4.159629
MGYG000000604__gradient_L5_pectin_gapseq	1263	1421	350	bio1	0.937653	1.113901	4.180492
MGYG000000604__gradient_L6_resistant_starch_gapseq	1263	1421	350	bio1	1.711562	1.039243	4.268175
MGYG000000604__gradient_L7_bglucan_gapseq	1263	1421	350	bio1	1.974017	1.015831	4.172218
MGYG000000604__gradient_L8_hmo_gapseq	1263	1421	350	bio1	1.974017	1.106222	4.176848
MGYG000000604__gradient_L9_mos_gapseq	1263	1421	350	bio1	2.117583	1.009456	4.264654
MGYG000000606__gradient_L0_base_gapseq	1219	1363	333	bio1	0.740023	1.017774	3.868292
MGYG000000606__gradient_L1_inulin_gapseq	1219	1363	333	bio1	0.847133	1.031894	3.895366
MGYG000000606__gradient_L2_fos_gapseq	1219	1363	333	bio1	0.847133	0.961977	3.904918
MGYG000000606__gradient_L3_gos_gapseq	1219	1363	333	bio1	0.927466	1.055611	3.894608
MGYG000000606__gradient_L4_xos_gapseq	1219	1363	333	bio1	0.927466	0.967445	3.967300
MGYG000000606__gradient_L5_pectin_gapseq	1219	1363	333	bio1	0.927466	0.963729	3.902511
MGYG000000606__gradient_L6_resistant_starch_gapseq	1219	1363	333	bio1	1.146465	1.013349	3.890347
MGYG000000606__gradient_L7_bglucan_gapseq	1219	1363	333	bio1	1.146465	0.972775	3.962533
MGYG000000606__gradient_L8_hmo_gapseq	1219	1363	333	bio1	1.146465	0.970070	3.881363
MGYG000000606__gradient_L9_mos_gapseq	1219	1363	333	bio1	1.219092	1.030502	3.886726
MGYG000000616__gradient_L0_base_gapseq	1186	1244	281	bio1	0.000000	0.953080	0.038238
MGYG000000616__gradient_L1_inulin_gapseq	1186	1244	281	bio1	0.000000	0.907727	0.039154
MGYG000000616__gradient_L2_fos_gapseq	1186	1244	281	bio1	0.000000	0.940383	0.038284
MGYG000000616__gradient_L3_gos_gapseq	1186	1244	281	bio1	0.000000	0.862041	0.038847
MGYG000000616__gradient_L4_xos_gapseq	1186	1244	281	bio1	0.000000	0.883237	0.038090
MGYG000000616__gradient_L5_pectin_gapseq	1186	1244	281	bio1	0.289861	0.970830	3.278720
MGYG000000616__gradient_L6_resistant_starch_gapseq	1186	1244	281	bio1	0.289861	0.894039	3.295470
MGYG000000616__gradient_L7_bglucan_gapseq	1186	1244	281	bio1	0.289861	0.899657	3.197561
MGYG000000616__gradient_L8_hmo_gapseq	1186	1244	281	bio1	0.289861	0.983620	3.189677
MGYG000000616__gradient_L9_mos_gapseq	1186	1244	281	bio1	0.289861	0.900183	3.182412
MGYG000000620__gradient_L0_base_gapseq	1140	1281	342	bio1	0.601525	0.999502	3.319502
MGYG000000620__gradient_L1_inulin_gapseq	1140	1281	342	bio1	0.714313	0.916848	3.392551
MGYG000000620__gradient_L2_fos_gapseq	1140	1281	342	bio1	0.714313	0.933483	3.326074
MGYG000000620__gradient_L3_gos_gapseq	1140	1281	342	bio1	0.932839	0.985831	3.317224
MGYG000000620__gradient_L4_xos_gapseq	1140	1281	342	bio1	0.932839	0.911865	3.419544
MGYG000000620__gradient_L5_pectin_gapseq	1140	1281	342	bio1	0.932839	0.931403	3.319150
MGYG000000620__gradient_L6_resistant_starch_gapseq	1140	1281	342	bio1	1.043760	0.916849	3.406451
MGYG000000620__gradient_L7_bglucan_gapseq	1140	1281	342	bio1	1.043760	0.909599	3.395256
MGYG000000620__gradient_L8_hmo_gapseq	1140	1281	342	bio1	1.043760	0.957618	3.343087
MGYG000000620__gradient_L9_mos_gapseq	1140	1281	342	bio1	1.152439	0.936063	3.507578
MGYG000000623__gradient_L0_base_gapseq	1350	1551	450	bio1	0.323235	1.156036	5.014951
MGYG000000623__gradient_L1_inulin_gapseq	1350	1551	450	bio1	0.495632	1.172299	4.918612
MGYG000000623__gradient_L2_fos_gapseq	1350	1551	450	bio1	0.495632	1.227186	4.904768
MGYG000000623__gradient_L3_gos_gapseq	1350	1551	450	bio1	0.793849	1.241211	4.892119
MGYG000000623__gradient_L4_xos_gapseq	1350	1551	450	bio1	0.827487	1.124002	5.002798
MGYG000000623__gradient_L5_pectin_gapseq	1350	1551	450	bio1	0.827487	1.063153	4.929362
MGYG000000623__gradient_L6_resistant_starch_gapseq	1350	1551	450	bio1	1.395498	1.234542	4.933290
MGYG000000623__gradient_L7_bglucan_gapseq	1350	1551	450	bio1	1.593337	1.195770	4.925650
MGYG000000623__gradient_L8_hmo_gapseq	1350	1551	450	bio1	1.733739	1.214650	4.921526
MGYG000000623__gradient_L9_mos_gapseq	1350	1551	450	bio1	1.733739	1.115137	5.034159
MGYG000000627__gradient_L0_base_gapseq	1336	1492	329	bio1	0.350046	1.105247	4.717980
MGYG000000627__gradient_L1_inulin_gapseq	1336	1492	329	bio1	0.461051	1.073532	4.702699
MGYG000000627__gradient_L2_fos_gapseq	1336	1492	329	bio1	0.461051	1.081525	4.628075
MGYG000000627__gradient_L3_gos_gapseq	1336	1492	329	bio1	0.639584	1.158998	4.670893
MGYG000000627__gradient_L4_xos_gapseq	1336	1492	329	bio1	0.639584	1.094388	4.695114
MGYG000000627__gradient_L5_pectin_gapseq	1336	1492	329	bio1	0.639584	1.080943	4.630283
MGYG000000627__gradient_L6_resistant_starch_gapseq	1336	1492	329	bio1	0.978123	1.144054	4.627301
MGYG000000627__gradient_L7_bglucan_gapseq	1336	1492	329	bio1	0.994383	1.169401	4.638288
MGYG000000627__gradient_L8_hmo_gapseq	1336	1492	329	bio1	0.994383	1.098134	4.731207
MGYG000000627__gradient_L9_mos_gapseq	1336	1492	329	bio1	0.994383	1.081994	4.625582
MGYG000000630__gradient_L0_base_gapseq	1233	1332	323	bio1	0.077642	1.073199	3.659141
MGYG000000630__gradient_L1_inulin_gapseq	1233	1332	323	bio1	0.176641	0.970014	3.737741
MGYG000000630__gradient_L2_fos_gapseq	1233	1332	323	bio1	0.176641	0.969408	3.673173
MGYG000000630__gradient_L3_gos_gapseq	1233	1332	323	bio1	0.176641	1.037861	3.726439
MGYG000000630__gradient_L4_xos_gapseq	1233	1332	323	bio1	0.176641	0.976802	3.755166
MGYG000000630__gradient_L5_pectin_gapseq	1233	1332	323	bio1	0.176641	0.962132	3.687340
MGYG000000630__gradient_L6_resistant_starch_gapseq	1233	1332	323	bio1	0.176641	1.039459	3.676319
MGYG000000630__gradient_L7_bglucan_gapseq	1233	1332	323	bio1	0.176641	0.994712	3.777172
MGYG000000630__gradient_L8_hmo_gapseq	1233	1332	323	bio1	0.176641	0.965547	3.682584
MGYG000000630__gradient_L9_mos_gapseq	1233	1332	323	bio1	0.176641	1.019457	3.699316
MGYG000000631__gradient_L0_base_gapseq	1258	1439	339	bio1	0.787844	1.018473	4.160073
MGYG000000631__gradient_L1_inulin_gapseq	1258	1439	339	bio1	0.886889	1.099952	4.147228
MGYG000000631__gradient_L2_fos_gapseq	1258	1439	339	bio1	0.886889	1.044637	4.217351
MGYG000000631__gradient_L3_gos_gapseq	1258	1439	339	bio1	0.961172	1.046864	4.131091
MGYG000000631__gradient_L4_xos_gapseq	1258	1439	339	bio1	0.974678	1.109586	4.161800
MGYG000000631__gradient_L5_pectin_gapseq	1258	1439	339	bio1	0.974678	1.112735	4.157747
MGYG000000631__gradient_L6_resistant_starch_gapseq	1258	1439	339	bio1	1.215536	1.022232	4.278633
MGYG000000631__gradient_L7_bglucan_gapseq	1258	1439	339	bio1	1.215536	1.057745	4.194022
MGYG000000631__gradient_L8_hmo_gapseq	1258	1439	339	bio1	1.215536	1.130393	4.184408
MGYG000000631__gradient_L9_mos_gapseq	1258	1439	339	bio1	1.304380	1.004974	4.253570
MGYG000000643__gradient_L0_base_gapseq	1136	1185	279	bio1	0.000000	0.837968	0.035969
MGYG000000643__gradient_L1_inulin_gapseq	1136	1185	279	bio1	0.000000	0.859943	0.034054
MGYG000000643__gradient_L2_fos_gapseq	1136	1185	279	bio1	0.000000	0.939234	0.034735
MGYG000000643__gradient_L3_gos_gapseq	1136	1185	279	bio1	0.000000	0.839121	0.034478
MGYG000000643__gradient_L4_xos_gapseq	1136	1185	279	bio1	0.000000	0.914797	0.035777
MGYG000000643__gradient_L5_pectin_gapseq	1136	1185	279	bio1	0.302330	0.860857	2.989832
MGYG000000643__gradient_L6_resistant_starch_gapseq	1136	1185	279	bio1	0.302330	0.972389	2.988171
MGYG000000643__gradient_L7_bglucan_gapseq	1136	1185	279	bio1	0.302330	0.857747	2.987843
MGYG000000643__gradient_L8_hmo_gapseq	1136	1185	279	bio1	0.302330	0.907728	2.972176
MGYG000000643__gradient_L9_mos_gapseq	1136	1185	279	bio1	0.302330	0.854274	3.048583
MGYG000000644__gradient_L0_base_gapseq	1343	1599	417	bio1	0.000000	1.145248	0.065419
MGYG000000644__gradient_L1_inulin_gapseq	1343	1599	417	bio1	0.000000	1.199686	0.071662
MGYG000000644__gradient_L2_fos_gapseq	1343	1599	417	bio1	0.000000	1.117296	0.071086
MGYG000000644__gradient_L3_gos_gapseq	1343	1599	417	bio1	0.803665	1.248500	5.128353
MGYG000000644__gradient_L4_xos_gapseq	1343	1599	417	bio1	0.865840	1.226597	5.135927
MGYG000000644__gradient_L5_pectin_gapseq	1343	1599	417	bio1	0.898079	1.202823	5.124288
MGYG000000644__gradient_L6_resistant_starch_gapseq	1343	1599	417	bio1	1.360941	1.126131	5.295736
MGYG000000644__gradient_L7_bglucan_gapseq	1343	1599	417	bio1	1.519833	1.124234	5.097821
MGYG000000644__gradient_L8_hmo_gapseq	1343	1599	417	bio1	1.519833	1.213729	5.091720
MGYG000000644__gradient_L9_mos_gapseq	1343	1599	417	bio1	1.621156	1.240267	5.095914
MGYG000000654__gradient_L0_base_gapseq	827	825	176	bio1	0.000000	0.636485	0.023636
MGYG000000654__gradient_L1_inulin_gapseq	827	825	176	bio1	0.000000	0.571426	0.022868
MGYG000000654__gradient_L2_fos_gapseq	827	825	176	bio1	0.000000	0.578718	0.022969
MGYG000000654__gradient_L3_gos_gapseq	827	825	176	bio1	0.000000	0.551115	0.023018
MGYG000000654__gradient_L4_xos_gapseq	827	825	176	bio1	0.000000	0.620175	0.022980
MGYG000000654__gradient_L5_pectin_gapseq	827	825	176	bio1	0.000000	0.561000	0.024416
MGYG000000654__gradient_L6_resistant_starch_gapseq	827	825	176	bio1	0.000000	0.557350	0.023059
MGYG000000654__gradient_L7_bglucan_gapseq	827	825	176	bio1	0.000000	0.567570	0.022954
MGYG000000654__gradient_L8_hmo_gapseq	827	825	176	bio1	0.000000	0.638143	0.023011
MGYG000000654__gradient_L9_mos_gapseq	827	825	176	bio1	0.000000	0.559297	0.023854
MGYG000000659__gradient_L0_base_gapseq	887	934	183	bio1	0.000000	0.678190	0.028954
MGYG000000659__gradient_L1_inulin_gapseq	887	934	183	bio1	0.000000	0.758223	0.029286
MGYG000000659__gradient_L2_fos_gapseq	887	934	183	bio1	0.000000	0.639682	0.029022
MGYG000000659__gradient_L3_gos_gapseq	887	934	183	bio1	0.000000	0.639583	0.029249
MGYG000000659__gradient_L4_xos_gapseq	887	934	183	bio1	0.000000	0.648962	0.028925
MGYG000000659__gradient_L5_pectin_gapseq	887	934	183	bio1	0.000000	0.766591	0.030661
MGYG000000659__gradient_L6_resistant_starch_gapseq	887	934	183	bio1	0.000000	0.648602	0.029091
MGYG000000659__gradient_L7_bglucan_gapseq	887	934	183	bio1	0.000000	0.636766	0.030048
MGYG000000659__gradient_L8_hmo_gapseq	887	934	183	bio1	0.000000	0.777842	0.029703
MGYG000000659__gradient_L9_mos_gapseq	887	934	183	bio1	0.000000	0.670672	0.030590
MGYG000000660__gradient_L0_base_gapseq	1047	1167	278	bio1	0.526725	0.821730	2.890412
MGYG000000660__gradient_L1_inulin_gapseq	1047	1167	278	bio1	0.756574	0.808336	2.947588
MGYG000000660__gradient_L2_fos_gapseq	1047	1167	278	bio1	0.756574	0.812758	2.877200
MGYG000000660__gradient_L3_gos_gapseq	1047	1167	278	bio1	0.986422	0.884209	2.955222
MGYG000000660__gradient_L4_xos_gapseq	1047	1167	278	bio1	0.986422	0.822291	2.888534
MGYG000000660__gradient_L5_pectin_gapseq	1047	1167	278	bio1	0.986422	0.900215	2.895916
MGYG000000660__gradient_L6_resistant_starch_gapseq	1047	1167	278	bio1	1.463684	0.814693	2.978211
MGYG000000660__gradient_L7_bglucan_gapseq	1047	1167	278	bio1	1.463684	0.822155	2.912039
MGYG000000660__gradient_L8_hmo_gapseq	1047	1167	278	bio1	1.463684	0.873356	2.920164
MGYG000000660__gradient_L9_mos_gapseq	1047	1167	278	bio1	1.575381	0.826602	2.891869
MGYG000000672__gradient_L0_base_gapseq	1215	1353	313	bio1	0.335139	0.935530	3.806011
MGYG000000672__gradient_L1_inulin_gapseq	1215	1353	313	bio1	0.459033	1.085058	3.834012
MGYG000000672__gradient_L2_fos_gapseq	1215	1353	313	bio1	0.459033	1.021925	3.898294
MGYG000000672__gradient_L3_gos_gapseq	1215	1353	313	bio1	0.539610	0.939067	3.853708
MGYG000000672__gradient_L4_xos_gapseq	1215	1353	313	bio1	0.539610	1.008003	3.822633
MGYG000000672__gradient_L5_pectin_gapseq	1215	1353	313	bio1	0.539610	0.940144	3.896180
MGYG000000672__gradient_L6_resistant_starch_gapseq	1215	1353	313	bio1	0.815524	0.955451	3.864065
MGYG000000672__gradient_L7_bglucan_gapseq	1215	1353	313	bio1	0.815524	1.028456	3.831325
MGYG000000672__gradient_L8_hmo_gapseq	1215	1353	313	bio1	0.815524	0.947018	3.866630
MGYG000000672__gradient_L9_mos_gapseq	1215	1353	313	bio1	0.922959	0.969142	3.818821
MGYG000000676__gradient_L0_base_gapseq	1051	1154	253	bio1	0.275536	0.818037	2.811504
MGYG000000676__gradient_L1_inulin_gapseq	1051	1154	253	bio1	0.458568	0.914731	2.869396
MGYG000000676__gradient_L2_fos_gapseq	1051	1154	253	bio1	0.458568	0.838688	2.820867
MGYG000000676__gradient_L3_gos_gapseq	1051	1154	253	bio1	0.789995	0.892516	2.828843
MGYG000000676__gradient_L4_xos_gapseq	1051	1154	253	bio1	0.888293	0.820220	2.909609
MGYG000000676__gradient_L5_pectin_gapseq	1051	1154	253	bio1	0.888293	0.834800	2.824436
MGYG000000676__gradient_L6_resistant_starch_gapseq	1051	1154	253	bio1	1.604626	0.825639	2.965589
MGYG000000676__gradient_L7_bglucan_gapseq	1051	1154	253	bio1	1.853830	0.819393	2.846973
MGYG000000676__gradient_L8_hmo_gapseq	1051	1154	253	bio1	1.853830	0.894175	2.825365
MGYG000000676__gradient_L9_mos_gapseq	1051	1154	253	bio1	1.983498	0.819559	2.824343
MGYG000000683__gradient_L0_base_gapseq	1172	1264	246	bio1	0.380655	0.935980	3.522478
MGYG000000683__gradient_L1_inulin_gapseq	1172	1264	246	bio1	0.523963	0.916325	3.392964
MGYG000000683__gradient_L2_fos_gapseq	1172	1264	246	bio1	0.523963	0.973898	3.390721
MGYG000000683__gradient_L3_gos_gapseq	1172	1264	246	bio1	0.523963	0.919439	3.392841
MGYG000000683__gradient_L4_xos_gapseq	1172	1264	246	bio1	0.523963	0.986773	3.395714
MGYG000000683__gradient_L5_pectin_gapseq	1172	1264	246	bio1	0.523963	0.898799	3.468753
MGYG000000683__gradient_L6_resistant_starch_gapseq	1172	1264	246	bio1	1.175562	0.904177	3.411381
MGYG000000683__gradient_L7_bglucan_gapseq	1172	1264	246	bio1	1.175562	0.968553	3.389338
MGYG000000683__gradient_L8_hmo_gapseq	1172	1264	246	bio1	1.175562	0.917185	3.393752
MGYG000000683__gradient_L9_mos_gapseq	1172	1264	246	bio1	1.175562	0.988662	3.457690
MGYG000000684__gradient_L0_base_gapseq	1167	1290	313	bio1	0.555700	1.008879	3.462513
MGYG000000684__gradient_L1_inulin_gapseq	1167	1290	313	bio1	0.770814	0.898384	3.548854
MGYG000000684__gradient_L2_fos_gapseq	1167	1290	313	bio1	0.770814	0.924273	3.476656
MGYG000000684__gradient_L3_gos_gapseq	1167	1290	313	bio1	0.985927	0.973118	3.483577
MGYG000000684__gradient_L4_xos_gapseq	1167	1290	313	bio1	1.043886	0.916682	3.507847
MGYG000000684__gradient_L5_pectin_gapseq	1167	1290	313	bio1	1.043886	0.981038	3.485122
MGYG000000684__gradient_L6_resistant_starch_gapseq	1167	1290	313	bio1	1.310558	0.930915	3.562601
MGYG000000684__gradient_L7_bglucan_gapseq	1167	1290	313	bio1	1.310558	0.906564	3.493359
MGYG000000684__gradient_L8_hmo_gapseq	1167	1290	313	bio1	1.310558	1.068042	3.486521
MGYG000000684__gradient_L9_mos_gapseq	1167	1290	313	bio1	1.419962	0.917479	3.566029
MGYG000000693__gradient_L0_base_gapseq	1164	1312	317	bio1	0.779040	0.993385	3.474585
MGYG000000693__gradient_L1_inulin_gapseq	1164	1312	317	bio1	1.072052	0.910817	3.563249
MGYG000000693__gradient_L2_fos_gapseq	1164	1312	317	bio1	1.072052	0.915505	3.489753
MGYG000000693__gradient_L3_gos_gapseq	1164	1312	317	bio1	1.366256	0.981351	3.508664
MGYG000000693__gradient_L4_xos_gapseq	1164	1312	317	bio1	1.366256	0.939714	3.568038
MGYG000000693__gradient_L5_pectin_gapseq	1164	1312	317	bio1	1.366256	0.932973	3.507740
MGYG000000693__gradient_L6_resistant_starch_gapseq	1164	1312	317	bio1	1.983638	1.060045	3.502579
MGYG000000693__gradient_L7_bglucan_gapseq	1164	1312	317	bio1	1.983638	0.932312	3.586343
MGYG000000693__gradient_L8_hmo_gapseq	1164	1312	317	bio1	1.983638	0.934226	3.475776
MGYG000000693__gradient_L9_mos_gapseq	1164	1312	317	bio1	2.126283	0.985049	3.502416
MGYG000000694__gradient_L0_base_gapseq	1168	1302	293	bio1	0.000000	1.018123	0.046571
MGYG000000694__gradient_L1_inulin_gapseq	1168	1302	293	bio1	0.000000	0.925879	0.044745
MGYG000000694__gradient_L2_fos_gapseq	1168	1302	293	bio1	0.000000	0.977673	0.045346
MGYG000000694__gradient_L3_gos_gapseq	1168	1302	293	bio1	0.000000	0.920883	0.045489
MGYG000000694__gradient_L4_xos_gapseq	1168	1302	293	bio1	0.000000	0.904090	0.045865
MGYG000000694__gradient_L5_pectin_gapseq	1168	1302	293	bio1	0.000000	1.043422	0.045819
MGYG000000694__gradient_L6_resistant_starch_gapseq	1168	1302	293	bio1	0.000000	0.934038	0.045291
MGYG000000694__gradient_L7_bglucan_gapseq	1168	1302	293	bio1	0.000000	1.003455	0.045201
MGYG000000694__gradient_L8_hmo_gapseq	1168	1302	293	bio1	0.000000	0.925107	0.046090
MGYG000000694__gradient_L9_mos_gapseq	1168	1302	293	bio1	0.000000	1.016741	0.046356
MGYG000000696__gradient_L0_base_gapseq	1378	1611	432	bio1	0.000000	1.165820	0.070245
MGYG000000696__gradient_L1_inulin_gapseq	1378	1611	432	bio1	1.386182	1.265325	5.369972
MGYG000000696__gradient_L2_fos_gapseq	1378	1611	432	bio1	1.386182	1.153487	5.571436
MGYG000000696__gradient_L3_gos_gapseq	1378	1611	432	bio1	1.687729	1.142599	5.463819
MGYG000000696__gradient_L4_xos_gapseq	1378	1611	432	bio1	1.687729	1.156939	5.324982
MGYG000000696__gradient_L5_pectin_gapseq	1378	1611	432	bio1	1.687729	1.234743	5.367090
MGYG000000696__gradient_L6_resistant_starch_gapseq	1378	1611	432	bio1	2.272718	1.253367	5.347603
MGYG000000696__gradient_L7_bglucan_gapseq	1378	1611	432	bio1	2.272718	1.263305	5.350530
MGYG000000696__gradient_L8_hmo_gapseq	1378	1611	432	bio1	2.272718	1.143173	5.472769
MGYG000000696__gradient_L9_mos_gapseq	1378	1611	432	bio1	2.276100	1.176143	5.321397
MGYG000000719__gradient_L0_base_gapseq	946	1014	202	bio1	0.000000	0.778406	0.032201
MGYG000000719__gradient_L1_inulin_gapseq	946	1014	202	bio1	0.000000	0.790871	0.032442
MGYG000000719__gradient_L2_fos_gapseq	946	1014	202	bio1	0.000000	0.695399	0.033088
MGYG000000719__gradient_L3_gos_gapseq	946	1014	202	bio1	0.000000	0.699015	0.032188
MGYG000000719__gradient_L4_xos_gapseq	946	1014	202	bio1	1.134891	0.793184	2.216823
MGYG000000719__gradient_L5_pectin_gapseq	946	1014	202	bio1	1.134891	0.811936	2.199165
MGYG000000719__gradient_L6_resistant_starch_gapseq	946	1014	202	bio1	1.276753	0.775229	2.211416
MGYG000000719__gradient_L7_bglucan_gapseq	946	1014	202	bio1	1.276753	0.715153	2.194925
MGYG000000719__gradient_L8_hmo_gapseq	946	1014	202	bio1	1.276753	0.778475	2.207153
MGYG000000719__gradient_L9_mos_gapseq	946	1014	202	bio1	1.276753	0.706413	2.212962
MGYG000000722__gradient_L0_base_gapseq	1069	1164	255	bio1	0.000000	0.797546	0.040687
MGYG000000722__gradient_L1_inulin_gapseq	1069	1164	255	bio1	0.000000	0.829145	0.040366
MGYG000000722__gradient_L2_fos_gapseq	1069	1164	255	bio1	0.000000	0.883814	0.040081
MGYG000000722__gradient_L3_gos_gapseq	1069	1164	255	bio1	0.527176	0.833492	2.836585
MGYG000000722__gradient_L4_xos_gapseq	1069	1164	255	bio1	0.527176	0.897260	2.798946
MGYG000000722__gradient_L5_pectin_gapseq	1069	1164	255	bio1	0.527176	0.823889	2.830804
MGYG000000722__gradient_L6_resistant_starch_gapseq	1069	1164	255	bio1	0.633095	0.916411	2.839618
MGYG000000722__gradient_L7_bglucan_gapseq	1069	1164	255	bio1	0.633095	0.827245	2.916590
MGYG000000722__gradient_L8_hmo_gapseq	1069	1164	255	bio1	0.633095	0.824498	2.815928
MGYG000000722__gradient_L9_mos_gapseq	1069	1164	255	bio1	0.739013	0.833845	2.892777
MGYG000000773__gradient_L0_base_gapseq	1055	1164	265	bio1	0.000000	0.824948	0.036417
MGYG000000773__gradient_L1_inulin_gapseq	1055	1164	265	bio1	0.000000	0.910103	0.040634
MGYG000000773__gradient_L2_fos_gapseq	1055	1164	265	bio1	0.000000	0.828213	0.036302
MGYG000000773__gradient_L3_gos_gapseq	1055	1164	265	bio1	0.000000	0.831786	0.036314
MGYG000000773__gradient_L4_xos_gapseq	1055	1164	265	bio1	0.000000	0.914462	0.037028
MGYG000000773__gradient_L5_pectin_gapseq	1055	1164	265	bio1	0.000000	0.847351	0.037064
MGYG000000773__gradient_L6_resistant_starch_gapseq	1055	1164	265	bio1	0.000000	0.907890	0.037045
MGYG000000773__gradient_L7_bglucan_gapseq	1055	1164	265	bio1	0.000000	0.831575	0.036622
MGYG000000773__gradient_L8_hmo_gapseq	1055	1164	265	bio1	0.000000	0.830088	0.036503
MGYG000000773__gradient_L9_mos_gapseq	1055	1164	265	bio1	0.000000	0.914344	0.037493
MGYG000000782__gradient_L0_base_gapseq	1287	1390	338	bio1	0.383244	1.085990	4.058615
MGYG000000782__gradient_L1_inulin_gapseq	1287	1390	338	bio1	0.537379	0.999097	4.124756
MGYG000000782__gradient_L2_fos_gapseq	1287	1390	338	bio1	0.537379	1.007860	4.063264
MGYG000000782__gradient_L3_gos_gapseq	1287	1390	338	bio1	0.537379	1.079370	4.061120
MGYG000000782__gradient_L4_xos_gapseq	1287	1390	338	bio1	0.599385	0.996766	4.145910
MGYG000000782__gradient_L5_pectin_gapseq	1287	1390	338	bio1	0.599385	0.993443	4.062302
MGYG000000782__gradient_L6_resistant_starch_gapseq	1287	1390	338	bio1	0.714540	1.078971	4.069665
MGYG000000782__gradient_L7_bglucan_gapseq	1287	1390	338	bio1	0.714540	1.057987	4.147603
MGYG000000782__gradient_L8_hmo_gapseq	1287	1390	338	bio1	0.714540	1.014649	4.046139
MGYG000000782__gradient_L9_mos_gapseq	1287	1390	338	bio1	0.714540	1.049617	4.030009
MGYG000000783__gradient_L0_base_gapseq	1331	1484	389	bio1	0.487625	1.129629	4.398214
MGYG000000783__gradient_L1_inulin_gapseq	1331	1484	389	bio1	0.618534	1.174431	4.403844
MGYG000000783__gradient_L2_fos_gapseq	1331	1484	389	bio1	0.618534	1.286364	4.401638
MGYG000000783__gradient_L3_gos_gapseq	1331	1484	389	bio1	0.709352	1.053282	4.508474
MGYG000000783__gradient_L4_xos_gapseq	1331	1484	389	bio1	0.709352	1.067107	4.413592
MGYG000000783__gradient_L5_pectin_gapseq	1331	1484	389	bio1	0.724079	1.173876	4.473861
MGYG000000783__gradient_L6_resistant_starch_gapseq	1331	1484	389	bio1	0.724079	1.200507	4.401133
MGYG000000783__gradient_L7_bglucan_gapseq	1331	1484	389	bio1	0.724079	1.071555	4.503193
MGYG000000783__gradient_L8_hmo_gapseq	1331	1484	389	bio1	0.724079	1.084166	4.432152
MGYG000000783__gradient_L9_mos_gapseq	1331	1484	389	bio1	0.724079	1.141090	4.423099
MGYG000000821__gradient_L0_base_gapseq	1282	1348	334	bio1	0.000000	0.991056	0.042676
MGYG000000821__gradient_L1_inulin_gapseq	1282	1348	334	bio1	0.000000	1.060266	0.050154
MGYG000000821__gradient_L2_fos_gapseq	1282	1348	334	bio1	0.000000	1.016867	0.050740
MGYG000000821__gradient_L3_gos_gapseq	1282	1348	334	bio1	0.000000	1.029708	0.135944
MGYG000000821__gradient_L4_xos_gapseq	1282	1348	334	bio1	0.000000	1.008802	0.050853
MGYG000000821__gradient_L5_pectin_gapseq	1282	1348	334	bio1	0.000000	1.019682	0.050179
MGYG000000821__gradient_L6_resistant_starch_gapseq	1282	1348	334	bio1	0.000000	1.052339	0.050235
MGYG000000821__gradient_L7_bglucan_gapseq	1282	1348	334	bio1	0.000000	1.013759	0.052901
MGYG000000821__gradient_L8_hmo_gapseq	1282	1348	334	bio1	0.000000	1.124435	0.050742
MGYG000000821__gradient_L9_mos_gapseq	1282	1348	334	bio1	0.000000	0.995567	0.050372
MGYG000000822__gradient_L0_base_gapseq	1330	1584	437	bio1	0.569729	1.256300	5.059410
MGYG000000822__gradient_L1_inulin_gapseq	1330	1584	437	bio1	0.725555	1.262502	5.150685
MGYG000000822__gradient_L2_fos_gapseq	1330	1584	437	bio1	0.725555	1.239891	5.071852
MGYG000000822__gradient_L3_gos_gapseq	1330	1584	437	bio1	0.842425	1.141036	5.174786
MGYG000000822__gradient_L4_xos_gapseq	1330	1584	437	bio1	0.894689	1.149965	5.065796
MGYG000000822__gradient_L5_pectin_gapseq	1330	1584	437	bio1	0.894689	1.265469	5.051087
MGYG000000822__gradient_L6_resistant_starch_gapseq	1330	1584	437	bio1	1.248180	1.272306	5.052898
MGYG000000822__gradient_L7_bglucan_gapseq	1330	1584	437	bio1	1.357684	1.226669	5.064974
MGYG000000822__gradient_L8_hmo_gapseq	1330	1584	437	bio1	1.357684	1.182085	5.207060
MGYG000000822__gradient_L9_mos_gapseq	1330	1584	437	bio1	1.434716	1.141524	5.161029
MGYG000000835__gradient_L0_base_gapseq	1148	1260	325	bio1	0.595974	0.996080	3.357935
MGYG000000835__gradient_L1_inulin_gapseq	1148	1260	325	bio1	0.707721	0.897024	3.422818
MGYG000000835__gradient_L2_fos_gapseq	1148	1260	325	bio1	0.707721	0.903174	3.457204
MGYG000000835__gradient_L3_gos_gapseq	1148	1260	325	bio1	0.931216	0.984045	3.350919
MGYG000000835__gradient_L4_xos_gapseq	1148	1260	325	bio1	0.990496	0.907683	3.423054
MGYG000000835__gradient_L5_pectin_gapseq	1148	1260	325	bio1	0.990496	0.880270	3.372922
MGYG000000835__gradient_L6_resistant_starch_gapseq	1148	1260	325	bio1	1.462873	0.975136	3.374267
MGYG000000835__gradient_L7_bglucan_gapseq	1148	1260	325	bio1	1.462873	0.913017	3.374946
MGYG000000835__gradient_L8_hmo_gapseq	1148	1260	325	bio1	1.462873	0.982051	3.382141
MGYG000000835__gradient_L9_mos_gapseq	1148	1260	325	bio1	1.573453	0.905902	3.453865
MGYG000000847__gradient_L0_base_gapseq	1428	1560	397	bio1	0.492118	1.245754	4.982648
MGYG000000847__gradient_L1_inulin_gapseq	1428	1560	397	bio1	0.654345	1.160659	5.084630
MGYG000000847__gradient_L2_fos_gapseq	1428	1560	397	bio1	0.654345	1.183181	5.082358
MGYG000000847__gradient_L3_gos_gapseq	1428	1560	397	bio1	0.654345	1.180279	5.016699
MGYG000000847__gradient_L4_xos_gapseq	1428	1560	397	bio1	0.654345	1.267079	5.068445
MGYG000000847__gradient_L5_pectin_gapseq	1428	1560	397	bio1	0.654345	1.253023	5.019034
MGYG000000847__gradient_L6_resistant_starch_gapseq	1428	1560	397	bio1	0.786148	1.212424	5.129090
MGYG000000847__gradient_L7_bglucan_gapseq	1428	1560	397	bio1	0.786148	1.171285	5.007107
MGYG000000847__gradient_L8_hmo_gapseq	1428	1560	397	bio1	0.786148	1.263747	5.001528
MGYG000000847__gradient_L9_mos_gapseq	1428	1560	397	bio1	0.786148	1.250764	4.997722
MGYG000000858__gradient_L0_base_gapseq	1040	1147	297	bio1	0.219886	0.789393	2.800298
MGYG000000858__gradient_L1_inulin_gapseq	1040	1147	297	bio1	0.256921	0.817448	2.704958
MGYG000000858__gradient_L2_fos_gapseq	1040	1147	297	bio1	0.256921	0.890306	2.721512
MGYG000000858__gradient_L3_gos_gapseq	1040	1147	297	bio1	0.256921	0.810511	2.710645
MGYG000000858__gradient_L4_xos_gapseq	1040	1147	297	bio1	0.256921	0.875919	2.705168
MGYG000000858__gradient_L5_pectin_gapseq	1040	1147	297	bio1	0.256921	0.807926	2.768543
MGYG000000858__gradient_L6_resistant_starch_gapseq	1040	1147	297	bio1	0.256921	0.802444	2.761299
MGYG000000858__gradient_L7_bglucan_gapseq	1040	1147	297	bio1	0.256921	0.805713	2.792083
MGYG000000858__gradient_L8_hmo_gapseq	1040	1147	297	bio1	0.256921	0.793494	2.715471
MGYG000000858__gradient_L9_mos_gapseq	1040	1147	297	bio1	0.256921	0.870308	2.716966
MGYG000000862__gradient_L0_base_gapseq	1229	1335	323	bio1	0.403704	0.953401	3.744175
MGYG000000862__gradient_L1_inulin_gapseq	1229	1335	323	bio1	0.499826	1.062167	3.759703
MGYG000000862__gradient_L2_fos_gapseq	1229	1335	323	bio1	0.499826	0.964569	3.884038
MGYG000000862__gradient_L3_gos_gapseq	1229	1335	323	bio1	0.672846	0.952123	3.790377
MGYG000000862__gradient_L4_xos_gapseq	1229	1335	323	bio1	0.672846	1.072622	3.759452
MGYG000000862__gradient_L5_pectin_gapseq	1229	1335	323	bio1	0.672846	0.982202	3.923226
MGYG000000862__gradient_L6_resistant_starch_gapseq	1229	1335	323	bio1	1.077359	0.975615	3.798770
MGYG000000862__gradient_L7_bglucan_gapseq	1229	1335	323	bio1	1.077359	1.040479	3.750542
MGYG000000862__gradient_L8_hmo_gapseq	1229	1335	323	bio1	1.077359	0.990935	3.854740
MGYG000000862__gradient_L9_mos_gapseq	1229	1335	323	bio1	1.171658	0.956493	3.764998
MGYG000000863__gradient_L0_base_gapseq	1180	1306	292	bio1	0.000000	0.897307	0.048012
MGYG000000863__gradient_L1_inulin_gapseq	1180	1306	292	bio1	0.000000	0.894197	0.047693
MGYG000000863__gradient_L2_fos_gapseq	1180	1306	292	bio1	0.000000	1.011995	0.048420
MGYG000000863__gradient_L3_gos_gapseq	1180	1306	292	bio1	0.655839	0.897946	3.567797
MGYG000000863__gradient_L4_xos_gapseq	1180	1306	292	bio1	0.800857	0.985014	3.562029
MGYG000000863__gradient_L5_pectin_gapseq	1180	1306	292	bio1	0.800857	0.921382	3.627439
MGYG000000863__gradient_L6_resistant_starch_gapseq	1180	1306	292	bio1	0.926279	0.947146	3.534305
MGYG000000863__gradient_L7_bglucan_gapseq	1180	1306	292	bio1	0.926279	0.988687	3.543430
MGYG000000863__gradient_L8_hmo_gapseq	1180	1306	292	bio1	0.926279	0.918974	3.616383
MGYG000000863__gradient_L9_mos_gapseq	1180	1306	292	bio1	1.043388	0.900626	3.542626
MGYG000000870__gradient_L0_base_gapseq	1285	1439	369	bio1	0.000000	1.053689	0.053489
MGYG000000870__gradient_L1_inulin_gapseq	1285	1439	369	bio1	0.000000	1.098448	0.054104
MGYG000000870__gradient_L2_fos_gapseq	1285	1439	369	bio1	0.000000	1.076831	0.053656
MGYG000000870__gradient_L3_gos_gapseq	1285	1439	369	bio1	0.705950	1.106721	4.204080
MGYG000000870__gradient_L4_xos_gapseq	1285	1439	369	bio1	0.850373	1.035465	4.313644
MGYG000000870__gradient_L5_pectin_gapseq	1285	1439	369	bio1	0.850373	1.007814	4.182459
MGYG000000870__gradient_L6_resistant_starch_gapseq	1285	1439	369	bio1	1.132307	1.088580	4.178451
MGYG000000870__gradient_L7_bglucan_gapseq	1285	1439	369	bio1	1.132307	1.017114	4.251645
MGYG000000870__gradient_L8_hmo_gapseq	1285	1439	369	bio1	1.132307	1.047681	4.170950
MGYG000000870__gradient_L9_mos_gapseq	1285	1439	369	bio1	1.233161	1.097695	4.146038
MGYG000000872__gradient_L0_base_gapseq	1216	1377	314	bio1	0.000000	0.940494	0.132268
MGYG000000872__gradient_L1_inulin_gapseq	1216	1377	314	bio1	0.000000	0.978041	0.049337
MGYG000000872__gradient_L2_fos_gapseq	1216	1377	314	bio1	0.000000	0.977706	0.049375
MGYG000000872__gradient_L3_gos_gapseq	1216	1377	314	bio1	0.000000	1.026854	0.050756
MGYG000000872__gradient_L4_xos_gapseq	1216	1377	314	bio1	0.680846	0.980677	3.894509
MGYG000000872__gradient_L5_pectin_gapseq	1216	1377	314	bio1	0.680846	1.068575	3.911849
MGYG000000872__gradient_L6_resistant_starch_gapseq	1216	1377	314	bio1	0.988084	1.007749	3.907840
MGYG000000872__gradient_L7_bglucan_gapseq	1216	1377	314	bio1	0.988084	0.988145	3.914501
MGYG000000872__gradient_L8_hmo_gapseq	1216	1377	314	bio1	0.988084	1.023489	3.904789
MGYG000000872__gradient_L9_mos_gapseq	1216	1377	314	bio1	1.108288	1.051321	3.904596
MGYG000000877__gradient_L0_base_gapseq	1115	1208	257	bio1	0.000000	0.968040	0.045071
MGYG000000877__gradient_L1_inulin_gapseq	1115	1208	257	bio1	0.000000	0.873460	0.045161
MGYG000000877__gradient_L2_fos_gapseq	1115	1208	257	bio1	0.000000	0.862514	0.046684
MGYG000000877__gradient_L3_gos_gapseq	1115	1208	257	bio1	1.022830	0.956036	3.083068
MGYG000000877__gradient_L4_xos_gapseq	1115	1208	257	bio1	1.022830	0.870102	3.149910
MGYG000000877__gradient_L5_pectin_gapseq	1115	1208	257	bio1	1.022830	0.878102	3.078138
MGYG000000877__gradient_L6_resistant_starch_gapseq	1115	1208	257	bio1	1.130028	0.915087	3.061926
MGYG000000877__gradient_L7_bglucan_gapseq	1115	1208	257	bio1	1.130028	0.854616	3.081971
MGYG000000877__gradient_L8_hmo_gapseq	1115	1208	257	bio1	1.130028	0.955170	3.086961
MGYG000000877__gradient_L9_mos_gapseq	1115	1208	257	bio1	1.130028	0.854485	3.062252
MGYG000000909__gradient_L0_base_gapseq	1458	1697	459	bio1	1.237465	1.295616	5.640999
MGYG000000909__gradient_L1_inulin_gapseq	1458	1697	459	bio1	1.396797	1.269035	5.645669
MGYG000000909__gradient_L2_fos_gapseq	1458	1697	459	bio1	1.396797	1.242381	5.692640
MGYG000000909__gradient_L3_gos_gapseq	1458	1697	459	bio1	1.707493	1.243039	5.734371
MGYG000000909__gradient_L4_xos_gapseq	1458	1697	459	bio1	1.707493	1.193354	5.697361
MGYG000000909__gradient_L5_pectin_gapseq	1458	1697	459	bio1	1.707493	1.315719	5.633042
MGYG000000909__gradient_L6_resistant_starch_gapseq	1458	1697	459	bio1	2.402577	1.282466	5.639003
MGYG000000909__gradient_L7_bglucan_gapseq	1458	1697	459	bio1	2.635600	1.329286	5.644660
MGYG000000909__gradient_L8_hmo_gapseq	1458	1697	459	bio1	2.635600	1.349126	5.660118
MGYG000000909__gradient_L9_mos_gapseq	1458	1697	459	bio1	2.635600	1.199007	5.779510
MGYG000000914__gradient_L0_base_gapseq	1331	1518	390	bio1	1.022072	1.136478	4.530959
MGYG000000914__gradient_L1_inulin_gapseq	1331	1518	390	bio1	1.152155	1.125798	4.595133
MGYG000000914__gradient_L2_fos_gapseq	1331	1518	390	bio1	1.152155	1.096793	4.574357
MGYG000000914__gradient_L3_gos_gapseq	1331	1518	390	bio1	1.341851	1.151466	4.582442
MGYG000000914__gradient_L4_xos_gapseq	1331	1518	390	bio1	1.341851	1.179203	4.522633
MGYG000000914__gradient_L5_pectin_gapseq	1331	1518	390	bio1	1.341851	1.111511	4.588740
MGYG000000914__gradient_L6_resistant_starch_gapseq	1331	1518	390	bio1	1.341851	1.089233	4.519168
MGYG000000914__gradient_L7_bglucan_gapseq	1331	1518	390	bio1	1.341851	1.151860	4.548589
MGYG000000914__gradient_L8_hmo_gapseq	1331	1518	390	bio1	1.341851	1.152906	4.549659
MGYG000000914__gradient_L9_mos_gapseq	1331	1518	390	bio1	1.341851	1.131907	4.644644
MGYG000000919__gradient_L0_base_gapseq	1469	1720	566	bio1	1.266837	1.343538	6.034953
MGYG000000919__gradient_L1_inulin_gapseq	1469	1720	566	bio1	1.606171	1.346562	6.050394
MGYG000000919__gradient_L2_fos_gapseq	1469	1720	566	bio1	1.606171	1.315438	6.004010
MGYG000000919__gradient_L3_gos_gapseq	1469	1720	566	bio1	1.937022	1.322738	5.991709
MGYG000000919__gradient_L4_xos_gapseq	1469	1720	566	bio1	2.098205	1.323631	6.005926
MGYG000000919__gradient_L5_pectin_gapseq	1469	1720	566	bio1	2.098205	1.333658	6.088584
MGYG000000919__gradient_L6_resistant_starch_gapseq	1469	1720	566	bio1	2.838378	1.234295	6.105267
MGYG000000919__gradient_L7_bglucan_gapseq	1469	1720	566	bio1	3.086516	1.267637	6.067615
MGYG000000919__gradient_L8_hmo_gapseq	1469	1720	566	bio1	3.260424	1.248663	6.014280
MGYG000000919__gradient_L9_mos_gapseq	1469	1720	566	bio1	3.430091	1.320228	6.036371
MGYG000000920__gradient_L0_base_gapseq	1273	1434	348	bio1	0.000000	1.054806	0.052336
MGYG000000920__gradient_L1_inulin_gapseq	1273	1434	348	bio1	0.945583	1.123108	4.290662
MGYG000000920__gradient_L2_fos_gapseq	1273	1434	348	bio1	0.945583	1.049279	4.437482
MGYG000000920__gradient_L3_gos_gapseq	1273	1434	348	bio1	1.162585	1.072625	4.326648
MGYG000000920__gradient_L4_xos_gapseq	1273	1434	348	bio1	1.216520	1.107010	4.299963
MGYG000000920__gradient_L5_pectin_gapseq	1273	1434	348	bio1	1.216520	1.103363	4.312868
MGYG000000920__gradient_L6_resistant_starch_gapseq	1273	1434	348	bio1	1.731148	1.064764	4.380157
MGYG000000920__gradient_L7_bglucan_gapseq	1273	1434	348	bio1	1.904189	1.051830	4.276283
MGYG000000920__gradient_L8_hmo_gapseq	1273	1434	348	bio1	2.034532	1.133612	4.328388
MGYG000000920__gradient_L9_mos_gapseq	1273	1434	348	bio1	2.154387	1.020063	4.391744
MGYG000000952__gradient_L0_base_gapseq	981	977	158	bio1	0.000000	0.714726	0.031042
MGYG000000952__gradient_L1_inulin_gapseq	981	977	158	bio1	0.000000	0.737197	0.032024
MGYG000000952__gradient_L2_fos_gapseq	981	977	158	bio1	0.000000	0.830530	0.031838
MGYG000000952__gradient_L3_gos_gapseq	981	977	158	bio1	0.000000	0.688393	0.032213
MGYG000000952__gradient_L4_xos_gapseq	981	977	158	bio1	0.000000	0.681179	0.033445
MGYG000000952__gradient_L5_pectin_gapseq	981	977	158	bio1	0.000000	0.757770	0.035309
MGYG000000952__gradient_L6_resistant_starch_gapseq	981	977	158	bio1	0.000000	0.702341	0.033687
MGYG000000952__gradient_L7_bglucan_gapseq	981	977	158	bio1	0.000000	0.684636	0.033953
MGYG000000952__gradient_L8_hmo_gapseq	981	977	158	bio1	0.000000	0.751084	0.033602
MGYG000000952__gradient_L9_mos_gapseq	981	977	158	bio1	0.000000	0.838561	0.035599
MGYG000000965__gradient_L0_base_gapseq	1047	1073	217	bio1	0.000000	0.771340	0.033543
MGYG000000965__gradient_L1_inulin_gapseq	1047	1073	217	bio1	0.000000	0.775302	0.033771
MGYG000000965__gradient_L2_fos_gapseq	1047	1073	217	bio1	0.000000	0.854613	0.035241
MGYG000000965__gradient_L3_gos_gapseq	1047	1073	217	bio1	0.000000	0.789999	0.034847
MGYG000000965__gradient_L4_xos_gapseq	1047	1073	217	bio1	0.000000	0.780099	0.034283
MGYG000000965__gradient_L5_pectin_gapseq	1047	1073	217	bio1	0.000000	0.847950	0.033677
MGYG000000965__gradient_L6_resistant_starch_gapseq	1047	1073	217	bio1	0.000000	0.793828	0.033612
MGYG000000965__gradient_L7_bglucan_gapseq	1047	1073	217	bio1	0.000000	0.767929	0.118286
MGYG000000965__gradient_L8_hmo_gapseq	1047	1073	217	bio1	0.000000	0.804898	0.035118
MGYG000000965__gradient_L9_mos_gapseq	1047	1073	217	bio1	0.000000	0.786927	0.034083
MGYG000000968__gradient_L0_base_gapseq	1324	1487	418	bio1	0.505460	1.050086	4.539397
MGYG000000968__gradient_L1_inulin_gapseq	1324	1487	418	bio1	0.630457	1.149314	4.504327
MGYG000000968__gradient_L2_fos_gapseq	1324	1487	418	bio1	0.630457	1.203949	4.527422
MGYG000000968__gradient_L3_gos_gapseq	1324	1487	418	bio1	0.711098	1.086967	4.636342
MGYG000000968__gradient_L4_xos_gapseq	1324	1487	418	bio1	0.725760	1.069235	4.512749
MGYG000000968__gradient_L5_pectin_gapseq	1324	1487	418	bio1	0.725760	1.163126	4.501400
MGYG000000968__gradient_L6_resistant_starch_gapseq	1324	1487	418	bio1	0.832086	1.149784	4.480744
MGYG000000968__gradient_L7_bglucan_gapseq	1324	1487	418	bio1	0.832086	1.122635	4.599918
MGYG000000968__gradient_L8_hmo_gapseq	1324	1487	418	bio1	0.832086	1.078959	4.519982
MGYG000000968__gradient_L9_mos_gapseq	1324	1487	418	bio1	0.832086	1.168771	4.523510
MGYG000000974__gradient_L0_base_gapseq	877	911	165	bio1	0.000000	0.621004	0.026545
MGYG000000974__gradient_L1_inulin_gapseq	877	911	165	bio1	0.000000	0.636218	0.028565
MGYG000000974__gradient_L2_fos_gapseq	877	911	165	bio1	0.000000	0.743330	0.028355
MGYG000000974__gradient_L3_gos_gapseq	877	911	165	bio1	0.000000	0.654491	0.028787
MGYG000000974__gradient_L4_xos_gapseq	877	911	165	bio1	0.000000	0.620068	0.028600
MGYG000000974__gradient_L5_pectin_gapseq	877	911	165	bio1	0.000000	0.621574	0.028658
MGYG000000974__gradient_L6_resistant_starch_gapseq	877	911	165	bio1	0.000000	0.741711	0.029008
MGYG000000974__gradient_L7_bglucan_gapseq	877	911	165	bio1	0.000000	0.637097	0.029246
MGYG000000974__gradient_L8_hmo_gapseq	877	911	165	bio1	0.000000	0.666210	0.029385
MGYG000000974__gradient_L9_mos_gapseq	877	911	165	bio1	0.000000	0.731340	0.030015
MGYG000000990__gradient_L0_base_gapseq	1409	1635	413	bio1	0.000000	1.261870	0.067120
MGYG000000990__gradient_L1_inulin_gapseq	1409	1635	413	bio1	0.000000	1.183894	0.067606
MGYG000000990__gradient_L2_fos_gapseq	1409	1635	413	bio1	0.000000	1.278118	0.068614
MGYG000000990__gradient_L3_gos_gapseq	1409	1635	413	bio1	0.000000	1.239932	0.069712
MGYG000000990__gradient_L4_xos_gapseq	1409	1635	413	bio1	1.383780	1.336369	5.428726
MGYG000000990__gradient_L5_pectin_gapseq	1409	1635	413	bio1	1.383780	1.302999	5.433567
MGYG000000990__gradient_L6_resistant_starch_gapseq	1409	1635	413	bio1	2.006036	1.276199	5.397463
MGYG000000990__gradient_L7_bglucan_gapseq	1409	1635	413	bio1	2.214952	1.183790	5.451457
MGYG000000990__gradient_L8_hmo_gapseq	1409	1635	413	bio1	2.363216	1.176720	5.446513
MGYG000000990__gradient_L9_mos_gapseq	1409	1635	413	bio1	2.467977	1.180979	5.376634
MGYG000000994__gradient_L0_base_gapseq	1226	1250	264	bio1	0.019292	0.915257	3.214982
MGYG000000994__gradient_L1_inulin_gapseq	1226	1250	264	bio1	0.107165	1.054450	3.200757
MGYG000000994__gradient_L2_fos_gapseq	1226	1250	264	bio1	0.107165	0.943813	3.233459
MGYG000000994__gradient_L3_gos_gapseq	1226	1250	264	bio1	0.107165	0.995822	3.190465
MGYG000000994__gradient_L4_xos_gapseq	1226	1250	264	bio1	0.107165	0.917849	3.298425
MGYG000000994__gradient_L5_pectin_gapseq	1226	1250	264	bio1	0.107165	0.929958	3.202635
MGYG000000994__gradient_L6_resistant_starch_gapseq	1226	1250	264	bio1	0.160752	0.983481	3.184436
MGYG000000994__gradient_L7_bglucan_gapseq	1226	1250	264	bio1	0.160752	0.930181	3.288903
MGYG000000994__gradient_L8_hmo_gapseq	1226	1250	264	bio1	0.160752	0.914376	3.203982
MGYG000000994__gradient_L9_mos_gapseq	1226	1250	264	bio1	0.160752	0.990944	3.205338
MGYG000001004__gradient_L0_base_gapseq	1333	1503	390	bio1	0.000000	1.169263	0.060615
MGYG000001004__gradient_L1_inulin_gapseq	1333	1503	390	bio1	0.000000	1.130206	0.061147
MGYG000001004__gradient_L2_fos_gapseq	1333	1503	390	bio1	0.000000	1.178340	0.061375
MGYG000001004__gradient_L3_gos_gapseq	1333	1503	390	bio1	0.000000	1.074205	0.062801
MGYG000001004__gradient_L4_xos_gapseq	1333	1503	390	bio1	1.250945	1.169187	4.672409
MGYG000001004__gradient_L5_pectin_gapseq	1333	1503	390	bio1	1.250945	1.191923	4.660312
MGYG000001004__gradient_L6_resistant_starch_gapseq	1333	1503	390	bio1	1.870828	1.072774	4.786326
MGYG000001004__gradient_L7_bglucan_gapseq	1333	1503	390	bio1	2.078948	1.096373	4.672502
MGYG000001004__gradient_L8_hmo_gapseq	1333	1503	390	bio1	2.226646	1.174387	4.671066
MGYG000001004__gradient_L9_mos_gapseq	1333	1503	390	bio1	2.226646	1.162812	4.669908
MGYG000001007__gradient_L0_base_gapseq	1380	1599	468	bio1	0.700884	1.256776	5.118441
MGYG000001007__gradient_L1_inulin_gapseq	1380	1599	468	bio1	0.997860	1.190484	5.116934
MGYG000001007__gradient_L2_fos_gapseq	1380	1599	468	bio1	0.997860	1.223533	5.121114
MGYG000001007__gradient_L3_gos_gapseq	1380	1599	468	bio1	1.274725	1.243140	5.215624
MGYG000001007__gradient_L4_xos_gapseq	1380	1599	468	bio1	1.274725	1.148215	5.182300
MGYG000001007__gradient_L5_pectin_gapseq	1380	1599	468	bio1	1.274725	1.265167	5.098026
MGYG000001007__gradient_L6_resistant_starch_gapseq	1380	1599	468	bio1	1.413158	1.248989	5.108288
MGYG000001007__gradient_L7_bglucan_gapseq	1380	1599	468	bio1	1.612155	1.224179	5.113440
MGYG000001007__gradient_L8_hmo_gapseq	1380	1599	468	bio1	1.612155	1.175534	5.174381
MGYG000001007__gradient_L9_mos_gapseq	1380	1599	468	bio1	1.750588	1.183689	5.185224
MGYG000001023__gradient_L0_base_gapseq	1175	1245	323	bio1	0.000000	0.911844	0.044511
MGYG000001023__gradient_L1_inulin_gapseq	1175	1245	323	bio1	0.000000	0.977343	0.043868
MGYG000001023__gradient_L2_fos_gapseq	1175	1245	323	bio1	0.000000	0.908130	0.043227
MGYG000001023__gradient_L3_gos_gapseq	1175	1245	323	bio1	0.000000	0.891968	0.044013
MGYG000001023__gradient_L4_xos_gapseq	1175	1245	323	bio1	0.510917	0.961124	3.274446
MGYG000001023__gradient_L5_pectin_gapseq	1175	1245	323	bio1	0.510917	0.898595	3.373252
MGYG000001023__gradient_L6_resistant_starch_gapseq	1175	1245	323	bio1	0.594523	0.912026	3.257817
MGYG000001023__gradient_L7_bglucan_gapseq	1175	1245	323	bio1	0.594523	0.980041	3.265345
MGYG000001023__gradient_L8_hmo_gapseq	1175	1245	323	bio1	0.594523	0.893814	3.253986
MGYG000001023__gradient_L9_mos_gapseq	1175	1245	323	bio1	0.594523	0.975949	3.356027
MGYG000001027__gradient_L0_base_gapseq	1298	1438	374	bio1	0.000000	1.146665	0.057304
MGYG000001027__gradient_L1_inulin_gapseq	1298	1438	374	bio1	0.000000	1.040544	0.058122
MGYG000001027__gradient_L2_fos_gapseq	1298	1438	374	bio1	0.000000	1.049668	0.131441
MGYG000001027__gradient_L3_gos_gapseq	1298	1438	374	bio1	0.000000	1.033198	0.058330
MGYG000001027__gradient_L4_xos_gapseq	1298	1438	374	bio1	0.000000	1.027534	0.139377
MGYG000001027__gradient_L5_pectin_gapseq	1298	1438	374	bio1	0.000000	1.029469	0.060330
MGYG000001027__gradient_L6_resistant_starch_gapseq	1298	1438	374	bio1	0.000000	1.022189	0.058796
MGYG000001027__gradient_L7_bglucan_gapseq	1298	1438	374	bio1	0.000000	1.127945	0.059187
MGYG000001027__gradient_L8_hmo_gapseq	1298	1438	374	bio1	0.000000	1.022805	0.059589
MGYG000001027__gradient_L9_mos_gapseq	1298	1438	374	bio1	0.000000	1.155869	0.058332
MGYG000001029__gradient_L0_base_gapseq	1114	1243	286	bio1	0.000000	0.900878	0.046161
MGYG000001029__gradient_L1_inulin_gapseq	1114	1243	286	bio1	0.284529	0.972167	3.328141
MGYG000001029__gradient_L2_fos_gapseq	1114	1243	286	bio1	0.284529	0.894796	3.386705
MGYG000001029__gradient_L3_gos_gapseq	1114	1243	286	bio1	0.494545	0.876540	3.303742
MGYG000001029__gradient_L4_xos_gapseq	1114	1243	286	bio1	0.494545	0.954388	3.368685
MGYG000001029__gradient_L5_pectin_gapseq	1114	1243	286	bio1	0.494545	0.849807	3.313644
MGYG000001029__gradient_L6_resistant_starch_gapseq	1114	1243	286	bio1	0.921353	0.970617	3.350651
MGYG000001029__gradient_L7_bglucan_gapseq	1114	1243	286	bio1	1.074976	0.891606	3.400405
MGYG000001029__gradient_L8_hmo_gapseq	1114	1243	286	bio1	1.184893	0.890875	3.340998
MGYG000001029__gradient_L9_mos_gapseq	1114	1243	286	bio1	1.255239	0.965495	3.348133
MGYG000001030__gradient_L0_base_gapseq	1307	1450	338	bio1	0.000000	1.063848	0.049519
MGYG000001030__gradient_L1_inulin_gapseq	1307	1450	338	bio1	0.000000	1.167532	0.051193
MGYG000001030__gradient_L2_fos_gapseq	1307	1450	338	bio1	0.000000	1.065816	0.050698
MGYG000001030__gradient_L3_gos_gapseq	1307	1450	338	bio1	0.000000	1.213195	0.050946
MGYG000001030__gradient_L4_xos_gapseq	1307	1450	338	bio1	0.322150	1.047357	4.570707
MGYG000001030__gradient_L5_pectin_gapseq	1307	1450	338	bio1	0.322150	1.058863	4.345930
MGYG000001030__gradient_L6_resistant_starch_gapseq	1307	1450	338	bio1	0.410583	1.134122	4.355972
MGYG000001030__gradient_L7_bglucan_gapseq	1307	1450	338	bio1	0.552709	1.105478	4.348017
MGYG000001030__gradient_L8_hmo_gapseq	1307	1450	338	bio1	0.552709	1.034818	4.454396
MGYG000001030__gradient_L9_mos_gapseq	1307	1450	338	bio1	0.641143	1.058668	4.319063
MGYG000001062__gradient_L0_base_gapseq	1120	1130	268	bio1	0.000000	0.808252	0.032072
MGYG000001062__gradient_L1_inulin_gapseq	1120	1130	268	bio1	0.000000	0.896285	0.032198
MGYG000001062__gradient_L2_fos_gapseq	1120	1130	268	bio1	0.000000	0.809401	0.032223
MGYG000001062__gradient_L3_gos_gapseq	1120	1130	268	bio1	0.000000	0.896377	0.032256
MGYG000001062__gradient_L4_xos_gapseq	1120	1130	268	bio1	0.000000	0.823963	0.035382
MGYG000001062__gradient_L5_pectin_gapseq	1120	1130	268	bio1	0.000000	0.825906	0.035045
MGYG000001062__gradient_L6_resistant_starch_gapseq	1120	1130	268	bio1	0.000000	0.878596	0.035472
MGYG000001062__gradient_L7_bglucan_gapseq	1120	1130	268	bio1	0.000000	0.824917	0.035844
MGYG000001062__gradient_L8_hmo_gapseq	1120	1130	268	bio1	0.000000	0.822284	0.035841
MGYG000001062__gradient_L9_mos_gapseq	1120	1130	268	bio1	0.000000	0.909422	0.036597
MGYG000001066__gradient_L0_base_gapseq	1194	1316	329	bio1	0.292441	0.917682	3.585989
MGYG000001066__gradient_L1_inulin_gapseq	1194	1316	329	bio1	0.431131	1.051781	3.560626
MGYG000001066__gradient_L2_fos_gapseq	1194	1316	329	bio1	0.431131	0.929206	3.652226
MGYG000001066__gradient_L3_gos_gapseq	1194	1316	329	bio1	0.491760	0.928828	3.558930
MGYG000001066__gradient_L4_xos_gapseq	1194	1316	329	bio1	0.491760	0.999479	3.548065
MGYG000001066__gradient_L5_pectin_gapseq	1194	1316	329	bio1	0.491760	0.943980	3.662540
MGYG000001066__gradient_L6_resistant_starch_gapseq	1194	1316	329	bio1	0.582704	0.943764	3.569384
MGYG000001066__gradient_L7_bglucan_gapseq	1194	1316	329	bio1	0.582704	1.019745	3.569983
MGYG000001066__gradient_L8_hmo_gapseq	1194	1316	329	bio1	0.582704	0.928789	3.639692
MGYG000001066__gradient_L9_mos_gapseq	1194	1316	329	bio1	0.582704	0.954004	3.567922
MGYG000001068__gradient_L0_base_gapseq	1424	1700	403	bio1	0.504344	1.197836	5.980256
MGYG000001068__gradient_L1_inulin_gapseq	1424	1700	403	bio1	0.661545	1.220093	5.892509
MGYG000001068__gradient_L2_fos_gapseq	1424	1700	403	bio1	0.661545	1.218087	5.878811
MGYG000001068__gradient_L3_gos_gapseq	1424	1700	403	bio1	0.823659	1.289253	5.881172
MGYG000001068__gradient_L4_xos_gapseq	1424	1700	403	bio1	0.823659	1.300127	5.872709
MGYG000001068__gradient_L5_pectin_gapseq	1424	1700	403	bio1	0.823659	1.355317	5.943445
MGYG000001068__gradient_L6_resistant_starch_gapseq	1424	1700	403	bio1	0.902260	1.221508	5.978368
MGYG000001068__gradient_L7_bglucan_gapseq	1424	1700	403	bio1	1.012435	1.225863	5.961531
MGYG000001068__gradient_L8_hmo_gapseq	1424	1700	403	bio1	1.012435	1.213549	5.875767
MGYG000001068__gradient_L9_mos_gapseq	1424	1700	403	bio1	1.089513	1.316361	5.863607
MGYG000001093__gradient_L0_base_gapseq	1512	1661	370	bio1	0.000000	1.293803	0.064937
MGYG000001093__gradient_L1_inulin_gapseq	1512	1661	370	bio1	0.287305	1.218456	5.725694
MGYG000001093__gradient_L2_fos_gapseq	1512	1661	370	bio1	0.287305	1.208430	5.728460
MGYG000001093__gradient_L3_gos_gapseq	1512	1661	370	bio1	0.287305	1.217487	5.643610
MGYG000001093__gradient_L4_xos_gapseq	1512	1661	370	bio1	0.287305	1.278783	5.651877
MGYG000001093__gradient_L5_pectin_gapseq	1512	1661	370	bio1	0.287305	1.299043	5.734576
MGYG000001093__gradient_L6_resistant_starch_gapseq	1512	1661	370	bio1	0.287305	1.308585	5.687817
MGYG000001093__gradient_L7_bglucan_gapseq	1512	1661	370	bio1	0.287305	1.228088	5.745349
MGYG000001093__gradient_L8_hmo_gapseq	1512	1661	370	bio1	0.287305	1.212183	5.744187
MGYG000001093__gradient_L9_mos_gapseq	1512	1661	370	bio1	0.287305	1.221930	5.737839
MGYG000001096__gradient_L0_base_gapseq	1156	1299	312	bio1	0.790079	0.898571	3.487381
MGYG000001096__gradient_L1_inulin_gapseq	1156	1299	312	bio1	1.080057	1.010237	3.485576
MGYG000001096__gradient_L2_fos_gapseq	1156	1299	312	bio1	1.080057	0.924288	3.500345
MGYG000001096__gradient_L3_gos_gapseq	1156	1299	312	bio1	1.371609	0.983136	3.498518
MGYG000001096__gradient_L4_xos_gapseq	1156	1299	312	bio1	1.371609	0.932496	3.566108
MGYG000001096__gradient_L5_pectin_gapseq	1156	1299	312	bio1	1.371609	0.946548	3.553416
MGYG000001096__gradient_L6_resistant_starch_gapseq	1156	1299	312	bio1	1.983426	1.002896	3.474154
MGYG000001096__gradient_L7_bglucan_gapseq	1156	1299	312	bio1	1.983426	0.926484	3.575442
MGYG000001096__gradient_L8_hmo_gapseq	1156	1299	312	bio1	1.983426	0.937196	3.482902
MGYG000001096__gradient_L9_mos_gapseq	1156	1299	312	bio1	2.124784	1.012142	3.482016
MGYG000001115__gradient_L0_base_gapseq	1251	1400	330	bio1	0.000000	1.114624	0.055688
MGYG000001115__gradient_L1_inulin_gapseq	1251	1400	330	bio1	0.000000	0.995472	0.055504
MGYG000001115__gradient_L2_fos_gapseq	1251	1400	330	bio1	0.000000	1.107290	0.074729
MGYG000001115__gradient_L3_gos_gapseq	1251	1400	330	bio1	1.204752	1.028337	3.967776
MGYG000001115__gradient_L4_xos_gapseq	1251	1400	330	bio1	1.277584	1.078357	3.969232
MGYG000001115__gradient_L5_pectin_gapseq	1251	1400	330	bio1	1.277584	1.022443	4.036606
MGYG000001115__gradient_L6_resistant_starch_gapseq	1251	1400	330	bio1	1.826100	1.022323	3.962734
MGYG000001115__gradient_L7_bglucan_gapseq	1251	1400	330	bio1	1.826100	1.096462	3.925292
MGYG000001115__gradient_L8_hmo_gapseq	1251	1400	330	bio1	1.826100	1.017671	4.015053
MGYG000001115__gradient_L9_mos_gapseq	1251	1400	330	bio1	1.826100	1.021826	3.939405
MGYG000001141__gradient_L0_base_gapseq	1304	1471	371	bio1	0.000000	1.066949	0.049681
MGYG000001141__gradient_L1_inulin_gapseq	1304	1471	371	bio1	0.000000	1.139950	0.051907
MGYG000001141__gradient_L2_fos_gapseq	1304	1471	371	bio1	0.000000	1.045538	0.051501
MGYG000001141__gradient_L3_gos_gapseq	1304	1471	371	bio1	0.682508	1.122213	4.399918
MGYG000001141__gradient_L4_xos_gapseq	1304	1471	371	bio1	0.721245	1.155445	4.391717
MGYG000001141__gradient_L5_pectin_gapseq	1304	1471	371	bio1	0.721245	1.060402	4.487399
MGYG000001141__gradient_L6_resistant_starch_gapseq	1304	1471	371	bio1	1.136795	1.081527	4.376570
MGYG000001141__gradient_L7_bglucan_gapseq	1304	1471	371	bio1	1.283019	1.115318	4.374308
MGYG000001141__gradient_L8_hmo_gapseq	1304	1471	371	bio1	1.283019	1.142544	4.364237
MGYG000001141__gradient_L9_mos_gapseq	1304	1471	371	bio1	1.350781	1.070198	4.588685
MGYG000001153__gradient_L0_base_gapseq	1054	1071	244	bio1	0.000000	0.794928	0.028938
MGYG000001153__gradient_L1_inulin_gapseq	1054	1071	244	bio1	0.094873	0.821208	2.487158
MGYG000001153__gradient_L2_fos_gapseq	1054	1071	244	bio1	0.094873	0.868004	2.487150
MGYG000001153__gradient_L3_gos_gapseq	1054	1071	244	bio1	0.094873	0.778626	2.476774
MGYG000001153__gradient_L4_xos_gapseq	1054	1071	244	bio1	0.094873	0.934769	2.484438
MGYG000001153__gradient_L5_pectin_gapseq	1054	1071	244	bio1	0.094873	0.781706	2.476102
MGYG000001153__gradient_L6_resistant_starch_gapseq	1054	1071	244	bio1	0.094873	0.834320	2.465381
MGYG000001153__gradient_L7_bglucan_gapseq	1054	1071	244	bio1	0.094873	0.768654	2.484983
MGYG000001153__gradient_L8_hmo_gapseq	1054	1071	244	bio1	0.094873	0.821623	2.490392
MGYG000001153__gradient_L9_mos_gapseq	1054	1071	244	bio1	0.094873	0.819773	2.490728
MGYG000001157__gradient_L0_base_gapseq	1275	1452	370	bio1	0.000000	1.115552	0.055473
MGYG000001157__gradient_L1_inulin_gapseq	1275	1452	370	bio1	0.000000	1.054014	0.055923
MGYG000001157__gradient_L2_fos_gapseq	1275	1452	370	bio1	0.000000	1.123368	0.056790
MGYG000001157__gradient_L3_gos_gapseq	1275	1452	370	bio1	1.248280	1.031371	4.325496
MGYG000001157__gradient_L4_xos_gapseq	1275	1452	370	bio1	1.317412	1.063748	4.230134
MGYG000001157__gradient_L5_pectin_gapseq	1275	1452	370	bio1	1.317412	1.119762	4.227612
MGYG000001157__gradient_L6_resistant_starch_gapseq	1275	1452	370	bio1	1.835780	1.048200	4.390796
MGYG000001157__gradient_L7_bglucan_gapseq	1275	1452	370	bio1	2.010078	1.069177	4.237491
MGYG000001157__gradient_L8_hmo_gapseq	1275	1452	370	bio1	2.010078	1.136929	4.250157
MGYG000001157__gradient_L9_mos_gapseq	1275	1452	370	bio1	2.094586	1.113946	4.242330
MGYG000001175__gradient_L0_base_gapseq	888	849	89	bio1	0.000000	0.678323	0.020792
MGYG000001175__gradient_L1_inulin_gapseq	888	849	89	bio1	0.000000	0.590969	0.022593
MGYG000001175__gradient_L2_fos_gapseq	888	849	89	bio1	0.000000	0.614153	0.021586
MGYG000001175__gradient_L3_gos_gapseq	888	849	89	bio1	0.000000	0.593530	0.021841
MGYG000001175__gradient_L4_xos_gapseq	888	849	89	bio1	0.000000	0.660659	0.021435
MGYG000001175__gradient_L5_pectin_gapseq	888	849	89	bio1	0.000000	0.593271	0.021459
MGYG000001175__gradient_L6_resistant_starch_gapseq	888	849	89	bio1	0.000000	0.573883	0.021388
MGYG000001175__gradient_L7_bglucan_gapseq	888	849	89	bio1	0.000000	0.590615	0.023599
MGYG000001175__gradient_L8_hmo_gapseq	888	849	89	bio1	0.000000	0.730771	0.022944
MGYG000001175__gradient_L9_mos_gapseq	888	849	89	bio1	0.000000	0.676619	0.023243
MGYG000001179__gradient_L0_base_gapseq	1173	1297	313	bio1	0.497193	0.924650	3.673090
MGYG000001179__gradient_L1_inulin_gapseq	1173	1297	313	bio1	0.720238	0.934060	3.595757
MGYG000001179__gradient_L2_fos_gapseq	1173	1297	313	bio1	0.720238	1.003375	3.552693
MGYG000001179__gradient_L3_gos_gapseq	1173	1297	313	bio1	0.957044	0.933557	3.638463
MGYG000001179__gradient_L4_xos_gapseq	1173	1297	313	bio1	0.957044	1.027351	3.572814
MGYG000001179__gradient_L5_pectin_gapseq	1173	1297	313	bio1	0.957044	1.018093	3.560103
MGYG000001179__gradient_L6_resistant_starch_gapseq	1173	1297	313	bio1	1.436098	0.921755	3.538208
MGYG000001179__gradient_L7_bglucan_gapseq	1173	1297	313	bio1	1.436098	0.998907	3.541460
MGYG000001179__gradient_L8_hmo_gapseq	1173	1297	313	bio1	1.436098	0.923443	3.603751
MGYG000001179__gradient_L9_mos_gapseq	1173	1297	313	bio1	1.548184	0.925139	3.541642
MGYG000001182__gradient_L0_base_gapseq	939	883	122	bio1	0.000000	0.651736	0.023101
MGYG000001182__gradient_L1_inulin_gapseq	939	883	122	bio1	0.000000	0.622459	0.023580
MGYG000001182__gradient_L2_fos_gapseq	939	883	122	bio1	0.000000	0.659823	0.023627
MGYG000001182__gradient_L3_gos_gapseq	939	883	122	bio1	0.000000	0.768933	0.023558
MGYG000001182__gradient_L4_xos_gapseq	939	883	122	bio1	0.000000	0.630575	0.023769
MGYG000001182__gradient_L5_pectin_gapseq	939	883	122	bio1	0.000000	0.633549	0.023673
MGYG000001182__gradient_L6_resistant_starch_gapseq	939	883	122	bio1	0.000000	0.621991	0.023547
MGYG000001182__gradient_L7_bglucan_gapseq	939	883	122	bio1	0.000000	0.698119	0.026150
MGYG000001182__gradient_L8_hmo_gapseq	939	883	122	bio1	0.000000	0.639046	0.025087
MGYG000001182__gradient_L9_mos_gapseq	939	883	122	bio1	0.000000	0.630368	0.025184
MGYG000001186__gradient_L0_base_gapseq	1400	1626	447	bio1	0.417429	1.338411	5.383197
MGYG000001186__gradient_L1_inulin_gapseq	1400	1626	447	bio1	0.547950	1.321217	5.371199
MGYG000001186__gradient_L2_fos_gapseq	1400	1626	447	bio1	0.547950	1.322497	5.355989
MGYG000001186__gradient_L3_gos_gapseq	1400	1626	447	bio1	0.826469	1.196394	5.480906
MGYG000001186__gradient_L4_xos_gapseq	1400	1626	447	bio1	0.878329	1.181461	5.450487
MGYG000001186__gradient_L5_pectin_gapseq	1400	1626	447	bio1	0.878329	1.187177	5.407851
MGYG000001186__gradient_L6_resistant_starch_gapseq	1400	1626	447	bio1	1.418728	1.324170	5.394890
MGYG000001186__gradient_L7_bglucan_gapseq	1400	1626	447	bio1	1.599133	1.333257	5.390479
MGYG000001186__gradient_L8_hmo_gapseq	1400	1626	447	bio1	1.599133	1.291356	5.449511
MGYG000001186__gradient_L9_mos_gapseq	1400	1626	447	bio1	1.688221	1.250897	5.445895
MGYG000001193__gradient_L0_base_gapseq	1165	1198	256	bio1	0.098741	0.957479	3.178481
MGYG000001193__gradient_L1_inulin_gapseq	1165	1198	256	bio1	0.209372	0.851041	3.168379
MGYG000001193__gradient_L2_fos_gapseq	1165	1198	256	bio1	0.209372	0.966697	3.166439
MGYG000001193__gradient_L3_gos_gapseq	1165	1198	256	bio1	0.209372	0.885219	3.277308
MGYG000001193__gradient_L4_xos_gapseq	1165	1198	256	bio1	0.209372	0.888504	3.157054
MGYG000001193__gradient_L5_pectin_gapseq	1165	1198	256	bio1	0.209372	0.956558	3.161150
MGYG000001193__gradient_L6_resistant_starch_gapseq	1165	1198	256	bio1	0.209372	0.885730	3.182256
MGYG000001193__gradient_L7_bglucan_gapseq	1165	1198	256	bio1	0.209372	0.929843	3.172885
MGYG000001193__gradient_L8_hmo_gapseq	1165	1198	256	bio1	0.209372	0.872474	3.249404
MGYG000001193__gradient_L9_mos_gapseq	1165	1198	256	bio1	0.209372	0.886422	3.175908
MGYG000001203__gradient_L0_base_gapseq	1170	1256	300	bio1	0.688415	0.870668	3.225984
MGYG000001203__gradient_L1_inulin_gapseq	1170	1256	300	bio1	0.971885	0.992405	3.239579
MGYG000001203__gradient_L2_fos_gapseq	1170	1256	300	bio1	0.971885	0.884332	3.296757
MGYG000001203__gradient_L3_gos_gapseq	1170	1256	300	bio1	0.971885	0.905203	3.242988
MGYG000001203__gradient_L4_xos_gapseq	1170	1256	300	bio1	0.971885	0.960000	3.245609
MGYG000001203__gradient_L5_pectin_gapseq	1170	1256	300	bio1	0.971885	0.882489	3.334097
MGYG000001203__gradient_L6_resistant_starch_gapseq	1170	1256	300	bio1	1.584388	0.901029	3.243363
MGYG000001203__gradient_L7_bglucan_gapseq	1170	1256	300	bio1	1.584388	0.949465	3.239104
MGYG000001203__gradient_L8_hmo_gapseq	1170	1256	300	bio1	1.584388	0.938973	3.239012
MGYG000001203__gradient_L9_mos_gapseq	1170	1256	300	bio1	1.725813	0.955469	3.243932
MGYG000001209__gradient_L0_base_gapseq	1144	1230	247	bio1	0.000000	0.959558	0.041724
MGYG000001209__gradient_L1_inulin_gapseq	1144	1230	247	bio1	0.559010	0.897205	3.312380
MGYG000001209__gradient_L2_fos_gapseq	1144	1230	247	bio1	0.559010	0.944618	3.322364
MGYG000001209__gradient_L3_gos_gapseq	1144	1230	247	bio1	0.559010	0.907787	3.420319
MGYG000001209__gradient_L4_xos_gapseq	1144	1230	247	bio1	0.559010	0.917114	3.311270
MGYG000001209__gradient_L5_pectin_gapseq	1144	1230	247	bio1	0.559010	0.974921	3.323038
MGYG000001209__gradient_L6_resistant_starch_gapseq	1144	1230	247	bio1	0.686222	0.913033	3.320457
MGYG000001209__gradient_L7_bglucan_gapseq	1144	1230	247	bio1	0.686222	0.960311	3.330705
MGYG000001209__gradient_L8_hmo_gapseq	1144	1230	247	bio1	0.686222	0.907966	3.474625
MGYG000001209__gradient_L9_mos_gapseq	1144	1230	247	bio1	0.813435	0.914909	3.329379
MGYG000001216__gradient_L0_base_gapseq	899	869	149	bio1	0.000000	0.621738	0.094557
MGYG000001216__gradient_L1_inulin_gapseq	899	869	149	bio1	0.000000	0.654701	0.027032
MGYG000001216__gradient_L2_fos_gapseq	899	869	149	bio1	0.000000	0.656163	0.027141
MGYG000001216__gradient_L3_gos_gapseq	899	869	149	bio1	0.000000	0.624562	0.026997
MGYG000001216__gradient_L4_xos_gapseq	899	869	149	bio1	0.000000	0.687073	0.026103
MGYG000001216__gradient_L5_pectin_gapseq	899	869	149	bio1	0.000000	0.626768	0.026081
MGYG000001216__gradient_L6_resistant_starch_gapseq	899	869	149	bio1	0.000000	0.621463	0.026312
MGYG000001216__gradient_L7_bglucan_gapseq	899	869	149	bio1	0.000000	0.621794	0.026874
MGYG000001216__gradient_L8_hmo_gapseq	899	869	149	bio1	0.000000	0.716828	0.027466
MGYG000001216__gradient_L9_mos_gapseq	899	869	149	bio1	0.000000	0.619096	0.027081
MGYG000001227__gradient_L0_base_gapseq	1085	1197	279	bio1	0.000000	0.852977	0.039968
MGYG000001227__gradient_L1_inulin_gapseq	1085	1197	279	bio1	0.000000	0.929085	0.040244
MGYG000001227__gradient_L2_fos_gapseq	1085	1197	279	bio1	0.000000	0.841255	0.040020
MGYG000001227__gradient_L3_gos_gapseq	1085	1197	279	bio1	0.000000	0.927565	0.039872
MGYG000001227__gradient_L4_xos_gapseq	1085	1197	279	bio1	0.000000	0.866891	0.040440
MGYG000001227__gradient_L5_pectin_gapseq	1085	1197	279	bio1	0.000000	0.856948	0.039400
MGYG000001227__gradient_L6_resistant_starch_gapseq	1085	1197	279	bio1	0.000000	0.967239	0.040711
MGYG000001227__gradient_L7_bglucan_gapseq	1085	1197	279	bio1	0.000000	0.829969	0.041228
MGYG000001227__gradient_L8_hmo_gapseq	1085	1197	279	bio1	0.000000	0.954973	0.040490
MGYG000001227__gradient_L9_mos_gapseq	1085	1197	279	bio1	0.000000	0.842294	0.040059
MGYG000001238__gradient_L0_base_gapseq	1282	1302	300	bio1	0.000000	0.982476	0.043283
MGYG000001238__gradient_L1_inulin_gapseq	1282	1302	300	bio1	0.000000	1.078789	0.043025
MGYG000001238__gradient_L2_fos_gapseq	1282	1302	300	bio1	0.000000	0.938962	0.043195
MGYG000001238__gradient_L3_gos_gapseq	1282	1302	300	bio1	0.618401	1.042730	3.482742
MGYG000001238__gradient_L4_xos_gapseq	1282	1302	300	bio1	0.618401	0.974504	3.588038
MGYG000001238__gradient_L5_pectin_gapseq	1282	1302	300	bio1	0.618401	0.979098	3.473988
MGYG000001238__gradient_L6_resistant_starch_gapseq	1282	1302	300	bio1	0.725951	1.054553	3.484263
MGYG000001238__gradient_L7_bglucan_gapseq	1282	1302	300	bio1	0.725951	0.967305	3.555056
MGYG000001238__gradient_L8_hmo_gapseq	1282	1302	300	bio1	0.725951	0.972113	3.460250
MGYG000001238__gradient_L9_mos_gapseq	1282	1302	300	bio1	0.725951	1.044442	3.486365
MGYG000001241__gradient_L0_base_gapseq	1064	1171	288	bio1	0.000000	0.822483	0.043183
MGYG000001241__gradient_L1_inulin_gapseq	1064	1171	288	bio1	0.121095	0.958850	2.907481
MGYG000001241__gradient_L2_fos_gapseq	1064	1171	288	bio1	0.121095	0.828518	3.077898
MGYG000001241__gradient_L3_gos_gapseq	1064	1171	288	bio1	0.121095	0.837354	2.910748
MGYG000001241__gradient_L4_xos_gapseq	1064	1171	288	bio1	0.122096	0.819001	2.984398
MGYG000001241__gradient_L5_pectin_gapseq	1064	1171	288	bio1	0.122096	0.827303	2.914298
MGYG000001241__gradient_L6_resistant_starch_gapseq	1064	1171	288	bio1	0.122125	0.873138	2.889113
MGYG000001241__gradient_L7_bglucan_gapseq	1064	1171	288	bio1	0.122125	0.822305	2.897059
MGYG000001241__gradient_L8_hmo_gapseq	1064	1171	288	bio1	0.122125	0.927568	2.884630
MGYG000001241__gradient_L9_mos_gapseq	1064	1171	288	bio1	0.122125	0.839970	2.977874
MGYG000001246__gradient_L0_base_gapseq	1448	1685	481	bio1	0.000000	1.275411	0.062383
MGYG000001246__gradient_L1_inulin_gapseq	1448	1685	481	bio1	0.000000	1.209895	0.061459
MGYG000001246__gradient_L2_fos_gapseq	1448	1685	481	bio1	0.000000	1.271014	0.062321
MGYG000001246__gradient_L3_gos_gapseq	1448	1685	481	bio1	1.527200	1.196349	5.786869
MGYG000001246__gradient_L4_xos_gapseq	1448	1685	481	bio1	1.527200	1.199826	5.745447
MGYG000001246__gradient_L5_pectin_gapseq	1448	1685	481	bio1	1.527200	1.198804	5.672132
MGYG000001246__gradient_L6_resistant_starch_gapseq	1448	1685	481	bio1	2.065034	1.282827	5.738552
MGYG000001246__gradient_L7_bglucan_gapseq	1448	1685	481	bio1	2.245799	1.288024	5.714727
MGYG000001246__gradient_L8_hmo_gapseq	1448	1685	481	bio1	2.245799	1.281245	5.735660
MGYG000001246__gradient_L9_mos_gapseq	1448	1685	481	bio1	2.370773	1.280029	5.793436
MGYG000001277__gradient_L0_base_gapseq	1454	1585	490	bio1	0.368139	1.169220	5.211196
MGYG000001277__gradient_L1_inulin_gapseq	1454	1585	490	bio1	0.368139	1.234070	5.132679
MGYG000001277__gradient_L2_fos_gapseq	1454	1585	490	bio1	0.368139	1.287897	5.120147
MGYG000001277__gradient_L3_gos_gapseq	1454	1585	490	bio1	0.368139	1.258509	5.114087
MGYG000001277__gradient_L4_xos_gapseq	1454	1585	490	bio1	0.425342	1.182680	5.242379
MGYG000001277__gradient_L5_pectin_gapseq	1454	1585	490	bio1	0.425342	1.272193	5.240096
MGYG000001277__gradient_L6_resistant_starch_gapseq	1454	1585	490	bio1	0.580713	1.223784	5.145476
MGYG000001277__gradient_L7_bglucan_gapseq	1454	1585	490	bio1	0.580713	1.264467	5.201314
MGYG000001277__gradient_L8_hmo_gapseq	1454	1585	490	bio1	0.580713	1.335658	5.101137
MGYG000001277__gradient_L9_mos_gapseq	1454	1585	490	bio1	0.713458	1.323716	5.131753
MGYG000001280__gradient_L0_base_gapseq	900	955	179	bio1	0.000000	0.684376	0.027886
MGYG000001280__gradient_L1_inulin_gapseq	900	955	179	bio1	0.000000	0.648332	0.028197
MGYG000001280__gradient_L2_fos_gapseq	900	955	179	bio1	0.000000	0.745082	0.029383
MGYG000001280__gradient_L3_gos_gapseq	900	955	179	bio1	0.000000	0.652748	0.029650
MGYG000001280__gradient_L4_xos_gapseq	900	955	179	bio1	0.000000	0.647279	0.029752
MGYG000001280__gradient_L5_pectin_gapseq	900	955	179	bio1	0.000000	0.729621	0.028492
MGYG000001280__gradient_L6_resistant_starch_gapseq	900	955	179	bio1	0.000000	0.646960	0.028822
MGYG000001280__gradient_L7_bglucan_gapseq	900	955	179	bio1	0.000000	0.690011	0.029965
MGYG000001280__gradient_L8_hmo_gapseq	900	955	179	bio1	0.000000	0.681835	0.028696
MGYG000001280__gradient_L9_mos_gapseq	900	955	179	bio1	0.000000	0.768085	0.028912
MGYG000001296__gradient_L0_base_gapseq	1451	1675	400	bio1	0.564619	1.191274	5.524736
MGYG000001296__gradient_L1_inulin_gapseq	1451	1675	400	bio1	0.718609	1.313990	5.529103
MGYG000001296__gradient_L2_fos_gapseq	1451	1675	400	bio1	0.718609	1.297936	5.636603
MGYG000001296__gradient_L3_gos_gapseq	1451	1675	400	bio1	0.879598	1.320180	5.552835
MGYG000001296__gradient_L4_xos_gapseq	1451	1675	400	bio1	0.982901	1.285144	5.588844
MGYG000001296__gradient_L5_pectin_gapseq	1451	1675	400	bio1	1.006359	1.205871	5.652951
MGYG000001296__gradient_L6_resistant_starch_gapseq	1451	1675	400	bio1	1.201065	1.196167	5.626032
MGYG000001296__gradient_L7_bglucan_gapseq	1451	1675	400	bio1	1.320703	1.230697	5.542077
MGYG000001296__gradient_L8_hmo_gapseq	1451	1675	400	bio1	1.320703	1.266952	5.550142
MGYG000001296__gradient_L9_mos_gapseq	1451	1675	400	bio1	1.395770	1.301487	5.517645
MGYG000001297__gradient_L0_base_gapseq	1362	1490	385	bio1	0.421398	1.090046	4.454643
MGYG000001297__gradient_L1_inulin_gapseq	1362	1490	385	bio1	0.533775	1.166140	4.453402
MGYG000001297__gradient_L2_fos_gapseq	1362	1490	385	bio1	0.533775	1.195204	4.480917
MGYG000001297__gradient_L3_gos_gapseq	1362	1490	385	bio1	0.533775	1.055812	4.624790
MGYG000001297__gradient_L4_xos_gapseq	1362	1490	385	bio1	0.533775	1.078678	4.446670
MGYG000001297__gradient_L5_pectin_gapseq	1362	1490	385	bio1	0.533775	1.147769	4.454210
MGYG000001297__gradient_L6_resistant_starch_gapseq	1362	1490	385	bio1	0.533775	1.136103	4.495728
MGYG000001297__gradient_L7_bglucan_gapseq	1362	1490	385	bio1	0.533775	1.091619	4.579491
MGYG000001297__gradient_L8_hmo_gapseq	1362	1490	385	bio1	0.533775	1.091155	4.479311
MGYG000001297__gradient_L9_mos_gapseq	1362	1490	385	bio1	0.533775	1.172622	4.457415
MGYG000001303__gradient_L0_base_gapseq	1459	1670	499	bio1	0.638334	1.203325	5.801351
MGYG000001303__gradient_L1_inulin_gapseq	1459	1670	499	bio1	0.794260	1.231927	5.829012
MGYG000001303__gradient_L2_fos_gapseq	1459	1670	499	bio1	0.794260	1.255555	5.750150
MGYG000001303__gradient_L3_gos_gapseq	1459	1670	499	bio1	1.129522	1.263778	5.727517
MGYG000001303__gradient_L4_xos_gapseq	1459	1670	499	bio1	1.193286	1.252171	5.731943
MGYG000001303__gradient_L5_pectin_gapseq	1459	1670	499	bio1	1.193286	1.314117	5.757544
MGYG000001303__gradient_L6_resistant_starch_gapseq	1459	1670	499	bio1	1.858252	1.367062	5.741652
MGYG000001303__gradient_L7_bglucan_gapseq	1459	1670	499	bio1	1.858252	1.222191	5.863060
MGYG000001303__gradient_L8_hmo_gapseq	1459	1670	499	bio1	2.003998	1.233519	5.926205
MGYG000001303__gradient_L9_mos_gapseq	1459	1670	499	bio1	2.003998	1.237004	5.820216
MGYG000001306__gradient_L0_base_gapseq	1453	1727	462	bio1	0.000000	1.222075	0.167043
MGYG000001306__gradient_L1_inulin_gapseq	1453	1727	462	bio1	0.000000	1.235063	0.074944
MGYG000001306__gradient_L2_fos_gapseq	1453	1727	462	bio1	0.000000	1.292690	0.075626
MGYG000001306__gradient_L3_gos_gapseq	1453	1727	462	bio1	0.000000	1.219968	0.073790
MGYG000001306__gradient_L4_xos_gapseq	1453	1727	462	bio1	0.000000	1.311479	0.076028
MGYG000001306__gradient_L5_pectin_gapseq	1453	1727	462	bio1	0.000000	1.211556	0.076193
MGYG000001306__gradient_L6_resistant_starch_gapseq	1453	1727	462	bio1	0.000000	1.311535	0.076170
MGYG000001306__gradient_L7_bglucan_gapseq	1453	1727	462	bio1	0.000000	1.409846	0.077436
MGYG000001306__gradient_L8_hmo_gapseq	1453	1727	462	bio1	0.000000	1.285967	0.077435
MGYG000001306__gradient_L9_mos_gapseq	1453	1727	462	bio1	0.000000	1.334658	0.075059
MGYG000001307__gradient_L0_base_gapseq	2100	2578	924	bio1	1.173390	2.035579	13.100415
MGYG000001307__gradient_L1_inulin_gapseq	2100	2578	924	bio1	1.455262	1.963801	13.157658
MGYG000001307__gradient_L2_fos_gapseq	2100	2578	924	bio1	1.455262	2.033022	13.189307
MGYG000001307__gradient_L3_gos_gapseq	2100	2578	924	bio1	1.760394	1.948003	13.137939
MGYG000001307__gradient_L4_xos_gapseq	2100	2578	924	bio1	1.840212	1.880473	13.235214
MGYG000001307__gradient_L5_pectin_gapseq	2100	2578	924	bio1	1.840212	1.964068	13.222709
MGYG000001307__gradient_L6_resistant_starch_gapseq	2100	2578	924	bio1	2.214217	2.015645	13.214274
MGYG000001307__gradient_L7_bglucan_gapseq	2100	2578	924	bio1	2.214217	1.915582	13.191162
MGYG000001307__gradient_L8_hmo_gapseq	2100	2578	924	bio1	2.214217	1.867021	13.222698
MGYG000001307__gradient_L9_mos_gapseq	2100	2578	924	bio1	2.347921	1.877327	13.227346
MGYG000001316__gradient_L0_base_gapseq	1555	1814	469	bio1	1.098916	1.357476	6.325745
MGYG000001316__gradient_L1_inulin_gapseq	1555	1814	469	bio1	1.353116	1.341441	6.301589
MGYG000001316__gradient_L2_fos_gapseq	1555	1814	469	bio1	1.353116	1.367317	6.305743
MGYG000001316__gradient_L3_gos_gapseq	1555	1814	469	bio1	1.628826	1.426049	6.261702
MGYG000001316__gradient_L4_xos_gapseq	1555	1814	469	bio1	1.785712	1.288072	6.381368
MGYG000001316__gradient_L5_pectin_gapseq	1555	1814	469	bio1	1.832704	1.276298	6.383404
MGYG000001316__gradient_L6_resistant_starch_gapseq	1555	1814	469	bio1	2.276100	1.329124	6.372670
MGYG000001316__gradient_L7_bglucan_gapseq	1555	1814	469	bio1	2.276100	1.334255	6.341093
MGYG000001316__gradient_L8_hmo_gapseq	1555	1814	469	bio1	2.276100	1.269626	6.318901
MGYG000001316__gradient_L9_mos_gapseq	1555	1814	469	bio1	2.276100	1.347292	6.316663
MGYG000001318__gradient_L0_base_gapseq	2250	2839	1238	bio1	1.570430	2.204859	15.757129
MGYG000001318__gradient_L1_inulin_gapseq	2250	2839	1238	bio1	1.897184	2.194827	15.612882
MGYG000001318__gradient_L2_fos_gapseq	2250	2839	1238	bio1	1.897184	2.187558	15.654722
MGYG000001318__gradient_L3_gos_gapseq	2250	2839	1238	bio1	2.237247	2.227154	15.756169
MGYG000001318__gradient_L4_xos_gapseq	2250	2839	1238	bio1	2.405722	2.318187	15.729306
MGYG000001318__gradient_L5_pectin_gapseq	2250	2839	1238	bio1	2.449022	2.205439	15.555573
MGYG000001318__gradient_L6_resistant_starch_gapseq	2250	2839	1238	bio1	3.116361	2.203853	15.646878
MGYG000001318__gradient_L7_bglucan_gapseq	2250	2839	1238	bio1	3.333933	2.131550	15.668065
MGYG000001318__gradient_L8_hmo_gapseq	2250	2839	1238	bio1	3.333933	2.213679	15.610182
MGYG000001318__gradient_L9_mos_gapseq	2250	2839	1238	bio1	3.473783	2.212887	15.618646
MGYG000001319__gradient_L0_base_gapseq	1273	1419	337	bio1	0.000000	1.039147	0.057906
MGYG000001319__gradient_L1_inulin_gapseq	1273	1419	337	bio1	0.000000	1.039733	0.058665
MGYG000001319__gradient_L2_fos_gapseq	1273	1419	337	bio1	0.000000	1.085805	0.058725
MGYG000001319__gradient_L3_gos_gapseq	1273	1419	337	bio1	0.596845	1.020490	4.323429
MGYG000001319__gradient_L4_xos_gapseq	1273	1419	337	bio1	0.596845	1.038540	4.235970
MGYG000001319__gradient_L5_pectin_gapseq	1273	1419	337	bio1	0.596845	1.109580	4.208909
MGYG000001319__gradient_L6_resistant_starch_gapseq	1273	1419	337	bio1	1.092396	1.050976	4.303117
MGYG000001319__gradient_L7_bglucan_gapseq	1273	1419	337	bio1	1.092396	1.047429	4.225531
MGYG000001319__gradient_L8_hmo_gapseq	1273	1419	337	bio1	1.092396	1.124746	4.212829
MGYG000001319__gradient_L9_mos_gapseq	1273	1419	337	bio1	1.092396	1.118871	4.223375
MGYG000001323__gradient_L0_base_gapseq	2212	2725	1009	bio1	1.410520	2.151416	14.856820
MGYG000001323__gradient_L1_inulin_gapseq	2212	2725	1009	bio1	1.688962	2.085228	14.730809
MGYG000001323__gradient_L2_fos_gapseq	2212	2725	1009	bio1	1.688962	2.104159	14.654819
MGYG000001323__gradient_L3_gos_gapseq	2212	2725	1009	bio1	1.990382	2.116387	14.760087
MGYG000001323__gradient_L4_xos_gapseq	2212	2725	1009	bio1	2.069228	2.083183	14.772404
MGYG000001323__gradient_L5_pectin_gapseq	2212	2725	1009	bio1	2.113383	2.115956	14.756566
MGYG000001323__gradient_L6_resistant_starch_gapseq	2212	2725	1009	bio1	2.707145	2.000251	14.790797
MGYG000001323__gradient_L7_bglucan_gapseq	2212	2725	1009	bio1	2.905827	2.123125	14.737703
MGYG000001323__gradient_L8_hmo_gapseq	2212	2725	1009	bio1	2.905827	2.149140	14.828907
MGYG000001323__gradient_L9_mos_gapseq	2212	2725	1009	bio1	3.034062	2.037030	14.790895
MGYG000001328__gradient_L0_base_gapseq	1648	1956	586	bio1	1.255353	1.515583	7.431678
MGYG000001328__gradient_L1_inulin_gapseq	1648	1956	586	bio1	1.594640	1.484114	7.325360
MGYG000001328__gradient_L2_fos_gapseq	1648	1956	586	bio1	1.594640	1.481161	7.301961
MGYG000001328__gradient_L3_gos_gapseq	1648	1956	586	bio1	1.944530	1.494144	7.341976
MGYG000001328__gradient_L4_xos_gapseq	1648	1956	586	bio1	2.001785	1.494947	7.335252
MGYG000001328__gradient_L5_pectin_gapseq	1648	1956	586	bio1	2.001785	1.503585	7.326395
MGYG000001328__gradient_L6_resistant_starch_gapseq	1648	1956	586	bio1	2.741856	1.479574	7.304680
MGYG000001328__gradient_L7_bglucan_gapseq	1648	1956	586	bio1	2.989960	1.488228	7.296968
MGYG000001328__gradient_L8_hmo_gapseq	1648	1956	586	bio1	3.163844	1.490525	7.337514
MGYG000001328__gradient_L9_mos_gapseq	1648	1956	586	bio1	3.333488	1.514640	7.315225
MGYG000001331__gradient_L0_base_gapseq	1540	1677	436	bio1	0.388864	1.263614	5.786489
MGYG000001331__gradient_L1_inulin_gapseq	1540	1677	436	bio1	0.487566	1.315116	5.769737
MGYG000001331__gradient_L2_fos_gapseq	1540	1677	436	bio1	0.487566	1.310289	5.781600
MGYG000001331__gradient_L3_gos_gapseq	1540	1677	436	bio1	0.487566	1.305274	5.778506
MGYG000001331__gradient_L4_xos_gapseq	1540	1677	436	bio1	0.487566	1.314326	5.787175
MGYG000001331__gradient_L5_pectin_gapseq	1540	1677	436	bio1	0.487566	1.203315	5.876212
MGYG000001331__gradient_L6_resistant_starch_gapseq	1540	1677	436	bio1	0.717923	1.253495	5.858441
MGYG000001331__gradient_L7_bglucan_gapseq	1540	1677	436	bio1	0.717923	1.237020	5.797947
MGYG000001331__gradient_L8_hmo_gapseq	1540	1677	436	bio1	0.717923	1.291863	5.851773
MGYG000001331__gradient_L9_mos_gapseq	1540	1677	436	bio1	0.717923	1.294743	5.813307
MGYG000001357__gradient_L0_base_gapseq	1239	1385	323	bio1	0.267238	1.087223	3.939894
MGYG000001357__gradient_L1_inulin_gapseq	1239	1385	323	bio1	0.342255	1.072710	3.914789
MGYG000001357__gradient_L2_fos_gapseq	1239	1385	323	bio1	0.342255	1.026671	3.924970
MGYG000001357__gradient_L3_gos_gapseq	1239	1385	323	bio1	0.342255	1.059138	3.908754
MGYG000001357__gradient_L4_xos_gapseq	1239	1385	323	bio1	0.342255	1.073226	3.942713
MGYG000001357__gradient_L5_pectin_gapseq	1239	1385	323	bio1	0.342255	1.012781	3.921740
MGYG000001357__gradient_L6_resistant_starch_gapseq	1239	1385	323	bio1	0.407895	1.053930	3.929999
MGYG000001357__gradient_L7_bglucan_gapseq	1239	1385	323	bio1	0.407895	1.073910	4.017873
MGYG000001357__gradient_L8_hmo_gapseq	1239	1385	323	bio1	0.407895	0.987718	4.007491
MGYG000001357__gradient_L9_mos_gapseq	1239	1385	323	bio1	0.473535	0.997576	3.919762
MGYG000001374__gradient_L0_base_gapseq	1317	1511	391	bio1	0.000000	1.071152	0.051552
MGYG000001374__gradient_L1_inulin_gapseq	1317	1511	391	bio1	0.000000	1.182099	0.053609
MGYG000001374__gradient_L2_fos_gapseq	1317	1511	391	bio1	0.000000	1.062901	0.054231
MGYG000001374__gradient_L3_gos_gapseq	1317	1511	391	bio1	0.000000	1.193127	0.054811
MGYG000001374__gradient_L4_xos_gapseq	1317	1511	391	bio1	1.239547	1.094071	4.625917
MGYG000001374__gradient_L5_pectin_gapseq	1317	1511	391	bio1	1.239547	1.193494	4.685994
MGYG000001374__gradient_L6_resistant_starch_gapseq	1317	1511	391	bio1	1.951224	1.131781	4.620877
MGYG000001374__gradient_L7_bglucan_gapseq	1317	1511	391	bio1	2.201273	1.088676	4.721957
MGYG000001374__gradient_L8_hmo_gapseq	1317	1511	391	bio1	2.376521	1.084652	4.626156
MGYG000001374__gradient_L9_mos_gapseq	1317	1511	391	bio1	2.376521	1.135626	4.623639
MGYG000001375__gradient_L0_base_gapseq	1230	1333	291	bio1	0.000000	1.072763	0.043816
MGYG000001375__gradient_L1_inulin_gapseq	1230	1333	291	bio1	0.000000	0.948606	0.044853
MGYG000001375__gradient_L2_fos_gapseq	1230	1333	291	bio1	0.000000	0.978197	0.044343
MGYG000001375__gradient_L3_gos_gapseq	1230	1333	291	bio1	0.908404	1.056766	3.806599
MGYG000001375__gradient_L4_xos_gapseq	1230	1333	291	bio1	1.013201	1.058515	3.782721
MGYG000001375__gradient_L5_pectin_gapseq	1230	1333	291	bio1	1.013201	0.971034	3.797284
MGYG000001375__gradient_L6_resistant_starch_gapseq	1230	1333	291	bio1	1.740795	1.033646	3.754861
MGYG000001375__gradient_L7_bglucan_gapseq	1230	1333	291	bio1	1.984717	0.960883	3.856078
MGYG000001375__gradient_L8_hmo_gapseq	1230	1333	291	bio1	1.984717	0.987493	3.775117
MGYG000001375__gradient_L9_mos_gapseq	1230	1333	291	bio1	2.118144	1.026004	3.781561
MGYG000001378__gradient_L0_base_gapseq	1559	1896	664	bio1	0.000000	1.432397	0.092043
MGYG000001378__gradient_L1_inulin_gapseq	1559	1896	664	bio1	0.000000	1.362620	0.163235
MGYG000001378__gradient_L2_fos_gapseq	1559	1896	664	bio1	0.000000	1.358206	0.091850
MGYG000001378__gradient_L3_gos_gapseq	1559	1896	664	bio1	0.000000	1.449209	0.090616
MGYG000001378__gradient_L4_xos_gapseq	1559	1896	664	bio1	0.000000	1.398842	0.192400
MGYG000001378__gradient_L5_pectin_gapseq	1559	1896	664	bio1	0.000000	1.351778	0.091477
MGYG000001378__gradient_L6_resistant_starch_gapseq	1559	1896	664	bio1	0.000000	1.600571	0.089288
MGYG000001378__gradient_L7_bglucan_gapseq	1559	1896	664	bio1	0.000000	1.446947	0.202153
MGYG000001378__gradient_L8_hmo_gapseq	1559	1896	664	bio1	0.000000	1.424457	0.090545
MGYG000001378__gradient_L9_mos_gapseq	1559	1896	664	bio1	0.000000	1.485626	0.089884
MGYG000001380__gradient_L0_base_gapseq	1436	1699	503	bio1	0.755395	1.274060	5.705179
MGYG000001380__gradient_L1_inulin_gapseq	1436	1699	503	bio1	0.982016	1.271852	5.687977
MGYG000001380__gradient_L2_fos_gapseq	1436	1699	503	bio1	0.982016	1.276718	5.674637
MGYG000001380__gradient_L3_gos_gapseq	1436	1699	503	bio1	1.175160	1.205463	5.830259
MGYG000001380__gradient_L4_xos_gapseq	1436	1699	503	bio1	1.209589	1.211611	5.853252
MGYG000001380__gradient_L5_pectin_gapseq	1436	1699	503	bio1	1.209589	1.198116	5.706666
MGYG000001380__gradient_L6_resistant_starch_gapseq	1436	1699	503	bio1	1.680116	1.278246	5.701710
MGYG000001380__gradient_L7_bglucan_gapseq	1436	1699	503	bio1	1.838489	1.288584	5.706119
MGYG000001380__gradient_L8_hmo_gapseq	1436	1699	503	bio1	1.953252	1.298560	5.721620
MGYG000001380__gradient_L9_mos_gapseq	1436	1699	503	bio1	1.953252	1.285132	5.710239
MGYG000001381__gradient_L0_base_gapseq	1622	1829	475	bio1	0.410248	1.378265	6.645488
MGYG000001381__gradient_L1_inulin_gapseq	1622	1829	475	bio1	0.626900	1.305384	6.537364
MGYG000001381__gradient_L2_fos_gapseq	1622	1829	475	bio1	0.626900	1.304074	6.540262
MGYG000001381__gradient_L3_gos_gapseq	1622	1829	475	bio1	0.626900	1.308433	6.526563
MGYG000001381__gradient_L4_xos_gapseq	1622	1829	475	bio1	0.626900	1.360128	6.579819
MGYG000001381__gradient_L5_pectin_gapseq	1622	1829	475	bio1	0.626900	1.437128	6.436877
MGYG000001381__gradient_L6_resistant_starch_gapseq	1622	1829	475	bio1	1.111911	1.465201	6.473849
MGYG000001381__gradient_L7_bglucan_gapseq	1622	1829	475	bio1	1.111911	1.397640	6.461146
MGYG000001381__gradient_L8_hmo_gapseq	1622	1829	475	bio1	1.111911	1.438285	6.516544
MGYG000001381__gradient_L9_mos_gapseq	1622	1829	475	bio1	1.111911	1.385422	6.480471
MGYG000001390__gradient_L0_base_gapseq	1889	2351	630	bio1	1.147243	1.714408	11.145491
MGYG000001390__gradient_L1_inulin_gapseq	1889	2351	630	bio1	1.400182	1.713725	11.222241
MGYG000001390__gradient_L2_fos_gapseq	1889	2351	630	bio1	1.400182	1.696745	11.145654
MGYG000001390__gradient_L3_gos_gapseq	1889	2351	630	bio1	1.673356	1.689988	11.158801
MGYG000001390__gradient_L4_xos_gapseq	1889	2351	630	bio1	1.737335	1.689858	11.065917
MGYG000001390__gradient_L5_pectin_gapseq	1889	2351	630	bio1	1.775127	1.699395	11.129278
MGYG000001390__gradient_L6_resistant_starch_gapseq	1889	2351	630	bio1	2.363713	1.695731	11.136174
MGYG000001390__gradient_L7_bglucan_gapseq	1889	2351	630	bio1	2.363713	1.722655	11.099858
MGYG000001390__gradient_L8_hmo_gapseq	1889	2351	630	bio1	2.363713	1.713444	11.117534
MGYG000001390__gradient_L9_mos_gapseq	1889	2351	630	bio1	2.457963	1.734978	11.116777
MGYG000001393__gradient_L0_base_gapseq	2265	2842	1164	bio1	1.801374	2.194336	15.939101
MGYG000001393__gradient_L1_inulin_gapseq	2265	2842	1164	bio1	2.142384	2.210799	15.833379
MGYG000001393__gradient_L2_fos_gapseq	2265	2842	1164	bio1	2.142384	2.227960	15.920390
MGYG000001393__gradient_L3_gos_gapseq	2265	2842	1164	bio1	2.486269	2.182056	15.954673
MGYG000001393__gradient_L4_xos_gapseq	2265	2842	1164	bio1	2.663941	2.289787	15.800641
MGYG000001393__gradient_L5_pectin_gapseq	2265	2842	1164	bio1	2.716836	2.211231	15.950854
MGYG000001393__gradient_L6_resistant_starch_gapseq	2265	2842	1164	bio1	3.195793	2.152286	15.905634
MGYG000001393__gradient_L7_bglucan_gapseq	2265	2842	1164	bio1	3.195793	2.196837	15.970993
MGYG000001393__gradient_L8_hmo_gapseq	2265	2842	1164	bio1	3.195793	2.190107	15.935385
MGYG000001393__gradient_L9_mos_gapseq	2265	2842	1164	bio1	3.195793	2.196284	15.877895
MGYG000001403__gradient_L0_base_gapseq	1860	2273	675	bio1	0.721571	1.746197	10.040328
MGYG000001403__gradient_L1_inulin_gapseq	1860	2273	675	bio1	0.925059	1.730763	10.235704
MGYG000001403__gradient_L2_fos_gapseq	1860	2273	675	bio1	0.925059	1.642391	10.163104
MGYG000001403__gradient_L3_gos_gapseq	1860	2273	675	bio1	1.138595	1.643923	10.164017
MGYG000001403__gradient_L4_xos_gapseq	1860	2273	675	bio1	1.192936	1.643654	10.124815
MGYG000001403__gradient_L5_pectin_gapseq	1860	2273	675	bio1	1.192936	1.756722	10.109939
MGYG000001403__gradient_L6_resistant_starch_gapseq	1860	2273	675	bio1	1.640674	1.726648	10.195805
MGYG000001403__gradient_L7_bglucan_gapseq	1860	2273	675	bio1	1.794512	1.764185	10.070784
MGYG000001403__gradient_L8_hmo_gapseq	1860	2273	675	bio1	1.794512	1.724639	10.069115
MGYG000001403__gradient_L9_mos_gapseq	1860	2273	675	bio1	1.892478	1.722261	10.050680
MGYG000001404__gradient_L0_base_gapseq	1655	1960	669	bio1	0.820866	1.525611	7.463142
MGYG000001404__gradient_L1_inulin_gapseq	1655	1960	669	bio1	1.088095	1.508269	7.589323
MGYG000001404__gradient_L2_fos_gapseq	1655	1960	669	bio1	1.088095	1.507482	7.515825
MGYG000001404__gradient_L3_gos_gapseq	1655	1960	669	bio1	1.179078	1.502245	7.471499
MGYG000001404__gradient_L4_xos_gapseq	1655	1960	669	bio1	1.234175	1.512727	7.517856
MGYG000001404__gradient_L5_pectin_gapseq	1655	1960	669	bio1	1.234175	1.517612	7.570319
MGYG000001404__gradient_L6_resistant_starch_gapseq	1655	1960	669	bio1	1.748500	1.431635	7.518017
MGYG000001404__gradient_L7_bglucan_gapseq	1655	1960	669	bio1	1.748500	1.427939	7.531097
MGYG000001404__gradient_L8_hmo_gapseq	1655	1960	669	bio1	1.748500	1.497525	7.558365
MGYG000001404__gradient_L9_mos_gapseq	1655	1960	669	bio1	1.862588	1.430184	7.588660
MGYG000001408__gradient_L0_base_gapseq	1674	1948	580	bio1	0.210519	1.466339	7.620705
MGYG000001408__gradient_L1_inulin_gapseq	1674	1948	580	bio1	0.292958	1.470357	7.723616
MGYG000001408__gradient_L2_fos_gapseq	1674	1948	580	bio1	0.292958	1.461258	7.663947
MGYG000001408__gradient_L3_gos_gapseq	1674	1948	580	bio1	0.292958	1.486331	7.681836
MGYG000001408__gradient_L4_xos_gapseq	1674	1948	580	bio1	0.334461	1.465637	7.697507
MGYG000001408__gradient_L5_pectin_gapseq	1674	1948	580	bio1	0.334461	1.583219	7.562282
MGYG000001408__gradient_L6_resistant_starch_gapseq	1674	1948	580	bio1	0.646266	1.565005	7.541311
MGYG000001408__gradient_L7_bglucan_gapseq	1674	1948	580	bio1	0.646266	1.570457	7.688650
MGYG000001408__gradient_L8_hmo_gapseq	1674	1948	580	bio1	0.646266	1.562569	7.625920
MGYG000001408__gradient_L9_mos_gapseq	1674	1948	580	bio1	0.710572	1.576517	7.583164
MGYG000001420__gradient_L0_base_gapseq	1354	1554	442	bio1	0.000000	1.132830	0.064312
MGYG000001420__gradient_L1_inulin_gapseq	1354	1554	442	bio1	0.000000	1.203602	0.062065
MGYG000001420__gradient_L2_fos_gapseq	1354	1554	442	bio1	0.000000	1.126599	0.062432
MGYG000001420__gradient_L3_gos_gapseq	1354	1554	442	bio1	0.000000	1.220639	0.066426
MGYG000001420__gradient_L4_xos_gapseq	1354	1554	442	bio1	0.000000	1.167262	0.065776
MGYG000001420__gradient_L5_pectin_gapseq	1354	1554	442	bio1	0.000000	1.248753	0.066088
MGYG000001420__gradient_L6_resistant_starch_gapseq	1354	1554	442	bio1	0.000000	1.185876	0.067640
MGYG000001420__gradient_L7_bglucan_gapseq	1354	1554	442	bio1	0.000000	1.273171	0.070763
MGYG000001420__gradient_L8_hmo_gapseq	1354	1554	442	bio1	0.000000	1.191522	0.068508
MGYG000001420__gradient_L9_mos_gapseq	1354	1554	442	bio1	0.000000	1.238405	0.068231
MGYG000001430__gradient_L0_base_gapseq	1233	1400	367	bio1	0.000000	1.025002	0.051089
MGYG000001430__gradient_L1_inulin_gapseq	1233	1400	367	bio1	0.000000	1.100548	0.052823
MGYG000001430__gradient_L2_fos_gapseq	1233	1400	367	bio1	0.000000	1.014905	0.051921
MGYG000001430__gradient_L3_gos_gapseq	1233	1400	367	bio1	0.000000	1.161525	0.052256
MGYG000001430__gradient_L4_xos_gapseq	1233	1400	367	bio1	0.000000	0.994506	0.053595
MGYG000001430__gradient_L5_pectin_gapseq	1233	1400	367	bio1	0.000000	1.112187	0.054716
MGYG000001430__gradient_L6_resistant_starch_gapseq	1233	1400	367	bio1	0.000000	1.024952	0.052049
MGYG000001430__gradient_L7_bglucan_gapseq	1233	1400	367	bio1	0.000000	1.120972	0.052342
MGYG000001430__gradient_L8_hmo_gapseq	1233	1400	367	bio1	0.000000	1.001081	0.052814
MGYG000001430__gradient_L9_mos_gapseq	1233	1400	367	bio1	0.000000	1.159008	0.052447
MGYG000001443__gradient_L0_base_gapseq	2197	2591	1097	bio1	0.971716	2.061171	13.061993
MGYG000001443__gradient_L1_inulin_gapseq	2197	2591	1097	bio1	1.186168	2.062622	13.271840
MGYG000001443__gradient_L2_fos_gapseq	2197	2591	1097	bio1	1.186168	2.083934	12.992142
MGYG000001443__gradient_L3_gos_gapseq	2197	2591	1097	bio1	1.412870	2.095055	13.156265
MGYG000001443__gradient_L4_xos_gapseq	2197	2591	1097	bio1	1.470118	2.016914	13.158519
MGYG000001443__gradient_L5_pectin_gapseq	2197	2591	1097	bio1	1.470118	2.077227	13.157264
MGYG000001443__gradient_L6_resistant_starch_gapseq	2197	2591	1097	bio1	1.969320	2.138696	13.067988
MGYG000001443__gradient_L7_bglucan_gapseq	2197	2591	1097	bio1	2.131904	2.176020	13.031557
MGYG000001443__gradient_L8_hmo_gapseq	2197	2591	1097	bio1	2.131904	2.174600	13.102703
MGYG000001443__gradient_L9_mos_gapseq	2197	2591	1097	bio1	2.226554	2.115987	13.168791
MGYG000001444__gradient_L0_base_gapseq	1312	1423	360	bio1	0.325934	1.053145	4.183899
MGYG000001444__gradient_L1_inulin_gapseq	1312	1423	360	bio1	0.467558	1.272606	4.173235
MGYG000001444__gradient_L2_fos_gapseq	1312	1423	360	bio1	0.467558	1.130023	4.158808
MGYG000001444__gradient_L3_gos_gapseq	1312	1423	360	bio1	0.467558	1.032346	4.394392
MGYG000001444__gradient_L4_xos_gapseq	1312	1423	360	bio1	0.467558	1.048173	4.159736
MGYG000001444__gradient_L5_pectin_gapseq	1312	1423	360	bio1	0.467558	1.103814	4.186476
MGYG000001444__gradient_L6_resistant_starch_gapseq	1312	1423	360	bio1	0.467558	1.109815	4.135419
MGYG000001444__gradient_L7_bglucan_gapseq	1312	1423	360	bio1	0.467558	1.043826	4.260895
MGYG000001444__gradient_L8_hmo_gapseq	1312	1423	360	bio1	0.467558	1.043332	4.135986
MGYG000001444__gradient_L9_mos_gapseq	1312	1423	360	bio1	0.467558	1.143050	4.149393
MGYG000001454__gradient_L0_base_gapseq	1166	1314	310	bio1	0.000000	1.043926	0.044818
MGYG000001454__gradient_L1_inulin_gapseq	1166	1314	310	bio1	0.493812	0.951976	3.741687
MGYG000001454__gradient_L2_fos_gapseq	1166	1314	310	bio1	0.493812	0.954103	3.626508
MGYG000001454__gradient_L3_gos_gapseq	1166	1314	310	bio1	0.607257	1.105522	3.657999
MGYG000001454__gradient_L4_xos_gapseq	1166	1314	310	bio1	0.607257	0.954430	3.651850
MGYG000001454__gradient_L5_pectin_gapseq	1166	1314	310	bio1	0.607257	1.019955	3.631599
MGYG000001454__gradient_L6_resistant_starch_gapseq	1166	1314	310	bio1	1.355306	1.052225	3.618190
MGYG000001454__gradient_L7_bglucan_gapseq	1166	1314	310	bio1	1.602302	0.939072	3.645399
MGYG000001454__gradient_L8_hmo_gapseq	1166	1314	310	bio1	1.602302	1.067656	3.629387
MGYG000001454__gradient_L9_mos_gapseq	1166	1314	310	bio1	1.602302	1.031791	3.641520
MGYG000001457__gradient_L0_base_gapseq	2226	2654	1093	bio1	0.666261	2.126664	13.995751
MGYG000001457__gradient_L1_inulin_gapseq	2226	2654	1093	bio1	0.808501	2.058945	14.028833
MGYG000001457__gradient_L2_fos_gapseq	2226	2654	1093	bio1	0.808501	2.065700	14.156210
MGYG000001457__gradient_L3_gos_gapseq	2226	2654	1093	bio1	0.808501	1.994118	14.056052
MGYG000001457__gradient_L4_xos_gapseq	2226	2654	1093	bio1	0.896236	2.079182	13.985607
MGYG000001457__gradient_L5_pectin_gapseq	2226	2654	1093	bio1	0.896236	2.067100	14.005439
MGYG000001457__gradient_L6_resistant_starch_gapseq	2226	2654	1093	bio1	1.512886	2.072376	14.266740
MGYG000001457__gradient_L7_bglucan_gapseq	2226	2654	1093	bio1	1.713927	2.102871	13.881065
MGYG000001457__gradient_L8_hmo_gapseq	2226	2654	1093	bio1	1.713927	2.076937	13.957532
MGYG000001457__gradient_L9_mos_gapseq	2226	2654	1093	bio1	1.843354	2.073680	14.014771
MGYG000001488__gradient_L0_base_gapseq	1782	2087	555	bio1	0.622033	1.510759	8.732504
MGYG000001488__gradient_L1_inulin_gapseq	1782	2087	555	bio1	0.823001	1.611824	8.657636
MGYG000001488__gradient_L2_fos_gapseq	1782	2087	555	bio1	0.823001	1.629688	8.737971
MGYG000001488__gradient_L3_gos_gapseq	1782	2087	555	bio1	0.980904	1.621241	8.658172
MGYG000001488__gradient_L4_xos_gapseq	1782	2087	555	bio1	1.023968	1.643796	8.632689
MGYG000001488__gradient_L5_pectin_gapseq	1782	2087	555	bio1	1.023968	1.631433	8.629434
MGYG000001488__gradient_L6_resistant_starch_gapseq	1782	2087	555	bio1	1.496988	1.603731	8.748832
MGYG000001488__gradient_L7_bglucan_gapseq	1782	2087	555	bio1	1.496988	1.546474	8.765580
MGYG000001488__gradient_L8_hmo_gapseq	1782	2087	555	bio1	1.496988	1.532450	8.842727
MGYG000001488__gradient_L9_mos_gapseq	1782	2087	555	bio1	1.594032	1.519040	8.779779
MGYG000001553__gradient_L0_base_gapseq	1502	1712	393	bio1	0.936018	1.256751	5.793814
MGYG000001553__gradient_L1_inulin_gapseq	1502	1712	393	bio1	1.185583	1.225724	5.783917
MGYG000001553__gradient_L2_fos_gapseq	1502	1712	393	bio1	1.185583	1.237032	5.748287
MGYG000001553__gradient_L3_gos_gapseq	1502	1712	393	bio1	1.262805	1.294848	5.800575
MGYG000001553__gradient_L4_xos_gapseq	1502	1712	393	bio1	1.271890	1.288282	5.764511
MGYG000001553__gradient_L5_pectin_gapseq	1502	1712	393	bio1	1.271890	1.327115	5.749701
MGYG000001553__gradient_L6_resistant_starch_gapseq	1502	1712	393	bio1	1.795687	1.296254	5.767546
MGYG000001553__gradient_L7_bglucan_gapseq	1502	1712	393	bio1	1.968129	1.215046	5.843132
MGYG000001553__gradient_L8_hmo_gapseq	1502	1712	393	bio1	1.968129	1.219068	5.829496
MGYG000001553__gradient_L9_mos_gapseq	1502	1712	393	bio1	2.078492	1.232888	5.694737
MGYG000001554__gradient_L0_base_gapseq	1588	1903	473	bio1	0.487852	1.458375	6.890405
MGYG000001554__gradient_L1_inulin_gapseq	1588	1903	473	bio1	0.777010	1.441306	6.988579
MGYG000001554__gradient_L2_fos_gapseq	1588	1903	473	bio1	0.777010	1.450224	6.934248
MGYG000001554__gradient_L3_gos_gapseq	1588	1903	473	bio1	1.056101	1.462330	6.984560
MGYG000001554__gradient_L4_xos_gapseq	1588	1903	473	bio1	1.119682	1.462967	6.919886
MGYG000001554__gradient_L5_pectin_gapseq	1588	1903	473	bio1	1.119682	1.450228	6.917452
MGYG000001554__gradient_L6_resistant_starch_gapseq	1588	1903	473	bio1	1.652662	1.474325	6.879058
MGYG000001554__gradient_L7_bglucan_gapseq	1588	1903	473	bio1	1.652662	1.450139	6.913534
MGYG000001554__gradient_L8_hmo_gapseq	1588	1903	473	bio1	1.652662	1.451911	6.999032
MGYG000001554__gradient_L9_mos_gapseq	1588	1903	473	bio1	1.762942	1.468438	6.922467
MGYG000001555__gradient_L0_base_gapseq	1428	1594	360	bio1	0.000000	1.247166	0.064732
MGYG000001555__gradient_L1_inulin_gapseq	1428	1594	360	bio1	0.000000	1.308743	0.066907
MGYG000001555__gradient_L2_fos_gapseq	1428	1594	360	bio1	0.000000	1.171080	0.064362
MGYG000001555__gradient_L3_gos_gapseq	1428	1594	360	bio1	0.000000	1.256517	0.064906
MGYG000001555__gradient_L4_xos_gapseq	1428	1594	360	bio1	0.000000	1.166155	0.064992
MGYG000001555__gradient_L5_pectin_gapseq	1428	1594	360	bio1	0.000000	1.323497	0.064424
MGYG000001555__gradient_L6_resistant_starch_gapseq	1428	1594	360	bio1	0.000000	1.177501	0.069268
MGYG000001555__gradient_L7_bglucan_gapseq	1428	1594	360	bio1	0.000000	1.276928	0.069325
MGYG000001555__gradient_L8_hmo_gapseq	1428	1594	360	bio1	0.000000	1.124827	0.068955
MGYG000001555__gradient_L9_mos_gapseq	1428	1594	360	bio1	0.000000	1.290401	0.067797
MGYG000001563__gradient_L0_base_gapseq	1079	1150	248	bio1	0.404355	0.800007	2.824565
MGYG000001563__gradient_L1_inulin_gapseq	1079	1150	248	bio1	0.557731	0.906014	2.840594
MGYG000001563__gradient_L2_fos_gapseq	1079	1150	248	bio1	0.557731	0.820639	2.914069
MGYG000001563__gradient_L3_gos_gapseq	1079	1150	248	bio1	0.731746	0.839964	2.843326
MGYG000001563__gradient_L4_xos_gapseq	1079	1150	248	bio1	0.777481	0.811269	2.910715
MGYG000001563__gradient_L5_pectin_gapseq	1079	1150	248	bio1	0.777481	0.810794	2.827901
MGYG000001563__gradient_L6_resistant_starch_gapseq	1079	1150	248	bio1	0.857795	0.872026	2.828479
MGYG000001563__gradient_L7_bglucan_gapseq	1079	1150	248	bio1	0.857795	0.826074	2.839986
MGYG000001563__gradient_L8_hmo_gapseq	1079	1150	248	bio1	0.857795	0.891294	2.831884
MGYG000001563__gradient_L9_mos_gapseq	1079	1150	248	bio1	0.857795	0.819676	2.914007
MGYG000001586__gradient_L0_base_gapseq	1152	1273	285	bio1	0.000000	0.887384	0.045007
MGYG000001586__gradient_L1_inulin_gapseq	1152	1273	285	bio1	0.000000	1.021850	0.044475
MGYG000001586__gradient_L2_fos_gapseq	1152	1273	285	bio1	0.000000	0.895816	0.045840
MGYG000001586__gradient_L3_gos_gapseq	1152	1273	285	bio1	1.333798	0.872415	3.547032
MGYG000001586__gradient_L4_xos_gapseq	1152	1273	285	bio1	1.333798	0.921162	3.393198
MGYG000001586__gradient_L5_pectin_gapseq	1152	1273	285	bio1	1.333798	1.060545	3.394037
MGYG000001586__gradient_L6_resistant_starch_gapseq	1152	1273	285	bio1	1.964284	0.896772	3.476922
MGYG000001586__gradient_L7_bglucan_gapseq	1152	1273	285	bio1	1.964284	0.913622	3.378776
MGYG000001586__gradient_L8_hmo_gapseq	1152	1273	285	bio1	1.964284	0.901970	3.426574
MGYG000001586__gradient_L9_mos_gapseq	1152	1273	285	bio1	2.109956	0.896719	3.367396
MGYG000001589__gradient_L0_base_gapseq	1312	1388	381	bio1	0.731796	1.029897	3.938955
MGYG000001589__gradient_L1_inulin_gapseq	1312	1388	381	bio1	0.901343	1.125913	3.992547
MGYG000001589__gradient_L2_fos_gapseq	1312	1388	381	bio1	0.901343	1.045878	4.016470
MGYG000001589__gradient_L3_gos_gapseq	1312	1388	381	bio1	0.901343	1.020868	3.930824
MGYG000001589__gradient_L4_xos_gapseq	1312	1388	381	bio1	0.901343	1.105388	3.942206
MGYG000001589__gradient_L5_pectin_gapseq	1312	1388	381	bio1	0.901343	1.049292	4.018839
MGYG000001589__gradient_L6_resistant_starch_gapseq	1312	1388	381	bio1	1.048945	1.024767	3.933131
MGYG000001589__gradient_L7_bglucan_gapseq	1312	1388	381	bio1	1.048945	1.115990	3.924767
MGYG000001589__gradient_L8_hmo_gapseq	1312	1388	381	bio1	1.048945	1.113549	3.938210
MGYG000001589__gradient_L9_mos_gapseq	1312	1388	381	bio1	1.048945	1.039009	3.933484
MGYG000001601__gradient_L0_base_gapseq	1294	1411	336	bio1	0.256650	1.067305	4.086490
MGYG000001601__gradient_L1_inulin_gapseq	1294	1411	336	bio1	0.332698	1.018375	4.153224
MGYG000001601__gradient_L2_fos_gapseq	1294	1411	336	bio1	0.332698	0.985428	4.103939
MGYG000001601__gradient_L3_gos_gapseq	1294	1411	336	bio1	0.332698	1.054517	4.094000
MGYG000001601__gradient_L4_xos_gapseq	1294	1411	336	bio1	0.346957	1.088247	4.080164
MGYG000001601__gradient_L5_pectin_gapseq	1294	1411	336	bio1	0.346957	1.001779	4.162246
MGYG000001601__gradient_L6_resistant_starch_gapseq	1294	1411	336	bio1	0.696300	1.013343	4.085998
MGYG000001601__gradient_L7_bglucan_gapseq	1294	1411	336	bio1	0.696300	1.090934	4.088268
MGYG000001601__gradient_L8_hmo_gapseq	1294	1411	336	bio1	0.696300	0.987743	4.162425
MGYG000001601__gradient_L9_mos_gapseq	1294	1411	336	bio1	0.696300	1.010407	4.092587
MGYG000001608__gradient_L0_base_gapseq	1326	1462	386	bio1	0.000000	1.065954	0.061768
MGYG000001608__gradient_L1_inulin_gapseq	1326	1462	386	bio1	0.000000	1.171949	0.062433
MGYG000001608__gradient_L2_fos_gapseq	1326	1462	386	bio1	0.000000	1.083200	0.063027
MGYG000001608__gradient_L3_gos_gapseq	1326	1462	386	bio1	1.269873	1.054781	4.641196
MGYG000001608__gradient_L4_xos_gapseq	1326	1462	386	bio1	1.269873	1.092220	4.619521
MGYG000001608__gradient_L5_pectin_gapseq	1326	1462	386	bio1	1.269873	1.077731	4.506242
MGYG000001608__gradient_L6_resistant_starch_gapseq	1326	1462	386	bio1	1.431173	1.150274	4.510038
MGYG000001608__gradient_L7_bglucan_gapseq	1326	1462	386	bio1	1.431173	1.084326	4.614001
MGYG000001608__gradient_L8_hmo_gapseq	1326	1462	386	bio1	1.431173	1.071698	4.551884
MGYG000001608__gradient_L9_mos_gapseq	1326	1462	386	bio1	1.592473	1.136729	4.501468
MGYG000001626__gradient_L0_base_gapseq	1419	1518	379	bio1	0.562148	1.242344	4.567316
MGYG000001626__gradient_L1_inulin_gapseq	1419	1518	379	bio1	0.752173	1.142972	4.651064
MGYG000001626__gradient_L2_fos_gapseq	1419	1518	379	bio1	0.752173	1.156944	4.661731
MGYG000001626__gradient_L3_gos_gapseq	1419	1518	379	bio1	0.752173	1.174444	4.605470
MGYG000001626__gradient_L4_xos_gapseq	1419	1518	379	bio1	0.752173	1.207990	4.591708
MGYG000001626__gradient_L5_pectin_gapseq	1419	1518	379	bio1	0.752173	1.244386	4.568597
MGYG000001626__gradient_L6_resistant_starch_gapseq	1419	1518	379	bio1	0.902487	1.151624	4.693972
MGYG000001626__gradient_L7_bglucan_gapseq	1419	1518	379	bio1	0.902487	1.155488	4.568274
MGYG000001626__gradient_L8_hmo_gapseq	1419	1518	379	bio1	0.902487	1.203649	4.663143
MGYG000001626__gradient_L9_mos_gapseq	1419	1518	379	bio1	0.902487	1.208014	4.635184
MGYG000001630__gradient_L0_base_gapseq	1235	1418	318	bio1	0.804714	1.074617	4.219075
MGYG000001630__gradient_L1_inulin_gapseq	1235	1418	318	bio1	0.904173	1.103826	4.236302
MGYG000001630__gradient_L2_fos_gapseq	1235	1418	318	bio1	0.904173	1.006811	4.325127
MGYG000001630__gradient_L3_gos_gapseq	1235	1418	318	bio1	0.965580	1.051619	4.282861
MGYG000001630__gradient_L4_xos_gapseq	1235	1418	318	bio1	0.965580	1.071658	4.229024
MGYG000001630__gradient_L5_pectin_gapseq	1235	1418	318	bio1	0.965580	1.009304	4.321533
MGYG000001630__gradient_L6_resistant_starch_gapseq	1235	1418	318	bio1	1.038063	1.020516	4.222576
MGYG000001630__gradient_L7_bglucan_gapseq	1235	1418	318	bio1	1.038063	1.072053	4.215521
MGYG000001630__gradient_L8_hmo_gapseq	1235	1418	318	bio1	1.038063	1.001053	4.290261
MGYG000001630__gradient_L9_mos_gapseq	1235	1418	318	bio1	1.110546	0.993702	4.232017
MGYG000001637__gradient_L0_base_gapseq	1398	1587	407	bio1	0.217608	1.240874	5.177298
MGYG000001637__gradient_L1_inulin_gapseq	1398	1587	407	bio1	0.245993	1.201635	5.301098
MGYG000001637__gradient_L2_fos_gapseq	1398	1587	407	bio1	0.245993	1.128338	5.341078
MGYG000001637__gradient_L3_gos_gapseq	1398	1587	407	bio1	0.245993	1.161171	5.198761
MGYG000001637__gradient_L4_xos_gapseq	1398	1587	407	bio1	0.245993	1.235329	5.152959
MGYG000001637__gradient_L5_pectin_gapseq	1398	1587	407	bio1	0.245993	1.282775	5.163568
MGYG000001637__gradient_L6_resistant_starch_gapseq	1398	1587	407	bio1	0.246732	1.150866	5.277148
MGYG000001637__gradient_L7_bglucan_gapseq	1398	1587	407	bio1	0.246732	1.164626	5.238001
MGYG000001637__gradient_L8_hmo_gapseq	1398	1587	407	bio1	0.246732	1.172534	5.178197
MGYG000001637__gradient_L9_mos_gapseq	1398	1587	407	bio1	0.246732	1.253866	5.162195
MGYG000001653__gradient_L0_base_gapseq	1110	1242	297	bio1	0.000000	0.949307	0.042757
MGYG000001653__gradient_L1_inulin_gapseq	1110	1242	297	bio1	0.000000	0.879494	0.043510
MGYG000001653__gradient_L2_fos_gapseq	1110	1242	297	bio1	0.000000	0.946216	0.044666
MGYG000001653__gradient_L3_gos_gapseq	1110	1242	297	bio1	0.000000	0.889718	0.044346
MGYG000001653__gradient_L4_xos_gapseq	1110	1242	297	bio1	0.000000	0.861016	0.044608
MGYG000001653__gradient_L5_pectin_gapseq	1110	1242	297	bio1	0.000000	0.967052	0.044191
MGYG000001653__gradient_L6_resistant_starch_gapseq	1110	1242	297	bio1	0.000000	0.866772	0.046230
MGYG000001653__gradient_L7_bglucan_gapseq	1110	1242	297	bio1	0.000000	0.965568	0.045648
MGYG000001653__gradient_L8_hmo_gapseq	1110	1242	297	bio1	0.000000	0.880566	0.045178
MGYG000001653__gradient_L9_mos_gapseq	1110	1242	297	bio1	0.000000	0.886653	0.140403
MGYG000001657__gradient_L0_base_gapseq	1058	1175	278	bio1	0.000000	0.826943	0.040085
MGYG000001657__gradient_L1_inulin_gapseq	1058	1175	278	bio1	0.000000	0.821485	0.039029
MGYG000001657__gradient_L2_fos_gapseq	1058	1175	278	bio1	0.000000	0.931789	0.039762
MGYG000001657__gradient_L3_gos_gapseq	1058	1175	278	bio1	0.000000	0.814803	0.039087
MGYG000001657__gradient_L4_xos_gapseq	1058	1175	278	bio1	0.000000	0.873640	0.040116
MGYG000001657__gradient_L5_pectin_gapseq	1058	1175	278	bio1	0.000000	0.941288	0.040393
MGYG000001657__gradient_L6_resistant_starch_gapseq	1058	1175	278	bio1	0.000000	0.840467	0.041368
MGYG000001657__gradient_L7_bglucan_gapseq	1058	1175	278	bio1	0.000000	0.938233	0.039415
MGYG000001657__gradient_L8_hmo_gapseq	1058	1175	278	bio1	0.000000	0.831577	0.039446
MGYG000001657__gradient_L9_mos_gapseq	1058	1175	278	bio1	0.000000	0.842779	0.039645
MGYG000001662__gradient_L0_base_gapseq	729	666	74	bio1	0.000000	0.454996	0.013415
MGYG000001662__gradient_L1_inulin_gapseq	729	666	74	bio1	0.000000	0.582430	0.019565
MGYG000001662__gradient_L2_fos_gapseq	729	666	74	bio1	0.000000	0.479846	0.017597
MGYG000001662__gradient_L3_gos_gapseq	729	666	74	bio1	0.000000	0.455819	0.017996
MGYG000001662__gradient_L4_xos_gapseq	729	666	74	bio1	0.000000	0.453385	0.017667
MGYG000001662__gradient_L5_pectin_gapseq	729	666	74	bio1	0.000000	0.454248	0.017978
MGYG000001662__gradient_L6_resistant_starch_gapseq	729	666	74	bio1	0.000000	0.597414	0.017875
MGYG000001662__gradient_L7_bglucan_gapseq	729	666	74	bio1	0.000000	0.450088	0.018917
MGYG000001662__gradient_L8_hmo_gapseq	729	666	74	bio1	0.000000	0.458469	0.017644
MGYG000001662__gradient_L9_mos_gapseq	729	666	74	bio1	0.000000	0.461779	0.017853
MGYG000001669__gradient_L0_base_gapseq	816	844	130	bio1	0.000000	0.591692	0.025125
MGYG000001669__gradient_L1_inulin_gapseq	816	844	130	bio1	0.253030	0.561295	1.592447
MGYG000001669__gradient_L2_fos_gapseq	816	844	130	bio1	0.253030	0.565638	1.499339
MGYG000001669__gradient_L3_gos_gapseq	816	844	130	bio1	0.456868	0.561915	1.507530
MGYG000001669__gradient_L4_xos_gapseq	816	844	130	bio1	0.499042	0.640788	1.499807
MGYG000001669__gradient_L5_pectin_gapseq	816	844	130	bio1	0.531843	0.575839	1.506021
MGYG000001669__gradient_L6_resistant_starch_gapseq	816	844	130	bio1	1.016422	0.561299	1.498986
MGYG000001669__gradient_L7_bglucan_gapseq	816	844	130	bio1	1.016422	0.624556	1.492742
MGYG000001669__gradient_L8_hmo_gapseq	816	844	130	bio1	1.016422	0.567038	1.507481
MGYG000001669__gradient_L9_mos_gapseq	816	844	130	bio1	1.016422	0.569044	1.509529
MGYG000001694__gradient_L0_base_gapseq	1559	1864	536	bio1	0.788791	1.490798	6.774315
MGYG000001694__gradient_L1_inulin_gapseq	1559	1864	536	bio1	1.011511	1.539195	6.754821
MGYG000001694__gradient_L2_fos_gapseq	1559	1864	536	bio1	1.011511	1.429059	6.748002
MGYG000001694__gradient_L3_gos_gapseq	1559	1864	536	bio1	1.234232	1.426211	6.784439
MGYG000001694__gradient_L4_xos_gapseq	1559	1864	536	bio1	1.234232	1.480312	6.802669
MGYG000001694__gradient_L5_pectin_gapseq	1559	1864	536	bio1	1.266712	1.426511	6.765198
MGYG000001694__gradient_L6_resistant_starch_gapseq	1559	1864	536	bio1	1.770152	1.438186	6.780343
MGYG000001694__gradient_L7_bglucan_gapseq	1559	1864	536	bio1	1.770152	1.436994	6.795145
MGYG000001694__gradient_L8_hmo_gapseq	1559	1864	536	bio1	1.770152	1.476398	6.788721
MGYG000001694__gradient_L9_mos_gapseq	1559	1864	536	bio1	1.881512	1.425625	6.793274
MGYG000001695__gradient_L0_base_gapseq	1569	1747	473	bio1	1.030838	1.339280	5.949216
MGYG000001695__gradient_L1_inulin_gapseq	1569	1747	473	bio1	1.161281	1.349085	5.961182
MGYG000001695__gradient_L2_fos_gapseq	1569	1747	473	bio1	1.161281	1.337956	6.017536
MGYG000001695__gradient_L3_gos_gapseq	1569	1747	473	bio1	1.161281	1.334832	6.051853
MGYG000001695__gradient_L4_xos_gapseq	1569	1747	473	bio1	1.236385	1.348673	5.955637
MGYG000001695__gradient_L5_pectin_gapseq	1569	1747	473	bio1	1.273757	1.261528	6.031391
MGYG000001695__gradient_L6_resistant_starch_gapseq	1569	1747	473	bio1	1.869375	1.257625	6.033272
MGYG000001695__gradient_L7_bglucan_gapseq	1569	1747	473	bio1	1.869375	1.298850	6.021279
MGYG000001695__gradient_L8_hmo_gapseq	1569	1747	473	bio1	1.869375	1.261062	5.948746
MGYG000001695__gradient_L9_mos_gapseq	1569	1747	473	bio1	1.869375	1.341408	5.948129
MGYG000001697__gradient_L0_base_gapseq	1318	1539	388	bio1	1.036914	1.161141	4.913653
MGYG000001697__gradient_L1_inulin_gapseq	1318	1539	388	bio1	1.360111	1.173978	4.917257
MGYG000001697__gradient_L2_fos_gapseq	1318	1539	388	bio1	1.360111	1.175720	4.969888
MGYG000001697__gradient_L3_gos_gapseq	1318	1539	388	bio1	1.675228	1.084559	4.999359
MGYG000001697__gradient_L4_xos_gapseq	1318	1539	388	bio1	1.675228	1.109328	4.894235
MGYG000001697__gradient_L5_pectin_gapseq	1318	1539	388	bio1	1.675228	1.169243	4.902923
MGYG000001697__gradient_L6_resistant_starch_gapseq	1318	1539	388	bio1	2.379808	1.175835	4.937694
MGYG000001697__gradient_L7_bglucan_gapseq	1318	1539	388	bio1	2.379808	1.121469	5.008812
MGYG000001697__gradient_L8_hmo_gapseq	1318	1539	388	bio1	2.379808	1.121896	4.980339
MGYG000001697__gradient_L9_mos_gapseq	1318	1539	388	bio1	2.536590	1.153718	4.923767
MGYG000001698__gradient_L0_base_gapseq	1354	1601	533	bio1	0.000000	1.262674	0.079351
MGYG000001698__gradient_L1_inulin_gapseq	1354	1601	533	bio1	0.000000	1.163669	0.075816
MGYG000001698__gradient_L2_fos_gapseq	1354	1601	533	bio1	0.000000	1.247722	0.074627
MGYG000001698__gradient_L3_gos_gapseq	1354	1601	533	bio1	0.000000	1.139740	0.076385
MGYG000001698__gradient_L4_xos_gapseq	1354	1601	533	bio1	1.337067	1.270742	5.273361
MGYG000001698__gradient_L5_pectin_gapseq	1354	1601	533	bio1	1.381195	1.304052	5.257904
MGYG000001698__gradient_L6_resistant_starch_gapseq	1354	1601	533	bio1	1.992367	1.258556	5.303679
MGYG000001698__gradient_L7_bglucan_gapseq	1354	1601	533	bio1	2.197561	1.169905	5.395811
MGYG000001698__gradient_L8_hmo_gapseq	1354	1601	533	bio1	2.343184	1.188875	5.270073
MGYG000001698__gradient_L9_mos_gapseq	1354	1601	533	bio1	2.484393	1.244739	5.275680
MGYG000001700	0	0	0	NONE	0.000000	0.000000	0.000000
MGYG000001707__gradient_L0_base_gapseq	1434	1605	362	bio1	0.000000	1.224244	0.071397
MGYG000001707__gradient_L1_inulin_gapseq	1434	1605	362	bio1	0.000000	1.171730	0.069351
MGYG000001707__gradient_L2_fos_gapseq	1434	1605	362	bio1	0.000000	1.216103	0.069964
MGYG000001707__gradient_L3_gos_gapseq	1434	1605	362	bio1	0.898835	1.163954	5.393446
MGYG000001707__gradient_L4_xos_gapseq	1434	1605	362	bio1	0.898835	1.173654	5.432512
MGYG000001707__gradient_L5_pectin_gapseq	1434	1605	362	bio1	0.898835	1.186589	5.313770
MGYG000001707__gradient_L6_resistant_starch_gapseq	1434	1605	362	bio1	1.521121	1.266373	5.345251
MGYG000001707__gradient_L7_bglucan_gapseq	1434	1605	362	bio1	1.728751	1.266429	5.299196
MGYG000001707__gradient_L8_hmo_gapseq	1434	1605	362	bio1	1.728751	1.158361	5.443312
MGYG000001707__gradient_L9_mos_gapseq	1434	1605	362	bio1	1.728751	1.224252	5.414679
MGYG000001725__gradient_L0_base_gapseq	1343	1500	387	bio1	0.000000	1.212477	0.053378
MGYG000001725__gradient_L1_inulin_gapseq	1343	1500	387	bio1	0.000000	1.106339	0.053688
MGYG000001725__gradient_L2_fos_gapseq	1343	1500	387	bio1	0.000000	1.178069	0.054237
MGYG000001725__gradient_L3_gos_gapseq	1343	1500	387	bio1	0.642365	1.118608	4.802719
MGYG000001725__gradient_L4_xos_gapseq	1343	1500	387	bio1	0.642365	1.104414	4.700101
MGYG000001725__gradient_L5_pectin_gapseq	1343	1500	387	bio1	0.642365	1.186519	4.714144
MGYG000001725__gradient_L6_resistant_starch_gapseq	1343	1500	387	bio1	1.318377	1.199052	4.746155
MGYG000001725__gradient_L7_bglucan_gapseq	1343	1500	387	bio1	1.318377	1.098709	4.799630
MGYG000001725__gradient_L8_hmo_gapseq	1343	1500	387	bio1	1.318377	1.108562	4.691044
MGYG000001725__gradient_L9_mos_gapseq	1343	1500	387	bio1	1.445069	1.147907	4.665006
MGYG000001745__gradient_L0_base_gapseq	1428	1579	372	bio1	0.000000	1.251801	0.059707
MGYG000001745__gradient_L1_inulin_gapseq	1428	1579	372	bio1	0.000000	1.177693	0.061761
MGYG000001745__gradient_L2_fos_gapseq	1428	1579	372	bio1	0.000000	1.292289	0.062085
MGYG000001745__gradient_L3_gos_gapseq	1428	1579	372	bio1	0.661853	1.176276	5.006778
MGYG000001745__gradient_L4_xos_gapseq	1428	1579	372	bio1	0.661853	1.150693	5.016055
MGYG000001745__gradient_L5_pectin_gapseq	1428	1579	372	bio1	0.661853	1.163310	4.973891
MGYG000001745__gradient_L6_resistant_starch_gapseq	1428	1579	372	bio1	1.181894	1.319378	4.909273
MGYG000001745__gradient_L7_bglucan_gapseq	1428	1579	372	bio1	1.365293	1.345418	4.945302
MGYG000001745__gradient_L8_hmo_gapseq	1428	1579	372	bio1	1.365293	1.163693	5.008490
MGYG000001745__gradient_L9_mos_gapseq	1428	1579	372	bio1	1.455861	1.159749	4.932855
MGYG000001749__gradient_L0_base_gapseq	1408	1570	363	bio1	0.000000	1.249516	0.067849
MGYG000001749__gradient_L1_inulin_gapseq	1408	1570	363	bio1	0.000000	1.152901	0.067597
MGYG000001749__gradient_L2_fos_gapseq	1408	1570	363	bio1	0.000000	1.225701	0.067287
MGYG000001749__gradient_L3_gos_gapseq	1408	1570	363	bio1	0.000000	1.195602	0.067818
MGYG000001749__gradient_L4_xos_gapseq	1408	1570	363	bio1	1.042642	1.251058	5.102469
MGYG000001749__gradient_L5_pectin_gapseq	1408	1570	363	bio1	1.104828	1.214307	5.096487
MGYG000001749__gradient_L6_resistant_starch_gapseq	1408	1570	363	bio1	1.795092	1.146899	5.206503
MGYG000001749__gradient_L7_bglucan_gapseq	1408	1570	363	bio1	2.037618	1.183535	5.185491
MGYG000001749__gradient_L8_hmo_gapseq	1408	1570	363	bio1	2.037618	1.110597	5.128236
MGYG000001749__gradient_L9_mos_gapseq	1408	1570	363	bio1	2.170281	1.274812	5.117403
MGYG000001757__gradient_L0_base_gapseq	1155	1232	309	bio1	0.000000	0.898908	0.038767
MGYG000001757__gradient_L1_inulin_gapseq	1155	1232	309	bio1	0.000000	0.888893	0.042126
MGYG000001757__gradient_L2_fos_gapseq	1155	1232	309	bio1	0.000000	1.003864	0.043075
MGYG000001757__gradient_L3_gos_gapseq	1155	1232	309	bio1	0.000000	0.894336	0.043512
MGYG000001757__gradient_L4_xos_gapseq	1155	1232	309	bio1	0.346197	0.961150	3.260476
MGYG000001757__gradient_L5_pectin_gapseq	1155	1232	309	bio1	0.346197	0.896393	3.385170
MGYG000001757__gradient_L6_resistant_starch_gapseq	1155	1232	309	bio1	0.802142	0.899730	3.253043
MGYG000001757__gradient_L7_bglucan_gapseq	1155	1232	309	bio1	0.966195	0.899892	3.341430
MGYG000001757__gradient_L8_hmo_gapseq	1155	1232	309	bio1	0.966195	0.901237	3.249297
MGYG000001757__gradient_L9_mos_gapseq	1155	1232	309	bio1	1.037156	0.959445	3.256945
MGYG000001760__gradient_L0_base_gapseq	1281	1399	313	bio1	0.000000	1.130817	0.048827
MGYG000001760__gradient_L1_inulin_gapseq	1281	1399	313	bio1	0.000000	1.014829	0.048328
MGYG000001760__gradient_L2_fos_gapseq	1281	1399	313	bio1	0.000000	1.066962	0.049337
MGYG000001760__gradient_L3_gos_gapseq	1281	1399	313	bio1	0.533739	0.996972	4.038052
MGYG000001760__gradient_L4_xos_gapseq	1281	1399	313	bio1	0.612008	1.010268	3.946587
MGYG000001760__gradient_L5_pectin_gapseq	1281	1399	313	bio1	0.676658	1.122819	3.949785
MGYG000001760__gradient_L6_resistant_starch_gapseq	1281	1399	313	bio1	1.020846	1.028340	4.042810
MGYG000001760__gradient_L7_bglucan_gapseq	1281	1399	313	bio1	1.020846	0.985190	3.969330
MGYG000001760__gradient_L8_hmo_gapseq	1281	1399	313	bio1	1.020846	1.074444	4.021285
MGYG000001760__gradient_L9_mos_gapseq	1281	1399	313	bio1	1.020846	1.034803	4.027355
MGYG000001762__gradient_L0_base_gapseq	1369	1433	333	bio1	0.402894	1.084986	4.459193
MGYG000001762__gradient_L1_inulin_gapseq	1369	1433	333	bio1	0.586377	1.113560	4.391617
MGYG000001762__gradient_L2_fos_gapseq	1369	1433	333	bio1	0.586377	1.092317	4.440906
MGYG000001762__gradient_L3_gos_gapseq	1369	1433	333	bio1	0.586377	1.116657	4.426840
MGYG000001762__gradient_L4_xos_gapseq	1369	1433	333	bio1	0.586377	1.056024	4.461222
MGYG000001762__gradient_L5_pectin_gapseq	1369	1433	333	bio1	0.586377	1.059204	4.413395
MGYG000001762__gradient_L6_resistant_starch_gapseq	1369	1433	333	bio1	0.723902	1.170932	4.411522
MGYG000001762__gradient_L7_bglucan_gapseq	1369	1433	333	bio1	0.723902	1.083474	4.473136
MGYG000001762__gradient_L8_hmo_gapseq	1369	1433	333	bio1	0.723902	1.093229	4.488541
MGYG000001762__gradient_L9_mos_gapseq	1369	1433	333	bio1	0.723902	1.060646	4.414436
MGYG000001767__gradient_L0_base_gapseq	1045	1145	222	bio1	0.000000	0.819660	0.042637
MGYG000001767__gradient_L1_inulin_gapseq	1045	1145	222	bio1	0.000000	0.896794	0.042265
MGYG000001767__gradient_L2_fos_gapseq	1045	1145	222	bio1	0.000000	0.789394	0.043156
MGYG000001767__gradient_L3_gos_gapseq	1045	1145	222	bio1	0.523377	0.828381	2.802271
MGYG000001767__gradient_L4_xos_gapseq	1045	1145	222	bio1	0.523377	0.865973	2.720696
MGYG000001767__gradient_L5_pectin_gapseq	1045	1145	222	bio1	0.523377	0.955184	2.744401
MGYG000001767__gradient_L6_resistant_starch_gapseq	1045	1145	222	bio1	0.987949	0.791202	2.740742
MGYG000001767__gradient_L7_bglucan_gapseq	1045	1145	222	bio1	1.113165	0.891202	2.729273
MGYG000001767__gradient_L8_hmo_gapseq	1045	1145	222	bio1	1.113165	0.819122	2.727122
MGYG000001767__gradient_L9_mos_gapseq	1045	1145	222	bio1	1.184818	0.851919	2.734937
MGYG000001786__gradient_L0_base_gapseq	535	508	66	bio1	0.000000	0.317463	0.011838
MGYG000001786__gradient_L1_inulin_gapseq	535	508	66	bio1	0.000000	0.317728	0.014145
MGYG000001786__gradient_L2_fos_gapseq	535	508	66	bio1	0.000000	0.321114	0.014085
MGYG000001786__gradient_L3_gos_gapseq	535	508	66	bio1	0.000000	0.320744	0.014092
MGYG000001786__gradient_L4_xos_gapseq	535	508	66	bio1	0.000000	0.317767	0.014184
MGYG000001786__gradient_L5_pectin_gapseq	535	508	66	bio1	0.000000	0.400828	0.014284
MGYG000001786__gradient_L6_resistant_starch_gapseq	535	508	66	bio1	0.000000	0.320349	0.014364
MGYG000001786__gradient_L7_bglucan_gapseq	535	508	66	bio1	0.000000	0.322622	0.014153
MGYG000001786__gradient_L8_hmo_gapseq	535	508	66	bio1	0.000000	0.330581	0.014245
MGYG000001786__gradient_L9_mos_gapseq	535	508	66	bio1	0.000000	0.333633	0.014204
MGYG000001795__gradient_L0_base_gapseq	1223	1376	308	bio1	0.000000	1.059158	0.050928
MGYG000001795__gradient_L1_inulin_gapseq	1223	1376	308	bio1	0.442917	0.985963	3.890267
MGYG000001795__gradient_L2_fos_gapseq	1223	1376	308	bio1	0.442917	1.076139	3.883063
MGYG000001795__gradient_L3_gos_gapseq	1223	1376	308	bio1	0.442917	0.984413	3.979742
MGYG000001795__gradient_L4_xos_gapseq	1223	1376	308	bio1	0.442917	0.980001	3.885629
MGYG000001795__gradient_L5_pectin_gapseq	1223	1376	308	bio1	0.442917	1.045138	3.898364
MGYG000001795__gradient_L6_resistant_starch_gapseq	1223	1376	308	bio1	0.722295	0.969521	3.986103
MGYG000001795__gradient_L7_bglucan_gapseq	1223	1376	308	bio1	0.722295	0.982407	3.904344
MGYG000001795__gradient_L8_hmo_gapseq	1223	1376	308	bio1	0.722295	1.052460	3.899661
MGYG000001795__gradient_L9_mos_gapseq	1223	1376	308	bio1	0.831600	0.968445	3.974585
MGYG000001804__gradient_L0_base_gapseq	1231	1322	250	bio1	0.000000	0.955656	0.044688
MGYG000001804__gradient_L1_inulin_gapseq	1231	1322	250	bio1	0.000000	1.018553	0.044584
MGYG000001804__gradient_L2_fos_gapseq	1231	1322	250	bio1	0.000000	0.954452	0.045071
MGYG000001804__gradient_L3_gos_gapseq	1231	1322	250	bio1	0.000000	0.938317	0.045143
MGYG000001804__gradient_L4_xos_gapseq	1231	1322	250	bio1	0.000000	1.035249	0.044754
MGYG000001804__gradient_L5_pectin_gapseq	1231	1322	250	bio1	0.000000	0.961583	0.045199
MGYG000001804__gradient_L6_resistant_starch_gapseq	1231	1322	250	bio1	0.000000	1.075110	0.046425
MGYG000001804__gradient_L7_bglucan_gapseq	1231	1322	250	bio1	0.000000	0.937779	0.046249
MGYG000001804__gradient_L8_hmo_gapseq	1231	1322	250	bio1	0.000000	1.041404	0.045425
MGYG000001804__gradient_L9_mos_gapseq	1231	1322	250	bio1	0.000000	0.952824	0.046096
MGYG000001821__gradient_L0_base_gapseq	1101	1228	251	bio1	0.000000	0.857743	0.044114
MGYG000001821__gradient_L1_inulin_gapseq	1101	1228	251	bio1	1.056781	0.968792	3.132692
MGYG000001821__gradient_L2_fos_gapseq	1101	1228	251	bio1	1.056781	0.871654	3.278405
MGYG000001821__gradient_L3_gos_gapseq	1101	1228	251	bio1	1.320976	0.861843	3.126901
MGYG000001821__gradient_L4_xos_gapseq	1101	1228	251	bio1	1.408473	0.852851	3.248229
MGYG000001821__gradient_L5_pectin_gapseq	1101	1228	251	bio1	1.462302	0.862427	3.147579
MGYG000001821__gradient_L6_resistant_starch_gapseq	1101	1228	251	bio1	2.090283	0.934622	3.128214
MGYG000001821__gradient_L7_bglucan_gapseq	1101	1228	251	bio1	2.305593	0.857869	3.205145
MGYG000001821__gradient_L8_hmo_gapseq	1101	1228	251	bio1	2.305593	0.862201	3.127213
MGYG000001821__gradient_L9_mos_gapseq	1101	1228	251	bio1	2.413247	0.861393	3.204456
MGYG000001826__gradient_L0_base_gapseq	1089	1179	263	bio1	0.000000	0.942253	0.034659
MGYG000001826__gradient_L1_inulin_gapseq	1089	1179	263	bio1	0.000000	0.852697	0.035097
MGYG000001826__gradient_L2_fos_gapseq	1089	1179	263	bio1	0.000000	0.847925	0.035913
MGYG000001826__gradient_L3_gos_gapseq	1089	1179	263	bio1	0.000000	0.949684	0.035116
MGYG000001826__gradient_L4_xos_gapseq	1089	1179	263	bio1	0.000000	0.847381	0.035068
MGYG000001826__gradient_L5_pectin_gapseq	1089	1179	263	bio1	0.000000	0.921643	0.035575
MGYG000001826__gradient_L6_resistant_starch_gapseq	1089	1179	263	bio1	0.814279	0.845554	2.952645
MGYG000001826__gradient_L7_bglucan_gapseq	1089	1179	263	bio1	0.814279	0.967966	3.023490
MGYG000001826__gradient_L8_hmo_gapseq	1089	1179	263	bio1	0.814279	0.855781	2.978023
MGYG000001826__gradient_L9_mos_gapseq	1089	1179	263	bio1	0.892062	0.945123	2.963938
MGYG000001827__gradient_L0_base_gapseq	1052	1059	209	bio1	0.725579	0.755154	2.384269
MGYG000001827__gradient_L1_inulin_gapseq	1052	1059	209	bio1	1.086924	0.808734	2.510839
MGYG000001827__gradient_L2_fos_gapseq	1052	1059	209	bio1	1.086924	0.767626	2.383603
MGYG000001827__gradient_L3_gos_gapseq	1052	1059	209	bio1	1.186112	0.757172	2.426064
MGYG000001827__gradient_L4_xos_gapseq	1052	1059	209	bio1	1.264636	0.745742	2.358713
MGYG000001827__gradient_L5_pectin_gapseq	1052	1059	209	bio1	1.326628	0.797850	2.439363
MGYG000001827__gradient_L6_resistant_starch_gapseq	1052	1059	209	bio1	1.610403	0.783150	2.357112
MGYG000001827__gradient_L7_bglucan_gapseq	1052	1059	209	bio1	1.610403	0.795177	2.424389
MGYG000001827__gradient_L8_hmo_gapseq	1052	1059	209	bio1	1.610403	0.798337	2.364633
MGYG000001827__gradient_L9_mos_gapseq	1052	1059	209	bio1	1.610403	0.809934	2.417999
MGYG000001834__gradient_L0_base_gapseq	586	558	62	bio1	0.000000	0.365949	0.012110
MGYG000001834__gradient_L1_inulin_gapseq	586	558	62	bio1	0.000000	0.366685	0.014895
MGYG000001834__gradient_L2_fos_gapseq	586	558	62	bio1	0.000000	0.367398	0.015006
MGYG000001834__gradient_L3_gos_gapseq	586	558	62	bio1	0.000000	0.461634	0.015077
MGYG000001834__gradient_L4_xos_gapseq	586	558	62	bio1	0.000000	0.374190	0.015377
MGYG000001834__gradient_L5_pectin_gapseq	586	558	62	bio1	0.000000	0.369189	0.015303
MGYG000001834__gradient_L6_resistant_starch_gapseq	586	558	62	bio1	0.000000	0.378208	0.015383
MGYG000001834__gradient_L7_bglucan_gapseq	586	558	62	bio1	0.000000	0.363358	0.015317
MGYG000001834__gradient_L8_hmo_gapseq	586	558	62	bio1	0.000000	0.367402	0.015372
MGYG000001834__gradient_L9_mos_gapseq	586	558	62	bio1	0.000000	0.438687	0.015360
MGYG000001846__gradient_L0_base_gapseq	894	959	171	bio1	0.000000	0.664910	0.029521
MGYG000001846__gradient_L1_inulin_gapseq	894	959	171	bio1	0.000000	0.671745	0.030849
MGYG000001846__gradient_L2_fos_gapseq	894	959	171	bio1	0.000000	0.649127	0.029534
MGYG000001846__gradient_L3_gos_gapseq	894	959	171	bio1	0.000000	0.738482	0.030590
MGYG000001846__gradient_L4_xos_gapseq	894	959	171	bio1	0.000000	0.660569	0.031285
MGYG000001846__gradient_L5_pectin_gapseq	894	959	171	bio1	0.000000	0.657643	0.030304
MGYG000001846__gradient_L6_resistant_starch_gapseq	894	959	171	bio1	0.000000	0.793508	0.030354
MGYG000001846__gradient_L7_bglucan_gapseq	894	959	171	bio1	0.000000	0.693815	0.031345
MGYG000001846__gradient_L8_hmo_gapseq	894	959	171	bio1	0.000000	0.699162	0.030501
MGYG000001846__gradient_L9_mos_gapseq	894	959	171	bio1	0.000000	0.764671	0.030828
MGYG000001871__gradient_L0_base_gapseq	1325	1486	342	bio1	0.000000	1.080060	0.056790
MGYG000001871__gradient_L1_inulin_gapseq	1325	1486	342	bio1	0.000000	1.156471	0.056408
MGYG000001871__gradient_L2_fos_gapseq	1325	1486	342	bio1	0.000000	1.076664	0.056707
MGYG000001871__gradient_L3_gos_gapseq	1325	1486	342	bio1	0.000000	1.169782	0.056011
MGYG000001871__gradient_L4_xos_gapseq	1325	1486	342	bio1	0.000000	1.070927	0.056789
MGYG000001871__gradient_L5_pectin_gapseq	1325	1486	342	bio1	0.000000	1.143045	0.055815
MGYG000001871__gradient_L6_resistant_starch_gapseq	1325	1486	342	bio1	0.000000	1.081113	0.056978
MGYG000001871__gradient_L7_bglucan_gapseq	1325	1486	342	bio1	0.000000	1.143020	0.056798
MGYG000001871__gradient_L8_hmo_gapseq	1325	1486	342	bio1	0.000000	1.071881	0.055890
MGYG000001871__gradient_L9_mos_gapseq	1325	1486	342	bio1	0.000000	1.152221	0.057341
MGYG000001878__gradient_L0_base_gapseq	1507	1707	450	bio1	0.812026	1.222992	6.059762
MGYG000001878__gradient_L1_inulin_gapseq	1507	1707	450	bio1	1.018476	1.351399	6.026620
MGYG000001878__gradient_L2_fos_gapseq	1507	1707	450	bio1	1.018476	1.301943	6.070169
MGYG000001878__gradient_L3_gos_gapseq	1507	1707	450	bio1	1.094174	1.301036	6.027274
MGYG000001878__gradient_L4_xos_gapseq	1507	1707	450	bio1	1.218044	1.303059	6.051680
MGYG000001878__gradient_L5_pectin_gapseq	1507	1707	450	bio1	1.250159	1.214645	6.074193
MGYG000001878__gradient_L6_resistant_starch_gapseq	1507	1707	450	bio1	1.509368	1.218354	6.077419
MGYG000001878__gradient_L7_bglucan_gapseq	1507	1707	450	bio1	1.509368	1.228002	5.987189
MGYG000001878__gradient_L8_hmo_gapseq	1507	1707	450	bio1	1.509368	1.277119	6.036013
MGYG000001878__gradient_L9_mos_gapseq	1507	1707	450	bio1	1.610299	1.296586	6.009631
MGYG000001890__gradient_L0_base_gapseq	1434	1636	443	bio1	0.327550	1.160700	5.238169
MGYG000001890__gradient_L1_inulin_gapseq	1434	1636	443	bio1	0.441484	1.252091	5.223702
MGYG000001890__gradient_L2_fos_gapseq	1434	1636	443	bio1	0.441484	1.265903	5.224435
MGYG000001890__gradient_L3_gos_gapseq	1434	1636	443	bio1	0.519813	1.292802	5.226041
MGYG000001890__gradient_L4_xos_gapseq	1434	1636	443	bio1	0.583901	1.181676	5.411790
MGYG000001890__gradient_L5_pectin_gapseq	1434	1636	443	bio1	0.583901	1.169884	5.327977
MGYG000001890__gradient_L6_resistant_starch_gapseq	1434	1636	443	bio1	1.103724	1.176811	5.245727
MGYG000001890__gradient_L7_bglucan_gapseq	1434	1636	443	bio1	1.103724	1.210988	5.234467
MGYG000001890__gradient_L8_hmo_gapseq	1434	1636	443	bio1	1.103724	1.260974	5.207925
MGYG000001890__gradient_L9_mos_gapseq	1434	1636	443	bio1	1.103724	1.274556	5.225958
MGYG000001896__gradient_L0_base_gapseq	1019	1125	245	bio1	0.000000	0.830138	0.034696
MGYG000001896__gradient_L1_inulin_gapseq	1019	1125	245	bio1	0.000000	0.828923	0.034439
MGYG000001896__gradient_L2_fos_gapseq	1019	1125	245	bio1	0.000000	0.905983	0.034321
MGYG000001896__gradient_L3_gos_gapseq	1019	1125	245	bio1	0.000000	0.782790	0.036881
MGYG000001896__gradient_L4_xos_gapseq	1019	1125	245	bio1	0.000000	0.806013	0.036948
MGYG000001896__gradient_L5_pectin_gapseq	1019	1125	245	bio1	0.000000	0.901428	0.037029
MGYG000001896__gradient_L6_resistant_starch_gapseq	1019	1125	245	bio1	0.000000	0.787119	0.036743
MGYG000001896__gradient_L7_bglucan_gapseq	1019	1125	245	bio1	0.000000	0.925376	0.155072
MGYG000001896__gradient_L8_hmo_gapseq	1019	1125	245	bio1	0.000000	0.791101	0.037167
MGYG000001896__gradient_L9_mos_gapseq	1019	1125	245	bio1	0.000000	0.803427	0.036338
MGYG000001898__gradient_L0_base_gapseq	1366	1547	421	bio1	0.000000	1.257300	0.061913
MGYG000001898__gradient_L1_inulin_gapseq	1366	1547	421	bio1	0.000000	1.163136	0.063404
MGYG000001898__gradient_L2_fos_gapseq	1366	1547	421	bio1	0.000000	1.247544	0.063539
MGYG000001898__gradient_L3_gos_gapseq	1366	1547	421	bio1	0.000000	1.118154	0.063384
MGYG000001898__gradient_L4_xos_gapseq	1366	1547	421	bio1	0.000000	1.271616	0.063166
MGYG000001898__gradient_L5_pectin_gapseq	1366	1547	421	bio1	0.000000	1.179683	0.063413
MGYG000001898__gradient_L6_resistant_starch_gapseq	1366	1547	421	bio1	2.119138	1.285534	4.944348
MGYG000001898__gradient_L7_bglucan_gapseq	1366	1547	421	bio1	2.119138	1.394153	4.973088
MGYG000001898__gradient_L8_hmo_gapseq	1366	1547	421	bio1	2.119138	1.121756	5.075332
MGYG000001898__gradient_L9_mos_gapseq	1366	1547	421	bio1	2.280635	1.112414	5.006885
MGYG000001917__gradient_L0_base_gapseq	660	631	81	bio1	0.000000	0.423415	0.017947
MGYG000001917__gradient_L1_inulin_gapseq	660	631	81	bio1	0.000000	0.423041	0.017555
MGYG000001917__gradient_L2_fos_gapseq	660	631	81	bio1	0.000000	0.416035	0.017553
MGYG000001917__gradient_L3_gos_gapseq	660	631	81	bio1	0.000000	0.521556	0.017671
MGYG000001917__gradient_L4_xos_gapseq	660	631	81	bio1	0.000000	0.425537	0.017743
MGYG000001917__gradient_L5_pectin_gapseq	660	631	81	bio1	0.000000	0.422322	0.017596
MGYG000001917__gradient_L6_resistant_starch_gapseq	660	631	81	bio1	0.000000	0.467121	0.017690
MGYG000001917__gradient_L7_bglucan_gapseq	660	631	81	bio1	0.000000	0.443671	0.018240
MGYG000001917__gradient_L8_hmo_gapseq	660	631	81	bio1	0.000000	0.534493	0.018278
MGYG000001917__gradient_L9_mos_gapseq	660	631	81	bio1	0.000000	0.420504	0.017654
MGYG000001926__gradient_L0_base_gapseq	637	616	88	bio1	0.000000	0.405561	0.016131
MGYG000001926__gradient_L1_inulin_gapseq	637	616	88	bio1	0.000000	0.405670	0.015701
MGYG000001926__gradient_L2_fos_gapseq	637	616	88	bio1	0.000000	0.407232	0.015758
MGYG000001926__gradient_L3_gos_gapseq	637	616	88	bio1	0.000000	0.406916	0.112500
MGYG000001926__gradient_L4_xos_gapseq	637	616	88	bio1	0.000000	0.427314	0.016558
MGYG000001926__gradient_L5_pectin_gapseq	637	616	88	bio1	0.000000	0.427417	0.017673
MGYG000001926__gradient_L6_resistant_starch_gapseq	637	616	88	bio1	0.000000	0.431252	0.016289
MGYG000001926__gradient_L7_bglucan_gapseq	637	616	88	bio1	0.000000	0.401761	0.016132
MGYG000001926__gradient_L8_hmo_gapseq	637	616	88	bio1	0.000000	0.405522	0.016078
MGYG000001926__gradient_L9_mos_gapseq	637	616	88	bio1	0.000000	0.549722	0.017039
MGYG000001930__gradient_L0_base_gapseq	889	995	172	bio1	0.000000	0.669290	0.028119
MGYG000001930__gradient_L1_inulin_gapseq	889	995	172	bio1	0.291068	0.679301	2.093695
MGYG000001930__gradient_L2_fos_gapseq	889	995	172	bio1	0.291068	0.807539	2.093053
MGYG000001930__gradient_L3_gos_gapseq	889	995	172	bio1	0.591242	0.672232	2.112333
MGYG000001930__gradient_L4_xos_gapseq	889	995	172	bio1	0.591242	0.838738	2.112781
MGYG000001930__gradient_L5_pectin_gapseq	889	995	172	bio1	0.591242	0.728135	2.096694
MGYG000001930__gradient_L6_resistant_starch_gapseq	889	995	172	bio1	0.994383	0.736547	2.194921
MGYG000001930__gradient_L7_bglucan_gapseq	889	995	172	bio1	0.994383	0.669078	2.091612
MGYG000001930__gradient_L8_hmo_gapseq	889	995	172	bio1	0.994383	0.667036	2.088983
MGYG000001930__gradient_L9_mos_gapseq	889	995	172	bio1	0.994383	0.788620	2.100196
MGYG000001934__gradient_L0_base_gapseq	980	1064	243	bio1	0.000000	0.730856	0.031695
MGYG000001934__gradient_L1_inulin_gapseq	980	1064	243	bio1	0.000000	0.772665	0.031871
MGYG000001934__gradient_L2_fos_gapseq	980	1064	243	bio1	0.000000	0.806226	0.109081
MGYG000001934__gradient_L3_gos_gapseq	980	1064	243	bio1	1.068353	0.749130	2.371900
MGYG000001934__gradient_L4_xos_gapseq	980	1064	243	bio1	1.214317	0.744986	2.453654
MGYG000001934__gradient_L5_pectin_gapseq	980	1064	243	bio1	1.214317	0.733532	2.383419
MGYG000001934__gradient_L6_resistant_starch_gapseq	980	1064	243	bio1	1.843968	0.766518	2.375918
MGYG000001934__gradient_L7_bglucan_gapseq	980	1064	243	bio1	1.843968	0.913845	2.377697
MGYG000001934__gradient_L8_hmo_gapseq	980	1064	243	bio1	1.843968	0.801945	2.376491
MGYG000001934__gradient_L9_mos_gapseq	980	1064	243	bio1	1.951909	0.786142	2.380614
MGYG000001971__gradient_L0_base_gapseq	1520	1753	511	bio1	0.779134	1.249406	6.098104
MGYG000001971__gradient_L1_inulin_gapseq	1520	1753	511	bio1	1.005581	1.307532	6.089391
MGYG000001971__gradient_L2_fos_gapseq	1520	1753	511	bio1	1.005581	1.257908	6.096400
MGYG000001971__gradient_L3_gos_gapseq	1520	1753	511	bio1	1.221065	1.254165	6.041423
MGYG000001971__gradient_L4_xos_gapseq	1520	1753	511	bio1	1.234967	1.338308	6.057656
MGYG000001971__gradient_L5_pectin_gapseq	1520	1753	511	bio1	1.234967	1.394320	6.062253
MGYG000001971__gradient_L6_resistant_starch_gapseq	1520	1753	511	bio1	1.737762	1.334049	6.050994
MGYG000001971__gradient_L7_bglucan_gapseq	1520	1753	511	bio1	1.737762	1.351210	6.058677
MGYG000001971__gradient_L8_hmo_gapseq	1520	1753	511	bio1	1.737762	1.348062	6.025007
MGYG000001971__gradient_L9_mos_gapseq	1520	1753	511	bio1	1.848980	1.359740	6.020193
MGYG000001972__gradient_L0_base_gapseq	1288	1540	391	bio1	0.443771	1.132692	4.806363
MGYG000001972__gradient_L1_inulin_gapseq	1288	1540	391	bio1	0.566589	1.081550	4.688900
MGYG000001972__gradient_L2_fos_gapseq	1288	1540	391	bio1	0.566589	1.177500	4.686463
MGYG000001972__gradient_L3_gos_gapseq	1288	1540	391	bio1	0.566589	1.163695	4.703851
MGYG000001972__gradient_L4_xos_gapseq	1288	1540	391	bio1	0.669685	1.154322	4.897308
MGYG000001972__gradient_L5_pectin_gapseq	1288	1540	391	bio1	0.669685	1.163602	4.796941
MGYG000001972__gradient_L6_resistant_starch_gapseq	1288	1540	391	bio1	0.971739	1.080138	4.690731
MGYG000001972__gradient_L7_bglucan_gapseq	1288	1540	391	bio1	1.115860	1.194567	4.697213
MGYG000001972__gradient_L8_hmo_gapseq	1288	1540	391	bio1	1.115860	1.176098	4.725508
MGYG000001972__gradient_L9_mos_gapseq	1288	1540	391	bio1	1.207218	1.151964	4.766477
MGYG000001988__gradient_L0_base_gapseq	1281	1561	529	bio1	0.000000	1.211217	0.063805
MGYG000001988__gradient_L1_inulin_gapseq	1281	1561	529	bio1	0.000000	1.130238	0.063785
MGYG000001988__gradient_L2_fos_gapseq	1281	1561	529	bio1	0.000000	1.228605	0.063351
MGYG000001988__gradient_L3_gos_gapseq	1281	1561	529	bio1	0.000000	1.162216	0.068360
MGYG000001988__gradient_L4_xos_gapseq	1281	1561	529	bio1	1.361109	1.230863	5.028915
MGYG000001988__gradient_L5_pectin_gapseq	1281	1561	529	bio1	1.361109	1.232133	5.004144
MGYG000001988__gradient_L6_resistant_starch_gapseq	1281	1561	529	bio1	2.002810	1.255441	5.012695
MGYG000001988__gradient_L7_bglucan_gapseq	1281	1561	529	bio1	2.209310	1.171047	5.182724
MGYG000001988__gradient_L8_hmo_gapseq	1281	1561	529	bio1	2.209310	1.132736	5.017459
MGYG000001988__gradient_L9_mos_gapseq	1281	1561	529	bio1	2.209310	1.235821	5.023891
MGYG000001995__gradient_L0_base_gapseq	1531	1808	523	bio1	0.000000	1.280240	0.153310
MGYG000001995__gradient_L1_inulin_gapseq	1531	1808	523	bio1	0.000000	1.271540	0.076345
MGYG000001995__gradient_L2_fos_gapseq	1531	1808	523	bio1	0.000000	1.341668	0.076602
MGYG000001995__gradient_L3_gos_gapseq	1531	1808	523	bio1	1.974386	1.274400	6.647559
MGYG000001995__gradient_L4_xos_gapseq	1531	1808	523	bio1	2.072800	1.270113	6.634825
MGYG000001995__gradient_L5_pectin_gapseq	1531	1808	523	bio1	2.126253	1.352548	6.530548
MGYG000001995__gradient_L6_resistant_starch_gapseq	1531	1808	523	bio1	2.276100	1.346966	6.529780
MGYG000001995__gradient_L7_bglucan_gapseq	1531	1808	523	bio1	2.276100	1.361027	6.538488
MGYG000001995__gradient_L8_hmo_gapseq	1531	1808	523	bio1	2.276100	1.348982	6.568578
MGYG000001995__gradient_L9_mos_gapseq	1531	1808	523	bio1	2.276100	1.347479	6.585339
MGYG000002025__gradient_L0_base_gapseq	1265	1472	403	bio1	0.000000	1.143268	0.053697
MGYG000002025__gradient_L1_inulin_gapseq	1265	1472	403	bio1	0.000000	1.061526	0.054315
MGYG000002025__gradient_L2_fos_gapseq	1265	1472	403	bio1	0.000000	1.134375	0.054018
MGYG000002025__gradient_L3_gos_gapseq	1265	1472	403	bio1	0.757198	1.087565	4.452043
MGYG000002025__gradient_L4_xos_gapseq	1265	1472	403	bio1	0.757198	1.142896	4.447242
MGYG000002025__gradient_L5_pectin_gapseq	1265	1472	403	bio1	0.757198	1.128329	4.424501
MGYG000002025__gradient_L6_resistant_starch_gapseq	1265	1472	403	bio1	1.083570	1.062897	4.516240
MGYG000002025__gradient_L7_bglucan_gapseq	1265	1472	403	bio1	1.083570	1.058600	4.439497
MGYG000002025__gradient_L8_hmo_gapseq	1265	1472	403	bio1	1.166361	1.121258	4.437822
MGYG000002025__gradient_L9_mos_gapseq	1265	1472	403	bio1	1.166361	1.133535	4.454964
MGYG000002040__gradient_L0_base_gapseq	1304	1460	356	bio1	0.416662	1.082580	4.290499
MGYG000002040__gradient_L1_inulin_gapseq	1304	1460	356	bio1	0.554026	1.140866	4.262464
MGYG000002040__gradient_L2_fos_gapseq	1304	1460	356	bio1	0.554026	1.123407	4.264689
MGYG000002040__gradient_L3_gos_gapseq	1304	1460	356	bio1	0.787894	1.058554	4.376652
MGYG000002040__gradient_L4_xos_gapseq	1304	1460	356	bio1	0.787894	1.049375	4.596496
MGYG000002040__gradient_L5_pectin_gapseq	1304	1460	356	bio1	0.787894	1.138684	4.325769
MGYG000002040__gradient_L6_resistant_starch_gapseq	1304	1460	356	bio1	0.910525	1.058160	4.348801
MGYG000002040__gradient_L7_bglucan_gapseq	1304	1460	356	bio1	0.910525	1.051111	4.276661
MGYG000002040__gradient_L8_hmo_gapseq	1304	1460	356	bio1	0.910525	1.171702	4.272492
MGYG000002040__gradient_L9_mos_gapseq	1304	1460	356	bio1	0.910525	1.137069	4.310538
MGYG000002044__gradient_L0_base_gapseq	1149	1233	257	bio1	0.000000	0.893864	0.038039
MGYG000002044__gradient_L1_inulin_gapseq	1149	1233	257	bio1	0.000000	0.987829	0.036892
MGYG000002044__gradient_L2_fos_gapseq	1149	1233	257	bio1	0.000000	0.902135	0.037023
MGYG000002044__gradient_L3_gos_gapseq	1149	1233	257	bio1	0.000000	0.984101	0.036633
MGYG000002044__gradient_L4_xos_gapseq	1149	1233	257	bio1	0.000000	0.902487	0.037383
MGYG000002044__gradient_L5_pectin_gapseq	1149	1233	257	bio1	0.000000	0.896346	0.036983
MGYG000002044__gradient_L6_resistant_starch_gapseq	1149	1233	257	bio1	0.133114	0.992089	3.223963
MGYG000002044__gradient_L7_bglucan_gapseq	1149	1233	257	bio1	0.133114	0.908692	3.356241
MGYG000002044__gradient_L8_hmo_gapseq	1149	1233	257	bio1	0.133114	0.904146	3.236015
MGYG000002044__gradient_L9_mos_gapseq	1149	1233	257	bio1	0.169838	0.969992	3.244831
MGYG000002054__gradient_L0_base_gapseq	1157	1263	309	bio1	0.404680	1.010549	3.393876
MGYG000002054__gradient_L1_inulin_gapseq	1157	1263	309	bio1	0.501035	0.922748	3.381763
MGYG000002054__gradient_L2_fos_gapseq	1157	1263	309	bio1	0.501035	0.963383	3.362255
MGYG000002054__gradient_L3_gos_gapseq	1157	1263	309	bio1	0.674473	0.910691	3.458408
MGYG000002054__gradient_L4_xos_gapseq	1157	1263	309	bio1	0.703380	0.913710	3.422779
MGYG000002054__gradient_L5_pectin_gapseq	1157	1263	309	bio1	0.703380	1.002648	3.393961
MGYG000002054__gradient_L6_resistant_starch_gapseq	1157	1263	309	bio1	1.108272	0.901933	3.375895
MGYG000002054__gradient_L7_bglucan_gapseq	1157	1263	309	bio1	1.108272	0.978438	3.376614
MGYG000002054__gradient_L8_hmo_gapseq	1157	1263	309	bio1	1.108272	0.915917	3.460563
MGYG000002054__gradient_L9_mos_gapseq	1157	1263	309	bio1	1.202795	0.922241	3.384857
MGYG000002058__gradient_L0_base_gapseq	1158	1283	310	bio1	0.571670	0.937692	3.453499
MGYG000002058__gradient_L1_inulin_gapseq	1158	1283	310	bio1	0.800342	0.989123	3.451253
MGYG000002058__gradient_L2_fos_gapseq	1158	1283	310	bio1	0.800342	0.930106	3.529458
MGYG000002058__gradient_L3_gos_gapseq	1158	1283	310	bio1	1.000261	0.928592	3.467479
MGYG000002058__gradient_L4_xos_gapseq	1158	1283	310	bio1	1.000261	0.970156	3.447958
MGYG000002058__gradient_L5_pectin_gapseq	1158	1283	310	bio1	1.000261	0.931358	3.540714
MGYG000002058__gradient_L6_resistant_starch_gapseq	1158	1283	310	bio1	1.474926	0.897009	3.472426
MGYG000002058__gradient_L7_bglucan_gapseq	1158	1283	310	bio1	1.474926	0.987873	3.457423
MGYG000002058__gradient_L8_hmo_gapseq	1158	1283	310	bio1	1.474926	0.924922	3.547385
MGYG000002058__gradient_L9_mos_gapseq	1158	1283	310	bio1	1.586067	0.916799	3.451819
MGYG000002099__gradient_L0_base_gapseq	1356	1525	386	bio1	0.000000	1.111960	0.058671
MGYG000002099__gradient_L1_inulin_gapseq	1356	1525	386	bio1	0.000000	1.210133	0.059822
MGYG000002099__gradient_L2_fos_gapseq	1356	1525	386	bio1	0.000000	1.147187	0.060633
MGYG000002099__gradient_L3_gos_gapseq	1356	1525	386	bio1	1.133868	1.199399	4.731642
MGYG000002099__gradient_L4_xos_gapseq	1356	1525	386	bio1	1.241258	1.179972	4.738556
MGYG000002099__gradient_L5_pectin_gapseq	1356	1525	386	bio1	1.304912	1.202267	4.714307
MGYG000002099__gradient_L6_resistant_starch_gapseq	1356	1525	386	bio1	2.049673	1.125848	4.855360
MGYG000002099__gradient_L7_bglucan_gapseq	1356	1525	386	bio1	2.310658	1.097257	4.749622
MGYG000002099__gradient_L8_hmo_gapseq	1356	1525	386	bio1	2.310658	1.190750	4.751575
MGYG000002099__gradient_L9_mos_gapseq	1356	1525	386	bio1	2.446454	1.192614	4.732801
MGYG000002110__gradient_L0_base_gapseq	1188	1313	318	bio1	0.805683	1.000826	3.606188
MGYG000002110__gradient_L1_inulin_gapseq	1188	1313	318	bio1	1.099793	0.924957	3.678332
MGYG000002110__gradient_L2_fos_gapseq	1188	1313	318	bio1	1.099793	0.943042	3.604087
MGYG000002110__gradient_L3_gos_gapseq	1188	1313	318	bio1	1.315265	0.969681	3.626057
MGYG000002110__gradient_L4_xos_gapseq	1188	1313	318	bio1	1.315265	0.938148	3.690059
MGYG000002110__gradient_L5_pectin_gapseq	1188	1313	318	bio1	1.315265	0.936410	3.614987
MGYG000002110__gradient_L6_resistant_starch_gapseq	1188	1313	318	bio1	1.936990	1.006197	3.608148
MGYG000002110__gradient_L7_bglucan_gapseq	1188	1313	318	bio1	1.936990	0.953036	3.689777
MGYG000002110__gradient_L8_hmo_gapseq	1188	1313	318	bio1	1.936990	0.950390	3.606292
MGYG000002110__gradient_L9_mos_gapseq	1188	1313	318	bio1	2.080638	1.004536	3.625467
MGYG000002129__gradient_L0_base_gapseq	1036	1079	246	bio1	0.000000	0.766807	0.033884
MGYG000002129__gradient_L1_inulin_gapseq	1036	1079	246	bio1	0.000000	0.834436	0.036293
MGYG000002129__gradient_L2_fos_gapseq	1036	1079	246	bio1	0.000000	0.750480	0.035482
MGYG000002129__gradient_L3_gos_gapseq	1036	1079	246	bio1	0.000000	0.763444	0.035850
MGYG000002129__gradient_L4_xos_gapseq	1036	1079	246	bio1	0.647737	0.903123	2.413437
MGYG000002129__gradient_L5_pectin_gapseq	1036	1079	246	bio1	0.647737	0.846225	2.413009
MGYG000002129__gradient_L6_resistant_starch_gapseq	1036	1079	246	bio1	1.226538	0.871639	2.400082
MGYG000002129__gradient_L7_bglucan_gapseq	1036	1079	246	bio1	1.226538	0.830621	2.404409
MGYG000002129__gradient_L8_hmo_gapseq	1036	1079	246	bio1	1.226538	0.837792	2.401399
MGYG000002129__gradient_L9_mos_gapseq	1036	1079	246	bio1	1.226538	0.767567	2.406839
MGYG000002131__gradient_L0_base_gapseq	1253	1402	333	bio1	0.139527	1.061989	4.091022
MGYG000002131__gradient_L1_inulin_gapseq	1253	1402	333	bio1	0.139527	1.016900	4.144086
MGYG000002131__gradient_L2_fos_gapseq	1253	1402	333	bio1	0.139527	1.015033	4.076339
MGYG000002131__gradient_L3_gos_gapseq	1253	1402	333	bio1	0.348833	1.096364	4.079710
MGYG000002131__gradient_L4_xos_gapseq	1253	1402	333	bio1	0.389344	1.009257	4.184683
MGYG000002131__gradient_L5_pectin_gapseq	1253	1402	333	bio1	0.389344	1.006212	4.086090
MGYG000002131__gradient_L6_resistant_starch_gapseq	1253	1402	333	bio1	0.814707	1.062095	4.102378
MGYG000002131__gradient_L7_bglucan_gapseq	1253	1402	333	bio1	0.969999	1.088036	4.074956
MGYG000002131__gradient_L8_hmo_gapseq	1253	1402	333	bio1	0.969999	1.004790	4.067461
MGYG000002131__gradient_L9_mos_gapseq	1253	1402	333	bio1	1.041472	1.075550	4.057749
MGYG000002133__gradient_L0_base_gapseq	1381	1581	369	bio1	0.440617	1.154035	5.307347
MGYG000002133__gradient_L1_inulin_gapseq	1381	1581	369	bio1	0.534740	1.101507	5.224345
MGYG000002133__gradient_L2_fos_gapseq	1381	1581	369	bio1	0.534740	1.142408	5.193307
MGYG000002133__gradient_L3_gos_gapseq	1381	1581	369	bio1	0.752906	1.186499	5.151621
MGYG000002133__gradient_L4_xos_gapseq	1381	1581	369	bio1	0.859180	1.225301	5.170249
MGYG000002133__gradient_L5_pectin_gapseq	1381	1581	369	bio1	0.890918	1.154678	5.261211
MGYG000002133__gradient_L6_resistant_starch_gapseq	1381	1581	369	bio1	1.118579	1.130243	5.197265
MGYG000002133__gradient_L7_bglucan_gapseq	1381	1581	369	bio1	1.255363	1.200654	5.199323
MGYG000002133__gradient_L8_hmo_gapseq	1381	1581	369	bio1	1.255363	1.194505	5.207770
MGYG000002133__gradient_L9_mos_gapseq	1381	1581	369	bio1	1.340473	1.130911	5.287354
MGYG000002139__gradient_L0_base_gapseq	825	765	103	bio1	0.000000	0.537569	0.019212
MGYG000002139__gradient_L1_inulin_gapseq	825	765	103	bio1	0.193947	0.611506	1.314996
MGYG000002139__gradient_L2_fos_gapseq	825	765	103	bio1	0.193947	0.541545	1.321729
MGYG000002139__gradient_L3_gos_gapseq	825	765	103	bio1	0.193947	0.537344	1.306925
MGYG000002139__gradient_L4_xos_gapseq	825	765	103	bio1	0.193947	0.606279	1.309571
MGYG000002139__gradient_L5_pectin_gapseq	825	765	103	bio1	0.193947	0.544866	1.319246
MGYG000002139__gradient_L6_resistant_starch_gapseq	825	765	103	bio1	0.193947	0.531436	1.357833
MGYG000002139__gradient_L7_bglucan_gapseq	825	765	103	bio1	0.193947	0.595258	1.299075
MGYG000002139__gradient_L8_hmo_gapseq	825	765	103	bio1	0.193947	0.547312	1.311300
MGYG000002139__gradient_L9_mos_gapseq	825	765	103	bio1	0.193947	0.538438	1.390955
MGYG000002146__gradient_L0_base_gapseq	1156	1260	291	bio1	0.000000	0.915966	0.043228
MGYG000002146__gradient_L1_inulin_gapseq	1156	1260	291	bio1	0.508077	0.915201	3.321480
MGYG000002146__gradient_L2_fos_gapseq	1156	1260	291	bio1	0.508077	0.919191	3.264748
MGYG000002146__gradient_L3_gos_gapseq	1156	1260	291	bio1	0.508077	0.984705	3.261873
MGYG000002146__gradient_L4_xos_gapseq	1156	1260	291	bio1	0.528068	0.923582	3.253808
MGYG000002146__gradient_L5_pectin_gapseq	1156	1260	291	bio1	0.528068	0.974302	3.237261
MGYG000002146__gradient_L6_resistant_starch_gapseq	1156	1260	291	bio1	0.694314	0.915330	3.349613
MGYG000002146__gradient_L7_bglucan_gapseq	1156	1260	291	bio1	0.694314	0.913558	3.265057
MGYG000002146__gradient_L8_hmo_gapseq	1156	1260	291	bio1	0.694314	0.996094	3.258778
MGYG000002146__gradient_L9_mos_gapseq	1156	1260	291	bio1	0.694314	0.927267	3.260014
MGYG000002154__gradient_L0_base_gapseq	1167	1282	355	bio1	0.412444	0.916679	3.464378
MGYG000002154__gradient_L1_inulin_gapseq	1167	1282	355	bio1	0.681884	0.980434	3.455032
MGYG000002154__gradient_L2_fos_gapseq	1167	1282	355	bio1	0.681884	0.917975	3.531392
MGYG000002154__gradient_L3_gos_gapseq	1167	1282	355	bio1	0.910930	0.919052	3.461203
MGYG000002154__gradient_L4_xos_gapseq	1167	1282	355	bio1	0.966139	1.004550	3.437188
MGYG000002154__gradient_L5_pectin_gapseq	1167	1282	355	bio1	0.966139	0.926279	3.530077
MGYG000002154__gradient_L6_resistant_starch_gapseq	1167	1282	355	bio1	1.333654	0.919018	3.458873
MGYG000002154__gradient_L7_bglucan_gapseq	1167	1282	355	bio1	1.333654	0.982323	3.455102
MGYG000002154__gradient_L8_hmo_gapseq	1167	1282	355	bio1	1.333654	0.906674	3.459466
MGYG000002154__gradient_L9_mos_gapseq	1167	1282	355	bio1	1.333654	1.018123	3.467198
MGYG000002159__gradient_L0_base_gapseq	1230	1381	306	bio1	0.277943	1.093330	3.924263
MGYG000002159__gradient_L1_inulin_gapseq	1230	1381	306	bio1	0.441693	1.030894	4.009567
MGYG000002159__gradient_L2_fos_gapseq	1230	1381	306	bio1	0.441693	0.988696	3.929672
MGYG000002159__gradient_L3_gos_gapseq	1230	1381	306	bio1	0.735403	1.098052	3.924573
MGYG000002159__gradient_L4_xos_gapseq	1230	1381	306	bio1	0.735403	1.042767	4.072103
MGYG000002159__gradient_L5_pectin_gapseq	1230	1381	306	bio1	0.735403	1.010392	3.925760
MGYG000002159__gradient_L6_resistant_starch_gapseq	1230	1381	306	bio1	1.349807	1.090957	3.926003
MGYG000002159__gradient_L7_bglucan_gapseq	1230	1381	306	bio1	1.349807	1.015897	4.039770
MGYG000002159__gradient_L8_hmo_gapseq	1230	1381	306	bio1	1.349807	1.021460	3.900892
MGYG000002159__gradient_L9_mos_gapseq	1230	1381	306	bio1	1.349807	1.073768	3.945448
MGYG000002162__gradient_L0_base_gapseq	933	940	258	bio1	0.131955	0.722166	1.962450
MGYG000002162__gradient_L1_inulin_gapseq	933	940	258	bio1	0.131955	0.655131	1.967301
MGYG000002162__gradient_L2_fos_gapseq	933	940	258	bio1	0.131955	0.702373	1.952864
MGYG000002162__gradient_L3_gos_gapseq	933	940	258	bio1	0.131955	0.655891	1.958668
MGYG000002162__gradient_L4_xos_gapseq	933	940	258	bio1	0.131955	0.654818	2.035074
MGYG000002162__gradient_L5_pectin_gapseq	933	940	258	bio1	0.131955	0.658955	2.030525
MGYG000002162__gradient_L6_resistant_starch_gapseq	933	940	258	bio1	0.131955	0.661731	1.957263
MGYG000002162__gradient_L7_bglucan_gapseq	933	940	258	bio1	0.131955	0.704584	1.952433
MGYG000002162__gradient_L8_hmo_gapseq	933	940	258	bio1	0.131955	0.655712	1.950458
MGYG000002162__gradient_L9_mos_gapseq	933	940	258	bio1	0.131955	0.725134	1.943626
MGYG000002166__gradient_L0_base_gapseq	649	604	83	bio1	0.000000	0.402722	0.014548
MGYG000002166__gradient_L1_inulin_gapseq	649	604	83	bio1	0.000000	0.399714	0.014191
MGYG000002166__gradient_L2_fos_gapseq	649	604	83	bio1	0.000000	0.402133	0.014308
MGYG000002166__gradient_L3_gos_gapseq	649	604	83	bio1	0.000000	0.417272	0.014279
MGYG000002166__gradient_L4_xos_gapseq	649	604	83	bio1	0.000000	0.495083	0.014428
MGYG000002166__gradient_L5_pectin_gapseq	649	604	83	bio1	0.000000	0.401862	0.014372
MGYG000002166__gradient_L6_resistant_starch_gapseq	649	604	83	bio1	0.000000	0.403209	0.014406
MGYG000002166__gradient_L7_bglucan_gapseq	649	604	83	bio1	0.000000	0.404164	0.014276
MGYG000002166__gradient_L8_hmo_gapseq	649	604	83	bio1	0.000000	0.404491	0.014292
MGYG000002166__gradient_L9_mos_gapseq	649	604	83	bio1	0.000000	0.481278	0.014503
MGYG000002173__gradient_L0_base_gapseq	1026	1065	204	bio1	0.000000	0.771857	0.036304
MGYG000002173__gradient_L1_inulin_gapseq	1026	1065	204	bio1	0.568026	0.828178	2.426978
MGYG000002173__gradient_L2_fos_gapseq	1026	1065	204	bio1	0.568026	0.824892	2.483364
MGYG000002173__gradient_L3_gos_gapseq	1026	1065	204	bio1	0.695498	0.824743	2.417434
MGYG000002173__gradient_L4_xos_gapseq	1026	1065	204	bio1	0.801182	0.739971	2.427864
MGYG000002173__gradient_L5_pectin_gapseq	1026	1065	204	bio1	0.801182	0.807706	2.425592
MGYG000002173__gradient_L6_resistant_starch_gapseq	1026	1065	204	bio1	0.994383	0.787030	2.426803
MGYG000002173__gradient_L7_bglucan_gapseq	1026	1065	204	bio1	0.994383	0.853103	2.433041
MGYG000002173__gradient_L8_hmo_gapseq	1026	1065	204	bio1	0.994383	0.793932	2.421962
MGYG000002173__gradient_L9_mos_gapseq	1026	1065	204	bio1	0.994383	0.868654	2.425079
MGYG000002187__gradient_L0_base_gapseq	1166	1324	328	bio1	0.730744	0.936500	3.668459
MGYG000002187__gradient_L1_inulin_gapseq	1166	1324	328	bio1	1.024688	1.018118	3.731273
MGYG000002187__gradient_L2_fos_gapseq	1166	1324	328	bio1	1.024688	0.977805	3.795407
MGYG000002187__gradient_L3_gos_gapseq	1166	1324	328	bio1	1.318094	0.937303	3.693216
MGYG000002187__gradient_L4_xos_gapseq	1166	1324	328	bio1	1.318094	0.994427	3.720180
MGYG000002187__gradient_L5_pectin_gapseq	1166	1324	328	bio1	1.318094	0.928809	3.696161
MGYG000002187__gradient_L6_resistant_starch_gapseq	1166	1324	328	bio1	1.933802	1.038985	3.693219
MGYG000002187__gradient_L7_bglucan_gapseq	1166	1324	328	bio1	1.933802	0.950506	3.781529
MGYG000002187__gradient_L8_hmo_gapseq	1166	1324	328	bio1	1.933802	0.970333	3.700862
MGYG000002187__gradient_L9_mos_gapseq	1166	1324	328	bio1	2.076060	0.995905	3.714711
MGYG000002197__gradient_L0_base_gapseq	931	986	218	bio1	0.144401	0.681074	2.023220
MGYG000002197__gradient_L1_inulin_gapseq	931	986	218	bio1	0.282677	0.693212	2.116400
MGYG000002197__gradient_L2_fos_gapseq	931	986	218	bio1	0.282677	0.683983	2.014754
MGYG000002197__gradient_L3_gos_gapseq	931	986	218	bio1	0.282677	0.687552	2.097462
MGYG000002197__gradient_L4_xos_gapseq	931	986	218	bio1	0.302172	0.667428	2.026691
MGYG000002197__gradient_L5_pectin_gapseq	931	986	218	bio1	0.302172	0.686940	2.027453
MGYG000002197__gradient_L6_resistant_starch_gapseq	931	986	218	bio1	0.302172	0.748585	2.028141
MGYG000002197__gradient_L7_bglucan_gapseq	931	986	218	bio1	0.302172	0.679223	2.034072
MGYG000002197__gradient_L8_hmo_gapseq	931	986	218	bio1	0.302172	0.732438	2.018975
MGYG000002197__gradient_L9_mos_gapseq	931	986	218	bio1	0.302172	0.680052	2.025855
MGYG000002227__gradient_L0_base_gapseq	1246	1375	279	bio1	0.000000	0.960277	0.052552
MGYG000002227__gradient_L1_inulin_gapseq	1246	1375	279	bio1	0.537892	1.046884	3.969593
MGYG000002227__gradient_L2_fos_gapseq	1246	1375	279	bio1	0.537892	0.980978	4.064107
MGYG000002227__gradient_L3_gos_gapseq	1246	1375	279	bio1	0.537892	0.976132	3.962009
MGYG000002227__gradient_L4_xos_gapseq	1246	1375	279	bio1	0.537892	1.049617	3.954721
MGYG000002227__gradient_L5_pectin_gapseq	1246	1375	279	bio1	0.537892	0.965443	4.059263
MGYG000002227__gradient_L6_resistant_starch_gapseq	1246	1375	279	bio1	1.249844	0.961114	3.976917
MGYG000002227__gradient_L7_bglucan_gapseq	1246	1375	279	bio1	1.483816	1.043570	3.982022
MGYG000002227__gradient_L8_hmo_gapseq	1246	1375	279	bio1	1.483816	1.008868	4.048080
MGYG000002227__gradient_L9_mos_gapseq	1246	1375	279	bio1	1.611801	0.977398	3.958554
MGYG000002244__gradient_L0_base_gapseq	675	638	54	bio1	0.000000	0.421045	0.013388
MGYG000002244__gradient_L1_inulin_gapseq	675	638	54	bio1	0.000000	0.424556	0.015652
MGYG000002244__gradient_L2_fos_gapseq	675	638	54	bio1	0.000000	0.503891	0.015863
MGYG000002244__gradient_L3_gos_gapseq	675	638	54	bio1	0.000000	0.421883	0.016117
MGYG000002244__gradient_L4_xos_gapseq	675	638	54	bio1	0.000000	0.421789	0.015963
MGYG000002244__gradient_L5_pectin_gapseq	675	638	54	bio1	0.000000	0.427311	0.015944
MGYG000002244__gradient_L6_resistant_starch_gapseq	675	638	54	bio1	0.000000	0.424046	0.015856
MGYG000002244__gradient_L7_bglucan_gapseq	675	638	54	bio1	0.000000	0.440730	0.015842
MGYG000002244__gradient_L8_hmo_gapseq	675	638	54	bio1	0.000000	0.524035	0.016083
MGYG000002244__gradient_L9_mos_gapseq	675	638	54	bio1	0.000000	0.435892	0.015933
MGYG000002248__gradient_L0_base_gapseq	603	551	82	bio1	0.000000	0.367175	0.011660
MGYG000002248__gradient_L1_inulin_gapseq	603	551	82	bio1	0.059932	0.371386	0.750568
MGYG000002248__gradient_L2_fos_gapseq	603	551	82	bio1	0.059932	0.363270	0.751859
MGYG000002248__gradient_L3_gos_gapseq	603	551	82	bio1	0.059932	0.456653	0.750853
MGYG000002248__gradient_L4_xos_gapseq	603	551	82	bio1	0.059932	0.369695	0.749158
MGYG000002248__gradient_L5_pectin_gapseq	603	551	82	bio1	0.059932	0.364367	0.748176
MGYG000002248__gradient_L6_resistant_starch_gapseq	603	551	82	bio1	0.059932	0.371273	0.747731
MGYG000002248__gradient_L7_bglucan_gapseq	603	551	82	bio1	0.059932	0.431948	0.747957
MGYG000002248__gradient_L8_hmo_gapseq	603	551	82	bio1	0.059932	0.368322	0.754562
MGYG000002248__gradient_L9_mos_gapseq	603	551	82	bio1	0.059932	0.364624	0.749138
MGYG000002258__gradient_L0_base_gapseq	1191	1286	293	bio1	0.000000	0.976665	0.045094
MGYG000002258__gradient_L1_inulin_gapseq	1191	1286	293	bio1	0.312471	0.940675	3.344668
MGYG000002258__gradient_L2_fos_gapseq	1191	1286	293	bio1	0.312471	0.966729	3.346259
MGYG000002258__gradient_L3_gos_gapseq	1191	1286	293	bio1	0.399156	0.919461	3.394235
MGYG000002258__gradient_L4_xos_gapseq	1191	1286	293	bio1	0.399156	0.920069	3.320455
MGYG000002258__gradient_L5_pectin_gapseq	1191	1286	293	bio1	0.432029	0.987201	3.379486
MGYG000002258__gradient_L6_resistant_starch_gapseq	1191	1286	293	bio1	0.749013	0.924989	3.335388
MGYG000002258__gradient_L7_bglucan_gapseq	1191	1286	293	bio1	0.868763	0.981129	3.344692
MGYG000002258__gradient_L8_hmo_gapseq	1191	1286	293	bio1	0.868763	0.927970	3.399132
MGYG000002258__gradient_L9_mos_gapseq	1191	1286	293	bio1	0.868763	0.914538	3.324303
MGYG000002278__gradient_L0_base_gapseq	1561	1815	480	bio1	1.297223	1.419201	6.738746
MGYG000002278__gradient_L1_inulin_gapseq	1561	1815	480	bio1	1.457375	1.380331	6.666348
MGYG000002278__gradient_L2_fos_gapseq	1561	1815	480	bio1	1.457375	1.361974	6.869031
MGYG000002278__gradient_L3_gos_gapseq	1561	1815	480	bio1	1.811712	1.356180	6.782138
MGYG000002278__gradient_L4_xos_gapseq	1561	1815	480	bio1	1.890582	1.339810	6.769953
MGYG000002278__gradient_L5_pectin_gapseq	1561	1815	480	bio1	1.890582	1.344515	6.797258
MGYG000002278__gradient_L6_resistant_starch_gapseq	1561	1815	480	bio1	2.585829	1.355689	6.778174
MGYG000002278__gradient_L7_bglucan_gapseq	1561	1815	480	bio1	2.815202	1.362007	6.669737
MGYG000002278__gradient_L8_hmo_gapseq	1561	1815	480	bio1	2.975960	1.404062	6.691718
MGYG000002278__gradient_L9_mos_gapseq	1561	1815	480	bio1	2.975960	1.391843	6.696643
MGYG000002298__gradient_L0_base_gapseq	1471	1730	546	bio1	1.003893	1.317156	5.982375
MGYG000002298__gradient_L1_inulin_gapseq	1471	1730	546	bio1	1.285690	1.254176	6.077314
MGYG000002298__gradient_L2_fos_gapseq	1471	1730	546	bio1	1.285690	1.244254	6.135620
MGYG000002298__gradient_L3_gos_gapseq	1471	1730	546	bio1	1.569689	1.254374	6.021941
MGYG000002298__gradient_L4_xos_gapseq	1471	1730	546	bio1	1.642340	1.247845	5.967805
MGYG000002298__gradient_L5_pectin_gapseq	1471	1730	546	bio1	1.642340	1.366489	5.982060
MGYG000002298__gradient_L6_resistant_starch_gapseq	1471	1730	546	bio1	2.248885	1.331730	5.950955
MGYG000002298__gradient_L7_bglucan_gapseq	1471	1730	546	bio1	2.450409	1.334562	5.945730
MGYG000002298__gradient_L8_hmo_gapseq	1471	1730	546	bio1	2.596441	1.339956	5.921180
MGYG000002298__gradient_L9_mos_gapseq	1471	1730	546	bio1	2.596441	1.326689	6.014406
MGYG000002308__gradient_L0_base_gapseq	1223	1296	338	bio1	0.199489	1.025483	3.605648
MGYG000002308__gradient_L1_inulin_gapseq	1223	1296	338	bio1	0.257152	0.951653	3.692964
MGYG000002308__gradient_L2_fos_gapseq	1223	1296	338	bio1	0.257152	0.926647	3.619088
MGYG000002308__gradient_L3_gos_gapseq	1223	1296	338	bio1	0.257152	0.992317	3.617949
MGYG000002308__gradient_L4_xos_gapseq	1223	1296	338	bio1	0.257152	0.958852	3.696342
MGYG000002308__gradient_L5_pectin_gapseq	1223	1296	338	bio1	0.257152	0.947458	3.623622
MGYG000002308__gradient_L6_resistant_starch_gapseq	1223	1296	338	bio1	0.257152	1.015390	3.616010
MGYG000002308__gradient_L7_bglucan_gapseq	1223	1296	338	bio1	0.257152	0.946761	3.618410
MGYG000002308__gradient_L8_hmo_gapseq	1223	1296	338	bio1	0.257152	1.010824	3.594960
MGYG000002308__gradient_L9_mos_gapseq	1223	1296	338	bio1	0.257152	0.936057	3.703421
MGYG000002309__gradient_L0_base_gapseq	1716	2014	539	bio1	0.000000	1.556065	0.105189
MGYG000002309__gradient_L1_inulin_gapseq	1716	2014	539	bio1	0.000000	1.529266	0.105967
MGYG000002309__gradient_L2_fos_gapseq	1716	2014	539	bio1	0.000000	1.517052	0.105285
MGYG000002309__gradient_L3_gos_gapseq	1716	2014	539	bio1	0.000000	1.623376	0.108575
MGYG000002309__gradient_L4_xos_gapseq	1716	2014	539	bio1	0.000000	1.633666	0.105849
MGYG000002309__gradient_L5_pectin_gapseq	1716	2014	539	bio1	0.000000	1.580907	0.104847
MGYG000002309__gradient_L6_resistant_starch_gapseq	1716	2014	539	bio1	0.000000	1.467082	0.104240
MGYG000002309__gradient_L7_bglucan_gapseq	1716	2014	539	bio1	0.000000	1.586869	0.104313
MGYG000002309__gradient_L8_hmo_gapseq	1716	2014	539	bio1	0.000000	1.596736	0.104465
MGYG000002309__gradient_L9_mos_gapseq	1716	2014	539	bio1	0.000000	1.488316	0.104679
MGYG000002321__gradient_L0_base_gapseq	1343	1501	331	bio1	0.000000	1.235512	0.055400
MGYG000002321__gradient_L1_inulin_gapseq	1343	1501	331	bio1	0.000000	1.079429	0.055478
MGYG000002321__gradient_L2_fos_gapseq	1343	1501	331	bio1	0.000000	1.189231	0.056624
MGYG000002321__gradient_L3_gos_gapseq	1343	1501	331	bio1	0.000000	1.032863	0.059783
MGYG000002321__gradient_L4_xos_gapseq	1343	1501	331	bio1	0.934241	1.212092	4.445782
MGYG000002321__gradient_L5_pectin_gapseq	1343	1501	331	bio1	0.934241	1.238303	4.453702
MGYG000002321__gradient_L6_resistant_starch_gapseq	1343	1501	331	bio1	1.548564	1.121355	4.536339
MGYG000002321__gradient_L7_bglucan_gapseq	1343	1501	331	bio1	1.754010	1.065370	4.478628
MGYG000002321__gradient_L8_hmo_gapseq	1343	1501	331	bio1	1.754010	1.176350	4.458931
MGYG000002321__gradient_L9_mos_gapseq	1343	1501	331	bio1	1.895392	1.177949	4.488392
MGYG000002322	0	0	0	NONE	0.000000	0.000000	0.000000
MGYG000002333__gradient_L0_base_gapseq	1218	1332	367	bio1	0.282614	0.963519	3.758225
MGYG000002333__gradient_L1_inulin_gapseq	1218	1332	367	bio1	0.282614	1.034712	3.769885
MGYG000002333__gradient_L2_fos_gapseq	1218	1332	367	bio1	0.282614	0.956812	3.854794
MGYG000002333__gradient_L3_gos_gapseq	1218	1332	367	bio1	0.282614	0.959854	3.788747
MGYG000002333__gradient_L4_xos_gapseq	1218	1332	367	bio1	0.282614	1.022629	3.778800
MGYG000002333__gradient_L5_pectin_gapseq	1218	1332	367	bio1	0.282614	0.957282	3.864780
MGYG000002333__gradient_L6_resistant_starch_gapseq	1218	1332	367	bio1	0.282614	0.968518	3.786871
MGYG000002333__gradient_L7_bglucan_gapseq	1218	1332	367	bio1	0.282614	1.018020	3.791430
MGYG000002333__gradient_L8_hmo_gapseq	1218	1332	367	bio1	0.282614	0.979219	3.863337
MGYG000002333__gradient_L9_mos_gapseq	1218	1332	367	bio1	0.282614	0.969469	3.788267
MGYG000002335__gradient_L0_base_gapseq	2155	2649	1068	bio1	1.575100	2.128365	13.929461
MGYG000002335__gradient_L1_inulin_gapseq	2155	2649	1068	bio1	1.872434	1.969023	14.066081
MGYG000002335__gradient_L2_fos_gapseq	2155	2649	1068	bio1	1.872434	1.960581	14.115848
MGYG000002335__gradient_L3_gos_gapseq	2155	2649	1068	bio1	2.201789	2.019970	14.154987
MGYG000002335__gradient_L4_xos_gapseq	2155	2649	1068	bio1	2.363813	2.015044	13.991251
MGYG000002335__gradient_L5_pectin_gapseq	2155	2649	1068	bio1	2.363813	2.082303	13.960396
MGYG000002335__gradient_L6_resistant_starch_gapseq	2155	2649	1068	bio1	2.978717	1.940065	14.062231
MGYG000002335__gradient_L7_bglucan_gapseq	2155	2649	1068	bio1	3.187911	2.038385	14.061428
MGYG000002335__gradient_L8_hmo_gapseq	2155	2649	1068	bio1	3.187911	2.027681	13.883437
MGYG000002335__gradient_L9_mos_gapseq	2155	2649	1068	bio1	3.195793	2.038680	13.913714
MGYG000002337__gradient_L0_base_gapseq	1818	2218	572	bio1	1.257562	1.668065	9.412165
MGYG000002337__gradient_L1_inulin_gapseq	1818	2218	572	bio1	1.527445	1.635283	9.532573
MGYG000002337__gradient_L2_fos_gapseq	1818	2218	572	bio1	1.527445	1.647037	9.379014
MGYG000002337__gradient_L3_gos_gapseq	1818	2218	572	bio1	1.734750	1.716741	9.440912
MGYG000002337__gradient_L4_xos_gapseq	1818	2218	572	bio1	1.797551	1.809747	9.392419
MGYG000002337__gradient_L5_pectin_gapseq	1818	2218	572	bio1	1.797551	1.676185	9.586996
MGYG000002337__gradient_L6_resistant_starch_gapseq	1818	2218	572	bio1	2.366538	1.668904	9.427767
MGYG000002337__gradient_L7_bglucan_gapseq	1818	2218	572	bio1	2.557686	1.663089	9.496528
MGYG000002337__gradient_L8_hmo_gapseq	1818	2218	572	bio1	2.557686	1.670264	9.416855
MGYG000002337__gradient_L9_mos_gapseq	1818	2218	572	bio1	2.689573	1.691944	9.652934
MGYG000002340__gradient_L0_base_gapseq	1547	1737	507	bio1	0.656040	1.349982	6.167938
MGYG000002340__gradient_L1_inulin_gapseq	1547	1737	507	bio1	0.656040	1.316037	6.130985
MGYG000002340__gradient_L2_fos_gapseq	1547	1737	507	bio1	0.656040	1.420929	6.229123
MGYG000002340__gradient_L3_gos_gapseq	1547	1737	507	bio1	0.786501	1.394639	6.110441
MGYG000002340__gradient_L4_xos_gapseq	1547	1737	507	bio1	0.786501	1.275202	6.242965
MGYG000002340__gradient_L5_pectin_gapseq	1547	1737	507	bio1	0.786501	1.273343	6.216414
MGYG000002340__gradient_L6_resistant_starch_gapseq	1547	1737	507	bio1	1.484166	1.271281	6.213577
MGYG000002340__gradient_L7_bglucan_gapseq	1547	1737	507	bio1	1.484166	1.269764	6.143284
MGYG000002340__gradient_L8_hmo_gapseq	1547	1737	507	bio1	1.649897	1.351475	6.154814
MGYG000002340__gradient_L9_mos_gapseq	1547	1737	507	bio1	1.649897	1.350529	6.169954
MGYG000002341__gradient_L0_base_gapseq	1829	2050	637	bio1	0.525399	1.683366	8.467647
MGYG000002341__gradient_L1_inulin_gapseq	1829	2050	637	bio1	0.639619	1.604921	8.519773
MGYG000002341__gradient_L2_fos_gapseq	1829	2050	637	bio1	0.639619	1.653327	8.575480
MGYG000002341__gradient_L3_gos_gapseq	1829	2050	637	bio1	0.639619	1.533792	8.571450
MGYG000002341__gradient_L4_xos_gapseq	1829	2050	637	bio1	0.639619	1.532843	8.564194
MGYG000002341__gradient_L5_pectin_gapseq	1829	2050	637	bio1	0.639619	1.536626	8.516381
MGYG000002341__gradient_L6_resistant_starch_gapseq	1829	2050	637	bio1	0.639619	1.622771	8.487475
MGYG000002341__gradient_L7_bglucan_gapseq	1829	2050	637	bio1	0.639619	1.644867	8.472880
MGYG000002341__gradient_L8_hmo_gapseq	1829	2050	637	bio1	0.639619	1.640850	8.479660
MGYG000002341__gradient_L9_mos_gapseq	1829	2050	637	bio1	0.639619	1.646797	8.519402
MGYG000002346__gradient_L0_base_gapseq	2033	2281	777	bio1	0.563956	1.835252	10.094239
MGYG000002346__gradient_L1_inulin_gapseq	2033	2281	777	bio1	0.686430	1.822993	10.106647
MGYG000002346__gradient_L2_fos_gapseq	2033	2281	777	bio1	0.686430	1.738899	10.188895
MGYG000002346__gradient_L3_gos_gapseq	2033	2281	777	bio1	0.686430	1.739219	10.216965
MGYG000002346__gradient_L4_xos_gapseq	2033	2281	777	bio1	0.686430	1.735358	10.233250
MGYG000002346__gradient_L5_pectin_gapseq	2033	2281	777	bio1	0.686430	1.748504	10.175874
MGYG000002346__gradient_L6_resistant_starch_gapseq	2033	2281	777	bio1	0.781620	1.812690	10.165875
MGYG000002346__gradient_L7_bglucan_gapseq	2033	2281	777	bio1	0.781620	1.744873	10.236701
MGYG000002346__gradient_L8_hmo_gapseq	2033	2281	777	bio1	0.781620	1.758051	10.250369
MGYG000002346__gradient_L9_mos_gapseq	2033	2281	777	bio1	0.781620	1.774105	10.283398
MGYG000002353__gradient_L0_base_gapseq	1416	1759	499	bio1	0.933620	1.292920	6.265817
MGYG000002353__gradient_L1_inulin_gapseq	1416	1759	499	bio1	1.158915	1.247178	6.238930
MGYG000002353__gradient_L2_fos_gapseq	1416	1759	499	bio1	1.158915	1.238369	6.223378
MGYG000002353__gradient_L3_gos_gapseq	1416	1759	499	bio1	1.406275	1.327631	6.145800
MGYG000002353__gradient_L4_xos_gapseq	1416	1759	499	bio1	1.468114	1.334973	6.198658
MGYG000002353__gradient_L5_pectin_gapseq	1416	1759	499	bio1	1.500180	1.330964	6.142329
MGYG000002353__gradient_L6_resistant_starch_gapseq	1416	1759	499	bio1	2.022383	1.338269	6.189738
MGYG000002353__gradient_L7_bglucan_gapseq	1416	1759	499	bio1	2.194160	1.335868	6.212849
MGYG000002353__gradient_L8_hmo_gapseq	1416	1759	499	bio1	2.194160	1.267220	6.280065
MGYG000002353__gradient_L9_mos_gapseq	1416	1759	499	bio1	2.304098	1.223083	6.232132
MGYG000002364__gradient_L0_base_gapseq	1343	1439	390	bio1	0.200142	1.058992	4.276770
MGYG000002364__gradient_L1_inulin_gapseq	1343	1439	390	bio1	0.327512	1.166345	4.255559
MGYG000002364__gradient_L2_fos_gapseq	1343	1439	390	bio1	0.327512	1.148641	4.231398
MGYG000002364__gradient_L3_gos_gapseq	1343	1439	390	bio1	0.327512	1.069972	4.336524
MGYG000002364__gradient_L4_xos_gapseq	1343	1439	390	bio1	0.327512	1.040114	4.230128
MGYG000002364__gradient_L5_pectin_gapseq	1343	1439	390	bio1	0.327512	1.131178	4.223641
MGYG000002364__gradient_L6_resistant_starch_gapseq	1343	1439	390	bio1	0.327512	1.080984	4.303811
MGYG000002364__gradient_L7_bglucan_gapseq	1343	1439	390	bio1	0.327512	1.068326	4.255491
MGYG000002364__gradient_L8_hmo_gapseq	1343	1439	390	bio1	0.327512	1.119722	4.259670
MGYG000002364__gradient_L9_mos_gapseq	1343	1439	390	bio1	0.327512	1.139689	4.236267
MGYG000002383__gradient_L0_base_gapseq	1528	1844	505	bio1	0.874482	1.431200	6.819858
MGYG000002383__gradient_L1_inulin_gapseq	1528	1844	505	bio1	1.101803	1.393075	6.816242
MGYG000002383__gradient_L2_fos_gapseq	1528	1844	505	bio1	1.101803	1.399391	6.856333
MGYG000002383__gradient_L3_gos_gapseq	1528	1844	505	bio1	1.324486	1.435545	6.788959
MGYG000002383__gradient_L4_xos_gapseq	1528	1844	505	bio1	1.449745	1.411945	6.814565
MGYG000002383__gradient_L5_pectin_gapseq	1528	1844	505	bio1	1.482219	1.402877	6.833926
MGYG000002383__gradient_L6_resistant_starch_gapseq	1528	1844	505	bio1	2.011090	1.420861	6.808859
MGYG000002383__gradient_L7_bglucan_gapseq	1528	1844	505	bio1	2.185060	1.412047	6.813127
MGYG000002383__gradient_L8_hmo_gapseq	1528	1844	505	bio1	2.185060	1.399477	6.817100
MGYG000002383__gradient_L9_mos_gapseq	1528	1844	505	bio1	2.296401	1.406822	6.917227
MGYG000002385__gradient_L0_base_gapseq	2051	2431	894	bio1	1.422820	1.866295	11.668023
MGYG000002385__gradient_L1_inulin_gapseq	2051	2431	894	bio1	1.586319	1.795693	11.531277
MGYG000002385__gradient_L2_fos_gapseq	2051	2431	894	bio1	1.586319	1.772061	11.562629
MGYG000002385__gradient_L3_gos_gapseq	2051	2431	894	bio1	1.682667	1.862443	11.502290
MGYG000002385__gradient_L4_xos_gapseq	2051	2431	894	bio1	1.873902	1.845554	11.623895
MGYG000002385__gradient_L5_pectin_gapseq	2051	2431	894	bio1	1.873902	1.777751	11.693907
MGYG000002385__gradient_L6_resistant_starch_gapseq	2051	2431	894	bio1	2.276100	1.859605	11.621132
MGYG000002385__gradient_L7_bglucan_gapseq	2051	2431	894	bio1	2.276100	1.784063	11.652876
MGYG000002385__gradient_L8_hmo_gapseq	2051	2431	894	bio1	2.276100	1.847758	11.519018
MGYG000002385__gradient_L9_mos_gapseq	2051	2431	894	bio1	2.276100	1.837576	11.646280
MGYG000002387__gradient_L0_base_gapseq	1191	1387	316	bio1	0.387535	0.994882	4.000677
MGYG000002387__gradient_L1_inulin_gapseq	1191	1387	316	bio1	0.546528	1.079578	3.966757
MGYG000002387__gradient_L2_fos_gapseq	1191	1387	316	bio1	0.546528	1.077879	3.977432
MGYG000002387__gradient_L3_gos_gapseq	1191	1387	316	bio1	0.665773	0.993600	3.980907
MGYG000002387__gradient_L4_xos_gapseq	1191	1387	316	bio1	0.665773	1.088660	3.972689
MGYG000002387__gradient_L5_pectin_gapseq	1191	1387	316	bio1	0.665773	1.077230	3.984553
MGYG000002387__gradient_L6_resistant_starch_gapseq	1191	1387	316	bio1	1.025071	0.987853	4.068957
MGYG000002387__gradient_L7_bglucan_gapseq	1191	1387	316	bio1	1.025071	1.005636	3.980072
MGYG000002387__gradient_L8_hmo_gapseq	1191	1387	316	bio1	1.025071	1.102683	3.983978
MGYG000002387__gradient_L9_mos_gapseq	1191	1387	316	bio1	1.102254	1.007760	4.067651
MGYG000002389__gradient_L0_base_gapseq	1385	1663	386	bio1	0.671226	1.185463	5.465392
MGYG000002389__gradient_L1_inulin_gapseq	1385	1663	386	bio1	0.830013	1.202002	5.386988
MGYG000002389__gradient_L2_fos_gapseq	1385	1663	386	bio1	0.830013	1.276565	5.390617
MGYG000002389__gradient_L3_gos_gapseq	1385	1663	386	bio1	0.974365	1.279527	5.374206
MGYG000002389__gradient_L4_xos_gapseq	1385	1663	386	bio1	1.024888	1.263309	5.372999
MGYG000002389__gradient_L5_pectin_gapseq	1385	1663	386	bio1	1.024888	1.194956	5.461212
MGYG000002389__gradient_L6_resistant_starch_gapseq	1385	1663	386	bio1	1.378550	1.201793	5.473612
MGYG000002389__gradient_L7_bglucan_gapseq	1385	1663	386	bio1	1.501249	1.201704	5.403012
MGYG000002389__gradient_L8_hmo_gapseq	1385	1663	386	bio1	1.501249	1.277096	5.412063
MGYG000002389__gradient_L9_mos_gapseq	1385	1663	386	bio1	1.578237	1.251652	5.374151
MGYG000002395__gradient_L0_base_gapseq	1233	1517	346	bio1	0.000000	1.079699	0.056807
MGYG000002395__gradient_L1_inulin_gapseq	1233	1517	346	bio1	0.000000	1.139879	0.058195
MGYG000002395__gradient_L2_fos_gapseq	1233	1517	346	bio1	0.000000	1.135797	0.059125
MGYG000002395__gradient_L3_gos_gapseq	1233	1517	346	bio1	0.836133	1.174361	4.652402
MGYG000002395__gradient_L4_xos_gapseq	1233	1517	346	bio1	0.898325	1.075891	4.822687
MGYG000002395__gradient_L5_pectin_gapseq	1233	1517	346	bio1	0.898325	1.064328	4.609628
MGYG000002395__gradient_L6_resistant_starch_gapseq	1233	1517	346	bio1	1.391730	1.184892	4.618223
MGYG000002395__gradient_L7_bglucan_gapseq	1233	1517	346	bio1	1.559815	1.164492	4.614610
MGYG000002395__gradient_L8_hmo_gapseq	1233	1517	346	bio1	1.559815	1.131091	4.702963
MGYG000002395__gradient_L9_mos_gapseq	1233	1517	346	bio1	1.559815	1.082565	4.605139
MGYG000002399__gradient_L0_base_gapseq	1705	2049	496	bio1	1.107029	1.571780	8.189610
MGYG000002399__gradient_L1_inulin_gapseq	1705	2049	496	bio1	1.370739	1.550233	8.219420
MGYG000002399__gradient_L2_fos_gapseq	1705	2049	496	bio1	1.370739	1.570520	8.224683
MGYG000002399__gradient_L3_gos_gapseq	1705	2049	496	bio1	1.569196	1.563247	8.308687
MGYG000002399__gradient_L4_xos_gapseq	1705	2049	496	bio1	1.650199	1.564777	8.287219
MGYG000002399__gradient_L5_pectin_gapseq	1705	2049	496	bio1	1.650199	1.581703	8.293381
MGYG000002399__gradient_L6_resistant_starch_gapseq	1705	2049	496	bio1	2.233823	1.558461	8.285162
MGYG000002399__gradient_L7_bglucan_gapseq	1705	2049	496	bio1	2.427840	1.570055	8.348133
MGYG000002399__gradient_L8_hmo_gapseq	1705	2049	496	bio1	2.427840	1.478001	8.287052
MGYG000002399__gradient_L9_mos_gapseq	1705	2049	496	bio1	2.552662	1.462936	8.338939
MGYG000002406__gradient_L0_base_gapseq	1656	1954	570	bio1	0.378110	1.558737	7.236977
MGYG000002406__gradient_L1_inulin_gapseq	1656	1954	570	bio1	0.611328	1.496964	7.283088
MGYG000002406__gradient_L2_fos_gapseq	1656	1954	570	bio1	0.611328	1.508929	7.291936
MGYG000002406__gradient_L3_gos_gapseq	1656	1954	570	bio1	0.704139	1.559349	7.196172
MGYG000002406__gradient_L4_xos_gapseq	1656	1954	570	bio1	0.763589	1.528502	7.209098
MGYG000002406__gradient_L5_pectin_gapseq	1656	1954	570	bio1	0.763589	1.530480	7.234935
MGYG000002406__gradient_L6_resistant_starch_gapseq	1656	1954	570	bio1	1.254936	1.528830	7.272729
MGYG000002406__gradient_L7_bglucan_gapseq	1656	1954	570	bio1	1.254936	1.516186	7.273349
MGYG000002406__gradient_L8_hmo_gapseq	1656	1954	570	bio1	1.254936	1.506811	7.271756
MGYG000002406__gradient_L9_mos_gapseq	1656	1954	570	bio1	1.356774	1.528657	7.305102
MGYG000002420__gradient_L0_base_gapseq	1403	1575	406	bio1	0.393784	1.226478	5.130262
MGYG000002420__gradient_L1_inulin_gapseq	1403	1575	406	bio1	0.393784	1.231252	5.122721
MGYG000002420__gradient_L2_fos_gapseq	1403	1575	406	bio1	0.393784	1.152231	5.198450
MGYG000002420__gradient_L3_gos_gapseq	1403	1575	406	bio1	0.393784	1.121730	5.199231
MGYG000002420__gradient_L4_xos_gapseq	1403	1575	406	bio1	0.405947	1.152952	5.145691
MGYG000002420__gradient_L5_pectin_gapseq	1403	1575	406	bio1	0.405947	1.229349	5.140695
MGYG000002420__gradient_L6_resistant_starch_gapseq	1403	1575	406	bio1	0.951763	1.237860	5.139379
MGYG000002420__gradient_L7_bglucan_gapseq	1403	1575	406	bio1	1.127090	1.158328	5.226613
MGYG000002420__gradient_L8_hmo_gapseq	1403	1575	406	bio1	1.127090	1.162523	5.147904
MGYG000002420__gradient_L9_mos_gapseq	1403	1575	406	bio1	1.127090	1.211296	5.127603
MGYG000002423	0	0	0	NONE	0.000000	0.000000	0.000000
MGYG000002426__gradient_L0_base_gapseq	1280	1362	346	bio1	0.287388	1.081982	3.992970
MGYG000002426__gradient_L1_inulin_gapseq	1280	1362	346	bio1	0.435422	0.990010	4.051484
MGYG000002426__gradient_L2_fos_gapseq	1280	1362	346	bio1	0.435422	1.015932	3.966297
MGYG000002426__gradient_L3_gos_gapseq	1280	1362	346	bio1	0.435422	1.089308	3.977418
MGYG000002426__gradient_L4_xos_gapseq	1280	1362	346	bio1	0.435422	1.002318	4.126138
MGYG000002426__gradient_L5_pectin_gapseq	1280	1362	346	bio1	0.435422	1.013255	4.003596
MGYG000002426__gradient_L6_resistant_starch_gapseq	1280	1362	346	bio1	0.435422	1.087174	3.989656
MGYG000002426__gradient_L7_bglucan_gapseq	1280	1362	346	bio1	0.435422	1.011982	4.055431
MGYG000002426__gradient_L8_hmo_gapseq	1280	1362	346	bio1	0.435422	1.009302	3.979396
MGYG000002426__gradient_L9_mos_gapseq	1280	1362	346	bio1	0.435422	1.083438	3.975075
MGYG000002431__gradient_L0_base_gapseq	1285	1374	349	bio1	0.287388	1.115370	3.910479
MGYG000002431__gradient_L1_inulin_gapseq	1285	1374	349	bio1	0.435422	1.090460	3.891818
MGYG000002431__gradient_L2_fos_gapseq	1285	1374	349	bio1	0.435422	1.012281	3.990965
MGYG000002431__gradient_L3_gos_gapseq	1285	1374	349	bio1	0.435422	1.015024	3.958271
MGYG000002431__gradient_L4_xos_gapseq	1285	1374	349	bio1	0.435422	1.077911	3.891889
MGYG000002431__gradient_L5_pectin_gapseq	1285	1374	349	bio1	0.435422	0.993767	3.980540
MGYG000002431__gradient_L6_resistant_starch_gapseq	1285	1374	349	bio1	0.435422	1.001565	3.910154
MGYG000002431__gradient_L7_bglucan_gapseq	1285	1374	349	bio1	0.435422	1.080608	3.908979
MGYG000002431__gradient_L8_hmo_gapseq	1285	1374	349	bio1	0.435422	1.012916	3.980169
MGYG000002431__gradient_L9_mos_gapseq	1285	1374	349	bio1	0.435422	1.016137	3.914038
MGYG000002435__gradient_L0_base_gapseq	1265	1369	343	bio1	0.267979	1.007365	4.006477
MGYG000002435__gradient_L1_inulin_gapseq	1265	1369	343	bio1	0.405279	1.113721	4.014222
MGYG000002435__gradient_L2_fos_gapseq	1265	1369	343	bio1	0.405279	1.005574	4.094476
MGYG000002435__gradient_L3_gos_gapseq	1265	1369	343	bio1	0.405279	1.002300	4.058645
MGYG000002435__gradient_L4_xos_gapseq	1265	1369	343	bio1	0.405279	1.070095	4.006404
MGYG000002435__gradient_L5_pectin_gapseq	1265	1369	343	bio1	0.405279	0.973794	4.076410
MGYG000002435__gradient_L6_resistant_starch_gapseq	1265	1369	343	bio1	0.405279	1.001047	3.997921
MGYG000002435__gradient_L7_bglucan_gapseq	1265	1369	343	bio1	0.405279	1.055616	3.994235
MGYG000002435__gradient_L8_hmo_gapseq	1265	1369	343	bio1	0.405279	1.088662	3.997654
MGYG000002435__gradient_L9_mos_gapseq	1265	1369	343	bio1	0.405279	1.002705	4.000319
MGYG000002447__gradient_L0_base_gapseq	1319	1385	383	bio1	0.229282	1.127388	4.068583
MGYG000002447__gradient_L1_inulin_gapseq	1319	1385	383	bio1	0.296972	1.040343	4.119374
MGYG000002447__gradient_L2_fos_gapseq	1319	1385	383	bio1	0.296972	1.046782	4.032504
MGYG000002447__gradient_L3_gos_gapseq	1319	1385	383	bio1	0.296972	1.134689	4.028086
MGYG000002447__gradient_L4_xos_gapseq	1319	1385	383	bio1	0.296972	1.047989	4.130837
MGYG000002447__gradient_L5_pectin_gapseq	1319	1385	383	bio1	0.296972	1.045984	4.052624
MGYG000002447__gradient_L6_resistant_starch_gapseq	1319	1385	383	bio1	0.324814	1.123915	4.061545
MGYG000002447__gradient_L7_bglucan_gapseq	1319	1385	383	bio1	0.324814	1.046910	4.124278
MGYG000002447__gradient_L8_hmo_gapseq	1319	1385	383	bio1	0.324814	1.041828	4.071912
MGYG000002447__gradient_L9_mos_gapseq	1319	1385	383	bio1	0.324814	1.092743	4.065749
MGYG000002448__gradient_L0_base_gapseq	1379	1488	334	bio1	0.000000	1.193417	0.052308
MGYG000002448__gradient_L1_inulin_gapseq	1379	1488	334	bio1	0.000000	1.119335	0.055496
MGYG000002448__gradient_L2_fos_gapseq	1379	1488	334	bio1	0.000000	1.174200	0.054713
MGYG000002448__gradient_L3_gos_gapseq	1379	1488	334	bio1	0.000000	1.107728	0.055195
MGYG000002448__gradient_L4_xos_gapseq	1379	1488	334	bio1	0.674904	1.191062	4.501430
MGYG000002448__gradient_L5_pectin_gapseq	1379	1488	334	bio1	0.674904	1.266330	4.512357
MGYG000002448__gradient_L6_resistant_starch_gapseq	1379	1488	334	bio1	0.674904	1.126679	4.580416
MGYG000002448__gradient_L7_bglucan_gapseq	1379	1488	334	bio1	0.674904	1.105748	4.524639
MGYG000002448__gradient_L8_hmo_gapseq	1379	1488	334	bio1	0.674904	1.206255	4.488697
MGYG000002448__gradient_L9_mos_gapseq	1379	1488	334	bio1	0.674904	1.188515	4.460107
MGYG000002456__gradient_L0_base_gapseq	821	787	208	bio1	0.000000	0.626637	0.019539
MGYG000002456__gradient_L1_inulin_gapseq	821	787	208	bio1	0.000000	0.529206	0.021360
MGYG000002456__gradient_L2_fos_gapseq	821	787	208	bio1	0.000000	0.570245	0.020544
MGYG000002456__gradient_L3_gos_gapseq	821	787	208	bio1	0.000000	0.568940	0.020492
MGYG000002456__gradient_L4_xos_gapseq	821	787	208	bio1	0.000000	0.602956	0.021565
MGYG000002456__gradient_L5_pectin_gapseq	821	787	208	bio1	0.000000	0.530683	0.020523
MGYG000002456__gradient_L6_resistant_starch_gapseq	821	787	208	bio1	0.000000	0.531783	0.020548
MGYG000002456__gradient_L7_bglucan_gapseq	821	787	208	bio1	0.000000	0.527978	0.021131
MGYG000002456__gradient_L8_hmo_gapseq	821	787	208	bio1	0.000000	0.661644	0.021585
MGYG000002456__gradient_L9_mos_gapseq	821	787	208	bio1	0.000000	0.591264	0.020630
MGYG000002461__gradient_L0_base_gapseq	2187	2689	1116	bio1	1.635824	2.184387	14.283927
MGYG000002461__gradient_L1_inulin_gapseq	2187	2689	1116	bio1	1.801917	2.082635	14.425845
MGYG000002461__gradient_L2_fos_gapseq	2187	2689	1116	bio1	1.801917	2.000276	14.400611
MGYG000002461__gradient_L3_gos_gapseq	2187	2689	1116	bio1	2.127371	2.091200	14.308316
MGYG000002461__gradient_L4_xos_gapseq	2187	2689	1116	bio1	2.296482	2.090193	14.293400
MGYG000002461__gradient_L5_pectin_gapseq	2187	2689	1116	bio1	2.296482	2.086377	14.244552
MGYG000002461__gradient_L6_resistant_starch_gapseq	2187	2689	1116	bio1	2.886765	2.086578	14.267493
MGYG000002461__gradient_L7_bglucan_gapseq	2187	2689	1116	bio1	3.084947	2.085158	14.293439
MGYG000002461__gradient_L8_hmo_gapseq	2187	2689	1116	bio1	3.084947	2.047680	14.460993
MGYG000002461__gradient_L9_mos_gapseq	2187	2689	1116	bio1	3.195793	2.098122	14.219279
MGYG000002463__gradient_L0_base_gapseq	2307	2788	1290	bio1	1.161070	2.238446	14.900335
MGYG000002463__gradient_L1_inulin_gapseq	2307	2788	1290	bio1	1.313401	2.230418	14.873657
MGYG000002463__gradient_L2_fos_gapseq	2307	2788	1290	bio1	1.313401	2.231608	14.955889
MGYG000002463__gradient_L3_gos_gapseq	2307	2788	1290	bio1	1.401417	2.128466	14.966014
MGYG000002463__gradient_L4_xos_gapseq	2307	2788	1290	bio1	1.484151	2.240104	14.839155
MGYG000002463__gradient_L5_pectin_gapseq	2307	2788	1290	bio1	1.493343	2.239373	14.824151
MGYG000002463__gradient_L6_resistant_starch_gapseq	2307	2788	1290	bio1	2.104198	2.226748	14.981041
MGYG000002463__gradient_L7_bglucan_gapseq	2307	2788	1290	bio1	2.104198	2.233846	14.951779
MGYG000002463__gradient_L8_hmo_gapseq	2307	2788	1290	bio1	2.104198	2.275803	14.757090
MGYG000002463__gradient_L9_mos_gapseq	2307	2788	1290	bio1	2.210833	2.228593	14.980496
MGYG000002475__gradient_L0_base_gapseq	1673	1947	698	bio1	0.000000	1.547801	0.090766
MGYG000002475__gradient_L1_inulin_gapseq	1673	1947	698	bio1	0.000000	1.564450	0.091452
MGYG000002475__gradient_L2_fos_gapseq	1673	1947	698	bio1	0.000000	1.458545	0.091709
MGYG000002475__gradient_L3_gos_gapseq	1673	1947	698	bio1	1.401167	1.553080	7.613657
MGYG000002475__gradient_L4_xos_gapseq	1673	1947	698	bio1	1.516748	1.592333	7.637578
MGYG000002475__gradient_L5_pectin_gapseq	1673	1947	698	bio1	1.516748	1.573478	7.601360
MGYG000002475__gradient_L6_resistant_starch_gapseq	1673	1947	698	bio1	2.094658	1.571416	7.658135
MGYG000002475__gradient_L7_bglucan_gapseq	1673	1947	698	bio1	2.094658	1.585884	7.617158
MGYG000002475__gradient_L8_hmo_gapseq	1673	1947	698	bio1	2.228489	1.596711	7.719362
MGYG000002475__gradient_L9_mos_gapseq	1673	1947	698	bio1	2.228489	1.501304	7.676895
MGYG000002476__gradient_L0_base_gapseq	2163	2648	1038	bio1	1.385577	2.043612	13.728574
MGYG000002476__gradient_L1_inulin_gapseq	2163	2648	1038	bio1	1.643761	2.037855	13.655257
MGYG000002476__gradient_L2_fos_gapseq	2163	2648	1038	bio1	1.643761	2.032983	13.676838
MGYG000002476__gradient_L3_gos_gapseq	2163	2648	1038	bio1	1.925416	1.944577	13.825800
MGYG000002476__gradient_L4_xos_gapseq	2163	2648	1038	bio1	2.075632	2.065606	13.655822
MGYG000002476__gradient_L5_pectin_gapseq	2163	2648	1038	bio1	2.110839	1.999237	13.814710
MGYG000002476__gradient_L6_resistant_starch_gapseq	2163	2648	1038	bio1	2.646688	2.010541	13.680374
MGYG000002476__gradient_L7_bglucan_gapseq	2163	2648	1038	bio1	2.822652	1.946003	13.677541
MGYG000002476__gradient_L8_hmo_gapseq	2163	2648	1038	bio1	2.822652	2.080408	13.580292
MGYG000002476__gradient_L9_mos_gapseq	2163	2648	1038	bio1	2.944306	1.918479	13.700316
MGYG000002479__gradient_L0_base_gapseq	1256	1333	306	bio1	0.226120	0.980069	3.887144
MGYG000002479__gradient_L1_inulin_gapseq	1256	1333	306	bio1	0.226120	1.076467	3.901234
MGYG000002479__gradient_L2_fos_gapseq	1256	1333	306	bio1	0.226120	0.979529	3.979066
MGYG000002479__gradient_L3_gos_gapseq	1256	1333	306	bio1	0.226120	0.973318	3.867925
MGYG000002479__gradient_L4_xos_gapseq	1256	1333	306	bio1	0.226120	1.021026	3.888383
MGYG000002479__gradient_L5_pectin_gapseq	1256	1333	306	bio1	0.226120	0.977362	3.989579
MGYG000002479__gradient_L6_resistant_starch_gapseq	1256	1333	306	bio1	0.226120	0.975713	3.897880
MGYG000002479__gradient_L7_bglucan_gapseq	1256	1333	306	bio1	0.226120	1.048786	3.898868
MGYG000002479__gradient_L8_hmo_gapseq	1256	1333	306	bio1	0.226120	0.988196	3.972572
MGYG000002479__gradient_L9_mos_gapseq	1256	1333	306	bio1	0.226120	0.977940	3.870693
MGYG000002480__gradient_L0_base_gapseq	1199	1243	318	bio1	0.000000	1.000033	0.041390
MGYG000002480__gradient_L1_inulin_gapseq	1199	1243	318	bio1	0.000000	0.901018	0.039868
MGYG000002480__gradient_L2_fos_gapseq	1199	1243	318	bio1	0.000000	0.917411	0.108444
MGYG000002480__gradient_L3_gos_gapseq	1199	1243	318	bio1	0.000000	0.904666	0.040782
MGYG000002480__gradient_L4_xos_gapseq	1199	1243	318	bio1	0.000000	0.900091	0.039742
MGYG000002480__gradient_L5_pectin_gapseq	1199	1243	318	bio1	0.517854	0.969911	3.329006
MGYG000002480__gradient_L6_resistant_starch_gapseq	1199	1243	318	bio1	0.517854	0.919759	3.428598
MGYG000002480__gradient_L7_bglucan_gapseq	1199	1243	318	bio1	0.517854	0.902756	3.308014
MGYG000002480__gradient_L8_hmo_gapseq	1199	1243	318	bio1	0.517854	0.983920	3.337731
MGYG000002480__gradient_L9_mos_gapseq	1199	1243	318	bio1	0.517854	0.903540	3.329814
MGYG000002482__gradient_L0_base_gapseq	1112	1230	292	bio1	0.120224	0.888891	3.245124
MGYG000002482__gradient_L1_inulin_gapseq	1112	1230	292	bio1	0.248691	0.996783	3.243823
MGYG000002482__gradient_L2_fos_gapseq	1112	1230	292	bio1	0.248691	0.881346	3.326489
MGYG000002482__gradient_L3_gos_gapseq	1112	1230	292	bio1	0.326117	0.879889	3.232640
MGYG000002482__gradient_L4_xos_gapseq	1112	1230	292	bio1	0.326117	0.940862	3.254419
MGYG000002482__gradient_L5_pectin_gapseq	1112	1230	292	bio1	0.326117	0.893624	3.255044
MGYG000002482__gradient_L6_resistant_starch_gapseq	1112	1230	292	bio1	0.769557	0.959599	3.242187
MGYG000002482__gradient_L7_bglucan_gapseq	1112	1230	292	bio1	0.769557	0.900359	3.330752
MGYG000002482__gradient_L8_hmo_gapseq	1112	1230	292	bio1	0.769557	0.882768	3.281069
MGYG000002482__gradient_L9_mos_gapseq	1112	1230	292	bio1	0.769557	0.982803	3.238371
MGYG000002489__gradient_L0_base_gapseq	1519	1651	433	bio1	0.227797	1.377909	5.649723
MGYG000002489__gradient_L1_inulin_gapseq	1519	1651	433	bio1	0.303732	1.266784	5.715507
MGYG000002489__gradient_L2_fos_gapseq	1519	1651	433	bio1	0.303732	1.271703	5.749600
MGYG000002489__gradient_L3_gos_gapseq	1519	1651	433	bio1	0.303732	1.212627	5.796124
MGYG000002489__gradient_L4_xos_gapseq	1519	1651	433	bio1	0.303732	1.194584	5.793787
MGYG000002489__gradient_L5_pectin_gapseq	1519	1651	433	bio1	0.303732	1.207380	5.766694
MGYG000002489__gradient_L6_resistant_starch_gapseq	1519	1651	433	bio1	0.370176	1.204787	5.671570
MGYG000002489__gradient_L7_bglucan_gapseq	1519	1651	433	bio1	0.370176	1.278963	5.681323
MGYG000002489__gradient_L8_hmo_gapseq	1519	1651	433	bio1	0.370176	1.282680	5.681140
MGYG000002489__gradient_L9_mos_gapseq	1519	1651	433	bio1	0.370176	1.292124	5.662329
MGYG000002505__gradient_L0_base_gapseq	1542	1662	424	bio1	0.219815	1.193286	5.662197
MGYG000002505__gradient_L1_inulin_gapseq	1542	1662	424	bio1	0.320912	1.197519	5.557555
MGYG000002505__gradient_L2_fos_gapseq	1542	1662	424	bio1	0.320912	1.281329	5.535334
MGYG000002505__gradient_L3_gos_gapseq	1542	1662	424	bio1	0.320912	1.280972	5.532813
MGYG000002505__gradient_L4_xos_gapseq	1542	1662	424	bio1	0.320912	1.312659	5.540488
MGYG000002505__gradient_L5_pectin_gapseq	1542	1662	424	bio1	0.320912	1.198352	5.621745
MGYG000002505__gradient_L6_resistant_starch_gapseq	1542	1662	424	bio1	0.693662	1.198734	5.587763
MGYG000002505__gradient_L7_bglucan_gapseq	1542	1662	424	bio1	0.693662	1.198271	5.536245
MGYG000002505__gradient_L8_hmo_gapseq	1542	1662	424	bio1	0.693662	1.320659	5.633420
MGYG000002505__gradient_L9_mos_gapseq	1542	1662	424	bio1	0.693662	1.274171	5.558080
MGYG000002506	0	0	0	NONE	0.000000	0.000000	0.000000
MGYG000002507__gradient_L0_base_gapseq	2237	2777	1207	bio1	1.740524	2.171728	15.025445
MGYG000002507__gradient_L1_inulin_gapseq	2237	2777	1207	bio1	1.901676	2.062534	15.130575
MGYG000002507__gradient_L2_fos_gapseq	2237	2777	1207	bio1	1.901676	2.154919	15.058155
MGYG000002507__gradient_L3_gos_gapseq	2237	2777	1207	bio1	2.238368	2.157381	15.048626
MGYG000002507__gradient_L4_xos_gapseq	2237	2777	1207	bio1	2.417641	2.130281	14.928268
MGYG000002507__gradient_L5_pectin_gapseq	2237	2777	1207	bio1	2.417641	2.154819	15.113577
MGYG000002507__gradient_L6_resistant_starch_gapseq	2237	2777	1207	bio1	3.122809	2.148580	14.981445
MGYG000002507__gradient_L7_bglucan_gapseq	2237	2777	1207	bio1	3.355030	2.130583	14.863125
MGYG000002507__gradient_L8_hmo_gapseq	2237	2777	1207	bio1	3.355030	2.155256	15.048342
MGYG000002507__gradient_L9_mos_gapseq	2237	2777	1207	bio1	3.505567	2.062908	15.098871
MGYG000002516__gradient_L0_base_gapseq	2073	2534	816	bio1	1.340662	1.966604	12.803248
MGYG000002516__gradient_L1_inulin_gapseq	2073	2534	816	bio1	1.621137	1.821253	12.973553
MGYG000002516__gradient_L2_fos_gapseq	2073	2534	816	bio1	1.621137	1.884080	12.785456
MGYG000002516__gradient_L3_gos_gapseq	2073	2534	816	bio1	1.914233	1.900266	12.715423
MGYG000002516__gradient_L4_xos_gapseq	2073	2534	816	bio1	1.975505	1.872677	13.004806
MGYG000002516__gradient_L5_pectin_gapseq	2073	2534	816	bio1	1.975505	1.827604	12.735649
MGYG000002516__gradient_L6_resistant_starch_gapseq	2073	2534	816	bio1	2.276100	1.932713	12.673139
MGYG000002516__gradient_L7_bglucan_gapseq	2073	2534	816	bio1	2.276100	1.827988	12.857424
MGYG000002516__gradient_L8_hmo_gapseq	2073	2534	816	bio1	2.276100	1.819280	12.852989
MGYG000002516__gradient_L9_mos_gapseq	2073	2534	816	bio1	2.276100	1.904422	12.679516
MGYG000002517__gradient_L0_base_gapseq	1501	1740	455	bio1	0.000000	1.323556	0.078906
MGYG000002517__gradient_L1_inulin_gapseq	1501	1740	455	bio1	0.000000	1.224391	0.080085
MGYG000002517__gradient_L2_fos_gapseq	1501	1740	455	bio1	0.000000	1.314125	0.079196
MGYG000002517__gradient_L3_gos_gapseq	1501	1740	455	bio1	1.156083	1.245571	6.037581
MGYG000002517__gradient_L4_xos_gapseq	1501	1740	455	bio1	1.192671	1.250873	5.981525
MGYG000002517__gradient_L5_pectin_gapseq	1501	1740	455	bio1	1.228609	1.237332	5.979618
MGYG000002517__gradient_L6_resistant_starch_gapseq	1501	1740	455	bio1	1.769920	1.234933	5.935348
MGYG000002517__gradient_L7_bglucan_gapseq	1501	1740	455	bio1	1.951854	1.310291	5.876387
MGYG000002517__gradient_L8_hmo_gapseq	1501	1740	455	bio1	2.086620	1.319300	5.886562
MGYG000002517__gradient_L9_mos_gapseq	1501	1740	455	bio1	2.176464	1.338555	5.933167
MGYG000002526__gradient_L0_base_gapseq	1963	2464	941	bio1	1.359848	1.972120	11.615152
MGYG000002526__gradient_L1_inulin_gapseq	1963	2464	941	bio1	1.680667	1.903156	11.618236
MGYG000002526__gradient_L2_fos_gapseq	1963	2464	941	bio1	1.680667	1.927642	11.731841
MGYG000002526__gradient_L3_gos_gapseq	1963	2464	941	bio1	2.003073	1.808587	11.666951
MGYG000002526__gradient_L4_xos_gapseq	1963	2464	941	bio1	2.167198	1.951224	11.684503
MGYG000002526__gradient_L5_pectin_gapseq	1963	2464	941	bio1	2.218459	1.882560	11.630539
MGYG000002526__gradient_L6_resistant_starch_gapseq	1963	2464	941	bio1	2.864741	1.913026	11.612426
MGYG000002526__gradient_L7_bglucan_gapseq	1963	2464	941	bio1	3.079652	1.883654	11.653603
MGYG000002526__gradient_L8_hmo_gapseq	1963	2464	941	bio1	3.079652	1.946299	11.710865
MGYG000002526__gradient_L9_mos_gapseq	1963	2464	941	bio1	3.226512	1.830565	11.644623
MGYG000002530__gradient_L0_base_gapseq	1207	1352	311	bio1	0.000000	0.971858	0.044313
MGYG000002530__gradient_L1_inulin_gapseq	1207	1352	311	bio1	0.584016	0.966162	3.937152
MGYG000002530__gradient_L2_fos_gapseq	1207	1352	311	bio1	0.584016	0.978547	3.842613
MGYG000002530__gradient_L3_gos_gapseq	1207	1352	311	bio1	0.927169	1.089524	3.848920
MGYG000002530__gradient_L4_xos_gapseq	1207	1352	311	bio1	0.927169	0.970085	3.923154
MGYG000002530__gradient_L5_pectin_gapseq	1207	1352	311	bio1	0.927169	0.965783	3.834472
MGYG000002530__gradient_L6_resistant_starch_gapseq	1207	1352	311	bio1	1.625347	1.079421	3.832149
MGYG000002530__gradient_L7_bglucan_gapseq	1207	1352	311	bio1	1.869464	0.939382	3.904831
MGYG000002530__gradient_L8_hmo_gapseq	1207	1352	311	bio1	1.869464	1.014098	3.818763
MGYG000002530__gradient_L9_mos_gapseq	1207	1352	311	bio1	2.002998	1.030611	3.825481
MGYG000002532__gradient_L0_base_gapseq	1886	2279	824	bio1	1.246489	1.840243	10.511019
MGYG000002532__gradient_L1_inulin_gapseq	1886	2279	824	bio1	1.387270	1.780838	10.599562
MGYG000002532__gradient_L2_fos_gapseq	1886	2279	824	bio1	1.387270	1.769309	10.495887
MGYG000002532__gradient_L3_gos_gapseq	1886	2279	824	bio1	1.671031	1.746241	10.541085
MGYG000002532__gradient_L4_xos_gapseq	1886	2279	824	bio1	1.833593	1.772358	10.543557
MGYG000002532__gradient_L5_pectin_gapseq	1886	2279	824	bio1	1.833593	1.681365	10.519025
MGYG000002532__gradient_L6_resistant_starch_gapseq	1886	2279	824	bio1	2.417086	1.705288	10.498276
MGYG000002532__gradient_L7_bglucan_gapseq	1886	2279	824	bio1	2.599399	1.700052	10.512025
MGYG000002532__gradient_L8_hmo_gapseq	1886	2279	824	bio1	2.599399	1.793350	10.485136
MGYG000002532__gradient_L9_mos_gapseq	1886	2279	824	bio1	2.694390	1.690310	10.543056
MGYG000002535__gradient_L0_base_gapseq	2354	2900	1305	bio1	1.856593	2.233798	16.404838
MGYG000002535__gradient_L1_inulin_gapseq	2354	2900	1305	bio1	2.188791	2.225552	16.370696
MGYG000002535__gradient_L2_fos_gapseq	2354	2900	1305	bio1	2.188791	2.241183	16.335385
MGYG000002535__gradient_L3_gos_gapseq	2354	2900	1305	bio1	2.538196	2.268599	16.257701
MGYG000002535__gradient_L4_xos_gapseq	2354	2900	1305	bio1	2.716706	2.274751	16.235222
MGYG000002535__gradient_L5_pectin_gapseq	2354	2900	1305	bio1	2.769850	2.279693	16.546166
MGYG000002535__gradient_L6_resistant_starch_gapseq	2354	2900	1305	bio1	3.477206	2.296602	16.314466
MGYG000002535__gradient_L7_bglucan_gapseq	2354	2900	1305	bio1	3.709005	2.266152	16.289429
MGYG000002535__gradient_L8_hmo_gapseq	2354	2900	1305	bio1	3.709005	2.198159	16.485883
MGYG000002535__gradient_L9_mos_gapseq	2354	2900	1305	bio1	3.859507	2.285709	16.265681
MGYG000002542__gradient_L0_base_gapseq	1525	1823	496	bio1	0.471106	1.406698	6.591724
MGYG000002542__gradient_L1_inulin_gapseq	1525	1823	496	bio1	0.640708	1.387562	6.627670
MGYG000002542__gradient_L2_fos_gapseq	1525	1823	496	bio1	0.640708	1.308018	6.714764
MGYG000002542__gradient_L3_gos_gapseq	1525	1823	496	bio1	0.803243	1.348083	6.719009
MGYG000002542__gradient_L4_xos_gapseq	1525	1823	496	bio1	0.904667	1.300203	6.725609
MGYG000002542__gradient_L5_pectin_gapseq	1525	1823	496	bio1	0.904667	1.308244	6.684484
MGYG000002542__gradient_L6_resistant_starch_gapseq	1525	1823	496	bio1	1.238737	1.304639	6.696299
MGYG000002542__gradient_L7_bglucan_gapseq	1525	1823	496	bio1	1.238737	1.347043	6.753614
MGYG000002542__gradient_L8_hmo_gapseq	1525	1823	496	bio1	1.238737	1.362990	6.717012
MGYG000002542__gradient_L9_mos_gapseq	1525	1823	496	bio1	1.306267	1.317642	6.604488
MGYG000002544__gradient_L0_base_gapseq	1424	1507	424	bio1	0.000000	1.235383	0.058948
MGYG000002544__gradient_L1_inulin_gapseq	1424	1507	424	bio1	0.644501	1.152525	4.549754
MGYG000002544__gradient_L2_fos_gapseq	1424	1507	424	bio1	0.644501	1.197263	4.559679
MGYG000002544__gradient_L3_gos_gapseq	1424	1507	424	bio1	0.777098	1.213073	4.560853
MGYG000002544__gradient_L4_xos_gapseq	1424	1507	424	bio1	0.777098	1.175817	4.689901
MGYG000002544__gradient_L5_pectin_gapseq	1424	1507	424	bio1	0.777098	1.141241	4.663871
MGYG000002544__gradient_L6_resistant_starch_gapseq	1424	1507	424	bio1	0.919604	1.148736	4.574538
MGYG000002544__gradient_L7_bglucan_gapseq	1424	1507	424	bio1	0.919604	1.161932	4.664359
MGYG000002544__gradient_L8_hmo_gapseq	1424	1507	424	bio1	0.919604	1.225157	4.563063
MGYG000002544__gradient_L9_mos_gapseq	1424	1507	424	bio1	0.919604	1.129777	4.662941
MGYG000002558__gradient_L0_base_gapseq	1461	1636	380	bio1	0.297075	1.172807	5.307374
MGYG000002558__gradient_L1_inulin_gapseq	1461	1636	380	bio1	0.391798	1.307034	5.329462
MGYG000002558__gradient_L2_fos_gapseq	1461	1636	380	bio1	0.391798	1.262224	5.334034
MGYG000002558__gradient_L3_gos_gapseq	1461	1636	380	bio1	0.462841	1.269364	5.322401
MGYG000002558__gradient_L4_xos_gapseq	1461	1636	380	bio1	0.552363	1.209206	5.453068
MGYG000002558__gradient_L5_pectin_gapseq	1461	1636	380	bio1	0.584318	1.203523	5.394210
MGYG000002558__gradient_L6_resistant_starch_gapseq	1461	1636	380	bio1	0.842244	1.199234	5.351150
MGYG000002558__gradient_L7_bglucan_gapseq	1461	1636	380	bio1	0.999739	1.276862	5.331044
MGYG000002558__gradient_L8_hmo_gapseq	1461	1636	380	bio1	0.999739	1.266467	5.306306
MGYG000002558__gradient_L9_mos_gapseq	1461	1636	380	bio1	1.100170	1.343451	5.321080
MGYG000002581__gradient_L0_base_gapseq	892	847	130	bio1	0.000000	0.698452	0.019724
MGYG000002581__gradient_L1_inulin_gapseq	892	847	130	bio1	0.000000	0.612889	0.023547
MGYG000002581__gradient_L2_fos_gapseq	892	847	130	bio1	0.000000	0.622118	0.024177
MGYG000002581__gradient_L3_gos_gapseq	892	847	130	bio1	0.000000	0.645069	0.101741
MGYG000002581__gradient_L4_xos_gapseq	892	847	130	bio1	0.000000	0.608665	0.023428
MGYG000002581__gradient_L5_pectin_gapseq	892	847	130	bio1	0.000000	0.586117	0.023264
MGYG000002581__gradient_L6_resistant_starch_gapseq	892	847	130	bio1	0.000000	0.610344	0.023297
MGYG000002581__gradient_L7_bglucan_gapseq	892	847	130	bio1	0.000000	0.691344	0.023497
MGYG000002581__gradient_L8_hmo_gapseq	892	847	130	bio1	0.000000	0.611938	0.023439
MGYG000002581__gradient_L9_mos_gapseq	892	847	130	bio1	0.000000	0.643458	0.023605
MGYG000002584__gradient_L0_base_gapseq	1313	1466	384	bio1	0.366686	1.025795	4.478220
MGYG000002584__gradient_L1_inulin_gapseq	1313	1466	384	bio1	0.455582	1.147010	4.477262
MGYG000002584__gradient_L2_fos_gapseq	1313	1466	384	bio1	0.455582	1.080413	4.551167
MGYG000002584__gradient_L3_gos_gapseq	1313	1466	384	bio1	0.516004	1.082543	4.469092
MGYG000002584__gradient_L4_xos_gapseq	1313	1466	384	bio1	0.626621	1.121713	4.529244
MGYG000002584__gradient_L5_pectin_gapseq	1313	1466	384	bio1	0.626621	1.130033	4.517258
MGYG000002584__gradient_L6_resistant_starch_gapseq	1313	1466	384	bio1	0.859106	1.076117	4.644157
MGYG000002584__gradient_L7_bglucan_gapseq	1313	1466	384	bio1	0.859106	1.062270	4.515959
MGYG000002584__gradient_L8_hmo_gapseq	1313	1466	384	bio1	0.859106	1.141624	4.502913
MGYG000002584__gradient_L9_mos_gapseq	1313	1466	384	bio1	0.946969	1.128744	4.515402
MGYG000002591__gradient_L0_base_gapseq	1274	1327	308	bio1	0.197888	0.982343	3.768830
MGYG000002591__gradient_L1_inulin_gapseq	1274	1327	308	bio1	0.267756	1.001033	3.669558
MGYG000002591__gradient_L2_fos_gapseq	1274	1327	308	bio1	0.267756	1.088430	3.645527
MGYG000002591__gradient_L3_gos_gapseq	1274	1327	308	bio1	0.267756	0.985641	3.727938
MGYG000002591__gradient_L4_xos_gapseq	1274	1327	308	bio1	0.267756	0.992507	3.640749
MGYG000002591__gradient_L5_pectin_gapseq	1274	1327	308	bio1	0.267756	1.070047	3.638007
MGYG000002591__gradient_L6_resistant_starch_gapseq	1274	1327	308	bio1	0.267756	0.981805	3.774591
MGYG000002591__gradient_L7_bglucan_gapseq	1274	1327	308	bio1	0.267756	1.002622	3.655516
MGYG000002591__gradient_L8_hmo_gapseq	1274	1327	308	bio1	0.267756	1.076780	3.640207
MGYG000002591__gradient_L9_mos_gapseq	1274	1327	308	bio1	0.267756	0.988264	3.723833
MGYG000002623__gradient_L0_base_gapseq	1425	1649	388	bio1	0.489129	1.191702	5.679201
MGYG000002623__gradient_L1_inulin_gapseq	1425	1649	388	bio1	0.656303	1.174761	5.568771
MGYG000002623__gradient_L2_fos_gapseq	1425	1649	388	bio1	0.656303	1.317040	5.544015
MGYG000002623__gradient_L3_gos_gapseq	1425	1649	388	bio1	0.942511	1.357758	5.551649
MGYG000002623__gradient_L4_xos_gapseq	1425	1649	388	bio1	1.001071	1.277469	5.558641
MGYG000002623__gradient_L5_pectin_gapseq	1425	1649	388	bio1	1.001071	1.178827	5.651076
MGYG000002623__gradient_L6_resistant_starch_gapseq	1425	1649	388	bio1	1.530243	1.215023	5.717195
MGYG000002623__gradient_L7_bglucan_gapseq	1425	1649	388	bio1	1.530243	1.223635	5.566225
MGYG000002623__gradient_L8_hmo_gapseq	1425	1649	388	bio1	1.530243	1.375754	5.587360
MGYG000002623__gradient_L9_mos_gapseq	1425	1649	388	bio1	1.530243	1.350804	5.584600
MGYG000002634__gradient_L0_base_gapseq	1527	1822	543	bio1	1.048831	1.437699	6.413212
MGYG000002634__gradient_L1_inulin_gapseq	1527	1822	543	bio1	1.270613	1.330195	6.497559
MGYG000002634__gradient_L2_fos_gapseq	1527	1822	543	bio1	1.270613	1.303993	6.534044
MGYG000002634__gradient_L3_gos_gapseq	1527	1822	543	bio1	1.464672	1.297916	6.496939
MGYG000002634__gradient_L4_xos_gapseq	1527	1822	543	bio1	1.464672	1.289653	6.516586
MGYG000002634__gradient_L5_pectin_gapseq	1527	1822	543	bio1	1.464672	1.357346	6.530814
MGYG000002634__gradient_L6_resistant_starch_gapseq	1527	1822	543	bio1	1.938267	1.294768	6.466566
MGYG000002634__gradient_L7_bglucan_gapseq	1527	1822	543	bio1	1.938267	1.292676	6.430681
MGYG000002634__gradient_L8_hmo_gapseq	1527	1822	543	bio1	1.938267	1.373540	6.416086
MGYG000002634__gradient_L9_mos_gapseq	1527	1822	543	bio1	2.049158	1.366622	6.441931
MGYG000002648__gradient_L0_base_gapseq	1106	1189	226	bio1	0.208479	0.850452	3.129204
MGYG000002648__gradient_L1_inulin_gapseq	1106	1189	226	bio1	0.317255	0.858197	3.036456
MGYG000002648__gradient_L2_fos_gapseq	1106	1189	226	bio1	0.317255	0.871603	3.110111
MGYG000002648__gradient_L3_gos_gapseq	1106	1189	226	bio1	0.317255	0.847602	3.040537
MGYG000002648__gradient_L4_xos_gapseq	1106	1189	226	bio1	0.317255	0.918633	3.032330
MGYG000002648__gradient_L5_pectin_gapseq	1106	1189	226	bio1	0.317255	0.846456	3.041105
MGYG000002648__gradient_L6_resistant_starch_gapseq	1106	1189	226	bio1	0.781822	0.914368	3.032215
MGYG000002648__gradient_L7_bglucan_gapseq	1106	1189	226	bio1	0.781822	0.844103	3.122079
MGYG000002648__gradient_L8_hmo_gapseq	1106	1189	226	bio1	0.781822	0.847053	3.043877
MGYG000002648__gradient_L9_mos_gapseq	1106	1189	226	bio1	0.781822	0.848486	3.099661
MGYG000002653__gradient_L0_base_gapseq	1354	1565	399	bio1	0.408517	1.108415	4.911887
MGYG000002653__gradient_L1_inulin_gapseq	1354	1565	399	bio1	0.520145	1.268226	4.912350
MGYG000002653__gradient_L2_fos_gapseq	1354	1565	399	bio1	0.520145	1.241586	4.916496
MGYG000002653__gradient_L3_gos_gapseq	1354	1565	399	bio1	0.743178	1.095338	5.016071
MGYG000002653__gradient_L4_xos_gapseq	1354	1565	399	bio1	0.804920	1.113057	4.942360
MGYG000002653__gradient_L5_pectin_gapseq	1354	1565	399	bio1	0.804920	1.214140	4.891358
MGYG000002653__gradient_L6_resistant_starch_gapseq	1354	1565	399	bio1	1.264553	1.170067	4.905239
MGYG000002653__gradient_L7_bglucan_gapseq	1354	1565	399	bio1	1.422337	1.115865	5.009520
MGYG000002653__gradient_L8_hmo_gapseq	1354	1565	399	bio1	1.422337	1.124845	5.004711
MGYG000002653__gradient_L9_mos_gapseq	1354	1565	399	bio1	1.522953	1.089113	4.930663
MGYG000002664__gradient_L0_base_gapseq	1127	1176	220	bio1	0.300638	0.928648	3.085512
MGYG000002664__gradient_L1_inulin_gapseq	1127	1176	220	bio1	0.300638	0.954165	3.069838
MGYG000002664__gradient_L2_fos_gapseq	1127	1176	220	bio1	0.300638	0.864225	3.078397
MGYG000002664__gradient_L3_gos_gapseq	1127	1176	220	bio1	0.300638	0.912608	3.091602
MGYG000002664__gradient_L4_xos_gapseq	1127	1176	220	bio1	0.300638	0.853199	3.169940
MGYG000002664__gradient_L5_pectin_gapseq	1127	1176	220	bio1	0.300638	0.869619	3.098725
MGYG000002664__gradient_L6_resistant_starch_gapseq	1127	1176	220	bio1	0.409373	0.861536	3.145319
MGYG000002664__gradient_L7_bglucan_gapseq	1127	1176	220	bio1	0.409373	0.859731	3.073336
MGYG000002664__gradient_L8_hmo_gapseq	1127	1176	220	bio1	0.409373	0.920084	3.088353
MGYG000002664__gradient_L9_mos_gapseq	1127	1176	220	bio1	0.491978	0.865765	3.073371
MGYG000002689__gradient_L0_base_gapseq	986	995	216	bio1	0.000000	0.714358	0.031067
MGYG000002689__gradient_L1_inulin_gapseq	986	995	216	bio1	0.000000	0.800840	0.030948
MGYG000002689__gradient_L2_fos_gapseq	986	995	216	bio1	0.000000	0.712351	0.031570
MGYG000002689__gradient_L3_gos_gapseq	986	995	216	bio1	0.000000	0.722920	0.030778
MGYG000002689__gradient_L4_xos_gapseq	986	995	216	bio1	0.000000	0.922593	0.032265
MGYG000002689__gradient_L5_pectin_gapseq	986	995	216	bio1	0.000000	0.747078	0.030921
MGYG000002689__gradient_L6_resistant_starch_gapseq	986	995	216	bio1	0.000000	0.794277	0.031049
MGYG000002689__gradient_L7_bglucan_gapseq	986	995	216	bio1	0.000000	0.809193	0.030915
MGYG000002689__gradient_L8_hmo_gapseq	986	995	216	bio1	0.000000	0.737925	0.031170
MGYG000002689__gradient_L9_mos_gapseq	986	995	216	bio1	0.000000	0.731870	0.031918
MGYG000002715__gradient_L0_base_gapseq	1167	1248	278	bio1	0.000000	0.970619	0.047420
MGYG000002715__gradient_L1_inulin_gapseq	1167	1248	278	bio1	0.000000	0.898300	0.049187
MGYG000002715__gradient_L2_fos_gapseq	1167	1248	278	bio1	0.000000	0.974061	0.048005
MGYG000002715__gradient_L3_gos_gapseq	1167	1248	278	bio1	0.000000	0.893515	0.051491
MGYG000002715__gradient_L4_xos_gapseq	1167	1248	278	bio1	0.000000	0.897693	0.050735
MGYG000002715__gradient_L5_pectin_gapseq	1167	1248	278	bio1	0.000000	0.991063	0.052017
MGYG000002715__gradient_L6_resistant_starch_gapseq	1167	1248	278	bio1	0.000000	0.896512	0.051318
MGYG000002715__gradient_L7_bglucan_gapseq	1167	1248	278	bio1	0.000000	0.981890	0.051868
MGYG000002715__gradient_L8_hmo_gapseq	1167	1248	278	bio1	0.000000	0.915665	0.051299
MGYG000002715__gradient_L9_mos_gapseq	1167	1248	278	bio1	0.000000	0.911108	0.051638
MGYG000002722__gradient_L0_base_gapseq	1216	1324	273	bio1	0.464425	1.086272	3.770799
MGYG000002722__gradient_L1_inulin_gapseq	1216	1324	273	bio1	0.464425	0.947263	3.900230
MGYG000002722__gradient_L2_fos_gapseq	1216	1324	273	bio1	0.464425	0.977115	3.774275
MGYG000002722__gradient_L3_gos_gapseq	1216	1324	273	bio1	0.464425	1.033338	3.757060
MGYG000002722__gradient_L4_xos_gapseq	1216	1324	273	bio1	0.464425	0.979400	3.821357
MGYG000002722__gradient_L5_pectin_gapseq	1216	1324	273	bio1	0.490142	0.971687	3.790650
MGYG000002722__gradient_L6_resistant_starch_gapseq	1216	1324	273	bio1	0.716185	1.040325	3.758894
MGYG000002722__gradient_L7_bglucan_gapseq	1216	1324	273	bio1	0.716185	0.957289	3.760826
MGYG000002722__gradient_L8_hmo_gapseq	1216	1324	273	bio1	0.716185	1.045487	3.769611
MGYG000002722__gradient_L9_mos_gapseq	1216	1324	273	bio1	0.716185	1.020496	3.758834
MGYG000002723__gradient_L0_base_gapseq	1065	1117	245	bio1	0.000000	0.972276	0.036847
MGYG000002723__gradient_L1_inulin_gapseq	1065	1117	245	bio1	0.000000	0.790359	0.038089
MGYG000002723__gradient_L2_fos_gapseq	1065	1117	245	bio1	0.000000	0.779614	0.038081
MGYG000002723__gradient_L3_gos_gapseq	1065	1117	245	bio1	0.000000	0.863918	0.036452
MGYG000002723__gradient_L4_xos_gapseq	1065	1117	245	bio1	0.000000	0.795700	0.036430
MGYG000002723__gradient_L5_pectin_gapseq	1065	1117	245	bio1	0.000000	0.777301	0.035840
MGYG000002723__gradient_L6_resistant_starch_gapseq	1065	1117	245	bio1	0.409877	0.964878	2.530540
MGYG000002723__gradient_L7_bglucan_gapseq	1065	1117	245	bio1	0.612631	0.905932	2.641868
MGYG000002723__gradient_L8_hmo_gapseq	1065	1117	245	bio1	0.612631	0.891983	2.542654
MGYG000002723__gradient_L9_mos_gapseq	1065	1117	245	bio1	0.717279	0.781370	2.594470
MGYG000002734__gradient_L0_base_gapseq	1121	1257	281	bio1	0.792373	0.954489	3.374081
MGYG000002734__gradient_L1_inulin_gapseq	1121	1257	281	bio1	1.079074	0.894563	3.427608
MGYG000002734__gradient_L2_fos_gapseq	1121	1257	281	bio1	1.079074	0.888745	3.353050
MGYG000002734__gradient_L3_gos_gapseq	1121	1257	281	bio1	1.341200	0.929016	3.380307
MGYG000002734__gradient_L4_xos_gapseq	1121	1257	281	bio1	1.341200	0.897008	3.414859
MGYG000002734__gradient_L5_pectin_gapseq	1121	1257	281	bio1	1.341200	0.944332	3.347287
MGYG000002734__gradient_L6_resistant_starch_gapseq	1121	1257	281	bio1	1.946274	0.907510	3.447644
MGYG000002734__gradient_L7_bglucan_gapseq	1121	1257	281	bio1	1.946274	0.890450	3.370028
MGYG000002734__gradient_L8_hmo_gapseq	1121	1257	281	bio1	1.946274	0.943244	3.369373
MGYG000002734__gradient_L9_mos_gapseq	1121	1257	281	bio1	1.946274	0.889488	3.429263
MGYG000002741__gradient_L0_base_gapseq	1030	1155	300	bio1	0.807249	0.959137	2.824313
MGYG000002741__gradient_L1_inulin_gapseq	1030	1155	300	bio1	1.094648	0.805402	2.927387
MGYG000002741__gradient_L2_fos_gapseq	1030	1155	300	bio1	1.094648	0.802800	2.818654
MGYG000002741__gradient_L3_gos_gapseq	1030	1155	300	bio1	1.305244	0.811069	2.903105
MGYG000002741__gradient_L4_xos_gapseq	1030	1155	300	bio1	1.305244	0.808478	2.827856
MGYG000002741__gradient_L5_pectin_gapseq	1030	1155	300	bio1	1.305244	0.911661	2.881901
MGYG000002741__gradient_L6_resistant_starch_gapseq	1030	1155	300	bio1	1.912899	0.814072	2.830352
MGYG000002741__gradient_L7_bglucan_gapseq	1030	1155	300	bio1	1.912899	0.899673	2.839133
MGYG000002741__gradient_L8_hmo_gapseq	1030	1155	300	bio1	1.912899	0.812151	2.896188
MGYG000002741__gradient_L9_mos_gapseq	1030	1155	300	bio1	2.053296	0.814295	2.823037
MGYG000002747__gradient_L0_base_gapseq	1135	1274	307	bio1	0.720031	0.903856	3.349683
MGYG000002747__gradient_L1_inulin_gapseq	1135	1274	307	bio1	1.013599	0.959246	3.281730
MGYG000002747__gradient_L2_fos_gapseq	1135	1274	307	bio1	1.013599	0.913396	3.290906
MGYG000002747__gradient_L3_gos_gapseq	1135	1274	307	bio1	1.303830	0.966472	3.305174
MGYG000002747__gradient_L4_xos_gapseq	1135	1274	307	bio1	1.303830	0.919362	3.375508
MGYG000002747__gradient_L5_pectin_gapseq	1135	1274	307	bio1	1.303830	0.905853	3.288033
MGYG000002747__gradient_L6_resistant_starch_gapseq	1135	1274	307	bio1	1.912875	0.978912	3.292934
MGYG000002747__gradient_L7_bglucan_gapseq	1135	1274	307	bio1	1.912875	0.908073	3.314123
MGYG000002747__gradient_L8_hmo_gapseq	1135	1274	307	bio1	1.912875	0.979372	3.322449
MGYG000002747__gradient_L9_mos_gapseq	1135	1274	307	bio1	2.053593	0.906367	3.399733
MGYG000002748__gradient_L0_base_gapseq	1165	1233	296	bio1	0.179641	0.893907	3.248091
MGYG000002748__gradient_L1_inulin_gapseq	1165	1233	296	bio1	0.299408	0.889538	3.185401
MGYG000002748__gradient_L2_fos_gapseq	1165	1233	296	bio1	0.299408	0.943265	3.180825
MGYG000002748__gradient_L3_gos_gapseq	1165	1233	296	bio1	0.444510	0.891190	3.249624
MGYG000002748__gradient_L4_xos_gapseq	1165	1233	296	bio1	0.444510	0.892051	3.179427
MGYG000002748__gradient_L5_pectin_gapseq	1165	1233	296	bio1	0.444510	0.955016	3.173468
MGYG000002748__gradient_L6_resistant_starch_gapseq	1165	1233	296	bio1	0.755444	0.888342	3.202554
MGYG000002748__gradient_L7_bglucan_gapseq	1165	1233	296	bio1	0.755444	0.947534	3.203553
MGYG000002748__gradient_L8_hmo_gapseq	1165	1233	296	bio1	0.755444	0.878793	3.272451
MGYG000002748__gradient_L9_mos_gapseq	1165	1233	296	bio1	0.764656	0.885827	3.193895
MGYG000002754__gradient_L0_base_gapseq	1159	1290	315	bio1	0.727385	0.913567	3.515866
MGYG000002754__gradient_L1_inulin_gapseq	1159	1290	315	bio1	1.017023	0.977757	3.496987
MGYG000002754__gradient_L2_fos_gapseq	1159	1290	315	bio1	1.017023	0.910747	3.590831
MGYG000002754__gradient_L3_gos_gapseq	1159	1290	315	bio1	1.328491	0.929603	3.507940
MGYG000002754__gradient_L4_xos_gapseq	1159	1290	315	bio1	1.328491	0.987107	3.499302
MGYG000002754__gradient_L5_pectin_gapseq	1159	1290	315	bio1	1.328491	0.907205	3.578019
MGYG000002754__gradient_L6_resistant_starch_gapseq	1159	1290	315	bio1	1.944897	0.929172	3.520061
MGYG000002754__gradient_L7_bglucan_gapseq	1159	1290	315	bio1	1.944897	0.986041	3.496936
MGYG000002754__gradient_L8_hmo_gapseq	1159	1290	315	bio1	1.944897	0.905867	3.508203
MGYG000002754__gradient_L9_mos_gapseq	1159	1290	315	bio1	2.087316	0.974894	3.499670
MGYG000002755__gradient_L0_base_gapseq	1145	1247	305	bio1	0.748612	0.892840	3.324999
MGYG000002755__gradient_L1_inulin_gapseq	1145	1247	305	bio1	1.033802	0.964312	3.312954
MGYG000002755__gradient_L2_fos_gapseq	1145	1247	305	bio1	1.033802	0.919603	3.292265
MGYG000002755__gradient_L3_gos_gapseq	1145	1247	305	bio1	1.327903	0.953824	3.298645
MGYG000002755__gradient_L4_xos_gapseq	1145	1247	305	bio1	1.327903	0.880800	3.400255
MGYG000002755__gradient_L5_pectin_gapseq	1145	1247	305	bio1	1.327903	0.881082	3.309115
MGYG000002755__gradient_L6_resistant_starch_gapseq	1145	1247	305	bio1	1.677706	0.963053	3.363815
MGYG000002755__gradient_L7_bglucan_gapseq	1145	1247	305	bio1	1.677706	0.926220	3.355561
MGYG000002755__gradient_L8_hmo_gapseq	1145	1247	305	bio1	1.677706	0.944784	3.339861
MGYG000002755__gradient_L9_mos_gapseq	1145	1247	305	bio1	1.820301	0.895563	3.393405
MGYG000002770__gradient_L0_base_gapseq	1333	1495	373	bio1	0.694822	1.102678	4.430704
MGYG000002770__gradient_L1_inulin_gapseq	1333	1495	373	bio1	0.917168	1.168515	4.469442
MGYG000002770__gradient_L2_fos_gapseq	1333	1495	373	bio1	0.917168	1.160252	4.422048
MGYG000002770__gradient_L3_gos_gapseq	1333	1495	373	bio1	1.127601	1.084797	4.523962
MGYG000002770__gradient_L4_xos_gapseq	1333	1495	373	bio1	1.127601	1.088928	4.464720
MGYG000002770__gradient_L5_pectin_gapseq	1333	1495	373	bio1	1.127601	1.167397	4.453311
MGYG000002770__gradient_L6_resistant_starch_gapseq	1333	1495	373	bio1	1.585344	1.131341	4.414840
MGYG000002770__gradient_L7_bglucan_gapseq	1333	1495	373	bio1	1.739414	1.101494	4.511520
MGYG000002770__gradient_L8_hmo_gapseq	1333	1495	373	bio1	1.739414	1.105142	4.419351
MGYG000002770__gradient_L9_mos_gapseq	1333	1495	373	bio1	1.846593	1.183396	4.404391
MGYG000002782__gradient_L0_base_gapseq	1229	1321	319	bio1	0.558912	1.037615	3.584007
MGYG000002782__gradient_L1_inulin_gapseq	1229	1321	319	bio1	0.774234	0.978046	3.624845
MGYG000002782__gradient_L2_fos_gapseq	1229	1321	319	bio1	0.774234	0.982819	3.568594
MGYG000002782__gradient_L3_gos_gapseq	1229	1321	319	bio1	0.774234	1.010528	3.574583
MGYG000002782__gradient_L4_xos_gapseq	1229	1321	319	bio1	0.774234	0.974305	3.575442
MGYG000002782__gradient_L5_pectin_gapseq	1229	1321	319	bio1	0.774234	1.082840	3.585866
MGYG000002782__gradient_L6_resistant_starch_gapseq	1229	1321	319	bio1	1.237110	0.966560	3.653852
MGYG000002782__gradient_L7_bglucan_gapseq	1229	1321	319	bio1	1.237110	0.967618	3.580332
MGYG000002782__gradient_L8_hmo_gapseq	1229	1321	319	bio1	1.237110	1.022482	3.585771
MGYG000002782__gradient_L9_mos_gapseq	1229	1321	319	bio1	1.344105	0.967631	3.668229
MGYG000002783__gradient_L0_base_gapseq	1192	1294	272	bio1	0.000000	0.935369	0.046357
MGYG000002783__gradient_L1_inulin_gapseq	1192	1294	272	bio1	0.000000	1.009609	0.047076
MGYG000002783__gradient_L2_fos_gapseq	1192	1294	272	bio1	0.000000	0.959901	0.047093
MGYG000002783__gradient_L3_gos_gapseq	1192	1294	272	bio1	0.131110	0.988623	3.604784
MGYG000002783__gradient_L4_xos_gapseq	1192	1294	272	bio1	0.131110	0.939148	3.705209
MGYG000002783__gradient_L5_pectin_gapseq	1192	1294	272	bio1	0.131110	0.927098	3.599433
MGYG000002783__gradient_L6_resistant_starch_gapseq	1192	1294	272	bio1	0.131110	1.022922	3.592868
MGYG000002783__gradient_L7_bglucan_gapseq	1192	1294	272	bio1	0.131110	0.941421	3.608023
MGYG000002783__gradient_L8_hmo_gapseq	1192	1294	272	bio1	0.131110	1.010282	3.604050
MGYG000002783__gradient_L9_mos_gapseq	1192	1294	272	bio1	0.131110	0.930430	3.672564
MGYG000002798__gradient_L0_base_gapseq	922	863	108	bio1	0.000000	0.651521	0.018029
MGYG000002798__gradient_L1_inulin_gapseq	922	863	108	bio1	0.000000	0.640159	0.023467
MGYG000002798__gradient_L2_fos_gapseq	922	863	108	bio1	0.000000	0.662974	0.023337
MGYG000002798__gradient_L3_gos_gapseq	922	863	108	bio1	0.000000	0.716694	0.023531
MGYG000002798__gradient_L4_xos_gapseq	922	863	108	bio1	0.000000	0.631720	0.025006
MGYG000002798__gradient_L5_pectin_gapseq	922	863	108	bio1	0.000000	0.702142	0.024285
MGYG000002798__gradient_L6_resistant_starch_gapseq	922	863	108	bio1	0.000000	0.649188	0.024600
MGYG000002798__gradient_L7_bglucan_gapseq	922	863	108	bio1	0.000000	0.712619	0.023852
MGYG000002798__gradient_L8_hmo_gapseq	922	863	108	bio1	0.000000	0.607355	0.023971
MGYG000002798__gradient_L9_mos_gapseq	922	863	108	bio1	0.000000	0.607290	0.024044
MGYG000002803__gradient_L0_base_gapseq	1131	1199	211	bio1	0.000000	0.923063	0.038555
MGYG000002803__gradient_L1_inulin_gapseq	1131	1199	211	bio1	0.000000	0.874311	0.043438
MGYG000002803__gradient_L2_fos_gapseq	1131	1199	211	bio1	0.000000	0.868989	0.043227
MGYG000002803__gradient_L3_gos_gapseq	1131	1199	211	bio1	0.000000	0.965101	0.042592
MGYG000002803__gradient_L4_xos_gapseq	1131	1199	211	bio1	0.000000	0.871381	0.042308
MGYG000002803__gradient_L5_pectin_gapseq	1131	1199	211	bio1	0.000000	0.966995	0.042816
MGYG000002803__gradient_L6_resistant_starch_gapseq	1131	1199	211	bio1	0.000000	0.863984	0.044159
MGYG000002803__gradient_L7_bglucan_gapseq	1131	1199	211	bio1	0.000000	0.859662	0.043117
MGYG000002803__gradient_L8_hmo_gapseq	1131	1199	211	bio1	0.000000	0.978503	0.042816
MGYG000002803__gradient_L9_mos_gapseq	1131	1199	211	bio1	0.000000	0.851161	0.044715
MGYG000002831__gradient_L0_base_gapseq	1035	1119	193	bio1	0.000000	0.787519	0.151092
MGYG000002831__gradient_L1_inulin_gapseq	1035	1119	193	bio1	0.541660	0.913623	2.669358
MGYG000002831__gradient_L2_fos_gapseq	1035	1119	193	bio1	0.541660	0.813732	2.846383
MGYG000002831__gradient_L3_gos_gapseq	1035	1119	193	bio1	0.904975	0.783381	2.663963
MGYG000002831__gradient_L4_xos_gapseq	1035	1119	193	bio1	0.904975	0.788889	2.762026
MGYG000002831__gradient_L5_pectin_gapseq	1035	1119	193	bio1	0.904975	0.782049	2.662674
MGYG000002831__gradient_L6_resistant_starch_gapseq	1035	1119	193	bio1	0.994383	0.762527	2.733505
MGYG000002831__gradient_L7_bglucan_gapseq	1035	1119	193	bio1	0.994383	0.788405	2.688359
MGYG000002831__gradient_L8_hmo_gapseq	1035	1119	193	bio1	0.994383	0.796510	2.720527
MGYG000002831__gradient_L9_mos_gapseq	1035	1119	193	bio1	0.994383	0.788954	2.656226
MGYG000002840__gradient_L0_base_gapseq	1189	1321	395	bio1	0.336622	1.034816	3.528845
MGYG000002840__gradient_L1_inulin_gapseq	1189	1321	395	bio1	0.336622	0.982023	3.604345
MGYG000002840__gradient_L2_fos_gapseq	1189	1321	395	bio1	0.336622	0.944672	3.563818
MGYG000002840__gradient_L3_gos_gapseq	1189	1321	395	bio1	0.336622	1.023092	3.540118
MGYG000002840__gradient_L4_xos_gapseq	1189	1321	395	bio1	0.336622	0.969799	3.628870
MGYG000002840__gradient_L5_pectin_gapseq	1189	1321	395	bio1	0.336622	0.997577	3.612608
MGYG000002840__gradient_L6_resistant_starch_gapseq	1189	1321	395	bio1	0.336622	1.044484	3.543753
MGYG000002840__gradient_L7_bglucan_gapseq	1189	1321	395	bio1	0.336622	0.977232	3.631050
MGYG000002840__gradient_L8_hmo_gapseq	1189	1321	395	bio1	0.336622	0.936117	3.532329
MGYG000002840__gradient_L9_mos_gapseq	1189	1321	395	bio1	0.336622	1.052267	3.542156
MGYG000002848__gradient_L0_base_gapseq	1064	1212	264	bio1	0.000000	0.852477	0.039887
MGYG000002848__gradient_L1_inulin_gapseq	1064	1212	264	bio1	0.292657	0.830935	3.254459
MGYG000002848__gradient_L2_fos_gapseq	1064	1212	264	bio1	0.292657	0.846563	3.197087
MGYG000002848__gradient_L3_gos_gapseq	1064	1212	264	bio1	0.369308	0.927568	3.173247
MGYG000002848__gradient_L4_xos_gapseq	1064	1212	264	bio1	0.439718	0.859068	3.267461
MGYG000002848__gradient_L5_pectin_gapseq	1064	1212	264	bio1	0.439718	0.849252	3.228811
MGYG000002848__gradient_L6_resistant_starch_gapseq	1064	1212	264	bio1	0.886539	0.842938	3.246022
MGYG000002848__gradient_L7_bglucan_gapseq	1064	1212	264	bio1	1.048130	0.847075	3.169981
MGYG000002848__gradient_L8_hmo_gapseq	1064	1212	264	bio1	1.048130	0.917767	3.156201
MGYG000002848__gradient_L9_mos_gapseq	1064	1212	264	bio1	1.121684	0.856929	3.159146
MGYG000002852__gradient_L0_base_gapseq	1137	1284	312	bio1	0.000000	0.908152	0.042604
MGYG000002852__gradient_L1_inulin_gapseq	1137	1284	312	bio1	0.000000	0.899774	0.121945
MGYG000002852__gradient_L2_fos_gapseq	1137	1284	312	bio1	0.000000	0.908411	0.044271
MGYG000002852__gradient_L3_gos_gapseq	1137	1284	312	bio1	0.000000	0.928931	0.044487
MGYG000002852__gradient_L4_xos_gapseq	1137	1284	312	bio1	0.000000	0.984534	0.045331
MGYG000002852__gradient_L5_pectin_gapseq	1137	1284	312	bio1	0.000000	0.904300	0.045794
MGYG000002852__gradient_L6_resistant_starch_gapseq	1137	1284	312	bio1	0.000000	1.016986	0.043715
MGYG000002852__gradient_L7_bglucan_gapseq	1137	1284	312	bio1	0.000000	0.905997	0.044999
MGYG000002852__gradient_L8_hmo_gapseq	1137	1284	312	bio1	0.000000	0.916946	0.141298
MGYG000002852__gradient_L9_mos_gapseq	1137	1284	312	bio1	0.000000	0.902102	0.044220
MGYG000002858__gradient_L0_base_gapseq	1183	1290	329	bio1	0.704454	1.011844	3.500209
MGYG000002858__gradient_L1_inulin_gapseq	1183	1290	329	bio1	0.992541	0.985404	3.514312
MGYG000002858__gradient_L2_fos_gapseq	1183	1290	329	bio1	0.992541	1.010307	3.524123
MGYG000002858__gradient_L3_gos_gapseq	1183	1290	329	bio1	1.284381	0.920962	3.593713
MGYG000002858__gradient_L4_xos_gapseq	1183	1290	329	bio1	1.284381	0.945530	3.527976
MGYG000002858__gradient_L5_pectin_gapseq	1183	1290	329	bio1	1.284381	1.007412	3.506749
MGYG000002858__gradient_L6_resistant_starch_gapseq	1183	1290	329	bio1	1.896732	0.886278	3.622785
MGYG000002858__gradient_L7_bglucan_gapseq	1183	1290	329	bio1	2.102323	0.929494	3.530952
MGYG000002858__gradient_L8_hmo_gapseq	1183	1290	329	bio1	2.102323	0.995979	3.516203
MGYG000002858__gradient_L9_mos_gapseq	1183	1290	329	bio1	2.243805	0.946107	3.540082
MGYG000002870__gradient_L0_base_gapseq	727	665	80	bio1	0.000000	0.457388	0.013066
MGYG000002870__gradient_L1_inulin_gapseq	727	665	80	bio1	0.000000	0.460134	0.017454
MGYG000002870__gradient_L2_fos_gapseq	727	665	80	bio1	0.000000	0.573784	0.016920
MGYG000002870__gradient_L3_gos_gapseq	727	665	80	bio1	0.000000	0.488126	0.016887
MGYG000002870__gradient_L4_xos_gapseq	727	665	80	bio1	0.000000	0.460287	0.016822
MGYG000002870__gradient_L5_pectin_gapseq	727	665	80	bio1	0.000000	0.457114	0.017818
MGYG000002870__gradient_L6_resistant_starch_gapseq	727	665	80	bio1	0.000000	0.453658	0.016834
MGYG000002870__gradient_L7_bglucan_gapseq	727	665	80	bio1	0.000000	0.563653	0.016927
MGYG000002870__gradient_L8_hmo_gapseq	727	665	80	bio1	0.000000	0.461868	0.017101
MGYG000002870__gradient_L9_mos_gapseq	727	665	80	bio1	0.000000	0.481871	0.018446
MGYG000002875__gradient_L0_base_gapseq	1142	1251	274	bio1	0.000000	0.912864	0.038810
MGYG000002875__gradient_L1_inulin_gapseq	1142	1251	274	bio1	0.000000	0.980467	0.041256
MGYG000002875__gradient_L2_fos_gapseq	1142	1251	274	bio1	0.000000	0.875385	0.041585
MGYG000002875__gradient_L3_gos_gapseq	1142	1251	274	bio1	0.000000	1.003645	0.041078
MGYG000002875__gradient_L4_xos_gapseq	1142	1251	274	bio1	0.368780	0.863966	3.266062
MGYG000002875__gradient_L5_pectin_gapseq	1142	1251	274	bio1	0.368780	0.891597	3.491053
MGYG000002875__gradient_L6_resistant_starch_gapseq	1142	1251	274	bio1	0.627571	0.885022	3.281156
MGYG000002875__gradient_L7_bglucan_gapseq	1142	1251	274	bio1	0.627571	0.933907	3.284534
MGYG000002875__gradient_L8_hmo_gapseq	1142	1251	274	bio1	0.627571	0.877792	3.361363
MGYG000002875__gradient_L9_mos_gapseq	1142	1251	274	bio1	0.731084	0.874054	3.257526
MGYG000002883__gradient_L0_base_gapseq	1126	1183	211	bio1	0.000000	0.950190	0.036659
MGYG000002883__gradient_L1_inulin_gapseq	1126	1183	211	bio1	0.048074	0.860551	3.005301
MGYG000002883__gradient_L2_fos_gapseq	1126	1183	211	bio1	0.048074	0.900952	3.021870
MGYG000002883__gradient_L3_gos_gapseq	1126	1183	211	bio1	0.048074	0.854923	3.089148
MGYG000002883__gradient_L4_xos_gapseq	1126	1183	211	bio1	0.048074	0.863845	3.003642
MGYG000002883__gradient_L5_pectin_gapseq	1126	1183	211	bio1	0.048074	0.857754	3.079680
MGYG000002883__gradient_L6_resistant_starch_gapseq	1126	1183	211	bio1	0.048074	0.863348	3.008822
MGYG000002883__gradient_L7_bglucan_gapseq	1126	1183	211	bio1	0.048074	0.898574	3.023102
MGYG000002883__gradient_L8_hmo_gapseq	1126	1183	211	bio1	0.048074	0.855786	3.986960
MGYG000002883__gradient_L9_mos_gapseq	1126	1183	211	bio1	0.048074	0.966511	3.028436
MGYG000002884__gradient_L0_base_gapseq	1214	1310	238	bio1	0.000000	0.917017	0.046316
MGYG000002884__gradient_L1_inulin_gapseq	1214	1310	238	bio1	0.000000	1.015511	0.048023
MGYG000002884__gradient_L2_fos_gapseq	1214	1310	238	bio1	0.000000	0.937060	0.047298
MGYG000002884__gradient_L3_gos_gapseq	1214	1310	238	bio1	0.911872	0.997271	3.497972
MGYG000002884__gradient_L4_xos_gapseq	1214	1310	238	bio1	0.911872	0.955797	3.489326
MGYG000002884__gradient_L5_pectin_gapseq	1214	1310	238	bio1	0.911872	1.021806	3.481947
MGYG000002884__gradient_L6_resistant_starch_gapseq	1214	1310	238	bio1	1.045615	0.937800	3.575354
MGYG000002884__gradient_L7_bglucan_gapseq	1214	1310	238	bio1	1.045615	0.944251	3.498811
MGYG000002884__gradient_L8_hmo_gapseq	1214	1310	238	bio1	1.045615	1.961904	3.717140
MGYG000002884__gradient_L9_mos_gapseq	1214	1310	238	bio1	1.179357	0.926790	3.576043
MGYG000002888__gradient_L0_base_gapseq	1695	1969	450	bio1	0.864969	1.504489	7.653649
MGYG000002888__gradient_L1_inulin_gapseq	1695	1969	450	bio1	1.068891	1.532325	7.682306
MGYG000002888__gradient_L2_fos_gapseq	1695	1969	450	bio1	1.068891	2.556853	7.713440
MGYG000002888__gradient_L3_gos_gapseq	1695	1969	450	bio1	1.265029	1.514519	7.607162
MGYG000002888__gradient_L4_xos_gapseq	1695	1969	450	bio1	1.320290	1.573850	7.644813
MGYG000002888__gradient_L5_pectin_gapseq	1695	1969	450	bio1	1.320290	1.521239	7.686513
MGYG000002888__gradient_L6_resistant_starch_gapseq	1695	1969	450	bio1	1.597374	1.534237	7.661694
MGYG000002888__gradient_L7_bglucan_gapseq	1695	1969	450	bio1	1.597374	1.515768	7.779729
MGYG000002888__gradient_L8_hmo_gapseq	1695	1969	450	bio1	1.597374	1.615852	7.792577
MGYG000002888__gradient_L9_mos_gapseq	1695	1969	450	bio1	1.696999	1.521873	7.656301
MGYG000002898__gradient_L0_base_gapseq	1534	1873	551	bio1	1.018539	1.398019	8.078170
MGYG000002898__gradient_L1_inulin_gapseq	1534	1873	551	bio1	1.249153	1.611915	7.043853
MGYG000002898__gradient_L2_fos_gapseq	1534	1873	551	bio1	1.249153	1.390737	7.008936
MGYG000002898__gradient_L3_gos_gapseq	1534	1873	551	bio1	1.450941	1.430709	7.054537
MGYG000002898__gradient_L4_xos_gapseq	1534	1873	551	bio1	1.494181	1.419227	7.072797
MGYG000002898__gradient_L5_pectin_gapseq	1534	1873	551	bio1	1.494181	1.384207	7.079355
MGYG000002898__gradient_L6_resistant_starch_gapseq	1534	1873	551	bio1	1.993847	1.418688	7.242735
MGYG000002898__gradient_L7_bglucan_gapseq	1534	1873	551	bio1	1.993847	1.411344	7.208868
MGYG000002898__gradient_L8_hmo_gapseq	1534	1873	551	bio1	1.993847	1.450842	7.156898
MGYG000002898__gradient_L9_mos_gapseq	1534	1873	551	bio1	2.109154	1.392352	7.083285
MGYG000002903__gradient_L0_base_gapseq	1219	1223	232	bio1	0.036745	0.875109	3.328149
MGYG000002903__gradient_L1_inulin_gapseq	1219	1223	232	bio1	0.122565	0.897292	3.239522
MGYG000002903__gradient_L2_fos_gapseq	1219	1223	232	bio1	0.122565	0.944471	3.256045
MGYG000002903__gradient_L3_gos_gapseq	1219	1223	232	bio1	0.122565	0.895591	3.225399
MGYG000002903__gradient_L4_xos_gapseq	1219	1223	232	bio1	0.122565	0.962578	3.257071
MGYG000002903__gradient_L5_pectin_gapseq	1219	1223	232	bio1	0.122565	0.898092	3.310461
MGYG000002903__gradient_L6_resistant_starch_gapseq	1219	1223	232	bio1	0.204282	0.896684	3.260756
MGYG000002903__gradient_L7_bglucan_gapseq	1219	1223	232	bio1	0.204282	0.947674	3.267009
MGYG000002903__gradient_L8_hmo_gapseq	1219	1223	232	bio1	0.204282	0.894555	3.256790
MGYG000002903__gradient_L9_mos_gapseq	1219	1223	232	bio1	0.204282	1.005664	3.262772
MGYG000002918__gradient_L0_base_gapseq	1135	1279	311	bio1	0.730744	0.903561	3.350254
MGYG000002918__gradient_L1_inulin_gapseq	1135	1279	311	bio1	1.024688	0.937599	3.338344
MGYG000002918__gradient_L2_fos_gapseq	1135	1279	311	bio1	1.024688	0.899039	3.324389
MGYG000002918__gradient_L3_gos_gapseq	1135	1279	311	bio1	1.318094	0.957870	3.340522
MGYG000002918__gradient_L4_xos_gapseq	1135	1279	311	bio1	1.318094	0.900615	3.421155
MGYG000002918__gradient_L5_pectin_gapseq	1135	1279	311	bio1	1.318094	0.914659	3.345361
MGYG000002918__gradient_L6_resistant_starch_gapseq	1135	1279	311	bio1	1.933802	0.973687	3.359681
MGYG000002918__gradient_L7_bglucan_gapseq	1135	1279	311	bio1	1.933802	0.888263	3.431893
MGYG000002918__gradient_L8_hmo_gapseq	1135	1279	311	bio1	1.933802	0.891874	3.321428
MGYG000002918__gradient_L9_mos_gapseq	1135	1279	311	bio1	2.076060	0.968561	3.449549
MGYG000002926__gradient_L0_base_gapseq	1048	1146	261	bio1	0.000000	0.853389	0.050659
MGYG000002926__gradient_L1_inulin_gapseq	1048	1146	261	bio1	0.000000	0.886188	0.040283
MGYG000002926__gradient_L2_fos_gapseq	1048	1146	261	bio1	0.000000	0.845071	0.042737
MGYG000002926__gradient_L3_gos_gapseq	1048	1146	261	bio1	0.000000	0.903301	0.040496
MGYG000002926__gradient_L4_xos_gapseq	1048	1146	261	bio1	0.000000	0.830248	0.040596
MGYG000002926__gradient_L5_pectin_gapseq	1048	1146	261	bio1	0.000000	0.822354	0.040122
MGYG000002926__gradient_L6_resistant_starch_gapseq	1048	1146	261	bio1	0.000000	0.918351	0.039713
MGYG000002926__gradient_L7_bglucan_gapseq	1048	1146	261	bio1	0.000000	0.822700	0.040023
MGYG000002926__gradient_L8_hmo_gapseq	1048	1146	261	bio1	0.000000	0.836670	0.041142
MGYG000002926__gradient_L9_mos_gapseq	1048	1146	261	bio1	0.000000	0.927867	0.041258
MGYG000002959__gradient_L0_base_gapseq	1102	1212	273	bio1	0.347648	0.886353	3.091350
MGYG000002959__gradient_L1_inulin_gapseq	1102	1212	273	bio1	0.499900	0.977708	3.117257
MGYG000002959__gradient_L2_fos_gapseq	1102	1212	273	bio1	0.499900	0.854280	3.198959
MGYG000002959__gradient_L3_gos_gapseq	1102	1212	273	bio1	0.499900	0.885046	3.123050
MGYG000002959__gradient_L4_xos_gapseq	1102	1212	273	bio1	0.499900	0.949073	3.082610
MGYG000002959__gradient_L5_pectin_gapseq	1102	1212	273	bio1	0.499900	0.882604	3.107429
MGYG000002959__gradient_L6_resistant_starch_gapseq	1102	1212	273	bio1	0.499900	0.932217	3.108512
MGYG000002959__gradient_L7_bglucan_gapseq	1102	1212	273	bio1	0.499900	0.898395	3.212697
MGYG000002959__gradient_L8_hmo_gapseq	1102	1212	273	bio1	0.499900	0.861109	3.108788
MGYG000002959__gradient_L9_mos_gapseq	1102	1212	273	bio1	0.499900	0.903883	3.097320
MGYG000002969__gradient_L0_base_gapseq	1338	1407	338	bio1	0.074961	1.017989	4.267329
MGYG000002969__gradient_L1_inulin_gapseq	1338	1407	338	bio1	0.159663	1.015013	4.114432
MGYG000002969__gradient_L2_fos_gapseq	1338	1407	338	bio1	0.159663	1.124944	4.075033
MGYG000002969__gradient_L3_gos_gapseq	1338	1407	338	bio1	0.159663	1.013703	4.181498
MGYG000002969__gradient_L4_xos_gapseq	1338	1407	338	bio1	0.159663	1.033225	4.124971
MGYG000002969__gradient_L5_pectin_gapseq	1338	1407	338	bio1	0.159663	1.068545	4.101286
MGYG000002969__gradient_L6_resistant_starch_gapseq	1338	1407	338	bio1	0.491469	1.020810	4.156447
MGYG000002969__gradient_L7_bglucan_gapseq	1338	1407	338	bio1	0.491469	1.056608	4.098385
MGYG000002969__gradient_L8_hmo_gapseq	1338	1407	338	bio1	0.491469	1.121849	4.090020
MGYG000002969__gradient_L9_mos_gapseq	1338	1407	338	bio1	0.491469	1.116664	4.073106
MGYG000002986__gradient_L0_base_gapseq	1269	1406	315	bio1	0.792384	1.123022	4.106854
MGYG000002986__gradient_L1_inulin_gapseq	1269	1406	315	bio1	0.950205	1.067194	4.132478
MGYG000002986__gradient_L2_fos_gapseq	1269	1406	315	bio1	0.950205	1.014063	4.217737
MGYG000002986__gradient_L3_gos_gapseq	1269	1406	315	bio1	0.950205	1.000305	4.084167
MGYG000002986__gradient_L4_xos_gapseq	1269	1406	315	bio1	0.969933	1.094273	4.090322
MGYG000002986__gradient_L5_pectin_gapseq	1269	1406	315	bio1	0.969933	0.991005	4.174849
MGYG000002986__gradient_L6_resistant_starch_gapseq	1269	1406	315	bio1	1.047526	1.026793	4.088838
MGYG000002986__gradient_L7_bglucan_gapseq	1269	1406	315	bio1	1.047526	1.061304	4.092115
MGYG000002986__gradient_L8_hmo_gapseq	1269	1406	315	bio1	1.047526	1.089646	4.104166
MGYG000002986__gradient_L9_mos_gapseq	1269	1406	315	bio1	1.124527	1.002203	4.255724
MGYG000003012__gradient_L0_base_gapseq	1406	1610	464	bio1	0.000000	1.260160	0.066964
MGYG000003012__gradient_L1_inulin_gapseq	1406	1610	464	bio1	0.000000	1.130143	0.068802
MGYG000003012__gradient_L2_fos_gapseq	1406	1610	464	bio1	0.000000	1.257357	0.067861
MGYG000003012__gradient_L3_gos_gapseq	1406	1610	464	bio1	0.000000	1.164482	0.069949
MGYG000003012__gradient_L4_xos_gapseq	1406	1610	464	bio1	0.000000	1.241051	0.070595
MGYG000003012__gradient_L5_pectin_gapseq	1406	1610	464	bio1	0.000000	1.160752	0.069859
MGYG000003012__gradient_L6_resistant_starch_gapseq	1406	1610	464	bio1	0.000000	1.266663	0.071630
MGYG000003012__gradient_L7_bglucan_gapseq	1406	1610	464	bio1	0.000000	1.133960	0.076060
MGYG000003012__gradient_L8_hmo_gapseq	1406	1610	464	bio1	0.000000	1.252161	0.072354
MGYG000003012__gradient_L9_mos_gapseq	1406	1610	464	bio1	0.000000	1.238372	0.071383
MGYG000003022__gradient_L0_base_gapseq	1193	1277	356	bio1	0.240813	0.932303	3.444935
MGYG000003022__gradient_L1_inulin_gapseq	1193	1277	356	bio1	0.344729	1.068981	3.452018
MGYG000003022__gradient_L2_fos_gapseq	1193	1277	356	bio1	0.344729	0.920722	3.413538
MGYG000003022__gradient_L3_gos_gapseq	1193	1277	356	bio1	0.344729	1.009654	3.427908
MGYG000003022__gradient_L4_xos_gapseq	1193	1277	356	bio1	0.344729	0.950831	3.503232
MGYG000003022__gradient_L5_pectin_gapseq	1193	1277	356	bio1	0.344729	0.952685	3.430824
MGYG000003022__gradient_L6_resistant_starch_gapseq	1193	1277	356	bio1	0.344729	0.990168	3.464541
MGYG000003022__gradient_L7_bglucan_gapseq	1193	1277	356	bio1	0.344729	0.924400	3.577768
MGYG000003022__gradient_L8_hmo_gapseq	1193	1277	356	bio1	0.344729	0.908759	3.465924
MGYG000003022__gradient_L9_mos_gapseq	1193	1277	356	bio1	0.344729	1.042650	3.470055
MGYG000003046__gradient_L0_base_gapseq	1162	1315	310	bio1	0.754411	0.929914	3.514647
MGYG000003046__gradient_L1_inulin_gapseq	1162	1315	310	bio1	1.046019	1.018812	3.530746
MGYG000003046__gradient_L2_fos_gapseq	1162	1315	310	bio1	1.046019	0.925397	3.582293
MGYG000003046__gradient_L3_gos_gapseq	1162	1315	310	bio1	1.337933	0.951207	3.545044
MGYG000003046__gradient_L4_xos_gapseq	1162	1315	310	bio1	1.399855	1.035145	3.530558
MGYG000003046__gradient_L5_pectin_gapseq	1162	1315	310	bio1	1.399855	0.928571	3.602832
MGYG000003046__gradient_L6_resistant_starch_gapseq	1162	1315	310	bio1	2.012434	0.912982	3.559197
MGYG000003046__gradient_L7_bglucan_gapseq	1162	1315	310	bio1	2.012434	1.018314	3.566451
MGYG000003046__gradient_L8_hmo_gapseq	1162	1315	310	bio1	2.012434	0.903102	3.716203
MGYG000003046__gradient_L9_mos_gapseq	1162	1315	310	bio1	2.153968	0.910394	3.585402
MGYG000003058__gradient_L0_base_gapseq	935	915	157	bio1	0.000000	0.658041	0.021768
MGYG000003058__gradient_L1_inulin_gapseq	935	915	157	bio1	0.000000	0.664673	0.028236
MGYG000003058__gradient_L2_fos_gapseq	935	915	157	bio1	0.000000	0.794392	0.030437
MGYG000003058__gradient_L3_gos_gapseq	935	915	157	bio1	0.000000	0.674305	0.029355
MGYG000003058__gradient_L4_xos_gapseq	935	915	157	bio1	0.000000	0.660609	0.028272
MGYG000003058__gradient_L5_pectin_gapseq	935	915	157	bio1	0.000000	0.727340	0.028217
MGYG000003058__gradient_L6_resistant_starch_gapseq	935	915	157	bio1	0.000000	0.720853	0.029430
MGYG000003058__gradient_L7_bglucan_gapseq	935	915	157	bio1	0.000000	0.715946	0.028418
MGYG000003058__gradient_L8_hmo_gapseq	935	915	157	bio1	0.000000	0.762297	0.028459
MGYG000003058__gradient_L9_mos_gapseq	935	915	157	bio1	0.000000	0.653272	0.029197
MGYG000003065__gradient_L0_base_gapseq	1400	1642	448	bio1	0.744028	1.181138	5.610286
MGYG000003065__gradient_L1_inulin_gapseq	1400	1642	448	bio1	0.970065	1.179659	5.614338
MGYG000003065__gradient_L2_fos_gapseq	1400	1642	448	bio1	0.970065	1.202507	5.520311
MGYG000003065__gradient_L3_gos_gapseq	1400	1642	448	bio1	1.185420	1.221752	5.484576
MGYG000003065__gradient_L4_xos_gapseq	1400	1642	448	bio1	1.220082	1.241174	5.505754
MGYG000003065__gradient_L5_pectin_gapseq	1400	1642	448	bio1	1.220082	1.240260	5.499754
MGYG000003065__gradient_L6_resistant_starch_gapseq	1400	1642	448	bio1	1.693792	1.253349	5.651381
MGYG000003065__gradient_L7_bglucan_gapseq	1400	1642	448	bio1	1.853235	1.252741	5.589317
MGYG000003065__gradient_L8_hmo_gapseq	1400	1642	448	bio1	1.968774	1.155575	5.535236
MGYG000003065__gradient_L9_mos_gapseq	1400	1642	448	bio1	1.968774	1.284057	5.715096
MGYG000003125__gradient_L0_base_gapseq	1622	1897	469	bio1	0.496449	1.356086	7.111074
MGYG000003125__gradient_L1_inulin_gapseq	1622	1897	469	bio1	0.780347	1.460371	7.033074
MGYG000003125__gradient_L2_fos_gapseq	1622	1897	469	bio1	0.780347	1.432385	7.019152
MGYG000003125__gradient_L3_gos_gapseq	1622	1897	469	bio1	0.878620	1.446254	7.071600
MGYG000003125__gradient_L4_xos_gapseq	1622	1897	469	bio1	0.955054	1.450416	7.013483
MGYG000003125__gradient_L5_pectin_gapseq	1622	1897	469	bio1	0.955054	1.440479	7.051323
MGYG000003125__gradient_L6_resistant_starch_gapseq	1622	1897	469	bio1	1.488206	1.441479	7.290007
MGYG000003125__gradient_L7_bglucan_gapseq	1622	1897	469	bio1	1.488206	1.493243	7.215241
MGYG000003125__gradient_L8_hmo_gapseq	1622	1897	469	bio1	1.488206	1.459714	7.138599
MGYG000003125__gradient_L9_mos_gapseq	1622	1897	469	bio1	1.597365	1.517209	7.505280
MGYG000003135__gradient_L0_base_gapseq	1414	1636	373	bio1	0.000000	1.211978	0.064439
MGYG000003135__gradient_L1_inulin_gapseq	1414	1636	373	bio1	0.000000	1.296307	0.067489
MGYG000003135__gradient_L2_fos_gapseq	1414	1636	373	bio1	0.000000	1.210315	0.144058
MGYG000003135__gradient_L3_gos_gapseq	1414	1636	373	bio1	0.728627	1.216937	5.408756
MGYG000003135__gradient_L4_xos_gapseq	1414	1636	373	bio1	0.805526	1.247886	5.426055
MGYG000003135__gradient_L5_pectin_gapseq	1414	1636	373	bio1	0.805526	1.251721	5.449665
MGYG000003135__gradient_L6_resistant_starch_gapseq	1414	1636	373	bio1	1.417805	1.300280	5.420587
MGYG000003135__gradient_L7_bglucan_gapseq	1414	1636	373	bio1	1.417805	1.145308	5.535366
MGYG000003135__gradient_L8_hmo_gapseq	1414	1636	373	bio1	1.417805	1.134222	5.529619
MGYG000003135__gradient_L9_mos_gapseq	1414	1636	373	bio1	1.538816	1.272169	5.626710
MGYG000003138__gradient_L0_base_gapseq	1374	1610	370	bio1	0.000000	1.238402	0.068381
MGYG000003138__gradient_L1_inulin_gapseq	1374	1610	370	bio1	0.000000	1.161470	0.065567
MGYG000003138__gradient_L2_fos_gapseq	1374	1610	370	bio1	0.000000	1.207323	0.066398
MGYG000003138__gradient_L3_gos_gapseq	1374	1610	370	bio1	0.000000	1.144558	0.066207
MGYG000003138__gradient_L4_xos_gapseq	1374	1610	370	bio1	0.000000	1.204151	0.066559
MGYG000003138__gradient_L5_pectin_gapseq	1374	1610	370	bio1	0.000000	1.188352	0.151128
MGYG000003138__gradient_L6_resistant_starch_gapseq	1374	1610	370	bio1	0.000000	1.151419	0.068289
MGYG000003138__gradient_L7_bglucan_gapseq	1374	1610	370	bio1	0.000000	1.208181	0.066527
MGYG000003138__gradient_L8_hmo_gapseq	1374	1610	370	bio1	0.000000	1.131435	0.066861
MGYG000003138__gradient_L9_mos_gapseq	1374	1610	370	bio1	0.000000	1.279660	0.066361
MGYG000003180__gradient_L0_base_gapseq	1149	1278	283	bio1	0.701239	0.876393	3.340716
MGYG000003180__gradient_L1_inulin_gapseq	1149	1278	283	bio1	0.988012	1.059691	3.372546
MGYG000003180__gradient_L2_fos_gapseq	1149	1278	283	bio1	0.988012	0.911041	3.411877
MGYG000003180__gradient_L3_gos_gapseq	1149	1278	283	bio1	1.278623	0.889967	3.340457
MGYG000003180__gradient_L4_xos_gapseq	1149	1278	283	bio1	1.278623	0.884377	3.432114
MGYG000003180__gradient_L5_pectin_gapseq	1149	1278	283	bio1	1.278623	0.876927	3.340937
MGYG000003180__gradient_L6_resistant_starch_gapseq	1149	1278	283	bio1	1.888230	0.947050	3.435347
MGYG000003180__gradient_L7_bglucan_gapseq	1149	1278	283	bio1	1.888230	0.893489	3.557187
MGYG000003180__gradient_L8_hmo_gapseq	1149	1278	283	bio1	1.888230	0.942841	3.435430
MGYG000003180__gradient_L9_mos_gapseq	1149	1278	283	bio1	2.029077	0.952261	3.459448
MGYG000003188__gradient_L0_base_gapseq	1366	1491	375	bio1	0.375205	1.189272	4.789186
MGYG000003188__gradient_L1_inulin_gapseq	1366	1491	375	bio1	0.525291	1.134653	4.880619
MGYG000003188__gradient_L2_fos_gapseq	1366	1491	375	bio1	0.525291	1.083619	4.851295
MGYG000003188__gradient_L3_gos_gapseq	1366	1491	375	bio1	0.525291	1.107212	4.933811
MGYG000003188__gradient_L4_xos_gapseq	1366	1491	375	bio1	0.525291	1.179217	4.872827
MGYG000003188__gradient_L5_pectin_gapseq	1366	1491	375	bio1	0.525291	1.075497	4.923079
MGYG000003188__gradient_L6_resistant_starch_gapseq	1366	1491	375	bio1	0.525291	1.080962	4.830923
MGYG000003188__gradient_L7_bglucan_gapseq	1366	1491	375	bio1	0.525291	1.064945	4.760580
MGYG000003188__gradient_L8_hmo_gapseq	1366	1491	375	bio1	0.525291	1.136923	4.663205
MGYG000003188__gradient_L9_mos_gapseq	1366	1491	375	bio1	0.525291	1.153967	4.677909
MGYG000003197__gradient_L0_base_gapseq	1177	1309	336	bio1	0.288800	1.026486	3.695209
MGYG000003197__gradient_L1_inulin_gapseq	1177	1309	336	bio1	0.427126	0.982837	3.809133
MGYG000003197__gradient_L2_fos_gapseq	1177	1309	336	bio1	0.427126	0.924906	3.664389
MGYG000003197__gradient_L3_gos_gapseq	1177	1309	336	bio1	0.487428	1.002595	3.819184
MGYG000003197__gradient_L4_xos_gapseq	1177	1309	336	bio1	0.487428	0.969801	3.888980
MGYG000003197__gradient_L5_pectin_gapseq	1177	1309	336	bio1	0.487428	0.957790	3.732760
MGYG000003197__gradient_L6_resistant_starch_gapseq	1177	1309	336	bio1	0.577880	1.002097	3.765079
MGYG000003197__gradient_L7_bglucan_gapseq	1177	1309	336	bio1	0.577880	0.932182	3.772498
MGYG000003197__gradient_L8_hmo_gapseq	1177	1309	336	bio1	0.577880	0.904910	3.693090
MGYG000003197__gradient_L9_mos_gapseq	1177	1309	336	bio1	0.577880	0.995708	3.687127
MGYG000003217__gradient_L0_base_gapseq	968	981	147	bio1	0.252821	0.688086	2.101343
MGYG000003217__gradient_L1_inulin_gapseq	968	981	147	bio1	0.332140	0.746116	2.062254
MGYG000003217__gradient_L2_fos_gapseq	968	981	147	bio1	0.332140	0.682536	2.103086
MGYG000003217__gradient_L3_gos_gapseq	968	981	147	bio1	0.332140	0.685660	2.289763
MGYG000003217__gradient_L4_xos_gapseq	968	981	147	bio1	0.347012	0.696990	2.117794
MGYG000003217__gradient_L5_pectin_gapseq	968	981	147	bio1	0.347012	0.701236	2.176932
MGYG000003217__gradient_L6_resistant_starch_gapseq	968	981	147	bio1	0.552747	0.769512	2.088217
MGYG000003217__gradient_L7_bglucan_gapseq	968	981	147	bio1	0.552747	0.673793	2.094826
MGYG000003217__gradient_L8_hmo_gapseq	968	981	147	bio1	0.552747	0.778660	2.102148
MGYG000003217__gradient_L9_mos_gapseq	968	981	147	bio1	0.552747	0.701901	2.080573
MGYG000003218__gradient_L0_base_gapseq	996	1000	175	bio1	0.000000	0.804258	0.030007
MGYG000003218__gradient_L1_inulin_gapseq	996	1000	175	bio1	0.000000	0.710854	0.033201
MGYG000003218__gradient_L2_fos_gapseq	996	1000	175	bio1	0.000000	0.715461	0.031977
MGYG000003218__gradient_L3_gos_gapseq	996	1000	175	bio1	0.000000	0.777622	0.034059
MGYG000003218__gradient_L4_xos_gapseq	996	1000	175	bio1	0.000000	0.710106	0.033014
MGYG000003218__gradient_L5_pectin_gapseq	996	1000	175	bio1	0.000000	0.703726	0.032124
MGYG000003218__gradient_L6_resistant_starch_gapseq	996	1000	175	bio1	0.000000	0.828205	0.034701
MGYG000003218__gradient_L7_bglucan_gapseq	996	1000	175	bio1	0.000000	0.725667	0.032388
MGYG000003218__gradient_L8_hmo_gapseq	996	1000	175	bio1	0.000000	0.702901	0.033879
MGYG000003218__gradient_L9_mos_gapseq	996	1000	175	bio1	0.000000	0.806734	0.031955
MGYG000003222__gradient_L0_base_gapseq	583	538	70	bio1	0.000000	0.346363	0.013977
MGYG000003222__gradient_L1_inulin_gapseq	583	538	70	bio1	0.287745	0.341074	0.726569
MGYG000003222__gradient_L2_fos_gapseq	583	538	70	bio1	0.287745	0.353540	0.715691
MGYG000003222__gradient_L3_gos_gapseq	583	538	70	bio1	0.287745	0.348543	0.855096
MGYG000003222__gradient_L4_xos_gapseq	583	538	70	bio1	0.287745	0.346779	0.712339
MGYG000003222__gradient_L5_pectin_gapseq	583	538	70	bio1	0.287745	0.354272	0.714419
MGYG000003222__gradient_L6_resistant_starch_gapseq	583	538	70	bio1	0.287745	0.339679	0.718397
MGYG000003222__gradient_L7_bglucan_gapseq	583	538	70	bio1	0.287745	0.358499	0.712641
MGYG000003222__gradient_L8_hmo_gapseq	583	538	70	bio1	0.287745	0.423473	0.729335
MGYG000003222__gradient_L9_mos_gapseq	583	538	70	bio1	0.287745	0.355244	0.718009
MGYG000003226__gradient_L0_base_gapseq	1037	1134	256	bio1	0.000000	0.856153	0.037216
MGYG000003226__gradient_L1_inulin_gapseq	1037	1134	256	bio1	0.000000	0.782047	0.036775
MGYG000003226__gradient_L2_fos_gapseq	1037	1134	256	bio1	0.000000	0.784400	0.036844
MGYG000003226__gradient_L3_gos_gapseq	1037	1134	256	bio1	0.199073	0.845576	2.676413
MGYG000003226__gradient_L4_xos_gapseq	1037	1134	256	bio1	0.199073	0.782040	2.693628
MGYG000003226__gradient_L5_pectin_gapseq	1037	1134	256	bio1	0.222495	0.867170	2.657840
MGYG000003226__gradient_L6_resistant_starch_gapseq	1037	1134	256	bio1	0.559765	0.781453	2.717075
MGYG000003226__gradient_L7_bglucan_gapseq	1037	1134	256	bio1	0.679215	0.805005	2.650196
MGYG000003226__gradient_L8_hmo_gapseq	1037	1134	256	bio1	0.758849	0.795219	2.711947
MGYG000003226__gradient_L9_mos_gapseq	1037	1134	256	bio1	0.758849	0.799300	2.640380
MGYG000003243__gradient_L0_base_gapseq	1080	1170	243	bio1	0.000000	0.808714	0.040999
MGYG000003243__gradient_L1_inulin_gapseq	1080	1170	243	bio1	0.346623	0.880516	2.908043
MGYG000003243__gradient_L2_fos_gapseq	1080	1170	243	bio1	0.346623	0.825314	2.887965
MGYG000003243__gradient_L3_gos_gapseq	1080	1170	243	bio1	0.477975	0.912866	2.887002
MGYG000003243__gradient_L4_xos_gapseq	1080	1170	243	bio1	0.477975	0.815960	2.957400
MGYG000003243__gradient_L5_pectin_gapseq	1080	1170	243	bio1	0.477975	0.816768	2.880994
MGYG000003243__gradient_L6_resistant_starch_gapseq	1080	1170	243	bio1	0.834643	0.826002	3.007789
MGYG000003243__gradient_L7_bglucan_gapseq	1080	1170	243	bio1	0.958386	0.818738	2.885544
MGYG000003243__gradient_L8_hmo_gapseq	1080	1170	243	bio1	0.958386	0.896711	2.870168
MGYG000003243__gradient_L9_mos_gapseq	1080	1170	243	bio1	0.976176	0.821521	2.877280
MGYG000003309__gradient_L0_base_gapseq	1199	1258	265	bio1	0.000000	0.918991	0.046433
MGYG000003309__gradient_L1_inulin_gapseq	1199	1258	265	bio1	0.000000	0.987710	0.047165
MGYG000003309__gradient_L2_fos_gapseq	1199	1258	265	bio1	0.000000	0.934155	0.047147
MGYG000003309__gradient_L3_gos_gapseq	1199	1258	265	bio1	0.000000	0.899783	0.126368
MGYG000003309__gradient_L4_xos_gapseq	1199	1258	265	bio1	0.000000	0.935674	0.045790
MGYG000003309__gradient_L5_pectin_gapseq	1199	1258	265	bio1	0.000000	0.934651	0.046905
MGYG000003309__gradient_L6_resistant_starch_gapseq	1199	1258	265	bio1	0.000000	1.019444	0.045372
MGYG000003309__gradient_L7_bglucan_gapseq	1199	1258	265	bio1	0.000000	0.911875	0.046372
MGYG000003309__gradient_L8_hmo_gapseq	1199	1258	265	bio1	0.000000	1.012456	0.045725
MGYG000003309__gradient_L9_mos_gapseq	1199	1258	265	bio1	0.000000	0.922679	0.046511
MGYG000003312__gradient_L0_base_gapseq	1521	1813	539	bio1	0.000000	1.391609	0.087183
MGYG000003312__gradient_L1_inulin_gapseq	1521	1813	539	bio1	0.000000	1.299398	0.085812
MGYG000003312__gradient_L2_fos_gapseq	1521	1813	539	bio1	0.000000	1.385407	0.085423
MGYG000003312__gradient_L3_gos_gapseq	1521	1813	539	bio1	0.000000	1.298099	0.089169
MGYG000003312__gradient_L4_xos_gapseq	1521	1813	539	bio1	1.449187	1.406411	6.771151
MGYG000003312__gradient_L5_pectin_gapseq	1521	1813	539	bio1	1.488792	1.523899	6.657712
MGYG000003312__gradient_L6_resistant_starch_gapseq	1521	1813	539	bio1	2.029927	1.383366	6.614143
MGYG000003312__gradient_L7_bglucan_gapseq	1521	1813	539	bio1	2.214610	1.382613	6.632014
MGYG000003312__gradient_L8_hmo_gapseq	1521	1813	539	bio1	2.214610	1.375455	6.652363
MGYG000003312__gradient_L9_mos_gapseq	1521	1813	539	bio1	2.276100	1.371251	6.774993
MGYG000003339__gradient_L0_base_gapseq	1144	1283	308	bio1	0.403468	0.928196	3.468651
MGYG000003339__gradient_L1_inulin_gapseq	1144	1283	308	bio1	0.595600	0.996855	3.524358
MGYG000003339__gradient_L2_fos_gapseq	1144	1283	308	bio1	0.595600	0.929954	3.561274
MGYG000003339__gradient_L3_gos_gapseq	1144	1283	308	bio1	0.768519	0.918283	3.463060
MGYG000003339__gradient_L4_xos_gapseq	1144	1283	308	bio1	0.768519	0.984475	3.470788
MGYG000003339__gradient_L5_pectin_gapseq	1144	1283	308	bio1	0.768519	0.911352	3.558361
MGYG000003339__gradient_L6_resistant_starch_gapseq	1144	1283	308	bio1	1.170986	0.909496	3.489432
MGYG000003339__gradient_L7_bglucan_gapseq	1144	1283	308	bio1	1.170986	0.964090	3.477914
MGYG000003339__gradient_L8_hmo_gapseq	1144	1283	308	bio1	1.170986	0.909538	3.490663
MGYG000003339__gradient_L9_mos_gapseq	1144	1283	308	bio1	1.265231	0.975120	3.473782
MGYG000003343__gradient_L0_base_gapseq	1434	1625	450	bio1	0.000000	1.323080	0.073508
MGYG000003343__gradient_L1_inulin_gapseq	1434	1625	450	bio1	0.000000	1.190282	0.064153
MGYG000003343__gradient_L2_fos_gapseq	1434	1625	450	bio1	0.000000	1.263684	0.064485
MGYG000003343__gradient_L3_gos_gapseq	1434	1625	450	bio1	0.000000	1.151516	0.064325
MGYG000003343__gradient_L4_xos_gapseq	1434	1625	450	bio1	0.673397	1.282012	5.219198
MGYG000003343__gradient_L5_pectin_gapseq	1434	1625	450	bio1	0.718644	1.297024	5.236273
MGYG000003343__gradient_L6_resistant_starch_gapseq	1434	1625	450	bio1	0.832242	1.171719	5.334244
MGYG000003343__gradient_L7_bglucan_gapseq	1434	1625	450	bio1	0.832242	1.198615	5.307221
MGYG000003343__gradient_L8_hmo_gapseq	1434	1625	450	bio1	0.832242	1.231203	5.238554
MGYG000003343__gradient_L9_mos_gapseq	1434	1625	450	bio1	0.832242	1.282513	5.252973
MGYG000003344__gradient_L0_base_gapseq	1311	1405	351	bio1	0.118747	1.113717	4.008966
MGYG000003344__gradient_L1_inulin_gapseq	1311	1405	351	bio1	0.216598	1.090573	3.996236
MGYG000003344__gradient_L2_fos_gapseq	1311	1405	351	bio1	0.216598	1.011336	4.097189
MGYG000003344__gradient_L3_gos_gapseq	1311	1405	351	bio1	0.216598	1.041457	4.007298
MGYG000003344__gradient_L4_xos_gapseq	1311	1405	351	bio1	0.216598	1.125078	4.010352
MGYG000003344__gradient_L5_pectin_gapseq	1311	1405	351	bio1	0.216598	1.022383	4.134117
MGYG000003344__gradient_L6_resistant_starch_gapseq	1311	1405	351	bio1	0.258187	1.024318	4.038206
MGYG000003344__gradient_L7_bglucan_gapseq	1311	1405	351	bio1	0.258187	1.129501	4.023997
MGYG000003344__gradient_L8_hmo_gapseq	1311	1405	351	bio1	0.258187	1.113269	4.072967
MGYG000003344__gradient_L9_mos_gapseq	1311	1405	351	bio1	0.258187	1.014630	4.132548
MGYG000003355__gradient_L0_base_gapseq	1623	1862	517	bio1	0.975818	1.388682	7.064349
MGYG000003355__gradient_L1_inulin_gapseq	1623	1862	517	bio1	1.307572	1.412634	6.929317
MGYG000003355__gradient_L2_fos_gapseq	1623	1862	517	bio1	1.307572	1.443531	7.050383
MGYG000003355__gradient_L3_gos_gapseq	1623	1862	517	bio1	1.653696	1.343248	7.242119
MGYG000003355__gradient_L4_xos_gapseq	1623	1862	517	bio1	1.752289	1.347077	7.469625
MGYG000003355__gradient_L5_pectin_gapseq	1623	1862	517	bio1	1.815221	1.408294	7.227659
MGYG000003355__gradient_L6_resistant_starch_gapseq	1623	1862	517	bio1	2.538936	1.415360	7.215681
MGYG000003355__gradient_L7_bglucan_gapseq	1623	1862	517	bio1	2.784370	1.320751	7.297543
MGYG000003355__gradient_L8_hmo_gapseq	1623	1862	517	bio1	2.956383	1.351385	7.214907
MGYG000003355__gradient_L9_mos_gapseq	1623	1862	517	bio1	3.090637	1.319388	7.668008
MGYG000003358__gradient_L0_base_gapseq	2319	2886	1271	bio1	1.536731	2.292781	15.924492
MGYG000003358__gradient_L1_inulin_gapseq	2319	2886	1271	bio1	1.858841	2.208292	16.646834
MGYG000003358__gradient_L2_fos_gapseq	2319	2886	1271	bio1	1.858841	2.387809	16.597166
MGYG000003358__gradient_L3_gos_gapseq	2319	2886	1271	bio1	2.205313	2.228048	16.476162
MGYG000003358__gradient_L4_xos_gapseq	2319	2886	1271	bio1	2.375966	2.421858	16.829534
MGYG000003358__gradient_L5_pectin_gapseq	2319	2886	1271	bio1	2.419212	2.258657	15.917404
MGYG000003358__gradient_L6_resistant_starch_gapseq	2319	2886	1271	bio1	3.066457	2.257453	17.471314
MGYG000003358__gradient_L7_bglucan_gapseq	2319	2886	1271	bio1	3.285066	2.146117	16.357733
MGYG000003358__gradient_L8_hmo_gapseq	2319	2886	1271	bio1	3.285066	2.227078	16.528728
MGYG000003358__gradient_L9_mos_gapseq	2319	2886	1271	bio1	3.425390	2.294134	17.924209
MGYG000003360__gradient_L0_base_gapseq	2243	2805	1219	bio1	1.476681	2.184150	15.731688
MGYG000003360__gradient_L1_inulin_gapseq	2243	2805	1219	bio1	1.789640	2.167748	16.566042
MGYG000003360__gradient_L2_fos_gapseq	2243	2805	1219	bio1	1.789640	2.095201	16.272198
MGYG000003360__gradient_L3_gos_gapseq	2243	2805	1219	bio1	2.136557	2.284308	16.369847
MGYG000003360__gradient_L4_xos_gapseq	2243	2805	1219	bio1	2.312566	2.310270	16.186799
MGYG000003360__gradient_L5_pectin_gapseq	2243	2805	1219	bio1	2.355864	2.131803	15.780745
MGYG000003360__gradient_L6_resistant_starch_gapseq	2243	2805	1219	bio1	3.023149	2.758013	16.353230
MGYG000003360__gradient_L7_bglucan_gapseq	2243	2805	1219	bio1	3.242524	2.218162	15.853925
MGYG000003360__gradient_L8_hmo_gapseq	2243	2805	1219	bio1	3.242524	2.174592	16.170238
MGYG000003360__gradient_L9_mos_gapseq	2243	2805	1219	bio1	3.382364	2.260212	17.335467
MGYG000003366__gradient_L0_base_gapseq	1315	1478	363	bio1	0.000000	1.026363	0.056386
MGYG000003366__gradient_L1_inulin_gapseq	1315	1478	363	bio1	0.000000	1.032549	0.058898
MGYG000003366__gradient_L2_fos_gapseq	1315	1478	363	bio1	0.000000	1.156472	0.056985
MGYG000003366__gradient_L3_gos_gapseq	1315	1478	363	bio1	0.907358	1.053392	4.603854
MGYG000003366__gradient_L4_xos_gapseq	1315	1478	363	bio1	0.972550	1.071627	4.654528
MGYG000003366__gradient_L5_pectin_gapseq	1315	1478	363	bio1	0.972550	1.224274	4.476468
MGYG000003366__gradient_L6_resistant_starch_gapseq	1315	1478	363	bio1	1.454599	1.167201	4.631619
MGYG000003366__gradient_L7_bglucan_gapseq	1315	1478	363	bio1	1.454599	1.068826	4.488672
MGYG000003366__gradient_L8_hmo_gapseq	1315	1478	363	bio1	1.454599	1.111916	4.559545
MGYG000003366__gradient_L9_mos_gapseq	1315	1478	363	bio1	1.454599	1.148397	4.447775
MGYG000003368__gradient_L0_base_gapseq	1035	1151	267	bio1	0.317909	0.852546	2.865165
MGYG000003368__gradient_L1_inulin_gapseq	1035	1151	267	bio1	0.395372	0.767445	2.753228
MGYG000003368__gradient_L2_fos_gapseq	1035	1151	267	bio1	0.395372	0.855488	2.978359
MGYG000003368__gradient_L3_gos_gapseq	1035	1151	267	bio1	0.395372	0.894536	2.918065
MGYG000003368__gradient_L4_xos_gapseq	1035	1151	267	bio1	0.414737	0.862218	2.804645
MGYG000003368__gradient_L5_pectin_gapseq	1035	1151	267	bio1	0.414737	0.769026	2.855150
MGYG000003368__gradient_L6_resistant_starch_gapseq	1035	1151	267	bio1	0.492200	0.845712	2.876003
MGYG000003368__gradient_L7_bglucan_gapseq	1035	1151	267	bio1	0.492200	0.773891	2.837115
MGYG000003368__gradient_L8_hmo_gapseq	1035	1151	267	bio1	0.492200	0.797688	2.784833
MGYG000003368__gradient_L9_mos_gapseq	1035	1151	267	bio1	0.492200	0.786842	2.810207
MGYG000003370__gradient_L0_base_gapseq	1458	1711	375	bio1	0.496830	1.222077	6.117984
MGYG000003370__gradient_L1_inulin_gapseq	1458	1711	375	bio1	0.650938	1.374953	6.005696
MGYG000003370__gradient_L2_fos_gapseq	1458	1711	375	bio1	0.650938	1.311863	5.890689
MGYG000003370__gradient_L3_gos_gapseq	1458	1711	375	bio1	0.795415	1.317089	6.035100
MGYG000003370__gradient_L4_xos_gapseq	1458	1711	375	bio1	0.814679	1.214153	6.661291
MGYG000003370__gradient_L5_pectin_gapseq	1458	1711	375	bio1	0.814679	1.689232	6.165210
MGYG000003370__gradient_L6_resistant_starch_gapseq	1458	1711	375	bio1	1.134936	1.216725	6.013229
MGYG000003370__gradient_L7_bglucan_gapseq	1458	1711	375	bio1	1.134936	1.217070	6.075941
MGYG000003370__gradient_L8_hmo_gapseq	1458	1711	375	bio1	1.134936	1.282006	6.012457
MGYG000003370__gradient_L9_mos_gapseq	1458	1711	375	bio1	1.211990	1.344648	5.926787
MGYG000003383__gradient_L0_base_gapseq	1296	1575	428	bio1	0.000000	1.124319	0.062549
MGYG000003383__gradient_L1_inulin_gapseq	1296	1575	428	bio1	0.000000	1.209070	0.064294
MGYG000003383__gradient_L2_fos_gapseq	1296	1575	428	bio1	0.000000	1.145354	0.064512
MGYG000003383__gradient_L3_gos_gapseq	1296	1575	428	bio1	1.172193	1.201417	4.974651
MGYG000003383__gradient_L4_xos_gapseq	1296	1575	428	bio1	1.232593	1.225408	5.837714
MGYG000003383__gradient_L5_pectin_gapseq	1296	1575	428	bio1	1.232593	1.192557	5.118577
MGYG000003383__gradient_L6_resistant_starch_gapseq	1296	1575	428	bio1	1.722502	1.134876	5.009435
MGYG000003383__gradient_L7_bglucan_gapseq	1296	1575	428	bio1	1.890279	1.151927	5.023785
MGYG000003383__gradient_L8_hmo_gapseq	1296	1575	428	bio1	2.002131	1.190560	4.943239
MGYG000003383__gradient_L9_mos_gapseq	1296	1575	428	bio1	2.002131	1.189894	4.911552
MGYG000003391__gradient_L0_base_gapseq	1221	1338	311	bio1	0.837731	0.947338	3.838468
MGYG000003391__gradient_L1_inulin_gapseq	1221	1338	311	bio1	1.047187	0.940959	3.764531
MGYG000003391__gradient_L2_fos_gapseq	1221	1338	311	bio1	1.047187	1.042940	3.796994
MGYG000003391__gradient_L3_gos_gapseq	1221	1338	311	bio1	1.047187	0.961685	3.942203
MGYG000003391__gradient_L4_xos_gapseq	1221	1338	311	bio1	1.047187	0.967766	3.989537
MGYG000003391__gradient_L5_pectin_gapseq	1221	1338	311	bio1	1.047187	1.378440	4.176610
MGYG000003391__gradient_L6_resistant_starch_gapseq	1221	1338	311	bio1	1.150462	1.030013	4.037847
MGYG000003391__gradient_L7_bglucan_gapseq	1221	1338	311	bio1	1.150462	0.950987	3.874569
MGYG000003391__gradient_L8_hmo_gapseq	1221	1338	311	bio1	1.150462	1.018890	3.842002
MGYG000003391__gradient_L9_mos_gapseq	1221	1338	311	bio1	1.253737	0.936996	3.796723
MGYG000003399	0	0	0	NONE	0.000000	0.000000	0.000000
MGYG000003409__gradient_L0_base_gapseq	1026	1203	321	bio1	0.413400	0.945025	3.277449
MGYG000003409__gradient_L1_inulin_gapseq	1026	1203	321	bio1	0.727918	0.836389	3.207733
MGYG000003409__gradient_L2_fos_gapseq	1026	1203	321	bio1	0.727918	0.940681	3.268725
MGYG000003409__gradient_L3_gos_gapseq	1026	1203	321	bio1	1.025068	0.860319	3.218555
MGYG000003409__gradient_L4_xos_gapseq	1026	1203	321	bio1	1.025068	0.870665	3.128308
MGYG000003409__gradient_L5_pectin_gapseq	1026	1203	321	bio1	1.025068	0.840600	3.200078
MGYG000003409__gradient_L6_resistant_starch_gapseq	1026	1203	321	bio1	1.591902	0.834899	3.118080
MGYG000003409__gradient_L7_bglucan_gapseq	1026	1203	321	bio1	1.793877	0.950289	3.127423
MGYG000003409__gradient_L8_hmo_gapseq	1026	1203	321	bio1	1.937214	0.847140	3.144076
MGYG000003409__gradient_L9_mos_gapseq	1026	1203	321	bio1	2.041459	0.919650	3.169314
MGYG000003457__gradient_L0_base_gapseq	1068	1130	233	bio1	0.000000	0.814709	0.036167
MGYG000003457__gradient_L1_inulin_gapseq	1068	1130	233	bio1	0.000000	0.788269	0.050936
MGYG000003457__gradient_L2_fos_gapseq	1068	1130	233	bio1	0.000000	0.943006	0.031866
MGYG000003457__gradient_L3_gos_gapseq	1068	1130	233	bio1	0.000000	0.798907	0.031367
MGYG000003457__gradient_L4_xos_gapseq	1068	1130	233	bio1	0.000000	0.811192	0.031382
MGYG000003457__gradient_L5_pectin_gapseq	1068	1130	233	bio1	0.000000	0.890941	0.032469
MGYG000003457__gradient_L6_resistant_starch_gapseq	1068	1130	233	bio1	0.000000	0.801475	0.032144
MGYG000003457__gradient_L7_bglucan_gapseq	1068	1130	233	bio1	0.000000	0.908742	0.030845
MGYG000003457__gradient_L8_hmo_gapseq	1068	1130	233	bio1	0.000000	0.790717	0.030824
MGYG000003457__gradient_L9_mos_gapseq	1068	1130	233	bio1	0.000000	0.814617	0.032070
MGYG000003476__gradient_L0_base_gapseq	847	851	156	bio1	0.243036	0.688927	1.624589
MGYG000003476__gradient_L1_inulin_gapseq	847	851	156	bio1	0.465828	0.582068	1.528765
MGYG000003476__gradient_L2_fos_gapseq	847	851	156	bio1	0.465828	0.582914	1.682818
MGYG000003476__gradient_L3_gos_gapseq	847	851	156	bio1	0.625326	0.623933	1.523170
MGYG000003476__gradient_L4_xos_gapseq	847	851	156	bio1	0.625326	0.617360	1.527923
MGYG000003476__gradient_L5_pectin_gapseq	847	851	156	bio1	0.660770	0.656800	1.524081
MGYG000003476__gradient_L6_resistant_starch_gapseq	847	851	156	bio1	0.751912	0.576460	1.517933
MGYG000003476__gradient_L7_bglucan_gapseq	847	851	156	bio1	0.751912	0.618849	1.531398
MGYG000003476__gradient_L8_hmo_gapseq	847	851	156	bio1	0.751912	0.683772	1.519920
MGYG000003476__gradient_L9_mos_gapseq	847	851	156	bio1	0.792419	0.627865	1.529277
MGYG000003481__gradient_L0_base_gapseq	867	808	112	bio1	0.000000	0.723889	0.018396
MGYG000003481__gradient_L1_inulin_gapseq	867	808	112	bio1	0.000000	0.585500	0.021552
MGYG000003481__gradient_L2_fos_gapseq	867	808	112	bio1	0.000000	0.560555	0.021055
MGYG000003481__gradient_L3_gos_gapseq	867	808	112	bio1	0.000000	0.573571	0.020344
MGYG000003481__gradient_L4_xos_gapseq	867	808	112	bio1	0.000000	0.636289	0.020553
MGYG000003481__gradient_L5_pectin_gapseq	867	808	112	bio1	0.000000	0.583904	0.020262
MGYG000003481__gradient_L6_resistant_starch_gapseq	867	808	112	bio1	0.000000	0.562525	0.021153
MGYG000003481__gradient_L7_bglucan_gapseq	867	808	112	bio1	0.000000	0.604142	0.020452
MGYG000003481__gradient_L8_hmo_gapseq	867	808	112	bio1	0.000000	0.649811	0.020533
MGYG000003481__gradient_L9_mos_gapseq	867	808	112	bio1	0.000000	0.580905	0.020509
MGYG000003496__gradient_L0_base_gapseq	1171	1225	246	bio1	0.000000	0.889486	0.041937
MGYG000003496__gradient_L1_inulin_gapseq	1171	1225	246	bio1	0.000000	0.990388	0.041181
MGYG000003496__gradient_L2_fos_gapseq	1171	1225	246	bio1	0.000000	0.888819	0.040112
MGYG000003496__gradient_L3_gos_gapseq	1171	1225	246	bio1	0.298428	0.981887	3.197344
MGYG000003496__gradient_L4_xos_gapseq	1171	1225	246	bio1	0.298428	0.896171	3.170382
MGYG000003496__gradient_L5_pectin_gapseq	1171	1225	246	bio1	0.298428	0.999597	3.182526
MGYG000003496__gradient_L6_resistant_starch_gapseq	1171	1225	246	bio1	0.739090	0.885541	3.253168
MGYG000003496__gradient_L7_bglucan_gapseq	1171	1225	246	bio1	0.739090	0.879177	3.227171
MGYG000003496__gradient_L8_hmo_gapseq	1171	1225	246	bio1	0.739090	0.959875	3.191886
MGYG000003496__gradient_L9_mos_gapseq	1171	1225	246	bio1	0.813700	1.382710	3.426200
MGYG000003500__gradient_L0_base_gapseq	1331	1466	294	bio1	0.000000	1.093022	0.056473
MGYG000003500__gradient_L1_inulin_gapseq	1331	1466	294	bio1	0.000000	1.048805	0.055531
MGYG000003500__gradient_L2_fos_gapseq	1331	1466	294	bio1	0.000000	1.131920	0.055851
MGYG000003500__gradient_L3_gos_gapseq	1331	1466	294	bio1	0.347318	1.053687	4.451180
MGYG000003500__gradient_L4_xos_gapseq	1331	1466	294	bio1	0.347318	1.093789	4.955946
MGYG000003500__gradient_L5_pectin_gapseq	1331	1466	294	bio1	0.347318	1.194710	5.097268
MGYG000003500__gradient_L6_resistant_starch_gapseq	1331	1466	294	bio1	0.811633	1.091626	4.868357
MGYG000003500__gradient_L7_bglucan_gapseq	1331	1466	294	bio1	0.974859	1.045201	4.591392
MGYG000003500__gradient_L8_hmo_gapseq	1331	1466	294	bio1	0.974859	1.117018	4.594221
MGYG000003500__gradient_L9_mos_gapseq	1331	1466	294	bio1	1.047781	1.045743	4.685460
MGYG000003529__gradient_L0_base_gapseq	1051	1142	208	bio1	0.192804	0.805115	2.819950
MGYG000003529__gradient_L1_inulin_gapseq	1051	1142	208	bio1	0.192804	1.302623	2.977067
MGYG000003529__gradient_L2_fos_gapseq	1051	1142	208	bio1	0.192804	1.037405	3.079942
MGYG000003529__gradient_L3_gos_gapseq	1051	1142	208	bio1	0.192804	0.853764	2.932121
MGYG000003529__gradient_L4_xos_gapseq	1051	1142	208	bio1	0.192804	0.821374	2.892337
MGYG000003529__gradient_L5_pectin_gapseq	1051	1142	208	bio1	0.192804	0.809744	2.822578
MGYG000003529__gradient_L6_resistant_starch_gapseq	1051	1142	208	bio1	0.194795	0.878782	2.818409
MGYG000003529__gradient_L7_bglucan_gapseq	1051	1142	208	bio1	0.202510	0.800422	2.806432
MGYG000003529__gradient_L8_hmo_gapseq	1051	1142	208	bio1	0.202510	0.896637	2.795716
MGYG000003529__gradient_L9_mos_gapseq	1051	1142	208	bio1	0.202510	0.809317	2.804167
MGYG000003552__gradient_L0_base_gapseq	1370	1521	366	bio1	0.000000	1.603903	0.065394
MGYG000003552__gradient_L1_inulin_gapseq	1370	1521	366	bio1	0.000000	1.163931	0.062400
MGYG000003552__gradient_L2_fos_gapseq	1370	1521	366	bio1	0.000000	1.208535	0.067600
MGYG000003552__gradient_L3_gos_gapseq	1370	1521	366	bio1	0.643614	1.161929	5.106687
MGYG000003552__gradient_L4_xos_gapseq	1370	1521	366	bio1	0.695495	1.097297	5.032908
MGYG000003552__gradient_L5_pectin_gapseq	1370	1521	366	bio1	0.695495	1.106223	4.911052
MGYG000003552__gradient_L6_resistant_starch_gapseq	1370	1521	366	bio1	1.196603	1.193802	4.901261
MGYG000003552__gradient_L7_bglucan_gapseq	1370	1521	366	bio1	1.373690	1.188612	4.953504
MGYG000003552__gradient_L8_hmo_gapseq	1370	1521	366	bio1	1.373690	1.121547	5.024162
MGYG000003552__gradient_L9_mos_gapseq	1370	1521	366	bio1	1.373690	1.112219	4.699873
MGYG000003567__gradient_L0_base_gapseq	1054	1179	281	bio1	0.381567	0.807231	2.968594
MGYG000003567__gradient_L1_inulin_gapseq	1054	1179	281	bio1	0.738124	0.879572	2.987620
MGYG000003567__gradient_L2_fos_gapseq	1054	1179	281	bio1	0.738124	0.858972	3.039246
MGYG000003567__gradient_L3_gos_gapseq	1054	1179	281	bio1	0.738124	0.910774	2.974734
MGYG000003567__gradient_L4_xos_gapseq	1054	1179	281	bio1	0.738124	0.824234	2.926038
MGYG000003567__gradient_L5_pectin_gapseq	1054	1179	281	bio1	0.738124	0.812785	2.847328
MGYG000003567__gradient_L6_resistant_starch_gapseq	1054	1179	281	bio1	0.831167	0.866333	2.925780
MGYG000003567__gradient_L7_bglucan_gapseq	1054	1179	281	bio1	0.831167	0.844322	3.097519
MGYG000003567__gradient_L8_hmo_gapseq	1054	1179	281	bio1	0.831167	0.958418	3.102924
MGYG000003567__gradient_L9_mos_gapseq	1054	1179	281	bio1	0.831167	0.830974	2.892793
MGYG000003619__gradient_L0_base_gapseq	1331	1492	366	bio1	0.000000	1.187945	0.062259
MGYG000003619__gradient_L1_inulin_gapseq	1331	1492	366	bio1	0.000000	1.085841	0.061584
MGYG000003619__gradient_L2_fos_gapseq	1331	1492	366	bio1	0.000000	1.147207	0.061661
MGYG000003619__gradient_L3_gos_gapseq	1331	1492	366	bio1	1.104235	1.113614	5.006858
MGYG000003619__gradient_L4_xos_gapseq	1331	1492	366	bio1	1.104235	1.084480	4.666771
MGYG000003619__gradient_L5_pectin_gapseq	1331	1492	366	bio1	1.104235	1.147680	4.613892
MGYG000003619__gradient_L6_resistant_starch_gapseq	1331	1492	366	bio1	1.662983	1.175646	4.943231
MGYG000003619__gradient_L7_bglucan_gapseq	1331	1492	366	bio1	1.662983	1.071656	4.979703
MGYG000003619__gradient_L8_hmo_gapseq	1331	1492	366	bio1	1.662983	1.092897	4.629923
MGYG000003619__gradient_L9_mos_gapseq	1331	1492	366	bio1	1.751322	1.141558	4.811140
MGYG000003662__gradient_L0_base_gapseq	1268	1451	332	bio1	0.348914	1.139248	4.339655
MGYG000003662__gradient_L1_inulin_gapseq	1268	1451	332	bio1	0.458619	1.079819	4.666791
MGYG000003662__gradient_L2_fos_gapseq	1268	1451	332	bio1	0.458619	1.029007	4.541319
MGYG000003662__gradient_L3_gos_gapseq	1268	1451	332	bio1	0.540898	1.107683	4.329340
MGYG000003662__gradient_L4_xos_gapseq	1268	1451	332	bio1	0.605557	1.070977	4.499902
MGYG000003662__gradient_L5_pectin_gapseq	1268	1451	332	bio1	0.605557	1.021928	4.470377
MGYG000003662__gradient_L6_resistant_starch_gapseq	1268	1451	332	bio1	0.704242	1.008867	4.362549
MGYG000003662__gradient_L7_bglucan_gapseq	1268	1451	332	bio1	0.858998	1.109420	4.338650
MGYG000003662__gradient_L8_hmo_gapseq	1268	1451	332	bio1	0.858998	1.011424	4.384352
MGYG000003662__gradient_L9_mos_gapseq	1268	1451	332	bio1	0.957683	1.040435	4.390954
MGYG000003667__gradient_L0_base_gapseq	725	699	111	bio1	0.005221	0.565111	1.091595
MGYG000003667__gradient_L1_inulin_gapseq	725	699	111	bio1	0.083340	0.509915	1.094525
MGYG000003667__gradient_L2_fos_gapseq	725	699	111	bio1	0.083340	0.478600	1.094590
MGYG000003667__gradient_L3_gos_gapseq	725	699	111	bio1	0.083340	0.496366	1.177491
MGYG000003667__gradient_L4_xos_gapseq	725	699	111	bio1	0.083340	0.527434	1.172262
MGYG000003667__gradient_L5_pectin_gapseq	725	699	111	bio1	0.083340	0.472171	1.101264
MGYG000003667__gradient_L6_resistant_starch_gapseq	725	699	111	bio1	0.083762	0.475136	1.087565
MGYG000003667__gradient_L7_bglucan_gapseq	725	699	111	bio1	0.083762	0.524796	1.097356
MGYG000003667__gradient_L8_hmo_gapseq	725	699	111	bio1	0.083762	0.480142	1.146202
MGYG000003667__gradient_L9_mos_gapseq	725	699	111	bio1	0.083762	0.507141	1.092621
MGYG000003669__gradient_L0_base_gapseq	754	750	109	bio1	0.000000	0.515986	0.021079
MGYG000003669__gradient_L1_inulin_gapseq	754	750	109	bio1	0.204243	0.513147	1.408411
MGYG000003669__gradient_L2_fos_gapseq	754	750	109	bio1	0.204243	0.528725	1.378664
MGYG000003669__gradient_L3_gos_gapseq	754	750	109	bio1	0.204243	0.543909	1.337359
MGYG000003669__gradient_L4_xos_gapseq	754	750	109	bio1	0.204243	0.503833	1.423087
MGYG000003669__gradient_L5_pectin_gapseq	754	750	109	bio1	0.204243	0.548351	1.336131
MGYG000003669__gradient_L6_resistant_starch_gapseq	754	750	109	bio1	0.306370	0.510173	1.340494
MGYG000003669__gradient_L7_bglucan_gapseq	754	750	109	bio1	0.306370	0.551143	1.396730
MGYG000003669__gradient_L8_hmo_gapseq	754	750	109	bio1	0.306370	0.517585	1.355732
MGYG000003669__gradient_L9_mos_gapseq	754	750	109	bio1	0.306370	0.512664	1.340366
MGYG000003679__gradient_L0_base_gapseq	1052	1163	245	bio1	0.000000	0.874132	0.038943
MGYG000003679__gradient_L1_inulin_gapseq	1052	1163	245	bio1	0.000000	0.817463	0.037587
MGYG000003679__gradient_L2_fos_gapseq	1052	1163	245	bio1	0.000000	0.819686	0.036823
MGYG000003679__gradient_L3_gos_gapseq	1052	1163	245	bio1	0.412833	0.879253	2.860500
MGYG000003679__gradient_L4_xos_gapseq	1052	1163	245	bio1	0.447092	0.828994	2.929178
MGYG000003679__gradient_L5_pectin_gapseq	1052	1163	245	bio1	0.447092	0.808718	2.837111
MGYG000003679__gradient_L6_resistant_starch_gapseq	1052	1163	245	bio1	0.734516	0.821552	2.905903
MGYG000003679__gradient_L7_bglucan_gapseq	1052	1163	245	bio1	0.845063	0.825906	2.887759
MGYG000003679__gradient_L8_hmo_gapseq	1052	1163	245	bio1	0.845063	0.885186	2.818231
MGYG000003679__gradient_L9_mos_gapseq	1052	1163	245	bio1	0.845063	0.824157	2.804248
MGYG000003685__gradient_L0_base_gapseq	1174	1321	332	bio1	0.795421	0.993679	3.684161
MGYG000003685__gradient_L1_inulin_gapseq	1174	1321	332	bio1	1.087098	0.942790	3.800002
MGYG000003685__gradient_L2_fos_gapseq	1174	1321	332	bio1	1.087098	0.918359	3.669647
MGYG000003685__gradient_L3_gos_gapseq	1174	1321	332	bio1	1.380550	0.992042	3.674283
MGYG000003685__gradient_L4_xos_gapseq	1174	1321	332	bio1	1.380550	0.949839	3.847761
MGYG000003685__gradient_L5_pectin_gapseq	1174	1321	332	bio1	1.380550	1.214403	4.044888
MGYG000003685__gradient_L6_resistant_starch_gapseq	1174	1321	332	bio1	1.996355	1.041655	3.755794
MGYG000003685__gradient_L7_bglucan_gapseq	1174	1321	332	bio1	2.203106	0.938494	3.775578
MGYG000003685__gradient_L8_hmo_gapseq	1174	1321	332	bio1	2.203106	1.021110	3.656769
MGYG000003685__gradient_L9_mos_gapseq	1174	1321	332	bio1	2.345386	1.019836	3.728352
MGYG000003686__gradient_L0_base_gapseq	1209	1282	324	bio1	0.000000	1.003314	0.045920
MGYG000003686__gradient_L1_inulin_gapseq	1209	1282	324	bio1	0.000000	0.912073	0.048906
MGYG000003686__gradient_L2_fos_gapseq	1209	1282	324	bio1	0.000000	1.004100	0.048275
MGYG000003686__gradient_L3_gos_gapseq	1209	1282	324	bio1	0.000000	0.958545	0.048513
MGYG000003686__gradient_L4_xos_gapseq	1209	1282	324	bio1	0.000000	0.992487	0.049493
MGYG000003686__gradient_L5_pectin_gapseq	1209	1282	324	bio1	0.000000	0.935692	0.048735
MGYG000003686__gradient_L6_resistant_starch_gapseq	1209	1282	324	bio1	0.000000	0.910172	0.047754
MGYG000003686__gradient_L7_bglucan_gapseq	1209	1282	324	bio1	0.000000	1.029423	0.048787
MGYG000003686__gradient_L8_hmo_gapseq	1209	1282	324	bio1	0.000000	0.942610	0.047870
MGYG000003686__gradient_L9_mos_gapseq	1209	1282	324	bio1	0.000000	1.049136	0.047822
MGYG000003687__gradient_L0_base_gapseq	1915	2293	718	bio1	0.833221	1.756909	10.417858
MGYG000003687__gradient_L1_inulin_gapseq	1915	2293	718	bio1	1.065754	2.100655	11.199297
MGYG000003687__gradient_L2_fos_gapseq	1915	2293	718	bio1	1.065754	1.687581	10.562626
MGYG000003687__gradient_L3_gos_gapseq	1915	2293	718	bio1	1.311160	1.653107	10.954910
MGYG000003687__gradient_L4_xos_gapseq	1915	2293	718	bio1	1.374264	1.648319	10.473173
MGYG000003687__gradient_L5_pectin_gapseq	1915	2293	718	bio1	1.406985	1.736291	10.885334
MGYG000003687__gradient_L6_resistant_starch_gapseq	1915	2293	718	bio1	1.918832	1.699353	10.617574
MGYG000003687__gradient_L7_bglucan_gapseq	1915	2293	718	bio1	2.094122	1.719991	10.523505
MGYG000003687__gradient_L8_hmo_gapseq	1915	2293	718	bio1	2.094122	1.719647	10.370612
MGYG000003687__gradient_L9_mos_gapseq	1915	2293	718	bio1	2.206308	1.721052	10.788324
MGYG000003688__gradient_L0_base_gapseq	1184	1322	325	bio1	0.400291	1.046543	3.584527
MGYG000003688__gradient_L1_inulin_gapseq	1184	1322	325	bio1	0.590910	0.948160	4.022333
MGYG000003688__gradient_L2_fos_gapseq	1184	1322	325	bio1	0.590910	0.946279	3.960179
MGYG000003688__gradient_L3_gos_gapseq	1184	1322	325	bio1	0.762468	1.032885	3.696018
MGYG000003688__gradient_L4_xos_gapseq	1184	1322	325	bio1	0.762468	0.947911	3.697785
MGYG000003688__gradient_L5_pectin_gapseq	1184	1322	325	bio1	0.762468	0.950857	3.577347
MGYG000003688__gradient_L6_resistant_starch_gapseq	1184	1322	325	bio1	1.161939	1.010544	3.603716
MGYG000003688__gradient_L7_bglucan_gapseq	1184	1322	325	bio1	1.161939	0.915549	3.757537
MGYG000003688__gradient_L8_hmo_gapseq	1184	1322	325	bio1	1.161939	0.926189	3.770673
MGYG000003688__gradient_L9_mos_gapseq	1184	1322	325	bio1	1.255456	1.013235	3.574246
MGYG000003696__gradient_L0_base_gapseq	1173	1321	341	bio1	0.795027	0.943325	3.944320
MGYG000003696__gradient_L1_inulin_gapseq	1173	1321	341	bio1	1.086579	1.132813	3.935196
MGYG000003696__gradient_L2_fos_gapseq	1173	1321	341	bio1	1.086579	0.941716	3.790665
MGYG000003696__gradient_L3_gos_gapseq	1173	1321	341	bio1	1.379891	1.013988	3.635512
MGYG000003696__gradient_L4_xos_gapseq	1173	1321	341	bio1	1.379891	1.013734	3.618042
MGYG000003696__gradient_L5_pectin_gapseq	1173	1321	341	bio1	1.379891	0.967785	3.730828
MGYG000003696__gradient_L6_resistant_starch_gapseq	1173	1321	341	bio1	1.995402	0.910614	3.672155
MGYG000003696__gradient_L7_bglucan_gapseq	1173	1321	341	bio1	1.995402	1.039552	3.779045
MGYG000003696__gradient_L8_hmo_gapseq	1173	1321	341	bio1	1.995402	0.924549	3.697501
MGYG000003696__gradient_L9_mos_gapseq	1173	1321	341	bio1	2.137614	0.962482	3.609153
MGYG000003702__gradient_L0_base_gapseq	1339	1510	421	bio1	0.000000	1.085194	0.060576
MGYG000003702__gradient_L1_inulin_gapseq	1339	1510	421	bio1	0.967491	1.196176	4.854828
MGYG000003702__gradient_L2_fos_gapseq	1339	1510	421	bio1	0.967491	1.114430	4.946706
MGYG000003702__gradient_L3_gos_gapseq	1339	1510	421	bio1	1.213279	1.127127	4.780710
MGYG000003702__gradient_L4_xos_gapseq	1339	1510	421	bio1	1.213279	1.119171	4.736404
MGYG000003702__gradient_L5_pectin_gapseq	1339	1510	421	bio1	1.213279	1.230915	4.778133
MGYG000003702__gradient_L6_resistant_starch_gapseq	1339	1510	421	bio1	1.745889	1.201567	5.106985
MGYG000003702__gradient_L7_bglucan_gapseq	1339	1510	421	bio1	1.924899	1.133628	5.049076
MGYG000003702__gradient_L8_hmo_gapseq	1339	1510	421	bio1	2.057499	1.122371	4.705543
MGYG000003702__gradient_L9_mos_gapseq	1339	1510	421	bio1	2.145899	1.177377	4.708228
MGYG000003703__gradient_L0_base_gapseq	1031	1180	318	bio1	0.399456	0.824416	2.953335
MGYG000003703__gradient_L1_inulin_gapseq	1031	1180	318	bio1	0.589678	0.824489	2.866833
MGYG000003703__gradient_L2_fos_gapseq	1031	1180	318	bio1	0.589678	0.857674	3.078085
MGYG000003703__gradient_L3_gos_gapseq	1031	1180	318	bio1	0.760877	0.803081	2.869800
MGYG000003703__gradient_L4_xos_gapseq	1031	1180	318	bio1	0.760877	0.912910	2.914068
MGYG000003703__gradient_L5_pectin_gapseq	1031	1180	318	bio1	0.760877	1.117255	2.989511
MGYG000003703__gradient_L6_resistant_starch_gapseq	1031	1180	318	bio1	1.159561	1.125253	2.877059
MGYG000003703__gradient_L7_bglucan_gapseq	1031	1180	318	bio1	1.159561	0.815393	2.937958
MGYG000003703__gradient_L8_hmo_gapseq	1031	1180	318	bio1	1.159561	0.833221	2.886282
MGYG000003703__gradient_L9_mos_gapseq	1031	1180	318	bio1	1.252887	0.903583	2.896486
MGYG000003713__gradient_L0_base_gapseq	1237	1337	324	bio1	0.365371	1.029284	3.792995
MGYG000003713__gradient_L1_inulin_gapseq	1237	1337	324	bio1	0.517820	0.986602	3.983797
MGYG000003713__gradient_L2_fos_gapseq	1237	1337	324	bio1	0.517820	0.987864	3.823570
MGYG000003713__gradient_L3_gos_gapseq	1237	1337	324	bio1	0.517820	1.057280	4.100653
MGYG000003713__gradient_L4_xos_gapseq	1237	1337	324	bio1	0.517820	1.236073	3.925312
MGYG000003713__gradient_L5_pectin_gapseq	1237	1337	324	bio1	0.517820	0.989412	3.789041
MGYG000003713__gradient_L6_resistant_starch_gapseq	1237	1337	324	bio1	0.517820	1.063441	3.806246
MGYG000003713__gradient_L7_bglucan_gapseq	1237	1337	324	bio1	0.517820	0.974432	3.936908
MGYG000003713__gradient_L8_hmo_gapseq	1237	1337	324	bio1	0.517820	0.994924	3.839672
MGYG000003713__gradient_L9_mos_gapseq	1237	1337	324	bio1	0.517820	1.070552	3.802308
MGYG000003739__gradient_L0_base_gapseq	1457	1748	389	bio1	0.490134	1.211376	6.071291
MGYG000003739__gradient_L1_inulin_gapseq	1457	1748	389	bio1	0.646980	1.206212	5.970125
MGYG000003739__gradient_L2_fos_gapseq	1457	1748	389	bio1	0.646980	1.205109	5.895864
MGYG000003739__gradient_L3_gos_gapseq	1457	1748	389	bio1	0.794023	1.276815	6.094896
MGYG000003739__gradient_L4_xos_gapseq	1457	1748	389	bio1	0.794023	1.339316	6.292409
MGYG000003739__gradient_L5_pectin_gapseq	1457	1748	389	bio1	0.794023	1.309130	5.957395
MGYG000003739__gradient_L6_resistant_starch_gapseq	1457	1748	389	bio1	1.117541	1.299881	5.982978
MGYG000003739__gradient_L7_bglucan_gapseq	1457	1748	389	bio1	1.117541	1.189949	6.054172
MGYG000003739__gradient_L8_hmo_gapseq	1457	1748	389	bio1	1.117541	1.239961	6.853258
MGYG000003739__gradient_L9_mos_gapseq	1457	1748	389	bio1	1.194447	1.288743	6.142314
MGYG000003742__gradient_L0_base_gapseq	1235	1394	292	bio1	0.000000	0.964038	0.133394
MGYG000003742__gradient_L1_inulin_gapseq	1235	1394	292	bio1	0.000000	0.995650	0.052523
MGYG000003742__gradient_L2_fos_gapseq	1235	1394	292	bio1	0.000000	1.009773	0.053044
MGYG000003742__gradient_L3_gos_gapseq	1235	1394	292	bio1	0.000000	1.069618	0.052321
MGYG000003742__gradient_L4_xos_gapseq	1235	1394	292	bio1	0.000000	0.993332	0.051606
MGYG000003742__gradient_L5_pectin_gapseq	1235	1394	292	bio1	0.000000	1.037774	0.051331
MGYG000003742__gradient_L6_resistant_starch_gapseq	1235	1394	292	bio1	0.000000	0.978109	0.051243
MGYG000003742__gradient_L7_bglucan_gapseq	1235	1394	292	bio1	0.000000	1.073967	0.051973
MGYG000003742__gradient_L8_hmo_gapseq	1235	1394	292	bio1	0.000000	0.986425	0.052302
MGYG000003742__gradient_L9_mos_gapseq	1235	1394	292	bio1	0.000000	0.967046	0.153968
MGYG000003773__gradient_L0_base_gapseq	1025	1160	301	bio1	0.000000	0.831056	0.040561
MGYG000003773__gradient_L1_inulin_gapseq	1025	1160	301	bio1	0.000000	0.811787	0.040714
MGYG000003773__gradient_L2_fos_gapseq	1025	1160	301	bio1	0.000000	0.918852	0.040482
MGYG000003773__gradient_L3_gos_gapseq	1025	1160	301	bio1	1.052089	0.838091	2.863289
MGYG000003773__gradient_L4_xos_gapseq	1025	1160	301	bio1	1.057839	0.952929	2.892776
MGYG000003773__gradient_L5_pectin_gapseq	1025	1160	301	bio1	1.057839	0.827803	2.874843
MGYG000003773__gradient_L6_resistant_starch_gapseq	1025	1160	301	bio1	1.696540	0.870857	2.981945
MGYG000003773__gradient_L7_bglucan_gapseq	1025	1160	301	bio1	1.916094	0.797575	3.111765
MGYG000003773__gradient_L8_hmo_gapseq	1025	1160	301	bio1	1.916094	0.882906	2.886032
MGYG000003773__gradient_L9_mos_gapseq	1025	1160	301	bio1	2.022544	0.809179	2.930126
MGYG000003788__gradient_L0_base_gapseq	1045	1094	276	bio1	0.415574	0.781100	2.458706
MGYG000003788__gradient_L1_inulin_gapseq	1045	1094	276	bio1	0.451909	0.850811	2.471077
MGYG000003788__gradient_L2_fos_gapseq	1045	1094	276	bio1	0.451909	0.792501	2.461821
MGYG000003788__gradient_L3_gos_gapseq	1045	1094	276	bio1	0.451909	0.829094	2.490300
MGYG000003788__gradient_L4_xos_gapseq	1045	1094	276	bio1	0.451909	0.777674	2.575400
MGYG000003788__gradient_L5_pectin_gapseq	1045	1094	276	bio1	0.451909	0.923414	2.632079
MGYG000003788__gradient_L6_resistant_starch_gapseq	1045	1094	276	bio1	0.488245	0.777639	2.488552
MGYG000003788__gradient_L7_bglucan_gapseq	1045	1094	276	bio1	0.488245	0.885332	2.447833
MGYG000003788__gradient_L8_hmo_gapseq	1045	1094	276	bio1	0.488245	0.764455	2.530987
MGYG000003788__gradient_L9_mos_gapseq	1045	1094	276	bio1	0.488245	0.794949	2.461965
MGYG000003802__gradient_L0_base_gapseq	1098	1106	225	bio1	0.000000	0.956470	0.035335
MGYG000003802__gradient_L1_inulin_gapseq	1098	1106	225	bio1	0.000000	0.805868	0.034971
MGYG000003802__gradient_L2_fos_gapseq	1098	1106	225	bio1	0.000000	0.868052	0.034888
MGYG000003802__gradient_L3_gos_gapseq	1098	1106	225	bio1	0.000000	0.796099	0.035908
MGYG000003802__gradient_L4_xos_gapseq	1098	1106	225	bio1	0.000000	0.808520	0.035270
MGYG000003802__gradient_L5_pectin_gapseq	1098	1106	225	bio1	0.000000	0.901831	0.035773
MGYG000003802__gradient_L6_resistant_starch_gapseq	1098	1106	225	bio1	0.000000	0.775874	0.035567
MGYG000003802__gradient_L7_bglucan_gapseq	1098	1106	225	bio1	0.000000	0.787509	0.034984
MGYG000003802__gradient_L8_hmo_gapseq	1098	1106	225	bio1	0.000000	0.881061	0.034938
MGYG000003802__gradient_L9_mos_gapseq	1098	1106	225	bio1	0.000000	0.808982	0.036237
MGYG000003829__gradient_L0_base_gapseq	1201	1279	217	bio1	0.000000	0.947283	0.044537
MGYG000003829__gradient_L1_inulin_gapseq	1201	1279	217	bio1	0.000000	1.014544	0.046768
MGYG000003829__gradient_L2_fos_gapseq	1201	1279	217	bio1	0.000000	0.914777	0.047472
MGYG000003829__gradient_L3_gos_gapseq	1201	1279	217	bio1	0.785801	1.045343	3.440476
MGYG000003829__gradient_L4_xos_gapseq	1201	1279	217	bio1	0.785803	0.887288	3.490026
MGYG000003829__gradient_L5_pectin_gapseq	1201	1279	217	bio1	0.785803	1.062052	3.438709
MGYG000003829__gradient_L6_resistant_starch_gapseq	1201	1279	217	bio1	1.411364	0.904741	3.916083
MGYG000003829__gradient_L7_bglucan_gapseq	1201	1279	217	bio1	1.411364	0.931350	3.816186
MGYG000003829__gradient_L8_hmo_gapseq	1201	1279	217	bio1	1.411364	1.043340	3.529819
MGYG000003829__gradient_L9_mos_gapseq	1201	1279	217	bio1	1.546955	0.908432	3.432650
MGYG000003836__gradient_L0_base_gapseq	1231	1278	316	bio1	0.215065	0.937042	3.461771
MGYG000003836__gradient_L1_inulin_gapseq	1231	1278	316	bio1	0.273722	1.013978	3.453345
MGYG000003836__gradient_L2_fos_gapseq	1231	1278	316	bio1	0.273722	0.942614	3.455035
MGYG000003836__gradient_L3_gos_gapseq	1231	1278	316	bio1	0.273722	1.015281	3.473333
MGYG000003836__gradient_L4_xos_gapseq	1231	1278	316	bio1	0.273722	1.022971	3.852257
MGYG000003836__gradient_L5_pectin_gapseq	1231	1278	316	bio1	0.273722	1.002828	3.823593
MGYG000003836__gradient_L6_resistant_starch_gapseq	1231	1278	316	bio1	0.303051	1.060848	3.506384
MGYG000003836__gradient_L7_bglucan_gapseq	1231	1278	316	bio1	0.303051	0.948194	3.519830
MGYG000003836__gradient_L8_hmo_gapseq	1231	1278	316	bio1	0.303051	0.959309	3.481568
MGYG000003836__gradient_L9_mos_gapseq	1231	1278	316	bio1	0.303051	1.003811	3.445539
MGYG000003842__gradient_L0_base_gapseq	1218	1323	274	bio1	0.000000	0.970275	0.043258
MGYG000003842__gradient_L1_inulin_gapseq	1218	1323	274	bio1	0.000000	1.015475	0.042819
MGYG000003842__gradient_L2_fos_gapseq	1218	1323	274	bio1	0.000000	0.962269	0.043551
MGYG000003842__gradient_L3_gos_gapseq	1218	1323	274	bio1	0.000000	0.999708	0.042455
MGYG000003842__gradient_L4_xos_gapseq	1218	1323	274	bio1	0.000000	0.930956	0.042844
MGYG000003842__gradient_L5_pectin_gapseq	1218	1323	274	bio1	0.000000	1.016952	0.043035
MGYG000003842__gradient_L6_resistant_starch_gapseq	1218	1323	274	bio1	0.000000	0.926685	0.042810
MGYG000003842__gradient_L7_bglucan_gapseq	1218	1323	274	bio1	0.000000	0.921258	0.043243
MGYG000003842__gradient_L8_hmo_gapseq	1218	1323	274	bio1	0.000000	1.014923	0.043567
MGYG000003842__gradient_L9_mos_gapseq	1218	1323	274	bio1	0.000000	0.919599	0.043267
MGYG000003852__gradient_L0_base_gapseq	1286	1354	305	bio1	0.193207	1.064901	4.138064
MGYG000003852__gradient_L1_inulin_gapseq	1286	1354	305	bio1	0.307355	0.991426	4.306290
MGYG000003852__gradient_L2_fos_gapseq	1286	1354	305	bio1	0.307355	0.984714	3.768430
MGYG000003852__gradient_L3_gos_gapseq	1286	1354	305	bio1	0.307355	1.067120	3.712212
MGYG000003852__gradient_L4_xos_gapseq	1286	1354	305	bio1	0.307355	0.991288	3.803112
MGYG000003852__gradient_L5_pectin_gapseq	1286	1354	305	bio1	0.307355	0.991751	3.701756
MGYG000003852__gradient_L6_resistant_starch_gapseq	1286	1354	305	bio1	0.390928	1.046210	3.701909
MGYG000003852__gradient_L7_bglucan_gapseq	1286	1354	305	bio1	0.390928	1.047722	3.707135
MGYG000003852__gradient_L8_hmo_gapseq	1286	1354	305	bio1	0.390928	0.957792	3.700435
MGYG000003852__gradient_L9_mos_gapseq	1286	1354	305	bio1	0.390928	1.092608	3.696436
MGYG000003858__gradient_L0_base_gapseq	1251	1411	318	bio1	0.000000	1.013289	0.054564
MGYG000003858__gradient_L1_inulin_gapseq	1251	1411	318	bio1	0.000000	1.059559	0.056377
MGYG000003858__gradient_L2_fos_gapseq	1251	1411	318	bio1	0.000000	1.096821	0.055827
MGYG000003858__gradient_L3_gos_gapseq	1251	1411	318	bio1	0.000000	1.023198	0.058232
MGYG000003858__gradient_L4_xos_gapseq	1251	1411	318	bio1	0.543025	1.070849	4.011156
MGYG000003858__gradient_L5_pectin_gapseq	1251	1411	318	bio1	0.543025	1.113180	4.028432
MGYG000003858__gradient_L6_resistant_starch_gapseq	1251	1411	318	bio1	1.026131	0.997644	4.121075
MGYG000003858__gradient_L7_bglucan_gapseq	1251	1411	318	bio1	1.184528	0.977441	4.016267
MGYG000003858__gradient_L8_hmo_gapseq	1251	1411	318	bio1	1.184528	1.095987	3.988272
MGYG000003858__gradient_L9_mos_gapseq	1251	1411	318	bio1	1.257988	1.020309	4.301822
MGYG000003859__gradient_L0_base_gapseq	973	982	145	bio1	0.098423	0.767267	2.123695
MGYG000003859__gradient_L1_inulin_gapseq	973	982	145	bio1	0.239462	0.715807	2.132241
MGYG000003859__gradient_L2_fos_gapseq	973	982	145	bio1	0.239462	0.748037	2.126609
MGYG000003859__gradient_L3_gos_gapseq	973	982	145	bio1	0.239462	0.685861	2.136084
MGYG000003859__gradient_L4_xos_gapseq	973	982	145	bio1	0.239462	0.752715	2.125689
MGYG000003859__gradient_L5_pectin_gapseq	973	982	145	bio1	0.239462	0.679569	2.128938
MGYG000003859__gradient_L6_resistant_starch_gapseq	973	982	145	bio1	0.572226	0.672955	2.208197
MGYG000003859__gradient_L7_bglucan_gapseq	973	982	145	bio1	0.572226	0.667578	2.106814
MGYG000003859__gradient_L8_hmo_gapseq	973	982	145	bio1	0.572226	0.731500	2.180070
MGYG000003859__gradient_L9_mos_gapseq	973	982	145	bio1	0.572226	0.683027	2.116273
MGYG000003876__gradient_L0_base_gapseq	1441	1576	407	bio1	1.305326	1.157623	5.167907
MGYG000003876__gradient_L1_inulin_gapseq	1441	1576	407	bio1	1.470559	1.161650	5.172243
MGYG000003876__gradient_L2_fos_gapseq	1441	1576	407	bio1	1.470559	1.192391	5.107068
MGYG000003876__gradient_L3_gos_gapseq	1441	1576	407	bio1	1.569698	1.225116	5.225916
MGYG000003876__gradient_L4_xos_gapseq	1441	1576	407	bio1	1.569698	1.310401	5.061480
MGYG000003876__gradient_L5_pectin_gapseq	1441	1576	407	bio1	1.569698	1.279112	5.543536
MGYG000003876__gradient_L6_resistant_starch_gapseq	1441	1576	407	bio1	2.290524	1.447478	5.267227
MGYG000003876__gradient_L7_bglucan_gapseq	1441	1576	407	bio1	2.290524	1.194189	5.194582
MGYG000003876__gradient_L8_hmo_gapseq	1441	1576	407	bio1	2.290524	1.293678	5.530485
MGYG000003876__gradient_L9_mos_gapseq	1441	1576	407	bio1	2.422710	1.353933	5.688590
MGYG000003878__gradient_L0_base_gapseq	1236	1402	315	bio1	0.000000	0.976052	0.049725
MGYG000003878__gradient_L1_inulin_gapseq	1236	1402	315	bio1	0.000000	1.009574	0.052433
MGYG000003878__gradient_L2_fos_gapseq	1236	1402	315	bio1	0.000000	1.065315	0.052751
MGYG000003878__gradient_L3_gos_gapseq	1236	1402	315	bio1	0.000000	1.060538	0.056173
MGYG000003878__gradient_L4_xos_gapseq	1236	1402	315	bio1	0.000000	0.965101	0.053233
MGYG000003878__gradient_L5_pectin_gapseq	1236	1402	315	bio1	0.000000	1.087054	0.053092
MGYG000003878__gradient_L6_resistant_starch_gapseq	1236	1402	315	bio1	0.000000	0.962385	0.051774
MGYG000003878__gradient_L7_bglucan_gapseq	1236	1402	315	bio1	0.000000	0.967205	0.142833
MGYG000003878__gradient_L8_hmo_gapseq	1236	1402	315	bio1	0.000000	0.982280	0.051413
MGYG000003878__gradient_L9_mos_gapseq	1236	1402	315	bio1	0.000000	1.001566	0.051516
MGYG000003883__gradient_L0_base_gapseq	2232	2773	1128	bio1	0.000000	2.234116	0.179914
MGYG000003883__gradient_L1_inulin_gapseq	2232	2773	1128	bio1	0.000000	2.130611	0.160678
MGYG000003883__gradient_L2_fos_gapseq	2232	2773	1128	bio1	0.000000	2.133607	0.159788
MGYG000003883__gradient_L3_gos_gapseq	2232	2773	1128	bio1	0.000000	2.153846	0.174109
MGYG000003883__gradient_L4_xos_gapseq	2232	2773	1128	bio1	0.000000	2.179507	0.174548
MGYG000003883__gradient_L5_pectin_gapseq	2232	2773	1128	bio1	0.000000	2.221526	0.178111
MGYG000003883__gradient_L6_resistant_starch_gapseq	2232	2773	1128	bio1	3.033649	2.724549	15.470310
MGYG000003883__gradient_L7_bglucan_gapseq	2232	2773	1128	bio1	3.195793	2.219215	16.952105
MGYG000003883__gradient_L8_hmo_gapseq	2232	2773	1128	bio1	3.195793	2.132382	15.333258
MGYG000003883__gradient_L9_mos_gapseq	2232	2773	1128	bio1	3.195793	2.247878	16.389059
MGYG000003899__gradient_L0_base_gapseq	1307	1463	356	bio1	0.000000	1.069570	0.058641
MGYG000003899__gradient_L1_inulin_gapseq	1307	1463	356	bio1	0.000000	1.135387	0.059348
MGYG000003899__gradient_L2_fos_gapseq	1307	1463	356	bio1	0.000000	1.051296	0.059049
MGYG000003899__gradient_L3_gos_gapseq	1307	1463	356	bio1	0.000000	1.151906	0.059471
MGYG000003899__gradient_L4_xos_gapseq	1307	1463	356	bio1	0.000000	1.094904	0.059910
MGYG000003899__gradient_L5_pectin_gapseq	1307	1463	356	bio1	0.000000	1.057288	0.153061
MGYG000003899__gradient_L6_resistant_starch_gapseq	1307	1463	356	bio1	0.000000	1.065645	0.055449
MGYG000003899__gradient_L7_bglucan_gapseq	1307	1463	356	bio1	0.000000	1.082695	0.056560
MGYG000003899__gradient_L8_hmo_gapseq	1307	1463	356	bio1	0.000000	1.182269	0.058988
MGYG000003899__gradient_L9_mos_gapseq	1307	1463	356	bio1	0.000000	1.492183	0.073668
MGYG000003906__gradient_L0_base_gapseq	1161	1246	297	bio1	0.399932	0.990718	3.294421
MGYG000003906__gradient_L1_inulin_gapseq	1161	1246	297	bio1	0.590381	0.883884	3.860745
MGYG000003906__gradient_L2_fos_gapseq	1161	1246	297	bio1	0.590381	0.886343	3.564855
MGYG000003906__gradient_L3_gos_gapseq	1161	1246	297	bio1	0.761785	0.949589	3.292118
MGYG000003906__gradient_L4_xos_gapseq	1161	1246	297	bio1	0.761785	0.878048	3.335443
MGYG000003906__gradient_L5_pectin_gapseq	1161	1246	297	bio1	0.761785	1.000529	3.503548
MGYG000003906__gradient_L6_resistant_starch_gapseq	1161	1246	297	bio1	1.158058	0.929520	3.694972
MGYG000003906__gradient_L7_bglucan_gapseq	1161	1246	297	bio1	1.158058	0.936577	3.603745
MGYG000003906__gradient_L8_hmo_gapseq	1161	1246	297	bio1	1.158058	1.026092	3.621944
MGYG000003906__gradient_L9_mos_gapseq	1161	1246	297	bio1	1.249726	0.919992	3.460155
MGYG000003937__gradient_L0_base_gapseq	1248	1428	377	bio1	0.000000	1.245637	0.057505
MGYG000003937__gradient_L1_inulin_gapseq	1248	1428	377	bio1	0.000000	1.030162	0.059391
MGYG000003937__gradient_L2_fos_gapseq	1248	1428	377	bio1	0.000000	1.092723	0.058195
MGYG000003937__gradient_L3_gos_gapseq	1248	1428	377	bio1	0.000000	1.224016	0.062355
MGYG000003937__gradient_L4_xos_gapseq	1248	1428	377	bio1	0.000000	1.307990	0.059850
MGYG000003937__gradient_L5_pectin_gapseq	1248	1428	377	bio1	0.000000	1.061260	0.060566
MGYG000003937__gradient_L6_resistant_starch_gapseq	1248	1428	377	bio1	0.000000	1.146242	0.060582
MGYG000003937__gradient_L7_bglucan_gapseq	1248	1428	377	bio1	0.000000	1.043406	0.059958
MGYG000003937__gradient_L8_hmo_gapseq	1248	1428	377	bio1	0.000000	1.204330	0.059239
MGYG000003937__gradient_L9_mos_gapseq	1248	1428	377	bio1	0.000000	1.027152	0.059692
MGYG000003938__gradient_L0_base_gapseq	1072	1202	307	bio1	0.225970	0.991313	3.056940
MGYG000003938__gradient_L1_inulin_gapseq	1072	1202	307	bio1	0.225970	0.830647	3.201582
MGYG000003938__gradient_L2_fos_gapseq	1072	1202	307	bio1	0.225970	1.169797	3.234684
MGYG000003938__gradient_L3_gos_gapseq	1072	1202	307	bio1	0.225970	0.882284	3.419538
MGYG000003938__gradient_L4_xos_gapseq	1072	1202	307	bio1	0.225970	0.876936	3.279347
MGYG000003938__gradient_L5_pectin_gapseq	1072	1202	307	bio1	0.225970	0.873284	3.233456
MGYG000003938__gradient_L6_resistant_starch_gapseq	1072	1202	307	bio1	0.225970	0.832981	2.968458
MGYG000003938__gradient_L7_bglucan_gapseq	1072	1202	307	bio1	0.225970	0.915316	2.976225
MGYG000003938__gradient_L8_hmo_gapseq	1072	1202	307	bio1	0.225970	0.827236	3.042925
MGYG000003938__gradient_L9_mos_gapseq	1072	1202	307	bio1	0.225970	0.959904	3.097747
MGYG000003957__gradient_L0_base_gapseq	1586	1866	529	bio1	0.000000	1.556752	0.103222
MGYG000003957__gradient_L1_inulin_gapseq	1586	1866	529	bio1	0.000000	1.401618	0.103956
MGYG000003957__gradient_L2_fos_gapseq	1586	1866	529	bio1	0.000000	1.507382	0.102235
MGYG000003957__gradient_L3_gos_gapseq	1586	1866	529	bio1	2.205325	1.426257	7.056640
MGYG000003957__gradient_L4_xos_gapseq	1586	1866	529	bio1	2.397110	1.462635	7.250375
MGYG000003957__gradient_L5_pectin_gapseq	1586	1866	529	bio1	2.456971	1.643618	7.588229
MGYG000003957__gradient_L6_resistant_starch_gapseq	1586	1866	529	bio1	3.145378	1.376571	8.195763
MGYG000003957__gradient_L7_bglucan_gapseq	1586	1866	529	bio1	3.145378	1.419239	7.359353
MGYG000003957__gradient_L8_hmo_gapseq	1586	1866	529	bio1	3.145378	1.314188	7.189802
MGYG000003957__gradient_L9_mos_gapseq	1586	1866	529	bio1	3.295288	1.400716	7.163247
MGYG000003961__gradient_L0_base_gapseq	1045	1106	257	bio1	0.000000	0.816632	0.034918
MGYG000003961__gradient_L1_inulin_gapseq	1045	1106	257	bio1	0.000000	0.792804	0.036502
MGYG000003961__gradient_L2_fos_gapseq	1045	1106	257	bio1	0.000000	0.859569	0.037209
MGYG000003961__gradient_L3_gos_gapseq	1045	1106	257	bio1	0.000000	0.813086	0.038220
MGYG000003961__gradient_L4_xos_gapseq	1045	1106	257	bio1	0.000000	0.810111	0.038180
MGYG000003961__gradient_L5_pectin_gapseq	1045	1106	257	bio1	0.000000	0.875869	0.038023
MGYG000003961__gradient_L6_resistant_starch_gapseq	1045	1106	257	bio1	0.000000	0.804512	0.038539
MGYG000003961__gradient_L7_bglucan_gapseq	1045	1106	257	bio1	0.000000	0.794141	0.039790
MGYG000003961__gradient_L8_hmo_gapseq	1045	1106	257	bio1	0.000000	0.887911	0.039280
MGYG000003961__gradient_L9_mos_gapseq	1045	1106	257	bio1	0.000000	0.867888	0.039337
MGYG000004022__gradient_L0_base_gapseq	1208	1356	319	bio1	0.000000	0.985930	0.143325
MGYG000004022__gradient_L1_inulin_gapseq	1208	1356	319	bio1	0.000000	0.967293	0.049723
MGYG000004022__gradient_L2_fos_gapseq	1208	1356	319	bio1	0.000000	0.972789	0.048643
MGYG000004022__gradient_L3_gos_gapseq	1208	1356	319	bio1	0.000000	1.095432	0.049436
MGYG000004022__gradient_L4_xos_gapseq	1208	1356	319	bio1	0.965049	0.981525	4.381739
MGYG000004022__gradient_L5_pectin_gapseq	1208	1356	319	bio1	0.965049	0.975346	4.223514
MGYG000004022__gradient_L6_resistant_starch_gapseq	1208	1356	319	bio1	1.691289	1.096454	4.597643
MGYG000004022__gradient_L7_bglucan_gapseq	1208	1356	319	bio1	1.937411	1.126540	4.200905
MGYG000004022__gradient_L8_hmo_gapseq	1208	1356	319	bio1	1.937411	0.964287	3.896808
MGYG000004022__gradient_L9_mos_gapseq	1208	1356	319	bio1	2.072042	1.019244	3.908131
MGYG000004029__gradient_L0_base_gapseq	961	997	171	bio1	0.000000	0.811036	0.033305
MGYG000004029__gradient_L1_inulin_gapseq	961	997	171	bio1	0.962188	0.819291	2.111517
MGYG000004029__gradient_L2_fos_gapseq	961	997	171	bio1	0.962188	0.672772	2.315453
MGYG000004029__gradient_L3_gos_gapseq	961	997	171	bio1	1.064985	0.919383	2.105856
MGYG000004029__gradient_L4_xos_gapseq	961	997	171	bio1	1.169860	0.688210	2.531530
MGYG000004029__gradient_L5_pectin_gapseq	961	997	171	bio1	1.169860	0.690459	2.519904
MGYG000004029__gradient_L6_resistant_starch_gapseq	961	997	171	bio1	1.888618	0.665528	2.053022
MGYG000004029__gradient_L7_bglucan_gapseq	961	997	171	bio1	2.141155	0.721137	2.240496
MGYG000004029__gradient_L8_hmo_gapseq	961	997	171	bio1	2.141155	0.673785	2.046646
MGYG000004029__gradient_L9_mos_gapseq	961	997	171	bio1	2.279295	0.686262	2.066208
MGYG000004033__gradient_L0_base_gapseq	1104	1164	227	bio1	0.000000	0.968265	0.040677
MGYG000004033__gradient_L1_inulin_gapseq	1104	1164	227	bio1	0.466396	0.855101	3.043407
MGYG000004033__gradient_L2_fos_gapseq	1104	1164	227	bio1	0.466396	0.838304	2.956040
MGYG000004033__gradient_L3_gos_gapseq	1104	1164	227	bio1	0.466396	0.821149	2.996675
MGYG000004033__gradient_L4_xos_gapseq	1104	1164	227	bio1	0.466396	0.833410	2.939385
MGYG000004033__gradient_L5_pectin_gapseq	1104	1164	227	bio1	0.466396	0.896880	2.936645
MGYG000004033__gradient_L6_resistant_starch_gapseq	1104	1164	227	bio1	0.607198	0.833419	2.946779
MGYG000004033__gradient_L7_bglucan_gapseq	1104	1164	227	bio1	0.864601	0.914446	2.940977
MGYG000004033__gradient_L8_hmo_gapseq	1104	1164	227	bio1	0.864601	0.838209	3.009221
MGYG000004033__gradient_L9_mos_gapseq	1104	1164	227	bio1	1.004847	0.826105	2.967151
MGYG000004038__gradient_L0_base_gapseq	658	625	84	bio1	0.000000	0.494350	0.015812
MGYG000004038__gradient_L1_inulin_gapseq	658	625	84	bio1	0.000000	0.423883	0.015648
MGYG000004038__gradient_L2_fos_gapseq	658	625	84	bio1	0.000000	0.422027	0.015655
MGYG000004038__gradient_L3_gos_gapseq	658	625	84	bio1	0.000000	0.430198	0.016628
MGYG000004038__gradient_L4_xos_gapseq	658	625	84	bio1	0.000000	0.411319	0.015466
MGYG000004038__gradient_L5_pectin_gapseq	658	625	84	bio1	0.000000	0.491689	0.015537
MGYG000004038__gradient_L6_resistant_starch_gapseq	658	625	84	bio1	0.000000	0.407138	0.015697
MGYG000004038__gradient_L7_bglucan_gapseq	658	625	84	bio1	0.000000	0.452948	0.015687
MGYG000004038__gradient_L8_hmo_gapseq	658	625	84	bio1	0.000000	0.453354	0.016395
MGYG000004038__gradient_L9_mos_gapseq	658	625	84	bio1	0.000000	0.419751	0.015601
MGYG000004071__gradient_L0_base_gapseq	1178	1336	298	bio1	0.000000	0.926260	0.048486
MGYG000004071__gradient_L1_inulin_gapseq	1178	1336	298	bio1	0.000000	1.039212	0.052337
MGYG000004071__gradient_L2_fos_gapseq	1178	1336	298	bio1	0.000000	0.932348	0.051610
MGYG000004071__gradient_L3_gos_gapseq	1178	1336	298	bio1	0.720569	1.032961	3.679897
MGYG000004071__gradient_L4_xos_gapseq	1178	1336	298	bio1	0.720569	0.959562	3.774950
MGYG000004071__gradient_L5_pectin_gapseq	1178	1336	298	bio1	0.720569	0.979381	3.682249
MGYG000004071__gradient_L6_resistant_starch_gapseq	1178	1336	298	bio1	1.326294	1.039872	3.642077
MGYG000004071__gradient_L7_bglucan_gapseq	1178	1336	298	bio1	1.326294	0.949369	3.657114
MGYG000004071__gradient_L8_hmo_gapseq	1178	1336	298	bio1	1.326294	1.007746	3.712097
MGYG000004071__gradient_L9_mos_gapseq	1178	1336	298	bio1	1.326294	0.942241	3.778862
MGYG000004078__gradient_L0_base_gapseq	945	882	120	bio1	0.000000	0.716179	0.020261
MGYG000004078__gradient_L1_inulin_gapseq	945	882	120	bio1	0.000000	0.651887	0.024224
MGYG000004078__gradient_L2_fos_gapseq	945	882	120	bio1	0.000000	0.685736	0.024546
MGYG000004078__gradient_L3_gos_gapseq	945	882	120	bio1	0.000000	0.631263	0.024297
MGYG000004078__gradient_L4_xos_gapseq	945	882	120	bio1	0.000000	0.724430	0.025624
MGYG000004078__gradient_L5_pectin_gapseq	945	882	120	bio1	0.000000	0.620759	0.025495
MGYG000004078__gradient_L6_resistant_starch_gapseq	945	882	120	bio1	0.000000	0.650996	0.024242
MGYG000004078__gradient_L7_bglucan_gapseq	945	882	120	bio1	0.000000	0.728826	0.024218
MGYG000004078__gradient_L8_hmo_gapseq	945	882	120	bio1	0.000000	0.640872	0.024202
MGYG000004078__gradient_L9_mos_gapseq	945	882	120	bio1	0.000000	0.631535	0.024575
MGYG000004090__gradient_L0_base_gapseq	1212	1357	316	bio1	0.293213	1.075059	3.807316
MGYG000004090__gradient_L1_inulin_gapseq	1212	1357	316	bio1	0.397573	0.942594	3.782368
MGYG000004090__gradient_L2_fos_gapseq	1212	1357	316	bio1	0.397573	1.067996	3.806204
MGYG000004090__gradient_L3_gos_gapseq	1212	1357	316	bio1	0.475670	0.958981	3.947970
MGYG000004090__gradient_L4_xos_gapseq	1212	1357	316	bio1	0.475670	0.940741	3.800583
MGYG000004090__gradient_L5_pectin_gapseq	1212	1357	316	bio1	0.475670	1.044335	4.344088
MGYG000004090__gradient_L6_resistant_starch_gapseq	1212	1357	316	bio1	0.579799	0.996456	4.221639
MGYG000004090__gradient_L7_bglucan_gapseq	1212	1357	316	bio1	0.579799	0.962538	3.799329
MGYG000004090__gradient_L8_hmo_gapseq	1212	1357	316	bio1	0.579799	1.084109	4.014880
MGYG000004090__gradient_L9_mos_gapseq	1212	1357	316	bio1	0.683928	0.952111	3.872755
MGYG000004093__gradient_L0_base_gapseq	1327	1411	346	bio1	0.000000	1.018880	0.046994
MGYG000004093__gradient_L1_inulin_gapseq	1327	1411	346	bio1	0.441146	1.133418	4.215254
MGYG000004093__gradient_L2_fos_gapseq	1327	1411	346	bio1	0.441146	1.039251	4.358085
MGYG000004093__gradient_L3_gos_gapseq	1327	1411	346	bio1	0.441146	1.032426	4.275814
MGYG000004093__gradient_L4_xos_gapseq	1327	1411	346	bio1	0.441146	1.102578	4.664923
MGYG000004093__gradient_L5_pectin_gapseq	1327	1411	346	bio1	0.441146	1.094249	4.671923
MGYG000004093__gradient_L6_resistant_starch_gapseq	1327	1411	346	bio1	0.441146	1.042219	4.251847
MGYG000004093__gradient_L7_bglucan_gapseq	1327	1411	346	bio1	0.441146	1.110129	4.441698
MGYG000004093__gradient_L8_hmo_gapseq	1327	1411	346	bio1	0.441146	1.129840	4.265803
MGYG000004093__gradient_L9_mos_gapseq	1327	1411	346	bio1	0.441146	1.010641	4.383077
MGYG000004097__gradient_L0_base_gapseq	1211	1352	326	bio1	0.721839	0.938582	3.894956
MGYG000004097__gradient_L1_inulin_gapseq	1211	1352	326	bio1	1.012072	0.931624	3.764808
MGYG000004097__gradient_L2_fos_gapseq	1211	1352	326	bio1	1.012072	1.026862	4.297688
MGYG000004097__gradient_L3_gos_gapseq	1211	1352	326	bio1	1.247788	1.232459	4.008345
MGYG000004097__gradient_L4_xos_gapseq	1211	1352	326	bio1	1.259321	0.933176	3.766056
MGYG000004097__gradient_L5_pectin_gapseq	1211	1352	326	bio1	1.259321	1.005873	3.992369
MGYG000004097__gradient_L6_resistant_starch_gapseq	1211	1352	326	bio1	1.893566	1.032696	3.767517
MGYG000004097__gradient_L7_bglucan_gapseq	1211	1352	326	bio1	1.893566	0.953628	3.853428
MGYG000004097__gradient_L8_hmo_gapseq	1211	1352	326	bio1	1.893566	1.042184	3.795661
MGYG000004097__gradient_L9_mos_gapseq	1211	1352	326	bio1	2.040106	1.022151	3.784177
MGYG000004103__gradient_L0_base_gapseq	861	813	113	bio1	0.000000	0.974146	0.023471
MGYG000004103__gradient_L1_inulin_gapseq	861	813	113	bio1	0.000000	0.671218	0.022535
MGYG000004103__gradient_L2_fos_gapseq	861	813	113	bio1	0.000000	0.591896	0.137510
MGYG000004103__gradient_L3_gos_gapseq	861	813	113	bio1	0.000000	0.593216	0.023957
MGYG000004103__gradient_L4_xos_gapseq	861	813	113	bio1	0.000000	0.569349	0.022325
MGYG000004103__gradient_L5_pectin_gapseq	861	813	113	bio1	0.000000	0.572734	0.021991
MGYG000004103__gradient_L6_resistant_starch_gapseq	861	813	113	bio1	0.000000	0.985224	0.023551
MGYG000004103__gradient_L7_bglucan_gapseq	861	813	113	bio1	0.000000	0.617192	0.022556
MGYG000004103__gradient_L8_hmo_gapseq	861	813	113	bio1	0.000000	0.581254	0.023193
MGYG000004103__gradient_L9_mos_gapseq	861	813	113	bio1	0.000000	0.633216	0.022133
MGYG000004115__gradient_L0_base_gapseq	1180	1216	314	bio1	0.000000	1.042042	0.035801
MGYG000004115__gradient_L1_inulin_gapseq	1180	1216	314	bio1	0.416515	0.875274	3.276781
MGYG000004115__gradient_L2_fos_gapseq	1180	1216	314	bio1	0.416515	0.988820	3.295370
MGYG000004115__gradient_L3_gos_gapseq	1180	1216	314	bio1	0.416515	1.032348	3.372667
MGYG000004115__gradient_L4_xos_gapseq	1180	1216	314	bio1	0.416515	0.912585	3.265181
MGYG000004115__gradient_L5_pectin_gapseq	1180	1216	314	bio1	0.416515	0.950772	3.339066
MGYG000004115__gradient_L6_resistant_starch_gapseq	1180	1216	314	bio1	0.416515	0.901050	3.257017
MGYG000004115__gradient_L7_bglucan_gapseq	1180	1216	314	bio1	0.416515	0.970633	3.249924
MGYG000004115__gradient_L8_hmo_gapseq	1180	1216	314	bio1	0.416515	0.874434	3.349781
MGYG000004115__gradient_L9_mos_gapseq	1180	1216	314	bio1	0.416515	0.876674	3.269196
MGYG000004133__gradient_L0_base_gapseq	1272	1373	301	bio1	0.000000	1.031433	0.046665
MGYG000004133__gradient_L1_inulin_gapseq	1272	1373	301	bio1	0.000000	1.054945	0.048875
MGYG000004133__gradient_L2_fos_gapseq	1272	1373	301	bio1	0.000000	0.981219	0.049248
MGYG000004133__gradient_L3_gos_gapseq	1272	1373	301	bio1	0.000000	0.953267	0.132609
MGYG000004133__gradient_L4_xos_gapseq	1272	1373	301	bio1	0.673104	0.994346	3.900895
MGYG000004133__gradient_L5_pectin_gapseq	1272	1373	301	bio1	0.673104	1.059424	3.818858
MGYG000004133__gradient_L6_resistant_starch_gapseq	1272	1373	301	bio1	1.250247	1.014367	3.945713
MGYG000004133__gradient_L7_bglucan_gapseq	1272	1373	301	bio1	1.453879	0.958238	3.863219
MGYG000004133__gradient_L8_hmo_gapseq	1272	1373	301	bio1	1.453879	1.045502	3.845121
MGYG000004133__gradient_L9_mos_gapseq	1272	1373	301	bio1	1.558980	0.965983	3.928588
MGYG000004134__gradient_L0_base_gapseq	1169	1245	307	bio1	0.000000	0.871354	0.039166
MGYG000004134__gradient_L1_inulin_gapseq	1169	1245	307	bio1	0.233463	0.883465	3.457802
MGYG000004134__gradient_L2_fos_gapseq	1169	1245	307	bio1	0.233463	0.895658	3.377556
MGYG000004134__gradient_L3_gos_gapseq	1169	1245	307	bio1	0.233463	0.927297	3.394954
MGYG000004134__gradient_L4_xos_gapseq	1169	1245	307	bio1	0.244497	0.916327	3.379796
MGYG000004134__gradient_L5_pectin_gapseq	1169	1245	307	bio1	0.244497	0.964012	3.363814
MGYG000004134__gradient_L6_resistant_starch_gapseq	1169	1245	307	bio1	0.249551	0.877777	3.446830
MGYG000004134__gradient_L7_bglucan_gapseq	1169	1245	307	bio1	0.249551	0.903610	3.526043
MGYG000004134__gradient_L8_hmo_gapseq	1169	1245	307	bio1	0.249551	1.327361	3.938228
MGYG000004134__gradient_L9_mos_gapseq	1169	1245	307	bio1	0.249551	0.981839	3.393674
MGYG000004137__gradient_L0_base_gapseq	1165	1244	286	bio1	0.000000	0.872819	0.041414
MGYG000004137__gradient_L1_inulin_gapseq	1165	1244	286	bio1	0.370528	0.958859	3.185737
MGYG000004137__gradient_L2_fos_gapseq	1165	1244	286	bio1	0.370528	0.853950	3.183784
MGYG000004137__gradient_L3_gos_gapseq	1165	1244	286	bio1	0.407582	0.959247	3.195622
MGYG000004137__gradient_L4_xos_gapseq	1165	1244	286	bio1	0.427438	0.868675	3.270466
MGYG000004137__gradient_L5_pectin_gapseq	1165	1244	286	bio1	0.427438	0.894372	3.334422
MGYG000004137__gradient_L6_resistant_starch_gapseq	1165	1244	286	bio1	0.716522	1.191943	3.528210
MGYG000004137__gradient_L7_bglucan_gapseq	1165	1244	286	bio1	0.827708	1.263058	3.300861
MGYG000004137__gradient_L8_hmo_gapseq	1165	1244	286	bio1	0.827708	0.989235	3.228550
MGYG000004137__gradient_L9_mos_gapseq	1165	1244	286	bio1	0.827708	0.908097	3.341431
MGYG000004138__gradient_L0_base_gapseq	1153	1163	281	bio1	0.000000	0.912561	0.041209
MGYG000004138__gradient_L1_inulin_gapseq	1153	1163	281	bio1	0.000000	0.836213	0.038248
MGYG000004138__gradient_L2_fos_gapseq	1153	1163	281	bio1	0.000000	0.845672	0.039032
MGYG000004138__gradient_L3_gos_gapseq	1153	1163	281	bio1	0.000000	0.930667	0.039843
MGYG000004138__gradient_L4_xos_gapseq	1153	1163	281	bio1	0.000000	0.854749	0.039318
MGYG000004138__gradient_L5_pectin_gapseq	1153	1163	281	bio1	0.000000	0.926311	0.039912
MGYG000004138__gradient_L6_resistant_starch_gapseq	1153	1163	281	bio1	0.000000	0.865845	0.038386
MGYG000004138__gradient_L7_bglucan_gapseq	1153	1163	281	bio1	0.000000	0.854836	0.038811
MGYG000004138__gradient_L8_hmo_gapseq	1153	1163	281	bio1	0.000000	0.964373	0.038750
MGYG000004138__gradient_L9_mos_gapseq	1153	1163	281	bio1	0.000000	0.832470	0.039128
MGYG000004142__gradient_L0_base_gapseq	1288	1387	353	bio1	0.381971	1.116604	4.474920
MGYG000004142__gradient_L1_inulin_gapseq	1288	1387	353	bio1	0.381971	1.024647	4.831820
MGYG000004142__gradient_L2_fos_gapseq	1288	1387	353	bio1	0.381971	1.003440	4.052940
MGYG000004142__gradient_L3_gos_gapseq	1288	1387	353	bio1	0.477466	1.062518	4.135936
MGYG000004142__gradient_L4_xos_gapseq	1288	1387	353	bio1	0.568334	1.001379	4.126039
MGYG000004142__gradient_L5_pectin_gapseq	1288	1387	353	bio1	0.568334	1.007524	4.036907
MGYG000004142__gradient_L6_resistant_starch_gapseq	1288	1387	353	bio1	0.674898	1.086413	4.012138
MGYG000004142__gradient_L7_bglucan_gapseq	1288	1387	353	bio1	0.674898	1.008382	4.134999
MGYG000004142__gradient_L8_hmo_gapseq	1288	1387	353	bio1	0.674898	1.020990	4.025731
MGYG000004142__gradient_L9_mos_gapseq	1288	1387	353	bio1	0.674898	1.104013	4.101757
MGYG000004153__gradient_L0_base_gapseq	1258	1378	351	bio1	0.000000	0.982308	0.052460
MGYG000004153__gradient_L1_inulin_gapseq	1258	1378	351	bio1	0.000000	0.993174	0.052566
MGYG000004153__gradient_L2_fos_gapseq	1258	1378	351	bio1	0.000000	1.132183	0.052458
MGYG000004153__gradient_L3_gos_gapseq	1258	1378	351	bio1	0.736509	1.277094	4.693105
MGYG000004153__gradient_L4_xos_gapseq	1258	1378	351	bio1	0.833638	1.047109	3.902272
MGYG000004153__gradient_L5_pectin_gapseq	1258	1378	351	bio1	0.897930	1.062373	3.920238
MGYG000004153__gradient_L6_resistant_starch_gapseq	1258	1378	351	bio1	1.020846	0.992398	3.967979
MGYG000004153__gradient_L7_bglucan_gapseq	1258	1378	351	bio1	1.020846	0.971002	3.849230
MGYG000004153__gradient_L8_hmo_gapseq	1258	1378	351	bio1	1.020846	1.037623	3.883253
MGYG000004153__gradient_L9_mos_gapseq	1258	1378	351	bio1	1.020846	0.987695	4.016314
MGYG000004165__gradient_L0_base_gapseq	1090	1201	277	bio1	0.000000	0.946751	0.039815
MGYG000004165__gradient_L1_inulin_gapseq	1090	1201	277	bio1	0.000000	0.859936	0.041441
MGYG000004165__gradient_L2_fos_gapseq	1090	1201	277	bio1	0.000000	0.893582	0.041746
MGYG000004165__gradient_L3_gos_gapseq	1090	1201	277	bio1	0.000000	0.846060	0.041073
MGYG000004165__gradient_L4_xos_gapseq	1090	1201	277	bio1	0.303375	0.891791	3.236116
MGYG000004165__gradient_L5_pectin_gapseq	1090	1201	277	bio1	0.303375	0.832949	3.087104
MGYG000004165__gradient_L6_resistant_starch_gapseq	1090	1201	277	bio1	0.303375	0.925168	3.064820
MGYG000004165__gradient_L7_bglucan_gapseq	1090	1201	277	bio1	0.303375	0.863051	3.062160
MGYG000004165__gradient_L8_hmo_gapseq	1090	1201	277	bio1	0.303375	0.958158	3.054253
MGYG000004165__gradient_L9_mos_gapseq	1090	1201	277	bio1	0.303375	0.866224	3.080944
MGYG000004175__gradient_L0_base_gapseq	710	669	94	bio1	0.000000	0.451796	0.016670
MGYG000004175__gradient_L1_inulin_gapseq	710	669	94	bio1	0.000000	0.454311	0.017118
MGYG000004175__gradient_L2_fos_gapseq	710	669	94	bio1	0.000000	0.453187	0.016905
MGYG000004175__gradient_L3_gos_gapseq	710	669	94	bio1	0.000000	0.440297	0.016859
MGYG000004175__gradient_L4_xos_gapseq	710	669	94	bio1	0.000000	0.505680	0.017010
MGYG000004175__gradient_L5_pectin_gapseq	710	669	94	bio1	0.000000	0.450327	0.017288
MGYG000004175__gradient_L6_resistant_starch_gapseq	710	669	94	bio1	0.000000	0.458258	0.017829
MGYG000004175__gradient_L7_bglucan_gapseq	710	669	94	bio1	0.000000	0.455698	0.017153
MGYG000004175__gradient_L8_hmo_gapseq	710	669	94	bio1	0.000000	0.477402	0.017089
MGYG000004175__gradient_L9_mos_gapseq	710	669	94	bio1	0.000000	0.540271	0.017078
MGYG000004192__gradient_L0_base_gapseq	800	760	89	bio1	0.000000	0.540622	0.017545
MGYG000004192__gradient_L1_inulin_gapseq	800	760	89	bio1	0.000000	0.538802	0.018545
MGYG000004192__gradient_L2_fos_gapseq	800	760	89	bio1	0.000000	0.530647	0.018222
MGYG000004192__gradient_L3_gos_gapseq	800	760	89	bio1	0.000000	0.682000	0.019029
MGYG000004192__gradient_L4_xos_gapseq	800	760	89	bio1	0.000000	0.559149	0.018466
MGYG000004192__gradient_L5_pectin_gapseq	800	760	89	bio1	0.000000	0.525905	0.019711
MGYG000004192__gradient_L6_resistant_starch_gapseq	800	760	89	bio1	0.000000	0.541863	0.018387
MGYG000004192__gradient_L7_bglucan_gapseq	800	760	89	bio1	0.000000	0.534976	0.112800
MGYG000004192__gradient_L8_hmo_gapseq	800	760	89	bio1	0.000000	0.540175	0.018407
MGYG000004192__gradient_L9_mos_gapseq	800	760	89	bio1	0.000000	0.534945	0.020468
MGYG000004208__gradient_L0_base_gapseq	1209	1384	305	bio1	0.000000	0.968368	0.048198
MGYG000004208__gradient_L1_inulin_gapseq	1209	1384	305	bio1	0.000000	1.078135	0.049609
MGYG000004208__gradient_L2_fos_gapseq	1209	1384	305	bio1	0.000000	0.977711	0.048481
MGYG000004208__gradient_L3_gos_gapseq	1209	1384	305	bio1	0.000000	1.074629	0.047722
MGYG000004208__gradient_L4_xos_gapseq	1209	1384	305	bio1	0.275486	0.985676	3.942539
MGYG000004208__gradient_L5_pectin_gapseq	1209	1384	305	bio1	0.275486	1.104537	3.897936
MGYG000004208__gradient_L6_resistant_starch_gapseq	1209	1384	305	bio1	0.341805	0.971345	4.101439
MGYG000004208__gradient_L7_bglucan_gapseq	1209	1384	305	bio1	0.447224	0.961914	3.996932
MGYG000004208__gradient_L8_hmo_gapseq	1209	1384	305	bio1	0.447224	1.090267	4.042002
MGYG000004208__gradient_L9_mos_gapseq	1209	1384	305	bio1	0.511114	0.945113	4.376755
MGYG000004216__gradient_L0_base_gapseq	693	665	95	bio1	0.000000	0.472223	0.016905
MGYG000004216__gradient_L1_inulin_gapseq	693	665	95	bio1	0.083432	0.447738	1.072217
MGYG000004216__gradient_L2_fos_gapseq	693	665	95	bio1	0.083432	0.472177	1.045697
MGYG000004216__gradient_L3_gos_gapseq	693	665	95	bio1	0.083432	0.526707	1.043510
MGYG000004216__gradient_L4_xos_gapseq	693	665	95	bio1	0.083432	0.450036	1.041020
MGYG000004216__gradient_L5_pectin_gapseq	693	665	95	bio1	0.083432	0.444039	1.041334
MGYG000004216__gradient_L6_resistant_starch_gapseq	693	665	95	bio1	0.083432	0.439932	1.199750
MGYG000004216__gradient_L7_bglucan_gapseq	693	665	95	bio1	0.083432	0.441489	1.053446
MGYG000004216__gradient_L8_hmo_gapseq	693	665	95	bio1	0.083432	0.462058	1.044738
MGYG000004216__gradient_L9_mos_gapseq	693	665	95	bio1	0.083432	0.451116	1.032412
MGYG000004219__gradient_L0_base_gapseq	1238	1379	304	bio1	0.000000	1.060055	0.050837
MGYG000004219__gradient_L1_inulin_gapseq	1238	1379	304	bio1	0.000000	0.987666	0.051191
MGYG000004219__gradient_L2_fos_gapseq	1238	1379	304	bio1	0.000000	1.031680	0.051294
MGYG000004219__gradient_L3_gos_gapseq	1238	1379	304	bio1	0.000000	0.987556	0.050940
MGYG000004219__gradient_L4_xos_gapseq	1238	1379	304	bio1	0.000000	1.062696	0.051201
MGYG000004219__gradient_L5_pectin_gapseq	1238	1379	304	bio1	0.000000	0.975155	0.051822
MGYG000004219__gradient_L6_resistant_starch_gapseq	1238	1379	304	bio1	0.000000	1.113049	0.054956
MGYG000004219__gradient_L7_bglucan_gapseq	1238	1379	304	bio1	0.000000	0.964470	0.050908
MGYG000004219__gradient_L8_hmo_gapseq	1238	1379	304	bio1	0.000000	0.988706	0.050919
MGYG000004219__gradient_L9_mos_gapseq	1238	1379	304	bio1	0.000000	1.061162	0.052506
MGYG000004221__gradient_L0_base_gapseq	869	969	203	bio1	0.262231	0.670571	2.100916
MGYG000004221__gradient_L1_inulin_gapseq	869	969	203	bio1	0.439383	0.784517	2.053470
MGYG000004221__gradient_L2_fos_gapseq	869	969	203	bio1	0.439383	0.634849	2.128611
MGYG000004221__gradient_L3_gos_gapseq	869	969	203	bio1	0.439383	0.721494	2.049939
MGYG000004221__gradient_L4_xos_gapseq	869	969	203	bio1	0.530369	0.679834	2.437145
MGYG000004221__gradient_L5_pectin_gapseq	869	969	203	bio1	0.530369	0.681135	2.731930
MGYG000004221__gradient_L6_resistant_starch_gapseq	869	969	203	bio1	1.020846	0.711558	2.055941
MGYG000004221__gradient_L7_bglucan_gapseq	869	969	203	bio1	1.020846	0.651978	2.142920
MGYG000004221__gradient_L8_hmo_gapseq	869	969	203	bio1	1.020846	0.646943	2.072126
MGYG000004221__gradient_L9_mos_gapseq	869	969	203	bio1	1.020846	0.664401	2.038481
MGYG000004222__gradient_L0_base_gapseq	905	850	139	bio1	0.000000	0.608098	0.019856
MGYG000004222__gradient_L1_inulin_gapseq	905	850	139	bio1	0.000000	0.619952	0.026446
MGYG000004222__gradient_L2_fos_gapseq	905	850	139	bio1	0.000000	0.724669	0.026321
MGYG000004222__gradient_L3_gos_gapseq	905	850	139	bio1	0.000000	0.665545	0.028181
MGYG000004222__gradient_L4_xos_gapseq	905	850	139	bio1	0.000000	0.621269	0.025932
MGYG000004222__gradient_L5_pectin_gapseq	905	850	139	bio1	0.000000	0.615423	0.024436
MGYG000004222__gradient_L6_resistant_starch_gapseq	905	850	139	bio1	0.000000	0.715726	0.024905
MGYG000004222__gradient_L7_bglucan_gapseq	905	850	139	bio1	0.000000	0.605107	0.024834
MGYG000004222__gradient_L8_hmo_gapseq	905	850	139	bio1	0.000000	0.605917	0.024972
MGYG000004222__gradient_L9_mos_gapseq	905	850	139	bio1	0.000000	0.729434	0.024674
MGYG000004223__gradient_L0_base_gapseq	1185	1277	304	bio1	0.000000	1.006478	0.044219
MGYG000004223__gradient_L1_inulin_gapseq	1185	1277	304	bio1	0.000000	0.902435	0.045073
MGYG000004223__gradient_L2_fos_gapseq	1185	1277	304	bio1	0.000000	0.974247	0.044343
MGYG000004223__gradient_L3_gos_gapseq	1185	1277	304	bio1	0.940680	0.891239	3.462194
MGYG000004223__gradient_L4_xos_gapseq	1185	1277	304	bio1	0.940680	0.977757	3.695427
MGYG000004223__gradient_L5_pectin_gapseq	1185	1277	304	bio1	0.940680	0.907439	4.154645
MGYG000004223__gradient_L6_resistant_starch_gapseq	1185	1277	304	bio1	1.669962	0.899591	3.322123
MGYG000004223__gradient_L7_bglucan_gapseq	1185	1277	304	bio1	1.669962	0.899748	3.459500
MGYG000004223__gradient_L8_hmo_gapseq	1185	1277	304	bio1	1.669962	0.911281	3.337988
MGYG000004223__gradient_L9_mos_gapseq	1185	1277	304	bio1	1.805080	0.972601	3.321911
MGYG000004232__gradient_L0_base_gapseq	1257	1431	420	bio1	1.333947	1.037305	4.592576
MGYG000004232__gradient_L1_inulin_gapseq	1257	1431	420	bio1	1.688814	1.322707	5.067809
MGYG000004232__gradient_L2_fos_gapseq	1257	1431	420	bio1	1.688814	1.002007	4.407914
MGYG000004232__gradient_L3_gos_gapseq	1257	1431	420	bio1	2.060782	1.013479	4.276144
MGYG000004232__gradient_L4_xos_gapseq	1257	1431	420	bio1	2.060782	1.049355	4.243025
MGYG000004232__gradient_L5_pectin_gapseq	1257	1431	420	bio1	2.060782	1.061342	4.363907
MGYG000004232__gradient_L6_resistant_starch_gapseq	1257	1431	420	bio1	2.231802	1.126268	4.484735
MGYG000004232__gradient_L7_bglucan_gapseq	1257	1431	420	bio1	2.481919	1.035423	4.357686
MGYG000004232__gradient_L8_hmo_gapseq	1257	1431	420	bio1	2.481919	1.069815	4.439902
MGYG000004232__gradient_L9_mos_gapseq	1257	1431	420	bio1	2.652939	1.003206	4.427951
MGYG000004253__gradient_L0_base_gapseq	1260	1375	388	bio1	0.558902	0.993692	4.693457
MGYG000004253__gradient_L1_inulin_gapseq	1260	1375	388	bio1	0.744297	1.085296	4.012792
MGYG000004253__gradient_L2_fos_gapseq	1260	1375	388	bio1	0.744297	1.032724	3.973826
MGYG000004253__gradient_L3_gos_gapseq	1260	1375	388	bio1	0.744297	0.984857	3.954520
MGYG000004253__gradient_L4_xos_gapseq	1260	1375	388	bio1	0.744297	1.091009	4.138007
MGYG000004253__gradient_L5_pectin_gapseq	1260	1375	388	bio1	0.744297	1.069029	4.073807
MGYG000004253__gradient_L6_resistant_starch_gapseq	1260	1375	388	bio1	0.744297	1.006330	4.072034
MGYG000004253__gradient_L7_bglucan_gapseq	1260	1375	388	bio1	0.744297	1.015303	3.975467
MGYG000004253__gradient_L8_hmo_gapseq	1260	1375	388	bio1	0.744297	1.179863	4.040558
MGYG000004253__gradient_L9_mos_gapseq	1260	1375	388	bio1	0.905240	0.988454	4.155385
MGYG000004255__gradient_L0_base_gapseq	1102	1210	250	bio1	0.314252	0.916155	3.149644
MGYG000004255__gradient_L1_inulin_gapseq	1102	1210	250	bio1	0.452236	0.862491	3.213295
MGYG000004255__gradient_L2_fos_gapseq	1102	1210	250	bio1	0.452236	0.862549	3.338975
MGYG000004255__gradient_L3_gos_gapseq	1102	1210	250	bio1	0.452236	0.843904	3.300286
MGYG000004255__gradient_L4_xos_gapseq	1102	1210	250	bio1	0.452236	0.866119	3.149544
MGYG000004255__gradient_L5_pectin_gapseq	1102	1210	250	bio1	0.452236	0.923818	3.235843
MGYG000004255__gradient_L6_resistant_starch_gapseq	1102	1210	250	bio1	0.758958	0.837802	3.316337
MGYG000004255__gradient_L7_bglucan_gapseq	1102	1210	250	bio1	0.758958	0.963958	3.172342
MGYG000004255__gradient_L8_hmo_gapseq	1102	1210	250	bio1	0.758958	0.845727	3.231550
MGYG000004255__gradient_L9_mos_gapseq	1102	1210	250	bio1	0.878960	0.911495	3.158820
MGYG000004258__gradient_L0_base_gapseq	1134	1251	311	bio1	0.403790	0.872334	3.314248
MGYG000004258__gradient_L1_inulin_gapseq	1134	1251	311	bio1	0.619218	0.988127	3.381317
MGYG000004258__gradient_L2_fos_gapseq	1134	1251	311	bio1	0.619218	0.940862	3.200874
MGYG000004258__gradient_L3_gos_gapseq	1134	1251	311	bio1	0.797975	0.900906	3.322007
MGYG000004258__gradient_L4_xos_gapseq	1134	1251	311	bio1	0.797975	0.929450	3.397992
MGYG000004258__gradient_L5_pectin_gapseq	1134	1251	311	bio1	0.797975	0.875221	3.384106
MGYG000004258__gradient_L6_resistant_starch_gapseq	1134	1251	311	bio1	1.200199	0.861516	3.245508
MGYG000004258__gradient_L7_bglucan_gapseq	1134	1251	311	bio1	1.200199	0.939901	3.341899
MGYG000004258__gradient_L8_hmo_gapseq	1134	1251	311	bio1	1.200199	0.859359	3.491624
MGYG000004258__gradient_L9_mos_gapseq	1134	1251	311	bio1	1.294518	1.031238	3.597806
MGYG000004271__gradient_L0_base_gapseq	1550	1794	454	bio1	0.000000	1.278343	0.082237
MGYG000004271__gradient_L1_inulin_gapseq	1550	1794	454	bio1	0.000000	1.386202	0.082058
MGYG000004271__gradient_L2_fos_gapseq	1550	1794	454	bio1	0.000000	1.386215	0.082549
MGYG000004271__gradient_L3_gos_gapseq	1550	1794	454	bio1	1.168359	1.468848	6.852782
MGYG000004271__gradient_L4_xos_gapseq	1550	1794	454	bio1	1.214220	1.799185	6.583567
MGYG000004271__gradient_L5_pectin_gapseq	1550	1794	454	bio1	1.249162	1.382815	6.506892
MGYG000004271__gradient_L6_resistant_starch_gapseq	1550	1794	454	bio1	1.801680	1.372909	6.514440
MGYG000004271__gradient_L7_bglucan_gapseq	1550	1794	454	bio1	1.978573	1.375186	6.624909
MGYG000004271__gradient_L8_hmo_gapseq	1550	1794	454	bio1	2.109605	1.259392	6.573015
MGYG000004271__gradient_L9_mos_gapseq	1550	1794	454	bio1	2.196960	1.279593	6.597472
MGYG000004274__gradient_L0_base_gapseq	1157	1300	301	bio1	0.563591	0.970805	3.543188
MGYG000004274__gradient_L1_inulin_gapseq	1157	1300	301	bio1	0.792852	1.101238	3.663556
MGYG000004274__gradient_L2_fos_gapseq	1157	1300	301	bio1	0.792852	1.297881	3.666931
MGYG000004274__gradient_L3_gos_gapseq	1157	1300	301	bio1	1.021337	0.891995	3.510891
MGYG000004274__gradient_L4_xos_gapseq	1157	1300	301	bio1	1.021337	0.994736	3.521754
MGYG000004274__gradient_L5_pectin_gapseq	1157	1300	301	bio1	1.021337	0.914697	3.509306
MGYG000004274__gradient_L6_resistant_starch_gapseq	1157	1300	301	bio1	1.497192	1.007220	3.497929
MGYG000004274__gradient_L7_bglucan_gapseq	1157	1300	301	bio1	1.497192	0.915210	3.619305
MGYG000004274__gradient_L8_hmo_gapseq	1157	1300	301	bio1	1.497192	0.939814	3.609927
MGYG000004274__gradient_L9_mos_gapseq	1157	1300	301	bio1	1.608611	0.999036	3.503345
MGYG000004284__gradient_L0_base_gapseq	1192	1327	306	bio1	0.351614	1.034832	3.944880
MGYG000004284__gradient_L1_inulin_gapseq	1192	1327	306	bio1	0.512356	0.932071	4.193455
MGYG000004284__gradient_L2_fos_gapseq	1192	1327	306	bio1	0.512356	0.927377	3.658528
MGYG000004284__gradient_L3_gos_gapseq	1192	1327	306	bio1	0.663052	1.007460	3.662362
MGYG000004284__gradient_L4_xos_gapseq	1192	1327	306	bio1	0.663052	0.969049	3.675006
MGYG000004284__gradient_L5_pectin_gapseq	1192	1327	306	bio1	0.663052	1.038790	3.659906
MGYG000004284__gradient_L6_resistant_starch_gapseq	1192	1327	306	bio1	0.997068	1.024411	3.716383
MGYG000004284__gradient_L7_bglucan_gapseq	1192	1327	306	bio1	1.108960	0.963372	3.774645
MGYG000004284__gradient_L8_hmo_gapseq	1192	1327	306	bio1	1.108960	1.029149	3.687447
MGYG000004284__gradient_L9_mos_gapseq	1192	1327	306	bio1	1.188527	0.932277	3.761517
MGYG000004289__gradient_L0_base_gapseq	1310	1383	314	bio1	0.000000	1.006795	0.129756
MGYG000004289__gradient_L1_inulin_gapseq	1310	1383	314	bio1	0.486508	0.995391	3.971812
MGYG000004289__gradient_L2_fos_gapseq	1310	1383	314	bio1	0.486508	1.119373	3.984287
MGYG000004289__gradient_L3_gos_gapseq	1310	1383	314	bio1	0.486508	1.012777	4.092632
MGYG000004289__gradient_L4_xos_gapseq	1310	1383	314	bio1	0.500959	1.040431	3.981948
MGYG000004289__gradient_L5_pectin_gapseq	1310	1383	314	bio1	0.500959	1.097323	3.985886
MGYG000004289__gradient_L6_resistant_starch_gapseq	1310	1383	314	bio1	0.635835	1.101694	4.023550
MGYG000004289__gradient_L7_bglucan_gapseq	1310	1383	314	bio1	0.635835	1.034879	3.972573
MGYG000004289__gradient_L8_hmo_gapseq	1310	1383	314	bio1	0.635835	1.073858	3.960461
MGYG000004289__gradient_L9_mos_gapseq	1310	1383	314	bio1	0.635835	1.034603	4.075630
MGYG000004295	0	0	0	NONE	0.000000	0.000000	0.000000
MGYG000004298__gradient_L0_base_gapseq	1180	1297	274	bio1	0.349957	0.941129	3.486918
MGYG000004298__gradient_L1_inulin_gapseq	1180	1297	274	bio1	0.493531	1.008043	3.505554
MGYG000004298__gradient_L2_fos_gapseq	1180	1297	274	bio1	0.493531	0.934768	3.790532
MGYG000004298__gradient_L3_gos_gapseq	1180	1297	274	bio1	0.493531	1.339039	4.126825
MGYG000004298__gradient_L4_xos_gapseq	1180	1297	274	bio1	0.493531	1.125124	3.585784
MGYG000004298__gradient_L5_pectin_gapseq	1180	1297	274	bio1	0.493531	0.931619	3.715578
MGYG000004298__gradient_L6_resistant_starch_gapseq	1180	1297	274	bio1	1.146327	0.964014	3.656947
MGYG000004298__gradient_L7_bglucan_gapseq	1180	1297	274	bio1	1.146327	0.975879	3.541905
MGYG000004298__gradient_L8_hmo_gapseq	1180	1297	274	bio1	1.146327	0.935746	3.606256
MGYG000004298__gradient_L9_mos_gapseq	1180	1297	274	bio1	1.146327	0.985125	3.593377
MGYG000004308__gradient_L0_base_gapseq	1102	1178	272	bio1	0.000000	0.844156	0.038015
MGYG000004308__gradient_L1_inulin_gapseq	1102	1178	272	bio1	0.000000	0.850746	0.040217
MGYG000004308__gradient_L2_fos_gapseq	1102	1178	272	bio1	0.000000	0.922816	0.041059
MGYG000004308__gradient_L3_gos_gapseq	1102	1178	272	bio1	0.000000	0.851356	0.040909
MGYG000004308__gradient_L4_xos_gapseq	1102	1178	272	bio1	0.000000	0.916742	0.040173
MGYG000004308__gradient_L5_pectin_gapseq	1102	1178	272	bio1	0.000000	0.864637	0.040695
MGYG000004308__gradient_L6_resistant_starch_gapseq	1102	1178	272	bio1	0.000000	0.851171	0.043321
MGYG000004308__gradient_L7_bglucan_gapseq	1102	1178	272	bio1	0.000000	0.986091	0.043865
MGYG000004308__gradient_L8_hmo_gapseq	1102	1178	272	bio1	0.000000	0.906465	0.043796
MGYG000004308__gradient_L9_mos_gapseq	1102	1178	272	bio1	0.000000	1.473413	0.047733
MGYG000004323__gradient_L0_base_gapseq	1274	1406	304	bio1	0.000000	1.021014	0.048526
MGYG000004323__gradient_L1_inulin_gapseq	1274	1406	304	bio1	0.000000	1.062296	0.052494
MGYG000004323__gradient_L2_fos_gapseq	1274	1406	304	bio1	0.000000	0.995808	0.053392
MGYG000004323__gradient_L3_gos_gapseq	1274	1406	304	bio1	0.000000	1.100808	0.055028
MGYG000004323__gradient_L4_xos_gapseq	1274	1406	304	bio1	1.098815	1.028148	4.585548
MGYG000004323__gradient_L5_pectin_gapseq	1274	1406	304	bio1	1.098815	1.611466	4.175543
MGYG000004323__gradient_L6_resistant_starch_gapseq	1274	1406	304	bio1	1.801135	0.990144	4.173572
MGYG000004323__gradient_L7_bglucan_gapseq	1274	1406	304	bio1	2.047896	1.097895	4.010701
MGYG000004323__gradient_L8_hmo_gapseq	1274	1406	304	bio1	2.047896	1.079583	3.991692
MGYG000004323__gradient_L9_mos_gapseq	1274	1406	304	bio1	2.182876	1.036946	4.059447
MGYG000004337__gradient_L0_base_gapseq	1327	1398	340	bio1	0.418021	1.095392	4.737567
MGYG000004337__gradient_L1_inulin_gapseq	1327	1398	340	bio1	0.566651	1.226704	4.289580
MGYG000004337__gradient_L2_fos_gapseq	1327	1398	340	bio1	0.566651	1.018173	4.440072
MGYG000004337__gradient_L3_gos_gapseq	1327	1398	340	bio1	0.566651	1.024282	4.181586
MGYG000004337__gradient_L4_xos_gapseq	1327	1398	340	bio1	0.566651	1.125934	4.262537
MGYG000004337__gradient_L5_pectin_gapseq	1327	1398	340	bio1	0.566651	1.119523	4.295273
MGYG000004337__gradient_L6_resistant_starch_gapseq	1327	1398	340	bio1	0.683582	1.003671	4.263327
MGYG000004337__gradient_L7_bglucan_gapseq	1327	1398	340	bio1	0.683582	1.041082	4.227753
MGYG000004337__gradient_L8_hmo_gapseq	1327	1398	340	bio1	0.683582	1.123030	4.233169
MGYG000004337__gradient_L9_mos_gapseq	1327	1398	340	bio1	0.683582	1.053605	4.309496
MGYG000004370__gradient_L0_base_gapseq	1134	1198	210	bio1	0.000000	0.866621	0.040725
MGYG000004370__gradient_L1_inulin_gapseq	1134	1198	210	bio1	0.000000	0.848725	0.124684
MGYG000004370__gradient_L2_fos_gapseq	1134	1198	210	bio1	0.000000	0.857392	0.043438
MGYG000004370__gradient_L3_gos_gapseq	1134	1198	210	bio1	0.000000	0.900628	0.043552
MGYG000004370__gradient_L4_xos_gapseq	1134	1198	210	bio1	0.000000	0.940196	0.044903
MGYG000004370__gradient_L5_pectin_gapseq	1134	1198	210	bio1	0.000000	0.844804	0.044454
MGYG000004370__gradient_L6_resistant_starch_gapseq	1134	1198	210	bio1	0.000000	0.836977	0.044250
MGYG000004370__gradient_L7_bglucan_gapseq	1134	1198	210	bio1	0.000000	0.942537	0.043539
MGYG000004370__gradient_L8_hmo_gapseq	1134	1198	210	bio1	0.000000	0.867878	0.044248
MGYG000004370__gradient_L9_mos_gapseq	1134	1198	210	bio1	0.000000	0.970297	0.043877
MGYG000004380__gradient_L0_base_gapseq	1388	1526	354	bio1	0.000000	1.226465	0.056791
MGYG000004380__gradient_L1_inulin_gapseq	1388	1526	354	bio1	0.000000	1.091882	0.058173
MGYG000004380__gradient_L2_fos_gapseq	1388	1526	354	bio1	0.000000	1.155272	0.058296
MGYG000004380__gradient_L3_gos_gapseq	1388	1526	354	bio1	0.855061	1.099745	4.779689
MGYG000004380__gradient_L4_xos_gapseq	1388	1526	354	bio1	0.855061	1.221280	4.798425
MGYG000004380__gradient_L5_pectin_gapseq	1388	1526	354	bio1	0.855061	1.180961	4.890497
MGYG000004380__gradient_L6_resistant_starch_gapseq	1388	1526	354	bio1	1.393218	1.127537	5.181070
MGYG000004380__gradient_L7_bglucan_gapseq	1388	1526	354	bio1	1.393218	1.226830	5.107888
MGYG000004380__gradient_L8_hmo_gapseq	1388	1526	354	bio1	1.393218	1.235422	5.176685
MGYG000004380__gradient_L9_mos_gapseq	1388	1526	354	bio1	1.393218	1.178051	4.738839
MGYG000004382__gradient_L0_base_gapseq	1348	1473	380	bio1	0.000000	1.086365	0.062048
MGYG000004382__gradient_L1_inulin_gapseq	1348	1473	380	bio1	0.000000	1.172585	0.060237
MGYG000004382__gradient_L2_fos_gapseq	1348	1473	380	bio1	0.000000	1.099786	0.061105
MGYG000004382__gradient_L3_gos_gapseq	1348	1473	380	bio1	0.724615	1.157090	4.519368
MGYG000004382__gradient_L4_xos_gapseq	1348	1473	380	bio1	0.724615	1.087536	4.751707
MGYG000004382__gradient_L5_pectin_gapseq	1348	1473	380	bio1	0.724615	1.066773	4.658922
MGYG000004382__gradient_L6_resistant_starch_gapseq	1348	1473	380	bio1	1.224751	1.398890	4.768912
MGYG000004382__gradient_L7_bglucan_gapseq	1348	1473	380	bio1	1.224751	1.098403	4.946107
MGYG000004382__gradient_L8_hmo_gapseq	1348	1473	380	bio1	1.224751	1.128509	4.539968
MGYG000004382__gradient_L9_mos_gapseq	1348	1473	380	bio1	1.224751	1.104290	4.395424
MGYG000004393__gradient_L0_base_gapseq	648	633	83	bio1	0.000000	0.420436	0.015566
MGYG000004393__gradient_L1_inulin_gapseq	648	633	83	bio1	0.000000	0.419508	0.016014
MGYG000004393__gradient_L2_fos_gapseq	648	633	83	bio1	0.000000	0.425752	0.016061
MGYG000004393__gradient_L3_gos_gapseq	648	633	83	bio1	0.000000	0.425038	0.016145
MGYG000004393__gradient_L4_xos_gapseq	648	633	83	bio1	0.000000	0.507370	0.016392
MGYG000004393__gradient_L5_pectin_gapseq	648	633	83	bio1	0.000000	0.422405	0.016022
MGYG000004393__gradient_L6_resistant_starch_gapseq	648	633	83	bio1	0.000000	0.426296	0.016031
MGYG000004393__gradient_L7_bglucan_gapseq	648	633	83	bio1	0.000000	0.429047	0.016626
MGYG000004393__gradient_L8_hmo_gapseq	648	633	83	bio1	0.000000	0.417302	0.016202
MGYG000004393__gradient_L9_mos_gapseq	648	633	83	bio1	0.000000	0.480539	0.076551
MGYG000004425__gradient_L0_base_gapseq	874	960	174	bio1	0.000000	1.107655	0.031985
MGYG000004425__gradient_L1_inulin_gapseq	874	960	174	bio1	0.000000	0.674915	0.035029
MGYG000004425__gradient_L2_fos_gapseq	874	960	174	bio1	0.000000	0.664710	0.031477
MGYG000004425__gradient_L3_gos_gapseq	874	960	174	bio1	0.423509	0.738640	2.281202
MGYG000004425__gradient_L4_xos_gapseq	874	960	174	bio1	0.423509	0.677035	2.098045
MGYG000004425__gradient_L5_pectin_gapseq	874	960	174	bio1	0.473069	0.937011	2.265432
MGYG000004425__gradient_L6_resistant_starch_gapseq	874	960	174	bio1	1.083716	0.668690	2.107616
MGYG000004425__gradient_L7_bglucan_gapseq	874	960	174	bio1	1.083716	0.642460	2.118883
MGYG000004425__gradient_L8_hmo_gapseq	874	960	174	bio1	1.083716	0.656688	2.049546
MGYG000004425__gradient_L9_mos_gapseq	874	960	174	bio1	1.186316	0.687279	2.031192
MGYG000004435__gradient_L0_base_gapseq	840	876	188	bio1	0.000000	0.591473	0.023829
MGYG000004435__gradient_L1_inulin_gapseq	840	876	188	bio1	0.000000	0.670370	0.024256
MGYG000004435__gradient_L2_fos_gapseq	840	876	188	bio1	0.000000	0.600358	0.024091
MGYG000004435__gradient_L3_gos_gapseq	840	876	188	bio1	0.033653	0.597855	1.688091
MGYG000004435__gradient_L4_xos_gapseq	840	876	188	bio1	0.033653	0.646173	1.780923
MGYG000004435__gradient_L5_pectin_gapseq	840	876	188	bio1	0.047117	0.595815	1.666315
MGYG000004435__gradient_L6_resistant_starch_gapseq	840	876	188	bio1	0.047117	0.596277	1.663181
MGYG000004435__gradient_L7_bglucan_gapseq	840	876	188	bio1	0.047117	0.660592	1.661470
MGYG000004435__gradient_L8_hmo_gapseq	840	876	188	bio1	0.047558	0.589558	1.684849
MGYG000004435__gradient_L9_mos_gapseq	840	876	188	bio1	0.047558	0.670786	1.753012
MGYG000004456__gradient_L0_base_gapseq	1360	1612	421	bio1	0.000000	1.204533	0.065471
MGYG000004456__gradient_L1_inulin_gapseq	1360	1612	421	bio1	0.000000	1.117459	0.123980
MGYG000004456__gradient_L2_fos_gapseq	1360	1612	421	bio1	0.000000	1.163478	0.067454
MGYG000004456__gradient_L3_gos_gapseq	1360	1612	421	bio1	0.889086	1.242831	5.229702
MGYG000004456__gradient_L4_xos_gapseq	1360	1612	421	bio1	0.951764	1.118698	5.315430
MGYG000004456__gradient_L5_pectin_gapseq	1360	1612	421	bio1	0.984263	1.176996	5.401301
MGYG000004456__gradient_L6_resistant_starch_gapseq	1360	1612	421	bio1	1.450865	1.196570	5.198679
MGYG000004456__gradient_L7_bglucan_gapseq	1360	1612	421	bio1	1.611041	1.229681	5.254282
MGYG000004456__gradient_L8_hmo_gapseq	1360	1612	421	bio1	1.611041	1.516416	6.033499
MGYG000004456__gradient_L9_mos_gapseq	1360	1612	421	bio1	1.713183	1.163646	5.370446
MGYG000004476__gradient_L0_base_gapseq	1005	1057	218	bio1	0.000000	0.789885	0.033142
MGYG000004476__gradient_L1_inulin_gapseq	1005	1057	218	bio1	0.573897	0.751418	2.313898
MGYG000004476__gradient_L2_fos_gapseq	1005	1057	218	bio1	0.573897	0.740235	2.388527
MGYG000004476__gradient_L3_gos_gapseq	1005	1057	218	bio1	0.679849	0.745618	2.319918
MGYG000004476__gradient_L4_xos_gapseq	1005	1057	218	bio1	0.679849	0.742106	2.389777
MGYG000004476__gradient_L5_pectin_gapseq	1005	1057	218	bio1	0.679849	0.737065	2.333830
MGYG000004476__gradient_L6_resistant_starch_gapseq	1005	1057	218	bio1	1.431344	0.798543	2.469685
MGYG000004476__gradient_L7_bglucan_gapseq	1005	1057	218	bio1	1.431344	0.797233	2.317592
MGYG000004476__gradient_L8_hmo_gapseq	1005	1057	218	bio1	1.431344	0.717754	2.306313
MGYG000004476__gradient_L9_mos_gapseq	1005	1057	218	bio1	1.565468	0.783140	2.310175
MGYG000004478__gradient_L0_base_gapseq	1162	1252	258	bio1	0.278374	0.901599	3.454328
MGYG000004478__gradient_L1_inulin_gapseq	1162	1252	258	bio1	0.422054	1.005177	3.327750
MGYG000004478__gradient_L2_fos_gapseq	1162	1252	258	bio1	0.422054	0.894530	3.313444
MGYG000004478__gradient_L3_gos_gapseq	1162	1252	258	bio1	0.422054	0.968653	3.323440
MGYG000004478__gradient_L4_xos_gapseq	1162	1252	258	bio1	0.422054	0.881275	3.428433
MGYG000004478__gradient_L5_pectin_gapseq	1162	1252	258	bio1	0.422054	1.215120	3.598409
MGYG000004478__gradient_L6_resistant_starch_gapseq	1162	1252	258	bio1	1.043910	1.322070	3.387995
MGYG000004478__gradient_L7_bglucan_gapseq	1162	1252	258	bio1	1.043910	0.903651	3.317536
MGYG000004478__gradient_L8_hmo_gapseq	1162	1252	258	bio1	1.043910	0.963078	3.315820
MGYG000004478__gradient_L9_mos_gapseq	1162	1252	258	bio1	1.043910	0.912199	3.389332
MGYG000004487__gradient_L0_base_gapseq	1133	1250	280	bio1	0.000000	0.894394	0.051756
MGYG000004487__gradient_L1_inulin_gapseq	1133	1250	280	bio1	0.000000	0.995328	0.052370
MGYG000004487__gradient_L2_fos_gapseq	1133	1250	280	bio1	0.000000	0.867708	0.053226
MGYG000004487__gradient_L3_gos_gapseq	1133	1250	280	bio1	0.000000	0.981048	0.052329
MGYG000004487__gradient_L4_xos_gapseq	1133	1250	280	bio1	0.000000	0.874181	0.052761
MGYG000004487__gradient_L5_pectin_gapseq	1133	1250	280	bio1	0.000000	0.886463	0.052339
MGYG000004487__gradient_L6_resistant_starch_gapseq	1133	1250	280	bio1	0.000000	0.986995	0.053787
MGYG000004487__gradient_L7_bglucan_gapseq	1133	1250	280	bio1	0.000000	1.250560	0.063274
MGYG000004487__gradient_L8_hmo_gapseq	1133	1250	280	bio1	0.000000	1.044587	0.053657
MGYG000004487__gradient_L9_mos_gapseq	1133	1250	280	bio1	0.000000	0.940877	0.052489
MGYG000004490__gradient_L0_base_gapseq	1337	1532	405	bio1	0.256639	1.122531	5.243195
MGYG000004490__gradient_L1_inulin_gapseq	1337	1532	405	bio1	0.366119	1.110658	4.877726
MGYG000004490__gradient_L2_fos_gapseq	1337	1532	405	bio1	0.366119	1.071407	4.687160
MGYG000004490__gradient_L3_gos_gapseq	1337	1532	405	bio1	0.436365	1.197432	5.403846
MGYG000004490__gradient_L4_xos_gapseq	1337	1532	405	bio1	0.528801	1.189744	4.759635
MGYG000004490__gradient_L5_pectin_gapseq	1337	1532	405	bio1	0.560712	1.192880	5.332882
MGYG000004490__gradient_L6_resistant_starch_gapseq	1337	1532	405	bio1	0.818279	1.079590	4.794563
MGYG000004490__gradient_L7_bglucan_gapseq	1337	1532	405	bio1	0.975555	1.149060	4.773605
MGYG000004490__gradient_L8_hmo_gapseq	1337	1532	405	bio1	0.975555	1.186186	4.982510
MGYG000004490__gradient_L9_mos_gapseq	1337	1532	405	bio1	1.075847	1.106367	5.868080
MGYG000004495__gradient_L0_base_gapseq	1441	1693	398	bio1	0.000000	1.209875	0.077650
MGYG000004495__gradient_L1_inulin_gapseq	1441	1693	398	bio1	0.000000	1.273504	0.076849
MGYG000004495__gradient_L2_fos_gapseq	1441	1693	398	bio1	0.000000	1.206364	0.077039
MGYG000004495__gradient_L3_gos_gapseq	1441	1693	398	bio1	0.000000	1.256036	0.078219
MGYG000004495__gradient_L4_xos_gapseq	1441	1693	398	bio1	0.000000	1.177884	0.173396
MGYG000004495__gradient_L5_pectin_gapseq	1441	1693	398	bio1	0.000000	1.182276	0.073976
MGYG000004495__gradient_L6_resistant_starch_gapseq	1441	1693	398	bio1	1.094486	1.333541	6.468217
MGYG000004495__gradient_L7_bglucan_gapseq	1441	1693	398	bio1	1.280772	1.232089	6.028788
MGYG000004495__gradient_L8_hmo_gapseq	1441	1693	398	bio1	1.280772	1.313699	6.476221
MGYG000004495__gradient_L9_mos_gapseq	1441	1693	398	bio1	1.398757	1.196198	5.884142
MGYG000004498__gradient_L0_base_gapseq	821	866	152	bio1	0.042507	0.587529	1.644892
MGYG000004498__gradient_L1_inulin_gapseq	821	866	152	bio1	0.163882	0.584957	1.636708
MGYG000004498__gradient_L2_fos_gapseq	821	866	152	bio1	0.163882	0.665412	1.634271
MGYG000004498__gradient_L3_gos_gapseq	821	866	152	bio1	0.220073	0.589049	1.666811
MGYG000004498__gradient_L4_xos_gapseq	821	866	152	bio1	0.220073	0.571080	2.229793
MGYG000004498__gradient_L5_pectin_gapseq	821	866	152	bio1	0.220073	0.610392	1.710811
MGYG000004498__gradient_L6_resistant_starch_gapseq	821	866	152	bio1	0.220073	0.577741	1.637636
MGYG000004498__gradient_L7_bglucan_gapseq	821	866	152	bio1	0.220073	0.658759	1.617729
MGYG000004498__gradient_L8_hmo_gapseq	821	866	152	bio1	0.220073	0.578984	1.753382
MGYG000004498__gradient_L9_mos_gapseq	821	866	152	bio1	0.220073	0.589797	1.904425
MGYG000004501__gradient_L0_base_gapseq	1161	1280	286	bio1	0.000000	0.899534	0.041467
MGYG000004501__gradient_L1_inulin_gapseq	1161	1280	286	bio1	0.000000	1.309384	0.051023
MGYG000004501__gradient_L2_fos_gapseq	1161	1280	286	bio1	0.000000	1.028990	0.047311
MGYG000004501__gradient_L3_gos_gapseq	1161	1280	286	bio1	0.477433	0.952553	3.505999
MGYG000004501__gradient_L4_xos_gapseq	1161	1280	286	bio1	0.490454	0.990902	3.613897
MGYG000004501__gradient_L5_pectin_gapseq	1161	1280	286	bio1	0.490454	0.909134	3.905797
MGYG000004501__gradient_L6_resistant_starch_gapseq	1161	1280	286	bio1	0.594624	0.908057	3.510785
MGYG000004501__gradient_L7_bglucan_gapseq	1161	1280	286	bio1	0.594624	0.996906	3.498040
MGYG000004501__gradient_L8_hmo_gapseq	1161	1280	286	bio1	0.594624	0.887515	3.483479
MGYG000004501__gradient_L9_mos_gapseq	1161	1280	286	bio1	0.594624	0.984791	3.614356
MGYG000004509__gradient_L0_base_gapseq	789	743	100	bio1	0.000000	0.670721	0.018438
MGYG000004509__gradient_L1_inulin_gapseq	789	743	100	bio1	0.152238	0.540417	1.329821
MGYG000004509__gradient_L2_fos_gapseq	789	743	100	bio1	0.152238	0.531324	1.304529
MGYG000004509__gradient_L3_gos_gapseq	789	743	100	bio1	0.152238	0.589738	1.299777
MGYG000004509__gradient_L4_xos_gapseq	789	743	100	bio1	0.152238	0.571497	1.311154
MGYG000004509__gradient_L5_pectin_gapseq	789	743	100	bio1	0.152238	0.514129	1.311262
MGYG000004509__gradient_L6_resistant_starch_gapseq	789	743	100	bio1	0.152238	0.608688	1.318153
MGYG000004509__gradient_L7_bglucan_gapseq	789	743	100	bio1	0.152238	0.523145	1.300036
MGYG000004509__gradient_L8_hmo_gapseq	789	743	100	bio1	0.152238	0.523035	1.293677
MGYG000004509__gradient_L9_mos_gapseq	789	743	100	bio1	0.152238	0.521610	1.435329
MGYG000004525__gradient_L0_base_gapseq	1160	1314	287	bio1	0.000000	0.995853	0.056355
MGYG000004525__gradient_L1_inulin_gapseq	1160	1314	287	bio1	0.000000	0.917075	0.058478
MGYG000004525__gradient_L2_fos_gapseq	1160	1314	287	bio1	0.000000	0.999861	0.056252
MGYG000004525__gradient_L3_gos_gapseq	1160	1314	287	bio1	0.000000	0.975194	0.060196
MGYG000004525__gradient_L4_xos_gapseq	1160	1314	287	bio1	0.847724	1.040461	3.703691
MGYG000004525__gradient_L5_pectin_gapseq	1160	1314	287	bio1	0.847724	1.009153	4.101173
MGYG000004525__gradient_L6_resistant_starch_gapseq	1160	1314	287	bio1	1.404565	1.125244	4.118280
MGYG000004525__gradient_L7_bglucan_gapseq	1160	1314	287	bio1	1.404565	0.909252	3.609568
MGYG000004525__gradient_L8_hmo_gapseq	1160	1314	287	bio1	1.404565	0.955680	3.545342
MGYG000004525__gradient_L9_mos_gapseq	1160	1314	287	bio1	1.404565	1.009674	3.540294
MGYG000004527__gradient_L0_base_gapseq	728	672	93	bio1	0.000000	0.481924	0.017060
MGYG000004527__gradient_L1_inulin_gapseq	728	672	93	bio1	0.000000	0.467532	0.017116
MGYG000004527__gradient_L2_fos_gapseq	728	672	93	bio1	0.000000	0.486491	0.017184
MGYG000004527__gradient_L3_gos_gapseq	728	672	93	bio1	0.000000	0.505154	0.017822
MGYG000004527__gradient_L4_xos_gapseq	728	672	93	bio1	0.000000	0.572801	0.021658
MGYG000004527__gradient_L5_pectin_gapseq	728	672	93	bio1	0.000000	0.530955	0.017255
MGYG000004527__gradient_L6_resistant_starch_gapseq	728	672	93	bio1	0.000000	0.484643	0.017109
MGYG000004527__gradient_L7_bglucan_gapseq	728	672	93	bio1	0.000000	0.467486	0.018358
MGYG000004527__gradient_L8_hmo_gapseq	728	672	93	bio1	0.000000	0.488314	0.017515
MGYG000004527__gradient_L9_mos_gapseq	728	672	93	bio1	0.000000	0.543564	0.017295
MGYG000004529__gradient_L0_base_gapseq	1120	1197	219	bio1	0.000000	0.902545	0.038499
MGYG000004529__gradient_L1_inulin_gapseq	1120	1197	219	bio1	0.136333	0.925376	3.622455
MGYG000004529__gradient_L2_fos_gapseq	1120	1197	219	bio1	0.136333	0.879691	3.722430
MGYG000004529__gradient_L3_gos_gapseq	1120	1197	219	bio1	0.136333	0.850414	3.089154
MGYG000004529__gradient_L4_xos_gapseq	1120	1197	219	bio1	0.136333	0.929981	3.096111
MGYG000004529__gradient_L5_pectin_gapseq	1120	1197	219	bio1	0.136333	0.899086	3.073061
MGYG000004529__gradient_L6_resistant_starch_gapseq	1120	1197	219	bio1	0.175288	0.948206	3.083347
MGYG000004529__gradient_L7_bglucan_gapseq	1120	1197	219	bio1	0.175288	0.868795	3.111306
MGYG000004529__gradient_L8_hmo_gapseq	1120	1197	219	bio1	0.175288	0.918502	3.089117
MGYG000004529__gradient_L9_mos_gapseq	1120	1197	219	bio1	0.214243	0.863279	3.172456
MGYG000004532__gradient_L0_base_gapseq	1273	1359	294	bio1	0.000000	1.547860	0.053460
MGYG000004532__gradient_L1_inulin_gapseq	1273	1359	294	bio1	0.000000	0.964283	0.048832
MGYG000004532__gradient_L2_fos_gapseq	1273	1359	294	bio1	0.000000	1.120490	0.047345
MGYG000004532__gradient_L3_gos_gapseq	1273	1359	294	bio1	0.646879	1.373214	4.279573
MGYG000004532__gradient_L4_xos_gapseq	1273	1359	294	bio1	0.646879	0.946220	3.965793
MGYG000004532__gradient_L5_pectin_gapseq	1273	1359	294	bio1	0.646879	1.050757	3.938215
MGYG000004532__gradient_L6_resistant_starch_gapseq	1273	1359	294	bio1	0.712744	0.965235	4.017717
MGYG000004532__gradient_L7_bglucan_gapseq	1273	1359	294	bio1	0.712744	0.986748	3.965261
MGYG000004532__gradient_L8_hmo_gapseq	1273	1359	294	bio1	0.712744	1.059243	3.985319
MGYG000004532__gradient_L9_mos_gapseq	1273	1359	294	bio1	0.712744	0.959229	4.201197
MGYG000004533__gradient_L0_base_gapseq	1086	1107	169	bio1	0.000000	0.947158	0.040062
MGYG000004533__gradient_L1_inulin_gapseq	1086	1107	169	bio1	0.278071	0.780479	2.645064
MGYG000004533__gradient_L2_fos_gapseq	1086	1107	169	bio1	0.278071	0.778481	2.552638
MGYG000004533__gradient_L3_gos_gapseq	1086	1107	169	bio1	0.278071	0.776798	2.601442
MGYG000004533__gradient_L4_xos_gapseq	1086	1107	169	bio1	0.278071	0.797926	2.564351
MGYG000004533__gradient_L5_pectin_gapseq	1086	1107	169	bio1	0.278071	0.786856	2.624028
MGYG000004533__gradient_L6_resistant_starch_gapseq	1086	1107	169	bio1	0.733316	0.789829	2.580710
MGYG000004533__gradient_L7_bglucan_gapseq	1086	1107	169	bio1	0.733316	0.805593	2.616812
MGYG000004533__gradient_L8_hmo_gapseq	1086	1107	169	bio1	0.733316	0.771003	2.528863
MGYG000004533__gradient_L9_mos_gapseq	1086	1107	169	bio1	0.733316	0.777568	2.767844
MGYG000004535__gradient_L0_base_gapseq	933	1015	202	bio1	0.382605	0.695992	2.206602
MGYG000004535__gradient_L1_inulin_gapseq	933	1015	202	bio1	0.528363	0.796014	2.228371
MGYG000004535__gradient_L2_fos_gapseq	933	1015	202	bio1	0.528363	0.704749	2.194071
MGYG000004535__gradient_L3_gos_gapseq	933	1015	202	bio1	0.828989	0.801535	2.196025
MGYG000004535__gradient_L4_xos_gapseq	933	1015	202	bio1	0.828989	0.707449	2.254535
MGYG000004535__gradient_L5_pectin_gapseq	933	1015	202	bio1	0.883648	0.836466	2.223608
MGYG000004535__gradient_L6_resistant_starch_gapseq	933	1015	202	bio1	0.992967	0.754312	2.258627
MGYG000004535__gradient_L7_bglucan_gapseq	933	1015	202	bio1	0.992967	0.773535	2.197573
MGYG000004535__gradient_L8_hmo_gapseq	933	1015	202	bio1	0.994383	0.709685	2.203164
MGYG000004535__gradient_L9_mos_gapseq	933	1015	202	bio1	0.994383	0.758962	2.203510
MGYG000004537__gradient_L0_base_gapseq	956	953	138	bio1	0.000000	0.795984	0.019757
MGYG000004537__gradient_L1_inulin_gapseq	956	953	138	bio1	0.000000	0.665280	0.023865
MGYG000004537__gradient_L2_fos_gapseq	956	953	138	bio1	0.000000	0.734168	0.022722
MGYG000004537__gradient_L3_gos_gapseq	956	953	138	bio1	0.000000	0.682217	0.022925
MGYG000004537__gradient_L4_xos_gapseq	956	953	138	bio1	0.000000	0.661624	0.023883
MGYG000004537__gradient_L5_pectin_gapseq	956	953	138	bio1	0.000000	0.731255	0.024070
MGYG000004537__gradient_L6_resistant_starch_gapseq	956	953	138	bio1	0.000000	0.762562	0.022981
MGYG000004537__gradient_L7_bglucan_gapseq	956	953	138	bio1	0.000000	0.666905	0.025871
MGYG000004537__gradient_L8_hmo_gapseq	956	953	138	bio1	0.000000	0.710306	0.023033
MGYG000004537__gradient_L9_mos_gapseq	956	953	138	bio1	0.000000	0.752578	0.022877
MGYG000004542__gradient_L0_base_gapseq	1177	1318	336	bio1	0.830899	0.958045	3.662010
MGYG000004542__gradient_L1_inulin_gapseq	1177	1318	336	bio1	1.123964	1.009968	3.519587
MGYG000004542__gradient_L2_fos_gapseq	1177	1318	336	bio1	1.123964	0.919004	3.624372
MGYG000004542__gradient_L3_gos_gapseq	1177	1318	336	bio1	1.420100	0.943385	3.537638
MGYG000004542__gradient_L4_xos_gapseq	1177	1318	336	bio1	1.420100	1.026136	3.536141
MGYG000004542__gradient_L5_pectin_gapseq	1177	1318	336	bio1	1.420100	1.374046	4.135830
MGYG000004542__gradient_L6_resistant_starch_gapseq	1177	1318	336	bio1	2.041539	0.944485	3.597305
MGYG000004542__gradient_L7_bglucan_gapseq	1177	1318	336	bio1	2.041539	1.003383	3.553769
MGYG000004542__gradient_L8_hmo_gapseq	1177	1318	336	bio1	2.041539	0.945571	3.539432
MGYG000004542__gradient_L9_mos_gapseq	1177	1318	336	bio1	2.185120	0.989715	3.636936
MGYG000004553__gradient_L0_base_gapseq	1149	1299	311	bio1	0.397554	0.956738	3.598726
MGYG000004553__gradient_L1_inulin_gapseq	1149	1299	311	bio1	0.555265	0.997557	3.548580
MGYG000004553__gradient_L2_fos_gapseq	1149	1299	311	bio1	0.555265	0.909492	3.556953
MGYG000004553__gradient_L3_gos_gapseq	1149	1299	311	bio1	0.703120	0.971970	3.558592
MGYG000004553__gradient_L4_xos_gapseq	1149	1299	311	bio1	0.703120	0.911224	3.993662
MGYG000004553__gradient_L5_pectin_gapseq	1149	1299	311	bio1	0.703120	0.987975	3.983410
MGYG000004553__gradient_L6_resistant_starch_gapseq	1149	1299	311	bio1	1.029289	1.011209	3.584912
MGYG000004553__gradient_L7_bglucan_gapseq	1149	1299	311	bio1	1.133482	0.903783	3.688669
MGYG000004553__gradient_L8_hmo_gapseq	1149	1299	311	bio1	1.133482	0.918979	3.617583
MGYG000004553__gradient_L9_mos_gapseq	1149	1299	311	bio1	1.209259	0.977740	4.184319
MGYG000004557__gradient_L0_base_gapseq	1193	1332	377	bio1	0.000000	0.936980	0.047929
MGYG000004557__gradient_L1_inulin_gapseq	1193	1332	377	bio1	0.000000	1.061107	0.048478
MGYG000004557__gradient_L2_fos_gapseq	1193	1332	377	bio1	0.000000	0.939788	0.047853
MGYG000004557__gradient_L3_gos_gapseq	1193	1332	377	bio1	0.000000	0.932364	0.047719
MGYG000004557__gradient_L4_xos_gapseq	1193	1332	377	bio1	0.288870	1.066853	3.708098
MGYG000004557__gradient_L5_pectin_gapseq	1193	1332	377	bio1	0.288870	1.083883	3.689806
MGYG000004557__gradient_L6_resistant_starch_gapseq	1193	1332	377	bio1	0.288870	0.955866	4.090161
MGYG000004557__gradient_L7_bglucan_gapseq	1193	1332	377	bio1	0.288870	1.075877	4.194972
MGYG000004557__gradient_L8_hmo_gapseq	1193	1332	377	bio1	0.288870	0.982150	3.805024
MGYG000004557__gradient_L9_mos_gapseq	1193	1332	377	bio1	0.288870	0.954385	3.728165
MGYG000004559__gradient_L0_base_gapseq	1251	1376	262	bio1	0.786679	0.991220	3.893679
MGYG000004559__gradient_L1_inulin_gapseq	1251	1376	262	bio1	0.959381	1.106386	4.249617
MGYG000004559__gradient_L2_fos_gapseq	1251	1376	262	bio1	0.959381	0.997531	4.493905
MGYG000004559__gradient_L3_gos_gapseq	1251	1376	262	bio1	1.084806	1.011673	3.900209
MGYG000004559__gradient_L4_xos_gapseq	1251	1376	262	bio1	1.084806	1.075788	3.921083
MGYG000004559__gradient_L5_pectin_gapseq	1251	1376	262	bio1	1.084806	1.020301	4.018704
MGYG000004559__gradient_L6_resistant_starch_gapseq	1251	1376	262	bio1	1.509491	0.990738	4.537808
MGYG000004559__gradient_L7_bglucan_gapseq	1251	1376	262	bio1	1.509491	1.156158	3.884434
MGYG000004559__gradient_L8_hmo_gapseq	1251	1376	262	bio1	1.509491	1.050161	4.527192
MGYG000004559__gradient_L9_mos_gapseq	1251	1376	262	bio1	1.676724	1.011241	3.941538
MGYG000004563__gradient_L0_base_gapseq	982	910	304	bio1	0.000000	0.757190	0.020876
MGYG000004563__gradient_L1_inulin_gapseq	982	910	304	bio1	0.000000	0.705291	0.021417
MGYG000004563__gradient_L2_fos_gapseq	982	910	304	bio1	0.000000	0.685703	0.022487
MGYG000004563__gradient_L3_gos_gapseq	982	910	304	bio1	0.000000	0.721464	0.021315
MGYG000004563__gradient_L4_xos_gapseq	982	910	304	bio1	0.000000	0.670327	0.021429
MGYG000004563__gradient_L5_pectin_gapseq	982	910	304	bio1	0.000000	0.654275	0.022330
MGYG000004563__gradient_L6_resistant_starch_gapseq	982	910	304	bio1	0.000000	0.760922	0.021617
MGYG000004563__gradient_L7_bglucan_gapseq	982	910	304	bio1	0.000000	0.680561	0.022179
MGYG000004563__gradient_L8_hmo_gapseq	982	910	304	bio1	0.000000	0.692333	0.022491
MGYG000004563__gradient_L9_mos_gapseq	982	910	304	bio1	0.000000	0.703349	0.021445
MGYG000004565__gradient_L0_base_gapseq	1105	1213	288	bio1	0.247282	1.157438	3.582924
MGYG000004565__gradient_L1_inulin_gapseq	1105	1213	288	bio1	0.326415	0.854799	3.296628
MGYG000004565__gradient_L2_fos_gapseq	1105	1213	288	bio1	0.326415	0.899213	3.680938
MGYG000004565__gradient_L3_gos_gapseq	1105	1213	288	bio1	0.326415	0.955337	3.202873
MGYG000004565__gradient_L4_xos_gapseq	1105	1213	288	bio1	0.326415	0.844040	3.191680
MGYG000004565__gradient_L5_pectin_gapseq	1105	1213	288	bio1	0.326415	0.938049	3.139203
MGYG000004565__gradient_L6_resistant_starch_gapseq	1105	1213	288	bio1	0.684989	0.836899	3.223782
MGYG000004565__gradient_L7_bglucan_gapseq	1105	1213	288	bio1	0.684989	0.841988	3.162839
MGYG000004565__gradient_L8_hmo_gapseq	1105	1213	288	bio1	0.684989	0.924394	3.447034
MGYG000004565__gradient_L9_mos_gapseq	1105	1213	288	bio1	0.684989	0.866387	3.163246
MGYG000004569__gradient_L0_base_gapseq	1093	1191	233	bio1	0.000000	1.047519	0.036638
MGYG000004569__gradient_L1_inulin_gapseq	1093	1191	233	bio1	0.000000	0.895489	0.036655
MGYG000004569__gradient_L2_fos_gapseq	1093	1191	233	bio1	0.000000	1.269315	0.038298
MGYG000004569__gradient_L3_gos_gapseq	1093	1191	233	bio1	0.363337	0.930336	2.959903
MGYG000004569__gradient_L4_xos_gapseq	1093	1191	233	bio1	0.363337	0.817577	3.545766
MGYG000004569__gradient_L5_pectin_gapseq	1093	1191	233	bio1	0.363337	0.959105	3.015302
MGYG000004569__gradient_L6_resistant_starch_gapseq	1093	1191	233	bio1	0.426527	0.812234	3.050635
MGYG000004569__gradient_L7_bglucan_gapseq	1093	1191	233	bio1	0.578181	0.827466	2.967894
MGYG000004569__gradient_L8_hmo_gapseq	1093	1191	233	bio1	0.578181	0.839986	3.049415
MGYG000004569__gradient_L9_mos_gapseq	1093	1191	233	bio1	0.679274	0.835085	2.959667
MGYG000004576__gradient_L0_base_gapseq	1047	1178	218	bio1	0.000000	0.918833	0.038773
MGYG000004576__gradient_L1_inulin_gapseq	1047	1178	218	bio1	0.000000	0.930993	0.040745
MGYG000004576__gradient_L2_fos_gapseq	1047	1178	218	bio1	0.000000	0.829086	0.041470
MGYG000004576__gradient_L3_gos_gapseq	1047	1178	218	bio1	0.000000	0.827780	0.043547
MGYG000004576__gradient_L4_xos_gapseq	1047	1178	218	bio1	0.883319	0.892196	3.054534
MGYG000004576__gradient_L5_pectin_gapseq	1047	1178	218	bio1	0.883319	1.372762	3.154748
MGYG000004576__gradient_L6_resistant_starch_gapseq	1047	1178	218	bio1	0.994383	0.831844	3.008020
MGYG000004576__gradient_L7_bglucan_gapseq	1047	1178	218	bio1	0.994383	0.829741	3.100283
MGYG000004576__gradient_L8_hmo_gapseq	1047	1178	218	bio1	0.994383	0.856317	2.956471
MGYG000004576__gradient_L9_mos_gapseq	1047	1178	218	bio1	0.994383	0.885911	2.941925
MGYG000004589__gradient_L0_base_gapseq	1180	1358	355	bio1	0.000000	1.095037	0.050261
MGYG000004589__gradient_L1_inulin_gapseq	1180	1358	355	bio1	0.000000	0.946299	0.051674
MGYG000004589__gradient_L2_fos_gapseq	1180	1358	355	bio1	0.000000	1.005309	0.053161
MGYG000004589__gradient_L3_gos_gapseq	1180	1358	355	bio1	0.000000	0.938375	0.054613
MGYG000004589__gradient_L4_xos_gapseq	1180	1358	355	bio1	0.590858	1.054135	3.795912
MGYG000004589__gradient_L5_pectin_gapseq	1180	1358	355	bio1	0.590858	0.977448	3.892674
MGYG000004589__gradient_L6_resistant_starch_gapseq	1180	1358	355	bio1	1.180866	0.975983	4.142994
MGYG000004589__gradient_L7_bglucan_gapseq	1180	1358	355	bio1	1.385376	1.107442	3.804078
MGYG000004589__gradient_L8_hmo_gapseq	1180	1358	355	bio1	1.385376	0.970282	3.790640
MGYG000004589__gradient_L9_mos_gapseq	1180	1358	355	bio1	1.385376	1.023432	4.006341
MGYG000004592__gradient_L0_base_gapseq	1229	1256	262	bio1	0.000000	0.932247	0.043260
MGYG000004592__gradient_L1_inulin_gapseq	1229	1256	262	bio1	0.000000	0.996282	0.043886
MGYG000004592__gradient_L2_fos_gapseq	1229	1256	262	bio1	0.000000	0.908654	0.043821
MGYG000004592__gradient_L3_gos_gapseq	1229	1256	262	bio1	0.000000	1.002002	0.044320
MGYG000004592__gradient_L4_xos_gapseq	1229	1256	262	bio1	0.000000	0.940560	0.044104
MGYG000004592__gradient_L5_pectin_gapseq	1229	1256	262	bio1	0.000000	1.352635	0.053847
MGYG000004592__gradient_L6_resistant_starch_gapseq	1229	1256	262	bio1	0.357703	1.030231	3.473535
MGYG000004592__gradient_L7_bglucan_gapseq	1229	1256	262	bio1	0.548326	0.913587	3.557898
MGYG000004592__gradient_L8_hmo_gapseq	1229	1256	262	bio1	0.548326	0.892427	3.523860
MGYG000004592__gradient_L9_mos_gapseq	1229	1256	262	bio1	0.548326	1.010256	3.651014
MGYG000004612__gradient_L0_base_gapseq	1308	1467	339	bio1	0.000000	1.134887	0.053791
MGYG000004612__gradient_L1_inulin_gapseq	1308	1467	339	bio1	0.000000	1.056287	0.054032
MGYG000004612__gradient_L2_fos_gapseq	1308	1467	339	bio1	0.000000	1.105733	0.053631
MGYG000004612__gradient_L3_gos_gapseq	1308	1467	339	bio1	0.000000	1.030453	0.053742
MGYG000004612__gradient_L4_xos_gapseq	1308	1467	339	bio1	1.066317	1.583008	4.334532
MGYG000004612__gradient_L5_pectin_gapseq	1308	1467	339	bio1	1.066317	1.031470	4.408897
MGYG000004612__gradient_L6_resistant_starch_gapseq	1308	1467	339	bio1	1.794591	1.038716	4.507719
MGYG000004612__gradient_L7_bglucan_gapseq	1308	1467	339	bio1	2.038740	1.194867	4.339694
MGYG000004612__gradient_L8_hmo_gapseq	1308	1467	339	bio1	2.038740	1.164113	4.309296
MGYG000004612__gradient_L9_mos_gapseq	1308	1467	339	bio1	2.172292	1.055284	4.355740
MGYG000004616__gradient_L0_base_gapseq	1201	1336	291	bio1	0.000000	1.050651	0.040445
MGYG000004616__gradient_L1_inulin_gapseq	1201	1336	291	bio1	0.000000	0.955151	0.042815
MGYG000004616__gradient_L2_fos_gapseq	1201	1336	291	bio1	0.000000	1.007586	0.042413
MGYG000004616__gradient_L3_gos_gapseq	1201	1336	291	bio1	0.349589	0.944691	3.830564
MGYG000004616__gradient_L4_xos_gapseq	1201	1336	291	bio1	0.349589	1.093337	3.976514
MGYG000004616__gradient_L5_pectin_gapseq	1201	1336	291	bio1	0.349589	0.954939	3.823114
MGYG000004616__gradient_L6_resistant_starch_gapseq	1201	1336	291	bio1	0.349650	0.957067	3.734568
MGYG000004616__gradient_L7_bglucan_gapseq	1201	1336	291	bio1	0.349650	1.017931	3.718396
MGYG000004616__gradient_L8_hmo_gapseq	1201	1336	291	bio1	0.349650	0.977407	3.801636
MGYG000004616__gradient_L9_mos_gapseq	1201	1336	291	bio1	0.349650	0.931603	3.875003
MGYG000004633__gradient_L0_base_gapseq	1263	1434	374	bio1	0.652428	1.172319	4.329107
MGYG000004633__gradient_L1_inulin_gapseq	1263	1434	374	bio1	0.936482	1.055816	4.376666
MGYG000004633__gradient_L2_fos_gapseq	1263	1434	374	bio1	0.936482	1.046819	4.290585
MGYG000004633__gradient_L3_gos_gapseq	1263	1434	374	bio1	1.193879	1.124145	4.273882
MGYG000004633__gradient_L4_xos_gapseq	1263	1434	374	bio1	1.193879	1.077211	4.548295
MGYG000004633__gradient_L5_pectin_gapseq	1263	1434	374	bio1	1.193879	1.040487	4.312445
MGYG000004633__gradient_L6_resistant_starch_gapseq	1263	1434	374	bio1	1.782326	1.590309	4.443387
MGYG000004633__gradient_L7_bglucan_gapseq	1263	1434	374	bio1	1.782326	1.152754	4.359288
MGYG000004633__gradient_L8_hmo_gapseq	1263	1434	374	bio1	1.782326	1.034409	4.470632
MGYG000004633__gradient_L9_mos_gapseq	1263	1434	374	bio1	1.918285	1.031281	4.313064
MGYG000004637__gradient_L0_base_gapseq	1072	1117	255	bio1	0.043338	0.796471	2.646439
MGYG000004637__gradient_L1_inulin_gapseq	1072	1117	255	bio1	0.083928	0.911155	2.628361
MGYG000004637__gradient_L2_fos_gapseq	1072	1117	255	bio1	0.083928	0.806118	2.623519
MGYG000004637__gradient_L3_gos_gapseq	1072	1117	255	bio1	0.083928	0.884252	2.619426
MGYG000004637__gradient_L4_xos_gapseq	1072	1117	255	bio1	0.083928	0.807074	2.705956
MGYG000004637__gradient_L5_pectin_gapseq	1072	1117	255	bio1	0.083928	0.859183	2.638917
MGYG000004637__gradient_L6_resistant_starch_gapseq	1072	1117	255	bio1	0.083928	0.790020	2.822554
MGYG000004637__gradient_L7_bglucan_gapseq	1072	1117	255	bio1	0.083928	0.796456	2.639119
MGYG000004637__gradient_L8_hmo_gapseq	1072	1117	255	bio1	0.083928	0.795130	2.711643
MGYG000004637__gradient_L9_mos_gapseq	1072	1117	255	bio1	0.083928	1.231779	2.721706
MGYG000004652__gradient_L0_base_gapseq	1396	1665	371	bio1	0.239421	1.198797	5.470780
MGYG000004652__gradient_L1_inulin_gapseq	1396	1665	371	bio1	0.445989	1.165700	5.613421
MGYG000004652__gradient_L2_fos_gapseq	1396	1665	371	bio1	0.445989	1.236156	5.955641
MGYG000004652__gradient_L3_gos_gapseq	1396	1665	371	bio1	0.650210	1.280808	5.542096
MGYG000004652__gradient_L4_xos_gapseq	1396	1665	371	bio1	0.746688	1.246523	5.529552
MGYG000004652__gradient_L5_pectin_gapseq	1396	1665	371	bio1	0.746688	1.158927	5.530706
MGYG000004652__gradient_L6_resistant_starch_gapseq	1396	1665	371	bio1	1.194376	1.149349	5.996583
MGYG000004652__gradient_L7_bglucan_gapseq	1396	1665	371	bio1	1.340070	1.215457	5.815802
MGYG000004652__gradient_L8_hmo_gapseq	1396	1665	371	bio1	1.340070	1.278228	5.431046
MGYG000004652__gradient_L9_mos_gapseq	1396	1665	371	bio1	1.431129	1.321065	5.590474
MGYG000004655__gradient_L0_base_gapseq	1273	1414	335	bio1	0.301778	1.071461	4.187104
MGYG000004655__gradient_L1_inulin_gapseq	1273	1414	335	bio1	0.377819	1.000334	4.631172
MGYG000004655__gradient_L2_fos_gapseq	1273	1414	335	bio1	0.377819	1.018144	4.258688
MGYG000004655__gradient_L3_gos_gapseq	1273	1414	335	bio1	0.434850	1.080648	4.259111
MGYG000004655__gradient_L4_xos_gapseq	1273	1414	335	bio1	0.454454	1.063221	4.165101
MGYG000004655__gradient_L5_pectin_gapseq	1273	1414	335	bio1	0.454454	0.986585	4.165085
MGYG000004655__gradient_L6_resistant_starch_gapseq	1273	1414	335	bio1	0.651685	1.075647	4.516685
MGYG000004655__gradient_L7_bglucan_gapseq	1273	1414	335	bio1	0.772876	1.292394	4.481091
MGYG000004655__gradient_L8_hmo_gapseq	1273	1414	335	bio1	0.772876	1.000688	4.248158
MGYG000004655__gradient_L9_mos_gapseq	1273	1414	335	bio1	0.848917	0.985220	4.233905
MGYG000004663__gradient_L0_base_gapseq	1293	1389	359	bio1	0.000000	1.119915	0.052652
MGYG000004663__gradient_L1_inulin_gapseq	1293	1389	359	bio1	0.000000	1.001457	0.057377
MGYG000004663__gradient_L2_fos_gapseq	1293	1389	359	bio1	0.000000	1.028741	0.131541
MGYG000004663__gradient_L3_gos_gapseq	1293	1389	359	bio1	0.000000	1.020981	0.057189
MGYG000004663__gradient_L4_xos_gapseq	1293	1389	359	bio1	0.000000	1.082486	0.056257
MGYG000004663__gradient_L5_pectin_gapseq	1293	1389	359	bio1	0.000000	1.094635	0.055830
MGYG000004663__gradient_L6_resistant_starch_gapseq	1293	1389	359	bio1	0.000000	1.022498	0.056868
MGYG000004663__gradient_L7_bglucan_gapseq	1293	1389	359	bio1	0.000000	1.161178	0.057224
MGYG000004663__gradient_L8_hmo_gapseq	1293	1389	359	bio1	0.000000	1.010101	0.057525
MGYG000004663__gradient_L9_mos_gapseq	1293	1389	359	bio1	0.000000	1.124798	0.057561
MGYG000004733__gradient_L0_base_gapseq	1460	1699	512	bio1	0.985345	1.223039	6.072220
MGYG000004733__gradient_L1_inulin_gapseq	1460	1699	512	bio1	1.270047	1.246847	6.251967
MGYG000004733__gradient_L2_fos_gapseq	1460	1699	512	bio1	1.270047	1.449210	6.243399
MGYG000004733__gradient_L3_gos_gapseq	1460	1699	512	bio1	1.583485	1.353895	5.918399
MGYG000004733__gradient_L4_xos_gapseq	1460	1699	512	bio1	1.630168	1.337963	6.053962
MGYG000004733__gradient_L5_pectin_gapseq	1460	1699	512	bio1	1.630168	1.327935	5.956784
MGYG000004733__gradient_L6_resistant_starch_gapseq	1460	1699	512	bio1	2.245930	1.301461	6.077924
MGYG000004733__gradient_L7_bglucan_gapseq	1460	1699	512	bio1	2.452666	1.203142	6.385580
MGYG000004733__gradient_L8_hmo_gapseq	1460	1699	512	bio1	2.599382	1.234097	6.033340
MGYG000004733__gradient_L9_mos_gapseq	1460	1699	512	bio1	2.706085	1.216767	5.985483
MGYG000004736__gradient_L0_base_gapseq	1321	1439	285	bio1	0.000000	1.135701	0.054036
MGYG000004736__gradient_L1_inulin_gapseq	1321	1439	285	bio1	0.000000	1.026934	0.053510
MGYG000004736__gradient_L2_fos_gapseq	1321	1439	285	bio1	0.000000	1.144569	0.053035
MGYG000004736__gradient_L3_gos_gapseq	1321	1439	285	bio1	0.843308	1.024913	4.862069
MGYG000004736__gradient_L4_xos_gapseq	1321	1439	285	bio1	0.843308	1.072549	4.623263
MGYG000004736__gradient_L5_pectin_gapseq	1321	1439	285	bio1	0.843308	1.147006	4.272972
MGYG000004736__gradient_L6_resistant_starch_gapseq	1321	1439	285	bio1	1.564944	1.031453	4.438050
MGYG000004736__gradient_L7_bglucan_gapseq	1321	1439	285	bio1	1.564944	1.045046	4.380323
MGYG000004736__gradient_L8_hmo_gapseq	1321	1439	285	bio1	1.564944	1.134840	4.312219
MGYG000004736__gradient_L9_mos_gapseq	1321	1439	285	bio1	1.564944	1.122563	4.380259
MGYG000004739__gradient_L0_base_gapseq	1337	1596	360	bio1	0.000000	1.202610	0.061742
MGYG000004739__gradient_L1_inulin_gapseq	1337	1596	360	bio1	0.000000	1.106631	0.064353
MGYG000004739__gradient_L2_fos_gapseq	1337	1596	360	bio1	0.000000	1.189750	0.064019
MGYG000004739__gradient_L3_gos_gapseq	1337	1596	360	bio1	1.021458	1.114098	5.283355
MGYG000004739__gradient_L4_xos_gapseq	1337	1596	360	bio1	1.066025	1.121332	5.250120
MGYG000004739__gradient_L5_pectin_gapseq	1337	1596	360	bio1	1.066025	1.159068	5.213634
MGYG000004739__gradient_L6_resistant_starch_gapseq	1337	1596	360	bio1	1.421371	1.183743	5.419450
MGYG000004739__gradient_L7_bglucan_gapseq	1337	1596	360	bio1	1.537541	1.207838	5.152077
MGYG000004739__gradient_L8_hmo_gapseq	1337	1596	360	bio1	1.537541	1.126459	5.288629
MGYG000004739__gradient_L9_mos_gapseq	1337	1596	360	bio1	1.610432	1.167358	5.278640
MGYG000004744__gradient_L0_base_gapseq	1298	1476	377	bio1	0.560200	1.166089	4.348359
MGYG000004744__gradient_L1_inulin_gapseq	1298	1476	377	bio1	0.795790	1.031731	4.466907
MGYG000004744__gradient_L2_fos_gapseq	1298	1476	377	bio1	0.795790	1.053667	4.455605
MGYG000004744__gradient_L3_gos_gapseq	1298	1476	377	bio1	1.029202	1.134523	4.579644
MGYG000004744__gradient_L4_xos_gapseq	1298	1476	377	bio1	1.029202	1.052454	4.526945
MGYG000004744__gradient_L5_pectin_gapseq	1298	1476	377	bio1	1.029202	1.035345	4.399354
MGYG000004744__gradient_L6_resistant_starch_gapseq	1298	1476	377	bio1	1.490572	1.116280	4.491053
MGYG000004744__gradient_L7_bglucan_gapseq	1298	1476	377	bio1	1.649095	1.117544	4.365327
MGYG000004744__gradient_L8_hmo_gapseq	1298	1476	377	bio1	1.649095	1.052187	4.547425
MGYG000004744__gradient_L9_mos_gapseq	1298	1476	377	bio1	1.649095	1.043493	4.260687
MGYG000004770__gradient_L0_base_gapseq	1486	1724	383	bio1	0.448136	1.272891	6.159006
MGYG000004770__gradient_L1_inulin_gapseq	1486	1724	383	bio1	0.526643	1.323137	6.214778
MGYG000004770__gradient_L2_fos_gapseq	1486	1724	383	bio1	0.526643	1.200707	5.941314
MGYG000004770__gradient_L3_gos_gapseq	1486	1724	383	bio1	0.585524	1.334838	6.076024
MGYG000004770__gradient_L4_xos_gapseq	1486	1724	383	bio1	0.585524	1.337125	6.052423
MGYG000004770__gradient_L5_pectin_gapseq	1486	1724	383	bio1	0.585524	1.317946	5.905402
MGYG000004770__gradient_L6_resistant_starch_gapseq	1486	1724	383	bio1	0.735178	1.321913	5.922215
MGYG000004770__gradient_L7_bglucan_gapseq	1486	1724	383	bio1	0.735178	1.328732	5.882407
MGYG000004770__gradient_L8_hmo_gapseq	1486	1724	383	bio1	0.735178	1.221142	5.992716
MGYG000004770__gradient_L9_mos_gapseq	1486	1724	383	bio1	0.774432	1.219714	5.980566
MGYG000004781__gradient_L0_base_gapseq	1669	1967	546	bio1	0.000000	1.588454	0.096108
MGYG000004781__gradient_L1_inulin_gapseq	1669	1967	546	bio1	0.000000	1.530140	0.097777
MGYG000004781__gradient_L2_fos_gapseq	1669	1967	546	bio1	0.000000	1.430722	0.099142
MGYG000004781__gradient_L3_gos_gapseq	1669	1967	546	bio1	0.000000	1.517488	0.096292
MGYG000004781__gradient_L4_xos_gapseq	1669	1967	546	bio1	1.911469	1.553236	7.846635
MGYG000004781__gradient_L5_pectin_gapseq	1669	1967	546	bio1	1.911469	1.547739	7.762139
MGYG000004781__gradient_L6_resistant_starch_gapseq	1669	1967	546	bio1	2.629517	1.517464	7.771262
MGYG000004781__gradient_L7_bglucan_gapseq	1669	1967	546	bio1	2.862236	1.504335	7.782207
MGYG000004781__gradient_L8_hmo_gapseq	1669	1967	546	bio1	2.862236	1.520347	7.772065
MGYG000004781__gradient_L9_mos_gapseq	1669	1967	546	bio1	3.021360	1.523630	7.757559
MGYG000004783__gradient_L0_base_gapseq	1172	1285	269	bio1	0.000000	0.933721	0.045316
MGYG000004783__gradient_L1_inulin_gapseq	1172	1285	269	bio1	0.302240	0.934226	3.603636
MGYG000004783__gradient_L2_fos_gapseq	1172	1285	269	bio1	0.302240	0.931421	3.462910
MGYG000004783__gradient_L3_gos_gapseq	1172	1285	269	bio1	0.302240	0.993612	3.475365
MGYG000004783__gradient_L4_xos_gapseq	1172	1285	269	bio1	0.302240	0.936641	3.538557
MGYG000004783__gradient_L5_pectin_gapseq	1172	1285	269	bio1	0.302240	0.918920	3.455346
MGYG000004783__gradient_L6_resistant_starch_gapseq	1172	1285	269	bio1	0.888959	1.005748	3.464862
MGYG000004783__gradient_L7_bglucan_gapseq	1172	1285	269	bio1	0.888959	0.933898	3.438369
MGYG000004783__gradient_L8_hmo_gapseq	1172	1285	269	bio1	0.888959	1.010598	3.425382
MGYG000004783__gradient_L9_mos_gapseq	1172	1285	269	bio1	0.994383	0.940717	3.521947
MGYG000004786__gradient_L0_base_gapseq	1129	1253	308	bio1	0.000000	0.967974	0.041393
MGYG000004786__gradient_L1_inulin_gapseq	1129	1253	308	bio1	0.000000	0.873214	0.041937
MGYG000004786__gradient_L2_fos_gapseq	1129	1253	308	bio1	0.000000	0.966775	0.042139
MGYG000004786__gradient_L3_gos_gapseq	1129	1253	308	bio1	0.958625	0.909412	3.166291
MGYG000004786__gradient_L4_xos_gapseq	1129	1253	308	bio1	0.963686	0.996364	3.147450
MGYG000004786__gradient_L5_pectin_gapseq	1129	1253	308	bio1	0.963686	0.909572	3.255842
MGYG000004786__gradient_L6_resistant_starch_gapseq	1129	1253	308	bio1	1.599703	0.902346	3.142561
MGYG000004786__gradient_L7_bglucan_gapseq	1129	1253	308	bio1	1.818147	0.960956	3.163300
MGYG000004786__gradient_L8_hmo_gapseq	1129	1253	308	bio1	1.818147	0.902229	3.211300
MGYG000004786__gradient_L9_mos_gapseq	1129	1253	308	bio1	1.924059	0.965211	3.171874
MGYG000004797__gradient_L0_base_gapseq	1513	1809	564	bio1	0.958169	1.342361	6.560451
MGYG000004797__gradient_L1_inulin_gapseq	1513	1809	564	bio1	1.063569	1.332833	6.481371
MGYG000004797__gradient_L2_fos_gapseq	1513	1809	564	bio1	1.063569	1.365283	6.496912
MGYG000004797__gradient_L3_gos_gapseq	1513	1809	564	bio1	1.142619	1.372161	6.522906
MGYG000004797__gradient_L4_xos_gapseq	1513	1809	564	bio1	1.207296	1.380592	6.503876
MGYG000004797__gradient_L5_pectin_gapseq	1513	1809	564	bio1	1.240832	1.383326	6.510021
MGYG000004797__gradient_L6_resistant_starch_gapseq	1513	1809	564	bio1	1.722317	1.385941	6.492595
MGYG000004797__gradient_L7_bglucan_gapseq	1513	1809	564	bio1	1.887590	1.397545	6.506111
MGYG000004797__gradient_L8_hmo_gapseq	1513	1809	564	bio1	1.887590	1.376614	6.497604
MGYG000004797__gradient_L9_mos_gapseq	1513	1809	564	bio1	1.988179	1.372651	6.475898
MGYG000004798__gradient_L0_base_gapseq	1526	1820	472	bio1	0.998569	1.278890	6.576048
MGYG000004798__gradient_L1_inulin_gapseq	1526	1820	472	bio1	1.218440	1.294891	6.480422
MGYG000004798__gradient_L2_fos_gapseq	1526	1820	472	bio1	1.218440	1.367203	6.492914
MGYG000004798__gradient_L3_gos_gapseq	1526	1820	472	bio1	1.458923	1.367073	6.481510
MGYG000004798__gradient_L4_xos_gapseq	1526	1820	472	bio1	1.500149	1.377026	6.498147
MGYG000004798__gradient_L5_pectin_gapseq	1526	1820	472	bio1	1.500149	1.373178	6.478041
MGYG000004798__gradient_L6_resistant_starch_gapseq	1526	1820	472	bio1	1.997148	1.375045	6.462650
MGYG000004798__gradient_L7_bglucan_gapseq	1526	1820	472	bio1	2.152580	1.392252	6.454364
MGYG000004798__gradient_L8_hmo_gapseq	1526	1820	472	bio1	2.152580	1.385207	6.464219
MGYG000004798__gradient_L9_mos_gapseq	1526	1820	472	bio1	2.261649	1.380276	6.481128
MGYG000004819__gradient_L0_base_gapseq	1426	1681	405	bio1	0.390367	1.287064	5.471426
MGYG000004819__gradient_L1_inulin_gapseq	1426	1681	405	bio1	0.561752	1.221028	5.592944
MGYG000004819__gradient_L2_fos_gapseq	1426	1681	405	bio1	0.561752	1.193498	5.534571
MGYG000004819__gradient_L3_gos_gapseq	1426	1681	405	bio1	0.725996	1.220825	5.500764
MGYG000004819__gradient_L4_xos_gapseq	1426	1681	405	bio1	0.833236	1.276830	5.486037
MGYG000004819__gradient_L5_pectin_gapseq	1426	1681	405	bio1	0.833236	1.268264	5.488846
MGYG000004819__gradient_L6_resistant_starch_gapseq	1426	1681	405	bio1	1.202264	1.291806	5.505470
MGYG000004819__gradient_L7_bglucan_gapseq	1426	1681	405	bio1	1.202264	1.280786	5.517511
MGYG000004819__gradient_L8_hmo_gapseq	1426	1681	405	bio1	1.202264	1.232330	5.580920
MGYG000004819__gradient_L9_mos_gapseq	1426	1681	405	bio1	1.276969	1.183918	5.553010
MGYG000004834__gradient_L0_base_gapseq	1224	1381	325	bio1	0.425267	1.117543	4.000297
MGYG000004834__gradient_L1_inulin_gapseq	1224	1381	325	bio1	0.776010	1.024088	4.102810
MGYG000004834__gradient_L2_fos_gapseq	1224	1381	325	bio1	0.776010	0.983173	4.014731
MGYG000004834__gradient_L3_gos_gapseq	1224	1381	325	bio1	1.110800	1.049080	3.975993
MGYG000004834__gradient_L4_xos_gapseq	1224	1381	325	bio1	1.189258	1.065799	4.029520
MGYG000004834__gradient_L5_pectin_gapseq	1224	1381	325	bio1	1.189258	0.961644	3.992224
MGYG000004834__gradient_L6_resistant_starch_gapseq	1224	1381	325	bio1	1.909839	1.052754	3.994700
MGYG000004834__gradient_L7_bglucan_gapseq	1224	1381	325	bio1	1.909839	1.055325	4.022424
MGYG000004834__gradient_L8_hmo_gapseq	1224	1381	325	bio1	1.909839	0.990474	4.076703
MGYG000004834__gradient_L9_mos_gapseq	1224	1381	325	bio1	2.075015	0.994233	3.997020
MGYG000004846__gradient_L0_base_gapseq	1183	1319	333	bio1	0.826138	1.015701	3.689485
MGYG000004846__gradient_L1_inulin_gapseq	1183	1319	333	bio1	1.117754	0.944336	3.694397
MGYG000004846__gradient_L2_fos_gapseq	1183	1319	333	bio1	1.117754	1.024965	3.674706
MGYG000004846__gradient_L3_gos_gapseq	1183	1319	333	bio1	1.412254	1.005138	3.689685
MGYG000004846__gradient_L4_xos_gapseq	1183	1319	333	bio1	1.412254	0.919024	3.683971
MGYG000004846__gradient_L5_pectin_gapseq	1183	1319	333	bio1	1.412254	1.019135	3.667492
MGYG000004846__gradient_L6_resistant_starch_gapseq	1183	1319	333	bio1	2.030259	0.941047	3.754561
MGYG000004846__gradient_L7_bglucan_gapseq	1183	1319	333	bio1	2.030259	0.945198	3.689536
MGYG000004846__gradient_L8_hmo_gapseq	1183	1319	333	bio1	2.030259	1.019357	3.704469
MGYG000004846__gradient_L9_mos_gapseq	1183	1319	333	bio1	2.173047	0.924940	3.755102
MGYG000004852__gradient_L0_base_gapseq	1367	1559	359	bio1	0.666604	1.141444	4.825722
MGYG000004852__gradient_L1_inulin_gapseq	1367	1559	359	bio1	0.911607	1.210743	4.816508
MGYG000004852__gradient_L2_fos_gapseq	1367	1559	359	bio1	0.911607	1.229263	4.795163
MGYG000004852__gradient_L3_gos_gapseq	1367	1559	359	bio1	0.980167	1.158262	4.884444
MGYG000004852__gradient_L4_xos_gapseq	1367	1559	359	bio1	1.041985	1.144426	4.904117
MGYG000004852__gradient_L5_pectin_gapseq	1367	1559	359	bio1	1.041985	1.099204	4.809798
MGYG000004852__gradient_L6_resistant_starch_gapseq	1367	1559	359	bio1	1.508380	1.173943	4.796173
MGYG000004852__gradient_L7_bglucan_gapseq	1367	1559	359	bio1	1.665362	1.195148	4.914305
MGYG000004852__gradient_L8_hmo_gapseq	1367	1559	359	bio1	1.665362	1.136324	4.865913
MGYG000004852__gradient_L9_mos_gapseq	1367	1559	359	bio1	1.774567	1.134205	4.802756
MGYG000004855__gradient_L0_base_gapseq	1388	1630	484	bio1	0.000000	1.326592	0.069172
MGYG000004855__gradient_L1_inulin_gapseq	1388	1630	484	bio1	0.000000	1.169160	0.068183
MGYG000004855__gradient_L2_fos_gapseq	1388	1630	484	bio1	0.000000	1.236875	0.069672
MGYG000004855__gradient_L3_gos_gapseq	1388	1630	484	bio1	1.680999	1.165883	5.442044
MGYG000004855__gradient_L4_xos_gapseq	1388	1630	484	bio1	1.680999	1.191637	5.325034
MGYG000004855__gradient_L5_pectin_gapseq	1388	1630	484	bio1	1.680999	1.230348	5.325487
MGYG000004855__gradient_L6_resistant_starch_gapseq	1388	1630	484	bio1	2.409482	1.237592	5.331739
MGYG000004855__gradient_L7_bglucan_gapseq	1388	1630	484	bio1	2.653702	1.262522	5.333010
MGYG000004855__gradient_L8_hmo_gapseq	1388	1630	484	bio1	2.653702	1.257294	5.425003
MGYG000004855__gradient_L9_mos_gapseq	1388	1630	484	bio1	2.787292	1.199864	5.388197
MGYG000004864__gradient_L0_base_gapseq	1346	1467	414	bio1	0.533236	1.142413	4.405623
MGYG000004864__gradient_L1_inulin_gapseq	1346	1467	414	bio1	0.722514	1.099835	4.482432
MGYG000004864__gradient_L2_fos_gapseq	1346	1467	414	bio1	0.722514	1.060394	4.430356
MGYG000004864__gradient_L3_gos_gapseq	1346	1467	414	bio1	0.722514	1.155639	4.431763
MGYG000004864__gradient_L4_xos_gapseq	1346	1467	414	bio1	0.722514	1.131513	4.394449
MGYG000004864__gradient_L5_pectin_gapseq	1346	1467	414	bio1	0.722514	1.045003	4.484222
MGYG000004864__gradient_L6_resistant_starch_gapseq	1346	1467	414	bio1	0.722514	1.082240	4.467267
MGYG000004864__gradient_L7_bglucan_gapseq	1346	1467	414	bio1	0.722514	1.151738	4.397910
MGYG000004864__gradient_L8_hmo_gapseq	1346	1467	414	bio1	0.722514	1.162256	4.400170
MGYG000004864__gradient_L9_mos_gapseq	1346	1467	414	bio1	0.722514	1.060642	4.288052
