model_id	n_metabolites	n_reactions	n_genes	biomass_rxn	growth_rate	load_time_s	pfba_time_s
MGYG000000002__gradient_L0_base_gapseq	1401	1622	530	bio1	0.428154	1.187324	5.372181
MGYG000000002__gradient_L1_inulin_gapseq	1401	1622	530	bio1	0.595638	1.189348	5.288929
MGYG000000002__gradient_L2_fos_gapseq	1401	1622	530	bio1	0.595638	1.312704	5.249444
MGYG000000002__gradient_L3_gos_gapseq	1401	1622	530	bio1	0.891223	1.240893	5.180250
MGYG000000002__gradient_L4_xos_gapseq	1401	1622	530	bio1	0.951684	1.273680	5.219768
MGYG000000002__gradient_L5_pectin_gapseq	1401	1622	530	bio1	0.951684	1.218813	5.354657
MGYG000000002__gradient_L6_resistant_starch_gapseq	1401	1622	530	bio1	1.515032	1.198404	5.307181
MGYG000000002__gradient_L7_bglucan_gapseq	1401	1622	530	bio1	1.715172	1.239612	5.254546
MGYG000000002__gradient_L8_hmo_gapseq	1401	1622	530	bio1	1.857208	1.314304	5.255698
MGYG000000002__gradient_L9_mos_gapseq	1401	1622	530	bio1	1.857208	1.283351	5.266683
MGYG000000010__gradient_L0_base_gapseq	1860	2304	632	bio1	0.909765	1.674409	10.382410
MGYG000000010__gradient_L1_inulin_gapseq	1860	2304	632	bio1	1.113927	1.650258	10.267315
MGYG000000010__gradient_L2_fos_gapseq	1860	2304	632	bio1	1.113927	1.676256	10.309350
MGYG000000010__gradient_L3_gos_gapseq	1860	2304	632	bio1	1.269558	1.675212	10.306201
MGYG000000010__gradient_L4_xos_gapseq	1860	2304	632	bio1	1.379506	1.668507	10.286517
MGYG000000010__gradient_L5_pectin_gapseq	1860	2304	632	bio1	1.379506	1.653195	10.440746
MGYG000000010__gradient_L6_resistant_starch_gapseq	1860	2304	632	bio1	1.832462	1.684972	10.235348
MGYG000000010__gradient_L7_bglucan_gapseq	1860	2304	632	bio1	1.986865	1.751249	10.212788
MGYG000000010__gradient_L8_hmo_gapseq	1860	2304	632	bio1	1.986865	1.740312	10.269825
MGYG000000010__gradient_L9_mos_gapseq	1860	2304	632	bio1	2.083318	1.729306	10.252358
MGYG000000011__gradient_L0_base_gapseq	1894	2339	675	bio1	1.241695	1.700033	10.401401
MGYG000000011__gradient_L1_inulin_gapseq	1894	2339	675	bio1	1.510775	1.786255	10.294175
MGYG000000011__gradient_L2_fos_gapseq	1894	2339	675	bio1	1.510775	1.703546	10.307757
MGYG000000011__gradient_L3_gos_gapseq	1894	2339	675	bio1	1.792371	1.766886	10.358562
MGYG000000011__gradient_L4_xos_gapseq	1894	2339	675	bio1	1.953283	1.721767	10.361028
MGYG000000011__gradient_L5_pectin_gapseq	1894	2339	675	bio1	1.953283	1.718478	10.450239
MGYG000000011__gradient_L6_resistant_starch_gapseq	1894	2339	675	bio1	2.555363	1.713691	10.374932
MGYG000000011__gradient_L7_bglucan_gapseq	1894	2339	675	bio1	2.760526	1.742951	10.307576
MGYG000000011__gradient_L8_hmo_gapseq	1894	2339	675	bio1	2.760526	1.707363	10.355630
MGYG000000011__gradient_L9_mos_gapseq	1894	2339	675	bio1	2.892831	1.694488	10.337930
MGYG000000012__gradient_L0_base_gapseq	2237	2730	971	bio1	1.130568	2.124837	14.618944
MGYG000000012__gradient_L1_inulin_gapseq	2237	2730	971	bio1	1.396463	2.070183	14.566297
MGYG000000012__gradient_L2_fos_gapseq	2237	2730	971	bio1	1.396463	2.121948	14.483469
MGYG000000012__gradient_L3_gos_gapseq	2237	2730	971	bio1	1.692884	2.115101	14.615080
MGYG000000012__gradient_L4_xos_gapseq	2237	2730	971	bio1	1.850976	2.147217	14.644653
MGYG000000012__gradient_L5_pectin_gapseq	2237	2730	971	bio1	1.889620	2.070135	14.668135
MGYG000000012__gradient_L6_resistant_starch_gapseq	2237	2730	971	bio1	2.506176	2.097876	14.677041
MGYG000000012__gradient_L7_bglucan_gapseq	2237	2730	971	bio1	2.707743	2.018392	14.746465
MGYG000000012__gradient_L8_hmo_gapseq	2237	2730	971	bio1	2.707743	2.108851	14.571627
MGYG000000012__gradient_L9_mos_gapseq	2237	2730	971	bio1	2.837729	2.120766	14.515048
MGYG000000013__gradient_L0_base_gapseq	1570	1879	657	bio1	0.000000	1.501433	0.088627
MGYG000000013__gradient_L1_inulin_gapseq	1570	1879	657	bio1	0.000000	1.342842	0.090756
MGYG000000013__gradient_L2_fos_gapseq	1570	1879	657	bio1	0.000000	1.432940	0.092385
MGYG000000013__gradient_L3_gos_gapseq	1570	1879	657	bio1	0.000000	1.445669	0.089234
MGYG000000013__gradient_L4_xos_gapseq	1570	1879	657	bio1	0.000000	1.368849	0.091395
MGYG000000013__gradient_L5_pectin_gapseq	1570	1879	657	bio1	0.000000	1.461383	0.090912
MGYG000000013__gradient_L6_resistant_starch_gapseq	1570	1879	657	bio1	0.000000	1.495176	0.086437
MGYG000000013__gradient_L7_bglucan_gapseq	1570	1879	657	bio1	0.000000	1.392763	0.087187
MGYG000000013__gradient_L8_hmo_gapseq	1570	1879	657	bio1	0.000000	1.472618	0.087444
MGYG000000013__gradient_L9_mos_gapseq	1570	1879	657	bio1	0.000000	1.474553	0.086791
MGYG000000014__gradient_L0_base_gapseq	1784	2176	727	bio1	1.360836	1.564994	9.191886
MGYG000000014__gradient_L1_inulin_gapseq	1784	2176	727	bio1	1.654639	1.719942	9.107338
MGYG000000014__gradient_L2_fos_gapseq	1784	2176	727	bio1	1.654639	1.690463	9.093558
MGYG000000014__gradient_L3_gos_gapseq	1784	2176	727	bio1	1.963789	1.670932	9.166054
MGYG000000014__gradient_L4_xos_gapseq	1784	2176	727	bio1	2.122634	1.679525	9.159716
MGYG000000014__gradient_L5_pectin_gapseq	1784	2176	727	bio1	2.122634	1.641885	9.123354
MGYG000000014__gradient_L6_resistant_starch_gapseq	1784	2176	727	bio1	2.720846	1.571358	9.220066
MGYG000000014__gradient_L7_bglucan_gapseq	1784	2176	727	bio1	2.920251	1.650737	9.091021
MGYG000000014__gradient_L8_hmo_gapseq	1784	2176	727	bio1	3.070526	1.669130	9.066532
MGYG000000014__gradient_L9_mos_gapseq	1784	2176	727	bio1	3.209242	1.688908	9.090301
MGYG000000015__gradient_L0_base_gapseq	2278	2883	1290	bio1	1.480002	2.262729	16.130081
MGYG000000015__gradient_L1_inulin_gapseq	2278	2883	1290	bio1	1.806528	2.230574	16.005866
MGYG000000015__gradient_L2_fos_gapseq	2278	2883	1290	bio1	1.806528	2.159414	16.024225
MGYG000000015__gradient_L3_gos_gapseq	2278	2883	1290	bio1	2.146114	2.263308	16.170862
MGYG000000015__gradient_L4_xos_gapseq	2278	2883	1290	bio1	2.321193	2.190890	16.056032
MGYG000000015__gradient_L5_pectin_gapseq	2278	2883	1290	bio1	2.364437	2.219112	15.958360
MGYG000000015__gradient_L6_resistant_starch_gapseq	2278	2883	1290	bio1	3.030909	2.295726	16.144666
MGYG000000015__gradient_L7_bglucan_gapseq	2278	2883	1290	bio1	3.249870	2.270153	16.009072
MGYG000000015__gradient_L8_hmo_gapseq	2278	2883	1290	bio1	3.249870	2.303025	16.068874
MGYG000000015__gradient_L9_mos_gapseq	2278	2883	1290	bio1	3.389542	2.241040	16.067162
MGYG000000026__gradient_L0_base_gapseq	1286	1473	357	bio1	0.649779	1.061832	4.281035
MGYG000000026__gradient_L1_inulin_gapseq	1286	1473	357	bio1	0.872564	1.164669	4.257541
MGYG000000026__gradient_L2_fos_gapseq	1286	1473	357	bio1	0.872564	1.182124	4.284198
MGYG000000026__gradient_L3_gos_gapseq	1286	1473	357	bio1	1.111848	1.091711	4.352937
MGYG000000026__gradient_L4_xos_gapseq	1286	1473	357	bio1	1.111848	1.033478	4.250168
MGYG000000026__gradient_L5_pectin_gapseq	1286	1473	357	bio1	1.111848	1.119547	4.272821
MGYG000000026__gradient_L6_resistant_starch_gapseq	1286	1473	357	bio1	1.570462	1.038155	4.365764
MGYG000000026__gradient_L7_bglucan_gapseq	1286	1473	357	bio1	1.724824	1.072289	4.332156
MGYG000000026__gradient_L8_hmo_gapseq	1286	1473	357	bio1	1.724824	1.089713	4.266971
MGYG000000026__gradient_L9_mos_gapseq	1286	1473	357	bio1	1.832207	1.114472	4.246922
MGYG000000030__gradient_L0_base_gapseq	1329	1501	372	bio1	0.000000	1.087644	0.058493
MGYG000000030__gradient_L1_inulin_gapseq	1329	1501	372	bio1	0.000000	1.188841	0.058444
MGYG000000030__gradient_L2_fos_gapseq	1329	1501	372	bio1	0.000000	1.083447	0.057964
MGYG000000030__gradient_L3_gos_gapseq	1329	1501	372	bio1	0.864462	1.150753	4.665465
MGYG000000030__gradient_L4_xos_gapseq	1329	1501	372	bio1	0.864462	1.075234	4.810864
MGYG000000030__gradient_L5_pectin_gapseq	1329	1501	372	bio1	0.864462	1.084823	4.704954
MGYG000000030__gradient_L6_resistant_starch_gapseq	1329	1501	372	bio1	1.372079	1.214395	4.653260
MGYG000000030__gradient_L7_bglucan_gapseq	1329	1501	372	bio1	1.553976	1.189039	4.669701
MGYG000000030__gradient_L8_hmo_gapseq	1329	1501	372	bio1	1.553976	1.091202	4.767515
MGYG000000030__gradient_L9_mos_gapseq	1329	1501	372	bio1	1.553976	1.112965	4.642020
MGYG000000035__gradient_L0_base_gapseq	1516	1746	563	bio1	0.000000	1.349620	0.071645
MGYG000000035__gradient_L1_inulin_gapseq	1516	1746	563	bio1	0.000000	1.261896	0.072268
MGYG000000035__gradient_L2_fos_gapseq	1516	1746	563	bio1	0.000000	1.345459	0.072453
MGYG000000035__gradient_L3_gos_gapseq	1516	1746	563	bio1	2.141434	1.264931	6.013401
MGYG000000035__gradient_L4_xos_gapseq	1516	1746	563	bio1	2.263814	1.272325	5.941291
MGYG000000035__gradient_L5_pectin_gapseq	1516	1746	563	bio1	2.263814	1.255446	5.837224
MGYG000000035__gradient_L6_resistant_starch_gapseq	1516	1746	563	bio1	2.992963	1.338972	5.844259
MGYG000000035__gradient_L7_bglucan_gapseq	1516	1746	563	bio1	2.992963	1.373742	5.941628
MGYG000000035__gradient_L8_hmo_gapseq	1516	1746	563	bio1	3.158120	1.325991	5.845210
MGYG000000035__gradient_L9_mos_gapseq	1516	1746	563	bio1	3.158120	1.356684	5.862110
MGYG000000036__gradient_L0_base_gapseq	1296	1393	320	bio1	0.089728	1.148566	4.024414
MGYG000000036__gradient_L1_inulin_gapseq	1296	1393	320	bio1	0.207890	1.033082	4.046801
MGYG000000036__gradient_L2_fos_gapseq	1296	1393	320	bio1	0.207890	1.022436	3.989348
MGYG000000036__gradient_L3_gos_gapseq	1296	1393	320	bio1	0.282463	1.102622	4.018354
MGYG000000036__gradient_L4_xos_gapseq	1296	1393	320	bio1	0.282463	1.107631	4.009273
MGYG000000036__gradient_L5_pectin_gapseq	1296	1393	320	bio1	0.282463	1.031496	4.097971
MGYG000000036__gradient_L6_resistant_starch_gapseq	1296	1393	320	bio1	0.709562	1.019249	4.020477
MGYG000000036__gradient_L7_bglucan_gapseq	1296	1393	320	bio1	0.709562	1.091985	4.028140
MGYG000000036__gradient_L8_hmo_gapseq	1296	1393	320	bio1	0.709562	0.987376	4.099988
MGYG000000036__gradient_L9_mos_gapseq	1296	1393	320	bio1	0.709562	1.049906	4.025584
MGYG000000039__gradient_L0_base_gapseq	1328	1497	363	bio1	0.794308	1.147306	4.581101
MGYG000000039__gradient_L1_inulin_gapseq	1328	1497	363	bio1	1.044722	1.155861	4.553747
MGYG000000039__gradient_L2_fos_gapseq	1328	1497	363	bio1	1.044722	1.076622	4.679063
MGYG000000039__gradient_L3_gos_gapseq	1328	1497	363	bio1	1.278783	1.072916	4.587319
MGYG000000039__gradient_L4_xos_gapseq	1328	1497	363	bio1	1.368580	1.125346	4.630176
MGYG000000039__gradient_L5_pectin_gapseq	1328	1497	363	bio1	1.368580	1.171240	4.587126
MGYG000000039__gradient_L6_resistant_starch_gapseq	1328	1497	363	bio1	1.887466	1.097747	4.701364
MGYG000000039__gradient_L7_bglucan_gapseq	1328	1497	363	bio1	2.061939	1.092441	4.583238
MGYG000000039__gradient_L8_hmo_gapseq	1328	1497	363	bio1	2.193360	1.137868	4.570863
MGYG000000039__gradient_L9_mos_gapseq	1328	1497	363	bio1	2.193360	1.177921	4.556453
MGYG000000040__gradient_L0_base_gapseq	1293	1415	361	bio1	0.000000	1.136746	0.055732
MGYG000000040__gradient_L1_inulin_gapseq	1293	1415	361	bio1	0.000000	1.061437	0.058089
MGYG000000040__gradient_L2_fos_gapseq	1293	1415	361	bio1	0.000000	1.114223	0.056398
MGYG000000040__gradient_L3_gos_gapseq	1293	1415	361	bio1	0.000000	1.038279	0.058072
MGYG000000040__gradient_L4_xos_gapseq	1293	1415	361	bio1	0.000000	1.121812	0.056571
MGYG000000040__gradient_L5_pectin_gapseq	1293	1415	361	bio1	0.000000	1.032467	0.057104
MGYG000000040__gradient_L6_resistant_starch_gapseq	1293	1415	361	bio1	0.000000	1.086597	0.157246
MGYG000000040__gradient_L7_bglucan_gapseq	1293	1415	361	bio1	0.000000	1.031058	0.056321
MGYG000000040__gradient_L8_hmo_gapseq	1293	1415	361	bio1	0.000000	1.034045	0.152848
MGYG000000040__gradient_L9_mos_gapseq	1293	1415	361	bio1	0.000000	1.054170	0.057483
MGYG000000045__gradient_L0_base_gapseq	1295	1489	385	bio1	0.648042	1.127998	4.469024
MGYG000000045__gradient_L1_inulin_gapseq	1295	1489	385	bio1	0.870232	1.131654	4.474855
MGYG000000045__gradient_L2_fos_gapseq	1295	1489	385	bio1	0.870232	1.068278	4.515059
MGYG000000045__gradient_L3_gos_gapseq	1295	1489	385	bio1	1.062738	1.075003	4.409443
MGYG000000045__gradient_L4_xos_gapseq	1295	1489	385	bio1	1.062738	1.173662	4.457087
MGYG000000045__gradient_L5_pectin_gapseq	1295	1489	385	bio1	1.062738	1.147648	4.469185
MGYG000000045__gradient_L6_resistant_starch_gapseq	1295	1489	385	bio1	1.524313	1.078472	4.564501
MGYG000000045__gradient_L7_bglucan_gapseq	1295	1489	385	bio1	1.679672	1.052198	4.447898
MGYG000000045__gradient_L8_hmo_gapseq	1295	1489	385	bio1	1.679672	1.172049	4.481454
MGYG000000045__gradient_L9_mos_gapseq	1295	1489	385	bio1	1.787748	1.162265	4.460074
MGYG000000047__gradient_L0_base_gapseq	1538	1795	512	bio1	1.250279	1.398643	6.275308
MGYG000000047__gradient_L1_inulin_gapseq	1538	1795	512	bio1	1.588195	1.300776	6.356803
MGYG000000047__gradient_L2_fos_gapseq	1538	1795	512	bio1	1.588195	1.294978	6.305692
MGYG000000047__gradient_L3_gos_gapseq	1538	1795	512	bio1	1.917663	1.295568	6.290209
MGYG000000047__gradient_L4_xos_gapseq	1538	1795	512	bio1	1.993694	1.309686	6.270184
MGYG000000047__gradient_L5_pectin_gapseq	1538	1795	512	bio1	2.057053	1.292683	6.218313
MGYG000000047__gradient_L6_resistant_starch_gapseq	1538	1795	512	bio1	2.794132	1.375138	6.181883
MGYG000000047__gradient_L7_bglucan_gapseq	1538	1795	512	bio1	3.040983	1.426488	6.220230
MGYG000000047__gradient_L8_hmo_gapseq	1538	1795	512	bio1	3.212753	1.386575	6.283086
MGYG000000047__gradient_L9_mos_gapseq	1538	1795	512	bio1	3.379867	1.394522	6.184012
MGYG000000051__gradient_L0_base_gapseq	1361	1548	442	bio1	0.000000	1.111862	0.060112
MGYG000000051__gradient_L1_inulin_gapseq	1361	1548	442	bio1	0.000000	1.229274	0.059671
MGYG000000051__gradient_L2_fos_gapseq	1361	1548	442	bio1	0.000000	1.084841	0.060457
MGYG000000051__gradient_L3_gos_gapseq	1361	1548	442	bio1	0.000000	1.269576	0.059126
MGYG000000051__gradient_L4_xos_gapseq	1361	1548	442	bio1	0.000000	1.126731	0.143648
MGYG000000051__gradient_L5_pectin_gapseq	1361	1548	442	bio1	0.000000	1.114256	0.059863
MGYG000000051__gradient_L6_resistant_starch_gapseq	1361	1548	442	bio1	0.000000	1.215428	0.059498
MGYG000000051__gradient_L7_bglucan_gapseq	1361	1548	442	bio1	0.000000	1.128016	0.059804
MGYG000000051__gradient_L8_hmo_gapseq	1361	1548	442	bio1	0.000000	1.188821	0.061092
MGYG000000051__gradient_L9_mos_gapseq	1361	1548	442	bio1	0.000000	1.111277	0.058327
MGYG000000054__gradient_L0_base_gapseq	1395	1680	514	bio1	1.440287	1.321082	5.691724
MGYG000000054__gradient_L1_inulin_gapseq	1395	1680	514	bio1	1.588210	1.301764	5.659861
MGYG000000054__gradient_L2_fos_gapseq	1395	1680	514	bio1	1.588210	1.231596	5.791812
MGYG000000054__gradient_L3_gos_gapseq	1395	1680	514	bio1	1.699152	1.281182	5.854223
MGYG000000054__gradient_L4_xos_gapseq	1395	1680	514	bio1	1.790630	1.219710	5.697590
MGYG000000054__gradient_L5_pectin_gapseq	1395	1680	514	bio1	1.849020	1.276513	5.667820
MGYG000000054__gradient_L6_resistant_starch_gapseq	1395	1680	514	bio1	2.499963	1.310549	5.704842
MGYG000000054__gradient_L7_bglucan_gapseq	1395	1680	514	bio1	2.708542	1.316587	5.710577
MGYG000000054__gradient_L8_hmo_gapseq	1395	1680	514	bio1	2.708542	1.374817	5.690202
MGYG000000054__gradient_L9_mos_gapseq	1395	1680	514	bio1	2.844029	1.185304	5.756019
MGYG000000055__gradient_L0_base_gapseq	1288	1495	375	bio1	0.000000	1.077848	0.061444
MGYG000000055__gradient_L1_inulin_gapseq	1288	1495	375	bio1	0.000000	1.120699	0.063337
MGYG000000055__gradient_L2_fos_gapseq	1288	1495	375	bio1	0.000000	1.032799	0.062331
MGYG000000055__gradient_L3_gos_gapseq	1288	1495	375	bio1	0.000000	1.142820	0.061927
MGYG000000055__gradient_L4_xos_gapseq	1288	1495	375	bio1	0.000000	1.043479	0.062332
MGYG000000055__gradient_L5_pectin_gapseq	1288	1495	375	bio1	0.000000	1.146028	0.062796
MGYG000000055__gradient_L6_resistant_starch_gapseq	1288	1495	375	bio1	0.000000	1.083909	0.060866
MGYG000000055__gradient_L7_bglucan_gapseq	1288	1495	375	bio1	0.000000	1.154615	0.062155
MGYG000000055__gradient_L8_hmo_gapseq	1288	1495	375	bio1	0.000000	1.090628	0.063917
MGYG000000055__gradient_L9_mos_gapseq	1288	1495	375	bio1	0.000000	1.156914	0.062688
MGYG000000059__gradient_L0_base_gapseq	1359	1483	384	bio1	0.000000	1.075408	0.069873
MGYG000000059__gradient_L1_inulin_gapseq	1359	1483	384	bio1	0.000000	1.184116	0.068649
MGYG000000059__gradient_L2_fos_gapseq	1359	1483	384	bio1	0.000000	1.134470	0.069066
MGYG000000059__gradient_L3_gos_gapseq	1359	1483	384	bio1	0.000000	1.243980	0.069054
MGYG000000059__gradient_L4_xos_gapseq	1359	1483	384	bio1	0.852436	1.082039	4.588547
MGYG000000059__gradient_L5_pectin_gapseq	1359	1483	384	bio1	0.852436	1.106473	4.449187
MGYG000000059__gradient_L6_resistant_starch_gapseq	1359	1483	384	bio1	0.989840	1.170487	4.463365
MGYG000000059__gradient_L7_bglucan_gapseq	1359	1483	384	bio1	0.989840	1.148365	4.516845
MGYG000000059__gradient_L8_hmo_gapseq	1359	1483	384	bio1	0.989840	1.069456	4.540427
MGYG000000059__gradient_L9_mos_gapseq	1359	1483	384	bio1	0.989840	1.088797	4.436465
MGYG000000062__gradient_L0_base_gapseq	1370	1580	463	bio1	0.720512	1.098163	5.083430
MGYG000000062__gradient_L1_inulin_gapseq	1370	1580	463	bio1	1.083418	1.144969	4.946626
MGYG000000062__gradient_L2_fos_gapseq	1370	1580	463	bio1	1.083418	1.193815	4.922304
MGYG000000062__gradient_L3_gos_gapseq	1370	1580	463	bio1	1.190639	1.236149	4.944229
MGYG000000062__gradient_L4_xos_gapseq	1370	1580	463	bio1	1.190639	1.233184	4.934815
MGYG000000062__gradient_L5_pectin_gapseq	1370	1580	463	bio1	1.190639	1.144274	5.005225
MGYG000000062__gradient_L6_resistant_starch_gapseq	1370	1580	463	bio1	1.358830	1.168065	4.891576
MGYG000000062__gradient_L7_bglucan_gapseq	1370	1580	463	bio1	1.604809	1.208518	4.908671
MGYG000000062__gradient_L8_hmo_gapseq	1370	1580	463	bio1	1.604809	1.192858	4.927798
MGYG000000062__gradient_L9_mos_gapseq	1370	1580	463	bio1	1.772999	1.220631	5.002186
MGYG000000064__gradient_L0_base_gapseq	1657	1970	533	bio1	0.921246	1.518535	7.323591
MGYG000000064__gradient_L1_inulin_gapseq	1657	1970	533	bio1	1.164972	1.510910	7.313183
MGYG000000064__gradient_L2_fos_gapseq	1657	1970	533	bio1	1.164972	1.534057	7.347813
MGYG000000064__gradient_L3_gos_gapseq	1657	1970	533	bio1	1.430842	1.516759	7.332139
MGYG000000064__gradient_L4_xos_gapseq	1657	1970	533	bio1	1.430842	1.516514	7.321231
MGYG000000064__gradient_L5_pectin_gapseq	1657	1970	533	bio1	1.430842	1.525731	7.430648
MGYG000000064__gradient_L6_resistant_starch_gapseq	1657	1970	533	bio1	1.946461	1.539165	7.326482
MGYG000000064__gradient_L7_bglucan_gapseq	1657	1970	533	bio1	2.117151	1.514441	7.326417
MGYG000000064__gradient_L8_hmo_gapseq	1657	1970	533	bio1	2.117151	1.530228	7.310066
MGYG000000064__gradient_L9_mos_gapseq	1657	1970	533	bio1	2.236934	1.561343	7.360681
MGYG000000069__gradient_L0_base_gapseq	1316	1447	369	bio1	0.000000	1.100041	0.053650
MGYG000000069__gradient_L1_inulin_gapseq	1316	1447	369	bio1	0.000000	1.056377	0.053879
MGYG000000069__gradient_L2_fos_gapseq	1316	1447	369	bio1	0.000000	1.141357	0.054038
MGYG000000069__gradient_L3_gos_gapseq	1316	1447	369	bio1	0.000000	1.050461	0.055381
MGYG000000069__gradient_L4_xos_gapseq	1316	1447	369	bio1	0.794383	1.127194	4.252392
MGYG000000069__gradient_L5_pectin_gapseq	1316	1447	369	bio1	0.794383	1.062627	4.371171
MGYG000000069__gradient_L6_resistant_starch_gapseq	1316	1447	369	bio1	1.497246	1.056584	4.278190
MGYG000000069__gradient_L7_bglucan_gapseq	1316	1447	369	bio1	1.740551	1.089101	4.342250
MGYG000000069__gradient_L8_hmo_gapseq	1316	1447	369	bio1	1.740551	1.103063	4.276929
MGYG000000069__gradient_L9_mos_gapseq	1316	1447	369	bio1	1.873540	1.015978	4.350556
MGYG000000072__gradient_L0_base_gapseq	1263	1324	314	bio1	0.379587	0.981409	3.775007
MGYG000000072__gradient_L1_inulin_gapseq	1263	1324	314	bio1	0.534524	1.032744	3.790839
MGYG000000072__gradient_L2_fos_gapseq	1263	1324	314	bio1	0.534524	0.961005	3.876827
MGYG000000072__gradient_L3_gos_gapseq	1263	1324	314	bio1	0.836652	0.972835	3.790711
MGYG000000072__gradient_L4_xos_gapseq	1263	1324	314	bio1	0.836652	1.059753	3.792733
MGYG000000072__gradient_L5_pectin_gapseq	1263	1324	314	bio1	0.836652	0.977349	3.859354
MGYG000000072__gradient_L6_resistant_starch_gapseq	1263	1324	314	bio1	0.991590	0.983755	3.778314
MGYG000000072__gradient_L7_bglucan_gapseq	1263	1324	314	bio1	1.208192	1.041897	3.772546
MGYG000000072__gradient_L8_hmo_gapseq	1263	1324	314	bio1	1.208192	0.970203	3.834763
MGYG000000072__gradient_L9_mos_gapseq	1263	1324	314	bio1	1.208192	0.968874	3.774940
MGYG000000075__gradient_L0_base_gapseq	1386	1584	442	bio1	1.519443	1.151577	5.048672
MGYG000000075__gradient_L1_inulin_gapseq	1386	1584	442	bio1	1.681087	1.128358	5.006922
MGYG000000075__gradient_L2_fos_gapseq	1386	1584	442	bio1	1.681087	1.178149	4.928749
MGYG000000075__gradient_L3_gos_gapseq	1386	1584	442	bio1	2.014477	1.182936	4.920290
MGYG000000075__gradient_L4_xos_gapseq	1386	1584	442	bio1	2.091258	1.204660	4.938202
MGYG000000075__gradient_L5_pectin_gapseq	1386	1584	442	bio1	2.091258	1.105548	5.034196
MGYG000000075__gradient_L6_resistant_starch_gapseq	1386	1584	442	bio1	2.796430	1.126662	4.988202
MGYG000000075__gradient_L7_bglucan_gapseq	1386	1584	442	bio1	2.796430	1.133958	4.934182
MGYG000000075__gradient_L8_hmo_gapseq	1386	1584	442	bio1	2.796430	1.206721	4.945047
MGYG000000075__gradient_L9_mos_gapseq	1386	1584	442	bio1	2.796430	1.233956	4.988636
MGYG000000077__gradient_L0_base_gapseq	1443	1619	435	bio1	0.000000	1.174866	0.068410
MGYG000000077__gradient_L1_inulin_gapseq	1443	1619	435	bio1	0.000000	1.265222	0.064864
MGYG000000077__gradient_L2_fos_gapseq	1443	1619	435	bio1	0.000000	1.204749	0.065198
MGYG000000077__gradient_L3_gos_gapseq	1443	1619	435	bio1	0.975911	1.283171	5.161143
MGYG000000077__gradient_L4_xos_gapseq	1443	1619	435	bio1	0.975911	1.260992	5.165777
MGYG000000077__gradient_L5_pectin_gapseq	1443	1619	435	bio1	0.975911	1.212617	5.323758
MGYG000000077__gradient_L6_resistant_starch_gapseq	1443	1619	435	bio1	1.121214	1.199348	5.258821
MGYG000000077__gradient_L7_bglucan_gapseq	1443	1619	435	bio1	1.121214	1.192536	5.160154
MGYG000000077__gradient_L8_hmo_gapseq	1443	1619	435	bio1	1.121214	1.274945	5.159888
MGYG000000077__gradient_L9_mos_gapseq	1443	1619	435	bio1	1.266180	1.244560	5.269700
MGYG000000078__gradient_L0_base_gapseq	1345	1481	380	bio1	0.000000	1.127951	0.054407
MGYG000000078__gradient_L1_inulin_gapseq	1345	1481	380	bio1	0.000000	1.078788	0.054636
MGYG000000078__gradient_L2_fos_gapseq	1345	1481	380	bio1	0.000000	1.143820	0.054293
MGYG000000078__gradient_L3_gos_gapseq	1345	1481	380	bio1	0.573378	1.041962	4.639862
MGYG000000078__gradient_L4_xos_gapseq	1345	1481	380	bio1	0.573378	1.079439	4.536590
MGYG000000078__gradient_L5_pectin_gapseq	1345	1481	380	bio1	0.573378	1.149957	4.532428
MGYG000000078__gradient_L6_resistant_starch_gapseq	1345	1481	380	bio1	1.001525	1.149935	4.600135
MGYG000000078__gradient_L7_bglucan_gapseq	1345	1481	380	bio1	1.001525	1.070572	4.645957
MGYG000000078__gradient_L8_hmo_gapseq	1345	1481	380	bio1	1.001525	1.112979	4.590587
MGYG000000078__gradient_L9_mos_gapseq	1345	1481	380	bio1	1.072117	1.139934	4.552952
MGYG000000080__gradient_L0_base_gapseq	1583	1819	525	bio1	1.118634	1.415363	6.386542
MGYG000000080__gradient_L1_inulin_gapseq	1583	1819	525	bio1	1.401611	1.387514	6.365821
MGYG000000080__gradient_L2_fos_gapseq	1583	1819	525	bio1	1.401611	1.403540	6.438879
MGYG000000080__gradient_L3_gos_gapseq	1583	1819	525	bio1	1.501095	1.407106	6.393651
MGYG000000080__gradient_L4_xos_gapseq	1583	1819	525	bio1	1.547521	1.402942	6.387731
MGYG000000080__gradient_L5_pectin_gapseq	1583	1819	525	bio1	1.547521	1.402079	6.343113
MGYG000000080__gradient_L6_resistant_starch_gapseq	1583	1819	525	bio1	2.159902	1.403105	6.363433
MGYG000000080__gradient_L7_bglucan_gapseq	1583	1819	525	bio1	2.159902	1.400253	6.367267
MGYG000000080__gradient_L8_hmo_gapseq	1583	1819	525	bio1	2.159902	1.385382	6.342985
MGYG000000080__gradient_L9_mos_gapseq	1583	1819	525	bio1	2.301390	1.335525	6.464896
MGYG000000082__gradient_L0_base_gapseq	1761	1936	592	bio1	0.421917	1.565919	7.512367
MGYG000000082__gradient_L1_inulin_gapseq	1761	1936	592	bio1	0.546649	1.558455	7.394528
MGYG000000082__gradient_L2_fos_gapseq	1761	1936	592	bio1	0.546649	1.567919	7.417309
MGYG000000082__gradient_L3_gos_gapseq	1761	1936	592	bio1	0.546649	1.553408	7.382476
MGYG000000082__gradient_L4_xos_gapseq	1761	1936	592	bio1	0.546649	1.570197	7.446835
MGYG000000082__gradient_L5_pectin_gapseq	1761	1936	592	bio1	0.546649	1.553738	7.441383
MGYG000000082__gradient_L6_resistant_starch_gapseq	1761	1936	592	bio1	0.642744	1.558498	7.482328
MGYG000000082__gradient_L7_bglucan_gapseq	1761	1936	592	bio1	0.642744	1.573253	7.502112
MGYG000000082__gradient_L8_hmo_gapseq	1761	1936	592	bio1	0.642744	1.465139	7.500959
MGYG000000082__gradient_L9_mos_gapseq	1761	1936	592	bio1	0.642744	1.476449	7.503400
MGYG000000083__gradient_L0_base_gapseq	2210	2676	1186	bio1	0.967802	2.227055	13.750400
MGYG000000083__gradient_L1_inulin_gapseq	2210	2676	1186	bio1	1.183043	2.235551	13.798869
MGYG000000083__gradient_L2_fos_gapseq	2210	2676	1186	bio1	1.183043	2.210263	13.709403
MGYG000000083__gradient_L3_gos_gapseq	2210	2676	1186	bio1	1.403704	2.164737	13.871862
MGYG000000083__gradient_L4_xos_gapseq	2210	2676	1186	bio1	1.461773	2.274178	13.725336
MGYG000000083__gradient_L5_pectin_gapseq	2210	2676	1186	bio1	1.488098	2.217353	13.792929
MGYG000000083__gradient_L6_resistant_starch_gapseq	2210	2676	1186	bio1	1.968907	2.227349	13.834901
MGYG000000083__gradient_L7_bglucan_gapseq	2210	2676	1186	bio1	2.133822	2.187523	13.726034
MGYG000000083__gradient_L8_hmo_gapseq	2210	2676	1186	bio1	2.133822	2.220905	13.775805
MGYG000000083__gradient_L9_mos_gapseq	2210	2676	1186	bio1	2.229829	2.218009	13.777641
MGYG000000084__gradient_L0_base_gapseq	1263	1482	383	bio1	0.750634	1.093103	4.630412
MGYG000000084__gradient_L1_inulin_gapseq	1263	1482	383	bio1	1.016852	1.100017	4.592516
MGYG000000084__gradient_L2_fos_gapseq	1263	1482	383	bio1	1.016852	1.109872	4.521283
MGYG000000084__gradient_L3_gos_gapseq	1263	1482	383	bio1	1.258042	1.163832	4.535874
MGYG000000084__gradient_L4_xos_gapseq	1263	1482	383	bio1	1.258042	1.058287	4.609636
MGYG000000084__gradient_L5_pectin_gapseq	1263	1482	383	bio1	1.258042	1.044574	4.531531
MGYG000000084__gradient_L6_resistant_starch_gapseq	1263	1482	383	bio1	1.800482	1.143672	4.494889
MGYG000000084__gradient_L7_bglucan_gapseq	1263	1482	383	bio1	1.973635	1.154705	4.562987
MGYG000000084__gradient_L8_hmo_gapseq	1263	1482	383	bio1	2.104062	1.071296	4.610390
MGYG000000084__gradient_L9_mos_gapseq	1263	1482	383	bio1	2.188015	1.090422	4.496405
MGYG000000085__gradient_L0_base_gapseq	1191	1344	326	bio1	0.808487	0.935098	3.662619
MGYG000000085__gradient_L1_inulin_gapseq	1191	1344	326	bio1	1.097840	1.062500	3.608746
MGYG000000085__gradient_L2_fos_gapseq	1191	1344	326	bio1	1.097840	1.016805	3.634157
MGYG000000085__gradient_L3_gos_gapseq	1191	1344	326	bio1	1.389422	0.933456	3.638723
MGYG000000085__gradient_L4_xos_gapseq	1191	1344	326	bio1	1.389422	1.030070	3.650120
MGYG000000085__gradient_L5_pectin_gapseq	1191	1344	326	bio1	1.389422	0.944908	3.711224
MGYG000000085__gradient_L6_resistant_starch_gapseq	1191	1344	326	bio1	2.001303	0.940194	3.646255
MGYG000000085__gradient_L7_bglucan_gapseq	1191	1344	326	bio1	2.001303	1.015989	3.692662
MGYG000000085__gradient_L8_hmo_gapseq	1191	1344	326	bio1	2.001303	0.937810	3.730679
MGYG000000085__gradient_L9_mos_gapseq	1191	1344	326	bio1	2.142676	0.940641	3.619301
MGYG000000086__gradient_L0_base_gapseq	1396	1484	377	bio1	0.000000	1.194261	0.060002
MGYG000000086__gradient_L1_inulin_gapseq	1396	1484	377	bio1	0.000000	1.148416	0.063583
MGYG000000086__gradient_L2_fos_gapseq	1396	1484	377	bio1	0.000000	1.176864	0.063142
MGYG000000086__gradient_L3_gos_gapseq	1396	1484	377	bio1	0.810570	1.071674	4.637630
MGYG000000086__gradient_L4_xos_gapseq	1396	1484	377	bio1	0.868376	1.115840	4.509302
MGYG000000086__gradient_L5_pectin_gapseq	1396	1484	377	bio1	0.868376	1.169319	4.546013
MGYG000000086__gradient_L6_resistant_starch_gapseq	1396	1484	377	bio1	1.449735	1.137945	4.527423
MGYG000000086__gradient_L7_bglucan_gapseq	1396	1484	377	bio1	1.449735	1.100158	4.589135
MGYG000000086__gradient_L8_hmo_gapseq	1396	1484	377	bio1	1.449735	1.171061	4.514319
MGYG000000086__gradient_L9_mos_gapseq	1396	1484	377	bio1	1.449735	1.186931	4.562594
MGYG000000088__gradient_L0_base_gapseq	1472	1756	398	bio1	0.656396	1.271754	6.120738
MGYG000000088__gradient_L1_inulin_gapseq	1472	1756	398	bio1	0.872200	1.310218	6.068946
MGYG000000088__gradient_L2_fos_gapseq	1472	1756	398	bio1	0.872200	1.339112	6.125991
MGYG000000088__gradient_L3_gos_gapseq	1472	1756	398	bio1	1.086342	1.316117	6.072827
MGYG000000088__gradient_L4_xos_gapseq	1472	1756	398	bio1	1.086342	1.316537	6.030382
MGYG000000088__gradient_L5_pectin_gapseq	1472	1756	398	bio1	1.086342	1.326421	6.026972
MGYG000000088__gradient_L6_resistant_starch_gapseq	1472	1756	398	bio1	1.538988	1.299578	6.123550
MGYG000000088__gradient_L7_bglucan_gapseq	1472	1756	398	bio1	1.538988	1.237550	6.162551
MGYG000000088__gradient_L8_hmo_gapseq	1472	1756	398	bio1	1.538988	1.229464	6.145031
MGYG000000088__gradient_L9_mos_gapseq	1472	1756	398	bio1	1.644974	1.240965	6.048731
MGYG000000092__gradient_L0_base_gapseq	1395	1626	469	bio1	0.000000	1.279897	0.067574
MGYG000000092__gradient_L1_inulin_gapseq	1395	1626	469	bio1	0.000000	1.199220	0.068282
MGYG000000092__gradient_L2_fos_gapseq	1395	1626	469	bio1	0.000000	1.218755	0.068559
MGYG000000092__gradient_L3_gos_gapseq	1395	1626	469	bio1	0.000000	1.284707	0.068850
MGYG000000092__gradient_L4_xos_gapseq	1395	1626	469	bio1	1.389448	1.188012	5.239110
MGYG000000092__gradient_L5_pectin_gapseq	1395	1626	469	bio1	1.389448	1.270203	5.201639
MGYG000000092__gradient_L6_resistant_starch_gapseq	1395	1626	469	bio1	1.989884	1.278648	5.210121
MGYG000000092__gradient_L7_bglucan_gapseq	1395	1626	469	bio1	2.191475	1.282307	5.189450
MGYG000000092__gradient_L8_hmo_gapseq	1395	1626	469	bio1	2.334539	1.198632	5.278912
MGYG000000092__gradient_L9_mos_gapseq	1395	1626	469	bio1	2.334539	1.198012	5.280915
MGYG000000097__gradient_L0_base_gapseq	1427	1685	357	bio1	0.749553	1.308439	5.670863
MGYG000000097__gradient_L1_inulin_gapseq	1427	1685	357	bio1	0.971770	1.270752	5.684272
MGYG000000097__gradient_L2_fos_gapseq	1427	1685	357	bio1	0.971770	1.195975	5.750791
MGYG000000097__gradient_L3_gos_gapseq	1427	1685	357	bio1	1.207773	1.180919	5.741391
MGYG000000097__gradient_L4_xos_gapseq	1427	1685	357	bio1	1.249421	1.202128	5.685908
MGYG000000097__gradient_L5_pectin_gapseq	1427	1685	357	bio1	1.249421	1.288636	5.704015
MGYG000000097__gradient_L6_resistant_starch_gapseq	1427	1685	357	bio1	1.751507	1.310517	5.649695
MGYG000000097__gradient_L7_bglucan_gapseq	1427	1685	357	bio1	1.908314	1.291139	5.638937
MGYG000000097__gradient_L8_hmo_gapseq	1427	1685	357	bio1	1.908314	1.232310	5.821617
MGYG000000097__gradient_L9_mos_gapseq	1427	1685	357	bio1	2.018498	1.190393	5.733336
MGYG000000100__gradient_L0_base_gapseq	1374	1529	436	bio1	0.799313	1.085670	4.493808
MGYG000000100__gradient_L1_inulin_gapseq	1374	1529	436	bio1	0.982234	1.192286	4.530065
MGYG000000100__gradient_L2_fos_gapseq	1374	1529	436	bio1	0.982234	1.209818	4.526765
MGYG000000100__gradient_L3_gos_gapseq	1374	1529	436	bio1	0.982234	1.083271	4.625801
MGYG000000100__gradient_L4_xos_gapseq	1374	1529	436	bio1	0.982234	1.116096	4.529758
MGYG000000100__gradient_L5_pectin_gapseq	1374	1529	436	bio1	0.982234	1.194812	4.564361
MGYG000000100__gradient_L6_resistant_starch_gapseq	1374	1529	436	bio1	1.147671	1.229704	4.543230
MGYG000000100__gradient_L7_bglucan_gapseq	1374	1529	436	bio1	1.147671	1.171385	4.526792
MGYG000000100__gradient_L8_hmo_gapseq	1374	1529	436	bio1	1.147671	1.088148	4.623981
MGYG000000100__gradient_L9_mos_gapseq	1374	1529	436	bio1	1.312805	1.125846	4.520153
MGYG000000105__gradient_L0_base_gapseq	1545	1841	531	bio1	0.000000	1.278252	0.085439
MGYG000000105__gradient_L1_inulin_gapseq	1545	1841	531	bio1	0.000000	1.372275	0.084764
MGYG000000105__gradient_L2_fos_gapseq	1545	1841	531	bio1	0.000000	1.364207	0.083246
MGYG000000105__gradient_L3_gos_gapseq	1545	1841	531	bio1	1.637546	1.292205	6.727271
MGYG000000105__gradient_L4_xos_gapseq	1545	1841	531	bio1	1.715707	1.308428	6.759621
MGYG000000105__gradient_L5_pectin_gapseq	1545	1841	531	bio1	1.757297	1.293062	6.653160
MGYG000000105__gradient_L6_resistant_starch_gapseq	1545	1841	531	bio1	2.354432	1.298556	6.631681
MGYG000000105__gradient_L7_bglucan_gapseq	1545	1841	531	bio1	2.537855	1.379667	6.600424
MGYG000000105__gradient_L8_hmo_gapseq	1545	1841	531	bio1	2.537855	1.383533	6.629944
MGYG000000105__gradient_L9_mos_gapseq	1545	1841	531	bio1	2.656124	1.436286	6.636684
MGYG000000109__gradient_L0_base_gapseq	1405	1650	395	bio1	0.511984	1.267539	5.385226
MGYG000000109__gradient_L1_inulin_gapseq	1405	1650	395	bio1	0.697322	1.320763	5.384356
MGYG000000109__gradient_L2_fos_gapseq	1405	1650	395	bio1	0.697322	1.310169	5.374988
MGYG000000109__gradient_L3_gos_gapseq	1405	1650	395	bio1	0.864125	1.210826	5.468696
MGYG000000109__gradient_L4_xos_gapseq	1405	1650	395	bio1	0.891926	1.172232	5.446510
MGYG000000109__gradient_L5_pectin_gapseq	1405	1650	395	bio1	0.891926	1.215760	5.379120
MGYG000000109__gradient_L6_resistant_starch_gapseq	1405	1650	395	bio1	1.283451	1.332397	5.368230
MGYG000000109__gradient_L7_bglucan_gapseq	1405	1650	395	bio1	1.283451	1.345067	5.372078
MGYG000000109__gradient_L8_hmo_gapseq	1405	1650	395	bio1	1.283451	1.274359	5.381730
MGYG000000109__gradient_L9_mos_gapseq	1405	1650	395	bio1	1.376120	1.221434	5.475291
MGYG000000122__gradient_L0_base_gapseq	1729	2107	546	bio1	1.020573	1.506131	8.805130
MGYG000000122__gradient_L1_inulin_gapseq	1729	2107	546	bio1	1.290279	1.507814	8.819953
MGYG000000122__gradient_L2_fos_gapseq	1729	2107	546	bio1	1.290279	1.512161	8.815240
MGYG000000122__gradient_L3_gos_gapseq	1729	2107	546	bio1	1.493233	1.568217	8.731286
MGYG000000122__gradient_L4_xos_gapseq	1729	2107	546	bio1	1.565949	1.592909	8.763255
MGYG000000122__gradient_L5_pectin_gapseq	1729	2107	546	bio1	1.565949	1.657264	8.765667
MGYG000000122__gradient_L6_resistant_starch_gapseq	1729	2107	546	bio1	2.136954	1.592045	8.717120
MGYG000000122__gradient_L7_bglucan_gapseq	1729	2107	546	bio1	2.330062	1.622477	8.796808
MGYG000000122__gradient_L8_hmo_gapseq	1729	2107	546	bio1	2.330062	1.588379	8.885971
MGYG000000122__gradient_L9_mos_gapseq	1729	2107	546	bio1	2.454159	1.522835	8.814565
MGYG000000128__gradient_L0_base_gapseq	1104	1181	270	bio1	0.205896	0.916859	2.944602
MGYG000000128__gradient_L1_inulin_gapseq	1104	1181	270	bio1	0.360524	0.840597	2.992839
MGYG000000128__gradient_L2_fos_gapseq	1104	1181	270	bio1	0.360524	0.827974	2.911680
MGYG000000128__gradient_L3_gos_gapseq	1104	1181	270	bio1	0.468684	0.843751	2.997694
MGYG000000128__gradient_L4_xos_gapseq	1104	1181	270	bio1	0.468684	0.845640	2.915747
MGYG000000128__gradient_L5_pectin_gapseq	1104	1181	270	bio1	0.468684	0.932129	2.916265
MGYG000000128__gradient_L6_resistant_starch_gapseq	1104	1181	270	bio1	0.612902	0.850523	2.905851
MGYG000000128__gradient_L7_bglucan_gapseq	1104	1181	270	bio1	0.612902	0.915849	2.906914
MGYG000000128__gradient_L8_hmo_gapseq	1104	1181	270	bio1	0.612902	0.850303	3.026909
MGYG000000128__gradient_L9_mos_gapseq	1104	1181	270	bio1	0.757115	0.812546	2.928779
MGYG000000132__gradient_L0_base_gapseq	1271	1465	389	bio1	0.500191	1.177271	4.396246
MGYG000000132__gradient_L1_inulin_gapseq	1271	1465	389	bio1	0.833658	1.137806	4.408471
MGYG000000132__gradient_L2_fos_gapseq	1271	1465	389	bio1	0.833658	1.080391	4.545479
MGYG000000132__gradient_L3_gos_gapseq	1271	1465	389	bio1	1.150915	1.072762	4.423286
MGYG000000132__gradient_L4_xos_gapseq	1271	1465	389	bio1	1.150915	1.152929	4.393502
MGYG000000132__gradient_L5_pectin_gapseq	1271	1465	389	bio1	1.150915	1.157522	4.404032
MGYG000000132__gradient_L6_resistant_starch_gapseq	1271	1465	389	bio1	1.843455	1.076881	4.497257
MGYG000000132__gradient_L7_bglucan_gapseq	1271	1465	389	bio1	1.843455	1.093621	4.398901
MGYG000000132__gradient_L8_hmo_gapseq	1271	1465	389	bio1	1.843455	1.143489	4.391594
MGYG000000132__gradient_L9_mos_gapseq	1271	1465	389	bio1	1.970453	1.142719	4.401842
MGYG000000135__gradient_L0_base_gapseq	1606	1886	675	bio1	0.000000	1.389614	0.087445
MGYG000000135__gradient_L1_inulin_gapseq	1606	1886	675	bio1	0.000000	1.464709	0.086327
MGYG000000135__gradient_L2_fos_gapseq	1606	1886	675	bio1	0.000000	1.484213	0.086408
MGYG000000135__gradient_L3_gos_gapseq	1606	1886	675	bio1	1.370849	1.391055	7.053553
MGYG000000135__gradient_L4_xos_gapseq	1606	1886	675	bio1	1.430062	1.411249	7.072503
MGYG000000135__gradient_L5_pectin_gapseq	1606	1886	675	bio1	1.473072	1.385514	7.025604
MGYG000000135__gradient_L6_resistant_starch_gapseq	1606	1886	675	bio1	2.094562	1.389633	7.041917
MGYG000000135__gradient_L7_bglucan_gapseq	1606	1886	675	bio1	2.294557	1.386774	7.022979
MGYG000000135__gradient_L8_hmo_gapseq	1606	1886	675	bio1	2.435249	1.399922	7.010269
MGYG000000135__gradient_L9_mos_gapseq	1606	1886	675	bio1	2.435249	1.375050	7.043976
MGYG000000137__gradient_L0_base_gapseq	1371	1616	496	bio1	0.000000	1.242908	0.069379
MGYG000000137__gradient_L1_inulin_gapseq	1371	1616	496	bio1	0.000000	1.143912	0.070123
MGYG000000137__gradient_L2_fos_gapseq	1371	1616	496	bio1	0.000000	1.247227	0.070217
MGYG000000137__gradient_L3_gos_gapseq	1371	1616	496	bio1	1.389609	1.163619	5.135074
MGYG000000137__gradient_L4_xos_gapseq	1371	1616	496	bio1	1.409397	1.220899	5.021122
MGYG000000137__gradient_L5_pectin_gapseq	1371	1616	496	bio1	1.409397	1.250364	5.029539
MGYG000000137__gradient_L6_resistant_starch_gapseq	1371	1616	496	bio1	2.021319	1.224398	5.045697
MGYG000000137__gradient_L7_bglucan_gapseq	1371	1616	496	bio1	2.226765	1.252589	5.026096
MGYG000000137__gradient_L8_hmo_gapseq	1371	1616	496	bio1	2.226765	1.196517	5.132136
MGYG000000137__gradient_L9_mos_gapseq	1371	1616	496	bio1	2.226765	1.192861	5.119960
MGYG000000143__gradient_L0_base_gapseq	1288	1543	435	bio1	0.990541	1.095238	4.839132
MGYG000000143__gradient_L1_inulin_gapseq	1288	1543	435	bio1	1.328316	1.105988	4.764913
MGYG000000143__gradient_L2_fos_gapseq	1288	1543	435	bio1	1.328316	1.192058	4.743764
MGYG000000143__gradient_L3_gos_gapseq	1288	1543	435	bio1	1.676579	1.196540	4.740737
MGYG000000143__gradient_L4_xos_gapseq	1288	1543	435	bio1	1.676579	1.104912	4.844011
MGYG000000143__gradient_L5_pectin_gapseq	1288	1543	435	bio1	1.676579	1.143781	4.818968
MGYG000000143__gradient_L6_resistant_starch_gapseq	1288	1543	435	bio1	2.413209	1.105368	4.731230
MGYG000000143__gradient_L7_bglucan_gapseq	1288	1543	435	bio1	2.660160	1.177697	4.765043
MGYG000000143__gradient_L8_hmo_gapseq	1288	1543	435	bio1	2.837457	1.185699	4.739775
MGYG000000143__gradient_L9_mos_gapseq	1288	1543	435	bio1	3.006045	1.091726	4.813880
MGYG000000148__gradient_L0_base_gapseq	1391	1624	433	bio1	0.000000	1.163358	0.061539
MGYG000000148__gradient_L1_inulin_gapseq	1391	1624	433	bio1	0.000000	1.267058	0.065135
MGYG000000148__gradient_L2_fos_gapseq	1391	1624	433	bio1	0.000000	1.122596	0.064976
MGYG000000148__gradient_L3_gos_gapseq	1391	1624	433	bio1	1.816215	1.267967	5.438100
MGYG000000148__gradient_L4_xos_gapseq	1391	1624	433	bio1	1.854406	1.274240	5.367460
MGYG000000148__gradient_L5_pectin_gapseq	1391	1624	433	bio1	1.854406	1.294359	5.318918
MGYG000000148__gradient_L6_resistant_starch_gapseq	1391	1624	433	bio1	2.585499	1.147839	5.450441
MGYG000000148__gradient_L7_bglucan_gapseq	1391	1624	433	bio1	2.823504	1.151473	5.440207
MGYG000000148__gradient_L8_hmo_gapseq	1391	1624	433	bio1	2.990311	1.167236	5.361902
MGYG000000148__gradient_L9_mos_gapseq	1391	1624	433	bio1	2.990311	1.212579	5.364725
MGYG000000151__gradient_L0_base_gapseq	1542	1829	549	bio1	0.921196	1.320792	6.436299
MGYG000000151__gradient_L1_inulin_gapseq	1542	1829	549	bio1	1.175798	1.316867	6.367501
MGYG000000151__gradient_L2_fos_gapseq	1542	1829	549	bio1	1.175798	1.392968	6.427469
MGYG000000151__gradient_L3_gos_gapseq	1542	1829	549	bio1	1.405553	1.400802	6.364316
MGYG000000151__gradient_L4_xos_gapseq	1542	1829	549	bio1	1.432583	1.442089	6.354495
MGYG000000151__gradient_L5_pectin_gapseq	1542	1829	549	bio1	1.432583	1.404092	6.351502
MGYG000000151__gradient_L6_resistant_starch_gapseq	1542	1829	549	bio1	1.975437	1.434573	6.351218
MGYG000000151__gradient_L7_bglucan_gapseq	1542	1829	549	bio1	1.975437	1.400277	6.375388
MGYG000000151__gradient_L8_hmo_gapseq	1542	1829	549	bio1	1.975437	1.403992	6.422681
MGYG000000151__gradient_L9_mos_gapseq	1542	1829	549	bio1	2.101578	1.434633	6.337143
MGYG000000154__gradient_L0_base_gapseq	1466	1662	406	bio1	0.474855	1.212787	5.611624
MGYG000000154__gradient_L1_inulin_gapseq	1466	1662	406	bio1	0.733921	1.226893	5.461582
MGYG000000154__gradient_L2_fos_gapseq	1466	1662	406	bio1	0.733921	1.274468	5.484318
MGYG000000154__gradient_L3_gos_gapseq	1466	1662	406	bio1	1.012537	1.325817	5.461203
MGYG000000154__gradient_L4_xos_gapseq	1466	1662	406	bio1	1.082925	1.325680	5.468702
MGYG000000154__gradient_L5_pectin_gapseq	1466	1662	406	bio1	1.118118	1.221530	5.521704
MGYG000000154__gradient_L6_resistant_starch_gapseq	1466	1662	406	bio1	1.639422	1.232562	5.552868
MGYG000000154__gradient_L7_bglucan_gapseq	1466	1662	406	bio1	1.817590	1.254264	5.471859
MGYG000000154__gradient_L8_hmo_gapseq	1466	1662	406	bio1	1.817590	1.344614	5.467564
MGYG000000154__gradient_L9_mos_gapseq	1466	1662	406	bio1	1.817590	1.280532	5.507001
MGYG000000157__gradient_L0_base_gapseq	1412	1667	499	bio1	1.621030	1.220923	5.554333
MGYG000000157__gradient_L1_inulin_gapseq	1412	1667	499	bio1	1.789888	1.209916	5.484325
MGYG000000157__gradient_L2_fos_gapseq	1412	1667	499	bio1	1.789888	1.290251	5.550493
MGYG000000157__gradient_L3_gos_gapseq	1412	1667	499	bio1	2.138158	1.293593	5.466186
MGYG000000157__gradient_L4_xos_gapseq	1412	1667	499	bio1	2.176151	1.294873	5.495376
MGYG000000157__gradient_L5_pectin_gapseq	1412	1667	499	bio1	2.176151	1.261307	5.489466
MGYG000000157__gradient_L6_resistant_starch_gapseq	1412	1667	499	bio1	2.912796	1.154353	5.545449
MGYG000000157__gradient_L7_bglucan_gapseq	1412	1667	499	bio1	2.912796	1.205827	5.527818
MGYG000000157__gradient_L8_hmo_gapseq	1412	1667	499	bio1	2.912796	1.217283	5.449079
MGYG000000157__gradient_L9_mos_gapseq	1412	1667	499	bio1	2.912796	1.289554	5.437309
MGYG000000161__gradient_L0_base_gapseq	1236	1431	330	bio1	0.387044	1.076512	4.128232
MGYG000000161__gradient_L1_inulin_gapseq	1236	1431	330	bio1	0.545836	1.016715	4.238478
MGYG000000161__gradient_L2_fos_gapseq	1236	1431	330	bio1	0.545836	1.049947	4.140014
MGYG000000161__gradient_L3_gos_gapseq	1236	1431	330	bio1	0.709590	1.091382	4.211369
MGYG000000161__gradient_L4_xos_gapseq	1236	1431	330	bio1	0.709590	1.120528	4.157317
MGYG000000161__gradient_L5_pectin_gapseq	1236	1431	330	bio1	0.709590	1.035014	4.244610
MGYG000000161__gradient_L6_resistant_starch_gapseq	1236	1431	330	bio1	1.067172	1.023004	4.164999
MGYG000000161__gradient_L7_bglucan_gapseq	1236	1431	330	bio1	1.067172	1.095800	4.175491
MGYG000000161__gradient_L8_hmo_gapseq	1236	1431	330	bio1	1.067172	1.037139	4.252547
MGYG000000161__gradient_L9_mos_gapseq	1236	1431	330	bio1	1.144260	1.022268	4.139605
MGYG000000163__gradient_L0_base_gapseq	1487	1779	439	bio1	0.701155	1.354609	6.157058
MGYG000000163__gradient_L1_inulin_gapseq	1487	1779	439	bio1	0.917481	1.334078	6.166421
MGYG000000163__gradient_L2_fos_gapseq	1487	1779	439	bio1	0.917481	1.252897	6.218694
MGYG000000163__gradient_L3_gos_gapseq	1487	1779	439	bio1	1.103975	1.270494	6.223227
MGYG000000163__gradient_L4_xos_gapseq	1487	1779	439	bio1	1.117223	1.258079	6.222929
MGYG000000163__gradient_L5_pectin_gapseq	1487	1779	439	bio1	1.117223	1.259311	6.129683
MGYG000000163__gradient_L6_resistant_starch_gapseq	1487	1779	439	bio1	1.596352	1.347628	6.188439
MGYG000000163__gradient_L7_bglucan_gapseq	1487	1779	439	bio1	1.748702	1.333280	6.195223
MGYG000000163__gradient_L8_hmo_gapseq	1487	1779	439	bio1	1.748702	1.341858	6.188132
MGYG000000163__gradient_L9_mos_gapseq	1487	1779	439	bio1	1.854685	1.355692	6.155353
MGYG000000165__gradient_L0_base_gapseq	1461	1677	589	bio1	0.000000	1.300334	0.068301
MGYG000000165__gradient_L1_inulin_gapseq	1461	1677	589	bio1	0.000000	1.218017	0.070018
MGYG000000165__gradient_L2_fos_gapseq	1461	1677	589	bio1	0.000000	1.350342	0.068998
MGYG000000165__gradient_L3_gos_gapseq	1461	1677	589	bio1	1.519252	1.214859	5.625023
MGYG000000165__gradient_L4_xos_gapseq	1461	1677	589	bio1	1.588050	1.220974	5.578936
MGYG000000165__gradient_L5_pectin_gapseq	1461	1677	589	bio1	1.588050	1.208049	5.493777
MGYG000000165__gradient_L6_resistant_starch_gapseq	1461	1677	589	bio1	2.319533	1.288165	5.514266
MGYG000000165__gradient_L7_bglucan_gapseq	1461	1677	589	bio1	2.319533	1.384101	5.513604
MGYG000000165__gradient_L8_hmo_gapseq	1461	1677	589	bio1	2.493393	1.287208	5.561509
MGYG000000165__gradient_L9_mos_gapseq	1461	1677	589	bio1	2.493393	1.359999	5.491307
MGYG000000167__gradient_L0_base_gapseq	1158	1295	322	bio1	0.382421	1.010324	3.542492
MGYG000000167__gradient_L1_inulin_gapseq	1158	1295	322	bio1	0.573637	0.923469	3.635461
MGYG000000167__gradient_L2_fos_gapseq	1158	1295	322	bio1	0.573637	0.934678	3.543677
MGYG000000167__gradient_L3_gos_gapseq	1158	1295	322	bio1	0.745731	0.997733	3.535612
MGYG000000167__gradient_L4_xos_gapseq	1158	1295	322	bio1	0.745731	0.930920	3.669372
MGYG000000167__gradient_L5_pectin_gapseq	1158	1295	322	bio1	0.745731	0.891901	3.551273
MGYG000000167__gradient_L6_resistant_starch_gapseq	1158	1295	322	bio1	1.146745	0.992867	3.553143
MGYG000000167__gradient_L7_bglucan_gapseq	1158	1295	322	bio1	1.146745	0.922764	3.631735
MGYG000000167__gradient_L8_hmo_gapseq	1158	1295	322	bio1	1.146745	0.933605	3.540361
MGYG000000167__gradient_L9_mos_gapseq	1158	1295	322	bio1	1.240549	0.992986	3.552788
MGYG000000171__gradient_L0_base_gapseq	1416	1671	485	bio1	0.974537	1.318025	5.571055
MGYG000000171__gradient_L1_inulin_gapseq	1416	1671	485	bio1	1.117935	1.288574	5.550118
MGYG000000171__gradient_L2_fos_gapseq	1416	1671	485	bio1	1.117935	1.263731	5.644974
MGYG000000171__gradient_L3_gos_gapseq	1416	1671	485	bio1	1.431108	1.212618	5.652570
MGYG000000171__gradient_L4_xos_gapseq	1416	1671	485	bio1	1.484414	1.182595	5.630032
MGYG000000171__gradient_L5_pectin_gapseq	1416	1671	485	bio1	1.484414	1.272513	5.557392
MGYG000000171__gradient_L6_resistant_starch_gapseq	1416	1671	485	bio1	2.099655	1.347268	5.569797
MGYG000000171__gradient_L7_bglucan_gapseq	1416	1671	485	bio1	2.306215	1.357227	5.545153
MGYG000000171__gradient_L8_hmo_gapseq	1416	1671	485	bio1	2.452807	1.253579	5.547524
MGYG000000171__gradient_L9_mos_gapseq	1416	1671	485	bio1	2.452807	1.270100	5.552648
MGYG000000173__gradient_L0_base_gapseq	987	1122	233	bio1	0.000000	0.761903	0.038739
MGYG000000173__gradient_L1_inulin_gapseq	987	1122	233	bio1	0.000000	0.865690	0.037842
MGYG000000173__gradient_L2_fos_gapseq	987	1122	233	bio1	0.000000	0.786670	0.037702
MGYG000000173__gradient_L3_gos_gapseq	987	1122	233	bio1	0.000000	0.801926	0.038998
MGYG000000173__gradient_L4_xos_gapseq	987	1122	233	bio1	0.000000	0.904556	0.038298
MGYG000000173__gradient_L5_pectin_gapseq	987	1122	233	bio1	0.000000	0.826121	0.037611
MGYG000000173__gradient_L6_resistant_starch_gapseq	987	1122	233	bio1	0.000000	0.765653	0.037678
MGYG000000173__gradient_L7_bglucan_gapseq	987	1122	233	bio1	0.000000	0.857354	0.038393
MGYG000000173__gradient_L8_hmo_gapseq	987	1122	233	bio1	0.000000	0.777458	0.038370
MGYG000000173__gradient_L9_mos_gapseq	987	1122	233	bio1	0.000000	0.869673	0.038219
MGYG000000175__gradient_L0_base_gapseq	1657	1946	670	bio1	0.000000	1.429094	0.091970
MGYG000000175__gradient_L1_inulin_gapseq	1657	1946	670	bio1	0.000000	1.533739	0.094596
MGYG000000175__gradient_L2_fos_gapseq	1657	1946	670	bio1	0.000000	1.541531	0.096993
MGYG000000175__gradient_L3_gos_gapseq	1657	1946	670	bio1	0.000000	1.421667	0.096095
MGYG000000175__gradient_L4_xos_gapseq	1657	1946	670	bio1	0.000000	1.562665	0.097177
MGYG000000175__gradient_L5_pectin_gapseq	1657	1946	670	bio1	0.000000	1.584297	0.096954
MGYG000000175__gradient_L6_resistant_starch_gapseq	1657	1946	670	bio1	0.000000	1.442639	0.097761
MGYG000000175__gradient_L7_bglucan_gapseq	1657	1946	670	bio1	0.000000	1.577486	0.098586
MGYG000000175__gradient_L8_hmo_gapseq	1657	1946	670	bio1	0.000000	1.593424	0.096570
MGYG000000175__gradient_L9_mos_gapseq	1657	1946	670	bio1	0.000000	1.424621	0.096052
MGYG000000176__gradient_L0_base_gapseq	1715	1994	811	bio1	1.530278	1.509920	7.972191
MGYG000000176__gradient_L1_inulin_gapseq	1715	1994	811	bio1	1.868850	1.580062	7.920302
MGYG000000176__gradient_L2_fos_gapseq	1715	1994	811	bio1	1.868850	1.616163	7.928530
MGYG000000176__gradient_L3_gos_gapseq	1715	1994	811	bio1	2.201375	1.649377	7.882838
MGYG000000176__gradient_L4_xos_gapseq	1715	1994	811	bio1	2.390106	1.607519	8.022990
MGYG000000176__gradient_L5_pectin_gapseq	1715	1994	811	bio1	2.390106	1.608005	7.941035
MGYG000000176__gradient_L6_resistant_starch_gapseq	1715	1994	811	bio1	3.095995	1.620045	7.875819
MGYG000000176__gradient_L7_bglucan_gapseq	1715	1994	811	bio1	3.324773	1.610041	7.946013
MGYG000000176__gradient_L8_hmo_gapseq	1715	1994	811	bio1	3.485113	1.603772	7.925451
MGYG000000176__gradient_L9_mos_gapseq	1715	1994	811	bio1	3.641543	1.616638	8.046444
MGYG000000187__gradient_L0_base_gapseq	1332	1460	374	bio1	0.000000	1.037367	0.167449
MGYG000000187__gradient_L1_inulin_gapseq	1332	1460	374	bio1	0.000000	1.079676	0.058155
MGYG000000187__gradient_L2_fos_gapseq	1332	1460	374	bio1	0.000000	1.106309	0.056490
MGYG000000187__gradient_L3_gos_gapseq	1332	1460	374	bio1	0.856756	1.157915	4.302044
MGYG000000187__gradient_L4_xos_gapseq	1332	1460	374	bio1	0.856756	1.193149	4.306703
MGYG000000187__gradient_L5_pectin_gapseq	1332	1460	374	bio1	0.888827	1.074687	4.418267
MGYG000000187__gradient_L6_resistant_starch_gapseq	1332	1460	374	bio1	1.348651	1.061401	4.321390
MGYG000000187__gradient_L7_bglucan_gapseq	1332	1460	374	bio1	1.502465	1.135133	4.297636
MGYG000000187__gradient_L8_hmo_gapseq	1332	1460	374	bio1	1.502465	1.148046	4.299719
MGYG000000187__gradient_L9_mos_gapseq	1332	1460	374	bio1	1.573800	1.082150	4.491922
MGYG000000189__gradient_L0_base_gapseq	1433	1605	359	bio1	0.000000	1.311759	0.064344
MGYG000000189__gradient_L1_inulin_gapseq	1433	1605	359	bio1	0.000000	1.136967	0.201121
MGYG000000189__gradient_L2_fos_gapseq	1433	1605	359	bio1	0.000000	1.153448	0.063353
MGYG000000189__gradient_L3_gos_gapseq	1433	1605	359	bio1	0.898835	1.330396	5.089001
MGYG000000189__gradient_L4_xos_gapseq	1433	1605	359	bio1	0.898835	1.175703	5.364319
MGYG000000189__gradient_L5_pectin_gapseq	1433	1605	359	bio1	0.898835	1.183335	5.054903
MGYG000000189__gradient_L6_resistant_starch_gapseq	1433	1605	359	bio1	1.521121	1.275399	5.069637
MGYG000000189__gradient_L7_bglucan_gapseq	1433	1605	359	bio1	1.728751	1.199713	5.135205
MGYG000000189__gradient_L8_hmo_gapseq	1433	1605	359	bio1	1.728751	1.277546	5.073946
MGYG000000189__gradient_L9_mos_gapseq	1433	1605	359	bio1	1.728751	1.151359	5.117341
MGYG000000191__gradient_L0_base_gapseq	1870	2322	639	bio1	1.066132	1.767084	10.660642
MGYG000000191__gradient_L1_inulin_gapseq	1870	2322	639	bio1	1.334226	1.720752	10.583304
MGYG000000191__gradient_L2_fos_gapseq	1870	2322	639	bio1	1.334226	1.685924	10.580711
MGYG000000191__gradient_L3_gos_gapseq	1870	2322	639	bio1	1.431756	1.683552	10.602519
MGYG000000191__gradient_L4_xos_gapseq	1870	2322	639	bio1	1.511917	1.695985	10.564299
MGYG000000191__gradient_L5_pectin_gapseq	1870	2322	639	bio1	1.511917	1.683950	10.573368
MGYG000000191__gradient_L6_resistant_starch_gapseq	1870	2322	639	bio1	2.137173	1.668137	10.599383
MGYG000000191__gradient_L7_bglucan_gapseq	1870	2322	639	bio1	2.341584	1.719340	10.534121
MGYG000000191__gradient_L8_hmo_gapseq	1870	2322	639	bio1	2.341584	1.664800	10.471993
MGYG000000191__gradient_L9_mos_gapseq	1870	2322	639	bio1	2.473404	1.741256	10.543810
MGYG000000193__gradient_L0_base_gapseq	1362	1585	429	bio1	0.674146	1.197985	5.086793
MGYG000000193__gradient_L1_inulin_gapseq	1362	1585	429	bio1	0.781567	1.238701	5.066107
MGYG000000193__gradient_L2_fos_gapseq	1362	1585	429	bio1	0.781567	1.216283	5.055181
MGYG000000193__gradient_L3_gos_gapseq	1362	1585	429	bio1	0.998189	1.198097	5.125688
MGYG000000193__gradient_L4_xos_gapseq	1362	1585	429	bio1	1.074554	1.127171	5.161884
MGYG000000193__gradient_L5_pectin_gapseq	1362	1585	429	bio1	1.074554	1.130949	5.064373
MGYG000000193__gradient_L6_resistant_starch_gapseq	1362	1585	429	bio1	1.524107	1.189770	5.074188
MGYG000000193__gradient_L7_bglucan_gapseq	1362	1585	429	bio1	1.675473	1.216822	5.070591
MGYG000000193__gradient_L8_hmo_gapseq	1362	1585	429	bio1	1.785475	1.110154	5.127846
MGYG000000193__gradient_L9_mos_gapseq	1362	1585	429	bio1	1.854567	1.138100	5.167833
MGYG000000196__gradient_L0_base_gapseq	1574	1912	643	bio1	0.000000	1.392102	0.087359
MGYG000000196__gradient_L1_inulin_gapseq	1574	1912	643	bio1	2.026073	1.452827	6.936634
MGYG000000196__gradient_L2_fos_gapseq	1574	1912	643	bio1	2.026073	1.464143	6.940022
MGYG000000196__gradient_L3_gos_gapseq	1574	1912	643	bio1	2.138051	1.448746	6.881949
MGYG000000196__gradient_L4_xos_gapseq	1574	1912	643	bio1	2.276100	1.453283	6.981638
MGYG000000196__gradient_L5_pectin_gapseq	1574	1912	643	bio1	2.276100	1.460272	6.893614
MGYG000000196__gradient_L6_resistant_starch_gapseq	1574	1912	643	bio1	2.276100	1.467523	6.904337
MGYG000000196__gradient_L7_bglucan_gapseq	1574	1912	643	bio1	2.276100	1.464353	6.929250
MGYG000000196__gradient_L8_hmo_gapseq	1574	1912	643	bio1	2.276100	1.482840	6.949993
MGYG000000196__gradient_L9_mos_gapseq	1574	1912	643	bio1	2.276100	1.459273	6.948097
MGYG000000200__gradient_L0_base_gapseq	1491	1776	542	bio1	1.238863	1.263574	6.324578
MGYG000000200__gradient_L1_inulin_gapseq	1491	1776	542	bio1	1.558572	1.360473	6.357677
MGYG000000200__gradient_L2_fos_gapseq	1491	1776	542	bio1	1.558572	1.357247	6.311536
MGYG000000200__gradient_L3_gos_gapseq	1491	1776	542	bio1	1.912250	1.351868	6.262451
MGYG000000200__gradient_L4_xos_gapseq	1491	1776	542	bio1	2.050124	1.352339	6.309524
MGYG000000200__gradient_L5_pectin_gapseq	1491	1776	542	bio1	2.050124	1.355897	6.328292
MGYG000000200__gradient_L6_resistant_starch_gapseq	1491	1776	542	bio1	2.747490	1.378537	6.293836
MGYG000000200__gradient_L7_bglucan_gapseq	1491	1776	542	bio1	2.981277	1.273222	6.391606
MGYG000000200__gradient_L8_hmo_gapseq	1491	1776	542	bio1	3.145128	1.266703	6.453498
MGYG000000200__gradient_L9_mos_gapseq	1491	1776	542	bio1	3.304983	1.279399	6.393809
MGYG000000201__gradient_L0_base_gapseq	1485	1742	553	bio1	0.000000	1.243522	0.073446
MGYG000000201__gradient_L1_inulin_gapseq	1485	1742	553	bio1	0.000000	1.314376	0.075196
MGYG000000201__gradient_L2_fos_gapseq	1485	1742	553	bio1	0.000000	1.257498	0.074988
MGYG000000201__gradient_L3_gos_gapseq	1485	1742	553	bio1	1.300001	1.357893	5.984017
MGYG000000201__gradient_L4_xos_gapseq	1485	1742	553	bio1	1.487167	1.353080	6.003804
MGYG000000201__gradient_L5_pectin_gapseq	1485	1742	553	bio1	1.487167	1.351076	5.960942
MGYG000000201__gradient_L6_resistant_starch_gapseq	1485	1742	553	bio1	2.078727	1.331354	6.003472
MGYG000000201__gradient_L7_bglucan_gapseq	1485	1742	553	bio1	2.277113	1.339072	6.012394
MGYG000000201__gradient_L8_hmo_gapseq	1485	1742	553	bio1	2.420871	1.247296	6.119121
MGYG000000201__gradient_L9_mos_gapseq	1485	1742	553	bio1	2.524377	1.249515	6.150414
MGYG000000202__gradient_L0_base_gapseq	1586	1807	517	bio1	0.675504	1.409748	6.357328
MGYG000000202__gradient_L1_inulin_gapseq	1586	1807	517	bio1	1.001992	1.391496	6.330438
MGYG000000202__gradient_L2_fos_gapseq	1586	1807	517	bio1	1.001992	1.385712	6.302367
MGYG000000202__gradient_L3_gos_gapseq	1586	1807	517	bio1	1.327384	1.376763	6.387934
MGYG000000202__gradient_L4_xos_gapseq	1586	1807	517	bio1	1.474585	1.404817	6.277631
MGYG000000202__gradient_L5_pectin_gapseq	1586	1807	517	bio1	1.532691	1.381759	6.279671
MGYG000000202__gradient_L6_resistant_starch_gapseq	1586	1807	517	bio1	2.224149	1.294169	6.393799
MGYG000000202__gradient_L7_bglucan_gapseq	1586	1807	517	bio1	2.448365	1.314896	6.389851
MGYG000000202__gradient_L8_hmo_gapseq	1586	1807	517	bio1	2.602643	1.309851	6.389578
MGYG000000202__gradient_L9_mos_gapseq	1586	1807	517	bio1	2.753157	1.291388	6.385196
MGYG000000213__gradient_L0_base_gapseq	1429	1656	463	bio1	0.825660	1.187344	5.372188
MGYG000000213__gradient_L1_inulin_gapseq	1429	1656	463	bio1	1.103866	1.312813	5.359097
MGYG000000213__gradient_L2_fos_gapseq	1429	1656	463	bio1	1.103866	1.296103	5.360904
MGYG000000213__gradient_L3_gos_gapseq	1429	1656	463	bio1	1.403187	1.296465	5.372248
MGYG000000213__gradient_L4_xos_gapseq	1429	1656	463	bio1	1.543294	1.192695	5.465412
MGYG000000213__gradient_L5_pectin_gapseq	1429	1656	463	bio1	1.543294	1.223201	5.448025
MGYG000000213__gradient_L6_resistant_starch_gapseq	1429	1656	463	bio1	2.131321	1.226398	5.445649
MGYG000000213__gradient_L7_bglucan_gapseq	1429	1656	463	bio1	2.328745	1.158379	5.379993
MGYG000000213__gradient_L8_hmo_gapseq	1429	1656	463	bio1	2.328745	1.292905	5.374346
MGYG000000213__gradient_L9_mos_gapseq	1429	1656	463	bio1	2.464606	1.291644	5.360988
MGYG000000216__gradient_L0_base_gapseq	1453	1720	457	bio1	0.000000	1.215364	0.065156
MGYG000000216__gradient_L1_inulin_gapseq	1453	1720	457	bio1	0.000000	1.307660	0.065843
MGYG000000216__gradient_L2_fos_gapseq	1453	1720	457	bio1	0.000000	1.223953	0.066189
MGYG000000216__gradient_L3_gos_gapseq	1453	1720	457	bio1	0.000000	1.311890	0.070762
MGYG000000216__gradient_L4_xos_gapseq	1453	1720	457	bio1	1.228285	1.317386	5.754123
MGYG000000216__gradient_L5_pectin_gapseq	1453	1720	457	bio1	1.228285	1.216717	5.877544
MGYG000000216__gradient_L6_resistant_starch_gapseq	1453	1720	457	bio1	1.852275	1.220285	5.847275
MGYG000000216__gradient_L7_bglucan_gapseq	1453	1720	457	bio1	2.058084	1.220904	5.808306
MGYG000000216__gradient_L8_hmo_gapseq	1453	1720	457	bio1	2.058084	1.215848	5.775732
MGYG000000216__gradient_L9_mos_gapseq	1453	1720	457	bio1	2.058084	1.289004	5.786225
MGYG000000217__gradient_L0_base_gapseq	1339	1530	377	bio1	0.000000	1.176346	0.065447
MGYG000000217__gradient_L1_inulin_gapseq	1339	1530	377	bio1	0.000000	1.235372	0.067724
MGYG000000217__gradient_L2_fos_gapseq	1339	1530	377	bio1	0.000000	1.164530	0.065086
MGYG000000217__gradient_L3_gos_gapseq	1339	1530	377	bio1	1.211953	1.199527	4.824708
MGYG000000217__gradient_L4_xos_gapseq	1339	1530	377	bio1	1.335165	1.142325	4.923487
MGYG000000217__gradient_L5_pectin_gapseq	1339	1530	377	bio1	1.335165	1.094263	4.883966
MGYG000000217__gradient_L6_resistant_starch_gapseq	1339	1530	377	bio1	1.875060	1.122817	4.837986
MGYG000000217__gradient_L7_bglucan_gapseq	1339	1530	377	bio1	2.056518	1.157392	4.820285
MGYG000000217__gradient_L8_hmo_gapseq	1339	1530	377	bio1	2.056518	1.171961	4.840239
MGYG000000217__gradient_L9_mos_gapseq	1339	1530	377	bio1	2.146128	1.157240	4.940539
MGYG000000221__gradient_L0_base_gapseq	1388	1656	450	bio1	0.000000	1.254945	0.069076
MGYG000000221__gradient_L1_inulin_gapseq	1388	1656	450	bio1	0.000000	1.205832	0.067371
MGYG000000221__gradient_L2_fos_gapseq	1388	1656	450	bio1	0.000000	1.290942	0.067105
MGYG000000221__gradient_L3_gos_gapseq	1388	1656	450	bio1	1.556022	1.214085	5.530178
MGYG000000221__gradient_L4_xos_gapseq	1388	1656	450	bio1	1.562878	1.224920	5.610830
MGYG000000221__gradient_L5_pectin_gapseq	1388	1656	450	bio1	1.562878	1.252003	5.473400
MGYG000000221__gradient_L6_resistant_starch_gapseq	1388	1656	450	bio1	1.689155	1.232024	5.456700
MGYG000000221__gradient_L7_bglucan_gapseq	1388	1656	450	bio1	1.884998	1.280342	5.456143
MGYG000000221__gradient_L8_hmo_gapseq	1388	1656	450	bio1	1.884998	1.298569	5.455675
MGYG000000221__gradient_L9_mos_gapseq	1388	1656	450	bio1	2.011275	1.224352	5.550207
MGYG000000223__gradient_L0_base_gapseq	1386	1572	501	bio1	0.831440	1.178714	4.854669
MGYG000000223__gradient_L1_inulin_gapseq	1386	1572	501	bio1	1.087098	1.223950	4.931970
MGYG000000223__gradient_L2_fos_gapseq	1386	1572	501	bio1	1.087098	1.304862	4.874956
MGYG000000223__gradient_L3_gos_gapseq	1386	1572	501	bio1	1.335388	1.283845	4.867965
MGYG000000223__gradient_L4_xos_gapseq	1386	1572	501	bio1	1.335388	1.172540	4.958930
MGYG000000223__gradient_L5_pectin_gapseq	1386	1572	501	bio1	1.371178	1.184597	4.928725
MGYG000000223__gradient_L6_resistant_starch_gapseq	1386	1572	501	bio1	1.910258	1.275763	4.876555
MGYG000000223__gradient_L7_bglucan_gapseq	1386	1572	501	bio1	2.091443	1.267796	4.898605
MGYG000000223__gradient_L8_hmo_gapseq	1386	1572	501	bio1	2.225653	1.217449	4.897405
MGYG000000223__gradient_L9_mos_gapseq	1386	1572	501	bio1	2.225653	1.169622	4.973869
MGYG000000224__gradient_L0_base_gapseq	1543	1809	528	bio1	0.000000	1.275971	0.083065
MGYG000000224__gradient_L1_inulin_gapseq	1543	1809	528	bio1	0.000000	1.402785	0.083226
MGYG000000224__gradient_L2_fos_gapseq	1543	1809	528	bio1	0.000000	1.295123	0.082656
MGYG000000224__gradient_L3_gos_gapseq	1543	1809	528	bio1	1.302212	1.378480	6.554812
MGYG000000224__gradient_L4_xos_gapseq	1543	1809	528	bio1	1.363360	1.373676	6.511321
MGYG000000224__gradient_L5_pectin_gapseq	1543	1809	528	bio1	1.395066	1.392852	6.533498
MGYG000000224__gradient_L6_resistant_starch_gapseq	1543	1809	528	bio1	1.877455	1.383019	6.538944
MGYG000000224__gradient_L7_bglucan_gapseq	1543	1809	528	bio1	2.033722	1.369599	6.560000
MGYG000000224__gradient_L8_hmo_gapseq	1543	1809	528	bio1	2.033722	1.385195	6.569219
MGYG000000224__gradient_L9_mos_gapseq	1543	1809	528	bio1	2.133370	1.314869	6.726954
MGYG000000229__gradient_L0_base_gapseq	1351	1544	412	bio1	0.000000	1.230580	0.065882
MGYG000000229__gradient_L1_inulin_gapseq	1351	1544	412	bio1	0.000000	1.088444	0.066501
MGYG000000229__gradient_L2_fos_gapseq	1351	1544	412	bio1	0.000000	1.191250	0.067111
MGYG000000229__gradient_L3_gos_gapseq	1351	1544	412	bio1	0.000000	1.135817	0.065772
MGYG000000229__gradient_L4_xos_gapseq	1351	1544	412	bio1	1.156157	1.209404	4.831802
MGYG000000229__gradient_L5_pectin_gapseq	1351	1544	412	bio1	1.156157	1.097586	5.009362
MGYG000000229__gradient_L6_resistant_starch_gapseq	1351	1544	412	bio1	1.755892	1.081906	4.844120
MGYG000000229__gradient_L7_bglucan_gapseq	1351	1544	412	bio1	1.755892	1.184450	4.884938
MGYG000000229__gradient_L8_hmo_gapseq	1351	1544	412	bio1	1.755892	1.177265	4.874362
MGYG000000229__gradient_L9_mos_gapseq	1351	1544	412	bio1	1.755892	1.180599	4.873888
MGYG000000231__gradient_L0_base_gapseq	1425	1587	387	bio1	0.000000	1.192234	0.062223
MGYG000000231__gradient_L1_inulin_gapseq	1425	1587	387	bio1	0.000000	1.241822	0.063160
MGYG000000231__gradient_L2_fos_gapseq	1425	1587	387	bio1	0.000000	1.177036	0.061944
MGYG000000231__gradient_L3_gos_gapseq	1425	1587	387	bio1	0.665982	1.272420	5.012049
MGYG000000231__gradient_L4_xos_gapseq	1425	1587	387	bio1	0.665982	1.242143	5.053494
MGYG000000231__gradient_L5_pectin_gapseq	1425	1587	387	bio1	0.665982	1.250680	5.034161
MGYG000000231__gradient_L6_resistant_starch_gapseq	1425	1587	387	bio1	1.181973	1.177173	5.132799
MGYG000000231__gradient_L7_bglucan_gapseq	1425	1587	387	bio1	1.363989	1.151484	5.026294
MGYG000000231__gradient_L8_hmo_gapseq	1425	1587	387	bio1	1.363989	1.247301	5.024338
MGYG000000231__gradient_L9_mos_gapseq	1425	1587	387	bio1	1.453873	1.247766	5.035470
MGYG000000237__gradient_L0_base_gapseq	1179	1287	331	bio1	0.000000	0.901501	0.048598
MGYG000000237__gradient_L1_inulin_gapseq	1179	1287	331	bio1	0.000000	0.971668	0.048929
MGYG000000237__gradient_L2_fos_gapseq	1179	1287	331	bio1	0.000000	0.918978	0.050697
MGYG000000237__gradient_L3_gos_gapseq	1179	1287	331	bio1	1.190023	1.004561	3.423085
MGYG000000237__gradient_L4_xos_gapseq	1179	1287	331	bio1	1.249772	0.906584	3.410545
MGYG000000237__gradient_L5_pectin_gapseq	1179	1287	331	bio1	1.249772	1.041829	3.412251
MGYG000000237__gradient_L6_resistant_starch_gapseq	1179	1287	331	bio1	1.876926	0.929069	3.487036
MGYG000000237__gradient_L7_bglucan_gapseq	1179	1287	331	bio1	1.876926	0.927119	3.405708
MGYG000000237__gradient_L8_hmo_gapseq	1179	1287	331	bio1	1.876926	1.001647	3.408529
MGYG000000237__gradient_L9_mos_gapseq	1179	1287	331	bio1	2.021829	0.909116	3.507280
MGYG000000241__gradient_L0_base_gapseq	1349	1496	414	bio1	0.302005	1.115721	4.482008
MGYG000000241__gradient_L1_inulin_gapseq	1349	1496	414	bio1	0.452997	1.199551	4.462837
MGYG000000241__gradient_L2_fos_gapseq	1349	1496	414	bio1	0.452997	1.230141	4.450746
MGYG000000241__gradient_L3_gos_gapseq	1349	1496	414	bio1	0.452997	1.069267	4.550432
MGYG000000241__gradient_L4_xos_gapseq	1349	1496	414	bio1	0.452997	1.137068	4.533294
MGYG000000241__gradient_L5_pectin_gapseq	1349	1496	414	bio1	0.452997	1.114449	4.427746
MGYG000000241__gradient_L6_resistant_starch_gapseq	1349	1496	414	bio1	0.566249	1.142885	4.459594
MGYG000000241__gradient_L7_bglucan_gapseq	1349	1496	414	bio1	0.566249	1.218003	4.471858
MGYG000000241__gradient_L8_hmo_gapseq	1349	1496	414	bio1	0.566249	1.138292	4.574843
MGYG000000241__gradient_L9_mos_gapseq	1349	1496	414	bio1	0.717251	1.153795	4.449061
MGYG000000246__gradient_L0_base_gapseq	1535	1821	456	bio1	0.728723	1.346450	6.680472
MGYG000000246__gradient_L1_inulin_gapseq	1535	1821	456	bio1	0.958856	1.284567	6.708356
MGYG000000246__gradient_L2_fos_gapseq	1535	1821	456	bio1	0.958856	1.307874	6.687272
MGYG000000246__gradient_L3_gos_gapseq	1535	1821	456	bio1	1.171727	1.287238	6.702320
MGYG000000246__gradient_L4_xos_gapseq	1535	1821	456	bio1	1.171727	1.307891	6.617567
MGYG000000246__gradient_L5_pectin_gapseq	1535	1821	456	bio1	1.171727	1.383963	6.629470
MGYG000000246__gradient_L6_resistant_starch_gapseq	1535	1821	456	bio1	1.624946	1.386150	6.619654
MGYG000000246__gradient_L7_bglucan_gapseq	1535	1821	456	bio1	1.777493	1.442259	6.699840
MGYG000000246__gradient_L8_hmo_gapseq	1535	1821	456	bio1	1.777493	1.399394	6.643762
MGYG000000246__gradient_L9_mos_gapseq	1535	1821	456	bio1	1.883613	1.442650	6.657492
MGYG000000248__gradient_L0_base_gapseq	1352	1610	415	bio1	0.535837	1.144338	5.059746
MGYG000000248__gradient_L1_inulin_gapseq	1352	1610	415	bio1	0.728554	1.211882	5.076362
MGYG000000248__gradient_L2_fos_gapseq	1352	1610	415	bio1	0.728554	1.241762	5.066536
MGYG000000248__gradient_L3_gos_gapseq	1352	1610	415	bio1	0.933022	1.240216	5.071355
MGYG000000248__gradient_L4_xos_gapseq	1352	1610	415	bio1	1.031038	1.189806	5.163666
MGYG000000248__gradient_L5_pectin_gapseq	1352	1610	415	bio1	1.031038	1.165869	5.080903
MGYG000000248__gradient_L6_resistant_starch_gapseq	1352	1610	415	bio1	1.473904	1.275755	5.070572
MGYG000000248__gradient_L7_bglucan_gapseq	1352	1610	415	bio1	1.619219	1.237702	5.084429
MGYG000000248__gradient_L8_hmo_gapseq	1352	1610	415	bio1	1.619219	1.222164	5.054788
MGYG000000248__gradient_L9_mos_gapseq	1352	1610	415	bio1	1.711483	1.167407	5.158840
MGYG000000249__gradient_L0_base_gapseq	1405	1623	482	bio1	0.996483	1.271039	5.184165
MGYG000000249__gradient_L1_inulin_gapseq	1405	1623	482	bio1	1.278001	1.214701	5.289217
MGYG000000249__gradient_L2_fos_gapseq	1405	1623	482	bio1	1.278001	1.199224	5.279302
MGYG000000249__gradient_L3_gos_gapseq	1405	1623	482	bio1	1.561271	1.205306	5.211655
MGYG000000249__gradient_L4_xos_gapseq	1405	1623	482	bio1	1.631114	1.249456	5.203773
MGYG000000249__gradient_L5_pectin_gapseq	1405	1623	482	bio1	1.674708	1.278239	5.204954
MGYG000000249__gradient_L6_resistant_starch_gapseq	1405	1623	482	bio1	2.278657	1.265343	5.136234
MGYG000000249__gradient_L7_bglucan_gapseq	1405	1623	482	bio1	2.479973	1.144201	5.267991
MGYG000000249__gradient_L8_hmo_gapseq	1405	1623	482	bio1	2.479973	1.202637	5.219185
MGYG000000249__gradient_L9_mos_gapseq	1405	1623	482	bio1	2.479973	1.169201	5.148162
MGYG000000250__gradient_L0_base_gapseq	1449	1628	375	bio1	0.000000	1.264645	0.067415
MGYG000000250__gradient_L1_inulin_gapseq	1449	1628	375	bio1	0.000000	1.192086	0.071707
MGYG000000250__gradient_L2_fos_gapseq	1449	1628	375	bio1	0.000000	1.248708	0.072113
MGYG000000250__gradient_L3_gos_gapseq	1449	1628	375	bio1	0.000000	1.253497	0.076104
MGYG000000250__gradient_L4_xos_gapseq	1449	1628	375	bio1	0.874455	1.201480	5.161130
MGYG000000250__gradient_L5_pectin_gapseq	1449	1628	375	bio1	0.874455	1.410630	5.152997
MGYG000000250__gradient_L6_resistant_starch_gapseq	1449	1628	375	bio1	1.429585	1.303272	5.134177
MGYG000000250__gradient_L7_bglucan_gapseq	1449	1628	375	bio1	1.614860	1.276215	5.161989
MGYG000000250__gradient_L8_hmo_gapseq	1449	1628	375	bio1	1.614860	1.209647	5.234873
MGYG000000250__gradient_L9_mos_gapseq	1449	1628	375	bio1	1.614860	1.152598	5.222110
MGYG000000257__gradient_L0_base_gapseq	1165	1318	333	bio1	0.749695	1.050636	3.628767
MGYG000000257__gradient_L1_inulin_gapseq	1165	1318	333	bio1	1.040528	0.948500	3.724013
MGYG000000257__gradient_L2_fos_gapseq	1165	1318	333	bio1	1.040528	0.939349	3.641596
MGYG000000257__gradient_L3_gos_gapseq	1165	1318	333	bio1	1.335906	1.022861	3.632453
MGYG000000257__gradient_L4_xos_gapseq	1165	1318	333	bio1	1.335906	0.929452	3.722137
MGYG000000257__gradient_L5_pectin_gapseq	1165	1318	333	bio1	1.335906	0.926237	3.631067
MGYG000000257__gradient_L6_resistant_starch_gapseq	1165	1318	333	bio1	1.955753	1.025259	3.609169
MGYG000000257__gradient_L7_bglucan_gapseq	1165	1318	333	bio1	1.955753	0.945519	3.624583
MGYG000000257__gradient_L8_hmo_gapseq	1165	1318	333	bio1	1.955753	0.994405	3.675840
MGYG000000257__gradient_L9_mos_gapseq	1165	1318	333	bio1	2.098967	0.917142	3.706273
MGYG000000260__gradient_L0_base_gapseq	1066	1179	321	bio1	0.402733	0.826249	2.899231
MGYG000000260__gradient_L1_inulin_gapseq	1066	1179	321	bio1	0.498624	0.892408	2.895740
MGYG000000260__gradient_L2_fos_gapseq	1066	1179	321	bio1	0.498624	0.840218	2.978125
MGYG000000260__gradient_L3_gos_gapseq	1066	1179	321	bio1	0.671228	0.821017	2.908054
MGYG000000260__gradient_L4_xos_gapseq	1066	1179	321	bio1	0.671228	0.841414	2.966104
MGYG000000260__gradient_L5_pectin_gapseq	1066	1179	321	bio1	0.671228	0.846477	2.909367
MGYG000000260__gradient_L6_resistant_starch_gapseq	1066	1179	321	bio1	1.074817	0.889275	2.909654
MGYG000000260__gradient_L7_bglucan_gapseq	1066	1179	321	bio1	1.074817	0.848067	2.899840
MGYG000000260__gradient_L8_hmo_gapseq	1066	1179	321	bio1	1.074817	0.919375	2.934865
MGYG000000260__gradient_L9_mos_gapseq	1066	1179	321	bio1	1.168894	0.846363	2.999982
MGYG000000266__gradient_L0_base_gapseq	1159	1315	334	bio1	0.800235	1.039314	3.553573
MGYG000000266__gradient_L1_inulin_gapseq	1159	1315	334	bio1	1.093441	0.907353	3.629213
MGYG000000266__gradient_L2_fos_gapseq	1159	1315	334	bio1	1.093441	0.935445	3.554885
MGYG000000266__gradient_L3_gos_gapseq	1159	1315	334	bio1	1.388606	1.028000	3.562115
MGYG000000266__gradient_L4_xos_gapseq	1159	1315	334	bio1	1.388606	0.934834	3.641300
MGYG000000266__gradient_L5_pectin_gapseq	1159	1315	334	bio1	1.388606	0.942458	3.595747
MGYG000000266__gradient_L6_resistant_starch_gapseq	1159	1315	334	bio1	2.008004	1.014398	3.539608
MGYG000000266__gradient_L7_bglucan_gapseq	1159	1315	334	bio1	2.008004	0.938513	3.626746
MGYG000000266__gradient_L8_hmo_gapseq	1159	1315	334	bio1	2.008004	0.929055	3.558020
MGYG000000266__gradient_L9_mos_gapseq	1159	1315	334	bio1	2.151114	1.010180	3.557908
MGYG000000270__gradient_L0_base_gapseq	1180	1292	327	bio1	0.570189	0.919866	3.381005
MGYG000000270__gradient_L1_inulin_gapseq	1180	1292	327	bio1	0.684229	0.959953	3.404140
MGYG000000270__gradient_L2_fos_gapseq	1180	1292	327	bio1	0.684229	0.913709	3.369799
MGYG000000270__gradient_L3_gos_gapseq	1180	1292	327	bio1	0.912308	1.016118	3.367320
MGYG000000270__gradient_L4_xos_gapseq	1180	1292	327	bio1	0.955073	0.943210	3.461307
MGYG000000270__gradient_L5_pectin_gapseq	1180	1292	327	bio1	0.955073	0.918682	3.419537
MGYG000000270__gradient_L6_resistant_starch_gapseq	1180	1292	327	bio1	1.429639	0.967720	3.393353
MGYG000000270__gradient_L7_bglucan_gapseq	1180	1292	327	bio1	1.429639	0.927483	3.462600
MGYG000000270__gradient_L8_hmo_gapseq	1180	1292	327	bio1	1.429639	0.925841	3.374263
MGYG000000270__gradient_L9_mos_gapseq	1180	1292	327	bio1	1.540500	0.980949	3.381085
MGYG000000271__gradient_L0_base_gapseq	1467	1690	439	bio1	0.000000	1.197500	0.071014
MGYG000000271__gradient_L1_inulin_gapseq	1467	1690	439	bio1	0.000000	1.262803	0.070755
MGYG000000271__gradient_L2_fos_gapseq	1467	1690	439	bio1	0.000000	1.222952	0.069946
MGYG000000271__gradient_L3_gos_gapseq	1467	1690	439	bio1	1.170084	1.287597	5.696140
MGYG000000271__gradient_L4_xos_gapseq	1467	1690	439	bio1	1.240071	1.296515	5.678969
MGYG000000271__gradient_L5_pectin_gapseq	1467	1690	439	bio1	1.240071	1.284949	5.685602
MGYG000000271__gradient_L6_resistant_starch_gapseq	1467	1690	439	bio1	1.793405	1.203756	5.801987
MGYG000000271__gradient_L7_bglucan_gapseq	1467	1690	439	bio1	1.970560	1.200624	5.705909
MGYG000000271__gradient_L8_hmo_gapseq	1467	1690	439	bio1	2.101785	1.197323	5.693767
MGYG000000271__gradient_L9_mos_gapseq	1467	1690	439	bio1	2.189269	1.263472	5.650104
MGYG000000272__gradient_L0_base_gapseq	1302	1504	385	bio1	0.419905	1.082887	4.671605
MGYG000000272__gradient_L1_inulin_gapseq	1302	1504	385	bio1	0.520320	1.138330	4.689329
MGYG000000272__gradient_L2_fos_gapseq	1302	1504	385	bio1	0.520320	1.134876	4.680109
MGYG000000272__gradient_L3_gos_gapseq	1302	1504	385	bio1	0.595631	1.081991	4.782139
MGYG000000272__gradient_L4_xos_gapseq	1302	1504	385	bio1	0.657249	1.080751	4.677975
MGYG000000272__gradient_L5_pectin_gapseq	1302	1504	385	bio1	0.689199	1.157359	4.650873
MGYG000000272__gradient_L6_resistant_starch_gapseq	1302	1504	385	bio1	0.947082	1.140308	4.708386
MGYG000000272__gradient_L7_bglucan_gapseq	1302	1504	385	bio1	1.104550	1.055466	4.783692
MGYG000000272__gradient_L8_hmo_gapseq	1302	1504	385	bio1	1.104550	1.081752	4.685827
MGYG000000272__gradient_L9_mos_gapseq	1302	1504	385	bio1	1.204965	1.148991	4.738240
MGYG000000273__gradient_L0_base_gapseq	1477	1750	458	bio1	0.000000	1.232738	0.087770
MGYG000000273__gradient_L1_inulin_gapseq	1477	1750	458	bio1	0.000000	1.360711	0.086057
MGYG000000273__gradient_L2_fos_gapseq	1477	1750	458	bio1	0.000000	1.311955	0.087237
MGYG000000273__gradient_L3_gos_gapseq	1477	1750	458	bio1	1.602991	1.237743	5.973873
MGYG000000273__gradient_L4_xos_gapseq	1477	1750	458	bio1	1.611602	1.235584	5.882756
MGYG000000273__gradient_L5_pectin_gapseq	1477	1750	458	bio1	1.611602	1.318404	5.886162
MGYG000000273__gradient_L6_resistant_starch_gapseq	1477	1750	458	bio1	2.144944	1.316648	5.947041
MGYG000000273__gradient_L7_bglucan_gapseq	1477	1750	458	bio1	2.322957	1.314530	5.871700
MGYG000000273__gradient_L8_hmo_gapseq	1477	1750	458	bio1	2.322957	1.338130	5.954656
MGYG000000273__gradient_L9_mos_gapseq	1477	1750	458	bio1	2.433545	1.234735	5.975800
MGYG000000274__gradient_L0_base_gapseq	1434	1678	494	bio1	0.000000	1.201793	0.069662
MGYG000000274__gradient_L1_inulin_gapseq	1434	1678	494	bio1	0.000000	1.276072	0.069930
MGYG000000274__gradient_L2_fos_gapseq	1434	1678	494	bio1	0.000000	1.276270	0.071219
MGYG000000274__gradient_L3_gos_gapseq	1434	1678	494	bio1	1.686477	1.212997	5.494660
MGYG000000274__gradient_L4_xos_gapseq	1434	1678	494	bio1	1.863600	1.319526	5.489244
MGYG000000274__gradient_L5_pectin_gapseq	1434	1678	494	bio1	1.863600	1.292796	5.522454
MGYG000000274__gradient_L6_resistant_starch_gapseq	1434	1678	494	bio1	2.590846	1.324881	5.505696
MGYG000000274__gradient_L7_bglucan_gapseq	1434	1678	494	bio1	2.590846	1.299396	5.485690
MGYG000000274__gradient_L8_hmo_gapseq	1434	1678	494	bio1	2.590846	1.211331	5.683924
MGYG000000274__gradient_L9_mos_gapseq	1434	1678	494	bio1	2.590846	1.212627	5.578588
MGYG000000275__gradient_L0_base_gapseq	1167	1277	331	bio1	0.759900	1.002582	3.369644
MGYG000000275__gradient_L1_inulin_gapseq	1167	1277	331	bio1	0.907724	0.942872	3.458875
MGYG000000275__gradient_L2_fos_gapseq	1167	1277	331	bio1	0.907724	0.919230	3.373738
MGYG000000275__gradient_L3_gos_gapseq	1167	1277	331	bio1	1.204792	0.995718	3.377912
MGYG000000275__gradient_L4_xos_gapseq	1167	1277	331	bio1	1.204792	0.899661	3.357320
MGYG000000275__gradient_L5_pectin_gapseq	1167	1277	331	bio1	1.204792	0.996002	3.357606
MGYG000000275__gradient_L6_resistant_starch_gapseq	1167	1277	331	bio1	1.821669	0.919804	3.433190
MGYG000000275__gradient_L7_bglucan_gapseq	1167	1277	331	bio1	1.821669	0.914581	3.372020
MGYG000000275__gradient_L8_hmo_gapseq	1167	1277	331	bio1	1.821669	0.977098	3.361939
MGYG000000275__gradient_L9_mos_gapseq	1167	1277	331	bio1	1.964196	0.919759	3.355360
MGYG000000279__gradient_L0_base_gapseq	1299	1421	333	bio1	0.427779	1.117856	4.246967
MGYG000000279__gradient_L1_inulin_gapseq	1299	1421	333	bio1	0.557482	1.036918	4.346802
MGYG000000279__gradient_L2_fos_gapseq	1299	1421	333	bio1	0.557482	1.015774	4.274636
MGYG000000279__gradient_L3_gos_gapseq	1299	1421	333	bio1	0.557482	1.104261	4.258691
MGYG000000279__gradient_L4_xos_gapseq	1299	1421	333	bio1	0.557482	1.128555	4.276144
MGYG000000279__gradient_L5_pectin_gapseq	1299	1421	333	bio1	0.557482	1.030641	4.338957
MGYG000000279__gradient_L6_resistant_starch_gapseq	1299	1421	333	bio1	0.557482	1.039433	4.262748
MGYG000000279__gradient_L7_bglucan_gapseq	1299	1421	333	bio1	0.557482	1.104595	4.263956
MGYG000000279__gradient_L8_hmo_gapseq	1299	1421	333	bio1	0.557482	1.050245	4.374882
MGYG000000279__gradient_L9_mos_gapseq	1299	1421	333	bio1	0.557482	1.040237	4.260502
MGYG000000281__gradient_L0_base_gapseq	1509	1734	550	bio1	0.000000	1.254696	0.072181
MGYG000000281__gradient_L1_inulin_gapseq	1509	1734	550	bio1	0.000000	1.405003	0.073426
MGYG000000281__gradient_L2_fos_gapseq	1509	1734	550	bio1	0.000000	1.272435	0.073369
MGYG000000281__gradient_L3_gos_gapseq	1509	1734	550	bio1	1.567308	1.423057	5.906715
MGYG000000281__gradient_L4_xos_gapseq	1509	1734	550	bio1	1.719831	1.377894	5.871251
MGYG000000281__gradient_L5_pectin_gapseq	1509	1734	550	bio1	1.719831	1.363157	5.893951
MGYG000000281__gradient_L6_resistant_starch_gapseq	1509	1734	550	bio1	2.466379	1.345941	5.921299
MGYG000000281__gradient_L7_bglucan_gapseq	1509	1734	550	bio1	2.716654	1.361540	5.903830
MGYG000000281__gradient_L8_hmo_gapseq	1509	1734	550	bio1	2.716654	1.285931	5.987334
MGYG000000281__gradient_L9_mos_gapseq	1509	1734	550	bio1	2.853557	1.260481	6.037760
MGYG000000282__gradient_L0_base_gapseq	1499	1625	364	bio1	0.000000	1.197629	0.068938
MGYG000000282__gradient_L1_inulin_gapseq	1499	1625	364	bio1	0.000000	1.362753	0.069318
MGYG000000282__gradient_L2_fos_gapseq	1499	1625	364	bio1	0.000000	1.171989	0.068923
MGYG000000282__gradient_L3_gos_gapseq	1499	1625	364	bio1	0.978363	1.308434	5.173112
MGYG000000282__gradient_L4_xos_gapseq	1499	1625	364	bio1	1.051919	1.311322	5.137681
MGYG000000282__gradient_L5_pectin_gapseq	1499	1625	364	bio1	1.051919	1.324209	5.145784
MGYG000000282__gradient_L6_resistant_starch_gapseq	1499	1625	364	bio1	1.660237	1.203405	5.271463
MGYG000000282__gradient_L7_bglucan_gapseq	1499	1625	364	bio1	1.864474	1.215360	5.275529
MGYG000000282__gradient_L8_hmo_gapseq	1499	1625	364	bio1	1.864474	1.236010	5.168056
MGYG000000282__gradient_L9_mos_gapseq	1499	1625	364	bio1	1.864474	1.264919	5.173494
MGYG000000284__gradient_L0_base_gapseq	1494	1793	594	bio1	0.000000	1.359901	0.083575
MGYG000000284__gradient_L1_inulin_gapseq	1494	1793	594	bio1	0.000000	1.331734	0.085636
MGYG000000284__gradient_L2_fos_gapseq	1494	1793	594	bio1	0.000000	1.269110	0.085203
MGYG000000284__gradient_L3_gos_gapseq	1494	1793	594	bio1	0.000000	1.370071	0.084872
MGYG000000284__gradient_L4_xos_gapseq	1494	1793	594	bio1	0.000000	1.384369	0.084537
MGYG000000284__gradient_L5_pectin_gapseq	1494	1793	594	bio1	0.000000	1.282056	0.083985
MGYG000000284__gradient_L6_resistant_starch_gapseq	1494	1793	594	bio1	2.276100	1.409751	6.267425
MGYG000000284__gradient_L7_bglucan_gapseq	1494	1793	594	bio1	2.276100	1.412094	6.337437
MGYG000000284__gradient_L8_hmo_gapseq	1494	1793	594	bio1	2.276100	1.370020	6.299688
MGYG000000284__gradient_L9_mos_gapseq	1494	1793	594	bio1	2.276100	1.376475	6.245646
MGYG000000288__gradient_L0_base_gapseq	1137	1273	308	bio1	0.729892	0.966094	3.468065
MGYG000000288__gradient_L1_inulin_gapseq	1137	1273	308	bio1	1.019580	0.886280	3.486450
MGYG000000288__gradient_L2_fos_gapseq	1137	1273	308	bio1	1.019580	0.883072	3.418248
MGYG000000288__gradient_L3_gos_gapseq	1137	1273	308	bio1	1.313436	0.977940	3.403749
MGYG000000288__gradient_L4_xos_gapseq	1137	1273	308	bio1	1.348994	0.880772	3.419903
MGYG000000288__gradient_L5_pectin_gapseq	1137	1273	308	bio1	1.348994	0.978116	3.428300
MGYG000000288__gradient_L6_resistant_starch_gapseq	1137	1273	308	bio1	1.982340	0.903947	3.476564
MGYG000000288__gradient_L7_bglucan_gapseq	1137	1273	308	bio1	1.982340	0.887665	3.409438
MGYG000000288__gradient_L8_hmo_gapseq	1137	1273	308	bio1	1.982340	0.952829	3.422674
MGYG000000288__gradient_L9_mos_gapseq	1137	1273	308	bio1	2.128673	0.905002	3.496373
MGYG000000296__gradient_L0_base_gapseq	1300	1444	299	bio1	0.000000	1.113217	0.051927
MGYG000000296__gradient_L1_inulin_gapseq	1300	1444	299	bio1	0.000000	1.017775	0.052084
MGYG000000296__gradient_L2_fos_gapseq	1300	1444	299	bio1	0.000000	1.103263	0.051537
MGYG000000296__gradient_L3_gos_gapseq	1300	1444	299	bio1	1.021753	1.043086	4.116986
MGYG000000296__gradient_L4_xos_gapseq	1300	1444	299	bio1	1.063176	1.164181	4.112483
MGYG000000296__gradient_L5_pectin_gapseq	1300	1444	299	bio1	1.063176	1.095055	4.102227
MGYG000000296__gradient_L6_resistant_starch_gapseq	1300	1444	299	bio1	1.562551	1.043246	4.189729
MGYG000000296__gradient_L7_bglucan_gapseq	1300	1444	299	bio1	1.562551	1.041360	4.110022
MGYG000000296__gradient_L8_hmo_gapseq	1300	1444	299	bio1	1.562551	1.101796	4.111495
MGYG000000296__gradient_L9_mos_gapseq	1300	1444	299	bio1	1.562551	1.112094	4.166781
MGYG000000301__gradient_L0_base_gapseq	1351	1564	424	bio1	0.000000	1.149769	0.059986
MGYG000000301__gradient_L1_inulin_gapseq	1351	1564	424	bio1	0.000000	1.192990	0.061182
MGYG000000301__gradient_L2_fos_gapseq	1351	1564	424	bio1	0.000000	1.189849	0.061544
MGYG000000301__gradient_L3_gos_gapseq	1351	1564	424	bio1	1.093842	1.271246	4.902096
MGYG000000301__gradient_L4_xos_gapseq	1351	1564	424	bio1	1.139876	1.181823	5.015521
MGYG000000301__gradient_L5_pectin_gapseq	1351	1564	424	bio1	1.139876	1.138675	4.983253
MGYG000000301__gradient_L6_resistant_starch_gapseq	1351	1564	424	bio1	1.743775	1.123163	4.885342
MGYG000000301__gradient_L7_bglucan_gapseq	1351	1564	424	bio1	1.743775	1.214821	4.875420
MGYG000000301__gradient_L8_hmo_gapseq	1351	1564	424	bio1	1.743775	1.186652	4.910653
MGYG000000301__gradient_L9_mos_gapseq	1351	1564	424	bio1	1.743775	1.188299	4.963053
MGYG000000303__gradient_L0_base_gapseq	1289	1525	328	bio1	0.000000	1.072190	0.055897
MGYG000000303__gradient_L1_inulin_gapseq	1289	1525	328	bio1	0.000000	1.197816	0.056238
MGYG000000303__gradient_L2_fos_gapseq	1289	1525	328	bio1	0.000000	1.075836	0.055567
MGYG000000303__gradient_L3_gos_gapseq	1289	1525	328	bio1	0.707193	1.177830	4.589528
MGYG000000303__gradient_L4_xos_gapseq	1289	1525	328	bio1	0.770884	1.141095	4.553343
MGYG000000303__gradient_L5_pectin_gapseq	1289	1525	328	bio1	0.770884	1.101516	4.658420
MGYG000000303__gradient_L6_resistant_starch_gapseq	1289	1525	328	bio1	1.287487	1.062588	4.582581
MGYG000000303__gradient_L7_bglucan_gapseq	1289	1525	328	bio1	1.287487	1.146434	4.589792
MGYG000000303__gradient_L8_hmo_gapseq	1289	1525	328	bio1	1.287487	1.137751	4.626981
MGYG000000303__gradient_L9_mos_gapseq	1289	1525	328	bio1	1.391279	1.088966	4.661604
MGYG000000305__gradient_L0_base_gapseq	1104	1191	235	bio1	0.047515	0.828712	2.955518
MGYG000000305__gradient_L1_inulin_gapseq	1104	1191	235	bio1	0.047515	0.933569	2.967546
MGYG000000305__gradient_L2_fos_gapseq	1104	1191	235	bio1	0.047515	0.841453	3.042101
MGYG000000305__gradient_L3_gos_gapseq	1104	1191	235	bio1	0.126301	0.847876	2.964475
MGYG000000305__gradient_L4_xos_gapseq	1104	1191	235	bio1	0.126301	0.877779	3.045192
MGYG000000305__gradient_L5_pectin_gapseq	1104	1191	235	bio1	0.126301	0.865939	2.965740
MGYG000000305__gradient_L6_resistant_starch_gapseq	1104	1191	235	bio1	0.227333	0.940618	2.962529
MGYG000000305__gradient_L7_bglucan_gapseq	1104	1191	235	bio1	0.378894	0.848281	2.964413
MGYG000000305__gradient_L8_hmo_gapseq	1104	1191	235	bio1	0.378894	0.933283	2.965474
MGYG000000305__gradient_L9_mos_gapseq	1104	1191	235	bio1	0.479935	0.849051	3.041972
MGYG000000309__gradient_L0_base_gapseq	1169	1301	312	bio1	0.798368	0.893350	3.523110
MGYG000000309__gradient_L1_inulin_gapseq	1169	1301	312	bio1	1.090981	0.998801	3.535217
MGYG000000309__gradient_L2_fos_gapseq	1169	1301	312	bio1	1.090981	0.932254	3.539147
MGYG000000309__gradient_L3_gos_gapseq	1169	1301	312	bio1	1.305163	0.978693	3.567578
MGYG000000309__gradient_L4_xos_gapseq	1169	1301	312	bio1	1.305163	0.926827	3.614817
MGYG000000309__gradient_L5_pectin_gapseq	1169	1301	312	bio1	1.305163	0.930465	3.524944
MGYG000000309__gradient_L6_resistant_starch_gapseq	1169	1301	312	bio1	1.923168	1.000236	3.534892
MGYG000000309__gradient_L7_bglucan_gapseq	1169	1301	312	bio1	2.130657	0.913364	3.636618
MGYG000000309__gradient_L8_hmo_gapseq	1169	1301	312	bio1	2.130657	0.928141	3.560601
MGYG000000309__gradient_L9_mos_gapseq	1169	1301	312	bio1	2.273445	1.006068	3.534157
MGYG000000319__gradient_L0_base_gapseq	1140	1260	304	bio1	0.665692	0.911049	3.252037
MGYG000000319__gradient_L1_inulin_gapseq	1140	1260	304	bio1	0.857902	1.034277	3.248811
MGYG000000319__gradient_L2_fos_gapseq	1140	1260	304	bio1	0.857902	0.863112	3.330658
MGYG000000319__gradient_L3_gos_gapseq	1140	1260	304	bio1	1.047578	0.903894	3.246177
MGYG000000319__gradient_L4_xos_gapseq	1140	1260	304	bio1	1.047578	0.944770	3.248279
MGYG000000319__gradient_L5_pectin_gapseq	1140	1260	304	bio1	1.047578	0.902750	3.250603
MGYG000000319__gradient_L6_resistant_starch_gapseq	1140	1260	304	bio1	1.443646	1.012483	3.255695
MGYG000000319__gradient_L7_bglucan_gapseq	1140	1260	304	bio1	1.443646	0.888863	3.340818
MGYG000000319__gradient_L8_hmo_gapseq	1140	1260	304	bio1	1.443646	0.902886	3.230610
MGYG000000319__gradient_L9_mos_gapseq	1140	1260	304	bio1	1.443646	0.929059	3.259568
MGYG000000322__gradient_L0_base_gapseq	1371	1580	411	bio1	0.000000	1.161575	0.066751
MGYG000000322__gradient_L1_inulin_gapseq	1371	1580	411	bio1	0.000000	1.218372	0.065835
MGYG000000322__gradient_L2_fos_gapseq	1371	1580	411	bio1	0.000000	1.143512	0.066154
MGYG000000322__gradient_L3_gos_gapseq	1371	1580	411	bio1	1.366314	1.237213	4.991525
MGYG000000322__gradient_L4_xos_gapseq	1371	1580	411	bio1	1.366314	1.242864	5.006557
MGYG000000322__gradient_L5_pectin_gapseq	1371	1580	411	bio1	1.366314	1.172173	5.091892
MGYG000000322__gradient_L6_resistant_starch_gapseq	1371	1580	411	bio1	2.090402	1.172009	4.979568
MGYG000000322__gradient_L7_bglucan_gapseq	1371	1580	411	bio1	2.276100	1.207802	5.013249
MGYG000000322__gradient_L8_hmo_gapseq	1371	1580	411	bio1	2.276100	1.163120	5.003614
MGYG000000322__gradient_L9_mos_gapseq	1371	1580	411	bio1	2.276100	1.223121	5.000805
MGYG000000323__gradient_L0_base_gapseq	1675	2031	645	bio1	0.974852	1.490427	7.862023
MGYG000000323__gradient_L1_inulin_gapseq	1675	2031	645	bio1	1.194024	1.483062	7.902618
MGYG000000323__gradient_L2_fos_gapseq	1675	2031	645	bio1	1.194024	1.499274	7.868695
MGYG000000323__gradient_L3_gos_gapseq	1675	2031	645	bio1	1.385581	1.483583	7.862127
MGYG000000323__gradient_L4_xos_gapseq	1675	2031	645	bio1	1.426628	1.598159	7.842379
MGYG000000323__gradient_L5_pectin_gapseq	1675	2031	645	bio1	1.458555	1.600844	7.800213
MGYG000000323__gradient_L6_resistant_starch_gapseq	1675	2031	645	bio1	1.953408	1.608966	7.802529
MGYG000000323__gradient_L7_bglucan_gapseq	1675	2031	645	bio1	1.953408	1.593579	7.784684
MGYG000000323__gradient_L8_hmo_gapseq	1675	2031	645	bio1	1.953408	1.580234	7.824006
MGYG000000323__gradient_L9_mos_gapseq	1675	2031	645	bio1	2.062869	1.593228	7.806141
MGYG000000330__gradient_L0_base_gapseq	1564	1860	490	bio1	0.501493	1.396819	6.818837
MGYG000000330__gradient_L1_inulin_gapseq	1564	1860	490	bio1	0.577191	1.327788	6.965554
MGYG000000330__gradient_L2_fos_gapseq	1564	1860	490	bio1	0.577191	1.336482	6.955392
MGYG000000330__gradient_L3_gos_gapseq	1564	1860	490	bio1	0.740416	1.329978	6.898175
MGYG000000330__gradient_L4_xos_gapseq	1564	1860	490	bio1	0.839771	1.321964	6.955761
MGYG000000330__gradient_L5_pectin_gapseq	1564	1860	490	bio1	0.839771	1.364885	6.935673
MGYG000000330__gradient_L6_resistant_starch_gapseq	1564	1860	490	bio1	1.204797	1.353940	6.962982
MGYG000000330__gradient_L7_bglucan_gapseq	1564	1860	490	bio1	1.323188	1.347695	6.932588
MGYG000000330__gradient_L8_hmo_gapseq	1564	1860	490	bio1	1.323188	1.324368	6.906601
MGYG000000330__gradient_L9_mos_gapseq	1564	1860	490	bio1	1.323188	1.416739	6.861450
MGYG000000331__gradient_L0_base_gapseq	1165	1302	318	bio1	0.761847	0.932882	3.470120
MGYG000000331__gradient_L1_inulin_gapseq	1165	1302	318	bio1	1.056824	1.024257	3.458966
MGYG000000331__gradient_L2_fos_gapseq	1165	1302	318	bio1	1.056824	0.942991	3.534940
MGYG000000331__gradient_L3_gos_gapseq	1165	1302	318	bio1	1.352379	0.925045	3.461099
MGYG000000331__gradient_L4_xos_gapseq	1165	1302	318	bio1	1.352379	1.001592	3.463623
MGYG000000331__gradient_L5_pectin_gapseq	1165	1302	318	bio1	1.352379	0.944393	3.583767
MGYG000000331__gradient_L6_resistant_starch_gapseq	1165	1302	318	bio1	1.972598	0.935093	3.482084
MGYG000000331__gradient_L7_bglucan_gapseq	1165	1302	318	bio1	1.972598	0.986077	3.474207
MGYG000000331__gradient_L8_hmo_gapseq	1165	1302	318	bio1	1.972598	0.924350	3.546846
MGYG000000331__gradient_L9_mos_gapseq	1165	1302	318	bio1	2.115897	0.935603	3.485074
MGYG000000337__gradient_L0_base_gapseq	1929	2341	750	bio1	0.938823	1.792706	10.629890
MGYG000000337__gradient_L1_inulin_gapseq	1929	2341	750	bio1	1.169921	1.753844	10.664310
MGYG000000337__gradient_L2_fos_gapseq	1929	2341	750	bio1	1.169921	1.784500	10.714873
MGYG000000337__gradient_L3_gos_gapseq	1929	2341	750	bio1	1.393796	1.767986	10.651323
MGYG000000337__gradient_L4_xos_gapseq	1929	2341	750	bio1	1.437127	1.759525	10.589306
MGYG000000337__gradient_L5_pectin_gapseq	1929	2341	750	bio1	1.437127	1.774961	10.753312
MGYG000000337__gradient_L6_resistant_starch_gapseq	1929	2341	750	bio1	1.747664	1.747597	10.676497
MGYG000000337__gradient_L7_bglucan_gapseq	1929	2341	750	bio1	1.747664	1.750814	10.702891
MGYG000000337__gradient_L8_hmo_gapseq	1929	2341	750	bio1	1.747664	1.747688	10.694174
MGYG000000337__gradient_L9_mos_gapseq	1929	2341	750	bio1	1.863213	1.742866	10.685712
MGYG000000354__gradient_L0_base_gapseq	1162	1358	293	bio1	0.240673	1.023310	3.807194
MGYG000000354__gradient_L1_inulin_gapseq	1162	1358	293	bio1	0.401197	0.944333	3.779851
MGYG000000354__gradient_L2_fos_gapseq	1162	1358	293	bio1	0.401197	1.013423	3.787713
MGYG000000354__gradient_L3_gos_gapseq	1162	1358	293	bio1	0.401197	1.045298	3.791801
MGYG000000354__gradient_L4_xos_gapseq	1162	1358	293	bio1	0.401197	0.967978	3.803592
MGYG000000354__gradient_L5_pectin_gapseq	1162	1358	293	bio1	0.401197	1.041881	3.790452
MGYG000000354__gradient_L6_resistant_starch_gapseq	1162	1358	293	bio1	0.766640	0.952940	3.859348
MGYG000000354__gradient_L7_bglucan_gapseq	1162	1358	293	bio1	0.766640	0.948029	3.786530
MGYG000000354__gradient_L8_hmo_gapseq	1162	1358	293	bio1	0.766640	1.042813	3.842382
MGYG000000354__gradient_L9_mos_gapseq	1162	1358	293	bio1	0.888577	0.950294	3.858214
MGYG000000357__gradient_L0_base_gapseq	1171	1314	301	bio1	0.297874	1.033975	3.581703
MGYG000000357__gradient_L1_inulin_gapseq	1171	1314	301	bio1	0.395683	0.918183	3.636900
MGYG000000357__gradient_L2_fos_gapseq	1171	1314	301	bio1	0.395683	0.921230	3.616054
MGYG000000357__gradient_L3_gos_gapseq	1171	1314	301	bio1	0.622423	1.014169	3.557736
MGYG000000357__gradient_L4_xos_gapseq	1171	1314	301	bio1	0.635532	0.914313	3.660186
MGYG000000357__gradient_L5_pectin_gapseq	1171	1314	301	bio1	0.635532	0.945479	3.558124
MGYG000000357__gradient_L6_resistant_starch_gapseq	1171	1314	301	bio1	0.721001	1.006860	3.577765
MGYG000000357__gradient_L7_bglucan_gapseq	1171	1314	301	bio1	0.853429	0.916072	3.571950
MGYG000000357__gradient_L8_hmo_gapseq	1171	1314	301	bio1	0.853429	1.013730	3.564337
MGYG000000357__gradient_L9_mos_gapseq	1171	1314	301	bio1	0.935829	0.905527	3.665613
MGYG000000358__gradient_L0_base_gapseq	1026	1033	184	bio1	0.000000	0.852236	0.036772
MGYG000000358__gradient_L1_inulin_gapseq	1026	1033	184	bio1	1.049006	0.761686	2.223034
MGYG000000358__gradient_L2_fos_gapseq	1026	1033	184	bio1	1.049006	0.733113	2.307937
MGYG000000358__gradient_L3_gos_gapseq	1026	1033	184	bio1	1.151926	0.765198	2.239291
MGYG000000358__gradient_L4_xos_gapseq	1026	1033	184	bio1	1.151926	0.781884	2.315060
MGYG000000358__gradient_L5_pectin_gapseq	1026	1033	184	bio1	1.151926	0.738684	2.227719
MGYG000000358__gradient_L6_resistant_starch_gapseq	1026	1033	184	bio1	1.298300	0.739948	2.301101
MGYG000000358__gradient_L7_bglucan_gapseq	1026	1033	184	bio1	1.298300	0.771627	2.223535
MGYG000000358__gradient_L8_hmo_gapseq	1026	1033	184	bio1	1.298300	0.737674	2.277489
MGYG000000358__gradient_L9_mos_gapseq	1026	1033	184	bio1	1.298300	0.765287	2.214619
MGYG000000363__gradient_L0_base_gapseq	1240	1313	222	bio1	0.000000	0.950819	0.046969
MGYG000000363__gradient_L1_inulin_gapseq	1240	1313	222	bio1	0.000000	0.999194	0.047168
MGYG000000363__gradient_L2_fos_gapseq	1240	1313	222	bio1	0.000000	0.956942	0.047170
MGYG000000363__gradient_L3_gos_gapseq	1240	1313	222	bio1	0.352164	0.963283	3.668839
MGYG000000363__gradient_L4_xos_gapseq	1240	1313	222	bio1	0.352164	0.956764	3.564798
MGYG000000363__gradient_L5_pectin_gapseq	1240	1313	222	bio1	0.352164	1.003212	3.549958
MGYG000000363__gradient_L6_resistant_starch_gapseq	1240	1313	222	bio1	0.730044	0.930603	3.635585
MGYG000000363__gradient_L7_bglucan_gapseq	1240	1313	222	bio1	0.730044	0.949560	3.559048
MGYG000000363__gradient_L8_hmo_gapseq	1240	1313	222	bio1	0.730044	1.003143	3.566373
MGYG000000363__gradient_L9_mos_gapseq	1240	1313	222	bio1	0.771174	0.948480	3.544931
MGYG000000364__gradient_L0_base_gapseq	1319	1487	386	bio1	0.000000	1.090530	0.114451
MGYG000000364__gradient_L1_inulin_gapseq	1319	1487	386	bio1	0.000000	1.103560	0.049955
MGYG000000364__gradient_L2_fos_gapseq	1319	1487	386	bio1	0.000000	1.090611	0.120000
MGYG000000364__gradient_L3_gos_gapseq	1319	1487	386	bio1	0.567272	1.067011	4.346087
MGYG000000364__gradient_L4_xos_gapseq	1319	1487	386	bio1	0.567272	1.175944	4.375585
MGYG000000364__gradient_L5_pectin_gapseq	1319	1487	386	bio1	0.567272	1.093826	4.451496
MGYG000000364__gradient_L6_resistant_starch_gapseq	1319	1487	386	bio1	1.017450	1.083172	4.452419
MGYG000000364__gradient_L7_bglucan_gapseq	1319	1487	386	bio1	1.176284	1.087547	4.374743
MGYG000000364__gradient_L8_hmo_gapseq	1319	1487	386	bio1	1.176284	1.165418	4.370720
MGYG000000364__gradient_L9_mos_gapseq	1319	1487	386	bio1	1.249946	1.100291	4.502056
MGYG000000373__gradient_L0_base_gapseq	1232	1314	277	bio1	0.000000	0.955389	0.042197
MGYG000000373__gradient_L1_inulin_gapseq	1232	1314	277	bio1	0.000000	1.020274	0.040051
MGYG000000373__gradient_L2_fos_gapseq	1232	1314	277	bio1	0.000000	0.960812	0.040139
MGYG000000373__gradient_L3_gos_gapseq	1232	1314	277	bio1	0.129612	0.959317	3.705056
MGYG000000373__gradient_L4_xos_gapseq	1232	1314	277	bio1	0.130074	0.961481	3.604502
MGYG000000373__gradient_L5_pectin_gapseq	1232	1314	277	bio1	0.147724	1.041812	3.603769
MGYG000000373__gradient_L6_resistant_starch_gapseq	1232	1314	277	bio1	0.161153	0.945915	3.692021
MGYG000000373__gradient_L7_bglucan_gapseq	1232	1314	277	bio1	0.169079	0.926097	3.659880
MGYG000000373__gradient_L8_hmo_gapseq	1232	1314	277	bio1	0.169079	1.012608	3.606506
MGYG000000373__gradient_L9_mos_gapseq	1232	1314	277	bio1	0.169079	0.959201	3.706585
MGYG000000375__gradient_L0_base_gapseq	975	924	131	bio1	0.000000	0.754269	0.024828
MGYG000000375__gradient_L1_inulin_gapseq	975	924	131	bio1	0.000000	0.679667	0.026380
MGYG000000375__gradient_L2_fos_gapseq	975	924	131	bio1	0.000000	0.692989	0.026198
MGYG000000375__gradient_L3_gos_gapseq	975	924	131	bio1	0.000000	0.730034	0.027231
MGYG000000375__gradient_L4_xos_gapseq	975	924	131	bio1	0.000000	0.675157	0.026280
MGYG000000375__gradient_L5_pectin_gapseq	975	924	131	bio1	0.000000	0.665709	0.026107
MGYG000000375__gradient_L6_resistant_starch_gapseq	975	924	131	bio1	0.000000	0.745245	0.027843
MGYG000000375__gradient_L7_bglucan_gapseq	975	924	131	bio1	0.000000	0.675290	0.026404
MGYG000000375__gradient_L8_hmo_gapseq	975	924	131	bio1	0.000000	0.682467	0.026591
MGYG000000375__gradient_L9_mos_gapseq	975	924	131	bio1	0.000000	0.765861	0.112031
MGYG000000377__gradient_L0_base_gapseq	1297	1414	332	bio1	0.000000	1.054018	0.050522
MGYG000000377__gradient_L1_inulin_gapseq	1297	1414	332	bio1	0.000000	1.063215	0.051740
MGYG000000377__gradient_L2_fos_gapseq	1297	1414	332	bio1	0.000000	1.149002	0.052280
MGYG000000377__gradient_L3_gos_gapseq	1297	1414	332	bio1	0.000000	1.047463	0.053633
MGYG000000377__gradient_L4_xos_gapseq	1297	1414	332	bio1	0.621660	1.156062	4.047889
MGYG000000377__gradient_L5_pectin_gapseq	1297	1414	332	bio1	0.621660	1.207521	4.106669
MGYG000000377__gradient_L6_resistant_starch_gapseq	1297	1414	332	bio1	0.748370	1.051031	4.135504
MGYG000000377__gradient_L7_bglucan_gapseq	1297	1414	332	bio1	0.930362	1.073306	4.019859
MGYG000000377__gradient_L8_hmo_gapseq	1297	1414	332	bio1	0.930362	1.109780	4.032782
MGYG000000377__gradient_L9_mos_gapseq	1297	1414	332	bio1	0.930362	1.036066	4.103018
MGYG000000386__gradient_L0_base_gapseq	1092	1144	242	bio1	0.000000	0.880496	0.035278
MGYG000000386__gradient_L1_inulin_gapseq	1092	1144	242	bio1	0.000000	0.805959	0.034672
MGYG000000386__gradient_L2_fos_gapseq	1092	1144	242	bio1	0.000000	0.812120	0.109145
MGYG000000386__gradient_L3_gos_gapseq	1092	1144	242	bio1	0.000000	0.831371	0.035740
MGYG000000386__gradient_L4_xos_gapseq	1092	1144	242	bio1	0.000000	0.806139	0.034170
MGYG000000386__gradient_L5_pectin_gapseq	1092	1144	242	bio1	0.000000	0.912179	0.034066
MGYG000000386__gradient_L6_resistant_starch_gapseq	1092	1144	242	bio1	0.461282	0.836305	2.786563
MGYG000000386__gradient_L7_bglucan_gapseq	1092	1144	242	bio1	0.574715	0.932563	2.775250
MGYG000000386__gradient_L8_hmo_gapseq	1092	1144	242	bio1	0.574715	0.787203	2.763572
MGYG000000386__gradient_L9_mos_gapseq	1092	1144	242	bio1	0.582451	0.888396	2.745323
MGYG000000389__gradient_L0_base_gapseq	1402	1631	434	bio1	0.000000	1.206630	0.060902
MGYG000000389__gradient_L1_inulin_gapseq	1402	1631	434	bio1	0.000000	1.272783	0.062086
MGYG000000389__gradient_L2_fos_gapseq	1402	1631	434	bio1	0.000000	1.161294	0.061840
MGYG000000389__gradient_L3_gos_gapseq	1402	1631	434	bio1	0.580636	1.273042	5.199087
MGYG000000389__gradient_L4_xos_gapseq	1402	1631	434	bio1	0.620989	1.318709	5.181398
MGYG000000389__gradient_L5_pectin_gapseq	1402	1631	434	bio1	0.620989	1.234151	5.216481
MGYG000000389__gradient_L6_resistant_starch_gapseq	1402	1631	434	bio1	1.029085	1.179123	5.274974
MGYG000000389__gradient_L7_bglucan_gapseq	1402	1631	434	bio1	1.170572	1.184735	5.286338
MGYG000000389__gradient_L8_hmo_gapseq	1402	1631	434	bio1	1.170572	1.182899	5.212261
MGYG000000389__gradient_L9_mos_gapseq	1402	1631	434	bio1	1.233537	1.300093	5.189374
MGYG000000391__gradient_L0_base_gapseq	809	855	174	bio1	0.389554	0.569265	1.623604
MGYG000000391__gradient_L1_inulin_gapseq	809	855	174	bio1	0.676127	0.578705	1.619773
MGYG000000391__gradient_L2_fos_gapseq	809	855	174	bio1	0.676127	0.646114	1.627413
MGYG000000391__gradient_L3_gos_gapseq	809	855	174	bio1	0.944791	0.572968	1.623703
MGYG000000391__gradient_L4_xos_gapseq	809	855	174	bio1	0.944791	0.576569	1.688781
MGYG000000391__gradient_L5_pectin_gapseq	809	855	174	bio1	0.976135	0.583264	1.617244
MGYG000000391__gradient_L6_resistant_starch_gapseq	809	855	174	bio1	1.531457	0.573787	1.623357
MGYG000000391__gradient_L7_bglucan_gapseq	809	855	174	bio1	1.531457	0.624731	1.616990
MGYG000000391__gradient_L8_hmo_gapseq	809	855	174	bio1	1.531457	0.584420	1.613828
MGYG000000391__gradient_L9_mos_gapseq	809	855	174	bio1	1.531457	0.570014	1.617500
MGYG000000398__gradient_L0_base_gapseq	1515	1668	402	bio1	0.000000	1.204611	0.074352
MGYG000000398__gradient_L1_inulin_gapseq	1515	1668	402	bio1	0.000000	1.278051	0.074013
MGYG000000398__gradient_L2_fos_gapseq	1515	1668	402	bio1	0.000000	1.206046	0.153575
MGYG000000398__gradient_L3_gos_gapseq	1515	1668	402	bio1	0.975661	1.211796	5.527432
MGYG000000398__gradient_L4_xos_gapseq	1515	1668	402	bio1	0.975661	1.290975	5.543068
MGYG000000398__gradient_L5_pectin_gapseq	1515	1668	402	bio1	0.975661	1.309056	5.541737
MGYG000000398__gradient_L6_resistant_starch_gapseq	1515	1668	402	bio1	1.565030	1.311341	5.540263
MGYG000000398__gradient_L7_bglucan_gapseq	1515	1668	402	bio1	1.762518	1.230310	5.644418
MGYG000000398__gradient_L8_hmo_gapseq	1515	1668	402	bio1	1.762518	1.225204	5.612855
MGYG000000398__gradient_L9_mos_gapseq	1515	1668	402	bio1	1.762518	1.247136	5.579315
MGYG000000400__gradient_L0_base_gapseq	1234	1358	297	bio1	0.000000	0.985467	0.043315
MGYG000000400__gradient_L1_inulin_gapseq	1234	1358	297	bio1	0.202525	1.041195	3.731399
MGYG000000400__gradient_L2_fos_gapseq	1234	1358	297	bio1	0.202525	0.954716	3.732916
MGYG000000400__gradient_L3_gos_gapseq	1234	1358	297	bio1	0.269781	1.086387	3.745097
MGYG000000400__gradient_L4_xos_gapseq	1234	1358	297	bio1	0.269781	1.045048	3.733390
MGYG000000400__gradient_L5_pectin_gapseq	1234	1358	297	bio1	0.296063	0.946854	3.746219
MGYG000000400__gradient_L6_resistant_starch_gapseq	1234	1358	297	bio1	0.384351	1.055153	3.727005
MGYG000000400__gradient_L7_bglucan_gapseq	1234	1358	297	bio1	0.384351	0.936237	3.809666
MGYG000000400__gradient_L8_hmo_gapseq	1234	1358	297	bio1	0.384351	0.955531	3.775108
MGYG000000400__gradient_L9_mos_gapseq	1234	1358	297	bio1	0.470445	1.058434	3.754363
MGYG000000413__gradient_L0_base_gapseq	1333	1430	354	bio1	0.000000	1.150060	0.048674
MGYG000000413__gradient_L1_inulin_gapseq	1333	1430	354	bio1	0.000000	1.040076	0.049128
MGYG000000413__gradient_L2_fos_gapseq	1333	1430	354	bio1	0.000000	1.102104	0.049412
MGYG000000413__gradient_L3_gos_gapseq	1333	1430	354	bio1	0.000000	1.043651	0.048587
MGYG000000413__gradient_L4_xos_gapseq	1333	1430	354	bio1	0.000000	1.115238	0.048992
MGYG000000413__gradient_L5_pectin_gapseq	1333	1430	354	bio1	0.000000	1.036285	0.049679
MGYG000000413__gradient_L6_resistant_starch_gapseq	1333	1430	354	bio1	0.000000	1.149358	0.049533
MGYG000000413__gradient_L7_bglucan_gapseq	1333	1430	354	bio1	0.000000	1.045907	0.048607
MGYG000000413__gradient_L8_hmo_gapseq	1333	1430	354	bio1	0.000000	1.125099	0.049115
MGYG000000413__gradient_L9_mos_gapseq	1333	1430	354	bio1	0.000000	1.077510	0.049382
MGYG000000414__gradient_L0_base_gapseq	1324	1517	363	bio1	0.000000	1.182334	0.057651
MGYG000000414__gradient_L1_inulin_gapseq	1324	1517	363	bio1	0.000000	1.054896	0.058829
MGYG000000414__gradient_L2_fos_gapseq	1324	1517	363	bio1	0.000000	1.168092	0.059403
MGYG000000414__gradient_L3_gos_gapseq	1324	1517	363	bio1	0.000000	1.060608	0.059518
MGYG000000414__gradient_L4_xos_gapseq	1324	1517	363	bio1	0.486463	1.150616	4.719868
MGYG000000414__gradient_L5_pectin_gapseq	1324	1517	363	bio1	0.518052	1.210672	4.756675
MGYG000000414__gradient_L6_resistant_starch_gapseq	1324	1517	363	bio1	0.619138	1.098893	4.816863
MGYG000000414__gradient_L7_bglucan_gapseq	1324	1517	363	bio1	0.619138	1.083543	4.688473
MGYG000000414__gradient_L8_hmo_gapseq	1324	1517	363	bio1	0.619138	1.165364	4.691968
MGYG000000414__gradient_L9_mos_gapseq	1324	1517	363	bio1	0.720223	1.169534	4.729365
MGYG000000415__gradient_L0_base_gapseq	1368	1513	386	bio1	0.208667	1.174806	4.586608
MGYG000000415__gradient_L1_inulin_gapseq	1368	1513	386	bio1	0.305237	1.087936	4.745044
MGYG000000415__gradient_L2_fos_gapseq	1368	1513	386	bio1	0.305237	1.093890	4.678997
MGYG000000415__gradient_L3_gos_gapseq	1368	1513	386	bio1	0.375190	1.063870	4.611457
MGYG000000415__gradient_L4_xos_gapseq	1368	1513	386	bio1	0.524168	1.194416	4.583303
MGYG000000415__gradient_L5_pectin_gapseq	1368	1513	386	bio1	0.555937	1.150303	4.635388
MGYG000000415__gradient_L6_resistant_starch_gapseq	1368	1513	386	bio1	0.655780	1.104107	4.681373
MGYG000000415__gradient_L7_bglucan_gapseq	1368	1513	386	bio1	0.655780	1.102179	4.604461
MGYG000000415__gradient_L8_hmo_gapseq	1368	1513	386	bio1	0.655780	1.183642	4.608503
MGYG000000415__gradient_L9_mos_gapseq	1368	1513	386	bio1	0.755624	1.172519	4.616594
MGYG000000416__gradient_L0_base_gapseq	1056	1090	218	bio1	0.000000	0.870960	0.029694
MGYG000000416__gradient_L1_inulin_gapseq	1056	1090	218	bio1	0.000000	0.778629	0.029653
MGYG000000416__gradient_L2_fos_gapseq	1056	1090	218	bio1	0.000000	0.825189	0.029659
MGYG000000416__gradient_L3_gos_gapseq	1056	1090	218	bio1	0.229929	0.788420	2.494542
MGYG000000416__gradient_L4_xos_gapseq	1056	1090	218	bio1	0.229929	0.793947	2.598803
MGYG000000416__gradient_L5_pectin_gapseq	1056	1090	218	bio1	0.229929	0.772108	2.508006
MGYG000000416__gradient_L6_resistant_starch_gapseq	1056	1090	218	bio1	0.229929	0.793622	2.576434
MGYG000000416__gradient_L7_bglucan_gapseq	1056	1090	218	bio1	0.229929	0.787013	2.491582
MGYG000000416__gradient_L8_hmo_gapseq	1056	1090	218	bio1	0.229929	0.777703	2.584203
MGYG000000416__gradient_L9_mos_gapseq	1056	1090	218	bio1	0.229929	0.788104	2.484025
MGYG000000418__gradient_L0_base_gapseq	1242	1345	293	bio1	0.667602	0.971147	3.876650
MGYG000000418__gradient_L1_inulin_gapseq	1242	1345	293	bio1	0.762359	0.966240	3.771188
MGYG000000418__gradient_L2_fos_gapseq	1242	1345	293	bio1	0.762359	1.049272	3.771755
MGYG000000418__gradient_L3_gos_gapseq	1242	1345	293	bio1	0.833425	0.954429	3.870523
MGYG000000418__gradient_L4_xos_gapseq	1242	1345	293	bio1	0.833425	0.990963	3.766376
MGYG000000418__gradient_L5_pectin_gapseq	1242	1345	293	bio1	0.863575	1.062551	3.770465
MGYG000000418__gradient_L6_resistant_starch_gapseq	1242	1345	293	bio1	1.106924	0.947390	3.848538
MGYG000000418__gradient_L7_bglucan_gapseq	1242	1345	293	bio1	1.106924	0.944656	3.776714
MGYG000000418__gradient_L8_hmo_gapseq	1242	1345	293	bio1	1.106924	1.027799	3.779652
MGYG000000418__gradient_L9_mos_gapseq	1242	1345	293	bio1	1.198128	0.980829	3.848770
MGYG000000419__gradient_L0_base_gapseq	681	635	89	bio1	0.000000	0.431390	0.015051
MGYG000000419__gradient_L1_inulin_gapseq	681	635	89	bio1	0.195670	0.425322	0.970539
MGYG000000419__gradient_L2_fos_gapseq	681	635	89	bio1	0.195670	0.430792	1.075423
MGYG000000419__gradient_L3_gos_gapseq	681	635	89	bio1	0.195670	0.434043	0.965801
MGYG000000419__gradient_L4_xos_gapseq	681	635	89	bio1	0.195670	0.433472	0.969295
MGYG000000419__gradient_L5_pectin_gapseq	681	635	89	bio1	0.195670	0.430291	0.958600
MGYG000000419__gradient_L6_resistant_starch_gapseq	681	635	89	bio1	0.195670	0.422148	1.039715
MGYG000000419__gradient_L7_bglucan_gapseq	681	635	89	bio1	0.195670	0.431280	0.970775
MGYG000000419__gradient_L8_hmo_gapseq	681	635	89	bio1	0.195670	0.429050	0.971040
MGYG000000419__gradient_L9_mos_gapseq	681	635	89	bio1	0.195670	0.433431	0.968867
MGYG000000423__gradient_L0_base_gapseq	900	857	135	bio1	0.000000	0.605010	0.019904
MGYG000000423__gradient_L1_inulin_gapseq	900	857	135	bio1	0.000000	0.680008	0.020432
MGYG000000423__gradient_L2_fos_gapseq	900	857	135	bio1	0.000000	0.621776	0.020647
MGYG000000423__gradient_L3_gos_gapseq	900	857	135	bio1	0.000000	0.610122	0.020259
MGYG000000423__gradient_L4_xos_gapseq	900	857	135	bio1	0.000000	0.596285	0.020313
MGYG000000423__gradient_L5_pectin_gapseq	900	857	135	bio1	0.000000	0.703055	0.020469
MGYG000000423__gradient_L6_resistant_starch_gapseq	900	857	135	bio1	0.000000	0.636354	0.024650
MGYG000000423__gradient_L7_bglucan_gapseq	900	857	135	bio1	0.000000	0.666700	0.024868
MGYG000000423__gradient_L8_hmo_gapseq	900	857	135	bio1	0.000000	0.615722	0.103658
MGYG000000423__gradient_L9_mos_gapseq	900	857	135	bio1	0.000000	0.602028	0.026368
MGYG000000433__gradient_L0_base_gapseq	853	874	178	bio1	0.000000	0.680955	0.025968
MGYG000000433__gradient_L1_inulin_gapseq	853	874	178	bio1	0.000000	0.590362	0.025980
MGYG000000433__gradient_L2_fos_gapseq	853	874	178	bio1	0.000000	0.601675	0.026305
MGYG000000433__gradient_L3_gos_gapseq	853	874	178	bio1	0.000000	0.652294	0.025976
MGYG000000433__gradient_L4_xos_gapseq	853	874	178	bio1	0.000000	0.660420	0.026314
MGYG000000433__gradient_L5_pectin_gapseq	853	874	178	bio1	0.000000	0.625558	0.025991
MGYG000000433__gradient_L6_resistant_starch_gapseq	853	874	178	bio1	0.000000	0.606299	0.027459
MGYG000000433__gradient_L7_bglucan_gapseq	853	874	178	bio1	0.000000	0.668628	0.026605
MGYG000000433__gradient_L8_hmo_gapseq	853	874	178	bio1	0.000000	0.632595	0.026604
MGYG000000433__gradient_L9_mos_gapseq	853	874	178	bio1	0.000000	0.636363	0.026352
MGYG000000435__gradient_L0_base_gapseq	912	974	206	bio1	0.000000	0.691388	0.029056
MGYG000000435__gradient_L1_inulin_gapseq	912	974	206	bio1	0.335856	0.683363	2.102737
MGYG000000435__gradient_L2_fos_gapseq	912	974	206	bio1	0.335856	0.673189	1.998579
MGYG000000435__gradient_L3_gos_gapseq	912	974	206	bio1	0.614983	0.687833	2.007527
MGYG000000435__gradient_L4_xos_gapseq	912	974	206	bio1	0.678525	0.749086	1.999456
MGYG000000435__gradient_L5_pectin_gapseq	912	974	206	bio1	0.728449	0.700592	2.013059
MGYG000000435__gradient_L6_resistant_starch_gapseq	912	974	206	bio1	1.343729	0.743551	1.990019
MGYG000000435__gradient_L7_bglucan_gapseq	912	974	206	bio1	1.556918	0.680516	2.039715
MGYG000000435__gradient_L8_hmo_gapseq	912	974	206	bio1	1.556918	0.746455	1.997747
MGYG000000435__gradient_L9_mos_gapseq	912	974	206	bio1	1.660282	0.679537	2.000664
MGYG000000436__gradient_L0_base_gapseq	1260	1373	249	bio1	0.000000	0.971630	0.135304
MGYG000000436__gradient_L1_inulin_gapseq	1260	1373	249	bio1	0.000000	0.972473	0.056290
MGYG000000436__gradient_L2_fos_gapseq	1260	1373	249	bio1	0.000000	1.012184	0.056037
MGYG000000436__gradient_L3_gos_gapseq	1260	1373	249	bio1	0.935054	1.059509	3.939945
MGYG000000436__gradient_L4_xos_gapseq	1260	1373	249	bio1	0.942020	0.986422	4.059432
MGYG000000436__gradient_L5_pectin_gapseq	1260	1373	249	bio1	0.942020	0.978405	3.910765
MGYG000000436__gradient_L6_resistant_starch_gapseq	1260	1373	249	bio1	1.564974	1.092303	3.940465
MGYG000000436__gradient_L7_bglucan_gapseq	1260	1373	249	bio1	1.564974	0.984533	4.016052
MGYG000000436__gradient_L8_hmo_gapseq	1260	1373	249	bio1	1.564974	0.967686	3.938098
MGYG000000436__gradient_L9_mos_gapseq	1260	1373	249	bio1	1.698942	1.073183	3.926641
MGYG000000440__gradient_L0_base_gapseq	989	1062	235	bio1	0.000000	0.745165	0.035112
MGYG000000440__gradient_L1_inulin_gapseq	989	1062	235	bio1	0.000000	0.914934	0.035494
MGYG000000440__gradient_L2_fos_gapseq	989	1062	235	bio1	0.000000	0.749534	0.036749
MGYG000000440__gradient_L3_gos_gapseq	989	1062	235	bio1	0.000000	0.745223	0.037372
MGYG000000440__gradient_L4_xos_gapseq	989	1062	235	bio1	0.467484	0.802140	2.354611
MGYG000000440__gradient_L5_pectin_gapseq	989	1062	235	bio1	0.467484	0.752622	2.340870
MGYG000000440__gradient_L6_resistant_starch_gapseq	989	1062	235	bio1	1.241187	0.850658	2.358025
MGYG000000440__gradient_L7_bglucan_gapseq	989	1062	235	bio1	1.241187	0.755039	2.365347
MGYG000000440__gradient_L8_hmo_gapseq	989	1062	235	bio1	1.241187	0.844273	2.356186
MGYG000000440__gradient_L9_mos_gapseq	989	1062	235	bio1	1.384316	0.818486	2.362967
MGYG000000442__gradient_L0_base_gapseq	1390	1512	419	bio1	0.484874	1.107502	4.699391
MGYG000000442__gradient_L1_inulin_gapseq	1390	1512	419	bio1	0.484874	1.181210	4.679295
MGYG000000442__gradient_L2_fos_gapseq	1390	1512	419	bio1	0.484874	1.197840	4.709354
MGYG000000442__gradient_L3_gos_gapseq	1390	1512	419	bio1	0.561070	1.112529	4.790131
MGYG000000442__gradient_L4_xos_gapseq	1390	1512	419	bio1	0.561070	1.108648	4.699493
MGYG000000442__gradient_L5_pectin_gapseq	1390	1512	419	bio1	0.593396	1.207206	4.668283
MGYG000000442__gradient_L6_resistant_starch_gapseq	1390	1512	419	bio1	0.667283	1.199621	4.681528
MGYG000000442__gradient_L7_bglucan_gapseq	1390	1512	419	bio1	0.667283	1.121593	4.754145
MGYG000000442__gradient_L8_hmo_gapseq	1390	1512	419	bio1	0.667283	1.137737	4.752706
MGYG000000442__gradient_L9_mos_gapseq	1390	1512	419	bio1	0.667283	1.119376	4.655886
MGYG000000443__gradient_L0_base_gapseq	1146	1245	245	bio1	0.000000	0.925840	0.042929
MGYG000000443__gradient_L1_inulin_gapseq	1146	1245	245	bio1	0.000000	0.888296	0.045241
MGYG000000443__gradient_L2_fos_gapseq	1146	1245	245	bio1	0.000000	0.890514	0.044094
MGYG000000443__gradient_L3_gos_gapseq	1146	1245	245	bio1	0.000000	0.971328	0.044918
MGYG000000443__gradient_L4_xos_gapseq	1146	1245	245	bio1	0.000000	0.890393	0.044214
MGYG000000443__gradient_L5_pectin_gapseq	1146	1245	245	bio1	0.000000	0.967620	0.045550
MGYG000000443__gradient_L6_resistant_starch_gapseq	1146	1245	245	bio1	0.000000	0.895528	0.043687
MGYG000000443__gradient_L7_bglucan_gapseq	1146	1245	245	bio1	0.000000	0.883654	0.044008
MGYG000000443__gradient_L8_hmo_gapseq	1146	1245	245	bio1	0.000000	0.937983	0.043754
MGYG000000443__gradient_L9_mos_gapseq	1146	1245	245	bio1	0.000000	0.885357	0.045205
MGYG000000447__gradient_L0_base_gapseq	1174	1225	215	bio1	0.000000	0.935884	0.039410
MGYG000000447__gradient_L1_inulin_gapseq	1174	1225	215	bio1	0.566055	0.865674	3.046963
MGYG000000447__gradient_L2_fos_gapseq	1174	1225	215	bio1	0.566055	0.964394	3.030019
MGYG000000447__gradient_L3_gos_gapseq	1174	1225	215	bio1	0.566055	0.894280	3.042491
MGYG000000447__gradient_L4_xos_gapseq	1174	1225	215	bio1	0.566055	0.946090	3.046726
MGYG000000447__gradient_L5_pectin_gapseq	1174	1225	215	bio1	0.566055	0.903740	3.118285
MGYG000000447__gradient_L6_resistant_starch_gapseq	1174	1225	215	bio1	0.701418	0.872783	3.048425
MGYG000000447__gradient_L7_bglucan_gapseq	1174	1225	215	bio1	0.701418	0.944249	3.054950
MGYG000000447__gradient_L8_hmo_gapseq	1174	1225	215	bio1	0.701418	0.910973	3.048883
MGYG000000447__gradient_L9_mos_gapseq	1174	1225	215	bio1	0.836782	0.962979	3.042671
MGYG000000449__gradient_L0_base_gapseq	877	828	125	bio1	0.000000	0.594169	0.019913
MGYG000000449__gradient_L1_inulin_gapseq	877	828	125	bio1	0.000000	0.667318	0.022698
MGYG000000449__gradient_L2_fos_gapseq	877	828	125	bio1	0.000000	0.588836	0.022386
MGYG000000449__gradient_L3_gos_gapseq	877	828	125	bio1	0.000000	0.694170	0.022432
MGYG000000449__gradient_L4_xos_gapseq	877	828	125	bio1	0.000000	0.612798	0.117748
MGYG000000449__gradient_L5_pectin_gapseq	877	828	125	bio1	0.000000	0.597977	0.023843
MGYG000000449__gradient_L6_resistant_starch_gapseq	877	828	125	bio1	0.000000	0.595862	0.023289
MGYG000000449__gradient_L7_bglucan_gapseq	877	828	125	bio1	0.000000	0.588529	0.022625
MGYG000000449__gradient_L8_hmo_gapseq	877	828	125	bio1	0.000000	0.691493	0.022727
MGYG000000449__gradient_L9_mos_gapseq	877	828	125	bio1	0.000000	0.575471	0.022677
MGYG000000453__gradient_L0_base_gapseq	1151	1277	283	bio1	0.223322	0.919785	3.402260
MGYG000000453__gradient_L1_inulin_gapseq	1151	1277	283	bio1	0.366209	1.051481	3.428064
MGYG000000453__gradient_L2_fos_gapseq	1151	1277	283	bio1	0.366209	0.895989	3.476484
MGYG000000453__gradient_L3_gos_gapseq	1151	1277	283	bio1	0.455289	0.905349	3.410778
MGYG000000453__gradient_L4_xos_gapseq	1151	1277	283	bio1	0.538146	0.975073	3.402626
MGYG000000453__gradient_L5_pectin_gapseq	1151	1277	283	bio1	0.538146	0.908788	3.476575
MGYG000000453__gradient_L6_resistant_starch_gapseq	1151	1277	283	bio1	1.017239	0.916994	3.402016
MGYG000000453__gradient_L7_bglucan_gapseq	1151	1277	283	bio1	1.167232	0.911301	3.465430
MGYG000000453__gradient_L8_hmo_gapseq	1151	1277	283	bio1	1.167232	0.914129	3.405956
MGYG000000453__gradient_L9_mos_gapseq	1151	1277	283	bio1	1.212838	1.038085	3.418887
MGYG000000462__gradient_L0_base_gapseq	1126	1225	253	bio1	0.000000	0.866594	0.038048
MGYG000000462__gradient_L1_inulin_gapseq	1126	1225	253	bio1	0.098338	0.950071	3.235716
MGYG000000462__gradient_L2_fos_gapseq	1126	1225	253	bio1	0.098338	0.865992	3.316407
MGYG000000462__gradient_L3_gos_gapseq	1126	1225	253	bio1	0.098338	0.874028	3.229944
MGYG000000462__gradient_L4_xos_gapseq	1126	1225	253	bio1	0.098338	0.908297	3.221560
MGYG000000462__gradient_L5_pectin_gapseq	1126	1225	253	bio1	0.098338	0.864058	3.226005
MGYG000000462__gradient_L6_resistant_starch_gapseq	1126	1225	253	bio1	0.098338	0.944411	3.230045
MGYG000000462__gradient_L7_bglucan_gapseq	1126	1225	253	bio1	0.098338	0.865031	3.309546
MGYG000000462__gradient_L8_hmo_gapseq	1126	1225	253	bio1	0.098338	0.872333	3.242591
MGYG000000462__gradient_L9_mos_gapseq	1126	1225	253	bio1	0.098338	0.922031	3.267506
MGYG000000463__gradient_L0_base_gapseq	957	1049	192	bio1	0.000000	0.728272	0.030805
MGYG000000463__gradient_L1_inulin_gapseq	957	1049	192	bio1	0.000000	0.790615	0.031385
MGYG000000463__gradient_L2_fos_gapseq	957	1049	192	bio1	0.000000	0.739138	0.030958
MGYG000000463__gradient_L3_gos_gapseq	957	1049	192	bio1	0.656121	0.716662	2.222788
MGYG000000463__gradient_L4_xos_gapseq	957	1049	192	bio1	0.656121	0.790194	2.236121
MGYG000000463__gradient_L5_pectin_gapseq	957	1049	192	bio1	0.720448	0.722569	2.277873
MGYG000000463__gradient_L6_resistant_starch_gapseq	957	1049	192	bio1	1.020846	0.801044	2.213272
MGYG000000463__gradient_L7_bglucan_gapseq	957	1049	192	bio1	1.020846	0.720983	2.245139
MGYG000000463__gradient_L8_hmo_gapseq	957	1049	192	bio1	1.020846	0.799771	2.235781
MGYG000000463__gradient_L9_mos_gapseq	957	1049	192	bio1	1.020846	0.727646	2.227738
MGYG000000464__gradient_L0_base_gapseq	1056	1069	184	bio1	0.000000	0.846668	0.031965
MGYG000000464__gradient_L1_inulin_gapseq	1056	1069	184	bio1	0.279341	0.772757	2.383395
MGYG000000464__gradient_L2_fos_gapseq	1056	1069	184	bio1	0.279341	0.768346	2.495118
MGYG000000464__gradient_L3_gos_gapseq	1056	1069	184	bio1	0.279341	0.768481	2.376221
MGYG000000464__gradient_L4_xos_gapseq	1056	1069	184	bio1	0.279341	0.769741	2.469468
MGYG000000464__gradient_L5_pectin_gapseq	1056	1069	184	bio1	0.279341	0.761455	2.378520
MGYG000000464__gradient_L6_resistant_starch_gapseq	1056	1069	184	bio1	0.419659	0.762513	2.438311
MGYG000000464__gradient_L7_bglucan_gapseq	1056	1069	184	bio1	0.419659	0.765243	2.384785
MGYG000000464__gradient_L8_hmo_gapseq	1056	1069	184	bio1	0.419659	0.771814	2.451627
MGYG000000464__gradient_L9_mos_gapseq	1056	1069	184	bio1	0.534115	0.762355	2.400658
MGYG000000474__gradient_L0_base_gapseq	1005	1004	217	bio1	0.000000	0.719014	0.025721
MGYG000000474__gradient_L1_inulin_gapseq	1005	1004	217	bio1	0.060809	0.802501	2.182875
MGYG000000474__gradient_L2_fos_gapseq	1005	1004	217	bio1	0.060809	0.720434	2.105351
MGYG000000474__gradient_L3_gos_gapseq	1005	1004	217	bio1	0.060809	0.760086	2.103342
MGYG000000474__gradient_L4_xos_gapseq	1005	1004	217	bio1	0.060809	0.812375	2.095557
MGYG000000474__gradient_L5_pectin_gapseq	1005	1004	217	bio1	0.060809	0.726195	2.092339
MGYG000000474__gradient_L6_resistant_starch_gapseq	1005	1004	217	bio1	0.060809	0.768927	2.107321
MGYG000000474__gradient_L7_bglucan_gapseq	1005	1004	217	bio1	0.060809	0.718246	2.102239
MGYG000000474__gradient_L8_hmo_gapseq	1005	1004	217	bio1	0.060809	0.830513	2.096344
MGYG000000474__gradient_L9_mos_gapseq	1005	1004	217	bio1	0.060809	0.733898	2.103070
MGYG000000482__gradient_L0_base_gapseq	692	652	93	bio1	0.000000	0.443570	0.014537
MGYG000000482__gradient_L1_inulin_gapseq	692	652	93	bio1	0.000000	0.452284	0.018730
MGYG000000482__gradient_L2_fos_gapseq	692	652	93	bio1	0.000000	0.520295	0.018607
MGYG000000482__gradient_L3_gos_gapseq	692	652	93	bio1	0.000000	0.437230	0.019306
MGYG000000482__gradient_L4_xos_gapseq	692	652	93	bio1	0.000000	0.447279	0.019244
MGYG000000482__gradient_L5_pectin_gapseq	692	652	93	bio1	0.000000	0.450478	0.019435
MGYG000000482__gradient_L6_resistant_starch_gapseq	692	652	93	bio1	0.000000	0.442716	0.018609
MGYG000000482__gradient_L7_bglucan_gapseq	692	652	93	bio1	0.000000	0.540421	0.018855
MGYG000000482__gradient_L8_hmo_gapseq	692	652	93	bio1	0.000000	0.456991	0.018722
MGYG000000482__gradient_L9_mos_gapseq	692	652	93	bio1	0.000000	0.461730	0.018420
MGYG000000489__gradient_L0_base_gapseq	1372	1592	405	bio1	0.250295	1.173631	5.214694
MGYG000000489__gradient_L1_inulin_gapseq	1372	1592	405	bio1	0.520901	1.172950	5.134539
MGYG000000489__gradient_L2_fos_gapseq	1372	1592	405	bio1	0.520901	1.238556	5.134698
MGYG000000489__gradient_L3_gos_gapseq	1372	1592	405	bio1	0.765237	1.243139	5.129934
MGYG000000489__gradient_L4_xos_gapseq	1372	1592	405	bio1	0.884468	1.243766	5.129265
MGYG000000489__gradient_L5_pectin_gapseq	1372	1592	405	bio1	0.884468	1.171072	5.223382
MGYG000000489__gradient_L6_resistant_starch_gapseq	1372	1592	405	bio1	1.368966	1.113544	5.122796
MGYG000000489__gradient_L7_bglucan_gapseq	1372	1592	405	bio1	1.543043	1.246653	5.142925
MGYG000000489__gradient_L8_hmo_gapseq	1372	1592	405	bio1	1.543043	1.220435	5.117794
MGYG000000489__gradient_L9_mos_gapseq	1372	1592	405	bio1	1.543043	1.115915	5.201512
MGYG000000494__gradient_L0_base_gapseq	811	776	123	bio1	0.000000	0.620429	0.017718
MGYG000000494__gradient_L1_inulin_gapseq	811	776	123	bio1	0.000000	0.547529	0.019853
MGYG000000494__gradient_L2_fos_gapseq	811	776	123	bio1	0.000000	0.594565	0.019770
MGYG000000494__gradient_L3_gos_gapseq	811	776	123	bio1	0.000000	0.579294	0.020657
MGYG000000494__gradient_L4_xos_gapseq	811	776	123	bio1	0.000000	0.671716	0.021090
MGYG000000494__gradient_L5_pectin_gapseq	811	776	123	bio1	0.000000	0.555353	0.019795
MGYG000000494__gradient_L6_resistant_starch_gapseq	811	776	123	bio1	0.000000	0.556328	0.019805
MGYG000000494__gradient_L7_bglucan_gapseq	811	776	123	bio1	0.000000	0.549543	0.019628
MGYG000000494__gradient_L8_hmo_gapseq	811	776	123	bio1	0.000000	0.546444	0.103770
MGYG000000494__gradient_L9_mos_gapseq	811	776	123	bio1	0.000000	0.548631	0.019828
MGYG000000496__gradient_L0_base_gapseq	664	633	98	bio1	0.000000	0.426091	0.015041
MGYG000000496__gradient_L1_inulin_gapseq	664	633	98	bio1	0.000000	0.440256	0.015843
MGYG000000496__gradient_L2_fos_gapseq	664	633	98	bio1	0.000000	0.431279	0.015838
MGYG000000496__gradient_L3_gos_gapseq	664	633	98	bio1	0.000000	0.430569	0.098003
MGYG000000496__gradient_L4_xos_gapseq	664	633	98	bio1	0.000000	0.424241	0.015260
MGYG000000496__gradient_L5_pectin_gapseq	664	633	98	bio1	0.000000	0.432230	0.015290
MGYG000000496__gradient_L6_resistant_starch_gapseq	664	633	98	bio1	0.000000	0.433494	0.015210
MGYG000000496__gradient_L7_bglucan_gapseq	664	633	98	bio1	0.000000	0.427858	0.015336
MGYG000000496__gradient_L8_hmo_gapseq	664	633	98	bio1	0.000000	0.447910	0.015266
MGYG000000496__gradient_L9_mos_gapseq	664	633	98	bio1	0.000000	0.524129	0.015326
MGYG000000504__gradient_L0_base_gapseq	1243	1379	293	bio1	0.000000	0.973330	0.047724
MGYG000000504__gradient_L1_inulin_gapseq	1243	1379	293	bio1	0.000000	0.978562	0.141911
MGYG000000504__gradient_L2_fos_gapseq	1243	1379	293	bio1	0.000000	0.989134	0.047673
MGYG000000504__gradient_L3_gos_gapseq	1243	1379	293	bio1	0.476833	0.985973	3.965213
MGYG000000504__gradient_L4_xos_gapseq	1243	1379	293	bio1	0.515330	0.974246	3.816081
MGYG000000504__gradient_L5_pectin_gapseq	1243	1379	293	bio1	0.515330	1.029464	3.799012
MGYG000000504__gradient_L6_resistant_starch_gapseq	1243	1379	293	bio1	0.611768	0.984580	3.860699
MGYG000000504__gradient_L7_bglucan_gapseq	1243	1379	293	bio1	0.611768	0.981208	3.776208
MGYG000000504__gradient_L8_hmo_gapseq	1243	1379	293	bio1	0.611768	1.053989	3.770747
MGYG000000504__gradient_L9_mos_gapseq	1243	1379	293	bio1	0.699164	0.975743	3.927615
MGYG000000508__gradient_L0_base_gapseq	926	989	203	bio1	0.000000	0.726840	0.030453
MGYG000000508__gradient_L1_inulin_gapseq	926	989	203	bio1	0.000000	0.757568	0.032349
MGYG000000508__gradient_L2_fos_gapseq	926	989	203	bio1	0.000000	0.690503	0.032346
MGYG000000508__gradient_L3_gos_gapseq	926	989	203	bio1	0.798626	0.689120	2.048295
MGYG000000508__gradient_L4_xos_gapseq	926	989	203	bio1	0.798626	0.746070	2.045606
MGYG000000508__gradient_L5_pectin_gapseq	926	989	203	bio1	0.847704	0.691816	2.045661
MGYG000000508__gradient_L6_resistant_starch_gapseq	926	989	203	bio1	0.994393	0.742525	2.042185
MGYG000000508__gradient_L7_bglucan_gapseq	926	989	203	bio1	0.994392	0.692252	2.058247
MGYG000000508__gradient_L8_hmo_gapseq	926	989	203	bio1	0.994392	0.793507	2.049642
MGYG000000508__gradient_L9_mos_gapseq	926	989	203	bio1	0.994392	0.688452	2.041948
MGYG000000510__gradient_L0_base_gapseq	1254	1425	331	bio1	0.000000	1.078620	0.048169
MGYG000000510__gradient_L1_inulin_gapseq	1254	1425	331	bio1	0.000000	1.011302	0.048757
MGYG000000510__gradient_L2_fos_gapseq	1254	1425	331	bio1	0.000000	1.077439	0.047907
MGYG000000510__gradient_L3_gos_gapseq	1254	1425	331	bio1	0.000000	1.044630	0.048623
MGYG000000510__gradient_L4_xos_gapseq	1254	1425	331	bio1	0.322491	1.089357	4.170702
MGYG000000510__gradient_L5_pectin_gapseq	1254	1425	331	bio1	0.322491	1.003749	4.279041
MGYG000000510__gradient_L6_resistant_starch_gapseq	1254	1425	331	bio1	0.649744	1.017129	4.158215
MGYG000000510__gradient_L7_bglucan_gapseq	1254	1425	331	bio1	0.757492	1.085997	4.177401
MGYG000000510__gradient_L8_hmo_gapseq	1254	1425	331	bio1	0.757492	1.024342	4.250329
MGYG000000510__gradient_L9_mos_gapseq	1254	1425	331	bio1	0.796673	1.019106	4.235463
MGYG000000515__gradient_L0_base_gapseq	1359	1522	368	bio1	0.000000	1.168252	0.066310
MGYG000000515__gradient_L1_inulin_gapseq	1359	1522	368	bio1	0.000000	1.110826	0.066327
MGYG000000515__gradient_L2_fos_gapseq	1359	1522	368	bio1	0.000000	1.171693	0.067336
MGYG000000515__gradient_L3_gos_gapseq	1359	1522	368	bio1	0.000000	1.111747	0.068232
MGYG000000515__gradient_L4_xos_gapseq	1359	1522	368	bio1	0.640821	1.203873	4.654649
MGYG000000515__gradient_L5_pectin_gapseq	1359	1522	368	bio1	0.640821	1.131152	4.847519
MGYG000000515__gradient_L6_resistant_starch_gapseq	1359	1522	368	bio1	1.152857	1.129631	4.752709
MGYG000000515__gradient_L7_bglucan_gapseq	1359	1522	368	bio1	1.334889	1.098822	4.686766
MGYG000000515__gradient_L8_hmo_gapseq	1359	1522	368	bio1	1.334889	1.171182	4.684171
MGYG000000515__gradient_L9_mos_gapseq	1359	1522	368	bio1	1.424781	1.169912	4.670782
MGYG000000519__gradient_L0_base_gapseq	1033	1050	189	bio1	0.000000	0.748189	0.035770
MGYG000000519__gradient_L1_inulin_gapseq	1033	1050	189	bio1	1.080395	0.721311	2.325968
MGYG000000519__gradient_L2_fos_gapseq	1033	1050	189	bio1	1.080395	0.817209	2.302675
MGYG000000519__gradient_L3_gos_gapseq	1033	1050	189	bio1	1.183692	0.747862	2.289394
MGYG000000519__gradient_L4_xos_gapseq	1033	1050	189	bio1	1.183692	0.809468	2.287992
MGYG000000519__gradient_L5_pectin_gapseq	1033	1050	189	bio1	1.183692	0.726866	2.293210
MGYG000000519__gradient_L6_resistant_starch_gapseq	1033	1050	189	bio1	1.330602	0.803945	2.298360
MGYG000000519__gradient_L7_bglucan_gapseq	1033	1050	189	bio1	1.330602	0.769904	2.292026
MGYG000000519__gradient_L8_hmo_gapseq	1033	1050	189	bio1	1.330602	0.803650	2.301629
MGYG000000519__gradient_L9_mos_gapseq	1033	1050	189	bio1	1.330602	0.757280	2.302593
MGYG000000524__gradient_L0_base_gapseq	1037	1039	212	bio1	0.000000	0.847918	0.027665
MGYG000000524__gradient_L1_inulin_gapseq	1037	1039	212	bio1	0.000000	0.742585	0.032367
MGYG000000524__gradient_L2_fos_gapseq	1037	1039	212	bio1	0.000000	0.763316	0.031933
MGYG000000524__gradient_L3_gos_gapseq	1037	1039	212	bio1	0.000000	0.805206	0.031952
MGYG000000524__gradient_L4_xos_gapseq	1037	1039	212	bio1	0.538874	0.766531	2.270498
MGYG000000524__gradient_L5_pectin_gapseq	1037	1039	212	bio1	0.572109	0.914378	2.267644
MGYG000000524__gradient_L6_resistant_starch_gapseq	1037	1039	212	bio1	1.234433	0.769689	2.262408
MGYG000000524__gradient_L7_bglucan_gapseq	1037	1039	212	bio1	1.469452	0.920729	2.256638
MGYG000000524__gradient_L8_hmo_gapseq	1037	1039	212	bio1	1.469452	0.803609	2.260075
MGYG000000524__gradient_L9_mos_gapseq	1037	1039	212	bio1	1.469452	0.816694	2.268013
MGYG000000526__gradient_L0_base_gapseq	1327	1508	404	bio1	0.246446	1.099485	4.749870
MGYG000000526__gradient_L1_inulin_gapseq	1327	1508	404	bio1	0.368844	1.084373	4.620285
MGYG000000526__gradient_L2_fos_gapseq	1327	1508	404	bio1	0.368844	1.148258	4.618601
MGYG000000526__gradient_L3_gos_gapseq	1327	1508	404	bio1	0.440445	1.160568	4.617956
MGYG000000526__gradient_L4_xos_gapseq	1327	1508	404	bio1	0.528892	1.093070	4.695496
MGYG000000526__gradient_L5_pectin_gapseq	1327	1508	404	bio1	0.528892	1.121144	4.591985
MGYG000000526__gradient_L6_resistant_starch_gapseq	1327	1508	404	bio1	0.788743	1.129960	4.587946
MGYG000000526__gradient_L7_bglucan_gapseq	1327	1508	404	bio1	0.947414	1.197826	4.593609
MGYG000000526__gradient_L8_hmo_gapseq	1327	1508	404	bio1	0.947414	1.090674	4.758728
MGYG000000526__gradient_L9_mos_gapseq	1327	1508	404	bio1	1.048595	1.056126	4.614936
MGYG000000529__gradient_L0_base_gapseq	1133	1177	219	bio1	0.000000	0.850159	0.041244
MGYG000000529__gradient_L1_inulin_gapseq	1133	1177	219	bio1	0.000000	0.842936	0.118614
MGYG000000529__gradient_L2_fos_gapseq	1133	1177	219	bio1	0.000000	0.836333	0.041571
MGYG000000529__gradient_L3_gos_gapseq	1133	1177	219	bio1	0.560230	0.851037	3.106773
MGYG000000529__gradient_L4_xos_gapseq	1133	1177	219	bio1	0.560230	0.859888	2.999208
MGYG000000529__gradient_L5_pectin_gapseq	1133	1177	219	bio1	0.560230	0.852564	3.082664
MGYG000000529__gradient_L6_resistant_starch_gapseq	1133	1177	219	bio1	0.673584	0.854596	3.010228
MGYG000000529__gradient_L7_bglucan_gapseq	1133	1177	219	bio1	0.673584	0.907871	3.021576
MGYG000000529__gradient_L8_hmo_gapseq	1133	1177	219	bio1	0.673584	0.850209	3.024048
MGYG000000529__gradient_L9_mos_gapseq	1133	1177	219	bio1	0.786372	0.917645	3.011431
MGYG000000532__gradient_L0_base_gapseq	1327	1517	362	bio1	0.000000	1.067402	0.060930
MGYG000000532__gradient_L1_inulin_gapseq	1327	1517	362	bio1	0.000000	1.190050	0.062325
MGYG000000532__gradient_L2_fos_gapseq	1327	1517	362	bio1	0.000000	1.118789	0.062791
MGYG000000532__gradient_L3_gos_gapseq	1327	1517	362	bio1	1.212830	1.179077	4.583854
MGYG000000532__gradient_L4_xos_gapseq	1327	1517	362	bio1	1.212830	1.226600	4.572741
MGYG000000532__gradient_L5_pectin_gapseq	1327	1517	362	bio1	1.212830	1.106259	4.686055
MGYG000000532__gradient_L6_resistant_starch_gapseq	1327	1517	362	bio1	1.747188	1.106446	4.567335
MGYG000000532__gradient_L7_bglucan_gapseq	1327	1517	362	bio1	1.747188	1.171725	4.575942
MGYG000000532__gradient_L8_hmo_gapseq	1327	1517	362	bio1	1.747188	1.198659	4.592117
MGYG000000532__gradient_L9_mos_gapseq	1327	1517	362	bio1	1.835879	1.102864	4.721165
MGYG000000535__gradient_L0_base_gapseq	1087	1207	305	bio1	0.192857	0.927376	2.911607
MGYG000000535__gradient_L1_inulin_gapseq	1087	1207	305	bio1	0.305754	0.861988	2.970931
MGYG000000535__gradient_L2_fos_gapseq	1087	1207	305	bio1	0.305754	0.853179	2.888370
MGYG000000535__gradient_L3_gos_gapseq	1087	1207	305	bio1	0.503321	0.856638	3.015132
MGYG000000535__gradient_L4_xos_gapseq	1087	1207	305	bio1	0.503321	0.873541	2.916138
MGYG000000535__gradient_L5_pectin_gapseq	1087	1207	305	bio1	0.503321	0.895833	2.934539
MGYG000000535__gradient_L6_resistant_starch_gapseq	1087	1207	305	bio1	0.985485	0.850524	2.906998
MGYG000000535__gradient_L7_bglucan_gapseq	1087	1207	305	bio1	0.985485	0.954935	2.974331
MGYG000000535__gradient_L8_hmo_gapseq	1087	1207	305	bio1	0.985485	0.873520	2.995483
MGYG000000535__gradient_L9_mos_gapseq	1087	1207	305	bio1	1.095511	0.847108	2.917814
MGYG000000540__gradient_L0_base_gapseq	679	647	89	bio1	0.000000	0.435885	0.015524
MGYG000000540__gradient_L1_inulin_gapseq	679	647	89	bio1	0.062999	0.434100	1.016294
MGYG000000540__gradient_L2_fos_gapseq	679	647	89	bio1	0.062999	0.508904	1.015951
MGYG000000540__gradient_L3_gos_gapseq	679	647	89	bio1	0.062999	0.436536	1.056084
MGYG000000540__gradient_L4_xos_gapseq	679	647	89	bio1	0.062999	0.434855	1.018664
MGYG000000540__gradient_L5_pectin_gapseq	679	647	89	bio1	0.062999	0.447082	1.010903
MGYG000000540__gradient_L6_resistant_starch_gapseq	679	647	89	bio1	0.062999	0.497038	1.015456
MGYG000000540__gradient_L7_bglucan_gapseq	679	647	89	bio1	0.062999	0.437297	1.015357
MGYG000000540__gradient_L8_hmo_gapseq	679	647	89	bio1	0.062999	0.428265	1.011115
MGYG000000540__gradient_L9_mos_gapseq	679	647	89	bio1	0.062999	0.462976	1.087113
MGYG000000542__gradient_L0_base_gapseq	1207	1284	224	bio1	0.000000	0.992023	0.043355
MGYG000000542__gradient_L1_inulin_gapseq	1207	1284	224	bio1	0.000000	0.929182	0.044960
MGYG000000542__gradient_L2_fos_gapseq	1207	1284	224	bio1	0.000000	0.904569	0.044002
MGYG000000542__gradient_L3_gos_gapseq	1207	1284	224	bio1	0.845900	0.999328	3.358709
MGYG000000542__gradient_L4_xos_gapseq	1207	1284	224	bio1	0.845900	0.926329	3.448106
MGYG000000542__gradient_L5_pectin_gapseq	1207	1284	224	bio1	0.845900	0.926200	3.331344
MGYG000000542__gradient_L6_resistant_starch_gapseq	1207	1284	224	bio1	1.448123	0.990668	3.343759
MGYG000000542__gradient_L7_bglucan_gapseq	1207	1284	224	bio1	1.448123	0.933478	3.435200
MGYG000000542__gradient_L8_hmo_gapseq	1207	1284	224	bio1	1.448123	0.929817	3.344544
MGYG000000542__gradient_L9_mos_gapseq	1207	1284	224	bio1	1.557188	0.995080	3.350729
MGYG000000544__gradient_L0_base_gapseq	1040	1077	192	bio1	0.000000	0.770422	0.033147
MGYG000000544__gradient_L1_inulin_gapseq	1040	1077	192	bio1	0.000000	0.776841	0.035140
MGYG000000544__gradient_L2_fos_gapseq	1040	1077	192	bio1	0.000000	0.851224	0.034853
MGYG000000544__gradient_L3_gos_gapseq	1040	1077	192	bio1	0.000000	0.770595	0.034662
MGYG000000544__gradient_L4_xos_gapseq	1040	1077	192	bio1	0.000000	0.756703	0.035770
MGYG000000544__gradient_L5_pectin_gapseq	1040	1077	192	bio1	0.000000	0.847371	0.035633
MGYG000000544__gradient_L6_resistant_starch_gapseq	1040	1077	192	bio1	0.000000	0.769925	0.034511
MGYG000000544__gradient_L7_bglucan_gapseq	1040	1077	192	bio1	0.000000	0.760982	0.034665
MGYG000000544__gradient_L8_hmo_gapseq	1040	1077	192	bio1	0.000000	0.865234	0.034385
MGYG000000544__gradient_L9_mos_gapseq	1040	1077	192	bio1	0.000000	0.764246	0.035793
MGYG000000549__gradient_L0_base_gapseq	1133	1196	206	bio1	0.000000	0.953700	0.037296
MGYG000000549__gradient_L1_inulin_gapseq	1133	1196	206	bio1	0.149458	0.840054	3.027071
MGYG000000549__gradient_L2_fos_gapseq	1133	1196	206	bio1	0.149458	0.917088	3.015358
MGYG000000549__gradient_L3_gos_gapseq	1133	1196	206	bio1	0.149458	0.863074	3.004742
MGYG000000549__gradient_L4_xos_gapseq	1133	1196	206	bio1	0.149458	0.953585	3.002878
MGYG000000549__gradient_L5_pectin_gapseq	1133	1196	206	bio1	0.149458	0.858284	3.074037
MGYG000000549__gradient_L6_resistant_starch_gapseq	1133	1196	206	bio1	0.216919	0.854613	3.003183
MGYG000000549__gradient_L7_bglucan_gapseq	1133	1196	206	bio1	0.216919	0.938125	2.992388
MGYG000000549__gradient_L8_hmo_gapseq	1133	1196	206	bio1	0.216919	0.855696	2.995114
MGYG000000549__gradient_L9_mos_gapseq	1133	1196	206	bio1	0.282655	0.934324	3.003639
MGYG000000561__gradient_L0_base_gapseq	1304	1442	342	bio1	0.000000	1.073812	0.054197
MGYG000000561__gradient_L1_inulin_gapseq	1304	1442	342	bio1	0.000000	1.042268	0.128984
MGYG000000561__gradient_L2_fos_gapseq	1304	1442	342	bio1	0.000000	1.087017	0.056483
MGYG000000561__gradient_L3_gos_gapseq	1304	1442	342	bio1	0.717035	1.055755	4.286436
MGYG000000561__gradient_L4_xos_gapseq	1304	1442	342	bio1	0.795921	1.030292	4.180665
MGYG000000561__gradient_L5_pectin_gapseq	1304	1442	342	bio1	0.795921	1.169809	4.200661
MGYG000000561__gradient_L6_resistant_starch_gapseq	1304	1442	342	bio1	1.373839	1.113432	4.186381
MGYG000000561__gradient_L7_bglucan_gapseq	1304	1442	342	bio1	1.576967	1.072473	4.281464
MGYG000000561__gradient_L8_hmo_gapseq	1304	1442	342	bio1	1.576967	1.061062	4.172077
MGYG000000561__gradient_L9_mos_gapseq	1304	1442	342	bio1	1.681808	1.146478	4.198675
MGYG000000563__gradient_L0_base_gapseq	1109	1210	304	bio1	0.523107	0.872748	3.212221
MGYG000000563__gradient_L1_inulin_gapseq	1109	1210	304	bio1	0.638920	0.853580	3.110790
MGYG000000563__gradient_L2_fos_gapseq	1109	1210	304	bio1	0.638920	0.908272	3.118097
MGYG000000563__gradient_L3_gos_gapseq	1109	1210	304	bio1	0.863599	0.894504	3.099223
MGYG000000563__gradient_L4_xos_gapseq	1109	1210	304	bio1	0.863599	0.946448	3.113830
MGYG000000563__gradient_L5_pectin_gapseq	1109	1210	304	bio1	0.863599	0.867518	3.199195
MGYG000000563__gradient_L6_resistant_starch_gapseq	1109	1210	304	bio1	1.334429	0.885981	3.115679
MGYG000000563__gradient_L7_bglucan_gapseq	1109	1210	304	bio1	1.334429	0.879984	3.188637
MGYG000000563__gradient_L8_hmo_gapseq	1109	1210	304	bio1	1.334429	0.882961	3.120959
MGYG000000563__gradient_L9_mos_gapseq	1109	1210	304	bio1	1.443734	0.925613	3.127660
MGYG000000568__gradient_L0_base_gapseq	1287	1478	346	bio1	0.313719	1.027168	4.334030
MGYG000000568__gradient_L1_inulin_gapseq	1287	1478	346	bio1	0.313719	1.112545	4.370658
MGYG000000568__gradient_L2_fos_gapseq	1287	1478	346	bio1	0.313719	1.105083	4.357204
MGYG000000568__gradient_L3_gos_gapseq	1287	1478	346	bio1	0.398146	1.045337	4.509600
MGYG000000568__gradient_L4_xos_gapseq	1287	1478	346	bio1	0.398146	1.067045	4.371465
MGYG000000568__gradient_L5_pectin_gapseq	1287	1478	346	bio1	0.398146	1.110678	4.344937
MGYG000000568__gradient_L6_resistant_starch_gapseq	1287	1478	346	bio1	0.578676	1.112959	4.346307
MGYG000000568__gradient_L7_bglucan_gapseq	1287	1478	346	bio1	0.578676	1.038103	4.421940
MGYG000000568__gradient_L8_hmo_gapseq	1287	1478	346	bio1	0.578676	1.067851	4.346400
MGYG000000568__gradient_L9_mos_gapseq	1287	1478	346	bio1	0.647921	1.131881	4.339670
MGYG000000572__gradient_L0_base_gapseq	1141	1197	208	bio1	0.000000	0.873926	0.038527
MGYG000000572__gradient_L1_inulin_gapseq	1141	1197	208	bio1	0.000000	0.929600	0.040479
MGYG000000572__gradient_L2_fos_gapseq	1141	1197	208	bio1	0.000000	0.854304	0.041232
MGYG000000572__gradient_L3_gos_gapseq	1141	1197	208	bio1	0.000000	0.865611	0.041087
MGYG000000572__gradient_L4_xos_gapseq	1141	1197	208	bio1	0.000000	0.946242	0.040247
MGYG000000572__gradient_L5_pectin_gapseq	1141	1197	208	bio1	0.000000	0.859311	0.040887
MGYG000000572__gradient_L6_resistant_starch_gapseq	1141	1197	208	bio1	0.000000	0.946984	0.040937
MGYG000000572__gradient_L7_bglucan_gapseq	1141	1197	208	bio1	0.000000	0.866471	0.041529
MGYG000000572__gradient_L8_hmo_gapseq	1141	1197	208	bio1	0.000000	0.870094	0.041617
MGYG000000572__gradient_L9_mos_gapseq	1141	1197	208	bio1	0.000000	0.919111	0.040933
MGYG000000582__gradient_L0_base_gapseq	1343	1603	386	bio1	0.776199	1.261650	5.027334
MGYG000000582__gradient_L1_inulin_gapseq	1343	1603	386	bio1	0.999233	1.168925	5.192090
MGYG000000582__gradient_L2_fos_gapseq	1343	1603	386	bio1	0.999233	1.162220	4.988283
MGYG000000582__gradient_L3_gos_gapseq	1343	1603	386	bio1	1.239877	1.247364	5.038628
MGYG000000582__gradient_L4_xos_gapseq	1343	1603	386	bio1	1.281130	1.232057	5.017819
MGYG000000582__gradient_L5_pectin_gapseq	1343	1603	386	bio1	1.281130	1.263888	5.005382
MGYG000000582__gradient_L6_resistant_starch_gapseq	1343	1603	386	bio1	1.778459	1.205342	5.142026
MGYG000000582__gradient_L7_bglucan_gapseq	1343	1603	386	bio1	1.778459	1.164042	5.118659
MGYG000000582__gradient_L8_hmo_gapseq	1343	1603	386	bio1	1.778459	1.184533	5.060673
MGYG000000582__gradient_L9_mos_gapseq	1343	1603	386	bio1	1.888468	1.215674	5.049211
MGYG000000585__gradient_L0_base_gapseq	983	1048	291	bio1	0.225367	0.740575	2.312711
MGYG000000585__gradient_L1_inulin_gapseq	983	1048	291	bio1	0.327547	0.864100	2.347598
MGYG000000585__gradient_L2_fos_gapseq	983	1048	291	bio1	0.327547	0.733962	2.307091
MGYG000000585__gradient_L3_gos_gapseq	983	1048	291	bio1	0.327547	0.887352	2.290813
MGYG000000585__gradient_L4_xos_gapseq	983	1048	291	bio1	0.327547	0.723565	2.295812
MGYG000000585__gradient_L5_pectin_gapseq	983	1048	291	bio1	0.327547	0.809143	2.389815
MGYG000000585__gradient_L6_resistant_starch_gapseq	983	1048	291	bio1	0.387930	0.808767	2.318084
MGYG000000585__gradient_L7_bglucan_gapseq	983	1048	291	bio1	0.387930	0.801847	2.373208
MGYG000000585__gradient_L8_hmo_gapseq	983	1048	291	bio1	0.387930	0.735543	2.307349
MGYG000000585__gradient_L9_mos_gapseq	983	1048	291	bio1	0.387930	0.745458	2.389481
MGYG000000595__gradient_L0_base_gapseq	1202	1243	280	bio1	0.000000	0.910297	0.042754
MGYG000000595__gradient_L1_inulin_gapseq	1202	1243	280	bio1	0.251340	1.021610	3.330958
MGYG000000595__gradient_L2_fos_gapseq	1202	1243	280	bio1	0.251340	0.902007	3.428488
MGYG000000595__gradient_L3_gos_gapseq	1202	1243	280	bio1	0.251340	0.902915	3.334364
MGYG000000595__gradient_L4_xos_gapseq	1202	1243	280	bio1	0.251340	0.987291	3.331235
MGYG000000595__gradient_L5_pectin_gapseq	1202	1243	280	bio1	0.251340	0.923660	3.337196
MGYG000000595__gradient_L6_resistant_starch_gapseq	1202	1243	280	bio1	0.251340	0.981433	3.351102
MGYG000000595__gradient_L7_bglucan_gapseq	1202	1243	280	bio1	0.251340	0.918442	3.413884
MGYG000000595__gradient_L8_hmo_gapseq	1202	1243	280	bio1	0.251340	0.906425	3.337493
MGYG000000595__gradient_L9_mos_gapseq	1202	1243	280	bio1	0.251340	0.983972	3.329729
MGYG000000600__gradient_L0_base_gapseq	1311	1493	376	bio1	0.000000	1.086059	0.060844
MGYG000000600__gradient_L1_inulin_gapseq	1311	1493	376	bio1	0.000000	1.185248	0.060669
MGYG000000600__gradient_L2_fos_gapseq	1311	1493	376	bio1	0.000000	1.097791	0.060997
MGYG000000600__gradient_L3_gos_gapseq	1311	1493	376	bio1	0.000000	1.142865	0.060453
MGYG000000600__gradient_L4_xos_gapseq	1311	1493	376	bio1	1.148877	1.068976	4.502355
MGYG000000600__gradient_L5_pectin_gapseq	1311	1493	376	bio1	1.148877	1.189188	4.471522
MGYG000000600__gradient_L6_resistant_starch_gapseq	1311	1493	376	bio1	1.676270	1.087659	4.579815
MGYG000000600__gradient_L7_bglucan_gapseq	1311	1493	376	bio1	1.853527	1.084114	4.560918
MGYG000000600__gradient_L8_hmo_gapseq	1311	1493	376	bio1	1.984828	1.074421	4.520762
MGYG000000600__gradient_L9_mos_gapseq	1311	1493	376	bio1	2.072362	1.153661	4.474328
MGYG000000604__gradient_L0_base_gapseq	1263	1421	350	bio1	0.000000	1.125836	0.052534
MGYG000000604__gradient_L1_inulin_gapseq	1263	1421	350	bio1	0.000000	1.019792	0.057333
MGYG000000604__gradient_L2_fos_gapseq	1263	1421	350	bio1	0.000000	0.992786	0.126657
MGYG000000604__gradient_L3_gos_gapseq	1263	1421	350	bio1	0.809075	1.032773	4.068156
MGYG000000604__gradient_L4_xos_gapseq	1263	1421	350	bio1	0.937653	1.118604	4.044333
MGYG000000604__gradient_L5_pectin_gapseq	1263	1421	350	bio1	0.937653	1.018869	4.121824
MGYG000000604__gradient_L6_resistant_starch_gapseq	1263	1421	350	bio1	1.711562	1.018200	4.093508
MGYG000000604__gradient_L7_bglucan_gapseq	1263	1421	350	bio1	1.974017	1.119703	4.051266
MGYG000000604__gradient_L8_hmo_gapseq	1263	1421	350	bio1	1.974017	1.080251	4.042580
MGYG000000604__gradient_L9_mos_gapseq	1263	1421	350	bio1	2.117583	1.033718	4.156414
MGYG000000606__gradient_L0_base_gapseq	1219	1363	333	bio1	0.740023	0.981784	3.824828
MGYG000000606__gradient_L1_inulin_gapseq	1219	1363	333	bio1	0.847133	1.055806	3.849951
MGYG000000606__gradient_L2_fos_gapseq	1219	1363	333	bio1	0.847133	1.022102	3.847421
MGYG000000606__gradient_L3_gos_gapseq	1219	1363	333	bio1	0.927466	0.971700	3.850788
MGYG000000606__gradient_L4_xos_gapseq	1219	1363	333	bio1	0.927466	1.069225	3.853967
MGYG000000606__gradient_L5_pectin_gapseq	1219	1363	333	bio1	0.927466	0.944288	3.915118
MGYG000000606__gradient_L6_resistant_starch_gapseq	1219	1363	333	bio1	1.146465	0.961196	3.847883
MGYG000000606__gradient_L7_bglucan_gapseq	1219	1363	333	bio1	1.146465	1.053298	3.865217
MGYG000000606__gradient_L8_hmo_gapseq	1219	1363	333	bio1	1.146465	0.943097	3.922663
MGYG000000606__gradient_L9_mos_gapseq	1219	1363	333	bio1	1.219092	0.934045	3.835774
MGYG000000607__gradient_L0_base_gapseq	819	785	115	bio1	0.022036	0.574499	1.371275
MGYG000000607__gradient_L1_inulin_gapseq	819	785	115	bio1	0.024379	0.676418	1.405886
MGYG000000607__gradient_L2_fos_gapseq	819	785	115	bio1	0.024379	0.545380	1.378474
MGYG000000607__gradient_L3_gos_gapseq	819	785	115	bio1	0.024379	0.555448	1.450010
MGYG000000607__gradient_L4_xos_gapseq	819	785	115	bio1	0.024379	0.578438	1.366654
MGYG000000607__gradient_L5_pectin_gapseq	819	785	115	bio1	0.024379	0.602354	1.375694
MGYG000000607__gradient_L6_resistant_starch_gapseq	819	785	115	bio1	0.024377	0.578701	1.440316
MGYG000000607__gradient_L7_bglucan_gapseq	819	785	115	bio1	0.024377	0.534784	1.365900
MGYG000000607__gradient_L8_hmo_gapseq	819	785	115	bio1	0.024377	0.574736	1.379165
MGYG000000607__gradient_L9_mos_gapseq	819	785	115	bio1	0.024377	0.583489	1.439227
MGYG000000610__gradient_L0_base_gapseq	997	1004	144	bio1	0.221487	0.686645	2.189694
MGYG000000610__gradient_L1_inulin_gapseq	997	1004	144	bio1	0.299787	0.801088	2.177332
MGYG000000610__gradient_L2_fos_gapseq	997	1004	144	bio1	0.299787	0.710607	2.186866
MGYG000000610__gradient_L3_gos_gapseq	997	1004	144	bio1	0.299787	0.777789	2.178559
MGYG000000610__gradient_L4_xos_gapseq	997	1004	144	bio1	0.299787	0.693830	2.180663
MGYG000000610__gradient_L5_pectin_gapseq	997	1004	144	bio1	0.299787	0.775005	2.183033
MGYG000000610__gradient_L6_resistant_starch_gapseq	997	1004	144	bio1	0.474977	0.702533	2.202260
MGYG000000610__gradient_L7_bglucan_gapseq	997	1004	144	bio1	0.474977	0.695797	2.296587
MGYG000000610__gradient_L8_hmo_gapseq	997	1004	144	bio1	0.474977	0.714122	2.221675
MGYG000000610__gradient_L9_mos_gapseq	997	1004	144	bio1	0.474977	0.694839	2.257731
MGYG000000611__gradient_L0_base_gapseq	1190	1220	293	bio1	0.000000	0.904576	0.038067
MGYG000000611__gradient_L1_inulin_gapseq	1190	1220	293	bio1	0.000000	0.857927	0.036858
MGYG000000611__gradient_L2_fos_gapseq	1190	1220	293	bio1	0.000000	0.982751	0.037160
MGYG000000611__gradient_L3_gos_gapseq	1190	1220	293	bio1	0.000000	0.889820	0.037799
MGYG000000611__gradient_L4_xos_gapseq	1190	1220	293	bio1	0.000000	0.985001	0.036981
MGYG000000611__gradient_L5_pectin_gapseq	1190	1220	293	bio1	0.000000	0.896049	0.037241
MGYG000000611__gradient_L6_resistant_starch_gapseq	1190	1220	293	bio1	0.270986	0.876091	3.162011
MGYG000000611__gradient_L7_bglucan_gapseq	1190	1220	293	bio1	0.270986	0.895062	3.076721
MGYG000000611__gradient_L8_hmo_gapseq	1190	1220	293	bio1	0.270986	0.936301	3.093216
MGYG000000611__gradient_L9_mos_gapseq	1190	1220	293	bio1	0.270986	0.889352	3.057038
MGYG000000616__gradient_L0_base_gapseq	1186	1244	281	bio1	0.000000	0.912827	0.038075
MGYG000000616__gradient_L1_inulin_gapseq	1186	1244	281	bio1	0.000000	0.877228	0.037691
MGYG000000616__gradient_L2_fos_gapseq	1186	1244	281	bio1	0.000000	0.966589	0.037983
MGYG000000616__gradient_L3_gos_gapseq	1186	1244	281	bio1	0.000000	0.901362	0.037446
MGYG000000616__gradient_L4_xos_gapseq	1186	1244	281	bio1	0.000000	0.957617	0.037015
MGYG000000616__gradient_L5_pectin_gapseq	1186	1244	281	bio1	0.289861	0.881895	3.154822
MGYG000000616__gradient_L6_resistant_starch_gapseq	1186	1244	281	bio1	0.289861	0.989859	3.149063
MGYG000000616__gradient_L7_bglucan_gapseq	1186	1244	281	bio1	0.289861	0.885114	3.205129
MGYG000000616__gradient_L8_hmo_gapseq	1186	1244	281	bio1	0.289861	0.961363	3.175077
MGYG000000616__gradient_L9_mos_gapseq	1186	1244	281	bio1	0.289861	0.917663	3.239230
MGYG000000620__gradient_L0_base_gapseq	1140	1281	342	bio1	0.601525	1.004416	3.427013
MGYG000000620__gradient_L1_inulin_gapseq	1140	1281	342	bio1	0.714313	0.914649	3.541329
MGYG000000620__gradient_L2_fos_gapseq	1140	1281	342	bio1	0.714313	0.917836	3.438866
MGYG000000620__gradient_L3_gos_gapseq	1140	1281	342	bio1	0.932839	0.964603	3.419396
MGYG000000620__gradient_L4_xos_gapseq	1140	1281	342	bio1	0.932839	0.901158	3.427783
MGYG000000620__gradient_L5_pectin_gapseq	1140	1281	342	bio1	0.932839	0.967571	3.444491
MGYG000000620__gradient_L6_resistant_starch_gapseq	1140	1281	342	bio1	1.043760	0.929665	3.503920
MGYG000000620__gradient_L7_bglucan_gapseq	1140	1281	342	bio1	1.043760	0.911628	3.441909
MGYG000000620__gradient_L8_hmo_gapseq	1140	1281	342	bio1	1.043760	0.973393	3.455020
MGYG000000620__gradient_L9_mos_gapseq	1140	1281	342	bio1	1.152439	0.933199	3.527065
MGYG000000623__gradient_L0_base_gapseq	1350	1551	450	bio1	0.323235	1.127040	4.856051
MGYG000000623__gradient_L1_inulin_gapseq	1350	1551	450	bio1	0.495632	1.215060	4.867000
MGYG000000623__gradient_L2_fos_gapseq	1350	1551	450	bio1	0.495632	1.242534	4.865263
MGYG000000623__gradient_L3_gos_gapseq	1350	1551	450	bio1	0.793849	1.110329	4.976389
MGYG000000623__gradient_L4_xos_gapseq	1350	1551	450	bio1	0.827487	1.097211	4.995792
MGYG000000623__gradient_L5_pectin_gapseq	1350	1551	450	bio1	0.827487	1.136485	4.887438
MGYG000000623__gradient_L6_resistant_starch_gapseq	1350	1551	450	bio1	1.395498	1.224633	4.882566
MGYG000000623__gradient_L7_bglucan_gapseq	1350	1551	450	bio1	1.593337	1.217302	4.907461
MGYG000000623__gradient_L8_hmo_gapseq	1350	1551	450	bio1	1.733739	1.139219	4.973124
MGYG000000623__gradient_L9_mos_gapseq	1350	1551	450	bio1	1.733739	1.167567	4.966201
MGYG000000627__gradient_L0_base_gapseq	1336	1492	329	bio1	0.350046	1.172861	4.506962
MGYG000000627__gradient_L1_inulin_gapseq	1336	1492	329	bio1	0.461051	1.146072	4.516367
MGYG000000627__gradient_L2_fos_gapseq	1336	1492	329	bio1	0.461051	1.089147	4.555696
MGYG000000627__gradient_L3_gos_gapseq	1336	1492	329	bio1	0.639584	1.103784	4.495766
MGYG000000627__gradient_L4_xos_gapseq	1336	1492	329	bio1	0.639584	1.136607	4.516939
MGYG000000627__gradient_L5_pectin_gapseq	1336	1492	329	bio1	0.639584	1.151442	4.492912
MGYG000000627__gradient_L6_resistant_starch_gapseq	1336	1492	329	bio1	0.978123	1.102176	4.571151
MGYG000000627__gradient_L7_bglucan_gapseq	1336	1492	329	bio1	0.994383	1.074452	4.483677
MGYG000000627__gradient_L8_hmo_gapseq	1336	1492	329	bio1	0.994383	1.145082	4.477900
MGYG000000627__gradient_L9_mos_gapseq	1336	1492	329	bio1	0.994383	1.128570	4.490196
MGYG000000630__gradient_L0_base_gapseq	1233	1332	323	bio1	0.077642	0.971288	3.514653
MGYG000000630__gradient_L1_inulin_gapseq	1233	1332	323	bio1	0.176641	1.044208	3.537593
MGYG000000630__gradient_L2_fos_gapseq	1233	1332	323	bio1	0.176641	0.982773	3.614560
MGYG000000630__gradient_L3_gos_gapseq	1233	1332	323	bio1	0.176641	0.958016	3.522266
MGYG000000630__gradient_L4_xos_gapseq	1233	1332	323	bio1	0.176641	1.053018	3.519833
MGYG000000630__gradient_L5_pectin_gapseq	1233	1332	323	bio1	0.176641	0.966101	3.600783
MGYG000000630__gradient_L6_resistant_starch_gapseq	1233	1332	323	bio1	0.176641	0.960123	3.536474
MGYG000000630__gradient_L7_bglucan_gapseq	1233	1332	323	bio1	0.176641	1.028856	3.540779
MGYG000000630__gradient_L8_hmo_gapseq	1233	1332	323	bio1	0.176641	0.990850	3.598675
MGYG000000630__gradient_L9_mos_gapseq	1233	1332	323	bio1	0.176641	0.962690	3.532443
MGYG000000631__gradient_L0_base_gapseq	1258	1439	339	bio1	0.787844	1.012041	4.319059
MGYG000000631__gradient_L1_inulin_gapseq	1258	1439	339	bio1	0.886889	1.064294	4.293772
MGYG000000631__gradient_L2_fos_gapseq	1258	1439	339	bio1	0.886889	1.007041	4.379952
MGYG000000631__gradient_L3_gos_gapseq	1258	1439	339	bio1	0.961172	1.000202	4.297711
MGYG000000631__gradient_L4_xos_gapseq	1258	1439	339	bio1	0.974678	1.076193	4.271660
MGYG000000631__gradient_L5_pectin_gapseq	1258	1439	339	bio1	0.974678	1.123155	4.279205
MGYG000000631__gradient_L6_resistant_starch_gapseq	1258	1439	339	bio1	1.215536	1.012389	4.368459
MGYG000000631__gradient_L7_bglucan_gapseq	1258	1439	339	bio1	1.215536	1.036747	4.264965
MGYG000000631__gradient_L8_hmo_gapseq	1258	1439	339	bio1	1.215536	1.120513	4.271860
MGYG000000631__gradient_L9_mos_gapseq	1258	1439	339	bio1	1.304380	1.056570	4.370732
MGYG000000643__gradient_L0_base_gapseq	1136	1185	279	bio1	0.000000	0.910232	0.035708
MGYG000000643__gradient_L1_inulin_gapseq	1136	1185	279	bio1	0.000000	0.862441	0.034454
MGYG000000643__gradient_L2_fos_gapseq	1136	1185	279	bio1	0.000000	0.856570	0.101007
MGYG000000643__gradient_L3_gos_gapseq	1136	1185	279	bio1	0.000000	0.851008	0.034635
MGYG000000643__gradient_L4_xos_gapseq	1136	1185	279	bio1	0.000000	0.854447	0.036355
MGYG000000643__gradient_L5_pectin_gapseq	1136	1185	279	bio1	0.302330	0.941072	2.889295
MGYG000000643__gradient_L6_resistant_starch_gapseq	1136	1185	279	bio1	0.302330	0.851263	2.926494
MGYG000000643__gradient_L7_bglucan_gapseq	1136	1185	279	bio1	0.302330	0.947890	2.912705
MGYG000000643__gradient_L8_hmo_gapseq	1136	1185	279	bio1	0.302330	0.847884	2.979241
MGYG000000643__gradient_L9_mos_gapseq	1136	1185	279	bio1	0.302330	0.845166	2.910972
MGYG000000644__gradient_L0_base_gapseq	1343	1599	417	bio1	0.000000	1.163522	0.067474
MGYG000000644__gradient_L1_inulin_gapseq	1343	1599	417	bio1	0.000000	1.226329	0.068172
MGYG000000644__gradient_L2_fos_gapseq	1343	1599	417	bio1	0.000000	1.096965	0.068653
MGYG000000644__gradient_L3_gos_gapseq	1343	1599	417	bio1	0.803665	1.246690	4.995727
MGYG000000644__gradient_L4_xos_gapseq	1343	1599	417	bio1	0.865840	1.219341	5.005606
MGYG000000644__gradient_L5_pectin_gapseq	1343	1599	417	bio1	0.898079	1.253971	5.003939
MGYG000000644__gradient_L6_resistant_starch_gapseq	1343	1599	417	bio1	1.360941	1.155517	5.150431
MGYG000000644__gradient_L7_bglucan_gapseq	1343	1599	417	bio1	1.519833	1.134383	5.004638
MGYG000000644__gradient_L8_hmo_gapseq	1343	1599	417	bio1	1.519833	1.245889	5.008671
MGYG000000644__gradient_L9_mos_gapseq	1343	1599	417	bio1	1.621156	1.189816	4.984446
MGYG000000646__gradient_L0_base_gapseq	1083	1219	303	bio1	0.000000	0.872471	0.045096
MGYG000000646__gradient_L1_inulin_gapseq	1083	1219	303	bio1	0.285121	0.840364	3.196413
MGYG000000646__gradient_L2_fos_gapseq	1083	1219	303	bio1	0.285121	0.870556	3.099454
MGYG000000646__gradient_L3_gos_gapseq	1083	1219	303	bio1	0.495574	0.867648	3.180260
MGYG000000646__gradient_L4_xos_gapseq	1083	1219	303	bio1	0.495574	0.869450	3.115110
MGYG000000646__gradient_L5_pectin_gapseq	1083	1219	303	bio1	0.527255	0.972236	3.120534
MGYG000000646__gradient_L6_resistant_starch_gapseq	1083	1219	303	bio1	0.954951	0.859722	3.161638
MGYG000000646__gradient_L7_bglucan_gapseq	1083	1219	303	bio1	1.107992	0.962267	3.111071
MGYG000000646__gradient_L8_hmo_gapseq	1083	1219	303	bio1	1.218131	0.872322	3.195363
MGYG000000646__gradient_L9_mos_gapseq	1083	1219	303	bio1	1.288620	0.849841	3.128933
MGYG000000650__gradient_L0_base_gapseq	1330	1491	407	bio1	0.000000	1.136934	0.055902
MGYG000000650__gradient_L1_inulin_gapseq	1330	1491	407	bio1	0.530396	1.081881	4.339893
MGYG000000650__gradient_L2_fos_gapseq	1330	1491	407	bio1	0.530396	1.126913	4.404910
MGYG000000650__gradient_L3_gos_gapseq	1330	1491	407	bio1	0.647541	1.167033	4.362157
MGYG000000650__gradient_L4_xos_gapseq	1330	1491	407	bio1	0.667065	1.068572	4.437795
MGYG000000650__gradient_L5_pectin_gapseq	1330	1491	407	bio1	0.681708	1.091877	4.322557
MGYG000000650__gradient_L6_resistant_starch_gapseq	1330	1491	407	bio1	1.005956	1.149044	4.330955
MGYG000000650__gradient_L7_bglucan_gapseq	1330	1491	407	bio1	1.005956	1.170621	4.329383
MGYG000000650__gradient_L8_hmo_gapseq	1330	1491	407	bio1	1.005956	1.110937	4.434438
MGYG000000650__gradient_L9_mos_gapseq	1330	1491	407	bio1	1.081818	1.089649	4.322469
MGYG000000654__gradient_L0_base_gapseq	827	825	176	bio1	0.000000	0.558424	0.023947
MGYG000000654__gradient_L1_inulin_gapseq	827	825	176	bio1	0.000000	0.547530	0.024067
MGYG000000654__gradient_L2_fos_gapseq	827	825	176	bio1	0.000000	0.566854	0.024658
MGYG000000654__gradient_L3_gos_gapseq	827	825	176	bio1	0.000000	0.666843	0.025134
MGYG000000654__gradient_L4_xos_gapseq	827	825	176	bio1	0.000000	0.551031	0.023920
MGYG000000654__gradient_L5_pectin_gapseq	827	825	176	bio1	0.000000	0.552166	0.023975
MGYG000000654__gradient_L6_resistant_starch_gapseq	827	825	176	bio1	0.000000	0.555680	0.023875
MGYG000000654__gradient_L7_bglucan_gapseq	827	825	176	bio1	0.000000	0.634904	0.025293
MGYG000000654__gradient_L8_hmo_gapseq	827	825	176	bio1	0.000000	0.551644	0.023962
MGYG000000654__gradient_L9_mos_gapseq	827	825	176	bio1	0.000000	0.537682	0.024006
MGYG000000659__gradient_L0_base_gapseq	887	934	183	bio1	0.000000	0.657945	0.030706
MGYG000000659__gradient_L1_inulin_gapseq	887	934	183	bio1	0.000000	0.770764	0.031133
MGYG000000659__gradient_L2_fos_gapseq	887	934	183	bio1	0.000000	0.669849	0.032656
MGYG000000659__gradient_L3_gos_gapseq	887	934	183	bio1	0.000000	0.643121	0.032102
MGYG000000659__gradient_L4_xos_gapseq	887	934	183	bio1	0.000000	0.738274	0.032222
MGYG000000659__gradient_L5_pectin_gapseq	887	934	183	bio1	0.000000	0.634309	0.031507
MGYG000000659__gradient_L6_resistant_starch_gapseq	887	934	183	bio1	0.000000	0.637522	0.031476
MGYG000000659__gradient_L7_bglucan_gapseq	887	934	183	bio1	0.000000	0.645688	0.031724
MGYG000000659__gradient_L8_hmo_gapseq	887	934	183	bio1	0.000000	0.740653	0.031646
MGYG000000659__gradient_L9_mos_gapseq	887	934	183	bio1	0.000000	0.634418	0.032962
MGYG000000660__gradient_L0_base_gapseq	1047	1167	278	bio1	0.526725	0.874102	2.886060
MGYG000000660__gradient_L1_inulin_gapseq	1047	1167	278	bio1	0.756574	0.804827	2.903794
MGYG000000660__gradient_L2_fos_gapseq	1047	1167	278	bio1	0.756574	0.911594	2.879576
MGYG000000660__gradient_L3_gos_gapseq	1047	1167	278	bio1	0.986422	0.823027	2.963547
MGYG000000660__gradient_L4_xos_gapseq	1047	1167	278	bio1	0.986422	0.831379	2.887423
MGYG000000660__gradient_L5_pectin_gapseq	1047	1167	278	bio1	0.986422	0.869403	2.885048
MGYG000000660__gradient_L6_resistant_starch_gapseq	1047	1167	278	bio1	1.463684	0.810748	2.881723
MGYG000000660__gradient_L7_bglucan_gapseq	1047	1167	278	bio1	1.463684	0.901114	2.889221
MGYG000000660__gradient_L8_hmo_gapseq	1047	1167	278	bio1	1.463684	0.806586	2.878556
MGYG000000660__gradient_L9_mos_gapseq	1047	1167	278	bio1	1.575381	0.908220	2.875436
MGYG000000670__gradient_L0_base_gapseq	1290	1487	424	bio1	0.647983	1.198708	4.526237
MGYG000000670__gradient_L1_inulin_gapseq	1290	1487	424	bio1	0.870152	1.105098	4.688769
MGYG000000670__gradient_L2_fos_gapseq	1290	1487	424	bio1	0.870152	1.090666	4.554322
MGYG000000670__gradient_L3_gos_gapseq	1290	1487	424	bio1	1.062644	1.221162	4.540076
MGYG000000670__gradient_L4_xos_gapseq	1290	1487	424	bio1	1.062644	1.197172	4.518304
MGYG000000670__gradient_L5_pectin_gapseq	1290	1487	424	bio1	1.062644	1.072011	4.611619
MGYG000000670__gradient_L6_resistant_starch_gapseq	1290	1487	424	bio1	1.524178	1.120455	4.497771
MGYG000000670__gradient_L7_bglucan_gapseq	1290	1487	424	bio1	1.679523	1.173591	4.590925
MGYG000000670__gradient_L8_hmo_gapseq	1290	1487	424	bio1	1.679523	1.151497	4.550986
MGYG000000670__gradient_L9_mos_gapseq	1290	1487	424	bio1	1.787590	1.103400	4.600401
MGYG000000672__gradient_L0_base_gapseq	1215	1353	313	bio1	0.335139	0.942005	3.811991
MGYG000000672__gradient_L1_inulin_gapseq	1215	1353	313	bio1	0.459033	0.959536	3.715301
MGYG000000672__gradient_L2_fos_gapseq	1215	1353	313	bio1	0.459033	1.026930	3.696304
MGYG000000672__gradient_L3_gos_gapseq	1215	1353	313	bio1	0.539610	0.935378	3.782283
MGYG000000672__gradient_L4_xos_gapseq	1215	1353	313	bio1	0.539610	0.948035	3.708153
MGYG000000672__gradient_L5_pectin_gapseq	1215	1353	313	bio1	0.539610	1.012700	3.713752
MGYG000000672__gradient_L6_resistant_starch_gapseq	1215	1353	313	bio1	0.815524	0.945746	3.816769
MGYG000000672__gradient_L7_bglucan_gapseq	1215	1353	313	bio1	0.815524	0.927869	3.714849
MGYG000000672__gradient_L8_hmo_gapseq	1215	1353	313	bio1	0.815524	0.989089	3.764874
MGYG000000672__gradient_L9_mos_gapseq	1215	1353	313	bio1	0.922959	0.938554	3.804670
MGYG000000676__gradient_L0_base_gapseq	1051	1154	253	bio1	0.275536	0.915642	2.794304
MGYG000000676__gradient_L1_inulin_gapseq	1051	1154	253	bio1	0.458568	0.825226	2.882026
MGYG000000676__gradient_L2_fos_gapseq	1051	1154	253	bio1	0.458568	0.833262	2.800204
MGYG000000676__gradient_L3_gos_gapseq	1051	1154	253	bio1	0.789995	0.897229	2.785742
MGYG000000676__gradient_L4_xos_gapseq	1051	1154	253	bio1	0.888293	0.832775	2.798317
MGYG000000676__gradient_L5_pectin_gapseq	1051	1154	253	bio1	0.888293	0.934470	2.808912
MGYG000000676__gradient_L6_resistant_starch_gapseq	1051	1154	253	bio1	1.604626	0.829550	2.796261
MGYG000000676__gradient_L7_bglucan_gapseq	1051	1154	253	bio1	1.853830	0.907642	2.789433
MGYG000000676__gradient_L8_hmo_gapseq	1051	1154	253	bio1	1.853830	0.835609	2.873058
MGYG000000676__gradient_L9_mos_gapseq	1051	1154	253	bio1	1.983498	0.825698	2.800078
MGYG000000683__gradient_L0_base_gapseq	1172	1264	246	bio1	0.380655	0.916053	3.404036
MGYG000000683__gradient_L1_inulin_gapseq	1172	1264	246	bio1	0.523963	0.907877	3.329618
MGYG000000683__gradient_L2_fos_gapseq	1172	1264	246	bio1	0.523963	0.970128	3.320197
MGYG000000683__gradient_L3_gos_gapseq	1172	1264	246	bio1	0.523963	0.885876	3.385793
MGYG000000683__gradient_L4_xos_gapseq	1172	1264	246	bio1	0.523963	0.914396	3.312039
MGYG000000683__gradient_L5_pectin_gapseq	1172	1264	246	bio1	0.523963	0.892449	3.370307
MGYG000000683__gradient_L6_resistant_starch_gapseq	1172	1264	246	bio1	1.175562	0.910957	3.340155
MGYG000000683__gradient_L7_bglucan_gapseq	1172	1264	246	bio1	1.175562	0.978310	3.332588
MGYG000000683__gradient_L8_hmo_gapseq	1172	1264	246	bio1	1.175562	0.895649	3.387115
MGYG000000683__gradient_L9_mos_gapseq	1172	1264	246	bio1	1.175562	0.898619	3.339307
MGYG000000684__gradient_L0_base_gapseq	1167	1290	313	bio1	0.555700	0.916181	3.454734
MGYG000000684__gradient_L1_inulin_gapseq	1167	1290	313	bio1	0.770814	0.990498	3.466766
MGYG000000684__gradient_L2_fos_gapseq	1167	1290	313	bio1	0.770814	0.945897	3.472209
MGYG000000684__gradient_L3_gos_gapseq	1167	1290	313	bio1	0.985927	0.991373	3.460345
MGYG000000684__gradient_L4_xos_gapseq	1167	1290	313	bio1	1.043886	0.894097	3.517857
MGYG000000684__gradient_L5_pectin_gapseq	1167	1290	313	bio1	1.043886	0.904289	3.450071
MGYG000000684__gradient_L6_resistant_starch_gapseq	1167	1290	313	bio1	1.310558	1.008868	3.451146
MGYG000000684__gradient_L7_bglucan_gapseq	1167	1290	313	bio1	1.310558	0.900035	3.540116
MGYG000000684__gradient_L8_hmo_gapseq	1167	1290	313	bio1	1.310558	0.928894	3.475293
MGYG000000684__gradient_L9_mos_gapseq	1167	1290	313	bio1	1.419962	1.007092	3.505462
MGYG000000685__gradient_L0_base_gapseq	1365	1522	392	bio1	0.000000	1.108768	0.060671
MGYG000000685__gradient_L1_inulin_gapseq	1365	1522	392	bio1	0.000000	1.236490	0.062039
MGYG000000685__gradient_L2_fos_gapseq	1365	1522	392	bio1	0.000000	1.172515	0.063132
MGYG000000685__gradient_L3_gos_gapseq	1365	1522	392	bio1	0.881198	1.215339	4.752275
MGYG000000685__gradient_L4_xos_gapseq	1365	1522	392	bio1	0.881198	1.108503	4.853607
MGYG000000685__gradient_L5_pectin_gapseq	1365	1522	392	bio1	0.881198	1.122930	4.835238
MGYG000000685__gradient_L6_resistant_starch_gapseq	1365	1522	392	bio1	1.429947	1.121600	4.686830
MGYG000000685__gradient_L7_bglucan_gapseq	1365	1522	392	bio1	1.612928	1.232116	4.731000
MGYG000000685__gradient_L8_hmo_gapseq	1365	1522	392	bio1	1.612928	1.206089	4.753476
MGYG000000685__gradient_L9_mos_gapseq	1365	1522	392	bio1	1.739433	1.149966	4.824842
MGYG000000691__gradient_L0_base_gapseq	1083	1101	209	bio1	0.000000	0.797511	0.098677
MGYG000000691__gradient_L1_inulin_gapseq	1083	1101	209	bio1	0.000000	0.795140	0.032944
MGYG000000691__gradient_L2_fos_gapseq	1083	1101	209	bio1	0.000000	0.815097	0.033054
MGYG000000691__gradient_L3_gos_gapseq	1083	1101	209	bio1	0.000000	0.853360	0.035474
MGYG000000691__gradient_L4_xos_gapseq	1083	1101	209	bio1	0.000000	0.816315	0.035207
MGYG000000691__gradient_L5_pectin_gapseq	1083	1101	209	bio1	0.000000	0.806141	0.034827
MGYG000000691__gradient_L6_resistant_starch_gapseq	1083	1101	209	bio1	0.000000	0.875261	0.035911
MGYG000000691__gradient_L7_bglucan_gapseq	1083	1101	209	bio1	0.000000	0.811938	0.035572
MGYG000000691__gradient_L8_hmo_gapseq	1083	1101	209	bio1	0.000000	0.782082	0.035798
MGYG000000691__gradient_L9_mos_gapseq	1083	1101	209	bio1	0.000000	0.911432	0.035462
MGYG000000693__gradient_L0_base_gapseq	1164	1312	317	bio1	0.779040	0.912585	3.478972
MGYG000000693__gradient_L1_inulin_gapseq	1164	1312	317	bio1	1.072052	1.025163	3.470449
MGYG000000693__gradient_L2_fos_gapseq	1164	1312	317	bio1	1.072052	0.941478	3.544911
MGYG000000693__gradient_L3_gos_gapseq	1164	1312	317	bio1	1.366256	0.910843	3.469046
MGYG000000693__gradient_L4_xos_gapseq	1164	1312	317	bio1	1.366256	0.986366	3.456081
MGYG000000693__gradient_L5_pectin_gapseq	1164	1312	317	bio1	1.366256	0.939182	3.540153
MGYG000000693__gradient_L6_resistant_starch_gapseq	1164	1312	317	bio1	1.983638	0.924201	3.493405
MGYG000000693__gradient_L7_bglucan_gapseq	1164	1312	317	bio1	1.983638	0.995692	3.463599
MGYG000000693__gradient_L8_hmo_gapseq	1164	1312	317	bio1	1.983638	0.924195	3.554273
MGYG000000693__gradient_L9_mos_gapseq	1164	1312	317	bio1	2.126283	0.918261	3.452911
MGYG000000694__gradient_L0_base_gapseq	1168	1302	293	bio1	0.000000	1.006262	0.046014
MGYG000000694__gradient_L1_inulin_gapseq	1168	1302	293	bio1	0.000000	0.920503	0.046886
MGYG000000694__gradient_L2_fos_gapseq	1168	1302	293	bio1	0.000000	0.923346	0.046912
MGYG000000694__gradient_L3_gos_gapseq	1168	1302	293	bio1	0.000000	0.982681	0.046090
MGYG000000694__gradient_L4_xos_gapseq	1168	1302	293	bio1	0.000000	0.923320	0.046423
MGYG000000694__gradient_L5_pectin_gapseq	1168	1302	293	bio1	0.000000	1.001093	0.046832
MGYG000000694__gradient_L6_resistant_starch_gapseq	1168	1302	293	bio1	0.000000	0.909000	0.047493
MGYG000000694__gradient_L7_bglucan_gapseq	1168	1302	293	bio1	0.000000	1.008514	0.046998
MGYG000000694__gradient_L8_hmo_gapseq	1168	1302	293	bio1	0.000000	0.937405	0.047700
MGYG000000694__gradient_L9_mos_gapseq	1168	1302	293	bio1	0.000000	0.902754	0.046587
MGYG000000696__gradient_L0_base_gapseq	1378	1611	432	bio1	0.000000	1.299714	0.066837
MGYG000000696__gradient_L1_inulin_gapseq	1378	1611	432	bio1	1.386182	1.156539	5.351464
MGYG000000696__gradient_L2_fos_gapseq	1378	1611	432	bio1	1.386182	1.183231	5.252576
MGYG000000696__gradient_L3_gos_gapseq	1378	1611	432	bio1	1.687729	1.136712	5.197824
MGYG000000696__gradient_L4_xos_gapseq	1378	1611	432	bio1	1.687729	1.242097	5.183041
MGYG000000696__gradient_L5_pectin_gapseq	1378	1611	432	bio1	1.687729	1.213135	5.170316
MGYG000000696__gradient_L6_resistant_starch_gapseq	1378	1611	432	bio1	2.272718	1.165473	5.312330
MGYG000000696__gradient_L7_bglucan_gapseq	1378	1611	432	bio1	2.272718	1.134577	5.298514
MGYG000000696__gradient_L8_hmo_gapseq	1378	1611	432	bio1	2.272718	1.162184	5.188756
MGYG000000696__gradient_L9_mos_gapseq	1378	1611	432	bio1	2.276100	1.193687	5.181459
MGYG000000701__gradient_L0_base_gapseq	1264	1465	341	bio1	0.892328	1.007512	4.423515
MGYG000000701__gradient_L1_inulin_gapseq	1264	1465	341	bio1	0.987643	1.045877	4.359268
MGYG000000701__gradient_L2_fos_gapseq	1264	1465	341	bio1	0.987643	1.121626	4.344996
MGYG000000701__gradient_L3_gos_gapseq	1264	1465	341	bio1	1.058147	1.038882	4.410315
MGYG000000701__gradient_L4_xos_gapseq	1264	1465	341	bio1	1.074736	1.021586	4.355807
MGYG000000701__gradient_L5_pectin_gapseq	1264	1465	341	bio1	1.074736	1.124063	4.346779
MGYG000000701__gradient_L6_resistant_starch_gapseq	1264	1465	341	bio1	1.301744	1.085945	4.345420
MGYG000000701__gradient_L7_bglucan_gapseq	1264	1465	341	bio1	1.434481	1.057168	4.355863
MGYG000000701__gradient_L8_hmo_gapseq	1264	1465	341	bio1	1.434481	1.137123	4.327792
MGYG000000701__gradient_L9_mos_gapseq	1264	1465	341	bio1	1.517256	1.097050	4.355346
MGYG000000716__gradient_L0_base_gapseq	1171	1310	322	bio1	0.852850	0.941382	3.638482
MGYG000000716__gradient_L1_inulin_gapseq	1171	1310	322	bio1	1.142029	1.019172	3.600127
MGYG000000716__gradient_L2_fos_gapseq	1171	1310	322	bio1	1.142029	0.943728	3.695251
MGYG000000716__gradient_L3_gos_gapseq	1171	1310	322	bio1	1.437615	0.941954	3.606211
MGYG000000716__gradient_L4_xos_gapseq	1171	1310	322	bio1	1.437615	0.995288	3.603771
MGYG000000716__gradient_L5_pectin_gapseq	1171	1310	322	bio1	1.437615	0.922913	3.589565
MGYG000000716__gradient_L6_resistant_starch_gapseq	1171	1310	322	bio1	2.057899	1.009665	3.600088
MGYG000000716__gradient_L7_bglucan_gapseq	1171	1310	322	bio1	2.057899	0.979387	3.620974
MGYG000000716__gradient_L8_hmo_gapseq	1171	1310	322	bio1	2.057899	0.910087	3.594916
MGYG000000716__gradient_L9_mos_gapseq	1171	1310	322	bio1	2.201214	1.027695	3.608530
MGYG000000719__gradient_L0_base_gapseq	946	1014	202	bio1	0.000000	0.850848	0.033838
MGYG000000719__gradient_L1_inulin_gapseq	946	1014	202	bio1	0.000000	0.717460	0.034833
MGYG000000719__gradient_L2_fos_gapseq	946	1014	202	bio1	0.000000	0.704273	0.033736
MGYG000000719__gradient_L3_gos_gapseq	946	1014	202	bio1	0.000000	0.751963	0.034048
MGYG000000719__gradient_L4_xos_gapseq	946	1014	202	bio1	1.134891	0.768266	2.119771
MGYG000000719__gradient_L5_pectin_gapseq	946	1014	202	bio1	1.134891	0.718781	2.126766
MGYG000000719__gradient_L6_resistant_starch_gapseq	946	1014	202	bio1	1.276753	0.789378	2.111664
MGYG000000719__gradient_L7_bglucan_gapseq	946	1014	202	bio1	1.276753	0.716497	2.135651
MGYG000000719__gradient_L8_hmo_gapseq	946	1014	202	bio1	1.276753	0.818332	2.124488
MGYG000000719__gradient_L9_mos_gapseq	946	1014	202	bio1	1.276753	0.716129	2.130612
MGYG000000722__gradient_L0_base_gapseq	1069	1164	255	bio1	0.000000	0.879797	0.038574
MGYG000000722__gradient_L1_inulin_gapseq	1069	1164	255	bio1	0.000000	0.813189	0.040887
MGYG000000722__gradient_L2_fos_gapseq	1069	1164	255	bio1	0.000000	0.797931	0.101231
MGYG000000722__gradient_L3_gos_gapseq	1069	1164	255	bio1	0.527176	0.832429	2.748591
MGYG000000722__gradient_L4_xos_gapseq	1069	1164	255	bio1	0.527176	0.805770	2.812602
MGYG000000722__gradient_L5_pectin_gapseq	1069	1164	255	bio1	0.527176	0.837962	2.755463
MGYG000000722__gradient_L6_resistant_starch_gapseq	1069	1164	255	bio1	0.633095	0.880050	2.748863
MGYG000000722__gradient_L7_bglucan_gapseq	1069	1164	255	bio1	0.633095	0.821133	2.731181
MGYG000000722__gradient_L8_hmo_gapseq	1069	1164	255	bio1	0.633095	0.934937	2.740566
MGYG000000722__gradient_L9_mos_gapseq	1069	1164	255	bio1	0.739013	0.826935	2.779785
MGYG000000725__gradient_L0_base_gapseq	1271	1366	320	bio1	0.127952	1.059474	3.827381
MGYG000000725__gradient_L1_inulin_gapseq	1271	1366	320	bio1	0.225951	0.992449	3.902794
MGYG000000725__gradient_L2_fos_gapseq	1271	1366	320	bio1	0.225951	0.999205	3.823259
MGYG000000725__gradient_L3_gos_gapseq	1271	1366	320	bio1	0.257000	1.091900	3.826734
MGYG000000725__gradient_L4_xos_gapseq	1271	1366	320	bio1	0.257000	0.991146	3.931299
MGYG000000725__gradient_L5_pectin_gapseq	1271	1366	320	bio1	0.257000	1.015256	3.831185
MGYG000000725__gradient_L6_resistant_starch_gapseq	1271	1366	320	bio1	0.298399	1.087410	3.845501
MGYG000000725__gradient_L7_bglucan_gapseq	1271	1366	320	bio1	0.298399	0.992100	3.926941
MGYG000000725__gradient_L8_hmo_gapseq	1271	1366	320	bio1	0.298399	0.995523	3.864739
MGYG000000725__gradient_L9_mos_gapseq	1271	1366	320	bio1	0.298399	1.099545	3.842195
MGYG000000726__gradient_L0_base_gapseq	1154	1303	295	bio1	0.000000	0.909132	0.125361
MGYG000000726__gradient_L1_inulin_gapseq	1154	1303	295	bio1	0.558469	0.936712	3.521996
MGYG000000726__gradient_L2_fos_gapseq	1154	1303	295	bio1	0.558469	0.998895	3.543222
MGYG000000726__gradient_L3_gos_gapseq	1154	1303	295	bio1	0.839890	0.927814	3.591430
MGYG000000726__gradient_L4_xos_gapseq	1154	1303	295	bio1	0.919691	1.003386	3.540773
MGYG000000726__gradient_L5_pectin_gapseq	1154	1303	295	bio1	0.919691	0.936897	3.628478
MGYG000000726__gradient_L6_resistant_starch_gapseq	1154	1303	295	bio1	1.491991	0.924869	3.553181
MGYG000000726__gradient_L7_bglucan_gapseq	1154	1303	295	bio1	1.695446	0.994445	3.545246
MGYG000000726__gradient_L8_hmo_gapseq	1154	1303	295	bio1	1.695446	0.901755	3.639234
MGYG000000726__gradient_L9_mos_gapseq	1154	1303	295	bio1	1.800455	0.921595	3.579226
MGYG000000742__gradient_L0_base_gapseq	1314	1387	347	bio1	0.000000	1.034284	0.047730
MGYG000000742__gradient_L1_inulin_gapseq	1314	1387	347	bio1	0.240066	1.108281	3.875533
MGYG000000742__gradient_L2_fos_gapseq	1314	1387	347	bio1	0.240066	1.112630	3.902741
MGYG000000742__gradient_L3_gos_gapseq	1314	1387	347	bio1	0.240066	1.022229	3.943241
MGYG000000742__gradient_L4_xos_gapseq	1314	1387	347	bio1	0.240066	1.115837	3.907937
MGYG000000742__gradient_L5_pectin_gapseq	1314	1387	347	bio1	0.240066	1.071853	3.894500
MGYG000000742__gradient_L6_resistant_starch_gapseq	1314	1387	347	bio1	0.280079	1.029517	3.962375
MGYG000000742__gradient_L7_bglucan_gapseq	1314	1387	347	bio1	0.280079	1.035176	3.873609
MGYG000000742__gradient_L8_hmo_gapseq	1314	1387	347	bio1	0.280079	1.174215	3.874771
MGYG000000742__gradient_L9_mos_gapseq	1314	1387	347	bio1	0.280079	1.001007	3.960763
MGYG000000750__gradient_L0_base_gapseq	939	1012	198	bio1	0.000000	0.796617	0.031461
MGYG000000750__gradient_L1_inulin_gapseq	939	1012	198	bio1	0.000000	0.705818	0.034019
MGYG000000750__gradient_L2_fos_gapseq	939	1012	198	bio1	0.000000	0.707256	0.034052
MGYG000000750__gradient_L3_gos_gapseq	939	1012	198	bio1	0.807438	0.747135	2.109688
MGYG000000750__gradient_L4_xos_gapseq	939	1012	198	bio1	0.847477	0.761418	2.102991
MGYG000000750__gradient_L5_pectin_gapseq	939	1012	198	bio1	0.896413	0.779051	2.105712
MGYG000000750__gradient_L6_resistant_starch_gapseq	939	1012	198	bio1	0.994383	0.756067	2.104286
MGYG000000750__gradient_L7_bglucan_gapseq	939	1012	198	bio1	0.994383	0.825803	2.098902
MGYG000000750__gradient_L8_hmo_gapseq	939	1012	198	bio1	0.994383	0.732802	2.101358
MGYG000000750__gradient_L9_mos_gapseq	939	1012	198	bio1	0.994383	0.723372	2.181460
MGYG000000773__gradient_L0_base_gapseq	1055	1164	265	bio1	0.000000	0.829771	0.035818
MGYG000000773__gradient_L1_inulin_gapseq	1055	1164	265	bio1	0.000000	0.854946	0.036769
MGYG000000773__gradient_L2_fos_gapseq	1055	1164	265	bio1	0.000000	0.922989	0.038347
MGYG000000773__gradient_L3_gos_gapseq	1055	1164	265	bio1	0.000000	0.820525	0.036195
MGYG000000773__gradient_L4_xos_gapseq	1055	1164	265	bio1	0.000000	0.919674	0.036522
MGYG000000773__gradient_L5_pectin_gapseq	1055	1164	265	bio1	0.000000	0.815538	0.036889
MGYG000000773__gradient_L6_resistant_starch_gapseq	1055	1164	265	bio1	0.000000	0.828414	0.037766
MGYG000000773__gradient_L7_bglucan_gapseq	1055	1164	265	bio1	0.000000	0.909915	0.037207
MGYG000000773__gradient_L8_hmo_gapseq	1055	1164	265	bio1	0.000000	0.811749	0.037199
MGYG000000773__gradient_L9_mos_gapseq	1055	1164	265	bio1	0.000000	0.828362	0.037609
MGYG000000782__gradient_L0_base_gapseq	1287	1390	338	bio1	0.383244	1.069492	4.041423
MGYG000000782__gradient_L1_inulin_gapseq	1287	1390	338	bio1	0.537379	1.015254	4.129142
MGYG000000782__gradient_L2_fos_gapseq	1287	1390	338	bio1	0.537379	1.012119	4.044250
MGYG000000782__gradient_L3_gos_gapseq	1287	1390	338	bio1	0.537379	1.089780	4.034482
MGYG000000782__gradient_L4_xos_gapseq	1287	1390	338	bio1	0.599385	1.003545	4.130343
MGYG000000782__gradient_L5_pectin_gapseq	1287	1390	338	bio1	0.599385	1.009740	4.028324
MGYG000000782__gradient_L6_resistant_starch_gapseq	1287	1390	338	bio1	0.714540	1.108891	4.070603
MGYG000000782__gradient_L7_bglucan_gapseq	1287	1390	338	bio1	0.714540	0.987030	4.138021
MGYG000000782__gradient_L8_hmo_gapseq	1287	1390	338	bio1	0.714540	1.009659	4.053081
MGYG000000782__gradient_L9_mos_gapseq	1287	1390	338	bio1	0.714540	1.088653	4.031457
MGYG000000783__gradient_L0_base_gapseq	1331	1484	389	bio1	0.487625	1.189765	4.360481
MGYG000000783__gradient_L1_inulin_gapseq	1331	1484	389	bio1	0.618534	1.159488	4.362785
MGYG000000783__gradient_L2_fos_gapseq	1331	1484	389	bio1	0.618534	1.095533	4.522235
MGYG000000783__gradient_L3_gos_gapseq	1331	1484	389	bio1	0.709352	1.092493	4.374448
MGYG000000783__gradient_L4_xos_gapseq	1331	1484	389	bio1	0.709352	1.137541	4.385526
MGYG000000783__gradient_L5_pectin_gapseq	1331	1484	389	bio1	0.724079	1.187997	4.383771
MGYG000000783__gradient_L6_resistant_starch_gapseq	1331	1484	389	bio1	0.724079	1.073545	4.458205
MGYG000000783__gradient_L7_bglucan_gapseq	1331	1484	389	bio1	0.724079	1.092827	4.367480
MGYG000000783__gradient_L8_hmo_gapseq	1331	1484	389	bio1	0.724079	1.150136	4.428471
MGYG000000783__gradient_L9_mos_gapseq	1331	1484	389	bio1	0.724079	1.119968	4.387108
MGYG000000796__gradient_L0_base_gapseq	1300	1375	388	bio1	0.266645	1.080027	3.779737
MGYG000000796__gradient_L1_inulin_gapseq	1300	1375	388	bio1	0.341495	1.030349	3.874292
MGYG000000796__gradient_L2_fos_gapseq	1300	1375	388	bio1	0.341495	1.021478	3.809307
MGYG000000796__gradient_L3_gos_gapseq	1300	1375	388	bio1	0.341495	1.096044	3.805592
MGYG000000796__gradient_L4_xos_gapseq	1300	1375	388	bio1	0.341495	1.058876	3.886400
MGYG000000796__gradient_L5_pectin_gapseq	1300	1375	388	bio1	0.341495	0.998549	3.866001
MGYG000000796__gradient_L6_resistant_starch_gapseq	1300	1375	388	bio1	0.341495	1.091060	3.821430
MGYG000000796__gradient_L7_bglucan_gapseq	1300	1375	388	bio1	0.341495	1.013759	3.886880
MGYG000000796__gradient_L8_hmo_gapseq	1300	1375	388	bio1	0.341495	1.063409	3.796346
MGYG000000796__gradient_L9_mos_gapseq	1300	1375	388	bio1	0.341495	1.110119	3.814625
MGYG000000811__gradient_L0_base_gapseq	1144	1288	300	bio1	0.039833	0.907760	3.422764
MGYG000000811__gradient_L1_inulin_gapseq	1144	1288	300	bio1	0.076179	0.993994	3.425308
MGYG000000811__gradient_L2_fos_gapseq	1144	1288	300	bio1	0.076179	0.918506	3.489874
MGYG000000811__gradient_L3_gos_gapseq	1144	1288	300	bio1	0.076179	0.917540	3.416249
MGYG000000811__gradient_L4_xos_gapseq	1144	1288	300	bio1	0.076179	0.995441	3.414484
MGYG000000811__gradient_L5_pectin_gapseq	1144	1288	300	bio1	0.076179	0.916592	3.425041
MGYG000000811__gradient_L6_resistant_starch_gapseq	1144	1288	300	bio1	0.076179	1.007160	3.465821
MGYG000000811__gradient_L7_bglucan_gapseq	1144	1288	300	bio1	0.076179	0.909675	3.493515
MGYG000000811__gradient_L8_hmo_gapseq	1144	1288	300	bio1	0.076179	0.921136	3.428221
MGYG000000811__gradient_L9_mos_gapseq	1144	1288	300	bio1	0.076179	1.004720	3.429296
MGYG000000820__gradient_L0_base_gapseq	1249	1382	308	bio1	0.000000	1.030243	0.045685
MGYG000000820__gradient_L1_inulin_gapseq	1249	1382	308	bio1	0.000000	1.096011	0.044882
MGYG000000820__gradient_L2_fos_gapseq	1249	1382	308	bio1	0.000000	0.990092	0.045080
MGYG000000820__gradient_L3_gos_gapseq	1249	1382	308	bio1	0.000000	1.068567	0.047945
MGYG000000820__gradient_L4_xos_gapseq	1249	1382	308	bio1	1.453702	0.985341	3.977887
MGYG000000820__gradient_L5_pectin_gapseq	1249	1382	308	bio1	1.453702	1.004261	3.870388
MGYG000000820__gradient_L6_resistant_starch_gapseq	1249	1382	308	bio1	2.199798	1.051061	3.876755
MGYG000000820__gradient_L7_bglucan_gapseq	1249	1382	308	bio1	2.449922	0.990072	3.983993
MGYG000000820__gradient_L8_hmo_gapseq	1249	1382	308	bio1	2.449922	1.008033	3.891462
MGYG000000820__gradient_L9_mos_gapseq	1249	1382	308	bio1	2.620946	1.094344	3.888073
MGYG000000821__gradient_L0_base_gapseq	1282	1348	334	bio1	0.000000	1.008600	0.041757
MGYG000000821__gradient_L1_inulin_gapseq	1282	1348	334	bio1	0.000000	1.080997	0.045613
MGYG000000821__gradient_L2_fos_gapseq	1282	1348	334	bio1	0.000000	1.018525	0.045156
MGYG000000821__gradient_L3_gos_gapseq	1282	1348	334	bio1	0.000000	1.076943	0.045395
MGYG000000821__gradient_L4_xos_gapseq	1282	1348	334	bio1	0.000000	0.988138	0.044631
MGYG000000821__gradient_L5_pectin_gapseq	1282	1348	334	bio1	0.000000	1.100259	0.045701
MGYG000000821__gradient_L6_resistant_starch_gapseq	1282	1348	334	bio1	0.000000	0.994209	0.045297
MGYG000000821__gradient_L7_bglucan_gapseq	1282	1348	334	bio1	0.000000	1.094722	0.045918
MGYG000000821__gradient_L8_hmo_gapseq	1282	1348	334	bio1	0.000000	0.994412	0.044901
MGYG000000821__gradient_L9_mos_gapseq	1282	1348	334	bio1	0.000000	1.108589	0.045266
MGYG000000822__gradient_L0_base_gapseq	1330	1584	437	bio1	0.569729	1.212670	5.022909
MGYG000000822__gradient_L1_inulin_gapseq	1330	1584	437	bio1	0.725555	1.155555	5.110114
MGYG000000822__gradient_L2_fos_gapseq	1330	1584	437	bio1	0.725555	1.116677	5.118966
MGYG000000822__gradient_L3_gos_gapseq	1330	1584	437	bio1	0.842425	1.123625	5.049829
MGYG000000822__gradient_L4_xos_gapseq	1330	1584	437	bio1	0.894689	1.222878	5.012792
MGYG000000822__gradient_L5_pectin_gapseq	1330	1584	437	bio1	0.894689	1.260418	5.010686
MGYG000000822__gradient_L6_resistant_starch_gapseq	1330	1584	437	bio1	1.248180	1.279810	5.033539
MGYG000000822__gradient_L7_bglucan_gapseq	1330	1584	437	bio1	1.357684	1.153954	5.129612
MGYG000000822__gradient_L8_hmo_gapseq	1330	1584	437	bio1	1.357684	1.150971	5.003538
MGYG000000822__gradient_L9_mos_gapseq	1330	1584	437	bio1	1.434716	1.191883	4.978832
MGYG000000833__gradient_L0_base_gapseq	1170	1273	317	bio1	0.525956	0.910807	3.365028
MGYG000000833__gradient_L1_inulin_gapseq	1170	1273	317	bio1	0.638663	0.895936	3.255501
MGYG000000833__gradient_L2_fos_gapseq	1170	1273	317	bio1	0.638663	0.985100	3.265942
MGYG000000833__gradient_L3_gos_gapseq	1170	1273	317	bio1	0.864077	0.911225	3.284444
MGYG000000833__gradient_L4_xos_gapseq	1170	1273	317	bio1	0.864077	0.978397	3.296196
MGYG000000833__gradient_L5_pectin_gapseq	1170	1273	317	bio1	0.864077	0.909300	3.351865
MGYG000000833__gradient_L6_resistant_starch_gapseq	1170	1273	317	bio1	1.335757	0.890386	3.278236
MGYG000000833__gradient_L7_bglucan_gapseq	1170	1273	317	bio1	1.335757	0.985079	3.338348
MGYG000000833__gradient_L8_hmo_gapseq	1170	1273	317	bio1	1.335757	0.916335	3.266462
MGYG000000833__gradient_L9_mos_gapseq	1170	1273	317	bio1	1.445359	0.968649	3.272722
MGYG000000835__gradient_L0_base_gapseq	1148	1260	325	bio1	0.595974	0.924515	3.333592
MGYG000000835__gradient_L1_inulin_gapseq	1148	1260	325	bio1	0.707721	1.032609	3.330357
MGYG000000835__gradient_L2_fos_gapseq	1148	1260	325	bio1	0.707721	0.902956	3.430861
MGYG000000835__gradient_L3_gos_gapseq	1148	1260	325	bio1	0.931216	0.895941	3.354492
MGYG000000835__gradient_L4_xos_gapseq	1148	1260	325	bio1	0.990496	0.964339	3.340175
MGYG000000835__gradient_L5_pectin_gapseq	1148	1260	325	bio1	0.990496	0.889273	3.423181
MGYG000000835__gradient_L6_resistant_starch_gapseq	1148	1260	325	bio1	1.462873	0.897387	3.390287
MGYG000000835__gradient_L7_bglucan_gapseq	1148	1260	325	bio1	1.462873	0.885033	3.439322
MGYG000000835__gradient_L8_hmo_gapseq	1148	1260	325	bio1	1.462873	0.893759	3.327767
MGYG000000835__gradient_L9_mos_gapseq	1148	1260	325	bio1	1.573453	0.970246	3.353900
MGYG000000836__gradient_L0_base_gapseq	868	891	176	bio1	0.000000	0.621299	0.030915
MGYG000000836__gradient_L1_inulin_gapseq	868	891	176	bio1	0.000000	0.664728	0.030906
MGYG000000836__gradient_L2_fos_gapseq	868	891	176	bio1	0.000000	0.723180	0.031398
MGYG000000836__gradient_L3_gos_gapseq	868	891	176	bio1	0.000000	0.617146	0.030908
MGYG000000836__gradient_L4_xos_gapseq	868	891	176	bio1	0.000000	0.670203	0.030292
MGYG000000836__gradient_L5_pectin_gapseq	868	891	176	bio1	0.000000	0.690196	0.030331
MGYG000000836__gradient_L6_resistant_starch_gapseq	868	891	176	bio1	0.000000	0.619389	0.029728
MGYG000000836__gradient_L7_bglucan_gapseq	868	891	176	bio1	0.000000	0.624691	0.029557
MGYG000000836__gradient_L8_hmo_gapseq	868	891	176	bio1	0.000000	0.618228	0.029596
MGYG000000836__gradient_L9_mos_gapseq	868	891	176	bio1	0.000000	0.709595	0.031573
MGYG000000842__gradient_L0_base_gapseq	980	1074	266	bio1	0.349045	0.748394	2.530119
MGYG000000842__gradient_L1_inulin_gapseq	980	1074	266	bio1	0.450668	0.883058	2.482340
MGYG000000842__gradient_L2_fos_gapseq	980	1074	266	bio1	0.450668	0.766060	2.469678
MGYG000000842__gradient_L3_gos_gapseq	980	1074	266	bio1	0.450668	0.828753	2.477995
MGYG000000842__gradient_L4_xos_gapseq	980	1074	266	bio1	0.450668	0.748439	2.479595
MGYG000000842__gradient_L5_pectin_gapseq	980	1074	266	bio1	0.450668	0.898245	2.481846
MGYG000000842__gradient_L6_resistant_starch_gapseq	980	1074	266	bio1	0.709144	0.787620	2.481664
MGYG000000842__gradient_L7_bglucan_gapseq	980	1074	266	bio1	0.709144	0.840150	2.469375
MGYG000000842__gradient_L8_hmo_gapseq	980	1074	266	bio1	0.709144	0.774244	2.479326
MGYG000000842__gradient_L9_mos_gapseq	980	1074	266	bio1	0.744491	0.807400	2.492267
MGYG000000847__gradient_L0_base_gapseq	1428	1560	397	bio1	0.492118	1.252752	4.796051
MGYG000000847__gradient_L1_inulin_gapseq	1428	1560	397	bio1	0.654345	1.191635	4.872284
MGYG000000847__gradient_L2_fos_gapseq	1428	1560	397	bio1	0.654345	1.253782	4.796713
MGYG000000847__gradient_L3_gos_gapseq	1428	1560	397	bio1	0.654345	1.211149	4.787406
MGYG000000847__gradient_L4_xos_gapseq	1428	1560	397	bio1	0.654345	1.212793	4.802869
MGYG000000847__gradient_L5_pectin_gapseq	1428	1560	397	bio1	0.654345	1.273597	4.804216
MGYG000000847__gradient_L6_resistant_starch_gapseq	1428	1560	397	bio1	0.786148	1.138553	4.896874
MGYG000000847__gradient_L7_bglucan_gapseq	1428	1560	397	bio1	0.786148	1.172833	4.816941
MGYG000000847__gradient_L8_hmo_gapseq	1428	1560	397	bio1	0.786148	1.250267	4.859677
MGYG000000847__gradient_L9_mos_gapseq	1428	1560	397	bio1	0.786148	1.269196	4.867109
MGYG000000856__gradient_L0_base_gapseq	1129	1218	292	bio1	0.368174	0.886005	3.206296
MGYG000000856__gradient_L1_inulin_gapseq	1129	1218	292	bio1	0.542576	0.854100	3.123398
MGYG000000856__gradient_L2_fos_gapseq	1129	1218	292	bio1	0.542576	0.930703	3.129939
MGYG000000856__gradient_L3_gos_gapseq	1129	1218	292	bio1	0.658845	0.854224	3.143966
MGYG000000856__gradient_L4_xos_gapseq	1129	1218	292	bio1	0.658845	0.926575	3.111998
MGYG000000856__gradient_L5_pectin_gapseq	1129	1218	292	bio1	0.658845	0.853864	3.203670
MGYG000000856__gradient_L6_resistant_starch_gapseq	1129	1218	292	bio1	0.981005	0.869062	3.150654
MGYG000000856__gradient_L7_bglucan_gapseq	1129	1218	292	bio1	0.981005	0.933582	3.162274
MGYG000000856__gradient_L8_hmo_gapseq	1129	1218	292	bio1	0.981005	0.868212	3.144482
MGYG000000856__gradient_L9_mos_gapseq	1129	1218	292	bio1	1.057292	0.930121	3.123168
MGYG000000857__gradient_L0_base_gapseq	859	822	124	bio1	0.000000	0.662451	0.018693
MGYG000000857__gradient_L1_inulin_gapseq	859	822	124	bio1	0.000000	0.565747	0.022692
MGYG000000857__gradient_L2_fos_gapseq	859	822	124	bio1	0.000000	0.582137	0.023674
MGYG000000857__gradient_L3_gos_gapseq	859	822	124	bio1	0.000000	0.656861	0.022603
MGYG000000857__gradient_L4_xos_gapseq	859	822	124	bio1	0.000000	0.703348	0.023088
MGYG000000857__gradient_L5_pectin_gapseq	859	822	124	bio1	0.000000	0.630443	0.023653
MGYG000000857__gradient_L6_resistant_starch_gapseq	859	822	124	bio1	0.000000	0.586484	0.022779
MGYG000000857__gradient_L7_bglucan_gapseq	859	822	124	bio1	0.000000	0.605262	0.023240
MGYG000000857__gradient_L8_hmo_gapseq	859	822	124	bio1	0.000000	0.721862	0.023544
MGYG000000857__gradient_L9_mos_gapseq	859	822	124	bio1	0.000000	0.562912	0.022837
MGYG000000858__gradient_L0_base_gapseq	1040	1147	297	bio1	0.219886	0.814161	2.715270
MGYG000000858__gradient_L1_inulin_gapseq	1040	1147	297	bio1	0.256921	0.939247	2.722864
MGYG000000858__gradient_L2_fos_gapseq	1040	1147	297	bio1	0.256921	0.798118	2.802522
MGYG000000858__gradient_L3_gos_gapseq	1040	1147	297	bio1	0.256921	0.797311	2.731248
MGYG000000858__gradient_L4_xos_gapseq	1040	1147	297	bio1	0.256921	0.814076	2.807509
MGYG000000858__gradient_L5_pectin_gapseq	1040	1147	297	bio1	0.256921	0.797182	2.751141
MGYG000000858__gradient_L6_resistant_starch_gapseq	1040	1147	297	bio1	0.256921	0.867972	2.753395
MGYG000000858__gradient_L7_bglucan_gapseq	1040	1147	297	bio1	0.256921	0.812064	2.732497
MGYG000000858__gradient_L8_hmo_gapseq	1040	1147	297	bio1	0.256921	0.910110	2.723479
MGYG000000858__gradient_L9_mos_gapseq	1040	1147	297	bio1	0.256921	0.800369	2.732385
MGYG000000860__gradient_L0_base_gapseq	1431	1702	482	bio1	1.158767	1.195921	5.765352
MGYG000000860__gradient_L1_inulin_gapseq	1431	1702	482	bio1	1.381252	1.203336	5.668716
MGYG000000860__gradient_L2_fos_gapseq	1431	1702	482	bio1	1.381252	1.284407	5.691505
MGYG000000860__gradient_L3_gos_gapseq	1431	1702	482	bio1	1.596785	1.273972	5.716525
MGYG000000860__gradient_L4_xos_gapseq	1431	1702	482	bio1	1.638501	1.291683	5.735895
MGYG000000860__gradient_L5_pectin_gapseq	1431	1702	482	bio1	1.638501	1.337242	5.696871
MGYG000000860__gradient_L6_resistant_starch_gapseq	1431	1702	482	bio1	2.107926	1.185849	5.810532
MGYG000000860__gradient_L7_bglucan_gapseq	1431	1702	482	bio1	2.107926	1.218101	5.772530
MGYG000000860__gradient_L8_hmo_gapseq	1431	1702	482	bio1	2.107926	1.242808	5.713329
MGYG000000860__gradient_L9_mos_gapseq	1431	1702	482	bio1	2.205383	1.295175	5.693968
MGYG000000862__gradient_L0_base_gapseq	1229	1335	323	bio1	0.403704	0.975579	3.791749
MGYG000000862__gradient_L1_inulin_gapseq	1229	1335	323	bio1	0.499826	0.976446	3.765676
MGYG000000862__gradient_L2_fos_gapseq	1229	1335	323	bio1	0.499826	1.005881	3.746720
MGYG000000862__gradient_L3_gos_gapseq	1229	1335	323	bio1	0.672846	0.960487	3.805167
MGYG000000862__gradient_L4_xos_gapseq	1229	1335	323	bio1	0.672846	0.961561	3.727292
MGYG000000862__gradient_L5_pectin_gapseq	1229	1335	323	bio1	0.672846	1.022066	3.732157
MGYG000000862__gradient_L6_resistant_starch_gapseq	1229	1335	323	bio1	1.077359	0.936673	3.833769
MGYG000000862__gradient_L7_bglucan_gapseq	1229	1335	323	bio1	1.077359	0.955128	3.736719
MGYG000000862__gradient_L8_hmo_gapseq	1229	1335	323	bio1	1.077359	1.036702	3.732454
MGYG000000862__gradient_L9_mos_gapseq	1229	1335	323	bio1	1.171658	0.956322	3.841295
MGYG000000863__gradient_L0_base_gapseq	1180	1306	292	bio1	0.000000	1.004852	0.049819
MGYG000000863__gradient_L1_inulin_gapseq	1180	1306	292	bio1	0.000000	0.918186	0.049062
MGYG000000863__gradient_L2_fos_gapseq	1180	1306	292	bio1	0.000000	0.991116	0.049788
MGYG000000863__gradient_L3_gos_gapseq	1180	1306	292	bio1	0.655839	0.919988	3.519694
MGYG000000863__gradient_L4_xos_gapseq	1180	1306	292	bio1	0.800857	1.024594	3.527584
MGYG000000863__gradient_L5_pectin_gapseq	1180	1306	292	bio1	0.800857	0.907593	3.611028
MGYG000000863__gradient_L6_resistant_starch_gapseq	1180	1306	292	bio1	0.926279	0.923138	3.495258
MGYG000000863__gradient_L7_bglucan_gapseq	1180	1306	292	bio1	0.926279	0.985897	3.522842
MGYG000000863__gradient_L8_hmo_gapseq	1180	1306	292	bio1	0.926279	0.972554	3.503616
MGYG000000863__gradient_L9_mos_gapseq	1180	1306	292	bio1	1.043388	0.999575	3.530823
MGYG000000870__gradient_L0_base_gapseq	1285	1439	369	bio1	0.000000	1.039956	0.139792
MGYG000000870__gradient_L1_inulin_gapseq	1285	1439	369	bio1	0.000000	1.033851	0.055016
MGYG000000870__gradient_L2_fos_gapseq	1285	1439	369	bio1	0.000000	1.015056	0.055022
MGYG000000870__gradient_L3_gos_gapseq	1285	1439	369	bio1	0.705950	1.105044	4.132318
MGYG000000870__gradient_L4_xos_gapseq	1285	1439	369	bio1	0.850373	1.101261	4.122366
MGYG000000870__gradient_L5_pectin_gapseq	1285	1439	369	bio1	0.850373	1.034742	4.229514
MGYG000000870__gradient_L6_resistant_starch_gapseq	1285	1439	369	bio1	1.132307	1.036938	4.142301
MGYG000000870__gradient_L7_bglucan_gapseq	1285	1439	369	bio1	1.132307	1.122579	4.139324
MGYG000000870__gradient_L8_hmo_gapseq	1285	1439	369	bio1	1.132307	1.040875	4.209177
MGYG000000870__gradient_L9_mos_gapseq	1285	1439	369	bio1	1.233161	1.049375	4.132647
MGYG000000872__gradient_L0_base_gapseq	1216	1377	314	bio1	0.000000	1.055800	0.048641
MGYG000000872__gradient_L1_inulin_gapseq	1216	1377	314	bio1	0.000000	0.994188	0.049861
MGYG000000872__gradient_L2_fos_gapseq	1216	1377	314	bio1	0.000000	1.036741	0.049692
MGYG000000872__gradient_L3_gos_gapseq	1216	1377	314	bio1	0.000000	0.946992	0.050407
MGYG000000872__gradient_L4_xos_gapseq	1216	1377	314	bio1	0.680846	0.973013	3.937589
MGYG000000872__gradient_L5_pectin_gapseq	1216	1377	314	bio1	0.680846	0.979939	3.822380
MGYG000000872__gradient_L6_resistant_starch_gapseq	1216	1377	314	bio1	0.988084	1.029121	3.805711
MGYG000000872__gradient_L7_bglucan_gapseq	1216	1377	314	bio1	0.988084	0.969151	3.908745
MGYG000000872__gradient_L8_hmo_gapseq	1216	1377	314	bio1	0.988084	0.968644	3.809957
MGYG000000872__gradient_L9_mos_gapseq	1216	1377	314	bio1	1.108288	1.038222	3.817489
MGYG000000877__gradient_L0_base_gapseq	1115	1208	257	bio1	0.000000	0.847879	0.045156
MGYG000000877__gradient_L1_inulin_gapseq	1115	1208	257	bio1	0.000000	0.940293	0.044118
MGYG000000877__gradient_L2_fos_gapseq	1115	1208	257	bio1	0.000000	0.831522	0.044493
MGYG000000877__gradient_L3_gos_gapseq	1115	1208	257	bio1	1.022830	0.908075	2.994275
MGYG000000877__gradient_L4_xos_gapseq	1115	1208	257	bio1	1.022830	0.870768	3.001782
MGYG000000877__gradient_L5_pectin_gapseq	1115	1208	257	bio1	1.022830	0.937353	3.007893
MGYG000000877__gradient_L6_resistant_starch_gapseq	1115	1208	257	bio1	1.130028	0.866873	3.078138
MGYG000000877__gradient_L7_bglucan_gapseq	1115	1208	257	bio1	1.130028	0.868109	3.008861
MGYG000000877__gradient_L8_hmo_gapseq	1115	1208	257	bio1	1.130028	0.853142	3.088348
MGYG000000877__gradient_L9_mos_gapseq	1115	1208	257	bio1	1.130028	0.879979	3.018509
MGYG000000881__gradient_L0_base_gapseq	1147	1275	308	bio1	0.440637	0.913046	3.433097
MGYG000000881__gradient_L1_inulin_gapseq	1147	1275	308	bio1	0.670540	0.977498	3.441493
MGYG000000881__gradient_L2_fos_gapseq	1147	1275	308	bio1	0.670540	0.897382	3.445176
MGYG000000881__gradient_L3_gos_gapseq	1147	1275	308	bio1	0.900443	0.964147	3.406572
MGYG000000881__gradient_L4_xos_gapseq	1147	1275	308	bio1	0.900443	0.927576	3.502683
MGYG000000881__gradient_L5_pectin_gapseq	1147	1275	308	bio1	0.900443	0.901500	3.417081
MGYG000000881__gradient_L6_resistant_starch_gapseq	1147	1275	308	bio1	1.391608	0.991647	3.446464
MGYG000000881__gradient_L7_bglucan_gapseq	1147	1275	308	bio1	1.391608	0.909559	3.532375
MGYG000000881__gradient_L8_hmo_gapseq	1147	1275	308	bio1	1.391608	0.908506	3.458404
MGYG000000881__gradient_L9_mos_gapseq	1147	1275	308	bio1	1.504442	0.963797	3.455385
MGYG000000886__gradient_L0_base_gapseq	1375	1530	382	bio1	0.000000	1.224572	0.060118
MGYG000000886__gradient_L1_inulin_gapseq	1375	1530	382	bio1	0.000000	1.146517	0.060330
MGYG000000886__gradient_L2_fos_gapseq	1375	1530	382	bio1	0.000000	1.165591	0.060365
MGYG000000886__gradient_L3_gos_gapseq	1375	1530	382	bio1	0.000000	1.121710	0.063172
MGYG000000886__gradient_L4_xos_gapseq	1375	1530	382	bio1	0.699390	1.182729	4.684440
MGYG000000886__gradient_L5_pectin_gapseq	1375	1530	382	bio1	0.699390	1.181097	4.641631
MGYG000000886__gradient_L6_resistant_starch_gapseq	1375	1530	382	bio1	1.249133	1.219946	4.657981
MGYG000000886__gradient_L7_bglucan_gapseq	1375	1530	382	bio1	1.432099	1.127797	4.744202
MGYG000000886__gradient_L8_hmo_gapseq	1375	1530	382	bio1	1.432099	1.134337	4.618727
MGYG000000886__gradient_L9_mos_gapseq	1375	1530	382	bio1	1.522453	1.208214	4.622899
MGYG000000909__gradient_L0_base_gapseq	1458	1697	459	bio1	1.237465	1.363417	5.603765
MGYG000000909__gradient_L1_inulin_gapseq	1458	1697	459	bio1	1.396797	1.269075	5.596337
MGYG000000909__gradient_L2_fos_gapseq	1458	1697	459	bio1	1.396797	1.328400	5.552649
MGYG000000909__gradient_L3_gos_gapseq	1458	1697	459	bio1	1.707493	1.205174	5.696034
MGYG000000909__gradient_L4_xos_gapseq	1458	1697	459	bio1	1.707493	1.236587	5.660194
MGYG000000909__gradient_L5_pectin_gapseq	1458	1697	459	bio1	1.707493	1.237820	5.589052
MGYG000000909__gradient_L6_resistant_starch_gapseq	1458	1697	459	bio1	2.402577	1.291076	5.593966
MGYG000000909__gradient_L7_bglucan_gapseq	1458	1697	459	bio1	2.635600	1.314105	5.584906
MGYG000000909__gradient_L8_hmo_gapseq	1458	1697	459	bio1	2.635600	1.352887	5.596365
MGYG000000909__gradient_L9_mos_gapseq	1458	1697	459	bio1	2.635600	1.290976	5.592842
MGYG000000914__gradient_L0_base_gapseq	1331	1518	390	bio1	1.022072	1.109530	4.651763
MGYG000000914__gradient_L1_inulin_gapseq	1331	1518	390	bio1	1.152155	1.089816	4.543204
MGYG000000914__gradient_L2_fos_gapseq	1331	1518	390	bio1	1.152155	1.157533	4.558599
MGYG000000914__gradient_L3_gos_gapseq	1331	1518	390	bio1	1.341851	1.175677	4.617500
MGYG000000914__gradient_L4_xos_gapseq	1331	1518	390	bio1	1.341851	1.163672	4.642622
MGYG000000914__gradient_L5_pectin_gapseq	1331	1518	390	bio1	1.341851	1.067652	4.582216
MGYG000000914__gradient_L6_resistant_starch_gapseq	1331	1518	390	bio1	1.341851	1.187236	4.562105
MGYG000000914__gradient_L7_bglucan_gapseq	1331	1518	390	bio1	1.341851	1.159201	4.606918
MGYG000000914__gradient_L8_hmo_gapseq	1331	1518	390	bio1	1.341851	1.145051	4.667242
MGYG000000914__gradient_L9_mos_gapseq	1331	1518	390	bio1	1.341851	1.103103	4.563976
MGYG000000919__gradient_L0_base_gapseq	1469	1720	566	bio1	1.266837	1.236525	6.041965
MGYG000000919__gradient_L1_inulin_gapseq	1469	1720	566	bio1	1.606171	1.228751	6.056881
MGYG000000919__gradient_L2_fos_gapseq	1469	1720	566	bio1	1.606171	1.316990	5.930968
MGYG000000919__gradient_L3_gos_gapseq	1469	1720	566	bio1	1.937022	1.313097	5.960735
MGYG000000919__gradient_L4_xos_gapseq	1469	1720	566	bio1	2.098205	1.307286	6.017835
MGYG000000919__gradient_L5_pectin_gapseq	1469	1720	566	bio1	2.098205	1.333100	5.964436
MGYG000000919__gradient_L6_resistant_starch_gapseq	1469	1720	566	bio1	2.838378	1.309991	5.961053
MGYG000000919__gradient_L7_bglucan_gapseq	1469	1720	566	bio1	3.086516	1.341661	5.952725
MGYG000000919__gradient_L8_hmo_gapseq	1469	1720	566	bio1	3.260424	1.231183	6.067551
MGYG000000919__gradient_L9_mos_gapseq	1469	1720	566	bio1	3.430091	1.269251	6.034392
MGYG000000920__gradient_L0_base_gapseq	1273	1434	348	bio1	0.000000	1.115341	0.054802
MGYG000000920__gradient_L1_inulin_gapseq	1273	1434	348	bio1	0.945583	1.023914	4.112423
MGYG000000920__gradient_L2_fos_gapseq	1273	1434	348	bio1	0.945583	1.113497	4.131798
MGYG000000920__gradient_L3_gos_gapseq	1273	1434	348	bio1	1.162585	1.118399	4.111650
MGYG000000920__gradient_L4_xos_gapseq	1273	1434	348	bio1	1.216520	1.039706	4.267477
MGYG000000920__gradient_L5_pectin_gapseq	1273	1434	348	bio1	1.216520	1.066625	4.105343
MGYG000000920__gradient_L6_resistant_starch_gapseq	1273	1434	348	bio1	1.731148	1.139723	4.176958
MGYG000000920__gradient_L7_bglucan_gapseq	1273	1434	348	bio1	1.904189	1.056213	4.189849
MGYG000000920__gradient_L8_hmo_gapseq	1273	1434	348	bio1	2.034532	1.073526	4.141007
MGYG000000920__gradient_L9_mos_gapseq	1273	1434	348	bio1	2.154387	1.128835	4.194206
MGYG000000921__gradient_L0_base_gapseq	1196	1282	312	bio1	0.000000	1.020921	0.046993
MGYG000000921__gradient_L1_inulin_gapseq	1196	1282	312	bio1	0.000000	0.953647	0.047654
MGYG000000921__gradient_L2_fos_gapseq	1196	1282	312	bio1	0.000000	1.008532	0.046704
MGYG000000921__gradient_L3_gos_gapseq	1196	1282	312	bio1	0.233542	0.914868	3.380559
MGYG000000921__gradient_L4_xos_gapseq	1196	1282	312	bio1	0.253560	1.037777	3.380776
MGYG000000921__gradient_L5_pectin_gapseq	1196	1282	312	bio1	0.253560	0.935501	3.476191
MGYG000000921__gradient_L6_resistant_starch_gapseq	1196	1282	312	bio1	0.546334	0.935336	3.386411
MGYG000000921__gradient_L7_bglucan_gapseq	1196	1282	312	bio1	0.546334	0.977758	3.387934
MGYG000000921__gradient_L8_hmo_gapseq	1196	1282	312	bio1	0.546334	0.922181	3.494749
MGYG000000921__gradient_L9_mos_gapseq	1196	1282	312	bio1	0.546334	0.940841	3.384512
MGYG000000937__gradient_L0_base_gapseq	1145	1239	278	bio1	0.000000	0.886876	0.043425
MGYG000000937__gradient_L1_inulin_gapseq	1145	1239	278	bio1	0.000000	0.950848	0.045827
MGYG000000937__gradient_L2_fos_gapseq	1145	1239	278	bio1	0.000000	0.896101	0.045242
MGYG000000937__gradient_L3_gos_gapseq	1145	1239	278	bio1	0.000000	0.990319	0.045212
MGYG000000937__gradient_L4_xos_gapseq	1145	1239	278	bio1	0.411230	0.918842	3.109326
MGYG000000937__gradient_L5_pectin_gapseq	1145	1239	278	bio1	0.411230	0.973642	3.111917
MGYG000000937__gradient_L6_resistant_starch_gapseq	1145	1239	278	bio1	1.139725	0.865152	3.193435
MGYG000000937__gradient_L7_bglucan_gapseq	1145	1239	278	bio1	1.139725	0.917272	3.126580
MGYG000000937__gradient_L8_hmo_gapseq	1145	1239	278	bio1	1.139725	0.954616	3.123324
MGYG000000937__gradient_L9_mos_gapseq	1145	1239	278	bio1	1.139725	0.898471	3.144924
MGYG000000942__gradient_L0_base_gapseq	932	905	176	bio1	0.000000	0.621965	0.026356
MGYG000000942__gradient_L1_inulin_gapseq	932	905	176	bio1	0.000000	0.626275	0.027540
MGYG000000942__gradient_L2_fos_gapseq	932	905	176	bio1	0.000000	0.741643	0.027635
MGYG000000942__gradient_L3_gos_gapseq	932	905	176	bio1	0.000000	0.645926	0.027643
MGYG000000942__gradient_L4_xos_gapseq	932	905	176	bio1	0.000000	0.688674	0.027395
MGYG000000942__gradient_L5_pectin_gapseq	932	905	176	bio1	0.000000	0.764343	0.029702
MGYG000000942__gradient_L6_resistant_starch_gapseq	932	905	176	bio1	0.000000	0.674239	0.027580
MGYG000000942__gradient_L7_bglucan_gapseq	932	905	176	bio1	0.000000	0.718996	0.027308
MGYG000000942__gradient_L8_hmo_gapseq	932	905	176	bio1	0.000000	0.633864	0.026610
MGYG000000942__gradient_L9_mos_gapseq	932	905	176	bio1	0.000000	0.714322	0.026666
MGYG000000952__gradient_L0_base_gapseq	981	977	158	bio1	0.000000	0.679869	0.031928
MGYG000000952__gradient_L1_inulin_gapseq	981	977	158	bio1	0.000000	0.779221	0.034215
MGYG000000952__gradient_L2_fos_gapseq	981	977	158	bio1	0.000000	0.782924	0.033046
MGYG000000952__gradient_L3_gos_gapseq	981	977	158	bio1	0.000000	0.684412	0.034188
MGYG000000952__gradient_L4_xos_gapseq	981	977	158	bio1	0.000000	0.699506	0.033235
MGYG000000952__gradient_L5_pectin_gapseq	981	977	158	bio1	0.000000	0.776863	0.034738
MGYG000000952__gradient_L6_resistant_starch_gapseq	981	977	158	bio1	0.000000	0.682898	0.036256
MGYG000000952__gradient_L7_bglucan_gapseq	981	977	158	bio1	0.000000	0.687784	0.034803
MGYG000000952__gradient_L8_hmo_gapseq	981	977	158	bio1	0.000000	0.678641	0.035253
MGYG000000952__gradient_L9_mos_gapseq	981	977	158	bio1	0.000000	0.878550	0.035121
MGYG000000956__gradient_L0_base_gapseq	1216	1346	304	bio1	0.000000	0.938196	0.052162
MGYG000000956__gradient_L1_inulin_gapseq	1216	1346	304	bio1	0.000000	1.027479	0.054667
MGYG000000956__gradient_L2_fos_gapseq	1216	1346	304	bio1	0.000000	0.946881	0.055350
MGYG000000956__gradient_L3_gos_gapseq	1216	1346	304	bio1	0.000000	0.949960	0.193607
MGYG000000956__gradient_L4_xos_gapseq	1216	1346	304	bio1	0.546828	0.975955	3.739092
MGYG000000956__gradient_L5_pectin_gapseq	1216	1346	304	bio1	0.546828	1.127324	3.759317
MGYG000000956__gradient_L6_resistant_starch_gapseq	1216	1346	304	bio1	0.803818	0.964667	3.742687
MGYG000000956__gradient_L7_bglucan_gapseq	1216	1346	304	bio1	0.803818	1.021243	3.738520
MGYG000000956__gradient_L8_hmo_gapseq	1216	1346	304	bio1	0.803818	1.040166	3.730214
MGYG000000956__gradient_L9_mos_gapseq	1216	1346	304	bio1	0.897613	0.986350	3.707873
MGYG000000959__gradient_L0_base_gapseq	1219	1294	272	bio1	0.000000	0.930659	0.038850
MGYG000000959__gradient_L1_inulin_gapseq	1219	1294	272	bio1	0.000000	0.929755	0.041007
MGYG000000959__gradient_L2_fos_gapseq	1219	1294	272	bio1	0.000000	1.026403	0.039396
MGYG000000959__gradient_L3_gos_gapseq	1219	1294	272	bio1	0.412706	0.920921	3.640224
MGYG000000959__gradient_L4_xos_gapseq	1219	1294	272	bio1	0.412706	0.940582	3.548453
MGYG000000959__gradient_L5_pectin_gapseq	1219	1294	272	bio1	0.412706	0.993236	3.554686
MGYG000000959__gradient_L6_resistant_starch_gapseq	1219	1294	272	bio1	0.951300	0.915786	3.558202
MGYG000000959__gradient_L7_bglucan_gapseq	1219	1294	272	bio1	1.137282	1.020339	3.573053
MGYG000000959__gradient_L8_hmo_gapseq	1219	1294	272	bio1	1.137282	0.923555	3.611995
MGYG000000959__gradient_L9_mos_gapseq	1219	1294	272	bio1	1.232386	0.945197	3.555548
MGYG000000965__gradient_L0_base_gapseq	1047	1073	217	bio1	0.000000	0.784284	0.035430
MGYG000000965__gradient_L1_inulin_gapseq	1047	1073	217	bio1	0.000000	0.850811	0.034611
MGYG000000965__gradient_L2_fos_gapseq	1047	1073	217	bio1	0.000000	0.787024	0.035176
MGYG000000965__gradient_L3_gos_gapseq	1047	1073	217	bio1	0.000000	0.786799	0.106825
MGYG000000965__gradient_L4_xos_gapseq	1047	1073	217	bio1	0.000000	0.783347	0.035209
MGYG000000965__gradient_L5_pectin_gapseq	1047	1073	217	bio1	0.000000	0.771157	0.034747
MGYG000000965__gradient_L6_resistant_starch_gapseq	1047	1073	217	bio1	0.000000	0.869312	0.034559
MGYG000000965__gradient_L7_bglucan_gapseq	1047	1073	217	bio1	0.000000	0.790370	0.034632
MGYG000000965__gradient_L8_hmo_gapseq	1047	1073	217	bio1	0.000000	0.759725	0.035426
MGYG000000965__gradient_L9_mos_gapseq	1047	1073	217	bio1	0.000000	0.891211	0.035645
MGYG000000968__gradient_L0_base_gapseq	1324	1487	418	bio1	0.505460	1.163117	4.335402
MGYG000000968__gradient_L1_inulin_gapseq	1324	1487	418	bio1	0.630457	1.129262	4.358251
MGYG000000968__gradient_L2_fos_gapseq	1324	1487	418	bio1	0.630457	1.049262	4.441488
MGYG000000968__gradient_L3_gos_gapseq	1324	1487	418	bio1	0.711098	1.073978	4.361322
MGYG000000968__gradient_L4_xos_gapseq	1324	1487	418	bio1	0.725760	1.138554	4.398030
MGYG000000968__gradient_L5_pectin_gapseq	1324	1487	418	bio1	0.725760	1.175469	4.316893
MGYG000000968__gradient_L6_resistant_starch_gapseq	1324	1487	418	bio1	0.832086	1.079186	4.424025
MGYG000000968__gradient_L7_bglucan_gapseq	1324	1487	418	bio1	0.832086	1.070726	4.335971
MGYG000000968__gradient_L8_hmo_gapseq	1324	1487	418	bio1	0.832086	1.170341	4.337633
MGYG000000968__gradient_L9_mos_gapseq	1324	1487	418	bio1	0.832086	1.072884	4.428985
MGYG000000974__gradient_L0_base_gapseq	877	911	165	bio1	0.000000	0.620266	0.030073
MGYG000000974__gradient_L1_inulin_gapseq	877	911	165	bio1	0.000000	0.688796	0.030084
MGYG000000974__gradient_L2_fos_gapseq	877	911	165	bio1	0.000000	0.705200	0.029922
MGYG000000974__gradient_L3_gos_gapseq	877	911	165	bio1	0.000000	0.715117	0.030381
MGYG000000974__gradient_L4_xos_gapseq	877	911	165	bio1	0.000000	0.655956	0.030242
MGYG000000974__gradient_L5_pectin_gapseq	877	911	165	bio1	0.000000	0.644534	0.030275
MGYG000000974__gradient_L6_resistant_starch_gapseq	877	911	165	bio1	0.000000	0.735913	0.030921
MGYG000000974__gradient_L7_bglucan_gapseq	877	911	165	bio1	0.000000	0.618215	0.030831
MGYG000000974__gradient_L8_hmo_gapseq	877	911	165	bio1	0.000000	0.623261	0.030616
MGYG000000974__gradient_L9_mos_gapseq	877	911	165	bio1	0.000000	0.617673	0.030431
MGYG000000975__gradient_L0_base_gapseq	871	899	156	bio1	0.000000	0.728756	0.025590
MGYG000000975__gradient_L1_inulin_gapseq	871	899	156	bio1	0.000000	0.606370	0.028203
MGYG000000975__gradient_L2_fos_gapseq	871	899	156	bio1	0.000000	0.608879	0.027784
MGYG000000975__gradient_L3_gos_gapseq	871	899	156	bio1	0.000000	0.596043	0.027800
MGYG000000975__gradient_L4_xos_gapseq	871	899	156	bio1	0.215868	0.726044	1.695615
MGYG000000975__gradient_L5_pectin_gapseq	871	899	156	bio1	0.248018	0.657993	1.678259
MGYG000000975__gradient_L6_resistant_starch_gapseq	871	899	156	bio1	0.845411	0.837151	1.688078
MGYG000000975__gradient_L7_bglucan_gapseq	871	899	156	bio1	0.845411	0.606535	1.689265
MGYG000000975__gradient_L8_hmo_gapseq	871	899	156	bio1	0.845411	0.612428	1.698287
MGYG000000975__gradient_L9_mos_gapseq	871	899	156	bio1	0.955683	0.667622	1.680997
MGYG000000990__gradient_L0_base_gapseq	1409	1635	413	bio1	0.000000	1.307555	0.068288
MGYG000000990__gradient_L1_inulin_gapseq	1409	1635	413	bio1	0.000000	1.160873	0.129466
MGYG000000990__gradient_L2_fos_gapseq	1409	1635	413	bio1	0.000000	1.166218	0.066717
MGYG000000990__gradient_L3_gos_gapseq	1409	1635	413	bio1	0.000000	1.244840	0.070727
MGYG000000990__gradient_L4_xos_gapseq	1409	1635	413	bio1	1.383780	1.129577	5.311281
MGYG000000990__gradient_L5_pectin_gapseq	1409	1635	413	bio1	1.383780	1.234186	5.327952
MGYG000000990__gradient_L6_resistant_starch_gapseq	1409	1635	413	bio1	2.006036	1.252232	5.309334
MGYG000000990__gradient_L7_bglucan_gapseq	1409	1635	413	bio1	2.214952	1.265826	5.291792
MGYG000000990__gradient_L8_hmo_gapseq	1409	1635	413	bio1	2.363216	1.177162	5.398537
MGYG000000990__gradient_L9_mos_gapseq	1409	1635	413	bio1	2.467977	1.171065	5.421669
MGYG000000994__gradient_L0_base_gapseq	1226	1250	264	bio1	0.019292	1.002220	3.290187
MGYG000000994__gradient_L1_inulin_gapseq	1226	1250	264	bio1	0.107165	0.930432	3.347391
MGYG000000994__gradient_L2_fos_gapseq	1226	1250	264	bio1	0.107165	0.921264	3.291094
MGYG000000994__gradient_L3_gos_gapseq	1226	1250	264	bio1	0.107165	0.984341	3.293893
MGYG000000994__gradient_L4_xos_gapseq	1226	1250	264	bio1	0.107165	0.931754	3.312598
MGYG000000994__gradient_L5_pectin_gapseq	1226	1250	264	bio1	0.107165	0.973700	3.299749
MGYG000000994__gradient_L6_resistant_starch_gapseq	1226	1250	264	bio1	0.160752	0.900074	3.360055
MGYG000000994__gradient_L7_bglucan_gapseq	1226	1250	264	bio1	0.160752	0.903308	3.271160
MGYG000000994__gradient_L8_hmo_gapseq	1226	1250	264	bio1	0.160752	0.992033	3.283625
MGYG000000994__gradient_L9_mos_gapseq	1226	1250	264	bio1	0.160752	0.932103	3.368156
MGYG000001004__gradient_L0_base_gapseq	1333	1503	390	bio1	0.000000	1.101581	0.058469
MGYG000001004__gradient_L1_inulin_gapseq	1333	1503	390	bio1	0.000000	1.135906	0.058410
MGYG000001004__gradient_L2_fos_gapseq	1333	1503	390	bio1	0.000000	1.102888	0.058430
MGYG000001004__gradient_L3_gos_gapseq	1333	1503	390	bio1	0.000000	1.214530	0.062449
MGYG000001004__gradient_L4_xos_gapseq	1333	1503	390	bio1	1.250945	1.074666	4.595609
MGYG000001004__gradient_L5_pectin_gapseq	1333	1503	390	bio1	1.250945	1.099873	4.530947
MGYG000001004__gradient_L6_resistant_starch_gapseq	1333	1503	390	bio1	1.870828	1.175637	4.537783
MGYG000001004__gradient_L7_bglucan_gapseq	1333	1503	390	bio1	2.078948	1.134543	4.531935
MGYG000001004__gradient_L8_hmo_gapseq	1333	1503	390	bio1	2.226646	1.090008	4.619632
MGYG000001004__gradient_L9_mos_gapseq	1333	1503	390	bio1	2.226646	1.093746	4.526940
MGYG000001007__gradient_L0_base_gapseq	1380	1599	468	bio1	0.700884	1.145121	5.065194
MGYG000001007__gradient_L1_inulin_gapseq	1380	1599	468	bio1	0.997860	1.158584	4.966338
MGYG000001007__gradient_L2_fos_gapseq	1380	1599	468	bio1	0.997860	1.291404	5.028193
MGYG000001007__gradient_L3_gos_gapseq	1380	1599	468	bio1	1.274725	1.324677	4.964520
MGYG000001007__gradient_L4_xos_gapseq	1380	1599	468	bio1	1.274725	1.254008	4.963858
MGYG000001007__gradient_L5_pectin_gapseq	1380	1599	468	bio1	1.274725	1.172201	5.055798
MGYG000001007__gradient_L6_resistant_starch_gapseq	1380	1599	468	bio1	1.413158	1.174652	4.939822
MGYG000001007__gradient_L7_bglucan_gapseq	1380	1599	468	bio1	1.612155	1.245027	4.943638
MGYG000001007__gradient_L8_hmo_gapseq	1380	1599	468	bio1	1.612155	1.237383	4.946726
MGYG000001007__gradient_L9_mos_gapseq	1380	1599	468	bio1	1.750588	1.232535	4.916005
MGYG000001010__gradient_L0_base_gapseq	1330	1446	364	bio1	0.368954	1.056937	4.321162
MGYG000001010__gradient_L1_inulin_gapseq	1330	1446	364	bio1	0.511431	1.129228	4.379379
MGYG000001010__gradient_L2_fos_gapseq	1330	1446	364	bio1	0.511431	1.125438	4.340251
MGYG000001010__gradient_L3_gos_gapseq	1330	1446	364	bio1	0.511431	1.048266	4.420441
MGYG000001010__gradient_L4_xos_gapseq	1330	1446	364	bio1	0.511431	1.065634	4.324611
MGYG000001010__gradient_L5_pectin_gapseq	1330	1446	364	bio1	0.511431	1.094618	4.312814
MGYG000001010__gradient_L6_resistant_starch_gapseq	1330	1446	364	bio1	0.511431	1.016526	4.392338
MGYG000001010__gradient_L7_bglucan_gapseq	1330	1446	364	bio1	0.511431	1.049514	4.310944
MGYG000001010__gradient_L8_hmo_gapseq	1330	1446	364	bio1	0.511431	1.138022	4.307874
MGYG000001010__gradient_L9_mos_gapseq	1330	1446	364	bio1	0.511431	1.124722	4.337125
MGYG000001012__gradient_L0_base_gapseq	1147	1235	252	bio1	0.000000	0.880157	0.045056
MGYG000001012__gradient_L1_inulin_gapseq	1147	1235	252	bio1	0.340958	0.902094	3.470655
MGYG000001012__gradient_L2_fos_gapseq	1147	1235	252	bio1	0.340958	0.901690	3.310527
MGYG000001012__gradient_L3_gos_gapseq	1147	1235	252	bio1	0.340958	0.919268	3.376813
MGYG000001012__gradient_L4_xos_gapseq	1147	1235	252	bio1	0.340958	0.915424	3.314470
MGYG000001012__gradient_L5_pectin_gapseq	1147	1235	252	bio1	0.340958	0.978539	3.307558
MGYG000001012__gradient_L6_resistant_starch_gapseq	1147	1235	252	bio1	0.454614	0.893542	3.381977
MGYG000001012__gradient_L7_bglucan_gapseq	1147	1235	252	bio1	0.454614	0.872184	3.329372
MGYG000001012__gradient_L8_hmo_gapseq	1147	1235	252	bio1	0.454614	0.911462	3.372202
MGYG000001012__gradient_L9_mos_gapseq	1147	1235	252	bio1	0.568269	0.896361	3.350355
MGYG000001016__gradient_L0_base_gapseq	1262	1337	299	bio1	0.000000	1.075012	0.045093
MGYG000001016__gradient_L1_inulin_gapseq	1262	1337	299	bio1	0.000000	0.963392	0.047222
MGYG000001016__gradient_L2_fos_gapseq	1262	1337	299	bio1	0.000000	1.097275	0.045832
MGYG000001016__gradient_L3_gos_gapseq	1262	1337	299	bio1	0.460747	0.974090	3.697065
MGYG000001016__gradient_L4_xos_gapseq	1262	1337	299	bio1	0.460747	1.092400	3.672832
MGYG000001016__gradient_L5_pectin_gapseq	1262	1337	299	bio1	0.508337	1.035739	3.676106
MGYG000001016__gradient_L6_resistant_starch_gapseq	1262	1337	299	bio1	1.109854	0.973945	3.686922
MGYG000001016__gradient_L7_bglucan_gapseq	1262	1337	299	bio1	1.320346	1.081111	3.688396
MGYG000001016__gradient_L8_hmo_gapseq	1262	1337	299	bio1	1.320346	1.060547	3.695467
MGYG000001016__gradient_L9_mos_gapseq	1262	1337	299	bio1	1.320346	0.972344	3.680226
MGYG000001019__gradient_L0_base_gapseq	1150	1277	303	bio1	0.827316	1.016403	3.349272
MGYG000001019__gradient_L1_inulin_gapseq	1150	1277	303	bio1	1.110127	0.952953	3.422291
MGYG000001019__gradient_L2_fos_gapseq	1150	1277	303	bio1	1.110127	0.930224	3.341137
MGYG000001019__gradient_L3_gos_gapseq	1150	1277	303	bio1	1.395776	0.999553	3.356197
MGYG000001019__gradient_L4_xos_gapseq	1150	1277	303	bio1	1.395776	0.890069	3.436523
MGYG000001019__gradient_L5_pectin_gapseq	1150	1277	303	bio1	1.395776	0.918518	3.362786
MGYG000001019__gradient_L6_resistant_starch_gapseq	1150	1277	303	bio1	1.995207	1.055773	3.354574
MGYG000001019__gradient_L7_bglucan_gapseq	1150	1277	303	bio1	1.995207	0.932572	3.360929
MGYG000001019__gradient_L8_hmo_gapseq	1150	1277	303	bio1	1.995207	0.987468	3.346450
MGYG000001019__gradient_L9_mos_gapseq	1150	1277	303	bio1	2.133703	0.927113	3.408934
MGYG000001023__gradient_L0_base_gapseq	1175	1245	323	bio1	0.000000	1.000651	0.046325
MGYG000001023__gradient_L1_inulin_gapseq	1175	1245	323	bio1	0.000000	0.902866	0.045678
MGYG000001023__gradient_L2_fos_gapseq	1175	1245	323	bio1	0.000000	0.975408	0.045694
MGYG000001023__gradient_L3_gos_gapseq	1175	1245	323	bio1	0.000000	0.901222	0.046388
MGYG000001023__gradient_L4_xos_gapseq	1175	1245	323	bio1	0.510917	0.896496	3.457023
MGYG000001023__gradient_L5_pectin_gapseq	1175	1245	323	bio1	0.510917	0.931573	3.367596
MGYG000001023__gradient_L6_resistant_starch_gapseq	1175	1245	323	bio1	0.594523	0.966837	3.343989
MGYG000001023__gradient_L7_bglucan_gapseq	1175	1245	323	bio1	0.594523	0.904657	3.352553
MGYG000001023__gradient_L8_hmo_gapseq	1175	1245	323	bio1	0.594523	1.004229	3.424107
MGYG000001023__gradient_L9_mos_gapseq	1175	1245	323	bio1	0.594523	0.902597	3.422095
MGYG000001027__gradient_L0_base_gapseq	1298	1438	374	bio1	0.000000	1.034180	0.056673
MGYG000001027__gradient_L1_inulin_gapseq	1298	1438	374	bio1	0.000000	1.120758	0.057916
MGYG000001027__gradient_L2_fos_gapseq	1298	1438	374	bio1	0.000000	1.046314	0.057218
MGYG000001027__gradient_L3_gos_gapseq	1298	1438	374	bio1	0.000000	1.119161	0.058643
MGYG000001027__gradient_L4_xos_gapseq	1298	1438	374	bio1	0.000000	1.041865	0.059298
MGYG000001027__gradient_L5_pectin_gapseq	1298	1438	374	bio1	0.000000	1.124509	0.059188
MGYG000001027__gradient_L6_resistant_starch_gapseq	1298	1438	374	bio1	0.000000	1.050260	0.061113
MGYG000001027__gradient_L7_bglucan_gapseq	1298	1438	374	bio1	0.000000	1.127445	0.061538
MGYG000001027__gradient_L8_hmo_gapseq	1298	1438	374	bio1	0.000000	1.044200	0.061565
MGYG000001027__gradient_L9_mos_gapseq	1298	1438	374	bio1	0.000000	1.101448	0.060150
MGYG000001029__gradient_L0_base_gapseq	1114	1243	286	bio1	0.000000	0.878854	0.046771
MGYG000001029__gradient_L1_inulin_gapseq	1114	1243	286	bio1	0.284529	0.963265	3.234393
MGYG000001029__gradient_L2_fos_gapseq	1114	1243	286	bio1	0.284529	0.874730	3.336169
MGYG000001029__gradient_L3_gos_gapseq	1114	1243	286	bio1	0.494545	0.879110	3.294329
MGYG000001029__gradient_L4_xos_gapseq	1114	1243	286	bio1	0.494545	0.953406	3.227790
MGYG000001029__gradient_L5_pectin_gapseq	1114	1243	286	bio1	0.494545	0.899149	3.220727
MGYG000001029__gradient_L6_resistant_starch_gapseq	1114	1243	286	bio1	0.921353	0.939509	3.214090
MGYG000001029__gradient_L7_bglucan_gapseq	1114	1243	286	bio1	1.074976	0.866254	3.317281
MGYG000001029__gradient_L8_hmo_gapseq	1114	1243	286	bio1	1.184893	0.878954	3.248560
MGYG000001029__gradient_L9_mos_gapseq	1114	1243	286	bio1	1.255239	0.968660	3.213661
MGYG000001030__gradient_L0_base_gapseq	1307	1450	338	bio1	0.000000	1.063350	0.045802
MGYG000001030__gradient_L1_inulin_gapseq	1307	1450	338	bio1	0.000000	1.165474	0.046323
MGYG000001030__gradient_L2_fos_gapseq	1307	1450	338	bio1	0.000000	1.037888	0.046705
MGYG000001030__gradient_L3_gos_gapseq	1307	1450	338	bio1	0.000000	1.200613	0.046647
MGYG000001030__gradient_L4_xos_gapseq	1307	1450	338	bio1	0.322150	1.057783	4.170259
MGYG000001030__gradient_L5_pectin_gapseq	1307	1450	338	bio1	0.322150	1.194728	4.160626
MGYG000001030__gradient_L6_resistant_starch_gapseq	1307	1450	338	bio1	0.410583	1.129420	4.140419
MGYG000001030__gradient_L7_bglucan_gapseq	1307	1450	338	bio1	0.552709	1.040731	4.256426
MGYG000001030__gradient_L8_hmo_gapseq	1307	1450	338	bio1	0.552709	1.073277	4.155492
MGYG000001030__gradient_L9_mos_gapseq	1307	1450	338	bio1	0.641143	1.098639	4.150575
MGYG000001037__gradient_L0_base_gapseq	1143	1258	224	bio1	0.000000	0.881265	0.041742
MGYG000001037__gradient_L1_inulin_gapseq	1143	1258	224	bio1	0.000000	0.878280	0.041943
MGYG000001037__gradient_L2_fos_gapseq	1143	1258	224	bio1	0.000000	0.937685	0.044105
MGYG000001037__gradient_L3_gos_gapseq	1143	1258	224	bio1	0.832291	0.889099	3.367511
MGYG000001037__gradient_L4_xos_gapseq	1143	1258	224	bio1	0.832291	0.885169	3.276598
MGYG000001037__gradient_L5_pectin_gapseq	1143	1258	224	bio1	0.832291	0.856080	3.379596
MGYG000001037__gradient_L6_resistant_starch_gapseq	1143	1258	224	bio1	1.020846	0.878044	3.283428
MGYG000001037__gradient_L7_bglucan_gapseq	1143	1258	224	bio1	1.020846	0.964233	3.279829
MGYG000001037__gradient_L8_hmo_gapseq	1143	1258	224	bio1	1.020846	0.877674	3.367532
MGYG000001037__gradient_L9_mos_gapseq	1143	1258	224	bio1	1.020846	0.875388	3.335314
MGYG000001046__gradient_L0_base_gapseq	966	1045	241	bio1	0.000000	0.737500	0.033739
MGYG000001046__gradient_L1_inulin_gapseq	966	1045	241	bio1	0.000000	0.738099	0.037152
MGYG000001046__gradient_L2_fos_gapseq	966	1045	241	bio1	0.000000	0.787086	0.036069
MGYG000001046__gradient_L3_gos_gapseq	966	1045	241	bio1	0.000000	0.743348	0.036354
MGYG000001046__gradient_L4_xos_gapseq	966	1045	241	bio1	0.000000	0.740874	0.035964
MGYG000001046__gradient_L5_pectin_gapseq	966	1045	241	bio1	0.000000	0.808949	0.037089
MGYG000001046__gradient_L6_resistant_starch_gapseq	966	1045	241	bio1	0.000000	0.723549	0.037198
MGYG000001046__gradient_L7_bglucan_gapseq	966	1045	241	bio1	0.000000	0.780150	0.036312
MGYG000001046__gradient_L8_hmo_gapseq	966	1045	241	bio1	0.000000	0.830404	0.036019
MGYG000001046__gradient_L9_mos_gapseq	966	1045	241	bio1	0.000000	0.720611	0.037530
MGYG000001056__gradient_L0_base_gapseq	1292	1479	369	bio1	0.395494	1.159531	4.480789
MGYG000001056__gradient_L1_inulin_gapseq	1292	1479	369	bio1	0.493259	1.066866	4.591372
MGYG000001056__gradient_L2_fos_gapseq	1292	1479	369	bio1	0.493259	1.047538	4.443213
MGYG000001056__gradient_L3_gos_gapseq	1292	1479	369	bio1	0.566583	1.162240	4.446626
MGYG000001056__gradient_L4_xos_gapseq	1292	1479	369	bio1	0.579915	1.086016	4.531214
MGYG000001056__gradient_L5_pectin_gapseq	1292	1479	369	bio1	0.579915	1.083176	4.433088
MGYG000001056__gradient_L6_resistant_starch_gapseq	1292	1479	369	bio1	0.830993	1.148775	4.492450
MGYG000001056__gradient_L7_bglucan_gapseq	1292	1479	369	bio1	0.984306	1.161563	4.461935
MGYG000001056__gradient_L8_hmo_gapseq	1292	1479	369	bio1	0.984306	1.042112	4.549730
MGYG000001056__gradient_L9_mos_gapseq	1292	1479	369	bio1	1.082071	1.031829	4.443104
MGYG000001062__gradient_L0_base_gapseq	1120	1130	268	bio1	0.000000	0.816302	0.034318
MGYG000001062__gradient_L1_inulin_gapseq	1120	1130	268	bio1	0.000000	0.795001	0.116560
MGYG000001062__gradient_L2_fos_gapseq	1120	1130	268	bio1	0.000000	0.827982	0.032697
MGYG000001062__gradient_L3_gos_gapseq	1120	1130	268	bio1	0.000000	0.809522	0.032858
MGYG000001062__gradient_L4_xos_gapseq	1120	1130	268	bio1	0.000000	0.897418	0.036867
MGYG000001062__gradient_L5_pectin_gapseq	1120	1130	268	bio1	0.000000	0.825514	0.037059
MGYG000001062__gradient_L6_resistant_starch_gapseq	1120	1130	268	bio1	0.000000	0.787385	0.036615
MGYG000001062__gradient_L7_bglucan_gapseq	1120	1130	268	bio1	0.000000	0.917207	0.038422
MGYG000001062__gradient_L8_hmo_gapseq	1120	1130	268	bio1	0.000000	0.812804	0.037883
MGYG000001062__gradient_L9_mos_gapseq	1120	1130	268	bio1	0.000000	0.827996	0.037270
MGYG000001066__gradient_L0_base_gapseq	1194	1316	329	bio1	0.292441	0.925818	3.616237
MGYG000001066__gradient_L1_inulin_gapseq	1194	1316	329	bio1	0.431131	0.920316	3.570652
MGYG000001066__gradient_L2_fos_gapseq	1194	1316	329	bio1	0.431131	1.035918	3.500792
MGYG000001066__gradient_L3_gos_gapseq	1194	1316	329	bio1	0.491760	0.948453	3.616166
MGYG000001066__gradient_L4_xos_gapseq	1194	1316	329	bio1	0.491760	0.946418	3.532382
MGYG000001066__gradient_L5_pectin_gapseq	1194	1316	329	bio1	0.491760	0.993109	3.532470
MGYG000001066__gradient_L6_resistant_starch_gapseq	1194	1316	329	bio1	0.582704	1.000260	3.607737
MGYG000001066__gradient_L7_bglucan_gapseq	1194	1316	329	bio1	0.582704	0.935092	3.526390
MGYG000001066__gradient_L8_hmo_gapseq	1194	1316	329	bio1	0.582704	1.032369	3.500040
MGYG000001066__gradient_L9_mos_gapseq	1194	1316	329	bio1	0.582704	0.946124	3.609880
MGYG000001068__gradient_L0_base_gapseq	1424	1700	403	bio1	0.504344	1.345542	5.721535
MGYG000001068__gradient_L1_inulin_gapseq	1424	1700	403	bio1	0.661545	1.297824	5.680725
MGYG000001068__gradient_L2_fos_gapseq	1424	1700	403	bio1	0.661545	1.304165	5.695693
MGYG000001068__gradient_L3_gos_gapseq	1424	1700	403	bio1	0.823659	1.296225	5.768338
MGYG000001068__gradient_L4_xos_gapseq	1424	1700	403	bio1	0.823659	1.199448	5.802118
MGYG000001068__gradient_L5_pectin_gapseq	1424	1700	403	bio1	0.823659	1.200623	5.790112
MGYG000001068__gradient_L6_resistant_starch_gapseq	1424	1700	403	bio1	0.902260	1.244976	5.747254
MGYG000001068__gradient_L7_bglucan_gapseq	1424	1700	403	bio1	1.012435	1.286513	5.701835
MGYG000001068__gradient_L8_hmo_gapseq	1424	1700	403	bio1	1.012435	1.257791	5.753116
MGYG000001068__gradient_L9_mos_gapseq	1424	1700	403	bio1	1.089513	1.293216	5.725695
MGYG000001076__gradient_L0_base_gapseq	1315	1467	390	bio1	0.000000	1.125449	0.054870
MGYG000001076__gradient_L1_inulin_gapseq	1315	1467	390	bio1	0.000000	1.040971	0.056800
MGYG000001076__gradient_L2_fos_gapseq	1315	1467	390	bio1	0.000000	1.149018	0.056890
MGYG000001076__gradient_L3_gos_gapseq	1315	1467	390	bio1	0.887922	1.079257	4.491768
MGYG000001076__gradient_L4_xos_gapseq	1315	1467	390	bio1	0.887922	1.218813	4.485516
MGYG000001076__gradient_L5_pectin_gapseq	1315	1467	390	bio1	0.887922	1.138363	4.476990
MGYG000001076__gradient_L6_resistant_starch_gapseq	1315	1467	390	bio1	1.412104	1.144712	4.622770
MGYG000001076__gradient_L7_bglucan_gapseq	1315	1467	390	bio1	1.586910	1.045965	4.472615
MGYG000001076__gradient_L8_hmo_gapseq	1315	1467	390	bio1	1.586910	1.122486	4.474420
MGYG000001076__gradient_L9_mos_gapseq	1315	1467	390	bio1	1.586910	1.128707	4.460442
MGYG000001083__gradient_L0_base_gapseq	913	982	179	bio1	0.034198	0.681975	2.063081
MGYG000001083__gradient_L1_inulin_gapseq	913	982	179	bio1	0.034198	0.682699	2.071278
MGYG000001083__gradient_L2_fos_gapseq	913	982	179	bio1	0.034198	0.782911	2.075687
MGYG000001083__gradient_L3_gos_gapseq	913	982	179	bio1	0.034198	0.673408	2.072404
MGYG000001083__gradient_L4_xos_gapseq	913	982	179	bio1	0.034198	0.745563	2.076793
MGYG000001083__gradient_L5_pectin_gapseq	913	982	179	bio1	0.034198	0.678199	2.079903
MGYG000001083__gradient_L6_resistant_starch_gapseq	913	982	179	bio1	0.034198	0.712118	2.149580
MGYG000001083__gradient_L7_bglucan_gapseq	913	982	179	bio1	0.034198	0.685931	2.078746
MGYG000001083__gradient_L8_hmo_gapseq	913	982	179	bio1	0.034198	0.702315	2.140466
MGYG000001083__gradient_L9_mos_gapseq	913	982	179	bio1	0.034198	0.678646	2.084782
MGYG000001092__gradient_L0_base_gapseq	1194	1343	324	bio1	0.783063	1.006691	3.664141
MGYG000001092__gradient_L1_inulin_gapseq	1194	1343	324	bio1	1.074058	0.938947	3.737494
MGYG000001092__gradient_L2_fos_gapseq	1194	1343	324	bio1	1.074058	0.959535	3.658159
MGYG000001092__gradient_L3_gos_gapseq	1194	1343	324	bio1	1.366382	1.041824	3.658107
MGYG000001092__gradient_L4_xos_gapseq	1194	1343	324	bio1	1.366382	0.967102	3.747481
MGYG000001092__gradient_L5_pectin_gapseq	1194	1343	324	bio1	1.366382	0.980964	3.671404
MGYG000001092__gradient_L6_resistant_starch_gapseq	1194	1343	324	bio1	1.979819	0.995562	3.661813
MGYG000001092__gradient_L7_bglucan_gapseq	1194	1343	324	bio1	1.979819	0.974987	3.762928
MGYG000001092__gradient_L8_hmo_gapseq	1194	1343	324	bio1	1.979819	0.955051	3.711844
MGYG000001092__gradient_L9_mos_gapseq	1194	1343	324	bio1	2.121552	1.072450	3.661633
MGYG000001093__gradient_L0_base_gapseq	1512	1661	370	bio1	0.000000	1.218709	0.064301
MGYG000001093__gradient_L1_inulin_gapseq	1512	1661	370	bio1	0.287305	1.306546	5.648522
MGYG000001093__gradient_L2_fos_gapseq	1512	1661	370	bio1	0.287305	1.300905	5.646424
MGYG000001093__gradient_L3_gos_gapseq	1512	1661	370	bio1	0.287305	1.321276	5.667102
MGYG000001093__gradient_L4_xos_gapseq	1512	1661	370	bio1	0.287305	1.211508	5.750585
MGYG000001093__gradient_L5_pectin_gapseq	1512	1661	370	bio1	0.287305	1.247787	5.753360
MGYG000001093__gradient_L6_resistant_starch_gapseq	1512	1661	370	bio1	0.287305	1.206974	5.717877
MGYG000001093__gradient_L7_bglucan_gapseq	1512	1661	370	bio1	0.287305	1.329127	5.679530
MGYG000001093__gradient_L8_hmo_gapseq	1512	1661	370	bio1	0.287305	1.295808	5.644533
MGYG000001093__gradient_L9_mos_gapseq	1512	1661	370	bio1	0.287305	1.289292	5.667151
MGYG000001096__gradient_L0_base_gapseq	1156	1299	312	bio1	0.790079	0.942861	3.536588
MGYG000001096__gradient_L1_inulin_gapseq	1156	1299	312	bio1	1.080057	0.920067	3.433194
MGYG000001096__gradient_L2_fos_gapseq	1156	1299	312	bio1	1.080057	0.989704	3.438040
MGYG000001096__gradient_L3_gos_gapseq	1156	1299	312	bio1	1.371609	0.918061	3.590488
MGYG000001096__gradient_L4_xos_gapseq	1156	1299	312	bio1	1.371609	0.909641	3.458700
MGYG000001096__gradient_L5_pectin_gapseq	1156	1299	312	bio1	1.371609	0.977037	3.473307
MGYG000001096__gradient_L6_resistant_starch_gapseq	1156	1299	312	bio1	1.983426	0.948928	3.545381
MGYG000001096__gradient_L7_bglucan_gapseq	1156	1299	312	bio1	1.983426	0.936512	3.461686
MGYG000001096__gradient_L8_hmo_gapseq	1156	1299	312	bio1	1.983426	1.007396	3.472951
MGYG000001096__gradient_L9_mos_gapseq	1156	1299	312	bio1	2.124784	0.935399	3.459575
MGYG000001097__gradient_L0_base_gapseq	1228	1401	326	bio1	0.246208	0.990072	3.978291
MGYG000001097__gradient_L1_inulin_gapseq	1228	1401	326	bio1	0.317038	0.966208	3.900857
MGYG000001097__gradient_L2_fos_gapseq	1228	1401	326	bio1	0.317038	1.091195	3.958286
MGYG000001097__gradient_L3_gos_gapseq	1228	1401	326	bio1	0.370161	0.985918	4.004052
MGYG000001097__gradient_L4_xos_gapseq	1228	1401	326	bio1	0.413164	0.974887	3.892592
MGYG000001097__gradient_L5_pectin_gapseq	1228	1401	326	bio1	0.443520	1.043263	3.905940
MGYG000001097__gradient_L6_resistant_starch_gapseq	1228	1401	326	bio1	0.514350	0.983968	3.984062
MGYG000001097__gradient_L7_bglucan_gapseq	1228	1401	326	bio1	0.628184	1.011484	3.919129
MGYG000001097__gradient_L8_hmo_gapseq	1228	1401	326	bio1	0.628184	1.086639	3.913518
MGYG000001097__gradient_L9_mos_gapseq	1228	1401	326	bio1	0.699014	0.993841	3.989767
MGYG000001100__gradient_L0_base_gapseq	1186	1329	292	bio1	0.430542	0.939856	3.657127
MGYG000001100__gradient_L1_inulin_gapseq	1186	1329	292	bio1	0.521665	0.951341	3.580059
MGYG000001100__gradient_L2_fos_gapseq	1186	1329	292	bio1	0.521665	1.051666	3.578501
MGYG000001100__gradient_L3_gos_gapseq	1186	1329	292	bio1	0.521665	0.956900	3.674853
MGYG000001100__gradient_L4_xos_gapseq	1186	1329	292	bio1	0.549001	0.963232	3.583791
MGYG000001100__gradient_L5_pectin_gapseq	1186	1329	292	bio1	0.549001	1.047566	3.585730
MGYG000001100__gradient_L6_resistant_starch_gapseq	1186	1329	292	bio1	0.929672	0.958583	3.668864
MGYG000001100__gradient_L7_bglucan_gapseq	1186	1329	292	bio1	0.929672	0.934151	3.569848
MGYG000001100__gradient_L8_hmo_gapseq	1186	1329	292	bio1	0.929672	1.026167	3.583346
MGYG000001100__gradient_L9_mos_gapseq	1186	1329	292	bio1	1.018637	0.942274	3.662947
MGYG000001115__gradient_L0_base_gapseq	1251	1400	330	bio1	0.000000	1.016947	0.145254
MGYG000001115__gradient_L1_inulin_gapseq	1251	1400	330	bio1	0.000000	1.017188	0.054102
MGYG000001115__gradient_L2_fos_gapseq	1251	1400	330	bio1	0.000000	1.036067	0.053467
MGYG000001115__gradient_L3_gos_gapseq	1251	1400	330	bio1	1.204752	1.112085	4.096673
MGYG000001115__gradient_L4_xos_gapseq	1251	1400	330	bio1	1.277584	1.127271	4.057971
MGYG000001115__gradient_L5_pectin_gapseq	1251	1400	330	bio1	1.277584	1.026007	4.152755
MGYG000001115__gradient_L6_resistant_starch_gapseq	1251	1400	330	bio1	1.826100	1.056681	4.075425
MGYG000001115__gradient_L7_bglucan_gapseq	1251	1400	330	bio1	1.826100	1.096235	4.071044
MGYG000001115__gradient_L8_hmo_gapseq	1251	1400	330	bio1	1.826100	1.039426	4.229227
MGYG000001115__gradient_L9_mos_gapseq	1251	1400	330	bio1	1.826100	1.048026	4.097739
MGYG000001131__gradient_L0_base_gapseq	1264	1459	366	bio1	0.392685	1.112318	4.366400
MGYG000001131__gradient_L1_inulin_gapseq	1264	1459	366	bio1	0.392685	1.068370	4.371083
MGYG000001131__gradient_L2_fos_gapseq	1264	1459	366	bio1	0.392685	1.036224	4.456069
MGYG000001131__gradient_L3_gos_gapseq	1264	1459	366	bio1	0.483412	1.029099	4.352531
MGYG000001131__gradient_L4_xos_gapseq	1264	1459	366	bio1	0.483412	1.097295	4.342698
MGYG000001131__gradient_L5_pectin_gapseq	1264	1459	366	bio1	0.514891	1.027324	4.465301
MGYG000001131__gradient_L6_resistant_starch_gapseq	1264	1459	366	bio1	0.766092	1.032592	4.332957
MGYG000001131__gradient_L7_bglucan_gapseq	1264	1459	366	bio1	0.910423	1.153926	4.342112
MGYG000001131__gradient_L8_hmo_gapseq	1264	1459	366	bio1	0.910423	1.098142	4.355838
MGYG000001131__gradient_L9_mos_gapseq	1264	1459	366	bio1	0.977613	1.059654	4.428054
MGYG000001141__gradient_L0_base_gapseq	1304	1471	371	bio1	0.000000	1.097790	0.050224
MGYG000001141__gradient_L1_inulin_gapseq	1304	1471	371	bio1	0.000000	1.129326	0.053915
MGYG000001141__gradient_L2_fos_gapseq	1304	1471	371	bio1	0.000000	1.037159	0.054399
MGYG000001141__gradient_L3_gos_gapseq	1304	1471	371	bio1	0.682508	1.137106	4.246155
MGYG000001141__gradient_L4_xos_gapseq	1304	1471	371	bio1	0.721245	1.059784	4.369744
MGYG000001141__gradient_L5_pectin_gapseq	1304	1471	371	bio1	0.721245	1.072119	4.272305
MGYG000001141__gradient_L6_resistant_starch_gapseq	1304	1471	371	bio1	1.136795	1.118174	4.304909
MGYG000001141__gradient_L7_bglucan_gapseq	1304	1471	371	bio1	1.283019	1.070729	4.337821
MGYG000001141__gradient_L8_hmo_gapseq	1304	1471	371	bio1	1.283019	1.079338	4.341749
MGYG000001141__gradient_L9_mos_gapseq	1304	1471	371	bio1	1.350781	1.058627	4.252239
MGYG000001153__gradient_L0_base_gapseq	1054	1071	244	bio1	0.000000	0.808719	0.029932
MGYG000001153__gradient_L1_inulin_gapseq	1054	1071	244	bio1	0.094873	0.849750	2.449907
MGYG000001153__gradient_L2_fos_gapseq	1054	1071	244	bio1	0.094873	0.863779	2.480392
MGYG000001153__gradient_L3_gos_gapseq	1054	1071	244	bio1	0.094873	0.754157	2.440616
MGYG000001153__gradient_L4_xos_gapseq	1054	1071	244	bio1	0.094873	0.878608	2.440897
MGYG000001153__gradient_L5_pectin_gapseq	1054	1071	244	bio1	0.094873	0.793228	2.435213
MGYG000001153__gradient_L6_resistant_starch_gapseq	1054	1071	244	bio1	0.094873	0.866883	2.427795
MGYG000001153__gradient_L7_bglucan_gapseq	1054	1071	244	bio1	0.094873	0.802938	2.433811
MGYG000001153__gradient_L8_hmo_gapseq	1054	1071	244	bio1	0.094873	0.858983	2.433367
MGYG000001153__gradient_L9_mos_gapseq	1054	1071	244	bio1	0.094873	0.802116	2.440814
MGYG000001157__gradient_L0_base_gapseq	1275	1452	370	bio1	0.000000	1.141558	0.054824
MGYG000001157__gradient_L1_inulin_gapseq	1275	1452	370	bio1	0.000000	1.057807	0.054210
MGYG000001157__gradient_L2_fos_gapseq	1275	1452	370	bio1	0.000000	1.126944	0.055333
MGYG000001157__gradient_L3_gos_gapseq	1275	1452	370	bio1	1.248280	1.051850	4.356519
MGYG000001157__gradient_L4_xos_gapseq	1275	1452	370	bio1	1.317412	1.130443	4.386540
MGYG000001157__gradient_L5_pectin_gapseq	1275	1452	370	bio1	1.317412	1.125533	4.377253
MGYG000001157__gradient_L6_resistant_starch_gapseq	1275	1452	370	bio1	1.835780	1.071567	4.469482
MGYG000001157__gradient_L7_bglucan_gapseq	1275	1452	370	bio1	2.010078	1.059539	4.467393
MGYG000001157__gradient_L8_hmo_gapseq	1275	1452	370	bio1	2.010078	1.157803	4.379611
MGYG000001157__gradient_L9_mos_gapseq	1275	1452	370	bio1	2.094586	1.064830	4.457081
MGYG000001161__gradient_L0_base_gapseq	1155	1279	302	bio1	0.000000	0.993168	0.042222
MGYG000001161__gradient_L1_inulin_gapseq	1155	1279	302	bio1	0.000000	0.916533	0.045194
MGYG000001161__gradient_L2_fos_gapseq	1155	1279	302	bio1	0.000000	0.903115	0.045251
MGYG000001161__gradient_L3_gos_gapseq	1155	1279	302	bio1	0.000000	0.966486	0.045133
MGYG000001161__gradient_L4_xos_gapseq	1155	1279	302	bio1	0.000000	0.886138	0.045570
MGYG000001161__gradient_L5_pectin_gapseq	1155	1279	302	bio1	0.000000	0.992442	0.044923
MGYG000001161__gradient_L6_resistant_starch_gapseq	1155	1279	302	bio1	0.000000	0.910823	0.046242
MGYG000001161__gradient_L7_bglucan_gapseq	1155	1279	302	bio1	0.000000	1.005325	0.045668
MGYG000001161__gradient_L8_hmo_gapseq	1155	1279	302	bio1	0.000000	0.923436	0.046906
MGYG000001161__gradient_L9_mos_gapseq	1155	1279	302	bio1	0.000000	0.891620	0.047839
MGYG000001166__gradient_L0_base_gapseq	1104	1152	248	bio1	0.000000	0.814928	0.032452
MGYG000001166__gradient_L1_inulin_gapseq	1104	1152	248	bio1	0.000000	0.779079	0.033961
MGYG000001166__gradient_L2_fos_gapseq	1104	1152	248	bio1	0.000000	0.883795	0.033322
MGYG000001166__gradient_L3_gos_gapseq	1104	1152	248	bio1	0.000000	0.841478	0.033539
MGYG000001166__gradient_L4_xos_gapseq	1104	1152	248	bio1	0.000000	0.824443	0.033910
MGYG000001166__gradient_L5_pectin_gapseq	1104	1152	248	bio1	0.000000	0.906109	0.033429
MGYG000001166__gradient_L6_resistant_starch_gapseq	1104	1152	248	bio1	0.000000	0.825761	0.034329
MGYG000001166__gradient_L7_bglucan_gapseq	1104	1152	248	bio1	0.000000	0.876462	0.033357
MGYG000001166__gradient_L8_hmo_gapseq	1104	1152	248	bio1	0.000000	0.807847	0.034245
MGYG000001166__gradient_L9_mos_gapseq	1104	1152	248	bio1	0.000000	0.819397	0.037418
MGYG000001175__gradient_L0_base_gapseq	888	849	89	bio1	0.000000	0.660315	0.021440
MGYG000001175__gradient_L1_inulin_gapseq	888	849	89	bio1	0.000000	0.592193	0.021470
MGYG000001175__gradient_L2_fos_gapseq	888	849	89	bio1	0.000000	0.595579	0.022381
MGYG000001175__gradient_L3_gos_gapseq	888	849	89	bio1	0.000000	0.599131	0.022436
MGYG000001175__gradient_L4_xos_gapseq	888	849	89	bio1	0.000000	0.666418	0.022077
MGYG000001175__gradient_L5_pectin_gapseq	888	849	89	bio1	0.000000	0.590926	0.021572
MGYG000001175__gradient_L6_resistant_starch_gapseq	888	849	89	bio1	0.000000	0.594962	0.021568
MGYG000001175__gradient_L7_bglucan_gapseq	888	849	89	bio1	0.000000	0.597033	0.022254
MGYG000001175__gradient_L8_hmo_gapseq	888	849	89	bio1	0.000000	0.673187	0.023882
MGYG000001175__gradient_L9_mos_gapseq	888	849	89	bio1	0.000000	0.599839	0.023395
MGYG000001179__gradient_L0_base_gapseq	1173	1297	313	bio1	0.497193	1.038971	3.396722
MGYG000001179__gradient_L1_inulin_gapseq	1173	1297	313	bio1	0.720238	0.924212	3.591635
MGYG000001179__gradient_L2_fos_gapseq	1173	1297	313	bio1	0.720238	0.958635	3.405965
MGYG000001179__gradient_L3_gos_gapseq	1173	1297	313	bio1	0.957044	1.035103	3.386765
MGYG000001179__gradient_L4_xos_gapseq	1173	1297	313	bio1	0.957044	0.921654	3.486965
MGYG000001179__gradient_L5_pectin_gapseq	1173	1297	313	bio1	0.957044	0.943020	3.392766
MGYG000001179__gradient_L6_resistant_starch_gapseq	1173	1297	313	bio1	1.436098	0.999945	3.404998
MGYG000001179__gradient_L7_bglucan_gapseq	1173	1297	313	bio1	1.436098	0.941368	3.547434
MGYG000001179__gradient_L8_hmo_gapseq	1173	1297	313	bio1	1.436098	0.942755	3.389381
MGYG000001179__gradient_L9_mos_gapseq	1173	1297	313	bio1	1.548184	0.999205	3.386686
MGYG000001182__gradient_L0_base_gapseq	939	883	122	bio1	0.000000	0.639261	0.023870
MGYG000001182__gradient_L1_inulin_gapseq	939	883	122	bio1	0.000000	0.643092	0.025000
MGYG000001182__gradient_L2_fos_gapseq	939	883	122	bio1	0.000000	0.719513	0.025344
MGYG000001182__gradient_L3_gos_gapseq	939	883	122	bio1	0.000000	0.676012	0.024363
MGYG000001182__gradient_L4_xos_gapseq	939	883	122	bio1	0.000000	0.641053	0.022528
MGYG000001182__gradient_L5_pectin_gapseq	939	883	122	bio1	0.000000	0.705167	0.022603
MGYG000001182__gradient_L6_resistant_starch_gapseq	939	883	122	bio1	0.000000	0.661452	0.022630
MGYG000001182__gradient_L7_bglucan_gapseq	939	883	122	bio1	0.000000	0.666420	0.023865
MGYG000001182__gradient_L8_hmo_gapseq	939	883	122	bio1	0.000000	0.684962	0.023518
MGYG000001182__gradient_L9_mos_gapseq	939	883	122	bio1	0.000000	0.742001	0.024736
MGYG000001184__gradient_L0_base_gapseq	612	557	89	bio1	0.000000	0.381733	0.015292
MGYG000001184__gradient_L1_inulin_gapseq	612	557	89	bio1	0.000000	0.492553	0.015511
MGYG000001184__gradient_L2_fos_gapseq	612	557	89	bio1	0.000000	0.375501	0.015435
MGYG000001184__gradient_L3_gos_gapseq	612	557	89	bio1	0.000000	0.381415	0.015535
MGYG000001184__gradient_L4_xos_gapseq	612	557	89	bio1	0.000000	0.386616	0.015293
MGYG000001184__gradient_L5_pectin_gapseq	612	557	89	bio1	0.000000	0.377088	0.015390
MGYG000001184__gradient_L6_resistant_starch_gapseq	612	557	89	bio1	0.000000	0.377750	0.015519
MGYG000001184__gradient_L7_bglucan_gapseq	612	557	89	bio1	0.000000	0.477928	0.015334
MGYG000001184__gradient_L8_hmo_gapseq	612	557	89	bio1	0.000000	0.386523	0.015708
MGYG000001184__gradient_L9_mos_gapseq	612	557	89	bio1	0.000000	0.370547	0.015765
MGYG000001186__gradient_L0_base_gapseq	1400	1626	447	bio1	0.417429	1.208532	5.405731
MGYG000001186__gradient_L1_inulin_gapseq	1400	1626	447	bio1	0.547950	1.165715	5.322102
MGYG000001186__gradient_L2_fos_gapseq	1400	1626	447	bio1	0.547950	1.179352	5.269086
MGYG000001186__gradient_L3_gos_gapseq	1400	1626	447	bio1	0.826469	1.251806	5.316064
MGYG000001186__gradient_L4_xos_gapseq	1400	1626	447	bio1	0.878329	1.271742	5.238939
MGYG000001186__gradient_L5_pectin_gapseq	1400	1626	447	bio1	0.878329	1.270958	5.275879
MGYG000001186__gradient_L6_resistant_starch_gapseq	1400	1626	447	bio1	1.418728	1.147924	5.358164
MGYG000001186__gradient_L7_bglucan_gapseq	1400	1626	447	bio1	1.599133	1.160569	5.305350
MGYG000001186__gradient_L8_hmo_gapseq	1400	1626	447	bio1	1.599133	1.157799	5.235236
MGYG000001186__gradient_L9_mos_gapseq	1400	1626	447	bio1	1.688221	1.260027	5.253403
MGYG000001188__gradient_L0_base_gapseq	1175	1320	320	bio1	0.781449	0.948095	3.584076
MGYG000001188__gradient_L1_inulin_gapseq	1175	1320	320	bio1	1.087217	1.060104	3.568765
MGYG000001188__gradient_L2_fos_gapseq	1175	1320	320	bio1	1.087217	0.934439	3.676205
MGYG000001188__gradient_L3_gos_gapseq	1175	1320	320	bio1	1.380702	0.931706	3.596709
MGYG000001188__gradient_L4_xos_gapseq	1175	1320	320	bio1	1.440094	1.004985	3.650705
MGYG000001188__gradient_L5_pectin_gapseq	1175	1320	320	bio1	1.440094	0.970033	3.677708
MGYG000001188__gradient_L6_resistant_starch_gapseq	1175	1320	320	bio1	2.058558	0.922095	3.593606
MGYG000001188__gradient_L7_bglucan_gapseq	1175	1320	320	bio1	2.058558	1.002565	3.601450
MGYG000001188__gradient_L8_hmo_gapseq	1175	1320	320	bio1	2.058558	0.938650	3.671832
MGYG000001188__gradient_L9_mos_gapseq	1175	1320	320	bio1	2.201452	0.924941	3.581606
MGYG000001193__gradient_L0_base_gapseq	1165	1198	256	bio1	0.098741	0.890389	3.202923
MGYG000001193__gradient_L1_inulin_gapseq	1165	1198	256	bio1	0.209372	0.958999	3.213114
MGYG000001193__gradient_L2_fos_gapseq	1165	1198	256	bio1	0.209372	0.886679	3.237674
MGYG000001193__gradient_L3_gos_gapseq	1165	1198	256	bio1	0.209372	0.975806	3.212401
MGYG000001193__gradient_L4_xos_gapseq	1165	1198	256	bio1	0.209372	0.896832	3.277843
MGYG000001193__gradient_L5_pectin_gapseq	1165	1198	256	bio1	0.209372	0.859550	3.219044
MGYG000001193__gradient_L6_resistant_starch_gapseq	1165	1198	256	bio1	0.209372	0.938330	3.203497
MGYG000001193__gradient_L7_bglucan_gapseq	1165	1198	256	bio1	0.209372	0.858997	3.209621
MGYG000001193__gradient_L8_hmo_gapseq	1165	1198	256	bio1	0.209372	0.961373	3.203933
MGYG000001193__gradient_L9_mos_gapseq	1165	1198	256	bio1	0.209372	0.889069	3.291040
MGYG000001201__gradient_L0_base_gapseq	802	735	99	bio1	0.000000	0.516386	0.020217
MGYG000001201__gradient_L1_inulin_gapseq	802	735	99	bio1	0.000000	0.514744	0.018200
MGYG000001201__gradient_L2_fos_gapseq	802	735	99	bio1	0.000000	0.509949	0.018729
MGYG000001201__gradient_L3_gos_gapseq	802	735	99	bio1	0.000000	0.603472	0.018181
MGYG000001201__gradient_L4_xos_gapseq	802	735	99	bio1	0.000000	0.509308	0.018089
MGYG000001201__gradient_L5_pectin_gapseq	802	735	99	bio1	0.000000	0.514450	0.018069
MGYG000001201__gradient_L6_resistant_starch_gapseq	802	735	99	bio1	0.000000	0.516936	0.018467
MGYG000001201__gradient_L7_bglucan_gapseq	802	735	99	bio1	0.000000	0.617485	0.018273
MGYG000001201__gradient_L8_hmo_gapseq	802	735	99	bio1	0.000000	0.534879	0.018176
MGYG000001201__gradient_L9_mos_gapseq	802	735	99	bio1	0.000000	0.510756	0.018216
MGYG000001203__gradient_L0_base_gapseq	1170	1256	300	bio1	0.688415	0.874801	3.287614
MGYG000001203__gradient_L1_inulin_gapseq	1170	1256	300	bio1	0.971885	0.923151	3.192702
MGYG000001203__gradient_L2_fos_gapseq	1170	1256	300	bio1	0.971885	0.983703	3.181859
MGYG000001203__gradient_L3_gos_gapseq	1170	1256	300	bio1	0.971885	0.894193	3.284150
MGYG000001203__gradient_L4_xos_gapseq	1170	1256	300	bio1	0.971885	0.907887	3.194074
MGYG000001203__gradient_L5_pectin_gapseq	1170	1256	300	bio1	0.971885	0.900763	3.248512
MGYG000001203__gradient_L6_resistant_starch_gapseq	1170	1256	300	bio1	1.584388	0.908018	3.202276
MGYG000001203__gradient_L7_bglucan_gapseq	1170	1256	300	bio1	1.584388	0.977077	3.205991
MGYG000001203__gradient_L8_hmo_gapseq	1170	1256	300	bio1	1.584388	0.905408	3.286873
MGYG000001203__gradient_L9_mos_gapseq	1170	1256	300	bio1	1.725813	0.908671	3.195077
MGYG000001209__gradient_L0_base_gapseq	1144	1230	247	bio1	0.000000	0.961222	0.043063
MGYG000001209__gradient_L1_inulin_gapseq	1144	1230	247	bio1	0.559010	0.895663	3.237042
MGYG000001209__gradient_L2_fos_gapseq	1144	1230	247	bio1	0.559010	0.966680	3.227810
MGYG000001209__gradient_L3_gos_gapseq	1144	1230	247	bio1	0.559010	0.899845	3.235758
MGYG000001209__gradient_L4_xos_gapseq	1144	1230	247	bio1	0.559010	0.982204	3.222792
MGYG000001209__gradient_L5_pectin_gapseq	1144	1230	247	bio1	0.559010	0.906936	3.317068
MGYG000001209__gradient_L6_resistant_starch_gapseq	1144	1230	247	bio1	0.686222	0.889053	3.241817
MGYG000001209__gradient_L7_bglucan_gapseq	1144	1230	247	bio1	0.686222	0.941262	3.235087
MGYG000001209__gradient_L8_hmo_gapseq	1144	1230	247	bio1	0.686222	0.904627	3.242917
MGYG000001209__gradient_L9_mos_gapseq	1144	1230	247	bio1	0.813435	0.972196	3.307731
MGYG000001212__gradient_L0_base_gapseq	1213	1340	318	bio1	0.000000	0.965993	0.046990
MGYG000001212__gradient_L1_inulin_gapseq	1213	1340	318	bio1	0.000000	1.026842	0.050198
MGYG000001212__gradient_L2_fos_gapseq	1213	1340	318	bio1	0.000000	0.967453	0.050911
MGYG000001212__gradient_L3_gos_gapseq	1213	1340	318	bio1	0.000000	0.953697	0.052125
MGYG000001212__gradient_L4_xos_gapseq	1213	1340	318	bio1	0.441099	1.057249	3.772856
MGYG000001212__gradient_L5_pectin_gapseq	1213	1340	318	bio1	0.474301	1.030297	3.752472
MGYG000001212__gradient_L6_resistant_starch_gapseq	1213	1340	318	bio1	0.922524	0.950917	3.748564
MGYG000001212__gradient_L7_bglucan_gapseq	1213	1340	318	bio1	0.922524	1.033271	3.765113
MGYG000001212__gradient_L8_hmo_gapseq	1213	1340	318	bio1	0.922524	0.965237	3.830071
MGYG000001212__gradient_L9_mos_gapseq	1213	1340	318	bio1	0.998339	0.972095	3.820787
MGYG000001216__gradient_L0_base_gapseq	899	869	149	bio1	0.000000	0.622873	0.026442
MGYG000001216__gradient_L1_inulin_gapseq	899	869	149	bio1	0.000000	0.744692	0.027469
MGYG000001216__gradient_L2_fos_gapseq	899	869	149	bio1	0.000000	0.660815	0.027517
MGYG000001216__gradient_L3_gos_gapseq	899	869	149	bio1	0.000000	0.626275	0.027873
MGYG000001216__gradient_L4_xos_gapseq	899	869	149	bio1	0.000000	0.707833	0.027622
MGYG000001216__gradient_L5_pectin_gapseq	899	869	149	bio1	0.000000	0.627460	0.027754
MGYG000001216__gradient_L6_resistant_starch_gapseq	899	869	149	bio1	0.000000	0.622597	0.027429
MGYG000001216__gradient_L7_bglucan_gapseq	899	869	149	bio1	0.000000	0.627289	0.027839
MGYG000001216__gradient_L8_hmo_gapseq	899	869	149	bio1	0.000000	0.719850	0.027571
MGYG000001216__gradient_L9_mos_gapseq	899	869	149	bio1	0.000000	0.620374	0.027711
MGYG000001225__gradient_L0_base_gapseq	1394	1471	320	bio1	0.000000	1.094226	0.061335
MGYG000001225__gradient_L1_inulin_gapseq	1394	1471	320	bio1	0.000000	1.188685	0.062382
MGYG000001225__gradient_L2_fos_gapseq	1394	1471	320	bio1	0.000000	1.106836	0.064312
MGYG000001225__gradient_L3_gos_gapseq	1394	1471	320	bio1	0.000000	1.183696	0.063497
MGYG000001225__gradient_L4_xos_gapseq	1394	1471	320	bio1	0.000000	1.106234	0.062368
MGYG000001225__gradient_L5_pectin_gapseq	1394	1471	320	bio1	0.000000	1.200867	0.063100
MGYG000001225__gradient_L6_resistant_starch_gapseq	1394	1471	320	bio1	0.000000	1.120676	0.062513
MGYG000001225__gradient_L7_bglucan_gapseq	1394	1471	320	bio1	0.000000	1.186300	0.063135
MGYG000001225__gradient_L8_hmo_gapseq	1394	1471	320	bio1	0.000000	1.107602	0.062545
MGYG000001225__gradient_L9_mos_gapseq	1394	1471	320	bio1	0.000000	1.224146	0.062656
MGYG000001226__gradient_L0_base_gapseq	1209	1325	368	bio1	0.000000	1.106492	0.043668
MGYG000001226__gradient_L1_inulin_gapseq	1209	1325	368	bio1	0.616127	0.974177	3.475349
MGYG000001226__gradient_L2_fos_gapseq	1209	1325	368	bio1	0.616127	1.042046	3.453999
MGYG000001226__gradient_L3_gos_gapseq	1209	1325	368	bio1	0.961873	0.976189	3.530155
MGYG000001226__gradient_L4_xos_gapseq	1209	1325	368	bio1	0.961873	1.014161	3.457705
MGYG000001226__gradient_L5_pectin_gapseq	1209	1325	368	bio1	1.001702	1.130741	3.461464
MGYG000001226__gradient_L6_resistant_starch_gapseq	1209	1325	368	bio1	1.137282	0.970871	3.533467
MGYG000001226__gradient_L7_bglucan_gapseq	1209	1325	368	bio1	1.137282	0.942208	3.485679
MGYG000001226__gradient_L8_hmo_gapseq	1209	1325	368	bio1	1.137282	1.018024	3.455523
MGYG000001226__gradient_L9_mos_gapseq	1209	1325	368	bio1	1.137282	1.029592	3.543885
MGYG000001227__gradient_L0_base_gapseq	1085	1197	279	bio1	0.000000	0.969859	0.041003
MGYG000001227__gradient_L1_inulin_gapseq	1085	1197	279	bio1	0.000000	0.851126	0.042376
MGYG000001227__gradient_L2_fos_gapseq	1085	1197	279	bio1	0.000000	0.894331	0.042777
MGYG000001227__gradient_L3_gos_gapseq	1085	1197	279	bio1	0.000000	0.848445	0.041514
MGYG000001227__gradient_L4_xos_gapseq	1085	1197	279	bio1	0.000000	0.870155	0.041682
MGYG000001227__gradient_L5_pectin_gapseq	1085	1197	279	bio1	0.000000	0.931772	0.041687
MGYG000001227__gradient_L6_resistant_starch_gapseq	1085	1197	279	bio1	0.000000	0.854389	0.041692
MGYG000001227__gradient_L7_bglucan_gapseq	1085	1197	279	bio1	0.000000	0.929899	0.041837
MGYG000001227__gradient_L8_hmo_gapseq	1085	1197	279	bio1	0.000000	0.880625	0.040849
MGYG000001227__gradient_L9_mos_gapseq	1085	1197	279	bio1	0.000000	0.893449	0.041474
MGYG000001238__gradient_L0_base_gapseq	1282	1302	300	bio1	0.000000	0.984569	0.044286
MGYG000001238__gradient_L1_inulin_gapseq	1282	1302	300	bio1	0.000000	1.084192	0.045620
MGYG000001238__gradient_L2_fos_gapseq	1282	1302	300	bio1	0.000000	0.982326	0.044297
MGYG000001238__gradient_L3_gos_gapseq	1282	1302	300	bio1	0.618401	1.090079	3.520489
MGYG000001238__gradient_L4_xos_gapseq	1282	1302	300	bio1	0.618401	1.002184	3.511620
MGYG000001238__gradient_L5_pectin_gapseq	1282	1302	300	bio1	0.618401	1.176094	3.523673
MGYG000001238__gradient_L6_resistant_starch_gapseq	1282	1302	300	bio1	0.725951	1.045939	3.461438
MGYG000001238__gradient_L7_bglucan_gapseq	1282	1302	300	bio1	0.725951	0.978242	3.494450
MGYG000001238__gradient_L8_hmo_gapseq	1282	1302	300	bio1	0.725951	1.081164	3.507008
MGYG000001238__gradient_L9_mos_gapseq	1282	1302	300	bio1	0.725951	0.989810	3.587470
MGYG000001241__gradient_L0_base_gapseq	1064	1171	288	bio1	0.000000	0.822774	0.045082
MGYG000001241__gradient_L1_inulin_gapseq	1064	1171	288	bio1	0.121095	0.949044	2.874881
MGYG000001241__gradient_L2_fos_gapseq	1064	1171	288	bio1	0.121095	0.833975	2.962094
MGYG000001241__gradient_L3_gos_gapseq	1064	1171	288	bio1	0.121095	0.820758	2.880613
MGYG000001241__gradient_L4_xos_gapseq	1064	1171	288	bio1	0.122096	0.815605	2.954249
MGYG000001241__gradient_L5_pectin_gapseq	1064	1171	288	bio1	0.122096	0.842187	2.886093
MGYG000001241__gradient_L6_resistant_starch_gapseq	1064	1171	288	bio1	0.122125	0.899085	2.881848
MGYG000001241__gradient_L7_bglucan_gapseq	1064	1171	288	bio1	0.122125	0.811588	2.867700
MGYG000001241__gradient_L8_hmo_gapseq	1064	1171	288	bio1	0.122125	0.921702	2.867501
MGYG000001241__gradient_L9_mos_gapseq	1064	1171	288	bio1	0.122125	0.828746	2.948183
MGYG000001244__gradient_L0_base_gapseq	1136	1204	232	bio1	0.000000	0.977910	0.039642
MGYG000001244__gradient_L1_inulin_gapseq	1136	1204	232	bio1	0.249963	0.861085	3.038875
MGYG000001244__gradient_L2_fos_gapseq	1136	1204	232	bio1	0.249963	0.953685	3.037599
MGYG000001244__gradient_L3_gos_gapseq	1136	1204	232	bio1	0.513092	0.861289	3.100172
MGYG000001244__gradient_L4_xos_gapseq	1136	1204	232	bio1	0.586486	0.848352	3.041478
MGYG000001244__gradient_L5_pectin_gapseq	1136	1204	232	bio1	0.635734	0.947531	3.019894
MGYG000001244__gradient_L6_resistant_starch_gapseq	1136	1204	232	bio1	0.743184	0.870454	3.042575
MGYG000001244__gradient_L7_bglucan_gapseq	1136	1204	232	bio1	0.951367	0.927192	3.035806
MGYG000001244__gradient_L8_hmo_gapseq	1136	1204	232	bio1	0.951367	0.879267	3.038417
MGYG000001244__gradient_L9_mos_gapseq	1136	1204	232	bio1	1.057677	0.918615	3.019240
MGYG000001246__gradient_L0_base_gapseq	1448	1685	481	bio1	0.000000	1.201062	0.067877
MGYG000001246__gradient_L1_inulin_gapseq	1448	1685	481	bio1	0.000000	1.266120	0.068371
MGYG000001246__gradient_L2_fos_gapseq	1448	1685	481	bio1	0.000000	1.192868	0.068624
MGYG000001246__gradient_L3_gos_gapseq	1448	1685	481	bio1	1.527200	1.279768	5.590302
MGYG000001246__gradient_L4_xos_gapseq	1448	1685	481	bio1	1.527200	1.281858	5.582970
MGYG000001246__gradient_L5_pectin_gapseq	1448	1685	481	bio1	1.527200	1.281999	5.639951
MGYG000001246__gradient_L6_resistant_starch_gapseq	1448	1685	481	bio1	2.065034	1.286249	5.524014
MGYG000001246__gradient_L7_bglucan_gapseq	1448	1685	481	bio1	2.245799	1.182415	5.638402
MGYG000001246__gradient_L8_hmo_gapseq	1448	1685	481	bio1	2.245799	1.192102	5.671054
MGYG000001246__gradient_L9_mos_gapseq	1448	1685	481	bio1	2.370773	1.193517	5.552839
MGYG000001255__gradient_L0_base_gapseq	1347	1530	364	bio1	0.643697	1.163168	4.711228
MGYG000001255__gradient_L1_inulin_gapseq	1347	1530	364	bio1	0.859832	1.176255	4.691655
MGYG000001255__gradient_L2_fos_gapseq	1347	1530	364	bio1	0.859832	1.185593	4.684160
MGYG000001255__gradient_L3_gos_gapseq	1347	1530	364	bio1	1.045514	1.136708	4.850340
MGYG000001255__gradient_L4_xos_gapseq	1347	1530	364	bio1	1.098600	1.114996	4.715492
MGYG000001255__gradient_L5_pectin_gapseq	1347	1530	364	bio1	1.098600	1.207508	4.693099
MGYG000001255__gradient_L6_resistant_starch_gapseq	1347	1530	364	bio1	1.555529	1.207085	4.679608
MGYG000001255__gradient_L7_bglucan_gapseq	1347	1530	364	bio1	1.709393	1.121347	4.795265
MGYG000001255__gradient_L8_hmo_gapseq	1347	1530	364	bio1	1.709393	1.112052	4.784732
MGYG000001255__gradient_L9_mos_gapseq	1347	1530	364	bio1	1.816631	1.133097	4.702484
MGYG000001277__gradient_L0_base_gapseq	1454	1585	490	bio1	0.368139	1.223629	4.887038
MGYG000001277__gradient_L1_inulin_gapseq	1454	1585	490	bio1	0.368139	1.242909	4.914668
MGYG000001277__gradient_L2_fos_gapseq	1454	1585	490	bio1	0.368139	1.238050	4.925070
MGYG000001277__gradient_L3_gos_gapseq	1454	1585	490	bio1	0.368139	1.296232	4.961018
MGYG000001277__gradient_L4_xos_gapseq	1454	1585	490	bio1	0.425342	1.192438	5.051028
MGYG000001277__gradient_L5_pectin_gapseq	1454	1585	490	bio1	0.425342	1.187053	4.997058
MGYG000001277__gradient_L6_resistant_starch_gapseq	1454	1585	490	bio1	0.580713	1.217819	4.907945
MGYG000001277__gradient_L7_bglucan_gapseq	1454	1585	490	bio1	0.580713	1.305615	4.896597
MGYG000001277__gradient_L8_hmo_gapseq	1454	1585	490	bio1	0.580713	1.271946	4.932968
MGYG000001277__gradient_L9_mos_gapseq	1454	1585	490	bio1	0.713458	1.184177	5.005848
MGYG000001280__gradient_L0_base_gapseq	900	955	179	bio1	0.000000	0.651299	0.026139
MGYG000001280__gradient_L1_inulin_gapseq	900	955	179	bio1	0.000000	0.731958	0.026699
MGYG000001280__gradient_L2_fos_gapseq	900	955	179	bio1	0.000000	0.649566	0.028289
MGYG000001280__gradient_L3_gos_gapseq	900	955	179	bio1	0.000000	0.649486	0.026845
MGYG000001280__gradient_L4_xos_gapseq	900	955	179	bio1	0.000000	0.746661	0.026690
MGYG000001280__gradient_L5_pectin_gapseq	900	955	179	bio1	0.000000	0.656777	0.026627
MGYG000001280__gradient_L6_resistant_starch_gapseq	900	955	179	bio1	0.000000	0.659667	0.028102
MGYG000001280__gradient_L7_bglucan_gapseq	900	955	179	bio1	0.000000	0.649230	0.027693
MGYG000001280__gradient_L8_hmo_gapseq	900	955	179	bio1	0.000000	0.762170	0.026920
MGYG000001280__gradient_L9_mos_gapseq	900	955	179	bio1	0.000000	0.702495	0.026842
MGYG000001285__gradient_L0_base_gapseq	1098	1241	281	bio1	0.000000	0.866142	0.043410
MGYG000001285__gradient_L1_inulin_gapseq	1098	1241	281	bio1	0.457332	0.956860	3.236394
MGYG000001285__gradient_L2_fos_gapseq	1098	1241	281	bio1	0.457332	0.885019	3.323785
MGYG000001285__gradient_L3_gos_gapseq	1098	1241	281	bio1	0.519697	0.883504	3.183271
MGYG000001285__gradient_L4_xos_gapseq	1098	1241	281	bio1	0.581582	0.976834	3.183527
MGYG000001285__gradient_L5_pectin_gapseq	1098	1241	281	bio1	0.581582	0.851573	3.203415
MGYG000001285__gradient_L6_resistant_starch_gapseq	1098	1241	281	bio1	0.991610	0.953195	3.178294
MGYG000001285__gradient_L7_bglucan_gapseq	1098	1241	281	bio1	0.991610	0.878516	3.258498
MGYG000001285__gradient_L8_hmo_gapseq	1098	1241	281	bio1	0.991610	0.868335	3.185417
MGYG000001285__gradient_L9_mos_gapseq	1098	1241	281	bio1	1.077838	0.943238	3.195132
MGYG000001287__gradient_L0_base_gapseq	1065	1201	220	bio1	0.000000	0.928335	0.038825
MGYG000001287__gradient_L1_inulin_gapseq	1065	1201	220	bio1	0.000000	0.856672	0.037598
MGYG000001287__gradient_L2_fos_gapseq	1065	1201	220	bio1	0.000000	0.918276	0.038624
MGYG000001287__gradient_L3_gos_gapseq	1065	1201	220	bio1	0.256501	0.851294	2.974726
MGYG000001287__gradient_L4_xos_gapseq	1065	1201	220	bio1	0.256501	0.958193	2.966437
MGYG000001287__gradient_L5_pectin_gapseq	1065	1201	220	bio1	0.256501	0.843566	2.969919
MGYG000001287__gradient_L6_resistant_starch_gapseq	1065	1201	220	bio1	0.631082	0.904962	2.968366
MGYG000001287__gradient_L7_bglucan_gapseq	1065	1201	220	bio1	0.631082	0.875479	3.037763
MGYG000001287__gradient_L8_hmo_gapseq	1065	1201	220	bio1	0.631082	0.856936	2.973480
MGYG000001287__gradient_L9_mos_gapseq	1065	1201	220	bio1	0.631082	0.923166	2.959696
MGYG000001296__gradient_L0_base_gapseq	1451	1675	400	bio1	0.564619	1.174759	5.678825
MGYG000001296__gradient_L1_inulin_gapseq	1451	1675	400	bio1	0.718609	1.185671	5.709619
MGYG000001296__gradient_L2_fos_gapseq	1451	1675	400	bio1	0.718609	1.198818	5.637060
MGYG000001296__gradient_L3_gos_gapseq	1451	1675	400	bio1	0.879598	1.311007	5.688215
MGYG000001296__gradient_L4_xos_gapseq	1451	1675	400	bio1	0.982901	1.267997	5.583880
MGYG000001296__gradient_L5_pectin_gapseq	1451	1675	400	bio1	1.006359	1.265795	5.618363
MGYG000001296__gradient_L6_resistant_starch_gapseq	1451	1675	400	bio1	1.201065	1.284109	5.630274
MGYG000001296__gradient_L7_bglucan_gapseq	1451	1675	400	bio1	1.320703	1.178683	5.707756
MGYG000001296__gradient_L8_hmo_gapseq	1451	1675	400	bio1	1.320703	1.197961	5.698116
MGYG000001296__gradient_L9_mos_gapseq	1451	1675	400	bio1	1.395770	1.199520	5.625712
MGYG000001297__gradient_L0_base_gapseq	1362	1490	385	bio1	0.421398	1.184644	4.515506
MGYG000001297__gradient_L1_inulin_gapseq	1362	1490	385	bio1	0.533775	1.082343	4.602228
MGYG000001297__gradient_L2_fos_gapseq	1362	1490	385	bio1	0.533775	1.112353	4.596526
MGYG000001297__gradient_L3_gos_gapseq	1362	1490	385	bio1	0.533775	1.057413	4.516677
MGYG000001297__gradient_L4_xos_gapseq	1362	1490	385	bio1	0.533775	1.211953	4.537342
MGYG000001297__gradient_L5_pectin_gapseq	1362	1490	385	bio1	0.533775	1.076558	4.618943
MGYG000001297__gradient_L6_resistant_starch_gapseq	1362	1490	385	bio1	0.533775	1.093440	4.515110
MGYG000001297__gradient_L7_bglucan_gapseq	1362	1490	385	bio1	0.533775	1.147777	4.490228
MGYG000001297__gradient_L8_hmo_gapseq	1362	1490	385	bio1	0.533775	1.150291	4.520381
MGYG000001297__gradient_L9_mos_gapseq	1362	1490	385	bio1	0.533775	1.085965	4.616813
MGYG000001300__gradient_L0_base_gapseq	1357	1538	383	bio1	0.764924	1.087196	4.703954
MGYG000001300__gradient_L1_inulin_gapseq	1357	1538	383	bio1	0.894055	1.135858	4.611156
MGYG000001300__gradient_L2_fos_gapseq	1357	1538	383	bio1	0.894055	1.198712	4.617614
MGYG000001300__gradient_L3_gos_gapseq	1357	1538	383	bio1	1.129184	1.226118	4.646387
MGYG000001300__gradient_L4_xos_gapseq	1357	1538	383	bio1	1.195356	1.119724	4.723717
MGYG000001300__gradient_L5_pectin_gapseq	1357	1538	383	bio1	1.231194	1.134213	4.598888
MGYG000001300__gradient_L6_resistant_starch_gapseq	1357	1538	383	bio1	1.744134	1.236805	4.639901
MGYG000001300__gradient_L7_bglucan_gapseq	1357	1538	383	bio1	1.916607	1.162732	4.646083
MGYG000001300__gradient_L8_hmo_gapseq	1357	1538	383	bio1	2.046522	1.238158	4.655130
MGYG000001300__gradient_L9_mos_gapseq	1357	1538	383	bio1	2.130145	1.118809	4.759801
MGYG000001302__gradient_L0_base_gapseq	1200	1273	283	bio1	0.217884	0.964228	3.440145
MGYG000001302__gradient_L1_inulin_gapseq	1200	1273	283	bio1	0.372006	0.982322	3.426523
MGYG000001302__gradient_L2_fos_gapseq	1200	1273	283	bio1	0.372006	0.977946	3.499977
MGYG000001302__gradient_L3_gos_gapseq	1200	1273	283	bio1	0.372006	0.932609	3.423823
MGYG000001302__gradient_L4_xos_gapseq	1200	1273	283	bio1	0.372006	0.996585	3.418737
MGYG000001302__gradient_L5_pectin_gapseq	1200	1273	283	bio1	0.372006	0.926465	3.404749
MGYG000001302__gradient_L6_resistant_starch_gapseq	1200	1273	283	bio1	0.372006	0.999929	3.418520
MGYG000001302__gradient_L7_bglucan_gapseq	1200	1273	283	bio1	0.372006	0.921100	3.482590
MGYG000001302__gradient_L8_hmo_gapseq	1200	1273	283	bio1	0.372006	0.935054	3.465949
MGYG000001302__gradient_L9_mos_gapseq	1200	1273	283	bio1	0.513732	1.021794	3.434352
MGYG000001303__gradient_L0_base_gapseq	1459	1670	499	bio1	0.638334	1.261666	5.701794
MGYG000001303__gradient_L1_inulin_gapseq	1459	1670	499	bio1	0.794260	1.249385	5.568042
MGYG000001303__gradient_L2_fos_gapseq	1459	1670	499	bio1	0.794260	1.327851	5.560484
MGYG000001303__gradient_L3_gos_gapseq	1459	1670	499	bio1	1.129522	1.297983	5.555992
MGYG000001303__gradient_L4_xos_gapseq	1459	1670	499	bio1	1.193286	1.273324	5.618117
MGYG000001303__gradient_L5_pectin_gapseq	1459	1670	499	bio1	1.193286	1.334253	5.613321
MGYG000001303__gradient_L6_resistant_starch_gapseq	1459	1670	499	bio1	1.858252	1.216023	5.657369
MGYG000001303__gradient_L7_bglucan_gapseq	1459	1670	499	bio1	1.858252	1.243880	5.668498
MGYG000001303__gradient_L8_hmo_gapseq	1459	1670	499	bio1	2.003998	1.211192	5.596607
MGYG000001303__gradient_L9_mos_gapseq	1459	1670	499	bio1	2.003998	1.324761	5.564901
MGYG000001306__gradient_L0_base_gapseq	1453	1727	462	bio1	0.000000	1.206612	0.071734
MGYG000001306__gradient_L1_inulin_gapseq	1453	1727	462	bio1	0.000000	1.279500	0.073722
MGYG000001306__gradient_L2_fos_gapseq	1453	1727	462	bio1	0.000000	1.231174	0.075240
MGYG000001306__gradient_L3_gos_gapseq	1453	1727	462	bio1	0.000000	1.357511	0.075478
MGYG000001306__gradient_L4_xos_gapseq	1453	1727	462	bio1	0.000000	1.196942	0.076609
MGYG000001306__gradient_L5_pectin_gapseq	1453	1727	462	bio1	0.000000	1.351267	0.077443
MGYG000001306__gradient_L6_resistant_starch_gapseq	1453	1727	462	bio1	0.000000	1.318993	0.073374
MGYG000001306__gradient_L7_bglucan_gapseq	1453	1727	462	bio1	0.000000	1.279785	0.073506
MGYG000001306__gradient_L8_hmo_gapseq	1453	1727	462	bio1	0.000000	1.323759	0.074082
MGYG000001306__gradient_L9_mos_gapseq	1453	1727	462	bio1	0.000000	1.211247	0.075048
MGYG000001307__gradient_L0_base_gapseq	2100	2578	924	bio1	1.173390	1.994211	13.138423
MGYG000001307__gradient_L1_inulin_gapseq	2100	2578	924	bio1	1.455262	1.956679	13.229256
MGYG000001307__gradient_L2_fos_gapseq	2100	2578	924	bio1	1.455262	2.025183	13.079601
MGYG000001307__gradient_L3_gos_gapseq	2100	2578	924	bio1	1.760394	1.898503	13.192300
MGYG000001307__gradient_L4_xos_gapseq	2100	2578	924	bio1	1.840212	1.968115	13.155454
MGYG000001307__gradient_L5_pectin_gapseq	2100	2578	924	bio1	1.840212	1.916756	13.151770
MGYG000001307__gradient_L6_resistant_starch_gapseq	2100	2578	924	bio1	2.214217	1.890893	13.181550
MGYG000001307__gradient_L7_bglucan_gapseq	2100	2578	924	bio1	2.214217	1.906639	13.168180
MGYG000001307__gradient_L8_hmo_gapseq	2100	2578	924	bio1	2.214217	1.921584	13.128697
MGYG000001307__gradient_L9_mos_gapseq	2100	2578	924	bio1	2.347921	1.949304	13.282564
MGYG000001309__gradient_L0_base_gapseq	1700	1995	585	bio1	1.342611	1.520827	7.654664
MGYG000001309__gradient_L1_inulin_gapseq	1700	1995	585	bio1	1.507857	1.518633	7.671004
MGYG000001309__gradient_L2_fos_gapseq	1700	1995	585	bio1	1.507857	1.522000	7.749692
MGYG000001309__gradient_L3_gos_gapseq	1700	1995	585	bio1	1.613201	1.546396	7.667730
MGYG000001309__gradient_L4_xos_gapseq	1700	1995	585	bio1	1.650381	1.569058	7.685457
MGYG000001309__gradient_L5_pectin_gapseq	1700	1995	585	bio1	1.650381	1.531848	7.689613
MGYG000001309__gradient_L6_resistant_starch_gapseq	1700	1995	585	bio1	2.371266	1.540825	7.692893
MGYG000001309__gradient_L7_bglucan_gapseq	1700	1995	585	bio1	2.371266	1.541277	7.665662
MGYG000001309__gradient_L8_hmo_gapseq	1700	1995	585	bio1	2.371266	1.538241	7.804301
MGYG000001309__gradient_L9_mos_gapseq	1700	1995	585	bio1	2.536512	1.559984	7.716305
MGYG000001311__gradient_L0_base_gapseq	1754	2044	894	bio1	1.802274	1.673810	8.051863
MGYG000001311__gradient_L1_inulin_gapseq	1754	2044	894	bio1	2.125795	1.572605	8.087794
MGYG000001311__gradient_L2_fos_gapseq	1754	2044	894	bio1	2.125795	1.564405	7.991686
MGYG000001311__gradient_L3_gos_gapseq	1754	2044	894	bio1	2.459427	1.574622	8.022969
MGYG000001311__gradient_L4_xos_gapseq	1754	2044	894	bio1	2.649495	1.638154	7.890935
MGYG000001311__gradient_L5_pectin_gapseq	1754	2044	894	bio1	2.649495	1.649813	7.953491
MGYG000001311__gradient_L6_resistant_starch_gapseq	1754	2044	894	bio1	3.355176	1.688553	7.973518
MGYG000001311__gradient_L7_bglucan_gapseq	1754	2044	894	bio1	3.591751	1.667405	7.898649
MGYG000001311__gradient_L8_hmo_gapseq	1754	2044	894	bio1	3.757556	1.639302	8.013708
MGYG000001311__gradient_L9_mos_gapseq	1754	2044	894	bio1	3.919317	1.547797	7.989936
MGYG000001312__gradient_L0_base_gapseq	1231	1301	335	bio1	0.000000	1.018657	0.046286
MGYG000001312__gradient_L1_inulin_gapseq	1231	1301	335	bio1	0.000000	0.946694	0.045003
MGYG000001312__gradient_L2_fos_gapseq	1231	1301	335	bio1	0.000000	1.037666	0.045208
MGYG000001312__gradient_L3_gos_gapseq	1231	1301	335	bio1	0.000000	0.936943	0.044440
MGYG000001312__gradient_L4_xos_gapseq	1231	1301	335	bio1	0.000000	0.944739	0.045030
MGYG000001312__gradient_L5_pectin_gapseq	1231	1301	335	bio1	0.000000	1.028237	0.046142
MGYG000001312__gradient_L6_resistant_starch_gapseq	1231	1301	335	bio1	0.000000	0.937345	0.045062
MGYG000001312__gradient_L7_bglucan_gapseq	1231	1301	335	bio1	0.000000	1.020978	0.045605
MGYG000001312__gradient_L8_hmo_gapseq	1231	1301	335	bio1	0.000000	0.950121	0.045500
MGYG000001312__gradient_L9_mos_gapseq	1231	1301	335	bio1	0.000000	1.076591	0.045616
MGYG000001316__gradient_L0_base_gapseq	1555	1814	469	bio1	1.098916	1.336204	6.391568
MGYG000001316__gradient_L1_inulin_gapseq	1555	1814	469	bio1	1.353116	1.440481	6.368750
MGYG000001316__gradient_L2_fos_gapseq	1555	1814	469	bio1	1.353116	1.373602	6.368634
MGYG000001316__gradient_L3_gos_gapseq	1555	1814	469	bio1	1.628826	1.382316	6.362569
MGYG000001316__gradient_L4_xos_gapseq	1555	1814	469	bio1	1.785712	1.388272	6.349724
MGYG000001316__gradient_L5_pectin_gapseq	1555	1814	469	bio1	1.832704	1.377878	6.385237
MGYG000001316__gradient_L6_resistant_starch_gapseq	1555	1814	469	bio1	2.276100	1.376301	6.378055
MGYG000001316__gradient_L7_bglucan_gapseq	1555	1814	469	bio1	2.276100	1.383977	6.334477
MGYG000001316__gradient_L8_hmo_gapseq	1555	1814	469	bio1	2.276100	1.293407	6.522874
MGYG000001316__gradient_L9_mos_gapseq	1555	1814	469	bio1	2.276100	1.305813	6.450223
MGYG000001318__gradient_L0_base_gapseq	2250	2839	1238	bio1	1.570430	2.238376	15.500247
MGYG000001318__gradient_L1_inulin_gapseq	2250	2839	1238	bio1	1.897184	2.178805	15.545122
MGYG000001318__gradient_L2_fos_gapseq	2250	2839	1238	bio1	1.897184	2.244771	15.654870
MGYG000001318__gradient_L3_gos_gapseq	2250	2839	1238	bio1	2.237247	2.273930	15.433528
MGYG000001318__gradient_L4_xos_gapseq	2250	2839	1238	bio1	2.405722	2.188962	15.606139
MGYG000001318__gradient_L5_pectin_gapseq	2250	2839	1238	bio1	2.449022	2.192078	15.606635
MGYG000001318__gradient_L6_resistant_starch_gapseq	2250	2839	1238	bio1	3.116361	2.182066	15.540812
MGYG000001318__gradient_L7_bglucan_gapseq	2250	2839	1238	bio1	3.333933	2.183971	15.615207
MGYG000001318__gradient_L8_hmo_gapseq	2250	2839	1238	bio1	3.333933	2.197167	15.504038
MGYG000001318__gradient_L9_mos_gapseq	2250	2839	1238	bio1	3.473783	2.180815	15.601140
MGYG000001319__gradient_L0_base_gapseq	1273	1419	337	bio1	0.000000	1.047932	0.055564
MGYG000001319__gradient_L1_inulin_gapseq	1273	1419	337	bio1	0.000000	1.098016	0.056838
MGYG000001319__gradient_L2_fos_gapseq	1273	1419	337	bio1	0.000000	1.012325	0.057573
MGYG000001319__gradient_L3_gos_gapseq	1273	1419	337	bio1	0.596845	1.028832	4.122547
MGYG000001319__gradient_L4_xos_gapseq	1273	1419	337	bio1	0.596845	1.034769	4.058668
MGYG000001319__gradient_L5_pectin_gapseq	1273	1419	337	bio1	0.596845	1.160094	4.046403
MGYG000001319__gradient_L6_resistant_starch_gapseq	1273	1419	337	bio1	1.092396	1.132374	4.042182
MGYG000001319__gradient_L7_bglucan_gapseq	1273	1419	337	bio1	1.092396	1.018972	4.124305
MGYG000001319__gradient_L8_hmo_gapseq	1273	1419	337	bio1	1.092396	1.060924	4.032294
MGYG000001319__gradient_L9_mos_gapseq	1273	1419	337	bio1	1.092396	1.108890	4.074046
MGYG000001321__gradient_L0_base_gapseq	1305	1429	392	bio1	0.421406	1.043596	4.297742
MGYG000001321__gradient_L1_inulin_gapseq	1305	1429	392	bio1	0.570812	1.051339	4.183017
MGYG000001321__gradient_L2_fos_gapseq	1305	1429	392	bio1	0.570812	1.142384	4.201972
MGYG000001321__gradient_L3_gos_gapseq	1305	1429	392	bio1	0.570812	1.155275	4.236840
MGYG000001321__gradient_L4_xos_gapseq	1305	1429	392	bio1	0.570812	1.069631	4.271419
MGYG000001321__gradient_L5_pectin_gapseq	1305	1429	392	bio1	0.570812	1.026811	4.194628
MGYG000001321__gradient_L6_resistant_starch_gapseq	1305	1429	392	bio1	0.570812	1.116906	4.189955
MGYG000001321__gradient_L7_bglucan_gapseq	1305	1429	392	bio1	0.570812	1.153791	4.200986
MGYG000001321__gradient_L8_hmo_gapseq	1305	1429	392	bio1	0.570812	1.086307	4.287864
MGYG000001321__gradient_L9_mos_gapseq	1305	1429	392	bio1	0.698881	1.058714	4.243416
MGYG000001323__gradient_L0_base_gapseq	2212	2725	1009	bio1	1.410520	2.109216	14.311815
MGYG000001323__gradient_L1_inulin_gapseq	2212	2725	1009	bio1	1.688962	2.099530	14.360384
MGYG000001323__gradient_L2_fos_gapseq	2212	2725	1009	bio1	1.688962	2.028041	14.371643
MGYG000001323__gradient_L3_gos_gapseq	2212	2725	1009	bio1	1.990382	2.116764	14.268346
MGYG000001323__gradient_L4_xos_gapseq	2212	2725	1009	bio1	2.069228	2.093365	14.343344
MGYG000001323__gradient_L5_pectin_gapseq	2212	2725	1009	bio1	2.113383	2.097118	14.375997
MGYG000001323__gradient_L6_resistant_starch_gapseq	2212	2725	1009	bio1	2.707145	2.026350	14.382849
MGYG000001323__gradient_L7_bglucan_gapseq	2212	2725	1009	bio1	2.905827	2.133779	14.332144
MGYG000001323__gradient_L8_hmo_gapseq	2212	2725	1009	bio1	2.905827	2.124197	14.374527
MGYG000001323__gradient_L9_mos_gapseq	2212	2725	1009	bio1	3.034062	2.138633	14.393871
MGYG000001328__gradient_L0_base_gapseq	1648	1956	586	bio1	1.255353	1.489687	7.673329
MGYG000001328__gradient_L1_inulin_gapseq	1648	1956	586	bio1	1.594640	1.394906	7.633440
MGYG000001328__gradient_L2_fos_gapseq	1648	1956	586	bio1	1.594640	1.408255	7.647959
MGYG000001328__gradient_L3_gos_gapseq	1648	1956	586	bio1	1.944530	1.411450	7.660672
MGYG000001328__gradient_L4_xos_gapseq	1648	1956	586	bio1	2.001785	1.421521	7.681471
MGYG000001328__gradient_L5_pectin_gapseq	1648	1956	586	bio1	2.001785	1.445050	7.706109
MGYG000001328__gradient_L6_resistant_starch_gapseq	1648	1956	586	bio1	2.741856	1.404056	7.648791
MGYG000001328__gradient_L7_bglucan_gapseq	1648	1956	586	bio1	2.989960	1.405837	7.682485
MGYG000001328__gradient_L8_hmo_gapseq	1648	1956	586	bio1	3.163844	1.409292	7.715642
MGYG000001328__gradient_L9_mos_gapseq	1648	1956	586	bio1	3.333488	1.411707	7.679550
MGYG000001331__gradient_L0_base_gapseq	1540	1677	436	bio1	0.388864	1.284246	5.554882
MGYG000001331__gradient_L1_inulin_gapseq	1540	1677	436	bio1	0.487566	1.285679	5.535520
MGYG000001331__gradient_L2_fos_gapseq	1540	1677	436	bio1	0.487566	1.305325	5.542167
MGYG000001331__gradient_L3_gos_gapseq	1540	1677	436	bio1	0.487566	1.198424	5.665248
MGYG000001331__gradient_L4_xos_gapseq	1540	1677	436	bio1	0.487566	1.208153	5.686880
MGYG000001331__gradient_L5_pectin_gapseq	1540	1677	436	bio1	0.487566	1.251379	5.535438
MGYG000001331__gradient_L6_resistant_starch_gapseq	1540	1677	436	bio1	0.717923	1.286351	5.583516
MGYG000001331__gradient_L7_bglucan_gapseq	1540	1677	436	bio1	0.717923	1.295279	5.567356
MGYG000001331__gradient_L8_hmo_gapseq	1540	1677	436	bio1	0.717923	1.292415	5.572765
MGYG000001331__gradient_L9_mos_gapseq	1540	1677	436	bio1	0.717923	1.353029	5.565531
MGYG000001351__gradient_L0_base_gapseq	2072	2525	847	bio1	1.410409	1.828788	12.579639
MGYG000001351__gradient_L1_inulin_gapseq	2072	2525	847	bio1	1.545957	1.884622	12.662676
MGYG000001351__gradient_L2_fos_gapseq	2072	2525	847	bio1	1.545957	1.895187	12.557829
MGYG000001351__gradient_L3_gos_gapseq	2072	2525	847	bio1	1.844009	1.830597	12.550504
MGYG000001351__gradient_L4_xos_gapseq	2072	2525	847	bio1	1.921795	1.963299	12.659455
MGYG000001351__gradient_L5_pectin_gapseq	2072	2525	847	bio1	1.921795	1.810930	12.781319
MGYG000001351__gradient_L6_resistant_starch_gapseq	2072	2525	847	bio1	2.276100	1.994701	12.616554
MGYG000001351__gradient_L7_bglucan_gapseq	2072	2525	847	bio1	2.276100	1.811467	12.531366
MGYG000001351__gradient_L8_hmo_gapseq	2072	2525	847	bio1	2.276100	1.877063	12.634091
MGYG000001351__gradient_L9_mos_gapseq	2072	2525	847	bio1	2.276100	1.829207	12.780659
MGYG000001353__gradient_L0_base_gapseq	1201	1362	336	bio1	0.810620	0.967186	3.775031
MGYG000001353__gradient_L1_inulin_gapseq	1201	1362	336	bio1	1.100633	0.946637	3.694192
MGYG000001353__gradient_L2_fos_gapseq	1201	1362	336	bio1	1.100633	1.098202	3.691327
MGYG000001353__gradient_L3_gos_gapseq	1201	1362	336	bio1	1.392957	0.966203	3.766619
MGYG000001353__gradient_L4_xos_gapseq	1201	1362	336	bio1	1.392957	0.975187	3.671252
MGYG000001353__gradient_L5_pectin_gapseq	1201	1362	336	bio1	1.392957	1.084001	3.686665
MGYG000001353__gradient_L6_resistant_starch_gapseq	1201	1362	336	bio1	2.006394	0.972119	3.776722
MGYG000001353__gradient_L7_bglucan_gapseq	1201	1362	336	bio1	2.006394	0.999625	3.729375
MGYG000001353__gradient_L8_hmo_gapseq	1201	1362	336	bio1	2.006394	1.066301	3.700084
MGYG000001353__gradient_L9_mos_gapseq	1201	1362	336	bio1	2.148127	0.999782	3.774358
MGYG000001357__gradient_L0_base_gapseq	1239	1385	323	bio1	0.267238	1.078725	3.932892
MGYG000001357__gradient_L1_inulin_gapseq	1239	1385	323	bio1	0.342255	0.991614	4.053756
MGYG000001357__gradient_L2_fos_gapseq	1239	1385	323	bio1	0.342255	0.964702	3.933598
MGYG000001357__gradient_L3_gos_gapseq	1239	1385	323	bio1	0.342255	1.069635	3.930725
MGYG000001357__gradient_L4_xos_gapseq	1239	1385	323	bio1	0.342255	0.990349	4.038162
MGYG000001357__gradient_L5_pectin_gapseq	1239	1385	323	bio1	0.342255	0.976802	3.927161
MGYG000001357__gradient_L6_resistant_starch_gapseq	1239	1385	323	bio1	0.407895	1.064354	3.964379
MGYG000001357__gradient_L7_bglucan_gapseq	1239	1385	323	bio1	0.407895	0.986998	4.052741
MGYG000001357__gradient_L8_hmo_gapseq	1239	1385	323	bio1	0.407895	0.957402	3.967941
MGYG000001357__gradient_L9_mos_gapseq	1239	1385	323	bio1	0.473535	1.113549	3.952422
MGYG000001361__gradient_L0_base_gapseq	1356	1480	411	bio1	0.291869	1.107059	4.420013
MGYG000001361__gradient_L1_inulin_gapseq	1356	1480	411	bio1	0.358877	1.273313	4.382469
MGYG000001361__gradient_L2_fos_gapseq	1356	1480	411	bio1	0.358877	1.219372	4.366707
MGYG000001361__gradient_L3_gos_gapseq	1356	1480	411	bio1	0.358877	1.080201	4.461745
MGYG000001361__gradient_L4_xos_gapseq	1356	1480	411	bio1	0.358877	1.091428	4.445491
MGYG000001361__gradient_L5_pectin_gapseq	1356	1480	411	bio1	0.358877	1.147812	4.379906
MGYG000001361__gradient_L6_resistant_starch_gapseq	1356	1480	411	bio1	0.358877	1.192598	4.369715
MGYG000001361__gradient_L7_bglucan_gapseq	1356	1480	411	bio1	0.358877	1.213648	4.346129
MGYG000001361__gradient_L8_hmo_gapseq	1356	1480	411	bio1	0.358877	1.109395	4.457911
MGYG000001361__gradient_L9_mos_gapseq	1356	1480	411	bio1	0.358877	1.147281	4.346324
MGYG000001374__gradient_L0_base_gapseq	1317	1511	391	bio1	0.000000	1.108662	0.051965
MGYG000001374__gradient_L1_inulin_gapseq	1317	1511	391	bio1	0.000000	1.163994	0.053672
MGYG000001374__gradient_L2_fos_gapseq	1317	1511	391	bio1	0.000000	1.089691	0.054154
MGYG000001374__gradient_L3_gos_gapseq	1317	1511	391	bio1	0.000000	1.171959	0.053326
MGYG000001374__gradient_L4_xos_gapseq	1317	1511	391	bio1	1.239547	1.068439	4.533240
MGYG000001374__gradient_L5_pectin_gapseq	1317	1511	391	bio1	1.239547	1.175468	4.539090
MGYG000001374__gradient_L6_resistant_starch_gapseq	1317	1511	391	bio1	1.951224	1.176330	4.515049
MGYG000001374__gradient_L7_bglucan_gapseq	1317	1511	391	bio1	2.201273	1.097057	4.617185
MGYG000001374__gradient_L8_hmo_gapseq	1317	1511	391	bio1	2.376521	1.068823	4.489115
MGYG000001374__gradient_L9_mos_gapseq	1317	1511	391	bio1	2.376521	1.162065	4.508969
MGYG000001375__gradient_L0_base_gapseq	1230	1333	291	bio1	0.000000	0.950187	0.043363
MGYG000001375__gradient_L1_inulin_gapseq	1230	1333	291	bio1	0.000000	1.055524	0.044951
MGYG000001375__gradient_L2_fos_gapseq	1230	1333	291	bio1	0.000000	0.976148	0.044797
MGYG000001375__gradient_L3_gos_gapseq	1230	1333	291	bio1	0.908404	1.045976	3.682046
MGYG000001375__gradient_L4_xos_gapseq	1230	1333	291	bio1	1.013201	0.943612	3.829582
MGYG000001375__gradient_L5_pectin_gapseq	1230	1333	291	bio1	1.013201	0.980927	3.686332
MGYG000001375__gradient_L6_resistant_starch_gapseq	1230	1333	291	bio1	1.740795	1.026383	3.705781
MGYG000001375__gradient_L7_bglucan_gapseq	1230	1333	291	bio1	1.984717	0.957372	3.799016
MGYG000001375__gradient_L8_hmo_gapseq	1230	1333	291	bio1	1.984717	0.993851	3.689178
MGYG000001375__gradient_L9_mos_gapseq	1230	1333	291	bio1	2.118144	1.039091	3.699221
MGYG000001378__gradient_L0_base_gapseq	1559	1896	664	bio1	0.000000	1.462319	0.093148
MGYG000001378__gradient_L1_inulin_gapseq	1559	1896	664	bio1	0.000000	1.355642	0.093397
MGYG000001378__gradient_L2_fos_gapseq	1559	1896	664	bio1	0.000000	1.427635	0.092142
MGYG000001378__gradient_L3_gos_gapseq	1559	1896	664	bio1	0.000000	1.464024	0.094129
MGYG000001378__gradient_L4_xos_gapseq	1559	1896	664	bio1	0.000000	1.377172	0.091433
MGYG000001378__gradient_L5_pectin_gapseq	1559	1896	664	bio1	0.000000	1.493011	0.092443
MGYG000001378__gradient_L6_resistant_starch_gapseq	1559	1896	664	bio1	0.000000	1.478474	0.096199
MGYG000001378__gradient_L7_bglucan_gapseq	1559	1896	664	bio1	0.000000	1.407537	0.094846
MGYG000001378__gradient_L8_hmo_gapseq	1559	1896	664	bio1	0.000000	1.534157	0.095488
MGYG000001378__gradient_L9_mos_gapseq	1559	1896	664	bio1	0.000000	1.487985	0.095754
MGYG000001380__gradient_L0_base_gapseq	1436	1699	503	bio1	0.755395	1.201454	5.766483
MGYG000001380__gradient_L1_inulin_gapseq	1436	1699	503	bio1	0.982016	1.211566	5.759807
MGYG000001380__gradient_L2_fos_gapseq	1436	1699	503	bio1	0.982016	1.202770	5.784531
MGYG000001380__gradient_L3_gos_gapseq	1436	1699	503	bio1	1.175160	1.208405	5.666024
MGYG000001380__gradient_L4_xos_gapseq	1436	1699	503	bio1	1.209589	1.296943	5.672002
MGYG000001380__gradient_L5_pectin_gapseq	1436	1699	503	bio1	1.209589	1.294239	5.672233
MGYG000001380__gradient_L6_resistant_starch_gapseq	1436	1699	503	bio1	1.680116	1.287770	5.661604
MGYG000001380__gradient_L7_bglucan_gapseq	1436	1699	503	bio1	1.838489	1.297441	5.632929
MGYG000001380__gradient_L8_hmo_gapseq	1436	1699	503	bio1	1.953252	1.206218	5.738147
MGYG000001380__gradient_L9_mos_gapseq	1436	1699	503	bio1	1.953252	1.197836	5.720169
MGYG000001381__gradient_L0_base_gapseq	1622	1829	475	bio1	0.410248	1.415765	6.550642
MGYG000001381__gradient_L1_inulin_gapseq	1622	1829	475	bio1	0.626900	1.439068	6.615722
MGYG000001381__gradient_L2_fos_gapseq	1622	1829	475	bio1	0.626900	1.408007	6.548114
MGYG000001381__gradient_L3_gos_gapseq	1622	1829	475	bio1	0.626900	1.399345	6.561244
MGYG000001381__gradient_L4_xos_gapseq	1622	1829	475	bio1	0.626900	1.394983	6.572246
MGYG000001381__gradient_L5_pectin_gapseq	1622	1829	475	bio1	0.626900	1.417341	6.554485
MGYG000001381__gradient_L6_resistant_starch_gapseq	1622	1829	475	bio1	1.111911	1.458989	6.552181
MGYG000001381__gradient_L7_bglucan_gapseq	1622	1829	475	bio1	1.111911	1.425990	6.533095
MGYG000001381__gradient_L8_hmo_gapseq	1622	1829	475	bio1	1.111911	1.328510	6.722150
MGYG000001381__gradient_L9_mos_gapseq	1622	1829	475	bio1	1.111911	1.335887	6.595969
MGYG000001386__gradient_L0_base_gapseq	1682	1969	738	bio1	1.759252	1.483326	7.573093
MGYG000001386__gradient_L1_inulin_gapseq	1682	1969	738	bio1	2.086050	1.447188	7.528352
MGYG000001386__gradient_L2_fos_gapseq	1682	1969	738	bio1	2.086050	1.468870	7.447638
MGYG000001386__gradient_L3_gos_gapseq	1682	1969	738	bio1	2.447570	1.543748	7.361757
MGYG000001386__gradient_L4_xos_gapseq	1682	1969	738	bio1	2.621181	1.576243	7.364431
MGYG000001386__gradient_L5_pectin_gapseq	1682	1969	738	bio1	2.682456	1.552399	7.396702
MGYG000001386__gradient_L6_resistant_starch_gapseq	1682	1969	738	bio1	3.395283	1.583607	7.339952
MGYG000001386__gradient_L7_bglucan_gapseq	1682	1969	738	bio1	3.634254	1.557555	7.436355
MGYG000001386__gradient_L8_hmo_gapseq	1682	1969	738	bio1	3.805823	1.560548	7.346420
MGYG000001386__gradient_L9_mos_gapseq	1682	1969	738	bio1	3.969222	1.579405	7.340396
MGYG000001389__gradient_L0_base_gapseq	1501	1623	527	bio1	0.525255	1.226360	5.413121
MGYG000001389__gradient_L1_inulin_gapseq	1501	1623	527	bio1	0.686461	1.323046	5.404506
MGYG000001389__gradient_L2_fos_gapseq	1501	1623	527	bio1	0.686461	1.299890	5.404408
MGYG000001389__gradient_L3_gos_gapseq	1501	1623	527	bio1	0.686461	1.342658	5.411071
MGYG000001389__gradient_L4_xos_gapseq	1501	1623	527	bio1	0.748331	1.294336	5.392091
MGYG000001389__gradient_L5_pectin_gapseq	1501	1623	527	bio1	0.748331	1.231001	5.476178
MGYG000001389__gradient_L6_resistant_starch_gapseq	1501	1623	527	bio1	0.863234	1.211454	5.479206
MGYG000001389__gradient_L7_bglucan_gapseq	1501	1623	527	bio1	0.863234	1.218272	5.436629
MGYG000001389__gradient_L8_hmo_gapseq	1501	1623	527	bio1	0.863234	1.314213	5.372168
MGYG000001389__gradient_L9_mos_gapseq	1501	1623	527	bio1	0.863234	1.326269	5.366625
MGYG000001390__gradient_L0_base_gapseq	1889	2351	630	bio1	1.147243	1.681601	10.841394
MGYG000001390__gradient_L1_inulin_gapseq	1889	2351	630	bio1	1.400182	1.687970	10.800762
MGYG000001390__gradient_L2_fos_gapseq	1889	2351	630	bio1	1.400182	1.701104	10.753392
MGYG000001390__gradient_L3_gos_gapseq	1889	2351	630	bio1	1.673356	1.697167	10.805557
MGYG000001390__gradient_L4_xos_gapseq	1889	2351	630	bio1	1.737335	1.685278	10.806432
MGYG000001390__gradient_L5_pectin_gapseq	1889	2351	630	bio1	1.775127	1.725976	10.884817
MGYG000001390__gradient_L6_resistant_starch_gapseq	1889	2351	630	bio1	2.363713	1.774726	10.815288
MGYG000001390__gradient_L7_bglucan_gapseq	1889	2351	630	bio1	2.363713	1.689155	10.814538
MGYG000001390__gradient_L8_hmo_gapseq	1889	2351	630	bio1	2.363713	1.681024	10.750407
MGYG000001390__gradient_L9_mos_gapseq	1889	2351	630	bio1	2.457963	1.718333	10.767389
MGYG000001393__gradient_L0_base_gapseq	2265	2842	1164	bio1	1.801374	2.191570	15.605278
MGYG000001393__gradient_L1_inulin_gapseq	2265	2842	1164	bio1	2.142384	2.292652	15.507635
MGYG000001393__gradient_L2_fos_gapseq	2265	2842	1164	bio1	2.142384	2.170381	15.641383
MGYG000001393__gradient_L3_gos_gapseq	2265	2842	1164	bio1	2.486269	2.267523	15.532580
MGYG000001393__gradient_L4_xos_gapseq	2265	2842	1164	bio1	2.663941	2.181015	15.505630
MGYG000001393__gradient_L5_pectin_gapseq	2265	2842	1164	bio1	2.716836	2.146145	15.620355
MGYG000001393__gradient_L6_resistant_starch_gapseq	2265	2842	1164	bio1	3.195793	2.243590	15.666410
MGYG000001393__gradient_L7_bglucan_gapseq	2265	2842	1164	bio1	3.195793	2.205467	15.539385
MGYG000001393__gradient_L8_hmo_gapseq	2265	2842	1164	bio1	3.195793	2.244988	15.557907
MGYG000001393__gradient_L9_mos_gapseq	2265	2842	1164	bio1	3.195793	2.238053	15.597096
MGYG000001403__gradient_L0_base_gapseq	1860	2273	675	bio1	0.721571	1.753408	10.244843
MGYG000001403__gradient_L1_inulin_gapseq	1860	2273	675	bio1	0.925059	1.723400	10.225870
MGYG000001403__gradient_L2_fos_gapseq	1860	2273	675	bio1	0.925059	1.732900	10.194068
MGYG000001403__gradient_L3_gos_gapseq	1860	2273	675	bio1	1.138595	1.742728	10.304568
MGYG000001403__gradient_L4_xos_gapseq	1860	2273	675	bio1	1.192936	1.844536	10.274907
MGYG000001403__gradient_L5_pectin_gapseq	1860	2273	675	bio1	1.192936	1.658348	10.318028
MGYG000001403__gradient_L6_resistant_starch_gapseq	1860	2273	675	bio1	1.640674	1.678096	10.208601
MGYG000001403__gradient_L7_bglucan_gapseq	1860	2273	675	bio1	1.794512	1.727996	10.230514
MGYG000001403__gradient_L8_hmo_gapseq	1860	2273	675	bio1	1.794512	1.730290	10.334709
MGYG000001403__gradient_L9_mos_gapseq	1860	2273	675	bio1	1.892478	1.719670	10.245558
MGYG000001404__gradient_L0_base_gapseq	1655	1960	669	bio1	0.820866	1.551529	7.397691
MGYG000001404__gradient_L1_inulin_gapseq	1655	1960	669	bio1	1.088095	1.514903	7.354103
MGYG000001404__gradient_L2_fos_gapseq	1655	1960	669	bio1	1.088095	1.581294	7.393174
MGYG000001404__gradient_L3_gos_gapseq	1655	1960	669	bio1	1.179078	1.552193	7.409800
MGYG000001404__gradient_L4_xos_gapseq	1655	1960	669	bio1	1.234175	1.602757	7.414398
MGYG000001404__gradient_L5_pectin_gapseq	1655	1960	669	bio1	1.234175	1.549317	7.372076
MGYG000001404__gradient_L6_resistant_starch_gapseq	1655	1960	669	bio1	1.748500	1.501800	7.479341
MGYG000001404__gradient_L7_bglucan_gapseq	1655	1960	669	bio1	1.748500	1.437297	7.516328
MGYG000001404__gradient_L8_hmo_gapseq	1655	1960	669	bio1	1.748500	1.429143	7.513248
MGYG000001404__gradient_L9_mos_gapseq	1655	1960	669	bio1	1.862588	1.432210	7.450518
MGYG000001407__gradient_L0_base_gapseq	1496	1659	453	bio1	0.000000	1.203853	0.068503
MGYG000001407__gradient_L1_inulin_gapseq	1496	1659	453	bio1	0.000000	1.321003	0.066811
MGYG000001407__gradient_L2_fos_gapseq	1496	1659	453	bio1	0.000000	1.214769	0.068143
MGYG000001407__gradient_L3_gos_gapseq	1496	1659	453	bio1	0.000000	1.315351	0.067311
MGYG000001407__gradient_L4_xos_gapseq	1496	1659	453	bio1	0.566289	1.198246	5.534615
MGYG000001407__gradient_L5_pectin_gapseq	1496	1659	453	bio1	0.566289	1.210084	5.436205
MGYG000001407__gradient_L6_resistant_starch_gapseq	1496	1659	453	bio1	0.759072	1.259129	5.368307
MGYG000001407__gradient_L7_bglucan_gapseq	1496	1659	453	bio1	0.759072	1.279743	5.354011
MGYG000001407__gradient_L8_hmo_gapseq	1496	1659	453	bio1	0.759072	1.292843	5.341287
MGYG000001407__gradient_L9_mos_gapseq	1496	1659	453	bio1	0.759072	1.283933	5.393565
MGYG000001408__gradient_L0_base_gapseq	1674	1948	580	bio1	0.210519	1.479435	7.492165
MGYG000001408__gradient_L1_inulin_gapseq	1674	1948	580	bio1	0.292958	1.469162	7.461310
MGYG000001408__gradient_L2_fos_gapseq	1674	1948	580	bio1	0.292958	1.461464	7.377358
MGYG000001408__gradient_L3_gos_gapseq	1674	1948	580	bio1	0.292958	1.458840	7.416889
MGYG000001408__gradient_L4_xos_gapseq	1674	1948	580	bio1	0.334461	1.459591	7.525946
MGYG000001408__gradient_L5_pectin_gapseq	1674	1948	580	bio1	0.334461	1.573724	7.390570
MGYG000001408__gradient_L6_resistant_starch_gapseq	1674	1948	580	bio1	0.646266	1.556266	7.341185
MGYG000001408__gradient_L7_bglucan_gapseq	1674	1948	580	bio1	0.646266	1.556104	7.395330
MGYG000001408__gradient_L8_hmo_gapseq	1674	1948	580	bio1	0.646266	1.571487	7.352582
MGYG000001408__gradient_L9_mos_gapseq	1674	1948	580	bio1	0.710572	1.571177	7.404829
MGYG000001410__gradient_L0_base_gapseq	1299	1390	350	bio1	0.190434	1.077677	3.937963
MGYG000001410__gradient_L1_inulin_gapseq	1299	1390	350	bio1	0.292292	1.044829	4.048871
MGYG000001410__gradient_L2_fos_gapseq	1299	1390	350	bio1	0.292292	1.027170	3.937114
MGYG000001410__gradient_L3_gos_gapseq	1299	1390	350	bio1	0.292292	1.118941	3.938430
MGYG000001410__gradient_L4_xos_gapseq	1299	1390	350	bio1	0.292292	1.120158	3.939041
MGYG000001410__gradient_L5_pectin_gapseq	1299	1390	350	bio1	0.292292	1.006339	3.927868
MGYG000001410__gradient_L6_resistant_starch_gapseq	1299	1390	350	bio1	0.292292	1.125103	3.961771
MGYG000001410__gradient_L7_bglucan_gapseq	1299	1390	350	bio1	0.292292	1.061009	3.920379
MGYG000001410__gradient_L8_hmo_gapseq	1299	1390	350	bio1	0.292292	1.029318	4.024623
MGYG000001410__gradient_L9_mos_gapseq	1299	1390	350	bio1	0.292292	1.003636	4.000286
MGYG000001412__gradient_L0_base_gapseq	2011	2445	907	bio1	1.193783	2.064439	11.397682
MGYG000001412__gradient_L1_inulin_gapseq	2011	2445	907	bio1	1.323346	1.824848	11.438240
MGYG000001412__gradient_L2_fos_gapseq	2011	2445	907	bio1	1.323346	1.915973	11.341789
MGYG000001412__gradient_L3_gos_gapseq	2011	2445	907	bio1	1.582036	1.889804	11.420649
MGYG000001412__gradient_L4_xos_gapseq	2011	2445	907	bio1	1.636750	1.837922	11.441520
MGYG000001412__gradient_L5_pectin_gapseq	2011	2445	907	bio1	1.636750	1.951401	11.397256
MGYG000001412__gradient_L6_resistant_starch_gapseq	2011	2445	907	bio1	2.195711	1.880982	11.500877
MGYG000001412__gradient_L7_bglucan_gapseq	2011	2445	907	bio1	2.383490	1.992035	11.472024
MGYG000001412__gradient_L8_hmo_gapseq	2011	2445	907	bio1	2.383490	1.849926	11.346371
MGYG000001412__gradient_L9_mos_gapseq	2011	2445	907	bio1	2.383490	1.913995	11.422308
MGYG000001420__gradient_L0_base_gapseq	1354	1554	442	bio1	0.000000	1.223234	0.062863
MGYG000001420__gradient_L1_inulin_gapseq	1354	1554	442	bio1	0.000000	1.183807	0.064456
MGYG000001420__gradient_L2_fos_gapseq	1354	1554	442	bio1	0.000000	1.200430	0.064236
MGYG000001420__gradient_L3_gos_gapseq	1354	1554	442	bio1	0.000000	1.117065	0.068825
MGYG000001420__gradient_L4_xos_gapseq	1354	1554	442	bio1	0.000000	1.218054	0.066574
MGYG000001420__gradient_L5_pectin_gapseq	1354	1554	442	bio1	0.000000	1.116422	0.066044
MGYG000001420__gradient_L6_resistant_starch_gapseq	1354	1554	442	bio1	0.000000	1.207435	0.070183
MGYG000001420__gradient_L7_bglucan_gapseq	1354	1554	442	bio1	0.000000	1.185861	0.161330
MGYG000001420__gradient_L8_hmo_gapseq	1354	1554	442	bio1	0.000000	1.093829	0.066836
MGYG000001420__gradient_L9_mos_gapseq	1354	1554	442	bio1	0.000000	1.240238	0.068165
MGYG000001422__gradient_L0_base_gapseq	1540	1879	654	bio1	0.000000	1.428434	0.087309
MGYG000001422__gradient_L1_inulin_gapseq	1540	1879	654	bio1	0.000000	1.442874	0.086940
MGYG000001422__gradient_L2_fos_gapseq	1540	1879	654	bio1	0.000000	1.406774	0.086092
MGYG000001422__gradient_L3_gos_gapseq	1540	1879	654	bio1	1.580349	1.470565	6.855408
MGYG000001422__gradient_L4_xos_gapseq	1540	1879	654	bio1	1.779216	1.477227	6.862520
MGYG000001422__gradient_L5_pectin_gapseq	1540	1879	654	bio1	1.842684	1.461724	6.865295
MGYG000001422__gradient_L6_resistant_starch_gapseq	1540	1879	654	bio1	2.568759	1.469049	6.843972
MGYG000001422__gradient_L7_bglucan_gapseq	1540	1879	654	bio1	2.793831	1.454667	6.876600
MGYG000001422__gradient_L8_hmo_gapseq	1540	1879	654	bio1	2.793831	1.455461	6.951384
MGYG000001422__gradient_L9_mos_gapseq	1540	1879	654	bio1	2.940032	1.459631	6.848804
MGYG000001423__gradient_L0_base_gapseq	1504	1737	484	bio1	0.832580	1.215784	6.108890
MGYG000001423__gradient_L1_inulin_gapseq	1504	1737	484	bio1	1.081610	1.397040	6.035208
MGYG000001423__gradient_L2_fos_gapseq	1504	1737	484	bio1	1.081610	1.323783	6.066697
MGYG000001423__gradient_L3_gos_gapseq	1504	1737	484	bio1	1.303480	1.356033	6.094450
MGYG000001423__gradient_L4_xos_gapseq	1504	1737	484	bio1	1.361592	1.313403	6.097204
MGYG000001423__gradient_L5_pectin_gapseq	1504	1737	484	bio1	1.361592	1.235456	6.244300
MGYG000001423__gradient_L6_resistant_starch_gapseq	1504	1737	484	bio1	1.892983	1.232942	6.169369
MGYG000001423__gradient_L7_bglucan_gapseq	1504	1737	484	bio1	2.069004	1.246841	6.187908
MGYG000001423__gradient_L8_hmo_gapseq	1504	1737	484	bio1	2.069004	1.225345	6.098905
MGYG000001423__gradient_L9_mos_gapseq	1504	1737	484	bio1	2.192527	1.331973	6.091407
MGYG000001424__gradient_L0_base_gapseq	1120	1259	295	bio1	0.000000	0.865012	0.153551
MGYG000001424__gradient_L1_inulin_gapseq	1120	1259	295	bio1	0.000000	0.885371	0.043382
MGYG000001424__gradient_L2_fos_gapseq	1120	1259	295	bio1	0.000000	0.896109	0.044821
MGYG000001424__gradient_L3_gos_gapseq	1120	1259	295	bio1	1.813598	0.977387	3.242363
MGYG000001424__gradient_L4_xos_gapseq	1120	1259	295	bio1	1.813598	0.898873	3.385784
MGYG000001424__gradient_L5_pectin_gapseq	1120	1259	295	bio1	1.813598	0.879671	3.250557
MGYG000001424__gradient_L6_resistant_starch_gapseq	1120	1259	295	bio1	2.558245	0.928949	3.229756
MGYG000001424__gradient_L7_bglucan_gapseq	1120	1259	295	bio1	2.807882	0.884136	3.249506
MGYG000001424__gradient_L8_hmo_gapseq	1120	1259	295	bio1	2.807882	0.956314	3.215903
MGYG000001424__gradient_L9_mos_gapseq	1120	1259	295	bio1	2.978575	0.880866	3.319646
MGYG000001427__gradient_L0_base_gapseq	1191	1375	318	bio1	0.000000	0.976422	0.047136
MGYG000001427__gradient_L1_inulin_gapseq	1191	1375	318	bio1	0.000000	0.963950	0.115477
MGYG000001427__gradient_L2_fos_gapseq	1191	1375	318	bio1	0.000000	0.984212	0.048781
MGYG000001427__gradient_L3_gos_gapseq	1191	1375	318	bio1	0.000000	0.985421	0.048363
MGYG000001427__gradient_L4_xos_gapseq	1191	1375	318	bio1	0.000000	1.034389	0.048595
MGYG000001427__gradient_L5_pectin_gapseq	1191	1375	318	bio1	0.000000	0.961876	0.048062
MGYG000001427__gradient_L6_resistant_starch_gapseq	1191	1375	318	bio1	0.000000	1.085676	0.047483
MGYG000001427__gradient_L7_bglucan_gapseq	1191	1375	318	bio1	0.000000	0.991254	0.048104
MGYG000001427__gradient_L8_hmo_gapseq	1191	1375	318	bio1	0.000000	1.065903	0.047703
MGYG000001427__gradient_L9_mos_gapseq	1191	1375	318	bio1	0.000000	0.952713	0.047960
MGYG000001430__gradient_L0_base_gapseq	1233	1400	367	bio1	0.000000	1.120262	0.047668
MGYG000001430__gradient_L1_inulin_gapseq	1233	1400	367	bio1	0.000000	0.989010	0.047431
MGYG000001430__gradient_L2_fos_gapseq	1233	1400	367	bio1	0.000000	1.090463	0.047753
MGYG000001430__gradient_L3_gos_gapseq	1233	1400	367	bio1	0.000000	0.998238	0.047632
MGYG000001430__gradient_L4_xos_gapseq	1233	1400	367	bio1	0.000000	0.968072	0.203799
MGYG000001430__gradient_L5_pectin_gapseq	1233	1400	367	bio1	0.000000	1.031687	0.048780
MGYG000001430__gradient_L6_resistant_starch_gapseq	1233	1400	367	bio1	0.000000	0.999607	0.045613
MGYG000001430__gradient_L7_bglucan_gapseq	1233	1400	367	bio1	0.000000	1.101098	0.045995
MGYG000001430__gradient_L8_hmo_gapseq	1233	1400	367	bio1	0.000000	1.002565	0.046438
MGYG000001430__gradient_L9_mos_gapseq	1233	1400	367	bio1	0.000000	1.126866	0.046393
MGYG000001433__gradient_L0_base_gapseq	1532	1855	585	bio1	0.000000	1.463657	0.087786
MGYG000001433__gradient_L1_inulin_gapseq	1532	1855	585	bio1	0.000000	1.402238	0.086197
MGYG000001433__gradient_L2_fos_gapseq	1532	1855	585	bio1	0.000000	1.327613	0.085049
MGYG000001433__gradient_L3_gos_gapseq	1532	1855	585	bio1	1.466681	1.440326	6.721110
MGYG000001433__gradient_L4_xos_gapseq	1532	1855	585	bio1	1.651988	1.470134	6.694765
MGYG000001433__gradient_L5_pectin_gapseq	1532	1855	585	bio1	1.711129	1.419870	6.718364
MGYG000001433__gradient_L6_resistant_starch_gapseq	1532	1855	585	bio1	2.403300	1.411482	6.729747
MGYG000001433__gradient_L7_bglucan_gapseq	1532	1855	585	bio1	2.614665	1.414714	6.719092
MGYG000001433__gradient_L8_hmo_gapseq	1532	1855	585	bio1	2.614665	1.411523	6.789790
MGYG000001433__gradient_L9_mos_gapseq	1532	1855	585	bio1	2.751963	1.452308	6.701856
MGYG000001434__gradient_L0_base_gapseq	1427	1657	424	bio1	0.000000	1.249247	0.071525
MGYG000001434__gradient_L1_inulin_gapseq	1427	1657	424	bio1	1.127562	1.362670	5.475960
MGYG000001434__gradient_L2_fos_gapseq	1427	1657	424	bio1	1.127562	1.424126	5.460713
MGYG000001434__gradient_L3_gos_gapseq	1427	1657	424	bio1	1.381954	1.323416	5.452182
MGYG000001434__gradient_L4_xos_gapseq	1427	1657	424	bio1	1.381954	1.303812	5.455606
MGYG000001434__gradient_L5_pectin_gapseq	1427	1657	424	bio1	1.381954	1.234108	5.560482
MGYG000001434__gradient_L6_resistant_starch_gapseq	1427	1657	424	bio1	1.934281	1.214576	5.563901
MGYG000001434__gradient_L7_bglucan_gapseq	1427	1657	424	bio1	2.119918	1.225829	5.508631
MGYG000001434__gradient_L8_hmo_gapseq	1427	1657	424	bio1	2.119918	1.242287	5.439421
MGYG000001434__gradient_L9_mos_gapseq	1427	1657	424	bio1	2.119918	1.310105	5.415767
MGYG000001443__gradient_L0_base_gapseq	2197	2591	1097	bio1	0.971716	2.104208	13.196549
MGYG000001443__gradient_L1_inulin_gapseq	2197	2591	1097	bio1	1.186168	2.080999	13.373705
MGYG000001443__gradient_L2_fos_gapseq	2197	2591	1097	bio1	1.186168	2.087347	13.310809
MGYG000001443__gradient_L3_gos_gapseq	2197	2591	1097	bio1	1.412870	2.109796	13.217541
MGYG000001443__gradient_L4_xos_gapseq	2197	2591	1097	bio1	1.470118	1.975467	13.338172
MGYG000001443__gradient_L5_pectin_gapseq	2197	2591	1097	bio1	1.470118	2.006413	13.431584
MGYG000001443__gradient_L6_resistant_starch_gapseq	2197	2591	1097	bio1	1.969320	2.012365	13.313526
MGYG000001443__gradient_L7_bglucan_gapseq	2197	2591	1097	bio1	2.131904	2.034205	13.300788
MGYG000001443__gradient_L8_hmo_gapseq	2197	2591	1097	bio1	2.131904	1.982393	13.372210
MGYG000001443__gradient_L9_mos_gapseq	2197	2591	1097	bio1	2.226554	2.076052	13.460627
MGYG000001444__gradient_L0_base_gapseq	1312	1423	360	bio1	0.325934	1.042381	4.130892
MGYG000001444__gradient_L1_inulin_gapseq	1312	1423	360	bio1	0.467558	1.171999	4.166880
MGYG000001444__gradient_L2_fos_gapseq	1312	1423	360	bio1	0.467558	1.047621	4.221701
MGYG000001444__gradient_L3_gos_gapseq	1312	1423	360	bio1	0.467558	1.116583	4.116661
MGYG000001444__gradient_L4_xos_gapseq	1312	1423	360	bio1	0.467558	1.109911	4.132157
MGYG000001444__gradient_L5_pectin_gapseq	1312	1423	360	bio1	0.467558	1.097249	4.126636
MGYG000001444__gradient_L6_resistant_starch_gapseq	1312	1423	360	bio1	0.467558	1.034398	4.205364
MGYG000001444__gradient_L7_bglucan_gapseq	1312	1423	360	bio1	0.467558	1.045761	4.122102
MGYG000001444__gradient_L8_hmo_gapseq	1312	1423	360	bio1	0.467558	1.122990	4.110600
MGYG000001444__gradient_L9_mos_gapseq	1312	1423	360	bio1	0.467558	1.128195	4.101205
MGYG000001446__gradient_L0_base_gapseq	1561	1906	477	bio1	0.000000	1.441559	0.083941
MGYG000001446__gradient_L1_inulin_gapseq	1561	1906	477	bio1	0.000000	1.331272	0.080001
MGYG000001446__gradient_L2_fos_gapseq	1561	1906	477	bio1	0.000000	1.429852	0.081427
MGYG000001446__gradient_L3_gos_gapseq	1561	1906	477	bio1	0.000000	1.346360	0.081158
MGYG000001446__gradient_L4_xos_gapseq	1561	1906	477	bio1	0.000000	1.460974	0.080410
MGYG000001446__gradient_L5_pectin_gapseq	1561	1906	477	bio1	0.000000	1.457050	0.081135
MGYG000001446__gradient_L6_resistant_starch_gapseq	1561	1906	477	bio1	2.101153	1.311198	7.171039
MGYG000001446__gradient_L7_bglucan_gapseq	1561	1906	477	bio1	2.302572	1.372595	7.098960
MGYG000001446__gradient_L8_hmo_gapseq	1561	1906	477	bio1	2.302572	1.339685	7.126118
MGYG000001446__gradient_L9_mos_gapseq	1561	1906	477	bio1	2.432346	1.378530	7.100275
MGYG000001448__gradient_L0_base_gapseq	1460	1681	375	bio1	0.000000	1.328564	0.065301
MGYG000001448__gradient_L1_inulin_gapseq	1460	1681	375	bio1	0.000000	1.281285	0.065023
MGYG000001448__gradient_L2_fos_gapseq	1460	1681	375	bio1	0.000000	1.247358	0.064240
MGYG000001448__gradient_L3_gos_gapseq	1460	1681	375	bio1	0.946718	1.156019	5.603706
MGYG000001448__gradient_L4_xos_gapseq	1460	1681	375	bio1	0.989320	1.178146	5.551381
MGYG000001448__gradient_L5_pectin_gapseq	1460	1681	375	bio1	0.989320	1.292703	5.468054
MGYG000001448__gradient_L6_resistant_starch_gapseq	1460	1681	375	bio1	1.502919	1.311155	5.489748
MGYG000001448__gradient_L7_bglucan_gapseq	1460	1681	375	bio1	1.666153	1.381141	5.498688
MGYG000001448__gradient_L8_hmo_gapseq	1460	1681	375	bio1	1.666153	1.342204	5.495952
MGYG000001448__gradient_L9_mos_gapseq	1460	1681	375	bio1	1.765906	1.269823	5.599771
MGYG000001453__gradient_L0_base_gapseq	1993	2301	838	bio1	0.000000	1.862772	0.133881
MGYG000001453__gradient_L1_inulin_gapseq	1993	2301	838	bio1	0.000000	1.911864	0.131879
MGYG000001453__gradient_L2_fos_gapseq	1993	2301	838	bio1	0.000000	1.816283	0.242882
MGYG000001453__gradient_L3_gos_gapseq	1993	2301	838	bio1	0.893145	1.831835	10.282902
MGYG000001453__gradient_L4_xos_gapseq	1993	2301	838	bio1	0.945769	1.803452	10.194643
MGYG000001453__gradient_L5_pectin_gapseq	1993	2301	838	bio1	0.945769	1.777441	10.208423
MGYG000001453__gradient_L6_resistant_starch_gapseq	1993	2301	838	bio1	1.064322	1.807404	10.164677
MGYG000001453__gradient_L7_bglucan_gapseq	1993	2301	838	bio1	1.064322	1.800749	10.175424
MGYG000001453__gradient_L8_hmo_gapseq	1993	2301	838	bio1	1.064322	1.828306	10.287759
MGYG000001453__gradient_L9_mos_gapseq	1993	2301	838	bio1	1.147761	1.835020	10.265808
MGYG000001454__gradient_L0_base_gapseq	1166	1314	310	bio1	0.000000	0.967482	0.041685
MGYG000001454__gradient_L1_inulin_gapseq	1166	1314	310	bio1	0.493812	0.963911	3.659526
MGYG000001454__gradient_L2_fos_gapseq	1166	1314	310	bio1	0.493812	0.947511	3.561730
MGYG000001454__gradient_L3_gos_gapseq	1166	1314	310	bio1	0.607257	1.065581	3.542819
MGYG000001454__gradient_L4_xos_gapseq	1166	1314	310	bio1	0.607257	0.963249	3.633831
MGYG000001454__gradient_L5_pectin_gapseq	1166	1314	310	bio1	0.607257	0.976744	3.552401
MGYG000001454__gradient_L6_resistant_starch_gapseq	1166	1314	310	bio1	1.355306	1.042044	3.553060
MGYG000001454__gradient_L7_bglucan_gapseq	1166	1314	310	bio1	1.602302	0.972108	3.620822
MGYG000001454__gradient_L8_hmo_gapseq	1166	1314	310	bio1	1.602302	0.956089	3.526175
MGYG000001454__gradient_L9_mos_gapseq	1166	1314	310	bio1	1.602302	1.035508	3.548372
MGYG000001455__gradient_L0_base_gapseq	1302	1404	306	bio1	0.645661	1.004760	4.025689
MGYG000001455__gradient_L1_inulin_gapseq	1302	1404	306	bio1	0.924368	1.080782	4.035766
MGYG000001455__gradient_L2_fos_gapseq	1302	1404	306	bio1	0.924368	1.076879	4.038081
MGYG000001455__gradient_L3_gos_gapseq	1302	1404	306	bio1	0.924368	1.006955	4.130384
MGYG000001455__gradient_L4_xos_gapseq	1302	1404	306	bio1	0.924368	1.006846	4.023146
MGYG000001455__gradient_L5_pectin_gapseq	1302	1404	306	bio1	0.924368	1.078064	4.021657
MGYG000001455__gradient_L6_resistant_starch_gapseq	1302	1404	306	bio1	1.052530	1.026104	4.106860
MGYG000001455__gradient_L7_bglucan_gapseq	1302	1404	306	bio1	1.052530	0.987413	4.035218
MGYG000001455__gradient_L8_hmo_gapseq	1302	1404	306	bio1	1.052530	1.079692	4.023709
MGYG000001455__gradient_L9_mos_gapseq	1302	1404	306	bio1	1.187129	1.107560	4.104445
MGYG000001457__gradient_L0_base_gapseq	2226	2654	1093	bio1	0.666261	2.068869	13.565048
MGYG000001457__gradient_L1_inulin_gapseq	2226	2654	1093	bio1	0.808501	2.061227	13.678765
MGYG000001457__gradient_L2_fos_gapseq	2226	2654	1093	bio1	0.808501	2.160123	13.536907
MGYG000001457__gradient_L3_gos_gapseq	2226	2654	1093	bio1	0.808501	2.092765	13.639800
MGYG000001457__gradient_L4_xos_gapseq	2226	2654	1093	bio1	0.896236	2.000172	13.636945
MGYG000001457__gradient_L5_pectin_gapseq	2226	2654	1093	bio1	0.896236	2.115673	13.588850
MGYG000001457__gradient_L6_resistant_starch_gapseq	2226	2654	1093	bio1	1.512886	2.082923	13.562422
MGYG000001457__gradient_L7_bglucan_gapseq	2226	2654	1093	bio1	1.713927	2.075310	13.681153
MGYG000001457__gradient_L8_hmo_gapseq	2226	2654	1093	bio1	1.713927	2.065963	13.609949
MGYG000001457__gradient_L9_mos_gapseq	2226	2654	1093	bio1	1.843354	2.060916	13.625514
MGYG000001458__gradient_L0_base_gapseq	1575	1868	555	bio1	1.172448	1.332120	6.873416
MGYG000001458__gradient_L1_inulin_gapseq	1575	1868	555	bio1	1.172448	1.337744	6.824823
MGYG000001458__gradient_L2_fos_gapseq	1575	1868	555	bio1	1.172448	1.339787	6.871778
MGYG000001458__gradient_L3_gos_gapseq	1575	1868	555	bio1	1.172448	1.347148	6.784307
MGYG000001458__gradient_L4_xos_gapseq	1575	1868	555	bio1	1.172448	1.413006	6.797849
MGYG000001458__gradient_L5_pectin_gapseq	1575	1868	555	bio1	1.172448	1.420216	6.804958
MGYG000001458__gradient_L6_resistant_starch_gapseq	1575	1868	555	bio1	1.172448	1.433048	6.785897
MGYG000001458__gradient_L7_bglucan_gapseq	1575	1868	555	bio1	1.172448	1.406897	6.844563
MGYG000001458__gradient_L8_hmo_gapseq	1575	1868	555	bio1	1.172448	1.443270	6.788103
MGYG000001458__gradient_L9_mos_gapseq	1575	1868	555	bio1	1.172448	1.428308	6.798912
MGYG000001462__gradient_L0_base_gapseq	1307	1379	340	bio1	0.154939	1.012326	4.054344
MGYG000001462__gradient_L1_inulin_gapseq	1307	1379	340	bio1	0.233308	1.104908	4.042261
MGYG000001462__gradient_L2_fos_gapseq	1307	1379	340	bio1	0.233308	0.999676	4.129291
MGYG000001462__gradient_L3_gos_gapseq	1307	1379	340	bio1	0.233308	0.995014	4.044101
MGYG000001462__gradient_L4_xos_gapseq	1307	1379	340	bio1	0.233308	1.078279	4.015070
MGYG000001462__gradient_L5_pectin_gapseq	1307	1379	340	bio1	0.233308	1.013916	4.142424
MGYG000001462__gradient_L6_resistant_starch_gapseq	1307	1379	340	bio1	0.301179	1.048220	4.026565
MGYG000001462__gradient_L7_bglucan_gapseq	1307	1379	340	bio1	0.301179	1.089685	4.055274
MGYG000001462__gradient_L8_hmo_gapseq	1307	1379	340	bio1	0.301179	0.988093	4.131742
MGYG000001462__gradient_L9_mos_gapseq	1307	1379	340	bio1	0.301179	1.013512	4.040705
MGYG000001463__gradient_L0_base_gapseq	1195	1261	328	bio1	0.118279	0.896585	3.412773
MGYG000001463__gradient_L1_inulin_gapseq	1195	1261	328	bio1	0.174999	1.015430	3.350034
MGYG000001463__gradient_L2_fos_gapseq	1195	1261	328	bio1	0.174999	0.913460	3.358901
MGYG000001463__gradient_L3_gos_gapseq	1195	1261	328	bio1	0.174999	0.969028	3.327480
MGYG000001463__gradient_L4_xos_gapseq	1195	1261	328	bio1	0.174999	0.925833	3.416517
MGYG000001463__gradient_L5_pectin_gapseq	1195	1261	328	bio1	0.174999	0.925990	3.355509
MGYG000001463__gradient_L6_resistant_starch_gapseq	1195	1261	328	bio1	0.174999	0.987477	3.354756
MGYG000001463__gradient_L7_bglucan_gapseq	1195	1261	328	bio1	0.174999	0.913305	3.414623
MGYG000001463__gradient_L8_hmo_gapseq	1195	1261	328	bio1	0.174999	0.882283	3.336342
MGYG000001463__gradient_L9_mos_gapseq	1195	1261	328	bio1	0.174999	0.990540	3.333642
MGYG000001465__gradient_L0_base_gapseq	2084	2540	892	bio1	1.227573	1.963909	12.252444
MGYG000001465__gradient_L1_inulin_gapseq	2084	2540	892	bio1	1.509004	1.890468	12.401316
MGYG000001465__gradient_L2_fos_gapseq	2084	2540	892	bio1	1.509004	1.860485	12.430798
MGYG000001465__gradient_L3_gos_gapseq	2084	2540	892	bio1	1.509004	1.870660	12.349673
MGYG000001465__gradient_L4_xos_gapseq	2084	2540	892	bio1	1.588243	1.853855	12.458546
MGYG000001465__gradient_L5_pectin_gapseq	2084	2540	892	bio1	1.588243	1.869150	12.325221
MGYG000001465__gradient_L6_resistant_starch_gapseq	2084	2540	892	bio1	2.214458	1.833176	12.389524
MGYG000001465__gradient_L7_bglucan_gapseq	2084	2540	892	bio1	2.214458	1.905806	12.395070
MGYG000001465__gradient_L8_hmo_gapseq	2084	2540	892	bio1	2.214458	1.871732	12.441515
MGYG000001465__gradient_L9_mos_gapseq	2084	2540	892	bio1	2.347239	1.857846	12.262891
MGYG000001468__gradient_L0_base_gapseq	1784	2047	636	bio1	0.269157	1.640316	8.453213
MGYG000001468__gradient_L1_inulin_gapseq	1784	2047	636	bio1	0.387302	1.528076	8.401701
MGYG000001468__gradient_L2_fos_gapseq	1784	2047	636	bio1	0.387302	1.517216	8.470520
MGYG000001468__gradient_L3_gos_gapseq	1784	2047	636	bio1	0.387302	1.527961	8.422482
MGYG000001468__gradient_L4_xos_gapseq	1784	2047	636	bio1	0.426486	1.622287	8.386243
MGYG000001468__gradient_L5_pectin_gapseq	1784	2047	636	bio1	0.426486	1.651981	8.366162
MGYG000001468__gradient_L6_resistant_starch_gapseq	1784	2047	636	bio1	0.896016	1.673860	8.399891
MGYG000001468__gradient_L7_bglucan_gapseq	1784	2047	636	bio1	1.041941	1.670816	8.343250
MGYG000001468__gradient_L8_hmo_gapseq	1784	2047	636	bio1	1.041941	1.627802	8.361769
MGYG000001468__gradient_L9_mos_gapseq	1784	2047	636	bio1	1.108192	1.625541	8.447999
MGYG000001473__gradient_L0_base_gapseq	1509	1718	517	bio1	0.000000	1.436677	0.078322
MGYG000001473__gradient_L1_inulin_gapseq	1509	1718	517	bio1	0.000000	1.231528	0.072255
MGYG000001473__gradient_L2_fos_gapseq	1509	1718	517	bio1	0.000000	1.311360	0.073877
MGYG000001473__gradient_L3_gos_gapseq	1509	1718	517	bio1	0.000000	1.325333	0.073541
MGYG000001473__gradient_L4_xos_gapseq	1509	1718	517	bio1	0.000000	1.299534	0.072717
MGYG000001473__gradient_L5_pectin_gapseq	1509	1718	517	bio1	0.000000	1.332936	0.073549
MGYG000001473__gradient_L6_resistant_starch_gapseq	1509	1718	517	bio1	0.000000	1.238153	0.077461
MGYG000001473__gradient_L7_bglucan_gapseq	1509	1718	517	bio1	0.000000	1.344095	0.078427
MGYG000001473__gradient_L8_hmo_gapseq	1509	1718	517	bio1	0.000000	1.246304	0.190859
MGYG000001473__gradient_L9_mos_gapseq	1509	1718	517	bio1	0.000000	1.233539	0.079534
MGYG000001482__gradient_L0_base_gapseq	1890	2244	689	bio1	0.798026	1.795465	9.882282
MGYG000001482__gradient_L1_inulin_gapseq	1890	2244	689	bio1	0.892960	1.742283	9.964904
MGYG000001482__gradient_L2_fos_gapseq	1890	2244	689	bio1	0.892960	1.673774	9.967033
MGYG000001482__gradient_L3_gos_gapseq	1890	2244	689	bio1	1.079860	1.672115	9.857154
MGYG000001482__gradient_L4_xos_gapseq	1890	2244	689	bio1	1.132519	1.758424	9.907111
MGYG000001482__gradient_L5_pectin_gapseq	1890	2244	689	bio1	1.132519	1.751633	9.906023
MGYG000001482__gradient_L6_resistant_starch_gapseq	1890	2244	689	bio1	1.586421	1.778800	9.896362
MGYG000001482__gradient_L7_bglucan_gapseq	1890	2244	689	bio1	1.586421	1.666147	9.873953
MGYG000001482__gradient_L8_hmo_gapseq	1890	2244	689	bio1	1.586421	1.752038	9.839209
MGYG000001482__gradient_L9_mos_gapseq	1890	2244	689	bio1	1.672454	1.718511	9.854303
MGYG000001488__gradient_L0_base_gapseq	1782	2087	555	bio1	0.622033	1.514965	8.543282
MGYG000001488__gradient_L1_inulin_gapseq	1782	2087	555	bio1	0.823001	1.524603	8.500981
MGYG000001488__gradient_L2_fos_gapseq	1782	2087	555	bio1	0.823001	1.530682	8.524088
MGYG000001488__gradient_L3_gos_gapseq	1782	2087	555	bio1	0.980904	1.615785	8.455730
MGYG000001488__gradient_L4_xos_gapseq	1782	2087	555	bio1	1.023968	1.661047	8.521118
MGYG000001488__gradient_L5_pectin_gapseq	1782	2087	555	bio1	1.023968	1.642908	8.468493
MGYG000001488__gradient_L6_resistant_starch_gapseq	1782	2087	555	bio1	1.496988	1.626538	8.510411
MGYG000001488__gradient_L7_bglucan_gapseq	1782	2087	555	bio1	1.496988	1.623252	8.415509
MGYG000001488__gradient_L8_hmo_gapseq	1782	2087	555	bio1	1.496988	1.600186	8.521325
MGYG000001488__gradient_L9_mos_gapseq	1782	2087	555	bio1	1.594032	1.518499	8.534404
MGYG000001489__gradient_L0_base_gapseq	1639	1935	603	bio1	0.000000	1.388639	0.090585
MGYG000001489__gradient_L1_inulin_gapseq	1639	1935	603	bio1	0.000000	1.490988	0.090793
MGYG000001489__gradient_L2_fos_gapseq	1639	1935	603	bio1	0.000000	1.374411	0.191366
MGYG000001489__gradient_L3_gos_gapseq	1639	1935	603	bio1	0.000000	1.399801	0.088007
MGYG000001489__gradient_L4_xos_gapseq	1639	1935	603	bio1	0.000000	1.560343	0.087389
MGYG000001489__gradient_L5_pectin_gapseq	1639	1935	603	bio1	0.000000	1.397331	0.210075
MGYG000001489__gradient_L6_resistant_starch_gapseq	1639	1935	603	bio1	2.276100	1.396586	7.582960
MGYG000001489__gradient_L7_bglucan_gapseq	1639	1935	603	bio1	2.276100	1.437060	7.566053
MGYG000001489__gradient_L8_hmo_gapseq	1639	1935	603	bio1	2.276100	1.407340	7.509840
MGYG000001489__gradient_L9_mos_gapseq	1639	1935	603	bio1	2.276100	1.399545	7.508107
MGYG000001515__gradient_L0_base_gapseq	936	1033	270	bio1	0.258048	0.715542	2.176683
MGYG000001515__gradient_L1_inulin_gapseq	936	1033	270	bio1	0.457266	0.720374	2.176521
MGYG000001515__gradient_L2_fos_gapseq	936	1033	270	bio1	0.457266	0.817896	2.184467
MGYG000001515__gradient_L3_gos_gapseq	936	1033	270	bio1	0.457266	0.704873	2.176259
MGYG000001515__gradient_L4_xos_gapseq	936	1033	270	bio1	0.541618	0.794135	2.181756
MGYG000001515__gradient_L5_pectin_gapseq	936	1033	270	bio1	0.541618	0.723416	2.180744
MGYG000001515__gradient_L6_resistant_starch_gapseq	936	1033	270	bio1	0.683684	0.794587	2.177251
MGYG000001515__gradient_L7_bglucan_gapseq	936	1033	270	bio1	0.683684	0.708623	2.189497
MGYG000001515__gradient_L8_hmo_gapseq	936	1033	270	bio1	0.683684	0.785191	2.176373
MGYG000001515__gradient_L9_mos_gapseq	936	1033	270	bio1	0.683684	0.706465	2.174328
MGYG000001528__gradient_L0_base_gapseq	1413	1638	461	bio1	0.000000	1.183994	0.066109
MGYG000001528__gradient_L1_inulin_gapseq	1413	1638	461	bio1	0.000000	1.253125	0.067959
MGYG000001528__gradient_L2_fos_gapseq	1413	1638	461	bio1	0.000000	1.173607	0.067792
MGYG000001528__gradient_L3_gos_gapseq	1413	1638	461	bio1	1.565429	1.278645	5.447085
MGYG000001528__gradient_L4_xos_gapseq	1413	1638	461	bio1	1.645135	1.312566	5.463424
MGYG000001528__gradient_L5_pectin_gapseq	1413	1638	461	bio1	1.645135	1.169752	5.569921
MGYG000001528__gradient_L6_resistant_starch_gapseq	1413	1638	461	bio1	2.393945	1.160568	5.596847
MGYG000001528__gradient_L7_bglucan_gapseq	1413	1638	461	bio1	2.393945	1.230435	5.529459
MGYG000001528__gradient_L8_hmo_gapseq	1413	1638	461	bio1	2.565940	1.256853	5.481928
MGYG000001528__gradient_L9_mos_gapseq	1413	1638	461	bio1	2.565940	1.258091	5.471453
MGYG000001530__gradient_L0_base_gapseq	1139	1315	307	bio1	0.000000	0.936590	0.124418
MGYG000001530__gradient_L1_inulin_gapseq	1139	1315	307	bio1	0.000000	0.949182	0.046011
MGYG000001530__gradient_L2_fos_gapseq	1139	1315	307	bio1	0.000000	0.909373	0.045581
MGYG000001530__gradient_L3_gos_gapseq	1139	1315	307	bio1	0.000000	1.014780	0.046479
MGYG000001530__gradient_L4_xos_gapseq	1139	1315	307	bio1	0.000000	0.945467	0.047208
MGYG000001530__gradient_L5_pectin_gapseq	1139	1315	307	bio1	0.000000	1.021497	0.046417
MGYG000001530__gradient_L6_resistant_starch_gapseq	1139	1315	307	bio1	0.000000	0.904785	0.048100
MGYG000001530__gradient_L7_bglucan_gapseq	1139	1315	307	bio1	0.000000	0.925922	0.047063
MGYG000001530__gradient_L8_hmo_gapseq	1139	1315	307	bio1	0.000000	1.008513	0.047037
MGYG000001530__gradient_L9_mos_gapseq	1139	1315	307	bio1	0.000000	0.936872	0.050186
MGYG000001538__gradient_L0_base_gapseq	1206	1375	363	bio1	0.000000	1.044991	0.054683
MGYG000001538__gradient_L1_inulin_gapseq	1206	1375	363	bio1	0.000000	0.984194	0.054789
MGYG000001538__gradient_L2_fos_gapseq	1206	1375	363	bio1	0.000000	1.053982	0.054219
MGYG000001538__gradient_L3_gos_gapseq	1206	1375	363	bio1	0.000000	0.959689	0.054166
MGYG000001538__gradient_L4_xos_gapseq	1206	1375	363	bio1	1.075560	1.070300	3.853820
MGYG000001538__gradient_L5_pectin_gapseq	1206	1375	363	bio1	1.075560	0.947978	4.113845
MGYG000001538__gradient_L6_resistant_starch_gapseq	1206	1375	363	bio1	1.550758	0.994274	3.869131
MGYG000001538__gradient_L7_bglucan_gapseq	1206	1375	363	bio1	1.550758	1.065122	3.856280
MGYG000001538__gradient_L8_hmo_gapseq	1206	1375	363	bio1	1.550758	0.999810	3.940548
MGYG000001538__gradient_L9_mos_gapseq	1206	1375	363	bio1	1.550758	1.022036	3.875372
MGYG000001543__gradient_L0_base_gapseq	1566	1838	556	bio1	0.000000	1.380862	0.072800
MGYG000001543__gradient_L1_inulin_gapseq	1566	1838	556	bio1	0.000000	1.379242	0.075272
MGYG000001543__gradient_L2_fos_gapseq	1566	1838	556	bio1	0.000000	1.314613	0.075211
MGYG000001543__gradient_L3_gos_gapseq	1566	1838	556	bio1	1.674577	1.415168	6.529038
MGYG000001543__gradient_L4_xos_gapseq	1566	1838	556	bio1	1.832806	1.387224	6.468225
MGYG000001543__gradient_L5_pectin_gapseq	1566	1838	556	bio1	1.895265	1.406256	6.431223
MGYG000001543__gradient_L6_resistant_starch_gapseq	1566	1838	556	bio1	2.588557	1.406788	6.446086
MGYG000001543__gradient_L7_bglucan_gapseq	1566	1838	556	bio1	2.832146	1.412798	6.445185
MGYG000001543__gradient_L8_hmo_gapseq	1566	1838	556	bio1	3.002866	1.415641	6.480396
MGYG000001543__gradient_L9_mos_gapseq	1566	1838	556	bio1	3.136111	1.403504	6.442849
MGYG000001553__gradient_L0_base_gapseq	1502	1712	393	bio1	0.936018	1.212652	5.931158
MGYG000001553__gradient_L1_inulin_gapseq	1502	1712	393	bio1	1.185583	1.221453	5.788144
MGYG000001553__gradient_L2_fos_gapseq	1502	1712	393	bio1	1.185583	1.292470	5.803667
MGYG000001553__gradient_L3_gos_gapseq	1502	1712	393	bio1	1.262805	1.300896	5.796621
MGYG000001553__gradient_L4_xos_gapseq	1502	1712	393	bio1	1.271890	1.313424	5.792668
MGYG000001553__gradient_L5_pectin_gapseq	1502	1712	393	bio1	1.271890	1.253636	5.891429
MGYG000001553__gradient_L6_resistant_starch_gapseq	1502	1712	393	bio1	1.795687	1.222607	5.879274
MGYG000001553__gradient_L7_bglucan_gapseq	1502	1712	393	bio1	1.968129	1.221497	5.871802
MGYG000001553__gradient_L8_hmo_gapseq	1502	1712	393	bio1	1.968129	1.219585	5.836773
MGYG000001553__gradient_L9_mos_gapseq	1502	1712	393	bio1	2.078492	1.306545	5.818894
MGYG000001554__gradient_L0_base_gapseq	1588	1903	473	bio1	0.487852	1.438498	7.143591
MGYG000001554__gradient_L1_inulin_gapseq	1588	1903	473	bio1	0.777010	1.450799	7.156726
MGYG000001554__gradient_L2_fos_gapseq	1588	1903	473	bio1	0.777010	1.477319	7.151035
MGYG000001554__gradient_L3_gos_gapseq	1588	1903	473	bio1	1.056101	1.484216	7.146127
MGYG000001554__gradient_L4_xos_gapseq	1588	1903	473	bio1	1.119682	1.475953	7.171705
MGYG000001554__gradient_L5_pectin_gapseq	1588	1903	473	bio1	1.119682	1.447104	7.153129
MGYG000001554__gradient_L6_resistant_starch_gapseq	1588	1903	473	bio1	1.652662	1.469162	7.131782
MGYG000001554__gradient_L7_bglucan_gapseq	1588	1903	473	bio1	1.652662	1.465523	7.144859
MGYG000001554__gradient_L8_hmo_gapseq	1588	1903	473	bio1	1.652662	1.487406	7.164848
MGYG000001554__gradient_L9_mos_gapseq	1588	1903	473	bio1	1.762942	1.382770	7.327928
MGYG000001555__gradient_L0_base_gapseq	1428	1594	360	bio1	0.000000	1.240183	0.064825
MGYG000001555__gradient_L1_inulin_gapseq	1428	1594	360	bio1	0.000000	1.162882	0.064952
MGYG000001555__gradient_L2_fos_gapseq	1428	1594	360	bio1	0.000000	1.299203	0.065336
MGYG000001555__gradient_L3_gos_gapseq	1428	1594	360	bio1	0.000000	1.157635	0.065138
MGYG000001555__gradient_L4_xos_gapseq	1428	1594	360	bio1	0.000000	1.248221	0.064782
MGYG000001555__gradient_L5_pectin_gapseq	1428	1594	360	bio1	0.000000	1.201464	0.064478
MGYG000001555__gradient_L6_resistant_starch_gapseq	1428	1594	360	bio1	0.000000	1.244356	0.063969
MGYG000001555__gradient_L7_bglucan_gapseq	1428	1594	360	bio1	0.000000	1.138165	0.065046
MGYG000001555__gradient_L8_hmo_gapseq	1428	1594	360	bio1	0.000000	1.303078	0.065198
MGYG000001555__gradient_L9_mos_gapseq	1428	1594	360	bio1	0.000000	1.182925	0.173447
MGYG000001560__gradient_L0_base_gapseq	1209	1315	308	bio1	0.380381	0.913869	3.636242
MGYG000001560__gradient_L1_inulin_gapseq	1209	1315	308	bio1	0.521922	1.085530	3.637704
MGYG000001560__gradient_L2_fos_gapseq	1209	1315	308	bio1	0.521922	0.951587	3.617773
MGYG000001560__gradient_L3_gos_gapseq	1209	1315	308	bio1	0.521922	1.030549	3.637908
MGYG000001560__gradient_L4_xos_gapseq	1209	1315	308	bio1	0.575000	0.951432	3.690627
MGYG000001560__gradient_L5_pectin_gapseq	1209	1315	308	bio1	0.575000	0.960414	3.673193
MGYG000001560__gradient_L6_resistant_starch_gapseq	1209	1315	308	bio1	0.716541	1.046010	3.634589
MGYG000001560__gradient_L7_bglucan_gapseq	1209	1315	308	bio1	0.922218	0.957894	3.714790
MGYG000001560__gradient_L8_hmo_gapseq	1209	1315	308	bio1	0.922218	0.929267	3.628201
MGYG000001560__gradient_L9_mos_gapseq	1209	1315	308	bio1	0.922218	1.034181	3.641299
MGYG000001563__gradient_L0_base_gapseq	1079	1150	248	bio1	0.404355	0.823510	2.819429
MGYG000001563__gradient_L1_inulin_gapseq	1079	1150	248	bio1	0.557731	0.834605	2.712335
MGYG000001563__gradient_L2_fos_gapseq	1079	1150	248	bio1	0.557731	0.832790	2.828283
MGYG000001563__gradient_L3_gos_gapseq	1079	1150	248	bio1	0.731746	0.846421	2.728734
MGYG000001563__gradient_L4_xos_gapseq	1079	1150	248	bio1	0.777481	0.876102	2.730388
MGYG000001563__gradient_L5_pectin_gapseq	1079	1150	248	bio1	0.777481	0.834819	2.720365
MGYG000001563__gradient_L6_resistant_starch_gapseq	1079	1150	248	bio1	0.857795	0.898097	2.703121
MGYG000001563__gradient_L7_bglucan_gapseq	1079	1150	248	bio1	0.857795	0.824922	2.802471
MGYG000001563__gradient_L8_hmo_gapseq	1079	1150	248	bio1	0.857795	0.838702	2.730060
MGYG000001563__gradient_L9_mos_gapseq	1079	1150	248	bio1	0.857795	0.817190	2.789555
MGYG000001567__gradient_L0_base_gapseq	1190	1375	359	bio1	0.393764	1.093279	3.891873
MGYG000001567__gradient_L1_inulin_gapseq	1190	1375	359	bio1	0.547433	1.005400	4.005359
MGYG000001567__gradient_L2_fos_gapseq	1190	1375	359	bio1	0.547433	1.009075	3.893204
MGYG000001567__gradient_L3_gos_gapseq	1190	1375	359	bio1	0.691496	1.086019	3.902813
MGYG000001567__gradient_L4_xos_gapseq	1190	1375	359	bio1	0.691496	1.009045	3.992316
MGYG000001567__gradient_L5_pectin_gapseq	1190	1375	359	bio1	0.691496	1.004675	3.900560
MGYG000001567__gradient_L6_resistant_starch_gapseq	1190	1375	359	bio1	0.854769	1.077850	3.947575
MGYG000001567__gradient_L7_bglucan_gapseq	1190	1375	359	bio1	0.854769	0.968430	4.001898
MGYG000001567__gradient_L8_hmo_gapseq	1190	1375	359	bio1	0.854769	1.012899	3.920829
MGYG000001567__gradient_L9_mos_gapseq	1190	1375	359	bio1	0.931603	1.091846	3.887810
MGYG000001571__gradient_L0_base_gapseq	1662	1969	681	bio1	0.000000	1.540731	0.095424
MGYG000001571__gradient_L1_inulin_gapseq	1662	1969	681	bio1	1.593903	1.450037	7.645909
MGYG000001571__gradient_L2_fos_gapseq	1662	1969	681	bio1	1.593903	1.452612	7.692062
MGYG000001571__gradient_L3_gos_gapseq	1662	1969	681	bio1	1.921938	1.445718	7.621437
MGYG000001571__gradient_L4_xos_gapseq	1662	1969	681	bio1	2.081750	1.466276	7.652308
MGYG000001571__gradient_L5_pectin_gapseq	1662	1969	681	bio1	2.144833	1.528927	7.579353
MGYG000001571__gradient_L6_resistant_starch_gapseq	1662	1969	681	bio1	2.878706	1.545766	7.476658
MGYG000001571__gradient_L7_bglucan_gapseq	1662	1969	681	bio1	2.878706	1.564351	7.553160
MGYG000001571__gradient_L8_hmo_gapseq	1662	1969	681	bio1	3.051111	1.540401	7.576923
MGYG000001571__gradient_L9_mos_gapseq	1662	1969	681	bio1	3.090346	1.563319	7.573077
MGYG000001575__gradient_L0_base_gapseq	1028	1170	268	bio1	0.000000	0.825089	0.039790
MGYG000001575__gradient_L1_inulin_gapseq	1028	1170	268	bio1	0.000000	0.834849	0.040895
MGYG000001575__gradient_L2_fos_gapseq	1028	1170	268	bio1	0.000000	0.923925	0.041181
MGYG000001575__gradient_L3_gos_gapseq	1028	1170	268	bio1	0.000000	0.814110	0.040317
MGYG000001575__gradient_L4_xos_gapseq	1028	1170	268	bio1	0.000000	0.903271	0.040127
MGYG000001575__gradient_L5_pectin_gapseq	1028	1170	268	bio1	0.000000	0.832473	0.040170
MGYG000001575__gradient_L6_resistant_starch_gapseq	1028	1170	268	bio1	0.000000	0.828428	0.040748
MGYG000001575__gradient_L7_bglucan_gapseq	1028	1170	268	bio1	0.000000	0.933462	0.041785
MGYG000001575__gradient_L8_hmo_gapseq	1028	1170	268	bio1	0.000000	0.842810	0.040546
MGYG000001575__gradient_L9_mos_gapseq	1028	1170	268	bio1	0.000000	0.839504	0.040957
MGYG000001585__gradient_L0_base_gapseq	1125	1231	291	bio1	0.000000	0.974742	0.042459
MGYG000001585__gradient_L1_inulin_gapseq	1125	1231	291	bio1	0.000000	0.881950	0.042168
MGYG000001585__gradient_L2_fos_gapseq	1125	1231	291	bio1	0.000000	0.976874	0.042369
MGYG000001585__gradient_L3_gos_gapseq	1125	1231	291	bio1	0.000000	0.870661	0.043041
MGYG000001585__gradient_L4_xos_gapseq	1125	1231	291	bio1	0.000000	0.868891	0.150579
MGYG000001585__gradient_L5_pectin_gapseq	1125	1231	291	bio1	0.000000	0.896744	0.043083
MGYG000001585__gradient_L6_resistant_starch_gapseq	1125	1231	291	bio1	0.000000	0.845590	0.044292
MGYG000001585__gradient_L7_bglucan_gapseq	1125	1231	291	bio1	0.000000	0.969121	0.043617
MGYG000001585__gradient_L8_hmo_gapseq	1125	1231	291	bio1	0.000000	0.870282	0.043945
MGYG000001585__gradient_L9_mos_gapseq	1125	1231	291	bio1	0.000000	1.006833	0.042673
MGYG000001586__gradient_L0_base_gapseq	1152	1273	285	bio1	0.000000	0.886437	0.044478
MGYG000001586__gradient_L1_inulin_gapseq	1152	1273	285	bio1	0.000000	0.993342	0.047542
MGYG000001586__gradient_L2_fos_gapseq	1152	1273	285	bio1	0.000000	0.894246	0.044962
MGYG000001586__gradient_L3_gos_gapseq	1152	1273	285	bio1	1.333798	0.901739	3.530460
MGYG000001586__gradient_L4_xos_gapseq	1152	1273	285	bio1	1.333798	0.885223	3.433996
MGYG000001586__gradient_L5_pectin_gapseq	1152	1273	285	bio1	1.333798	0.979626	3.415981
MGYG000001586__gradient_L6_resistant_starch_gapseq	1152	1273	285	bio1	1.964284	0.883579	3.534575
MGYG000001586__gradient_L7_bglucan_gapseq	1152	1273	285	bio1	1.964284	0.906201	3.437736
MGYG000001586__gradient_L8_hmo_gapseq	1152	1273	285	bio1	1.964284	0.961271	3.426149
MGYG000001586__gradient_L9_mos_gapseq	1152	1273	285	bio1	2.109956	0.912614	3.430281
MGYG000001589__gradient_L0_base_gapseq	1312	1388	381	bio1	0.731796	1.025839	3.780955
MGYG000001589__gradient_L1_inulin_gapseq	1312	1388	381	bio1	0.901343	1.211466	3.777729
MGYG000001589__gradient_L2_fos_gapseq	1312	1388	381	bio1	0.901343	1.016272	3.858878
MGYG000001589__gradient_L3_gos_gapseq	1312	1388	381	bio1	0.901343	1.021552	3.771970
MGYG000001589__gradient_L4_xos_gapseq	1312	1388	381	bio1	0.901343	1.103245	3.793261
MGYG000001589__gradient_L5_pectin_gapseq	1312	1388	381	bio1	0.901343	1.043564	3.851577
MGYG000001589__gradient_L6_resistant_starch_gapseq	1312	1388	381	bio1	1.048945	1.010929	3.770260
MGYG000001589__gradient_L7_bglucan_gapseq	1312	1388	381	bio1	1.048945	1.088192	3.771685
MGYG000001589__gradient_L8_hmo_gapseq	1312	1388	381	bio1	1.048945	1.098603	3.772250
MGYG000001589__gradient_L9_mos_gapseq	1312	1388	381	bio1	1.048945	1.020462	3.865776
MGYG000001601__gradient_L0_base_gapseq	1294	1411	336	bio1	0.256650	1.006802	4.141609
MGYG000001601__gradient_L1_inulin_gapseq	1294	1411	336	bio1	0.332698	1.025408	4.058293
MGYG000001601__gradient_L2_fos_gapseq	1294	1411	336	bio1	0.332698	1.100219	4.032788
MGYG000001601__gradient_L3_gos_gapseq	1294	1411	336	bio1	0.332698	1.105193	4.070780
MGYG000001601__gradient_L4_xos_gapseq	1294	1411	336	bio1	0.346957	0.981029	4.046710
MGYG000001601__gradient_L5_pectin_gapseq	1294	1411	336	bio1	0.346957	1.117954	4.047246
MGYG000001601__gradient_L6_resistant_starch_gapseq	1294	1411	336	bio1	0.696300	1.118421	4.044802
MGYG000001601__gradient_L7_bglucan_gapseq	1294	1411	336	bio1	0.696300	1.015286	4.145291
MGYG000001601__gradient_L8_hmo_gapseq	1294	1411	336	bio1	0.696300	1.022940	4.107120
MGYG000001601__gradient_L9_mos_gapseq	1294	1411	336	bio1	0.696300	1.067286	4.060586
MGYG000001608__gradient_L0_base_gapseq	1326	1462	386	bio1	0.000000	1.177618	0.059212
MGYG000001608__gradient_L1_inulin_gapseq	1326	1462	386	bio1	0.000000	1.099304	0.060274
MGYG000001608__gradient_L2_fos_gapseq	1326	1462	386	bio1	0.000000	1.109685	0.059741
MGYG000001608__gradient_L3_gos_gapseq	1326	1462	386	bio1	1.269873	1.052551	4.565562
MGYG000001608__gradient_L4_xos_gapseq	1326	1462	386	bio1	1.269873	1.068843	4.460019
MGYG000001608__gradient_L5_pectin_gapseq	1326	1462	386	bio1	1.269873	1.154614	4.485260
MGYG000001608__gradient_L6_resistant_starch_gapseq	1326	1462	386	bio1	1.431173	1.060487	4.564133
MGYG000001608__gradient_L7_bglucan_gapseq	1326	1462	386	bio1	1.431173	1.063074	4.515594
MGYG000001608__gradient_L8_hmo_gapseq	1326	1462	386	bio1	1.431173	1.158519	4.456371
MGYG000001608__gradient_L9_mos_gapseq	1326	1462	386	bio1	1.592473	1.142288	4.497721
MGYG000001618__gradient_L0_base_gapseq	1345	1467	342	bio1	0.812194	1.083133	4.293971
MGYG000001618__gradient_L1_inulin_gapseq	1345	1467	342	bio1	0.920941	1.124866	4.280144
MGYG000001618__gradient_L2_fos_gapseq	1345	1467	342	bio1	0.920941	1.038869	4.331247
MGYG000001618__gradient_L3_gos_gapseq	1345	1467	342	bio1	0.920941	1.070288	4.238649
MGYG000001618__gradient_L4_xos_gapseq	1345	1467	342	bio1	0.961712	1.114366	4.236733
MGYG000001618__gradient_L5_pectin_gapseq	1345	1467	342	bio1	0.961712	1.139337	4.234144
MGYG000001618__gradient_L6_resistant_starch_gapseq	1345	1467	342	bio1	1.038037	1.122289	4.342660
MGYG000001618__gradient_L7_bglucan_gapseq	1345	1467	342	bio1	1.038037	1.087996	4.222746
MGYG000001618__gradient_L8_hmo_gapseq	1345	1467	342	bio1	1.038037	1.135779	4.244251
MGYG000001618__gradient_L9_mos_gapseq	1345	1467	342	bio1	1.038037	1.132817	4.236214
MGYG000001622__gradient_L0_base_gapseq	1505	1731	528	bio1	0.799749	1.344881	5.963367
MGYG000001622__gradient_L1_inulin_gapseq	1505	1731	528	bio1	0.936495	1.320159	5.932137
MGYG000001622__gradient_L2_fos_gapseq	1505	1731	528	bio1	0.936495	1.239767	6.108026
MGYG000001622__gradient_L3_gos_gapseq	1505	1731	528	bio1	1.059721	1.245866	6.067279
MGYG000001622__gradient_L4_xos_gapseq	1505	1731	528	bio1	1.102518	1.225122	6.026733
MGYG000001622__gradient_L5_pectin_gapseq	1505	1731	528	bio1	1.102518	1.241225	6.014216
MGYG000001622__gradient_L6_resistant_starch_gapseq	1505	1731	528	bio1	1.402095	1.337933	5.958182
MGYG000001622__gradient_L7_bglucan_gapseq	1505	1731	528	bio1	1.506031	1.327040	5.970216
MGYG000001622__gradient_L8_hmo_gapseq	1505	1731	528	bio1	1.575321	1.332110	5.971180
MGYG000001622__gradient_L9_mos_gapseq	1505	1731	528	bio1	1.640535	1.332303	5.985325
MGYG000001626__gradient_L0_base_gapseq	1419	1518	379	bio1	0.562148	1.108582	4.691749
MGYG000001626__gradient_L1_inulin_gapseq	1419	1518	379	bio1	0.752173	1.147516	4.730642
MGYG000001626__gradient_L2_fos_gapseq	1419	1518	379	bio1	0.752173	1.170829	4.644971
MGYG000001626__gradient_L3_gos_gapseq	1419	1518	379	bio1	0.752173	1.202912	4.603682
MGYG000001626__gradient_L4_xos_gapseq	1419	1518	379	bio1	0.752173	1.203715	4.621144
MGYG000001626__gradient_L5_pectin_gapseq	1419	1518	379	bio1	0.752173	1.195451	4.734077
MGYG000001626__gradient_L6_resistant_starch_gapseq	1419	1518	379	bio1	0.902487	1.186704	4.598387
MGYG000001626__gradient_L7_bglucan_gapseq	1419	1518	379	bio1	0.902487	1.184044	4.620904
MGYG000001626__gradient_L8_hmo_gapseq	1419	1518	379	bio1	0.902487	1.181606	4.618343
MGYG000001626__gradient_L9_mos_gapseq	1419	1518	379	bio1	0.902487	1.187186	4.712123
MGYG000001630__gradient_L0_base_gapseq	1235	1418	318	bio1	0.804714	1.019051	4.317422
MGYG000001630__gradient_L1_inulin_gapseq	1235	1418	318	bio1	0.904173	1.009078	4.231163
MGYG000001630__gradient_L2_fos_gapseq	1235	1418	318	bio1	0.904173	1.090800	4.238173
MGYG000001630__gradient_L3_gos_gapseq	1235	1418	318	bio1	0.965580	1.022345	4.303430
MGYG000001630__gradient_L4_xos_gapseq	1235	1418	318	bio1	0.965580	1.026609	4.248148
MGYG000001630__gradient_L5_pectin_gapseq	1235	1418	318	bio1	0.965580	1.104557	4.240397
MGYG000001630__gradient_L6_resistant_starch_gapseq	1235	1418	318	bio1	1.038063	1.090016	4.230725
MGYG000001630__gradient_L7_bglucan_gapseq	1235	1418	318	bio1	1.038063	1.012680	4.313875
MGYG000001630__gradient_L8_hmo_gapseq	1235	1418	318	bio1	1.038063	1.006085	4.244948
MGYG000001630__gradient_L9_mos_gapseq	1235	1418	318	bio1	1.110546	1.094923	4.242550
MGYG000001631__gradient_L0_base_gapseq	1459	1584	486	bio1	0.714002	1.199754	4.969017
MGYG000001631__gradient_L1_inulin_gapseq	1459	1584	486	bio1	0.876645	1.199442	4.942489
MGYG000001631__gradient_L2_fos_gapseq	1459	1584	486	bio1	0.876645	1.202049	4.861821
MGYG000001631__gradient_L3_gos_gapseq	1459	1584	486	bio1	0.876645	1.264664	4.866495
MGYG000001631__gradient_L4_xos_gapseq	1459	1584	486	bio1	0.876645	1.250403	4.876577
MGYG000001631__gradient_L5_pectin_gapseq	1459	1584	486	bio1	0.876645	1.179545	5.037944
MGYG000001631__gradient_L6_resistant_starch_gapseq	1459	1584	486	bio1	1.036655	1.168657	4.974307
MGYG000001631__gradient_L7_bglucan_gapseq	1459	1584	486	bio1	1.036655	1.169642	4.868107
MGYG000001631__gradient_L8_hmo_gapseq	1459	1584	486	bio1	1.036655	1.285868	4.869557
MGYG000001631__gradient_L9_mos_gapseq	1459	1584	486	bio1	1.178296	1.286178	4.858583
MGYG000001637__gradient_L0_base_gapseq	1398	1587	407	bio1	0.217608	1.177244	5.044247
MGYG000001637__gradient_L1_inulin_gapseq	1398	1587	407	bio1	0.245993	1.231022	5.124195
MGYG000001637__gradient_L2_fos_gapseq	1398	1587	407	bio1	0.245993	1.212636	5.079723
MGYG000001637__gradient_L3_gos_gapseq	1398	1587	407	bio1	0.245993	1.239255	5.073512
MGYG000001637__gradient_L4_xos_gapseq	1398	1587	407	bio1	0.245993	1.142716	5.141394
MGYG000001637__gradient_L5_pectin_gapseq	1398	1587	407	bio1	0.245993	1.167251	5.056285
MGYG000001637__gradient_L6_resistant_starch_gapseq	1398	1587	407	bio1	0.246732	1.228615	5.031398
MGYG000001637__gradient_L7_bglucan_gapseq	1398	1587	407	bio1	0.246732	1.243660	5.042905
MGYG000001637__gradient_L8_hmo_gapseq	1398	1587	407	bio1	0.246732	1.228758	5.037153
MGYG000001637__gradient_L9_mos_gapseq	1398	1587	407	bio1	0.246732	1.175974	5.146437
MGYG000001646__gradient_L0_base_gapseq	885	826	110	bio1	0.000000	0.603227	0.018972
MGYG000001646__gradient_L1_inulin_gapseq	885	826	110	bio1	0.000000	0.582279	0.022562
MGYG000001646__gradient_L2_fos_gapseq	885	826	110	bio1	0.000000	0.690527	0.022949
MGYG000001646__gradient_L3_gos_gapseq	885	826	110	bio1	0.000000	0.641614	0.022858
MGYG000001646__gradient_L4_xos_gapseq	885	826	110	bio1	0.000000	0.589121	0.022804
MGYG000001646__gradient_L5_pectin_gapseq	885	826	110	bio1	0.000000	0.586075	0.098152
MGYG000001646__gradient_L6_resistant_starch_gapseq	885	826	110	bio1	0.000000	0.590103	0.022807
MGYG000001646__gradient_L7_bglucan_gapseq	885	826	110	bio1	0.000000	0.597007	0.022828
MGYG000001646__gradient_L8_hmo_gapseq	885	826	110	bio1	0.000000	0.592577	0.022896
MGYG000001646__gradient_L9_mos_gapseq	885	826	110	bio1	0.000000	0.672975	0.023992
MGYG000001647__gradient_L0_base_gapseq	717	714	97	bio1	0.000000	0.479005	0.017370
MGYG000001647__gradient_L1_inulin_gapseq	717	714	97	bio1	0.000000	0.477937	0.020923
MGYG000001647__gradient_L2_fos_gapseq	717	714	97	bio1	0.000000	0.570624	0.021085
MGYG000001647__gradient_L3_gos_gapseq	717	714	97	bio1	0.000000	0.492591	0.020823
MGYG000001647__gradient_L4_xos_gapseq	717	714	97	bio1	0.000000	0.491527	0.021796
MGYG000001647__gradient_L5_pectin_gapseq	717	714	97	bio1	0.000000	0.480434	0.020774
MGYG000001647__gradient_L6_resistant_starch_gapseq	717	714	97	bio1	0.395272	0.556647	1.180511
MGYG000001647__gradient_L7_bglucan_gapseq	717	714	97	bio1	0.395272	0.476718	1.181473
MGYG000001647__gradient_L8_hmo_gapseq	717	714	97	bio1	0.395272	0.509972	1.176869
MGYG000001647__gradient_L9_mos_gapseq	717	714	97	bio1	0.395272	0.465628	1.281672
MGYG000001653__gradient_L0_base_gapseq	1110	1242	297	bio1	0.000000	0.910053	0.045926
MGYG000001653__gradient_L1_inulin_gapseq	1110	1242	297	bio1	0.000000	0.881824	0.045252
MGYG000001653__gradient_L2_fos_gapseq	1110	1242	297	bio1	0.000000	0.983103	0.045011
MGYG000001653__gradient_L3_gos_gapseq	1110	1242	297	bio1	0.000000	0.893445	0.045080
MGYG000001653__gradient_L4_xos_gapseq	1110	1242	297	bio1	0.000000	0.963057	0.045774
MGYG000001653__gradient_L5_pectin_gapseq	1110	1242	297	bio1	0.000000	0.878428	0.045266
MGYG000001653__gradient_L6_resistant_starch_gapseq	1110	1242	297	bio1	0.000000	0.869201	0.045510
MGYG000001653__gradient_L7_bglucan_gapseq	1110	1242	297	bio1	0.000000	1.009692	0.045006
MGYG000001653__gradient_L8_hmo_gapseq	1110	1242	297	bio1	0.000000	0.882123	0.046351
MGYG000001653__gradient_L9_mos_gapseq	1110	1242	297	bio1	0.000000	0.960777	0.046280
MGYG000001657__gradient_L0_base_gapseq	1058	1175	278	bio1	0.000000	0.807735	0.038476
MGYG000001657__gradient_L1_inulin_gapseq	1058	1175	278	bio1	0.000000	0.805200	0.040323
MGYG000001657__gradient_L2_fos_gapseq	1058	1175	278	bio1	0.000000	0.898643	0.039603
MGYG000001657__gradient_L3_gos_gapseq	1058	1175	278	bio1	0.000000	0.820407	0.039939
MGYG000001657__gradient_L4_xos_gapseq	1058	1175	278	bio1	0.000000	0.817974	0.039196
MGYG000001657__gradient_L5_pectin_gapseq	1058	1175	278	bio1	0.000000	0.899576	0.039568
MGYG000001657__gradient_L6_resistant_starch_gapseq	1058	1175	278	bio1	0.000000	0.816001	0.041031
MGYG000001657__gradient_L7_bglucan_gapseq	1058	1175	278	bio1	0.000000	0.910580	0.041256
MGYG000001657__gradient_L8_hmo_gapseq	1058	1175	278	bio1	0.000000	0.828760	0.040850
MGYG000001657__gradient_L9_mos_gapseq	1058	1175	278	bio1	0.000000	0.833093	0.039984
MGYG000001662__gradient_L0_base_gapseq	729	666	74	bio1	0.000000	0.456781	0.013850
MGYG000001662__gradient_L1_inulin_gapseq	729	666	74	bio1	0.000000	0.465375	0.019059
MGYG000001662__gradient_L2_fos_gapseq	729	666	74	bio1	0.000000	0.465720	0.017962
MGYG000001662__gradient_L3_gos_gapseq	729	666	74	bio1	0.000000	0.488173	0.018121
MGYG000001662__gradient_L4_xos_gapseq	729	666	74	bio1	0.000000	0.575381	0.018365
MGYG000001662__gradient_L5_pectin_gapseq	729	666	74	bio1	0.000000	0.464656	0.018905
MGYG000001662__gradient_L6_resistant_starch_gapseq	729	666	74	bio1	0.000000	0.463391	0.018076
MGYG000001662__gradient_L7_bglucan_gapseq	729	666	74	bio1	0.000000	0.459919	0.018015
MGYG000001662__gradient_L8_hmo_gapseq	729	666	74	bio1	0.000000	0.447256	0.018093
MGYG000001662__gradient_L9_mos_gapseq	729	666	74	bio1	0.000000	0.579333	0.018223
MGYG000001669__gradient_L0_base_gapseq	816	844	130	bio1	0.000000	0.574303	0.025051
MGYG000001669__gradient_L1_inulin_gapseq	816	844	130	bio1	0.253030	0.621242	1.537303
MGYG000001669__gradient_L2_fos_gapseq	816	844	130	bio1	0.253030	0.786938	1.539402
MGYG000001669__gradient_L3_gos_gapseq	816	844	130	bio1	0.456868	0.570321	1.547815
MGYG000001669__gradient_L4_xos_gapseq	816	844	130	bio1	0.499042	0.557294	1.542547
MGYG000001669__gradient_L5_pectin_gapseq	816	844	130	bio1	0.531843	0.641366	1.536198
MGYG000001669__gradient_L6_resistant_starch_gapseq	816	844	130	bio1	1.016422	0.557564	1.544555
MGYG000001669__gradient_L7_bglucan_gapseq	816	844	130	bio1	1.016422	0.569990	1.539568
MGYG000001669__gradient_L8_hmo_gapseq	816	844	130	bio1	1.016422	0.623522	1.538873
MGYG000001669__gradient_L9_mos_gapseq	816	844	130	bio1	1.016422	0.564955	1.539450
MGYG000001672__gradient_L0_base_gapseq	693	645	94	bio1	0.000000	0.534017	0.016047
MGYG000001672__gradient_L1_inulin_gapseq	693	645	94	bio1	0.000000	0.443655	0.015999
MGYG000001672__gradient_L2_fos_gapseq	693	645	94	bio1	0.000000	0.490870	0.015908
MGYG000001672__gradient_L3_gos_gapseq	693	645	94	bio1	0.000000	0.447823	0.015757
MGYG000001672__gradient_L4_xos_gapseq	693	645	94	bio1	0.000000	0.457605	0.015923
MGYG000001672__gradient_L5_pectin_gapseq	693	645	94	bio1	0.000000	0.439655	0.016605
MGYG000001672__gradient_L6_resistant_starch_gapseq	693	645	94	bio1	0.000000	0.538803	0.016933
MGYG000001672__gradient_L7_bglucan_gapseq	693	645	94	bio1	0.000000	0.434500	0.015784
MGYG000001672__gradient_L8_hmo_gapseq	693	645	94	bio1	0.000000	0.444698	0.015896
MGYG000001672__gradient_L9_mos_gapseq	693	645	94	bio1	0.000000	0.490164	0.015948
MGYG000001682__gradient_L0_base_gapseq	1215	1375	306	bio1	0.213148	1.039824	3.878524
MGYG000001682__gradient_L1_inulin_gapseq	1215	1375	306	bio1	0.213148	0.977383	4.022967
MGYG000001682__gradient_L2_fos_gapseq	1215	1375	306	bio1	0.213148	0.970465	3.896459
MGYG000001682__gradient_L3_gos_gapseq	1215	1375	306	bio1	0.291066	1.041185	3.868321
MGYG000001682__gradient_L4_xos_gapseq	1215	1375	306	bio1	0.291066	0.960843	3.927767
MGYG000001682__gradient_L5_pectin_gapseq	1215	1375	306	bio1	0.291066	0.962836	3.858079
MGYG000001682__gradient_L6_resistant_starch_gapseq	1215	1375	306	bio1	0.514790	1.011452	3.882207
MGYG000001682__gradient_L7_bglucan_gapseq	1215	1375	306	bio1	0.648228	0.980161	4.051504
MGYG000001682__gradient_L8_hmo_gapseq	1215	1375	306	bio1	0.648228	0.959900	3.877814
MGYG000001682__gradient_L9_mos_gapseq	1215	1375	306	bio1	0.731106	1.022500	3.893968
MGYG000001687__gradient_L0_base_gapseq	1231	1382	375	bio1	0.000000	0.991343	0.149275
MGYG000001687__gradient_L1_inulin_gapseq	1231	1382	375	bio1	0.000000	1.007114	0.057020
MGYG000001687__gradient_L2_fos_gapseq	1231	1382	375	bio1	0.000000	0.989518	0.055480
MGYG000001687__gradient_L3_gos_gapseq	1231	1382	375	bio1	0.000000	1.078679	0.056210
MGYG000001687__gradient_L4_xos_gapseq	1231	1382	375	bio1	0.907905	1.017544	3.933813
MGYG000001687__gradient_L5_pectin_gapseq	1231	1382	375	bio1	0.907905	0.972600	3.812768
MGYG000001687__gradient_L6_resistant_starch_gapseq	1231	1382	375	bio1	1.435365	1.101826	3.828266
MGYG000001687__gradient_L7_bglucan_gapseq	1231	1382	375	bio1	1.435365	0.994703	3.918495
MGYG000001687__gradient_L8_hmo_gapseq	1231	1382	375	bio1	1.559522	0.994348	3.844195
MGYG000001687__gradient_L9_mos_gapseq	1231	1382	375	bio1	1.559522	1.053246	3.884793
MGYG000001688__gradient_L0_base_gapseq	1537	1834	627	bio1	0.000000	1.405318	0.072492
MGYG000001688__gradient_L1_inulin_gapseq	1537	1834	627	bio1	0.000000	1.332317	0.138727
MGYG000001688__gradient_L2_fos_gapseq	1537	1834	627	bio1	0.000000	1.413614	0.073287
MGYG000001688__gradient_L3_gos_gapseq	1537	1834	627	bio1	1.886903	1.413255	6.754825
MGYG000001688__gradient_L4_xos_gapseq	1537	1834	627	bio1	2.067046	1.479285	6.733076
MGYG000001688__gradient_L5_pectin_gapseq	1537	1834	627	bio1	2.130626	1.429437	6.783136
MGYG000001688__gradient_L6_resistant_starch_gapseq	1537	1834	627	bio1	2.895705	1.435410	6.711773
MGYG000001688__gradient_L7_bglucan_gapseq	1537	1834	627	bio1	3.143667	1.423501	6.692592
MGYG000001688__gradient_L8_hmo_gapseq	1537	1834	627	bio1	3.143667	1.472658	6.708269
MGYG000001688__gradient_L9_mos_gapseq	1537	1834	627	bio1	3.313214	1.466408	6.706133
MGYG000001694__gradient_L0_base_gapseq	1559	1864	536	bio1	0.788791	1.345053	6.790213
MGYG000001694__gradient_L1_inulin_gapseq	1559	1864	536	bio1	1.011511	1.356740	6.852958
MGYG000001694__gradient_L2_fos_gapseq	1559	1864	536	bio1	1.011511	1.390403	6.827927
MGYG000001694__gradient_L3_gos_gapseq	1559	1864	536	bio1	1.234232	1.337805	6.728105
MGYG000001694__gradient_L4_xos_gapseq	1559	1864	536	bio1	1.234232	1.438700	6.738571
MGYG000001694__gradient_L5_pectin_gapseq	1559	1864	536	bio1	1.266712	1.430053	6.753181
MGYG000001694__gradient_L6_resistant_starch_gapseq	1559	1864	536	bio1	1.770152	1.427553	6.696873
MGYG000001694__gradient_L7_bglucan_gapseq	1559	1864	536	bio1	1.770152	1.416634	6.707883
MGYG000001694__gradient_L8_hmo_gapseq	1559	1864	536	bio1	1.770152	1.455992	6.765816
MGYG000001694__gradient_L9_mos_gapseq	1559	1864	536	bio1	1.881512	1.441898	6.738502
MGYG000001695__gradient_L0_base_gapseq	1569	1747	473	bio1	1.030838	1.367455	5.916318
MGYG000001695__gradient_L1_inulin_gapseq	1569	1747	473	bio1	1.161281	1.277832	5.963972
MGYG000001695__gradient_L2_fos_gapseq	1569	1747	473	bio1	1.161281	1.282281	5.987411
MGYG000001695__gradient_L3_gos_gapseq	1569	1747	473	bio1	1.161281	1.280501	5.984776
MGYG000001695__gradient_L4_xos_gapseq	1569	1747	473	bio1	1.236385	1.294445	5.918952
MGYG000001695__gradient_L5_pectin_gapseq	1569	1747	473	bio1	1.273757	1.351110	5.875734
MGYG000001695__gradient_L6_resistant_starch_gapseq	1569	1747	473	bio1	1.869375	1.392435	5.911024
MGYG000001695__gradient_L7_bglucan_gapseq	1569	1747	473	bio1	1.869375	1.351911	5.959280
MGYG000001695__gradient_L8_hmo_gapseq	1569	1747	473	bio1	1.869375	1.390974	5.938473
MGYG000001695__gradient_L9_mos_gapseq	1569	1747	473	bio1	1.869375	1.385312	5.918528
MGYG000001697__gradient_L0_base_gapseq	1318	1539	388	bio1	1.036914	1.068916	4.899845
MGYG000001697__gradient_L1_inulin_gapseq	1318	1539	388	bio1	1.360111	1.088238	4.796940
MGYG000001697__gradient_L2_fos_gapseq	1318	1539	388	bio1	1.360111	1.176254	4.774332
MGYG000001697__gradient_L3_gos_gapseq	1318	1539	388	bio1	1.675228	1.181903	4.828657
MGYG000001697__gradient_L4_xos_gapseq	1318	1539	388	bio1	1.675228	1.120464	4.947058
MGYG000001697__gradient_L5_pectin_gapseq	1318	1539	388	bio1	1.675228	1.095251	4.888829
MGYG000001697__gradient_L6_resistant_starch_gapseq	1318	1539	388	bio1	2.379808	1.100295	4.810807
MGYG000001697__gradient_L7_bglucan_gapseq	1318	1539	388	bio1	2.379808	1.133994	4.813981
MGYG000001697__gradient_L8_hmo_gapseq	1318	1539	388	bio1	2.379808	1.223941	4.787688
MGYG000001697__gradient_L9_mos_gapseq	1318	1539	388	bio1	2.536590	1.069353	4.887420
MGYG000001698__gradient_L0_base_gapseq	1354	1601	533	bio1	0.000000	1.281165	0.059610
MGYG000001698__gradient_L1_inulin_gapseq	1354	1601	533	bio1	0.000000	1.214106	0.060457
MGYG000001698__gradient_L2_fos_gapseq	1354	1601	533	bio1	0.000000	1.222417	0.060053
MGYG000001698__gradient_L3_gos_gapseq	1354	1601	533	bio1	0.000000	1.162548	0.064160
MGYG000001698__gradient_L4_xos_gapseq	1354	1601	533	bio1	1.337067	1.241201	5.237668
MGYG000001698__gradient_L5_pectin_gapseq	1354	1601	533	bio1	1.381195	1.331801	5.203348
MGYG000001698__gradient_L6_resistant_starch_gapseq	1354	1601	533	bio1	1.992367	1.158594	5.369688
MGYG000001698__gradient_L7_bglucan_gapseq	1354	1601	533	bio1	2.197561	1.188099	5.317892
MGYG000001698__gradient_L8_hmo_gapseq	1354	1601	533	bio1	2.343184	1.135814	5.213974
MGYG000001698__gradient_L9_mos_gapseq	1354	1601	533	bio1	2.484393	1.233092	5.207959
MGYG000001700	0	0	0	NONE	0.000000	0.000000	0.000000
MGYG000001703__gradient_L0_base_gapseq	1997	2476	984	bio1	1.170451	1.923991	12.047026
MGYG000001703__gradient_L1_inulin_gapseq	1997	2476	984	bio1	1.448030	1.860609	11.997716
MGYG000001703__gradient_L2_fos_gapseq	1997	2476	984	bio1	1.448030	1.905218	12.066389
MGYG000001703__gradient_L3_gos_gapseq	1997	2476	984	bio1	1.738101	1.875874	12.128190
MGYG000001703__gradient_L4_xos_gapseq	1997	2476	984	bio1	1.883830	1.846833	11.946475
MGYG000001703__gradient_L5_pectin_gapseq	1997	2476	984	bio1	1.883830	1.925017	11.969289
MGYG000001703__gradient_L6_resistant_starch_gapseq	1997	2476	984	bio1	2.477069	1.846738	12.008293
MGYG000001703__gradient_L7_bglucan_gapseq	1997	2476	984	bio1	2.477069	1.932075	12.069998
MGYG000001703__gradient_L8_hmo_gapseq	1997	2476	984	bio1	2.477069	1.857774	12.023409
MGYG000001703__gradient_L9_mos_gapseq	1997	2476	984	bio1	2.570784	1.845760	11.969123
MGYG000001707__gradient_L0_base_gapseq	1434	1605	362	bio1	0.000000	1.160542	0.161980
MGYG000001707__gradient_L1_inulin_gapseq	1434	1605	362	bio1	0.000000	1.179859	0.065503
MGYG000001707__gradient_L2_fos_gapseq	1434	1605	362	bio1	0.000000	1.266144	0.065760
MGYG000001707__gradient_L3_gos_gapseq	1434	1605	362	bio1	0.898835	1.161837	5.069836
MGYG000001707__gradient_L4_xos_gapseq	1434	1605	362	bio1	0.898835	1.275213	5.065975
MGYG000001707__gradient_L5_pectin_gapseq	1434	1605	362	bio1	0.898835	1.225353	5.048210
MGYG000001707__gradient_L6_resistant_starch_gapseq	1434	1605	362	bio1	1.521121	1.155701	5.166098
MGYG000001707__gradient_L7_bglucan_gapseq	1434	1605	362	bio1	1.728751	1.193101	5.243167
MGYG000001707__gradient_L8_hmo_gapseq	1434	1605	362	bio1	1.728751	1.194016	5.070085
MGYG000001707__gradient_L9_mos_gapseq	1434	1605	362	bio1	1.728751	1.254583	5.117478
MGYG000001712__gradient_L0_base_gapseq	2108	2526	921	bio1	1.094560	1.965093	12.682914
MGYG000001712__gradient_L1_inulin_gapseq	2108	2526	921	bio1	1.362181	1.972270	12.676353
MGYG000001712__gradient_L2_fos_gapseq	2108	2526	921	bio1	1.362181	1.910839	12.740027
MGYG000001712__gradient_L3_gos_gapseq	2108	2526	921	bio1	1.362181	1.962272	12.660063
MGYG000001712__gradient_L4_xos_gapseq	2108	2526	921	bio1	1.422396	1.996433	12.571714
MGYG000001712__gradient_L5_pectin_gapseq	2108	2526	921	bio1	1.422396	1.993372	12.661194
MGYG000001712__gradient_L6_resistant_starch_gapseq	2108	2526	921	bio1	2.012029	1.939275	12.743375
MGYG000001712__gradient_L7_bglucan_gapseq	2108	2526	921	bio1	2.012029	1.909616	12.683355
MGYG000001712__gradient_L8_hmo_gapseq	2108	2526	921	bio1	2.012029	1.913249	12.674857
MGYG000001712__gradient_L9_mos_gapseq	2108	2526	921	bio1	2.012029	1.960795	12.718594
MGYG000001713__gradient_L0_base_gapseq	2103	2569	998	bio1	1.325329	1.999750	12.462256
MGYG000001713__gradient_L1_inulin_gapseq	2103	2569	998	bio1	1.604348	2.107519	12.469472
MGYG000001713__gradient_L2_fos_gapseq	2103	2569	998	bio1	1.604348	1.920978	12.545385
MGYG000001713__gradient_L3_gos_gapseq	2103	2569	998	bio1	1.892633	1.921584	12.654317
MGYG000001713__gradient_L4_xos_gapseq	2103	2569	998	bio1	2.052379	1.908795	12.533450
MGYG000001713__gradient_L5_pectin_gapseq	2103	2569	998	bio1	2.095076	1.914713	12.532844
MGYG000001713__gradient_L6_resistant_starch_gapseq	2103	2569	998	bio1	2.663181	1.908936	12.531762
MGYG000001713__gradient_L7_bglucan_gapseq	2103	2569	998	bio1	2.850406	1.879524	12.534125
MGYG000001713__gradient_L8_hmo_gapseq	2103	2569	998	bio1	2.850406	1.943099	12.609073
MGYG000001713__gradient_L9_mos_gapseq	2103	2569	998	bio1	2.979587	1.944902	12.462042
MGYG000001723__gradient_L0_base_gapseq	1114	1240	349	bio1	0.000000	0.899780	0.129770
MGYG000001723__gradient_L1_inulin_gapseq	1114	1240	349	bio1	0.000000	0.894560	0.047535
MGYG000001723__gradient_L2_fos_gapseq	1114	1240	349	bio1	0.000000	0.877811	0.047589
MGYG000001723__gradient_L3_gos_gapseq	1114	1240	349	bio1	0.000000	0.962400	0.047387
MGYG000001723__gradient_L4_xos_gapseq	1114	1240	349	bio1	0.375875	0.870813	3.152734
MGYG000001723__gradient_L5_pectin_gapseq	1114	1240	349	bio1	0.375875	0.979859	3.157813
MGYG000001723__gradient_L6_resistant_starch_gapseq	1114	1240	349	bio1	0.556589	0.881824	3.260991
MGYG000001723__gradient_L7_bglucan_gapseq	1114	1240	349	bio1	0.556589	0.874493	3.154487
MGYG000001723__gradient_L8_hmo_gapseq	1114	1240	349	bio1	0.556589	0.946126	3.154969
MGYG000001723__gradient_L9_mos_gapseq	1114	1240	349	bio1	0.556589	0.898587	3.200841
MGYG000001725__gradient_L0_base_gapseq	1343	1500	387	bio1	0.000000	1.068519	0.054197
MGYG000001725__gradient_L1_inulin_gapseq	1343	1500	387	bio1	0.000000	1.088388	0.149814
MGYG000001725__gradient_L2_fos_gapseq	1343	1500	387	bio1	0.000000	1.108778	0.054695
MGYG000001725__gradient_L3_gos_gapseq	1343	1500	387	bio1	0.642365	1.152595	4.678797
MGYG000001725__gradient_L4_xos_gapseq	1343	1500	387	bio1	0.642365	1.075799	4.900388
MGYG000001725__gradient_L5_pectin_gapseq	1343	1500	387	bio1	0.642365	1.102795	4.700137
MGYG000001725__gradient_L6_resistant_starch_gapseq	1343	1500	387	bio1	1.318377	1.173001	4.679927
MGYG000001725__gradient_L7_bglucan_gapseq	1343	1500	387	bio1	1.318377	1.158092	4.682740
MGYG000001725__gradient_L8_hmo_gapseq	1343	1500	387	bio1	1.318377	1.118151	4.802973
MGYG000001725__gradient_L9_mos_gapseq	1343	1500	387	bio1	1.445069	1.121403	4.690628
MGYG000001733__gradient_L0_base_gapseq	1063	1140	215	bio1	0.000000	0.910776	0.036928
MGYG000001733__gradient_L1_inulin_gapseq	1063	1140	215	bio1	0.381415	0.841392	2.731474
MGYG000001733__gradient_L2_fos_gapseq	1063	1140	215	bio1	0.381415	0.875939	2.733486
MGYG000001733__gradient_L3_gos_gapseq	1063	1140	215	bio1	0.381415	0.795625	2.721186
MGYG000001733__gradient_L4_xos_gapseq	1063	1140	215	bio1	0.381415	0.903175	2.723543
MGYG000001733__gradient_L5_pectin_gapseq	1063	1140	215	bio1	0.381415	0.818919	2.796741
MGYG000001733__gradient_L6_resistant_starch_gapseq	1063	1140	215	bio1	0.381415	0.810401	2.718230
MGYG000001733__gradient_L7_bglucan_gapseq	1063	1140	215	bio1	0.381415	0.830377	2.809736
MGYG000001733__gradient_L8_hmo_gapseq	1063	1140	215	bio1	0.381415	0.814550	2.719200
MGYG000001733__gradient_L9_mos_gapseq	1063	1140	215	bio1	0.381415	0.833544	2.789086
MGYG000001738__gradient_L0_base_gapseq	1333	1517	374	bio1	0.218448	1.063566	4.772584
MGYG000001738__gradient_L1_inulin_gapseq	1333	1517	374	bio1	0.327378	1.087477	4.706068
MGYG000001738__gradient_L2_fos_gapseq	1333	1517	374	bio1	0.327378	1.165150	4.678275
MGYG000001738__gradient_L3_gos_gapseq	1333	1517	374	bio1	0.399403	1.159079	4.690075
MGYG000001738__gradient_L4_xos_gapseq	1333	1517	374	bio1	0.488033	1.078356	4.772330
MGYG000001738__gradient_L5_pectin_gapseq	1333	1517	374	bio1	0.520569	1.090138	4.673092
MGYG000001738__gradient_L6_resistant_starch_gapseq	1333	1517	374	bio1	0.783182	1.198488	4.713650
MGYG000001738__gradient_L7_bglucan_gapseq	1333	1517	374	bio1	0.943539	1.159966	4.692159
MGYG000001738__gradient_L8_hmo_gapseq	1333	1517	374	bio1	0.943539	1.080099	4.782428
MGYG000001738__gradient_L9_mos_gapseq	1333	1517	374	bio1	1.045796	1.084198	4.669836
MGYG000001740__gradient_L0_base_gapseq	1193	1217	271	bio1	0.000000	0.879731	0.039908
MGYG000001740__gradient_L1_inulin_gapseq	1193	1217	271	bio1	0.198138	0.875370	3.168557
MGYG000001740__gradient_L2_fos_gapseq	1193	1217	271	bio1	0.198138	0.911282	3.071488
MGYG000001740__gradient_L3_gos_gapseq	1193	1217	271	bio1	0.198138	0.966851	3.071712
MGYG000001740__gradient_L4_xos_gapseq	1193	1217	271	bio1	0.198138	0.900988	3.064528
MGYG000001740__gradient_L5_pectin_gapseq	1193	1217	271	bio1	0.198138	0.987861	3.071403
MGYG000001740__gradient_L6_resistant_starch_gapseq	1193	1217	271	bio1	0.198138	0.893095	3.140902
MGYG000001740__gradient_L7_bglucan_gapseq	1193	1217	271	bio1	0.198138	0.896167	3.078855
MGYG000001740__gradient_L8_hmo_gapseq	1193	1217	271	bio1	0.198138	0.978674	3.120697
MGYG000001740__gradient_L9_mos_gapseq	1193	1217	271	bio1	0.198138	0.892130	3.074617
MGYG000001745__gradient_L0_base_gapseq	1428	1579	372	bio1	0.000000	1.289824	0.056166
MGYG000001745__gradient_L1_inulin_gapseq	1428	1579	372	bio1	0.000000	1.204879	0.058363
MGYG000001745__gradient_L2_fos_gapseq	1428	1579	372	bio1	0.000000	1.206584	0.059168
MGYG000001745__gradient_L3_gos_gapseq	1428	1579	372	bio1	0.661853	1.139545	5.191363
MGYG000001745__gradient_L4_xos_gapseq	1428	1579	372	bio1	0.661853	1.169255	5.214080
MGYG000001745__gradient_L5_pectin_gapseq	1428	1579	372	bio1	0.661853	1.217867	5.086794
MGYG000001745__gradient_L6_resistant_starch_gapseq	1428	1579	372	bio1	1.181894	1.216049	5.124809
MGYG000001745__gradient_L7_bglucan_gapseq	1428	1579	372	bio1	1.365293	1.357345	5.101813
MGYG000001745__gradient_L8_hmo_gapseq	1428	1579	372	bio1	1.365293	1.168389	5.177872
MGYG000001745__gradient_L9_mos_gapseq	1428	1579	372	bio1	1.455861	1.131401	5.166150
MGYG000001749__gradient_L0_base_gapseq	1408	1570	363	bio1	0.000000	1.171377	0.065734
MGYG000001749__gradient_L1_inulin_gapseq	1408	1570	363	bio1	0.000000	1.212278	0.066714
MGYG000001749__gradient_L2_fos_gapseq	1408	1570	363	bio1	0.000000	1.114714	0.066951
MGYG000001749__gradient_L3_gos_gapseq	1408	1570	363	bio1	0.000000	1.296553	0.068620
MGYG000001749__gradient_L4_xos_gapseq	1408	1570	363	bio1	1.042642	1.149083	5.121067
MGYG000001749__gradient_L5_pectin_gapseq	1408	1570	363	bio1	1.104828	1.190503	5.007751
MGYG000001749__gradient_L6_resistant_starch_gapseq	1408	1570	363	bio1	1.795092	1.245473	4.994008
MGYG000001749__gradient_L7_bglucan_gapseq	1408	1570	363	bio1	2.037618	1.215029	5.058971
MGYG000001749__gradient_L8_hmo_gapseq	1408	1570	363	bio1	2.037618	1.165911	5.104878
MGYG000001749__gradient_L9_mos_gapseq	1408	1570	363	bio1	2.170281	1.182287	5.075936
MGYG000001757__gradient_L0_base_gapseq	1155	1232	309	bio1	0.000000	0.949442	0.040810
MGYG000001757__gradient_L1_inulin_gapseq	1155	1232	309	bio1	0.000000	0.890430	0.043407
MGYG000001757__gradient_L2_fos_gapseq	1155	1232	309	bio1	0.000000	0.953665	0.043593
MGYG000001757__gradient_L3_gos_gapseq	1155	1232	309	bio1	0.000000	0.912967	0.044250
MGYG000001757__gradient_L4_xos_gapseq	1155	1232	309	bio1	0.346197	0.891361	3.204552
MGYG000001757__gradient_L5_pectin_gapseq	1155	1232	309	bio1	0.346197	0.897602	3.089530
MGYG000001757__gradient_L6_resistant_starch_gapseq	1155	1232	309	bio1	0.802142	0.949464	3.115224
MGYG000001757__gradient_L7_bglucan_gapseq	1155	1232	309	bio1	0.966195	0.894025	3.131911
MGYG000001757__gradient_L8_hmo_gapseq	1155	1232	309	bio1	0.966195	0.964290	3.124313
MGYG000001757__gradient_L9_mos_gapseq	1155	1232	309	bio1	1.037156	0.901082	3.186436
MGYG000001760__gradient_L0_base_gapseq	1281	1399	313	bio1	0.000000	0.995886	0.050128
MGYG000001760__gradient_L1_inulin_gapseq	1281	1399	313	bio1	0.000000	1.006399	0.050272
MGYG000001760__gradient_L2_fos_gapseq	1281	1399	313	bio1	0.000000	1.092724	0.049860
MGYG000001760__gradient_L3_gos_gapseq	1281	1399	313	bio1	0.533739	1.018922	4.083902
MGYG000001760__gradient_L4_xos_gapseq	1281	1399	313	bio1	0.612008	1.014085	3.978380
MGYG000001760__gradient_L5_pectin_gapseq	1281	1399	313	bio1	0.676658	1.090217	3.985027
MGYG000001760__gradient_L6_resistant_starch_gapseq	1281	1399	313	bio1	1.020846	1.016777	4.073118
MGYG000001760__gradient_L7_bglucan_gapseq	1281	1399	313	bio1	1.020846	1.032536	4.012038
MGYG000001760__gradient_L8_hmo_gapseq	1281	1399	313	bio1	1.020846	1.071596	3.995202
MGYG000001760__gradient_L9_mos_gapseq	1281	1399	313	bio1	1.020846	1.099148	4.009620
MGYG000001762__gradient_L0_base_gapseq	1369	1433	333	bio1	0.402894	1.060159	4.398616
MGYG000001762__gradient_L1_inulin_gapseq	1369	1433	333	bio1	0.586377	1.142441	4.369592
MGYG000001762__gradient_L2_fos_gapseq	1369	1433	333	bio1	0.586377	1.081599	4.445543
MGYG000001762__gradient_L3_gos_gapseq	1369	1433	333	bio1	0.586377	1.076485	4.391271
MGYG000001762__gradient_L4_xos_gapseq	1369	1433	333	bio1	0.586377	1.181924	4.366751
MGYG000001762__gradient_L5_pectin_gapseq	1369	1433	333	bio1	0.586377	1.175383	4.399358
MGYG000001762__gradient_L6_resistant_starch_gapseq	1369	1433	333	bio1	0.723902	1.046205	4.467171
MGYG000001762__gradient_L7_bglucan_gapseq	1369	1433	333	bio1	0.723902	1.069365	4.412037
MGYG000001762__gradient_L8_hmo_gapseq	1369	1433	333	bio1	0.723902	1.121998	4.369221
MGYG000001762__gradient_L9_mos_gapseq	1369	1433	333	bio1	0.723902	1.109108	4.362686
MGYG000001767__gradient_L0_base_gapseq	1045	1145	222	bio1	0.000000	0.854008	0.039639
MGYG000001767__gradient_L1_inulin_gapseq	1045	1145	222	bio1	0.000000	0.773826	0.041394
MGYG000001767__gradient_L2_fos_gapseq	1045	1145	222	bio1	0.000000	0.783511	0.041087
MGYG000001767__gradient_L3_gos_gapseq	1045	1145	222	bio1	0.523377	0.858235	2.684572
MGYG000001767__gradient_L4_xos_gapseq	1045	1145	222	bio1	0.523377	0.821328	2.675747
MGYG000001767__gradient_L5_pectin_gapseq	1045	1145	222	bio1	0.523377	0.872642	2.655327
MGYG000001767__gradient_L6_resistant_starch_gapseq	1045	1145	222	bio1	0.987949	0.785828	2.685931
MGYG000001767__gradient_L7_bglucan_gapseq	1045	1145	222	bio1	1.113165	0.854871	2.667575
MGYG000001767__gradient_L8_hmo_gapseq	1045	1145	222	bio1	1.113165	0.820274	2.733725
MGYG000001767__gradient_L9_mos_gapseq	1045	1145	222	bio1	1.184818	0.792083	2.694222
MGYG000001776__gradient_L0_base_gapseq	761	716	106	bio1	0.000000	0.526115	0.017659
MGYG000001776__gradient_L1_inulin_gapseq	761	716	106	bio1	0.198001	0.528264	1.148402
MGYG000001776__gradient_L2_fos_gapseq	761	716	106	bio1	0.198001	0.534470	1.223442
MGYG000001776__gradient_L3_gos_gapseq	761	716	106	bio1	0.198001	0.525448	1.143759
MGYG000001776__gradient_L4_xos_gapseq	761	716	106	bio1	0.198001	0.523495	1.142755
MGYG000001776__gradient_L5_pectin_gapseq	761	716	106	bio1	0.198001	0.537050	1.207280
MGYG000001776__gradient_L6_resistant_starch_gapseq	761	716	106	bio1	0.198001	0.518902	1.150286
MGYG000001776__gradient_L7_bglucan_gapseq	761	716	106	bio1	0.198001	0.498356	1.144287
MGYG000001776__gradient_L8_hmo_gapseq	761	716	106	bio1	0.198001	0.521580	1.145349
MGYG000001776__gradient_L9_mos_gapseq	761	716	106	bio1	0.198001	0.595006	1.150638
MGYG000001777__gradient_L0_base_gapseq	1461	1610	393	bio1	0.000000	1.176677	0.128492
MGYG000001777__gradient_L1_inulin_gapseq	1461	1610	393	bio1	0.000000	1.162570	0.064789
MGYG000001777__gradient_L2_fos_gapseq	1461	1610	393	bio1	0.000000	1.240525	0.063716
MGYG000001777__gradient_L3_gos_gapseq	1461	1610	393	bio1	0.672001	1.194408	5.234188
MGYG000001777__gradient_L4_xos_gapseq	1461	1610	393	bio1	0.672001	1.276299	5.202454
MGYG000001777__gradient_L5_pectin_gapseq	1461	1610	393	bio1	0.672001	1.247161	5.207548
MGYG000001777__gradient_L6_resistant_starch_gapseq	1461	1610	393	bio1	0.779643	1.239291	5.216939
MGYG000001777__gradient_L7_bglucan_gapseq	1461	1610	393	bio1	0.988198	1.202722	5.269632
MGYG000001777__gradient_L8_hmo_gapseq	1461	1610	393	bio1	0.988198	1.157811	5.248461
MGYG000001777__gradient_L9_mos_gapseq	1461	1610	393	bio1	1.091461	1.188252	5.185292
MGYG000001785__gradient_L0_base_gapseq	781	776	144	bio1	0.000000	0.535579	0.022404
MGYG000001785__gradient_L1_inulin_gapseq	781	776	144	bio1	0.000000	0.552498	0.022362
MGYG000001785__gradient_L2_fos_gapseq	781	776	144	bio1	0.000000	0.534818	0.022578
MGYG000001785__gradient_L3_gos_gapseq	781	776	144	bio1	0.000000	0.600311	0.022490
MGYG000001785__gradient_L4_xos_gapseq	781	776	144	bio1	0.000000	0.536278	0.022607
MGYG000001785__gradient_L5_pectin_gapseq	781	776	144	bio1	0.000000	0.523483	0.022607
MGYG000001785__gradient_L6_resistant_starch_gapseq	781	776	144	bio1	0.000000	0.567420	0.023204
MGYG000001785__gradient_L7_bglucan_gapseq	781	776	144	bio1	0.000000	0.656575	0.023777
MGYG000001785__gradient_L8_hmo_gapseq	781	776	144	bio1	0.000000	0.524764	0.022584
MGYG000001785__gradient_L9_mos_gapseq	781	776	144	bio1	0.000000	0.531866	0.022632
MGYG000001786__gradient_L0_base_gapseq	535	508	66	bio1	0.000000	0.322571	0.010977
MGYG000001786__gradient_L1_inulin_gapseq	535	508	66	bio1	0.000000	0.323373	0.013692
MGYG000001786__gradient_L2_fos_gapseq	535	508	66	bio1	0.000000	0.328328	0.013527
MGYG000001786__gradient_L3_gos_gapseq	535	508	66	bio1	0.000000	0.325599	0.013453
MGYG000001786__gradient_L4_xos_gapseq	535	508	66	bio1	0.000000	0.323879	0.013311
MGYG000001786__gradient_L5_pectin_gapseq	535	508	66	bio1	0.000000	0.419435	0.013409
MGYG000001786__gradient_L6_resistant_starch_gapseq	535	508	66	bio1	0.000000	0.320871	0.013354
MGYG000001786__gradient_L7_bglucan_gapseq	535	508	66	bio1	0.000000	0.350332	0.013682
MGYG000001786__gradient_L8_hmo_gapseq	535	508	66	bio1	0.000000	0.344908	0.013499
MGYG000001786__gradient_L9_mos_gapseq	535	508	66	bio1	0.000000	0.318193	0.013491
MGYG000001795__gradient_L0_base_gapseq	1223	1376	308	bio1	0.000000	1.053067	0.049742
MGYG000001795__gradient_L1_inulin_gapseq	1223	1376	308	bio1	0.442917	0.966935	3.898864
MGYG000001795__gradient_L2_fos_gapseq	1223	1376	308	bio1	0.442917	1.054673	3.880065
MGYG000001795__gradient_L3_gos_gapseq	1223	1376	308	bio1	0.442917	1.010688	3.958257
MGYG000001795__gradient_L4_xos_gapseq	1223	1376	308	bio1	0.442917	1.001426	3.848835
MGYG000001795__gradient_L5_pectin_gapseq	1223	1376	308	bio1	0.442917	1.042955	3.866834
MGYG000001795__gradient_L6_resistant_starch_gapseq	1223	1376	308	bio1	0.722295	1.024316	3.972465
MGYG000001795__gradient_L7_bglucan_gapseq	1223	1376	308	bio1	0.722295	1.013239	3.843603
MGYG000001795__gradient_L8_hmo_gapseq	1223	1376	308	bio1	0.722295	1.076777	3.833257
MGYG000001795__gradient_L9_mos_gapseq	1223	1376	308	bio1	0.831600	1.002375	3.901752
MGYG000001797__gradient_L0_base_gapseq	1415	1581	386	bio1	0.000000	1.252091	0.068567
MGYG000001797__gradient_L1_inulin_gapseq	1415	1581	386	bio1	0.000000	1.186447	0.068291
MGYG000001797__gradient_L2_fos_gapseq	1415	1581	386	bio1	0.000000	1.292786	0.067849
MGYG000001797__gradient_L3_gos_gapseq	1415	1581	386	bio1	0.840419	1.178863	5.086987
MGYG000001797__gradient_L4_xos_gapseq	1415	1581	386	bio1	0.840419	1.134959	4.974366
MGYG000001797__gradient_L5_pectin_gapseq	1415	1581	386	bio1	0.840419	1.235430	4.990531
MGYG000001797__gradient_L6_resistant_starch_gapseq	1415	1581	386	bio1	1.375345	1.246515	4.972332
MGYG000001797__gradient_L7_bglucan_gapseq	1415	1581	386	bio1	1.553306	1.174013	5.048747
MGYG000001797__gradient_L8_hmo_gapseq	1415	1581	386	bio1	1.553306	1.210286	5.041718
MGYG000001797__gradient_L9_mos_gapseq	1415	1581	386	bio1	1.676341	1.180634	4.961175
MGYG000001804__gradient_L0_base_gapseq	1231	1322	250	bio1	0.000000	0.946130	0.047694
MGYG000001804__gradient_L1_inulin_gapseq	1231	1322	250	bio1	0.000000	1.094061	0.050329
MGYG000001804__gradient_L2_fos_gapseq	1231	1322	250	bio1	0.000000	0.954703	0.049736
MGYG000001804__gradient_L3_gos_gapseq	1231	1322	250	bio1	0.000000	1.041281	0.049351
MGYG000001804__gradient_L4_xos_gapseq	1231	1322	250	bio1	0.000000	0.925057	0.050293
MGYG000001804__gradient_L5_pectin_gapseq	1231	1322	250	bio1	0.000000	0.939525	0.049741
MGYG000001804__gradient_L6_resistant_starch_gapseq	1231	1322	250	bio1	0.000000	1.055342	0.048905
MGYG000001804__gradient_L7_bglucan_gapseq	1231	1322	250	bio1	0.000000	0.954586	0.049413
MGYG000001804__gradient_L8_hmo_gapseq	1231	1322	250	bio1	0.000000	1.078808	0.048794
MGYG000001804__gradient_L9_mos_gapseq	1231	1322	250	bio1	0.000000	0.976013	0.049880
MGYG000001821__gradient_L0_base_gapseq	1101	1228	251	bio1	0.000000	0.855933	0.156808
MGYG000001821__gradient_L1_inulin_gapseq	1101	1228	251	bio1	1.056781	0.858443	3.131391
MGYG000001821__gradient_L2_fos_gapseq	1101	1228	251	bio1	1.056781	0.849314	3.270484
MGYG000001821__gradient_L3_gos_gapseq	1101	1228	251	bio1	1.320975	0.858012	3.122910
MGYG000001821__gradient_L4_xos_gapseq	1101	1228	251	bio1	1.408475	0.940857	3.181195
MGYG000001821__gradient_L5_pectin_gapseq	1101	1228	251	bio1	1.462305	0.870101	3.147120
MGYG000001821__gradient_L6_resistant_starch_gapseq	1101	1228	251	bio1	2.090283	0.932041	3.133776
MGYG000001821__gradient_L7_bglucan_gapseq	1101	1228	251	bio1	2.305593	0.859114	3.199900
MGYG000001821__gradient_L8_hmo_gapseq	1101	1228	251	bio1	2.305593	0.836974	3.131030
MGYG000001821__gradient_L9_mos_gapseq	1101	1228	251	bio1	2.413247	0.909307	3.150359
MGYG000001826__gradient_L0_base_gapseq	1089	1179	263	bio1	0.000000	0.909913	0.035506
MGYG000001826__gradient_L1_inulin_gapseq	1089	1179	263	bio1	0.000000	0.852906	0.035431
MGYG000001826__gradient_L2_fos_gapseq	1089	1179	263	bio1	0.000000	0.849539	0.102849
MGYG000001826__gradient_L3_gos_gapseq	1089	1179	263	bio1	0.000000	0.836819	0.044765
MGYG000001826__gradient_L4_xos_gapseq	1089	1179	263	bio1	0.000000	0.835754	0.035363
MGYG000001826__gradient_L5_pectin_gapseq	1089	1179	263	bio1	0.000000	0.919705	0.035983
MGYG000001826__gradient_L6_resistant_starch_gapseq	1089	1179	263	bio1	0.814279	0.837847	2.873620
MGYG000001826__gradient_L7_bglucan_gapseq	1089	1179	263	bio1	0.814279	0.945398	2.889391
MGYG000001826__gradient_L8_hmo_gapseq	1089	1179	263	bio1	0.814279	0.839673	2.891292
MGYG000001826__gradient_L9_mos_gapseq	1089	1179	263	bio1	0.892062	0.935941	2.870788
MGYG000001827__gradient_L0_base_gapseq	1052	1059	209	bio1	0.725579	0.751868	2.336766
MGYG000001827__gradient_L1_inulin_gapseq	1052	1059	209	bio1	1.086924	0.770583	2.419871
MGYG000001827__gradient_L2_fos_gapseq	1052	1059	209	bio1	1.086924	0.792315	2.351591
MGYG000001827__gradient_L3_gos_gapseq	1052	1059	209	bio1	1.186112	0.873997	2.408087
MGYG000001827__gradient_L4_xos_gapseq	1052	1059	209	bio1	1.264636	0.798827	2.334693
MGYG000001827__gradient_L5_pectin_gapseq	1052	1059	209	bio1	1.326628	0.742368	2.396270
MGYG000001827__gradient_L6_resistant_starch_gapseq	1052	1059	209	bio1	1.610403	0.761852	2.370821
MGYG000001827__gradient_L7_bglucan_gapseq	1052	1059	209	bio1	1.610403	0.743771	2.408369
MGYG000001827__gradient_L8_hmo_gapseq	1052	1059	209	bio1	1.610403	0.751642	2.322976
MGYG000001827__gradient_L9_mos_gapseq	1052	1059	209	bio1	1.610403	0.804139	2.407016
MGYG000001834__gradient_L0_base_gapseq	586	558	62	bio1	0.000000	0.372148	0.011627
MGYG000001834__gradient_L1_inulin_gapseq	586	558	62	bio1	0.000000	0.463822	0.015177
MGYG000001834__gradient_L2_fos_gapseq	586	558	62	bio1	0.000000	0.372440	0.015114
MGYG000001834__gradient_L3_gos_gapseq	586	558	62	bio1	0.000000	0.367387	0.014892
MGYG000001834__gradient_L4_xos_gapseq	586	558	62	bio1	0.000000	0.372879	0.014948
MGYG000001834__gradient_L5_pectin_gapseq	586	558	62	bio1	0.000000	0.384597	0.014905
MGYG000001834__gradient_L6_resistant_starch_gapseq	586	558	62	bio1	0.000000	0.367738	0.014840
MGYG000001834__gradient_L7_bglucan_gapseq	586	558	62	bio1	0.000000	0.449329	0.015003
MGYG000001834__gradient_L8_hmo_gapseq	586	558	62	bio1	0.000000	0.380362	0.014954
MGYG000001834__gradient_L9_mos_gapseq	586	558	62	bio1	0.000000	0.371611	0.014927
MGYG000001835__gradient_L0_base_gapseq	1380	1688	450	bio1	0.000000	1.204124	0.070653
MGYG000001835__gradient_L1_inulin_gapseq	1380	1688	450	bio1	0.000000	1.234473	0.073242
MGYG000001835__gradient_L2_fos_gapseq	1380	1688	450	bio1	0.000000	1.357162	0.073160
MGYG000001835__gradient_L3_gos_gapseq	1380	1688	450	bio1	0.853288	1.195295	5.561349
MGYG000001835__gradient_L4_xos_gapseq	1380	1688	450	bio1	0.935042	1.337002	5.602658
MGYG000001835__gradient_L5_pectin_gapseq	1380	1688	450	bio1	0.978545	1.303293	5.567126
MGYG000001835__gradient_L6_resistant_starch_gapseq	1380	1688	450	bio1	1.111152	1.296295	5.545714
MGYG000001835__gradient_L7_bglucan_gapseq	1380	1688	450	bio1	1.316814	1.286985	5.544142
MGYG000001835__gradient_L8_hmo_gapseq	1380	1688	450	bio1	1.316814	1.277287	5.698447
MGYG000001835__gradient_L9_mos_gapseq	1380	1688	450	bio1	1.449421	1.230389	5.658284
MGYG000001837__gradient_L0_base_gapseq	1121	1222	251	bio1	0.000000	0.867971	0.041534
MGYG000001837__gradient_L1_inulin_gapseq	1121	1222	251	bio1	0.000000	0.952273	0.041676
MGYG000001837__gradient_L2_fos_gapseq	1121	1222	251	bio1	0.000000	0.856527	0.042299
MGYG000001837__gradient_L3_gos_gapseq	1121	1222	251	bio1	1.556502	0.928502	3.134251
MGYG000001837__gradient_L4_xos_gapseq	1121	1222	251	bio1	1.556502	0.866484	3.144115
MGYG000001837__gradient_L5_pectin_gapseq	1121	1222	251	bio1	1.556502	0.997821	3.139346
MGYG000001837__gradient_L6_resistant_starch_gapseq	1121	1222	251	bio1	2.262658	0.873931	3.226788
MGYG000001837__gradient_L7_bglucan_gapseq	1121	1222	251	bio1	2.510767	0.867095	3.132708
MGYG000001837__gradient_L8_hmo_gapseq	1121	1222	251	bio1	2.510767	0.936081	3.147928
MGYG000001837__gradient_L9_mos_gapseq	1121	1222	251	bio1	2.646485	0.841346	3.125040
MGYG000001846__gradient_L0_base_gapseq	894	959	171	bio1	0.000000	0.646408	0.030091
MGYG000001846__gradient_L1_inulin_gapseq	894	959	171	bio1	0.000000	0.650384	0.028612
MGYG000001846__gradient_L2_fos_gapseq	894	959	171	bio1	0.000000	0.736152	0.029139
MGYG000001846__gradient_L3_gos_gapseq	894	959	171	bio1	0.000000	0.646718	0.031354
MGYG000001846__gradient_L4_xos_gapseq	894	959	171	bio1	0.000000	0.639214	0.030046
MGYG000001846__gradient_L5_pectin_gapseq	894	959	171	bio1	0.000000	0.720840	0.031007
MGYG000001846__gradient_L6_resistant_starch_gapseq	894	959	171	bio1	0.000000	0.644929	0.031431
MGYG000001846__gradient_L7_bglucan_gapseq	894	959	171	bio1	0.000000	0.651022	0.030268
MGYG000001846__gradient_L8_hmo_gapseq	894	959	171	bio1	0.000000	0.749653	0.030508
MGYG000001846__gradient_L9_mos_gapseq	894	959	171	bio1	0.000000	0.655250	0.031308
MGYG000001853__gradient_L0_base_gapseq	610	578	68	bio1	0.000000	0.374483	0.014218
MGYG000001853__gradient_L1_inulin_gapseq	610	578	68	bio1	0.000000	0.377064	0.015411
MGYG000001853__gradient_L2_fos_gapseq	610	578	68	bio1	0.000000	0.376460	0.015416
MGYG000001853__gradient_L3_gos_gapseq	610	578	68	bio1	0.000000	0.468779	0.015490
MGYG000001853__gradient_L4_xos_gapseq	610	578	68	bio1	0.000000	0.376289	0.016371
MGYG000001853__gradient_L5_pectin_gapseq	610	578	68	bio1	0.000000	0.383770	0.015419
MGYG000001853__gradient_L6_resistant_starch_gapseq	610	578	68	bio1	0.000000	0.383744	0.015607
MGYG000001853__gradient_L7_bglucan_gapseq	610	578	68	bio1	0.000000	0.405363	0.015572
MGYG000001853__gradient_L8_hmo_gapseq	610	578	68	bio1	0.000000	0.387645	0.015629
MGYG000001853__gradient_L9_mos_gapseq	610	578	68	bio1	0.000000	0.480492	0.015474
MGYG000001858__gradient_L0_base_gapseq	1157	1237	348	bio1	0.080003	0.882690	3.160153
MGYG000001858__gradient_L1_inulin_gapseq	1157	1237	348	bio1	0.179645	0.873249	3.198557
MGYG000001858__gradient_L2_fos_gapseq	1157	1237	348	bio1	0.179645	0.917455	3.142268
MGYG000001858__gradient_L3_gos_gapseq	1157	1237	348	bio1	0.179645	0.986418	3.134873
MGYG000001858__gradient_L4_xos_gapseq	1157	1237	348	bio1	0.179645	0.871851	3.230007
MGYG000001858__gradient_L5_pectin_gapseq	1157	1237	348	bio1	0.179645	0.897597	3.126364
MGYG000001858__gradient_L6_resistant_starch_gapseq	1157	1237	348	bio1	0.247622	0.963952	3.147999
MGYG000001858__gradient_L7_bglucan_gapseq	1157	1237	348	bio1	0.247622	0.888115	3.144974
MGYG000001858__gradient_L8_hmo_gapseq	1157	1237	348	bio1	0.247622	0.953096	3.138175
MGYG000001858__gradient_L9_mos_gapseq	1157	1237	348	bio1	0.247622	0.911778	3.221047
MGYG000001860__gradient_L0_base_gapseq	1153	1225	253	bio1	0.000000	0.886548	0.037751
MGYG000001860__gradient_L1_inulin_gapseq	1153	1225	253	bio1	0.000000	0.876549	0.039687
MGYG000001860__gradient_L2_fos_gapseq	1153	1225	253	bio1	0.000000	0.994801	0.038794
MGYG000001860__gradient_L3_gos_gapseq	1153	1225	253	bio1	0.568313	0.852727	3.148311
MGYG000001860__gradient_L4_xos_gapseq	1153	1225	253	bio1	0.568313	1.014113	3.152540
MGYG000001860__gradient_L5_pectin_gapseq	1153	1225	253	bio1	0.633888	0.869168	3.231810
MGYG000001860__gradient_L6_resistant_starch_gapseq	1153	1225	253	bio1	1.343367	0.879950	3.169913
MGYG000001860__gradient_L7_bglucan_gapseq	1153	1225	253	bio1	1.343367	0.883820	3.220561
MGYG000001860__gradient_L8_hmo_gapseq	1153	1225	253	bio1	1.343367	0.879189	3.149554
MGYG000001860__gradient_L9_mos_gapseq	1153	1225	253	bio1	1.343367	0.969325	3.184211
MGYG000001871__gradient_L0_base_gapseq	1325	1486	342	bio1	0.000000	1.149452	0.056131
MGYG000001871__gradient_L1_inulin_gapseq	1325	1486	342	bio1	0.000000	1.081683	0.056707
MGYG000001871__gradient_L2_fos_gapseq	1325	1486	342	bio1	0.000000	1.128318	0.057446
MGYG000001871__gradient_L3_gos_gapseq	1325	1486	342	bio1	0.000000	1.051409	0.055156
MGYG000001871__gradient_L4_xos_gapseq	1325	1486	342	bio1	0.000000	1.162154	0.054478
MGYG000001871__gradient_L5_pectin_gapseq	1325	1486	342	bio1	0.000000	1.097223	0.055939
MGYG000001871__gradient_L6_resistant_starch_gapseq	1325	1486	342	bio1	0.000000	1.149192	0.055077
MGYG000001871__gradient_L7_bglucan_gapseq	1325	1486	342	bio1	0.000000	1.052597	0.053858
MGYG000001871__gradient_L8_hmo_gapseq	1325	1486	342	bio1	0.000000	1.144855	0.054484
MGYG000001871__gradient_L9_mos_gapseq	1325	1486	342	bio1	0.000000	1.075241	0.054538
MGYG000001874__gradient_L0_base_gapseq	1198	1275	218	bio1	0.000000	0.992451	0.041861
MGYG000001874__gradient_L1_inulin_gapseq	1198	1275	218	bio1	0.289547	0.884115	3.350181
MGYG000001874__gradient_L2_fos_gapseq	1198	1275	218	bio1	0.289547	1.036568	3.357698
MGYG000001874__gradient_L3_gos_gapseq	1198	1275	218	bio1	0.289547	0.913794	3.430142
MGYG000001874__gradient_L4_xos_gapseq	1198	1275	218	bio1	0.304699	0.891111	3.400319
MGYG000001874__gradient_L5_pectin_gapseq	1198	1275	218	bio1	0.304699	0.983446	3.349287
MGYG000001874__gradient_L6_resistant_starch_gapseq	1198	1275	218	bio1	0.624559	0.898167	3.374252
MGYG000001874__gradient_L7_bglucan_gapseq	1198	1275	218	bio1	0.624559	0.993670	3.347972
MGYG000001874__gradient_L8_hmo_gapseq	1198	1275	218	bio1	0.624559	0.909056	3.420960
MGYG000001874__gradient_L9_mos_gapseq	1198	1275	218	bio1	0.691897	0.886442	3.373066
MGYG000001878__gradient_L0_base_gapseq	1507	1707	450	bio1	0.812026	1.244721	5.853033
MGYG000001878__gradient_L1_inulin_gapseq	1507	1707	450	bio1	1.018476	1.288412	5.876768
MGYG000001878__gradient_L2_fos_gapseq	1507	1707	450	bio1	1.018476	1.302752	5.946377
MGYG000001878__gradient_L3_gos_gapseq	1507	1707	450	bio1	1.094174	1.314901	5.824235
MGYG000001878__gradient_L4_xos_gapseq	1507	1707	450	bio1	1.218044	1.310243	5.838173
MGYG000001878__gradient_L5_pectin_gapseq	1507	1707	450	bio1	1.250159	1.225965	5.919999
MGYG000001878__gradient_L6_resistant_starch_gapseq	1507	1707	450	bio1	1.509368	1.220439	5.916525
MGYG000001878__gradient_L7_bglucan_gapseq	1507	1707	450	bio1	1.509368	1.237891	5.849112
MGYG000001878__gradient_L8_hmo_gapseq	1507	1707	450	bio1	1.509368	1.309256	5.835904
MGYG000001878__gradient_L9_mos_gapseq	1507	1707	450	bio1	1.610299	1.304023	5.835379
MGYG000001883__gradient_L0_base_gapseq	746	740	108	bio1	0.000000	0.504166	0.017878
MGYG000001883__gradient_L1_inulin_gapseq	746	740	108	bio1	0.000000	0.561603	0.020550
MGYG000001883__gradient_L2_fos_gapseq	746	740	108	bio1	0.000000	0.648972	0.021429
MGYG000001883__gradient_L3_gos_gapseq	746	740	108	bio1	0.000000	0.535024	0.020650
MGYG000001883__gradient_L4_xos_gapseq	746	740	108	bio1	0.000000	0.528378	0.021181
MGYG000001883__gradient_L5_pectin_gapseq	746	740	108	bio1	0.000000	0.499200	0.020580
MGYG000001883__gradient_L6_resistant_starch_gapseq	746	740	108	bio1	0.000000	0.504783	0.097619
MGYG000001883__gradient_L7_bglucan_gapseq	746	740	108	bio1	0.000000	0.499141	0.020800
MGYG000001883__gradient_L8_hmo_gapseq	746	740	108	bio1	0.000000	0.501061	0.021613
MGYG000001883__gradient_L9_mos_gapseq	746	740	108	bio1	0.000000	0.510177	0.020708
MGYG000001887__gradient_L0_base_gapseq	1220	1365	309	bio1	0.000000	1.057629	0.046843
MGYG000001887__gradient_L1_inulin_gapseq	1220	1365	309	bio1	0.596550	0.984338	3.893381
MGYG000001887__gradient_L2_fos_gapseq	1220	1365	309	bio1	0.596550	1.067338	3.934437
MGYG000001887__gradient_L3_gos_gapseq	1220	1365	309	bio1	0.979442	0.980932	3.982539
MGYG000001887__gradient_L4_xos_gapseq	1220	1365	309	bio1	0.979442	0.986388	3.887855
MGYG000001887__gradient_L5_pectin_gapseq	1220	1365	309	bio1	0.979442	1.069559	3.906436
MGYG000001887__gradient_L6_resistant_starch_gapseq	1220	1365	309	bio1	1.674679	0.995084	3.958901
MGYG000001887__gradient_L7_bglucan_gapseq	1220	1365	309	bio1	1.918687	0.969825	3.875699
MGYG000001887__gradient_L8_hmo_gapseq	1220	1365	309	bio1	1.918687	1.037283	3.891803
MGYG000001887__gradient_L9_mos_gapseq	1220	1365	309	bio1	2.052162	0.990990	3.974254
MGYG000001890__gradient_L0_base_gapseq	1434	1636	443	bio1	0.327550	1.194800	5.235824
MGYG000001890__gradient_L1_inulin_gapseq	1434	1636	443	bio1	0.441484	1.260576	5.204398
MGYG000001890__gradient_L2_fos_gapseq	1434	1636	443	bio1	0.441484	1.284823	5.215836
MGYG000001890__gradient_L3_gos_gapseq	1434	1636	443	bio1	0.519813	1.263281	5.191779
MGYG000001890__gradient_L4_xos_gapseq	1434	1636	443	bio1	0.583901	1.241696	5.290140
MGYG000001890__gradient_L5_pectin_gapseq	1434	1636	443	bio1	0.583901	1.197121	5.260028
MGYG000001890__gradient_L6_resistant_starch_gapseq	1434	1636	443	bio1	1.103724	1.173406	5.200379
MGYG000001890__gradient_L7_bglucan_gapseq	1434	1636	443	bio1	1.103724	1.245781	5.201926
MGYG000001890__gradient_L8_hmo_gapseq	1434	1636	443	bio1	1.103724	1.275620	5.217972
MGYG000001890__gradient_L9_mos_gapseq	1434	1636	443	bio1	1.103724	1.273313	5.202721
MGYG000001894__gradient_L0_base_gapseq	958	987	143	bio1	0.117578	0.689788	2.155082
MGYG000001894__gradient_L1_inulin_gapseq	958	987	143	bio1	0.230463	0.716509	2.095800
MGYG000001894__gradient_L2_fos_gapseq	958	987	143	bio1	0.230463	0.716243	2.154527
MGYG000001894__gradient_L3_gos_gapseq	958	987	143	bio1	0.230463	0.720860	2.103112
MGYG000001894__gradient_L4_xos_gapseq	958	987	143	bio1	0.244573	0.689389	2.083542
MGYG000001894__gradient_L5_pectin_gapseq	958	987	143	bio1	0.244573	0.729240	2.082665
MGYG000001894__gradient_L6_resistant_starch_gapseq	958	987	143	bio1	0.533840	0.675144	2.096967
MGYG000001894__gradient_L7_bglucan_gapseq	958	987	143	bio1	0.533840	0.759851	2.089097
MGYG000001894__gradient_L8_hmo_gapseq	958	987	143	bio1	0.533840	0.678235	2.112866
MGYG000001894__gradient_L9_mos_gapseq	958	987	143	bio1	0.533840	0.792036	2.087178
MGYG000001896__gradient_L0_base_gapseq	1019	1125	245	bio1	0.000000	0.796291	0.034117
MGYG000001896__gradient_L1_inulin_gapseq	1019	1125	245	bio1	0.000000	0.787159	0.034800
MGYG000001896__gradient_L2_fos_gapseq	1019	1125	245	bio1	0.000000	0.850964	0.035216
MGYG000001896__gradient_L3_gos_gapseq	1019	1125	245	bio1	0.000000	0.796621	0.035832
MGYG000001896__gradient_L4_xos_gapseq	1019	1125	245	bio1	0.000000	0.840504	0.036031
MGYG000001896__gradient_L5_pectin_gapseq	1019	1125	245	bio1	0.000000	0.908888	0.035727
MGYG000001896__gradient_L6_resistant_starch_gapseq	1019	1125	245	bio1	0.000000	0.830634	0.035620
MGYG000001896__gradient_L7_bglucan_gapseq	1019	1125	245	bio1	0.000000	0.865934	0.035738
MGYG000001896__gradient_L8_hmo_gapseq	1019	1125	245	bio1	0.000000	0.787267	0.035694
MGYG000001896__gradient_L9_mos_gapseq	1019	1125	245	bio1	0.000000	0.786745	0.035352
MGYG000001898__gradient_L0_base_gapseq	1366	1547	421	bio1	0.000000	1.212631	0.058357
MGYG000001898__gradient_L1_inulin_gapseq	1366	1547	421	bio1	0.000000	1.129552	0.058066
MGYG000001898__gradient_L2_fos_gapseq	1366	1547	421	bio1	0.000000	1.195972	0.058054
MGYG000001898__gradient_L3_gos_gapseq	1366	1547	421	bio1	0.000000	1.132738	0.059887
MGYG000001898__gradient_L4_xos_gapseq	1366	1547	421	bio1	0.000000	1.240094	0.060391
MGYG000001898__gradient_L5_pectin_gapseq	1366	1547	421	bio1	0.000000	1.131723	0.060465
MGYG000001898__gradient_L6_resistant_starch_gapseq	1366	1547	421	bio1	2.119138	1.310732	5.019852
MGYG000001898__gradient_L7_bglucan_gapseq	1366	1547	421	bio1	2.119138	1.263754	4.937321
MGYG000001898__gradient_L8_hmo_gapseq	1366	1547	421	bio1	2.119138	1.085313	5.040803
MGYG000001898__gradient_L9_mos_gapseq	1366	1547	421	bio1	2.280635	1.120940	4.996866
MGYG000001917__gradient_L0_base_gapseq	660	631	81	bio1	0.000000	0.422741	0.016359
MGYG000001917__gradient_L1_inulin_gapseq	660	631	81	bio1	0.000000	0.427821	0.016664
MGYG000001917__gradient_L2_fos_gapseq	660	631	81	bio1	0.000000	0.423413	0.016715
MGYG000001917__gradient_L3_gos_gapseq	660	631	81	bio1	0.000000	0.423803	0.017331
MGYG000001917__gradient_L4_xos_gapseq	660	631	81	bio1	0.000000	0.493860	0.016974
MGYG000001917__gradient_L5_pectin_gapseq	660	631	81	bio1	0.000000	0.419662	0.016762
MGYG000001917__gradient_L6_resistant_starch_gapseq	660	631	81	bio1	0.000000	0.426894	0.017136
MGYG000001917__gradient_L7_bglucan_gapseq	660	631	81	bio1	0.000000	0.425662	0.016898
MGYG000001917__gradient_L8_hmo_gapseq	660	631	81	bio1	0.000000	0.426957	0.016876
MGYG000001917__gradient_L9_mos_gapseq	660	631	81	bio1	0.000000	0.497865	0.016949
MGYG000001925__gradient_L0_base_gapseq	1377	1628	444	bio1	0.000000	1.130289	0.062148
MGYG000001925__gradient_L1_inulin_gapseq	1377	1628	444	bio1	0.000000	1.275206	0.061281
MGYG000001925__gradient_L2_fos_gapseq	1377	1628	444	bio1	0.000000	1.200278	0.060388
MGYG000001925__gradient_L3_gos_gapseq	1377	1628	444	bio1	0.685619	1.343614	5.189202
MGYG000001925__gradient_L4_xos_gapseq	1377	1628	444	bio1	0.750573	1.273403	5.165991
MGYG000001925__gradient_L5_pectin_gapseq	1377	1628	444	bio1	0.750573	1.121227	5.282712
MGYG000001925__gradient_L6_resistant_starch_gapseq	1377	1628	444	bio1	1.234122	1.185969	5.248838
MGYG000001925__gradient_L7_bglucan_gapseq	1377	1628	444	bio1	1.400116	1.128461	5.203636
MGYG000001925__gradient_L8_hmo_gapseq	1377	1628	444	bio1	1.400116	1.216203	5.209622
MGYG000001925__gradient_L9_mos_gapseq	1377	1628	444	bio1	1.505968	1.245868	5.209017
MGYG000001926__gradient_L0_base_gapseq	637	616	88	bio1	0.000000	0.408524	0.015621
MGYG000001926__gradient_L1_inulin_gapseq	637	616	88	bio1	0.000000	0.501700	0.015849
MGYG000001926__gradient_L2_fos_gapseq	637	616	88	bio1	0.000000	0.407916	0.015935
MGYG000001926__gradient_L3_gos_gapseq	637	616	88	bio1	0.000000	0.407697	0.015933
MGYG000001926__gradient_L4_xos_gapseq	637	616	88	bio1	0.000000	0.409130	0.015935
MGYG000001926__gradient_L5_pectin_gapseq	637	616	88	bio1	0.000000	0.430665	0.015873
MGYG000001926__gradient_L6_resistant_starch_gapseq	637	616	88	bio1	0.000000	0.426804	0.015851
MGYG000001926__gradient_L7_bglucan_gapseq	637	616	88	bio1	0.000000	0.495393	0.015922
MGYG000001926__gradient_L8_hmo_gapseq	637	616	88	bio1	0.000000	0.408655	0.015925
MGYG000001926__gradient_L9_mos_gapseq	637	616	88	bio1	0.000000	0.408852	0.016219
MGYG000001929__gradient_L0_base_gapseq	1265	1407	317	bio1	0.140354	1.092278	4.052524
MGYG000001929__gradient_L1_inulin_gapseq	1265	1407	317	bio1	0.140354	1.030253	3.986120
MGYG000001929__gradient_L2_fos_gapseq	1265	1407	317	bio1	0.140354	1.107633	3.954625
MGYG000001929__gradient_L3_gos_gapseq	1265	1407	317	bio1	0.200033	1.100403	3.959475
MGYG000001929__gradient_L4_xos_gapseq	1265	1407	317	bio1	0.200033	1.036987	3.962047
MGYG000001929__gradient_L5_pectin_gapseq	1265	1407	317	bio1	0.200033	1.056469	3.959206
MGYG000001929__gradient_L6_resistant_starch_gapseq	1265	1407	317	bio1	0.267517	1.092373	3.976140
MGYG000001929__gradient_L7_bglucan_gapseq	1265	1407	317	bio1	0.375975	1.025315	4.069520
MGYG000001929__gradient_L8_hmo_gapseq	1265	1407	317	bio1	0.375975	1.031936	3.966698
MGYG000001929__gradient_L9_mos_gapseq	1265	1407	317	bio1	0.443459	1.080529	3.961354
MGYG000001930__gradient_L0_base_gapseq	889	995	172	bio1	0.000000	0.726015	0.027660
MGYG000001930__gradient_L1_inulin_gapseq	889	995	172	bio1	0.291068	0.765317	2.074010
MGYG000001930__gradient_L2_fos_gapseq	889	995	172	bio1	0.291068	0.665262	2.073930
MGYG000001930__gradient_L3_gos_gapseq	889	995	172	bio1	0.591242	0.675967	2.246831
MGYG000001930__gradient_L4_xos_gapseq	889	995	172	bio1	0.591242	0.670455	2.080242
MGYG000001930__gradient_L5_pectin_gapseq	889	995	172	bio1	0.591242	0.681022	2.156396
MGYG000001930__gradient_L6_resistant_starch_gapseq	889	995	172	bio1	0.994383	0.712274	2.083727
MGYG000001930__gradient_L7_bglucan_gapseq	889	995	172	bio1	0.994383	0.675073	2.077114
MGYG000001930__gradient_L8_hmo_gapseq	889	995	172	bio1	0.994383	0.850297	2.084932
MGYG000001930__gradient_L9_mos_gapseq	889	995	172	bio1	0.994383	0.676214	2.096665
MGYG000001934__gradient_L0_base_gapseq	980	1064	243	bio1	0.000000	0.767613	0.034331
MGYG000001934__gradient_L1_inulin_gapseq	980	1064	243	bio1	0.000000	0.716088	0.034665
MGYG000001934__gradient_L2_fos_gapseq	980	1064	243	bio1	0.000000	0.867515	0.034063
MGYG000001934__gradient_L3_gos_gapseq	980	1064	243	bio1	1.068353	0.741208	2.377411
MGYG000001934__gradient_L4_xos_gapseq	980	1064	243	bio1	1.214317	0.729388	2.488150
MGYG000001934__gradient_L5_pectin_gapseq	980	1064	243	bio1	1.214317	0.761586	2.373629
MGYG000001934__gradient_L6_resistant_starch_gapseq	980	1064	243	bio1	1.843968	0.749682	2.467680
MGYG000001934__gradient_L7_bglucan_gapseq	980	1064	243	bio1	1.843968	0.772498	2.366221
MGYG000001934__gradient_L8_hmo_gapseq	980	1064	243	bio1	1.843968	0.729761	2.383452
MGYG000001934__gradient_L9_mos_gapseq	980	1064	243	bio1	1.951909	0.785893	2.369262
MGYG000001936__gradient_L0_base_gapseq	961	1064	235	bio1	0.000000	0.825245	0.031885
MGYG000001936__gradient_L1_inulin_gapseq	961	1064	235	bio1	0.000000	0.817348	0.035191
MGYG000001936__gradient_L2_fos_gapseq	961	1064	235	bio1	0.000000	0.824732	0.033349
MGYG000001936__gradient_L3_gos_gapseq	961	1064	235	bio1	0.000000	0.803298	0.034123
MGYG000001936__gradient_L4_xos_gapseq	961	1064	235	bio1	0.000000	0.753208	0.033517
MGYG000001936__gradient_L5_pectin_gapseq	961	1064	235	bio1	0.000000	0.762010	0.033276
MGYG000001936__gradient_L6_resistant_starch_gapseq	961	1064	235	bio1	0.000000	0.873985	0.035199
MGYG000001936__gradient_L7_bglucan_gapseq	961	1064	235	bio1	0.000000	0.758674	0.033935
MGYG000001936__gradient_L8_hmo_gapseq	961	1064	235	bio1	0.000000	0.801972	0.034963
MGYG000001936__gradient_L9_mos_gapseq	961	1064	235	bio1	0.000000	0.890294	0.035180
MGYG000001937__gradient_L0_base_gapseq	1322	1477	309	bio1	0.066420	1.071832	4.583220
MGYG000001937__gradient_L1_inulin_gapseq	1322	1477	309	bio1	0.167825	1.105186	4.472186
MGYG000001937__gradient_L2_fos_gapseq	1322	1477	309	bio1	0.167825	1.138325	4.474470
MGYG000001937__gradient_L3_gos_gapseq	1322	1477	309	bio1	0.240701	1.046196	4.563113
MGYG000001937__gradient_L4_xos_gapseq	1322	1477	309	bio1	0.240701	1.066746	4.545897
MGYG000001937__gradient_L5_pectin_gapseq	1322	1477	309	bio1	0.268677	1.095657	4.497495
MGYG000001937__gradient_L6_resistant_starch_gapseq	1322	1477	309	bio1	0.486218	1.136653	4.453634
MGYG000001937__gradient_L7_bglucan_gapseq	1322	1477	309	bio1	0.486218	1.041976	4.574247
MGYG000001937__gradient_L8_hmo_gapseq	1322	1477	309	bio1	0.486218	1.064004	4.458540
MGYG000001937__gradient_L9_mos_gapseq	1322	1477	309	bio1	0.568233	1.120430	4.483359
MGYG000001941__gradient_L0_base_gapseq	551	519	66	bio1	0.000000	0.329484	0.010897
MGYG000001941__gradient_L1_inulin_gapseq	551	519	66	bio1	0.000000	0.331750	0.013688
MGYG000001941__gradient_L2_fos_gapseq	551	519	66	bio1	0.000000	0.332666	0.013573
MGYG000001941__gradient_L3_gos_gapseq	551	519	66	bio1	0.000000	0.411686	0.013988
MGYG000001941__gradient_L4_xos_gapseq	551	519	66	bio1	0.000000	0.349914	0.014015
MGYG000001941__gradient_L5_pectin_gapseq	551	519	66	bio1	0.000000	0.333479	0.013730
MGYG000001941__gradient_L6_resistant_starch_gapseq	551	519	66	bio1	0.000000	0.331740	0.013759
MGYG000001941__gradient_L7_bglucan_gapseq	551	519	66	bio1	0.000000	0.333558	0.013895
MGYG000001941__gradient_L8_hmo_gapseq	551	519	66	bio1	0.000000	0.327118	0.013739
MGYG000001941__gradient_L9_mos_gapseq	551	519	66	bio1	0.000000	0.326231	0.013646
MGYG000001947__gradient_L0_base_gapseq	959	1026	245	bio1	0.000000	0.709791	0.031648
MGYG000001947__gradient_L1_inulin_gapseq	959	1026	245	bio1	0.118899	0.803521	2.184832
MGYG000001947__gradient_L2_fos_gapseq	959	1026	245	bio1	0.118899	0.700820	2.184528
MGYG000001947__gradient_L3_gos_gapseq	959	1026	245	bio1	0.118899	0.785842	2.182910
MGYG000001947__gradient_L4_xos_gapseq	959	1026	245	bio1	0.118899	0.696162	2.184434
MGYG000001947__gradient_L5_pectin_gapseq	959	1026	245	bio1	0.129019	0.842236	2.180504
MGYG000001947__gradient_L6_resistant_starch_gapseq	959	1026	245	bio1	0.136609	0.720088	2.185192
MGYG000001947__gradient_L7_bglucan_gapseq	959	1026	245	bio1	0.144199	0.794977	2.174638
MGYG000001947__gradient_L8_hmo_gapseq	959	1026	245	bio1	0.144199	0.718362	2.170284
MGYG000001947__gradient_L9_mos_gapseq	959	1026	245	bio1	0.144199	0.792611	2.158337
MGYG000001956__gradient_L0_base_gapseq	1268	1384	290	bio1	0.367271	1.077514	4.037288
MGYG000001956__gradient_L1_inulin_gapseq	1268	1384	290	bio1	0.556560	1.135000	3.994600
MGYG000001956__gradient_L2_fos_gapseq	1268	1384	290	bio1	0.556560	1.043737	4.157722
MGYG000001956__gradient_L3_gos_gapseq	1268	1384	290	bio1	0.556560	1.013687	4.017524
MGYG000001956__gradient_L4_xos_gapseq	1268	1384	290	bio1	0.556560	1.091823	4.006983
MGYG000001956__gradient_L5_pectin_gapseq	1268	1384	290	bio1	0.556560	1.046028	4.086938
MGYG000001956__gradient_L6_resistant_starch_gapseq	1268	1384	290	bio1	1.240871	0.979176	4.030183
MGYG000001956__gradient_L7_bglucan_gapseq	1268	1384	290	bio1	1.473910	1.094200	4.032833
MGYG000001956__gradient_L8_hmo_gapseq	1268	1384	290	bio1	1.473910	1.034116	4.117118
MGYG000001956__gradient_L9_mos_gapseq	1268	1384	290	bio1	1.601384	1.017414	4.035412
MGYG000001959__gradient_L0_base_gapseq	656	621	87	bio1	0.000000	0.437375	0.014607
MGYG000001959__gradient_L1_inulin_gapseq	656	621	87	bio1	0.000000	0.439938	0.015822
MGYG000001959__gradient_L2_fos_gapseq	656	621	87	bio1	0.000000	0.437360	0.106348
MGYG000001959__gradient_L3_gos_gapseq	656	621	87	bio1	0.000000	0.420588	0.015999
MGYG000001959__gradient_L4_xos_gapseq	656	621	87	bio1	0.000000	0.418707	0.015836
MGYG000001959__gradient_L5_pectin_gapseq	656	621	87	bio1	0.000000	0.416967	0.016590
MGYG000001959__gradient_L6_resistant_starch_gapseq	656	621	87	bio1	0.000000	0.418965	0.016626
MGYG000001959__gradient_L7_bglucan_gapseq	656	621	87	bio1	0.000000	0.420935	0.015807
MGYG000001959__gradient_L8_hmo_gapseq	656	621	87	bio1	0.000000	0.505183	0.016036
MGYG000001959__gradient_L9_mos_gapseq	656	621	87	bio1	0.000000	0.413308	0.015842
MGYG000001966__gradient_L0_base_gapseq	640	596	63	bio1	0.000000	0.416371	0.014803
MGYG000001966__gradient_L1_inulin_gapseq	640	596	63	bio1	0.000000	0.393595	0.016276
MGYG000001966__gradient_L2_fos_gapseq	640	596	63	bio1	0.000000	0.404160	0.015651
MGYG000001966__gradient_L3_gos_gapseq	640	596	63	bio1	0.000000	0.396259	0.015592
MGYG000001966__gradient_L4_xos_gapseq	640	596	63	bio1	0.000000	0.485806	0.015735
MGYG000001966__gradient_L5_pectin_gapseq	640	596	63	bio1	0.000000	0.405618	0.015772
MGYG000001966__gradient_L6_resistant_starch_gapseq	640	596	63	bio1	0.000000	0.403294	0.015904
MGYG000001966__gradient_L7_bglucan_gapseq	640	596	63	bio1	0.000000	0.405456	0.015785
MGYG000001966__gradient_L8_hmo_gapseq	640	596	63	bio1	0.000000	0.402519	0.015851
MGYG000001966__gradient_L9_mos_gapseq	640	596	63	bio1	0.000000	0.511592	0.015652
MGYG000001971__gradient_L0_base_gapseq	1520	1753	511	bio1	0.779134	1.310549	5.864649
MGYG000001971__gradient_L1_inulin_gapseq	1520	1753	511	bio1	1.005581	1.389413	5.842700
MGYG000001971__gradient_L2_fos_gapseq	1520	1753	511	bio1	1.005581	1.352637	5.863716
MGYG000001971__gradient_L3_gos_gapseq	1520	1753	511	bio1	1.221065	1.384412	5.867952
MGYG000001971__gradient_L4_xos_gapseq	1520	1753	511	bio1	1.234967	1.366820	5.876537
MGYG000001971__gradient_L5_pectin_gapseq	1520	1753	511	bio1	1.234967	1.356653	5.920099
MGYG000001971__gradient_L6_resistant_starch_gapseq	1520	1753	511	bio1	1.737762	1.360944	5.877093
MGYG000001971__gradient_L7_bglucan_gapseq	1520	1753	511	bio1	1.737762	1.274976	5.978281
MGYG000001971__gradient_L8_hmo_gapseq	1520	1753	511	bio1	1.737762	1.273506	5.959383
MGYG000001971__gradient_L9_mos_gapseq	1520	1753	511	bio1	1.848980	1.265741	5.972100
MGYG000001972__gradient_L0_base_gapseq	1288	1540	391	bio1	0.443771	1.128799	4.762656
MGYG000001972__gradient_L1_inulin_gapseq	1288	1540	391	bio1	0.566589	1.154407	4.770160
MGYG000001972__gradient_L2_fos_gapseq	1288	1540	391	bio1	0.566589	1.208140	4.751288
MGYG000001972__gradient_L3_gos_gapseq	1288	1540	391	bio1	0.566589	1.060166	4.830252
MGYG000001972__gradient_L4_xos_gapseq	1288	1540	391	bio1	0.669685	1.148167	4.849709
MGYG000001972__gradient_L5_pectin_gapseq	1288	1540	391	bio1	0.669685	1.097894	4.723546
MGYG000001972__gradient_L6_resistant_starch_gapseq	1288	1540	391	bio1	0.971739	1.142398	4.742108
MGYG000001972__gradient_L7_bglucan_gapseq	1288	1540	391	bio1	1.115860	1.145784	4.766414
MGYG000001972__gradient_L8_hmo_gapseq	1288	1540	391	bio1	1.115860	1.112327	4.864197
MGYG000001972__gradient_L9_mos_gapseq	1288	1540	391	bio1	1.207218	1.086111	4.785160
MGYG000001973__gradient_L0_base_gapseq	1038	1108	192	bio1	0.418632	0.757048	2.582567
MGYG000001973__gradient_L1_inulin_gapseq	1038	1108	192	bio1	0.703666	0.768341	2.513561
MGYG000001973__gradient_L2_fos_gapseq	1038	1108	192	bio1	0.703666	0.796518	2.577529
MGYG000001973__gradient_L3_gos_gapseq	1038	1108	192	bio1	0.990926	0.774101	2.517974
MGYG000001973__gradient_L4_xos_gapseq	1038	1108	192	bio1	0.990926	0.772636	2.571537
MGYG000001973__gradient_L5_pectin_gapseq	1038	1108	192	bio1	0.990926	0.798796	2.524912
MGYG000001973__gradient_L6_resistant_starch_gapseq	1038	1108	192	bio1	1.547360	0.770182	2.591431
MGYG000001973__gradient_L7_bglucan_gapseq	1038	1108	192	bio1	1.745576	0.767241	2.510074
MGYG000001973__gradient_L8_hmo_gapseq	1038	1108	192	bio1	1.745576	0.764533	2.583787
MGYG000001973__gradient_L9_mos_gapseq	1038	1108	192	bio1	1.847882	0.751559	2.525481
MGYG000001985__gradient_L0_base_gapseq	1020	1038	163	bio1	0.375847	0.807162	2.357171
MGYG000001985__gradient_L1_inulin_gapseq	1020	1038	163	bio1	0.491496	0.720526	2.320879
MGYG000001985__gradient_L2_fos_gapseq	1020	1038	163	bio1	0.491496	0.729988	2.391097
MGYG000001985__gradient_L3_gos_gapseq	1020	1038	163	bio1	0.491496	0.745871	2.314224
MGYG000001985__gradient_L4_xos_gapseq	1020	1038	163	bio1	0.505952	0.733640	2.404242
MGYG000001985__gradient_L5_pectin_gapseq	1020	1038	163	bio1	0.505952	0.744529	2.323708
MGYG000001985__gradient_L6_resistant_starch_gapseq	1020	1038	163	bio1	0.802301	0.735638	2.364660
MGYG000001985__gradient_L7_bglucan_gapseq	1020	1038	163	bio1	0.802301	0.728835	2.314285
MGYG000001985__gradient_L8_hmo_gapseq	1020	1038	163	bio1	0.802301	0.703159	2.323476
MGYG000001985__gradient_L9_mos_gapseq	1020	1038	163	bio1	0.802301	0.809250	2.317116
MGYG000001987__gradient_L0_base_gapseq	1249	1369	318	bio1	0.000000	1.065248	0.052012
MGYG000001987__gradient_L1_inulin_gapseq	1249	1369	318	bio1	0.000000	0.960779	0.052615
MGYG000001987__gradient_L2_fos_gapseq	1249	1369	318	bio1	0.000000	0.985526	0.055241
MGYG000001987__gradient_L3_gos_gapseq	1249	1369	318	bio1	0.000000	1.063087	0.052718
MGYG000001987__gradient_L4_xos_gapseq	1249	1369	318	bio1	0.586418	1.023392	3.889214
MGYG000001987__gradient_L5_pectin_gapseq	1249	1369	318	bio1	0.586418	0.975174	3.805530
MGYG000001987__gradient_L6_resistant_starch_gapseq	1249	1369	318	bio1	1.062800	1.061220	3.792685
MGYG000001987__gradient_L7_bglucan_gapseq	1249	1369	318	bio1	1.218169	0.970641	3.870264
MGYG000001987__gradient_L8_hmo_gapseq	1249	1369	318	bio1	1.218169	0.977608	3.816353
MGYG000001987__gradient_L9_mos_gapseq	1249	1369	318	bio1	1.290224	1.066974	3.792539
MGYG000001988__gradient_L0_base_gapseq	1281	1561	529	bio1	0.000000	1.145566	0.133316
MGYG000001988__gradient_L1_inulin_gapseq	1281	1561	529	bio1	0.000000	1.174279	0.066573
MGYG000001988__gradient_L2_fos_gapseq	1281	1561	529	bio1	0.000000	1.232413	0.066701
MGYG000001988__gradient_L3_gos_gapseq	1281	1561	529	bio1	0.000000	1.092970	0.069966
MGYG000001988__gradient_L4_xos_gapseq	1281	1561	529	bio1	1.361109	1.253004	4.958516
MGYG000001988__gradient_L5_pectin_gapseq	1281	1561	529	bio1	1.361109	1.148823	5.060182
MGYG000001988__gradient_L6_resistant_starch_gapseq	1281	1561	529	bio1	2.002810	1.139913	5.084264
MGYG000001988__gradient_L7_bglucan_gapseq	1281	1561	529	bio1	2.209310	1.129574	4.971382
MGYG000001988__gradient_L8_hmo_gapseq	1281	1561	529	bio1	2.209310	1.190755	4.974740
MGYG000001988__gradient_L9_mos_gapseq	1281	1561	529	bio1	2.209310	1.203863	4.957998
MGYG000001993__gradient_L0_base_gapseq	1168	1313	313	bio1	0.756275	1.026410	3.551677
MGYG000001993__gradient_L1_inulin_gapseq	1168	1313	313	bio1	1.048512	0.936936	3.626749
MGYG000001993__gradient_L2_fos_gapseq	1168	1313	313	bio1	1.048512	0.937846	3.538789
MGYG000001993__gradient_L3_gos_gapseq	1168	1313	313	bio1	1.341123	0.979282	3.526391
MGYG000001993__gradient_L4_xos_gapseq	1168	1313	313	bio1	1.341123	0.907564	3.618528
MGYG000001993__gradient_L5_pectin_gapseq	1168	1313	313	bio1	1.341123	0.938154	3.532071
MGYG000001993__gradient_L6_resistant_starch_gapseq	1168	1313	313	bio1	1.955162	1.005949	3.518180
MGYG000001993__gradient_L7_bglucan_gapseq	1168	1313	313	bio1	1.955162	0.913781	3.607035
MGYG000001993__gradient_L8_hmo_gapseq	1168	1313	313	bio1	1.955162	0.940071	3.538281
MGYG000001993__gradient_L9_mos_gapseq	1168	1313	313	bio1	2.097034	0.993058	3.561628
MGYG000001995__gradient_L0_base_gapseq	1531	1808	523	bio1	0.000000	1.316904	0.074544
MGYG000001995__gradient_L1_inulin_gapseq	1531	1808	523	bio1	0.000000	1.371368	0.077151
MGYG000001995__gradient_L2_fos_gapseq	1531	1808	523	bio1	0.000000	1.288551	0.077852
MGYG000001995__gradient_L3_gos_gapseq	1531	1808	523	bio1	1.974386	1.368864	6.268460
MGYG000001995__gradient_L4_xos_gapseq	1531	1808	523	bio1	2.072800	1.394740	6.287012
MGYG000001995__gradient_L5_pectin_gapseq	1531	1808	523	bio1	2.126253	1.365528	6.275513
MGYG000001995__gradient_L6_resistant_starch_gapseq	1531	1808	523	bio1	2.276100	1.410875	6.262130
MGYG000001995__gradient_L7_bglucan_gapseq	1531	1808	523	bio1	2.276100	1.358950	6.311403
MGYG000001995__gradient_L8_hmo_gapseq	1531	1808	523	bio1	2.276100	1.372020	6.388477
MGYG000001995__gradient_L9_mos_gapseq	1531	1808	523	bio1	2.276100	1.293702	6.424558
MGYG000001998__gradient_L0_base_gapseq	1209	1335	317	bio1	0.000000	0.947893	0.042503
MGYG000001998__gradient_L1_inulin_gapseq	1209	1335	317	bio1	0.000000	1.016611	0.043664
MGYG000001998__gradient_L2_fos_gapseq	1209	1335	317	bio1	0.000000	0.949550	0.043237
MGYG000001998__gradient_L3_gos_gapseq	1209	1335	317	bio1	0.468971	1.011584	3.661684
MGYG000001998__gradient_L4_xos_gapseq	1209	1335	317	bio1	0.468971	0.956927	3.768681
MGYG000001998__gradient_L5_pectin_gapseq	1209	1335	317	bio1	0.468971	0.977895	3.674473
MGYG000001998__gradient_L6_resistant_starch_gapseq	1209	1335	317	bio1	0.870627	1.045724	3.673396
MGYG000001998__gradient_L7_bglucan_gapseq	1209	1335	317	bio1	0.870627	1.022326	3.761634
MGYG000001998__gradient_L8_hmo_gapseq	1209	1335	317	bio1	0.870627	0.979059	3.704086
MGYG000001998__gradient_L9_mos_gapseq	1209	1335	317	bio1	0.936879	1.020239	3.677509
MGYG000002009__gradient_L0_base_gapseq	1036	1157	206	bio1	0.000000	0.810810	0.035215
MGYG000002009__gradient_L1_inulin_gapseq	1036	1157	206	bio1	0.000000	0.937852	0.036300
MGYG000002009__gradient_L2_fos_gapseq	1036	1157	206	bio1	0.000000	0.815519	0.036381
MGYG000002009__gradient_L3_gos_gapseq	1036	1157	206	bio1	0.000000	0.817204	0.122408
MGYG000002009__gradient_L4_xos_gapseq	1036	1157	206	bio1	0.718737	0.811981	2.867561
MGYG000002009__gradient_L5_pectin_gapseq	1036	1157	206	bio1	0.718737	0.819026	3.051247
MGYG000002009__gradient_L6_resistant_starch_gapseq	1036	1157	206	bio1	0.994383	0.808112	2.863193
MGYG000002009__gradient_L7_bglucan_gapseq	1036	1157	206	bio1	0.994383	0.871646	2.863362
MGYG000002009__gradient_L8_hmo_gapseq	1036	1157	206	bio1	0.994383	0.810141	2.853396
MGYG000002009__gradient_L9_mos_gapseq	1036	1157	206	bio1	0.994383	0.863153	2.864887
MGYG000002025__gradient_L0_base_gapseq	1265	1472	403	bio1	0.000000	1.035550	0.054450
MGYG000002025__gradient_L1_inulin_gapseq	1265	1472	403	bio1	0.000000	1.149508	0.055303
MGYG000002025__gradient_L2_fos_gapseq	1265	1472	403	bio1	0.000000	1.062446	0.055524
MGYG000002025__gradient_L3_gos_gapseq	1265	1472	403	bio1	0.757198	1.170123	4.306523
MGYG000002025__gradient_L4_xos_gapseq	1265	1472	403	bio1	0.757198	1.150377	4.287424
MGYG000002025__gradient_L5_pectin_gapseq	1265	1472	403	bio1	0.757198	1.053703	4.397864
MGYG000002025__gradient_L6_resistant_starch_gapseq	1265	1472	403	bio1	1.083570	1.067206	4.286278
MGYG000002025__gradient_L7_bglucan_gapseq	1265	1472	403	bio1	1.083570	1.136736	4.300889
MGYG000002025__gradient_L8_hmo_gapseq	1265	1472	403	bio1	1.166361	1.148600	4.330767
MGYG000002025__gradient_L9_mos_gapseq	1265	1472	403	bio1	1.166361	1.062375	4.410718
MGYG000002027__gradient_L0_base_gapseq	990	1074	219	bio1	0.000000	0.745992	0.038645
MGYG000002027__gradient_L1_inulin_gapseq	990	1074	219	bio1	0.566738	0.744689	2.525759
MGYG000002027__gradient_L2_fos_gapseq	990	1074	219	bio1	0.566738	0.784868	2.435264
MGYG000002027__gradient_L3_gos_gapseq	990	1074	219	bio1	0.929193	0.813756	2.508622
MGYG000002027__gradient_L4_xos_gapseq	990	1074	219	bio1	0.929193	0.744065	2.437788
MGYG000002027__gradient_L5_pectin_gapseq	990	1074	219	bio1	0.929193	0.717176	2.484462
MGYG000002027__gradient_L6_resistant_starch_gapseq	990	1074	219	bio1	1.619126	0.748074	2.437406
MGYG000002027__gradient_L7_bglucan_gapseq	990	1074	219	bio1	1.859531	0.773960	2.487414
MGYG000002027__gradient_L8_hmo_gapseq	990	1074	219	bio1	1.859531	0.821072	2.421630
MGYG000002027__gradient_L9_mos_gapseq	990	1074	219	bio1	1.991035	0.729842	2.498832
MGYG000002031__gradient_L0_base_gapseq	990	1107	251	bio1	0.000000	0.758901	0.037962
MGYG000002031__gradient_L1_inulin_gapseq	990	1107	251	bio1	0.000000	0.754674	0.037072
MGYG000002031__gradient_L2_fos_gapseq	990	1107	251	bio1	0.000000	0.859029	0.036877
MGYG000002031__gradient_L3_gos_gapseq	990	1107	251	bio1	0.476490	0.780503	2.532947
MGYG000002031__gradient_L4_xos_gapseq	990	1107	251	bio1	0.556466	0.875471	2.554253
MGYG000002031__gradient_L5_pectin_gapseq	990	1107	251	bio1	0.623781	0.778540	2.535688
MGYG000002031__gradient_L6_resistant_starch_gapseq	990	1107	251	bio1	0.994383	0.871175	2.534098
MGYG000002031__gradient_L7_bglucan_gapseq	990	1107	251	bio1	0.994383	0.785201	2.539333
MGYG000002031__gradient_L8_hmo_gapseq	990	1107	251	bio1	0.994383	0.887408	2.538038
MGYG000002031__gradient_L9_mos_gapseq	990	1107	251	bio1	0.994383	0.787801	2.540695
MGYG000002032__gradient_L0_base_gapseq	1180	1334	331	bio1	0.787425	0.934863	3.793312
MGYG000002032__gradient_L1_inulin_gapseq	1180	1334	331	bio1	1.080656	0.936038	3.718212
MGYG000002032__gradient_L2_fos_gapseq	1180	1334	331	bio1	1.080656	1.049478	3.722227
MGYG000002032__gradient_L3_gos_gapseq	1180	1334	331	bio1	1.375383	0.990602	3.789199
MGYG000002032__gradient_L4_xos_gapseq	1180	1334	331	bio1	1.451153	0.933369	3.711293
MGYG000002032__gradient_L5_pectin_gapseq	1180	1334	331	bio1	1.451153	1.025998	3.715540
MGYG000002032__gradient_L6_resistant_starch_gapseq	1180	1334	331	bio1	2.070525	0.953137	3.806519
MGYG000002032__gradient_L7_bglucan_gapseq	1180	1334	331	bio1	2.278473	0.960208	3.694345
MGYG000002032__gradient_L8_hmo_gapseq	1180	1334	331	bio1	2.278473	1.020922	3.763974
MGYG000002032__gradient_L9_mos_gapseq	1180	1334	331	bio1	2.421577	0.973065	3.792334
MGYG000002040__gradient_L0_base_gapseq	1304	1460	356	bio1	0.416661	1.063945	4.304827
MGYG000002040__gradient_L1_inulin_gapseq	1304	1460	356	bio1	0.554026	1.099193	4.284889
MGYG000002040__gradient_L2_fos_gapseq	1304	1460	356	bio1	0.554026	1.058690	4.371554
MGYG000002040__gradient_L3_gos_gapseq	1304	1460	356	bio1	0.787894	1.057916	4.302449
MGYG000002040__gradient_L4_xos_gapseq	1304	1460	356	bio1	0.787894	1.178772	4.333230
MGYG000002040__gradient_L5_pectin_gapseq	1304	1460	356	bio1	0.787894	1.130951	4.333110
MGYG000002040__gradient_L6_resistant_starch_gapseq	1304	1460	356	bio1	0.910525	1.037232	4.382334
MGYG000002040__gradient_L7_bglucan_gapseq	1304	1460	356	bio1	0.910525	1.052540	4.309226
MGYG000002040__gradient_L8_hmo_gapseq	1304	1460	356	bio1	0.910525	1.104333	4.315929
MGYG000002040__gradient_L9_mos_gapseq	1304	1460	356	bio1	0.910525	1.118318	4.301737
MGYG000002041__gradient_L0_base_gapseq	1190	1292	316	bio1	0.572509	0.996150	3.417333
MGYG000002041__gradient_L1_inulin_gapseq	1190	1292	316	bio1	0.687013	0.932650	3.499778
MGYG000002041__gradient_L2_fos_gapseq	1190	1292	316	bio1	0.687013	0.933104	3.429977
MGYG000002041__gradient_L3_gos_gapseq	1190	1292	316	bio1	0.916021	1.030342	3.449046
MGYG000002041__gradient_L4_xos_gapseq	1190	1292	316	bio1	0.958960	0.934791	3.567775
MGYG000002041__gradient_L5_pectin_gapseq	1190	1292	316	bio1	0.958960	0.933447	3.455821
MGYG000002041__gradient_L6_resistant_starch_gapseq	1190	1292	316	bio1	1.435294	0.990743	3.444777
MGYG000002041__gradient_L7_bglucan_gapseq	1190	1292	316	bio1	1.435294	0.899432	3.520944
MGYG000002041__gradient_L8_hmo_gapseq	1190	1292	316	bio1	1.435294	0.941361	3.428150
MGYG000002041__gradient_L9_mos_gapseq	1190	1292	316	bio1	1.546594	1.002214	3.419472
MGYG000002044__gradient_L0_base_gapseq	1149	1233	257	bio1	0.000000	0.905801	0.036320
MGYG000002044__gradient_L1_inulin_gapseq	1149	1233	257	bio1	0.000000	0.926631	0.034684
MGYG000002044__gradient_L2_fos_gapseq	1149	1233	257	bio1	0.000000	0.964455	0.035804
MGYG000002044__gradient_L3_gos_gapseq	1149	1233	257	bio1	0.000000	0.881422	0.034815
MGYG000002044__gradient_L4_xos_gapseq	1149	1233	257	bio1	0.000000	0.967806	0.035775
MGYG000002044__gradient_L5_pectin_gapseq	1149	1233	257	bio1	0.000000	0.858146	0.034675
MGYG000002044__gradient_L6_resistant_starch_gapseq	1149	1233	257	bio1	0.133114	0.900744	3.248194
MGYG000002044__gradient_L7_bglucan_gapseq	1149	1233	257	bio1	0.133114	0.878635	3.150864
MGYG000002044__gradient_L8_hmo_gapseq	1149	1233	257	bio1	0.133114	0.976947	3.165079
MGYG000002044__gradient_L9_mos_gapseq	1149	1233	257	bio1	0.169838	0.913272	3.231870
MGYG000002050__gradient_L0_base_gapseq	1200	1301	322	bio1	0.712898	1.026207	3.423156
MGYG000002050__gradient_L1_inulin_gapseq	1200	1301	322	bio1	1.012724	0.924798	3.466750
MGYG000002050__gradient_L2_fos_gapseq	1200	1301	322	bio1	1.012724	0.895964	3.389190
MGYG000002050__gradient_L3_gos_gapseq	1200	1301	322	bio1	1.316544	1.027218	3.409882
MGYG000002050__gradient_L4_xos_gapseq	1200	1301	322	bio1	1.316544	0.937221	3.466395
MGYG000002050__gradient_L5_pectin_gapseq	1200	1301	322	bio1	1.316544	0.955076	3.428923
MGYG000002050__gradient_L6_resistant_starch_gapseq	1200	1301	322	bio1	1.954107	1.035420	3.390580
MGYG000002050__gradient_L7_bglucan_gapseq	1200	1301	322	bio1	1.954107	0.916207	3.481041
MGYG000002050__gradient_L8_hmo_gapseq	1200	1301	322	bio1	1.954107	0.939270	3.410981
MGYG000002050__gradient_L9_mos_gapseq	1200	1301	322	bio1	2.101413	1.029027	3.404651
MGYG000002054__gradient_L0_base_gapseq	1157	1263	309	bio1	0.404680	0.912555	3.382480
MGYG000002054__gradient_L1_inulin_gapseq	1157	1263	309	bio1	0.501035	0.892271	3.442951
MGYG000002054__gradient_L2_fos_gapseq	1157	1263	309	bio1	0.501035	0.910837	3.385475
MGYG000002054__gradient_L3_gos_gapseq	1157	1263	309	bio1	0.674473	0.980091	3.381133
MGYG000002054__gradient_L4_xos_gapseq	1157	1263	309	bio1	0.703380	0.919298	3.455370
MGYG000002054__gradient_L5_pectin_gapseq	1157	1263	309	bio1	0.703380	0.878870	3.372131
MGYG000002054__gradient_L6_resistant_starch_gapseq	1157	1263	309	bio1	1.108272	0.948146	3.360180
MGYG000002054__gradient_L7_bglucan_gapseq	1157	1263	309	bio1	1.108272	0.920223	3.383548
MGYG000002054__gradient_L8_hmo_gapseq	1157	1263	309	bio1	1.108272	1.010468	3.375002
MGYG000002054__gradient_L9_mos_gapseq	1157	1263	309	bio1	1.202795	0.917508	3.453485
MGYG000002058__gradient_L0_base_gapseq	1158	1283	310	bio1	0.571670	0.924099	3.515330
MGYG000002058__gradient_L1_inulin_gapseq	1158	1283	310	bio1	0.800342	0.930558	3.441574
MGYG000002058__gradient_L2_fos_gapseq	1158	1283	310	bio1	0.800342	0.978273	3.422095
MGYG000002058__gradient_L3_gos_gapseq	1158	1283	310	bio1	1.000261	0.918736	3.437662
MGYG000002058__gradient_L4_xos_gapseq	1158	1283	310	bio1	1.000261	1.009278	3.413113
MGYG000002058__gradient_L5_pectin_gapseq	1158	1283	310	bio1	1.000261	0.907647	3.499414
MGYG000002058__gradient_L6_resistant_starch_gapseq	1158	1283	310	bio1	1.474926	0.927274	3.419063
MGYG000002058__gradient_L7_bglucan_gapseq	1158	1283	310	bio1	1.474926	0.997414	3.410030
MGYG000002058__gradient_L8_hmo_gapseq	1158	1283	310	bio1	1.474926	0.940279	3.508135
MGYG000002058__gradient_L9_mos_gapseq	1158	1283	310	bio1	1.586067	0.926063	3.428450
MGYG000002099__gradient_L0_base_gapseq	1356	1525	386	bio1	0.000000	1.088675	0.060207
MGYG000002099__gradient_L1_inulin_gapseq	1356	1525	386	bio1	0.000000	1.190917	0.061196
MGYG000002099__gradient_L2_fos_gapseq	1356	1525	386	bio1	0.000000	1.124029	0.060839
MGYG000002099__gradient_L3_gos_gapseq	1356	1525	386	bio1	1.133868	1.205109	4.658020
MGYG000002099__gradient_L4_xos_gapseq	1356	1525	386	bio1	1.241258	1.191440	4.593864
MGYG000002099__gradient_L5_pectin_gapseq	1356	1525	386	bio1	1.304912	1.103580	4.721406
MGYG000002099__gradient_L6_resistant_starch_gapseq	1356	1525	386	bio1	2.049673	1.124194	4.717715
MGYG000002099__gradient_L7_bglucan_gapseq	1356	1525	386	bio1	2.310658	1.132657	4.602215
MGYG000002099__gradient_L8_hmo_gapseq	1356	1525	386	bio1	2.310658	1.205413	4.632383
MGYG000002099__gradient_L9_mos_gapseq	1356	1525	386	bio1	2.446454	1.207486	4.620877
MGYG000002110__gradient_L0_base_gapseq	1188	1313	318	bio1	0.805683	0.932156	3.546093
MGYG000002110__gradient_L1_inulin_gapseq	1188	1313	318	bio1	1.099793	0.952644	3.484602
MGYG000002110__gradient_L2_fos_gapseq	1188	1313	318	bio1	1.099793	1.004151	3.484371
MGYG000002110__gradient_L3_gos_gapseq	1188	1313	318	bio1	1.315265	0.950134	3.485065
MGYG000002110__gradient_L4_xos_gapseq	1188	1313	318	bio1	1.315265	1.036181	3.475173
MGYG000002110__gradient_L5_pectin_gapseq	1188	1313	318	bio1	1.315265	0.956875	3.540464
MGYG000002110__gradient_L6_resistant_starch_gapseq	1188	1313	318	bio1	1.936990	0.951925	3.478522
MGYG000002110__gradient_L7_bglucan_gapseq	1188	1313	318	bio1	1.936990	1.026841	3.472992
MGYG000002110__gradient_L8_hmo_gapseq	1188	1313	318	bio1	1.936990	0.927935	3.538400
MGYG000002110__gradient_L9_mos_gapseq	1188	1313	318	bio1	2.080638	0.937018	3.504047
MGYG000002117__gradient_L0_base_gapseq	1151	1286	313	bio1	0.693651	0.907664	3.466301
MGYG000002117__gradient_L1_inulin_gapseq	1151	1286	313	bio1	0.983810	0.965513	3.468830
MGYG000002117__gradient_L2_fos_gapseq	1151	1286	313	bio1	0.983810	0.909716	3.603436
MGYG000002117__gradient_L3_gos_gapseq	1151	1286	313	bio1	1.277867	0.900787	3.483650
MGYG000002117__gradient_L4_xos_gapseq	1151	1286	313	bio1	1.277867	0.981358	3.495628
MGYG000002117__gradient_L5_pectin_gapseq	1151	1286	313	bio1	1.277867	0.909434	3.476630
MGYG000002117__gradient_L6_resistant_starch_gapseq	1151	1286	313	bio1	1.894542	0.973383	3.489072
MGYG000002117__gradient_L7_bglucan_gapseq	1151	1286	313	bio1	1.894542	0.901704	3.541060
MGYG000002117__gradient_L8_hmo_gapseq	1151	1286	313	bio1	1.894542	0.921299	3.485682
MGYG000002117__gradient_L9_mos_gapseq	1151	1286	313	bio1	2.037023	0.985233	3.487358
MGYG000002129__gradient_L0_base_gapseq	1036	1079	246	bio1	0.000000	0.831297	0.035637
MGYG000002129__gradient_L1_inulin_gapseq	1036	1079	246	bio1	0.000000	0.825865	0.036479
MGYG000002129__gradient_L2_fos_gapseq	1036	1079	246	bio1	0.000000	0.737500	0.036264
MGYG000002129__gradient_L3_gos_gapseq	1036	1079	246	bio1	0.000000	0.845049	0.035982
MGYG000002129__gradient_L4_xos_gapseq	1036	1079	246	bio1	0.647737	0.856830	2.431770
MGYG000002129__gradient_L5_pectin_gapseq	1036	1079	246	bio1	0.647737	0.756015	2.542905
MGYG000002129__gradient_L6_resistant_starch_gapseq	1036	1079	246	bio1	1.226538	0.788622	2.430655
MGYG000002129__gradient_L7_bglucan_gapseq	1036	1079	246	bio1	1.226538	0.824870	2.501960
MGYG000002129__gradient_L8_hmo_gapseq	1036	1079	246	bio1	1.226538	0.777043	2.431760
MGYG000002129__gradient_L9_mos_gapseq	1036	1079	246	bio1	1.226538	0.831878	2.514250
MGYG000002131__gradient_L0_base_gapseq	1253	1402	333	bio1	0.139527	1.017470	4.156422
MGYG000002131__gradient_L1_inulin_gapseq	1253	1402	333	bio1	0.139527	1.017519	4.057182
MGYG000002131__gradient_L2_fos_gapseq	1253	1402	333	bio1	0.139527	1.056578	4.059203
MGYG000002131__gradient_L3_gos_gapseq	1253	1402	333	bio1	0.348833	1.017879	4.131594
MGYG000002131__gradient_L4_xos_gapseq	1253	1402	333	bio1	0.389344	1.014159	4.092041
MGYG000002131__gradient_L5_pectin_gapseq	1253	1402	333	bio1	0.389344	1.070914	4.066873
MGYG000002131__gradient_L6_resistant_starch_gapseq	1253	1402	333	bio1	0.814707	0.995909	4.124568
MGYG000002131__gradient_L7_bglucan_gapseq	1253	1402	333	bio1	0.969999	1.010944	4.030421
MGYG000002131__gradient_L8_hmo_gapseq	1253	1402	333	bio1	0.969999	1.055306	4.104332
MGYG000002131__gradient_L9_mos_gapseq	1253	1402	333	bio1	1.041472	1.058356	4.052450
MGYG000002133__gradient_L0_base_gapseq	1381	1581	369	bio1	0.440617	1.239526	4.952592
MGYG000002133__gradient_L1_inulin_gapseq	1381	1581	369	bio1	0.534740	1.206276	4.929944
MGYG000002133__gradient_L2_fos_gapseq	1381	1581	369	bio1	0.534740	1.122026	4.995808
MGYG000002133__gradient_L3_gos_gapseq	1381	1581	369	bio1	0.752906	1.162617	4.957473
MGYG000002133__gradient_L4_xos_gapseq	1381	1581	369	bio1	0.859180	1.185594	4.998958
MGYG000002133__gradient_L5_pectin_gapseq	1381	1581	369	bio1	0.890918	1.183248	4.953430
MGYG000002133__gradient_L6_resistant_starch_gapseq	1381	1581	369	bio1	1.118579	1.106199	5.027954
MGYG000002133__gradient_L7_bglucan_gapseq	1381	1581	369	bio1	1.255363	1.129632	5.002132
MGYG000002133__gradient_L8_hmo_gapseq	1381	1581	369	bio1	1.255363	1.129577	4.936028
MGYG000002133__gradient_L9_mos_gapseq	1381	1581	369	bio1	1.340473	1.213221	4.923857
MGYG000002135__gradient_L0_base_gapseq	1437	1611	372	bio1	0.944922	1.239687	5.237741
MGYG000002135__gradient_L1_inulin_gapseq	1437	1611	372	bio1	1.108577	1.261833	5.250311
MGYG000002135__gradient_L2_fos_gapseq	1437	1611	372	bio1	1.108577	1.290250	5.249358
MGYG000002135__gradient_L3_gos_gapseq	1437	1611	372	bio1	1.423013	1.249082	5.243700
MGYG000002135__gradient_L4_xos_gapseq	1437	1611	372	bio1	1.423013	1.172191	5.418371
MGYG000002135__gradient_L5_pectin_gapseq	1437	1611	372	bio1	1.423013	1.201059	5.380185
MGYG000002135__gradient_L6_resistant_starch_gapseq	1437	1611	372	bio1	2.126462	1.204388	5.256865
MGYG000002135__gradient_L7_bglucan_gapseq	1437	1611	372	bio1	2.362289	1.266604	5.229201
MGYG000002135__gradient_L8_hmo_gapseq	1437	1611	372	bio1	2.362289	1.266115	5.263980
MGYG000002135__gradient_L9_mos_gapseq	1437	1611	372	bio1	2.362289	1.246721	5.256276
MGYG000002139__gradient_L0_base_gapseq	825	765	103	bio1	0.000000	0.541504	0.019237
MGYG000002139__gradient_L1_inulin_gapseq	825	765	103	bio1	0.193947	0.542193	1.426785
MGYG000002139__gradient_L2_fos_gapseq	825	765	103	bio1	0.193947	0.547014	1.346834
MGYG000002139__gradient_L3_gos_gapseq	825	765	103	bio1	0.193947	0.540598	1.351668
MGYG000002139__gradient_L4_xos_gapseq	825	765	103	bio1	0.193947	0.547870	1.420639
MGYG000002139__gradient_L5_pectin_gapseq	825	765	103	bio1	0.193947	0.545667	1.345530
MGYG000002139__gradient_L6_resistant_starch_gapseq	825	765	103	bio1	0.193947	0.545016	1.342457
MGYG000002139__gradient_L7_bglucan_gapseq	825	765	103	bio1	0.193947	0.544025	1.421544
MGYG000002139__gradient_L8_hmo_gapseq	825	765	103	bio1	0.193947	0.535142	1.348030
MGYG000002139__gradient_L9_mos_gapseq	825	765	103	bio1	0.193947	0.546268	1.347010
MGYG000002140__gradient_L0_base_gapseq	1419	1646	418	bio1	0.000000	1.227404	0.067097
MGYG000002140__gradient_L1_inulin_gapseq	1419	1646	418	bio1	0.000000	1.160253	0.064301
MGYG000002140__gradient_L2_fos_gapseq	1419	1646	418	bio1	0.000000	1.202634	0.064902
MGYG000002140__gradient_L3_gos_gapseq	1419	1646	418	bio1	0.806230	1.199908	5.701331
MGYG000002140__gradient_L4_xos_gapseq	1419	1646	418	bio1	0.806230	1.177985	5.666730
MGYG000002140__gradient_L5_pectin_gapseq	1419	1646	418	bio1	0.806230	1.189379	5.547126
MGYG000002140__gradient_L6_resistant_starch_gapseq	1419	1646	418	bio1	1.324941	1.251951	5.549260
MGYG000002140__gradient_L7_bglucan_gapseq	1419	1646	418	bio1	1.501747	1.275949	5.507191
MGYG000002140__gradient_L8_hmo_gapseq	1419	1646	418	bio1	1.632714	1.277097	5.523288
MGYG000002140__gradient_L9_mos_gapseq	1419	1646	418	bio1	1.720026	1.190484	5.616868
MGYG000002146__gradient_L0_base_gapseq	1156	1260	291	bio1	0.000000	0.879847	0.042622
MGYG000002146__gradient_L1_inulin_gapseq	1156	1260	291	bio1	0.508077	1.006069	3.290638
MGYG000002146__gradient_L2_fos_gapseq	1156	1260	291	bio1	0.508077	0.920171	3.286575
MGYG000002146__gradient_L3_gos_gapseq	1156	1260	291	bio1	0.508077	1.023008	3.292411
MGYG000002146__gradient_L4_xos_gapseq	1156	1260	291	bio1	0.528068	0.920855	3.352315
MGYG000002146__gradient_L5_pectin_gapseq	1156	1260	291	bio1	0.528068	0.928399	3.299859
MGYG000002146__gradient_L6_resistant_starch_gapseq	1156	1260	291	bio1	0.694314	0.993311	3.300995
MGYG000002146__gradient_L7_bglucan_gapseq	1156	1260	291	bio1	0.694314	0.917489	3.369132
MGYG000002146__gradient_L8_hmo_gapseq	1156	1260	291	bio1	0.694314	0.919793	3.278828
MGYG000002146__gradient_L9_mos_gapseq	1156	1260	291	bio1	0.694314	0.916095	3.385889
MGYG000002153__gradient_L0_base_gapseq	1201	1281	226	bio1	0.000000	0.922502	0.124195
MGYG000002153__gradient_L1_inulin_gapseq	1201	1281	226	bio1	0.000000	0.920357	0.044311
MGYG000002153__gradient_L2_fos_gapseq	1201	1281	226	bio1	0.000000	0.933461	0.044074
MGYG000002153__gradient_L3_gos_gapseq	1201	1281	226	bio1	0.845453	0.990310	3.315515
MGYG000002153__gradient_L4_xos_gapseq	1201	1281	226	bio1	0.845453	0.924912	3.475086
MGYG000002153__gradient_L5_pectin_gapseq	1201	1281	226	bio1	0.845453	0.918941	3.316241
MGYG000002153__gradient_L6_resistant_starch_gapseq	1201	1281	226	bio1	1.445556	0.979809	3.338784
MGYG000002153__gradient_L7_bglucan_gapseq	1201	1281	226	bio1	1.445556	0.928560	3.334354
MGYG000002153__gradient_L8_hmo_gapseq	1201	1281	226	bio1	1.445556	0.991940	3.388347
MGYG000002153__gradient_L9_mos_gapseq	1201	1281	226	bio1	1.445556	0.919697	3.396498
MGYG000002154__gradient_L0_base_gapseq	1167	1282	355	bio1	0.412444	0.908126	3.469016
MGYG000002154__gradient_L1_inulin_gapseq	1167	1282	355	bio1	0.681884	0.909359	3.397339
MGYG000002154__gradient_L2_fos_gapseq	1167	1282	355	bio1	0.681884	0.971452	3.370624
MGYG000002154__gradient_L3_gos_gapseq	1167	1282	355	bio1	0.910930	0.934930	3.466494
MGYG000002154__gradient_L4_xos_gapseq	1167	1282	355	bio1	0.966139	0.909449	3.391661
MGYG000002154__gradient_L5_pectin_gapseq	1167	1282	355	bio1	0.966139	0.980958	3.419450
MGYG000002154__gradient_L6_resistant_starch_gapseq	1167	1282	355	bio1	1.333654	0.930144	3.361579
MGYG000002154__gradient_L7_bglucan_gapseq	1167	1282	355	bio1	1.333654	1.030978	3.371682
MGYG000002154__gradient_L8_hmo_gapseq	1167	1282	355	bio1	1.333654	0.905007	3.462672
MGYG000002154__gradient_L9_mos_gapseq	1167	1282	355	bio1	1.333654	0.918002	3.370600
MGYG000002156__gradient_L0_base_gapseq	1109	1199	256	bio1	0.000000	0.869175	0.045463
MGYG000002156__gradient_L1_inulin_gapseq	1109	1199	256	bio1	0.000000	0.950373	0.043527
MGYG000002156__gradient_L2_fos_gapseq	1109	1199	256	bio1	0.000000	0.864743	0.044022
MGYG000002156__gradient_L3_gos_gapseq	1109	1199	256	bio1	0.000000	0.836090	0.044045
MGYG000002156__gradient_L4_xos_gapseq	1109	1199	256	bio1	0.000000	0.940981	0.043444
MGYG000002156__gradient_L5_pectin_gapseq	1109	1199	256	bio1	0.000000	0.881443	0.043799
MGYG000002156__gradient_L6_resistant_starch_gapseq	1109	1199	256	bio1	0.000000	0.871064	0.044515
MGYG000002156__gradient_L7_bglucan_gapseq	1109	1199	256	bio1	0.000000	0.949547	0.044217
MGYG000002156__gradient_L8_hmo_gapseq	1109	1199	256	bio1	0.000000	0.852402	0.045385
MGYG000002156__gradient_L9_mos_gapseq	1109	1199	256	bio1	0.000000	0.981165	0.043326
MGYG000002159__gradient_L0_base_gapseq	1230	1381	306	bio1	0.277943	1.010757	3.907307
MGYG000002159__gradient_L1_inulin_gapseq	1230	1381	306	bio1	0.441693	1.101521	3.935681
MGYG000002159__gradient_L2_fos_gapseq	1230	1381	306	bio1	0.441693	1.072211	3.962693
MGYG000002159__gradient_L3_gos_gapseq	1230	1381	306	bio1	0.735403	1.028603	3.922361
MGYG000002159__gradient_L4_xos_gapseq	1230	1381	306	bio1	0.735403	1.108188	3.917978
MGYG000002159__gradient_L5_pectin_gapseq	1230	1381	306	bio1	0.735403	1.032661	3.889205
MGYG000002159__gradient_L6_resistant_starch_gapseq	1230	1381	306	bio1	1.349807	0.991034	3.983040
MGYG000002159__gradient_L7_bglucan_gapseq	1230	1381	306	bio1	1.349807	0.988667	3.899095
MGYG000002159__gradient_L8_hmo_gapseq	1230	1381	306	bio1	1.349807	1.082754	3.902865
MGYG000002159__gradient_L9_mos_gapseq	1230	1381	306	bio1	1.349807	1.015489	4.002556
MGYG000002160__gradient_L0_base_gapseq	881	884	227	bio1	0.000000	0.640557	0.024557
MGYG000002160__gradient_L1_inulin_gapseq	881	884	227	bio1	0.000000	0.608703	0.024033
MGYG000002160__gradient_L2_fos_gapseq	881	884	227	bio1	0.000000	0.619674	0.024930
MGYG000002160__gradient_L3_gos_gapseq	881	884	227	bio1	0.000000	0.711060	0.025478
MGYG000002160__gradient_L4_xos_gapseq	881	884	227	bio1	0.000000	0.592735	0.024894
MGYG000002160__gradient_L5_pectin_gapseq	881	884	227	bio1	0.000000	0.657734	0.024798
MGYG000002160__gradient_L6_resistant_starch_gapseq	881	884	227	bio1	0.000000	0.702020	0.025383
MGYG000002160__gradient_L7_bglucan_gapseq	881	884	227	bio1	0.000000	0.649323	0.024187
MGYG000002160__gradient_L8_hmo_gapseq	881	884	227	bio1	0.000000	0.611604	0.025111
MGYG000002160__gradient_L9_mos_gapseq	881	884	227	bio1	0.000000	0.608973	0.023920
MGYG000002161__gradient_L0_base_gapseq	957	998	309	bio1	0.000000	0.806486	0.032515
MGYG000002161__gradient_L1_inulin_gapseq	957	998	309	bio1	0.538519	0.699243	2.143990
MGYG000002161__gradient_L2_fos_gapseq	957	998	309	bio1	0.538519	0.859866	2.141658
MGYG000002161__gradient_L3_gos_gapseq	957	998	309	bio1	0.538519	0.704199	2.164126
MGYG000002161__gradient_L4_xos_gapseq	957	998	309	bio1	0.538519	0.690646	2.246389
MGYG000002161__gradient_L5_pectin_gapseq	957	998	309	bio1	0.538519	0.680730	2.141797
MGYG000002161__gradient_L6_resistant_starch_gapseq	957	998	309	bio1	0.688371	0.690757	2.233094
MGYG000002161__gradient_L7_bglucan_gapseq	957	998	309	bio1	0.688371	0.685735	2.145640
MGYG000002161__gradient_L8_hmo_gapseq	957	998	309	bio1	0.688371	0.682803	2.218641
MGYG000002161__gradient_L9_mos_gapseq	957	998	309	bio1	0.688371	0.679274	2.138542
MGYG000002162__gradient_L0_base_gapseq	933	940	258	bio1	0.131955	0.643002	1.942935
MGYG000002162__gradient_L1_inulin_gapseq	933	940	258	bio1	0.131955	0.666085	1.940758
MGYG000002162__gradient_L2_fos_gapseq	933	940	258	bio1	0.131955	0.737117	1.933358
MGYG000002162__gradient_L3_gos_gapseq	933	940	258	bio1	0.131955	0.661062	1.941243
MGYG000002162__gradient_L4_xos_gapseq	933	940	258	bio1	0.131955	0.727479	1.935383
MGYG000002162__gradient_L5_pectin_gapseq	933	940	258	bio1	0.131955	0.665102	1.943835
MGYG000002162__gradient_L6_resistant_starch_gapseq	933	940	258	bio1	0.131955	0.661561	2.007105
MGYG000002162__gradient_L7_bglucan_gapseq	933	940	258	bio1	0.131955	0.671694	1.938489
MGYG000002162__gradient_L8_hmo_gapseq	933	940	258	bio1	0.131955	0.662022	1.944597
MGYG000002162__gradient_L9_mos_gapseq	933	940	258	bio1	0.131955	0.738749	1.945060
MGYG000002163__gradient_L0_base_gapseq	982	1041	306	bio1	0.180696	0.796790	2.344194
MGYG000002163__gradient_L1_inulin_gapseq	982	1041	306	bio1	0.352941	0.714494	2.345476
MGYG000002163__gradient_L2_fos_gapseq	982	1041	306	bio1	0.352941	0.817679	2.348949
MGYG000002163__gradient_L3_gos_gapseq	982	1041	306	bio1	0.352941	0.717007	2.355577
MGYG000002163__gradient_L4_xos_gapseq	982	1041	306	bio1	0.352941	0.748743	2.420407
MGYG000002163__gradient_L5_pectin_gapseq	982	1041	306	bio1	0.352941	0.728682	2.355440
MGYG000002163__gradient_L6_resistant_starch_gapseq	982	1041	306	bio1	0.352941	0.714282	2.431462
MGYG000002163__gradient_L7_bglucan_gapseq	982	1041	306	bio1	0.352941	0.721552	2.389969
MGYG000002163__gradient_L8_hmo_gapseq	982	1041	306	bio1	0.352941	0.733740	2.433841
MGYG000002163__gradient_L9_mos_gapseq	982	1041	306	bio1	0.352941	0.731057	2.347939
MGYG000002166__gradient_L0_base_gapseq	649	604	83	bio1	0.000000	0.397972	0.014695
MGYG000002166__gradient_L1_inulin_gapseq	649	604	83	bio1	0.000000	0.411503	0.014687
MGYG000002166__gradient_L2_fos_gapseq	649	604	83	bio1	0.000000	0.470121	0.014723
MGYG000002166__gradient_L3_gos_gapseq	649	604	83	bio1	0.000000	0.408371	0.014669
MGYG000002166__gradient_L4_xos_gapseq	649	604	83	bio1	0.000000	0.399967	0.014807
MGYG000002166__gradient_L5_pectin_gapseq	649	604	83	bio1	0.000000	0.409459	0.014760
MGYG000002166__gradient_L6_resistant_starch_gapseq	649	604	83	bio1	0.000000	0.419145	0.014644
MGYG000002166__gradient_L7_bglucan_gapseq	649	604	83	bio1	0.000000	0.406639	0.014698
MGYG000002166__gradient_L8_hmo_gapseq	649	604	83	bio1	0.000000	0.476501	0.014972
MGYG000002166__gradient_L9_mos_gapseq	649	604	83	bio1	0.000000	0.400928	0.014760
MGYG000002173__gradient_L0_base_gapseq	1026	1065	204	bio1	0.000000	0.761986	0.035873
MGYG000002173__gradient_L1_inulin_gapseq	1026	1065	204	bio1	0.568026	0.760875	2.512250
MGYG000002173__gradient_L2_fos_gapseq	1026	1065	204	bio1	0.568026	0.836503	2.427905
MGYG000002173__gradient_L3_gos_gapseq	1026	1065	204	bio1	0.695498	0.822117	2.521769
MGYG000002173__gradient_L4_xos_gapseq	1026	1065	204	bio1	0.801182	0.761121	2.462655
MGYG000002173__gradient_L5_pectin_gapseq	1026	1065	204	bio1	0.801182	0.724465	2.509761
MGYG000002173__gradient_L6_resistant_starch_gapseq	1026	1065	204	bio1	0.994383	0.743254	2.441070
MGYG000002173__gradient_L7_bglucan_gapseq	1026	1065	204	bio1	0.994383	0.733845	2.498903
MGYG000002173__gradient_L8_hmo_gapseq	1026	1065	204	bio1	0.994383	0.785701	2.429996
MGYG000002173__gradient_L9_mos_gapseq	1026	1065	204	bio1	0.994383	0.790525	2.508358
MGYG000002181__gradient_L0_base_gapseq	1266	1413	301	bio1	0.237417	1.006695	4.044986
MGYG000002181__gradient_L1_inulin_gapseq	1266	1413	301	bio1	0.237417	1.015196	3.992183
MGYG000002181__gradient_L2_fos_gapseq	1266	1413	301	bio1	0.237417	1.083002	4.007142
MGYG000002181__gradient_L3_gos_gapseq	1266	1413	301	bio1	0.316394	0.974595	4.069122
MGYG000002181__gradient_L4_xos_gapseq	1266	1413	301	bio1	0.316394	1.027776	4.002890
MGYG000002181__gradient_L5_pectin_gapseq	1266	1413	301	bio1	0.316394	1.087954	4.015385
MGYG000002181__gradient_L6_resistant_starch_gapseq	1266	1413	301	bio1	0.538987	0.993693	4.083735
MGYG000002181__gradient_L7_bglucan_gapseq	1266	1413	301	bio1	0.538987	1.011710	3.996592
MGYG000002181__gradient_L8_hmo_gapseq	1266	1413	301	bio1	0.538987	1.096088	3.993429
MGYG000002181__gradient_L9_mos_gapseq	1266	1413	301	bio1	0.624082	1.094852	3.976892
MGYG000002187__gradient_L0_base_gapseq	1166	1324	328	bio1	0.730744	0.959173	3.591299
MGYG000002187__gradient_L1_inulin_gapseq	1166	1324	328	bio1	1.024688	1.029651	3.648700
MGYG000002187__gradient_L2_fos_gapseq	1166	1324	328	bio1	1.024688	0.921757	3.681201
MGYG000002187__gradient_L3_gos_gapseq	1166	1324	328	bio1	1.318094	0.962606	3.603570
MGYG000002187__gradient_L4_xos_gapseq	1166	1324	328	bio1	1.318094	0.990112	3.599525
MGYG000002187__gradient_L5_pectin_gapseq	1166	1324	328	bio1	1.318094	0.919709	3.687197
MGYG000002187__gradient_L6_resistant_starch_gapseq	1166	1324	328	bio1	1.933802	0.966017	3.617395
MGYG000002187__gradient_L7_bglucan_gapseq	1166	1324	328	bio1	1.933802	0.966513	3.602342
MGYG000002187__gradient_L8_hmo_gapseq	1166	1324	328	bio1	1.933802	0.948947	3.606957
MGYG000002187__gradient_L9_mos_gapseq	1166	1324	328	bio1	2.076060	1.028433	3.601007
MGYG000002190__gradient_L0_base_gapseq	1308	1549	409	bio1	0.000000	1.210881	0.063502
MGYG000002190__gradient_L1_inulin_gapseq	1308	1549	409	bio1	0.000000	1.112467	0.064104
MGYG000002190__gradient_L2_fos_gapseq	1308	1549	409	bio1	0.000000	1.221151	0.063187
MGYG000002190__gradient_L3_gos_gapseq	1308	1549	409	bio1	0.000000	1.083482	0.064537
MGYG000002190__gradient_L4_xos_gapseq	1308	1549	409	bio1	0.000000	1.215805	0.064294
MGYG000002190__gradient_L5_pectin_gapseq	1308	1549	409	bio1	0.000000	1.149403	0.064827
MGYG000002190__gradient_L6_resistant_starch_gapseq	1308	1549	409	bio1	0.000000	1.179490	0.064694
MGYG000002190__gradient_L7_bglucan_gapseq	1308	1549	409	bio1	0.000000	1.089032	0.063453
MGYG000002190__gradient_L8_hmo_gapseq	1308	1549	409	bio1	0.000000	1.201019	0.062797
MGYG000002190__gradient_L9_mos_gapseq	1308	1549	409	bio1	0.000000	1.071044	0.064174
MGYG000002194__gradient_L0_base_gapseq	1226	1384	310	bio1	0.000000	0.980895	0.051031
MGYG000002194__gradient_L1_inulin_gapseq	1226	1384	310	bio1	0.000000	0.980753	0.118225
MGYG000002194__gradient_L2_fos_gapseq	1226	1384	310	bio1	0.000000	0.976612	0.053313
MGYG000002194__gradient_L3_gos_gapseq	1226	1384	310	bio1	0.000000	1.023909	0.052690
MGYG000002194__gradient_L4_xos_gapseq	1226	1384	310	bio1	1.095426	1.052801	4.057968
MGYG000002194__gradient_L5_pectin_gapseq	1226	1384	310	bio1	1.095426	1.082682	4.039480
MGYG000002194__gradient_L6_resistant_starch_gapseq	1226	1384	310	bio1	1.837771	1.011832	4.148260
MGYG000002194__gradient_L7_bglucan_gapseq	1226	1384	310	bio1	1.837771	0.997297	4.028458
MGYG000002194__gradient_L8_hmo_gapseq	1226	1384	310	bio1	1.837771	1.062108	3.992867
MGYG000002194__gradient_L9_mos_gapseq	1226	1384	310	bio1	1.837771	0.999535	4.118115
MGYG000002196__gradient_L0_base_gapseq	1104	1225	296	bio1	0.000000	0.994361	0.042853
MGYG000002196__gradient_L1_inulin_gapseq	1104	1225	296	bio1	0.000000	0.856347	0.040546
MGYG000002196__gradient_L2_fos_gapseq	1104	1225	296	bio1	0.000000	0.851778	0.140341
MGYG000002196__gradient_L3_gos_gapseq	1104	1225	296	bio1	0.000000	0.879726	0.040620
MGYG000002196__gradient_L4_xos_gapseq	1104	1225	296	bio1	0.000000	0.868689	0.042611
MGYG000002196__gradient_L5_pectin_gapseq	1104	1225	296	bio1	0.000000	0.986311	0.040927
MGYG000002196__gradient_L6_resistant_starch_gapseq	1104	1225	296	bio1	0.000000	0.893161	0.041408
MGYG000002196__gradient_L7_bglucan_gapseq	1104	1225	296	bio1	0.000000	0.980274	0.040272
MGYG000002196__gradient_L8_hmo_gapseq	1104	1225	296	bio1	0.000000	0.881981	0.040928
MGYG000002196__gradient_L9_mos_gapseq	1104	1225	296	bio1	0.000000	0.894395	0.040314
MGYG000002197__gradient_L0_base_gapseq	931	986	218	bio1	0.144401	0.827500	2.036118
MGYG000002197__gradient_L1_inulin_gapseq	931	986	218	bio1	0.282677	0.727511	2.059952
MGYG000002197__gradient_L2_fos_gapseq	931	986	218	bio1	0.282677	0.911040	2.050846
MGYG000002197__gradient_L3_gos_gapseq	931	986	218	bio1	0.282677	0.685298	2.054563
MGYG000002197__gradient_L4_xos_gapseq	931	986	218	bio1	0.302172	0.756285	2.148785
MGYG000002197__gradient_L5_pectin_gapseq	931	986	218	bio1	0.302172	0.698857	2.048346
MGYG000002197__gradient_L6_resistant_starch_gapseq	931	986	218	bio1	0.302172	0.719094	2.125674
MGYG000002197__gradient_L7_bglucan_gapseq	931	986	218	bio1	0.302172	0.694546	2.052057
MGYG000002197__gradient_L8_hmo_gapseq	931	986	218	bio1	0.302172	0.673945	2.046799
MGYG000002197__gradient_L9_mos_gapseq	931	986	218	bio1	0.302172	0.762764	2.051244
MGYG000002227__gradient_L0_base_gapseq	1246	1375	279	bio1	0.000000	1.001019	0.050608
MGYG000002227__gradient_L1_inulin_gapseq	1246	1375	279	bio1	0.537892	1.051010	3.811313
MGYG000002227__gradient_L2_fos_gapseq	1246	1375	279	bio1	0.537892	1.001401	3.899024
MGYG000002227__gradient_L3_gos_gapseq	1246	1375	279	bio1	0.537892	0.976210	3.813580
MGYG000002227__gradient_L4_xos_gapseq	1246	1375	279	bio1	0.537892	1.021018	3.790361
MGYG000002227__gradient_L5_pectin_gapseq	1246	1375	279	bio1	0.537892	0.942758	3.900374
MGYG000002227__gradient_L6_resistant_starch_gapseq	1246	1375	279	bio1	1.249844	0.962814	3.806778
MGYG000002227__gradient_L7_bglucan_gapseq	1246	1375	279	bio1	1.483816	1.046128	3.794366
MGYG000002227__gradient_L8_hmo_gapseq	1246	1375	279	bio1	1.483816	0.983320	3.890588
MGYG000002227__gradient_L9_mos_gapseq	1246	1375	279	bio1	1.611801	0.955602	3.804786
MGYG000002244__gradient_L0_base_gapseq	675	638	54	bio1	0.000000	0.422019	0.012266
MGYG000002244__gradient_L1_inulin_gapseq	675	638	54	bio1	0.000000	0.427279	0.015747
MGYG000002244__gradient_L2_fos_gapseq	675	638	54	bio1	0.000000	0.505501	0.016204
MGYG000002244__gradient_L3_gos_gapseq	675	638	54	bio1	0.000000	0.423912	0.016526
MGYG000002244__gradient_L4_xos_gapseq	675	638	54	bio1	0.000000	0.420589	0.015810
MGYG000002244__gradient_L5_pectin_gapseq	675	638	54	bio1	0.000000	0.432973	0.015787
MGYG000002244__gradient_L6_resistant_starch_gapseq	675	638	54	bio1	0.000000	0.427402	0.015772
MGYG000002244__gradient_L7_bglucan_gapseq	675	638	54	bio1	0.000000	0.494254	0.015681
MGYG000002244__gradient_L8_hmo_gapseq	675	638	54	bio1	0.000000	0.427687	0.016048
MGYG000002244__gradient_L9_mos_gapseq	675	638	54	bio1	0.000000	0.416553	0.015876
MGYG000002248__gradient_L0_base_gapseq	603	551	82	bio1	0.000000	0.368518	0.011923
MGYG000002248__gradient_L1_inulin_gapseq	603	551	82	bio1	0.059932	0.364481	0.750760
MGYG000002248__gradient_L2_fos_gapseq	603	551	82	bio1	0.059932	0.371591	0.844037
MGYG000002248__gradient_L3_gos_gapseq	603	551	82	bio1	0.059932	0.368304	0.751041
MGYG000002248__gradient_L4_xos_gapseq	603	551	82	bio1	0.059932	0.362870	0.748034
MGYG000002248__gradient_L5_pectin_gapseq	603	551	82	bio1	0.059932	0.392911	0.746827
MGYG000002248__gradient_L6_resistant_starch_gapseq	603	551	82	bio1	0.059932	0.365910	0.753104
MGYG000002248__gradient_L7_bglucan_gapseq	603	551	82	bio1	0.059932	0.428439	0.747847
MGYG000002248__gradient_L8_hmo_gapseq	603	551	82	bio1	0.059932	0.357490	0.756612
MGYG000002248__gradient_L9_mos_gapseq	603	551	82	bio1	0.059932	0.368499	0.743934
MGYG000002258__gradient_L0_base_gapseq	1191	1286	293	bio1	0.000000	0.913317	0.041980
MGYG000002258__gradient_L1_inulin_gapseq	1191	1286	293	bio1	0.312471	0.888642	3.514159
MGYG000002258__gradient_L2_fos_gapseq	1191	1286	293	bio1	0.312471	0.896637	3.464187
MGYG000002258__gradient_L3_gos_gapseq	1191	1286	293	bio1	0.399156	0.974360	3.421128
MGYG000002258__gradient_L4_xos_gapseq	1191	1286	293	bio1	0.399156	0.894660	3.443844
MGYG000002258__gradient_L5_pectin_gapseq	1191	1286	293	bio1	0.432029	0.989889	3.438647
MGYG000002258__gradient_L6_resistant_starch_gapseq	1191	1286	293	bio1	0.749013	0.907314	3.479345
MGYG000002258__gradient_L7_bglucan_gapseq	1191	1286	293	bio1	0.868763	0.916081	3.427483
MGYG000002258__gradient_L8_hmo_gapseq	1191	1286	293	bio1	0.868763	0.973596	3.448350
MGYG000002258__gradient_L9_mos_gapseq	1191	1286	293	bio1	0.868763	0.918890	3.533284
MGYG000002271__gradient_L0_base_gapseq	1367	1604	485	bio1	0.000000	1.201918	0.068359
MGYG000002271__gradient_L1_inulin_gapseq	1367	1604	485	bio1	0.000000	1.168328	0.067140
MGYG000002271__gradient_L2_fos_gapseq	1367	1604	485	bio1	0.000000	1.191346	0.066711
MGYG000002271__gradient_L3_gos_gapseq	1367	1604	485	bio1	0.000000	1.179016	0.066279
MGYG000002271__gradient_L4_xos_gapseq	1367	1604	485	bio1	0.667838	1.241724	5.107054
MGYG000002271__gradient_L5_pectin_gapseq	1367	1604	485	bio1	0.703049	1.241621	5.112835
MGYG000002271__gradient_L6_resistant_starch_gapseq	1367	1604	485	bio1	1.222501	1.177003	5.197404
MGYG000002271__gradient_L7_bglucan_gapseq	1367	1604	485	bio1	1.396930	1.113286	5.226159
MGYG000002271__gradient_L8_hmo_gapseq	1367	1604	485	bio1	1.396930	1.153177	5.127794
MGYG000002271__gradient_L9_mos_gapseq	1367	1604	485	bio1	1.481501	1.240130	5.144520
MGYG000002275__gradient_L0_base_gapseq	1346	1614	407	bio1	0.000000	1.140889	0.068437
MGYG000002275__gradient_L1_inulin_gapseq	1346	1614	407	bio1	0.893860	1.184600	5.166306
MGYG000002275__gradient_L2_fos_gapseq	1346	1614	407	bio1	0.893860	1.216223	5.175116
MGYG000002275__gradient_L3_gos_gapseq	1346	1614	407	bio1	0.993709	1.261124	5.139561
MGYG000002275__gradient_L4_xos_gapseq	1346	1614	407	bio1	1.000938	1.141752	5.248581
MGYG000002275__gradient_L5_pectin_gapseq	1346	1614	407	bio1	1.000938	1.208285	5.150967
MGYG000002275__gradient_L6_resistant_starch_gapseq	1346	1614	407	bio1	1.545405	1.208240	5.155025
MGYG000002275__gradient_L7_bglucan_gapseq	1346	1614	407	bio1	1.726558	1.223494	5.149858
MGYG000002275__gradient_L8_hmo_gapseq	1346	1614	407	bio1	1.726558	1.244725	5.136734
MGYG000002275__gradient_L9_mos_gapseq	1346	1614	407	bio1	1.843363	1.175020	5.239515
MGYG000002276__gradient_L0_base_gapseq	1468	1625	485	bio1	0.000000	1.365158	0.067654
MGYG000002276__gradient_L1_inulin_gapseq	1468	1625	485	bio1	0.000000	1.194300	0.134155
MGYG000002276__gradient_L2_fos_gapseq	1468	1625	485	bio1	0.000000	1.200380	0.066944
MGYG000002276__gradient_L3_gos_gapseq	1468	1625	485	bio1	0.000000	1.281609	0.067344
MGYG000002276__gradient_L4_xos_gapseq	1468	1625	485	bio1	0.766416	1.212567	5.353562
MGYG000002276__gradient_L5_pectin_gapseq	1468	1625	485	bio1	0.812656	1.212679	5.247453
MGYG000002276__gradient_L6_resistant_starch_gapseq	1468	1625	485	bio1	1.353101	1.296250	5.245092
MGYG000002276__gradient_L7_bglucan_gapseq	1468	1625	485	bio1	1.533219	1.305142	5.224279
MGYG000002276__gradient_L8_hmo_gapseq	1468	1625	485	bio1	1.533219	1.296988	5.246878
MGYG000002276__gradient_L9_mos_gapseq	1468	1625	485	bio1	1.533219	1.215149	5.312541
MGYG000002277__gradient_L0_base_gapseq	1322	1537	431	bio1	0.000000	1.162729	0.064219
MGYG000002277__gradient_L1_inulin_gapseq	1322	1537	431	bio1	0.000000	1.178226	0.061542
MGYG000002277__gradient_L2_fos_gapseq	1322	1537	431	bio1	0.000000	1.131489	0.061982
MGYG000002277__gradient_L3_gos_gapseq	1322	1537	431	bio1	0.000000	1.201567	0.062216
MGYG000002277__gradient_L4_xos_gapseq	1322	1537	431	bio1	0.866506	1.121863	4.969875
MGYG000002277__gradient_L5_pectin_gapseq	1322	1537	431	bio1	0.866506	1.161338	4.874860
MGYG000002277__gradient_L6_resistant_starch_gapseq	1322	1537	431	bio1	1.480280	1.218720	4.874096
MGYG000002277__gradient_L7_bglucan_gapseq	1322	1537	431	bio1	1.480280	1.202264	4.875994
MGYG000002277__gradient_L8_hmo_gapseq	1322	1537	431	bio1	1.480280	1.092477	4.937427
MGYG000002277__gradient_L9_mos_gapseq	1322	1537	431	bio1	1.480280	1.120391	4.869021
MGYG000002278__gradient_L0_base_gapseq	1561	1815	480	bio1	1.297223	1.388338	6.524308
MGYG000002278__gradient_L1_inulin_gapseq	1561	1815	480	bio1	1.457375	1.373539	6.521594
MGYG000002278__gradient_L2_fos_gapseq	1561	1815	480	bio1	1.457375	1.419398	6.551800
MGYG000002278__gradient_L3_gos_gapseq	1561	1815	480	bio1	1.811712	1.446746	6.528401
MGYG000002278__gradient_L4_xos_gapseq	1561	1815	480	bio1	1.890582	1.386480	6.589548
MGYG000002278__gradient_L5_pectin_gapseq	1561	1815	480	bio1	1.890582	1.351974	6.650416
MGYG000002278__gradient_L6_resistant_starch_gapseq	1561	1815	480	bio1	2.585829	1.313679	6.605203
MGYG000002278__gradient_L7_bglucan_gapseq	1561	1815	480	bio1	2.815202	1.354299	6.610704
MGYG000002278__gradient_L8_hmo_gapseq	1561	1815	480	bio1	2.975960	1.339762	6.585539
MGYG000002278__gradient_L9_mos_gapseq	1561	1815	480	bio1	2.975960	1.338247	6.574881
MGYG000002280__gradient_L0_base_gapseq	1486	1762	505	bio1	0.000000	1.263623	0.072398
MGYG000002280__gradient_L1_inulin_gapseq	1486	1762	505	bio1	0.000000	1.395425	0.079515
MGYG000002280__gradient_L2_fos_gapseq	1486	1762	505	bio1	0.000000	1.257533	0.167132
MGYG000002280__gradient_L3_gos_gapseq	1486	1762	505	bio1	1.702969	1.281983	6.077753
MGYG000002280__gradient_L4_xos_gapseq	1486	1762	505	bio1	1.860167	1.354531	6.092249
MGYG000002280__gradient_L5_pectin_gapseq	1486	1762	505	bio1	1.860167	1.383284	6.084817
MGYG000002280__gradient_L6_resistant_starch_gapseq	1486	1762	505	bio1	2.582037	1.415825	6.056142
MGYG000002280__gradient_L7_bglucan_gapseq	1486	1762	505	bio1	2.582037	1.361026	6.059792
MGYG000002280__gradient_L8_hmo_gapseq	1486	1762	505	bio1	2.582037	1.351230	6.030659
MGYG000002280__gradient_L9_mos_gapseq	1486	1762	505	bio1	2.582037	1.291389	6.168995
MGYG000002291__gradient_L0_base_gapseq	1457	1724	473	bio1	0.867093	1.235218	5.896778
MGYG000002291__gradient_L1_inulin_gapseq	1457	1724	473	bio1	1.031715	1.326868	5.896556
MGYG000002291__gradient_L2_fos_gapseq	1457	1724	473	bio1	1.031715	1.256678	5.792352
MGYG000002291__gradient_L3_gos_gapseq	1457	1724	473	bio1	1.380976	1.306693	5.775204
MGYG000002291__gradient_L4_xos_gapseq	1457	1724	473	bio1	1.569658	1.315758	5.822735
MGYG000002291__gradient_L5_pectin_gapseq	1457	1724	473	bio1	1.629875	1.335077	5.777204
MGYG000002291__gradient_L6_resistant_starch_gapseq	1457	1724	473	bio1	1.999209	1.315098	5.794746
MGYG000002291__gradient_L7_bglucan_gapseq	1457	1724	473	bio1	2.234057	1.220144	5.903624
MGYG000002291__gradient_L8_hmo_gapseq	1457	1724	473	bio1	2.234057	1.232046	5.855998
MGYG000002291__gradient_L9_mos_gapseq	1457	1724	473	bio1	2.276100	1.215859	5.941242
MGYG000002295__gradient_L0_base_gapseq	1281	1393	347	bio1	0.000000	1.070746	0.050542
MGYG000002295__gradient_L1_inulin_gapseq	1281	1393	347	bio1	0.000000	1.052657	0.050853
MGYG000002295__gradient_L2_fos_gapseq	1281	1393	347	bio1	0.000000	1.099089	0.051492
MGYG000002295__gradient_L3_gos_gapseq	1281	1393	347	bio1	0.000000	0.985400	0.049918
MGYG000002295__gradient_L4_xos_gapseq	1281	1393	347	bio1	0.000000	1.054940	0.052785
MGYG000002295__gradient_L5_pectin_gapseq	1281	1393	347	bio1	0.000000	1.036909	0.050908
MGYG000002295__gradient_L6_resistant_starch_gapseq	1281	1393	347	bio1	0.000000	1.079539	0.050351
MGYG000002295__gradient_L7_bglucan_gapseq	1281	1393	347	bio1	0.000000	1.011646	0.049162
MGYG000002295__gradient_L8_hmo_gapseq	1281	1393	347	bio1	0.000000	1.108399	0.049855
MGYG000002295__gradient_L9_mos_gapseq	1281	1393	347	bio1	0.000000	1.008655	0.049954
MGYG000002298__gradient_L0_base_gapseq	1471	1730	546	bio1	1.003893	1.351680	6.053325
MGYG000002298__gradient_L1_inulin_gapseq	1471	1730	546	bio1	1.285690	1.368493	6.045705
MGYG000002298__gradient_L2_fos_gapseq	1471	1730	546	bio1	1.285690	1.337590	6.058981
MGYG000002298__gradient_L3_gos_gapseq	1471	1730	546	bio1	1.569689	1.275541	6.145122
MGYG000002298__gradient_L4_xos_gapseq	1471	1730	546	bio1	1.642340	1.245194	6.120277
MGYG000002298__gradient_L5_pectin_gapseq	1471	1730	546	bio1	1.642340	1.257398	6.091246
MGYG000002298__gradient_L6_resistant_starch_gapseq	1471	1730	546	bio1	2.248885	1.309653	6.149900
MGYG000002298__gradient_L7_bglucan_gapseq	1471	1730	546	bio1	2.450409	1.254149	6.004702
MGYG000002298__gradient_L8_hmo_gapseq	1471	1730	546	bio1	2.596441	1.333900	6.023319
MGYG000002298__gradient_L9_mos_gapseq	1471	1730	546	bio1	2.596441	1.331136	6.052076
MGYG000002299__gradient_L0_base_gapseq	1557	1828	422	bio1	0.466434	1.317243	6.645832
MGYG000002299__gradient_L1_inulin_gapseq	1557	1828	422	bio1	0.626773	1.336079	6.612695
MGYG000002299__gradient_L2_fos_gapseq	1557	1828	422	bio1	0.626773	1.324094	6.675732
MGYG000002299__gradient_L3_gos_gapseq	1557	1828	422	bio1	0.685480	1.319069	6.673818
MGYG000002299__gradient_L4_xos_gapseq	1557	1828	422	bio1	0.737821	1.333727	6.605654
MGYG000002299__gradient_L5_pectin_gapseq	1557	1828	422	bio1	0.737821	1.316809	6.538180
MGYG000002299__gradient_L6_resistant_starch_gapseq	1557	1828	422	bio1	1.090220	1.418239	6.563835
MGYG000002299__gradient_L7_bglucan_gapseq	1557	1828	422	bio1	1.090220	1.403685	6.616791
MGYG000002299__gradient_L8_hmo_gapseq	1557	1828	422	bio1	1.090220	1.395134	6.580880
MGYG000002299__gradient_L9_mos_gapseq	1557	1828	422	bio1	1.165571	1.413508	6.613030
MGYG000002303__gradient_L0_base_gapseq	1138	1281	307	bio1	0.192193	0.918935	3.414814
MGYG000002303__gradient_L1_inulin_gapseq	1138	1281	307	bio1	0.324857	1.003712	3.401198
MGYG000002303__gradient_L2_fos_gapseq	1138	1281	307	bio1	0.324857	0.894449	3.402178
MGYG000002303__gradient_L3_gos_gapseq	1138	1281	307	bio1	0.379764	0.998309	3.419624
MGYG000002303__gradient_L4_xos_gapseq	1138	1281	307	bio1	0.379764	0.938847	3.546625
MGYG000002303__gradient_L5_pectin_gapseq	1138	1281	307	bio1	0.379764	0.920626	3.400488
MGYG000002303__gradient_L6_resistant_starch_gapseq	1138	1281	307	bio1	0.812157	1.001221	3.409609
MGYG000002303__gradient_L7_bglucan_gapseq	1138	1281	307	bio1	0.812157	0.910103	3.502878
MGYG000002303__gradient_L8_hmo_gapseq	1138	1281	307	bio1	0.812157	0.920214	3.410962
MGYG000002303__gradient_L9_mos_gapseq	1138	1281	307	bio1	0.812157	0.963776	3.405680
MGYG000002308__gradient_L0_base_gapseq	1223	1296	338	bio1	0.199489	0.938900	3.464382
MGYG000002308__gradient_L1_inulin_gapseq	1223	1296	338	bio1	0.257152	1.027007	3.460078
MGYG000002308__gradient_L2_fos_gapseq	1223	1296	338	bio1	0.257152	0.925626	3.481281
MGYG000002308__gradient_L3_gos_gapseq	1223	1296	338	bio1	0.257152	1.030726	3.461879
MGYG000002308__gradient_L4_xos_gapseq	1223	1296	338	bio1	0.257152	0.929255	3.546054
MGYG000002308__gradient_L5_pectin_gapseq	1223	1296	338	bio1	0.257152	0.943586	3.477679
MGYG000002308__gradient_L6_resistant_starch_gapseq	1223	1296	338	bio1	0.257152	1.009140	3.478016
MGYG000002308__gradient_L7_bglucan_gapseq	1223	1296	338	bio1	0.257152	0.964661	3.555523
MGYG000002308__gradient_L8_hmo_gapseq	1223	1296	338	bio1	0.257152	0.931716	3.474124
MGYG000002308__gradient_L9_mos_gapseq	1223	1296	338	bio1	0.257152	0.996379	3.475774
MGYG000002309__gradient_L0_base_gapseq	1716	2014	539	bio1	0.000000	1.564798	0.105639
MGYG000002309__gradient_L1_inulin_gapseq	1716	2014	539	bio1	0.000000	1.546658	0.116936
MGYG000002309__gradient_L2_fos_gapseq	1716	2014	539	bio1	0.000000	1.472376	0.116220
MGYG000002309__gradient_L3_gos_gapseq	1716	2014	539	bio1	0.000000	1.565057	0.116206
MGYG000002309__gradient_L4_xos_gapseq	1716	2014	539	bio1	0.000000	1.570032	0.116701
MGYG000002309__gradient_L5_pectin_gapseq	1716	2014	539	bio1	0.000000	1.477080	0.226883
MGYG000002309__gradient_L6_resistant_starch_gapseq	1716	2014	539	bio1	0.000000	1.468155	0.113435
MGYG000002309__gradient_L7_bglucan_gapseq	1716	2014	539	bio1	0.000000	1.581664	0.112999
MGYG000002309__gradient_L8_hmo_gapseq	1716	2014	539	bio1	0.000000	1.589037	0.111950
MGYG000002309__gradient_L9_mos_gapseq	1716	2014	539	bio1	0.000000	1.474884	0.112594
MGYG000002310__gradient_L0_base_gapseq	2100	2477	1248	bio1	0.652054	2.043023	11.939417
MGYG000002310__gradient_L1_inulin_gapseq	2100	2477	1248	bio1	0.652054	2.036027	11.916052
MGYG000002310__gradient_L2_fos_gapseq	2100	2477	1248	bio1	0.652054	2.011436	12.060643
MGYG000002310__gradient_L3_gos_gapseq	2100	2477	1248	bio1	0.652054	2.220095	11.962334
MGYG000002310__gradient_L4_xos_gapseq	2100	2477	1248	bio1	0.724500	1.989850	12.037975
MGYG000002310__gradient_L5_pectin_gapseq	2100	2477	1248	bio1	0.724500	2.035496	12.034565
MGYG000002310__gradient_L6_resistant_starch_gapseq	2100	2477	1248	bio1	1.317566	2.052542	11.999125
MGYG000002310__gradient_L7_bglucan_gapseq	2100	2477	1248	bio1	1.511143	1.940584	12.056408
MGYG000002310__gradient_L8_hmo_gapseq	2100	2477	1248	bio1	1.511143	2.015339	11.955185
MGYG000002310__gradient_L9_mos_gapseq	2100	2477	1248	bio1	1.644358	2.041684	11.894406
MGYG000002313__gradient_L0_base_gapseq	1164	1349	276	bio1	0.289901	1.074368	3.736468
MGYG000002313__gradient_L1_inulin_gapseq	1164	1349	276	bio1	0.370572	0.938997	3.899745
MGYG000002313__gradient_L2_fos_gapseq	1164	1349	276	bio1	0.370572	0.957693	3.732274
MGYG000002313__gradient_L3_gos_gapseq	1164	1349	276	bio1	0.378135	1.043780	3.755858
MGYG000002313__gradient_L4_xos_gapseq	1164	1349	276	bio1	0.408938	0.911710	3.861004
MGYG000002313__gradient_L5_pectin_gapseq	1164	1349	276	bio1	0.408938	0.952688	3.719453
MGYG000002313__gradient_L6_resistant_starch_gapseq	1164	1349	276	bio1	0.562925	1.053982	3.740903
MGYG000002313__gradient_L7_bglucan_gapseq	1164	1349	276	bio1	0.562925	0.950967	3.799756
MGYG000002313__gradient_L8_hmo_gapseq	1164	1349	276	bio1	0.562925	0.947775	3.733001
MGYG000002313__gradient_L9_mos_gapseq	1164	1349	276	bio1	0.603314	1.061603	3.707878
MGYG000002319__gradient_L0_base_gapseq	1460	1748	435	bio1	0.258187	1.222803	5.984677
MGYG000002319__gradient_L1_inulin_gapseq	1460	1748	435	bio1	0.427587	1.265048	6.009128
MGYG000002319__gradient_L2_fos_gapseq	1460	1748	435	bio1	0.427587	1.236841	5.953918
MGYG000002319__gradient_L3_gos_gapseq	1460	1748	435	bio1	0.589699	1.218583	5.872586
MGYG000002319__gradient_L4_xos_gapseq	1460	1748	435	bio1	0.688375	1.306567	5.868292
MGYG000002319__gradient_L5_pectin_gapseq	1460	1748	435	bio1	0.688375	1.309654	5.886178
MGYG000002319__gradient_L6_resistant_starch_gapseq	1460	1748	435	bio1	1.053765	1.307192	5.849846
MGYG000002319__gradient_L7_bglucan_gapseq	1460	1748	435	bio1	1.171363	1.343777	5.859201
MGYG000002319__gradient_L8_hmo_gapseq	1460	1748	435	bio1	1.171363	1.334280	5.844539
MGYG000002319__gradient_L9_mos_gapseq	1460	1748	435	bio1	1.171363	1.236835	5.960256
MGYG000002321__gradient_L0_base_gapseq	1343	1501	331	bio1	0.000000	1.144768	0.057682
MGYG000002321__gradient_L1_inulin_gapseq	1343	1501	331	bio1	0.000000	1.058189	0.058201
MGYG000002321__gradient_L2_fos_gapseq	1343	1501	331	bio1	0.000000	1.220669	0.058764
MGYG000002321__gradient_L3_gos_gapseq	1343	1501	331	bio1	0.000000	1.098464	0.059566
MGYG000002321__gradient_L4_xos_gapseq	1343	1501	331	bio1	0.934241	1.189920	4.481904
MGYG000002321__gradient_L5_pectin_gapseq	1343	1501	331	bio1	0.934241	1.207557	4.511341
MGYG000002321__gradient_L6_resistant_starch_gapseq	1343	1501	331	bio1	1.548564	1.099026	4.606281
MGYG000002321__gradient_L7_bglucan_gapseq	1343	1501	331	bio1	1.754010	1.121802	4.476504
MGYG000002321__gradient_L8_hmo_gapseq	1343	1501	331	bio1	1.754010	1.150792	4.492229
MGYG000002321__gradient_L9_mos_gapseq	1343	1501	331	bio1	1.895392	1.155431	4.518911
MGYG000002322__gradient_L0_base_gapseq	2280	2875	1231	bio1	1.852402	2.220850	16.155286
MGYG000002322__gradient_L1_inulin_gapseq	2280	2875	1231	bio1	2.178960	2.181922	16.147420
MGYG000002322__gradient_L2_fos_gapseq	2280	2875	1231	bio1	2.178960	2.226763	16.255300
MGYG000002322__gradient_L3_gos_gapseq	2280	2875	1231	bio1	2.519184	2.170908	16.179077
MGYG000002322__gradient_L4_xos_gapseq	2280	2875	1231	bio1	2.696120	2.362435	16.162418
MGYG000002322__gradient_L5_pectin_gapseq	2280	2875	1231	bio1	2.748796	2.191162	16.238339
MGYG000002322__gradient_L6_resistant_starch_gapseq	2280	2875	1231	bio1	3.452535	2.184852	16.141127
MGYG000002322__gradient_L7_bglucan_gapseq	2280	2875	1231	bio1	3.684347	2.215446	16.221159
MGYG000002322__gradient_L8_hmo_gapseq	2280	2875	1231	bio1	3.684347	2.205900	16.294945
MGYG000002322__gradient_L9_mos_gapseq	2280	2875	1231	bio1	3.834857	2.234430	16.323669
MGYG000002325__gradient_L0_base_gapseq	1714	2067	641	bio1	0.524104	1.506730	8.348188
MGYG000002325__gradient_L1_inulin_gapseq	1714	2067	641	bio1	0.749681	1.622976	8.287763
MGYG000002325__gradient_L2_fos_gapseq	1714	2067	641	bio1	0.749681	1.620957	8.313234
MGYG000002325__gradient_L3_gos_gapseq	1714	2067	641	bio1	0.749681	1.632205	8.278102
MGYG000002325__gradient_L4_xos_gapseq	1714	2067	641	bio1	0.791851	1.653274	8.290753
MGYG000002325__gradient_L5_pectin_gapseq	1714	2067	641	bio1	0.834021	1.615639	8.281119
MGYG000002325__gradient_L6_resistant_starch_gapseq	1714	2067	641	bio1	1.340362	1.618329	8.286341
MGYG000002325__gradient_L7_bglucan_gapseq	1714	2067	641	bio1	1.340362	1.605905	8.384674
MGYG000002325__gradient_L8_hmo_gapseq	1714	2067	641	bio1	1.340362	1.529547	8.436825
MGYG000002325__gradient_L9_mos_gapseq	1714	2067	641	bio1	1.451417	1.529774	8.411592
MGYG000002331__gradient_L0_base_gapseq	1946	2421	918	bio1	1.120531	1.868827	11.157688
MGYG000002331__gradient_L1_inulin_gapseq	1946	2421	918	bio1	1.259310	1.940391	11.191070
MGYG000002331__gradient_L2_fos_gapseq	1946	2421	918	bio1	1.259310	1.848567	11.141460
MGYG000002331__gradient_L3_gos_gapseq	1946	2421	918	bio1	1.565935	1.871409	11.200897
MGYG000002331__gradient_L4_xos_gapseq	1946	2421	918	bio1	1.708443	1.779991	11.288031
MGYG000002331__gradient_L5_pectin_gapseq	1946	2421	918	bio1	1.708443	1.875298	11.121190
MGYG000002331__gradient_L6_resistant_starch_gapseq	1946	2421	918	bio1	2.305256	1.921062	11.118189
MGYG000002331__gradient_L7_bglucan_gapseq	1946	2421	918	bio1	2.305256	1.800131	11.215644
MGYG000002331__gradient_L8_hmo_gapseq	1946	2421	918	bio1	2.305256	1.897587	11.148850
MGYG000002331__gradient_L9_mos_gapseq	1946	2421	918	bio1	2.399610	1.864603	11.266049
MGYG000002332__gradient_L0_base_gapseq	1185	1314	362	bio1	0.290395	1.015774	3.610627
MGYG000002332__gradient_L1_inulin_gapseq	1185	1314	362	bio1	0.350976	0.920198	3.671980
MGYG000002332__gradient_L2_fos_gapseq	1185	1314	362	bio1	0.350976	0.924222	3.594076
MGYG000002332__gradient_L3_gos_gapseq	1185	1314	362	bio1	0.350976	1.050342	3.595478
MGYG000002332__gradient_L4_xos_gapseq	1185	1314	362	bio1	0.350976	0.936420	3.688328
MGYG000002332__gradient_L5_pectin_gapseq	1185	1314	362	bio1	0.350976	0.921593	3.588017
MGYG000002332__gradient_L6_resistant_starch_gapseq	1185	1314	362	bio1	0.350976	0.997817	3.607837
MGYG000002332__gradient_L7_bglucan_gapseq	1185	1314	362	bio1	0.350976	0.946182	3.660082
MGYG000002332__gradient_L8_hmo_gapseq	1185	1314	362	bio1	0.350976	0.932862	3.594871
MGYG000002332__gradient_L9_mos_gapseq	1185	1314	362	bio1	0.350976	1.024696	3.588361
MGYG000002333__gradient_L0_base_gapseq	1218	1332	367	bio1	0.282614	0.970693	3.708060
MGYG000002333__gradient_L1_inulin_gapseq	1218	1332	367	bio1	0.282614	1.074345	3.708008
MGYG000002333__gradient_L2_fos_gapseq	1218	1332	367	bio1	0.282614	0.976531	3.804790
MGYG000002333__gradient_L3_gos_gapseq	1218	1332	367	bio1	0.282614	0.951149	3.710247
MGYG000002333__gradient_L4_xos_gapseq	1218	1332	367	bio1	0.282614	1.001775	3.729846
MGYG000002333__gradient_L5_pectin_gapseq	1218	1332	367	bio1	0.282614	0.972298	3.801008
MGYG000002333__gradient_L6_resistant_starch_gapseq	1218	1332	367	bio1	0.282614	0.959221	3.714531
MGYG000002333__gradient_L7_bglucan_gapseq	1218	1332	367	bio1	0.282614	1.013900	3.721291
MGYG000002333__gradient_L8_hmo_gapseq	1218	1332	367	bio1	0.282614	0.980150	3.790103
MGYG000002333__gradient_L9_mos_gapseq	1218	1332	367	bio1	0.282614	0.988135	3.749558
MGYG000002335__gradient_L0_base_gapseq	2155	2649	1068	bio1	1.575100	2.018209	13.562985
MGYG000002335__gradient_L1_inulin_gapseq	2155	2649	1068	bio1	1.872434	2.017153	13.592801
MGYG000002335__gradient_L2_fos_gapseq	2155	2649	1068	bio1	1.872434	2.042269	13.553594
MGYG000002335__gradient_L3_gos_gapseq	2155	2649	1068	bio1	2.201789	2.021719	13.669045
MGYG000002335__gradient_L4_xos_gapseq	2155	2649	1068	bio1	2.363813	1.964606	13.648711
MGYG000002335__gradient_L5_pectin_gapseq	2155	2649	1068	bio1	2.363813	2.007161	13.699007
MGYG000002335__gradient_L6_resistant_starch_gapseq	2155	2649	1068	bio1	2.978717	2.056484	13.629440
MGYG000002335__gradient_L7_bglucan_gapseq	2155	2649	1068	bio1	3.187911	2.018576	13.587478
MGYG000002335__gradient_L8_hmo_gapseq	2155	2649	1068	bio1	3.187911	1.932613	13.689331
MGYG000002335__gradient_L9_mos_gapseq	2155	2649	1068	bio1	3.195793	2.021310	13.607296
MGYG000002337__gradient_L0_base_gapseq	1818	2218	572	bio1	1.257562	1.697314	9.604942
MGYG000002337__gradient_L1_inulin_gapseq	1818	2218	572	bio1	1.527445	1.648985	9.563247
MGYG000002337__gradient_L2_fos_gapseq	1818	2218	572	bio1	1.527445	1.694999	9.579505
MGYG000002337__gradient_L3_gos_gapseq	1818	2218	572	bio1	1.734750	1.593583	9.569791
MGYG000002337__gradient_L4_xos_gapseq	1818	2218	572	bio1	1.797551	1.700954	9.598077
MGYG000002337__gradient_L5_pectin_gapseq	1818	2218	572	bio1	1.797551	1.647404	9.641356
MGYG000002337__gradient_L6_resistant_starch_gapseq	1818	2218	572	bio1	2.366538	1.679650	9.637045
MGYG000002337__gradient_L7_bglucan_gapseq	1818	2218	572	bio1	2.557686	1.620946	9.545298
MGYG000002337__gradient_L8_hmo_gapseq	1818	2218	572	bio1	2.557686	1.737611	9.573142
MGYG000002337__gradient_L9_mos_gapseq	1818	2218	572	bio1	2.689573	1.602709	9.639420
MGYG000002340__gradient_L0_base_gapseq	1547	1737	507	bio1	0.656040	1.323460	5.976886
MGYG000002340__gradient_L1_inulin_gapseq	1547	1737	507	bio1	0.656040	1.266724	5.905225
MGYG000002340__gradient_L2_fos_gapseq	1547	1737	507	bio1	0.656040	1.387477	5.853411
MGYG000002340__gradient_L3_gos_gapseq	1547	1737	507	bio1	0.786501	1.400880	5.902641
MGYG000002340__gradient_L4_xos_gapseq	1547	1737	507	bio1	0.786501	1.372394	5.900998
MGYG000002340__gradient_L5_pectin_gapseq	1547	1737	507	bio1	0.786501	1.397703	5.883758
MGYG000002340__gradient_L6_resistant_starch_gapseq	1547	1737	507	bio1	1.484166	1.362269	5.954888
MGYG000002340__gradient_L7_bglucan_gapseq	1547	1737	507	bio1	1.484166	1.318096	6.008809
MGYG000002340__gradient_L8_hmo_gapseq	1547	1737	507	bio1	1.649897	1.273475	5.981131
MGYG000002340__gradient_L9_mos_gapseq	1547	1737	507	bio1	1.649897	1.269121	5.995989
MGYG000002341__gradient_L0_base_gapseq	1829	2050	637	bio1	0.525399	1.518617	8.567417
MGYG000002341__gradient_L1_inulin_gapseq	1829	2050	637	bio1	0.639619	1.526245	8.569923
MGYG000002341__gradient_L2_fos_gapseq	1829	2050	637	bio1	0.639619	1.526038	8.619490
MGYG000002341__gradient_L3_gos_gapseq	1829	2050	637	bio1	0.639619	1.628079	8.528318
MGYG000002341__gradient_L4_xos_gapseq	1829	2050	637	bio1	0.639619	1.649497	8.499216
MGYG000002341__gradient_L5_pectin_gapseq	1829	2050	637	bio1	0.639619	1.666367	8.443661
MGYG000002341__gradient_L6_resistant_starch_gapseq	1829	2050	637	bio1	0.639619	1.621100	8.425826
MGYG000002341__gradient_L7_bglucan_gapseq	1829	2050	637	bio1	0.639619	1.646913	8.464249
MGYG000002341__gradient_L8_hmo_gapseq	1829	2050	637	bio1	0.639619	1.632618	8.645527
MGYG000002341__gradient_L9_mos_gapseq	1829	2050	637	bio1	0.639619	1.532856	8.591286
MGYG000002346__gradient_L0_base_gapseq	2033	2281	777	bio1	0.563956	1.756542	10.035439
MGYG000002346__gradient_L1_inulin_gapseq	2033	2281	777	bio1	0.686430	1.815512	10.090558
MGYG000002346__gradient_L2_fos_gapseq	2033	2281	777	bio1	0.686430	1.735632	10.077249
MGYG000002346__gradient_L3_gos_gapseq	2033	2281	777	bio1	0.686430	1.753496	10.086639
MGYG000002346__gradient_L4_xos_gapseq	2033	2281	777	bio1	0.686430	1.762811	10.115463
MGYG000002346__gradient_L5_pectin_gapseq	2033	2281	777	bio1	0.686430	1.714417	10.077781
MGYG000002346__gradient_L6_resistant_starch_gapseq	2033	2281	777	bio1	0.781620	1.744935	10.080568
MGYG000002346__gradient_L7_bglucan_gapseq	2033	2281	777	bio1	0.781620	1.757690	10.126022
MGYG000002346__gradient_L8_hmo_gapseq	2033	2281	777	bio1	0.781620	1.749390	10.106450
MGYG000002346__gradient_L9_mos_gapseq	2033	2281	777	bio1	0.781620	1.756864	10.034579
MGYG000002348__gradient_L0_base_gapseq	1226	1396	311	bio1	0.367436	1.110215	3.951363
MGYG000002348__gradient_L1_inulin_gapseq	1226	1396	311	bio1	0.526332	1.004375	4.014476
MGYG000002348__gradient_L2_fos_gapseq	1226	1396	311	bio1	0.526332	0.994590	3.931398
MGYG000002348__gradient_L3_gos_gapseq	1226	1396	311	bio1	0.690193	1.055084	3.931621
MGYG000002348__gradient_L4_xos_gapseq	1226	1396	311	bio1	0.690193	1.004259	4.002993
MGYG000002348__gradient_L5_pectin_gapseq	1226	1396	311	bio1	0.690193	1.021260	3.928263
MGYG000002348__gradient_L6_resistant_starch_gapseq	1226	1396	311	bio1	1.049099	1.089697	3.903351
MGYG000002348__gradient_L7_bglucan_gapseq	1226	1396	311	bio1	1.049099	1.057594	3.915617
MGYG000002348__gradient_L8_hmo_gapseq	1226	1396	311	bio1	1.049099	1.012231	3.921007
MGYG000002348__gradient_L9_mos_gapseq	1226	1396	311	bio1	1.126991	1.119615	3.906135
MGYG000002352__gradient_L0_base_gapseq	1343	1445	382	bio1	0.000000	1.023905	0.047357
MGYG000002352__gradient_L1_inulin_gapseq	1343	1445	382	bio1	0.000000	1.123314	0.049518
MGYG000002352__gradient_L2_fos_gapseq	1343	1445	382	bio1	0.000000	1.067897	0.050951
MGYG000002352__gradient_L3_gos_gapseq	1343	1445	382	bio1	0.328441	1.142715	4.269430
MGYG000002352__gradient_L4_xos_gapseq	1343	1445	382	bio1	0.342826	1.054136	4.383890
MGYG000002352__gradient_L5_pectin_gapseq	1343	1445	382	bio1	0.342826	1.051835	4.261357
MGYG000002352__gradient_L6_resistant_starch_gapseq	1343	1445	382	bio1	0.457903	1.158635	4.244546
MGYG000002352__gradient_L7_bglucan_gapseq	1343	1445	382	bio1	0.457903	1.108341	4.260839
MGYG000002352__gradient_L8_hmo_gapseq	1343	1445	382	bio1	0.457903	1.050706	4.357207
MGYG000002352__gradient_L9_mos_gapseq	1343	1445	382	bio1	0.457903	1.056960	4.302891
MGYG000002353__gradient_L0_base_gapseq	1416	1759	499	bio1	0.933620	1.243256	6.196772
MGYG000002353__gradient_L1_inulin_gapseq	1416	1759	499	bio1	1.158915	1.246099	6.127482
MGYG000002353__gradient_L2_fos_gapseq	1416	1759	499	bio1	1.158915	1.343062	6.112670
MGYG000002353__gradient_L3_gos_gapseq	1416	1759	499	bio1	1.406275	1.394959	6.121166
MGYG000002353__gradient_L4_xos_gapseq	1416	1759	499	bio1	1.468114	1.335049	6.161700
MGYG000002353__gradient_L5_pectin_gapseq	1416	1759	499	bio1	1.500180	1.342142	6.146588
MGYG000002353__gradient_L6_resistant_starch_gapseq	1416	1759	499	bio1	2.022383	1.350871	6.122447
MGYG000002353__gradient_L7_bglucan_gapseq	1416	1759	499	bio1	2.194160	1.246679	6.223741
MGYG000002353__gradient_L8_hmo_gapseq	1416	1759	499	bio1	2.194160	1.260455	6.180932
MGYG000002353__gradient_L9_mos_gapseq	1416	1759	499	bio1	2.304098	1.246232	6.206986
MGYG000002359__gradient_L0_base_gapseq	2055	2402	840	bio1	0.277512	1.941640	11.418396
MGYG000002359__gradient_L1_inulin_gapseq	2055	2402	840	bio1	0.392587	1.856633	11.425676
MGYG000002359__gradient_L2_fos_gapseq	2055	2402	840	bio1	0.392587	1.898361	11.275714
MGYG000002359__gradient_L3_gos_gapseq	2055	2402	840	bio1	0.455935	1.902886	11.368008
MGYG000002359__gradient_L4_xos_gapseq	2055	2402	840	bio1	0.517718	1.826123	11.383350
MGYG000002359__gradient_L5_pectin_gapseq	2055	2402	840	bio1	0.517718	1.912837	11.480434
MGYG000002359__gradient_L6_resistant_starch_gapseq	2055	2402	840	bio1	0.980765	1.937034	11.343356
MGYG000002359__gradient_L7_bglucan_gapseq	2055	2402	840	bio1	0.980765	1.915357	11.359750
MGYG000002359__gradient_L8_hmo_gapseq	2055	2402	840	bio1	0.980765	1.908345	11.355205
MGYG000002359__gradient_L9_mos_gapseq	2055	2402	840	bio1	1.069180	1.837017	11.384680
MGYG000002360__gradient_L0_base_gapseq	1168	1360	289	bio1	0.137975	1.022163	3.704926
MGYG000002360__gradient_L1_inulin_gapseq	1168	1360	289	bio1	0.295672	0.939648	3.786675
MGYG000002360__gradient_L2_fos_gapseq	1168	1360	289	bio1	0.295672	0.937061	3.707623
MGYG000002360__gradient_L3_gos_gapseq	1168	1360	289	bio1	0.456724	1.016930	3.734030
MGYG000002360__gradient_L4_xos_gapseq	1168	1360	289	bio1	0.488473	0.919620	3.806724
MGYG000002360__gradient_L5_pectin_gapseq	1168	1360	289	bio1	0.488473	0.952611	3.716569
MGYG000002360__gradient_L6_resistant_starch_gapseq	1168	1360	289	bio1	0.842541	1.015293	3.703604
MGYG000002360__gradient_L7_bglucan_gapseq	1168	1360	289	bio1	0.842541	0.934399	3.806984
MGYG000002360__gradient_L8_hmo_gapseq	1168	1360	289	bio1	0.842541	0.945015	3.719036
MGYG000002360__gradient_L9_mos_gapseq	1168	1360	289	bio1	0.921223	1.022441	3.733738
MGYG000002364__gradient_L0_base_gapseq	1343	1439	390	bio1	0.200142	1.060443	4.123440
MGYG000002364__gradient_L1_inulin_gapseq	1343	1439	390	bio1	0.327512	1.157447	4.131596
MGYG000002364__gradient_L2_fos_gapseq	1343	1439	390	bio1	0.327512	1.130421	4.138849
MGYG000002364__gradient_L3_gos_gapseq	1343	1439	390	bio1	0.327512	1.052476	4.224604
MGYG000002364__gradient_L4_xos_gapseq	1343	1439	390	bio1	0.327512	1.067007	4.129990
MGYG000002364__gradient_L5_pectin_gapseq	1343	1439	390	bio1	0.327512	1.164087	4.169548
MGYG000002364__gradient_L6_resistant_starch_gapseq	1343	1439	390	bio1	0.327512	1.037523	4.222550
MGYG000002364__gradient_L7_bglucan_gapseq	1343	1439	390	bio1	0.327512	1.078404	4.135261
MGYG000002364__gradient_L8_hmo_gapseq	1343	1439	390	bio1	0.327512	1.148701	4.143229
MGYG000002364__gradient_L9_mos_gapseq	1343	1439	390	bio1	0.327512	1.132422	4.137421
MGYG000002383__gradient_L0_base_gapseq	1528	1844	505	bio1	0.874482	1.326433	6.832314
MGYG000002383__gradient_L1_inulin_gapseq	1528	1844	505	bio1	1.101803	1.348151	6.846706
MGYG000002383__gradient_L2_fos_gapseq	1528	1844	505	bio1	1.101803	1.315506	6.736932
MGYG000002383__gradient_L3_gos_gapseq	1528	1844	505	bio1	1.324486	1.393618	6.813704
MGYG000002383__gradient_L4_xos_gapseq	1528	1844	505	bio1	1.449745	1.399171	6.821036
MGYG000002383__gradient_L5_pectin_gapseq	1528	1844	505	bio1	1.482219	1.407494	6.800625
MGYG000002383__gradient_L6_resistant_starch_gapseq	1528	1844	505	bio1	2.011090	1.415182	6.810123
MGYG000002383__gradient_L7_bglucan_gapseq	1528	1844	505	bio1	2.185060	1.504411	6.841225
MGYG000002383__gradient_L8_hmo_gapseq	1528	1844	505	bio1	2.185060	1.411045	6.770178
MGYG000002383__gradient_L9_mos_gapseq	1528	1844	505	bio1	2.296401	1.408932	6.770173
MGYG000002385__gradient_L0_base_gapseq	2051	2431	894	bio1	1.422820	1.868054	11.519510
MGYG000002385__gradient_L1_inulin_gapseq	2051	2431	894	bio1	1.586319	1.782642	11.561685
MGYG000002385__gradient_L2_fos_gapseq	2051	2431	894	bio1	1.586319	1.865010	11.426217
MGYG000002385__gradient_L3_gos_gapseq	2051	2431	894	bio1	1.682667	1.849544	11.451406
MGYG000002385__gradient_L4_xos_gapseq	2051	2431	894	bio1	1.873902	1.770247	11.478904
MGYG000002385__gradient_L5_pectin_gapseq	2051	2431	894	bio1	1.873902	1.870133	11.408594
MGYG000002385__gradient_L6_resistant_starch_gapseq	2051	2431	894	bio1	2.276100	1.902078	11.581791
MGYG000002385__gradient_L7_bglucan_gapseq	2051	2431	894	bio1	2.276100	1.784715	11.503653
MGYG000002385__gradient_L8_hmo_gapseq	2051	2431	894	bio1	2.276100	1.913081	11.465431
MGYG000002385__gradient_L9_mos_gapseq	2051	2431	894	bio1	2.276100	1.790703	11.540531
MGYG000002387__gradient_L0_base_gapseq	1191	1387	316	bio1	0.387535	1.008633	3.850739
MGYG000002387__gradient_L1_inulin_gapseq	1191	1387	316	bio1	0.546528	0.998442	3.788187
MGYG000002387__gradient_L2_fos_gapseq	1191	1387	316	bio1	0.546528	1.056497	3.798831
MGYG000002387__gradient_L3_gos_gapseq	1191	1387	316	bio1	0.665773	1.025245	3.871067
MGYG000002387__gradient_L4_xos_gapseq	1191	1387	316	bio1	0.665773	1.010835	3.785660
MGYG000002387__gradient_L5_pectin_gapseq	1191	1387	316	bio1	0.665773	1.113004	3.771970
MGYG000002387__gradient_L6_resistant_starch_gapseq	1191	1387	316	bio1	1.025071	1.015064	3.863395
MGYG000002387__gradient_L7_bglucan_gapseq	1191	1387	316	bio1	1.025071	0.988004	3.761899
MGYG000002387__gradient_L8_hmo_gapseq	1191	1387	316	bio1	1.025071	1.053991	3.786758
MGYG000002387__gradient_L9_mos_gapseq	1191	1387	316	bio1	1.102254	1.071167	3.813377
MGYG000002389__gradient_L0_base_gapseq	1385	1663	386	bio1	0.671226	1.284567	5.532366
MGYG000002389__gradient_L1_inulin_gapseq	1385	1663	386	bio1	0.830013	1.305784	5.609047
MGYG000002389__gradient_L2_fos_gapseq	1385	1663	386	bio1	0.830013	1.195676	5.663497
MGYG000002389__gradient_L3_gos_gapseq	1385	1663	386	bio1	0.974365	1.182283	5.626891
MGYG000002389__gradient_L4_xos_gapseq	1385	1663	386	bio1	1.024888	1.203031	5.554864
MGYG000002389__gradient_L5_pectin_gapseq	1385	1663	386	bio1	1.024888	1.303139	5.515732
MGYG000002389__gradient_L6_resistant_starch_gapseq	1385	1663	386	bio1	1.378550	1.314406	5.533913
MGYG000002389__gradient_L7_bglucan_gapseq	1385	1663	386	bio1	1.501249	1.263893	5.555076
MGYG000002389__gradient_L8_hmo_gapseq	1385	1663	386	bio1	1.501249	1.206956	5.653176
MGYG000002389__gradient_L9_mos_gapseq	1385	1663	386	bio1	1.578237	1.192835	5.645237
MGYG000002395__gradient_L0_base_gapseq	1233	1517	346	bio1	0.000000	1.043581	0.055007
MGYG000002395__gradient_L1_inulin_gapseq	1233	1517	346	bio1	0.000000	1.162850	0.058901
MGYG000002395__gradient_L2_fos_gapseq	1233	1517	346	bio1	0.000000	1.039519	0.057401
MGYG000002395__gradient_L3_gos_gapseq	1233	1517	346	bio1	0.836133	1.173631	4.459435
MGYG000002395__gradient_L4_xos_gapseq	1233	1517	346	bio1	0.898325	1.178603	4.491007
MGYG000002395__gradient_L5_pectin_gapseq	1233	1517	346	bio1	0.898325	1.094915	4.572873
MGYG000002395__gradient_L6_resistant_starch_gapseq	1233	1517	346	bio1	1.391730	1.071504	4.496899
MGYG000002395__gradient_L7_bglucan_gapseq	1233	1517	346	bio1	1.559815	1.156417	4.451739
MGYG000002395__gradient_L8_hmo_gapseq	1233	1517	346	bio1	1.559815	1.182296	4.449368
MGYG000002395__gradient_L9_mos_gapseq	1233	1517	346	bio1	1.559815	1.080202	4.553011
MGYG000002396__gradient_L0_base_gapseq	1237	1492	326	bio1	0.000000	1.076825	0.051128
MGYG000002396__gradient_L1_inulin_gapseq	1237	1492	326	bio1	0.871351	1.145700	4.323942
MGYG000002396__gradient_L2_fos_gapseq	1237	1492	326	bio1	0.871351	1.134527	4.314314
MGYG000002396__gradient_L3_gos_gapseq	1237	1492	326	bio1	1.079660	1.064057	4.388099
MGYG000002396__gradient_L4_xos_gapseq	1237	1492	326	bio1	1.119240	1.046225	4.305524
MGYG000002396__gradient_L5_pectin_gapseq	1237	1492	326	bio1	1.119240	1.162383	4.308251
MGYG000002396__gradient_L6_resistant_starch_gapseq	1237	1492	326	bio1	1.570019	1.054792	4.387069
MGYG000002396__gradient_L7_bglucan_gapseq	1237	1492	326	bio1	1.570019	1.078376	4.321637
MGYG000002396__gradient_L8_hmo_gapseq	1237	1492	326	bio1	1.679965	1.155254	4.300587
MGYG000002396__gradient_L9_mos_gapseq	1237	1492	326	bio1	1.679965	1.090785	4.299544
MGYG000002399__gradient_L0_base_gapseq	1705	2049	496	bio1	1.107029	1.473671	8.164083
MGYG000002399__gradient_L1_inulin_gapseq	1705	2049	496	bio1	1.370739	1.460087	8.209705
MGYG000002399__gradient_L2_fos_gapseq	1705	2049	496	bio1	1.370739	1.470241	8.158599
MGYG000002399__gradient_L3_gos_gapseq	1705	2049	496	bio1	1.569196	1.474863	8.133585
MGYG000002399__gradient_L4_xos_gapseq	1705	2049	496	bio1	1.650199	1.454734	8.195375
MGYG000002399__gradient_L5_pectin_gapseq	1705	2049	496	bio1	1.650199	1.550348	8.118572
MGYG000002399__gradient_L6_resistant_starch_gapseq	1705	2049	496	bio1	2.233823	1.571770	8.088778
MGYG000002399__gradient_L7_bglucan_gapseq	1705	2049	496	bio1	2.427840	1.560559	8.057495
MGYG000002399__gradient_L8_hmo_gapseq	1705	2049	496	bio1	2.427840	1.656918	8.097924
MGYG000002399__gradient_L9_mos_gapseq	1705	2049	496	bio1	2.552662	1.597531	8.078258
MGYG000002401__gradient_L0_base_gapseq	1562	1840	461	bio1	0.000000	1.382900	0.087722
MGYG000002401__gradient_L1_inulin_gapseq	1562	1840	461	bio1	0.000000	1.315470	0.091228
MGYG000002401__gradient_L2_fos_gapseq	1562	1840	461	bio1	0.000000	1.386718	0.092026
MGYG000002401__gradient_L3_gos_gapseq	1562	1840	461	bio1	0.000000	1.329013	0.191108
MGYG000002401__gradient_L4_xos_gapseq	1562	1840	461	bio1	0.000000	1.313892	0.089334
MGYG000002401__gradient_L5_pectin_gapseq	1562	1840	461	bio1	0.000000	1.488159	0.089252
MGYG000002401__gradient_L6_resistant_starch_gapseq	1562	1840	461	bio1	1.675024	1.344037	6.699703
MGYG000002401__gradient_L7_bglucan_gapseq	1562	1840	461	bio1	1.880214	1.299772	6.641920
MGYG000002401__gradient_L8_hmo_gapseq	1562	1840	461	bio1	1.880214	1.317319	6.657232
MGYG000002401__gradient_L9_mos_gapseq	1562	1840	461	bio1	2.012418	1.306166	6.669820
MGYG000002405__gradient_L0_base_gapseq	1317	1504	338	bio1	0.208851	1.078896	4.549483
MGYG000002405__gradient_L1_inulin_gapseq	1317	1504	338	bio1	0.398725	1.085738	4.455432
MGYG000002405__gradient_L2_fos_gapseq	1317	1504	338	bio1	0.398725	1.206590	4.463055
MGYG000002405__gradient_L3_gos_gapseq	1317	1504	338	bio1	0.555371	1.131360	4.508490
MGYG000002405__gradient_L4_xos_gapseq	1317	1504	338	bio1	0.632536	1.102396	4.548503
MGYG000002405__gradient_L5_pectin_gapseq	1317	1504	338	bio1	0.632536	1.074045	4.438091
MGYG000002405__gradient_L6_resistant_starch_gapseq	1317	1504	338	bio1	1.027346	1.170672	4.468799
MGYG000002405__gradient_L7_bglucan_gapseq	1317	1504	338	bio1	1.027346	1.184115	4.458468
MGYG000002405__gradient_L8_hmo_gapseq	1317	1504	338	bio1	1.027346	1.108277	4.554130
MGYG000002405__gradient_L9_mos_gapseq	1317	1504	338	bio1	1.119485	1.102517	4.454187
MGYG000002406__gradient_L0_base_gapseq	1656	1954	570	bio1	0.378110	1.449358	7.616156
MGYG000002406__gradient_L1_inulin_gapseq	1656	1954	570	bio1	0.611328	1.434290	7.565019
MGYG000002406__gradient_L2_fos_gapseq	1656	1954	570	bio1	0.611328	1.447402	7.570769
MGYG000002406__gradient_L3_gos_gapseq	1656	1954	570	bio1	0.704139	1.418806	7.580550
MGYG000002406__gradient_L4_xos_gapseq	1656	1954	570	bio1	0.763589	1.431328	7.600706
MGYG000002406__gradient_L5_pectin_gapseq	1656	1954	570	bio1	0.763589	1.437221	7.607001
MGYG000002406__gradient_L6_resistant_starch_gapseq	1656	1954	570	bio1	1.254936	1.437422	7.653413
MGYG000002406__gradient_L7_bglucan_gapseq	1656	1954	570	bio1	1.254936	1.426415	7.632149
MGYG000002406__gradient_L8_hmo_gapseq	1656	1954	570	bio1	1.254936	1.441547	7.590552
MGYG000002406__gradient_L9_mos_gapseq	1656	1954	570	bio1	1.356774	1.449408	7.598966
MGYG000002420__gradient_L0_base_gapseq	1403	1575	406	bio1	0.393784	1.169527	4.995004
MGYG000002420__gradient_L1_inulin_gapseq	1403	1575	406	bio1	0.393784	1.228859	4.982197
MGYG000002420__gradient_L2_fos_gapseq	1403	1575	406	bio1	0.393784	1.224283	4.987874
MGYG000002420__gradient_L3_gos_gapseq	1403	1575	406	bio1	0.393784	1.155052	5.074282
MGYG000002420__gradient_L4_xos_gapseq	1403	1575	406	bio1	0.405947	1.151351	5.067627
MGYG000002420__gradient_L5_pectin_gapseq	1403	1575	406	bio1	0.405947	1.241673	5.003361
MGYG000002420__gradient_L6_resistant_starch_gapseq	1403	1575	406	bio1	0.951763	1.228386	4.975017
MGYG000002420__gradient_L7_bglucan_gapseq	1403	1575	406	bio1	1.127090	1.228997	5.032559
MGYG000002420__gradient_L8_hmo_gapseq	1403	1575	406	bio1	1.127090	1.154463	5.097661
MGYG000002420__gradient_L9_mos_gapseq	1403	1575	406	bio1	1.127090	1.164443	5.000285
MGYG000002423__gradient_L0_base_gapseq	2255	2751	1183	bio1	1.123507	2.124453	14.391408
MGYG000002423__gradient_L1_inulin_gapseq	2255	2751	1183	bio1	1.403225	2.155664	14.342831
MGYG000002423__gradient_L2_fos_gapseq	2255	2751	1183	bio1	1.403225	2.096279	14.335500
MGYG000002423__gradient_L3_gos_gapseq	2255	2751	1183	bio1	1.716861	2.136109	14.329057
MGYG000002423__gradient_L4_xos_gapseq	2255	2751	1183	bio1	1.884134	2.101567	14.329306
MGYG000002423__gradient_L5_pectin_gapseq	2255	2751	1183	bio1	1.925023	2.111843	14.272362
MGYG000002423__gradient_L6_resistant_starch_gapseq	2255	2751	1183	bio1	2.558643	2.141135	14.412625
MGYG000002423__gradient_L7_bglucan_gapseq	2255	2751	1183	bio1	2.758646	2.148071	14.314423
MGYG000002423__gradient_L8_hmo_gapseq	2255	2751	1183	bio1	2.758646	2.191721	14.261904
MGYG000002423__gradient_L9_mos_gapseq	2255	2751	1183	bio1	2.887625	2.069185	14.336979
MGYG000002426__gradient_L0_base_gapseq	1280	1362	346	bio1	0.287388	1.106903	3.885789
MGYG000002426__gradient_L1_inulin_gapseq	1280	1362	346	bio1	0.435422	0.986128	3.953124
MGYG000002426__gradient_L2_fos_gapseq	1280	1362	346	bio1	0.435422	1.025183	3.856993
MGYG000002426__gradient_L3_gos_gapseq	1280	1362	346	bio1	0.435422	1.054885	3.897601
MGYG000002426__gradient_L4_xos_gapseq	1280	1362	346	bio1	0.435422	0.997476	3.966204
MGYG000002426__gradient_L5_pectin_gapseq	1280	1362	346	bio1	0.435422	1.005118	3.879803
MGYG000002426__gradient_L6_resistant_starch_gapseq	1280	1362	346	bio1	0.435422	1.103456	3.883899
MGYG000002426__gradient_L7_bglucan_gapseq	1280	1362	346	bio1	0.435422	0.999694	3.947933
MGYG000002426__gradient_L8_hmo_gapseq	1280	1362	346	bio1	0.435422	0.984510	3.881258
MGYG000002426__gradient_L9_mos_gapseq	1280	1362	346	bio1	0.435422	1.070257	3.878495
MGYG000002431__gradient_L0_base_gapseq	1285	1374	349	bio1	0.287388	1.012302	4.107966
MGYG000002431__gradient_L1_inulin_gapseq	1285	1374	349	bio1	0.435422	1.012540	4.004614
MGYG000002431__gradient_L2_fos_gapseq	1285	1374	349	bio1	0.435422	1.098843	4.001461
MGYG000002431__gradient_L3_gos_gapseq	1285	1374	349	bio1	0.435422	1.022889	4.101226
MGYG000002431__gradient_L4_xos_gapseq	1285	1374	349	bio1	0.435422	1.016324	4.014983
MGYG000002431__gradient_L5_pectin_gapseq	1285	1374	349	bio1	0.435422	1.089172	4.006628
MGYG000002431__gradient_L6_resistant_starch_gapseq	1285	1374	349	bio1	0.435422	1.003229	4.087041
MGYG000002431__gradient_L7_bglucan_gapseq	1285	1374	349	bio1	0.435422	1.002498	4.036676
MGYG000002431__gradient_L8_hmo_gapseq	1285	1374	349	bio1	0.435422	1.081671	4.014114
MGYG000002431__gradient_L9_mos_gapseq	1285	1374	349	bio1	0.435422	1.022528	4.099400
MGYG000002434__gradient_L0_base_gapseq	1255	1334	337	bio1	0.289501	1.065694	3.733949
MGYG000002434__gradient_L1_inulin_gapseq	1255	1334	337	bio1	0.435422	1.042407	3.730844
MGYG000002434__gradient_L2_fos_gapseq	1255	1334	337	bio1	0.435422	0.990437	3.737308
MGYG000002434__gradient_L3_gos_gapseq	1255	1334	337	bio1	0.435422	1.073073	3.727269
MGYG000002434__gradient_L4_xos_gapseq	1255	1334	337	bio1	0.435422	1.048202	3.731620
MGYG000002434__gradient_L5_pectin_gapseq	1255	1334	337	bio1	0.435422	0.951308	3.709150
MGYG000002434__gradient_L6_resistant_starch_gapseq	1255	1334	337	bio1	0.435422	1.053503	3.712037
MGYG000002434__gradient_L7_bglucan_gapseq	1255	1334	337	bio1	0.435422	1.053510	3.738217
MGYG000002434__gradient_L8_hmo_gapseq	1255	1334	337	bio1	0.435422	0.979647	3.721860
MGYG000002434__gradient_L9_mos_gapseq	1255	1334	337	bio1	0.435422	1.068706	3.729021
MGYG000002435__gradient_L0_base_gapseq	1265	1369	343	bio1	0.267979	1.094254	3.918048
MGYG000002435__gradient_L1_inulin_gapseq	1265	1369	343	bio1	0.405279	0.982805	3.894310
MGYG000002435__gradient_L2_fos_gapseq	1265	1369	343	bio1	0.405279	1.067780	3.894213
MGYG000002435__gradient_L3_gos_gapseq	1265	1369	343	bio1	0.405279	1.079078	3.903262
MGYG000002435__gradient_L4_xos_gapseq	1265	1369	343	bio1	0.405279	1.009688	3.989233
MGYG000002435__gradient_L5_pectin_gapseq	1265	1369	343	bio1	0.405279	1.020734	3.882887
MGYG000002435__gradient_L6_resistant_starch_gapseq	1265	1369	343	bio1	0.405279	1.082650	3.946691
MGYG000002435__gradient_L7_bglucan_gapseq	1265	1369	343	bio1	0.405279	0.994563	4.010298
MGYG000002435__gradient_L8_hmo_gapseq	1265	1369	343	bio1	0.405279	1.005382	3.891742
MGYG000002435__gradient_L9_mos_gapseq	1265	1369	343	bio1	0.405279	1.106833	3.898762
MGYG000002447__gradient_L0_base_gapseq	1319	1385	383	bio1	0.229282	1.040415	4.027975
MGYG000002447__gradient_L1_inulin_gapseq	1319	1385	383	bio1	0.296972	1.106600	4.035379
MGYG000002447__gradient_L2_fos_gapseq	1319	1385	383	bio1	0.296972	1.133315	4.034751
MGYG000002447__gradient_L3_gos_gapseq	1319	1385	383	bio1	0.296972	1.047461	4.117386
MGYG000002447__gradient_L4_xos_gapseq	1319	1385	383	bio1	0.296972	1.062833	4.090816
MGYG000002447__gradient_L5_pectin_gapseq	1319	1385	383	bio1	0.296972	1.102687	4.026590
MGYG000002447__gradient_L6_resistant_starch_gapseq	1319	1385	383	bio1	0.324814	1.047574	4.111267
MGYG000002447__gradient_L7_bglucan_gapseq	1319	1385	383	bio1	0.324814	1.053198	4.076339
MGYG000002447__gradient_L8_hmo_gapseq	1319	1385	383	bio1	0.324814	1.077478	4.033013
MGYG000002447__gradient_L9_mos_gapseq	1319	1385	383	bio1	0.324814	1.114887	4.038750
MGYG000002448__gradient_L0_base_gapseq	1379	1488	334	bio1	0.000000	1.167427	0.050501
MGYG000002448__gradient_L1_inulin_gapseq	1379	1488	334	bio1	0.000000	1.109427	0.056470
MGYG000002448__gradient_L2_fos_gapseq	1379	1488	334	bio1	0.000000	1.180345	0.055475
MGYG000002448__gradient_L3_gos_gapseq	1379	1488	334	bio1	0.000000	1.071039	0.056324
MGYG000002448__gradient_L4_xos_gapseq	1379	1488	334	bio1	0.674904	1.202125	4.516054
MGYG000002448__gradient_L5_pectin_gapseq	1379	1488	334	bio1	0.674904	1.103627	4.611741
MGYG000002448__gradient_L6_resistant_starch_gapseq	1379	1488	334	bio1	0.674904	1.092406	4.555047
MGYG000002448__gradient_L7_bglucan_gapseq	1379	1488	334	bio1	0.674904	1.185119	4.518558
MGYG000002448__gradient_L8_hmo_gapseq	1379	1488	334	bio1	0.674904	1.154002	4.488942
MGYG000002448__gradient_L9_mos_gapseq	1379	1488	334	bio1	0.674904	1.099790	4.644912
MGYG000002456__gradient_L0_base_gapseq	821	787	208	bio1	0.000000	0.534120	0.021478
MGYG000002456__gradient_L1_inulin_gapseq	821	787	208	bio1	0.000000	0.528131	0.022262
MGYG000002456__gradient_L2_fos_gapseq	821	787	208	bio1	0.000000	0.612958	0.021568
MGYG000002456__gradient_L3_gos_gapseq	821	787	208	bio1	0.000000	0.545329	0.022785
MGYG000002456__gradient_L4_xos_gapseq	821	787	208	bio1	0.000000	0.539176	0.022278
MGYG000002456__gradient_L5_pectin_gapseq	821	787	208	bio1	0.000000	0.536107	0.021362
MGYG000002456__gradient_L6_resistant_starch_gapseq	821	787	208	bio1	0.000000	0.618052	0.021855
MGYG000002456__gradient_L7_bglucan_gapseq	821	787	208	bio1	0.000000	0.577950	0.024218
MGYG000002456__gradient_L8_hmo_gapseq	821	787	208	bio1	0.000000	0.557760	0.021564
MGYG000002456__gradient_L9_mos_gapseq	821	787	208	bio1	0.000000	0.540162	0.021522
MGYG000002460	0	0	0	NONE	0.000000	0.000000	0.000000
MGYG000002461__gradient_L0_base_gapseq	2187	2689	1116	bio1	1.635824	2.099399	14.041582
MGYG000002461__gradient_L1_inulin_gapseq	2187	2689	1116	bio1	1.801917	2.011517	14.051595
MGYG000002461__gradient_L2_fos_gapseq	2187	2689	1116	bio1	1.801917	2.096100	13.950633
MGYG000002461__gradient_L3_gos_gapseq	2187	2689	1116	bio1	2.127371	2.128067	14.158755
MGYG000002461__gradient_L4_xos_gapseq	2187	2689	1116	bio1	2.296482	2.091380	13.908828
MGYG000002461__gradient_L5_pectin_gapseq	2187	2689	1116	bio1	2.296482	2.101741	13.882711
MGYG000002461__gradient_L6_resistant_starch_gapseq	2187	2689	1116	bio1	2.886765	2.135518	13.917741
MGYG000002461__gradient_L7_bglucan_gapseq	2187	2689	1116	bio1	3.084947	2.106600	14.043107
MGYG000002461__gradient_L8_hmo_gapseq	2187	2689	1116	bio1	3.084947	2.101304	13.941451
MGYG000002461__gradient_L9_mos_gapseq	2187	2689	1116	bio1	3.195793	2.156301	13.913471
MGYG000002463__gradient_L0_base_gapseq	2307	2788	1290	bio1	1.161070	2.272814	15.326373
MGYG000002463__gradient_L1_inulin_gapseq	2307	2788	1290	bio1	1.313401	2.278634	15.255506
MGYG000002463__gradient_L2_fos_gapseq	2307	2788	1290	bio1	1.313401	2.221618	15.481359
MGYG000002463__gradient_L3_gos_gapseq	2307	2788	1290	bio1	1.401417	2.148929	15.514642
MGYG000002463__gradient_L4_xos_gapseq	2307	2788	1290	bio1	1.484151	2.246568	15.301074
MGYG000002463__gradient_L5_pectin_gapseq	2307	2788	1290	bio1	1.493343	2.230173	15.423712
MGYG000002463__gradient_L6_resistant_starch_gapseq	2307	2788	1290	bio1	2.104198	2.235362	15.431688
MGYG000002463__gradient_L7_bglucan_gapseq	2307	2788	1290	bio1	2.104198	2.218879	15.485778
MGYG000002463__gradient_L8_hmo_gapseq	2307	2788	1290	bio1	2.104198	2.238669	15.358381
MGYG000002463__gradient_L9_mos_gapseq	2307	2788	1290	bio1	2.210833	2.224181	15.505522
MGYG000002465__gradient_L0_base_gapseq	2209	2760	1154	bio1	1.733204	2.145497	14.433622
MGYG000002465__gradient_L1_inulin_gapseq	2209	2760	1154	bio1	2.058789	2.143802	14.691772
MGYG000002465__gradient_L2_fos_gapseq	2209	2760	1154	bio1	2.058789	2.098459	14.430334
MGYG000002465__gradient_L3_gos_gapseq	2209	2760	1154	bio1	2.404958	2.047509	14.490592
MGYG000002465__gradient_L4_xos_gapseq	2209	2760	1154	bio1	2.576036	2.127979	14.386100
MGYG000002465__gradient_L5_pectin_gapseq	2209	2760	1154	bio1	2.625273	2.163620	14.435578
MGYG000002465__gradient_L6_resistant_starch_gapseq	2209	2760	1154	bio1	3.195793	2.125286	14.381645
MGYG000002465__gradient_L7_bglucan_gapseq	2209	2760	1154	bio1	3.195793	2.118209	14.431177
MGYG000002465__gradient_L8_hmo_gapseq	2209	2760	1154	bio1	3.195793	2.042810	14.557266
MGYG000002465__gradient_L9_mos_gapseq	2209	2760	1154	bio1	3.195793	2.155843	14.414170
MGYG000002470__gradient_L0_base_gapseq	1552	1871	597	bio1	1.005260	1.351927	6.946125
MGYG000002470__gradient_L1_inulin_gapseq	1552	1871	597	bio1	1.178020	1.376640	6.954872
MGYG000002470__gradient_L2_fos_gapseq	1552	1871	597	bio1	1.178020	1.334774	6.911048
MGYG000002470__gradient_L3_gos_gapseq	1552	1871	597	bio1	1.296656	1.339868	6.899196
MGYG000002470__gradient_L4_xos_gapseq	1552	1871	597	bio1	1.492300	1.350874	6.900545
MGYG000002470__gradient_L5_pectin_gapseq	1552	1871	597	bio1	1.554740	1.346599	6.914382
MGYG000002470__gradient_L6_resistant_starch_gapseq	1552	1871	597	bio1	2.295836	1.361527	6.814638
MGYG000002470__gradient_L7_bglucan_gapseq	1552	1871	597	bio1	2.517587	1.415804	6.789021
MGYG000002470__gradient_L8_hmo_gapseq	1552	1871	597	bio1	2.517587	1.448648	6.777091
MGYG000002470__gradient_L9_mos_gapseq	1552	1871	597	bio1	2.661630	1.450739	6.828271
MGYG000002471__gradient_L0_base_gapseq	2165	2668	1074	bio1	1.575100	2.033835	13.874280
MGYG000002471__gradient_L1_inulin_gapseq	2165	2668	1074	bio1	1.872434	2.102319	13.719882
MGYG000002471__gradient_L2_fos_gapseq	2165	2668	1074	bio1	1.872434	2.052121	13.749701
MGYG000002471__gradient_L3_gos_gapseq	2165	2668	1074	bio1	2.194927	2.034294	13.856410
MGYG000002471__gradient_L4_xos_gapseq	2165	2668	1074	bio1	2.357474	2.043708	13.866594
MGYG000002471__gradient_L5_pectin_gapseq	2165	2668	1074	bio1	2.357474	2.043670	13.753657
MGYG000002471__gradient_L6_resistant_starch_gapseq	2165	2668	1074	bio1	2.972378	2.026889	13.817295
MGYG000002471__gradient_L7_bglucan_gapseq	2165	2668	1074	bio1	3.181572	2.024413	13.711221
MGYG000002471__gradient_L8_hmo_gapseq	2165	2668	1074	bio1	3.181572	2.102539	13.800986
MGYG000002471__gradient_L9_mos_gapseq	2165	2668	1074	bio1	3.195793	1.961742	13.837720
MGYG000002475__gradient_L0_base_gapseq	1673	1947	698	bio1	0.000000	1.496859	0.091062
MGYG000002475__gradient_L1_inulin_gapseq	1673	1947	698	bio1	0.000000	1.531349	0.091019
MGYG000002475__gradient_L2_fos_gapseq	1673	1947	698	bio1	0.000000	1.557080	0.091126
MGYG000002475__gradient_L3_gos_gapseq	1673	1947	698	bio1	1.401167	1.477652	7.697136
MGYG000002475__gradient_L4_xos_gapseq	1673	1947	698	bio1	1.516748	1.453884	7.591379
MGYG000002475__gradient_L5_pectin_gapseq	1673	1947	698	bio1	1.516748	1.469525	7.650908
MGYG000002475__gradient_L6_resistant_starch_gapseq	1673	1947	698	bio1	2.094658	1.541795	7.545472
MGYG000002475__gradient_L7_bglucan_gapseq	1673	1947	698	bio1	2.094658	1.557013	7.565258
MGYG000002475__gradient_L8_hmo_gapseq	1673	1947	698	bio1	2.228489	1.567626	7.555113
MGYG000002475__gradient_L9_mos_gapseq	1673	1947	698	bio1	2.228489	1.571303	7.511361
MGYG000002476__gradient_L0_base_gapseq	2163	2648	1038	bio1	1.385577	1.958198	13.407211
MGYG000002476__gradient_L1_inulin_gapseq	2163	2648	1038	bio1	1.643761	2.020054	13.321108
MGYG000002476__gradient_L2_fos_gapseq	2163	2648	1038	bio1	1.643761	2.050897	13.279631
MGYG000002476__gradient_L3_gos_gapseq	2163	2648	1038	bio1	1.925416	2.028178	13.241671
MGYG000002476__gradient_L4_xos_gapseq	2163	2648	1038	bio1	2.075632	2.076753	13.210391
MGYG000002476__gradient_L5_pectin_gapseq	2163	2648	1038	bio1	2.110839	2.109005	13.174244
MGYG000002476__gradient_L6_resistant_starch_gapseq	2163	2648	1038	bio1	2.646688	2.013989	13.303606
MGYG000002476__gradient_L7_bglucan_gapseq	2163	2648	1038	bio1	2.822652	2.022993	13.240058
MGYG000002476__gradient_L8_hmo_gapseq	2163	2648	1038	bio1	2.822652	2.117539	13.242051
MGYG000002476__gradient_L9_mos_gapseq	2163	2648	1038	bio1	2.944306	2.169283	13.254559
MGYG000002479__gradient_L0_base_gapseq	1256	1333	306	bio1	0.226120	1.065191	3.786645
MGYG000002479__gradient_L1_inulin_gapseq	1256	1333	306	bio1	0.226120	0.974601	3.859278
MGYG000002479__gradient_L2_fos_gapseq	1256	1333	306	bio1	0.226120	0.982000	3.767259
MGYG000002479__gradient_L3_gos_gapseq	1256	1333	306	bio1	0.226120	1.046409	3.773668
MGYG000002479__gradient_L4_xos_gapseq	1256	1333	306	bio1	0.226120	0.954789	3.832894
MGYG000002479__gradient_L5_pectin_gapseq	1256	1333	306	bio1	0.226120	0.973067	3.782464
MGYG000002479__gradient_L6_resistant_starch_gapseq	1256	1333	306	bio1	0.226120	1.036220	3.789067
MGYG000002479__gradient_L7_bglucan_gapseq	1256	1333	306	bio1	0.226120	1.049548	3.784457
MGYG000002479__gradient_L8_hmo_gapseq	1256	1333	306	bio1	0.226120	0.980492	3.755832
MGYG000002479__gradient_L9_mos_gapseq	1256	1333	306	bio1	0.226120	1.059765	3.799405
MGYG000002480__gradient_L0_base_gapseq	1199	1243	318	bio1	0.000000	0.910633	0.038541
MGYG000002480__gradient_L1_inulin_gapseq	1199	1243	318	bio1	0.000000	1.017140	0.038943
MGYG000002480__gradient_L2_fos_gapseq	1199	1243	318	bio1	0.000000	0.917767	0.039536
MGYG000002480__gradient_L3_gos_gapseq	1199	1243	318	bio1	0.000000	0.991793	0.039054
MGYG000002480__gradient_L4_xos_gapseq	1199	1243	318	bio1	0.000000	0.910363	0.040348
MGYG000002480__gradient_L5_pectin_gapseq	1199	1243	318	bio1	0.517854	0.905921	3.394037
MGYG000002480__gradient_L6_resistant_starch_gapseq	1199	1243	318	bio1	0.517854	0.915416	3.292566
MGYG000002480__gradient_L7_bglucan_gapseq	1199	1243	318	bio1	0.517854	1.019090	3.287234
MGYG000002480__gradient_L8_hmo_gapseq	1199	1243	318	bio1	0.517854	0.912318	3.406879
MGYG000002480__gradient_L9_mos_gapseq	1199	1243	318	bio1	0.517854	0.903953	3.293434
MGYG000002482__gradient_L0_base_gapseq	1112	1230	292	bio1	0.120224	0.871943	3.319268
MGYG000002482__gradient_L1_inulin_gapseq	1112	1230	292	bio1	0.248692	0.882390	3.239852
MGYG000002482__gradient_L2_fos_gapseq	1112	1230	292	bio1	0.248692	0.959303	3.259749
MGYG000002482__gradient_L3_gos_gapseq	1112	1230	292	bio1	0.326117	0.871544	3.375234
MGYG000002482__gradient_L4_xos_gapseq	1112	1230	292	bio1	0.326117	0.881497	3.211016
MGYG000002482__gradient_L5_pectin_gapseq	1112	1230	292	bio1	0.326117	0.865320	3.286597
MGYG000002482__gradient_L6_resistant_starch_gapseq	1112	1230	292	bio1	0.769557	0.867748	3.242140
MGYG000002482__gradient_L7_bglucan_gapseq	1112	1230	292	bio1	0.769557	0.943327	3.244207
MGYG000002482__gradient_L8_hmo_gapseq	1112	1230	292	bio1	0.769557	0.884680	3.332238
MGYG000002482__gradient_L9_mos_gapseq	1112	1230	292	bio1	0.769557	0.878344	3.260955
MGYG000002484__gradient_L0_base_gapseq	2211	2771	1085	bio1	1.242783	2.127873	14.825301
MGYG000002484__gradient_L1_inulin_gapseq	2211	2771	1085	bio1	1.589534	2.048399	14.971660
MGYG000002484__gradient_L2_fos_gapseq	2211	2771	1085	bio1	1.589534	2.029418	14.812433
MGYG000002484__gradient_L3_gos_gapseq	2211	2771	1085	bio1	1.930545	2.116619	14.889173
MGYG000002484__gradient_L4_xos_gapseq	2211	2771	1085	bio1	2.110025	2.041051	14.858253
MGYG000002484__gradient_L5_pectin_gapseq	2211	2771	1085	bio1	2.156966	2.122241	14.895308
MGYG000002484__gradient_L6_resistant_starch_gapseq	2211	2771	1085	bio1	2.833937	2.043353	14.838820
MGYG000002484__gradient_L7_bglucan_gapseq	2211	2771	1085	bio1	3.054417	2.147019	14.885590
MGYG000002484__gradient_L8_hmo_gapseq	2211	2771	1085	bio1	3.054417	2.031416	14.816946
MGYG000002484__gradient_L9_mos_gapseq	2211	2771	1085	bio1	3.197128	2.177007	14.932608
MGYG000002489__gradient_L0_base_gapseq	1519	1651	433	bio1	0.227797	1.291774	5.616132
MGYG000002489__gradient_L1_inulin_gapseq	1519	1651	433	bio1	0.303732	1.255997	5.615420
MGYG000002489__gradient_L2_fos_gapseq	1519	1651	433	bio1	0.303732	1.192364	5.724039
MGYG000002489__gradient_L3_gos_gapseq	1519	1651	433	bio1	0.303732	1.192916	5.682035
MGYG000002489__gradient_L4_xos_gapseq	1519	1651	433	bio1	0.303732	1.205268	5.611370
MGYG000002489__gradient_L5_pectin_gapseq	1519	1651	433	bio1	0.303732	1.344889	5.623559
MGYG000002489__gradient_L6_resistant_starch_gapseq	1519	1651	433	bio1	0.370176	1.269523	5.676163
MGYG000002489__gradient_L7_bglucan_gapseq	1519	1651	433	bio1	0.370176	1.294682	5.622740
MGYG000002489__gradient_L8_hmo_gapseq	1519	1651	433	bio1	0.370176	1.214621	5.746978
MGYG000002489__gradient_L9_mos_gapseq	1519	1651	433	bio1	0.370176	1.201076	5.750758
MGYG000002494__gradient_L0_base_gapseq	2282	2863	1321	bio1	1.784371	2.233562	15.747921
MGYG000002494__gradient_L1_inulin_gapseq	2282	2863	1321	bio1	2.120052	2.246497	15.837830
MGYG000002494__gradient_L2_fos_gapseq	2282	2863	1321	bio1	2.120052	2.136875	15.970373
MGYG000002494__gradient_L3_gos_gapseq	2282	2863	1321	bio1	2.471451	2.220986	15.818864
MGYG000002494__gradient_L4_xos_gapseq	2282	2863	1321	bio1	2.651703	2.214949	15.952533
MGYG000002494__gradient_L5_pectin_gapseq	2282	2863	1321	bio1	2.705365	2.379945	15.906490
MGYG000002494__gradient_L6_resistant_starch_gapseq	2282	2863	1321	bio1	3.419289	2.162659	15.962258
MGYG000002494__gradient_L7_bglucan_gapseq	2282	2863	1321	bio1	3.652131	2.205279	15.717052
MGYG000002494__gradient_L8_hmo_gapseq	2282	2863	1321	bio1	3.652131	2.227458	15.895962
MGYG000002494__gradient_L9_mos_gapseq	2282	2863	1321	bio1	3.803310	2.305293	15.792630
MGYG000002495__gradient_L0_base_gapseq	2314	2919	1354	bio1	1.801691	2.305377	16.081009
MGYG000002495__gradient_L1_inulin_gapseq	2314	2919	1354	bio1	2.121084	2.265122	16.022574
MGYG000002495__gradient_L2_fos_gapseq	2314	2919	1354	bio1	2.121084	2.298709	16.008292
MGYG000002495__gradient_L3_gos_gapseq	2314	2919	1354	bio1	2.454759	2.277851	16.102181
MGYG000002495__gradient_L4_xos_gapseq	2314	2919	1354	bio1	2.625213	2.260527	16.034581
MGYG000002495__gradient_L5_pectin_gapseq	2314	2919	1354	bio1	2.674031	2.309817	16.105604
MGYG000002495__gradient_L6_resistant_starch_gapseq	2314	2919	1354	bio1	3.355576	2.291351	16.071457
MGYG000002495__gradient_L7_bglucan_gapseq	2314	2919	1354	bio1	3.579836	2.298171	16.063236
MGYG000002495__gradient_L8_hmo_gapseq	2314	2919	1354	bio1	3.579836	2.284893	16.000271
MGYG000002495__gradient_L9_mos_gapseq	2314	2919	1354	bio1	3.725273	2.297573	15.979120
MGYG000002500__gradient_L0_base_gapseq	2290	2896	1298	bio1	1.260111	2.233510	16.524618
MGYG000002500__gradient_L1_inulin_gapseq	2290	2896	1298	bio1	1.595340	2.232464	16.630780
MGYG000002500__gradient_L2_fos_gapseq	2290	2896	1298	bio1	1.595340	2.241070	16.612536
MGYG000002500__gradient_L3_gos_gapseq	2290	2896	1298	bio1	1.935040	2.210534	16.569216
MGYG000002500__gradient_L4_xos_gapseq	2290	2896	1298	bio1	2.113829	2.265567	16.547116
MGYG000002500__gradient_L5_pectin_gapseq	2290	2896	1298	bio1	2.160589	2.164499	16.549665
MGYG000002500__gradient_L6_resistant_starch_gapseq	2290	2896	1298	bio1	2.835920	2.309416	16.479762
MGYG000002500__gradient_L7_bglucan_gapseq	2290	2896	1298	bio1	3.056026	2.235949	16.683189
MGYG000002500__gradient_L8_hmo_gapseq	2290	2896	1298	bio1	3.056026	2.165555	16.634272
MGYG000002500__gradient_L9_mos_gapseq	2290	2896	1298	bio1	3.198469	2.221217	16.461811
MGYG000002505__gradient_L0_base_gapseq	1542	1662	424	bio1	0.219815	1.249042	5.634420
MGYG000002505__gradient_L1_inulin_gapseq	1542	1662	424	bio1	0.320912	1.354451	5.634294
MGYG000002505__gradient_L2_fos_gapseq	1542	1662	424	bio1	0.320912	1.283922	5.611068
MGYG000002505__gradient_L3_gos_gapseq	1542	1662	424	bio1	0.320912	1.304003	5.647146
MGYG000002505__gradient_L4_xos_gapseq	1542	1662	424	bio1	0.320912	1.298576	5.643938
MGYG000002505__gradient_L5_pectin_gapseq	1542	1662	424	bio1	0.320912	1.198075	5.748271
MGYG000002505__gradient_L6_resistant_starch_gapseq	1542	1662	424	bio1	0.693662	1.209128	5.725489
MGYG000002505__gradient_L7_bglucan_gapseq	1542	1662	424	bio1	0.693662	1.206884	5.605962
MGYG000002505__gradient_L8_hmo_gapseq	1542	1662	424	bio1	0.693662	1.283902	5.627248
MGYG000002505__gradient_L9_mos_gapseq	1542	1662	424	bio1	0.693662	1.301970	5.635593
MGYG000002506__gradient_L0_base_gapseq	2344	2930	1347	bio1	1.788566	2.297935	16.458506
MGYG000002506__gradient_L1_inulin_gapseq	2344	2930	1347	bio1	2.105478	2.302062	16.457958
MGYG000002506__gradient_L2_fos_gapseq	2344	2930	1347	bio1	2.105478	2.241951	16.354991
MGYG000002506__gradient_L3_gos_gapseq	2344	2930	1347	bio1	2.439038	2.300197	16.455769
MGYG000002506__gradient_L4_xos_gapseq	2344	2930	1347	bio1	2.609499	2.298008	16.566385
MGYG000002506__gradient_L5_pectin_gapseq	2344	2930	1347	bio1	2.658319	2.255609	16.610353
MGYG000002506__gradient_L6_resistant_starch_gapseq	2344	2930	1347	bio1	3.339970	2.300505	16.370014
MGYG000002506__gradient_L7_bglucan_gapseq	2344	2930	1347	bio1	3.564240	2.204987	16.659796
MGYG000002506__gradient_L8_hmo_gapseq	2344	2930	1347	bio1	3.564240	2.297105	16.456869
MGYG000002506__gradient_L9_mos_gapseq	2344	2930	1347	bio1	3.709682	2.174226	16.546308
MGYG000002507__gradient_L0_base_gapseq	2237	2777	1207	bio1	1.740524	2.288185	14.865098
MGYG000002507__gradient_L1_inulin_gapseq	2237	2777	1207	bio1	1.901676	2.284975	14.837748
MGYG000002507__gradient_L2_fos_gapseq	2237	2777	1207	bio1	1.901676	2.195892	14.820510
MGYG000002507__gradient_L3_gos_gapseq	2237	2777	1207	bio1	2.238368	2.135998	14.993104
MGYG000002507__gradient_L4_xos_gapseq	2237	2777	1207	bio1	2.417641	2.145417	14.868763
MGYG000002507__gradient_L5_pectin_gapseq	2237	2777	1207	bio1	2.417641	2.170255	14.774219
MGYG000002507__gradient_L6_resistant_starch_gapseq	2237	2777	1207	bio1	3.122809	2.174271	14.877898
MGYG000002507__gradient_L7_bglucan_gapseq	2237	2777	1207	bio1	3.355030	2.150052	14.911840
MGYG000002507__gradient_L8_hmo_gapseq	2237	2777	1207	bio1	3.355030	2.189177	14.826093
MGYG000002507__gradient_L9_mos_gapseq	2237	2777	1207	bio1	3.505567	2.081633	14.968020
MGYG000002509__gradient_L0_base_gapseq	1231	1255	302	bio1	0.000000	0.900420	0.041313
MGYG000002509__gradient_L1_inulin_gapseq	1231	1255	302	bio1	0.276430	0.896507	3.344947
MGYG000002509__gradient_L2_fos_gapseq	1231	1255	302	bio1	0.276430	0.937757	3.214226
MGYG000002509__gradient_L3_gos_gapseq	1231	1255	302	bio1	0.276430	1.005104	3.226226
MGYG000002509__gradient_L4_xos_gapseq	1231	1255	302	bio1	0.276430	0.937925	3.214266
MGYG000002509__gradient_L5_pectin_gapseq	1231	1255	302	bio1	0.276430	0.977047	3.222959
MGYG000002509__gradient_L6_resistant_starch_gapseq	1231	1255	302	bio1	0.276430	0.947469	3.304301
MGYG000002509__gradient_L7_bglucan_gapseq	1231	1255	302	bio1	0.276430	0.891003	3.216079
MGYG000002509__gradient_L8_hmo_gapseq	1231	1255	302	bio1	0.276430	0.988590	3.215662
MGYG000002509__gradient_L9_mos_gapseq	1231	1255	302	bio1	0.276430	0.938106	3.305722
MGYG000002512__gradient_L0_base_gapseq	1971	2383	876	bio1	1.516697	1.804894	10.847616
MGYG000002512__gradient_L1_inulin_gapseq	1971	2383	876	bio1	1.668278	1.765475	10.982012
MGYG000002512__gradient_L2_fos_gapseq	1971	2383	876	bio1	1.668278	1.839045	10.910701
MGYG000002512__gradient_L3_gos_gapseq	1971	2383	876	bio1	1.975499	1.836009	10.889461
MGYG000002512__gradient_L4_xos_gapseq	1971	2383	876	bio1	2.043169	1.783894	10.945928
MGYG000002512__gradient_L5_pectin_gapseq	1971	2383	876	bio1	2.043169	1.760296	10.876462
MGYG000002512__gradient_L6_resistant_starch_gapseq	1971	2383	876	bio1	2.194749	1.790999	11.019284
MGYG000002512__gradient_L7_bglucan_gapseq	1971	2383	876	bio1	2.194749	1.833316	10.794051
MGYG000002512__gradient_L8_hmo_gapseq	1971	2383	876	bio1	2.194749	1.840081	10.896333
MGYG000002512__gradient_L9_mos_gapseq	1971	2383	876	bio1	2.341628	1.777976	10.909363
MGYG000002516__gradient_L0_base_gapseq	2073	2534	816	bio1	1.340662	1.937125	12.659380
MGYG000002516__gradient_L1_inulin_gapseq	2073	2534	816	bio1	1.621137	1.885223	12.838057
MGYG000002516__gradient_L2_fos_gapseq	2073	2534	816	bio1	1.621137	1.846771	12.831263
MGYG000002516__gradient_L3_gos_gapseq	2073	2534	816	bio1	1.914233	1.849660	12.623390
MGYG000002516__gradient_L4_xos_gapseq	2073	2534	816	bio1	1.975505	1.954076	12.669928
MGYG000002516__gradient_L5_pectin_gapseq	2073	2534	816	bio1	1.975505	1.824652	12.863495
MGYG000002516__gradient_L6_resistant_starch_gapseq	2073	2534	816	bio1	2.276100	1.807451	12.669823
MGYG000002516__gradient_L7_bglucan_gapseq	2073	2534	816	bio1	2.276100	1.881155	12.697320
MGYG000002516__gradient_L8_hmo_gapseq	2073	2534	816	bio1	2.276100	1.832724	12.710803
MGYG000002516__gradient_L9_mos_gapseq	2073	2534	816	bio1	2.276100	1.807938	12.706648
MGYG000002517__gradient_L0_base_gapseq	1501	1740	455	bio1	0.000000	1.246682	0.072430
MGYG000002517__gradient_L1_inulin_gapseq	1501	1740	455	bio1	0.000000	1.343004	0.072943
MGYG000002517__gradient_L2_fos_gapseq	1501	1740	455	bio1	0.000000	1.248540	0.072584
MGYG000002517__gradient_L3_gos_gapseq	1501	1740	455	bio1	1.156083	1.389330	5.932317
MGYG000002517__gradient_L4_xos_gapseq	1501	1740	455	bio1	1.192671	1.378055	5.919776
MGYG000002517__gradient_L5_pectin_gapseq	1501	1740	455	bio1	1.228609	1.339349	5.980405
MGYG000002517__gradient_L6_resistant_starch_gapseq	1501	1740	455	bio1	1.769920	1.334484	5.967367
MGYG000002517__gradient_L7_bglucan_gapseq	1501	1740	455	bio1	1.951854	1.234846	6.049266
MGYG000002517__gradient_L8_hmo_gapseq	1501	1740	455	bio1	2.086620	1.241610	5.973084
MGYG000002517__gradient_L9_mos_gapseq	1501	1740	455	bio1	2.176464	1.247939	5.998976
MGYG000002524__gradient_L0_base_gapseq	2157	2665	1057	bio1	1.582907	2.038135	13.448747
MGYG000002524__gradient_L1_inulin_gapseq	2157	2665	1057	bio1	1.878836	2.065392	13.539619
MGYG000002524__gradient_L2_fos_gapseq	2157	2665	1057	bio1	1.878836	2.025021	13.494338
MGYG000002524__gradient_L3_gos_gapseq	2157	2665	1057	bio1	2.177078	2.019256	13.444206
MGYG000002524__gradient_L4_xos_gapseq	2157	2665	1057	bio1	2.323414	2.071047	13.530411
MGYG000002524__gradient_L5_pectin_gapseq	2157	2665	1057	bio1	2.323414	2.041041	13.503144
MGYG000002524__gradient_L6_resistant_starch_gapseq	2157	2665	1057	bio1	2.914586	2.066848	13.479230
MGYG000002524__gradient_L7_bglucan_gapseq	2157	2665	1057	bio1	3.113066	2.088073	13.492609
MGYG000002524__gradient_L8_hmo_gapseq	2157	2665	1057	bio1	3.113066	2.082138	13.459331
MGYG000002524__gradient_L9_mos_gapseq	2157	2665	1057	bio1	3.195793	2.014878	13.530248
MGYG000002526__gradient_L0_base_gapseq	1963	2464	941	bio1	1.359848	1.875603	11.763661
MGYG000002526__gradient_L1_inulin_gapseq	1963	2464	941	bio1	1.680667	1.941037	11.838087
MGYG000002526__gradient_L2_fos_gapseq	1963	2464	941	bio1	1.680667	1.868925	11.789940
MGYG000002526__gradient_L3_gos_gapseq	1963	2464	941	bio1	2.003073	1.924988	11.761962
MGYG000002526__gradient_L4_xos_gapseq	1963	2464	941	bio1	2.167198	1.851247	11.803671
MGYG000002526__gradient_L5_pectin_gapseq	1963	2464	941	bio1	2.218459	1.951787	11.885112
MGYG000002526__gradient_L6_resistant_starch_gapseq	1963	2464	941	bio1	2.864741	1.856209	11.807231
MGYG000002526__gradient_L7_bglucan_gapseq	1963	2464	941	bio1	3.079652	1.917990	11.845328
MGYG000002526__gradient_L8_hmo_gapseq	1963	2464	941	bio1	3.079652	1.862889	11.810939
MGYG000002526__gradient_L9_mos_gapseq	1963	2464	941	bio1	3.226512	1.948929	11.821259
MGYG000002530__gradient_L0_base_gapseq	1207	1352	311	bio1	0.000000	1.034231	0.047146
MGYG000002530__gradient_L1_inulin_gapseq	1207	1352	311	bio1	0.584016	0.970874	3.933879
MGYG000002530__gradient_L2_fos_gapseq	1207	1352	311	bio1	0.584016	0.958032	3.834506
MGYG000002530__gradient_L3_gos_gapseq	1207	1352	311	bio1	0.927169	1.044570	3.831774
MGYG000002530__gradient_L4_xos_gapseq	1207	1352	311	bio1	0.927169	0.974214	3.830449
MGYG000002530__gradient_L5_pectin_gapseq	1207	1352	311	bio1	0.927169	1.052755	3.835125
MGYG000002530__gradient_L6_resistant_starch_gapseq	1207	1352	311	bio1	1.625347	1.039511	3.817889
MGYG000002530__gradient_L7_bglucan_gapseq	1207	1352	311	bio1	1.869464	1.007668	3.839997
MGYG000002530__gradient_L8_hmo_gapseq	1207	1352	311	bio1	1.869464	1.051501	3.845941
MGYG000002530__gradient_L9_mos_gapseq	1207	1352	311	bio1	2.002998	1.022679	3.834796
MGYG000002532__gradient_L0_base_gapseq	1886	2279	824	bio1	1.246489	1.687751	10.221801
MGYG000002532__gradient_L1_inulin_gapseq	1886	2279	824	bio1	1.387270	1.682339	10.254437
MGYG000002532__gradient_L2_fos_gapseq	1886	2279	824	bio1	1.387270	1.706868	10.315111
MGYG000002532__gradient_L3_gos_gapseq	1886	2279	824	bio1	1.671031	1.686138	10.229954
MGYG000002532__gradient_L4_xos_gapseq	1886	2279	824	bio1	1.833593	1.683521	10.266723
MGYG000002532__gradient_L5_pectin_gapseq	1886	2279	824	bio1	1.833593	1.689374	10.211688
MGYG000002532__gradient_L6_resistant_starch_gapseq	1886	2279	824	bio1	2.417086	1.676517	10.296290
MGYG000002532__gradient_L7_bglucan_gapseq	1886	2279	824	bio1	2.599399	1.695497	10.275609
MGYG000002532__gradient_L8_hmo_gapseq	1886	2279	824	bio1	2.599399	1.679842	10.285272
MGYG000002532__gradient_L9_mos_gapseq	1886	2279	824	bio1	2.694390	1.694770	10.210032
MGYG000002534__gradient_L0_base_gapseq	2358	2997	1418	bio1	1.736986	2.296515	17.713423
MGYG000002534__gradient_L1_inulin_gapseq	2358	2997	1418	bio1	2.070306	2.316601	17.609633
MGYG000002534__gradient_L2_fos_gapseq	2358	2997	1418	bio1	2.070306	2.306352	17.688460
MGYG000002534__gradient_L3_gos_gapseq	2358	2997	1418	bio1	2.415597	2.300677	17.854145
MGYG000002534__gradient_L4_xos_gapseq	2358	2997	1418	bio1	2.587741	2.328980	17.631121
MGYG000002534__gradient_L5_pectin_gapseq	2358	2997	1418	bio1	2.637043	2.331977	17.613387
MGYG000002534__gradient_L6_resistant_starch_gapseq	2358	2997	1418	bio1	3.324832	2.362426	17.685636
MGYG000002534__gradient_L7_bglucan_gapseq	2358	2997	1418	bio1	3.550144	2.346816	17.537988
MGYG000002534__gradient_L8_hmo_gapseq	2358	2997	1418	bio1	3.550144	2.442118	17.619278
MGYG000002534__gradient_L9_mos_gapseq	2358	2997	1418	bio1	3.696263	2.302279	17.780511
MGYG000002535__gradient_L0_base_gapseq	2354	2900	1305	bio1	1.856593	2.309418	16.275450
MGYG000002535__gradient_L1_inulin_gapseq	2354	2900	1305	bio1	2.188791	2.329795	16.187711
MGYG000002535__gradient_L2_fos_gapseq	2354	2900	1305	bio1	2.188791	2.248339	16.212537
MGYG000002535__gradient_L3_gos_gapseq	2354	2900	1305	bio1	2.538196	2.314996	16.211242
MGYG000002535__gradient_L4_xos_gapseq	2354	2900	1305	bio1	2.716706	2.241945	16.159822
MGYG000002535__gradient_L5_pectin_gapseq	2354	2900	1305	bio1	2.769850	2.305642	16.126183
MGYG000002535__gradient_L6_resistant_starch_gapseq	2354	2900	1305	bio1	3.477206	2.275130	16.303836
MGYG000002535__gradient_L7_bglucan_gapseq	2354	2900	1305	bio1	3.709005	2.307263	16.163275
MGYG000002535__gradient_L8_hmo_gapseq	2354	2900	1305	bio1	3.709005	2.276931	16.167236
MGYG000002535__gradient_L9_mos_gapseq	2354	2900	1305	bio1	3.859507	2.375938	16.293123
MGYG000002542__gradient_L0_base_gapseq	1525	1823	496	bio1	0.471106	1.367469	6.388915
MGYG000002542__gradient_L1_inulin_gapseq	1525	1823	496	bio1	0.640708	1.371106	6.427791
MGYG000002542__gradient_L2_fos_gapseq	1525	1823	496	bio1	0.640708	1.317577	6.328150
MGYG000002542__gradient_L3_gos_gapseq	1525	1823	496	bio1	0.803243	1.382608	6.306564
MGYG000002542__gradient_L4_xos_gapseq	1525	1823	496	bio1	0.904667	1.403956	6.335770
MGYG000002542__gradient_L5_pectin_gapseq	1525	1823	496	bio1	0.904667	1.461933	6.320298
MGYG000002542__gradient_L6_resistant_starch_gapseq	1525	1823	496	bio1	1.238737	1.396934	6.345235
MGYG000002542__gradient_L7_bglucan_gapseq	1525	1823	496	bio1	1.238737	1.453919	6.313173
MGYG000002542__gradient_L8_hmo_gapseq	1525	1823	496	bio1	1.238737	1.406103	6.324632
MGYG000002542__gradient_L9_mos_gapseq	1525	1823	496	bio1	1.306267	1.401955	6.329956
MGYG000002544__gradient_L0_base_gapseq	1424	1507	424	bio1	0.000000	1.105003	0.051506
MGYG000002544__gradient_L1_inulin_gapseq	1424	1507	424	bio1	0.644501	1.220301	4.619836
MGYG000002544__gradient_L2_fos_gapseq	1424	1507	424	bio1	0.644501	1.155350	4.729612
MGYG000002544__gradient_L3_gos_gapseq	1424	1507	424	bio1	0.777098	1.147745	4.602172
MGYG000002544__gradient_L4_xos_gapseq	1424	1507	424	bio1	0.777098	1.245847	4.565676
MGYG000002544__gradient_L5_pectin_gapseq	1424	1507	424	bio1	0.777098	1.211880	4.674246
MGYG000002544__gradient_L6_resistant_starch_gapseq	1424	1507	424	bio1	0.919604	1.149037	4.752346
MGYG000002544__gradient_L7_bglucan_gapseq	1424	1507	424	bio1	0.919604	1.074454	4.599733
MGYG000002544__gradient_L8_hmo_gapseq	1424	1507	424	bio1	0.919604	1.206732	4.598303
MGYG000002544__gradient_L9_mos_gapseq	1424	1507	424	bio1	0.919604	1.229638	4.599077
MGYG000002547__gradient_L0_base_gapseq	1567	1742	458	bio1	1.111436	1.350766	6.048576
MGYG000002547__gradient_L1_inulin_gapseq	1567	1742	458	bio1	1.243091	1.254544	6.110847
MGYG000002547__gradient_L2_fos_gapseq	1567	1742	458	bio1	1.243091	1.245952	6.094840
MGYG000002547__gradient_L3_gos_gapseq	1567	1742	458	bio1	1.328118	1.275693	6.137313
MGYG000002547__gradient_L4_xos_gapseq	1567	1742	458	bio1	1.405251	1.245956	6.077444
MGYG000002547__gradient_L5_pectin_gapseq	1567	1742	458	bio1	1.405251	1.339567	6.072689
MGYG000002547__gradient_L6_resistant_starch_gapseq	1567	1742	458	bio1	2.007900	1.350364	6.031199
MGYG000002547__gradient_L7_bglucan_gapseq	1567	1742	458	bio1	2.213380	1.330397	6.002093
MGYG000002547__gradient_L8_hmo_gapseq	1567	1742	458	bio1	2.213380	1.353287	6.008425
MGYG000002547__gradient_L9_mos_gapseq	1567	1742	458	bio1	2.213380	1.359114	5.995839
MGYG000002552__gradient_L0_base_gapseq	1338	1454	400	bio1	0.000000	1.166229	0.052374
MGYG000002552__gradient_L1_inulin_gapseq	1338	1454	400	bio1	0.000000	1.054691	0.053567
MGYG000002552__gradient_L2_fos_gapseq	1338	1454	400	bio1	0.000000	1.157602	0.053235
MGYG000002552__gradient_L3_gos_gapseq	1338	1454	400	bio1	0.457398	1.062601	4.195034
MGYG000002552__gradient_L4_xos_gapseq	1338	1454	400	bio1	0.457398	1.153224	4.184796
MGYG000002552__gradient_L5_pectin_gapseq	1338	1454	400	bio1	0.490070	1.134516	4.195040
MGYG000002552__gradient_L6_resistant_starch_gapseq	1338	1454	400	bio1	0.931142	1.069502	4.341902
MGYG000002552__gradient_L7_bglucan_gapseq	1338	1454	400	bio1	0.931142	1.059323	4.234824
MGYG000002552__gradient_L8_hmo_gapseq	1338	1454	400	bio1	0.931142	1.142034	4.216375
MGYG000002552__gradient_L9_mos_gapseq	1338	1454	400	bio1	1.005508	1.059053	4.283158
MGYG000002558__gradient_L0_base_gapseq	1461	1636	380	bio1	0.297075	1.254513	5.483172
MGYG000002558__gradient_L1_inulin_gapseq	1461	1636	380	bio1	0.391798	1.302811	5.460490
MGYG000002558__gradient_L2_fos_gapseq	1461	1636	380	bio1	0.391798	1.146311	5.555412
MGYG000002558__gradient_L3_gos_gapseq	1461	1636	380	bio1	0.462841	1.202238	5.612282
MGYG000002558__gradient_L4_xos_gapseq	1461	1636	380	bio1	0.552363	1.175878	5.501511
MGYG000002558__gradient_L5_pectin_gapseq	1461	1636	380	bio1	0.584318	1.352633	5.475924
MGYG000002558__gradient_L6_resistant_starch_gapseq	1461	1636	380	bio1	0.842244	1.341034	5.575200
MGYG000002558__gradient_L7_bglucan_gapseq	1461	1636	380	bio1	0.999739	1.302552	5.489208
MGYG000002558__gradient_L8_hmo_gapseq	1461	1636	380	bio1	0.999739	1.207376	5.576542
MGYG000002558__gradient_L9_mos_gapseq	1461	1636	380	bio1	1.100170	1.158977	5.584551
MGYG000002579__gradient_L0_base_gapseq	1365	1602	365	bio1	0.491697	1.115263	5.014632
MGYG000002579__gradient_L1_inulin_gapseq	1365	1602	365	bio1	0.649044	1.171569	4.956199
MGYG000002579__gradient_L2_fos_gapseq	1365	1602	365	bio1	0.649044	1.232908	4.924146
MGYG000002579__gradient_L3_gos_gapseq	1365	1602	365	bio1	0.811307	1.188385	4.948997
MGYG000002579__gradient_L4_xos_gapseq	1365	1602	365	bio1	0.811307	1.121918	5.036837
MGYG000002579__gradient_L5_pectin_gapseq	1365	1602	365	bio1	0.811307	1.109426	5.059591
MGYG000002579__gradient_L6_resistant_starch_gapseq	1365	1602	365	bio1	1.134146	1.190492	5.011113
MGYG000002579__gradient_L7_bglucan_gapseq	1365	1602	365	bio1	1.241593	1.264722	4.935844
MGYG000002579__gradient_L8_hmo_gapseq	1365	1602	365	bio1	1.241593	1.225986	4.952920
MGYG000002579__gradient_L9_mos_gapseq	1365	1602	365	bio1	1.241593	1.248754	4.963496
MGYG000002581__gradient_L0_base_gapseq	892	847	130	bio1	0.000000	0.603489	0.019993
MGYG000002581__gradient_L1_inulin_gapseq	892	847	130	bio1	0.000000	0.601971	0.023343
MGYG000002581__gradient_L2_fos_gapseq	892	847	130	bio1	0.000000	0.709902	0.023574
MGYG000002581__gradient_L3_gos_gapseq	892	847	130	bio1	0.000000	0.592203	0.023120
MGYG000002581__gradient_L4_xos_gapseq	892	847	130	bio1	0.000000	0.610515	0.023474
MGYG000002581__gradient_L5_pectin_gapseq	892	847	130	bio1	0.000000	0.607215	0.023094
MGYG000002581__gradient_L6_resistant_starch_gapseq	892	847	130	bio1	0.000000	0.669350	0.023463
MGYG000002581__gradient_L7_bglucan_gapseq	892	847	130	bio1	0.000000	0.609773	0.023270
MGYG000002581__gradient_L8_hmo_gapseq	892	847	130	bio1	0.000000	0.642821	0.024526
MGYG000002581__gradient_L9_mos_gapseq	892	847	130	bio1	0.000000	0.625736	0.111104
MGYG000002582__gradient_L0_base_gapseq	1404	1586	406	bio1	0.273161	1.116568	4.989834
MGYG000002582__gradient_L1_inulin_gapseq	1404	1586	406	bio1	0.393721	1.268325	5.060460
MGYG000002582__gradient_L2_fos_gapseq	1404	1586	406	bio1	0.393721	1.228419	5.017873
MGYG000002582__gradient_L3_gos_gapseq	1404	1586	406	bio1	0.463263	1.162001	5.111755
MGYG000002582__gradient_L4_xos_gapseq	1404	1586	406	bio1	0.575759	1.177366	5.083943
MGYG000002582__gradient_L5_pectin_gapseq	1404	1586	406	bio1	0.606299	1.175758	5.009668
MGYG000002582__gradient_L6_resistant_starch_gapseq	1404	1586	406	bio1	1.070264	1.245376	5.015290
MGYG000002582__gradient_L7_bglucan_gapseq	1404	1586	406	bio1	1.070264	1.199016	5.020946
MGYG000002582__gradient_L8_hmo_gapseq	1404	1586	406	bio1	1.070264	1.176458	5.106186
MGYG000002582__gradient_L9_mos_gapseq	1404	1586	406	bio1	1.070264	1.154126	5.083676
MGYG000002584__gradient_L0_base_gapseq	1313	1466	384	bio1	0.366686	1.029465	4.377658
MGYG000002584__gradient_L1_inulin_gapseq	1313	1466	384	bio1	0.455582	1.185704	4.388158
MGYG000002584__gradient_L2_fos_gapseq	1313	1466	384	bio1	0.455582	1.134145	4.372735
MGYG000002584__gradient_L3_gos_gapseq	1313	1466	384	bio1	0.516004	1.024021	4.445928
MGYG000002584__gradient_L4_xos_gapseq	1313	1466	384	bio1	0.626621	1.060527	4.329964
MGYG000002584__gradient_L5_pectin_gapseq	1313	1466	384	bio1	0.626621	1.133060	4.357465
MGYG000002584__gradient_L6_resistant_starch_gapseq	1313	1466	384	bio1	0.859106	1.072497	4.467099
MGYG000002584__gradient_L7_bglucan_gapseq	1313	1466	384	bio1	0.859106	1.055273	4.454209
MGYG000002584__gradient_L8_hmo_gapseq	1313	1466	384	bio1	0.859106	1.055769	4.378757
MGYG000002584__gradient_L9_mos_gapseq	1313	1466	384	bio1	0.946969	1.127350	4.436114
MGYG000002589__gradient_L0_base_gapseq	1070	1236	299	bio1	0.000000	0.857498	0.047479
MGYG000002589__gradient_L1_inulin_gapseq	1070	1236	299	bio1	0.000000	0.972772	0.049459
MGYG000002589__gradient_L2_fos_gapseq	1070	1236	299	bio1	0.000000	0.888309	0.048781
MGYG000002589__gradient_L3_gos_gapseq	1070	1236	299	bio1	1.062771	0.870583	3.154916
MGYG000002589__gradient_L4_xos_gapseq	1070	1236	299	bio1	1.062771	0.855186	3.088482
MGYG000002589__gradient_L5_pectin_gapseq	1070	1236	299	bio1	1.062771	0.929901	3.090758
MGYG000002589__gradient_L6_resistant_starch_gapseq	1070	1236	299	bio1	1.649210	0.856768	3.157153
MGYG000002589__gradient_L7_bglucan_gapseq	1070	1236	299	bio1	1.649210	0.877349	3.081005
MGYG000002589__gradient_L8_hmo_gapseq	1070	1236	299	bio1	1.797505	0.883191	3.131956
MGYG000002589__gradient_L9_mos_gapseq	1070	1236	299	bio1	1.905356	0.896911	3.084840
MGYG000002591__gradient_L0_base_gapseq	1274	1327	308	bio1	0.197888	0.965493	3.661506
MGYG000002591__gradient_L1_inulin_gapseq	1274	1327	308	bio1	0.267756	1.047336	3.622502
MGYG000002591__gradient_L2_fos_gapseq	1274	1327	308	bio1	0.267756	0.955740	3.708119
MGYG000002591__gradient_L3_gos_gapseq	1274	1327	308	bio1	0.267756	0.982303	3.655901
MGYG000002591__gradient_L4_xos_gapseq	1274	1327	308	bio1	0.267756	1.067345	3.636082
MGYG000002591__gradient_L5_pectin_gapseq	1274	1327	308	bio1	0.267756	0.987052	3.719757
MGYG000002591__gradient_L6_resistant_starch_gapseq	1274	1327	308	bio1	0.267756	0.992842	3.674785
MGYG000002591__gradient_L7_bglucan_gapseq	1274	1327	308	bio1	0.267756	1.015738	3.663066
MGYG000002591__gradient_L8_hmo_gapseq	1274	1327	308	bio1	0.267756	1.009391	3.744697
MGYG000002591__gradient_L9_mos_gapseq	1274	1327	308	bio1	0.267756	0.965430	3.655850
MGYG000002607__gradient_L0_base_gapseq	635	601	76	bio1	0.000000	0.407829	0.013591
MGYG000002607__gradient_L1_inulin_gapseq	635	601	76	bio1	0.000000	0.398723	0.014139
MGYG000002607__gradient_L2_fos_gapseq	635	601	76	bio1	0.000000	0.399286	0.014311
MGYG000002607__gradient_L3_gos_gapseq	635	601	76	bio1	0.000000	0.402386	0.013456
MGYG000002607__gradient_L4_xos_gapseq	635	601	76	bio1	0.000000	0.391544	0.013911
MGYG000002607__gradient_L5_pectin_gapseq	635	601	76	bio1	0.000000	0.477563	0.013479
MGYG000002607__gradient_L6_resistant_starch_gapseq	635	601	76	bio1	0.000000	0.403770	0.013511
MGYG000002607__gradient_L7_bglucan_gapseq	635	601	76	bio1	0.000000	0.398202	0.013405
MGYG000002607__gradient_L8_hmo_gapseq	635	601	76	bio1	0.000000	0.424978	0.013440
MGYG000002607__gradient_L9_mos_gapseq	635	601	76	bio1	0.000000	0.420433	0.013571
MGYG000002620__gradient_L0_base_gapseq	1469	1649	504	bio1	0.574065	1.281874	5.277467
MGYG000002620__gradient_L1_inulin_gapseq	1469	1649	504	bio1	0.749802	1.261519	5.328708
MGYG000002620__gradient_L2_fos_gapseq	1469	1649	504	bio1	0.749802	1.281992	5.317187
MGYG000002620__gradient_L3_gos_gapseq	1469	1649	504	bio1	0.749802	1.278554	5.352759
MGYG000002620__gradient_L4_xos_gapseq	1469	1649	504	bio1	0.820097	1.198002	5.325500
MGYG000002620__gradient_L5_pectin_gapseq	1469	1649	504	bio1	0.820097	1.208311	5.254069
MGYG000002620__gradient_L6_resistant_starch_gapseq	1469	1649	504	bio1	0.972675	1.282291	5.320199
MGYG000002620__gradient_L7_bglucan_gapseq	1469	1649	504	bio1	0.972675	1.271667	5.312709
MGYG000002620__gradient_L8_hmo_gapseq	1469	1649	504	bio1	0.972675	1.379826	5.263696
MGYG000002620__gradient_L9_mos_gapseq	1469	1649	504	bio1	1.119959	1.277087	5.241829
MGYG000002623__gradient_L0_base_gapseq	1425	1649	388	bio1	0.489129	1.276125	5.549403
MGYG000002623__gradient_L1_inulin_gapseq	1425	1649	388	bio1	0.656303	1.262177	5.449708
MGYG000002623__gradient_L2_fos_gapseq	1425	1649	388	bio1	0.656303	1.165740	5.591497
MGYG000002623__gradient_L3_gos_gapseq	1425	1649	388	bio1	0.942511	1.227926	5.542747
MGYG000002623__gradient_L4_xos_gapseq	1425	1649	388	bio1	1.001071	1.234794	5.459291
MGYG000002623__gradient_L5_pectin_gapseq	1425	1649	388	bio1	1.001071	1.308440	5.482878
MGYG000002623__gradient_L6_resistant_starch_gapseq	1425	1649	388	bio1	1.530243	1.304955	5.469848
MGYG000002623__gradient_L7_bglucan_gapseq	1425	1649	388	bio1	1.530243	1.269733	5.481513
MGYG000002623__gradient_L8_hmo_gapseq	1425	1649	388	bio1	1.530243	1.230955	5.534222
MGYG000002623__gradient_L9_mos_gapseq	1425	1649	388	bio1	1.530243	1.163889	5.541500
MGYG000002626__gradient_L0_base_gapseq	1289	1386	348	bio1	0.000000	0.999077	0.051349
MGYG000002626__gradient_L1_inulin_gapseq	1289	1386	348	bio1	0.000000	1.100999	0.051694
MGYG000002626__gradient_L2_fos_gapseq	1289	1386	348	bio1	0.000000	1.037808	0.051042
MGYG000002626__gradient_L3_gos_gapseq	1289	1386	348	bio1	0.664144	1.117814	3.940351
MGYG000002626__gradient_L4_xos_gapseq	1289	1386	348	bio1	0.711256	1.024993	4.045890
MGYG000002626__gradient_L5_pectin_gapseq	1289	1386	348	bio1	0.711256	1.035185	3.940007
MGYG000002626__gradient_L6_resistant_starch_gapseq	1289	1386	348	bio1	0.830758	1.105644	3.947888
MGYG000002626__gradient_L7_bglucan_gapseq	1289	1386	348	bio1	0.830758	1.100361	3.955406
MGYG000002626__gradient_L8_hmo_gapseq	1289	1386	348	bio1	0.830758	1.028444	3.954544
MGYG000002626__gradient_L9_mos_gapseq	1289	1386	348	bio1	0.830758	1.113061	3.949339
MGYG000002631__gradient_L0_base_gapseq	1539	1826	532	bio1	1.048766	1.374251	6.650268
MGYG000002631__gradient_L1_inulin_gapseq	1539	1826	532	bio1	1.270533	1.351770	6.633274
MGYG000002631__gradient_L2_fos_gapseq	1539	1826	532	bio1	1.270533	1.374658	6.674879
MGYG000002631__gradient_L3_gos_gapseq	1539	1826	532	bio1	1.485371	1.400358	6.681869
MGYG000002631__gradient_L4_xos_gapseq	1539	1826	532	bio1	1.485371	1.366033	6.684516
MGYG000002631__gradient_L5_pectin_gapseq	1539	1826	532	bio1	1.485371	1.381560	6.705455
MGYG000002631__gradient_L6_resistant_starch_gapseq	1539	1826	532	bio1	1.958937	1.294293	6.760601
MGYG000002631__gradient_L7_bglucan_gapseq	1539	1826	532	bio1	1.958937	1.295960	6.728941
MGYG000002631__gradient_L8_hmo_gapseq	1539	1826	532	bio1	1.958937	1.281091	6.727808
MGYG000002631__gradient_L9_mos_gapseq	1539	1826	532	bio1	2.069821	1.299825	6.695885
MGYG000002634__gradient_L0_base_gapseq	1527	1822	543	bio1	1.048831	1.387887	6.479858
MGYG000002634__gradient_L1_inulin_gapseq	1527	1822	543	bio1	1.270613	1.385529	6.506042
MGYG000002634__gradient_L2_fos_gapseq	1527	1822	543	bio1	1.270613	1.423731	6.503401
MGYG000002634__gradient_L3_gos_gapseq	1527	1822	543	bio1	1.464672	1.485279	6.484981
MGYG000002634__gradient_L4_xos_gapseq	1527	1822	543	bio1	1.464672	1.282935	6.599508
MGYG000002634__gradient_L5_pectin_gapseq	1527	1822	543	bio1	1.464672	1.307011	6.572702
MGYG000002634__gradient_L6_resistant_starch_gapseq	1527	1822	543	bio1	1.938267	1.316062	6.610101
MGYG000002634__gradient_L7_bglucan_gapseq	1527	1822	543	bio1	1.938267	1.294161	6.575730
MGYG000002634__gradient_L8_hmo_gapseq	1527	1822	543	bio1	1.938267	1.303550	6.552103
MGYG000002634__gradient_L9_mos_gapseq	1527	1822	543	bio1	2.049158	1.321201	6.660915
MGYG000002648__gradient_L0_base_gapseq	1106	1189	226	bio1	0.208479	0.845979	2.900471
MGYG000002648__gradient_L1_inulin_gapseq	1106	1189	226	bio1	0.317255	0.959226	2.907449
MGYG000002648__gradient_L2_fos_gapseq	1106	1189	226	bio1	0.317255	0.838767	2.971717
MGYG000002648__gradient_L3_gos_gapseq	1106	1189	226	bio1	0.317255	0.865690	2.896091
MGYG000002648__gradient_L4_xos_gapseq	1106	1189	226	bio1	0.317255	0.924441	2.942635
MGYG000002648__gradient_L5_pectin_gapseq	1106	1189	226	bio1	0.317255	0.865648	2.901746
MGYG000002648__gradient_L6_resistant_starch_gapseq	1106	1189	226	bio1	0.781822	0.928061	2.900564
MGYG000002648__gradient_L7_bglucan_gapseq	1106	1189	226	bio1	0.781822	0.862514	2.899386
MGYG000002648__gradient_L8_hmo_gapseq	1106	1189	226	bio1	0.781822	0.934491	2.892533
MGYG000002648__gradient_L9_mos_gapseq	1106	1189	226	bio1	0.781822	0.872742	2.972175
MGYG000002653__gradient_L0_base_gapseq	1354	1565	399	bio1	0.408517	1.092227	4.913046
MGYG000002653__gradient_L1_inulin_gapseq	1354	1565	399	bio1	0.520145	1.194253	4.909952
MGYG000002653__gradient_L2_fos_gapseq	1354	1565	399	bio1	0.520145	1.186528	4.876507
MGYG000002653__gradient_L3_gos_gapseq	1354	1565	399	bio1	0.743178	1.083196	4.964340
MGYG000002653__gradient_L4_xos_gapseq	1354	1565	399	bio1	0.804920	1.143859	4.931544
MGYG000002653__gradient_L5_pectin_gapseq	1354	1565	399	bio1	0.804920	1.115453	4.885313
MGYG000002653__gradient_L6_resistant_starch_gapseq	1354	1565	399	bio1	1.264553	1.218058	4.888667
MGYG000002653__gradient_L7_bglucan_gapseq	1354	1565	399	bio1	1.422337	1.173685	4.858680
MGYG000002653__gradient_L8_hmo_gapseq	1354	1565	399	bio1	1.422337	1.138627	4.960270
MGYG000002653__gradient_L9_mos_gapseq	1354	1565	399	bio1	1.522953	1.140215	4.964828
MGYG000002662__gradient_L0_base_gapseq	1096	1146	223	bio1	0.299992	0.844496	2.901803
MGYG000002662__gradient_L1_inulin_gapseq	1096	1146	223	bio1	0.299992	0.902065	2.903534
MGYG000002662__gradient_L2_fos_gapseq	1096	1146	223	bio1	0.299992	0.831254	2.900846
MGYG000002662__gradient_L3_gos_gapseq	1096	1146	223	bio1	0.299992	0.916576	2.898738
MGYG000002662__gradient_L4_xos_gapseq	1096	1146	223	bio1	0.299992	0.815733	2.895633
MGYG000002662__gradient_L5_pectin_gapseq	1096	1146	223	bio1	0.299992	0.901655	2.892434
MGYG000002662__gradient_L6_resistant_starch_gapseq	1096	1146	223	bio1	0.402137	0.823001	2.966735
MGYG000002662__gradient_L7_bglucan_gapseq	1096	1146	223	bio1	0.512482	0.847254	2.914872
MGYG000002662__gradient_L8_hmo_gapseq	1096	1146	223	bio1	0.512482	0.861120	2.985370
MGYG000002662__gradient_L9_mos_gapseq	1096	1146	223	bio1	0.581141	0.833679	2.910157
MGYG000002664__gradient_L0_base_gapseq	1127	1176	220	bio1	0.300638	0.860817	2.928014
MGYG000002664__gradient_L1_inulin_gapseq	1127	1176	220	bio1	0.300638	0.933459	2.934402
MGYG000002664__gradient_L2_fos_gapseq	1127	1176	220	bio1	0.300638	0.857966	2.974075
MGYG000002664__gradient_L3_gos_gapseq	1127	1176	220	bio1	0.300638	0.914596	2.929838
MGYG000002664__gradient_L4_xos_gapseq	1127	1176	220	bio1	0.300638	0.865190	2.948007
MGYG000002664__gradient_L5_pectin_gapseq	1127	1176	220	bio1	0.300638	0.955261	2.940937
MGYG000002664__gradient_L6_resistant_starch_gapseq	1127	1176	220	bio1	0.409373	0.865677	3.053402
MGYG000002664__gradient_L7_bglucan_gapseq	1127	1176	220	bio1	0.409373	0.835092	2.948050
MGYG000002664__gradient_L8_hmo_gapseq	1127	1176	220	bio1	0.409373	0.935905	2.942334
MGYG000002664__gradient_L9_mos_gapseq	1127	1176	220	bio1	0.491978	0.848539	2.924692
MGYG000002672__gradient_L0_base_gapseq	1164	1223	296	bio1	0.000000	0.890227	0.043639
MGYG000002672__gradient_L1_inulin_gapseq	1164	1223	296	bio1	0.000000	0.890614	0.044132
MGYG000002672__gradient_L2_fos_gapseq	1164	1223	296	bio1	0.000000	0.970445	0.043630
MGYG000002672__gradient_L3_gos_gapseq	1164	1223	296	bio1	0.000000	0.844275	0.044353
MGYG000002672__gradient_L4_xos_gapseq	1164	1223	296	bio1	0.000000	0.975590	0.043522
MGYG000002672__gradient_L5_pectin_gapseq	1164	1223	296	bio1	0.000000	0.876985	0.045422
MGYG000002672__gradient_L6_resistant_starch_gapseq	1164	1223	296	bio1	0.507404	0.873963	3.269326
MGYG000002672__gradient_L7_bglucan_gapseq	1164	1223	296	bio1	0.710807	0.847813	3.156367
MGYG000002672__gradient_L8_hmo_gapseq	1164	1223	296	bio1	0.710807	0.963877	3.156854
MGYG000002672__gradient_L9_mos_gapseq	1164	1223	296	bio1	0.815789	0.890053	3.155735
MGYG000002673__gradient_L0_base_gapseq	1311	1435	398	bio1	0.000000	1.116427	0.049241
MGYG000002673__gradient_L1_inulin_gapseq	1311	1435	398	bio1	0.000000	1.063718	0.053787
MGYG000002673__gradient_L2_fos_gapseq	1311	1435	398	bio1	0.000000	1.116230	0.053593
MGYG000002673__gradient_L3_gos_gapseq	1311	1435	398	bio1	0.000000	1.021072	0.054139
MGYG000002673__gradient_L4_xos_gapseq	1311	1435	398	bio1	0.919463	1.145820	4.175516
MGYG000002673__gradient_L5_pectin_gapseq	1311	1435	398	bio1	0.919463	1.123650	4.176864
MGYG000002673__gradient_L6_resistant_starch_gapseq	1311	1435	398	bio1	1.603519	1.031143	4.271610
MGYG000002673__gradient_L7_bglucan_gapseq	1311	1435	398	bio1	1.603519	1.061298	4.164182
MGYG000002673__gradient_L8_hmo_gapseq	1311	1435	398	bio1	1.603519	1.135852	4.172092
MGYG000002673__gradient_L9_mos_gapseq	1311	1435	398	bio1	1.603519	1.056103	4.258543
MGYG000002689__gradient_L0_base_gapseq	986	995	216	bio1	0.000000	0.807813	0.029581
MGYG000002689__gradient_L1_inulin_gapseq	986	995	216	bio1	0.000000	0.703087	0.030717
MGYG000002689__gradient_L2_fos_gapseq	986	995	216	bio1	0.000000	0.713823	0.029394
MGYG000002689__gradient_L3_gos_gapseq	986	995	216	bio1	0.000000	0.799555	0.029503
MGYG000002689__gradient_L4_xos_gapseq	986	995	216	bio1	0.000000	0.791986	0.030883
MGYG000002689__gradient_L5_pectin_gapseq	986	995	216	bio1	0.000000	0.701940	0.029430
MGYG000002689__gradient_L6_resistant_starch_gapseq	986	995	216	bio1	0.000000	0.718696	0.114144
MGYG000002689__gradient_L7_bglucan_gapseq	986	995	216	bio1	0.000000	0.720966	0.029309
MGYG000002689__gradient_L8_hmo_gapseq	986	995	216	bio1	0.000000	0.700015	0.030636
MGYG000002689__gradient_L9_mos_gapseq	986	995	216	bio1	0.000000	0.731168	0.030100
MGYG000002697__gradient_L0_base_gapseq	1074	1223	280	bio1	0.106010	0.938134	3.100234
MGYG000002697__gradient_L1_inulin_gapseq	1074	1223	280	bio1	0.106010	0.910164	3.170428
MGYG000002697__gradient_L2_fos_gapseq	1074	1223	280	bio1	0.106010	0.861448	3.081765
MGYG000002697__gradient_L3_gos_gapseq	1074	1223	280	bio1	0.106010	0.882547	3.165423
MGYG000002697__gradient_L4_xos_gapseq	1074	1223	280	bio1	0.106010	0.913458	3.101315
MGYG000002697__gradient_L5_pectin_gapseq	1074	1223	280	bio1	0.106010	0.946679	3.097149
MGYG000002697__gradient_L6_resistant_starch_gapseq	1074	1223	280	bio1	0.106010	0.887108	3.176042
MGYG000002697__gradient_L7_bglucan_gapseq	1074	1223	280	bio1	0.106010	0.877907	3.078532
MGYG000002697__gradient_L8_hmo_gapseq	1074	1223	280	bio1	0.106010	0.860417	3.164710
MGYG000002697__gradient_L9_mos_gapseq	1074	1223	280	bio1	0.106010	0.869787	3.103281
MGYG000002705__gradient_L0_base_gapseq	1248	1417	325	bio1	0.890304	1.113612	4.195169
MGYG000002705__gradient_L1_inulin_gapseq	1248	1417	325	bio1	1.062951	1.081398	4.200833
MGYG000002705__gradient_L2_fos_gapseq	1248	1417	325	bio1	1.062951	1.017480	4.336096
MGYG000002705__gradient_L3_gos_gapseq	1248	1417	325	bio1	1.398290	1.016947	4.212775
MGYG000002705__gradient_L4_xos_gapseq	1248	1417	325	bio1	1.398290	1.106971	4.203516
MGYG000002705__gradient_L5_pectin_gapseq	1248	1417	325	bio1	1.398290	1.012445	4.309753
MGYG000002705__gradient_L6_resistant_starch_gapseq	1248	1417	325	bio1	2.182857	1.039172	4.208422
MGYG000002705__gradient_L7_bglucan_gapseq	1248	1417	325	bio1	2.442270	1.108910	4.217603
MGYG000002705__gradient_L8_hmo_gapseq	1248	1417	325	bio1	2.442270	1.096253	4.299620
MGYG000002705__gradient_L9_mos_gapseq	1248	1417	325	bio1	2.577249	1.043278	4.304034
MGYG000002715__gradient_L0_base_gapseq	1167	1248	278	bio1	0.000000	1.011184	0.042324
MGYG000002715__gradient_L1_inulin_gapseq	1167	1248	278	bio1	0.000000	0.901375	0.042977
MGYG000002715__gradient_L2_fos_gapseq	1167	1248	278	bio1	0.000000	0.974943	0.043716
MGYG000002715__gradient_L3_gos_gapseq	1167	1248	278	bio1	0.000000	0.933781	0.045891
MGYG000002715__gradient_L4_xos_gapseq	1167	1248	278	bio1	0.000000	0.878364	0.045014
MGYG000002715__gradient_L5_pectin_gapseq	1167	1248	278	bio1	0.000000	1.000048	0.044901
MGYG000002715__gradient_L6_resistant_starch_gapseq	1167	1248	278	bio1	0.000000	0.919510	0.045886
MGYG000002715__gradient_L7_bglucan_gapseq	1167	1248	278	bio1	0.000000	1.008269	0.044232
MGYG000002715__gradient_L8_hmo_gapseq	1167	1248	278	bio1	0.000000	0.901385	0.044747
MGYG000002715__gradient_L9_mos_gapseq	1167	1248	278	bio1	0.000000	0.928797	0.044013
MGYG000002716__gradient_L0_base_gapseq	1174	1207	250	bio1	0.000000	0.986803	0.040107
MGYG000002716__gradient_L1_inulin_gapseq	1174	1207	250	bio1	0.378309	0.891851	2.995103
MGYG000002716__gradient_L2_fos_gapseq	1174	1207	250	bio1	0.378309	0.969296	2.967548
MGYG000002716__gradient_L3_gos_gapseq	1174	1207	250	bio1	0.378309	0.881019	3.078226
MGYG000002716__gradient_L4_xos_gapseq	1174	1207	250	bio1	0.378309	0.882589	2.981802
MGYG000002716__gradient_L5_pectin_gapseq	1174	1207	250	bio1	0.378309	0.965791	2.984630
MGYG000002716__gradient_L6_resistant_starch_gapseq	1174	1207	250	bio1	0.378309	0.867225	2.988389
MGYG000002716__gradient_L7_bglucan_gapseq	1174	1207	250	bio1	0.378309	0.982922	3.041063
MGYG000002716__gradient_L8_hmo_gapseq	1174	1207	250	bio1	0.378309	0.866194	3.066057
MGYG000002716__gradient_L9_mos_gapseq	1174	1207	250	bio1	0.378309	0.899776	2.975323
MGYG000002718__gradient_L0_base_gapseq	1450	1653	437	bio1	0.000000	1.198399	0.066774
MGYG000002718__gradient_L1_inulin_gapseq	1450	1653	437	bio1	0.000000	1.372802	0.066965
MGYG000002718__gradient_L2_fos_gapseq	1450	1653	437	bio1	0.000000	1.170224	0.065613
MGYG000002718__gradient_L3_gos_gapseq	1450	1653	437	bio1	0.000000	1.296120	0.065783
MGYG000002718__gradient_L4_xos_gapseq	1450	1653	437	bio1	0.000000	1.234754	0.159138
MGYG000002718__gradient_L5_pectin_gapseq	1450	1653	437	bio1	0.000000	1.212598	0.066820
MGYG000002718__gradient_L6_resistant_starch_gapseq	1450	1653	437	bio1	0.000000	1.263164	0.067632
MGYG000002718__gradient_L7_bglucan_gapseq	1450	1653	437	bio1	0.000000	1.245114	0.069353
MGYG000002718__gradient_L8_hmo_gapseq	1450	1653	437	bio1	0.000000	1.296933	0.067919
MGYG000002718__gradient_L9_mos_gapseq	1450	1653	437	bio1	0.000000	1.235474	0.068444
MGYG000002722__gradient_L0_base_gapseq	1216	1324	273	bio1	0.464425	1.069123	3.679686
MGYG000002722__gradient_L1_inulin_gapseq	1216	1324	273	bio1	0.464425	0.976275	3.872568
MGYG000002722__gradient_L2_fos_gapseq	1216	1324	273	bio1	0.464425	0.983063	3.668765
MGYG000002722__gradient_L3_gos_gapseq	1216	1324	273	bio1	0.464425	0.997912	3.675998
MGYG000002722__gradient_L4_xos_gapseq	1216	1324	273	bio1	0.464425	0.975499	3.752199
MGYG000002722__gradient_L5_pectin_gapseq	1216	1324	273	bio1	0.490142	0.980930	3.677186
MGYG000002722__gradient_L6_resistant_starch_gapseq	1216	1324	273	bio1	0.716185	1.008516	3.667094
MGYG000002722__gradient_L7_bglucan_gapseq	1216	1324	273	bio1	0.716185	0.941675	3.787523
MGYG000002722__gradient_L8_hmo_gapseq	1216	1324	273	bio1	0.716185	0.937241	3.690430
MGYG000002722__gradient_L9_mos_gapseq	1216	1324	273	bio1	0.716185	1.036344	3.649296
MGYG000002723__gradient_L0_base_gapseq	1065	1117	245	bio1	0.000000	0.862510	0.036377
MGYG000002723__gradient_L1_inulin_gapseq	1065	1117	245	bio1	0.000000	0.786386	0.036570
MGYG000002723__gradient_L2_fos_gapseq	1065	1117	245	bio1	0.000000	0.765555	0.036516
MGYG000002723__gradient_L3_gos_gapseq	1065	1117	245	bio1	0.000000	0.963274	0.036832
MGYG000002723__gradient_L4_xos_gapseq	1065	1117	245	bio1	0.000000	0.787219	0.037044
MGYG000002723__gradient_L5_pectin_gapseq	1065	1117	245	bio1	0.000000	0.799983	0.037747
MGYG000002723__gradient_L6_resistant_starch_gapseq	1065	1117	245	bio1	0.409877	0.914533	2.523374
MGYG000002723__gradient_L7_bglucan_gapseq	1065	1117	245	bio1	0.612631	0.882172	2.509208
MGYG000002723__gradient_L8_hmo_gapseq	1065	1117	245	bio1	0.612631	0.889522	2.517573
MGYG000002723__gradient_L9_mos_gapseq	1065	1117	245	bio1	0.717279	0.776314	2.569814
MGYG000002725__gradient_L0_base_gapseq	1372	1499	329	bio1	0.244276	1.073099	4.604536
MGYG000002725__gradient_L1_inulin_gapseq	1372	1499	329	bio1	0.371151	1.182419	4.599176
MGYG000002725__gradient_L2_fos_gapseq	1372	1499	329	bio1	0.371151	1.179228	4.591082
MGYG000002725__gradient_L3_gos_gapseq	1372	1499	329	bio1	0.455188	1.111786	4.745575
MGYG000002725__gradient_L4_xos_gapseq	1372	1499	329	bio1	0.524051	1.073291	4.572057
MGYG000002725__gradient_L5_pectin_gapseq	1372	1499	329	bio1	0.524051	1.176143	4.599323
MGYG000002725__gradient_L6_resistant_starch_gapseq	1372	1499	329	bio1	0.811176	1.101619	4.661650
MGYG000002725__gradient_L7_bglucan_gapseq	1372	1499	329	bio1	0.986252	1.097955	4.702025
MGYG000002725__gradient_L8_hmo_gapseq	1372	1499	329	bio1	0.986252	1.106324	4.610291
MGYG000002725__gradient_L9_mos_gapseq	1372	1499	329	bio1	1.098300	1.198978	4.591358
MGYG000002734__gradient_L0_base_gapseq	1121	1257	281	bio1	0.792373	0.952462	3.270177
MGYG000002734__gradient_L1_inulin_gapseq	1121	1257	281	bio1	1.079074	0.898078	3.238011
MGYG000002734__gradient_L2_fos_gapseq	1121	1257	281	bio1	1.079074	0.964844	3.255424
MGYG000002734__gradient_L3_gos_gapseq	1121	1257	281	bio1	1.341200	0.899021	3.336953
MGYG000002734__gradient_L4_xos_gapseq	1121	1257	281	bio1	1.341200	0.895173	3.271392
MGYG000002734__gradient_L5_pectin_gapseq	1121	1257	281	bio1	1.341200	0.968695	3.277315
MGYG000002734__gradient_L6_resistant_starch_gapseq	1121	1257	281	bio1	1.946274	0.884212	3.266890
MGYG000002734__gradient_L7_bglucan_gapseq	1121	1257	281	bio1	1.946274	0.982789	3.274779
MGYG000002734__gradient_L8_hmo_gapseq	1121	1257	281	bio1	1.946274	0.902077	3.337966
MGYG000002734__gradient_L9_mos_gapseq	1121	1257	281	bio1	1.946274	0.891257	3.257666
MGYG000002736__gradient_L0_base_gapseq	1150	1238	291	bio1	0.000000	0.887453	0.041355
MGYG000002736__gradient_L1_inulin_gapseq	1150	1238	291	bio1	0.397764	0.911684	3.168143
MGYG000002736__gradient_L2_fos_gapseq	1150	1238	291	bio1	0.397764	0.931482	3.103391
MGYG000002736__gradient_L3_gos_gapseq	1150	1238	291	bio1	0.397764	0.961684	3.113779
MGYG000002736__gradient_L4_xos_gapseq	1150	1238	291	bio1	0.397764	0.900595	3.092474
MGYG000002736__gradient_L5_pectin_gapseq	1150	1238	291	bio1	0.397764	0.994139	3.099951
MGYG000002736__gradient_L6_resistant_starch_gapseq	1150	1238	291	bio1	1.104239	0.914340	3.206225
MGYG000002736__gradient_L7_bglucan_gapseq	1150	1238	291	bio1	1.104239	0.884050	3.122296
MGYG000002736__gradient_L8_hmo_gapseq	1150	1238	291	bio1	1.104239	0.975955	3.116707
MGYG000002736__gradient_L9_mos_gapseq	1150	1238	291	bio1	1.104239	0.901798	3.127410
MGYG000002740__gradient_L0_base_gapseq	1119	1183	278	bio1	0.000000	0.850863	0.037955
MGYG000002740__gradient_L1_inulin_gapseq	1119	1183	278	bio1	0.056636	0.904983	2.958718
MGYG000002740__gradient_L2_fos_gapseq	1119	1183	278	bio1	0.056636	0.845219	2.953926
MGYG000002740__gradient_L3_gos_gapseq	1119	1183	278	bio1	0.056636	0.922021	2.969043
MGYG000002740__gradient_L4_xos_gapseq	1119	1183	278	bio1	0.056636	0.843794	3.044722
MGYG000002740__gradient_L5_pectin_gapseq	1119	1183	278	bio1	0.056636	0.843183	3.009793
MGYG000002740__gradient_L6_resistant_starch_gapseq	1119	1183	278	bio1	0.063717	0.825063	3.037058
MGYG000002740__gradient_L7_bglucan_gapseq	1119	1183	278	bio1	0.063717	0.853234	2.951318
MGYG000002740__gradient_L8_hmo_gapseq	1119	1183	278	bio1	0.063717	0.898948	2.952261
MGYG000002740__gradient_L9_mos_gapseq	1119	1183	278	bio1	0.063717	0.831875	2.962786
MGYG000002741__gradient_L0_base_gapseq	1030	1155	300	bio1	0.807249	0.880453	2.735635
MGYG000002741__gradient_L1_inulin_gapseq	1030	1155	300	bio1	1.094648	0.810942	2.832092
MGYG000002741__gradient_L2_fos_gapseq	1030	1155	300	bio1	1.094648	0.811681	2.789651
MGYG000002741__gradient_L3_gos_gapseq	1030	1155	300	bio1	1.305244	0.815063	2.816906
MGYG000002741__gradient_L4_xos_gapseq	1030	1155	300	bio1	1.305244	0.806694	2.741340
MGYG000002741__gradient_L5_pectin_gapseq	1030	1155	300	bio1	1.305244	0.898358	2.752776
MGYG000002741__gradient_L6_resistant_starch_gapseq	1030	1155	300	bio1	1.912899	0.791501	2.775289
MGYG000002741__gradient_L7_bglucan_gapseq	1030	1155	300	bio1	1.912899	0.908809	2.731405
MGYG000002741__gradient_L8_hmo_gapseq	1030	1155	300	bio1	1.912899	0.806408	2.838691
MGYG000002741__gradient_L9_mos_gapseq	1030	1155	300	bio1	2.053296	0.827802	2.728818
MGYG000002744__gradient_L0_base_gapseq	1176	1304	311	bio1	0.686799	1.002885	3.475911
MGYG000002744__gradient_L1_inulin_gapseq	1176	1304	311	bio1	0.977897	0.943921	3.596402
MGYG000002744__gradient_L2_fos_gapseq	1176	1304	311	bio1	0.977897	0.941943	3.495062
MGYG000002744__gradient_L3_gos_gapseq	1176	1304	311	bio1	1.272994	1.027053	3.502893
MGYG000002744__gradient_L4_xos_gapseq	1176	1304	311	bio1	1.272994	0.920761	3.492670
MGYG000002744__gradient_L5_pectin_gapseq	1176	1304	311	bio1	1.272994	0.976516	3.496862
MGYG000002744__gradient_L6_resistant_starch_gapseq	1176	1304	311	bio1	1.891629	0.935997	3.558384
MGYG000002744__gradient_L7_bglucan_gapseq	1176	1304	311	bio1	1.891629	0.921173	3.479149
MGYG000002744__gradient_L8_hmo_gapseq	1176	1304	311	bio1	1.891629	1.011178	3.484694
MGYG000002744__gradient_L9_mos_gapseq	1176	1304	311	bio1	1.891629	0.942183	3.577234
MGYG000002747__gradient_L0_base_gapseq	1135	1274	307	bio1	0.720031	0.917304	3.494990
MGYG000002747__gradient_L1_inulin_gapseq	1135	1274	307	bio1	1.013599	0.899829	3.390494
MGYG000002747__gradient_L2_fos_gapseq	1135	1274	307	bio1	1.013599	0.972110	3.406853
MGYG000002747__gradient_L3_gos_gapseq	1135	1274	307	bio1	1.303830	0.888452	3.501695
MGYG000002747__gradient_L4_xos_gapseq	1135	1274	307	bio1	1.303830	0.882901	3.416478
MGYG000002747__gradient_L5_pectin_gapseq	1135	1274	307	bio1	1.303830	0.887204	3.483537
MGYG000002747__gradient_L6_resistant_starch_gapseq	1135	1274	307	bio1	1.912875	0.904732	3.423896
MGYG000002747__gradient_L7_bglucan_gapseq	1135	1274	307	bio1	1.912875	0.980235	3.415462
MGYG000002747__gradient_L8_hmo_gapseq	1135	1274	307	bio1	1.912875	0.910180	3.508492
MGYG000002747__gradient_L9_mos_gapseq	1135	1274	307	bio1	2.053593	0.907109	3.396354
MGYG000002748__gradient_L0_base_gapseq	1165	1233	296	bio1	0.179641	0.965859	3.150742
MGYG000002748__gradient_L1_inulin_gapseq	1165	1233	296	bio1	0.299408	0.893218	3.224711
MGYG000002748__gradient_L2_fos_gapseq	1165	1233	296	bio1	0.299408	0.880039	3.160858
MGYG000002748__gradient_L3_gos_gapseq	1165	1233	296	bio1	0.444510	0.953129	3.134003
MGYG000002748__gradient_L4_xos_gapseq	1165	1233	296	bio1	0.444510	0.892087	3.164143
MGYG000002748__gradient_L5_pectin_gapseq	1165	1233	296	bio1	0.444510	0.965124	3.140579
MGYG000002748__gradient_L6_resistant_starch_gapseq	1165	1233	296	bio1	0.755444	0.885684	3.224533
MGYG000002748__gradient_L7_bglucan_gapseq	1165	1233	296	bio1	0.755444	0.888933	3.157047
MGYG000002748__gradient_L8_hmo_gapseq	1165	1233	296	bio1	0.755444	0.947754	3.156464
MGYG000002748__gradient_L9_mos_gapseq	1165	1233	296	bio1	0.764657	0.895582	3.225798
MGYG000002754__gradient_L0_base_gapseq	1159	1290	315	bio1	0.727385	0.892449	3.492268
MGYG000002754__gradient_L1_inulin_gapseq	1159	1290	315	bio1	1.017023	0.930898	3.367942
MGYG000002754__gradient_L2_fos_gapseq	1159	1290	315	bio1	1.017023	1.021167	3.368406
MGYG000002754__gradient_L3_gos_gapseq	1159	1290	315	bio1	1.328491	0.913716	3.464886
MGYG000002754__gradient_L4_xos_gapseq	1159	1290	315	bio1	1.328491	0.937683	3.420189
MGYG000002754__gradient_L5_pectin_gapseq	1159	1290	315	bio1	1.328491	1.002186	3.399851
MGYG000002754__gradient_L6_resistant_starch_gapseq	1159	1290	315	bio1	1.944897	0.936530	3.373823
MGYG000002754__gradient_L7_bglucan_gapseq	1159	1290	315	bio1	1.944897	1.014044	3.432066
MGYG000002754__gradient_L8_hmo_gapseq	1159	1290	315	bio1	1.944897	0.900937	3.451641
MGYG000002754__gradient_L9_mos_gapseq	1159	1290	315	bio1	2.087316	0.933741	3.368543
MGYG000002755__gradient_L0_base_gapseq	1145	1247	305	bio1	0.748612	0.899274	3.243625
MGYG000002755__gradient_L1_inulin_gapseq	1145	1247	305	bio1	1.033802	0.997302	3.224736
MGYG000002755__gradient_L2_fos_gapseq	1145	1247	305	bio1	1.033802	0.888919	3.301426
MGYG000002755__gradient_L3_gos_gapseq	1145	1247	305	bio1	1.327903	0.883424	3.248305
MGYG000002755__gradient_L4_xos_gapseq	1145	1247	305	bio1	1.327903	0.879025	3.315876
MGYG000002755__gradient_L5_pectin_gapseq	1145	1247	305	bio1	1.327903	0.889223	3.272433
MGYG000002755__gradient_L6_resistant_starch_gapseq	1145	1247	305	bio1	1.677706	0.954182	3.237547
MGYG000002755__gradient_L7_bglucan_gapseq	1145	1247	305	bio1	1.677706	0.882622	3.297975
MGYG000002755__gradient_L8_hmo_gapseq	1145	1247	305	bio1	1.677706	0.890703	3.223737
MGYG000002755__gradient_L9_mos_gapseq	1145	1247	305	bio1	1.820301	0.924318	3.214209
MGYG000002762__gradient_L0_base_gapseq	1296	1436	327	bio1	0.000000	1.101804	0.048886
MGYG000002762__gradient_L1_inulin_gapseq	1296	1436	327	bio1	0.000000	1.008007	0.050012
MGYG000002762__gradient_L2_fos_gapseq	1296	1436	327	bio1	0.000000	1.113936	0.050782
MGYG000002762__gradient_L3_gos_gapseq	1296	1436	327	bio1	0.000000	1.044555	0.048280
MGYG000002762__gradient_L4_xos_gapseq	1296	1436	327	bio1	0.657472	1.104086	4.185670
MGYG000002762__gradient_L5_pectin_gapseq	1296	1436	327	bio1	0.657472	1.063509	4.307822
MGYG000002762__gradient_L6_resistant_starch_gapseq	1296	1436	327	bio1	0.744720	1.012480	4.214856
MGYG000002762__gradient_L7_bglucan_gapseq	1296	1436	327	bio1	0.884941	1.101495	4.208908
MGYG000002762__gradient_L8_hmo_gapseq	1296	1436	327	bio1	0.884941	1.028527	4.293778
MGYG000002762__gradient_L9_mos_gapseq	1296	1436	327	bio1	0.972190	1.022603	4.224617
MGYG000002770__gradient_L0_base_gapseq	1333	1495	373	bio1	0.694822	1.043272	4.516848
MGYG000002770__gradient_L1_inulin_gapseq	1333	1495	373	bio1	0.917168	1.155943	4.468225
MGYG000002770__gradient_L2_fos_gapseq	1333	1495	373	bio1	0.917168	1.093879	4.545190
MGYG000002770__gradient_L3_gos_gapseq	1333	1495	373	bio1	1.127601	1.059063	4.568168
MGYG000002770__gradient_L4_xos_gapseq	1333	1495	373	bio1	1.127601	1.043763	4.488631
MGYG000002770__gradient_L5_pectin_gapseq	1333	1495	373	bio1	1.127601	1.168969	4.464137
MGYG000002770__gradient_L6_resistant_starch_gapseq	1333	1495	373	bio1	1.585344	1.082386	4.563055
MGYG000002770__gradient_L7_bglucan_gapseq	1333	1495	373	bio1	1.739414	1.095488	4.568888
MGYG000002770__gradient_L8_hmo_gapseq	1333	1495	373	bio1	1.739414	1.093140	4.456188
MGYG000002770__gradient_L9_mos_gapseq	1333	1495	373	bio1	1.846593	1.136601	4.518006
MGYG000002774__gradient_L0_base_gapseq	1438	1703	466	bio1	0.486059	1.300238	5.578484
MGYG000002774__gradient_L1_inulin_gapseq	1438	1703	466	bio1	0.658293	1.295020	5.605266
MGYG000002774__gradient_L2_fos_gapseq	1438	1703	466	bio1	0.658293	1.308595	5.590749
MGYG000002774__gradient_L3_gos_gapseq	1438	1703	466	bio1	0.803507	1.299813	5.584258
MGYG000002774__gradient_L4_xos_gapseq	1438	1703	466	bio1	0.909706	1.232148	5.698777
MGYG000002774__gradient_L5_pectin_gapseq	1438	1703	466	bio1	0.909706	1.218466	5.743706
MGYG000002774__gradient_L6_resistant_starch_gapseq	1438	1703	466	bio1	1.282850	1.229823	5.685659
MGYG000002774__gradient_L7_bglucan_gapseq	1438	1703	466	bio1	1.404460	1.212899	5.611760
MGYG000002774__gradient_L8_hmo_gapseq	1438	1703	466	bio1	1.485533	1.305590	5.652054
MGYG000002774__gradient_L9_mos_gapseq	1438	1703	466	bio1	1.561837	1.310341	5.608359
MGYG000002782__gradient_L0_base_gapseq	1229	1321	319	bio1	0.558912	0.947683	3.529970
MGYG000002782__gradient_L1_inulin_gapseq	1229	1321	319	bio1	0.774234	1.031798	3.546593
MGYG000002782__gradient_L2_fos_gapseq	1229	1321	319	bio1	0.774234	0.973192	3.615971
MGYG000002782__gradient_L3_gos_gapseq	1229	1321	319	bio1	0.774234	0.981285	3.536466
MGYG000002782__gradient_L4_xos_gapseq	1229	1321	319	bio1	0.774234	1.063492	3.548387
MGYG000002782__gradient_L5_pectin_gapseq	1229	1321	319	bio1	0.774234	0.977347	3.608307
MGYG000002782__gradient_L6_resistant_starch_gapseq	1229	1321	319	bio1	1.237110	0.977813	3.549125
MGYG000002782__gradient_L7_bglucan_gapseq	1229	1321	319	bio1	1.237110	1.066659	3.596017
MGYG000002782__gradient_L8_hmo_gapseq	1229	1321	319	bio1	1.237110	0.955526	3.623584
MGYG000002782__gradient_L9_mos_gapseq	1229	1321	319	bio1	1.344105	0.959760	3.544728
MGYG000002783__gradient_L0_base_gapseq	1192	1294	272	bio1	0.000000	1.025394	0.044982
MGYG000002783__gradient_L1_inulin_gapseq	1192	1294	272	bio1	0.000000	0.934996	0.044626
MGYG000002783__gradient_L2_fos_gapseq	1192	1294	272	bio1	0.000000	0.984105	0.045492
MGYG000002783__gradient_L3_gos_gapseq	1192	1294	272	bio1	0.131110	0.929297	3.600211
MGYG000002783__gradient_L4_xos_gapseq	1192	1294	272	bio1	0.131110	1.054657	3.604208
MGYG000002783__gradient_L5_pectin_gapseq	1192	1294	272	bio1	0.131110	0.939221	3.698198
MGYG000002783__gradient_L6_resistant_starch_gapseq	1192	1294	272	bio1	0.131110	0.935095	3.595432
MGYG000002783__gradient_L7_bglucan_gapseq	1192	1294	272	bio1	0.131110	0.989958	3.625916
MGYG000002783__gradient_L8_hmo_gapseq	1192	1294	272	bio1	0.131110	0.909975	3.598713
MGYG000002783__gradient_L9_mos_gapseq	1192	1294	272	bio1	0.131110	1.049011	3.614525
MGYG000002786__gradient_L0_base_gapseq	880	891	193	bio1	0.000000	0.646196	0.022817
MGYG000002786__gradient_L1_inulin_gapseq	880	891	193	bio1	0.000000	0.710622	0.024916
MGYG000002786__gradient_L2_fos_gapseq	880	891	193	bio1	0.000000	0.624160	0.025025
MGYG000002786__gradient_L3_gos_gapseq	880	891	193	bio1	0.000000	0.627318	0.025255
MGYG000002786__gradient_L4_xos_gapseq	880	891	193	bio1	0.348733	0.638771	1.813089
MGYG000002786__gradient_L5_pectin_gapseq	880	891	193	bio1	0.348733	0.672321	1.715271
MGYG000002786__gradient_L6_resistant_starch_gapseq	880	891	193	bio1	1.061513	0.642443	1.714323
MGYG000002786__gradient_L7_bglucan_gapseq	880	891	193	bio1	1.061513	0.702421	1.728745
MGYG000002786__gradient_L8_hmo_gapseq	880	891	193	bio1	1.061513	0.624615	1.729293
MGYG000002786__gradient_L9_mos_gapseq	880	891	193	bio1	1.191413	0.633988	1.794209
MGYG000002789__gradient_L0_base_gapseq	1192	1371	313	bio1	0.662412	0.990720	3.927682
MGYG000002789__gradient_L1_inulin_gapseq	1192	1371	313	bio1	0.775970	0.966257	3.861048
MGYG000002789__gradient_L2_fos_gapseq	1192	1371	313	bio1	0.775970	1.052779	3.856010
MGYG000002789__gradient_L3_gos_gapseq	1192	1371	313	bio1	0.974696	0.971805	3.958827
MGYG000002789__gradient_L4_xos_gapseq	1192	1371	313	bio1	0.974696	0.985303	3.850261
MGYG000002789__gradient_L5_pectin_gapseq	1192	1371	313	bio1	1.007325	1.071207	3.845733
MGYG000002789__gradient_L6_resistant_starch_gapseq	1192	1371	313	bio1	1.501876	0.957711	3.932336
MGYG000002789__gradient_L7_bglucan_gapseq	1192	1371	313	bio1	1.659129	0.998916	3.856347
MGYG000002789__gradient_L8_hmo_gapseq	1192	1371	313	bio1	1.659129	1.078205	3.904116
MGYG000002789__gradient_L9_mos_gapseq	1192	1371	313	bio1	1.768523	1.000613	3.941764
MGYG000002798__gradient_L0_base_gapseq	922	863	108	bio1	0.000000	0.697412	0.018568
MGYG000002798__gradient_L1_inulin_gapseq	922	863	108	bio1	0.000000	0.615639	0.022865
MGYG000002798__gradient_L2_fos_gapseq	922	863	108	bio1	0.000000	0.620519	0.023400
MGYG000002798__gradient_L3_gos_gapseq	922	863	108	bio1	0.000000	0.593533	0.023982
MGYG000002798__gradient_L4_xos_gapseq	922	863	108	bio1	0.000000	0.695463	0.023892
MGYG000002798__gradient_L5_pectin_gapseq	922	863	108	bio1	0.000000	0.619845	0.023145
MGYG000002798__gradient_L6_resistant_starch_gapseq	922	863	108	bio1	0.000000	0.627309	0.023913
MGYG000002798__gradient_L7_bglucan_gapseq	922	863	108	bio1	0.000000	0.612456	0.023885
MGYG000002798__gradient_L8_hmo_gapseq	922	863	108	bio1	0.000000	0.694159	0.024335
MGYG000002798__gradient_L9_mos_gapseq	922	863	108	bio1	0.000000	0.652266	0.023060
MGYG000002803__gradient_L0_base_gapseq	1131	1199	211	bio1	0.000000	0.857776	0.042721
MGYG000002803__gradient_L1_inulin_gapseq	1131	1199	211	bio1	0.000000	0.823708	0.043852
MGYG000002803__gradient_L2_fos_gapseq	1131	1199	211	bio1	0.000000	0.922557	0.044877
MGYG000002803__gradient_L3_gos_gapseq	1131	1199	211	bio1	0.000000	0.865311	0.045009
MGYG000002803__gradient_L4_xos_gapseq	1131	1199	211	bio1	0.000000	0.919909	0.043973
MGYG000002803__gradient_L5_pectin_gapseq	1131	1199	211	bio1	0.000000	0.857236	0.044068
MGYG000002803__gradient_L6_resistant_starch_gapseq	1131	1199	211	bio1	0.000000	0.858422	0.045971
MGYG000002803__gradient_L7_bglucan_gapseq	1131	1199	211	bio1	0.000000	0.940991	0.046208
MGYG000002803__gradient_L8_hmo_gapseq	1131	1199	211	bio1	0.000000	0.866790	0.045951
MGYG000002803__gradient_L9_mos_gapseq	1131	1199	211	bio1	0.000000	0.884303	0.045617
MGYG000002818__gradient_L0_base_gapseq	1481	1674	564	bio1	0.000000	1.240853	0.163478
MGYG000002818__gradient_L1_inulin_gapseq	1481	1674	564	bio1	1.168584	1.238223	5.627849
MGYG000002818__gradient_L2_fos_gapseq	1481	1674	564	bio1	1.168584	1.336874	5.632498
MGYG000002818__gradient_L3_gos_gapseq	1481	1674	564	bio1	1.168584	1.314944	5.631295
MGYG000002818__gradient_L4_xos_gapseq	1481	1674	564	bio1	1.179569	1.326867	5.604935
MGYG000002818__gradient_L5_pectin_gapseq	1481	1674	564	bio1	1.179569	1.315204	5.681279
MGYG000002818__gradient_L6_resistant_starch_gapseq	1481	1674	564	bio1	1.912045	1.238097	5.709069
MGYG000002818__gradient_L7_bglucan_gapseq	1481	1674	564	bio1	1.912045	1.274429	5.689783
MGYG000002818__gradient_L8_hmo_gapseq	1481	1674	564	bio1	1.912045	1.235656	5.605914
MGYG000002818__gradient_L9_mos_gapseq	1481	1674	564	bio1	1.912045	1.304234	5.620415
MGYG000002831__gradient_L0_base_gapseq	1035	1119	193	bio1	0.000000	0.777412	0.131814
MGYG000002831__gradient_L1_inulin_gapseq	1035	1119	193	bio1	0.541660	0.787538	2.530886
MGYG000002831__gradient_L2_fos_gapseq	1035	1119	193	bio1	0.541660	0.783904	2.630675
MGYG000002831__gradient_L3_gos_gapseq	1035	1119	193	bio1	0.904975	0.790537	2.526575
MGYG000002831__gradient_L4_xos_gapseq	1035	1119	193	bio1	0.904975	0.758736	2.613292
MGYG000002831__gradient_L5_pectin_gapseq	1035	1119	193	bio1	0.904975	0.791045	2.516069
MGYG000002831__gradient_L6_resistant_starch_gapseq	1035	1119	193	bio1	0.994383	0.776998	2.604439
MGYG000002831__gradient_L7_bglucan_gapseq	1035	1119	193	bio1	0.994383	0.784442	2.585337
MGYG000002831__gradient_L8_hmo_gapseq	1035	1119	193	bio1	0.994383	0.785237	2.605136
MGYG000002831__gradient_L9_mos_gapseq	1035	1119	193	bio1	0.994383	0.754491	2.551961
MGYG000002840__gradient_L0_base_gapseq	1189	1321	395	bio1	0.336622	1.091369	3.575243
MGYG000002840__gradient_L1_inulin_gapseq	1189	1321	395	bio1	0.336622	1.076896	3.595645
MGYG000002840__gradient_L2_fos_gapseq	1189	1321	395	bio1	0.336622	0.944020	3.597540
MGYG000002840__gradient_L3_gos_gapseq	1189	1321	395	bio1	0.336622	1.028821	3.588250
MGYG000002840__gradient_L4_xos_gapseq	1189	1321	395	bio1	0.336622	1.028890	3.582468
MGYG000002840__gradient_L5_pectin_gapseq	1189	1321	395	bio1	0.336622	0.988880	3.590435
MGYG000002840__gradient_L6_resistant_starch_gapseq	1189	1321	395	bio1	0.336622	1.076877	3.590709
MGYG000002840__gradient_L7_bglucan_gapseq	1189	1321	395	bio1	0.336622	1.041518	3.566471
MGYG000002840__gradient_L8_hmo_gapseq	1189	1321	395	bio1	0.336622	0.967388	3.576806
MGYG000002840__gradient_L9_mos_gapseq	1189	1321	395	bio1	0.336622	1.036577	3.570414
MGYG000002848__gradient_L0_base_gapseq	1064	1212	264	bio1	0.000000	0.850100	0.039771
MGYG000002848__gradient_L1_inulin_gapseq	1064	1212	264	bio1	0.292657	0.842666	3.266125
MGYG000002848__gradient_L2_fos_gapseq	1064	1212	264	bio1	0.292657	0.852892	3.176099
MGYG000002848__gradient_L3_gos_gapseq	1064	1212	264	bio1	0.369308	0.896894	3.198557
MGYG000002848__gradient_L4_xos_gapseq	1064	1212	264	bio1	0.439718	0.849105	3.173684
MGYG000002848__gradient_L5_pectin_gapseq	1064	1212	264	bio1	0.439718	0.935745	3.167368
MGYG000002848__gradient_L6_resistant_starch_gapseq	1064	1212	264	bio1	0.886539	0.864169	3.242512
MGYG000002848__gradient_L7_bglucan_gapseq	1064	1212	264	bio1	1.048130	0.848773	3.171833
MGYG000002848__gradient_L8_hmo_gapseq	1064	1212	264	bio1	1.048130	0.909872	3.165198
MGYG000002848__gradient_L9_mos_gapseq	1064	1212	264	bio1	1.121684	0.861982	3.176524
MGYG000002851__gradient_L0_base_gapseq	1117	1216	299	bio1	0.361813	0.949409	3.001767
MGYG000002851__gradient_L1_inulin_gapseq	1117	1216	299	bio1	0.660609	0.874407	2.999346
MGYG000002851__gradient_L2_fos_gapseq	1117	1216	299	bio1	0.660609	0.917417	3.016874
MGYG000002851__gradient_L3_gos_gapseq	1117	1216	299	bio1	0.968742	0.871646	3.081340
MGYG000002851__gradient_L4_xos_gapseq	1117	1216	299	bio1	0.968742	0.859762	3.024914
MGYG000002851__gradient_L5_pectin_gapseq	1117	1216	299	bio1	0.968742	0.904558	3.005306
MGYG000002851__gradient_L6_resistant_starch_gapseq	1117	1216	299	bio1	1.592875	0.846411	3.017539
MGYG000002851__gradient_L7_bglucan_gapseq	1117	1216	299	bio1	1.592875	0.930056	3.001627
MGYG000002851__gradient_L8_hmo_gapseq	1117	1216	299	bio1	1.592875	0.870258	3.089664
MGYG000002851__gradient_L9_mos_gapseq	1117	1216	299	bio1	1.736864	0.868849	3.026929
MGYG000002852__gradient_L0_base_gapseq	1137	1284	312	bio1	0.000000	0.907479	0.123769
MGYG000002852__gradient_L1_inulin_gapseq	1137	1284	312	bio1	0.000000	0.915247	0.043165
MGYG000002852__gradient_L2_fos_gapseq	1137	1284	312	bio1	0.000000	0.915435	0.043279
MGYG000002852__gradient_L3_gos_gapseq	1137	1284	312	bio1	0.000000	0.980357	0.043963
MGYG000002852__gradient_L4_xos_gapseq	1137	1284	312	bio1	0.000000	0.885298	0.044859
MGYG000002852__gradient_L5_pectin_gapseq	1137	1284	312	bio1	0.000000	1.023589	0.043327
MGYG000002852__gradient_L6_resistant_starch_gapseq	1137	1284	312	bio1	0.000000	0.910272	0.044642
MGYG000002852__gradient_L7_bglucan_gapseq	1137	1284	312	bio1	0.000000	0.915727	0.137550
MGYG000002852__gradient_L8_hmo_gapseq	1137	1284	312	bio1	0.000000	0.920419	0.045647
MGYG000002852__gradient_L9_mos_gapseq	1137	1284	312	bio1	0.000000	0.917999	0.044462
MGYG000002854__gradient_L0_base_gapseq	1255	1312	315	bio1	0.000000	1.118392	0.042057
MGYG000002854__gradient_L1_inulin_gapseq	1255	1312	315	bio1	0.000000	0.954915	0.043631
MGYG000002854__gradient_L2_fos_gapseq	1255	1312	315	bio1	0.000000	1.043951	0.042140
MGYG000002854__gradient_L3_gos_gapseq	1255	1312	315	bio1	0.000000	0.969112	0.042802
MGYG000002854__gradient_L4_xos_gapseq	1255	1312	315	bio1	0.000000	1.031670	0.042224
MGYG000002854__gradient_L5_pectin_gapseq	1255	1312	315	bio1	0.000000	0.957659	0.042867
MGYG000002854__gradient_L6_resistant_starch_gapseq	1255	1312	315	bio1	0.000000	0.974678	0.042304
MGYG000002854__gradient_L7_bglucan_gapseq	1255	1312	315	bio1	0.000000	1.066289	0.042269
MGYG000002854__gradient_L8_hmo_gapseq	1255	1312	315	bio1	0.000000	0.956454	0.041865
MGYG000002854__gradient_L9_mos_gapseq	1255	1312	315	bio1	0.000000	1.088751	0.041745
MGYG000002858__gradient_L0_base_gapseq	1183	1290	329	bio1	0.704454	1.028135	3.438504
MGYG000002858__gradient_L1_inulin_gapseq	1183	1290	329	bio1	0.992541	0.938173	3.580357
MGYG000002858__gradient_L2_fos_gapseq	1183	1290	329	bio1	0.992541	0.914365	3.416773
MGYG000002858__gradient_L3_gos_gapseq	1183	1290	329	bio1	1.284381	0.991016	3.418153
MGYG000002858__gradient_L4_xos_gapseq	1183	1290	329	bio1	1.284381	0.931039	3.512147
MGYG000002858__gradient_L5_pectin_gapseq	1183	1290	329	bio1	1.284381	0.930404	3.398582
MGYG000002858__gradient_L6_resistant_starch_gapseq	1183	1290	329	bio1	1.896732	0.982789	3.403669
MGYG000002858__gradient_L7_bglucan_gapseq	1183	1290	329	bio1	2.102323	0.903707	3.415155
MGYG000002858__gradient_L8_hmo_gapseq	1183	1290	329	bio1	2.102323	1.008720	3.396194
MGYG000002858__gradient_L9_mos_gapseq	1183	1290	329	bio1	2.243805	0.930368	3.535826
MGYG000002860__gradient_L0_base_gapseq	1116	1232	301	bio1	0.647559	0.886617	3.170867
MGYG000002860__gradient_L1_inulin_gapseq	1116	1232	301	bio1	0.929494	1.023761	3.173698
MGYG000002860__gradient_L2_fos_gapseq	1116	1232	301	bio1	0.929494	0.892220	3.278062
MGYG000002860__gradient_L3_gos_gapseq	1116	1232	301	bio1	1.220239	0.894901	3.174428
MGYG000002860__gradient_L4_xos_gapseq	1116	1232	301	bio1	1.220239	0.941562	3.196742
MGYG000002860__gradient_L5_pectin_gapseq	1116	1232	301	bio1	1.220239	0.892926	3.158264
MGYG000002860__gradient_L6_resistant_starch_gapseq	1116	1232	301	bio1	1.566050	0.949562	3.171967
MGYG000002860__gradient_L7_bglucan_gapseq	1116	1232	301	bio1	1.566050	0.893342	3.258486
MGYG000002860__gradient_L8_hmo_gapseq	1116	1232	301	bio1	1.566050	0.897164	3.233290
MGYG000002860__gradient_L9_mos_gapseq	1116	1232	301	bio1	1.707017	0.936901	3.183981
MGYG000002870__gradient_L0_base_gapseq	727	665	80	bio1	0.000000	0.539904	0.013943
MGYG000002870__gradient_L1_inulin_gapseq	727	665	80	bio1	0.000000	0.461736	0.018046
MGYG000002870__gradient_L2_fos_gapseq	727	665	80	bio1	0.000000	0.469834	0.018684
MGYG000002870__gradient_L3_gos_gapseq	727	665	80	bio1	0.000000	0.459636	0.018210
MGYG000002870__gradient_L4_xos_gapseq	727	665	80	bio1	0.000000	0.460531	0.018229
MGYG000002870__gradient_L5_pectin_gapseq	727	665	80	bio1	0.000000	0.530631	0.018132
MGYG000002870__gradient_L6_resistant_starch_gapseq	727	665	80	bio1	0.000000	0.452097	0.018954
MGYG000002870__gradient_L7_bglucan_gapseq	727	665	80	bio1	0.000000	0.463032	0.018147
MGYG000002870__gradient_L8_hmo_gapseq	727	665	80	bio1	0.000000	0.460937	0.018151
MGYG000002870__gradient_L9_mos_gapseq	727	665	80	bio1	0.000000	0.457996	0.018155
MGYG000002875__gradient_L0_base_gapseq	1142	1251	274	bio1	0.000000	0.944358	0.040517
MGYG000002875__gradient_L1_inulin_gapseq	1142	1251	274	bio1	0.000000	0.873494	0.042208
MGYG000002875__gradient_L2_fos_gapseq	1142	1251	274	bio1	0.000000	0.880787	0.041364
MGYG000002875__gradient_L3_gos_gapseq	1142	1251	274	bio1	0.000000	0.940985	0.043685
MGYG000002875__gradient_L4_xos_gapseq	1142	1251	274	bio1	0.368780	0.857588	3.177704
MGYG000002875__gradient_L5_pectin_gapseq	1142	1251	274	bio1	0.368780	0.963624	3.181104
MGYG000002875__gradient_L6_resistant_starch_gapseq	1142	1251	274	bio1	0.627571	0.869048	3.249221
MGYG000002875__gradient_L7_bglucan_gapseq	1142	1251	274	bio1	0.627571	0.880963	3.183384
MGYG000002875__gradient_L8_hmo_gapseq	1142	1251	274	bio1	0.627571	0.955478	3.177063
MGYG000002875__gradient_L9_mos_gapseq	1142	1251	274	bio1	0.731084	0.886076	3.179438
MGYG000002876__gradient_L0_base_gapseq	1408	1524	343	bio1	0.000000	1.191134	0.051873
MGYG000002876__gradient_L1_inulin_gapseq	1408	1524	343	bio1	0.000000	1.109843	0.132648
MGYG000002876__gradient_L2_fos_gapseq	1408	1524	343	bio1	0.000000	1.139969	0.059820
MGYG000002876__gradient_L3_gos_gapseq	1408	1524	343	bio1	0.000000	1.230761	0.057798
MGYG000002876__gradient_L4_xos_gapseq	1408	1524	343	bio1	0.755239	1.175976	4.754052
MGYG000002876__gradient_L5_pectin_gapseq	1408	1524	343	bio1	0.755239	1.219600	4.746769
MGYG000002876__gradient_L6_resistant_starch_gapseq	1408	1524	343	bio1	0.913748	1.236582	4.777884
MGYG000002876__gradient_L7_bglucan_gapseq	1408	1524	343	bio1	0.913748	1.139336	4.898242
MGYG000002876__gradient_L8_hmo_gapseq	1408	1524	343	bio1	0.913748	1.119023	4.765863
MGYG000002876__gradient_L9_mos_gapseq	1408	1524	343	bio1	0.913748	1.223012	4.770943
MGYG000002882__gradient_L0_base_gapseq	1089	1200	270	bio1	0.000000	0.972212	0.050893
MGYG000002882__gradient_L1_inulin_gapseq	1089	1200	270	bio1	0.000000	0.843566	0.042174
MGYG000002882__gradient_L2_fos_gapseq	1089	1200	270	bio1	0.000000	0.933509	0.041598
MGYG000002882__gradient_L3_gos_gapseq	1089	1200	270	bio1	0.000000	0.865192	0.044764
MGYG000002882__gradient_L4_xos_gapseq	1089	1200	270	bio1	0.000000	0.848286	0.044441
MGYG000002882__gradient_L5_pectin_gapseq	1089	1200	270	bio1	0.000000	0.958249	0.043407
MGYG000002882__gradient_L6_resistant_starch_gapseq	1089	1200	270	bio1	0.000000	0.861783	0.044120
MGYG000002882__gradient_L7_bglucan_gapseq	1089	1200	270	bio1	0.000000	0.869345	0.134430
MGYG000002882__gradient_L8_hmo_gapseq	1089	1200	270	bio1	0.000000	0.835563	0.045355
MGYG000002882__gradient_L9_mos_gapseq	1089	1200	270	bio1	0.000000	0.865189	0.044410
MGYG000002883__gradient_L0_base_gapseq	1126	1183	211	bio1	0.000000	0.857800	0.039814
MGYG000002883__gradient_L1_inulin_gapseq	1126	1183	211	bio1	0.048074	0.857233	3.030303
MGYG000002883__gradient_L2_fos_gapseq	1126	1183	211	bio1	0.048074	0.863375	2.977686
MGYG000002883__gradient_L3_gos_gapseq	1126	1183	211	bio1	0.048074	0.925283	2.971536
MGYG000002883__gradient_L4_xos_gapseq	1126	1183	211	bio1	0.048074	0.860023	2.973237
MGYG000002883__gradient_L5_pectin_gapseq	1126	1183	211	bio1	0.048074	0.936420	2.968670
MGYG000002883__gradient_L6_resistant_starch_gapseq	1126	1183	211	bio1	0.048074	0.861543	2.965508
MGYG000002883__gradient_L7_bglucan_gapseq	1126	1183	211	bio1	0.048074	0.914266	2.974126
MGYG000002883__gradient_L8_hmo_gapseq	1126	1183	211	bio1	0.048074	0.852058	2.998167
MGYG000002883__gradient_L9_mos_gapseq	1126	1183	211	bio1	0.048074	0.858298	2.960679
MGYG000002884__gradient_L0_base_gapseq	1214	1310	238	bio1	0.000000	0.957604	0.047811
MGYG000002884__gradient_L1_inulin_gapseq	1214	1310	238	bio1	0.000000	1.021645	0.049731
MGYG000002884__gradient_L2_fos_gapseq	1214	1310	238	bio1	0.000000	0.943727	0.049541
MGYG000002884__gradient_L3_gos_gapseq	1214	1310	238	bio1	0.911872	0.954295	3.617155
MGYG000002884__gradient_L4_xos_gapseq	1214	1310	238	bio1	0.911872	0.930005	3.511959
MGYG000002884__gradient_L5_pectin_gapseq	1214	1310	238	bio1	0.911872	1.047862	3.498979
MGYG000002884__gradient_L6_resistant_starch_gapseq	1214	1310	238	bio1	1.045615	0.960370	3.600051
MGYG000002884__gradient_L7_bglucan_gapseq	1214	1310	238	bio1	1.045615	0.961686	3.503079
MGYG000002884__gradient_L8_hmo_gapseq	1214	1310	238	bio1	1.045615	1.019391	3.508154
MGYG000002884__gradient_L9_mos_gapseq	1214	1310	238	bio1	1.179357	0.949319	3.604093
MGYG000002888__gradient_L0_base_gapseq	1695	1969	450	bio1	0.864969	1.505090	7.477344
MGYG000002888__gradient_L1_inulin_gapseq	1695	1969	450	bio1	1.068891	1.530240	7.438911
MGYG000002888__gradient_L2_fos_gapseq	1695	1969	450	bio1	1.068891	1.518777	7.417958
MGYG000002888__gradient_L3_gos_gapseq	1695	1969	450	bio1	1.265029	1.548450	7.386063
MGYG000002888__gradient_L4_xos_gapseq	1695	1969	450	bio1	1.320290	1.563997	7.391122
MGYG000002888__gradient_L5_pectin_gapseq	1695	1969	450	bio1	1.320290	1.524422	7.496781
MGYG000002888__gradient_L6_resistant_starch_gapseq	1695	1969	450	bio1	1.597374	1.537042	7.440559
MGYG000002888__gradient_L7_bglucan_gapseq	1695	1969	450	bio1	1.597374	1.557149	7.398617
MGYG000002888__gradient_L8_hmo_gapseq	1695	1969	450	bio1	1.597374	1.512000	7.376076
MGYG000002888__gradient_L9_mos_gapseq	1695	1969	450	bio1	1.696999	1.520830	7.530893
MGYG000002898__gradient_L0_base_gapseq	1534	1873	551	bio1	1.018539	1.402727	7.009980
MGYG000002898__gradient_L1_inulin_gapseq	1534	1873	551	bio1	1.249153	1.392507	6.982747
MGYG000002898__gradient_L2_fos_gapseq	1534	1873	551	bio1	1.249153	1.404905	7.011073
MGYG000002898__gradient_L3_gos_gapseq	1534	1873	551	bio1	1.450941	1.398117	7.036902
MGYG000002898__gradient_L4_xos_gapseq	1534	1873	551	bio1	1.494181	1.408123	7.001925
MGYG000002898__gradient_L5_pectin_gapseq	1534	1873	551	bio1	1.494181	1.388646	7.061727
MGYG000002898__gradient_L6_resistant_starch_gapseq	1534	1873	551	bio1	1.993847	1.413553	7.028403
MGYG000002898__gradient_L7_bglucan_gapseq	1534	1873	551	bio1	1.993847	1.318334	7.091004
MGYG000002898__gradient_L8_hmo_gapseq	1534	1873	551	bio1	1.993847	1.370794	7.065872
MGYG000002898__gradient_L9_mos_gapseq	1534	1873	551	bio1	2.109154	1.318058	7.089060
MGYG000002899__gradient_L0_base_gapseq	1212	1449	294	bio1	0.000000	1.066287	0.052121
MGYG000002899__gradient_L1_inulin_gapseq	1212	1449	294	bio1	0.000000	1.013910	0.051097
MGYG000002899__gradient_L2_fos_gapseq	1212	1449	294	bio1	0.000000	1.064278	0.050347
MGYG000002899__gradient_L3_gos_gapseq	1212	1449	294	bio1	0.692996	1.026273	4.175044
MGYG000002899__gradient_L4_xos_gapseq	1212	1449	294	bio1	0.756683	1.084541	4.158828
MGYG000002899__gradient_L5_pectin_gapseq	1212	1449	294	bio1	0.756683	1.082477	4.177674
MGYG000002899__gradient_L6_resistant_starch_gapseq	1212	1449	294	bio1	1.273253	1.011015	4.313004
MGYG000002899__gradient_L7_bglucan_gapseq	1212	1449	294	bio1	1.273253	1.010501	4.180937
MGYG000002899__gradient_L8_hmo_gapseq	1212	1449	294	bio1	1.273253	1.077306	4.155449
MGYG000002899__gradient_L9_mos_gapseq	1212	1449	294	bio1	1.348734	0.981708	4.271542
MGYG000002903__gradient_L0_base_gapseq	1219	1223	232	bio1	0.036745	0.895830	3.179334
MGYG000002903__gradient_L1_inulin_gapseq	1219	1223	232	bio1	0.122565	0.877348	3.269256
MGYG000002903__gradient_L2_fos_gapseq	1219	1223	232	bio1	0.122565	0.899159	3.183310
MGYG000002903__gradient_L3_gos_gapseq	1219	1223	232	bio1	0.122565	0.972495	3.190194
MGYG000002903__gradient_L4_xos_gapseq	1219	1223	232	bio1	0.122565	0.897093	3.336918
MGYG000002903__gradient_L5_pectin_gapseq	1219	1223	232	bio1	0.122565	0.910902	3.194449
MGYG000002903__gradient_L6_resistant_starch_gapseq	1219	1223	232	bio1	0.204282	0.972984	3.157966
MGYG000002903__gradient_L7_bglucan_gapseq	1219	1223	232	bio1	0.204282	0.912340	3.179105
MGYG000002903__gradient_L8_hmo_gapseq	1219	1223	232	bio1	0.204282	0.983053	3.171327
MGYG000002903__gradient_L9_mos_gapseq	1219	1223	232	bio1	0.204282	0.913576	3.250848
MGYG000002904	0	0	0	NONE	0.000000	0.000000	0.000000
MGYG000002907__gradient_L0_base_gapseq	1686	1943	612	bio1	1.621782	1.440391	7.451240
MGYG000002907__gradient_L1_inulin_gapseq	1686	1943	612	bio1	1.783155	1.448147	7.443750
MGYG000002907__gradient_L2_fos_gapseq	1686	1943	612	bio1	1.783155	1.438801	7.445893
MGYG000002907__gradient_L3_gos_gapseq	1686	1943	612	bio1	1.783155	1.485697	7.462302
MGYG000002907__gradient_L4_xos_gapseq	1686	1943	612	bio1	1.859807	1.493198	7.452336
MGYG000002907__gradient_L5_pectin_gapseq	1686	1943	612	bio1	1.859807	1.438119	7.485419
MGYG000002907__gradient_L6_resistant_starch_gapseq	1686	1943	612	bio1	2.549111	1.446552	7.461882
MGYG000002907__gradient_L7_bglucan_gapseq	1686	1943	612	bio1	2.549111	1.496001	7.450216
MGYG000002907__gradient_L8_hmo_gapseq	1686	1943	612	bio1	2.549111	1.432091	7.435119
MGYG000002907__gradient_L9_mos_gapseq	1686	1943	612	bio1	2.549111	1.420673	7.428881
MGYG000002913__gradient_L0_base_gapseq	1117	1200	227	bio1	0.000000	0.834626	0.041407
MGYG000002913__gradient_L1_inulin_gapseq	1117	1200	227	bio1	0.000000	0.845033	0.039181
MGYG000002913__gradient_L2_fos_gapseq	1117	1200	227	bio1	0.000000	0.961700	0.040236
MGYG000002913__gradient_L3_gos_gapseq	1117	1200	227	bio1	0.350025	0.863546	2.940067
MGYG000002913__gradient_L4_xos_gapseq	1117	1200	227	bio1	0.350025	0.940445	2.934862
MGYG000002913__gradient_L5_pectin_gapseq	1117	1200	227	bio1	0.350025	0.851486	3.012867
MGYG000002913__gradient_L6_resistant_starch_gapseq	1117	1200	227	bio1	0.815966	0.869401	2.932506
MGYG000002913__gradient_L7_bglucan_gapseq	1117	1200	227	bio1	0.815966	0.850283	3.063007
MGYG000002913__gradient_L8_hmo_gapseq	1117	1200	227	bio1	0.931872	0.857117	2.946054
MGYG000002913__gradient_L9_mos_gapseq	1117	1200	227	bio1	0.994383	0.943844	2.938641
MGYG000002917__gradient_L0_base_gapseq	1182	1343	320	bio1	0.598321	0.932801	3.796757
MGYG000002917__gradient_L1_inulin_gapseq	1182	1343	320	bio1	0.828735	1.038329	3.771447
MGYG000002917__gradient_L2_fos_gapseq	1182	1343	320	bio1	0.828735	0.965428	3.876382
MGYG000002917__gradient_L3_gos_gapseq	1182	1343	320	bio1	1.054963	0.962101	3.781321
MGYG000002917__gradient_L4_xos_gapseq	1182	1343	320	bio1	1.096515	1.057352	3.842283
MGYG000002917__gradient_L5_pectin_gapseq	1182	1343	320	bio1	1.096515	0.985684	3.871981
MGYG000002917__gradient_L6_resistant_starch_gapseq	1182	1343	320	bio1	1.569753	0.964157	3.762254
MGYG000002917__gradient_L7_bglucan_gapseq	1182	1343	320	bio1	1.569753	1.053627	3.788371
MGYG000002917__gradient_L8_hmo_gapseq	1182	1343	320	bio1	1.569753	0.932098	3.848177
MGYG000002917__gradient_L9_mos_gapseq	1182	1343	320	bio1	1.680559	0.966717	3.800495
MGYG000002918__gradient_L0_base_gapseq	1135	1279	311	bio1	0.730744	0.887422	3.319072
MGYG000002918__gradient_L1_inulin_gapseq	1135	1279	311	bio1	1.024688	0.974752	3.295878
MGYG000002918__gradient_L2_fos_gapseq	1135	1279	311	bio1	1.024688	0.907347	3.350329
MGYG000002918__gradient_L3_gos_gapseq	1135	1279	311	bio1	1.318094	0.913680	3.309830
MGYG000002918__gradient_L4_xos_gapseq	1135	1279	311	bio1	1.318094	0.984462	3.300568
MGYG000002918__gradient_L5_pectin_gapseq	1135	1279	311	bio1	1.318094	0.893288	3.363181
MGYG000002918__gradient_L6_resistant_starch_gapseq	1135	1279	311	bio1	1.933802	0.914680	3.301784
MGYG000002918__gradient_L7_bglucan_gapseq	1135	1279	311	bio1	1.933802	0.951040	3.311191
MGYG000002918__gradient_L8_hmo_gapseq	1135	1279	311	bio1	1.933802	0.907998	3.298151
MGYG000002918__gradient_L9_mos_gapseq	1135	1279	311	bio1	2.076060	1.011240	3.290774
MGYG000002919__gradient_L0_base_gapseq	1171	1338	332	bio1	0.803620	1.023734	3.726972
MGYG000002919__gradient_L1_inulin_gapseq	1171	1338	332	bio1	1.097899	0.952704	3.811252
MGYG000002919__gradient_L2_fos_gapseq	1171	1338	332	bio1	1.097899	0.932438	3.737041
MGYG000002919__gradient_L3_gos_gapseq	1171	1338	332	bio1	1.394267	1.005088	3.740244
MGYG000002919__gradient_L4_xos_gapseq	1171	1338	332	bio1	1.394267	0.950937	3.820479
MGYG000002919__gradient_L5_pectin_gapseq	1171	1338	332	bio1	1.394267	0.955038	3.748931
MGYG000002919__gradient_L6_resistant_starch_gapseq	1171	1338	332	bio1	2.016191	1.014042	3.748503
MGYG000002919__gradient_L7_bglucan_gapseq	1171	1338	332	bio1	2.016191	0.922873	3.828530
MGYG000002919__gradient_L8_hmo_gapseq	1171	1338	332	bio1	2.016191	0.951959	3.814964
MGYG000002919__gradient_L9_mos_gapseq	1171	1338	332	bio1	2.159885	1.015764	3.766689
MGYG000002926__gradient_L0_base_gapseq	1048	1146	261	bio1	0.000000	0.818297	0.037938
MGYG000002926__gradient_L1_inulin_gapseq	1048	1146	261	bio1	0.000000	0.891237	0.040351
MGYG000002926__gradient_L2_fos_gapseq	1048	1146	261	bio1	0.000000	0.821785	0.040550
MGYG000002926__gradient_L3_gos_gapseq	1048	1146	261	bio1	0.000000	0.825682	0.130944
MGYG000002926__gradient_L4_xos_gapseq	1048	1146	261	bio1	0.000000	0.820148	0.040549
MGYG000002926__gradient_L5_pectin_gapseq	1048	1146	261	bio1	0.000000	0.811563	0.041165
MGYG000002926__gradient_L6_resistant_starch_gapseq	1048	1146	261	bio1	0.000000	0.912353	0.038881
MGYG000002926__gradient_L7_bglucan_gapseq	1048	1146	261	bio1	0.000000	0.839405	0.039562
MGYG000002926__gradient_L8_hmo_gapseq	1048	1146	261	bio1	0.000000	0.823374	0.038968
MGYG000002926__gradient_L9_mos_gapseq	1048	1146	261	bio1	0.000000	0.911923	0.040144
MGYG000002954__gradient_L0_base_gapseq	1378	1482	351	bio1	0.000000	1.134831	0.059259
MGYG000002954__gradient_L1_inulin_gapseq	1378	1482	351	bio1	0.000000	1.173740	0.062724
MGYG000002954__gradient_L2_fos_gapseq	1378	1482	351	bio1	0.000000	1.133822	0.064060
MGYG000002954__gradient_L3_gos_gapseq	1378	1482	351	bio1	0.000000	1.239876	0.062161
MGYG000002954__gradient_L4_xos_gapseq	1378	1482	351	bio1	0.766461	1.130798	4.604028
MGYG000002954__gradient_L5_pectin_gapseq	1378	1482	351	bio1	0.766461	1.126434	4.584649
MGYG000002954__gradient_L6_resistant_starch_gapseq	1378	1482	351	bio1	0.766461	1.199666	4.534180
MGYG000002954__gradient_L7_bglucan_gapseq	1378	1482	351	bio1	0.766461	1.190027	4.493733
MGYG000002954__gradient_L8_hmo_gapseq	1378	1482	351	bio1	0.766461	1.092594	4.575305
MGYG000002954__gradient_L9_mos_gapseq	1378	1482	351	bio1	0.766461	1.089602	4.485602
MGYG000002958__gradient_L0_base_gapseq	1180	1323	331	bio1	0.853855	0.944554	3.514775
MGYG000002958__gradient_L1_inulin_gapseq	1180	1323	331	bio1	1.144458	1.101522	3.569427
MGYG000002958__gradient_L2_fos_gapseq	1180	1323	331	bio1	1.144458	0.957862	3.605479
MGYG000002958__gradient_L3_gos_gapseq	1180	1323	331	bio1	1.438942	0.955537	3.503301
MGYG000002958__gradient_L4_xos_gapseq	1180	1323	331	bio1	1.438942	1.005048	3.509768
MGYG000002958__gradient_L5_pectin_gapseq	1180	1323	331	bio1	1.438942	0.973231	3.595971
MGYG000002958__gradient_L6_resistant_starch_gapseq	1180	1323	331	bio1	2.056910	0.932766	3.519942
MGYG000002958__gradient_L7_bglucan_gapseq	1180	1323	331	bio1	2.264387	0.987765	3.495274
MGYG000002958__gradient_L8_hmo_gapseq	1180	1323	331	bio1	2.264387	0.943656	3.617042
MGYG000002958__gradient_L9_mos_gapseq	1180	1323	331	bio1	2.264387	0.939316	3.509067
MGYG000002959__gradient_L0_base_gapseq	1102	1212	273	bio1	0.347648	0.885595	3.264830
MGYG000002959__gradient_L1_inulin_gapseq	1102	1212	273	bio1	0.499900	0.875524	3.180142
MGYG000002959__gradient_L2_fos_gapseq	1102	1212	273	bio1	0.499900	0.954586	3.166799
MGYG000002959__gradient_L3_gos_gapseq	1102	1212	273	bio1	0.499900	0.892601	3.161268
MGYG000002959__gradient_L4_xos_gapseq	1102	1212	273	bio1	0.499900	0.958185	3.170170
MGYG000002959__gradient_L5_pectin_gapseq	1102	1212	273	bio1	0.499900	0.875699	3.238429
MGYG000002959__gradient_L6_resistant_starch_gapseq	1102	1212	273	bio1	0.499900	0.873915	3.163215
MGYG000002959__gradient_L7_bglucan_gapseq	1102	1212	273	bio1	0.499900	0.941043	3.165564
MGYG000002959__gradient_L8_hmo_gapseq	1102	1212	273	bio1	0.499900	0.859685	3.155659
MGYG000002959__gradient_L9_mos_gapseq	1102	1212	273	bio1	0.499900	0.957715	3.146478
MGYG000002966__gradient_L0_base_gapseq	1512	1756	611	bio1	1.099904	1.361952	6.017017
MGYG000002966__gradient_L1_inulin_gapseq	1512	1756	611	bio1	1.374168	1.350679	6.015205
MGYG000002966__gradient_L2_fos_gapseq	1512	1756	611	bio1	1.374168	1.368302	6.048387
MGYG000002966__gradient_L3_gos_gapseq	1512	1756	611	bio1	1.650575	1.368490	6.047026
MGYG000002966__gradient_L4_xos_gapseq	1512	1756	611	bio1	1.789849	1.387398	6.023886
MGYG000002966__gradient_L5_pectin_gapseq	1512	1756	611	bio1	1.836989	1.366663	6.022587
MGYG000002966__gradient_L6_resistant_starch_gapseq	1512	1756	611	bio1	2.427722	1.278186	6.115053
MGYG000002966__gradient_L7_bglucan_gapseq	1512	1756	611	bio1	2.623187	1.279678	6.095653
MGYG000002966__gradient_L8_hmo_gapseq	1512	1756	611	bio1	2.764828	1.285873	6.084890
MGYG000002966__gradient_L9_mos_gapseq	1512	1756	611	bio1	2.900804	1.298691	6.080553
MGYG000002969__gradient_L0_base_gapseq	1338	1407	338	bio1	0.074961	1.127103	3.924704
MGYG000002969__gradient_L1_inulin_gapseq	1338	1407	338	bio1	0.159663	1.016336	4.006476
MGYG000002969__gradient_L2_fos_gapseq	1338	1407	338	bio1	0.159663	1.063413	3.919538
MGYG000002969__gradient_L3_gos_gapseq	1338	1407	338	bio1	0.159663	1.106833	3.942072
MGYG000002969__gradient_L4_xos_gapseq	1338	1407	338	bio1	0.159663	1.137197	3.931618
MGYG000002969__gradient_L5_pectin_gapseq	1338	1407	338	bio1	0.159663	1.025920	4.024291
MGYG000002969__gradient_L6_resistant_starch_gapseq	1338	1407	338	bio1	0.491469	1.056083	3.899419
MGYG000002969__gradient_L7_bglucan_gapseq	1338	1407	338	bio1	0.491469	1.162203	3.963004
MGYG000002969__gradient_L8_hmo_gapseq	1338	1407	338	bio1	0.491469	1.057281	3.996201
MGYG000002969__gradient_L9_mos_gapseq	1338	1407	338	bio1	0.491469	1.056724	3.903896
MGYG000002986__gradient_L0_base_gapseq	1269	1406	315	bio1	0.792384	1.024822	4.228301
MGYG000002986__gradient_L1_inulin_gapseq	1269	1406	315	bio1	0.950205	0.997478	4.156550
MGYG000002986__gradient_L2_fos_gapseq	1269	1406	315	bio1	0.950205	1.097537	4.151573
MGYG000002986__gradient_L3_gos_gapseq	1269	1406	315	bio1	0.950205	1.125155	4.139178
MGYG000002986__gradient_L4_xos_gapseq	1269	1406	315	bio1	0.969933	1.040468	4.234887
MGYG000002986__gradient_L5_pectin_gapseq	1269	1406	315	bio1	0.969933	1.017135	4.143517
MGYG000002986__gradient_L6_resistant_starch_gapseq	1269	1406	315	bio1	1.047526	1.076078	4.136130
MGYG000002986__gradient_L7_bglucan_gapseq	1269	1406	315	bio1	1.047526	1.028136	4.237928
MGYG000002986__gradient_L8_hmo_gapseq	1269	1406	315	bio1	1.047526	1.030951	4.136087
MGYG000002986__gradient_L9_mos_gapseq	1269	1406	315	bio1	1.124527	1.102571	4.151185
MGYG000002994__gradient_L0_base_gapseq	1561	1724	453	bio1	0.990818	1.283328	5.903704
MGYG000002994__gradient_L1_inulin_gapseq	1561	1724	453	bio1	1.122371	1.357282	5.894198
MGYG000002994__gradient_L2_fos_gapseq	1561	1724	453	bio1	1.122371	1.333425	5.865778
MGYG000002994__gradient_L3_gos_gapseq	1561	1724	453	bio1	1.122371	1.328619	5.884745
MGYG000002994__gradient_L4_xos_gapseq	1561	1724	453	bio1	1.197763	1.324396	5.898511
MGYG000002994__gradient_L5_pectin_gapseq	1561	1724	453	bio1	1.235390	1.364211	5.945595
MGYG000002994__gradient_L6_resistant_starch_gapseq	1561	1724	453	bio1	1.835060	1.228441	5.991117
MGYG000002994__gradient_L7_bglucan_gapseq	1561	1724	453	bio1	1.835060	1.246609	5.997813
MGYG000002994__gradient_L8_hmo_gapseq	1561	1724	453	bio1	1.835060	1.281373	5.911830
MGYG000002994__gradient_L9_mos_gapseq	1561	1724	453	bio1	1.835060	1.317539	5.897604
MGYG000003012__gradient_L0_base_gapseq	1406	1610	464	bio1	0.000000	1.223435	0.063322
MGYG000003012__gradient_L1_inulin_gapseq	1406	1610	464	bio1	0.000000	1.181739	0.066400
MGYG000003012__gradient_L2_fos_gapseq	1406	1610	464	bio1	0.000000	1.218128	0.066923
MGYG000003012__gradient_L3_gos_gapseq	1406	1610	464	bio1	0.000000	1.152577	0.146208
MGYG000003012__gradient_L4_xos_gapseq	1406	1610	464	bio1	0.000000	1.180683	0.065015
MGYG000003012__gradient_L5_pectin_gapseq	1406	1610	464	bio1	0.000000	1.278902	0.065694
MGYG000003012__gradient_L6_resistant_starch_gapseq	1406	1610	464	bio1	0.000000	1.128599	0.063590
MGYG000003012__gradient_L7_bglucan_gapseq	1406	1610	464	bio1	0.000000	1.305839	0.062550
MGYG000003012__gradient_L8_hmo_gapseq	1406	1610	464	bio1	0.000000	1.109991	0.062553
MGYG000003012__gradient_L9_mos_gapseq	1406	1610	464	bio1	0.000000	1.295490	0.063371
MGYG000003022__gradient_L0_base_gapseq	1193	1277	356	bio1	0.240813	0.923429	3.331601
MGYG000003022__gradient_L1_inulin_gapseq	1193	1277	356	bio1	0.344729	1.018641	3.322873
MGYG000003022__gradient_L2_fos_gapseq	1193	1277	356	bio1	0.344729	0.943072	3.332630
MGYG000003022__gradient_L3_gos_gapseq	1193	1277	356	bio1	0.344729	1.037195	3.375034
MGYG000003022__gradient_L4_xos_gapseq	1193	1277	356	bio1	0.344729	0.931025	3.414509
MGYG000003022__gradient_L5_pectin_gapseq	1193	1277	356	bio1	0.344729	0.938274	3.315465
MGYG000003022__gradient_L6_resistant_starch_gapseq	1193	1277	356	bio1	0.344729	0.996506	3.335028
MGYG000003022__gradient_L7_bglucan_gapseq	1193	1277	356	bio1	0.344729	0.934626	3.452228
MGYG000003022__gradient_L8_hmo_gapseq	1193	1277	356	bio1	0.344729	0.960767	3.324062
MGYG000003022__gradient_L9_mos_gapseq	1193	1277	356	bio1	0.344729	0.997764	3.333739
MGYG000003024__gradient_L0_base_gapseq	1114	1246	297	bio1	0.826367	0.885873	3.363098
MGYG000003024__gradient_L1_inulin_gapseq	1114	1246	297	bio1	1.118052	0.897997	3.267007
MGYG000003024__gradient_L2_fos_gapseq	1114	1246	297	bio1	1.118052	0.935472	3.321853
MGYG000003024__gradient_L3_gos_gapseq	1114	1246	297	bio1	1.332292	0.893348	3.363232
MGYG000003024__gradient_L4_xos_gapseq	1114	1246	297	bio1	1.394778	0.894155	3.284906
MGYG000003024__gradient_L5_pectin_gapseq	1114	1246	297	bio1	1.394778	0.950751	3.289711
MGYG000003024__gradient_L6_resistant_starch_gapseq	1114	1246	297	bio1	2.012949	0.888118	3.267455
MGYG000003024__gradient_L7_bglucan_gapseq	1114	1246	297	bio1	2.012949	0.961186	3.277957
MGYG000003024__gradient_L8_hmo_gapseq	1114	1246	297	bio1	2.012949	0.879684	3.351965
MGYG000003024__gradient_L9_mos_gapseq	1114	1246	297	bio1	2.155775	0.883498	3.270935
MGYG000003046__gradient_L0_base_gapseq	1162	1315	310	bio1	0.754411	0.956877	3.642186
MGYG000003046__gradient_L1_inulin_gapseq	1162	1315	310	bio1	1.046019	0.936929	3.480404
MGYG000003046__gradient_L2_fos_gapseq	1162	1315	310	bio1	1.046019	1.001301	3.526608
MGYG000003046__gradient_L3_gos_gapseq	1162	1315	310	bio1	1.337933	0.929820	3.511429
MGYG000003046__gradient_L4_xos_gapseq	1162	1315	310	bio1	1.399855	1.000869	3.473977
MGYG000003046__gradient_L5_pectin_gapseq	1162	1315	310	bio1	1.399855	1.003066	3.481060
MGYG000003046__gradient_L6_resistant_starch_gapseq	1162	1315	310	bio1	2.012434	0.919346	3.492035
MGYG000003046__gradient_L7_bglucan_gapseq	1162	1315	310	bio1	2.012434	1.019149	3.501732
MGYG000003046__gradient_L8_hmo_gapseq	1162	1315	310	bio1	2.012434	0.941295	3.567818
MGYG000003046__gradient_L9_mos_gapseq	1162	1315	310	bio1	2.153968	0.940421	3.541548
MGYG000003052__gradient_L0_base_gapseq	1164	1300	319	bio1	0.734742	1.076089	3.484560
MGYG000003052__gradient_L1_inulin_gapseq	1164	1300	319	bio1	1.030092	0.921994	3.545320
MGYG000003052__gradient_L2_fos_gapseq	1164	1300	319	bio1	1.030092	0.918960	3.466871
MGYG000003052__gradient_L3_gos_gapseq	1164	1300	319	bio1	1.325046	0.988612	3.478899
MGYG000003052__gradient_L4_xos_gapseq	1164	1300	319	bio1	1.325046	0.917548	3.544390
MGYG000003052__gradient_L5_pectin_gapseq	1164	1300	319	bio1	1.325046	0.918068	3.491819
MGYG000003052__gradient_L6_resistant_starch_gapseq	1164	1300	319	bio1	1.944001	0.979314	3.475398
MGYG000003052__gradient_L7_bglucan_gapseq	1164	1300	319	bio1	1.944001	0.936334	3.563976
MGYG000003052__gradient_L8_hmo_gapseq	1164	1300	319	bio1	1.944001	0.922110	3.502063
MGYG000003052__gradient_L9_mos_gapseq	1164	1300	319	bio1	2.087009	1.011809	3.486705
MGYG000003058__gradient_L0_base_gapseq	935	915	157	bio1	0.000000	0.691144	0.023920
MGYG000003058__gradient_L1_inulin_gapseq	935	915	157	bio1	0.000000	0.647414	0.029762
MGYG000003058__gradient_L2_fos_gapseq	935	915	157	bio1	0.000000	0.735945	0.031162
MGYG000003058__gradient_L3_gos_gapseq	935	915	157	bio1	0.000000	0.660823	0.029974
MGYG000003058__gradient_L4_xos_gapseq	935	915	157	bio1	0.000000	0.635629	0.029720
MGYG000003058__gradient_L5_pectin_gapseq	935	915	157	bio1	0.000000	0.724877	0.030027
MGYG000003058__gradient_L6_resistant_starch_gapseq	935	915	157	bio1	0.000000	0.692225	0.031596
MGYG000003058__gradient_L7_bglucan_gapseq	935	915	157	bio1	0.000000	0.752279	0.029814
MGYG000003058__gradient_L8_hmo_gapseq	935	915	157	bio1	0.000000	0.698264	0.030723
MGYG000003058__gradient_L9_mos_gapseq	935	915	157	bio1	0.000000	0.803735	0.029956
MGYG000003059__gradient_L0_base_gapseq	1111	1211	266	bio1	0.000000	0.901966	0.040277
MGYG000003059__gradient_L1_inulin_gapseq	1111	1211	266	bio1	0.424816	0.830194	3.149657
MGYG000003059__gradient_L2_fos_gapseq	1111	1211	266	bio1	0.424816	0.939334	3.180714
MGYG000003059__gradient_L3_gos_gapseq	1111	1211	266	bio1	0.504471	0.830731	3.146568
MGYG000003059__gradient_L4_xos_gapseq	1111	1211	266	bio1	0.578363	0.948598	3.140554
MGYG000003059__gradient_L5_pectin_gapseq	1111	1211	266	bio1	0.578363	0.880444	3.226262
MGYG000003059__gradient_L6_resistant_starch_gapseq	1111	1211	266	bio1	1.165481	0.879337	3.161865
MGYG000003059__gradient_L7_bglucan_gapseq	1111	1211	266	bio1	1.371156	0.946402	3.152312
MGYG000003059__gradient_L8_hmo_gapseq	1111	1211	266	bio1	1.371156	0.904150	3.139069
MGYG000003059__gradient_L9_mos_gapseq	1111	1211	266	bio1	1.473993	0.914805	3.140888
MGYG000003063__gradient_L0_base_gapseq	1471	1695	493	bio1	0.000000	1.303924	0.076537
MGYG000003063__gradient_L1_inulin_gapseq	1471	1695	493	bio1	0.000000	1.243555	0.145230
MGYG000003063__gradient_L2_fos_gapseq	1471	1695	493	bio1	0.000000	1.224383	0.081515
MGYG000003063__gradient_L3_gos_gapseq	1471	1695	493	bio1	0.000000	1.302392	0.080941
MGYG000003063__gradient_L4_xos_gapseq	1471	1695	493	bio1	1.485651	1.206581	5.730466
MGYG000003063__gradient_L5_pectin_gapseq	1471	1695	493	bio1	1.485651	1.218588	5.583086
MGYG000003063__gradient_L6_resistant_starch_gapseq	1471	1695	493	bio1	2.095322	1.333151	5.632348
MGYG000003063__gradient_L7_bglucan_gapseq	1471	1695	493	bio1	2.300013	1.317918	5.597074
MGYG000003063__gradient_L8_hmo_gapseq	1471	1695	493	bio1	2.445277	1.315372	5.604096
MGYG000003063__gradient_L9_mos_gapseq	1471	1695	493	bio1	2.586140	1.309477	5.583905
MGYG000003064__gradient_L0_base_gapseq	1479	1794	517	bio1	0.000000	1.293796	0.082349
MGYG000003064__gradient_L1_inulin_gapseq	1479	1794	517	bio1	0.000000	1.373309	0.084180
MGYG000003064__gradient_L2_fos_gapseq	1479	1794	517	bio1	0.000000	1.268233	0.187378
MGYG000003064__gradient_L3_gos_gapseq	1479	1794	517	bio1	0.000000	1.286309	0.083995
MGYG000003064__gradient_L4_xos_gapseq	1479	1794	517	bio1	0.000000	1.378723	0.081433
MGYG000003064__gradient_L5_pectin_gapseq	1479	1794	517	bio1	0.000000	1.265204	0.080793
MGYG000003064__gradient_L6_resistant_starch_gapseq	1479	1794	517	bio1	1.334180	1.409065	6.308427
MGYG000003064__gradient_L7_bglucan_gapseq	1479	1794	517	bio1	1.500653	1.453715	6.396497
MGYG000003064__gradient_L8_hmo_gapseq	1479	1794	517	bio1	1.500653	1.398753	6.320919
MGYG000003064__gradient_L9_mos_gapseq	1479	1794	517	bio1	1.606809	1.360391	6.330921
MGYG000003065__gradient_L0_base_gapseq	1400	1642	448	bio1	0.744028	1.183452	5.412332
MGYG000003065__gradient_L1_inulin_gapseq	1400	1642	448	bio1	0.970065	1.200033	5.352509
MGYG000003065__gradient_L2_fos_gapseq	1400	1642	448	bio1	0.970065	1.260467	5.351243
MGYG000003065__gradient_L3_gos_gapseq	1400	1642	448	bio1	1.185420	1.271297	5.379649
MGYG000003065__gradient_L4_xos_gapseq	1400	1642	448	bio1	1.220082	1.303669	5.371822
MGYG000003065__gradient_L5_pectin_gapseq	1400	1642	448	bio1	1.220082	1.275029	5.461834
MGYG000003065__gradient_L6_resistant_starch_gapseq	1400	1642	448	bio1	1.693792	1.188345	5.442380
MGYG000003065__gradient_L7_bglucan_gapseq	1400	1642	448	bio1	1.853235	1.178876	5.438774
MGYG000003065__gradient_L8_hmo_gapseq	1400	1642	448	bio1	1.968774	1.199878	5.388423
MGYG000003065__gradient_L9_mos_gapseq	1400	1642	448	bio1	1.968774	1.224613	5.384729
MGYG000003070__gradient_L0_base_gapseq	1083	1146	244	bio1	0.000000	0.821782	0.038368
MGYG000003070__gradient_L1_inulin_gapseq	1083	1146	244	bio1	0.407823	0.896379	2.830098
MGYG000003070__gradient_L2_fos_gapseq	1083	1146	244	bio1	0.407823	0.830095	2.816535
MGYG000003070__gradient_L3_gos_gapseq	1083	1146	244	bio1	0.676723	0.904404	2.829058
MGYG000003070__gradient_L4_xos_gapseq	1083	1146	244	bio1	0.676723	0.809389	2.912664
MGYG000003070__gradient_L5_pectin_gapseq	1083	1146	244	bio1	0.726022	0.862224	2.835188
MGYG000003070__gradient_L6_resistant_starch_gapseq	1083	1146	244	bio1	1.298392	0.892527	2.830211
MGYG000003070__gradient_L7_bglucan_gapseq	1083	1146	244	bio1	1.497981	0.837088	2.811960
MGYG000003070__gradient_L8_hmo_gapseq	1083	1146	244	bio1	1.497981	0.904156	2.825518
MGYG000003070__gradient_L9_mos_gapseq	1083	1146	244	bio1	1.600543	0.852681	2.809351
MGYG000003075__gradient_L0_base_gapseq	1189	1323	339	bio1	0.687246	0.951992	3.691380
MGYG000003075__gradient_L1_inulin_gapseq	1189	1323	339	bio1	0.978534	0.917335	3.565442
MGYG000003075__gradient_L2_fos_gapseq	1189	1323	339	bio1	0.978534	1.047553	3.564778
MGYG000003075__gradient_L3_gos_gapseq	1189	1323	339	bio1	1.273808	0.945708	3.648643
MGYG000003075__gradient_L4_xos_gapseq	1189	1323	339	bio1	1.273808	0.967915	3.576450
MGYG000003075__gradient_L5_pectin_gapseq	1189	1323	339	bio1	1.273808	1.031739	3.570002
MGYG000003075__gradient_L6_resistant_starch_gapseq	1189	1323	339	bio1	1.892839	0.999342	3.653474
MGYG000003075__gradient_L7_bglucan_gapseq	1189	1323	339	bio1	2.100672	0.964083	3.583751
MGYG000003075__gradient_L8_hmo_gapseq	1189	1323	339	bio1	2.100672	1.024679	3.582577
MGYG000003075__gradient_L9_mos_gapseq	1189	1323	339	bio1	2.243697	0.924186	3.722901
MGYG000003079__gradient_L0_base_gapseq	1194	1354	339	bio1	0.798433	0.934664	3.737353
MGYG000003079__gradient_L1_inulin_gapseq	1194	1354	339	bio1	1.094375	0.959993	3.656239
MGYG000003079__gradient_L2_fos_gapseq	1194	1354	339	bio1	1.094375	1.059172	3.679981
MGYG000003079__gradient_L3_gos_gapseq	1194	1354	339	bio1	1.392228	0.957717	3.750508
MGYG000003079__gradient_L4_xos_gapseq	1194	1354	339	bio1	1.475717	0.960642	3.679030
MGYG000003079__gradient_L5_pectin_gapseq	1194	1354	339	bio1	1.475717	1.048206	3.682225
MGYG000003079__gradient_L6_resistant_starch_gapseq	1194	1354	339	bio1	2.100758	0.951358	3.758479
MGYG000003079__gradient_L7_bglucan_gapseq	1194	1354	339	bio1	2.310609	0.975580	3.678287
MGYG000003079__gradient_L8_hmo_gapseq	1194	1354	339	bio1	2.310609	1.052359	3.731450
MGYG000003079__gradient_L9_mos_gapseq	1194	1354	339	bio1	2.310609	0.957191	3.744197
MGYG000003116__gradient_L0_base_gapseq	1489	1663	392	bio1	1.036343	1.277040	5.522937
MGYG000003116__gradient_L1_inulin_gapseq	1489	1663	392	bio1	1.169952	1.306971	5.532528
MGYG000003116__gradient_L2_fos_gapseq	1489	1663	392	bio1	1.169952	1.360466	5.606821
MGYG000003116__gradient_L3_gos_gapseq	1489	1663	392	bio1	1.169952	1.411528	5.555873
MGYG000003116__gradient_L4_xos_gapseq	1489	1663	392	bio1	1.196322	1.196220	5.638918
MGYG000003116__gradient_L5_pectin_gapseq	1489	1663	392	bio1	1.196322	1.235187	5.593685
MGYG000003116__gradient_L6_resistant_starch_gapseq	1489	1663	392	bio1	1.769908	1.233996	5.523413
MGYG000003116__gradient_L7_bglucan_gapseq	1489	1663	392	bio1	1.769908	1.276778	5.527952
MGYG000003116__gradient_L8_hmo_gapseq	1489	1663	392	bio1	1.769908	1.267328	5.540206
MGYG000003116__gradient_L9_mos_gapseq	1489	1663	392	bio1	1.866160	1.278052	5.531410
MGYG000003125__gradient_L0_base_gapseq	1622	1897	469	bio1	0.496449	1.382601	7.029001
MGYG000003125__gradient_L1_inulin_gapseq	1622	1897	469	bio1	0.780347	1.385202	7.010223
MGYG000003125__gradient_L2_fos_gapseq	1622	1897	469	bio1	0.780347	1.377662	6.991497
MGYG000003125__gradient_L3_gos_gapseq	1622	1897	469	bio1	0.878620	1.383640	7.011148
MGYG000003125__gradient_L4_xos_gapseq	1622	1897	469	bio1	0.955054	1.379722	6.922701
MGYG000003125__gradient_L5_pectin_gapseq	1622	1897	469	bio1	0.955054	1.455632	6.936224
MGYG000003125__gradient_L6_resistant_starch_gapseq	1622	1897	469	bio1	1.488206	1.463276	6.958334
MGYG000003125__gradient_L7_bglucan_gapseq	1622	1897	469	bio1	1.488206	1.475035	6.951991
MGYG000003125__gradient_L8_hmo_gapseq	1622	1897	469	bio1	1.488206	1.499881	6.982840
MGYG000003125__gradient_L9_mos_gapseq	1622	1897	469	bio1	1.597365	1.460405	6.902825
MGYG000003131__gradient_L0_base_gapseq	1716	1920	605	bio1	0.688299	1.468973	7.161431
MGYG000003131__gradient_L1_inulin_gapseq	1716	1920	605	bio1	0.867080	1.422014	7.184084
MGYG000003131__gradient_L2_fos_gapseq	1716	1920	605	bio1	0.867080	1.440722	7.144216
MGYG000003131__gradient_L3_gos_gapseq	1716	1920	605	bio1	0.966946	1.469583	7.140444
MGYG000003131__gradient_L4_xos_gapseq	1716	1920	605	bio1	0.966946	1.510945	7.163566
MGYG000003131__gradient_L5_pectin_gapseq	1716	1920	605	bio1	0.966946	1.421501	7.216823
MGYG000003131__gradient_L6_resistant_starch_gapseq	1716	1920	605	bio1	1.137554	1.521998	7.128302
MGYG000003131__gradient_L7_bglucan_gapseq	1716	1920	605	bio1	1.137554	1.410987	7.177529
MGYG000003131__gradient_L8_hmo_gapseq	1716	1920	605	bio1	1.137554	1.434337	7.150823
MGYG000003131__gradient_L9_mos_gapseq	1716	1920	605	bio1	1.242560	1.435777	7.168541
MGYG000003134__gradient_L0_base_gapseq	1389	1634	379	bio1	0.727995	1.272046	5.321624
MGYG000003134__gradient_L1_inulin_gapseq	1389	1634	379	bio1	0.951280	1.244432	5.271095
MGYG000003134__gradient_L2_fos_gapseq	1389	1634	379	bio1	0.951280	1.188251	5.380509
MGYG000003134__gradient_L3_gos_gapseq	1389	1634	379	bio1	1.146656	1.139187	5.283323
MGYG000003134__gradient_L4_xos_gapseq	1389	1634	379	bio1	1.146656	1.195833	5.279866
MGYG000003134__gradient_L5_pectin_gapseq	1389	1634	379	bio1	1.146656	1.229670	5.280947
MGYG000003134__gradient_L6_resistant_starch_gapseq	1389	1634	379	bio1	1.623464	1.231062	5.340091
MGYG000003134__gradient_L7_bglucan_gapseq	1389	1634	379	bio1	1.623464	1.158093	5.368547
MGYG000003134__gradient_L8_hmo_gapseq	1389	1634	379	bio1	1.623464	1.153245	5.390794
MGYG000003134__gradient_L9_mos_gapseq	1389	1634	379	bio1	1.735107	1.163303	5.323456
MGYG000003135__gradient_L0_base_gapseq	1414	1636	373	bio1	0.000000	1.197727	0.061263
MGYG000003135__gradient_L1_inulin_gapseq	1414	1636	373	bio1	0.000000	1.210246	0.064037
MGYG000003135__gradient_L2_fos_gapseq	1414	1636	373	bio1	0.000000	1.252396	0.068870
MGYG000003135__gradient_L3_gos_gapseq	1414	1636	373	bio1	0.728627	1.155405	5.433796
MGYG000003135__gradient_L4_xos_gapseq	1414	1636	373	bio1	0.805526	1.308577	5.377989
MGYG000003135__gradient_L5_pectin_gapseq	1414	1636	373	bio1	0.805526	1.243666	5.433424
MGYG000003135__gradient_L6_resistant_starch_gapseq	1414	1636	373	bio1	1.417805	1.272406	5.408441
MGYG000003135__gradient_L7_bglucan_gapseq	1414	1636	373	bio1	1.417805	1.194713	5.494892
MGYG000003135__gradient_L8_hmo_gapseq	1414	1636	373	bio1	1.417805	1.188985	5.499772
MGYG000003135__gradient_L9_mos_gapseq	1414	1636	373	bio1	1.538816	1.206265	5.336737
MGYG000003138__gradient_L0_base_gapseq	1374	1610	370	bio1	0.000000	1.209484	0.062692
MGYG000003138__gradient_L1_inulin_gapseq	1374	1610	370	bio1	0.000000	1.173298	0.064697
MGYG000003138__gradient_L2_fos_gapseq	1374	1610	370	bio1	0.000000	1.223111	0.061410
MGYG000003138__gradient_L3_gos_gapseq	1374	1610	370	bio1	0.000000	1.281925	0.061806
MGYG000003138__gradient_L4_xos_gapseq	1374	1610	370	bio1	0.000000	1.140896	0.062844
MGYG000003138__gradient_L5_pectin_gapseq	1374	1610	370	bio1	0.000000	1.266738	0.062752
MGYG000003138__gradient_L6_resistant_starch_gapseq	1374	1610	370	bio1	0.000000	1.141183	0.063363
MGYG000003138__gradient_L7_bglucan_gapseq	1374	1610	370	bio1	0.000000	1.255252	0.062881
MGYG000003138__gradient_L8_hmo_gapseq	1374	1610	370	bio1	0.000000	1.148881	0.062848
MGYG000003138__gradient_L9_mos_gapseq	1374	1610	370	bio1	0.000000	1.284542	0.063517
MGYG000003142__gradient_L0_base_gapseq	1504	1652	487	bio1	0.673711	1.322635	5.442871
MGYG000003142__gradient_L1_inulin_gapseq	1504	1652	487	bio1	0.873331	1.310400	5.457246
MGYG000003142__gradient_L2_fos_gapseq	1504	1652	487	bio1	0.873331	1.304484	5.464044
MGYG000003142__gradient_L3_gos_gapseq	1504	1652	487	bio1	0.873331	1.303417	5.454936
MGYG000003142__gradient_L4_xos_gapseq	1504	1652	487	bio1	0.873331	1.225443	5.632990
MGYG000003142__gradient_L5_pectin_gapseq	1504	1652	487	bio1	0.873331	1.246303	5.517281
MGYG000003142__gradient_L6_resistant_starch_gapseq	1504	1652	487	bio1	1.060219	1.209524	5.467427
MGYG000003142__gradient_L7_bglucan_gapseq	1504	1652	487	bio1	1.060219	1.294295	5.441253
MGYG000003142__gradient_L8_hmo_gapseq	1504	1652	487	bio1	1.060219	1.310287	5.457200
MGYG000003142__gradient_L9_mos_gapseq	1504	1652	487	bio1	1.060219	1.324306	5.470142
MGYG000003158__gradient_L0_base_gapseq	1197	1327	272	bio1	0.235766	0.950727	3.678798
MGYG000003158__gradient_L1_inulin_gapseq	1197	1327	272	bio1	0.235766	1.106717	3.685953
MGYG000003158__gradient_L2_fos_gapseq	1197	1327	272	bio1	0.235766	0.948247	3.767741
MGYG000003158__gradient_L3_gos_gapseq	1197	1327	272	bio1	0.235766	0.947515	3.692539
MGYG000003158__gradient_L4_xos_gapseq	1197	1327	272	bio1	0.235766	1.012622	3.688474
MGYG000003158__gradient_L5_pectin_gapseq	1197	1327	272	bio1	0.235766	0.953715	3.752234
MGYG000003158__gradient_L6_resistant_starch_gapseq	1197	1327	272	bio1	0.537563	0.952754	3.741277
MGYG000003158__gradient_L7_bglucan_gapseq	1197	1327	272	bio1	0.537563	1.003746	3.682509
MGYG000003158__gradient_L8_hmo_gapseq	1197	1327	272	bio1	0.537563	0.963852	3.756682
MGYG000003158__gradient_L9_mos_gapseq	1197	1327	272	bio1	0.649753	0.932404	3.704783
MGYG000003174__gradient_L0_base_gapseq	1118	1252	314	bio1	0.760061	0.895293	3.172395
MGYG000003174__gradient_L1_inulin_gapseq	1118	1252	314	bio1	1.053572	0.970831	3.179583
MGYG000003174__gradient_L2_fos_gapseq	1118	1252	314	bio1	1.053572	0.889716	3.188941
MGYG000003174__gradient_L3_gos_gapseq	1118	1252	314	bio1	1.347595	0.970318	3.162011
MGYG000003174__gradient_L4_xos_gapseq	1118	1252	314	bio1	1.347595	0.890249	3.259824
MGYG000003174__gradient_L5_pectin_gapseq	1118	1252	314	bio1	1.347595	0.901479	3.180905
MGYG000003174__gradient_L6_resistant_starch_gapseq	1118	1252	314	bio1	1.964597	0.996067	3.236616
MGYG000003174__gradient_L7_bglucan_gapseq	1118	1252	314	bio1	1.964597	0.888726	3.271493
MGYG000003174__gradient_L8_hmo_gapseq	1118	1252	314	bio1	1.964597	0.896977	3.175861
MGYG000003174__gradient_L9_mos_gapseq	1118	1252	314	bio1	2.107154	0.963212	3.187661
MGYG000003180__gradient_L0_base_gapseq	1149	1278	283	bio1	0.701239	0.982796	3.420157
MGYG000003180__gradient_L1_inulin_gapseq	1149	1278	283	bio1	0.988012	0.904580	3.520445
MGYG000003180__gradient_L2_fos_gapseq	1149	1278	283	bio1	0.988012	0.905563	3.431967
MGYG000003180__gradient_L3_gos_gapseq	1149	1278	283	bio1	1.278623	1.005040	3.431443
MGYG000003180__gradient_L4_xos_gapseq	1149	1278	283	bio1	1.278623	0.905775	3.585455
MGYG000003180__gradient_L5_pectin_gapseq	1149	1278	283	bio1	1.278623	0.901047	3.443296
MGYG000003180__gradient_L6_resistant_starch_gapseq	1149	1278	283	bio1	1.888230	0.943436	3.428733
MGYG000003180__gradient_L7_bglucan_gapseq	1149	1278	283	bio1	1.888230	0.890135	3.438229
MGYG000003180__gradient_L8_hmo_gapseq	1149	1278	283	bio1	1.888230	0.975445	3.436228
MGYG000003180__gradient_L9_mos_gapseq	1149	1278	283	bio1	2.029077	0.912302	3.526726
MGYG000003186__gradient_L0_base_gapseq	1290	1550	308	bio1	0.297406	1.118377	4.710268
MGYG000003186__gradient_L1_inulin_gapseq	1290	1550	308	bio1	0.428114	1.097818	4.609619
MGYG000003186__gradient_L2_fos_gapseq	1290	1550	308	bio1	0.428114	1.196730	4.591401
MGYG000003186__gradient_L3_gos_gapseq	1290	1550	308	bio1	0.651484	1.185866	4.688472
MGYG000003186__gradient_L4_xos_gapseq	1290	1550	308	bio1	0.727053	1.154586	4.753850
MGYG000003186__gradient_L5_pectin_gapseq	1290	1550	308	bio1	0.727053	1.049126	4.631140
MGYG000003186__gradient_L6_resistant_starch_gapseq	1290	1550	308	bio1	1.245707	1.210576	4.657975
MGYG000003186__gradient_L7_bglucan_gapseq	1290	1550	308	bio1	1.245707	1.165418	4.651917
MGYG000003186__gradient_L8_hmo_gapseq	1290	1550	308	bio1	1.245707	1.090017	4.733177
MGYG000003186__gradient_L9_mos_gapseq	1290	1550	308	bio1	1.348990	1.091250	4.634912
MGYG000003188__gradient_L0_base_gapseq	1366	1491	375	bio1	0.375205	1.132691	4.579151
MGYG000003188__gradient_L1_inulin_gapseq	1366	1491	375	bio1	0.525291	1.096624	4.640542
MGYG000003188__gradient_L2_fos_gapseq	1366	1491	375	bio1	0.525291	1.085348	4.591592
MGYG000003188__gradient_L3_gos_gapseq	1366	1491	375	bio1	0.525291	1.131594	4.596394
MGYG000003188__gradient_L4_xos_gapseq	1366	1491	375	bio1	0.525291	1.145009	4.573684
MGYG000003188__gradient_L5_pectin_gapseq	1366	1491	375	bio1	0.525291	1.054419	4.654220
MGYG000003188__gradient_L6_resistant_starch_gapseq	1366	1491	375	bio1	0.525291	1.087870	4.682091
MGYG000003188__gradient_L7_bglucan_gapseq	1366	1491	375	bio1	0.525291	1.070614	4.597154
MGYG000003188__gradient_L8_hmo_gapseq	1366	1491	375	bio1	0.525291	1.125319	4.593669
MGYG000003188__gradient_L9_mos_gapseq	1366	1491	375	bio1	0.525291	1.103107	4.679014
MGYG000003190__gradient_L0_base_gapseq	1295	1453	376	bio1	0.381932	1.057822	4.465959
MGYG000003190__gradient_L1_inulin_gapseq	1295	1453	376	bio1	0.532408	1.162577	4.509725
MGYG000003190__gradient_L2_fos_gapseq	1295	1453	376	bio1	0.532408	1.136553	4.475690
MGYG000003190__gradient_L3_gos_gapseq	1295	1453	376	bio1	0.532408	1.056950	4.543934
MGYG000003190__gradient_L4_xos_gapseq	1295	1453	376	bio1	0.532408	1.035361	4.448569
MGYG000003190__gradient_L5_pectin_gapseq	1295	1453	376	bio1	0.532408	1.158225	4.464778
MGYG000003190__gradient_L6_resistant_starch_gapseq	1295	1453	376	bio1	0.532408	1.063074	4.515916
MGYG000003190__gradient_L7_bglucan_gapseq	1295	1453	376	bio1	0.532408	1.069241	4.447425
MGYG000003190__gradient_L8_hmo_gapseq	1295	1453	376	bio1	0.532408	1.140521	4.452092
MGYG000003190__gradient_L9_mos_gapseq	1295	1453	376	bio1	0.532408	1.176025	4.445039
MGYG000003193__gradient_L0_base_gapseq	1298	1407	287	bio1	0.000000	1.050815	0.056998
MGYG000003193__gradient_L1_inulin_gapseq	1298	1407	287	bio1	0.000000	1.117406	0.052448
MGYG000003193__gradient_L2_fos_gapseq	1298	1407	287	bio1	0.000000	1.027880	0.052390
MGYG000003193__gradient_L3_gos_gapseq	1298	1407	287	bio1	0.000000	1.121245	0.052455
MGYG000003193__gradient_L4_xos_gapseq	1298	1407	287	bio1	0.000000	1.002933	0.053803
MGYG000003193__gradient_L5_pectin_gapseq	1298	1407	287	bio1	0.000000	1.128759	0.052946
MGYG000003193__gradient_L6_resistant_starch_gapseq	1298	1407	287	bio1	0.000000	1.017448	0.053348
MGYG000003193__gradient_L7_bglucan_gapseq	1298	1407	287	bio1	0.000000	1.120516	0.052941
MGYG000003193__gradient_L8_hmo_gapseq	1298	1407	287	bio1	0.000000	1.016399	0.055853
MGYG000003193__gradient_L9_mos_gapseq	1298	1407	287	bio1	0.000000	1.079051	0.054249
MGYG000003196__gradient_L0_base_gapseq	1492	1772	437	bio1	0.505184	1.245318	6.206391
MGYG000003196__gradient_L1_inulin_gapseq	1492	1772	437	bio1	0.752391	1.268351	6.121089
MGYG000003196__gradient_L2_fos_gapseq	1492	1772	437	bio1	0.752391	1.340822	6.114252
MGYG000003196__gradient_L3_gos_gapseq	1492	1772	437	bio1	0.826999	1.358097	6.094800
MGYG000003196__gradient_L4_xos_gapseq	1492	1772	437	bio1	0.888009	1.388126	6.065000
MGYG000003196__gradient_L5_pectin_gapseq	1492	1772	437	bio1	0.888009	1.385219	6.098941
MGYG000003196__gradient_L6_resistant_starch_gapseq	1492	1772	437	bio1	1.369464	1.422637	6.069453
MGYG000003196__gradient_L7_bglucan_gapseq	1492	1772	437	bio1	1.369464	1.355619	6.082920
MGYG000003196__gradient_L8_hmo_gapseq	1492	1772	437	bio1	1.369464	1.281155	6.210014
MGYG000003196__gradient_L9_mos_gapseq	1492	1772	437	bio1	1.467428	1.263022	6.211472
MGYG000003197__gradient_L0_base_gapseq	1177	1309	336	bio1	0.288800	0.947831	3.549300
MGYG000003197__gradient_L1_inulin_gapseq	1177	1309	336	bio1	0.427126	1.024382	3.563984
MGYG000003197__gradient_L2_fos_gapseq	1177	1309	336	bio1	0.427126	0.935676	3.644213
MGYG000003197__gradient_L3_gos_gapseq	1177	1309	336	bio1	0.487428	0.909969	3.532020
MGYG000003197__gradient_L4_xos_gapseq	1177	1309	336	bio1	0.487428	1.009199	3.531723
MGYG000003197__gradient_L5_pectin_gapseq	1177	1309	336	bio1	0.487428	0.957385	3.609556
MGYG000003197__gradient_L6_resistant_starch_gapseq	1177	1309	336	bio1	0.577880	0.922678	3.533410
MGYG000003197__gradient_L7_bglucan_gapseq	1177	1309	336	bio1	0.577880	0.985453	3.507258
MGYG000003197__gradient_L8_hmo_gapseq	1177	1309	336	bio1	0.577880	0.930927	3.605435
MGYG000003197__gradient_L9_mos_gapseq	1177	1309	336	bio1	0.577880	0.914730	3.511103
MGYG000003217__gradient_L0_base_gapseq	968	981	147	bio1	0.252821	0.769765	2.028815
MGYG000003217__gradient_L1_inulin_gapseq	968	981	147	bio1	0.332140	0.671967	2.030596
MGYG000003217__gradient_L2_fos_gapseq	968	981	147	bio1	0.332140	0.772396	2.026267
MGYG000003217__gradient_L3_gos_gapseq	968	981	147	bio1	0.332140	0.672032	2.037744
MGYG000003217__gradient_L4_xos_gapseq	968	981	147	bio1	0.347012	0.769662	2.029207
MGYG000003217__gradient_L5_pectin_gapseq	968	981	147	bio1	0.347012	0.702094	2.014833
MGYG000003217__gradient_L6_resistant_starch_gapseq	968	981	147	bio1	0.552747	0.661304	2.107342
MGYG000003217__gradient_L7_bglucan_gapseq	968	981	147	bio1	0.552747	0.699453	2.026749
MGYG000003217__gradient_L8_hmo_gapseq	968	981	147	bio1	0.552747	0.667184	2.032885
MGYG000003217__gradient_L9_mos_gapseq	968	981	147	bio1	0.552747	0.762744	2.033676
MGYG000003218__gradient_L0_base_gapseq	996	1000	175	bio1	0.000000	0.761569	0.029535
MGYG000003218__gradient_L1_inulin_gapseq	996	1000	175	bio1	0.000000	0.816703	0.031272
MGYG000003218__gradient_L2_fos_gapseq	996	1000	175	bio1	0.000000	0.732120	0.031787
MGYG000003218__gradient_L3_gos_gapseq	996	1000	175	bio1	0.000000	0.737731	0.030946
MGYG000003218__gradient_L4_xos_gapseq	996	1000	175	bio1	0.000000	0.807253	0.031969
MGYG000003218__gradient_L5_pectin_gapseq	996	1000	175	bio1	0.000000	0.721678	0.031111
MGYG000003218__gradient_L6_resistant_starch_gapseq	996	1000	175	bio1	0.000000	0.715077	0.030989
MGYG000003218__gradient_L7_bglucan_gapseq	996	1000	175	bio1	0.000000	0.781305	0.031128
MGYG000003218__gradient_L8_hmo_gapseq	996	1000	175	bio1	0.000000	0.753725	0.031512
MGYG000003218__gradient_L9_mos_gapseq	996	1000	175	bio1	0.000000	0.708828	0.032488
MGYG000003222__gradient_L0_base_gapseq	583	538	70	bio1	0.000000	0.348967	0.014858
MGYG000003222__gradient_L1_inulin_gapseq	583	538	70	bio1	0.287745	0.444171	0.718486
MGYG000003222__gradient_L2_fos_gapseq	583	538	70	bio1	0.287745	0.351275	0.719271
MGYG000003222__gradient_L3_gos_gapseq	583	538	70	bio1	0.287745	0.361464	0.723190
MGYG000003222__gradient_L4_xos_gapseq	583	538	70	bio1	0.287745	0.345583	0.717969
MGYG000003222__gradient_L5_pectin_gapseq	583	538	70	bio1	0.287745	0.357454	0.850765
MGYG000003222__gradient_L6_resistant_starch_gapseq	583	538	70	bio1	0.287745	0.350759	0.720568
MGYG000003222__gradient_L7_bglucan_gapseq	583	538	70	bio1	0.287745	0.350324	0.718326
MGYG000003222__gradient_L8_hmo_gapseq	583	538	70	bio1	0.287745	0.351246	0.716115
MGYG000003222__gradient_L9_mos_gapseq	583	538	70	bio1	0.287745	0.352796	0.724432
MGYG000003226__gradient_L0_base_gapseq	1037	1134	256	bio1	0.000000	0.870580	0.037564
MGYG000003226__gradient_L1_inulin_gapseq	1037	1134	256	bio1	0.000000	0.802337	0.036131
MGYG000003226__gradient_L2_fos_gapseq	1037	1134	256	bio1	0.000000	0.830189	0.036300
MGYG000003226__gradient_L3_gos_gapseq	1037	1134	256	bio1	0.199073	0.785195	2.709730
MGYG000003226__gradient_L4_xos_gapseq	1037	1134	256	bio1	0.199073	0.781539	2.831534
MGYG000003226__gradient_L5_pectin_gapseq	1037	1134	256	bio1	0.222495	0.803823	2.714833
MGYG000003226__gradient_L6_resistant_starch_gapseq	1037	1134	256	bio1	0.559765	0.782767	2.777923
MGYG000003226__gradient_L7_bglucan_gapseq	1037	1134	256	bio1	0.679215	0.802072	2.707047
MGYG000003226__gradient_L8_hmo_gapseq	1037	1134	256	bio1	0.758849	0.924554	2.716290
MGYG000003226__gradient_L9_mos_gapseq	1037	1134	256	bio1	0.758849	0.801867	2.726603
MGYG000003242__gradient_L0_base_gapseq	1190	1332	295	bio1	0.605896	0.944531	3.681028
MGYG000003242__gradient_L1_inulin_gapseq	1190	1332	295	bio1	0.692453	0.932890	3.606261
MGYG000003242__gradient_L2_fos_gapseq	1190	1332	295	bio1	0.692453	1.017921	3.641327
MGYG000003242__gradient_L3_gos_gapseq	1190	1332	295	bio1	0.757370	0.957391	3.724586
MGYG000003242__gradient_L4_xos_gapseq	1190	1332	295	bio1	0.757370	0.960925	3.615586
MGYG000003242__gradient_L5_pectin_gapseq	1190	1332	295	bio1	0.757370	1.019340	3.611688
MGYG000003242__gradient_L6_resistant_starch_gapseq	1190	1332	295	bio1	0.843927	0.959772	3.617977
MGYG000003242__gradient_L7_bglucan_gapseq	1190	1332	295	bio1	0.843927	1.050409	3.624525
MGYG000003242__gradient_L8_hmo_gapseq	1190	1332	295	bio1	0.843927	0.983782	3.706863
MGYG000003242__gradient_L9_mos_gapseq	1190	1332	295	bio1	0.929155	0.953689	3.622088
MGYG000003243__gradient_L0_base_gapseq	1080	1170	243	bio1	0.000000	0.890063	0.042055
MGYG000003243__gradient_L1_inulin_gapseq	1080	1170	243	bio1	0.346623	0.834054	2.855910
MGYG000003243__gradient_L2_fos_gapseq	1080	1170	243	bio1	0.346623	0.833123	2.928673
MGYG000003243__gradient_L3_gos_gapseq	1080	1170	243	bio1	0.477975	0.824663	2.869052
MGYG000003243__gradient_L4_xos_gapseq	1080	1170	243	bio1	0.477975	0.887431	2.892226
MGYG000003243__gradient_L5_pectin_gapseq	1080	1170	243	bio1	0.477975	0.824590	2.861257
MGYG000003243__gradient_L6_resistant_starch_gapseq	1080	1170	243	bio1	0.834643	0.922844	2.875683
MGYG000003243__gradient_L7_bglucan_gapseq	1080	1170	243	bio1	0.958386	0.819988	2.928509
MGYG000003243__gradient_L8_hmo_gapseq	1080	1170	243	bio1	0.958386	0.815326	2.876843
MGYG000003243__gradient_L9_mos_gapseq	1080	1170	243	bio1	0.976176	0.820623	2.937371
MGYG000003246__gradient_L0_base_gapseq	1092	1173	209	bio1	0.131926	0.836095	2.917108
MGYG000003246__gradient_L1_inulin_gapseq	1092	1173	209	bio1	0.271948	0.943527	2.924024
MGYG000003246__gradient_L2_fos_gapseq	1092	1173	209	bio1	0.271948	0.811948	2.921690
MGYG000003246__gradient_L3_gos_gapseq	1092	1173	209	bio1	0.271948	0.909958	2.941039
MGYG000003246__gradient_L4_xos_gapseq	1092	1173	209	bio1	0.405962	0.834395	2.990161
MGYG000003246__gradient_L5_pectin_gapseq	1092	1173	209	bio1	0.453469	0.840022	2.925405
MGYG000003246__gradient_L6_resistant_starch_gapseq	1092	1173	209	bio1	0.565759	0.942492	2.924207
MGYG000003246__gradient_L7_bglucan_gapseq	1092	1173	209	bio1	0.779542	0.854649	2.910473
MGYG000003246__gradient_L8_hmo_gapseq	1092	1173	209	bio1	0.779542	0.907311	2.919474
MGYG000003246__gradient_L9_mos_gapseq	1092	1173	209	bio1	0.883194	0.870035	3.012785
MGYG000003248__gradient_L0_base_gapseq	995	1109	251	bio1	0.184735	0.864534	2.656865
MGYG000003248__gradient_L1_inulin_gapseq	995	1109	251	bio1	0.343612	0.757906	2.660575
MGYG000003248__gradient_L2_fos_gapseq	995	1109	251	bio1	0.343612	0.822744	2.658644
MGYG000003248__gradient_L3_gos_gapseq	995	1109	251	bio1	0.673722	0.777667	2.672875
MGYG000003248__gradient_L4_xos_gapseq	995	1109	251	bio1	0.763226	0.825666	2.653024
MGYG000003248__gradient_L5_pectin_gapseq	995	1109	251	bio1	0.821194	0.784536	2.644665
MGYG000003248__gradient_L6_resistant_starch_gapseq	995	1109	251	bio1	1.508805	0.856399	2.647491
MGYG000003248__gradient_L7_bglucan_gapseq	995	1109	251	bio1	1.742833	0.787288	2.658202
MGYG000003248__gradient_L8_hmo_gapseq	995	1109	251	bio1	1.742833	0.816546	2.648327
MGYG000003248__gradient_L9_mos_gapseq	995	1109	251	bio1	1.864604	0.773748	2.665367
MGYG000003250__gradient_L0_base_gapseq	1002	1008	212	bio1	0.000000	0.831511	0.028774
MGYG000003250__gradient_L1_inulin_gapseq	1002	1008	212	bio1	0.363506	0.742797	2.241387
MGYG000003250__gradient_L2_fos_gapseq	1002	1008	212	bio1	0.363506	0.830106	2.218585
MGYG000003250__gradient_L3_gos_gapseq	1002	1008	212	bio1	0.738382	0.865439	2.213467
MGYG000003250__gradient_L4_xos_gapseq	1002	1008	212	bio1	0.845165	0.800234	2.300100
MGYG000003250__gradient_L5_pectin_gapseq	1002	1008	212	bio1	0.845165	0.725941	2.221442
MGYG000003250__gradient_L6_resistant_starch_gapseq	1002	1008	212	bio1	0.990572	0.734018	2.294629
MGYG000003250__gradient_L7_bglucan_gapseq	1002	1008	212	bio1	0.990572	0.725624	2.226856
MGYG000003250__gradient_L8_hmo_gapseq	1002	1008	212	bio1	0.990572	0.722920	2.284683
MGYG000003250__gradient_L9_mos_gapseq	1002	1008	212	bio1	0.990572	0.702214	2.215407
MGYG000003274__gradient_L0_base_gapseq	1172	1288	329	bio1	0.712228	0.895397	3.396876
MGYG000003274__gradient_L1_inulin_gapseq	1172	1288	329	bio1	0.861193	0.981373	3.407888
MGYG000003274__gradient_L2_fos_gapseq	1172	1288	329	bio1	0.861193	0.902295	3.493304
MGYG000003274__gradient_L3_gos_gapseq	1172	1288	329	bio1	1.165233	0.923876	3.421085
MGYG000003274__gradient_L4_xos_gapseq	1172	1288	329	bio1	1.165233	1.004251	3.416517
MGYG000003274__gradient_L5_pectin_gapseq	1172	1288	329	bio1	1.165233	0.922800	3.526311
MGYG000003274__gradient_L6_resistant_starch_gapseq	1172	1288	329	bio1	1.798120	0.922222	3.403480
MGYG000003274__gradient_L7_bglucan_gapseq	1172	1288	329	bio1	1.798120	0.980633	3.405790
MGYG000003274__gradient_L8_hmo_gapseq	1172	1288	329	bio1	1.798120	0.896045	3.406448
MGYG000003274__gradient_L9_mos_gapseq	1172	1288	329	bio1	1.944347	1.029899	3.429777
MGYG000003277__gradient_L0_base_gapseq	1268	1428	362	bio1	0.333217	1.021124	4.136507
MGYG000003277__gradient_L1_inulin_gapseq	1268	1428	362	bio1	0.437984	1.079568	4.144034
MGYG000003277__gradient_L2_fos_gapseq	1268	1428	362	bio1	0.437984	1.032642	4.221529
MGYG000003277__gradient_L3_gos_gapseq	1268	1428	362	bio1	0.510983	1.051117	4.134960
MGYG000003277__gradient_L4_xos_gapseq	1268	1428	362	bio1	0.605569	1.144710	4.139363
MGYG000003277__gradient_L5_pectin_gapseq	1268	1428	362	bio1	0.638430	1.031243	4.229376
MGYG000003277__gradient_L6_resistant_starch_gapseq	1268	1428	362	bio1	0.903665	1.026101	4.157770
MGYG000003277__gradient_L7_bglucan_gapseq	1268	1428	362	bio1	1.065622	1.093991	4.150118
MGYG000003277__gradient_L8_hmo_gapseq	1268	1428	362	bio1	1.065622	1.110352	4.154081
MGYG000003277__gradient_L9_mos_gapseq	1268	1428	362	bio1	1.168899	0.996172	4.225361
MGYG000003280__gradient_L0_base_gapseq	949	913	140	bio1	0.000000	0.720317	0.020741
MGYG000003280__gradient_L1_inulin_gapseq	949	913	140	bio1	0.000000	0.655836	0.028427
MGYG000003280__gradient_L2_fos_gapseq	949	913	140	bio1	0.000000	0.666661	0.028506
MGYG000003280__gradient_L3_gos_gapseq	949	913	140	bio1	0.000000	0.711984	0.027754
MGYG000003280__gradient_L4_xos_gapseq	949	913	140	bio1	0.000000	0.661600	0.027725
MGYG000003280__gradient_L5_pectin_gapseq	949	913	140	bio1	0.000000	0.701332	0.028701
MGYG000003280__gradient_L6_resistant_starch_gapseq	949	913	140	bio1	0.000000	0.681120	0.105291
MGYG000003280__gradient_L7_bglucan_gapseq	949	913	140	bio1	0.000000	0.686064	0.028000
MGYG000003280__gradient_L8_hmo_gapseq	949	913	140	bio1	0.000000	0.716973	0.027757
MGYG000003280__gradient_L9_mos_gapseq	949	913	140	bio1	0.000000	0.678601	0.028760
MGYG000003283__gradient_L0_base_gapseq	890	913	135	bio1	0.000000	0.710893	0.025757
MGYG000003283__gradient_L1_inulin_gapseq	890	913	135	bio1	0.000000	0.654014	0.025836
MGYG000003283__gradient_L2_fos_gapseq	890	913	135	bio1	0.000000	0.711327	0.024350
MGYG000003283__gradient_L3_gos_gapseq	890	913	135	bio1	0.000000	0.770608	0.024738
MGYG000003283__gradient_L4_xos_gapseq	890	913	135	bio1	0.000000	0.640734	0.024351
MGYG000003283__gradient_L5_pectin_gapseq	890	913	135	bio1	0.000000	0.617614	0.024340
MGYG000003283__gradient_L6_resistant_starch_gapseq	890	913	135	bio1	0.000000	0.630709	0.024984
MGYG000003283__gradient_L7_bglucan_gapseq	890	913	135	bio1	0.000000	0.752926	0.025172
MGYG000003283__gradient_L8_hmo_gapseq	890	913	135	bio1	0.000000	0.639959	0.025228
MGYG000003283__gradient_L9_mos_gapseq	890	913	135	bio1	0.000000	0.695920	0.025116
MGYG000003288__gradient_L0_base_gapseq	1287	1366	345	bio1	0.237587	0.989210	3.837050
MGYG000003288__gradient_L1_inulin_gapseq	1287	1366	345	bio1	0.300726	1.010373	3.739595
MGYG000003288__gradient_L2_fos_gapseq	1287	1366	345	bio1	0.300726	1.071947	3.729701
MGYG000003288__gradient_L3_gos_gapseq	1287	1366	345	bio1	0.300726	1.066131	3.722131
MGYG000003288__gradient_L4_xos_gapseq	1287	1366	345	bio1	0.300726	1.013196	3.734413
MGYG000003288__gradient_L5_pectin_gapseq	1287	1366	345	bio1	0.300726	1.079940	3.730227
MGYG000003288__gradient_L6_resistant_starch_gapseq	1287	1366	345	bio1	0.300726	1.110723	3.732350
MGYG000003288__gradient_L7_bglucan_gapseq	1287	1366	345	bio1	0.300726	0.988731	3.822125
MGYG000003288__gradient_L8_hmo_gapseq	1287	1366	345	bio1	0.300726	1.031753	3.732154
MGYG000003288__gradient_L9_mos_gapseq	1287	1366	345	bio1	0.300726	1.064394	3.706277
MGYG000003293__gradient_L0_base_gapseq	1009	1162	264	bio1	0.375672	0.921000	2.831023
MGYG000003293__gradient_L1_inulin_gapseq	1009	1162	264	bio1	0.538618	0.814163	2.807811
MGYG000003293__gradient_L2_fos_gapseq	1009	1162	264	bio1	0.538618	0.964855	2.817202
MGYG000003293__gradient_L3_gos_gapseq	1009	1162	264	bio1	0.640459	0.819593	2.811495
MGYG000003293__gradient_L4_xos_gapseq	1009	1162	264	bio1	0.719081	0.900072	2.808834
MGYG000003293__gradient_L5_pectin_gapseq	1009	1162	264	bio1	0.719081	0.819141	2.881010
MGYG000003293__gradient_L6_resistant_starch_gapseq	1009	1162	264	bio1	1.420293	0.823670	2.813929
MGYG000003293__gradient_L7_bglucan_gapseq	1009	1162	264	bio1	1.650435	0.884983	2.809698
MGYG000003293__gradient_L8_hmo_gapseq	1009	1162	264	bio1	1.650435	0.796463	2.801063
MGYG000003293__gradient_L9_mos_gapseq	1009	1162	264	bio1	1.650435	0.880440	2.793329
MGYG000003309__gradient_L0_base_gapseq	1199	1258	265	bio1	0.000000	0.910369	0.048917
MGYG000003309__gradient_L1_inulin_gapseq	1199	1258	265	bio1	0.000000	1.037348	0.051144
MGYG000003309__gradient_L2_fos_gapseq	1199	1258	265	bio1	0.000000	0.937920	0.051218
MGYG000003309__gradient_L3_gos_gapseq	1199	1258	265	bio1	0.000000	1.028908	0.048410
MGYG000003309__gradient_L4_xos_gapseq	1199	1258	265	bio1	0.000000	0.919999	0.047417
MGYG000003309__gradient_L5_pectin_gapseq	1199	1258	265	bio1	0.000000	0.898588	0.132624
MGYG000003309__gradient_L6_resistant_starch_gapseq	1199	1258	265	bio1	0.000000	0.902135	0.046650
MGYG000003309__gradient_L7_bglucan_gapseq	1199	1258	265	bio1	0.000000	0.911292	0.047597
MGYG000003309__gradient_L8_hmo_gapseq	1199	1258	265	bio1	0.000000	1.011554	0.047074
MGYG000003309__gradient_L9_mos_gapseq	1199	1258	265	bio1	0.000000	0.901493	0.047330
MGYG000003310__gradient_L0_base_gapseq	890	958	184	bio1	0.000000	0.655264	0.030471
MGYG000003310__gradient_L1_inulin_gapseq	890	958	184	bio1	0.000000	0.792731	0.031794
MGYG000003310__gradient_L2_fos_gapseq	890	958	184	bio1	0.000000	0.645290	0.033049
MGYG000003310__gradient_L3_gos_gapseq	890	958	184	bio1	0.000000	0.642326	0.032401
MGYG000003310__gradient_L4_xos_gapseq	890	958	184	bio1	0.960172	0.748291	1.909788
MGYG000003310__gradient_L5_pectin_gapseq	890	958	184	bio1	0.960172	0.658833	1.927956
MGYG000003310__gradient_L6_resistant_starch_gapseq	890	958	184	bio1	1.066553	0.641911	2.080452
MGYG000003310__gradient_L7_bglucan_gapseq	890	958	184	bio1	1.278103	0.713346	1.914560
MGYG000003310__gradient_L8_hmo_gapseq	890	958	184	bio1	1.419136	0.665174	1.999123
MGYG000003310__gradient_L9_mos_gapseq	890	958	184	bio1	1.524911	0.701234	1.925154
MGYG000003312__gradient_L0_base_gapseq	1521	1813	539	bio1	0.000000	1.291305	0.085169
MGYG000003312__gradient_L1_inulin_gapseq	1521	1813	539	bio1	0.000000	1.400759	0.084175
MGYG000003312__gradient_L2_fos_gapseq	1521	1813	539	bio1	0.000000	1.325529	0.084189
MGYG000003312__gradient_L3_gos_gapseq	1521	1813	539	bio1	0.000000	1.386586	0.088916
MGYG000003312__gradient_L4_xos_gapseq	1521	1813	539	bio1	1.449187	1.362307	6.486544
MGYG000003312__gradient_L5_pectin_gapseq	1521	1813	539	bio1	1.488792	1.423926	6.501996
MGYG000003312__gradient_L6_resistant_starch_gapseq	1521	1813	539	bio1	2.029927	1.304114	6.567872
MGYG000003312__gradient_L7_bglucan_gapseq	1521	1813	539	bio1	2.214610	1.301189	6.541678
MGYG000003312__gradient_L8_hmo_gapseq	1521	1813	539	bio1	2.214610	1.301142	6.548253
MGYG000003312__gradient_L9_mos_gapseq	1521	1813	539	bio1	2.276100	1.298983	6.541640
MGYG000003314__gradient_L0_base_gapseq	1289	1507	328	bio1	0.000000	1.092895	0.054772
MGYG000003314__gradient_L1_inulin_gapseq	1289	1507	328	bio1	0.000000	1.168245	0.053495
MGYG000003314__gradient_L2_fos_gapseq	1289	1507	328	bio1	0.000000	1.078308	0.054294
MGYG000003314__gradient_L3_gos_gapseq	1289	1507	328	bio1	0.548017	1.153489	4.600434
MGYG000003314__gradient_L4_xos_gapseq	1289	1507	328	bio1	0.611311	1.189222	4.624023
MGYG000003314__gradient_L5_pectin_gapseq	1289	1507	328	bio1	0.611311	1.066983	4.711249
MGYG000003314__gradient_L6_resistant_starch_gapseq	1289	1507	328	bio1	1.078026	1.071415	4.607837
MGYG000003314__gradient_L7_bglucan_gapseq	1289	1507	328	bio1	1.078026	1.124877	4.602980
MGYG000003314__gradient_L8_hmo_gapseq	1289	1507	328	bio1	1.078026	1.136238	4.590642
MGYG000003314__gradient_L9_mos_gapseq	1289	1507	328	bio1	1.176730	1.104778	4.681907
MGYG000003326__gradient_L0_base_gapseq	1427	1660	463	bio1	0.000000	1.185817	0.150794
MGYG000003326__gradient_L1_inulin_gapseq	1427	1660	463	bio1	0.000000	1.215217	0.069457
MGYG000003326__gradient_L2_fos_gapseq	1427	1660	463	bio1	0.000000	1.319469	0.069104
MGYG000003326__gradient_L3_gos_gapseq	1427	1660	463	bio1	1.103695	1.197932	5.356363
MGYG000003326__gradient_L4_xos_gapseq	1427	1660	463	bio1	1.177574	1.278982	5.360277
MGYG000003326__gradient_L5_pectin_gapseq	1427	1660	463	bio1	1.177574	1.283394	5.358114
MGYG000003326__gradient_L6_resistant_starch_gapseq	1427	1660	463	bio1	1.788753	1.261305	5.346736
MGYG000003326__gradient_L7_bglucan_gapseq	1427	1660	463	bio1	1.996957	1.152357	5.453088
MGYG000003326__gradient_L8_hmo_gapseq	1427	1660	463	bio1	2.144715	1.203719	5.426437
MGYG000003326__gradient_L9_mos_gapseq	1427	1660	463	bio1	2.144715	1.187332	5.413740
MGYG000003327__gradient_L0_base_gapseq	1367	1473	339	bio1	0.000000	1.145605	0.059047
MGYG000003327__gradient_L1_inulin_gapseq	1367	1473	339	bio1	0.000000	1.117425	0.059526
MGYG000003327__gradient_L2_fos_gapseq	1367	1473	339	bio1	0.000000	1.099687	0.059072
MGYG000003327__gradient_L3_gos_gapseq	1367	1473	339	bio1	0.000000	1.152593	0.058226
MGYG000003327__gradient_L4_xos_gapseq	1367	1473	339	bio1	0.934278	1.042935	4.472801
MGYG000003327__gradient_L5_pectin_gapseq	1367	1473	339	bio1	0.934278	1.061220	4.383549
MGYG000003327__gradient_L6_resistant_starch_gapseq	1367	1473	339	bio1	1.507853	1.162514	4.365755
MGYG000003327__gradient_L7_bglucan_gapseq	1367	1473	339	bio1	1.507853	1.123751	4.387961
MGYG000003327__gradient_L8_hmo_gapseq	1367	1473	339	bio1	1.507853	1.089288	4.458515
MGYG000003327__gradient_L9_mos_gapseq	1367	1473	339	bio1	1.507853	1.097046	4.379024
MGYG000003330__gradient_L0_base_gapseq	1262	1364	346	bio1	0.287388	0.979992	3.960630
MGYG000003330__gradient_L1_inulin_gapseq	1262	1364	346	bio1	0.435422	1.071981	3.940266
MGYG000003330__gradient_L2_fos_gapseq	1262	1364	346	bio1	0.435422	1.078286	3.965593
MGYG000003330__gradient_L3_gos_gapseq	1262	1364	346	bio1	0.435422	0.988008	3.942055
MGYG000003330__gradient_L4_xos_gapseq	1262	1364	346	bio1	0.435422	1.080876	3.949040
MGYG000003330__gradient_L5_pectin_gapseq	1262	1364	346	bio1	0.435422	1.040253	3.943861
MGYG000003330__gradient_L6_resistant_starch_gapseq	1262	1364	346	bio1	0.435422	0.992618	3.947146
MGYG000003330__gradient_L7_bglucan_gapseq	1262	1364	346	bio1	0.435422	1.082136	3.946437
MGYG000003330__gradient_L8_hmo_gapseq	1262	1364	346	bio1	0.435422	1.070188	3.944432
MGYG000003330__gradient_L9_mos_gapseq	1262	1364	346	bio1	0.435422	1.008263	4.045935
MGYG000003339__gradient_L0_base_gapseq	1144	1283	308	bio1	0.403468	0.894231	3.403462
MGYG000003339__gradient_L1_inulin_gapseq	1144	1283	308	bio1	0.595600	0.979955	3.406294
MGYG000003339__gradient_L2_fos_gapseq	1144	1283	308	bio1	0.595600	0.919197	3.381612
MGYG000003339__gradient_L3_gos_gapseq	1144	1283	308	bio1	0.768519	0.988509	3.393998
MGYG000003339__gradient_L4_xos_gapseq	1144	1283	308	bio1	0.768519	0.920201	3.485485
MGYG000003339__gradient_L5_pectin_gapseq	1144	1283	308	bio1	0.768519	0.913112	3.394702
MGYG000003339__gradient_L6_resistant_starch_gapseq	1144	1283	308	bio1	1.170986	0.998097	3.402293
MGYG000003339__gradient_L7_bglucan_gapseq	1144	1283	308	bio1	1.170986	0.910481	3.486521
MGYG000003339__gradient_L8_hmo_gapseq	1144	1283	308	bio1	1.170986	0.931144	3.415612
MGYG000003339__gradient_L9_mos_gapseq	1144	1283	308	bio1	1.265231	0.986698	3.428011
MGYG000003343__gradient_L0_base_gapseq	1434	1625	450	bio1	0.000000	1.223517	0.067868
MGYG000003343__gradient_L1_inulin_gapseq	1434	1625	450	bio1	0.000000	1.242724	0.068351
MGYG000003343__gradient_L2_fos_gapseq	1434	1625	450	bio1	0.000000	1.284721	0.068384
MGYG000003343__gradient_L3_gos_gapseq	1434	1625	450	bio1	0.000000	1.214791	0.068245
MGYG000003343__gradient_L4_xos_gapseq	1434	1625	450	bio1	0.673397	1.207028	5.314852
MGYG000003343__gradient_L5_pectin_gapseq	1434	1625	450	bio1	0.718644	1.323992	5.298740
MGYG000003343__gradient_L6_resistant_starch_gapseq	1434	1625	450	bio1	0.832242	1.284278	5.247572
MGYG000003343__gradient_L7_bglucan_gapseq	1434	1625	450	bio1	0.832242	1.237902	5.320848
MGYG000003343__gradient_L8_hmo_gapseq	1434	1625	450	bio1	0.832242	1.166534	5.407924
MGYG000003343__gradient_L9_mos_gapseq	1434	1625	450	bio1	0.832242	1.216475	5.405815
MGYG000003344__gradient_L0_base_gapseq	1311	1405	351	bio1	0.118747	1.027945	3.910522
MGYG000003344__gradient_L1_inulin_gapseq	1311	1405	351	bio1	0.216598	1.076602	3.884438
MGYG000003344__gradient_L2_fos_gapseq	1311	1405	351	bio1	0.216598	1.030763	3.998493
MGYG000003344__gradient_L3_gos_gapseq	1311	1405	351	bio1	0.216598	1.032365	3.902496
MGYG000003344__gradient_L4_xos_gapseq	1311	1405	351	bio1	0.216598	1.123705	3.898600
MGYG000003344__gradient_L5_pectin_gapseq	1311	1405	351	bio1	0.216598	1.084555	3.893355
MGYG000003344__gradient_L6_resistant_starch_gapseq	1311	1405	351	bio1	0.258187	1.021329	4.003028
MGYG000003344__gradient_L7_bglucan_gapseq	1311	1405	351	bio1	0.258187	1.008667	3.917438
MGYG000003344__gradient_L8_hmo_gapseq	1311	1405	351	bio1	0.258187	1.084965	3.902015
MGYG000003344__gradient_L9_mos_gapseq	1311	1405	351	bio1	0.258187	1.046018	3.999229
MGYG000003355__gradient_L0_base_gapseq	1623	1862	517	bio1	0.975818	1.328555	6.958557
MGYG000003355__gradient_L1_inulin_gapseq	1623	1862	517	bio1	1.307572	1.409471	6.972140
MGYG000003355__gradient_L2_fos_gapseq	1623	1862	517	bio1	1.307572	1.417002	6.966625
MGYG000003355__gradient_L3_gos_gapseq	1623	1862	517	bio1	1.653696	1.424426	6.983797
MGYG000003355__gradient_L4_xos_gapseq	1623	1862	517	bio1	1.752289	1.405028	6.972951
MGYG000003355__gradient_L5_pectin_gapseq	1623	1862	517	bio1	1.815221	1.423705	6.965247
MGYG000003355__gradient_L6_resistant_starch_gapseq	1623	1862	517	bio1	2.538936	1.412467	7.075104
MGYG000003355__gradient_L7_bglucan_gapseq	1623	1862	517	bio1	2.784370	1.424600	6.994098
MGYG000003355__gradient_L8_hmo_gapseq	1623	1862	517	bio1	2.956383	1.466248	7.045462
MGYG000003355__gradient_L9_mos_gapseq	1623	1862	517	bio1	3.090637	1.437182	6.952182
MGYG000003358__gradient_L0_base_gapseq	2319	2886	1271	bio1	1.536731	2.229449	16.043504
MGYG000003358__gradient_L1_inulin_gapseq	2319	2886	1271	bio1	1.858841	2.239579	16.040580
MGYG000003358__gradient_L2_fos_gapseq	2319	2886	1271	bio1	1.858841	2.238551	16.208839
MGYG000003358__gradient_L3_gos_gapseq	2319	2886	1271	bio1	2.205313	2.242132	16.244502
MGYG000003358__gradient_L4_xos_gapseq	2319	2886	1271	bio1	2.375966	2.282099	16.117080
MGYG000003358__gradient_L5_pectin_gapseq	2319	2886	1271	bio1	2.419212	2.238147	16.175816
MGYG000003358__gradient_L6_resistant_starch_gapseq	2319	2886	1271	bio1	3.066457	2.217926	16.209979
MGYG000003358__gradient_L7_bglucan_gapseq	2319	2886	1271	bio1	3.285066	2.277642	16.063164
MGYG000003358__gradient_L8_hmo_gapseq	2319	2886	1271	bio1	3.285066	2.262326	16.092930
MGYG000003358__gradient_L9_mos_gapseq	2319	2886	1271	bio1	3.425390	2.272595	16.149926
MGYG000003360__gradient_L0_base_gapseq	2243	2805	1219	bio1	1.476681	2.063927	15.222043
MGYG000003360__gradient_L1_inulin_gapseq	2243	2805	1219	bio1	1.789640	2.141694	15.061742
MGYG000003360__gradient_L2_fos_gapseq	2243	2805	1219	bio1	1.789640	2.137380	15.238635
MGYG000003360__gradient_L3_gos_gapseq	2243	2805	1219	bio1	2.136557	2.176876	15.234639
MGYG000003360__gradient_L4_xos_gapseq	2243	2805	1219	bio1	2.312566	2.168352	15.212583
MGYG000003360__gradient_L5_pectin_gapseq	2243	2805	1219	bio1	2.355864	2.161852	15.093644
MGYG000003360__gradient_L6_resistant_starch_gapseq	2243	2805	1219	bio1	3.023149	2.098545	15.330110
MGYG000003360__gradient_L7_bglucan_gapseq	2243	2805	1219	bio1	3.242524	2.143106	15.158926
MGYG000003360__gradient_L8_hmo_gapseq	2243	2805	1219	bio1	3.242524	2.196317	15.137929
MGYG000003360__gradient_L9_mos_gapseq	2243	2805	1219	bio1	3.382364	2.061531	15.312670
MGYG000003366__gradient_L0_base_gapseq	1315	1478	363	bio1	0.000000	1.055285	0.051876
MGYG000003366__gradient_L1_inulin_gapseq	1315	1478	363	bio1	0.000000	1.126242	0.051561
MGYG000003366__gradient_L2_fos_gapseq	1315	1478	363	bio1	0.000000	1.083358	0.052461
MGYG000003366__gradient_L3_gos_gapseq	1315	1478	363	bio1	0.907358	1.192561	4.278951
MGYG000003366__gradient_L4_xos_gapseq	1315	1478	363	bio1	0.972550	1.084836	4.405157
MGYG000003366__gradient_L5_pectin_gapseq	1315	1478	363	bio1	0.972550	1.098182	4.296721
MGYG000003366__gradient_L6_resistant_starch_gapseq	1315	1478	363	bio1	1.454599	1.144115	4.268592
MGYG000003366__gradient_L7_bglucan_gapseq	1315	1478	363	bio1	1.454599	1.146069	4.268607
MGYG000003366__gradient_L8_hmo_gapseq	1315	1478	363	bio1	1.454599	1.094719	4.404241
MGYG000003366__gradient_L9_mos_gapseq	1315	1478	363	bio1	1.454599	1.087182	4.280699
MGYG000003367__gradient_L0_base_gapseq	1531	1831	469	bio1	0.000000	1.387806	0.085301
MGYG000003367__gradient_L1_inulin_gapseq	1531	1831	469	bio1	0.000000	1.371936	0.087715
MGYG000003367__gradient_L2_fos_gapseq	1531	1831	469	bio1	0.000000	1.299862	0.088688
MGYG000003367__gradient_L3_gos_gapseq	1531	1831	469	bio1	0.000000	1.391694	0.084720
MGYG000003367__gradient_L4_xos_gapseq	1531	1831	469	bio1	0.000000	1.310679	0.088598
MGYG000003367__gradient_L5_pectin_gapseq	1531	1831	469	bio1	0.000000	1.474639	0.089285
MGYG000003367__gradient_L6_resistant_starch_gapseq	1531	1831	469	bio1	1.181703	1.425791	6.588559
MGYG000003367__gradient_L7_bglucan_gapseq	1531	1831	469	bio1	1.382239	1.446086	6.533860
MGYG000003367__gradient_L8_hmo_gapseq	1531	1831	469	bio1	1.382239	1.397512	6.553783
MGYG000003367__gradient_L9_mos_gapseq	1531	1831	469	bio1	1.511256	1.308067	6.591700
MGYG000003368__gradient_L0_base_gapseq	1035	1151	267	bio1	0.317909	0.769246	2.902045
MGYG000003368__gradient_L1_inulin_gapseq	1035	1151	267	bio1	0.395372	0.798422	2.784352
MGYG000003368__gradient_L2_fos_gapseq	1035	1151	267	bio1	0.395372	0.862079	2.800213
MGYG000003368__gradient_L3_gos_gapseq	1035	1151	267	bio1	0.395372	0.796760	2.784442
MGYG000003368__gradient_L4_xos_gapseq	1035	1151	267	bio1	0.414737	0.863991	2.773732
MGYG000003368__gradient_L5_pectin_gapseq	1035	1151	267	bio1	0.414737	0.793044	2.791850
MGYG000003368__gradient_L6_resistant_starch_gapseq	1035	1151	267	bio1	0.492200	0.843543	2.803282
MGYG000003368__gradient_L7_bglucan_gapseq	1035	1151	267	bio1	0.492200	0.802121	2.828554
MGYG000003368__gradient_L8_hmo_gapseq	1035	1151	267	bio1	0.492200	0.896774	2.783974
MGYG000003368__gradient_L9_mos_gapseq	1035	1151	267	bio1	0.492200	0.791748	2.855083
MGYG000003370__gradient_L0_base_gapseq	1458	1711	375	bio1	0.496830	1.234544	5.740821
MGYG000003370__gradient_L1_inulin_gapseq	1458	1711	375	bio1	0.650938	1.243928	5.858141
MGYG000003370__gradient_L2_fos_gapseq	1458	1711	375	bio1	0.650938	1.241692	5.687278
MGYG000003370__gradient_L3_gos_gapseq	1458	1711	375	bio1	0.795415	1.287309	5.710676
MGYG000003370__gradient_L4_xos_gapseq	1458	1711	375	bio1	0.814679	1.337812	5.676573
MGYG000003370__gradient_L5_pectin_gapseq	1458	1711	375	bio1	0.814679	1.328220	5.660509
MGYG000003370__gradient_L6_resistant_starch_gapseq	1458	1711	375	bio1	1.134936	1.325293	5.674708
MGYG000003370__gradient_L7_bglucan_gapseq	1458	1711	375	bio1	1.134936	1.235396	5.757748
MGYG000003370__gradient_L8_hmo_gapseq	1458	1711	375	bio1	1.134936	1.215032	5.747648
MGYG000003370__gradient_L9_mos_gapseq	1458	1711	375	bio1	1.211990	1.211795	5.687591
MGYG000003383__gradient_L0_base_gapseq	1296	1575	428	bio1	0.000000	1.202327	0.062809
MGYG000003383__gradient_L1_inulin_gapseq	1296	1575	428	bio1	0.000000	1.203355	0.061805
MGYG000003383__gradient_L2_fos_gapseq	1296	1575	428	bio1	0.000000	1.119120	0.061722
MGYG000003383__gradient_L3_gos_gapseq	1296	1575	428	bio1	1.172193	1.231628	4.998764
MGYG000003383__gradient_L4_xos_gapseq	1296	1575	428	bio1	1.232593	1.124032	5.068333
MGYG000003383__gradient_L5_pectin_gapseq	1296	1575	428	bio1	1.232593	1.121234	5.061247
MGYG000003383__gradient_L6_resistant_starch_gapseq	1296	1575	428	bio1	1.722502	1.159989	4.959205
MGYG000003383__gradient_L7_bglucan_gapseq	1296	1575	428	bio1	1.890279	1.270611	4.957427
MGYG000003383__gradient_L8_hmo_gapseq	1296	1575	428	bio1	2.002131	1.256403	4.957642
MGYG000003383__gradient_L9_mos_gapseq	1296	1575	428	bio1	2.002131	1.203763	4.965444
MGYG000003387__gradient_L0_base_gapseq	2063	2430	915	bio1	0.506941	1.965363	11.876021
MGYG000003387__gradient_L1_inulin_gapseq	2063	2430	915	bio1	0.633030	1.814931	11.777867
MGYG000003387__gradient_L2_fos_gapseq	2063	2430	915	bio1	0.633030	1.890549	11.618191
MGYG000003387__gradient_L3_gos_gapseq	2063	2430	915	bio1	0.633030	1.953135	11.750631
MGYG000003387__gradient_L4_xos_gapseq	2063	2430	915	bio1	0.679092	1.788095	11.840163
MGYG000003387__gradient_L5_pectin_gapseq	2063	2430	915	bio1	0.679092	1.901205	11.787947
MGYG000003387__gradient_L6_resistant_starch_gapseq	2063	2430	915	bio1	1.114811	1.815838	11.817389
MGYG000003387__gradient_L7_bglucan_gapseq	2063	2430	915	bio1	1.114811	1.928199	11.750677
MGYG000003387__gradient_L8_hmo_gapseq	2063	2430	915	bio1	1.114811	1.910785	11.748272
MGYG000003387__gradient_L9_mos_gapseq	2063	2430	915	bio1	1.183290	1.839349	11.822545
MGYG000003391__gradient_L0_base_gapseq	1221	1338	311	bio1	0.837731	1.054865	3.691491
MGYG000003391__gradient_L1_inulin_gapseq	1221	1338	311	bio1	1.047187	0.965610	3.690185
MGYG000003391__gradient_L2_fos_gapseq	1221	1338	311	bio1	1.047187	0.950422	3.601973
MGYG000003391__gradient_L3_gos_gapseq	1221	1338	311	bio1	1.047187	1.064119	3.622521
MGYG000003391__gradient_L4_xos_gapseq	1221	1338	311	bio1	1.047187	0.968995	3.683670
MGYG000003391__gradient_L5_pectin_gapseq	1221	1338	311	bio1	1.047187	0.963393	3.615808
MGYG000003391__gradient_L6_resistant_starch_gapseq	1221	1338	311	bio1	1.150462	1.065495	3.611091
MGYG000003391__gradient_L7_bglucan_gapseq	1221	1338	311	bio1	1.150462	0.957484	3.694460
MGYG000003391__gradient_L8_hmo_gapseq	1221	1338	311	bio1	1.150462	0.965920	3.628712
MGYG000003391__gradient_L9_mos_gapseq	1221	1338	311	bio1	1.253737	1.008269	3.661950
MGYG000003393__gradient_L0_base_gapseq	2257	2787	1155	bio1	1.351241	2.167412	14.979403
MGYG000003393__gradient_L1_inulin_gapseq	2257	2787	1155	bio1	1.648016	2.191752	14.961501
MGYG000003393__gradient_L2_fos_gapseq	2257	2787	1155	bio1	1.648016	2.134537	15.053933
MGYG000003393__gradient_L3_gos_gapseq	2257	2787	1155	bio1	1.961020	2.132602	15.013543
MGYG000003393__gradient_L4_xos_gapseq	2257	2787	1155	bio1	2.127956	2.232099	15.029438
MGYG000003393__gradient_L5_pectin_gapseq	2257	2787	1155	bio1	2.168762	2.073121	15.193447
MGYG000003393__gradient_L6_resistant_starch_gapseq	2257	2787	1155	bio1	2.786047	2.048255	15.106180
MGYG000003393__gradient_L7_bglucan_gapseq	2257	2787	1155	bio1	2.985672	2.162210	15.051557
MGYG000003393__gradient_L8_hmo_gapseq	2257	2787	1155	bio1	2.985672	2.044630	15.069422
MGYG000003393__gradient_L9_mos_gapseq	2257	2787	1155	bio1	3.114406	2.160279	15.007758
MGYG000003399__gradient_L0_base_gapseq	2249	2811	1266	bio1	1.148586	2.220419	15.194565
MGYG000003399__gradient_L1_inulin_gapseq	2249	2811	1266	bio1	1.424841	2.223361	15.318081
MGYG000003399__gradient_L2_fos_gapseq	2249	2811	1266	bio1	1.424841	2.314876	15.320315
MGYG000003399__gradient_L3_gos_gapseq	2249	2811	1266	bio1	1.715322	2.244966	15.334187
MGYG000003399__gradient_L4_xos_gapseq	2249	2811	1266	bio1	1.790894	2.212513	15.318796
MGYG000003399__gradient_L5_pectin_gapseq	2249	2811	1266	bio1	1.790894	2.198589	15.235531
MGYG000003399__gradient_L6_resistant_starch_gapseq	2249	2811	1266	bio1	2.384350	2.189856	15.308752
MGYG000003399__gradient_L7_bglucan_gapseq	2249	2811	1266	bio1	2.574428	2.202923	15.302783
MGYG000003399__gradient_L8_hmo_gapseq	2249	2811	1266	bio1	2.574428	2.147163	15.243672
MGYG000003399__gradient_L9_mos_gapseq	2249	2811	1266	bio1	2.696778	2.226238	15.370801
MGYG000003408__gradient_L0_base_gapseq	527	502	69	bio1	0.000000	0.322306	0.008136
MGYG000003408__gradient_L1_inulin_gapseq	527	502	69	bio1	0.000000	0.319774	0.012413
MGYG000003408__gradient_L2_fos_gapseq	527	502	69	bio1	0.000000	0.327639	0.012458
MGYG000003408__gradient_L3_gos_gapseq	527	502	69	bio1	0.000000	0.401913	0.012436
MGYG000003408__gradient_L4_xos_gapseq	527	502	69	bio1	0.000000	0.318245	0.012434
MGYG000003408__gradient_L5_pectin_gapseq	527	502	69	bio1	0.000000	0.323768	0.012842
MGYG000003408__gradient_L6_resistant_starch_gapseq	527	502	69	bio1	0.000000	0.319428	0.012586
MGYG000003408__gradient_L7_bglucan_gapseq	527	502	69	bio1	0.000000	0.317944	0.012662
MGYG000003408__gradient_L8_hmo_gapseq	527	502	69	bio1	0.000000	0.334490	0.012776
MGYG000003408__gradient_L9_mos_gapseq	527	502	69	bio1	0.000000	0.328254	0.012585
MGYG000003409__gradient_L0_base_gapseq	1026	1203	321	bio1	0.413400	0.910339	2.991136
MGYG000003409__gradient_L1_inulin_gapseq	1026	1203	321	bio1	0.727918	0.876264	3.082144
MGYG000003409__gradient_L2_fos_gapseq	1026	1203	321	bio1	0.727918	0.870734	3.022947
MGYG000003409__gradient_L3_gos_gapseq	1026	1203	321	bio1	1.025068	0.875625	3.066251
MGYG000003409__gradient_L4_xos_gapseq	1026	1203	321	bio1	1.025068	0.826420	2.987331
MGYG000003409__gradient_L5_pectin_gapseq	1026	1203	321	bio1	1.025068	0.927772	2.975735
MGYG000003409__gradient_L6_resistant_starch_gapseq	1026	1203	321	bio1	1.591902	0.842385	2.997507
MGYG000003409__gradient_L7_bglucan_gapseq	1026	1203	321	bio1	1.793877	0.949874	2.984251
MGYG000003409__gradient_L8_hmo_gapseq	1026	1203	321	bio1	1.937214	0.873902	3.068268
MGYG000003409__gradient_L9_mos_gapseq	1026	1203	321	bio1	2.041459	0.825505	2.986265
MGYG000003430__gradient_L0_base_gapseq	1038	1111	240	bio1	0.000000	0.860289	0.036247
MGYG000003430__gradient_L1_inulin_gapseq	1038	1111	240	bio1	0.000000	0.853443	0.039255
MGYG000003430__gradient_L2_fos_gapseq	1038	1111	240	bio1	0.000000	0.784501	0.038602
MGYG000003430__gradient_L3_gos_gapseq	1038	1111	240	bio1	0.000000	0.844059	0.038656
MGYG000003430__gradient_L4_xos_gapseq	1038	1111	240	bio1	0.000000	0.778896	0.038718
MGYG000003430__gradient_L5_pectin_gapseq	1038	1111	240	bio1	0.000000	0.775998	0.037812
MGYG000003430__gradient_L6_resistant_starch_gapseq	1038	1111	240	bio1	0.000000	0.954876	0.037680
MGYG000003430__gradient_L7_bglucan_gapseq	1038	1111	240	bio1	0.000000	0.788878	0.039254
MGYG000003430__gradient_L8_hmo_gapseq	1038	1111	240	bio1	0.000000	0.899023	0.037685
MGYG000003430__gradient_L9_mos_gapseq	1038	1111	240	bio1	0.000000	0.879882	0.037948
MGYG000003432__gradient_L0_base_gapseq	1143	1298	276	bio1	0.000000	0.881046	0.043297
MGYG000003432__gradient_L1_inulin_gapseq	1143	1298	276	bio1	0.322289	1.005827	3.354302
MGYG000003432__gradient_L2_fos_gapseq	1143	1298	276	bio1	0.322289	0.915571	3.347115
MGYG000003432__gradient_L3_gos_gapseq	1143	1298	276	bio1	0.323252	1.024615	3.334077
MGYG000003432__gradient_L4_xos_gapseq	1143	1298	276	bio1	0.323252	0.883430	3.406384
MGYG000003432__gradient_L5_pectin_gapseq	1143	1298	276	bio1	0.327870	0.911439	3.338656
MGYG000003432__gradient_L6_resistant_starch_gapseq	1143	1298	276	bio1	0.399449	0.989187	3.394159
MGYG000003432__gradient_L7_bglucan_gapseq	1143	1298	276	bio1	0.434085	0.919150	3.417841
MGYG000003432__gradient_L8_hmo_gapseq	1143	1298	276	bio1	0.434085	0.897760	3.328971
MGYG000003432__gradient_L9_mos_gapseq	1143	1298	276	bio1	0.434085	0.977740	3.350460
MGYG000003456__gradient_L0_base_gapseq	1018	1094	240	bio1	0.000000	0.773066	0.037475
MGYG000003456__gradient_L1_inulin_gapseq	1018	1094	240	bio1	0.000000	0.841121	0.037178
MGYG000003456__gradient_L2_fos_gapseq	1018	1094	240	bio1	0.000000	0.819508	0.037004
MGYG000003456__gradient_L3_gos_gapseq	1018	1094	240	bio1	0.755314	0.826330	2.559765
MGYG000003456__gradient_L4_xos_gapseq	1018	1094	240	bio1	0.755314	0.969971	2.557227
MGYG000003456__gradient_L5_pectin_gapseq	1018	1094	240	bio1	0.830847	0.760150	2.554125
MGYG000003456__gradient_L6_resistant_starch_gapseq	1018	1094	240	bio1	1.423094	0.923270	2.549231
MGYG000003456__gradient_L7_bglucan_gapseq	1018	1094	240	bio1	1.633924	0.872691	2.640504
MGYG000003456__gradient_L8_hmo_gapseq	1018	1094	240	bio1	1.633924	0.857548	2.556070
MGYG000003456__gradient_L9_mos_gapseq	1018	1094	240	bio1	1.739340	0.819072	2.613835
MGYG000003457__gradient_L0_base_gapseq	1068	1130	233	bio1	0.000000	0.809893	0.033777
MGYG000003457__gradient_L1_inulin_gapseq	1068	1130	233	bio1	0.000000	0.888349	0.033477
MGYG000003457__gradient_L2_fos_gapseq	1068	1130	233	bio1	0.000000	0.831658	0.032791
MGYG000003457__gradient_L3_gos_gapseq	1068	1130	233	bio1	0.000000	0.810221	0.034197
MGYG000003457__gradient_L4_xos_gapseq	1068	1130	233	bio1	0.000000	0.902181	0.032345
MGYG000003457__gradient_L5_pectin_gapseq	1068	1130	233	bio1	0.000000	0.818988	0.033619
MGYG000003457__gradient_L6_resistant_starch_gapseq	1068	1130	233	bio1	0.000000	0.799212	0.119401
MGYG000003457__gradient_L7_bglucan_gapseq	1068	1130	233	bio1	0.000000	0.819761	0.033883
MGYG000003457__gradient_L8_hmo_gapseq	1068	1130	233	bio1	0.000000	0.808161	0.032547
MGYG000003457__gradient_L9_mos_gapseq	1068	1130	233	bio1	0.000000	0.893780	0.032397
MGYG000003462__gradient_L0_base_gapseq	1155	1278	313	bio1	0.000000	0.919599	0.046530
MGYG000003462__gradient_L1_inulin_gapseq	1155	1278	313	bio1	0.000000	0.914897	0.048053
MGYG000003462__gradient_L2_fos_gapseq	1155	1278	313	bio1	0.000000	1.001894	0.048080
MGYG000003462__gradient_L3_gos_gapseq	1155	1278	313	bio1	0.000000	0.915861	0.048742
MGYG000003462__gradient_L4_xos_gapseq	1155	1278	313	bio1	0.000000	0.985465	0.048294
MGYG000003462__gradient_L5_pectin_gapseq	1155	1278	313	bio1	0.000000	0.910153	0.047876
MGYG000003462__gradient_L6_resistant_starch_gapseq	1155	1278	313	bio1	0.000000	1.033435	0.049103
MGYG000003462__gradient_L7_bglucan_gapseq	1155	1278	313	bio1	0.000000	0.904171	0.049589
MGYG000003462__gradient_L8_hmo_gapseq	1155	1278	313	bio1	0.000000	0.927685	0.048209
MGYG000003462__gradient_L9_mos_gapseq	1155	1278	313	bio1	0.000000	1.033685	0.049482
MGYG000003466__gradient_L0_base_gapseq	1128	1219	247	bio1	0.000000	0.894432	0.045462
MGYG000003466__gradient_L1_inulin_gapseq	1128	1219	247	bio1	0.000000	1.028599	0.046746
MGYG000003466__gradient_L2_fos_gapseq	1128	1219	247	bio1	0.000000	0.878894	0.046984
MGYG000003466__gradient_L3_gos_gapseq	1128	1219	247	bio1	0.467480	0.891001	3.186648
MGYG000003466__gradient_L4_xos_gapseq	1128	1219	247	bio1	0.467480	0.891828	3.030043
MGYG000003466__gradient_L5_pectin_gapseq	1128	1219	247	bio1	0.467480	1.107269	3.034497
MGYG000003466__gradient_L6_resistant_starch_gapseq	1128	1219	247	bio1	0.869089	0.883209	3.030182
MGYG000003466__gradient_L7_bglucan_gapseq	1128	1219	247	bio1	0.869089	0.955520	3.024122
MGYG000003466__gradient_L8_hmo_gapseq	1128	1219	247	bio1	0.869089	0.880936	3.141641
MGYG000003466__gradient_L9_mos_gapseq	1128	1219	247	bio1	0.908933	0.878232	3.032183
MGYG000003475__gradient_L0_base_gapseq	1312	1544	412	bio1	1.228537	1.095344	4.831560
MGYG000003475__gradient_L1_inulin_gapseq	1312	1544	412	bio1	1.520362	1.161260	4.811690
MGYG000003475__gradient_L2_fos_gapseq	1312	1544	412	bio1	1.520362	1.172256	4.817349
MGYG000003475__gradient_L3_gos_gapseq	1312	1544	412	bio1	1.822995	1.107953	4.982286
MGYG000003475__gradient_L4_xos_gapseq	1312	1544	412	bio1	2.041878	1.120483	4.820886
MGYG000003475__gradient_L5_pectin_gapseq	1312	1544	412	bio1	2.079523	1.132567	4.843735
MGYG000003475__gradient_L6_resistant_starch_gapseq	1312	1544	412	bio1	2.478977	1.126168	4.801692
MGYG000003475__gradient_L7_bglucan_gapseq	1312	1544	412	bio1	2.685860	1.064509	4.882116
MGYG000003475__gradient_L8_hmo_gapseq	1312	1544	412	bio1	2.685860	1.099534	4.791042
MGYG000003475__gradient_L9_mos_gapseq	1312	1544	412	bio1	2.829971	1.158204	4.812099
MGYG000003476__gradient_L0_base_gapseq	847	851	156	bio1	0.243036	0.585387	1.539425
MGYG000003476__gradient_L1_inulin_gapseq	847	851	156	bio1	0.465828	0.609295	1.538806
MGYG000003476__gradient_L2_fos_gapseq	847	851	156	bio1	0.465828	0.675877	1.585704
MGYG000003476__gradient_L3_gos_gapseq	847	851	156	bio1	0.625326	0.565597	1.539825
MGYG000003476__gradient_L4_xos_gapseq	847	851	156	bio1	0.625326	0.570098	1.623459
MGYG000003476__gradient_L5_pectin_gapseq	847	851	156	bio1	0.660770	0.612348	1.536073
MGYG000003476__gradient_L6_resistant_starch_gapseq	847	851	156	bio1	0.751912	0.563234	1.529647
MGYG000003476__gradient_L7_bglucan_gapseq	847	851	156	bio1	0.751912	0.695870	1.530083
MGYG000003476__gradient_L8_hmo_gapseq	847	851	156	bio1	0.751912	0.562641	1.543153
MGYG000003476__gradient_L9_mos_gapseq	847	851	156	bio1	0.792419	0.595849	1.527989
MGYG000003481__gradient_L0_base_gapseq	867	808	112	bio1	0.000000	0.681044	0.018630
MGYG000003481__gradient_L1_inulin_gapseq	867	808	112	bio1	0.000000	0.614622	0.020491
MGYG000003481__gradient_L2_fos_gapseq	867	808	112	bio1	0.000000	0.575862	0.019546
MGYG000003481__gradient_L3_gos_gapseq	867	808	112	bio1	0.000000	0.569800	0.019356
MGYG000003481__gradient_L4_xos_gapseq	867	808	112	bio1	0.000000	0.641627	0.020255
MGYG000003481__gradient_L5_pectin_gapseq	867	808	112	bio1	0.000000	0.558079	0.020736
MGYG000003481__gradient_L6_resistant_starch_gapseq	867	808	112	bio1	0.000000	0.565415	0.019718
MGYG000003481__gradient_L7_bglucan_gapseq	867	808	112	bio1	0.000000	0.590244	0.019552
MGYG000003481__gradient_L8_hmo_gapseq	867	808	112	bio1	0.000000	0.685499	0.020485
MGYG000003481__gradient_L9_mos_gapseq	867	808	112	bio1	0.000000	0.576274	0.020857
MGYG000003486__gradient_L0_base_gapseq	1309	1513	397	bio1	0.206415	1.096462	4.636970
MGYG000003486__gradient_L1_inulin_gapseq	1309	1513	397	bio1	0.435465	1.192351	4.665961
MGYG000003486__gradient_L2_fos_gapseq	1309	1513	397	bio1	0.435465	1.155624	4.599085
MGYG000003486__gradient_L3_gos_gapseq	1309	1513	397	bio1	0.646850	1.124204	4.716073
MGYG000003486__gradient_L4_xos_gapseq	1309	1513	397	bio1	0.696054	1.089308	4.610088
MGYG000003486__gradient_L5_pectin_gapseq	1309	1513	397	bio1	0.696054	1.153026	4.612357
MGYG000003486__gradient_L6_resistant_starch_gapseq	1309	1513	397	bio1	1.115973	1.203444	4.625419
MGYG000003486__gradient_L7_bglucan_gapseq	1309	1513	397	bio1	1.115973	1.099129	4.702768
MGYG000003486__gradient_L8_hmo_gapseq	1309	1513	397	bio1	1.115973	1.119214	4.614358
MGYG000003486__gradient_L9_mos_gapseq	1309	1513	397	bio1	1.185038	1.210168	4.679243
MGYG000003496__gradient_L0_base_gapseq	1171	1225	246	bio1	0.000000	0.884307	0.040401
MGYG000003496__gradient_L1_inulin_gapseq	1171	1225	246	bio1	0.000000	0.955865	0.040964
MGYG000003496__gradient_L2_fos_gapseq	1171	1225	246	bio1	0.000000	0.986969	0.041158
MGYG000003496__gradient_L3_gos_gapseq	1171	1225	246	bio1	0.298428	0.887488	3.228346
MGYG000003496__gradient_L4_xos_gapseq	1171	1225	246	bio1	0.298428	0.896952	3.081590
MGYG000003496__gradient_L5_pectin_gapseq	1171	1225	246	bio1	0.298428	0.954466	3.086650
MGYG000003496__gradient_L6_resistant_starch_gapseq	1171	1225	246	bio1	0.739090	0.898786	3.073666
MGYG000003496__gradient_L7_bglucan_gapseq	1171	1225	246	bio1	0.739090	0.951528	3.086138
MGYG000003496__gradient_L8_hmo_gapseq	1171	1225	246	bio1	0.739090	0.897757	3.143271
MGYG000003496__gradient_L9_mos_gapseq	1171	1225	246	bio1	0.813700	0.902619	3.099548
MGYG000003500__gradient_L0_base_gapseq	1331	1466	294	bio1	0.000000	1.110689	0.058154
MGYG000003500__gradient_L1_inulin_gapseq	1331	1466	294	bio1	0.000000	1.079310	0.058764
MGYG000003500__gradient_L2_fos_gapseq	1331	1466	294	bio1	0.000000	1.117891	0.057749
MGYG000003500__gradient_L3_gos_gapseq	1331	1466	294	bio1	0.347318	1.076034	4.492221
MGYG000003500__gradient_L4_xos_gapseq	1331	1466	294	bio1	0.347318	1.139078	4.423413
MGYG000003500__gradient_L5_pectin_gapseq	1331	1466	294	bio1	0.347318	1.125542	4.418808
MGYG000003500__gradient_L6_resistant_starch_gapseq	1331	1466	294	bio1	0.811633	1.068350	4.513200
MGYG000003500__gradient_L7_bglucan_gapseq	1331	1466	294	bio1	0.974859	1.072128	4.435480
MGYG000003500__gradient_L8_hmo_gapseq	1331	1466	294	bio1	0.974859	1.106980	4.410971
MGYG000003500__gradient_L9_mos_gapseq	1331	1466	294	bio1	1.047781	1.094479	4.402382
MGYG000003514__gradient_L0_base_gapseq	1039	1114	243	bio1	0.000000	0.867081	0.033042
MGYG000003514__gradient_L1_inulin_gapseq	1039	1114	243	bio1	0.000000	0.792193	0.037228
MGYG000003514__gradient_L2_fos_gapseq	1039	1114	243	bio1	0.000000	0.789082	0.037327
MGYG000003514__gradient_L3_gos_gapseq	1039	1114	243	bio1	0.000000	0.859987	0.037779
MGYG000003514__gradient_L4_xos_gapseq	1039	1114	243	bio1	0.000000	0.788363	0.036700
MGYG000003514__gradient_L5_pectin_gapseq	1039	1114	243	bio1	0.000000	0.805100	0.036688
MGYG000003514__gradient_L6_resistant_starch_gapseq	1039	1114	243	bio1	0.000000	0.877678	0.038849
MGYG000003514__gradient_L7_bglucan_gapseq	1039	1114	243	bio1	0.000000	0.795761	0.038669
MGYG000003514__gradient_L8_hmo_gapseq	1039	1114	243	bio1	0.000000	0.785943	0.038551
MGYG000003514__gradient_L9_mos_gapseq	1039	1114	243	bio1	0.000000	0.890676	0.038628
MGYG000003525__gradient_L0_base_gapseq	1177	1361	312	bio1	0.000000	0.984267	0.051526
MGYG000003525__gradient_L1_inulin_gapseq	1177	1361	312	bio1	0.000000	0.953813	0.052162
MGYG000003525__gradient_L2_fos_gapseq	1177	1361	312	bio1	0.000000	0.993512	0.052286
MGYG000003525__gradient_L3_gos_gapseq	1177	1361	312	bio1	0.723488	0.900125	3.586799
MGYG000003525__gradient_L4_xos_gapseq	1177	1361	312	bio1	0.770811	1.035495	3.612180
MGYG000003525__gradient_L5_pectin_gapseq	1177	1361	312	bio1	0.770811	0.944787	3.607710
MGYG000003525__gradient_L6_resistant_starch_gapseq	1177	1361	312	bio1	1.290225	1.081153	3.606283
MGYG000003525__gradient_L7_bglucan_gapseq	1177	1361	312	bio1	1.465754	1.022531	3.612005
MGYG000003525__gradient_L8_hmo_gapseq	1177	1361	312	bio1	1.465754	0.953846	3.625093
MGYG000003525__gradient_L9_mos_gapseq	1177	1361	312	bio1	1.568645	1.014731	3.623174
MGYG000003529__gradient_L0_base_gapseq	1051	1142	208	bio1	0.192804	0.810983	2.673177
MGYG000003529__gradient_L1_inulin_gapseq	1051	1142	208	bio1	0.192804	0.917061	2.678781
MGYG000003529__gradient_L2_fos_gapseq	1051	1142	208	bio1	0.192804	0.800556	2.671300
MGYG000003529__gradient_L3_gos_gapseq	1051	1142	208	bio1	0.192804	0.900838	2.739013
MGYG000003529__gradient_L4_xos_gapseq	1051	1142	208	bio1	0.192804	0.819598	2.677004
MGYG000003529__gradient_L5_pectin_gapseq	1051	1142	208	bio1	0.192804	0.891003	2.679911
MGYG000003529__gradient_L6_resistant_starch_gapseq	1051	1142	208	bio1	0.194795	0.820200	2.671912
MGYG000003529__gradient_L7_bglucan_gapseq	1051	1142	208	bio1	0.202510	0.888182	2.661102
MGYG000003529__gradient_L8_hmo_gapseq	1051	1142	208	bio1	0.202510	0.795461	2.688165
MGYG000003529__gradient_L9_mos_gapseq	1051	1142	208	bio1	0.202510	0.886640	2.680874
MGYG000003552__gradient_L0_base_gapseq	1370	1521	366	bio1	0.000000	1.185082	0.056643
MGYG000003552__gradient_L1_inulin_gapseq	1370	1521	366	bio1	0.000000	1.228422	0.054490
MGYG000003552__gradient_L2_fos_gapseq	1370	1521	366	bio1	0.000000	1.100138	0.054752
MGYG000003552__gradient_L3_gos_gapseq	1370	1521	366	bio1	0.643614	1.203356	4.662191
MGYG000003552__gradient_L4_xos_gapseq	1370	1521	366	bio1	0.695495	1.256636	4.654010
MGYG000003552__gradient_L5_pectin_gapseq	1370	1521	366	bio1	0.695495	1.199105	4.738827
MGYG000003552__gradient_L6_resistant_starch_gapseq	1370	1521	366	bio1	1.196603	1.143264	4.733622
MGYG000003552__gradient_L7_bglucan_gapseq	1370	1521	366	bio1	1.373690	1.124231	4.693782
MGYG000003552__gradient_L8_hmo_gapseq	1370	1521	366	bio1	1.373690	1.198020	4.642232
MGYG000003552__gradient_L9_mos_gapseq	1370	1521	366	bio1	1.373690	1.190837	4.677135
MGYG000003567__gradient_L0_base_gapseq	1054	1179	281	bio1	0.381567	0.891865	2.876403
MGYG000003567__gradient_L1_inulin_gapseq	1054	1179	281	bio1	0.738124	0.842540	2.886065
MGYG000003567__gradient_L2_fos_gapseq	1054	1179	281	bio1	0.738124	0.885576	2.884957
MGYG000003567__gradient_L3_gos_gapseq	1054	1179	281	bio1	0.738124	0.819319	2.869518
MGYG000003567__gradient_L4_xos_gapseq	1054	1179	281	bio1	0.738124	0.895398	2.876289
MGYG000003567__gradient_L5_pectin_gapseq	1054	1179	281	bio1	0.738124	0.797496	2.960874
MGYG000003567__gradient_L6_resistant_starch_gapseq	1054	1179	281	bio1	0.831167	0.812933	2.892827
MGYG000003567__gradient_L7_bglucan_gapseq	1054	1179	281	bio1	0.831167	0.822897	2.954848
MGYG000003567__gradient_L8_hmo_gapseq	1054	1179	281	bio1	0.831167	0.811412	2.889681
MGYG000003567__gradient_L9_mos_gapseq	1054	1179	281	bio1	0.831167	0.910311	2.880576
MGYG000003597__gradient_L0_base_gapseq	1270	1440	356	bio1	0.000000	1.011009	0.127210
MGYG000003597__gradient_L1_inulin_gapseq	1270	1440	356	bio1	0.000000	1.037255	0.052711
MGYG000003597__gradient_L2_fos_gapseq	1270	1440	356	bio1	0.000000	1.058667	0.051988
MGYG000003597__gradient_L3_gos_gapseq	1270	1440	356	bio1	1.031103	1.116787	4.043851
MGYG000003597__gradient_L4_xos_gapseq	1270	1440	356	bio1	1.073285	1.129799	4.041155
MGYG000003597__gradient_L5_pectin_gapseq	1270	1440	356	bio1	1.073285	1.053107	4.148917
MGYG000003597__gradient_L6_resistant_starch_gapseq	1270	1440	356	bio1	1.553690	1.034279	4.042655
MGYG000003597__gradient_L7_bglucan_gapseq	1270	1440	356	bio1	1.553690	1.114428	4.072677
MGYG000003597__gradient_L8_hmo_gapseq	1270	1440	356	bio1	1.553690	1.051173	4.134011
MGYG000003597__gradient_L9_mos_gapseq	1270	1440	356	bio1	1.628680	1.048359	4.053108
MGYG000003612__gradient_L0_base_gapseq	1395	1575	406	bio1	0.274607	1.132594	5.166363
MGYG000003612__gradient_L1_inulin_gapseq	1395	1575	406	bio1	0.389477	1.132911	5.156801
MGYG000003612__gradient_L2_fos_gapseq	1395	1575	406	bio1	0.389477	1.138106	5.037170
MGYG000003612__gradient_L3_gos_gapseq	1395	1575	406	bio1	0.600892	1.208049	5.072955
MGYG000003612__gradient_L4_xos_gapseq	1395	1575	406	bio1	0.641810	1.212810	5.070389
MGYG000003612__gradient_L5_pectin_gapseq	1395	1575	406	bio1	0.641810	1.157147	5.181568
MGYG000003612__gradient_L6_resistant_starch_gapseq	1395	1575	406	bio1	1.098001	1.116754	5.149527
MGYG000003612__gradient_L7_bglucan_gapseq	1395	1575	406	bio1	1.254535	1.138707	5.056273
MGYG000003612__gradient_L8_hmo_gapseq	1395	1575	406	bio1	1.254535	1.193880	5.061000
MGYG000003612__gradient_L9_mos_gapseq	1395	1575	406	bio1	1.327131	1.196674	5.045131
MGYG000003619__gradient_L0_base_gapseq	1331	1492	366	bio1	0.000000	1.094437	0.054586
MGYG000003619__gradient_L1_inulin_gapseq	1331	1492	366	bio1	0.000000	1.151823	0.053735
MGYG000003619__gradient_L2_fos_gapseq	1331	1492	366	bio1	0.000000	1.081567	0.055292
MGYG000003619__gradient_L3_gos_gapseq	1331	1492	366	bio1	1.104235	1.166247	4.470514
MGYG000003619__gradient_L4_xos_gapseq	1331	1492	366	bio1	1.104235	1.148712	4.473517
MGYG000003619__gradient_L5_pectin_gapseq	1331	1492	366	bio1	1.104235	1.108078	4.633338
MGYG000003619__gradient_L6_resistant_starch_gapseq	1331	1492	366	bio1	1.662983	1.079070	4.457289
MGYG000003619__gradient_L7_bglucan_gapseq	1331	1492	366	bio1	1.662983	1.162180	4.468083
MGYG000003619__gradient_L8_hmo_gapseq	1331	1492	366	bio1	1.662983	1.220609	4.478406
MGYG000003619__gradient_L9_mos_gapseq	1331	1492	366	bio1	1.751322	1.111040	4.565092
MGYG000003622__gradient_L0_base_gapseq	1151	1308	273	bio1	0.481942	0.913921	3.537284
MGYG000003622__gradient_L1_inulin_gapseq	1151	1308	273	bio1	0.614476	1.025348	3.534413
MGYG000003622__gradient_L2_fos_gapseq	1151	1308	273	bio1	0.614476	0.961741	3.520800
MGYG000003622__gradient_L3_gos_gapseq	1151	1308	273	bio1	0.713877	0.900623	3.569263
MGYG000003622__gradient_L4_xos_gapseq	1151	1308	273	bio1	0.713877	1.014038	3.542929
MGYG000003622__gradient_L5_pectin_gapseq	1151	1308	273	bio1	0.713877	0.916701	3.586908
MGYG000003622__gradient_L6_resistant_starch_gapseq	1151	1308	273	bio1	0.846411	0.909095	3.514253
MGYG000003622__gradient_L7_bglucan_gapseq	1151	1308	273	bio1	1.054248	0.981644	3.525538
MGYG000003622__gradient_L8_hmo_gapseq	1151	1308	273	bio1	1.054248	0.905756	3.591028
MGYG000003622__gradient_L9_mos_gapseq	1151	1308	273	bio1	1.186781	0.917649	3.539862
MGYG000003655__gradient_L0_base_gapseq	1470	1707	433	bio1	1.084939	1.267554	5.586948
MGYG000003655__gradient_L1_inulin_gapseq	1470	1707	433	bio1	1.374007	1.262367	5.558236
MGYG000003655__gradient_L2_fos_gapseq	1470	1707	433	bio1	1.374007	1.269736	5.607232
MGYG000003655__gradient_L3_gos_gapseq	1470	1707	433	bio1	1.680826	1.312080	5.604413
MGYG000003655__gradient_L4_xos_gapseq	1470	1707	433	bio1	1.764207	1.226867	5.648088
MGYG000003655__gradient_L5_pectin_gapseq	1470	1707	433	bio1	1.811175	1.245156	5.682163
MGYG000003655__gradient_L6_resistant_starch_gapseq	1470	1707	433	bio1	2.276100	1.239016	5.590487
MGYG000003655__gradient_L7_bglucan_gapseq	1470	1707	433	bio1	2.276100	1.310887	5.570015
MGYG000003655__gradient_L8_hmo_gapseq	1470	1707	433	bio1	2.276100	1.300297	5.650816
MGYG000003655__gradient_L9_mos_gapseq	1470	1707	433	bio1	2.276100	1.345909	5.576982
MGYG000003658__gradient_L0_base_gapseq	1149	1220	275	bio1	0.000000	0.881762	0.043847
MGYG000003658__gradient_L1_inulin_gapseq	1149	1220	275	bio1	0.000000	0.986734	0.043551
MGYG000003658__gradient_L2_fos_gapseq	1149	1220	275	bio1	0.000000	0.876635	0.043753
MGYG000003658__gradient_L3_gos_gapseq	1149	1220	275	bio1	0.000000	0.941342	0.045405
MGYG000003658__gradient_L4_xos_gapseq	1149	1220	275	bio1	0.000000	0.864023	0.046285
MGYG000003658__gradient_L5_pectin_gapseq	1149	1220	275	bio1	0.000000	0.852483	0.045565
MGYG000003658__gradient_L6_resistant_starch_gapseq	1149	1220	275	bio1	0.000000	0.962751	0.045867
MGYG000003658__gradient_L7_bglucan_gapseq	1149	1220	275	bio1	0.000000	0.877267	0.045947
MGYG000003658__gradient_L8_hmo_gapseq	1149	1220	275	bio1	0.000000	0.972994	0.045190
MGYG000003658__gradient_L9_mos_gapseq	1149	1220	275	bio1	0.000000	0.878332	0.045871
MGYG000003662__gradient_L0_base_gapseq	1268	1451	332	bio1	0.348914	1.064485	4.284062
MGYG000003662__gradient_L1_inulin_gapseq	1268	1451	332	bio1	0.458619	1.113981	4.305179
MGYG000003662__gradient_L2_fos_gapseq	1268	1451	332	bio1	0.458619	1.043588	4.372117
MGYG000003662__gradient_L3_gos_gapseq	1268	1451	332	bio1	0.540898	1.054306	4.304958
MGYG000003662__gradient_L4_xos_gapseq	1268	1451	332	bio1	0.605557	1.159906	4.303048
MGYG000003662__gradient_L5_pectin_gapseq	1268	1451	332	bio1	0.605557	1.122867	4.289144
MGYG000003662__gradient_L6_resistant_starch_gapseq	1268	1451	332	bio1	0.704242	1.050344	4.404856
MGYG000003662__gradient_L7_bglucan_gapseq	1268	1451	332	bio1	0.858998	1.026185	4.318033
MGYG000003662__gradient_L8_hmo_gapseq	1268	1451	332	bio1	0.858998	1.112327	4.318285
MGYG000003662__gradient_L9_mos_gapseq	1268	1451	332	bio1	0.957683	1.050184	4.380842
MGYG000003667__gradient_L0_base_gapseq	725	699	111	bio1	0.005221	0.476274	1.104817
MGYG000003667__gradient_L1_inulin_gapseq	725	699	111	bio1	0.083342	0.553924	1.108152
MGYG000003667__gradient_L2_fos_gapseq	725	699	111	bio1	0.083342	0.486777	1.106979
MGYG000003667__gradient_L3_gos_gapseq	725	699	111	bio1	0.083342	0.478423	1.101053
MGYG000003667__gradient_L4_xos_gapseq	725	699	111	bio1	0.083342	0.530896	1.100968
MGYG000003667__gradient_L5_pectin_gapseq	725	699	111	bio1	0.083342	0.521897	1.108377
MGYG000003667__gradient_L6_resistant_starch_gapseq	725	699	111	bio1	0.083763	0.460638	1.105610
MGYG000003667__gradient_L7_bglucan_gapseq	725	699	111	bio1	0.083763	0.475269	1.171165
MGYG000003667__gradient_L8_hmo_gapseq	725	699	111	bio1	0.083763	0.476142	1.105305
MGYG000003667__gradient_L9_mos_gapseq	725	699	111	bio1	0.083763	0.464131	1.103019
MGYG000003669__gradient_L0_base_gapseq	754	750	109	bio1	0.000000	0.517108	0.020691
MGYG000003669__gradient_L1_inulin_gapseq	754	750	109	bio1	0.204243	0.519071	1.472480
MGYG000003669__gradient_L2_fos_gapseq	754	750	109	bio1	0.204243	0.537610	1.313731
MGYG000003669__gradient_L3_gos_gapseq	754	750	109	bio1	0.204243	0.523273	1.314175
MGYG000003669__gradient_L4_xos_gapseq	754	750	109	bio1	0.204243	0.520707	1.377509
MGYG000003669__gradient_L5_pectin_gapseq	754	750	109	bio1	0.204243	0.512630	1.312600
MGYG000003669__gradient_L6_resistant_starch_gapseq	754	750	109	bio1	0.306370	0.544765	1.315026
MGYG000003669__gradient_L7_bglucan_gapseq	754	750	109	bio1	0.306370	0.518333	1.385311
MGYG000003669__gradient_L8_hmo_gapseq	754	750	109	bio1	0.306370	0.513832	1.316237
MGYG000003669__gradient_L9_mos_gapseq	754	750	109	bio1	0.306370	0.518312	1.321917
MGYG000003679__gradient_L0_base_gapseq	1052	1163	245	bio1	0.000000	0.830105	0.098028
MGYG000003679__gradient_L1_inulin_gapseq	1052	1163	245	bio1	0.000000	0.828440	0.039841
MGYG000003679__gradient_L2_fos_gapseq	1052	1163	245	bio1	0.000000	0.818509	0.038761
MGYG000003679__gradient_L3_gos_gapseq	1052	1163	245	bio1	0.412833	0.900290	2.866035
MGYG000003679__gradient_L4_xos_gapseq	1052	1163	245	bio1	0.447092	0.840392	2.864484
MGYG000003679__gradient_L5_pectin_gapseq	1052	1163	245	bio1	0.447092	0.878719	2.856491
MGYG000003679__gradient_L6_resistant_starch_gapseq	1052	1163	245	bio1	0.734516	0.831932	2.913918
MGYG000003679__gradient_L7_bglucan_gapseq	1052	1163	245	bio1	0.845063	0.830267	2.851344
MGYG000003679__gradient_L8_hmo_gapseq	1052	1163	245	bio1	0.845063	0.818164	2.921645
MGYG000003679__gradient_L9_mos_gapseq	1052	1163	245	bio1	0.845063	0.871340	2.849295
MGYG000003681__gradient_L0_base_gapseq	1519	1808	506	bio1	0.000000	1.341226	0.090146
MGYG000003681__gradient_L1_inulin_gapseq	1519	1808	506	bio1	0.000000	1.269724	0.087565
MGYG000003681__gradient_L2_fos_gapseq	1519	1808	506	bio1	0.000000	1.331075	0.088281
MGYG000003681__gradient_L3_gos_gapseq	1519	1808	506	bio1	1.658783	1.338115	6.567443
MGYG000003681__gradient_L4_xos_gapseq	1519	1808	506	bio1	1.736742	1.274357	6.653112
MGYG000003681__gradient_L5_pectin_gapseq	1519	1808	506	bio1	1.778225	1.270839	6.624833
MGYG000003681__gradient_L6_resistant_starch_gapseq	1519	1808	506	bio1	2.372521	1.281547	6.612958
MGYG000003681__gradient_L7_bglucan_gapseq	1519	1808	506	bio1	2.555502	1.257515	6.552926
MGYG000003681__gradient_L8_hmo_gapseq	1519	1808	506	bio1	2.555502	1.337290	6.506964
MGYG000003681__gradient_L9_mos_gapseq	1519	1808	506	bio1	2.673486	1.331318	6.540681
MGYG000003685__gradient_L0_base_gapseq	1174	1321	332	bio1	0.795421	0.937009	3.584145
MGYG000003685__gradient_L1_inulin_gapseq	1174	1321	332	bio1	1.087098	0.945856	3.512183
MGYG000003685__gradient_L2_fos_gapseq	1174	1321	332	bio1	1.087098	0.998028	3.523684
MGYG000003685__gradient_L3_gos_gapseq	1174	1321	332	bio1	1.380550	0.945120	3.585678
MGYG000003685__gradient_L4_xos_gapseq	1174	1321	332	bio1	1.380550	0.941328	3.492042
MGYG000003685__gradient_L5_pectin_gapseq	1174	1321	332	bio1	1.380550	1.020902	3.507999
MGYG000003685__gradient_L6_resistant_starch_gapseq	1174	1321	332	bio1	1.996355	0.923117	3.587948
MGYG000003685__gradient_L7_bglucan_gapseq	1174	1321	332	bio1	2.203106	0.916589	3.521738
MGYG000003685__gradient_L8_hmo_gapseq	1174	1321	332	bio1	2.203106	1.011875	3.523380
MGYG000003685__gradient_L9_mos_gapseq	1174	1321	332	bio1	2.345386	0.921463	3.598260
MGYG000003686__gradient_L0_base_gapseq	1209	1282	324	bio1	0.000000	1.018870	0.044110
MGYG000003686__gradient_L1_inulin_gapseq	1209	1282	324	bio1	0.000000	0.927039	0.047031
MGYG000003686__gradient_L2_fos_gapseq	1209	1282	324	bio1	0.000000	0.951611	0.116006
MGYG000003686__gradient_L3_gos_gapseq	1209	1282	324	bio1	0.000000	0.922923	0.046943
MGYG000003686__gradient_L4_xos_gapseq	1209	1282	324	bio1	0.000000	0.926959	0.047510
MGYG000003686__gradient_L5_pectin_gapseq	1209	1282	324	bio1	0.000000	1.020001	0.047139
MGYG000003686__gradient_L6_resistant_starch_gapseq	1209	1282	324	bio1	0.000000	0.910636	0.047992
MGYG000003686__gradient_L7_bglucan_gapseq	1209	1282	324	bio1	0.000000	1.049846	0.047193
MGYG000003686__gradient_L8_hmo_gapseq	1209	1282	324	bio1	0.000000	0.920365	0.046755
MGYG000003686__gradient_L9_mos_gapseq	1209	1282	324	bio1	0.000000	0.929060	0.047226
MGYG000003687__gradient_L0_base_gapseq	1915	2293	718	bio1	0.833221	1.681675	10.263265
MGYG000003687__gradient_L1_inulin_gapseq	1915	2293	718	bio1	1.065754	1.659308	10.316189
MGYG000003687__gradient_L2_fos_gapseq	1915	2293	718	bio1	1.065754	1.675259	10.202478
MGYG000003687__gradient_L3_gos_gapseq	1915	2293	718	bio1	1.311160	1.687001	10.207246
MGYG000003687__gradient_L4_xos_gapseq	1915	2293	718	bio1	1.374264	1.663290	10.302704
MGYG000003687__gradient_L5_pectin_gapseq	1915	2293	718	bio1	1.406985	1.707099	10.198063
MGYG000003687__gradient_L6_resistant_starch_gapseq	1915	2293	718	bio1	1.918832	1.723720	10.229428
MGYG000003687__gradient_L7_bglucan_gapseq	1915	2293	718	bio1	2.094122	1.723897	10.204141
MGYG000003687__gradient_L8_hmo_gapseq	1915	2293	718	bio1	2.094122	1.728871	10.327634
MGYG000003687__gradient_L9_mos_gapseq	1915	2293	718	bio1	2.206308	1.807483	10.275548
MGYG000003688__gradient_L0_base_gapseq	1184	1322	325	bio1	0.400291	1.042788	3.611464
MGYG000003688__gradient_L1_inulin_gapseq	1184	1322	325	bio1	0.590910	0.961549	3.758867
MGYG000003688__gradient_L2_fos_gapseq	1184	1322	325	bio1	0.590910	0.944265	3.624406
MGYG000003688__gradient_L3_gos_gapseq	1184	1322	325	bio1	0.762468	1.037894	3.603958
MGYG000003688__gradient_L4_xos_gapseq	1184	1322	325	bio1	0.762468	0.950951	3.711016
MGYG000003688__gradient_L5_pectin_gapseq	1184	1322	325	bio1	0.762468	0.958686	3.621579
MGYG000003688__gradient_L6_resistant_starch_gapseq	1184	1322	325	bio1	1.161939	1.025864	3.622144
MGYG000003688__gradient_L7_bglucan_gapseq	1184	1322	325	bio1	1.161939	0.948343	3.695684
MGYG000003688__gradient_L8_hmo_gapseq	1184	1322	325	bio1	1.161939	0.955762	3.642505
MGYG000003688__gradient_L9_mos_gapseq	1184	1322	325	bio1	1.255456	1.009278	3.601087
MGYG000003692__gradient_L0_base_gapseq	1185	1315	319	bio1	0.343821	0.952334	3.482611
MGYG000003692__gradient_L1_inulin_gapseq	1185	1315	319	bio1	0.501000	1.006276	3.495663
MGYG000003692__gradient_L2_fos_gapseq	1185	1315	319	bio1	0.501000	0.943970	3.555094
MGYG000003692__gradient_L3_gos_gapseq	1185	1315	319	bio1	0.648356	0.951588	3.503486
MGYG000003692__gradient_L4_xos_gapseq	1185	1315	319	bio1	0.648356	0.977075	3.495004
MGYG000003692__gradient_L5_pectin_gapseq	1185	1315	319	bio1	0.648356	0.935479	3.490301
MGYG000003692__gradient_L6_resistant_starch_gapseq	1185	1315	319	bio1	0.974995	1.026766	3.497248
MGYG000003692__gradient_L7_bglucan_gapseq	1185	1315	319	bio1	0.974995	1.016542	3.502748
MGYG000003692__gradient_L8_hmo_gapseq	1185	1315	319	bio1	0.974995	0.947009	3.502234
MGYG000003692__gradient_L9_mos_gapseq	1185	1315	319	bio1	1.052438	1.026675	3.495913
MGYG000003696__gradient_L0_base_gapseq	1173	1321	341	bio1	0.795027	1.072110	3.643349
MGYG000003696__gradient_L1_inulin_gapseq	1173	1321	341	bio1	1.086579	0.943926	3.728574
MGYG000003696__gradient_L2_fos_gapseq	1173	1321	341	bio1	1.086579	0.963991	3.646677
MGYG000003696__gradient_L3_gos_gapseq	1173	1321	341	bio1	1.379891	1.026602	3.668823
MGYG000003696__gradient_L4_xos_gapseq	1173	1321	341	bio1	1.379891	0.943040	3.770534
MGYG000003696__gradient_L5_pectin_gapseq	1173	1321	341	bio1	1.379891	0.955957	3.669457
MGYG000003696__gradient_L6_resistant_starch_gapseq	1173	1321	341	bio1	1.995402	1.010294	3.673732
MGYG000003696__gradient_L7_bglucan_gapseq	1173	1321	341	bio1	1.995402	0.942904	3.739700
MGYG000003696__gradient_L8_hmo_gapseq	1173	1321	341	bio1	1.995402	0.959320	3.678266
MGYG000003696__gradient_L9_mos_gapseq	1173	1321	341	bio1	2.137614	0.976822	3.665132
MGYG000003700__gradient_L0_base_gapseq	1189	1292	319	bio1	0.568028	0.937577	3.530412
MGYG000003700__gradient_L1_inulin_gapseq	1189	1292	319	bio1	0.681636	0.926513	3.460346
MGYG000003700__gradient_L2_fos_gapseq	1189	1292	319	bio1	0.681636	1.000746	3.451829
MGYG000003700__gradient_L3_gos_gapseq	1189	1292	319	bio1	0.908851	0.943329	3.436336
MGYG000003700__gradient_L4_xos_gapseq	1189	1292	319	bio1	0.908851	1.000929	3.428043
MGYG000003700__gradient_L5_pectin_gapseq	1189	1292	319	bio1	0.908851	0.912837	3.518486
MGYG000003700__gradient_L6_resistant_starch_gapseq	1189	1292	319	bio1	1.382952	0.948123	3.450899
MGYG000003700__gradient_L7_bglucan_gapseq	1189	1292	319	bio1	1.382952	0.972837	3.455257
MGYG000003700__gradient_L8_hmo_gapseq	1189	1292	319	bio1	1.382952	0.936824	3.516232
MGYG000003700__gradient_L9_mos_gapseq	1189	1292	319	bio1	1.493405	0.910504	3.431618
MGYG000003702__gradient_L0_base_gapseq	1339	1510	421	bio1	0.000000	1.175188	0.057964
MGYG000003702__gradient_L1_inulin_gapseq	1339	1510	421	bio1	0.967491	1.100188	4.512222
MGYG000003702__gradient_L2_fos_gapseq	1339	1510	421	bio1	0.967491	1.196009	4.516094
MGYG000003702__gradient_L3_gos_gapseq	1339	1510	421	bio1	1.213279	1.196185	4.496954
MGYG000003702__gradient_L4_xos_gapseq	1339	1510	421	bio1	1.213279	1.123689	4.668840
MGYG000003702__gradient_L5_pectin_gapseq	1339	1510	421	bio1	1.213279	1.110250	4.514663
MGYG000003702__gradient_L6_resistant_starch_gapseq	1339	1510	421	bio1	1.745889	1.188650	4.497521
MGYG000003702__gradient_L7_bglucan_gapseq	1339	1510	421	bio1	1.924899	1.184591	4.493765
MGYG000003702__gradient_L8_hmo_gapseq	1339	1510	421	bio1	2.057499	1.120556	4.659599
MGYG000003702__gradient_L9_mos_gapseq	1339	1510	421	bio1	2.145899	1.124956	4.505668
MGYG000003703__gradient_L0_base_gapseq	1031	1180	318	bio1	0.399456	0.831653	2.951792
MGYG000003703__gradient_L1_inulin_gapseq	1031	1180	318	bio1	0.589678	0.930739	2.957902
MGYG000003703__gradient_L2_fos_gapseq	1031	1180	318	bio1	0.589678	0.833173	3.030050
MGYG000003703__gradient_L3_gos_gapseq	1031	1180	318	bio1	0.760877	0.838104	2.956540
MGYG000003703__gradient_L4_xos_gapseq	1031	1180	318	bio1	0.760877	0.898553	2.951663
MGYG000003703__gradient_L5_pectin_gapseq	1031	1180	318	bio1	0.760877	0.831946	3.000453
MGYG000003703__gradient_L6_resistant_starch_gapseq	1031	1180	318	bio1	1.159561	0.915100	2.961278
MGYG000003703__gradient_L7_bglucan_gapseq	1031	1180	318	bio1	1.159561	0.840626	3.036173
MGYG000003703__gradient_L8_hmo_gapseq	1031	1180	318	bio1	1.159561	0.834634	2.971400
MGYG000003703__gradient_L9_mos_gapseq	1031	1180	318	bio1	1.252887	0.827614	3.040856
MGYG000003707__gradient_L0_base_gapseq	1188	1302	314	bio1	0.366354	1.017279	3.506693
MGYG000003707__gradient_L1_inulin_gapseq	1188	1302	314	bio1	0.659446	0.970400	3.574679
MGYG000003707__gradient_L2_fos_gapseq	1188	1302	314	bio1	0.659446	0.940277	3.488995
MGYG000003707__gradient_L3_gos_gapseq	1188	1302	314	bio1	0.961697	0.992225	3.490092
MGYG000003707__gradient_L4_xos_gapseq	1188	1302	314	bio1	0.961697	0.925239	3.489324
MGYG000003707__gradient_L5_pectin_gapseq	1188	1302	314	bio1	0.961697	1.026845	3.512156
MGYG000003707__gradient_L6_resistant_starch_gapseq	1188	1302	314	bio1	1.585084	0.936272	3.558270
MGYG000003707__gradient_L7_bglucan_gapseq	1188	1302	314	bio1	1.585084	0.954358	3.504869
MGYG000003707__gradient_L8_hmo_gapseq	1188	1302	314	bio1	1.585084	0.986414	3.497288
MGYG000003707__gradient_L9_mos_gapseq	1188	1302	314	bio1	1.728979	0.901786	3.618909
MGYG000003713__gradient_L0_base_gapseq	1237	1337	324	bio1	0.365371	0.977964	3.834891
MGYG000003713__gradient_L1_inulin_gapseq	1237	1337	324	bio1	0.517820	1.034155	3.868788
MGYG000003713__gradient_L2_fos_gapseq	1237	1337	324	bio1	0.517820	0.965339	3.944590
MGYG000003713__gradient_L3_gos_gapseq	1237	1337	324	bio1	0.517820	0.988823	3.864980
MGYG000003713__gradient_L4_xos_gapseq	1237	1337	324	bio1	0.517820	1.088092	3.848139
MGYG000003713__gradient_L5_pectin_gapseq	1237	1337	324	bio1	0.517820	0.971968	3.941680
MGYG000003713__gradient_L6_resistant_starch_gapseq	1237	1337	324	bio1	0.517820	0.977148	3.846382
MGYG000003713__gradient_L7_bglucan_gapseq	1237	1337	324	bio1	0.517820	1.106591	3.848447
MGYG000003713__gradient_L8_hmo_gapseq	1237	1337	324	bio1	0.517820	0.961739	3.977079
MGYG000003713__gradient_L9_mos_gapseq	1237	1337	324	bio1	0.517820	0.960911	3.857512
MGYG000003715__gradient_L0_base_gapseq	1579	1803	547	bio1	1.134665	1.323466	6.380659
MGYG000003715__gradient_L1_inulin_gapseq	1579	1803	547	bio1	1.455421	1.415350	6.397265
MGYG000003715__gradient_L2_fos_gapseq	1579	1803	547	bio1	1.455421	1.438591	6.402563
MGYG000003715__gradient_L3_gos_gapseq	1579	1803	547	bio1	1.786201	1.411222	6.414371
MGYG000003715__gradient_L4_xos_gapseq	1579	1803	547	bio1	1.956603	1.418857	6.431204
MGYG000003715__gradient_L5_pectin_gapseq	1579	1803	547	bio1	1.956603	1.473043	6.422581
MGYG000003715__gradient_L6_resistant_starch_gapseq	1579	1803	547	bio1	2.647694	1.408008	6.441366
MGYG000003715__gradient_L7_bglucan_gapseq	1579	1803	547	bio1	2.875307	1.416877	6.452613
MGYG000003715__gradient_L8_hmo_gapseq	1579	1803	547	bio1	3.034830	1.449683	6.433668
MGYG000003715__gradient_L9_mos_gapseq	1579	1803	547	bio1	3.190463	1.417621	6.436127
MGYG000003721__gradient_L0_base_gapseq	1033	1068	213	bio1	0.000000	0.851665	0.032850
MGYG000003721__gradient_L1_inulin_gapseq	1033	1068	213	bio1	0.000000	0.820855	0.036408
MGYG000003721__gradient_L2_fos_gapseq	1033	1068	213	bio1	0.000000	0.765952	0.036214
MGYG000003721__gradient_L3_gos_gapseq	1033	1068	213	bio1	0.000000	0.857032	0.036652
MGYG000003721__gradient_L4_xos_gapseq	1033	1068	213	bio1	0.000000	0.770652	0.035480
MGYG000003721__gradient_L5_pectin_gapseq	1033	1068	213	bio1	0.000000	0.770796	0.035352
MGYG000003721__gradient_L6_resistant_starch_gapseq	1033	1068	213	bio1	0.000000	0.851276	0.035851
MGYG000003721__gradient_L7_bglucan_gapseq	1033	1068	213	bio1	0.000000	0.750186	0.037473
MGYG000003721__gradient_L8_hmo_gapseq	1033	1068	213	bio1	0.000000	0.778382	0.121865
MGYG000003721__gradient_L9_mos_gapseq	1033	1068	213	bio1	0.000000	0.766740	0.035547
MGYG000003735__gradient_L0_base_gapseq	1372	1370	287	bio1	0.000000	1.022124	0.042708
MGYG000003735__gradient_L1_inulin_gapseq	1372	1370	287	bio1	0.108967	1.152451	3.819196
MGYG000003735__gradient_L2_fos_gapseq	1372	1370	287	bio1	0.108967	1.035107	3.947354
MGYG000003735__gradient_L3_gos_gapseq	1372	1370	287	bio1	0.108967	0.989944	3.820506
MGYG000003735__gradient_L4_xos_gapseq	1372	1370	287	bio1	0.108967	1.108529	3.813235
MGYG000003735__gradient_L5_pectin_gapseq	1372	1370	287	bio1	0.108967	1.023267	3.922999
MGYG000003735__gradient_L6_resistant_starch_gapseq	1372	1370	287	bio1	0.108967	0.985576	3.824825
MGYG000003735__gradient_L7_bglucan_gapseq	1372	1370	287	bio1	0.108967	1.115616	3.819903
MGYG000003735__gradient_L8_hmo_gapseq	1372	1370	287	bio1	0.108967	1.082306	3.814312
MGYG000003735__gradient_L9_mos_gapseq	1372	1370	287	bio1	0.108967	1.043630	3.793807
MGYG000003737__gradient_L0_base_gapseq	978	1102	220	bio1	0.000000	0.763658	0.033285
MGYG000003737__gradient_L1_inulin_gapseq	978	1102	220	bio1	0.000000	0.768211	0.033253
MGYG000003737__gradient_L2_fos_gapseq	978	1102	220	bio1	0.000000	0.828195	0.033397
MGYG000003737__gradient_L3_gos_gapseq	978	1102	220	bio1	0.476730	0.782073	2.570395
MGYG000003737__gradient_L4_xos_gapseq	978	1102	220	bio1	0.563947	0.841964	2.578127
MGYG000003737__gradient_L5_pectin_gapseq	978	1102	220	bio1	0.563947	0.761418	2.590071
MGYG000003737__gradient_L6_resistant_starch_gapseq	978	1102	220	bio1	1.223515	0.833335	2.563737
MGYG000003737__gradient_L7_bglucan_gapseq	978	1102	220	bio1	1.448244	0.784712	2.581010
MGYG000003737__gradient_L8_hmo_gapseq	978	1102	220	bio1	1.448244	0.886238	2.599148
MGYG000003737__gradient_L9_mos_gapseq	978	1102	220	bio1	1.448244	0.766290	2.585238
MGYG000003739__gradient_L0_base_gapseq	1457	1748	389	bio1	0.490134	1.327618	5.990406
MGYG000003739__gradient_L1_inulin_gapseq	1457	1748	389	bio1	0.646980	1.325278	6.000049
MGYG000003739__gradient_L2_fos_gapseq	1457	1748	389	bio1	0.646980	1.285901	5.972526
MGYG000003739__gradient_L3_gos_gapseq	1457	1748	389	bio1	0.794023	1.290273	5.987779
MGYG000003739__gradient_L4_xos_gapseq	1457	1748	389	bio1	0.794023	1.214745	6.110203
MGYG000003739__gradient_L5_pectin_gapseq	1457	1748	389	bio1	0.794023	1.204305	6.107293
MGYG000003739__gradient_L6_resistant_starch_gapseq	1457	1748	389	bio1	1.117541	1.209083	6.020182
MGYG000003739__gradient_L7_bglucan_gapseq	1457	1748	389	bio1	1.117541	1.315484	6.065646
MGYG000003739__gradient_L8_hmo_gapseq	1457	1748	389	bio1	1.117541	1.287941	6.030973
MGYG000003739__gradient_L9_mos_gapseq	1457	1748	389	bio1	1.194447	1.324083	5.993748
MGYG000003742__gradient_L0_base_gapseq	1235	1394	292	bio1	0.000000	1.086766	0.048884
MGYG000003742__gradient_L1_inulin_gapseq	1235	1394	292	bio1	0.000000	0.992388	0.048827
MGYG000003742__gradient_L2_fos_gapseq	1235	1394	292	bio1	0.000000	1.037770	0.048859
MGYG000003742__gradient_L3_gos_gapseq	1235	1394	292	bio1	0.000000	0.981772	0.047503
MGYG000003742__gradient_L4_xos_gapseq	1235	1394	292	bio1	0.000000	1.038940	0.047513
MGYG000003742__gradient_L5_pectin_gapseq	1235	1394	292	bio1	0.000000	0.991060	0.047894
MGYG000003742__gradient_L6_resistant_starch_gapseq	1235	1394	292	bio1	0.000000	0.984751	0.141847
MGYG000003742__gradient_L7_bglucan_gapseq	1235	1394	292	bio1	0.000000	0.964486	0.047667
MGYG000003742__gradient_L8_hmo_gapseq	1235	1394	292	bio1	0.000000	0.953369	0.047447
MGYG000003742__gradient_L9_mos_gapseq	1235	1394	292	bio1	0.000000	1.093105	0.047721
MGYG000003773__gradient_L0_base_gapseq	1025	1160	301	bio1	0.000000	0.810159	0.043982
MGYG000003773__gradient_L1_inulin_gapseq	1025	1160	301	bio1	0.000000	0.925020	0.045427
MGYG000003773__gradient_L2_fos_gapseq	1025	1160	301	bio1	0.000000	0.819401	0.044481
MGYG000003773__gradient_L3_gos_gapseq	1025	1160	301	bio1	1.052089	0.820528	2.987775
MGYG000003773__gradient_L4_xos_gapseq	1025	1160	301	bio1	1.057839	0.828896	2.829975
MGYG000003773__gradient_L5_pectin_gapseq	1025	1160	301	bio1	1.057839	0.877939	2.900490
MGYG000003773__gradient_L6_resistant_starch_gapseq	1025	1160	301	bio1	1.696540	0.813860	2.814180
MGYG000003773__gradient_L7_bglucan_gapseq	1025	1160	301	bio1	1.916094	0.876809	2.829549
MGYG000003773__gradient_L8_hmo_gapseq	1025	1160	301	bio1	1.916094	0.818752	2.819767
MGYG000003773__gradient_L9_mos_gapseq	1025	1160	301	bio1	2.022544	0.911166	2.826464
MGYG000003788__gradient_L0_base_gapseq	1045	1094	276	bio1	0.415574	0.870901	2.402919
MGYG000003788__gradient_L1_inulin_gapseq	1045	1094	276	bio1	0.451909	0.797083	2.454572
MGYG000003788__gradient_L2_fos_gapseq	1045	1094	276	bio1	0.451909	0.810379	2.383568
MGYG000003788__gradient_L3_gos_gapseq	1045	1094	276	bio1	0.451909	0.789180	2.458611
MGYG000003788__gradient_L4_xos_gapseq	1045	1094	276	bio1	0.451909	0.796050	2.392486
MGYG000003788__gradient_L5_pectin_gapseq	1045	1094	276	bio1	0.451909	0.769227	2.457408
MGYG000003788__gradient_L6_resistant_starch_gapseq	1045	1094	276	bio1	0.488245	0.768817	2.390847
MGYG000003788__gradient_L7_bglucan_gapseq	1045	1094	276	bio1	0.488245	0.784426	2.463593
MGYG000003788__gradient_L8_hmo_gapseq	1045	1094	276	bio1	0.488245	0.780309	2.415952
MGYG000003788__gradient_L9_mos_gapseq	1045	1094	276	bio1	0.488245	0.784182	2.481731
MGYG000003792__gradient_L0_base_gapseq	1406	1545	372	bio1	0.000000	1.293306	0.061944
MGYG000003792__gradient_L1_inulin_gapseq	1406	1545	372	bio1	0.000000	1.187414	0.061346
MGYG000003792__gradient_L2_fos_gapseq	1406	1545	372	bio1	0.000000	1.278554	0.061415
MGYG000003792__gradient_L3_gos_gapseq	1406	1545	372	bio1	0.000000	1.171879	0.061215
MGYG000003792__gradient_L4_xos_gapseq	1406	1545	372	bio1	0.000000	1.301889	0.060575
MGYG000003792__gradient_L5_pectin_gapseq	1406	1545	372	bio1	0.000000	1.188782	0.061994
MGYG000003792__gradient_L6_resistant_starch_gapseq	1406	1545	372	bio1	0.000000	1.277860	0.060656
MGYG000003792__gradient_L7_bglucan_gapseq	1406	1545	372	bio1	0.000000	1.140206	0.061672
MGYG000003792__gradient_L8_hmo_gapseq	1406	1545	372	bio1	0.000000	1.329237	0.061030
MGYG000003792__gradient_L9_mos_gapseq	1406	1545	372	bio1	0.000000	1.287178	0.061097
MGYG000003802__gradient_L0_base_gapseq	1098	1106	225	bio1	0.000000	0.802846	0.032975
MGYG000003802__gradient_L1_inulin_gapseq	1098	1106	225	bio1	0.000000	0.863106	0.034608
MGYG000003802__gradient_L2_fos_gapseq	1098	1106	225	bio1	0.000000	0.789917	0.034202
MGYG000003802__gradient_L3_gos_gapseq	1098	1106	225	bio1	0.000000	0.822342	0.034025
MGYG000003802__gradient_L4_xos_gapseq	1098	1106	225	bio1	0.000000	0.881123	0.034386
MGYG000003802__gradient_L5_pectin_gapseq	1098	1106	225	bio1	0.000000	0.795448	0.033641
MGYG000003802__gradient_L6_resistant_starch_gapseq	1098	1106	225	bio1	0.000000	0.804419	0.033174
MGYG000003802__gradient_L7_bglucan_gapseq	1098	1106	225	bio1	0.000000	0.896146	0.033016
MGYG000003802__gradient_L8_hmo_gapseq	1098	1106	225	bio1	0.000000	0.797428	0.032795
MGYG000003802__gradient_L9_mos_gapseq	1098	1106	225	bio1	0.000000	0.803200	0.033137
MGYG000003813__gradient_L0_base_gapseq	1122	1203	239	bio1	0.000000	0.892663	0.041909
MGYG000003813__gradient_L1_inulin_gapseq	1122	1203	239	bio1	0.208359	0.865779	3.268756
MGYG000003813__gradient_L2_fos_gapseq	1122	1203	239	bio1	0.208359	0.858060	3.153334
MGYG000003813__gradient_L3_gos_gapseq	1122	1203	239	bio1	0.208359	0.874076	3.181754
MGYG000003813__gradient_L4_xos_gapseq	1122	1203	239	bio1	0.208359	0.859372	3.109156
MGYG000003813__gradient_L5_pectin_gapseq	1122	1203	239	bio1	0.208359	0.959223	3.107020
MGYG000003813__gradient_L6_resistant_starch_gapseq	1122	1203	239	bio1	0.322014	0.881921	3.104655
MGYG000003813__gradient_L7_bglucan_gapseq	1122	1203	239	bio1	0.322014	0.935975	3.113331
MGYG000003813__gradient_L8_hmo_gapseq	1122	1203	239	bio1	0.322014	0.884715	3.183258
MGYG000003813__gradient_L9_mos_gapseq	1122	1203	239	bio1	0.322014	0.874731	3.113100
MGYG000003826__gradient_L0_base_gapseq	1151	1214	256	bio1	0.000000	0.978096	0.040324
MGYG000003826__gradient_L1_inulin_gapseq	1151	1214	256	bio1	0.000000	0.886409	0.041957
MGYG000003826__gradient_L2_fos_gapseq	1151	1214	256	bio1	0.000000	0.989448	0.041233
MGYG000003826__gradient_L3_gos_gapseq	1151	1214	256	bio1	0.980439	0.881619	3.149520
MGYG000003826__gradient_L4_xos_gapseq	1151	1214	256	bio1	0.980439	1.019896	3.106006
MGYG000003826__gradient_L5_pectin_gapseq	1151	1214	256	bio1	0.980439	0.889638	3.109945
MGYG000003826__gradient_L6_resistant_starch_gapseq	1151	1214	256	bio1	1.643811	0.955367	3.128096
MGYG000003826__gradient_L7_bglucan_gapseq	1151	1214	256	bio1	1.876653	0.877792	3.188963
MGYG000003826__gradient_L8_hmo_gapseq	1151	1214	256	bio1	1.876653	0.887683	3.112018
MGYG000003826__gradient_L9_mos_gapseq	1151	1214	256	bio1	1.876653	0.951134	3.103907
MGYG000003829__gradient_L0_base_gapseq	1201	1279	217	bio1	0.000000	0.922399	0.046352
MGYG000003829__gradient_L1_inulin_gapseq	1201	1279	217	bio1	0.000000	0.942790	0.047429
MGYG000003829__gradient_L2_fos_gapseq	1201	1279	217	bio1	0.000000	0.984638	0.047585
MGYG000003829__gradient_L3_gos_gapseq	1201	1279	217	bio1	0.785801	0.898720	3.335167
MGYG000003829__gradient_L4_xos_gapseq	1201	1279	217	bio1	0.785803	0.983734	3.297352
MGYG000003829__gradient_L5_pectin_gapseq	1201	1279	217	bio1	0.785803	0.918164	3.387772
MGYG000003829__gradient_L6_resistant_starch_gapseq	1201	1279	217	bio1	1.411364	0.922329	3.303944
MGYG000003829__gradient_L7_bglucan_gapseq	1201	1279	217	bio1	1.411364	0.986181	3.305104
MGYG000003829__gradient_L8_hmo_gapseq	1201	1279	217	bio1	1.411364	0.917580	3.287204
MGYG000003829__gradient_L9_mos_gapseq	1201	1279	217	bio1	1.546955	1.002392	3.311780
MGYG000003832__gradient_L0_base_gapseq	652	638	78	bio1	0.000000	0.423154	0.016757
MGYG000003832__gradient_L1_inulin_gapseq	652	638	78	bio1	0.000000	0.413716	0.016375
MGYG000003832__gradient_L2_fos_gapseq	652	638	78	bio1	0.000000	0.534257	0.017256
MGYG000003832__gradient_L3_gos_gapseq	652	638	78	bio1	0.000000	0.422747	0.016555
MGYG000003832__gradient_L4_xos_gapseq	652	638	78	bio1	0.000000	0.435992	0.016514
MGYG000003832__gradient_L5_pectin_gapseq	652	638	78	bio1	0.000000	0.443859	0.016594
MGYG000003832__gradient_L6_resistant_starch_gapseq	652	638	78	bio1	0.000000	0.423644	0.017438
MGYG000003832__gradient_L7_bglucan_gapseq	652	638	78	bio1	0.000000	0.498410	0.016723
MGYG000003832__gradient_L8_hmo_gapseq	652	638	78	bio1	0.000000	0.424995	0.017364
MGYG000003832__gradient_L9_mos_gapseq	652	638	78	bio1	0.000000	0.420567	0.017406
MGYG000003836__gradient_L0_base_gapseq	1231	1278	316	bio1	0.215065	0.956640	3.460241
MGYG000003836__gradient_L1_inulin_gapseq	1231	1278	316	bio1	0.273722	0.957880	3.363894
MGYG000003836__gradient_L2_fos_gapseq	1231	1278	316	bio1	0.273722	0.995399	3.374273
MGYG000003836__gradient_L3_gos_gapseq	1231	1278	316	bio1	0.273722	0.956008	3.449824
MGYG000003836__gradient_L4_xos_gapseq	1231	1278	316	bio1	0.273722	0.929788	3.379692
MGYG000003836__gradient_L5_pectin_gapseq	1231	1278	316	bio1	0.273722	1.016682	3.375828
MGYG000003836__gradient_L6_resistant_starch_gapseq	1231	1278	316	bio1	0.303051	0.942160	3.331803
MGYG000003836__gradient_L7_bglucan_gapseq	1231	1278	316	bio1	0.303051	1.039949	3.364126
MGYG000003836__gradient_L8_hmo_gapseq	1231	1278	316	bio1	0.303051	0.960421	3.431988
MGYG000003836__gradient_L9_mos_gapseq	1231	1278	316	bio1	0.303051	0.927512	3.352085
MGYG000003838__gradient_L0_base_gapseq	1361	1524	346	bio1	0.000000	1.109260	0.055909
MGYG000003838__gradient_L1_inulin_gapseq	1361	1524	346	bio1	0.000000	1.196287	0.055278
MGYG000003838__gradient_L2_fos_gapseq	1361	1524	346	bio1	0.000000	1.117430	0.056070
MGYG000003838__gradient_L3_gos_gapseq	1361	1524	346	bio1	0.412626	1.234507	4.811480
MGYG000003838__gradient_L4_xos_gapseq	1361	1524	346	bio1	0.492221	1.183741	4.838434
MGYG000003838__gradient_L5_pectin_gapseq	1361	1524	346	bio1	0.492221	1.241738	4.813228
MGYG000003838__gradient_L6_resistant_starch_gapseq	1361	1524	346	bio1	1.186485	1.110829	4.924904
MGYG000003838__gradient_L7_bglucan_gapseq	1361	1524	346	bio1	1.427492	1.130718	4.847041
MGYG000003838__gradient_L8_hmo_gapseq	1361	1524	346	bio1	1.427492	1.158764	4.838959
MGYG000003838__gradient_L9_mos_gapseq	1361	1524	346	bio1	1.427492	1.179047	4.804308
MGYG000003842__gradient_L0_base_gapseq	1218	1323	274	bio1	0.000000	0.944258	0.048624
MGYG000003842__gradient_L1_inulin_gapseq	1218	1323	274	bio1	0.000000	1.021806	0.048389
MGYG000003842__gradient_L2_fos_gapseq	1218	1323	274	bio1	0.000000	0.939733	0.048855
MGYG000003842__gradient_L3_gos_gapseq	1218	1323	274	bio1	0.000000	1.051472	0.048963
MGYG000003842__gradient_L4_xos_gapseq	1218	1323	274	bio1	0.000000	0.925097	0.050052
MGYG000003842__gradient_L5_pectin_gapseq	1218	1323	274	bio1	0.000000	1.049305	0.048000
MGYG000003842__gradient_L6_resistant_starch_gapseq	1218	1323	274	bio1	0.000000	0.949278	0.048976
MGYG000003842__gradient_L7_bglucan_gapseq	1218	1323	274	bio1	0.000000	0.959895	0.049467
MGYG000003842__gradient_L8_hmo_gapseq	1218	1323	274	bio1	0.000000	1.013393	0.048793
MGYG000003842__gradient_L9_mos_gapseq	1218	1323	274	bio1	0.000000	0.953341	0.049697
MGYG000003847__gradient_L0_base_gapseq	1159	1299	322	bio1	0.755645	1.004459	3.465945
MGYG000003847__gradient_L1_inulin_gapseq	1159	1299	322	bio1	1.047669	0.936902	3.541103
MGYG000003847__gradient_L2_fos_gapseq	1159	1299	322	bio1	1.047669	0.934438	3.469016
MGYG000003847__gradient_L3_gos_gapseq	1159	1299	322	bio1	1.340044	1.013618	3.464373
MGYG000003847__gradient_L4_xos_gapseq	1159	1299	322	bio1	1.340044	0.915046	3.467314
MGYG000003847__gradient_L5_pectin_gapseq	1159	1299	322	bio1	1.340044	0.995993	3.466639
MGYG000003847__gradient_L6_resistant_starch_gapseq	1159	1299	322	bio1	1.953589	0.939435	3.578184
MGYG000003847__gradient_L7_bglucan_gapseq	1159	1299	322	bio1	1.953589	0.916760	3.463376
MGYG000003847__gradient_L8_hmo_gapseq	1159	1299	322	bio1	1.953589	0.987490	3.483889
MGYG000003847__gradient_L9_mos_gapseq	1159	1299	322	bio1	2.095347	0.909070	3.548312
MGYG000003849__gradient_L0_base_gapseq	933	1049	189	bio1	0.000000	0.820874	0.030334
MGYG000003849__gradient_L1_inulin_gapseq	933	1049	189	bio1	0.142858	0.750276	2.279502
MGYG000003849__gradient_L2_fos_gapseq	933	1049	189	bio1	0.142858	0.769135	2.381640
MGYG000003849__gradient_L3_gos_gapseq	933	1049	189	bio1	0.437524	0.717639	2.267000
MGYG000003849__gradient_L4_xos_gapseq	933	1049	189	bio1	0.437524	0.706128	2.349182
MGYG000003849__gradient_L5_pectin_gapseq	933	1049	189	bio1	0.437524	0.704767	2.281877
MGYG000003849__gradient_L6_resistant_starch_gapseq	933	1049	189	bio1	0.994383	0.714993	2.352926
MGYG000003849__gradient_L7_bglucan_gapseq	933	1049	189	bio1	0.994383	0.716503	2.317000
MGYG000003849__gradient_L8_hmo_gapseq	933	1049	189	bio1	0.994383	0.728073	2.348646
MGYG000003849__gradient_L9_mos_gapseq	933	1049	189	bio1	0.994383	0.722743	2.265011
MGYG000003852__gradient_L0_base_gapseq	1286	1354	305	bio1	0.193207	1.034999	3.611662
MGYG000003852__gradient_L1_inulin_gapseq	1286	1354	305	bio1	0.307355	0.991301	3.601129
MGYG000003852__gradient_L2_fos_gapseq	1286	1354	305	bio1	0.307355	1.060336	3.594172
MGYG000003852__gradient_L3_gos_gapseq	1286	1354	305	bio1	0.307355	1.071367	3.602503
MGYG000003852__gradient_L4_xos_gapseq	1286	1354	305	bio1	0.307355	0.986564	3.602222
MGYG000003852__gradient_L5_pectin_gapseq	1286	1354	305	bio1	0.307355	1.090882	3.633520
MGYG000003852__gradient_L6_resistant_starch_gapseq	1286	1354	305	bio1	0.390928	1.061305	3.603604
MGYG000003852__gradient_L7_bglucan_gapseq	1286	1354	305	bio1	0.390928	0.991992	3.703255
MGYG000003852__gradient_L8_hmo_gapseq	1286	1354	305	bio1	0.390928	0.999547	3.647486
MGYG000003852__gradient_L9_mos_gapseq	1286	1354	305	bio1	0.390928	1.095999	3.611879
MGYG000003858__gradient_L0_base_gapseq	1251	1411	318	bio1	0.000000	1.104510	0.053083
MGYG000003858__gradient_L1_inulin_gapseq	1251	1411	318	bio1	0.000000	0.985560	0.053019
MGYG000003858__gradient_L2_fos_gapseq	1251	1411	318	bio1	0.000000	1.105138	0.053009
MGYG000003858__gradient_L3_gos_gapseq	1251	1411	318	bio1	0.000000	1.030061	0.053942
MGYG000003858__gradient_L4_xos_gapseq	1251	1411	318	bio1	0.543025	1.092713	4.029002
MGYG000003858__gradient_L5_pectin_gapseq	1251	1411	318	bio1	0.543025	1.023975	4.158411
MGYG000003858__gradient_L6_resistant_starch_gapseq	1251	1411	318	bio1	1.026131	1.035023	4.042118
MGYG000003858__gradient_L7_bglucan_gapseq	1251	1411	318	bio1	1.184528	1.090850	4.041101
MGYG000003858__gradient_L8_hmo_gapseq	1251	1411	318	bio1	1.184528	1.037283	4.172363
MGYG000003858__gradient_L9_mos_gapseq	1251	1411	318	bio1	1.257988	1.010993	4.024022
MGYG000003859__gradient_L0_base_gapseq	973	982	145	bio1	0.098423	0.678951	2.128883
MGYG000003859__gradient_L1_inulin_gapseq	973	982	145	bio1	0.239462	0.880047	2.106035
MGYG000003859__gradient_L2_fos_gapseq	973	982	145	bio1	0.239462	0.702777	2.108493
MGYG000003859__gradient_L3_gos_gapseq	973	982	145	bio1	0.239462	0.775396	2.104491
MGYG000003859__gradient_L4_xos_gapseq	973	982	145	bio1	0.239462	0.730863	2.097935
MGYG000003859__gradient_L5_pectin_gapseq	973	982	145	bio1	0.239462	0.680920	2.186945
MGYG000003859__gradient_L6_resistant_starch_gapseq	973	982	145	bio1	0.572226	0.692108	2.127418
MGYG000003859__gradient_L7_bglucan_gapseq	973	982	145	bio1	0.572226	0.758837	2.206189
MGYG000003859__gradient_L8_hmo_gapseq	973	982	145	bio1	0.572226	0.699110	2.119315
MGYG000003859__gradient_L9_mos_gapseq	973	982	145	bio1	0.572226	0.679506	2.112978
MGYG000003867__gradient_L0_base_gapseq	1444	1655	395	bio1	0.000000	1.189535	0.068107
MGYG000003867__gradient_L1_inulin_gapseq	1444	1655	395	bio1	0.000000	1.297468	0.070726
MGYG000003867__gradient_L2_fos_gapseq	1444	1655	395	bio1	0.000000	1.211137	0.070927
MGYG000003867__gradient_L3_gos_gapseq	1444	1655	395	bio1	0.820547	1.325288	5.461175
MGYG000003867__gradient_L4_xos_gapseq	1444	1655	395	bio1	0.820547	1.331114	5.501009
MGYG000003867__gradient_L5_pectin_gapseq	1444	1655	395	bio1	0.820547	1.231154	5.630587
MGYG000003867__gradient_L6_resistant_starch_gapseq	1444	1655	395	bio1	1.535433	1.248053	5.569905
MGYG000003867__gradient_L7_bglucan_gapseq	1444	1655	395	bio1	1.776894	1.245132	5.589068
MGYG000003867__gradient_L8_hmo_gapseq	1444	1655	395	bio1	1.958505	1.266051	5.479123
MGYG000003867__gradient_L9_mos_gapseq	1444	1655	395	bio1	2.090586	1.287454	5.473431
MGYG000003873__gradient_L0_base_gapseq	1158	1322	315	bio1	0.761896	1.013848	3.663748
MGYG000003873__gradient_L1_inulin_gapseq	1158	1322	315	bio1	1.061624	0.948596	3.723535
MGYG000003873__gradient_L2_fos_gapseq	1158	1322	315	bio1	1.061624	0.971041	3.655742
MGYG000003873__gradient_L3_gos_gapseq	1158	1322	315	bio1	1.366267	1.005998	3.649303
MGYG000003873__gradient_L4_xos_gapseq	1158	1322	315	bio1	1.366267	0.923125	3.733221
MGYG000003873__gradient_L5_pectin_gapseq	1158	1322	315	bio1	1.366267	0.919020	3.648805
MGYG000003873__gradient_L6_resistant_starch_gapseq	1158	1322	315	bio1	2.005555	1.003004	3.648518
MGYG000003873__gradient_L7_bglucan_gapseq	1158	1322	315	bio1	2.005555	0.939302	3.708601
MGYG000003873__gradient_L8_hmo_gapseq	1158	1322	315	bio1	2.005555	0.963028	3.668858
MGYG000003873__gradient_L9_mos_gapseq	1158	1322	315	bio1	2.153261	1.004722	3.675246
MGYG000003876__gradient_L0_base_gapseq	1441	1576	407	bio1	1.305326	1.238810	4.934796
MGYG000003876__gradient_L1_inulin_gapseq	1441	1576	407	bio1	1.470559	1.276103	4.952700
MGYG000003876__gradient_L2_fos_gapseq	1441	1576	407	bio1	1.470559	1.230588	4.969570
MGYG000003876__gradient_L3_gos_gapseq	1441	1576	407	bio1	1.569698	1.194335	5.027732
MGYG000003876__gradient_L4_xos_gapseq	1441	1576	407	bio1	1.569698	1.241238	5.021953
MGYG000003876__gradient_L5_pectin_gapseq	1441	1576	407	bio1	1.569698	1.231611	4.982837
MGYG000003876__gradient_L6_resistant_starch_gapseq	1441	1576	407	bio1	2.290524	1.286836	4.930164
MGYG000003876__gradient_L7_bglucan_gapseq	1441	1576	407	bio1	2.290524	1.297131	4.931197
MGYG000003876__gradient_L8_hmo_gapseq	1441	1576	407	bio1	2.290524	1.194170	5.029608
MGYG000003876__gradient_L9_mos_gapseq	1441	1576	407	bio1	2.422710	1.200134	5.014545
MGYG000003878__gradient_L0_base_gapseq	1236	1402	315	bio1	0.000000	0.975512	0.052122
MGYG000003878__gradient_L1_inulin_gapseq	1236	1402	315	bio1	0.000000	1.052548	0.052712
MGYG000003878__gradient_L2_fos_gapseq	1236	1402	315	bio1	0.000000	0.971178	0.051958
MGYG000003878__gradient_L3_gos_gapseq	1236	1402	315	bio1	0.000000	1.083172	0.052317
MGYG000003878__gradient_L4_xos_gapseq	1236	1402	315	bio1	0.000000	1.005427	0.052989
MGYG000003878__gradient_L5_pectin_gapseq	1236	1402	315	bio1	0.000000	1.079986	0.052418
MGYG000003878__gradient_L6_resistant_starch_gapseq	1236	1402	315	bio1	0.000000	0.977724	0.053033
MGYG000003878__gradient_L7_bglucan_gapseq	1236	1402	315	bio1	0.000000	1.001833	0.053055
MGYG000003878__gradient_L8_hmo_gapseq	1236	1402	315	bio1	0.000000	1.110523	0.054025
MGYG000003878__gradient_L9_mos_gapseq	1236	1402	315	bio1	0.000000	0.959722	0.053984
MGYG000003883__gradient_L0_base_gapseq	2232	2773	1128	bio1	0.000000	2.136703	0.161922
MGYG000003883__gradient_L1_inulin_gapseq	2232	2773	1128	bio1	0.000000	2.148700	0.162151
MGYG000003883__gradient_L2_fos_gapseq	2232	2773	1128	bio1	0.000000	2.191876	0.160554
MGYG000003883__gradient_L3_gos_gapseq	2232	2773	1128	bio1	0.000000	2.224753	0.167513
MGYG000003883__gradient_L4_xos_gapseq	2232	2773	1128	bio1	0.000000	2.215559	0.296818
MGYG000003883__gradient_L5_pectin_gapseq	2232	2773	1128	bio1	0.000000	2.026109	0.312809
MGYG000003883__gradient_L6_resistant_starch_gapseq	2232	2773	1128	bio1	3.033649	2.103748	14.703067
MGYG000003883__gradient_L7_bglucan_gapseq	2232	2773	1128	bio1	3.195793	2.157353	14.545471
MGYG000003883__gradient_L8_hmo_gapseq	2232	2773	1128	bio1	3.195793	2.154235	14.556418
MGYG000003883__gradient_L9_mos_gapseq	2232	2773	1128	bio1	3.195793	2.123067	14.410526
MGYG000003885__gradient_L0_base_gapseq	1160	1292	296	bio1	0.768693	0.980802	3.404134
MGYG000003885__gradient_L1_inulin_gapseq	1160	1292	296	bio1	1.055038	0.916699	3.433718
MGYG000003885__gradient_L2_fos_gapseq	1160	1292	296	bio1	1.055038	0.999709	3.431915
MGYG000003885__gradient_L3_gos_gapseq	1160	1292	296	bio1	1.342186	0.928517	3.499787
MGYG000003885__gradient_L4_xos_gapseq	1160	1292	296	bio1	1.342186	0.898124	3.416177
MGYG000003885__gradient_L5_pectin_gapseq	1160	1292	296	bio1	1.342186	1.000968	3.419716
MGYG000003885__gradient_L6_resistant_starch_gapseq	1160	1292	296	bio1	1.944760	0.917831	3.506406
MGYG000003885__gradient_L7_bglucan_gapseq	1160	1292	296	bio1	1.944760	0.914251	3.427043
MGYG000003885__gradient_L8_hmo_gapseq	1160	1292	296	bio1	1.944760	1.002905	3.418618
MGYG000003885__gradient_L9_mos_gapseq	1160	1292	296	bio1	2.083983	0.935724	3.415467
MGYG000003892__gradient_L0_base_gapseq	1360	1565	437	bio1	0.000000	1.146686	0.059868
MGYG000003892__gradient_L1_inulin_gapseq	1360	1565	437	bio1	0.000000	1.223793	0.063328
MGYG000003892__gradient_L2_fos_gapseq	1360	1565	437	bio1	0.000000	1.156531	0.141110
MGYG000003892__gradient_L3_gos_gapseq	1360	1565	437	bio1	0.000000	1.154601	0.067168
MGYG000003892__gradient_L4_xos_gapseq	1360	1565	437	bio1	0.000000	1.188615	0.068597
MGYG000003892__gradient_L5_pectin_gapseq	1360	1565	437	bio1	0.000000	1.211181	0.066147
MGYG000003892__gradient_L6_resistant_starch_gapseq	1360	1565	437	bio1	0.000000	1.232353	0.065927
MGYG000003892__gradient_L7_bglucan_gapseq	1360	1565	437	bio1	0.000000	1.112890	0.066704
MGYG000003892__gradient_L8_hmo_gapseq	1360	1565	437	bio1	0.000000	1.251052	0.065909
MGYG000003892__gradient_L9_mos_gapseq	1360	1565	437	bio1	0.000000	1.131857	0.067222
MGYG000003894__gradient_L0_base_gapseq	1130	1246	293	bio1	0.000000	0.997112	0.038178
MGYG000003894__gradient_L1_inulin_gapseq	1130	1246	293	bio1	0.684199	0.891909	3.300826
MGYG000003894__gradient_L2_fos_gapseq	1130	1246	293	bio1	0.684199	1.009821	3.291480
MGYG000003894__gradient_L3_gos_gapseq	1130	1246	293	bio1	0.915481	0.859495	3.308482
MGYG000003894__gradient_L4_xos_gapseq	1130	1246	293	bio1	0.915481	0.991787	3.305030
MGYG000003894__gradient_L5_pectin_gapseq	1130	1246	293	bio1	0.915481	0.872713	3.436838
MGYG000003894__gradient_L6_resistant_starch_gapseq	1130	1246	293	bio1	1.398323	0.900392	3.319401
MGYG000003894__gradient_L7_bglucan_gapseq	1130	1246	293	bio1	1.398323	0.953125	3.309418
MGYG000003894__gradient_L8_hmo_gapseq	1130	1246	293	bio1	1.398323	0.903552	3.405193
MGYG000003894__gradient_L9_mos_gapseq	1130	1246	293	bio1	1.510752	0.890413	3.315539
MGYG000003899__gradient_L0_base_gapseq	1307	1463	356	bio1	0.000000	1.028600	0.063899
MGYG000003899__gradient_L1_inulin_gapseq	1307	1463	356	bio1	0.000000	1.094893	0.062597
MGYG000003899__gradient_L2_fos_gapseq	1307	1463	356	bio1	0.000000	1.094613	0.063161
MGYG000003899__gradient_L3_gos_gapseq	1307	1463	356	bio1	0.000000	1.052656	0.166512
MGYG000003899__gradient_L4_xos_gapseq	1307	1463	356	bio1	0.000000	1.064111	0.064526
MGYG000003899__gradient_L5_pectin_gapseq	1307	1463	356	bio1	0.000000	1.063203	0.064117
MGYG000003899__gradient_L6_resistant_starch_gapseq	1307	1463	356	bio1	0.000000	1.165641	0.064957
MGYG000003899__gradient_L7_bglucan_gapseq	1307	1463	356	bio1	0.000000	1.080176	0.066219
MGYG000003899__gradient_L8_hmo_gapseq	1307	1463	356	bio1	0.000000	1.165123	0.063463
MGYG000003899__gradient_L9_mos_gapseq	1307	1463	356	bio1	0.000000	1.087805	0.063930
MGYG000003906__gradient_L0_base_gapseq	1161	1246	297	bio1	0.399932	0.976170	3.227919
MGYG000003906__gradient_L1_inulin_gapseq	1161	1246	297	bio1	0.590381	0.903932	3.291231
MGYG000003906__gradient_L2_fos_gapseq	1161	1246	297	bio1	0.590381	0.880900	3.257061
MGYG000003906__gradient_L3_gos_gapseq	1161	1246	297	bio1	0.761785	0.964937	3.227209
MGYG000003906__gradient_L4_xos_gapseq	1161	1246	297	bio1	0.761785	0.901284	3.311049
MGYG000003906__gradient_L5_pectin_gapseq	1161	1246	297	bio1	0.761785	0.901494	3.223767
MGYG000003906__gradient_L6_resistant_starch_gapseq	1161	1246	297	bio1	1.158058	0.908264	3.289255
MGYG000003906__gradient_L7_bglucan_gapseq	1161	1246	297	bio1	1.158058	0.915146	3.225736
MGYG000003906__gradient_L8_hmo_gapseq	1161	1246	297	bio1	1.158058	0.984817	3.222735
MGYG000003906__gradient_L9_mos_gapseq	1161	1246	297	bio1	1.249726	0.890953	3.318225
MGYG000003925__gradient_L0_base_gapseq	1328	1528	399	bio1	0.202814	1.208071	4.773935
MGYG000003925__gradient_L1_inulin_gapseq	1328	1528	399	bio1	0.308145	1.187773	4.719853
MGYG000003925__gradient_L2_fos_gapseq	1328	1528	399	bio1	0.308145	1.105746	4.834844
MGYG000003925__gradient_L3_gos_gapseq	1328	1528	399	bio1	0.509872	1.097876	4.827124
MGYG000003925__gradient_L4_xos_gapseq	1328	1528	399	bio1	0.585109	1.096823	4.722512
MGYG000003925__gradient_L5_pectin_gapseq	1328	1528	399	bio1	0.618025	1.183500	4.718405
MGYG000003925__gradient_L6_resistant_starch_gapseq	1328	1528	399	bio1	1.027899	1.177593	4.804966
MGYG000003925__gradient_L7_bglucan_gapseq	1328	1528	399	bio1	1.176039	1.099788	4.854359
MGYG000003925__gradient_L8_hmo_gapseq	1328	1528	399	bio1	1.176039	1.070759	4.741593
MGYG000003925__gradient_L9_mos_gapseq	1328	1528	399	bio1	1.242495	1.207846	4.699294
MGYG000003927__gradient_L0_base_gapseq	1242	1374	296	bio1	0.000000	1.070232	0.043455
MGYG000003927__gradient_L1_inulin_gapseq	1242	1374	296	bio1	0.137570	1.016239	3.925854
MGYG000003927__gradient_L2_fos_gapseq	1242	1374	296	bio1	0.137570	1.075335	3.916539
MGYG000003927__gradient_L3_gos_gapseq	1242	1374	296	bio1	0.137570	0.983588	4.013711
MGYG000003927__gradient_L4_xos_gapseq	1242	1374	296	bio1	0.137570	1.001135	3.912430
MGYG000003927__gradient_L5_pectin_gapseq	1242	1374	296	bio1	0.137570	1.069258	3.928783
MGYG000003927__gradient_L6_resistant_starch_gapseq	1242	1374	296	bio1	0.415102	0.994392	3.987607
MGYG000003927__gradient_L7_bglucan_gapseq	1242	1374	296	bio1	0.508332	1.012973	3.889977
MGYG000003927__gradient_L8_hmo_gapseq	1242	1374	296	bio1	0.508332	1.030197	3.935373
MGYG000003927__gradient_L9_mos_gapseq	1242	1374	296	bio1	0.508332	1.001298	3.989448
MGYG000003937__gradient_L0_base_gapseq	1248	1428	377	bio1	0.000000	1.033354	0.052474
MGYG000003937__gradient_L1_inulin_gapseq	1248	1428	377	bio1	0.000000	1.147916	0.053063
MGYG000003937__gradient_L2_fos_gapseq	1248	1428	377	bio1	0.000000	1.024278	0.053507
MGYG000003937__gradient_L3_gos_gapseq	1248	1428	377	bio1	0.000000	1.124142	0.057313
MGYG000003937__gradient_L4_xos_gapseq	1248	1428	377	bio1	0.000000	1.058750	0.056482
MGYG000003937__gradient_L5_pectin_gapseq	1248	1428	377	bio1	0.000000	1.126658	0.056887
MGYG000003937__gradient_L6_resistant_starch_gapseq	1248	1428	377	bio1	0.000000	1.053566	0.057835
MGYG000003937__gradient_L7_bglucan_gapseq	1248	1428	377	bio1	0.000000	1.206415	0.057819
MGYG000003937__gradient_L8_hmo_gapseq	1248	1428	377	bio1	0.000000	1.052223	0.056483
MGYG000003937__gradient_L9_mos_gapseq	1248	1428	377	bio1	0.000000	1.169766	0.056151
MGYG000003938__gradient_L0_base_gapseq	1072	1202	307	bio1	0.225970	0.870012	3.025045
MGYG000003938__gradient_L1_inulin_gapseq	1072	1202	307	bio1	0.225970	0.861441	3.077081
MGYG000003938__gradient_L2_fos_gapseq	1072	1202	307	bio1	0.225970	0.844549	2.991946
MGYG000003938__gradient_L3_gos_gapseq	1072	1202	307	bio1	0.225970	0.918856	3.011545
MGYG000003938__gradient_L4_xos_gapseq	1072	1202	307	bio1	0.225970	0.851517	2.991497
MGYG000003938__gradient_L5_pectin_gapseq	1072	1202	307	bio1	0.225970	0.932174	2.993387
MGYG000003938__gradient_L6_resistant_starch_gapseq	1072	1202	307	bio1	0.225970	0.848648	3.075375
MGYG000003938__gradient_L7_bglucan_gapseq	1072	1202	307	bio1	0.225970	0.843281	3.041137
MGYG000003938__gradient_L8_hmo_gapseq	1072	1202	307	bio1	0.225970	0.918410	2.991811
MGYG000003938__gradient_L9_mos_gapseq	1072	1202	307	bio1	0.225970	0.855259	3.005462
MGYG000003939__gradient_L0_base_gapseq	738	707	104	bio1	0.000000	0.480338	0.017273
MGYG000003939__gradient_L1_inulin_gapseq	738	707	104	bio1	0.000000	0.481415	0.019940
MGYG000003939__gradient_L2_fos_gapseq	738	707	104	bio1	0.000000	0.520372	0.020437
MGYG000003939__gradient_L3_gos_gapseq	738	707	104	bio1	0.000000	0.661444	0.020544
MGYG000003939__gradient_L4_xos_gapseq	738	707	104	bio1	0.000000	0.487504	0.020172
MGYG000003939__gradient_L5_pectin_gapseq	738	707	104	bio1	0.000000	0.486122	0.019744
MGYG000003939__gradient_L6_resistant_starch_gapseq	738	707	104	bio1	0.000000	0.496609	0.019958
MGYG000003939__gradient_L7_bglucan_gapseq	738	707	104	bio1	0.000000	0.489932	0.020299
MGYG000003939__gradient_L8_hmo_gapseq	738	707	104	bio1	0.000000	0.609967	0.020003
MGYG000003939__gradient_L9_mos_gapseq	738	707	104	bio1	0.000000	0.488026	0.021195
MGYG000003945__gradient_L0_base_gapseq	1094	1182	251	bio1	0.000000	0.855251	0.042120
MGYG000003945__gradient_L1_inulin_gapseq	1094	1182	251	bio1	0.000000	0.959394	0.040415
MGYG000003945__gradient_L2_fos_gapseq	1094	1182	251	bio1	0.000000	0.865212	0.041441
MGYG000003945__gradient_L3_gos_gapseq	1094	1182	251	bio1	1.389698	0.850972	3.097657
MGYG000003945__gradient_L4_xos_gapseq	1094	1182	251	bio1	1.470569	0.853593	2.857852
MGYG000003945__gradient_L5_pectin_gapseq	1094	1182	251	bio1	1.470569	0.920791	2.854357
MGYG000003945__gradient_L6_resistant_starch_gapseq	1094	1182	251	bio1	2.217564	0.841551	2.909443
MGYG000003945__gradient_L7_bglucan_gapseq	1094	1182	251	bio1	2.217564	0.937448	2.902514
MGYG000003945__gradient_L8_hmo_gapseq	1094	1182	251	bio1	2.217564	0.873047	2.950874
MGYG000003945__gradient_L9_mos_gapseq	1094	1182	251	bio1	2.217564	0.856164	2.863991
MGYG000003956__gradient_L0_base_gapseq	832	875	161	bio1	0.000000	0.612110	0.023108
MGYG000003956__gradient_L1_inulin_gapseq	832	875	161	bio1	0.000000	0.685874	0.024648
MGYG000003956__gradient_L2_fos_gapseq	832	875	161	bio1	0.000000	0.592587	0.024584
MGYG000003956__gradient_L3_gos_gapseq	832	875	161	bio1	0.580562	0.605038	1.707798
MGYG000003956__gradient_L4_xos_gapseq	832	875	161	bio1	0.580562	0.699737	1.675131
MGYG000003956__gradient_L5_pectin_gapseq	832	875	161	bio1	0.580562	0.609111	1.663967
MGYG000003956__gradient_L6_resistant_starch_gapseq	832	875	161	bio1	1.190100	0.653095	1.749020
MGYG000003956__gradient_L7_bglucan_gapseq	832	875	161	bio1	1.190100	0.612005	1.670488
MGYG000003956__gradient_L8_hmo_gapseq	832	875	161	bio1	1.190100	0.609989	1.681584
MGYG000003956__gradient_L9_mos_gapseq	832	875	161	bio1	1.293401	0.653813	1.683092
MGYG000003957__gradient_L0_base_gapseq	1586	1866	529	bio1	0.000000	1.349937	0.083248
MGYG000003957__gradient_L1_inulin_gapseq	1586	1866	529	bio1	0.000000	1.410988	0.088328
MGYG000003957__gradient_L2_fos_gapseq	1586	1866	529	bio1	0.000000	1.485151	0.088241
MGYG000003957__gradient_L3_gos_gapseq	1586	1866	529	bio1	2.205325	1.315705	7.131195
MGYG000003957__gradient_L4_xos_gapseq	1586	1866	529	bio1	2.397110	1.316583	7.027208
MGYG000003957__gradient_L5_pectin_gapseq	1586	1866	529	bio1	2.456971	1.365227	6.946172
MGYG000003957__gradient_L6_resistant_starch_gapseq	1586	1866	529	bio1	3.145378	1.460954	6.964826
MGYG000003957__gradient_L7_bglucan_gapseq	1586	1866	529	bio1	3.145378	1.431522	6.969347
MGYG000003957__gradient_L8_hmo_gapseq	1586	1866	529	bio1	3.145378	1.419410	7.014404
MGYG000003957__gradient_L9_mos_gapseq	1586	1866	529	bio1	3.295288	1.448750	6.982886
MGYG000003958__gradient_L0_base_gapseq	1207	1336	294	bio1	0.000000	1.036999	0.046384
MGYG000003958__gradient_L1_inulin_gapseq	1207	1336	294	bio1	0.000000	0.937371	0.050031
MGYG000003958__gradient_L2_fos_gapseq	1207	1336	294	bio1	0.000000	1.017041	0.049572
MGYG000003958__gradient_L3_gos_gapseq	1207	1336	294	bio1	0.427265	0.920728	3.645472
MGYG000003958__gradient_L4_xos_gapseq	1207	1336	294	bio1	0.439591	1.019749	3.658641
MGYG000003958__gradient_L5_pectin_gapseq	1207	1336	294	bio1	0.439591	0.941190	3.738570
MGYG000003958__gradient_L6_resistant_starch_gapseq	1207	1336	294	bio1	0.538193	0.949088	3.649576
MGYG000003958__gradient_L7_bglucan_gapseq	1207	1336	294	bio1	0.538193	1.020083	3.648532
MGYG000003958__gradient_L8_hmo_gapseq	1207	1336	294	bio1	0.538193	0.949704	3.643277
MGYG000003958__gradient_L9_mos_gapseq	1207	1336	294	bio1	0.628578	1.004924	3.651444
MGYG000003961__gradient_L0_base_gapseq	1045	1106	257	bio1	0.000000	0.804763	0.036191
MGYG000003961__gradient_L1_inulin_gapseq	1045	1106	257	bio1	0.000000	0.856753	0.037724
MGYG000003961__gradient_L2_fos_gapseq	1045	1106	257	bio1	0.000000	0.794532	0.037644
MGYG000003961__gradient_L3_gos_gapseq	1045	1106	257	bio1	0.000000	0.767220	0.111969
MGYG000003961__gradient_L4_xos_gapseq	1045	1106	257	bio1	0.000000	0.802440	0.041619
MGYG000003961__gradient_L5_pectin_gapseq	1045	1106	257	bio1	0.000000	0.800764	0.041005
MGYG000003961__gradient_L6_resistant_starch_gapseq	1045	1106	257	bio1	0.000000	0.877387	0.040487
MGYG000003961__gradient_L7_bglucan_gapseq	1045	1106	257	bio1	0.000000	0.804254	0.041234
MGYG000003961__gradient_L8_hmo_gapseq	1045	1106	257	bio1	0.000000	0.794825	0.039461
MGYG000003961__gradient_L9_mos_gapseq	1045	1106	257	bio1	0.000000	0.898027	0.039430
MGYG000003963__gradient_L0_base_gapseq	1096	1190	278	bio1	0.000000	0.843081	0.037232
MGYG000003963__gradient_L1_inulin_gapseq	1096	1190	278	bio1	0.880021	0.919406	2.898913
MGYG000003963__gradient_L2_fos_gapseq	1096	1190	278	bio1	0.880021	0.845619	2.906026
MGYG000003963__gradient_L3_gos_gapseq	1096	1190	278	bio1	0.880021	0.934660	2.904132
MGYG000003963__gradient_L4_xos_gapseq	1096	1190	278	bio1	0.927898	0.848530	2.899082
MGYG000003963__gradient_L5_pectin_gapseq	1096	1190	278	bio1	0.996295	0.897503	2.906531
MGYG000003963__gradient_L6_resistant_starch_gapseq	1096	1190	278	bio1	1.020846	0.846277	2.992005
MGYG000003963__gradient_L7_bglucan_gapseq	1096	1190	278	bio1	1.020846	0.846908	2.897946
MGYG000003963__gradient_L8_hmo_gapseq	1096	1190	278	bio1	1.020846	0.906332	2.906502
MGYG000003963__gradient_L9_mos_gapseq	1096	1190	278	bio1	1.020846	0.842387	2.889212
MGYG000003969__gradient_L0_base_gapseq	1229	1270	289	bio1	0.195777	0.916419	3.265143
MGYG000003969__gradient_L1_inulin_gapseq	1229	1270	289	bio1	0.256786	1.044276	3.238266
MGYG000003969__gradient_L2_fos_gapseq	1229	1270	289	bio1	0.256786	0.962995	3.320456
MGYG000003969__gradient_L3_gos_gapseq	1229	1270	289	bio1	0.256786	0.950120	3.252328
MGYG000003969__gradient_L4_xos_gapseq	1229	1270	289	bio1	0.256786	1.005490	3.235710
MGYG000003969__gradient_L5_pectin_gapseq	1229	1270	289	bio1	0.256786	0.947002	3.245554
MGYG000003969__gradient_L6_resistant_starch_gapseq	1229	1270	289	bio1	0.256786	1.039882	3.242925
MGYG000003969__gradient_L7_bglucan_gapseq	1229	1270	289	bio1	0.256786	0.952979	3.299180
MGYG000003969__gradient_L8_hmo_gapseq	1229	1270	289	bio1	0.256786	0.959885	3.230316
MGYG000003969__gradient_L9_mos_gapseq	1229	1270	289	bio1	0.256786	1.035335	3.242011
MGYG000003971__gradient_L0_base_gapseq	1215	1307	311	bio1	0.000000	1.015218	0.042631
MGYG000003971__gradient_L1_inulin_gapseq	1215	1307	311	bio1	0.838057	0.918236	3.535827
MGYG000003971__gradient_L2_fos_gapseq	1215	1307	311	bio1	0.838057	1.039057	3.538380
MGYG000003971__gradient_L3_gos_gapseq	1215	1307	311	bio1	0.958418	0.934737	3.675106
MGYG000003971__gradient_L4_xos_gapseq	1215	1307	311	bio1	0.958418	0.948959	3.535259
MGYG000003971__gradient_L5_pectin_gapseq	1215	1307	311	bio1	0.958418	1.071124	3.543130
MGYG000003971__gradient_L6_resistant_starch_gapseq	1215	1307	311	bio1	1.104569	0.938234	3.555527
MGYG000003971__gradient_L7_bglucan_gapseq	1215	1307	311	bio1	1.104569	1.059022	3.541600
MGYG000003971__gradient_L8_hmo_gapseq	1215	1307	311	bio1	1.104569	0.909625	3.616523
MGYG000003971__gradient_L9_mos_gapseq	1215	1307	311	bio1	1.104569	0.917691	3.547550
MGYG000003972__gradient_L0_base_gapseq	1178	1246	276	bio1	0.000000	0.976211	0.042666
MGYG000003972__gradient_L1_inulin_gapseq	1178	1246	276	bio1	0.000000	0.908770	0.042050
MGYG000003972__gradient_L2_fos_gapseq	1178	1246	276	bio1	0.000000	0.974861	0.043078
MGYG000003972__gradient_L3_gos_gapseq	1178	1246	276	bio1	0.497932	0.899577	3.292927
MGYG000003972__gradient_L4_xos_gapseq	1178	1246	276	bio1	0.497932	0.973161	3.347240
MGYG000003972__gradient_L5_pectin_gapseq	1178	1246	276	bio1	0.497932	0.907279	3.283161
MGYG000003972__gradient_L6_resistant_starch_gapseq	1178	1246	276	bio1	0.632967	0.993463	3.307535
MGYG000003972__gradient_L7_bglucan_gapseq	1178	1246	276	bio1	0.632967	0.917869	3.366340
MGYG000003972__gradient_L8_hmo_gapseq	1178	1246	276	bio1	0.632967	0.906636	3.283932
MGYG000003972__gradient_L9_mos_gapseq	1178	1246	276	bio1	0.632967	0.958371	3.293883
MGYG000003977__gradient_L0_base_gapseq	986	937	123	bio1	0.000000	0.677356	0.027622
MGYG000003977__gradient_L1_inulin_gapseq	986	937	123	bio1	0.000000	0.762798	0.028982
MGYG000003977__gradient_L2_fos_gapseq	986	937	123	bio1	0.000000	0.675346	0.027733
MGYG000003977__gradient_L3_gos_gapseq	986	937	123	bio1	0.000000	0.681482	0.028660
MGYG000003977__gradient_L4_xos_gapseq	986	937	123	bio1	0.000000	0.753414	0.027578
MGYG000003977__gradient_L5_pectin_gapseq	986	937	123	bio1	0.000000	0.679454	0.027588
MGYG000003977__gradient_L6_resistant_starch_gapseq	986	937	123	bio1	0.000000	0.675824	0.028332
MGYG000003977__gradient_L7_bglucan_gapseq	986	937	123	bio1	0.000000	0.692490	0.026771
MGYG000003977__gradient_L8_hmo_gapseq	986	937	123	bio1	0.000000	0.759770	0.028264
MGYG000003977__gradient_L9_mos_gapseq	986	937	123	bio1	0.000000	0.678926	0.027510
MGYG000004021__gradient_L0_base_gapseq	1353	1478	359	bio1	0.141110	1.167041	4.584640
MGYG000004021__gradient_L1_inulin_gapseq	1353	1478	359	bio1	0.224475	1.165857	4.570658
MGYG000004021__gradient_L2_fos_gapseq	1353	1478	359	bio1	0.224475	1.082993	4.663190
MGYG000004021__gradient_L3_gos_gapseq	1353	1478	359	bio1	0.282134	1.085795	4.567949
MGYG000004021__gradient_L4_xos_gapseq	1353	1478	359	bio1	0.395916	1.105477	4.576790
MGYG000004021__gradient_L5_pectin_gapseq	1353	1478	359	bio1	0.426684	1.044400	4.644221
MGYG000004021__gradient_L6_resistant_starch_gapseq	1353	1478	359	bio1	0.507650	1.060613	4.564666
MGYG000004021__gradient_L7_bglucan_gapseq	1353	1478	359	bio1	0.507650	1.117262	4.570332
MGYG000004021__gradient_L8_hmo_gapseq	1353	1478	359	bio1	0.507650	1.124757	4.575245
MGYG000004021__gradient_L9_mos_gapseq	1353	1478	359	bio1	0.588617	1.083819	4.670183
MGYG000004022__gradient_L0_base_gapseq	1208	1356	319	bio1	0.000000	0.976314	0.134686
MGYG000004022__gradient_L1_inulin_gapseq	1208	1356	319	bio1	0.000000	0.988392	0.049550
MGYG000004022__gradient_L2_fos_gapseq	1208	1356	319	bio1	0.000000	0.966370	0.049594
MGYG000004022__gradient_L3_gos_gapseq	1208	1356	319	bio1	0.000000	1.082984	0.050176
MGYG000004022__gradient_L4_xos_gapseq	1208	1356	319	bio1	0.965049	0.978829	3.871923
MGYG000004022__gradient_L5_pectin_gapseq	1208	1356	319	bio1	0.965049	0.974796	3.722232
MGYG000004022__gradient_L6_resistant_starch_gapseq	1208	1356	319	bio1	1.691289	1.082205	3.747534
MGYG000004022__gradient_L7_bglucan_gapseq	1208	1356	319	bio1	1.937411	0.985758	3.825422
MGYG000004022__gradient_L8_hmo_gapseq	1208	1356	319	bio1	1.937411	0.964375	3.735561
MGYG000004022__gradient_L9_mos_gapseq	1208	1356	319	bio1	2.072042	1.066757	3.722525
MGYG000004029__gradient_L0_base_gapseq	961	997	171	bio1	0.000000	0.720865	0.028877
MGYG000004029__gradient_L1_inulin_gapseq	961	997	171	bio1	0.962188	0.690379	2.154634
MGYG000004029__gradient_L2_fos_gapseq	961	997	171	bio1	0.962188	0.742616	2.067522
MGYG000004029__gradient_L3_gos_gapseq	961	997	171	bio1	1.064985	0.690074	2.146762
MGYG000004029__gradient_L4_xos_gapseq	961	997	171	bio1	1.169860	0.679505	2.065374
MGYG000004029__gradient_L5_pectin_gapseq	961	997	171	bio1	1.169860	0.745594	2.053511
MGYG000004029__gradient_L6_resistant_starch_gapseq	961	997	171	bio1	1.888618	0.788554	2.054559
MGYG000004029__gradient_L7_bglucan_gapseq	961	997	171	bio1	2.141155	0.726104	2.048414
MGYG000004029__gradient_L8_hmo_gapseq	961	997	171	bio1	2.141155	0.739198	2.051893
MGYG000004029__gradient_L9_mos_gapseq	961	997	171	bio1	2.279295	0.675372	2.057998
MGYG000004033__gradient_L0_base_gapseq	1104	1164	227	bio1	0.000000	0.946563	0.039893
MGYG000004033__gradient_L1_inulin_gapseq	1104	1164	227	bio1	0.466396	0.838646	2.909557
MGYG000004033__gradient_L2_fos_gapseq	1104	1164	227	bio1	0.466396	0.909414	2.907557
MGYG000004033__gradient_L3_gos_gapseq	1104	1164	227	bio1	0.466396	0.835081	2.892511
MGYG000004033__gradient_L4_xos_gapseq	1104	1164	227	bio1	0.466396	0.930364	2.894898
MGYG000004033__gradient_L5_pectin_gapseq	1104	1164	227	bio1	0.466396	0.863313	2.958413
MGYG000004033__gradient_L6_resistant_starch_gapseq	1104	1164	227	bio1	0.607198	0.834843	2.903729
MGYG000004033__gradient_L7_bglucan_gapseq	1104	1164	227	bio1	0.864601	0.928579	2.902654
MGYG000004033__gradient_L8_hmo_gapseq	1104	1164	227	bio1	0.864601	0.868498	2.887756
MGYG000004033__gradient_L9_mos_gapseq	1104	1164	227	bio1	1.004847	0.918592	2.902608
MGYG000004038__gradient_L0_base_gapseq	658	625	84	bio1	0.000000	0.423553	0.015707
MGYG000004038__gradient_L1_inulin_gapseq	658	625	84	bio1	0.000000	0.425513	0.015408
MGYG000004038__gradient_L2_fos_gapseq	658	625	84	bio1	0.000000	0.440497	0.015361
MGYG000004038__gradient_L3_gos_gapseq	658	625	84	bio1	0.000000	0.539704	0.015714
MGYG000004038__gradient_L4_xos_gapseq	658	625	84	bio1	0.000000	0.454952	0.015927
MGYG000004038__gradient_L5_pectin_gapseq	658	625	84	bio1	0.000000	0.427079	0.015791
MGYG000004038__gradient_L6_resistant_starch_gapseq	658	625	84	bio1	0.000000	0.422187	0.015748
MGYG000004038__gradient_L7_bglucan_gapseq	658	625	84	bio1	0.000000	0.419011	0.015574
MGYG000004038__gradient_L8_hmo_gapseq	658	625	84	bio1	0.000000	0.503192	0.015882
MGYG000004038__gradient_L9_mos_gapseq	658	625	84	bio1	0.000000	0.437419	0.016556
MGYG000004039__gradient_L0_base_gapseq	1422	1571	365	bio1	0.000000	1.193635	0.066434
MGYG000004039__gradient_L1_inulin_gapseq	1422	1571	365	bio1	0.000000	1.161277	0.066264
MGYG000004039__gradient_L2_fos_gapseq	1422	1571	365	bio1	0.000000	1.266920	0.065924
MGYG000004039__gradient_L3_gos_gapseq	1422	1571	365	bio1	0.864816	1.156360	5.060998
MGYG000004039__gradient_L4_xos_gapseq	1422	1571	365	bio1	0.952688	1.162715	4.927397
MGYG000004039__gradient_L5_pectin_gapseq	1422	1571	365	bio1	0.952688	1.199639	4.958833
MGYG000004039__gradient_L6_resistant_starch_gapseq	1422	1571	365	bio1	1.482866	1.267387	4.943299
MGYG000004039__gradient_L7_bglucan_gapseq	1422	1571	365	bio1	1.660811	1.135206	4.989846
MGYG000004039__gradient_L8_hmo_gapseq	1422	1571	365	bio1	1.792623	1.128116	4.955129
MGYG000004039__gradient_L9_mos_gapseq	1422	1571	365	bio1	1.915646	1.173733	4.984184
MGYG000004047__gradient_L0_base_gapseq	982	919	121	bio1	0.000000	0.671814	0.021422
MGYG000004047__gradient_L1_inulin_gapseq	982	919	121	bio1	0.000000	0.667798	0.023159
MGYG000004047__gradient_L2_fos_gapseq	982	919	121	bio1	0.000000	0.797163	0.023311
MGYG000004047__gradient_L3_gos_gapseq	982	919	121	bio1	0.000000	0.727248	0.025081
MGYG000004047__gradient_L4_xos_gapseq	982	919	121	bio1	0.000000	0.667877	0.023200
MGYG000004047__gradient_L5_pectin_gapseq	982	919	121	bio1	0.000000	0.767401	0.023257
MGYG000004047__gradient_L6_resistant_starch_gapseq	982	919	121	bio1	0.000000	0.667780	0.023162
MGYG000004047__gradient_L7_bglucan_gapseq	982	919	121	bio1	0.000000	0.672390	0.024267
MGYG000004047__gradient_L8_hmo_gapseq	982	919	121	bio1	0.000000	0.670215	0.023926
MGYG000004047__gradient_L9_mos_gapseq	982	919	121	bio1	0.000000	0.775054	0.023727
MGYG000004059__gradient_L0_base_gapseq	1110	1183	285	bio1	0.000000	0.853010	0.035855
MGYG000004059__gradient_L1_inulin_gapseq	1110	1183	285	bio1	0.000000	0.863414	0.155602
MGYG000004059__gradient_L2_fos_gapseq	1110	1183	285	bio1	0.000000	0.838990	0.039959
MGYG000004059__gradient_L3_gos_gapseq	1110	1183	285	bio1	0.000000	0.863806	0.037990
MGYG000004059__gradient_L4_xos_gapseq	1110	1183	285	bio1	0.000000	0.980932	0.038187
MGYG000004059__gradient_L5_pectin_gapseq	1110	1183	285	bio1	0.000000	0.837499	0.038206
MGYG000004059__gradient_L6_resistant_starch_gapseq	1110	1183	285	bio1	0.000000	0.872064	0.037399
MGYG000004059__gradient_L7_bglucan_gapseq	1110	1183	285	bio1	0.000000	1.000375	0.039187
MGYG000004059__gradient_L8_hmo_gapseq	1110	1183	285	bio1	0.000000	0.875658	0.039259
MGYG000004059__gradient_L9_mos_gapseq	1110	1183	285	bio1	0.000000	0.960358	0.038415
MGYG000004071__gradient_L0_base_gapseq	1178	1336	298	bio1	0.000000	0.975824	0.049374
MGYG000004071__gradient_L1_inulin_gapseq	1178	1336	298	bio1	0.000000	1.020702	0.053135
MGYG000004071__gradient_L2_fos_gapseq	1178	1336	298	bio1	0.000000	0.937971	0.052610
MGYG000004071__gradient_L3_gos_gapseq	1178	1336	298	bio1	0.720569	1.026135	3.554967
MGYG000004071__gradient_L4_xos_gapseq	1178	1336	298	bio1	0.720569	0.961668	3.664578
MGYG000004071__gradient_L5_pectin_gapseq	1178	1336	298	bio1	0.720569	0.946606	3.578521
MGYG000004071__gradient_L6_resistant_starch_gapseq	1178	1336	298	bio1	1.326294	1.025447	3.562792
MGYG000004071__gradient_L7_bglucan_gapseq	1178	1336	298	bio1	1.326294	0.956772	3.537059
MGYG000004071__gradient_L8_hmo_gapseq	1178	1336	298	bio1	1.326294	1.037344	3.602208
MGYG000004071__gradient_L9_mos_gapseq	1178	1336	298	bio1	1.326294	0.964225	3.642558
MGYG000004078__gradient_L0_base_gapseq	945	882	120	bio1	0.000000	0.630968	0.022439
MGYG000004078__gradient_L1_inulin_gapseq	945	882	120	bio1	0.000000	0.651683	0.027559
MGYG000004078__gradient_L2_fos_gapseq	945	882	120	bio1	0.000000	0.712193	0.026808
MGYG000004078__gradient_L3_gos_gapseq	945	882	120	bio1	0.000000	0.630556	0.028388
MGYG000004078__gradient_L4_xos_gapseq	945	882	120	bio1	0.000000	0.651947	0.026965
MGYG000004078__gradient_L5_pectin_gapseq	945	882	120	bio1	0.000000	0.640180	0.027624
MGYG000004078__gradient_L6_resistant_starch_gapseq	945	882	120	bio1	0.000000	0.782862	0.028317
MGYG000004078__gradient_L7_bglucan_gapseq	945	882	120	bio1	0.000000	0.682023	0.026956
MGYG000004078__gradient_L8_hmo_gapseq	945	882	120	bio1	0.000000	0.693317	0.026904
MGYG000004078__gradient_L9_mos_gapseq	945	882	120	bio1	0.000000	0.739413	0.027503
MGYG000004080__gradient_L0_base_gapseq	1062	1278	265	bio1	0.000000	0.884293	0.048444
MGYG000004080__gradient_L1_inulin_gapseq	1062	1278	265	bio1	0.000000	0.898823	0.046932
MGYG000004080__gradient_L2_fos_gapseq	1062	1278	265	bio1	0.000000	1.016223	0.048310
MGYG000004080__gradient_L3_gos_gapseq	1062	1278	265	bio1	0.846619	0.876887	3.254505
MGYG000004080__gradient_L4_xos_gapseq	1062	1278	265	bio1	0.864761	1.099218	3.250161
MGYG000004080__gradient_L5_pectin_gapseq	1062	1278	265	bio1	0.864761	0.865442	3.320058
MGYG000004080__gradient_L6_resistant_starch_gapseq	1062	1278	265	bio1	1.218439	0.876470	3.234515
MGYG000004080__gradient_L7_bglucan_gapseq	1062	1278	265	bio1	1.218439	0.950328	3.238839
MGYG000004080__gradient_L8_hmo_gapseq	1062	1278	265	bio1	1.218439	0.885160	3.357583
MGYG000004080__gradient_L9_mos_gapseq	1062	1278	265	bio1	1.218439	0.880135	3.245098
MGYG000004082__gradient_L0_base_gapseq	1330	1525	383	bio1	0.000000	1.123047	0.062226
MGYG000004082__gradient_L1_inulin_gapseq	1330	1525	383	bio1	0.000000	1.173880	0.061888
MGYG000004082__gradient_L2_fos_gapseq	1330	1525	383	bio1	0.000000	1.069653	0.062063
MGYG000004082__gradient_L3_gos_gapseq	1330	1525	383	bio1	0.000000	1.214098	0.062319
MGYG000004082__gradient_L4_xos_gapseq	1330	1525	383	bio1	1.190155	1.121351	4.775841
MGYG000004082__gradient_L5_pectin_gapseq	1330	1525	383	bio1	1.223338	1.244442	4.763925
MGYG000004082__gradient_L6_resistant_starch_gapseq	1330	1525	383	bio1	1.721084	1.179398	4.851633
MGYG000004082__gradient_L7_bglucan_gapseq	1330	1525	383	bio1	1.900272	1.097937	4.876195
MGYG000004082__gradient_L8_hmo_gapseq	1330	1525	383	bio1	1.900272	1.168062	4.782940
MGYG000004082__gradient_L9_mos_gapseq	1330	1525	383	bio1	1.988760	1.175397	4.856436
MGYG000004090__gradient_L0_base_gapseq	1212	1357	316	bio1	0.293213	1.028876	3.835223
MGYG000004090__gradient_L1_inulin_gapseq	1212	1357	316	bio1	0.397573	0.958071	3.885487
MGYG000004090__gradient_L2_fos_gapseq	1212	1357	316	bio1	0.397573	0.958472	3.877940
MGYG000004090__gradient_L3_gos_gapseq	1212	1357	316	bio1	0.475670	1.032966	3.821879
MGYG000004090__gradient_L4_xos_gapseq	1212	1357	316	bio1	0.475670	0.966900	3.877926
MGYG000004090__gradient_L5_pectin_gapseq	1212	1357	316	bio1	0.475670	0.944871	3.815829
MGYG000004090__gradient_L6_resistant_starch_gapseq	1212	1357	316	bio1	0.579799	1.029717	3.803801
MGYG000004090__gradient_L7_bglucan_gapseq	1212	1357	316	bio1	0.579799	0.962376	3.851654
MGYG000004090__gradient_L8_hmo_gapseq	1212	1357	316	bio1	0.579799	0.995940	3.801309
MGYG000004090__gradient_L9_mos_gapseq	1212	1357	316	bio1	0.683928	1.054229	3.778593
MGYG000004093__gradient_L0_base_gapseq	1327	1411	346	bio1	0.000000	1.126663	0.045513
MGYG000004093__gradient_L1_inulin_gapseq	1327	1411	346	bio1	0.441146	1.024767	3.998733
MGYG000004093__gradient_L2_fos_gapseq	1327	1411	346	bio1	0.441146	1.110695	4.065941
MGYG000004093__gradient_L3_gos_gapseq	1327	1411	346	bio1	0.441146	1.049595	4.105325
MGYG000004093__gradient_L4_xos_gapseq	1327	1411	346	bio1	0.441146	1.032874	4.029081
MGYG000004093__gradient_L5_pectin_gapseq	1327	1411	346	bio1	0.441146	1.098338	4.010654
MGYG000004093__gradient_L6_resistant_starch_gapseq	1327	1411	346	bio1	0.441146	1.119186	4.013892
MGYG000004093__gradient_L7_bglucan_gapseq	1327	1411	346	bio1	0.441146	1.032746	4.105860
MGYG000004093__gradient_L8_hmo_gapseq	1327	1411	346	bio1	0.441146	1.032526	4.017400
MGYG000004093__gradient_L9_mos_gapseq	1327	1411	346	bio1	0.441146	1.102874	4.000025
MGYG000004097__gradient_L0_base_gapseq	1211	1352	326	bio1	0.721839	0.959564	3.723380
MGYG000004097__gradient_L1_inulin_gapseq	1211	1352	326	bio1	1.012072	1.035502	3.737081
MGYG000004097__gradient_L2_fos_gapseq	1211	1352	326	bio1	1.012072	0.954564	3.877011
MGYG000004097__gradient_L3_gos_gapseq	1211	1352	326	bio1	1.247788	0.967400	3.744979
MGYG000004097__gradient_L4_xos_gapseq	1211	1352	326	bio1	1.259321	1.073093	3.746084
MGYG000004097__gradient_L5_pectin_gapseq	1211	1352	326	bio1	1.259321	1.032559	3.732821
MGYG000004097__gradient_L6_resistant_starch_gapseq	1211	1352	326	bio1	1.893566	0.958849	3.720582
MGYG000004097__gradient_L7_bglucan_gapseq	1211	1352	326	bio1	1.893566	1.053985	3.739501
MGYG000004097__gradient_L8_hmo_gapseq	1211	1352	326	bio1	1.893566	1.043092	3.726508
MGYG000004097__gradient_L9_mos_gapseq	1211	1352	326	bio1	2.040106	0.943326	3.733703
MGYG000004103__gradient_L0_base_gapseq	861	813	113	bio1	0.000000	0.572749	0.097234
MGYG000004103__gradient_L1_inulin_gapseq	861	813	113	bio1	0.000000	0.571278	0.022854
MGYG000004103__gradient_L2_fos_gapseq	861	813	113	bio1	0.000000	0.578277	0.021848
MGYG000004103__gradient_L3_gos_gapseq	861	813	113	bio1	0.000000	0.579593	0.021834
MGYG000004103__gradient_L4_xos_gapseq	861	813	113	bio1	0.000000	0.650726	0.021670
MGYG000004103__gradient_L5_pectin_gapseq	861	813	113	bio1	0.000000	0.585671	0.021758
MGYG000004103__gradient_L6_resistant_starch_gapseq	861	813	113	bio1	0.000000	0.581152	0.023109
MGYG000004103__gradient_L7_bglucan_gapseq	861	813	113	bio1	0.000000	0.642755	0.021568
MGYG000004103__gradient_L8_hmo_gapseq	861	813	113	bio1	0.000000	0.708826	0.021840
MGYG000004103__gradient_L9_mos_gapseq	861	813	113	bio1	0.000000	0.610038	0.021764
MGYG000004105__gradient_L0_base_gapseq	1331	1495	350	bio1	0.336505	1.035610	4.738654
MGYG000004105__gradient_L1_inulin_gapseq	1331	1495	350	bio1	0.476534	1.057731	4.657123
MGYG000004105__gradient_L2_fos_gapseq	1331	1495	350	bio1	0.476534	1.213933	4.641294
MGYG000004105__gradient_L3_gos_gapseq	1331	1495	350	bio1	0.564432	1.041547	4.741884
MGYG000004105__gradient_L4_xos_gapseq	1331	1495	350	bio1	0.572888	1.072810	4.737909
MGYG000004105__gradient_L5_pectin_gapseq	1331	1495	350	bio1	0.608122	1.075872	4.646169
MGYG000004105__gradient_L6_resistant_starch_gapseq	1331	1495	350	bio1	0.723688	1.122841	4.620338
MGYG000004105__gradient_L7_bglucan_gapseq	1331	1495	350	bio1	0.723688	1.027526	4.723119
MGYG000004105__gradient_L8_hmo_gapseq	1331	1495	350	bio1	0.723688	1.124709	4.640088
MGYG000004105__gradient_L9_mos_gapseq	1331	1495	350	bio1	0.839254	1.179717	4.638483
MGYG000004106__gradient_L0_base_gapseq	989	1094	228	bio1	0.332748	0.744916	2.451469
MGYG000004106__gradient_L1_inulin_gapseq	989	1094	228	bio1	0.501232	0.847424	2.453304
MGYG000004106__gradient_L2_fos_gapseq	989	1094	228	bio1	0.501232	0.757369	2.450810
MGYG000004106__gradient_L3_gos_gapseq	989	1094	228	bio1	0.829778	0.840831	2.458788
MGYG000004106__gradient_L4_xos_gapseq	989	1094	228	bio1	0.829778	0.745666	2.460274
MGYG000004106__gradient_L5_pectin_gapseq	989	1094	228	bio1	0.867687	0.826222	2.456268
MGYG000004106__gradient_L6_resistant_starch_gapseq	989	1094	228	bio1	0.994383	0.755860	2.449901
MGYG000004106__gradient_L7_bglucan_gapseq	989	1094	228	bio1	0.994383	0.832619	2.438821
MGYG000004106__gradient_L8_hmo_gapseq	989	1094	228	bio1	0.994383	0.758074	2.445603
MGYG000004106__gradient_L9_mos_gapseq	989	1094	228	bio1	0.994383	0.817545	2.439382
MGYG000004115__gradient_L0_base_gapseq	1180	1216	314	bio1	0.000000	0.904588	0.037352
MGYG000004115__gradient_L1_inulin_gapseq	1180	1216	314	bio1	0.416515	1.012586	3.147541
MGYG000004115__gradient_L2_fos_gapseq	1180	1216	314	bio1	0.416515	0.943606	3.231714
MGYG000004115__gradient_L3_gos_gapseq	1180	1216	314	bio1	0.416515	0.909829	3.158253
MGYG000004115__gradient_L4_xos_gapseq	1180	1216	314	bio1	0.416515	0.961929	3.138868
MGYG000004115__gradient_L5_pectin_gapseq	1180	1216	314	bio1	0.416515	0.902861	3.154759
MGYG000004115__gradient_L6_resistant_starch_gapseq	1180	1216	314	bio1	0.416515	0.963282	3.133016
MGYG000004115__gradient_L7_bglucan_gapseq	1180	1216	314	bio1	0.416515	0.898587	3.224022
MGYG000004115__gradient_L8_hmo_gapseq	1180	1216	314	bio1	0.416515	0.917153	3.168339
MGYG000004115__gradient_L9_mos_gapseq	1180	1216	314	bio1	0.416515	0.972686	3.138760
MGYG000004128__gradient_L0_base_gapseq	1212	1291	274	bio1	0.000000	1.053932	0.044180
MGYG000004128__gradient_L1_inulin_gapseq	1212	1291	274	bio1	0.137880	0.941889	3.559627
MGYG000004128__gradient_L2_fos_gapseq	1212	1291	274	bio1	0.137880	0.919746	3.479202
MGYG000004128__gradient_L3_gos_gapseq	1212	1291	274	bio1	0.285620	1.012318	3.502368
MGYG000004128__gradient_L4_xos_gapseq	1212	1291	274	bio1	0.315168	0.911975	3.483460
MGYG000004128__gradient_L5_pectin_gapseq	1212	1291	274	bio1	0.315168	1.027041	3.488230
MGYG000004128__gradient_L6_resistant_starch_gapseq	1212	1291	274	bio1	0.650044	0.925825	3.576136
MGYG000004128__gradient_L7_bglucan_gapseq	1212	1291	274	bio1	0.650044	0.948496	3.492390
MGYG000004128__gradient_L8_hmo_gapseq	1212	1291	274	bio1	0.650044	1.028615	3.533560
MGYG000004128__gradient_L9_mos_gapseq	1212	1291	274	bio1	0.689441	0.954813	3.593553
MGYG000004130__gradient_L0_base_gapseq	1137	1242	278	bio1	0.000000	0.878707	0.041667
MGYG000004130__gradient_L1_inulin_gapseq	1137	1242	278	bio1	0.000000	0.950689	0.043162
MGYG000004130__gradient_L2_fos_gapseq	1137	1242	278	bio1	0.000000	0.863508	0.042183
MGYG000004130__gradient_L3_gos_gapseq	1137	1242	278	bio1	0.000000	0.960676	0.043009
MGYG000004130__gradient_L4_xos_gapseq	1137	1242	278	bio1	0.000000	0.857513	0.042250
MGYG000004130__gradient_L5_pectin_gapseq	1137	1242	278	bio1	0.000000	0.887372	0.042272
MGYG000004130__gradient_L6_resistant_starch_gapseq	1137	1242	278	bio1	0.000000	0.940183	0.042637
MGYG000004130__gradient_L7_bglucan_gapseq	1137	1242	278	bio1	0.000000	0.878711	0.042800
MGYG000004130__gradient_L8_hmo_gapseq	1137	1242	278	bio1	0.000000	0.999718	0.041999
MGYG000004130__gradient_L9_mos_gapseq	1137	1242	278	bio1	0.000000	0.856746	0.043103
MGYG000004131__gradient_L0_base_gapseq	1103	1229	253	bio1	0.000000	0.960782	0.042229
MGYG000004131__gradient_L1_inulin_gapseq	1103	1229	253	bio1	0.000000	0.889670	0.042039
MGYG000004131__gradient_L2_fos_gapseq	1103	1229	253	bio1	0.000000	0.883004	0.041489
MGYG000004131__gradient_L3_gos_gapseq	1103	1229	253	bio1	0.000000	0.950439	0.042241
MGYG000004131__gradient_L4_xos_gapseq	1103	1229	253	bio1	0.000000	0.862876	0.042480
MGYG000004131__gradient_L5_pectin_gapseq	1103	1229	253	bio1	0.000000	0.957506	0.043223
MGYG000004131__gradient_L6_resistant_starch_gapseq	1103	1229	253	bio1	0.000000	0.857583	0.043503
MGYG000004131__gradient_L7_bglucan_gapseq	1103	1229	253	bio1	0.000000	0.867637	0.042397
MGYG000004131__gradient_L8_hmo_gapseq	1103	1229	253	bio1	0.000000	0.968088	0.044486
MGYG000004131__gradient_L9_mos_gapseq	1103	1229	253	bio1	0.000000	0.867015	0.042088
MGYG000004132__gradient_L0_base_gapseq	1392	1533	334	bio1	0.000000	1.105903	0.054321
MGYG000004132__gradient_L1_inulin_gapseq	1392	1533	334	bio1	0.000000	1.169804	0.055913
MGYG000004132__gradient_L2_fos_gapseq	1392	1533	334	bio1	0.000000	1.109685	0.059679
MGYG000004132__gradient_L3_gos_gapseq	1392	1533	334	bio1	0.221812	1.237384	4.608702
MGYG000004132__gradient_L4_xos_gapseq	1392	1533	334	bio1	0.221812	1.208755	4.672635
MGYG000004132__gradient_L5_pectin_gapseq	1392	1533	334	bio1	0.221812	1.131333	4.711119
MGYG000004132__gradient_L6_resistant_starch_gapseq	1392	1533	334	bio1	0.493220	1.110539	4.697480
MGYG000004132__gradient_L7_bglucan_gapseq	1392	1533	334	bio1	0.574197	1.094408	4.618767
MGYG000004132__gradient_L8_hmo_gapseq	1392	1533	334	bio1	0.574197	1.193473	4.652882
MGYG000004132__gradient_L9_mos_gapseq	1392	1533	334	bio1	0.574197	1.199655	4.646609
MGYG000004133__gradient_L0_base_gapseq	1272	1373	301	bio1	0.000000	0.981827	0.174112
MGYG000004133__gradient_L1_inulin_gapseq	1272	1373	301	bio1	0.000000	1.004418	0.050629
MGYG000004133__gradient_L2_fos_gapseq	1272	1373	301	bio1	0.000000	0.972131	0.051108
MGYG000004133__gradient_L3_gos_gapseq	1272	1373	301	bio1	0.000000	1.107624	0.050464
MGYG000004133__gradient_L4_xos_gapseq	1272	1373	301	bio1	0.673104	1.016951	4.010605
MGYG000004133__gradient_L5_pectin_gapseq	1272	1373	301	bio1	0.673104	0.997024	3.868538
MGYG000004133__gradient_L6_resistant_starch_gapseq	1272	1373	301	bio1	1.250247	1.050753	3.870506
MGYG000004133__gradient_L7_bglucan_gapseq	1272	1373	301	bio1	1.453879	1.008451	3.938822
MGYG000004133__gradient_L8_hmo_gapseq	1272	1373	301	bio1	1.453879	1.000230	3.866741
MGYG000004133__gradient_L9_mos_gapseq	1272	1373	301	bio1	1.558980	1.039193	3.850076
MGYG000004134__gradient_L0_base_gapseq	1169	1245	307	bio1	0.000000	0.902372	0.041699
MGYG000004134__gradient_L1_inulin_gapseq	1169	1245	307	bio1	0.233463	0.900495	3.350761
MGYG000004134__gradient_L2_fos_gapseq	1169	1245	307	bio1	0.233463	0.910730	3.260307
MGYG000004134__gradient_L3_gos_gapseq	1169	1245	307	bio1	0.233463	0.975503	3.284631
MGYG000004134__gradient_L4_xos_gapseq	1169	1245	307	bio1	0.244497	0.925606	3.268620
MGYG000004134__gradient_L5_pectin_gapseq	1169	1245	307	bio1	0.244497	0.974249	3.272273
MGYG000004134__gradient_L6_resistant_starch_gapseq	1169	1245	307	bio1	0.249551	0.905822	3.330566
MGYG000004134__gradient_L7_bglucan_gapseq	1169	1245	307	bio1	0.249551	0.905322	3.283361
MGYG000004134__gradient_L8_hmo_gapseq	1169	1245	307	bio1	0.249551	0.957125	3.283414
MGYG000004134__gradient_L9_mos_gapseq	1169	1245	307	bio1	0.249551	0.907997	3.284953
MGYG000004136__gradient_L0_base_gapseq	1403	1615	463	bio1	0.000000	1.317325	0.081689
MGYG000004136__gradient_L1_inulin_gapseq	1403	1615	463	bio1	0.000000	1.166394	0.083858
MGYG000004136__gradient_L2_fos_gapseq	1403	1615	463	bio1	0.000000	1.314910	0.083487
MGYG000004136__gradient_L3_gos_gapseq	1403	1615	463	bio1	0.000000	1.207413	0.083440
MGYG000004136__gradient_L4_xos_gapseq	1403	1615	463	bio1	1.461240	1.295950	5.404621
MGYG000004136__gradient_L5_pectin_gapseq	1403	1615	463	bio1	1.505386	1.314855	5.374424
MGYG000004136__gradient_L6_resistant_starch_gapseq	1403	1615	463	bio1	2.116816	1.288607	5.403955
MGYG000004136__gradient_L7_bglucan_gapseq	1403	1615	463	bio1	2.116816	1.194562	5.462474
MGYG000004136__gradient_L8_hmo_gapseq	1403	1615	463	bio1	2.262499	1.192367	5.421838
MGYG000004136__gradient_L9_mos_gapseq	1403	1615	463	bio1	2.403530	1.160863	5.406542
MGYG000004137__gradient_L0_base_gapseq	1165	1244	286	bio1	0.000000	0.884562	0.045507
MGYG000004137__gradient_L1_inulin_gapseq	1165	1244	286	bio1	0.370528	0.941266	3.152004
MGYG000004137__gradient_L2_fos_gapseq	1165	1244	286	bio1	0.370528	0.883147	3.272508
MGYG000004137__gradient_L3_gos_gapseq	1165	1244	286	bio1	0.407582	0.891294	3.197736
MGYG000004137__gradient_L4_xos_gapseq	1165	1244	286	bio1	0.427438	0.951390	3.157074
MGYG000004137__gradient_L5_pectin_gapseq	1165	1244	286	bio1	0.427438	0.889352	3.204745
MGYG000004137__gradient_L6_resistant_starch_gapseq	1165	1244	286	bio1	0.716522	0.952406	3.147766
MGYG000004137__gradient_L7_bglucan_gapseq	1165	1244	286	bio1	0.827708	0.883683	3.255561
MGYG000004137__gradient_L8_hmo_gapseq	1165	1244	286	bio1	0.827708	0.890167	3.174894
MGYG000004137__gradient_L9_mos_gapseq	1165	1244	286	bio1	0.827708	0.976884	3.171878
MGYG000004138__gradient_L0_base_gapseq	1153	1163	281	bio1	0.000000	0.944452	0.035948
MGYG000004138__gradient_L1_inulin_gapseq	1153	1163	281	bio1	0.000000	0.861496	0.035997
MGYG000004138__gradient_L2_fos_gapseq	1153	1163	281	bio1	0.000000	0.941972	0.035580
MGYG000004138__gradient_L3_gos_gapseq	1153	1163	281	bio1	0.000000	0.868393	0.036387
MGYG000004138__gradient_L4_xos_gapseq	1153	1163	281	bio1	0.000000	0.865994	0.036017
MGYG000004138__gradient_L5_pectin_gapseq	1153	1163	281	bio1	0.000000	0.910646	0.035581
MGYG000004138__gradient_L6_resistant_starch_gapseq	1153	1163	281	bio1	0.000000	0.864083	0.036384
MGYG000004138__gradient_L7_bglucan_gapseq	1153	1163	281	bio1	0.000000	0.957062	0.035810
MGYG000004138__gradient_L8_hmo_gapseq	1153	1163	281	bio1	0.000000	0.868594	0.036231
MGYG000004138__gradient_L9_mos_gapseq	1153	1163	281	bio1	0.000000	0.867428	0.036157
MGYG000004142__gradient_L0_base_gapseq	1288	1387	353	bio1	0.381971	0.996753	3.972972
MGYG000004142__gradient_L1_inulin_gapseq	1288	1387	353	bio1	0.381971	1.017340	3.860292
MGYG000004142__gradient_L2_fos_gapseq	1288	1387	353	bio1	0.381971	1.088406	3.889378
MGYG000004142__gradient_L3_gos_gapseq	1288	1387	353	bio1	0.477466	1.018913	3.941298
MGYG000004142__gradient_L4_xos_gapseq	1288	1387	353	bio1	0.568334	0.998055	3.864654
MGYG000004142__gradient_L5_pectin_gapseq	1288	1387	353	bio1	0.568334	1.113351	3.836709
MGYG000004142__gradient_L6_resistant_starch_gapseq	1288	1387	353	bio1	0.674898	1.026005	3.959636
MGYG000004142__gradient_L7_bglucan_gapseq	1288	1387	353	bio1	0.674898	1.020016	3.857134
MGYG000004142__gradient_L8_hmo_gapseq	1288	1387	353	bio1	0.674898	1.096555	3.840136
MGYG000004142__gradient_L9_mos_gapseq	1288	1387	353	bio1	0.674898	1.020509	3.955383
MGYG000004143__gradient_L0_base_gapseq	1099	1216	328	bio1	0.484712	0.955740	3.132537
MGYG000004143__gradient_L1_inulin_gapseq	1099	1216	328	bio1	0.659387	0.863911	3.245859
MGYG000004143__gradient_L2_fos_gapseq	1099	1216	328	bio1	0.659387	0.883970	3.128563
MGYG000004143__gradient_L3_gos_gapseq	1099	1216	328	bio1	0.999905	0.921906	3.119238
MGYG000004143__gradient_L4_xos_gapseq	1099	1216	328	bio1	0.999905	0.894779	3.107865
MGYG000004143__gradient_L5_pectin_gapseq	1099	1216	328	bio1	0.999905	0.947552	3.126903
MGYG000004143__gradient_L6_resistant_starch_gapseq	1099	1216	328	bio1	1.774517	0.883011	3.242467
MGYG000004143__gradient_L7_bglucan_gapseq	1099	1216	328	bio1	2.025569	0.898493	3.137180
MGYG000004143__gradient_L8_hmo_gapseq	1099	1216	328	bio1	2.201520	0.961855	3.129456
MGYG000004143__gradient_L9_mos_gapseq	1099	1216	328	bio1	2.201520	0.836879	3.124418
MGYG000004153__gradient_L0_base_gapseq	1258	1378	351	bio1	0.000000	1.109156	0.054705
MGYG000004153__gradient_L1_inulin_gapseq	1258	1378	351	bio1	0.000000	1.019788	0.054342
MGYG000004153__gradient_L2_fos_gapseq	1258	1378	351	bio1	0.000000	1.127436	0.054853
MGYG000004153__gradient_L3_gos_gapseq	1258	1378	351	bio1	0.736509	0.988776	4.038798
MGYG000004153__gradient_L4_xos_gapseq	1258	1378	351	bio1	0.833638	0.991563	3.870777
MGYG000004153__gradient_L5_pectin_gapseq	1258	1378	351	bio1	0.897930	1.094615	3.888038
MGYG000004153__gradient_L6_resistant_starch_gapseq	1258	1378	351	bio1	1.020846	1.002163	3.980885
MGYG000004153__gradient_L7_bglucan_gapseq	1258	1378	351	bio1	1.020846	0.983008	3.888165
MGYG000004153__gradient_L8_hmo_gapseq	1258	1378	351	bio1	1.020846	1.077873	3.873954
MGYG000004153__gradient_L9_mos_gapseq	1258	1378	351	bio1	1.020846	1.019090	3.960361
MGYG000004155__gradient_L0_base_gapseq	749	703	105	bio1	0.000000	0.482295	0.019047
MGYG000004155__gradient_L1_inulin_gapseq	749	703	105	bio1	0.000000	0.488969	0.020422
MGYG000004155__gradient_L2_fos_gapseq	749	703	105	bio1	0.000000	0.503076	0.020268
MGYG000004155__gradient_L3_gos_gapseq	749	703	105	bio1	0.000000	0.571550	0.021761
MGYG000004155__gradient_L4_xos_gapseq	749	703	105	bio1	0.000000	0.477054	0.020570
MGYG000004155__gradient_L5_pectin_gapseq	749	703	105	bio1	0.000000	0.486581	0.020380
MGYG000004155__gradient_L6_resistant_starch_gapseq	749	703	105	bio1	0.000000	0.477470	0.020475
MGYG000004155__gradient_L7_bglucan_gapseq	749	703	105	bio1	0.000000	0.560396	0.021177
MGYG000004155__gradient_L8_hmo_gapseq	749	703	105	bio1	0.000000	0.490310	0.021654
MGYG000004155__gradient_L9_mos_gapseq	749	703	105	bio1	0.000000	0.487726	0.020395
MGYG000004157__gradient_L0_base_gapseq	1224	1322	314	bio1	0.000000	0.949273	0.043569
MGYG000004157__gradient_L1_inulin_gapseq	1224	1322	314	bio1	0.299387	1.052784	3.602949
MGYG000004157__gradient_L2_fos_gapseq	1224	1322	314	bio1	0.299387	0.933814	3.737927
MGYG000004157__gradient_L3_gos_gapseq	1224	1322	314	bio1	0.608140	0.981401	3.603259
MGYG000004157__gradient_L4_xos_gapseq	1224	1322	314	bio1	0.608140	1.047484	3.604670
MGYG000004157__gradient_L5_pectin_gapseq	1224	1322	314	bio1	0.608140	0.972597	3.675221
MGYG000004157__gradient_L6_resistant_starch_gapseq	1224	1322	314	bio1	0.994383	0.969009	3.588196
MGYG000004157__gradient_L7_bglucan_gapseq	1224	1322	314	bio1	0.994383	1.020660	3.613391
MGYG000004157__gradient_L8_hmo_gapseq	1224	1322	314	bio1	0.994383	0.963217	3.730828
MGYG000004157__gradient_L9_mos_gapseq	1224	1322	314	bio1	0.994383	0.973283	3.591464
MGYG000004165__gradient_L0_base_gapseq	1090	1201	277	bio1	0.000000	0.925312	0.041457
MGYG000004165__gradient_L1_inulin_gapseq	1090	1201	277	bio1	0.000000	0.878557	0.043030
MGYG000004165__gradient_L2_fos_gapseq	1090	1201	277	bio1	0.000000	0.905448	0.043436
MGYG000004165__gradient_L3_gos_gapseq	1090	1201	277	bio1	0.000000	0.846504	0.043128
MGYG000004165__gradient_L4_xos_gapseq	1090	1201	277	bio1	0.303375	0.869293	3.138592
MGYG000004165__gradient_L5_pectin_gapseq	1090	1201	277	bio1	0.303375	0.869972	3.030260
MGYG000004165__gradient_L6_resistant_starch_gapseq	1090	1201	277	bio1	0.303375	0.939178	3.040308
MGYG000004165__gradient_L7_bglucan_gapseq	1090	1201	277	bio1	0.303375	0.837126	3.035051
MGYG000004165__gradient_L8_hmo_gapseq	1090	1201	277	bio1	0.303375	0.956378	3.033073
MGYG000004165__gradient_L9_mos_gapseq	1090	1201	277	bio1	0.303375	0.849035	3.092190
MGYG000004168__gradient_L0_base_gapseq	1334	1522	455	bio1	0.000000	1.146508	0.061848
MGYG000004168__gradient_L1_inulin_gapseq	1334	1522	455	bio1	0.000000	1.221897	0.066662
MGYG000004168__gradient_L2_fos_gapseq	1334	1522	455	bio1	0.000000	1.111005	0.066798
MGYG000004168__gradient_L3_gos_gapseq	1334	1522	455	bio1	1.404106	1.217291	4.656430
MGYG000004168__gradient_L4_xos_gapseq	1334	1522	455	bio1	1.481485	1.213506	4.639012
MGYG000004168__gradient_L5_pectin_gapseq	1334	1522	455	bio1	1.481485	1.095051	4.753542
MGYG000004168__gradient_L6_resistant_starch_gapseq	1334	1522	455	bio1	2.240145	1.134653	4.680753
MGYG000004168__gradient_L7_bglucan_gapseq	1334	1522	455	bio1	2.240145	1.208542	4.651436
MGYG000004168__gradient_L8_hmo_gapseq	1334	1522	455	bio1	2.240145	1.201576	4.663187
MGYG000004168__gradient_L9_mos_gapseq	1334	1522	455	bio1	2.375018	1.123256	4.754712
MGYG000004170__gradient_L0_base_gapseq	607	558	83	bio1	0.000000	0.368939	0.012920
MGYG000004170__gradient_L1_inulin_gapseq	607	558	83	bio1	0.307799	0.376497	0.743377
MGYG000004170__gradient_L2_fos_gapseq	607	558	83	bio1	0.307799	0.373825	0.741975
MGYG000004170__gradient_L3_gos_gapseq	607	558	83	bio1	0.307799	0.364582	0.825733
MGYG000004170__gradient_L4_xos_gapseq	607	558	83	bio1	0.307799	0.367093	0.743715
MGYG000004170__gradient_L5_pectin_gapseq	607	558	83	bio1	0.307799	0.379244	0.742301
MGYG000004170__gradient_L6_resistant_starch_gapseq	607	558	83	bio1	0.307799	0.375082	0.751368
MGYG000004170__gradient_L7_bglucan_gapseq	607	558	83	bio1	0.307799	0.375335	0.745072
MGYG000004170__gradient_L8_hmo_gapseq	607	558	83	bio1	0.307799	0.450738	0.740081
MGYG000004170__gradient_L9_mos_gapseq	607	558	83	bio1	0.307799	0.360760	0.740232
MGYG000004173__gradient_L0_base_gapseq	1246	1347	301	bio1	0.000000	1.003851	0.045667
MGYG000004173__gradient_L1_inulin_gapseq	1246	1347	301	bio1	0.638598	1.019395	3.606982
MGYG000004173__gradient_L2_fos_gapseq	1246	1347	301	bio1	0.638598	0.986378	3.698625
MGYG000004173__gradient_L3_gos_gapseq	1246	1347	301	bio1	0.638598	1.042986	3.625200
MGYG000004173__gradient_L4_xos_gapseq	1246	1347	301	bio1	0.648571	1.072221	3.624782
MGYG000004173__gradient_L5_pectin_gapseq	1246	1347	301	bio1	0.648571	0.990982	3.696563
MGYG000004173__gradient_L6_resistant_starch_gapseq	1246	1347	301	bio1	0.808366	1.001467	3.606973
MGYG000004173__gradient_L7_bglucan_gapseq	1246	1347	301	bio1	0.808366	1.033813	3.615154
MGYG000004173__gradient_L8_hmo_gapseq	1246	1347	301	bio1	0.808366	0.972090	3.680202
MGYG000004173__gradient_L9_mos_gapseq	1246	1347	301	bio1	0.808366	0.986989	3.611627
MGYG000004175__gradient_L0_base_gapseq	710	669	94	bio1	0.000000	0.535812	0.017522
MGYG000004175__gradient_L1_inulin_gapseq	710	669	94	bio1	0.000000	0.470772	0.017258
MGYG000004175__gradient_L2_fos_gapseq	710	669	94	bio1	0.000000	0.481656	0.017561
MGYG000004175__gradient_L3_gos_gapseq	710	669	94	bio1	0.000000	0.448207	0.017234
MGYG000004175__gradient_L4_xos_gapseq	710	669	94	bio1	0.000000	0.451186	0.017177
MGYG000004175__gradient_L5_pectin_gapseq	710	669	94	bio1	0.000000	0.525079	0.017276
MGYG000004175__gradient_L6_resistant_starch_gapseq	710	669	94	bio1	0.000000	0.452749	0.018025
MGYG000004175__gradient_L7_bglucan_gapseq	710	669	94	bio1	0.000000	0.451982	0.017185
MGYG000004175__gradient_L8_hmo_gapseq	710	669	94	bio1	0.000000	0.453831	0.017054
MGYG000004175__gradient_L9_mos_gapseq	710	669	94	bio1	0.000000	0.459924	0.017144
MGYG000004178__gradient_L0_base_gapseq	787	779	127	bio1	0.052056	0.628384	1.413632
MGYG000004178__gradient_L1_inulin_gapseq	787	779	127	bio1	0.128926	0.586816	1.416387
MGYG000004178__gradient_L2_fos_gapseq	787	779	127	bio1	0.128926	0.582357	1.412915
MGYG000004178__gradient_L3_gos_gapseq	787	779	127	bio1	0.156555	0.625165	1.419411
MGYG000004178__gradient_L4_xos_gapseq	787	779	127	bio1	0.156555	0.536994	1.412537
MGYG000004178__gradient_L5_pectin_gapseq	787	779	127	bio1	0.156555	0.548964	1.413908
MGYG000004178__gradient_L6_resistant_starch_gapseq	787	779	127	bio1	0.193393	0.598898	1.415572
MGYG000004178__gradient_L7_bglucan_gapseq	787	779	127	bio1	0.193393	0.582143	1.413069
MGYG000004178__gradient_L8_hmo_gapseq	787	779	127	bio1	0.193393	0.579672	1.483388
MGYG000004178__gradient_L9_mos_gapseq	787	779	127	bio1	0.193393	0.580704	1.407181
MGYG000004192__gradient_L0_base_gapseq	800	760	89	bio1	0.000000	0.624884	0.015866
MGYG000004192__gradient_L1_inulin_gapseq	800	760	89	bio1	0.000000	0.524432	0.018009
MGYG000004192__gradient_L2_fos_gapseq	800	760	89	bio1	0.000000	0.535470	0.018966
MGYG000004192__gradient_L3_gos_gapseq	800	760	89	bio1	0.000000	0.531277	0.018989
MGYG000004192__gradient_L4_xos_gapseq	800	760	89	bio1	0.000000	0.614058	0.018083
MGYG000004192__gradient_L5_pectin_gapseq	800	760	89	bio1	0.000000	0.524045	0.018787
MGYG000004192__gradient_L6_resistant_starch_gapseq	800	760	89	bio1	0.000000	0.582429	0.018041
MGYG000004192__gradient_L7_bglucan_gapseq	800	760	89	bio1	0.000000	0.551904	0.017918
MGYG000004192__gradient_L8_hmo_gapseq	800	760	89	bio1	0.000000	0.555320	0.017831
MGYG000004192__gradient_L9_mos_gapseq	800	760	89	bio1	0.000000	0.613078	0.018079
MGYG000004198__gradient_L0_base_gapseq	1292	1373	321	bio1	0.000000	0.997707	0.051152
MGYG000004198__gradient_L1_inulin_gapseq	1292	1373	321	bio1	0.000000	1.080915	0.053602
MGYG000004198__gradient_L2_fos_gapseq	1292	1373	321	bio1	0.000000	1.033447	0.053487
MGYG000004198__gradient_L3_gos_gapseq	1292	1373	321	bio1	0.000000	1.016204	0.158193
MGYG000004198__gradient_L4_xos_gapseq	1292	1373	321	bio1	0.000000	0.991876	0.053897
MGYG000004198__gradient_L5_pectin_gapseq	1292	1373	321	bio1	0.000000	1.005110	0.054133
MGYG000004198__gradient_L6_resistant_starch_gapseq	1292	1373	321	bio1	0.000000	1.117438	0.054299
MGYG000004198__gradient_L7_bglucan_gapseq	1292	1373	321	bio1	0.000000	1.022444	0.053291
MGYG000004198__gradient_L8_hmo_gapseq	1292	1373	321	bio1	0.000000	1.106195	0.053813
MGYG000004198__gradient_L9_mos_gapseq	1292	1373	321	bio1	0.000000	1.039390	0.055739
MGYG000004207__gradient_L0_base_gapseq	1252	1366	287	bio1	0.259610	0.984540	3.823829
MGYG000004207__gradient_L1_inulin_gapseq	1252	1366	287	bio1	0.259610	1.080110	3.842634
MGYG000004207__gradient_L2_fos_gapseq	1252	1366	287	bio1	0.259610	0.968630	3.922076
MGYG000004207__gradient_L3_gos_gapseq	1252	1366	287	bio1	0.309174	0.984834	3.882594
MGYG000004207__gradient_L4_xos_gapseq	1252	1366	287	bio1	0.309174	1.095885	3.875547
MGYG000004207__gradient_L5_pectin_gapseq	1252	1366	287	bio1	0.332776	0.984982	3.920338
MGYG000004207__gradient_L6_resistant_starch_gapseq	1252	1366	287	bio1	0.398861	0.962215	3.886473
MGYG000004207__gradient_L7_bglucan_gapseq	1252	1366	287	bio1	0.505070	1.045975	3.860423
MGYG000004207__gradient_L8_hmo_gapseq	1252	1366	287	bio1	0.505070	0.991626	4.026488
MGYG000004207__gradient_L9_mos_gapseq	1252	1366	287	bio1	0.570152	0.997896	3.854727
MGYG000004208__gradient_L0_base_gapseq	1209	1384	305	bio1	0.000000	1.122015	0.049959
MGYG000004208__gradient_L1_inulin_gapseq	1209	1384	305	bio1	0.000000	0.978740	0.051446
MGYG000004208__gradient_L2_fos_gapseq	1209	1384	305	bio1	0.000000	1.101947	0.051192
MGYG000004208__gradient_L3_gos_gapseq	1209	1384	305	bio1	0.000000	0.985328	0.051136
MGYG000004208__gradient_L4_xos_gapseq	1209	1384	305	bio1	0.275486	0.965616	4.091116
MGYG000004208__gradient_L5_pectin_gapseq	1209	1384	305	bio1	0.275486	0.982051	3.865512
MGYG000004208__gradient_L6_resistant_starch_gapseq	1209	1384	305	bio1	0.341805	1.009784	3.881704
MGYG000004208__gradient_L7_bglucan_gapseq	1209	1384	305	bio1	0.447224	0.971666	3.945511
MGYG000004208__gradient_L8_hmo_gapseq	1209	1384	305	bio1	0.447224	0.974561	3.873203
MGYG000004208__gradient_L9_mos_gapseq	1209	1384	305	bio1	0.511114	1.031603	3.853362
MGYG000004215__gradient_L0_base_gapseq	773	720	92	bio1	0.000000	0.518792	0.016984
MGYG000004215__gradient_L1_inulin_gapseq	773	720	92	bio1	0.000000	0.511583	0.021290
MGYG000004215__gradient_L2_fos_gapseq	773	720	92	bio1	0.000000	0.503569	0.085789
MGYG000004215__gradient_L3_gos_gapseq	773	720	92	bio1	0.000000	0.507047	0.021355
MGYG000004215__gradient_L4_xos_gapseq	773	720	92	bio1	0.000000	0.503925	0.021965
MGYG000004215__gradient_L5_pectin_gapseq	773	720	92	bio1	0.000000	0.489778	0.020998
MGYG000004215__gradient_L6_resistant_starch_gapseq	773	720	92	bio1	0.000000	0.510785	0.021858
MGYG000004215__gradient_L7_bglucan_gapseq	773	720	92	bio1	0.000000	0.572208	0.021323
MGYG000004215__gradient_L8_hmo_gapseq	773	720	92	bio1	0.000000	0.501206	0.022191
MGYG000004215__gradient_L9_mos_gapseq	773	720	92	bio1	0.000000	0.503006	0.022096
MGYG000004216__gradient_L0_base_gapseq	693	665	95	bio1	0.000000	0.541276	0.017549
MGYG000004216__gradient_L1_inulin_gapseq	693	665	95	bio1	0.083432	0.451527	1.028457
MGYG000004216__gradient_L2_fos_gapseq	693	665	95	bio1	0.083432	0.449723	1.029643
MGYG000004216__gradient_L3_gos_gapseq	693	665	95	bio1	0.083432	0.448813	1.029230
MGYG000004216__gradient_L4_xos_gapseq	693	665	95	bio1	0.083432	0.518407	1.032461
MGYG000004216__gradient_L5_pectin_gapseq	693	665	95	bio1	0.083432	0.454777	1.032387
MGYG000004216__gradient_L6_resistant_starch_gapseq	693	665	95	bio1	0.083432	0.447019	1.027543
MGYG000004216__gradient_L7_bglucan_gapseq	693	665	95	bio1	0.083432	0.451855	1.029988
MGYG000004216__gradient_L8_hmo_gapseq	693	665	95	bio1	0.083432	0.543139	1.030184
MGYG000004216__gradient_L9_mos_gapseq	693	665	95	bio1	0.083432	0.453936	1.029481
MGYG000004219__gradient_L0_base_gapseq	1238	1379	304	bio1	0.000000	0.948086	0.125624
MGYG000004219__gradient_L1_inulin_gapseq	1238	1379	304	bio1	0.000000	0.996739	0.049092
MGYG000004219__gradient_L2_fos_gapseq	1238	1379	304	bio1	0.000000	0.975739	0.048127
MGYG000004219__gradient_L3_gos_gapseq	1238	1379	304	bio1	0.000000	1.056122	0.048276
MGYG000004219__gradient_L4_xos_gapseq	1238	1379	304	bio1	0.000000	0.988050	0.048377
MGYG000004219__gradient_L5_pectin_gapseq	1238	1379	304	bio1	0.000000	1.048175	0.048376
MGYG000004219__gradient_L6_resistant_starch_gapseq	1238	1379	304	bio1	0.000000	0.998763	0.048512
MGYG000004219__gradient_L7_bglucan_gapseq	1238	1379	304	bio1	0.000000	1.047228	0.048424
MGYG000004219__gradient_L8_hmo_gapseq	1238	1379	304	bio1	0.000000	0.991209	0.048940
MGYG000004219__gradient_L9_mos_gapseq	1238	1379	304	bio1	0.000000	0.975627	0.048782
MGYG000004221__gradient_L0_base_gapseq	869	969	203	bio1	0.262231	0.771933	2.043820
MGYG000004221__gradient_L1_inulin_gapseq	869	969	203	bio1	0.439383	0.663179	2.032731
MGYG000004221__gradient_L2_fos_gapseq	869	969	203	bio1	0.439383	0.823306	2.022893
MGYG000004221__gradient_L3_gos_gapseq	869	969	203	bio1	0.439383	0.661458	2.042823
MGYG000004221__gradient_L4_xos_gapseq	869	969	203	bio1	0.530369	0.733122	2.032311
MGYG000004221__gradient_L5_pectin_gapseq	869	969	203	bio1	0.530369	0.656697	2.025021
MGYG000004221__gradient_L6_resistant_starch_gapseq	869	969	203	bio1	1.020846	0.699125	2.120159
MGYG000004221__gradient_L7_bglucan_gapseq	869	969	203	bio1	1.020846	0.671238	2.036460
MGYG000004221__gradient_L8_hmo_gapseq	869	969	203	bio1	1.020846	0.660243	2.024438
MGYG000004221__gradient_L9_mos_gapseq	869	969	203	bio1	1.020846	0.740418	2.021806
MGYG000004222__gradient_L0_base_gapseq	905	850	139	bio1	0.000000	0.626175	0.019613
MGYG000004222__gradient_L1_inulin_gapseq	905	850	139	bio1	0.000000	0.630433	0.090280
MGYG000004222__gradient_L2_fos_gapseq	905	850	139	bio1	0.000000	0.621092	0.024668
MGYG000004222__gradient_L3_gos_gapseq	905	850	139	bio1	0.000000	0.617351	0.025247
MGYG000004222__gradient_L4_xos_gapseq	905	850	139	bio1	0.000000	0.593805	0.023995
MGYG000004222__gradient_L5_pectin_gapseq	905	850	139	bio1	0.000000	0.744498	0.023821
MGYG000004222__gradient_L6_resistant_starch_gapseq	905	850	139	bio1	0.000000	0.606613	0.023686
MGYG000004222__gradient_L7_bglucan_gapseq	905	850	139	bio1	0.000000	0.616292	0.023816
MGYG000004222__gradient_L8_hmo_gapseq	905	850	139	bio1	0.000000	0.598878	0.023781
MGYG000004222__gradient_L9_mos_gapseq	905	850	139	bio1	0.000000	0.765385	0.023706
MGYG000004223__gradient_L0_base_gapseq	1185	1277	304	bio1	0.000000	0.898642	0.042780
MGYG000004223__gradient_L1_inulin_gapseq	1185	1277	304	bio1	0.000000	0.906344	0.042493
MGYG000004223__gradient_L2_fos_gapseq	1185	1277	304	bio1	0.000000	1.003430	0.043278
MGYG000004223__gradient_L3_gos_gapseq	1185	1277	304	bio1	0.940680	0.909774	3.551052
MGYG000004223__gradient_L4_xos_gapseq	1185	1277	304	bio1	0.940680	0.892218	3.283851
MGYG000004223__gradient_L5_pectin_gapseq	1185	1277	304	bio1	0.940680	0.978157	3.282401
MGYG000004223__gradient_L6_resistant_starch_gapseq	1185	1277	304	bio1	1.669962	0.906704	3.274846
MGYG000004223__gradient_L7_bglucan_gapseq	1185	1277	304	bio1	1.669962	0.989428	3.288578
MGYG000004223__gradient_L8_hmo_gapseq	1185	1277	304	bio1	1.669962	0.916784	3.367192
MGYG000004223__gradient_L9_mos_gapseq	1185	1277	304	bio1	1.805080	0.916126	3.296288
MGYG000004228__gradient_L0_base_gapseq	720	675	97	bio1	0.000000	0.481948	0.016093
MGYG000004228__gradient_L1_inulin_gapseq	720	675	97	bio1	0.000000	0.473790	0.018539
MGYG000004228__gradient_L2_fos_gapseq	720	675	97	bio1	0.000000	0.566396	0.017938
MGYG000004228__gradient_L3_gos_gapseq	720	675	97	bio1	0.000000	0.505679	0.019957
MGYG000004228__gradient_L4_xos_gapseq	720	675	97	bio1	0.000000	0.470787	0.017837
MGYG000004228__gradient_L5_pectin_gapseq	720	675	97	bio1	0.000000	0.482825	0.017907
MGYG000004228__gradient_L6_resistant_starch_gapseq	720	675	97	bio1	0.000000	0.492039	0.017874
MGYG000004228__gradient_L7_bglucan_gapseq	720	675	97	bio1	0.000000	0.539042	0.017807
MGYG000004228__gradient_L8_hmo_gapseq	720	675	97	bio1	0.000000	0.468142	0.017963
MGYG000004228__gradient_L9_mos_gapseq	720	675	97	bio1	0.000000	0.465075	0.018240
MGYG000004230__gradient_L0_base_gapseq	1628	1879	515	bio1	1.227249	1.423618	6.956516
MGYG000004230__gradient_L1_inulin_gapseq	1628	1879	515	bio1	1.565027	1.447632	6.949025
MGYG000004230__gradient_L2_fos_gapseq	1628	1879	515	bio1	1.565027	1.382880	7.025665
MGYG000004230__gradient_L3_gos_gapseq	1628	1879	515	bio1	1.894360	1.368540	7.016835
MGYG000004230__gradient_L4_xos_gapseq	1628	1879	515	bio1	1.993582	1.391123	6.991250
MGYG000004230__gradient_L5_pectin_gapseq	1628	1879	515	bio1	1.993582	1.412763	7.013708
MGYG000004230__gradient_L6_resistant_starch_gapseq	1628	1879	515	bio1	2.730360	1.436024	7.077190
MGYG000004230__gradient_L7_bglucan_gapseq	1628	1879	515	bio1	2.976679	1.329452	6.996199
MGYG000004230__gradient_L8_hmo_gapseq	1628	1879	515	bio1	3.147809	1.377943	6.989486
MGYG000004230__gradient_L9_mos_gapseq	1628	1879	515	bio1	3.314766	1.349420	6.990465
MGYG000004232__gradient_L0_base_gapseq	1257	1431	420	bio1	1.333947	1.127413	4.127221
MGYG000004232__gradient_L1_inulin_gapseq	1257	1431	420	bio1	1.688814	1.059383	4.142988
MGYG000004232__gradient_L2_fos_gapseq	1257	1431	420	bio1	1.688814	1.017501	4.123532
MGYG000004232__gradient_L3_gos_gapseq	1257	1431	420	bio1	2.060782	1.097650	4.156434
MGYG000004232__gradient_L4_xos_gapseq	1257	1431	420	bio1	2.060782	1.087894	4.152550
MGYG000004232__gradient_L5_pectin_gapseq	1257	1431	420	bio1	2.060782	1.022939	4.232902
MGYG000004232__gradient_L6_resistant_starch_gapseq	1257	1431	420	bio1	2.231802	1.008548	4.116536
MGYG000004232__gradient_L7_bglucan_gapseq	1257	1431	420	bio1	2.481919	1.117626	4.128429
MGYG000004232__gradient_L8_hmo_gapseq	1257	1431	420	bio1	2.481919	1.013656	4.191743
MGYG000004232__gradient_L9_mos_gapseq	1257	1431	420	bio1	2.652939	1.011402	4.184471
MGYG000004234__gradient_L0_base_gapseq	1210	1361	315	bio1	0.381776	0.993734	3.928957
MGYG000004234__gradient_L1_inulin_gapseq	1210	1361	315	bio1	0.553365	0.966046	3.825688
MGYG000004234__gradient_L2_fos_gapseq	1210	1361	315	bio1	0.553365	1.083210	3.838407
MGYG000004234__gradient_L3_gos_gapseq	1210	1361	315	bio1	0.887963	0.960704	3.925281
MGYG000004234__gradient_L4_xos_gapseq	1210	1361	315	bio1	0.887963	0.988245	3.852055
MGYG000004234__gradient_L5_pectin_gapseq	1210	1361	315	bio1	0.887963	1.051150	3.854042
MGYG000004234__gradient_L6_resistant_starch_gapseq	1210	1361	315	bio1	1.599948	0.982139	3.913894
MGYG000004234__gradient_L7_bglucan_gapseq	1210	1361	315	bio1	1.599948	1.010981	3.827491
MGYG000004234__gradient_L8_hmo_gapseq	1210	1361	315	bio1	1.765809	1.064817	3.822042
MGYG000004234__gradient_L9_mos_gapseq	1210	1361	315	bio1	1.927625	0.996073	3.915769
MGYG000004246__gradient_L0_base_gapseq	1326	1412	297	bio1	0.000000	1.118147	0.053521
MGYG000004246__gradient_L1_inulin_gapseq	1326	1412	297	bio1	0.000000	1.025394	0.054470
MGYG000004246__gradient_L2_fos_gapseq	1326	1412	297	bio1	0.000000	1.095365	0.054609
MGYG000004246__gradient_L3_gos_gapseq	1326	1412	297	bio1	0.620862	1.020650	3.974030
MGYG000004246__gradient_L4_xos_gapseq	1326	1412	297	bio1	0.684542	1.114606	3.949327
MGYG000004246__gradient_L5_pectin_gapseq	1326	1412	297	bio1	0.684542	1.050785	4.041294
MGYG000004246__gradient_L6_resistant_starch_gapseq	1326	1412	297	bio1	1.326626	0.996969	3.980522
MGYG000004246__gradient_L7_bglucan_gapseq	1326	1412	297	bio1	1.534332	1.116775	3.988165
MGYG000004246__gradient_L8_hmo_gapseq	1326	1412	297	bio1	1.534332	1.097663	3.977966
MGYG000004246__gradient_L9_mos_gapseq	1326	1412	297	bio1	1.641535	1.041516	4.086868
MGYG000004249__gradient_L0_base_gapseq	758	687	102	bio1	0.000000	0.506222	0.018459
MGYG000004249__gradient_L1_inulin_gapseq	758	687	102	bio1	0.000000	0.495588	0.018987
MGYG000004249__gradient_L2_fos_gapseq	758	687	102	bio1	0.000000	0.486735	0.019649
MGYG000004249__gradient_L3_gos_gapseq	758	687	102	bio1	0.000000	0.506345	0.018907
MGYG000004249__gradient_L4_xos_gapseq	758	687	102	bio1	0.000000	0.572623	0.018804
MGYG000004249__gradient_L5_pectin_gapseq	758	687	102	bio1	0.000000	0.471590	0.018780
MGYG000004249__gradient_L6_resistant_starch_gapseq	758	687	102	bio1	0.000000	0.478109	0.018846
MGYG000004249__gradient_L7_bglucan_gapseq	758	687	102	bio1	0.000000	0.481766	0.019570
MGYG000004249__gradient_L8_hmo_gapseq	758	687	102	bio1	0.000000	0.562961	0.019103
MGYG000004249__gradient_L9_mos_gapseq	758	687	102	bio1	0.000000	0.476618	0.018769
MGYG000004250__gradient_L0_base_gapseq	1438	1659	426	bio1	0.846725	1.313331	5.483345
MGYG000004250__gradient_L1_inulin_gapseq	1438	1659	426	bio1	1.094837	1.282785	5.466690
MGYG000004250__gradient_L2_fos_gapseq	1438	1659	426	bio1	1.094837	1.251996	5.477862
MGYG000004250__gradient_L3_gos_gapseq	1438	1659	426	bio1	1.370792	1.215421	5.570563
MGYG000004250__gradient_L4_xos_gapseq	1438	1659	426	bio1	1.442585	1.219801	5.567752
MGYG000004250__gradient_L5_pectin_gapseq	1438	1659	426	bio1	1.442585	1.183227	5.555176
MGYG000004250__gradient_L6_resistant_starch_gapseq	1438	1659	426	bio1	1.983278	1.219348	5.477285
MGYG000004250__gradient_L7_bglucan_gapseq	1438	1659	426	bio1	2.165004	1.298400	5.491240
MGYG000004250__gradient_L8_hmo_gapseq	1438	1659	426	bio1	2.299617	1.294660	5.569176
MGYG000004250__gradient_L9_mos_gapseq	1438	1659	426	bio1	2.389358	1.325161	5.501630
MGYG000004252__gradient_L0_base_gapseq	1344	1477	326	bio1	0.000000	1.064099	0.059153
MGYG000004252__gradient_L1_inulin_gapseq	1344	1477	326	bio1	0.457299	1.168760	4.247370
MGYG000004252__gradient_L2_fos_gapseq	1344	1477	326	bio1	0.457299	1.079094	4.362120
MGYG000004252__gradient_L3_gos_gapseq	1344	1477	326	bio1	0.457299	1.066720	4.236437
MGYG000004252__gradient_L4_xos_gapseq	1344	1477	326	bio1	0.457299	1.169479	4.240789
MGYG000004252__gradient_L5_pectin_gapseq	1344	1477	326	bio1	0.457299	1.100360	4.362871
MGYG000004252__gradient_L6_resistant_starch_gapseq	1344	1477	326	bio1	0.550627	1.038920	4.276355
MGYG000004252__gradient_L7_bglucan_gapseq	1344	1477	326	bio1	0.550627	1.164881	4.246286
MGYG000004252__gradient_L8_hmo_gapseq	1344	1477	326	bio1	0.550627	1.160651	4.251890
MGYG000004252__gradient_L9_mos_gapseq	1344	1477	326	bio1	0.550627	1.060222	4.319816
MGYG000004253__gradient_L0_base_gapseq	1260	1375	388	bio1	0.558902	1.010703	4.013723
MGYG000004253__gradient_L1_inulin_gapseq	1260	1375	388	bio1	0.744297	1.074646	4.052038
MGYG000004253__gradient_L2_fos_gapseq	1260	1375	388	bio1	0.744297	1.051833	4.013197
MGYG000004253__gradient_L3_gos_gapseq	1260	1375	388	bio1	0.744297	1.011538	4.124904
MGYG000004253__gradient_L4_xos_gapseq	1260	1375	388	bio1	0.744297	1.009823	4.035483
MGYG000004253__gradient_L5_pectin_gapseq	1260	1375	388	bio1	0.744297	1.088949	4.035823
MGYG000004253__gradient_L6_resistant_starch_gapseq	1260	1375	388	bio1	0.744297	1.012181	4.121336
MGYG000004253__gradient_L7_bglucan_gapseq	1260	1375	388	bio1	0.744297	1.012460	4.018008
MGYG000004253__gradient_L8_hmo_gapseq	1260	1375	388	bio1	0.744297	1.106718	4.003578
MGYG000004253__gradient_L9_mos_gapseq	1260	1375	388	bio1	0.905240	0.981176	4.108362
MGYG000004255__gradient_L0_base_gapseq	1102	1210	250	bio1	0.314252	0.836633	3.106091
MGYG000004255__gradient_L1_inulin_gapseq	1102	1210	250	bio1	0.452236	0.864364	3.170043
MGYG000004255__gradient_L2_fos_gapseq	1102	1210	250	bio1	0.452236	0.854744	3.073029
MGYG000004255__gradient_L3_gos_gapseq	1102	1210	250	bio1	0.452236	0.934890	3.084192
MGYG000004255__gradient_L4_xos_gapseq	1102	1210	250	bio1	0.452236	0.842795	3.067519
MGYG000004255__gradient_L5_pectin_gapseq	1102	1210	250	bio1	0.452236	0.912115	3.076738
MGYG000004255__gradient_L6_resistant_starch_gapseq	1102	1210	250	bio1	0.758958	0.824122	3.175633
MGYG000004255__gradient_L7_bglucan_gapseq	1102	1210	250	bio1	0.758958	0.866366	3.077885
MGYG000004255__gradient_L8_hmo_gapseq	1102	1210	250	bio1	0.758958	0.948807	3.133410
MGYG000004255__gradient_L9_mos_gapseq	1102	1210	250	bio1	0.878960	0.832734	3.086821
MGYG000004258__gradient_L0_base_gapseq	1134	1251	311	bio1	0.403790	0.880187	3.168766
MGYG000004258__gradient_L1_inulin_gapseq	1134	1251	311	bio1	0.619218	0.972383	3.212289
MGYG000004258__gradient_L2_fos_gapseq	1134	1251	311	bio1	0.619218	0.889170	3.174531
MGYG000004258__gradient_L3_gos_gapseq	1134	1251	311	bio1	0.797975	0.951492	3.178771
MGYG000004258__gradient_L4_xos_gapseq	1134	1251	311	bio1	0.797975	0.899692	3.273476
MGYG000004258__gradient_L5_pectin_gapseq	1134	1251	311	bio1	0.797975	0.894932	3.174448
MGYG000004258__gradient_L6_resistant_starch_gapseq	1134	1251	311	bio1	1.200199	0.954329	3.182361
MGYG000004258__gradient_L7_bglucan_gapseq	1134	1251	311	bio1	1.200199	0.886681	3.244590
MGYG000004258__gradient_L8_hmo_gapseq	1134	1251	311	bio1	1.200199	0.902399	3.181819
MGYG000004258__gradient_L9_mos_gapseq	1134	1251	311	bio1	1.294518	0.962203	3.171504
MGYG000004271__gradient_L0_base_gapseq	1550	1794	454	bio1	0.000000	1.255272	0.078458
MGYG000004271__gradient_L1_inulin_gapseq	1550	1794	454	bio1	0.000000	1.375691	0.078401
MGYG000004271__gradient_L2_fos_gapseq	1550	1794	454	bio1	0.000000	1.317142	0.086229
MGYG000004271__gradient_L3_gos_gapseq	1550	1794	454	bio1	1.168359	1.378185	6.420726
MGYG000004271__gradient_L4_xos_gapseq	1550	1794	454	bio1	1.214220	1.372626	6.426756
MGYG000004271__gradient_L5_pectin_gapseq	1550	1794	454	bio1	1.249162	1.360139	6.417738
MGYG000004271__gradient_L6_resistant_starch_gapseq	1550	1794	454	bio1	1.801680	1.357114	6.419006
MGYG000004271__gradient_L7_bglucan_gapseq	1550	1794	454	bio1	1.978573	1.425991	6.415416
MGYG000004271__gradient_L8_hmo_gapseq	1550	1794	454	bio1	2.109605	1.279673	6.495303
MGYG000004271__gradient_L9_mos_gapseq	1550	1794	454	bio1	2.196960	1.281995	6.522436
MGYG000004274__gradient_L0_base_gapseq	1157	1300	301	bio1	0.563591	1.005659	3.465759
MGYG000004274__gradient_L1_inulin_gapseq	1157	1300	301	bio1	0.792852	0.926917	3.551587
MGYG000004274__gradient_L2_fos_gapseq	1157	1300	301	bio1	0.792852	0.922980	3.469302
MGYG000004274__gradient_L3_gos_gapseq	1157	1300	301	bio1	1.021337	0.975959	3.480630
MGYG000004274__gradient_L4_xos_gapseq	1157	1300	301	bio1	1.021337	0.928866	3.554672
MGYG000004274__gradient_L5_pectin_gapseq	1157	1300	301	bio1	1.021337	0.927220	3.465970
MGYG000004274__gradient_L6_resistant_starch_gapseq	1157	1300	301	bio1	1.497192	0.981510	3.463569
MGYG000004274__gradient_L7_bglucan_gapseq	1157	1300	301	bio1	1.497192	0.930852	3.471787
MGYG000004274__gradient_L8_hmo_gapseq	1157	1300	301	bio1	1.497192	0.993215	3.457374
MGYG000004274__gradient_L9_mos_gapseq	1157	1300	301	bio1	1.608611	0.925928	3.533575
MGYG000004277__gradient_L0_base_gapseq	1321	1438	339	bio1	0.319136	1.003251	4.342254
MGYG000004277__gradient_L1_inulin_gapseq	1321	1438	339	bio1	0.455659	1.067888	4.262781
MGYG000004277__gradient_L2_fos_gapseq	1321	1438	339	bio1	0.455659	1.134295	4.258237
MGYG000004277__gradient_L3_gos_gapseq	1321	1438	339	bio1	0.455659	1.046482	4.336786
MGYG000004277__gradient_L4_xos_gapseq	1321	1438	339	bio1	0.455659	1.078671	4.264790
MGYG000004277__gradient_L5_pectin_gapseq	1321	1438	339	bio1	0.455659	1.101618	4.249233
MGYG000004277__gradient_L6_resistant_starch_gapseq	1321	1438	339	bio1	0.455659	1.113735	4.257130
MGYG000004277__gradient_L7_bglucan_gapseq	1321	1438	339	bio1	0.455659	1.037629	4.352835
MGYG000004277__gradient_L8_hmo_gapseq	1321	1438	339	bio1	0.455659	1.027819	4.240136
MGYG000004277__gradient_L9_mos_gapseq	1321	1438	339	bio1	0.455659	1.103849	4.321433
MGYG000004278__gradient_L0_base_gapseq	1166	1199	277	bio1	0.000000	0.853308	0.039267
MGYG000004278__gradient_L1_inulin_gapseq	1166	1199	277	bio1	0.000000	0.848900	0.121673
MGYG000004278__gradient_L2_fos_gapseq	1166	1199	277	bio1	0.000000	0.871959	0.038678
MGYG000004278__gradient_L3_gos_gapseq	1166	1199	277	bio1	0.000000	0.878382	0.039066
MGYG000004278__gradient_L4_xos_gapseq	1166	1199	277	bio1	0.300212	0.950491	2.990798
MGYG000004278__gradient_L5_pectin_gapseq	1166	1199	277	bio1	0.300212	0.868529	2.985072
MGYG000004278__gradient_L6_resistant_starch_gapseq	1166	1199	277	bio1	0.314016	0.946726	3.001171
MGYG000004278__gradient_L7_bglucan_gapseq	1166	1199	277	bio1	0.314016	0.853940	3.111187
MGYG000004278__gradient_L8_hmo_gapseq	1166	1199	277	bio1	0.314016	0.874078	2.997453
MGYG000004278__gradient_L9_mos_gapseq	1166	1199	277	bio1	0.314016	0.905267	3.028880
MGYG000004284__gradient_L0_base_gapseq	1192	1327	306	bio1	0.351614	0.939348	3.613682
MGYG000004284__gradient_L1_inulin_gapseq	1192	1327	306	bio1	0.512356	1.054407	3.656285
MGYG000004284__gradient_L2_fos_gapseq	1192	1327	306	bio1	0.512356	0.960156	3.694904
MGYG000004284__gradient_L3_gos_gapseq	1192	1327	306	bio1	0.663052	0.969399	3.613916
MGYG000004284__gradient_L4_xos_gapseq	1192	1327	306	bio1	0.663052	1.063604	3.601896
MGYG000004284__gradient_L5_pectin_gapseq	1192	1327	306	bio1	0.663052	0.942154	3.708600
MGYG000004284__gradient_L6_resistant_starch_gapseq	1192	1327	306	bio1	0.997068	0.963290	3.620280
MGYG000004284__gradient_L7_bglucan_gapseq	1192	1327	306	bio1	1.108960	1.023990	3.615011
MGYG000004284__gradient_L8_hmo_gapseq	1192	1327	306	bio1	1.108960	0.932663	3.706305
MGYG000004284__gradient_L9_mos_gapseq	1192	1327	306	bio1	1.188527	0.972233	3.620025
MGYG000004289__gradient_L0_base_gapseq	1310	1383	314	bio1	0.000000	1.013868	0.051382
MGYG000004289__gradient_L1_inulin_gapseq	1310	1383	314	bio1	0.486508	1.096554	4.138666
MGYG000004289__gradient_L2_fos_gapseq	1310	1383	314	bio1	0.486508	1.009695	4.199280
MGYG000004289__gradient_L3_gos_gapseq	1310	1383	314	bio1	0.486508	1.040173	4.078243
MGYG000004289__gradient_L4_xos_gapseq	1310	1383	314	bio1	0.500959	1.108644	4.101159
MGYG000004289__gradient_L5_pectin_gapseq	1310	1383	314	bio1	0.500959	0.998575	4.166949
MGYG000004289__gradient_L6_resistant_starch_gapseq	1310	1383	314	bio1	0.635835	1.039664	4.050429
MGYG000004289__gradient_L7_bglucan_gapseq	1310	1383	314	bio1	0.635835	1.120475	4.041291
MGYG000004289__gradient_L8_hmo_gapseq	1310	1383	314	bio1	0.635835	1.042351	4.224637
MGYG000004289__gradient_L9_mos_gapseq	1310	1383	314	bio1	0.635835	1.028418	4.075581
MGYG000004295__gradient_L0_base_gapseq	2062	2528	895	bio1	1.188535	1.951389	12.387672
MGYG000004295__gradient_L1_inulin_gapseq	2062	2528	895	bio1	1.469673	1.932161	12.362798
MGYG000004295__gradient_L2_fos_gapseq	2062	2528	895	bio1	1.469673	1.949699	12.482910
MGYG000004295__gradient_L3_gos_gapseq	2062	2528	895	bio1	1.566570	1.912179	12.348147
MGYG000004295__gradient_L4_xos_gapseq	2062	2528	895	bio1	1.646181	1.935339	12.301466
MGYG000004295__gradient_L5_pectin_gapseq	2062	2528	895	bio1	1.646181	1.919005	12.347246
MGYG000004295__gradient_L6_resistant_starch_gapseq	2062	2528	895	bio1	2.275330	1.940665	12.300136
MGYG000004295__gradient_L7_bglucan_gapseq	2062	2528	895	bio1	2.275330	1.845151	12.413772
MGYG000004295__gradient_L8_hmo_gapseq	2062	2528	895	bio1	2.275330	1.971696	12.352980
MGYG000004295__gradient_L9_mos_gapseq	2062	2528	895	bio1	2.404778	1.911404	12.326843
MGYG000004298__gradient_L0_base_gapseq	1180	1297	274	bio1	0.349957	0.934599	3.385141
MGYG000004298__gradient_L1_inulin_gapseq	1180	1297	274	bio1	0.493531	1.012978	3.375492
MGYG000004298__gradient_L2_fos_gapseq	1180	1297	274	bio1	0.493531	0.932435	3.451791
MGYG000004298__gradient_L3_gos_gapseq	1180	1297	274	bio1	0.493531	0.939005	3.379791
MGYG000004298__gradient_L4_xos_gapseq	1180	1297	274	bio1	0.493531	1.045905	3.375824
MGYG000004298__gradient_L5_pectin_gapseq	1180	1297	274	bio1	0.493531	0.927730	3.461661
MGYG000004298__gradient_L6_resistant_starch_gapseq	1180	1297	274	bio1	1.146327	0.934543	3.370845
MGYG000004298__gradient_L7_bglucan_gapseq	1180	1297	274	bio1	1.146327	1.002097	3.388439
MGYG000004298__gradient_L8_hmo_gapseq	1180	1297	274	bio1	1.146327	0.908475	3.468660
MGYG000004298__gradient_L9_mos_gapseq	1180	1297	274	bio1	1.146327	0.943254	3.401914
MGYG000004308__gradient_L0_base_gapseq	1102	1178	272	bio1	0.000000	0.895638	0.038819
MGYG000004308__gradient_L1_inulin_gapseq	1102	1178	272	bio1	0.000000	0.839058	0.040659
MGYG000004308__gradient_L2_fos_gapseq	1102	1178	272	bio1	0.000000	0.870771	0.041524
MGYG000004308__gradient_L3_gos_gapseq	1102	1178	272	bio1	0.000000	0.920336	0.041812
MGYG000004308__gradient_L4_xos_gapseq	1102	1178	272	bio1	0.000000	0.856151	0.040882
MGYG000004308__gradient_L5_pectin_gapseq	1102	1178	272	bio1	0.000000	0.926862	0.041354
MGYG000004308__gradient_L6_resistant_starch_gapseq	1102	1178	272	bio1	0.000000	0.860127	0.041711
MGYG000004308__gradient_L7_bglucan_gapseq	1102	1178	272	bio1	0.000000	0.814782	0.042023
MGYG000004308__gradient_L8_hmo_gapseq	1102	1178	272	bio1	0.000000	0.928393	0.040969
MGYG000004308__gradient_L9_mos_gapseq	1102	1178	272	bio1	0.000000	0.873958	0.040992
MGYG000004323__gradient_L0_base_gapseq	1274	1406	304	bio1	0.000000	1.084271	0.050180
MGYG000004323__gradient_L1_inulin_gapseq	1274	1406	304	bio1	0.000000	1.006657	0.053155
MGYG000004323__gradient_L2_fos_gapseq	1274	1406	304	bio1	0.000000	1.051271	0.053639
MGYG000004323__gradient_L3_gos_gapseq	1274	1406	304	bio1	0.000000	1.003330	0.052853
MGYG000004323__gradient_L4_xos_gapseq	1274	1406	304	bio1	1.098815	1.048227	4.074703
MGYG000004323__gradient_L5_pectin_gapseq	1274	1406	304	bio1	1.098815	0.988909	4.171173
MGYG000004323__gradient_L6_resistant_starch_gapseq	1274	1406	304	bio1	1.801135	0.994172	4.066278
MGYG000004323__gradient_L7_bglucan_gapseq	1274	1406	304	bio1	2.047896	1.086230	4.052443
MGYG000004323__gradient_L8_hmo_gapseq	1274	1406	304	bio1	2.047896	1.019819	4.155337
MGYG000004323__gradient_L9_mos_gapseq	1274	1406	304	bio1	2.182876	1.009091	4.064162
MGYG000004329__gradient_L0_base_gapseq	1308	1495	329	bio1	0.769920	1.166800	4.442227
MGYG000004329__gradient_L1_inulin_gapseq	1308	1495	329	bio1	0.874478	1.087732	4.525220
MGYG000004329__gradient_L2_fos_gapseq	1308	1495	329	bio1	0.874478	1.092208	4.450425
MGYG000004329__gradient_L3_gos_gapseq	1308	1495	329	bio1	0.952897	1.149178	4.428474
MGYG000004329__gradient_L4_xos_gapseq	1308	1495	329	bio1	0.952897	1.136206	4.442354
MGYG000004329__gradient_L5_pectin_gapseq	1308	1495	329	bio1	0.952897	1.043657	4.514047
MGYG000004329__gradient_L6_resistant_starch_gapseq	1308	1495	329	bio1	1.057458	1.065875	4.390399
MGYG000004329__gradient_L7_bglucan_gapseq	1308	1495	329	bio1	1.057458	1.146915	4.436682
MGYG000004329__gradient_L8_hmo_gapseq	1308	1495	329	bio1	1.057458	1.064018	4.519347
MGYG000004329__gradient_L9_mos_gapseq	1308	1495	329	bio1	1.153253	1.057580	4.424417
MGYG000004335__gradient_L0_base_gapseq	1149	1311	322	bio1	0.790848	1.028068	3.520481
MGYG000004335__gradient_L1_inulin_gapseq	1149	1311	322	bio1	1.085263	0.935800	3.528547
MGYG000004335__gradient_L2_fos_gapseq	1149	1311	322	bio1	1.085263	1.040711	3.539645
MGYG000004335__gradient_L3_gos_gapseq	1149	1311	322	bio1	1.380636	0.941675	3.615135
MGYG000004335__gradient_L4_xos_gapseq	1149	1311	322	bio1	1.380636	0.913759	3.519746
MGYG000004335__gradient_L5_pectin_gapseq	1149	1311	322	bio1	1.380636	0.987493	3.510713
MGYG000004335__gradient_L6_resistant_starch_gapseq	1149	1311	322	bio1	2.000472	0.924906	3.627411
MGYG000004335__gradient_L7_bglucan_gapseq	1149	1311	322	bio1	2.000472	0.930297	3.526383
MGYG000004335__gradient_L8_hmo_gapseq	1149	1311	322	bio1	2.000472	1.000276	3.526702
MGYG000004335__gradient_L9_mos_gapseq	1149	1311	322	bio1	2.143683	0.934361	3.568645
MGYG000004337__gradient_L0_base_gapseq	1327	1398	340	bio1	0.418021	1.130262	4.099835
MGYG000004337__gradient_L1_inulin_gapseq	1327	1398	340	bio1	0.566651	1.097837	4.113381
MGYG000004337__gradient_L2_fos_gapseq	1327	1398	340	bio1	0.566651	1.023115	4.213445
MGYG000004337__gradient_L3_gos_gapseq	1327	1398	340	bio1	0.566651	1.050948	4.120839
MGYG000004337__gradient_L4_xos_gapseq	1327	1398	340	bio1	0.566651	1.114801	4.101940
MGYG000004337__gradient_L5_pectin_gapseq	1327	1398	340	bio1	0.566651	1.047327	4.182629
MGYG000004337__gradient_L6_resistant_starch_gapseq	1327	1398	340	bio1	0.683582	1.040580	4.114440
MGYG000004337__gradient_L7_bglucan_gapseq	1327	1398	340	bio1	0.683582	1.121199	4.116760
MGYG000004337__gradient_L8_hmo_gapseq	1327	1398	340	bio1	0.683582	1.056941	4.184497
MGYG000004337__gradient_L9_mos_gapseq	1327	1398	340	bio1	0.683582	1.029262	4.087786
MGYG000004341__gradient_L0_base_gapseq	1169	1232	277	bio1	0.000000	0.885420	0.039327
MGYG000004341__gradient_L1_inulin_gapseq	1169	1232	277	bio1	0.000000	0.894364	0.043109
MGYG000004341__gradient_L2_fos_gapseq	1169	1232	277	bio1	0.000000	0.952070	0.041910
MGYG000004341__gradient_L3_gos_gapseq	1169	1232	277	bio1	0.000000	0.894147	0.043140
MGYG000004341__gradient_L4_xos_gapseq	1169	1232	277	bio1	0.341771	0.972964	3.120417
MGYG000004341__gradient_L5_pectin_gapseq	1169	1232	277	bio1	0.341771	0.916709	3.123138
MGYG000004341__gradient_L6_resistant_starch_gapseq	1169	1232	277	bio1	0.377624	0.991196	3.123167
MGYG000004341__gradient_L7_bglucan_gapseq	1169	1232	277	bio1	0.379828	0.893225	3.184013
MGYG000004341__gradient_L8_hmo_gapseq	1169	1232	277	bio1	0.379828	0.892762	3.126182
MGYG000004341__gradient_L9_mos_gapseq	1169	1232	277	bio1	0.379828	0.931612	3.131626
MGYG000004356__gradient_L0_base_gapseq	1173	1313	324	bio1	0.775170	1.037156	3.461143
MGYG000004356__gradient_L1_inulin_gapseq	1173	1313	324	bio1	1.066916	1.004963	3.443768
MGYG000004356__gradient_L2_fos_gapseq	1173	1313	324	bio1	1.066916	0.944066	3.440932
MGYG000004356__gradient_L3_gos_gapseq	1173	1313	324	bio1	1.359710	1.018660	3.459995
MGYG000004356__gradient_L4_xos_gapseq	1173	1313	324	bio1	1.359710	0.945199	3.516194
MGYG000004356__gradient_L5_pectin_gapseq	1173	1313	324	bio1	1.359710	0.942457	3.456572
MGYG000004356__gradient_L6_resistant_starch_gapseq	1173	1313	324	bio1	1.974136	1.007801	3.441581
MGYG000004356__gradient_L7_bglucan_gapseq	1173	1313	324	bio1	1.974136	0.934713	3.540640
MGYG000004356__gradient_L8_hmo_gapseq	1173	1313	324	bio1	1.974136	0.942774	3.454919
MGYG000004356__gradient_L9_mos_gapseq	1173	1313	324	bio1	2.116097	1.017500	3.462217
MGYG000004359__gradient_L0_base_gapseq	1492	1627	432	bio1	0.790984	1.230474	5.434304
MGYG000004359__gradient_L1_inulin_gapseq	1492	1627	432	bio1	1.043099	1.240712	5.420787
MGYG000004359__gradient_L2_fos_gapseq	1492	1627	432	bio1	1.043099	1.181543	5.346626
MGYG000004359__gradient_L3_gos_gapseq	1492	1627	432	bio1	1.043099	1.318279	5.355449
MGYG000004359__gradient_L4_xos_gapseq	1492	1627	432	bio1	1.080358	1.294084	5.417432
MGYG000004359__gradient_L5_pectin_gapseq	1492	1627	432	bio1	1.080358	1.303264	5.367885
MGYG000004359__gradient_L6_resistant_starch_gapseq	1492	1627	432	bio1	1.384281	1.220483	5.418775
MGYG000004359__gradient_L7_bglucan_gapseq	1492	1627	432	bio1	1.384281	1.233752	5.403877
MGYG000004359__gradient_L8_hmo_gapseq	1492	1627	432	bio1	1.384281	1.224908	5.337356
MGYG000004359__gradient_L9_mos_gapseq	1492	1627	432	bio1	1.508512	1.307099	5.361358
MGYG000004366__gradient_L0_base_gapseq	1170	1322	319	bio1	0.760201	1.051828	3.694602
MGYG000004366__gradient_L1_inulin_gapseq	1170	1322	319	bio1	1.053759	0.985201	3.661169
MGYG000004366__gradient_L2_fos_gapseq	1170	1322	319	bio1	1.053759	0.943606	3.659502
MGYG000004366__gradient_L3_gos_gapseq	1170	1322	319	bio1	1.347834	1.013940	3.666731
MGYG000004366__gradient_L4_xos_gapseq	1170	1322	319	bio1	1.403318	0.939454	3.795527
MGYG000004366__gradient_L5_pectin_gapseq	1170	1322	319	bio1	1.403318	0.937855	3.678458
MGYG000004366__gradient_L6_resistant_starch_gapseq	1170	1322	319	bio1	2.021318	1.018002	3.686792
MGYG000004366__gradient_L7_bglucan_gapseq	1170	1322	319	bio1	2.021318	0.940694	3.752498
MGYG000004366__gradient_L8_hmo_gapseq	1170	1322	319	bio1	2.021318	0.941087	3.660819
MGYG000004366__gradient_L9_mos_gapseq	1170	1322	319	bio1	2.164105	0.985491	3.668001
MGYG000004369__gradient_L0_base_gapseq	1341	1550	393	bio1	0.166964	1.103503	4.850921
MGYG000004369__gradient_L1_inulin_gapseq	1341	1550	393	bio1	0.275271	1.227067	4.897600
MGYG000004369__gradient_L2_fos_gapseq	1341	1550	393	bio1	0.275271	1.205740	4.851994
MGYG000004369__gradient_L3_gos_gapseq	1341	1550	393	bio1	0.485117	1.213915	4.870517
MGYG000004369__gradient_L4_xos_gapseq	1341	1550	393	bio1	0.546039	1.118575	4.938173
MGYG000004369__gradient_L5_pectin_gapseq	1341	1550	393	bio1	0.577629	1.109909	4.870676
MGYG000004369__gradient_L6_resistant_starch_gapseq	1341	1550	393	bio1	1.003832	1.194738	4.846350
MGYG000004369__gradient_L7_bglucan_gapseq	1341	1550	393	bio1	1.155397	1.174097	4.841256
MGYG000004369__gradient_L8_hmo_gapseq	1341	1550	393	bio1	1.155397	1.112410	4.936072
MGYG000004369__gradient_L9_mos_gapseq	1341	1550	393	bio1	1.225687	1.112523	4.936597
MGYG000004370__gradient_L0_base_gapseq	1134	1198	210	bio1	0.000000	0.865031	0.039420
MGYG000004370__gradient_L1_inulin_gapseq	1134	1198	210	bio1	0.000000	0.927569	0.043751
MGYG000004370__gradient_L2_fos_gapseq	1134	1198	210	bio1	0.000000	0.864724	0.044134
MGYG000004370__gradient_L3_gos_gapseq	1134	1198	210	bio1	0.000000	0.859283	0.044460
MGYG000004370__gradient_L4_xos_gapseq	1134	1198	210	bio1	0.000000	0.929824	0.044695
MGYG000004370__gradient_L5_pectin_gapseq	1134	1198	210	bio1	0.000000	0.860072	0.051395
MGYG000004370__gradient_L6_resistant_starch_gapseq	1134	1198	210	bio1	0.000000	0.972727	0.044397
MGYG000004370__gradient_L7_bglucan_gapseq	1134	1198	210	bio1	0.000000	0.830039	0.045132
MGYG000004370__gradient_L8_hmo_gapseq	1134	1198	210	bio1	0.000000	0.859942	0.045064
MGYG000004370__gradient_L9_mos_gapseq	1134	1198	210	bio1	0.000000	0.956135	0.045440
MGYG000004376__gradient_L0_base_gapseq	1130	1271	283	bio1	0.000000	0.935466	0.047896
MGYG000004376__gradient_L1_inulin_gapseq	1130	1271	283	bio1	0.000000	1.021209	0.048307
MGYG000004376__gradient_L2_fos_gapseq	1130	1271	283	bio1	0.000000	0.905905	0.048859
MGYG000004376__gradient_L3_gos_gapseq	1130	1271	283	bio1	0.771245	0.913416	3.353997
MGYG000004376__gradient_L4_xos_gapseq	1130	1271	283	bio1	0.871850	0.933586	3.240134
MGYG000004376__gradient_L5_pectin_gapseq	1130	1271	283	bio1	0.871850	1.044342	3.236456
MGYG000004376__gradient_L6_resistant_starch_gapseq	1130	1271	283	bio1	0.981117	0.895394	3.334251
MGYG000004376__gradient_L7_bglucan_gapseq	1130	1271	283	bio1	0.981117	0.898533	3.231071
MGYG000004376__gradient_L8_hmo_gapseq	1130	1271	283	bio1	0.981117	0.918128	3.307985
MGYG000004376__gradient_L9_mos_gapseq	1130	1271	283	bio1	0.981117	0.918567	3.247902
MGYG000004380__gradient_L0_base_gapseq	1388	1526	354	bio1	0.000000	1.116729	0.139019
MGYG000004380__gradient_L1_inulin_gapseq	1388	1526	354	bio1	0.000000	1.087379	0.061292
MGYG000004380__gradient_L2_fos_gapseq	1388	1526	354	bio1	0.000000	1.153383	0.060355
MGYG000004380__gradient_L3_gos_gapseq	1388	1526	354	bio1	0.855061	1.165347	4.720585
MGYG000004380__gradient_L4_xos_gapseq	1388	1526	354	bio1	0.855061	1.232036	4.752963
MGYG000004380__gradient_L5_pectin_gapseq	1388	1526	354	bio1	0.855061	1.214671	4.747034
MGYG000004380__gradient_L6_resistant_starch_gapseq	1388	1526	354	bio1	1.393218	1.118416	4.831462
MGYG000004380__gradient_L7_bglucan_gapseq	1388	1526	354	bio1	1.393218	1.110747	4.749350
MGYG000004380__gradient_L8_hmo_gapseq	1388	1526	354	bio1	1.393218	1.176667	4.762333
MGYG000004380__gradient_L9_mos_gapseq	1388	1526	354	bio1	1.393218	1.198838	4.731797
MGYG000004382__gradient_L0_base_gapseq	1348	1473	380	bio1	0.000000	1.189462	0.060655
MGYG000004382__gradient_L1_inulin_gapseq	1348	1473	380	bio1	0.000000	1.090671	0.058405
MGYG000004382__gradient_L2_fos_gapseq	1348	1473	380	bio1	0.000000	1.143060	0.056255
MGYG000004382__gradient_L3_gos_gapseq	1348	1473	380	bio1	0.724615	1.106781	4.445297
MGYG000004382__gradient_L4_xos_gapseq	1348	1473	380	bio1	0.724615	1.179710	4.423279
MGYG000004382__gradient_L5_pectin_gapseq	1348	1473	380	bio1	0.724615	1.137304	4.438593
MGYG000004382__gradient_L6_resistant_starch_gapseq	1348	1473	380	bio1	1.224751	1.104697	4.521977
MGYG000004382__gradient_L7_bglucan_gapseq	1348	1473	380	bio1	1.224751	1.100266	4.428844
MGYG000004382__gradient_L8_hmo_gapseq	1348	1473	380	bio1	1.224751	1.162447	4.430878
MGYG000004382__gradient_L9_mos_gapseq	1348	1473	380	bio1	1.224751	1.182020	4.444364
MGYG000004387__gradient_L0_base_gapseq	1168	1269	316	bio1	0.814736	0.987374	3.233610
MGYG000004387__gradient_L1_inulin_gapseq	1168	1269	316	bio1	1.105032	0.915286	3.328870
MGYG000004387__gradient_L2_fos_gapseq	1168	1269	316	bio1	1.105032	0.904836	3.248314
MGYG000004387__gradient_L3_gos_gapseq	1168	1269	316	bio1	1.396181	0.968131	3.231704
MGYG000004387__gradient_L4_xos_gapseq	1168	1269	316	bio1	1.396181	0.907555	3.251773
MGYG000004387__gradient_L5_pectin_gapseq	1168	1269	316	bio1	1.396181	1.006808	3.248914
MGYG000004387__gradient_L6_resistant_starch_gapseq	1168	1269	316	bio1	2.007152	0.918095	3.320832
MGYG000004387__gradient_L7_bglucan_gapseq	1168	1269	316	bio1	2.007152	0.900988	3.243399
MGYG000004387__gradient_L8_hmo_gapseq	1168	1269	316	bio1	2.007152	0.993922	3.251294
MGYG000004387__gradient_L9_mos_gapseq	1168	1269	316	bio1	2.148315	0.897608	3.353202
MGYG000004393__gradient_L0_base_gapseq	648	633	83	bio1	0.000000	0.429894	0.016233
MGYG000004393__gradient_L1_inulin_gapseq	648	633	83	bio1	0.000000	0.424936	0.016135
MGYG000004393__gradient_L2_fos_gapseq	648	633	83	bio1	0.000000	0.423610	0.016105
MGYG000004393__gradient_L3_gos_gapseq	648	633	83	bio1	0.000000	0.424394	0.015958
MGYG000004393__gradient_L4_xos_gapseq	648	633	83	bio1	0.000000	0.426760	0.016040
MGYG000004393__gradient_L5_pectin_gapseq	648	633	83	bio1	0.000000	0.539685	0.016207
MGYG000004393__gradient_L6_resistant_starch_gapseq	648	633	83	bio1	0.000000	0.466612	0.016255
MGYG000004393__gradient_L7_bglucan_gapseq	648	633	83	bio1	0.000000	0.413689	0.015951
MGYG000004393__gradient_L8_hmo_gapseq	648	633	83	bio1	0.000000	0.420330	0.016040
MGYG000004393__gradient_L9_mos_gapseq	648	633	83	bio1	0.000000	0.425022	0.016648
MGYG000004416__gradient_L0_base_gapseq	1104	1180	206	bio1	0.000000	0.931260	0.039990
MGYG000004416__gradient_L1_inulin_gapseq	1104	1180	206	bio1	0.136901	0.872583	2.961498
MGYG000004416__gradient_L2_fos_gapseq	1104	1180	206	bio1	0.136901	0.927066	2.957084
MGYG000004416__gradient_L3_gos_gapseq	1104	1180	206	bio1	0.136901	0.868565	2.947195
MGYG000004416__gradient_L4_xos_gapseq	1104	1180	206	bio1	0.136901	0.910652	2.966259
MGYG000004416__gradient_L5_pectin_gapseq	1104	1180	206	bio1	0.136901	0.850063	3.050056
MGYG000004416__gradient_L6_resistant_starch_gapseq	1104	1180	206	bio1	0.176018	0.832817	2.953567
MGYG000004416__gradient_L7_bglucan_gapseq	1104	1180	206	bio1	0.176018	0.913083	2.950685
MGYG000004416__gradient_L8_hmo_gapseq	1104	1180	206	bio1	0.176018	0.854060	2.999968
MGYG000004416__gradient_L9_mos_gapseq	1104	1180	206	bio1	0.215136	0.935989	2.962054
MGYG000004424__gradient_L0_base_gapseq	941	1097	253	bio1	0.290025	0.755657	2.559977
MGYG000004424__gradient_L1_inulin_gapseq	941	1097	253	bio1	0.400514	0.866663	2.547647
MGYG000004424__gradient_L2_fos_gapseq	941	1097	253	bio1	0.400514	0.742598	2.560006
MGYG000004424__gradient_L3_gos_gapseq	941	1097	253	bio1	0.400514	0.828145	2.550701
MGYG000004424__gradient_L4_xos_gapseq	941	1097	253	bio1	0.441947	0.750974	2.562331
MGYG000004424__gradient_L5_pectin_gapseq	941	1097	253	bio1	0.441947	0.882250	2.593862
MGYG000004424__gradient_L6_resistant_starch_gapseq	941	1097	253	bio1	0.707453	0.753499	2.554047
MGYG000004424__gradient_L7_bglucan_gapseq	941	1097	253	bio1	0.707453	0.825214	2.562730
MGYG000004424__gradient_L8_hmo_gapseq	941	1097	253	bio1	0.707453	0.749898	2.575978
MGYG000004424__gradient_L9_mos_gapseq	941	1097	253	bio1	0.707453	0.813067	2.576580
MGYG000004425__gradient_L0_base_gapseq	874	960	174	bio1	0.000000	0.666729	0.028207
MGYG000004425__gradient_L1_inulin_gapseq	874	960	174	bio1	0.000000	0.734689	0.027600
MGYG000004425__gradient_L2_fos_gapseq	874	960	174	bio1	0.000000	0.656020	0.028981
MGYG000004425__gradient_L3_gos_gapseq	874	960	174	bio1	0.423509	0.665830	1.977491
MGYG000004425__gradient_L4_xos_gapseq	874	960	174	bio1	0.423509	0.737863	1.977246
MGYG000004425__gradient_L5_pectin_gapseq	874	960	174	bio1	0.473069	0.660486	2.030701
MGYG000004425__gradient_L6_resistant_starch_gapseq	874	960	174	bio1	1.083716	0.653455	2.062625
MGYG000004425__gradient_L7_bglucan_gapseq	874	960	174	bio1	1.083716	0.658707	1.981746
MGYG000004425__gradient_L8_hmo_gapseq	874	960	174	bio1	1.083716	0.653471	2.057261
MGYG000004425__gradient_L9_mos_gapseq	874	960	174	bio1	1.186316	0.652755	1.975713
MGYG000004435__gradient_L0_base_gapseq	840	876	188	bio1	0.000000	0.599551	0.026092
MGYG000004435__gradient_L1_inulin_gapseq	840	876	188	bio1	0.000000	0.603389	0.026028
MGYG000004435__gradient_L2_fos_gapseq	840	876	188	bio1	0.000000	0.595911	0.026199
MGYG000004435__gradient_L3_gos_gapseq	840	876	188	bio1	0.033653	0.727118	1.622528
MGYG000004435__gradient_L4_xos_gapseq	840	876	188	bio1	0.033653	0.599832	1.620158
MGYG000004435__gradient_L5_pectin_gapseq	840	876	188	bio1	0.047117	0.623832	1.743793
MGYG000004435__gradient_L6_resistant_starch_gapseq	840	876	188	bio1	0.047117	0.600569	1.616594
MGYG000004435__gradient_L7_bglucan_gapseq	840	876	188	bio1	0.047117	0.602314	1.620267
MGYG000004435__gradient_L8_hmo_gapseq	840	876	188	bio1	0.047558	0.662557	1.614384
MGYG000004435__gradient_L9_mos_gapseq	840	876	188	bio1	0.047558	0.630631	1.624417
MGYG000004439__gradient_L0_base_gapseq	1169	1285	260	bio1	0.000000	0.926954	0.041790
MGYG000004439__gradient_L1_inulin_gapseq	1169	1285	260	bio1	0.000000	1.016222	0.043123
MGYG000004439__gradient_L2_fos_gapseq	1169	1285	260	bio1	0.000000	0.919925	0.042910
MGYG000004439__gradient_L3_gos_gapseq	1169	1285	260	bio1	0.776885	1.000713	3.337423
MGYG000004439__gradient_L4_xos_gapseq	1169	1285	260	bio1	0.833706	0.929249	3.331158
MGYG000004439__gradient_L5_pectin_gapseq	1169	1285	260	bio1	0.833706	1.005105	3.337432
MGYG000004439__gradient_L6_resistant_starch_gapseq	1169	1285	260	bio1	1.136893	0.951602	3.431152
MGYG000004439__gradient_L7_bglucan_gapseq	1169	1285	260	bio1	1.136893	0.937625	3.308990
MGYG000004439__gradient_L8_hmo_gapseq	1169	1285	260	bio1	1.136893	1.008341	3.340991
MGYG000004439__gradient_L9_mos_gapseq	1169	1285	260	bio1	1.210989	0.928241	3.339995
MGYG000004445__gradient_L0_base_gapseq	893	897	192	bio1	0.000000	0.656399	0.027501
MGYG000004445__gradient_L1_inulin_gapseq	893	897	192	bio1	0.000000	0.692244	0.027689
MGYG000004445__gradient_L2_fos_gapseq	893	897	192	bio1	0.000000	0.655674	0.027560
MGYG000004445__gradient_L3_gos_gapseq	893	897	192	bio1	0.000000	0.706275	0.027770
MGYG000004445__gradient_L4_xos_gapseq	893	897	192	bio1	0.000000	0.667633	0.027806
MGYG000004445__gradient_L5_pectin_gapseq	893	897	192	bio1	0.000000	0.708020	0.027948
MGYG000004445__gradient_L6_resistant_starch_gapseq	893	897	192	bio1	0.000000	0.626125	0.028274
MGYG000004445__gradient_L7_bglucan_gapseq	893	897	192	bio1	0.000000	0.630925	0.028503
MGYG000004445__gradient_L8_hmo_gapseq	893	897	192	bio1	0.000000	0.718650	0.028595
MGYG000004445__gradient_L9_mos_gapseq	893	897	192	bio1	0.000000	0.625905	0.028788
MGYG000004447__gradient_L0_base_gapseq	651	635	79	bio1	0.000000	0.415197	0.012293
MGYG000004447__gradient_L1_inulin_gapseq	651	635	79	bio1	0.000000	0.419463	0.016547
MGYG000004447__gradient_L2_fos_gapseq	651	635	79	bio1	0.000000	0.418496	0.093751
MGYG000004447__gradient_L3_gos_gapseq	651	635	79	bio1	0.000000	0.421146	0.016898
MGYG000004447__gradient_L4_xos_gapseq	651	635	79	bio1	0.000000	0.416736	0.016800
MGYG000004447__gradient_L5_pectin_gapseq	651	635	79	bio1	0.000000	0.417426	0.016858
MGYG000004447__gradient_L6_resistant_starch_gapseq	651	635	79	bio1	0.000000	0.423836	0.016688
MGYG000004447__gradient_L7_bglucan_gapseq	651	635	79	bio1	0.000000	0.477424	0.017093
MGYG000004447__gradient_L8_hmo_gapseq	651	635	79	bio1	0.000000	0.491643	0.017228
MGYG000004447__gradient_L9_mos_gapseq	651	635	79	bio1	0.000000	0.421808	0.016831
MGYG000004456__gradient_L0_base_gapseq	1360	1612	421	bio1	0.000000	1.142400	0.137376
MGYG000004456__gradient_L1_inulin_gapseq	1360	1612	421	bio1	0.000000	1.148640	0.065995
MGYG000004456__gradient_L2_fos_gapseq	1360	1612	421	bio1	0.000000	1.252319	0.064500
MGYG000004456__gradient_L3_gos_gapseq	1360	1612	421	bio1	0.889086	1.158676	5.188198
MGYG000004456__gradient_L4_xos_gapseq	1360	1612	421	bio1	0.951764	1.269379	5.179433
MGYG000004456__gradient_L5_pectin_gapseq	1360	1612	421	bio1	0.984263	1.254008	5.151397
MGYG000004456__gradient_L6_resistant_starch_gapseq	1360	1612	421	bio1	1.450865	1.138998	5.238379
MGYG000004456__gradient_L7_bglucan_gapseq	1360	1612	421	bio1	1.611041	1.134211	5.243110
MGYG000004456__gradient_L8_hmo_gapseq	1360	1612	421	bio1	1.611041	1.149046	5.207669
MGYG000004456__gradient_L9_mos_gapseq	1360	1612	421	bio1	1.713183	1.177740	5.241603
MGYG000004463__gradient_L0_base_gapseq	1178	1289	308	bio1	0.000000	0.925823	0.050724
MGYG000004463__gradient_L1_inulin_gapseq	1178	1289	308	bio1	0.000000	0.978538	0.050811
MGYG000004463__gradient_L2_fos_gapseq	1178	1289	308	bio1	0.000000	0.965817	0.051283
MGYG000004463__gradient_L3_gos_gapseq	1178	1289	308	bio1	0.000000	0.926038	0.049818
MGYG000004463__gradient_L4_xos_gapseq	1178	1289	308	bio1	0.000000	1.029843	0.051139
MGYG000004463__gradient_L5_pectin_gapseq	1178	1289	308	bio1	0.000000	0.941611	0.050597
MGYG000004463__gradient_L6_resistant_starch_gapseq	1178	1289	308	bio1	0.000000	1.045628	0.050708
MGYG000004463__gradient_L7_bglucan_gapseq	1178	1289	308	bio1	0.000000	0.919336	0.051539
MGYG000004463__gradient_L8_hmo_gapseq	1178	1289	308	bio1	0.000000	1.048392	0.051618
MGYG000004463__gradient_L9_mos_gapseq	1178	1289	308	bio1	0.000000	0.944390	0.052761
MGYG000004464__gradient_L0_base_gapseq	1227	1365	304	bio1	0.000000	0.969119	0.052079
MGYG000004464__gradient_L1_inulin_gapseq	1227	1365	304	bio1	0.000000	1.060126	0.053339
MGYG000004464__gradient_L2_fos_gapseq	1227	1365	304	bio1	0.000000	0.987056	0.053167
MGYG000004464__gradient_L3_gos_gapseq	1227	1365	304	bio1	0.000000	1.088725	0.052780
MGYG000004464__gradient_L4_xos_gapseq	1227	1365	304	bio1	0.527991	0.979996	3.792059
MGYG000004464__gradient_L5_pectin_gapseq	1227	1365	304	bio1	0.527991	1.089889	3.783228
MGYG000004464__gradient_L6_resistant_starch_gapseq	1227	1365	304	bio1	0.788588	0.969127	3.850365
MGYG000004464__gradient_L7_bglucan_gapseq	1227	1365	304	bio1	0.788588	0.980907	3.774037
MGYG000004464__gradient_L8_hmo_gapseq	1227	1365	304	bio1	0.788588	1.046159	3.786497
MGYG000004464__gradient_L9_mos_gapseq	1227	1365	304	bio1	0.882357	0.984831	3.851019
MGYG000004468__gradient_L0_base_gapseq	1287	1437	336	bio1	0.426446	1.019680	4.365626
MGYG000004468__gradient_L1_inulin_gapseq	1287	1437	336	bio1	0.528425	1.027620	4.222644
MGYG000004468__gradient_L2_fos_gapseq	1287	1437	336	bio1	0.528425	1.177607	4.220633
MGYG000004468__gradient_L3_gos_gapseq	1287	1437	336	bio1	0.604909	1.132480	4.224207
MGYG000004468__gradient_L4_xos_gapseq	1287	1437	336	bio1	0.667487	1.007300	4.336584
MGYG000004468__gradient_L5_pectin_gapseq	1287	1437	336	bio1	0.699934	1.040328	4.209175
MGYG000004468__gradient_L6_resistant_starch_gapseq	1287	1437	336	bio1	0.801913	1.116892	4.291594
MGYG000004468__gradient_L7_bglucan_gapseq	1287	1437	336	bio1	0.801913	1.005586	4.314284
MGYG000004468__gradient_L8_hmo_gapseq	1287	1437	336	bio1	0.801913	1.020086	4.227321
MGYG000004468__gradient_L9_mos_gapseq	1287	1437	336	bio1	0.903892	1.088963	4.218457
MGYG000004476__gradient_L0_base_gapseq	1005	1057	218	bio1	0.000000	0.839442	0.033022
MGYG000004476__gradient_L1_inulin_gapseq	1005	1057	218	bio1	0.573897	0.749033	2.339281
MGYG000004476__gradient_L2_fos_gapseq	1005	1057	218	bio1	0.573897	0.798670	2.336926
MGYG000004476__gradient_L3_gos_gapseq	1005	1057	218	bio1	0.679849	0.740509	2.334445
MGYG000004476__gradient_L4_xos_gapseq	1005	1057	218	bio1	0.679849	0.814285	2.333960
MGYG000004476__gradient_L5_pectin_gapseq	1005	1057	218	bio1	0.679849	0.763150	2.328027
MGYG000004476__gradient_L6_resistant_starch_gapseq	1005	1057	218	bio1	1.431344	0.817415	2.343811
MGYG000004476__gradient_L7_bglucan_gapseq	1005	1057	218	bio1	1.431344	0.767999	2.335804
MGYG000004476__gradient_L8_hmo_gapseq	1005	1057	218	bio1	1.431344	0.881650	2.340308
MGYG000004476__gradient_L9_mos_gapseq	1005	1057	218	bio1	1.565468	0.726835	2.357940
MGYG000004478__gradient_L0_base_gapseq	1162	1252	258	bio1	0.278374	0.889925	3.176259
MGYG000004478__gradient_L1_inulin_gapseq	1162	1252	258	bio1	0.422054	0.973348	3.172794
MGYG000004478__gradient_L2_fos_gapseq	1162	1252	258	bio1	0.422054	0.922135	3.251368
MGYG000004478__gradient_L3_gos_gapseq	1162	1252	258	bio1	0.422054	0.998017	3.203881
MGYG000004478__gradient_L4_xos_gapseq	1162	1252	258	bio1	0.422054	0.921740	3.248507
MGYG000004478__gradient_L5_pectin_gapseq	1162	1252	258	bio1	0.422054	0.899174	3.190833
MGYG000004478__gradient_L6_resistant_starch_gapseq	1162	1252	258	bio1	1.043910	0.954951	3.228790
MGYG000004478__gradient_L7_bglucan_gapseq	1162	1252	258	bio1	1.043910	0.900600	3.195878
MGYG000004478__gradient_L8_hmo_gapseq	1162	1252	258	bio1	1.043910	1.001614	3.188142
MGYG000004478__gradient_L9_mos_gapseq	1162	1252	258	bio1	1.043910	0.871531	3.266841
MGYG000004480__gradient_L0_base_gapseq	1078	1214	317	bio1	0.734175	0.825539	3.198719
MGYG000004480__gradient_L1_inulin_gapseq	1078	1214	317	bio1	1.022814	0.857657	3.122407
MGYG000004480__gradient_L2_fos_gapseq	1078	1214	317	bio1	1.022814	0.939232	3.138531
MGYG000004480__gradient_L3_gos_gapseq	1078	1214	317	bio1	1.315684	0.832988	3.207819
MGYG000004480__gradient_L4_xos_gapseq	1078	1214	317	bio1	1.315684	0.857592	3.130013
MGYG000004480__gradient_L5_pectin_gapseq	1078	1214	317	bio1	1.315684	0.857798	3.200505
MGYG000004480__gradient_L6_resistant_starch_gapseq	1078	1214	317	bio1	1.930266	0.857725	3.138973
MGYG000004480__gradient_L7_bglucan_gapseq	1078	1214	317	bio1	1.930266	0.911312	3.122017
MGYG000004480__gradient_L8_hmo_gapseq	1078	1214	317	bio1	1.930266	0.858526	3.121389
MGYG000004480__gradient_L9_mos_gapseq	1078	1214	317	bio1	2.072263	0.937619	3.144318
MGYG000004481__gradient_L0_base_gapseq	1383	1468	322	bio1	0.000000	1.200279	0.056863
MGYG000004481__gradient_L1_inulin_gapseq	1383	1468	322	bio1	0.000000	1.141724	0.062266
MGYG000004481__gradient_L2_fos_gapseq	1383	1468	322	bio1	0.000000	1.119279	0.062090
MGYG000004481__gradient_L3_gos_gapseq	1383	1468	322	bio1	0.000000	1.105152	0.061647
MGYG000004481__gradient_L4_xos_gapseq	1383	1468	322	bio1	0.000000	1.188128	0.063493
MGYG000004481__gradient_L5_pectin_gapseq	1383	1468	322	bio1	0.000000	1.066752	0.061765
MGYG000004481__gradient_L6_resistant_starch_gapseq	1383	1468	322	bio1	0.000000	1.178213	0.063062
MGYG000004481__gradient_L7_bglucan_gapseq	1383	1468	322	bio1	0.000000	1.073716	0.062719
MGYG000004481__gradient_L8_hmo_gapseq	1383	1468	322	bio1	0.000000	1.233611	0.062946
MGYG000004481__gradient_L9_mos_gapseq	1383	1468	322	bio1	0.000000	1.146411	0.062485
MGYG000004485__gradient_L0_base_gapseq	1021	1117	248	bio1	0.353209	0.789867	2.688208
MGYG000004485__gradient_L1_inulin_gapseq	1021	1117	248	bio1	0.503911	0.788680	2.620584
MGYG000004485__gradient_L2_fos_gapseq	1021	1117	248	bio1	0.503911	0.777460	2.672410
MGYG000004485__gradient_L3_gos_gapseq	1021	1117	248	bio1	0.503911	0.790115	2.613110
MGYG000004485__gradient_L4_xos_gapseq	1021	1117	248	bio1	0.503911	0.792097	2.682975
MGYG000004485__gradient_L5_pectin_gapseq	1021	1117	248	bio1	0.503911	0.790179	2.605889
MGYG000004485__gradient_L6_resistant_starch_gapseq	1021	1117	248	bio1	1.185680	0.796054	2.651180
MGYG000004485__gradient_L7_bglucan_gapseq	1021	1117	248	bio1	1.185680	0.798692	2.601483
MGYG000004485__gradient_L8_hmo_gapseq	1021	1117	248	bio1	1.185680	0.795637	2.675827
MGYG000004485__gradient_L9_mos_gapseq	1021	1117	248	bio1	1.185680	0.762368	2.604433
MGYG000004487__gradient_L0_base_gapseq	1133	1250	280	bio1	0.000000	1.015277	0.047710
MGYG000004487__gradient_L1_inulin_gapseq	1133	1250	280	bio1	0.000000	0.917719	0.049014
MGYG000004487__gradient_L2_fos_gapseq	1133	1250	280	bio1	0.000000	0.916634	0.049897
MGYG000004487__gradient_L3_gos_gapseq	1133	1250	280	bio1	0.000000	1.008373	0.049337
MGYG000004487__gradient_L4_xos_gapseq	1133	1250	280	bio1	0.000000	0.910979	0.049533
MGYG000004487__gradient_L5_pectin_gapseq	1133	1250	280	bio1	0.000000	1.016106	0.049016
MGYG000004487__gradient_L6_resistant_starch_gapseq	1133	1250	280	bio1	0.000000	0.884917	0.050134
MGYG000004487__gradient_L7_bglucan_gapseq	1133	1250	280	bio1	0.000000	0.929326	0.048937
MGYG000004487__gradient_L8_hmo_gapseq	1133	1250	280	bio1	0.000000	1.031485	0.049738
MGYG000004487__gradient_L9_mos_gapseq	1133	1250	280	bio1	0.000000	0.976852	0.049223
MGYG000004489__gradient_L0_base_gapseq	1076	1123	280	bio1	0.000000	0.829735	0.033751
MGYG000004489__gradient_L1_inulin_gapseq	1076	1123	280	bio1	0.000000	0.817737	0.036264
MGYG000004489__gradient_L2_fos_gapseq	1076	1123	280	bio1	0.000000	0.888151	0.036258
MGYG000004489__gradient_L3_gos_gapseq	1076	1123	280	bio1	0.000000	0.875163	0.036094
MGYG000004489__gradient_L4_xos_gapseq	1076	1123	280	bio1	0.000000	0.819093	0.036235
MGYG000004489__gradient_L5_pectin_gapseq	1076	1123	280	bio1	0.000000	0.892231	0.036477
MGYG000004489__gradient_L6_resistant_starch_gapseq	1076	1123	280	bio1	0.000000	0.822867	0.037532
MGYG000004489__gradient_L7_bglucan_gapseq	1076	1123	280	bio1	0.000000	0.906723	0.038373
MGYG000004489__gradient_L8_hmo_gapseq	1076	1123	280	bio1	0.000000	0.813874	0.036917
MGYG000004489__gradient_L9_mos_gapseq	1076	1123	280	bio1	0.000000	0.813735	0.036866
MGYG000004490__gradient_L0_base_gapseq	1337	1532	405	bio1	0.256639	1.252170	4.729482
MGYG000004490__gradient_L1_inulin_gapseq	1337	1532	405	bio1	0.366119	1.299030	4.736069
MGYG000004490__gradient_L2_fos_gapseq	1337	1532	405	bio1	0.366119	1.118783	4.879429
MGYG000004490__gradient_L3_gos_gapseq	1337	1532	405	bio1	0.436365	1.071895	4.736471
MGYG000004490__gradient_L4_xos_gapseq	1337	1532	405	bio1	0.528801	1.234748	4.805072
MGYG000004490__gradient_L5_pectin_gapseq	1337	1532	405	bio1	0.560712	1.186878	4.731145
MGYG000004490__gradient_L6_resistant_starch_gapseq	1337	1532	405	bio1	0.818279	1.098436	4.813188
MGYG000004490__gradient_L7_bglucan_gapseq	1337	1532	405	bio1	0.975555	1.118599	4.739407
MGYG000004490__gradient_L8_hmo_gapseq	1337	1532	405	bio1	0.975555	1.166345	4.748277
MGYG000004490__gradient_L9_mos_gapseq	1337	1532	405	bio1	1.075847	1.209317	4.754082
MGYG000004495__gradient_L0_base_gapseq	1441	1693	398	bio1	0.000000	1.371193	0.074430
MGYG000004495__gradient_L1_inulin_gapseq	1441	1693	398	bio1	0.000000	1.172640	0.076120
MGYG000004495__gradient_L2_fos_gapseq	1441	1693	398	bio1	0.000000	1.265679	0.075814
MGYG000004495__gradient_L3_gos_gapseq	1441	1693	398	bio1	0.000000	1.271894	0.072996
MGYG000004495__gradient_L4_xos_gapseq	1441	1693	398	bio1	0.000000	1.206893	0.073944
MGYG000004495__gradient_L5_pectin_gapseq	1441	1693	398	bio1	0.000000	1.329114	0.074720
MGYG000004495__gradient_L6_resistant_starch_gapseq	1441	1693	398	bio1	1.094486	1.284114	5.806289
MGYG000004495__gradient_L7_bglucan_gapseq	1441	1693	398	bio1	1.280772	1.214152	5.693902
MGYG000004495__gradient_L8_hmo_gapseq	1441	1693	398	bio1	1.280772	1.287854	5.649643
MGYG000004495__gradient_L9_mos_gapseq	1441	1693	398	bio1	1.398757	1.269684	5.649808
MGYG000004498__gradient_L0_base_gapseq	821	866	152	bio1	0.042507	0.576269	1.623503
MGYG000004498__gradient_L1_inulin_gapseq	821	866	152	bio1	0.163882	0.661446	1.622735
MGYG000004498__gradient_L2_fos_gapseq	821	866	152	bio1	0.163882	0.577961	1.625382
MGYG000004498__gradient_L3_gos_gapseq	821	866	152	bio1	0.220073	0.582578	1.682133
MGYG000004498__gradient_L4_xos_gapseq	821	866	152	bio1	0.220073	0.588384	1.627698
MGYG000004498__gradient_L5_pectin_gapseq	821	866	152	bio1	0.220073	0.581415	1.623191
MGYG000004498__gradient_L6_resistant_starch_gapseq	821	866	152	bio1	0.220074	0.640366	1.648001
MGYG000004498__gradient_L7_bglucan_gapseq	821	866	152	bio1	0.220074	0.589238	1.625310
MGYG000004498__gradient_L8_hmo_gapseq	821	866	152	bio1	0.220074	0.584345	1.700835
MGYG000004498__gradient_L9_mos_gapseq	821	866	152	bio1	0.220074	0.581638	1.620639
MGYG000004501__gradient_L0_base_gapseq	1161	1280	286	bio1	0.000000	0.981186	0.043143
MGYG000004501__gradient_L1_inulin_gapseq	1161	1280	286	bio1	0.000000	0.908635	0.046082
MGYG000004501__gradient_L2_fos_gapseq	1161	1280	286	bio1	0.000000	0.902392	0.046471
MGYG000004501__gradient_L3_gos_gapseq	1161	1280	286	bio1	0.477433	0.987946	3.457748
MGYG000004501__gradient_L4_xos_gapseq	1161	1280	286	bio1	0.490454	0.906981	3.513032
MGYG000004501__gradient_L5_pectin_gapseq	1161	1280	286	bio1	0.490454	0.902620	3.429401
MGYG000004501__gradient_L6_resistant_starch_gapseq	1161	1280	286	bio1	0.594624	0.979570	3.398921
MGYG000004501__gradient_L7_bglucan_gapseq	1161	1280	286	bio1	0.594624	0.913755	3.398417
MGYG000004501__gradient_L8_hmo_gapseq	1161	1280	286	bio1	0.594624	0.965648	3.421444
MGYG000004501__gradient_L9_mos_gapseq	1161	1280	286	bio1	0.594624	0.907801	3.484640
MGYG000004509__gradient_L0_base_gapseq	789	743	100	bio1	0.000000	0.523020	0.019056
MGYG000004509__gradient_L1_inulin_gapseq	789	743	100	bio1	0.152237	0.513702	1.276376
MGYG000004509__gradient_L2_fos_gapseq	789	743	100	bio1	0.152237	0.572654	1.279390
MGYG000004509__gradient_L3_gos_gapseq	789	743	100	bio1	0.152237	0.522358	1.274498
MGYG000004509__gradient_L4_xos_gapseq	789	743	100	bio1	0.152237	0.517467	1.275183
MGYG000004509__gradient_L5_pectin_gapseq	789	743	100	bio1	0.152237	0.588822	1.283833
MGYG000004509__gradient_L6_resistant_starch_gapseq	789	743	100	bio1	0.152237	0.517465	1.279703
MGYG000004509__gradient_L7_bglucan_gapseq	789	743	100	bio1	0.152237	0.522631	1.274713
MGYG000004509__gradient_L8_hmo_gapseq	789	743	100	bio1	0.152237	0.570967	1.276487
MGYG000004509__gradient_L9_mos_gapseq	789	743	100	bio1	0.152237	0.526328	1.277327
MGYG000004512__gradient_L0_base_gapseq	597	568	68	bio1	0.000000	0.369707	0.012331
MGYG000004512__gradient_L1_inulin_gapseq	597	568	68	bio1	0.000000	0.377959	0.015294
MGYG000004512__gradient_L2_fos_gapseq	597	568	68	bio1	0.000000	0.480907	0.015406
MGYG000004512__gradient_L3_gos_gapseq	597	568	68	bio1	0.000000	0.391064	0.015975
MGYG000004512__gradient_L4_xos_gapseq	597	568	68	bio1	0.000000	0.386701	0.015254
MGYG000004512__gradient_L5_pectin_gapseq	597	568	68	bio1	0.000000	0.394333	0.015369
MGYG000004512__gradient_L6_resistant_starch_gapseq	597	568	68	bio1	0.000000	0.375887	0.015215
MGYG000004512__gradient_L7_bglucan_gapseq	597	568	68	bio1	0.000000	0.383240	0.015207
MGYG000004512__gradient_L8_hmo_gapseq	597	568	68	bio1	0.000000	0.459166	0.015672
MGYG000004512__gradient_L9_mos_gapseq	597	568	68	bio1	0.000000	0.373301	0.015899
MGYG000004515__gradient_L0_base_gapseq	766	731	101	bio1	0.000000	0.509398	0.016134
MGYG000004515__gradient_L1_inulin_gapseq	766	731	101	bio1	0.000000	0.510862	0.017351
MGYG000004515__gradient_L2_fos_gapseq	766	731	101	bio1	0.000000	0.506391	0.016356
MGYG000004515__gradient_L3_gos_gapseq	766	731	101	bio1	0.000000	0.587050	0.017768
MGYG000004515__gradient_L4_xos_gapseq	766	731	101	bio1	0.000000	0.552080	0.016540
MGYG000004515__gradient_L5_pectin_gapseq	766	731	101	bio1	0.000000	0.515661	0.017393
MGYG000004515__gradient_L6_resistant_starch_gapseq	766	731	101	bio1	0.000000	0.516597	0.019178
MGYG000004515__gradient_L7_bglucan_gapseq	766	731	101	bio1	0.000000	0.661098	0.020036
MGYG000004515__gradient_L8_hmo_gapseq	766	731	101	bio1	0.000000	0.519930	0.019936
MGYG000004515__gradient_L9_mos_gapseq	766	731	101	bio1	0.000000	0.515579	0.020211
MGYG000004516__gradient_L0_base_gapseq	1006	1079	195	bio1	0.293061	0.763738	2.533016
MGYG000004516__gradient_L1_inulin_gapseq	1006	1079	195	bio1	0.369932	0.768477	2.477480
MGYG000004516__gradient_L2_fos_gapseq	1006	1079	195	bio1	0.369932	0.757475	2.539033
MGYG000004516__gradient_L3_gos_gapseq	1006	1079	195	bio1	0.369932	0.766009	2.461457
MGYG000004516__gradient_L4_xos_gapseq	1006	1079	195	bio1	0.369932	0.764252	2.519822
MGYG000004516__gradient_L5_pectin_gapseq	1006	1079	195	bio1	0.369932	0.743409	2.477197
MGYG000004516__gradient_L6_resistant_starch_gapseq	1006	1079	195	bio1	0.446803	0.761929	2.529343
MGYG000004516__gradient_L7_bglucan_gapseq	1006	1079	195	bio1	0.554900	0.757616	2.465803
MGYG000004516__gradient_L8_hmo_gapseq	1006	1079	195	bio1	0.554900	0.786475	2.541296
MGYG000004516__gradient_L9_mos_gapseq	1006	1079	195	bio1	0.631771	0.770695	2.473239
MGYG000004518__gradient_L0_base_gapseq	1184	1262	217	bio1	0.000000	0.927519	0.045554
MGYG000004518__gradient_L1_inulin_gapseq	1184	1262	217	bio1	0.000000	1.011043	0.048107
MGYG000004518__gradient_L2_fos_gapseq	1184	1262	217	bio1	0.000000	0.896637	0.048068
MGYG000004518__gradient_L3_gos_gapseq	1184	1262	217	bio1	0.000000	1.025762	0.047366
MGYG000004518__gradient_L4_xos_gapseq	1184	1262	217	bio1	0.000000	0.920021	0.049046
MGYG000004518__gradient_L5_pectin_gapseq	1184	1262	217	bio1	0.000000	0.907710	0.047856
MGYG000004518__gradient_L6_resistant_starch_gapseq	1184	1262	217	bio1	0.000000	1.056420	0.048449
MGYG000004518__gradient_L7_bglucan_gapseq	1184	1262	217	bio1	0.000000	0.890618	0.047397
MGYG000004518__gradient_L8_hmo_gapseq	1184	1262	217	bio1	0.000000	1.056176	0.048135
MGYG000004518__gradient_L9_mos_gapseq	1184	1262	217	bio1	0.000000	0.902025	0.047119
MGYG000004525__gradient_L0_base_gapseq	1160	1314	287	bio1	0.000000	0.947944	0.057636
MGYG000004525__gradient_L1_inulin_gapseq	1160	1314	287	bio1	0.000000	0.955548	0.141034
MGYG000004525__gradient_L2_fos_gapseq	1160	1314	287	bio1	0.000000	0.935811	0.058394
MGYG000004525__gradient_L3_gos_gapseq	1160	1314	287	bio1	0.000000	0.911244	0.062054
MGYG000004525__gradient_L4_xos_gapseq	1160	1314	287	bio1	0.847724	1.011835	3.514982
MGYG000004525__gradient_L5_pectin_gapseq	1160	1314	287	bio1	0.847724	0.960874	3.639312
MGYG000004525__gradient_L6_resistant_starch_gapseq	1160	1314	287	bio1	1.404565	0.918646	3.524131
MGYG000004525__gradient_L7_bglucan_gapseq	1160	1314	287	bio1	1.404565	1.015691	3.519594
MGYG000004525__gradient_L8_hmo_gapseq	1160	1314	287	bio1	1.404565	0.918766	3.600885
MGYG000004525__gradient_L9_mos_gapseq	1160	1314	287	bio1	1.404565	0.936650	3.544955
MGYG000004527__gradient_L0_base_gapseq	728	672	93	bio1	0.000000	0.471491	0.018295
MGYG000004527__gradient_L1_inulin_gapseq	728	672	93	bio1	0.000000	0.466353	0.017570
MGYG000004527__gradient_L2_fos_gapseq	728	672	93	bio1	0.000000	0.571960	0.018339
MGYG000004527__gradient_L3_gos_gapseq	728	672	93	bio1	0.000000	0.504141	0.017775
MGYG000004527__gradient_L4_xos_gapseq	728	672	93	bio1	0.000000	0.503498	0.017567
MGYG000004527__gradient_L5_pectin_gapseq	728	672	93	bio1	0.000000	0.472831	0.018754
MGYG000004527__gradient_L6_resistant_starch_gapseq	728	672	93	bio1	0.000000	0.485001	0.017480
MGYG000004527__gradient_L7_bglucan_gapseq	728	672	93	bio1	0.000000	0.575248	0.017500
MGYG000004527__gradient_L8_hmo_gapseq	728	672	93	bio1	0.000000	0.473582	0.017623
MGYG000004527__gradient_L9_mos_gapseq	728	672	93	bio1	0.000000	0.464709	0.017529
MGYG000004529__gradient_L0_base_gapseq	1120	1197	219	bio1	0.000000	0.868031	0.039003
MGYG000004529__gradient_L1_inulin_gapseq	1120	1197	219	bio1	0.136333	0.969608	3.021776
MGYG000004529__gradient_L2_fos_gapseq	1120	1197	219	bio1	0.136333	0.836972	3.133329
MGYG000004529__gradient_L3_gos_gapseq	1120	1197	219	bio1	0.136333	0.872252	3.031084
MGYG000004529__gradient_L4_xos_gapseq	1120	1197	219	bio1	0.136333	0.867574	3.117486
MGYG000004529__gradient_L5_pectin_gapseq	1120	1197	219	bio1	0.136333	0.868962	3.019439
MGYG000004529__gradient_L6_resistant_starch_gapseq	1120	1197	219	bio1	0.175288	0.956555	3.021714
MGYG000004529__gradient_L7_bglucan_gapseq	1120	1197	219	bio1	0.175288	0.867975	3.039792
MGYG000004529__gradient_L8_hmo_gapseq	1120	1197	219	bio1	0.175288	0.932338	3.019256
MGYG000004529__gradient_L9_mos_gapseq	1120	1197	219	bio1	0.214243	0.851073	3.102469
MGYG000004532__gradient_L0_base_gapseq	1273	1359	294	bio1	0.000000	1.139343	0.049077
MGYG000004532__gradient_L1_inulin_gapseq	1273	1359	294	bio1	0.000000	0.968539	0.048485
MGYG000004532__gradient_L2_fos_gapseq	1273	1359	294	bio1	0.000000	0.977653	0.048676
MGYG000004532__gradient_L3_gos_gapseq	1273	1359	294	bio1	0.646879	1.129392	3.754984
MGYG000004532__gradient_L4_xos_gapseq	1273	1359	294	bio1	0.646879	0.997345	4.011603
MGYG000004532__gradient_L5_pectin_gapseq	1273	1359	294	bio1	0.646879	0.979905	3.748172
MGYG000004532__gradient_L6_resistant_starch_gapseq	1273	1359	294	bio1	0.712744	1.070571	3.787423
MGYG000004532__gradient_L7_bglucan_gapseq	1273	1359	294	bio1	0.712744	0.969919	3.847180
MGYG000004532__gradient_L8_hmo_gapseq	1273	1359	294	bio1	0.712744	0.992772	3.770941
MGYG000004532__gradient_L9_mos_gapseq	1273	1359	294	bio1	0.712744	1.050775	3.775696
MGYG000004533__gradient_L0_base_gapseq	1086	1107	169	bio1	0.000000	0.802675	0.031202
MGYG000004533__gradient_L1_inulin_gapseq	1086	1107	169	bio1	0.278071	0.822845	2.612214
MGYG000004533__gradient_L2_fos_gapseq	1086	1107	169	bio1	0.278071	0.790689	2.618821
MGYG000004533__gradient_L3_gos_gapseq	1086	1107	169	bio1	0.278071	0.859230	2.630633
MGYG000004533__gradient_L4_xos_gapseq	1086	1107	169	bio1	0.278071	0.788085	2.634331
MGYG000004533__gradient_L5_pectin_gapseq	1086	1107	169	bio1	0.278071	0.852940	2.624157
MGYG000004533__gradient_L6_resistant_starch_gapseq	1086	1107	169	bio1	0.733316	0.842980	2.636173
MGYG000004533__gradient_L7_bglucan_gapseq	1086	1107	169	bio1	0.733316	0.854857	2.622383
MGYG000004533__gradient_L8_hmo_gapseq	1086	1107	169	bio1	0.733316	0.783382	2.627408
MGYG000004533__gradient_L9_mos_gapseq	1086	1107	169	bio1	0.733316	0.860554	2.635986
MGYG000004535__gradient_L0_base_gapseq	933	1015	202	bio1	0.382605	0.708971	2.265950
MGYG000004535__gradient_L1_inulin_gapseq	933	1015	202	bio1	0.528363	0.706767	2.187176
MGYG000004535__gradient_L2_fos_gapseq	933	1015	202	bio1	0.528363	0.709231	2.261419
MGYG000004535__gradient_L3_gos_gapseq	933	1015	202	bio1	0.828989	0.703305	2.183008
MGYG000004535__gradient_L4_xos_gapseq	933	1015	202	bio1	0.828989	0.706897	2.261709
MGYG000004535__gradient_L5_pectin_gapseq	933	1015	202	bio1	0.883648	0.684427	2.188260
MGYG000004535__gradient_L6_resistant_starch_gapseq	933	1015	202	bio1	0.992967	0.709901	2.260303
MGYG000004535__gradient_L7_bglucan_gapseq	933	1015	202	bio1	0.992967	0.709925	2.186042
MGYG000004535__gradient_L8_hmo_gapseq	933	1015	202	bio1	0.994383	0.703589	2.201813
MGYG000004535__gradient_L9_mos_gapseq	933	1015	202	bio1	0.994383	0.760592	2.187055
MGYG000004537__gradient_L0_base_gapseq	956	953	138	bio1	0.000000	0.670118	0.019800
MGYG000004537__gradient_L1_inulin_gapseq	956	953	138	bio1	0.000000	0.680860	0.023187
MGYG000004537__gradient_L2_fos_gapseq	956	953	138	bio1	0.000000	0.678376	0.024117
MGYG000004537__gradient_L3_gos_gapseq	956	953	138	bio1	0.000000	0.746557	0.024309
MGYG000004537__gradient_L4_xos_gapseq	956	953	138	bio1	0.000000	0.695969	0.023051
MGYG000004537__gradient_L5_pectin_gapseq	956	953	138	bio1	0.000000	0.680804	0.023230
MGYG000004537__gradient_L6_resistant_starch_gapseq	956	953	138	bio1	0.000000	0.731778	0.024350
MGYG000004537__gradient_L7_bglucan_gapseq	956	953	138	bio1	0.000000	0.690853	0.022960
MGYG000004537__gradient_L8_hmo_gapseq	956	953	138	bio1	0.000000	0.685333	0.022864
MGYG000004537__gradient_L9_mos_gapseq	956	953	138	bio1	0.000000	0.838674	0.024357
MGYG000004541__gradient_L0_base_gapseq	1790	2096	639	bio1	0.000000	1.636171	0.106978
MGYG000004541__gradient_L1_inulin_gapseq	1790	2096	639	bio1	0.000000	1.640372	0.104757
MGYG000004541__gradient_L2_fos_gapseq	1790	2096	639	bio1	0.000000	1.556784	0.103630
MGYG000004541__gradient_L3_gos_gapseq	1790	2096	639	bio1	0.448398	1.705948	8.558866
MGYG000004541__gradient_L4_xos_gapseq	1790	2096	639	bio1	0.488973	1.570471	8.525188
MGYG000004541__gradient_L5_pectin_gapseq	1790	2096	639	bio1	0.488973	1.596341	8.500667
MGYG000004541__gradient_L6_resistant_starch_gapseq	1790	2096	639	bio1	0.591971	1.673831	8.377918
MGYG000004541__gradient_L7_bglucan_gapseq	1790	2096	639	bio1	0.591971	1.753102	8.387919
MGYG000004541__gradient_L8_hmo_gapseq	1790	2096	639	bio1	0.591971	1.687443	8.395306
MGYG000004541__gradient_L9_mos_gapseq	1790	2096	639	bio1	0.591971	1.676520	8.481308
MGYG000004542__gradient_L0_base_gapseq	1177	1318	336	bio1	0.830899	0.950720	3.548324
MGYG000004542__gradient_L1_inulin_gapseq	1177	1318	336	bio1	1.123964	1.028220	3.553093
MGYG000004542__gradient_L2_fos_gapseq	1177	1318	336	bio1	1.123964	0.931655	3.657562
MGYG000004542__gradient_L3_gos_gapseq	1177	1318	336	bio1	1.420100	0.952179	3.554143
MGYG000004542__gradient_L4_xos_gapseq	1177	1318	336	bio1	1.420100	1.046969	3.541734
MGYG000004542__gradient_L5_pectin_gapseq	1177	1318	336	bio1	1.420100	0.946215	3.649970
MGYG000004542__gradient_L6_resistant_starch_gapseq	1177	1318	336	bio1	2.041539	0.947111	3.568881
MGYG000004542__gradient_L7_bglucan_gapseq	1177	1318	336	bio1	2.041539	1.007060	3.566583
MGYG000004542__gradient_L8_hmo_gapseq	1177	1318	336	bio1	2.041539	0.965001	3.626100
MGYG000004542__gradient_L9_mos_gapseq	1177	1318	336	bio1	2.185120	1.004253	3.555486
MGYG000004545__gradient_L0_base_gapseq	877	921	170	bio1	0.000000	0.674612	0.028027
MGYG000004545__gradient_L1_inulin_gapseq	877	921	170	bio1	0.000000	0.625399	0.030576
MGYG000004545__gradient_L2_fos_gapseq	877	921	170	bio1	0.000000	0.707498	0.030468
MGYG000004545__gradient_L3_gos_gapseq	877	921	170	bio1	0.000000	0.622347	0.030381
MGYG000004545__gradient_L4_xos_gapseq	877	921	170	bio1	0.000000	0.625310	0.030286
MGYG000004545__gradient_L5_pectin_gapseq	877	921	170	bio1	0.000000	0.789424	0.029391
MGYG000004545__gradient_L6_resistant_starch_gapseq	877	921	170	bio1	0.000000	0.689391	0.029526
MGYG000004545__gradient_L7_bglucan_gapseq	877	921	170	bio1	0.000000	0.658833	0.029569
MGYG000004545__gradient_L8_hmo_gapseq	877	921	170	bio1	0.000000	0.675616	0.029193
MGYG000004545__gradient_L9_mos_gapseq	877	921	170	bio1	0.000000	0.695683	0.029515
MGYG000004553__gradient_L0_base_gapseq	1149	1299	311	bio1	0.397554	0.897315	3.600072
MGYG000004553__gradient_L1_inulin_gapseq	1149	1299	311	bio1	0.555265	0.926338	3.523540
MGYG000004553__gradient_L2_fos_gapseq	1149	1299	311	bio1	0.555265	0.991776	3.534192
MGYG000004553__gradient_L3_gos_gapseq	1149	1299	311	bio1	0.703120	0.935638	3.542637
MGYG000004553__gradient_L4_xos_gapseq	1149	1299	311	bio1	0.703120	0.988258	3.534924
MGYG000004553__gradient_L5_pectin_gapseq	1149	1299	311	bio1	0.703120	0.915344	3.564713
MGYG000004553__gradient_L6_resistant_starch_gapseq	1149	1299	311	bio1	1.029289	0.924595	3.583857
MGYG000004553__gradient_L7_bglucan_gapseq	1149	1299	311	bio1	1.133482	0.974354	3.489761
MGYG000004553__gradient_L8_hmo_gapseq	1149	1299	311	bio1	1.133482	0.924487	3.633743
MGYG000004553__gradient_L9_mos_gapseq	1149	1299	311	bio1	1.209259	0.925403	3.527966
MGYG000004557__gradient_L0_base_gapseq	1193	1332	377	bio1	0.000000	0.975528	0.048576
MGYG000004557__gradient_L1_inulin_gapseq	1193	1332	377	bio1	0.000000	1.042040	0.048593
MGYG000004557__gradient_L2_fos_gapseq	1193	1332	377	bio1	0.000000	0.964087	0.049435
MGYG000004557__gradient_L3_gos_gapseq	1193	1332	377	bio1	0.000000	0.944557	0.150933
MGYG000004557__gradient_L4_xos_gapseq	1193	1332	377	bio1	0.288870	0.949180	3.630175
MGYG000004557__gradient_L5_pectin_gapseq	1193	1332	377	bio1	0.288870	1.066672	3.642078
MGYG000004557__gradient_L6_resistant_starch_gapseq	1193	1332	377	bio1	0.288870	0.955051	3.630103
MGYG000004557__gradient_L7_bglucan_gapseq	1193	1332	377	bio1	0.288870	1.062179	3.632693
MGYG000004557__gradient_L8_hmo_gapseq	1193	1332	377	bio1	0.288870	1.032642	3.661549
MGYG000004557__gradient_L9_mos_gapseq	1193	1332	377	bio1	0.288870	0.938683	3.635578
MGYG000004558__gradient_L0_base_gapseq	1500	1755	498	bio1	1.067766	1.438851	6.072261
MGYG000004558__gradient_L1_inulin_gapseq	1500	1755	498	bio1	1.403193	1.344474	6.065104
MGYG000004558__gradient_L2_fos_gapseq	1500	1755	498	bio1	1.403193	1.281405	6.145784
MGYG000004558__gradient_L3_gos_gapseq	1500	1755	498	bio1	1.774259	1.364264	6.165345
MGYG000004558__gradient_L4_xos_gapseq	1500	1755	498	bio1	1.952454	1.354147	6.122435
MGYG000004558__gradient_L5_pectin_gapseq	1500	1755	498	bio1	1.952454	1.336244	6.147332
MGYG000004558__gradient_L6_resistant_starch_gapseq	1500	1755	498	bio1	2.709261	1.370493	6.046406
MGYG000004558__gradient_L7_bglucan_gapseq	1500	1755	498	bio1	2.954542	1.395071	6.083173
MGYG000004558__gradient_L8_hmo_gapseq	1500	1755	498	bio1	3.126448	1.373434	6.055992
MGYG000004558__gradient_L9_mos_gapseq	1500	1755	498	bio1	3.126448	1.356487	6.089902
MGYG000004559__gradient_L0_base_gapseq	1251	1376	262	bio1	0.786679	1.057080	3.818027
MGYG000004559__gradient_L1_inulin_gapseq	1251	1376	262	bio1	0.959381	1.050159	3.862712
MGYG000004559__gradient_L2_fos_gapseq	1251	1376	262	bio1	0.959381	0.992132	3.856861
MGYG000004559__gradient_L3_gos_gapseq	1251	1376	262	bio1	1.084806	1.092749	3.861952
MGYG000004559__gradient_L4_xos_gapseq	1251	1376	262	bio1	1.084806	1.080608	3.865288
MGYG000004559__gradient_L5_pectin_gapseq	1251	1376	262	bio1	1.084806	1.002829	4.015219
MGYG000004559__gradient_L6_resistant_starch_gapseq	1251	1376	262	bio1	1.509491	1.091690	3.875289
MGYG000004559__gradient_L7_bglucan_gapseq	1251	1376	262	bio1	1.509491	1.001440	3.948466
MGYG000004559__gradient_L8_hmo_gapseq	1251	1376	262	bio1	1.509491	1.010539	3.883492
MGYG000004559__gradient_L9_mos_gapseq	1251	1376	262	bio1	1.676724	1.065113	3.867847
MGYG000004563__gradient_L0_base_gapseq	982	910	304	bio1	0.000000	0.748915	0.020739
MGYG000004563__gradient_L1_inulin_gapseq	982	910	304	bio1	0.000000	0.698969	0.022421
MGYG000004563__gradient_L2_fos_gapseq	982	910	304	bio1	0.000000	0.711131	0.021260
MGYG000004563__gradient_L3_gos_gapseq	982	910	304	bio1	0.000000	0.669567	0.021199
MGYG000004563__gradient_L4_xos_gapseq	982	910	304	bio1	0.000000	0.751509	0.022579
MGYG000004563__gradient_L5_pectin_gapseq	982	910	304	bio1	0.000000	0.708803	0.021358
MGYG000004563__gradient_L6_resistant_starch_gapseq	982	910	304	bio1	0.000000	0.665763	0.021189
MGYG000004563__gradient_L7_bglucan_gapseq	982	910	304	bio1	0.000000	0.749071	0.022394
MGYG000004563__gradient_L8_hmo_gapseq	982	910	304	bio1	0.000000	0.682157	0.021713
MGYG000004563__gradient_L9_mos_gapseq	982	910	304	bio1	0.000000	0.662710	0.021644
MGYG000004565__gradient_L0_base_gapseq	1105	1213	288	bio1	0.247282	0.930200	3.144867
MGYG000004565__gradient_L1_inulin_gapseq	1105	1213	288	bio1	0.326415	0.868464	3.143592
MGYG000004565__gradient_L2_fos_gapseq	1105	1213	288	bio1	0.326415	0.966582	3.126633
MGYG000004565__gradient_L3_gos_gapseq	1105	1213	288	bio1	0.326415	0.868688	3.368465
MGYG000004565__gradient_L4_xos_gapseq	1105	1213	288	bio1	0.326415	0.850917	3.118554
MGYG000004565__gradient_L5_pectin_gapseq	1105	1213	288	bio1	0.326415	0.933548	3.145454
MGYG000004565__gradient_L6_resistant_starch_gapseq	1105	1213	288	bio1	0.684989	0.860541	3.139192
MGYG000004565__gradient_L7_bglucan_gapseq	1105	1213	288	bio1	0.684989	0.971137	3.122763
MGYG000004565__gradient_L8_hmo_gapseq	1105	1213	288	bio1	0.684989	0.851484	3.196112
MGYG000004565__gradient_L9_mos_gapseq	1105	1213	288	bio1	0.684989	0.845587	3.203579
MGYG000004569__gradient_L0_base_gapseq	1093	1191	233	bio1	0.000000	0.842532	0.040597
MGYG000004569__gradient_L1_inulin_gapseq	1093	1191	233	bio1	0.000000	0.839730	0.039489
MGYG000004569__gradient_L2_fos_gapseq	1093	1191	233	bio1	0.000000	0.922025	0.039640
MGYG000004569__gradient_L3_gos_gapseq	1093	1191	233	bio1	0.363337	0.838454	3.054015
MGYG000004569__gradient_L4_xos_gapseq	1093	1191	233	bio1	0.363337	0.949094	2.926965
MGYG000004569__gradient_L5_pectin_gapseq	1093	1191	233	bio1	0.363337	0.843678	2.930467
MGYG000004569__gradient_L6_resistant_starch_gapseq	1093	1191	233	bio1	0.426527	0.906283	2.902622
MGYG000004569__gradient_L7_bglucan_gapseq	1093	1191	233	bio1	0.578181	0.839168	3.021853
MGYG000004569__gradient_L8_hmo_gapseq	1093	1191	233	bio1	0.578181	0.842977	2.932252
MGYG000004569__gradient_L9_mos_gapseq	1093	1191	233	bio1	0.679274	0.824000	3.000600
MGYG000004576__gradient_L0_base_gapseq	1047	1178	218	bio1	0.000000	0.838568	0.033790
MGYG000004576__gradient_L1_inulin_gapseq	1047	1178	218	bio1	0.000000	0.881871	0.037076
MGYG000004576__gradient_L2_fos_gapseq	1047	1178	218	bio1	0.000000	0.876115	0.039444
MGYG000004576__gradient_L3_gos_gapseq	1047	1178	218	bio1	0.000000	0.871690	0.036629
MGYG000004576__gradient_L4_xos_gapseq	1047	1178	218	bio1	0.883319	0.830000	2.892514
MGYG000004576__gradient_L5_pectin_gapseq	1047	1178	218	bio1	0.883319	0.922102	2.908428
MGYG000004576__gradient_L6_resistant_starch_gapseq	1047	1178	218	bio1	0.994383	0.800215	2.880989
MGYG000004576__gradient_L7_bglucan_gapseq	1047	1178	218	bio1	0.994383	0.904433	2.878542
MGYG000004576__gradient_L8_hmo_gapseq	1047	1178	218	bio1	0.994383	0.829168	2.940997
MGYG000004576__gradient_L9_mos_gapseq	1047	1178	218	bio1	0.994383	0.824382	2.856922
MGYG000004584__gradient_L0_base_gapseq	1080	1228	274	bio1	0.454435	0.878408	3.047586
MGYG000004584__gradient_L1_inulin_gapseq	1080	1228	274	bio1	0.635285	0.916848	3.080375
MGYG000004584__gradient_L2_fos_gapseq	1080	1228	274	bio1	0.635285	0.861094	3.039403
MGYG000004584__gradient_L3_gos_gapseq	1080	1228	274	bio1	0.635285	0.937542	3.059292
MGYG000004584__gradient_L4_xos_gapseq	1080	1228	274	bio1	0.663108	0.856116	3.123665
MGYG000004584__gradient_L5_pectin_gapseq	1080	1228	274	bio1	0.663108	0.834069	3.059401
MGYG000004584__gradient_L6_resistant_starch_gapseq	1080	1228	274	bio1	1.053551	0.940620	3.057328
MGYG000004584__gradient_L7_bglucan_gapseq	1080	1228	274	bio1	1.053551	0.857197	3.041092
MGYG000004584__gradient_L8_hmo_gapseq	1080	1228	274	bio1	1.053551	0.913022	3.049403
MGYG000004584__gradient_L9_mos_gapseq	1080	1228	274	bio1	1.143791	0.847713	3.129722
MGYG000004588__gradient_L0_base_gapseq	1330	1581	402	bio1	0.508315	1.198847	5.147967
MGYG000004588__gradient_L1_inulin_gapseq	1330	1581	402	bio1	0.630017	1.169348	5.131566
MGYG000004588__gradient_L2_fos_gapseq	1330	1581	402	bio1	0.630017	1.108791	5.215983
MGYG000004588__gradient_L3_gos_gapseq	1330	1581	402	bio1	0.630017	1.102082	5.138401
MGYG000004588__gradient_L4_xos_gapseq	1330	1581	402	bio1	0.633956	1.155433	5.152095
MGYG000004588__gradient_L5_pectin_gapseq	1330	1581	402	bio1	0.674226	1.209852	5.123729
MGYG000004588__gradient_L6_resistant_starch_gapseq	1330	1581	402	bio1	0.972335	1.132870	5.206229
MGYG000004588__gradient_L7_bglucan_gapseq	1330	1581	402	bio1	1.149710	1.135836	5.173519
MGYG000004588__gradient_L8_hmo_gapseq	1330	1581	402	bio1	1.149710	1.129184	5.126553
MGYG000004588__gradient_L9_mos_gapseq	1330	1581	402	bio1	1.252824	1.209834	5.111027
MGYG000004589__gradient_L0_base_gapseq	1180	1358	355	bio1	0.000000	1.046202	0.053309
MGYG000004589__gradient_L1_inulin_gapseq	1180	1358	355	bio1	0.000000	0.950288	0.054054
MGYG000004589__gradient_L2_fos_gapseq	1180	1358	355	bio1	0.000000	0.970288	0.053906
MGYG000004589__gradient_L3_gos_gapseq	1180	1358	355	bio1	0.000000	1.059004	0.058011
MGYG000004589__gradient_L4_xos_gapseq	1180	1358	355	bio1	0.590858	0.981833	3.849247
MGYG000004589__gradient_L5_pectin_gapseq	1180	1358	355	bio1	0.590858	0.974752	3.756943
MGYG000004589__gradient_L6_resistant_starch_gapseq	1180	1358	355	bio1	1.180866	1.049719	3.758808
MGYG000004589__gradient_L7_bglucan_gapseq	1180	1358	355	bio1	1.385376	0.959676	3.826139
MGYG000004589__gradient_L8_hmo_gapseq	1180	1358	355	bio1	1.385376	0.976223	3.728809
MGYG000004589__gradient_L9_mos_gapseq	1180	1358	355	bio1	1.385376	1.043481	3.728636
MGYG000004590__gradient_L0_base_gapseq	1160	1305	292	bio1	0.000000	0.924339	0.116244
MGYG000004590__gradient_L1_inulin_gapseq	1160	1305	292	bio1	0.000000	0.922967	0.044143
MGYG000004590__gradient_L2_fos_gapseq	1160	1305	292	bio1	0.000000	0.890624	0.043798
MGYG000004590__gradient_L3_gos_gapseq	1160	1305	292	bio1	0.000000	0.969387	0.044723
MGYG000004590__gradient_L4_xos_gapseq	1160	1305	292	bio1	0.000000	0.916153	0.044498
MGYG000004590__gradient_L5_pectin_gapseq	1160	1305	292	bio1	0.000000	1.000416	0.045415
MGYG000004590__gradient_L6_resistant_starch_gapseq	1160	1305	292	bio1	0.000000	0.911760	0.042948
MGYG000004590__gradient_L7_bglucan_gapseq	1160	1305	292	bio1	0.000000	0.888491	0.134090
MGYG000004590__gradient_L8_hmo_gapseq	1160	1305	292	bio1	0.000000	0.925049	0.042660
MGYG000004590__gradient_L9_mos_gapseq	1160	1305	292	bio1	0.000000	0.912095	0.043216
MGYG000004591__gradient_L0_base_gapseq	930	1031	224	bio1	0.000000	0.850289	0.034151
MGYG000004591__gradient_L1_inulin_gapseq	930	1031	224	bio1	0.000000	0.709413	0.034897
MGYG000004591__gradient_L2_fos_gapseq	930	1031	224	bio1	0.000000	0.725986	0.032798
MGYG000004591__gradient_L3_gos_gapseq	930	1031	224	bio1	0.000000	0.789155	0.034044
MGYG000004591__gradient_L4_xos_gapseq	930	1031	224	bio1	0.000000	0.707223	0.033298
MGYG000004591__gradient_L5_pectin_gapseq	930	1031	224	bio1	0.000000	0.693852	0.032456
MGYG000004591__gradient_L6_resistant_starch_gapseq	930	1031	224	bio1	0.000000	0.822061	0.034635
MGYG000004591__gradient_L7_bglucan_gapseq	930	1031	224	bio1	0.000000	0.720572	0.033946
MGYG000004591__gradient_L8_hmo_gapseq	930	1031	224	bio1	0.000000	0.702196	0.033417
MGYG000004591__gradient_L9_mos_gapseq	930	1031	224	bio1	0.000000	0.851526	0.034639
MGYG000004592__gradient_L0_base_gapseq	1229	1256	262	bio1	0.000000	0.923706	0.043639
MGYG000004592__gradient_L1_inulin_gapseq	1229	1256	262	bio1	0.000000	0.912130	0.140565
MGYG000004592__gradient_L2_fos_gapseq	1229	1256	262	bio1	0.000000	0.910472	0.043512
MGYG000004592__gradient_L3_gos_gapseq	1229	1256	262	bio1	0.000000	0.916371	0.044384
MGYG000004592__gradient_L4_xos_gapseq	1229	1256	262	bio1	0.000000	0.980506	0.043934
MGYG000004592__gradient_L5_pectin_gapseq	1229	1256	262	bio1	0.000000	0.906970	0.043546
MGYG000004592__gradient_L6_resistant_starch_gapseq	1229	1256	262	bio1	0.357703	0.966449	3.264415
MGYG000004592__gradient_L7_bglucan_gapseq	1229	1256	262	bio1	0.548326	0.928383	3.251955
MGYG000004592__gradient_L8_hmo_gapseq	1229	1256	262	bio1	0.548326	1.023986	3.254703
MGYG000004592__gradient_L9_mos_gapseq	1229	1256	262	bio1	0.548326	0.924908	3.379316
MGYG000004599__gradient_L0_base_gapseq	1427	1616	448	bio1	0.801600	1.151832	5.301545
MGYG000004599__gradient_L1_inulin_gapseq	1427	1616	448	bio1	0.907837	1.199494	5.158497
MGYG000004599__gradient_L2_fos_gapseq	1427	1616	448	bio1	0.907837	1.281239	5.212208
MGYG000004599__gradient_L3_gos_gapseq	1427	1616	448	bio1	0.987515	1.279158	5.153200
MGYG000004599__gradient_L4_xos_gapseq	1427	1616	448	bio1	1.002002	1.151180	5.229205
MGYG000004599__gradient_L5_pectin_gapseq	1427	1616	448	bio1	1.035805	1.220012	5.214309
MGYG000004599__gradient_L6_resistant_starch_gapseq	1427	1616	448	bio1	1.440533	1.203253	5.174230
MGYG000004599__gradient_L7_bglucan_gapseq	1427	1616	448	bio1	1.569436	1.238034	5.161363
MGYG000004599__gradient_L8_hmo_gapseq	1427	1616	448	bio1	1.569436	1.285622	5.160560
MGYG000004599__gradient_L9_mos_gapseq	1427	1616	448	bio1	1.650848	1.281802	5.172227
MGYG000004603__gradient_L0_base_gapseq	1488	1773	392	bio1	0.529353	1.260917	6.311236
MGYG000004603__gradient_L1_inulin_gapseq	1488	1773	392	bio1	0.682653	1.245958	6.241349
MGYG000004603__gradient_L2_fos_gapseq	1488	1773	392	bio1	0.682653	1.295647	6.218768
MGYG000004603__gradient_L3_gos_gapseq	1488	1773	392	bio1	0.826372	1.274824	6.186341
MGYG000004603__gradient_L4_xos_gapseq	1488	1773	392	bio1	0.855116	1.319905	6.150723
MGYG000004603__gradient_L5_pectin_gapseq	1488	1773	392	bio1	0.855116	1.395814	6.149645
MGYG000004603__gradient_L6_resistant_starch_gapseq	1488	1773	392	bio1	1.173692	1.366212	6.156690
MGYG000004603__gradient_L7_bglucan_gapseq	1488	1773	392	bio1	1.173692	1.324381	6.168821
MGYG000004603__gradient_L8_hmo_gapseq	1488	1773	392	bio1	1.173692	1.327830	6.225052
MGYG000004603__gradient_L9_mos_gapseq	1488	1773	392	bio1	1.250342	1.240928	6.260025
MGYG000004612__gradient_L0_base_gapseq	1308	1467	339	bio1	0.000000	1.063749	0.053096
MGYG000004612__gradient_L1_inulin_gapseq	1308	1467	339	bio1	0.000000	1.120490	0.053426
MGYG000004612__gradient_L2_fos_gapseq	1308	1467	339	bio1	0.000000	1.067151	0.054096
MGYG000004612__gradient_L3_gos_gapseq	1308	1467	339	bio1	0.000000	1.200526	0.054340
MGYG000004612__gradient_L4_xos_gapseq	1308	1467	339	bio1	1.066317	1.057705	4.208805
MGYG000004612__gradient_L5_pectin_gapseq	1308	1467	339	bio1	1.066317	1.152152	4.211887
MGYG000004612__gradient_L6_resistant_starch_gapseq	1308	1467	339	bio1	1.794591	1.161817	4.202647
MGYG000004612__gradient_L7_bglucan_gapseq	1308	1467	339	bio1	2.038740	1.082406	4.315809
MGYG000004612__gradient_L8_hmo_gapseq	1308	1467	339	bio1	2.038740	1.061498	4.215759
MGYG000004612__gradient_L9_mos_gapseq	1308	1467	339	bio1	2.172292	1.140964	4.203514
MGYG000004616__gradient_L0_base_gapseq	1201	1336	291	bio1	0.000000	1.063702	0.045075
MGYG000004616__gradient_L1_inulin_gapseq	1201	1336	291	bio1	0.000000	0.953266	0.044656
MGYG000004616__gradient_L2_fos_gapseq	1201	1336	291	bio1	0.000000	0.924971	0.045001
MGYG000004616__gradient_L3_gos_gapseq	1201	1336	291	bio1	0.349589	1.044269	3.732946
MGYG000004616__gradient_L4_xos_gapseq	1201	1336	291	bio1	0.349589	1.031491	3.742469
MGYG000004616__gradient_L5_pectin_gapseq	1201	1336	291	bio1	0.349589	0.959339	3.720843
MGYG000004616__gradient_L6_resistant_starch_gapseq	1201	1336	291	bio1	0.349650	1.062166	3.728931
MGYG000004616__gradient_L7_bglucan_gapseq	1201	1336	291	bio1	0.349650	0.958037	3.821940
MGYG000004616__gradient_L8_hmo_gapseq	1201	1336	291	bio1	0.349650	0.956324	3.733631
MGYG000004616__gradient_L9_mos_gapseq	1201	1336	291	bio1	0.349650	1.019656	3.739862
MGYG000004617__gradient_L0_base_gapseq	1153	1328	302	bio1	0.200677	0.967489	3.578390
MGYG000004617__gradient_L1_inulin_gapseq	1153	1328	302	bio1	0.407839	0.938055	3.476413
MGYG000004617__gradient_L2_fos_gapseq	1153	1328	302	bio1	0.407839	1.008533	3.490206
MGYG000004617__gradient_L3_gos_gapseq	1153	1328	302	bio1	0.582631	0.911954	3.565322
MGYG000004617__gradient_L4_xos_gapseq	1153	1328	302	bio1	0.582631	0.962682	3.530475
MGYG000004617__gradient_L5_pectin_gapseq	1153	1328	302	bio1	0.582631	1.090585	3.468990
MGYG000004617__gradient_L6_resistant_starch_gapseq	1153	1328	302	bio1	0.997243	0.956716	3.576172
MGYG000004617__gradient_L7_bglucan_gapseq	1153	1328	302	bio1	0.997243	0.947900	3.491476
MGYG000004617__gradient_L8_hmo_gapseq	1153	1328	302	bio1	0.997243	0.987074	3.491757
MGYG000004617__gradient_L9_mos_gapseq	1153	1328	302	bio1	1.091994	0.950046	3.609820
MGYG000004618__gradient_L0_base_gapseq	1514	1680	482	bio1	1.314695	1.314234	5.704006
MGYG000004618__gradient_L1_inulin_gapseq	1514	1680	482	bio1	1.476671	1.242071	5.801536
MGYG000004618__gradient_L2_fos_gapseq	1514	1680	482	bio1	1.476671	1.237729	5.854663
MGYG000004618__gradient_L3_gos_gapseq	1514	1680	482	bio1	1.573856	1.280158	5.694545
MGYG000004618__gradient_L4_xos_gapseq	1514	1680	482	bio1	1.669017	1.310356	5.732010
MGYG000004618__gradient_L5_pectin_gapseq	1514	1680	482	bio1	1.669017	1.314061	5.664148
MGYG000004618__gradient_L6_resistant_starch_gapseq	1514	1680	482	bio1	2.375637	1.312593	5.676017
MGYG000004618__gradient_L7_bglucan_gapseq	1514	1680	482	bio1	2.612527	1.315186	5.670653
MGYG000004618__gradient_L8_hmo_gapseq	1514	1680	482	bio1	2.612527	1.330985	5.693005
MGYG000004618__gradient_L9_mos_gapseq	1514	1680	482	bio1	2.774503	1.241357	5.802477
MGYG000004619__gradient_L0_base_gapseq	1172	1306	323	bio1	0.779088	0.933721	3.509846
MGYG000004619__gradient_L1_inulin_gapseq	1172	1306	323	bio1	1.072115	1.018755	3.475103
MGYG000004619__gradient_L2_fos_gapseq	1172	1306	323	bio1	1.072115	0.910310	3.567627
MGYG000004619__gradient_L3_gos_gapseq	1172	1306	323	bio1	1.366337	0.936605	3.490684
MGYG000004619__gradient_L4_xos_gapseq	1172	1306	323	bio1	1.366337	1.003180	3.492775
MGYG000004619__gradient_L5_pectin_gapseq	1172	1306	323	bio1	1.366337	0.914728	3.576826
MGYG000004619__gradient_L6_resistant_starch_gapseq	1172	1306	323	bio1	1.983756	0.930712	3.489488
MGYG000004619__gradient_L7_bglucan_gapseq	1172	1306	323	bio1	1.983756	0.988670	3.493784
MGYG000004619__gradient_L8_hmo_gapseq	1172	1306	323	bio1	1.983756	0.940110	3.574964
MGYG000004619__gradient_L9_mos_gapseq	1172	1306	323	bio1	2.126409	0.932585	3.503932
MGYG000004633__gradient_L0_base_gapseq	1263	1434	374	bio1	0.652428	1.106446	4.323530
MGYG000004633__gradient_L1_inulin_gapseq	1263	1434	374	bio1	0.936482	1.046761	4.263351
MGYG000004633__gradient_L2_fos_gapseq	1263	1434	374	bio1	0.936482	1.145755	4.241212
MGYG000004633__gradient_L3_gos_gapseq	1263	1434	374	bio1	1.193879	1.050689	4.314437
MGYG000004633__gradient_L4_xos_gapseq	1263	1434	374	bio1	1.193879	1.056842	4.239541
MGYG000004633__gradient_L5_pectin_gapseq	1263	1434	374	bio1	1.193879	1.116938	4.236130
MGYG000004633__gradient_L6_resistant_starch_gapseq	1263	1434	374	bio1	1.782326	1.138900	4.252510
MGYG000004633__gradient_L7_bglucan_gapseq	1263	1434	374	bio1	1.782326	1.055659	4.337286
MGYG000004633__gradient_L8_hmo_gapseq	1263	1434	374	bio1	1.782326	1.064388	4.238852
MGYG000004633__gradient_L9_mos_gapseq	1263	1434	374	bio1	1.918285	1.146187	4.234039
MGYG000004637__gradient_L0_base_gapseq	1072	1117	255	bio1	0.043338	0.799759	2.506733
MGYG000004637__gradient_L1_inulin_gapseq	1072	1117	255	bio1	0.083928	0.802881	2.581402
MGYG000004637__gradient_L2_fos_gapseq	1072	1117	255	bio1	0.083928	0.827948	2.509039
MGYG000004637__gradient_L3_gos_gapseq	1072	1117	255	bio1	0.083928	0.878858	2.518710
MGYG000004637__gradient_L4_xos_gapseq	1072	1117	255	bio1	0.083928	0.812080	2.509412
MGYG000004637__gradient_L5_pectin_gapseq	1072	1117	255	bio1	0.083928	0.874882	2.533185
MGYG000004637__gradient_L6_resistant_starch_gapseq	1072	1117	255	bio1	0.083928	0.821988	2.497234
MGYG000004637__gradient_L7_bglucan_gapseq	1072	1117	255	bio1	0.083928	0.869221	2.508493
MGYG000004637__gradient_L8_hmo_gapseq	1072	1117	255	bio1	0.083928	0.830253	2.507553
MGYG000004637__gradient_L9_mos_gapseq	1072	1117	255	bio1	0.083928	0.866415	2.508866
MGYG000004645__gradient_L0_base_gapseq	973	1094	258	bio1	0.334417	0.837829	2.509656
MGYG000004645__gradient_L1_inulin_gapseq	973	1094	258	bio1	0.528118	0.766065	2.512569
MGYG000004645__gradient_L2_fos_gapseq	973	1094	258	bio1	0.528118	0.817340	2.518656
MGYG000004645__gradient_L3_gos_gapseq	973	1094	258	bio1	0.872267	0.771000	2.507954
MGYG000004645__gradient_L4_xos_gapseq	973	1094	258	bio1	0.978063	0.848087	2.503891
MGYG000004645__gradient_L5_pectin_gapseq	973	1094	258	bio1	0.978063	0.770548	2.501332
MGYG000004645__gradient_L6_resistant_starch_gapseq	973	1094	258	bio1	1.717806	0.845852	2.511994
MGYG000004645__gradient_L7_bglucan_gapseq	973	1094	258	bio1	1.976741	0.755842	2.511613
MGYG000004645__gradient_L8_hmo_gapseq	973	1094	258	bio1	1.976741	0.825808	2.505726
MGYG000004645__gradient_L9_mos_gapseq	973	1094	258	bio1	1.976741	0.756355	2.494609
MGYG000004652__gradient_L0_base_gapseq	1396	1665	371	bio1	0.239421	1.192025	5.623424
MGYG000004652__gradient_L1_inulin_gapseq	1396	1665	371	bio1	0.445989	1.183960	5.584190
MGYG000004652__gradient_L2_fos_gapseq	1396	1665	371	bio1	0.445989	1.253904	5.603699
MGYG000004652__gradient_L3_gos_gapseq	1396	1665	371	bio1	0.650210	1.307734	5.613047
MGYG000004652__gradient_L4_xos_gapseq	1396	1665	371	bio1	0.746688	1.285183	5.571523
MGYG000004652__gradient_L5_pectin_gapseq	1396	1665	371	bio1	0.746688	1.174745	5.641150
MGYG000004652__gradient_L6_resistant_starch_gapseq	1396	1665	371	bio1	1.194376	1.173196	5.697165
MGYG000004652__gradient_L7_bglucan_gapseq	1396	1665	371	bio1	1.340070	1.200131	5.599314
MGYG000004652__gradient_L8_hmo_gapseq	1396	1665	371	bio1	1.340070	1.284904	5.589027
MGYG000004652__gradient_L9_mos_gapseq	1396	1665	371	bio1	1.431129	1.343280	5.622084
MGYG000004655__gradient_L0_base_gapseq	1273	1414	335	bio1	0.301778	1.018801	4.064613
MGYG000004655__gradient_L1_inulin_gapseq	1273	1414	335	bio1	0.377819	1.040379	3.979336
MGYG000004655__gradient_L2_fos_gapseq	1273	1414	335	bio1	0.377819	1.120241	3.961833
MGYG000004655__gradient_L3_gos_gapseq	1273	1414	335	bio1	0.434850	1.002070	4.067443
MGYG000004655__gradient_L4_xos_gapseq	1273	1414	335	bio1	0.454454	1.004952	3.964876
MGYG000004655__gradient_L5_pectin_gapseq	1273	1414	335	bio1	0.454454	1.067342	3.973101
MGYG000004655__gradient_L6_resistant_starch_gapseq	1273	1414	335	bio1	0.651685	1.078723	3.966826
MGYG000004655__gradient_L7_bglucan_gapseq	1273	1414	335	bio1	0.772876	1.022449	3.970092
MGYG000004655__gradient_L8_hmo_gapseq	1273	1414	335	bio1	0.772876	1.090826	3.965817
MGYG000004655__gradient_L9_mos_gapseq	1273	1414	335	bio1	0.848917	1.073205	3.984993
MGYG000004663__gradient_L0_base_gapseq	1293	1389	359	bio1	0.000000	1.009497	0.136552
MGYG000004663__gradient_L1_inulin_gapseq	1293	1389	359	bio1	0.000000	1.034826	0.059099
MGYG000004663__gradient_L2_fos_gapseq	1293	1389	359	bio1	0.000000	1.001459	0.058198
MGYG000004663__gradient_L3_gos_gapseq	1293	1389	359	bio1	0.000000	1.124317	0.058111
MGYG000004663__gradient_L4_xos_gapseq	1293	1389	359	bio1	0.000000	1.026439	0.058186
MGYG000004663__gradient_L5_pectin_gapseq	1293	1389	359	bio1	0.000000	1.144609	0.059019
MGYG000004663__gradient_L6_resistant_starch_gapseq	1293	1389	359	bio1	0.000000	1.039220	0.060956
MGYG000004663__gradient_L7_bglucan_gapseq	1293	1389	359	bio1	0.000000	1.131666	0.060814
MGYG000004663__gradient_L8_hmo_gapseq	1293	1389	359	bio1	0.000000	1.009963	0.060145
MGYG000004663__gradient_L9_mos_gapseq	1293	1389	359	bio1	0.000000	1.164259	0.060633
MGYG000004666__gradient_L0_base_gapseq	1185	1298	339	bio1	0.712270	1.001837	3.451123
MGYG000004666__gradient_L1_inulin_gapseq	1185	1298	339	bio1	0.860276	0.932068	3.533141
MGYG000004666__gradient_L2_fos_gapseq	1185	1298	339	bio1	0.860276	0.944507	3.473676
MGYG000004666__gradient_L3_gos_gapseq	1185	1298	339	bio1	1.162412	1.004320	3.480249
MGYG000004666__gradient_L4_xos_gapseq	1185	1298	339	bio1	1.162412	0.920146	3.513768
MGYG000004666__gradient_L5_pectin_gapseq	1185	1298	339	bio1	1.162412	0.934168	3.447898
MGYG000004666__gradient_L6_resistant_starch_gapseq	1185	1298	339	bio1	1.791301	0.994296	3.504253
MGYG000004666__gradient_L7_bglucan_gapseq	1185	1298	339	bio1	1.791301	0.932717	3.543140
MGYG000004666__gradient_L8_hmo_gapseq	1185	1298	339	bio1	1.791301	0.929668	3.445334
MGYG000004666__gradient_L9_mos_gapseq	1185	1298	339	bio1	1.936604	0.971682	3.457926
MGYG000004685__gradient_L0_base_gapseq	766	737	100	bio1	0.000000	0.514989	0.015284
MGYG000004685__gradient_L1_inulin_gapseq	766	737	100	bio1	0.000000	0.513312	0.018844
MGYG000004685__gradient_L2_fos_gapseq	766	737	100	bio1	0.000000	0.534005	0.018642
MGYG000004685__gradient_L3_gos_gapseq	766	737	100	bio1	0.000000	0.608669	0.018761
MGYG000004685__gradient_L4_xos_gapseq	766	737	100	bio1	0.000000	0.533050	0.018727
MGYG000004685__gradient_L5_pectin_gapseq	766	737	100	bio1	0.000000	0.515259	0.018763
MGYG000004685__gradient_L6_resistant_starch_gapseq	766	737	100	bio1	0.000000	0.517789	0.019151
MGYG000004685__gradient_L7_bglucan_gapseq	766	737	100	bio1	0.000000	0.622848	0.019081
MGYG000004685__gradient_L8_hmo_gapseq	766	737	100	bio1	0.000000	0.515871	0.019865
MGYG000004685__gradient_L9_mos_gapseq	766	737	100	bio1	0.000000	0.510582	0.018895
MGYG000004687__gradient_L0_base_gapseq	1605	1835	518	bio1	0.970057	1.439981	6.592638
MGYG000004687__gradient_L1_inulin_gapseq	1605	1835	518	bio1	1.200567	1.328433	6.876356
MGYG000004687__gradient_L2_fos_gapseq	1605	1835	518	bio1	1.200567	1.399472	6.735085
MGYG000004687__gradient_L3_gos_gapseq	1605	1835	518	bio1	1.279806	1.379770	6.717046
MGYG000004687__gradient_L4_xos_gapseq	1605	1835	518	bio1	1.279806	1.366290	6.688469
MGYG000004687__gradient_L5_pectin_gapseq	1605	1835	518	bio1	1.279806	1.348475	6.684539
MGYG000004687__gradient_L6_resistant_starch_gapseq	1605	1835	518	bio1	1.772042	1.392260	6.732025
MGYG000004687__gradient_L7_bglucan_gapseq	1605	1835	518	bio1	1.772042	1.332105	6.625734
MGYG000004687__gradient_L8_hmo_gapseq	1605	1835	518	bio1	1.772042	1.421281	6.612521
MGYG000004687__gradient_L9_mos_gapseq	1605	1835	518	bio1	1.772042	1.408093	6.592212
MGYG000004722__gradient_L0_base_gapseq	1005	1027	203	bio1	0.000000	0.737936	0.031590
MGYG000004722__gradient_L1_inulin_gapseq	1005	1027	203	bio1	0.000000	0.832751	0.030808
MGYG000004722__gradient_L2_fos_gapseq	1005	1027	203	bio1	0.000000	0.764171	0.030986
MGYG000004722__gradient_L3_gos_gapseq	1005	1027	203	bio1	0.846613	0.751052	2.190299
MGYG000004722__gradient_L4_xos_gapseq	1005	1027	203	bio1	0.846613	0.786939	2.189958
MGYG000004722__gradient_L5_pectin_gapseq	1005	1027	203	bio1	0.846613	0.728527	2.189095
MGYG000004722__gradient_L6_resistant_starch_gapseq	1005	1027	203	bio1	0.994383	0.821138	2.188244
MGYG000004722__gradient_L7_bglucan_gapseq	1005	1027	203	bio1	0.994383	0.712271	2.184157
MGYG000004722__gradient_L8_hmo_gapseq	1005	1027	203	bio1	0.994383	0.800817	2.183884
MGYG000004722__gradient_L9_mos_gapseq	1005	1027	203	bio1	0.994383	0.767398	2.187121
MGYG000004727__gradient_L0_base_gapseq	1252	1308	300	bio1	0.000000	0.948695	0.037624
MGYG000004727__gradient_L1_inulin_gapseq	1252	1308	300	bio1	0.000000	1.044610	0.040674
MGYG000004727__gradient_L2_fos_gapseq	1252	1308	300	bio1	0.000000	0.956235	0.039730
MGYG000004727__gradient_L3_gos_gapseq	1252	1308	300	bio1	0.000000	1.023707	0.039632
MGYG000004727__gradient_L4_xos_gapseq	1252	1308	300	bio1	0.000000	0.948099	0.040593
MGYG000004727__gradient_L5_pectin_gapseq	1252	1308	300	bio1	0.000000	0.968396	0.135260
MGYG000004727__gradient_L6_resistant_starch_gapseq	1252	1308	300	bio1	0.000000	0.954322	0.040747
MGYG000004727__gradient_L7_bglucan_gapseq	1252	1308	300	bio1	0.000000	0.941264	0.040159
MGYG000004727__gradient_L8_hmo_gapseq	1252	1308	300	bio1	0.000000	1.053542	0.040685
MGYG000004727__gradient_L9_mos_gapseq	1252	1308	300	bio1	0.000000	0.961847	0.040478
MGYG000004733__gradient_L0_base_gapseq	1460	1699	512	bio1	0.985345	1.315402	5.682711
MGYG000004733__gradient_L1_inulin_gapseq	1460	1699	512	bio1	1.270047	1.329015	5.664642
MGYG000004733__gradient_L2_fos_gapseq	1460	1699	512	bio1	1.270047	1.309338	5.714738
MGYG000004733__gradient_L3_gos_gapseq	1460	1699	512	bio1	1.583485	1.240122	5.793592
MGYG000004733__gradient_L4_xos_gapseq	1460	1699	512	bio1	1.630168	1.205249	5.819063
MGYG000004733__gradient_L5_pectin_gapseq	1460	1699	512	bio1	1.630168	1.212986	5.671039
MGYG000004733__gradient_L6_resistant_starch_gapseq	1460	1699	512	bio1	2.245930	1.362869	5.642282
MGYG000004733__gradient_L7_bglucan_gapseq	1460	1699	512	bio1	2.452666	1.346430	5.663169
MGYG000004733__gradient_L8_hmo_gapseq	1460	1699	512	bio1	2.599382	1.300304	5.760758
MGYG000004733__gradient_L9_mos_gapseq	1460	1699	512	bio1	2.706085	1.343635	5.755981
MGYG000004736__gradient_L0_base_gapseq	1321	1439	285	bio1	0.000000	1.122041	0.050923
MGYG000004736__gradient_L1_inulin_gapseq	1321	1439	285	bio1	0.000000	1.096168	0.050928
MGYG000004736__gradient_L2_fos_gapseq	1321	1439	285	bio1	0.000000	1.101340	0.050240
MGYG000004736__gradient_L3_gos_gapseq	1321	1439	285	bio1	0.843308	1.074826	4.320116
MGYG000004736__gradient_L4_xos_gapseq	1321	1439	285	bio1	0.843308	1.189758	4.321823
MGYG000004736__gradient_L5_pectin_gapseq	1321	1439	285	bio1	0.843308	1.045692	4.396437
MGYG000004736__gradient_L6_resistant_starch_gapseq	1321	1439	285	bio1	1.564944	1.074190	4.296622
MGYG000004736__gradient_L7_bglucan_gapseq	1321	1439	285	bio1	1.564944	1.140293	4.278779
MGYG000004736__gradient_L8_hmo_gapseq	1321	1439	285	bio1	1.564944	1.153527	4.293520
MGYG000004736__gradient_L9_mos_gapseq	1321	1439	285	bio1	1.564944	1.086952	4.406685
MGYG000004737__gradient_L0_base_gapseq	1133	1302	314	bio1	0.000000	0.974414	0.046020
MGYG000004737__gradient_L1_inulin_gapseq	1133	1302	314	bio1	0.000000	0.903261	0.047753
MGYG000004737__gradient_L2_fos_gapseq	1133	1302	314	bio1	0.000000	0.975249	0.047321
MGYG000004737__gradient_L3_gos_gapseq	1133	1302	314	bio1	0.000000	0.940931	0.046532
MGYG000004737__gradient_L4_xos_gapseq	1133	1302	314	bio1	0.639222	0.889718	3.476023
MGYG000004737__gradient_L5_pectin_gapseq	1133	1302	314	bio1	0.639222	0.909014	3.381589
MGYG000004737__gradient_L6_resistant_starch_gapseq	1133	1302	314	bio1	0.961972	0.963437	3.403698
MGYG000004737__gradient_L7_bglucan_gapseq	1133	1302	314	bio1	0.961972	0.922120	3.489729
MGYG000004737__gradient_L8_hmo_gapseq	1133	1302	314	bio1	0.961972	0.912685	3.424690
MGYG000004737__gradient_L9_mos_gapseq	1133	1302	314	bio1	1.038697	0.980691	3.418433
MGYG000004739__gradient_L0_base_gapseq	1337	1596	360	bio1	0.000000	1.230767	0.062932
MGYG000004739__gradient_L1_inulin_gapseq	1337	1596	360	bio1	0.000000	1.165911	0.063876
MGYG000004739__gradient_L2_fos_gapseq	1337	1596	360	bio1	0.000000	1.218398	0.063853
MGYG000004739__gradient_L3_gos_gapseq	1337	1596	360	bio1	1.021458	1.151054	5.062599
MGYG000004739__gradient_L4_xos_gapseq	1337	1596	360	bio1	1.066025	1.155979	5.089671
MGYG000004739__gradient_L5_pectin_gapseq	1337	1596	360	bio1	1.066025	1.198273	5.041674
MGYG000004739__gradient_L6_resistant_starch_gapseq	1337	1596	360	bio1	1.421371	1.239419	4.972340
MGYG000004739__gradient_L7_bglucan_gapseq	1337	1596	360	bio1	1.537541	1.228133	4.972274
MGYG000004739__gradient_L8_hmo_gapseq	1337	1596	360	bio1	1.537541	1.190374	4.985104
MGYG000004739__gradient_L9_mos_gapseq	1337	1596	360	bio1	1.610432	1.166182	5.077973
MGYG000004744__gradient_L0_base_gapseq	1298	1476	377	bio1	0.560200	1.032900	4.318940
MGYG000004744__gradient_L1_inulin_gapseq	1298	1476	377	bio1	0.795790	1.047634	4.224659
MGYG000004744__gradient_L2_fos_gapseq	1298	1476	377	bio1	0.795790	1.114164	4.273217
MGYG000004744__gradient_L3_gos_gapseq	1298	1476	377	bio1	1.029202	1.130280	4.279462
MGYG000004744__gradient_L4_xos_gapseq	1298	1476	377	bio1	1.029202	1.041898	4.328264
MGYG000004744__gradient_L5_pectin_gapseq	1298	1476	377	bio1	1.029202	1.033665	4.241673
MGYG000004744__gradient_L6_resistant_starch_gapseq	1298	1476	377	bio1	1.490572	1.120340	4.235475
MGYG000004744__gradient_L7_bglucan_gapseq	1298	1476	377	bio1	1.649095	1.073326	4.336035
MGYG000004744__gradient_L8_hmo_gapseq	1298	1476	377	bio1	1.649095	1.077858	4.260149
MGYG000004744__gradient_L9_mos_gapseq	1298	1476	377	bio1	1.649095	1.118764	4.248105
MGYG000004763__gradient_L0_base_gapseq	1421	1630	443	bio1	0.579456	1.155736	5.457159
MGYG000004763__gradient_L1_inulin_gapseq	1421	1630	443	bio1	0.681712	1.250320	5.427888
MGYG000004763__gradient_L2_fos_gapseq	1421	1630	443	bio1	0.681712	1.251880	5.500548
MGYG000004763__gradient_L3_gos_gapseq	1421	1630	443	bio1	0.757205	1.277461	5.429099
MGYG000004763__gradient_L4_xos_gapseq	1421	1630	443	bio1	0.818972	1.170649	5.541043
MGYG000004763__gradient_L5_pectin_gapseq	1421	1630	443	bio1	0.850999	1.217306	5.502273
MGYG000004763__gradient_L6_resistant_starch_gapseq	1421	1630	443	bio1	1.109504	1.160682	5.438525
MGYG000004763__gradient_L7_bglucan_gapseq	1421	1630	443	bio1	1.267353	1.252393	5.451988
MGYG000004763__gradient_L8_hmo_gapseq	1421	1630	443	bio1	1.267353	1.294897	5.441651
MGYG000004763__gradient_L9_mos_gapseq	1421	1630	443	bio1	1.368010	1.279835	5.448053
MGYG000004770__gradient_L0_base_gapseq	1486	1724	383	bio1	0.448136	1.210081	5.966669
MGYG000004770__gradient_L1_inulin_gapseq	1486	1724	383	bio1	0.526643	1.225192	5.952331
MGYG000004770__gradient_L2_fos_gapseq	1486	1724	383	bio1	0.526643	1.228786	5.948829
MGYG000004770__gradient_L3_gos_gapseq	1486	1724	383	bio1	0.585524	1.281294	5.846508
MGYG000004770__gradient_L4_xos_gapseq	1486	1724	383	bio1	0.585524	1.307695	5.846226
MGYG000004770__gradient_L5_pectin_gapseq	1486	1724	383	bio1	0.585524	1.303360	5.863733
MGYG000004770__gradient_L6_resistant_starch_gapseq	1486	1724	383	bio1	0.735178	1.318062	5.845370
MGYG000004770__gradient_L7_bglucan_gapseq	1486	1724	383	bio1	0.735178	1.345532	5.830799
MGYG000004770__gradient_L8_hmo_gapseq	1486	1724	383	bio1	0.735178	1.224305	5.942795
MGYG000004770__gradient_L9_mos_gapseq	1486	1724	383	bio1	0.774432	1.226279	5.950750
MGYG000004781__gradient_L0_base_gapseq	1669	1967	546	bio1	0.000000	1.433921	0.088519
MGYG000004781__gradient_L1_inulin_gapseq	1669	1967	546	bio1	0.000000	1.522255	0.089819
MGYG000004781__gradient_L2_fos_gapseq	1669	1967	546	bio1	0.000000	1.529749	0.088949
MGYG000004781__gradient_L3_gos_gapseq	1669	1967	546	bio1	0.000000	1.434816	0.090843
MGYG000004781__gradient_L4_xos_gapseq	1669	1967	546	bio1	1.911469	1.539431	7.537131
MGYG000004781__gradient_L5_pectin_gapseq	1669	1967	546	bio1	1.911469	1.549666	7.474321
MGYG000004781__gradient_L6_resistant_starch_gapseq	1669	1967	546	bio1	2.629517	1.542657	7.597128
MGYG000004781__gradient_L7_bglucan_gapseq	1669	1967	546	bio1	2.862236	1.544966	7.535543
MGYG000004781__gradient_L8_hmo_gapseq	1669	1967	546	bio1	2.862236	1.520951	7.528706
MGYG000004781__gradient_L9_mos_gapseq	1669	1967	546	bio1	3.021360	1.528506	7.591874
MGYG000004783__gradient_L0_base_gapseq	1172	1285	269	bio1	0.000000	1.034860	0.042500
MGYG000004783__gradient_L1_inulin_gapseq	1172	1285	269	bio1	0.302240	0.944569	3.321279
MGYG000004783__gradient_L2_fos_gapseq	1172	1285	269	bio1	0.302240	1.040269	3.324223
MGYG000004783__gradient_L3_gos_gapseq	1172	1285	269	bio1	0.302240	0.952457	3.404759
MGYG000004783__gradient_L4_xos_gapseq	1172	1285	269	bio1	0.302240	0.922079	3.329881
MGYG000004783__gradient_L5_pectin_gapseq	1172	1285	269	bio1	0.302240	0.996446	3.333117
MGYG000004783__gradient_L6_resistant_starch_gapseq	1172	1285	269	bio1	0.888959	0.935902	3.360931
MGYG000004783__gradient_L7_bglucan_gapseq	1172	1285	269	bio1	0.888959	0.990158	3.323933
MGYG000004783__gradient_L8_hmo_gapseq	1172	1285	269	bio1	0.888959	0.941242	3.401557
MGYG000004783__gradient_L9_mos_gapseq	1172	1285	269	bio1	0.994383	0.932867	3.327560
MGYG000004786__gradient_L0_base_gapseq	1129	1253	308	bio1	0.000000	0.888345	0.041917
MGYG000004786__gradient_L1_inulin_gapseq	1129	1253	308	bio1	0.000000	0.992806	0.043195
MGYG000004786__gradient_L2_fos_gapseq	1129	1253	308	bio1	0.000000	0.917880	0.043551
MGYG000004786__gradient_L3_gos_gapseq	1129	1253	308	bio1	0.958625	1.003964	3.264815
MGYG000004786__gradient_L4_xos_gapseq	1129	1253	308	bio1	0.963686	0.894971	3.302505
MGYG000004786__gradient_L5_pectin_gapseq	1129	1253	308	bio1	0.963686	0.992762	3.244435
MGYG000004786__gradient_L6_resistant_starch_gapseq	1129	1253	308	bio1	1.599703	0.914192	3.307912
MGYG000004786__gradient_L7_bglucan_gapseq	1129	1253	308	bio1	1.818147	0.894787	3.253008
MGYG000004786__gradient_L8_hmo_gapseq	1129	1253	308	bio1	1.818147	0.953813	3.245659
MGYG000004786__gradient_L9_mos_gapseq	1129	1253	308	bio1	1.924059	0.905680	3.243898
MGYG000004789__gradient_L0_base_gapseq	1512	1804	397	bio1	0.739542	1.347488	6.235064
MGYG000004789__gradient_L1_inulin_gapseq	1512	1804	397	bio1	0.967097	1.333132	6.238538
MGYG000004789__gradient_L2_fos_gapseq	1512	1804	397	bio1	0.967097	1.402889	6.233037
MGYG000004789__gradient_L3_gos_gapseq	1512	1804	397	bio1	1.204860	1.353076	6.231877
MGYG000004789__gradient_L4_xos_gapseq	1512	1804	397	bio1	1.204860	1.275748	6.341857
MGYG000004789__gradient_L5_pectin_gapseq	1512	1804	397	bio1	1.204860	1.335177	6.376813
MGYG000004789__gradient_L6_resistant_starch_gapseq	1512	1804	397	bio1	1.679055	1.278622	6.342656
MGYG000004789__gradient_L7_bglucan_gapseq	1512	1804	397	bio1	1.835318	1.272113	6.332093
MGYG000004789__gradient_L8_hmo_gapseq	1512	1804	397	bio1	1.835318	1.276695	6.345357
MGYG000004789__gradient_L9_mos_gapseq	1512	1804	397	bio1	1.945622	1.311410	6.260984
MGYG000004790__gradient_L0_base_gapseq	1067	1172	225	bio1	0.000000	0.795612	0.036147
MGYG000004790__gradient_L1_inulin_gapseq	1067	1172	225	bio1	0.229044	0.842956	2.936588
MGYG000004790__gradient_L2_fos_gapseq	1067	1172	225	bio1	0.229044	0.819202	2.846593
MGYG000004790__gradient_L3_gos_gapseq	1067	1172	225	bio1	0.229044	0.891242	2.854452
MGYG000004790__gradient_L4_xos_gapseq	1067	1172	225	bio1	0.229044	0.826072	2.852533
MGYG000004790__gradient_L5_pectin_gapseq	1067	1172	225	bio1	0.229044	0.877543	2.843207
MGYG000004790__gradient_L6_resistant_starch_gapseq	1067	1172	225	bio1	0.229044	0.821742	2.845684
MGYG000004790__gradient_L7_bglucan_gapseq	1067	1172	225	bio1	0.229044	0.891539	2.849844
MGYG000004790__gradient_L8_hmo_gapseq	1067	1172	225	bio1	0.229044	0.820331	2.922626
MGYG000004790__gradient_L9_mos_gapseq	1067	1172	225	bio1	0.229044	0.824356	2.856033
MGYG000004792__gradient_L0_base_gapseq	1383	1657	395	bio1	0.000000	1.294070	0.060736
MGYG000004792__gradient_L1_inulin_gapseq	1383	1657	395	bio1	0.456799	1.239915	5.467613
MGYG000004792__gradient_L2_fos_gapseq	1383	1657	395	bio1	0.456799	1.207971	5.548436
MGYG000004792__gradient_L3_gos_gapseq	1383	1657	395	bio1	0.533710	1.200515	5.552087
MGYG000004792__gradient_L4_xos_gapseq	1383	1657	395	bio1	0.631598	1.213092	5.412092
MGYG000004792__gradient_L5_pectin_gapseq	1383	1657	395	bio1	0.631598	1.245461	5.476382
MGYG000004792__gradient_L6_resistant_starch_gapseq	1383	1657	395	bio1	1.064443	1.269455	5.531892
MGYG000004792__gradient_L7_bglucan_gapseq	1383	1657	395	bio1	1.209911	1.278840	5.440943
MGYG000004792__gradient_L8_hmo_gapseq	1383	1657	395	bio1	1.209911	1.273261	5.471429
MGYG000004792__gradient_L9_mos_gapseq	1383	1657	395	bio1	1.274563	1.198399	5.577012
MGYG000004797__gradient_L0_base_gapseq	1513	1809	564	bio1	0.958169	1.307935	6.361854
MGYG000004797__gradient_L1_inulin_gapseq	1513	1809	564	bio1	1.063569	1.401458	6.379967
MGYG000004797__gradient_L2_fos_gapseq	1513	1809	564	bio1	1.063569	1.400163	6.383571
MGYG000004797__gradient_L3_gos_gapseq	1513	1809	564	bio1	1.142619	1.374881	6.440410
MGYG000004797__gradient_L4_xos_gapseq	1513	1809	564	bio1	1.207296	1.387036	6.362276
MGYG000004797__gradient_L5_pectin_gapseq	1513	1809	564	bio1	1.240832	1.400350	6.378093
MGYG000004797__gradient_L6_resistant_starch_gapseq	1513	1809	564	bio1	1.722317	1.382390	6.381805
MGYG000004797__gradient_L7_bglucan_gapseq	1513	1809	564	bio1	1.887590	1.396205	6.375863
MGYG000004797__gradient_L8_hmo_gapseq	1513	1809	564	bio1	1.887590	1.393904	6.380430
MGYG000004797__gradient_L9_mos_gapseq	1513	1809	564	bio1	1.988179	1.328517	6.515661
MGYG000004798__gradient_L0_base_gapseq	1526	1820	472	bio1	0.998569	1.370612	6.482903
MGYG000004798__gradient_L1_inulin_gapseq	1526	1820	472	bio1	1.218440	1.388569	6.431398
MGYG000004798__gradient_L2_fos_gapseq	1526	1820	472	bio1	1.218440	1.390038	6.468679
MGYG000004798__gradient_L3_gos_gapseq	1526	1820	472	bio1	1.458923	1.399532	6.445272
MGYG000004798__gradient_L4_xos_gapseq	1526	1820	472	bio1	1.500149	1.380921	6.417521
MGYG000004798__gradient_L5_pectin_gapseq	1526	1820	472	bio1	1.500149	1.348069	6.571729
MGYG000004798__gradient_L6_resistant_starch_gapseq	1526	1820	472	bio1	1.997148	1.295078	6.517223
MGYG000004798__gradient_L7_bglucan_gapseq	1526	1820	472	bio1	2.152580	1.346436	6.505241
MGYG000004798__gradient_L8_hmo_gapseq	1526	1820	472	bio1	2.152580	1.297700	6.455650
MGYG000004798__gradient_L9_mos_gapseq	1526	1820	472	bio1	2.261649	1.297875	6.490130
MGYG000004799__gradient_L0_base_gapseq	1277	1452	383	bio1	0.728364	1.023647	4.389028
MGYG000004799__gradient_L1_inulin_gapseq	1277	1452	383	bio1	0.843371	1.110645	4.420043
MGYG000004799__gradient_L2_fos_gapseq	1277	1452	383	bio1	0.843371	1.145854	4.397061
MGYG000004799__gradient_L3_gos_gapseq	1277	1452	383	bio1	1.071889	1.032324	4.473249
MGYG000004799__gradient_L4_xos_gapseq	1277	1452	383	bio1	1.128305	1.038152	4.422720
MGYG000004799__gradient_L5_pectin_gapseq	1277	1452	383	bio1	1.128305	1.132729	4.413727
MGYG000004799__gradient_L6_resistant_starch_gapseq	1277	1452	383	bio1	1.617242	1.066059	4.462447
MGYG000004799__gradient_L7_bglucan_gapseq	1277	1452	383	bio1	1.786489	1.066660	4.392412
MGYG000004799__gradient_L8_hmo_gapseq	1277	1452	383	bio1	1.899321	1.113053	4.383247
MGYG000004799__gradient_L9_mos_gapseq	1277	1452	383	bio1	1.899321	1.105415	4.390692
MGYG000004801__gradient_L0_base_gapseq	1570	1749	471	bio1	0.995622	1.361338	5.947724
MGYG000004801__gradient_L1_inulin_gapseq	1570	1749	471	bio1	1.124685	1.360499	5.926496
MGYG000004801__gradient_L2_fos_gapseq	1570	1749	471	bio1	1.124685	1.423291	5.942265
MGYG000004801__gradient_L3_gos_gapseq	1570	1749	471	bio1	1.124685	1.354648	5.929131
MGYG000004801__gradient_L4_xos_gapseq	1570	1749	471	bio1	1.205182	1.351402	5.951307
MGYG000004801__gradient_L5_pectin_gapseq	1570	1749	471	bio1	1.205182	1.266336	6.055824
MGYG000004801__gradient_L6_resistant_starch_gapseq	1570	1749	471	bio1	1.795353	1.260938	6.005321
MGYG000004801__gradient_L7_bglucan_gapseq	1570	1749	471	bio1	1.795353	1.268817	6.011112
MGYG000004801__gradient_L8_hmo_gapseq	1570	1749	471	bio1	1.795353	1.266139	5.944736
MGYG000004801__gradient_L9_mos_gapseq	1570	1749	471	bio1	1.795353	1.342707	5.957015
MGYG000004807__gradient_L0_base_gapseq	1254	1374	326	bio1	0.000000	1.005134	0.045733
MGYG000004807__gradient_L1_inulin_gapseq	1254	1374	326	bio1	0.000000	1.085695	0.049495
MGYG000004807__gradient_L2_fos_gapseq	1254	1374	326	bio1	0.000000	0.995209	0.048818
MGYG000004807__gradient_L3_gos_gapseq	1254	1374	326	bio1	0.000000	1.081427	0.049757
MGYG000004807__gradient_L4_xos_gapseq	1254	1374	326	bio1	0.608205	0.990748	3.862402
MGYG000004807__gradient_L5_pectin_gapseq	1254	1374	326	bio1	0.608205	1.101213	3.842075
MGYG000004807__gradient_L6_resistant_starch_gapseq	1254	1374	326	bio1	1.263815	1.073400	3.859893
MGYG000004807__gradient_L7_bglucan_gapseq	1254	1374	326	bio1	1.489114	0.998343	3.858353
MGYG000004807__gradient_L8_hmo_gapseq	1254	1374	326	bio1	1.489114	1.063824	3.865179
MGYG000004807__gradient_L9_mos_gapseq	1254	1374	326	bio1	1.609274	1.056443	3.856814
MGYG000004812__gradient_L0_base_gapseq	1278	1341	301	bio1	0.042758	0.975501	3.728289
MGYG000004812__gradient_L1_inulin_gapseq	1278	1341	301	bio1	0.132822	1.072421	3.725663
MGYG000004812__gradient_L2_fos_gapseq	1278	1341	301	bio1	0.132822	0.987893	3.801247
MGYG000004812__gradient_L3_gos_gapseq	1278	1341	301	bio1	0.132822	0.993828	3.693939
MGYG000004812__gradient_L4_xos_gapseq	1278	1341	301	bio1	0.132822	1.064555	3.710925
MGYG000004812__gradient_L5_pectin_gapseq	1278	1341	301	bio1	0.132822	0.991166	3.801137
MGYG000004812__gradient_L6_resistant_starch_gapseq	1278	1341	301	bio1	0.217831	0.997303	3.766244
MGYG000004812__gradient_L7_bglucan_gapseq	1278	1341	301	bio1	0.217831	1.070172	3.733083
MGYG000004812__gradient_L8_hmo_gapseq	1278	1341	301	bio1	0.217831	0.988643	3.822944
MGYG000004812__gradient_L9_mos_gapseq	1278	1341	301	bio1	0.217831	0.992661	3.749330
MGYG000004819__gradient_L0_base_gapseq	1426	1681	405	bio1	0.390367	1.187362	5.759173
MGYG000004819__gradient_L1_inulin_gapseq	1426	1681	405	bio1	0.561752	1.171640	5.796064
MGYG000004819__gradient_L2_fos_gapseq	1426	1681	405	bio1	0.561752	1.210562	5.753814
MGYG000004819__gradient_L3_gos_gapseq	1426	1681	405	bio1	0.725996	1.210239	5.720347
MGYG000004819__gradient_L4_xos_gapseq	1426	1681	405	bio1	0.833236	1.302355	5.669298
MGYG000004819__gradient_L5_pectin_gapseq	1426	1681	405	bio1	0.833236	1.296686	5.701113
MGYG000004819__gradient_L6_resistant_starch_gapseq	1426	1681	405	bio1	1.202264	1.288642	5.695028
MGYG000004819__gradient_L7_bglucan_gapseq	1426	1681	405	bio1	1.202264	1.219929	5.751618
MGYG000004819__gradient_L8_hmo_gapseq	1426	1681	405	bio1	1.202264	1.214024	5.744800
MGYG000004819__gradient_L9_mos_gapseq	1426	1681	405	bio1	1.276969	1.198859	5.694213
MGYG000004832__gradient_L0_base_gapseq	1289	1360	334	bio1	0.000000	1.012393	0.046640
MGYG000004832__gradient_L1_inulin_gapseq	1289	1360	334	bio1	0.000000	1.082290	0.046969
MGYG000004832__gradient_L2_fos_gapseq	1289	1360	334	bio1	0.000000	1.049080	0.046822
MGYG000004832__gradient_L3_gos_gapseq	1289	1360	334	bio1	0.000000	1.117851	0.049988
MGYG000004832__gradient_L4_xos_gapseq	1289	1360	334	bio1	0.288044	1.045222	3.811280
MGYG000004832__gradient_L5_pectin_gapseq	1289	1360	334	bio1	0.288044	1.125470	3.807431
MGYG000004832__gradient_L6_resistant_starch_gapseq	1289	1360	334	bio1	0.583678	1.013206	3.917880
MGYG000004832__gradient_L7_bglucan_gapseq	1289	1360	334	bio1	0.583678	1.048596	3.840523
MGYG000004832__gradient_L8_hmo_gapseq	1289	1360	334	bio1	0.583678	1.111070	3.822540
MGYG000004832__gradient_L9_mos_gapseq	1289	1360	334	bio1	0.583678	1.131526	3.799825
MGYG000004834__gradient_L0_base_gapseq	1224	1381	325	bio1	0.425267	1.128229	3.794979
MGYG000004834__gradient_L1_inulin_gapseq	1224	1381	325	bio1	0.776010	1.007010	3.900197
MGYG000004834__gradient_L2_fos_gapseq	1224	1381	325	bio1	0.776010	1.017895	3.822159
MGYG000004834__gradient_L3_gos_gapseq	1224	1381	325	bio1	1.110800	1.055236	3.807212
MGYG000004834__gradient_L4_xos_gapseq	1224	1381	325	bio1	1.189258	1.058854	3.817084
MGYG000004834__gradient_L5_pectin_gapseq	1224	1381	325	bio1	1.189258	0.981190	3.817333
MGYG000004834__gradient_L6_resistant_starch_gapseq	1224	1381	325	bio1	1.909839	1.064646	3.794090
MGYG000004834__gradient_L7_bglucan_gapseq	1224	1381	325	bio1	1.909839	1.078659	3.799728
MGYG000004834__gradient_L8_hmo_gapseq	1224	1381	325	bio1	1.909839	0.992254	3.889641
MGYG000004834__gradient_L9_mos_gapseq	1224	1381	325	bio1	2.075015	0.971665	3.805950
MGYG000004840__gradient_L0_base_gapseq	1286	1476	311	bio1	0.089203	1.076097	4.438627
MGYG000004840__gradient_L1_inulin_gapseq	1286	1476	311	bio1	0.291107	1.087400	4.327180
MGYG000004840__gradient_L2_fos_gapseq	1286	1476	311	bio1	0.291107	1.149080	4.325129
MGYG000004840__gradient_L3_gos_gapseq	1286	1476	311	bio1	0.488316	1.061917	4.407471
MGYG000004840__gradient_L4_xos_gapseq	1286	1476	311	bio1	0.488316	1.086133	4.324542
MGYG000004840__gradient_L5_pectin_gapseq	1286	1476	311	bio1	0.488316	1.126311	4.315360
MGYG000004840__gradient_L6_resistant_starch_gapseq	1286	1476	311	bio1	0.898919	1.167882	4.312713
MGYG000004840__gradient_L7_bglucan_gapseq	1286	1476	311	bio1	0.898919	1.091239	4.454353
MGYG000004840__gradient_L8_hmo_gapseq	1286	1476	311	bio1	0.898919	1.074426	4.328455
MGYG000004840__gradient_L9_mos_gapseq	1286	1476	311	bio1	0.898919	1.161011	4.352117
MGYG000004843__gradient_L0_base_gapseq	1165	1268	327	bio1	0.325707	0.997370	3.314858
MGYG000004843__gradient_L1_inulin_gapseq	1165	1268	327	bio1	0.404669	0.910125	3.401103
MGYG000004843__gradient_L2_fos_gapseq	1165	1268	327	bio1	0.404669	0.912855	3.321671
MGYG000004843__gradient_L3_gos_gapseq	1165	1268	327	bio1	0.552722	0.958534	3.345720
MGYG000004843__gradient_L4_xos_gapseq	1165	1268	327	bio1	0.552722	0.926213	3.337516
MGYG000004843__gradient_L5_pectin_gapseq	1165	1268	327	bio1	0.552722	0.976238	3.331685
MGYG000004843__gradient_L6_resistant_starch_gapseq	1165	1268	327	bio1	0.880907	0.909895	3.410928
MGYG000004843__gradient_L7_bglucan_gapseq	1165	1268	327	bio1	0.880907	0.920804	3.342995
MGYG000004843__gradient_L8_hmo_gapseq	1165	1268	327	bio1	0.880907	0.964690	3.344729
MGYG000004843__gradient_L9_mos_gapseq	1165	1268	327	bio1	0.959869	0.927850	3.406322
MGYG000004846__gradient_L0_base_gapseq	1183	1319	333	bio1	0.826138	1.064430	3.651689
MGYG000004846__gradient_L1_inulin_gapseq	1183	1319	333	bio1	1.117754	1.015376	3.655310
MGYG000004846__gradient_L2_fos_gapseq	1183	1319	333	bio1	1.117754	0.934535	3.647857
MGYG000004846__gradient_L3_gos_gapseq	1183	1319	333	bio1	1.412254	1.004490	3.669245
MGYG000004846__gradient_L4_xos_gapseq	1183	1319	333	bio1	1.412254	0.926466	3.709958
MGYG000004846__gradient_L5_pectin_gapseq	1183	1319	333	bio1	1.412254	0.933450	3.671705
MGYG000004846__gradient_L6_resistant_starch_gapseq	1183	1319	333	bio1	2.030259	0.996098	3.728673
MGYG000004846__gradient_L7_bglucan_gapseq	1183	1319	333	bio1	2.030259	0.928176	3.738791
MGYG000004846__gradient_L8_hmo_gapseq	1183	1319	333	bio1	2.030259	0.942565	3.653923
MGYG000004846__gradient_L9_mos_gapseq	1183	1319	333	bio1	2.173047	1.003842	3.641209
MGYG000004852__gradient_L0_base_gapseq	1367	1559	359	bio1	0.666604	1.220431	4.760938
MGYG000004852__gradient_L1_inulin_gapseq	1367	1559	359	bio1	0.911607	1.137321	4.854767
MGYG000004852__gradient_L2_fos_gapseq	1367	1559	359	bio1	0.911607	1.135032	4.839383
MGYG000004852__gradient_L3_gos_gapseq	1367	1559	359	bio1	0.980167	1.115380	4.757067
MGYG000004852__gradient_L4_xos_gapseq	1367	1559	359	bio1	1.041985	1.223045	4.798613
MGYG000004852__gradient_L5_pectin_gapseq	1367	1559	359	bio1	1.041985	1.218440	4.754838
MGYG000004852__gradient_L6_resistant_starch_gapseq	1367	1559	359	bio1	1.508380	1.167406	4.847804
MGYG000004852__gradient_L7_bglucan_gapseq	1367	1559	359	bio1	1.665362	1.126732	4.842039
MGYG000004852__gradient_L8_hmo_gapseq	1367	1559	359	bio1	1.665362	1.152723	4.753568
MGYG000004852__gradient_L9_mos_gapseq	1367	1559	359	bio1	1.774567	1.201182	4.765050
MGYG000004855__gradient_L0_base_gapseq	1388	1630	484	bio1	0.000000	1.155985	0.068033
MGYG000004855__gradient_L1_inulin_gapseq	1388	1630	484	bio1	0.000000	1.285560	0.070194
MGYG000004855__gradient_L2_fos_gapseq	1388	1630	484	bio1	0.000000	1.181363	0.070849
MGYG000004855__gradient_L3_gos_gapseq	1388	1630	484	bio1	1.680999	1.252891	5.223067
MGYG000004855__gradient_L4_xos_gapseq	1388	1630	484	bio1	1.680999	1.282037	5.265846
MGYG000004855__gradient_L5_pectin_gapseq	1388	1630	484	bio1	1.680999	1.178987	5.279577
MGYG000004855__gradient_L6_resistant_starch_gapseq	1388	1630	484	bio1	2.409482	1.215832	5.317958
MGYG000004855__gradient_L7_bglucan_gapseq	1388	1630	484	bio1	2.653702	1.191596	5.206687
MGYG000004855__gradient_L8_hmo_gapseq	1388	1630	484	bio1	2.653702	1.270045	5.203342
MGYG000004855__gradient_L9_mos_gapseq	1388	1630	484	bio1	2.787292	1.255599	5.216710
MGYG000004864__gradient_L0_base_gapseq	1346	1467	414	bio1	0.533236	1.184888	4.355588
MGYG000004864__gradient_L1_inulin_gapseq	1346	1467	414	bio1	0.722514	1.087221	4.483958
MGYG000004864__gradient_L2_fos_gapseq	1346	1467	414	bio1	0.722514	1.072020	4.382273
MGYG000004864__gradient_L3_gos_gapseq	1346	1467	414	bio1	0.722514	1.161640	4.367904
MGYG000004864__gradient_L4_xos_gapseq	1346	1467	414	bio1	0.722514	1.149370	4.401426
MGYG000004864__gradient_L5_pectin_gapseq	1346	1467	414	bio1	0.722514	1.069609	4.463533
MGYG000004864__gradient_L6_resistant_starch_gapseq	1346	1467	414	bio1	0.722514	1.105272	4.380619
MGYG000004864__gradient_L7_bglucan_gapseq	1346	1467	414	bio1	0.722514	1.156549	4.347209
MGYG000004864__gradient_L8_hmo_gapseq	1346	1467	414	bio1	0.722514	1.196693	4.375844
MGYG000004864__gradient_L9_mos_gapseq	1346	1467	414	bio1	0.722514	1.111686	4.456048
MGYG000004865__gradient_L0_base_gapseq	1115	1254	339	bio1	0.000000	0.874878	0.039303
MGYG000004865__gradient_L1_inulin_gapseq	1115	1254	339	bio1	0.000000	0.938207	0.041697
MGYG000004865__gradient_L2_fos_gapseq	1115	1254	339	bio1	0.000000	0.873711	0.042028
MGYG000004865__gradient_L3_gos_gapseq	1115	1254	339	bio1	0.000000	0.963164	0.041360
MGYG000004865__gradient_L4_xos_gapseq	1115	1254	339	bio1	0.644173	0.874718	3.286604
MGYG000004865__gradient_L5_pectin_gapseq	1115	1254	339	bio1	0.715223	0.972969	3.268273
MGYG000004865__gradient_L6_resistant_starch_gapseq	1115	1254	339	bio1	1.503874	0.898571	3.363192
MGYG000004865__gradient_L7_bglucan_gapseq	1115	1254	339	bio1	1.780967	0.892559	3.278695
MGYG000004865__gradient_L8_hmo_gapseq	1115	1254	339	bio1	1.780967	0.954721	3.284785
MGYG000004865__gradient_L9_mos_gapseq	1115	1254	339	bio1	1.932540	0.897239	3.275625
MGYG000004872__gradient_L0_base_gapseq	1385	1636	471	bio1	1.063084	1.355806	5.231964
MGYG000004872__gradient_L1_inulin_gapseq	1385	1636	471	bio1	1.397040	1.261112	5.312859
MGYG000004872__gradient_L2_fos_gapseq	1385	1636	471	bio1	1.397040	1.173351	5.334758
MGYG000004872__gradient_L3_gos_gapseq	1385	1636	471	bio1	1.766479	1.220643	5.342482
MGYG000004872__gradient_L4_xos_gapseq	1385	1636	471	bio1	1.864579	1.219420	5.215880
MGYG000004872__gradient_L5_pectin_gapseq	1385	1636	471	bio1	1.927195	1.322325	5.242611
MGYG000004872__gradient_L6_resistant_starch_gapseq	1385	1636	471	bio1	2.655637	1.281017	5.233865
MGYG000004872__gradient_L7_bglucan_gapseq	1385	1636	471	bio1	2.899843	1.306295	5.118413
MGYG000004872__gradient_L8_hmo_gapseq	1385	1636	471	bio1	3.074938	1.201613	5.204723
MGYG000004872__gradient_L9_mos_gapseq	1385	1636	471	bio1	3.240555	1.217336	5.198310
MGYG000004882__gradient_L0_base_gapseq	524	497	56	bio1	0.000000	0.300650	0.010146
MGYG000004882__gradient_L1_inulin_gapseq	524	497	56	bio1	0.000000	0.307191	0.013776
MGYG000004882__gradient_L2_fos_gapseq	524	497	56	bio1	0.000000	0.410450	0.013521
MGYG000004882__gradient_L3_gos_gapseq	524	497	56	bio1	0.000000	0.309840	0.013268
MGYG000004882__gradient_L4_xos_gapseq	524	497	56	bio1	0.000000	0.314767	0.013094
MGYG000004882__gradient_L5_pectin_gapseq	524	497	56	bio1	0.000000	0.317155	0.013165
MGYG000004882__gradient_L6_resistant_starch_gapseq	524	497	56	bio1	0.000000	0.335860	0.013102
MGYG000004882__gradient_L7_bglucan_gapseq	524	497	56	bio1	0.000000	0.325110	0.013192
MGYG000004882__gradient_L8_hmo_gapseq	524	497	56	bio1	0.000000	0.323206	0.013112
MGYG000004882__gradient_L9_mos_gapseq	524	497	56	bio1	0.000000	0.404268	0.013386
MGYG000004884__gradient_L0_base_gapseq	1330	1485	360	bio1	0.000000	1.059573	0.054280
MGYG000004884__gradient_L1_inulin_gapseq	1330	1485	360	bio1	0.000000	1.031085	0.054866
MGYG000004884__gradient_L2_fos_gapseq	1330	1485	360	bio1	0.000000	1.148549	0.055621
MGYG000004884__gradient_L3_gos_gapseq	1330	1485	360	bio1	0.491578	1.048156	4.559371
MGYG000004884__gradient_L4_xos_gapseq	1330	1485	360	bio1	0.528195	1.084018	4.461088
MGYG000004884__gradient_L5_pectin_gapseq	1330	1485	360	bio1	0.528195	1.149464	4.447446
MGYG000004884__gradient_L6_resistant_starch_gapseq	1330	1485	360	bio1	0.783571	1.170109	4.494748
MGYG000004884__gradient_L7_bglucan_gapseq	1330	1485	360	bio1	0.826376	1.078276	4.579469
MGYG000004884__gradient_L8_hmo_gapseq	1330	1485	360	bio1	0.826376	1.078755	4.456292
MGYG000004884__gradient_L9_mos_gapseq	1330	1485	360	bio1	0.826376	1.162502	4.422116
MGYG000004891__gradient_L0_base_gapseq	1527	1743	500	bio1	0.000000	1.323468	0.069647
MGYG000004891__gradient_L1_inulin_gapseq	1527	1743	500	bio1	0.000000	1.297964	0.069176
MGYG000004891__gradient_L2_fos_gapseq	1527	1743	500	bio1	0.000000	1.224805	0.069463
MGYG000004891__gradient_L3_gos_gapseq	1527	1743	500	bio1	0.000000	1.307690	0.073753
MGYG000004891__gradient_L4_xos_gapseq	1527	1743	500	bio1	1.101172	1.237714	6.193555
MGYG000004891__gradient_L5_pectin_gapseq	1527	1743	500	bio1	1.132763	1.235135	6.210409
MGYG000004891__gradient_L6_resistant_starch_gapseq	1527	1743	500	bio1	1.599863	1.232437	6.066985
MGYG000004891__gradient_L7_bglucan_gapseq	1527	1743	500	bio1	1.769102	1.308510	6.065472
MGYG000004891__gradient_L8_hmo_gapseq	1527	1743	500	bio1	1.769102	1.295253	5.937664
MGYG000004891__gradient_L9_mos_gapseq	1527	1743	500	bio1	1.841311	1.273545	5.920718
