model_id	n_metabolites	n_reactions	n_genes	biomass_rxn	growth_rate	load_time_s	pfba_time_s
MGYG000000002__gradient_L0_base_gapseq	1401	1622	530	bio1	0.428154	1.479264	6.614256
MGYG000000002__gradient_L1_inulin_gapseq	1401	1622	530	bio1	0.595638	1.398601	6.438136
MGYG000000002__gradient_L2_fos_gapseq	1401	1622	530	bio1	0.595638	1.470319	6.416175
MGYG000000002__gradient_L3_gos_gapseq	1401	1622	530	bio1	0.891223	1.447721	6.482143
MGYG000000002__gradient_L4_xos_gapseq	1401	1622	530	bio1	0.951684	1.469335	6.391090
MGYG000000002__gradient_L5_pectin_gapseq	1401	1622	530	bio1	0.951684	1.421578	6.546402
MGYG000000002__gradient_L6_resistant_starch_gapseq	1401	1622	530	bio1	1.515032	1.398021	6.572472
MGYG000000002__gradient_L7_bglucan_gapseq	1401	1622	530	bio1	1.715172	1.389247	6.428068
MGYG000000002__gradient_L8_hmo_gapseq	1401	1622	530	bio1	1.857208	1.488465	6.579065
MGYG000000002__gradient_L9_mos_gapseq	1401	1622	530	bio1	1.857208	1.509396	6.414334
MGYG000000014__gradient_L0_base_gapseq	1784	2176	727	bio1	1.360836	1.913204	11.168890
MGYG000000014__gradient_L1_inulin_gapseq	1784	2176	727	bio1	1.654639	1.948288	11.030306
MGYG000000014__gradient_L2_fos_gapseq	1784	2176	727	bio1	1.654639	1.975470	10.959859
MGYG000000014__gradient_L3_gos_gapseq	1784	2176	727	bio1	1.963789	2.015279	11.002521
MGYG000000014__gradient_L4_xos_gapseq	1784	2176	727	bio1	2.122634	1.949338	11.038273
MGYG000000014__gradient_L5_pectin_gapseq	1784	2176	727	bio1	2.122634	1.931149	11.085154
MGYG000000014__gradient_L6_resistant_starch_gapseq	1784	2176	727	bio1	2.720846	1.823219	11.117014
MGYG000000014__gradient_L7_bglucan_gapseq	1784	2176	727	bio1	2.920251	1.795305	11.106164
MGYG000000014__gradient_L8_hmo_gapseq	1784	2176	727	bio1	3.070526	1.947979	11.124299
MGYG000000014__gradient_L9_mos_gapseq	1784	2176	727	bio1	3.209242	2.000875	11.054067
MGYG000000030__gradient_L0_base_gapseq	1329	1501	372	bio1	0.000000	1.382134	0.076850
MGYG000000030__gradient_L1_inulin_gapseq	1329	1501	372	bio1	0.000000	1.348088	0.068955
MGYG000000030__gradient_L2_fos_gapseq	1329	1501	372	bio1	0.000000	1.256180	0.067627
MGYG000000030__gradient_L3_gos_gapseq	1329	1501	372	bio1	0.864462	1.515047	5.621381
MGYG000000030__gradient_L4_xos_gapseq	1329	1501	372	bio1	0.864462	1.280589	5.756622
MGYG000000030__gradient_L5_pectin_gapseq	1329	1501	372	bio1	0.864462	1.330875	5.605973
MGYG000000030__gradient_L6_resistant_starch_gapseq	1329	1501	372	bio1	1.372079	1.329453	5.566736
MGYG000000030__gradient_L7_bglucan_gapseq	1329	1501	372	bio1	1.553976	1.358919	5.604975
MGYG000000030__gradient_L8_hmo_gapseq	1329	1501	372	bio1	1.553976	1.260222	5.764953
MGYG000000030__gradient_L9_mos_gapseq	1329	1501	372	bio1	1.553976	1.302653	5.614019
MGYG000000040__gradient_L0_base_gapseq	1293	1415	361	bio1	0.000000	1.316126	0.066364
MGYG000000040__gradient_L1_inulin_gapseq	1293	1415	361	bio1	0.000000	1.341306	0.068009
MGYG000000040__gradient_L2_fos_gapseq	1293	1415	361	bio1	0.000000	1.235563	0.066863
MGYG000000040__gradient_L3_gos_gapseq	1293	1415	361	bio1	0.000000	1.420569	0.067497
MGYG000000040__gradient_L4_xos_gapseq	1293	1415	361	bio1	0.000000	1.212771	0.063855
MGYG000000040__gradient_L5_pectin_gapseq	1293	1415	361	bio1	0.000000	1.316185	0.067471
MGYG000000040__gradient_L6_resistant_starch_gapseq	1293	1415	361	bio1	0.000000	1.216985	0.069360
MGYG000000040__gradient_L7_bglucan_gapseq	1293	1415	361	bio1	0.000000	1.347581	0.070821
MGYG000000040__gradient_L8_hmo_gapseq	1293	1415	361	bio1	0.000000	1.201431	0.066575
MGYG000000040__gradient_L9_mos_gapseq	1293	1415	361	bio1	0.000000	1.327418	0.063435
MGYG000000045__gradient_L0_base_gapseq	1295	1489	385	bio1	0.648042	1.361546	5.276993
MGYG000000045__gradient_L1_inulin_gapseq	1295	1489	385	bio1	0.870232	1.341240	5.158931
MGYG000000045__gradient_L2_fos_gapseq	1295	1489	385	bio1	0.870232	1.383981	5.191253
MGYG000000045__gradient_L3_gos_gapseq	1295	1489	385	bio1	1.062738	1.249362	5.277945
MGYG000000045__gradient_L4_xos_gapseq	1295	1489	385	bio1	1.062738	1.297121	5.298462
MGYG000000045__gradient_L5_pectin_gapseq	1295	1489	385	bio1	1.062738	1.261510	5.142900
MGYG000000045__gradient_L6_resistant_starch_gapseq	1295	1489	385	bio1	1.524313	1.322806	5.170005
MGYG000000045__gradient_L7_bglucan_gapseq	1295	1489	385	bio1	1.679672	1.248477	5.329302
MGYG000000045__gradient_L8_hmo_gapseq	1295	1489	385	bio1	1.679672	1.248202	5.294676
MGYG000000045__gradient_L9_mos_gapseq	1295	1489	385	bio1	1.787748	1.236566	5.250961
MGYG000000054__gradient_L0_base_gapseq	1395	1680	514	bio1	1.440287	1.465583	6.930095
MGYG000000054__gradient_L1_inulin_gapseq	1395	1680	514	bio1	1.588210	1.462238	6.725987
MGYG000000054__gradient_L2_fos_gapseq	1395	1680	514	bio1	1.588210	1.467288	6.743968
MGYG000000054__gradient_L3_gos_gapseq	1395	1680	514	bio1	1.699152	1.471101	6.707008
MGYG000000054__gradient_L4_xos_gapseq	1395	1680	514	bio1	1.790630	1.489848	6.708292
MGYG000000054__gradient_L5_pectin_gapseq	1395	1680	514	bio1	1.849020	1.528646	6.722834
MGYG000000054__gradient_L6_resistant_starch_gapseq	1395	1680	514	bio1	2.499963	1.390537	6.852947
MGYG000000054__gradient_L7_bglucan_gapseq	1395	1680	514	bio1	2.708542	1.389065	6.902387
MGYG000000054__gradient_L8_hmo_gapseq	1395	1680	514	bio1	2.708542	1.378222	6.726745
MGYG000000054__gradient_L9_mos_gapseq	1395	1680	514	bio1	2.844029	1.477554	6.737915
MGYG000000055__gradient_L0_base_gapseq	1288	1495	375	bio1	0.000000	1.297171	0.077026
MGYG000000055__gradient_L1_inulin_gapseq	1288	1495	375	bio1	0.000000	1.351076	0.070547
MGYG000000055__gradient_L2_fos_gapseq	1288	1495	375	bio1	0.000000	1.239436	0.072486
MGYG000000055__gradient_L3_gos_gapseq	1288	1495	375	bio1	0.000000	1.443425	0.078098
MGYG000000055__gradient_L4_xos_gapseq	1288	1495	375	bio1	0.000000	1.259790	0.064288
MGYG000000055__gradient_L5_pectin_gapseq	1288	1495	375	bio1	0.000000	1.370623	0.064325
MGYG000000055__gradient_L6_resistant_starch_gapseq	1288	1495	375	bio1	0.000000	1.245315	0.066345
MGYG000000055__gradient_L7_bglucan_gapseq	1288	1495	375	bio1	0.000000	1.321038	0.061510
MGYG000000055__gradient_L8_hmo_gapseq	1288	1495	375	bio1	0.000000	1.252947	0.069745
MGYG000000055__gradient_L9_mos_gapseq	1288	1495	375	bio1	0.000000	1.383860	0.068480
MGYG000000059__gradient_L0_base_gapseq	1359	1483	384	bio1	0.000000	1.371713	0.067721
MGYG000000059__gradient_L1_inulin_gapseq	1359	1483	384	bio1	0.000000	1.389260	0.071317
MGYG000000059__gradient_L2_fos_gapseq	1359	1483	384	bio1	0.000000	1.276670	0.067038
MGYG000000059__gradient_L3_gos_gapseq	1359	1483	384	bio1	0.000000	1.540529	0.066990
MGYG000000059__gradient_L4_xos_gapseq	1359	1483	384	bio1	0.852436	1.279493	5.506768
MGYG000000059__gradient_L5_pectin_gapseq	1359	1483	384	bio1	0.852436	1.339523	5.311043
MGYG000000059__gradient_L6_resistant_starch_gapseq	1359	1483	384	bio1	0.989840	1.383843	5.313963
MGYG000000059__gradient_L7_bglucan_gapseq	1359	1483	384	bio1	0.989840	1.359766	5.432045
MGYG000000059__gradient_L8_hmo_gapseq	1359	1483	384	bio1	0.989840	1.288166	5.383475
MGYG000000059__gradient_L9_mos_gapseq	1359	1483	384	bio1	0.989840	1.376355	5.356502
MGYG000000062__gradient_L0_base_gapseq	1370	1580	463	bio1	0.720512	1.347974	5.939820
MGYG000000062__gradient_L1_inulin_gapseq	1370	1580	463	bio1	1.083418	1.455575	5.987916
MGYG000000062__gradient_L2_fos_gapseq	1370	1580	463	bio1	1.083418	1.438358	5.944331
MGYG000000062__gradient_L3_gos_gapseq	1370	1580	463	bio1	1.190639	1.438566	5.961494
MGYG000000062__gradient_L4_xos_gapseq	1370	1580	463	bio1	1.190639	1.368537	6.057917
MGYG000000062__gradient_L5_pectin_gapseq	1370	1580	463	bio1	1.190639	1.390192	5.914688
MGYG000000062__gradient_L6_resistant_starch_gapseq	1370	1580	463	bio1	1.358830	1.445769	6.001098
MGYG000000062__gradient_L7_bglucan_gapseq	1370	1580	463	bio1	1.604809	1.430599	5.919360
MGYG000000062__gradient_L8_hmo_gapseq	1370	1580	463	bio1	1.604809	1.441401	5.919407
MGYG000000062__gradient_L9_mos_gapseq	1370	1580	463	bio1	1.772999	1.361984	6.065870
MGYG000000072__gradient_L0_base_gapseq	1263	1324	314	bio1	0.379587	1.138153	4.487862
MGYG000000072__gradient_L1_inulin_gapseq	1263	1324	314	bio1	0.534524	1.252758	4.427510
MGYG000000072__gradient_L2_fos_gapseq	1263	1324	314	bio1	0.534524	1.154000	4.599948
MGYG000000072__gradient_L3_gos_gapseq	1263	1324	314	bio1	0.836652	1.142314	4.479192
MGYG000000072__gradient_L4_xos_gapseq	1263	1324	314	bio1	0.836652	1.227182	4.491145
MGYG000000072__gradient_L5_pectin_gapseq	1263	1324	314	bio1	0.836652	1.159696	4.562857
MGYG000000072__gradient_L6_resistant_starch_gapseq	1263	1324	314	bio1	0.991590	1.139911	4.492741
MGYG000000072__gradient_L7_bglucan_gapseq	1263	1324	314	bio1	1.208192	1.235116	4.495780
MGYG000000072__gradient_L8_hmo_gapseq	1263	1324	314	bio1	1.208192	1.132177	4.669212
MGYG000000072__gradient_L9_mos_gapseq	1263	1324	314	bio1	1.208192	1.179888	4.451395
MGYG000000077__gradient_L0_base_gapseq	1443	1619	435	bio1	0.000000	1.464395	0.076199
MGYG000000077__gradient_L1_inulin_gapseq	1443	1619	435	bio1	0.000000	1.362401	0.073270
MGYG000000077__gradient_L2_fos_gapseq	1443	1619	435	bio1	0.000000	1.474029	0.073649
MGYG000000077__gradient_L3_gos_gapseq	1443	1619	435	bio1	0.975911	1.399887	6.311121
MGYG000000077__gradient_L4_xos_gapseq	1443	1619	435	bio1	0.975911	1.384441	6.476863
MGYG000000077__gradient_L5_pectin_gapseq	1443	1619	435	bio1	0.975911	1.415581	6.186211
MGYG000000077__gradient_L6_resistant_starch_gapseq	1443	1619	435	bio1	1.121214	1.495650	6.198673
MGYG000000077__gradient_L7_bglucan_gapseq	1443	1619	435	bio1	1.121214	1.444432	6.186453
MGYG000000077__gradient_L8_hmo_gapseq	1443	1619	435	bio1	1.121214	1.478766	6.194587
MGYG000000077__gradient_L9_mos_gapseq	1443	1619	435	bio1	1.266180	1.380443	6.314658
MGYG000000078__gradient_L0_base_gapseq	1345	1481	380	bio1	0.000000	1.393304	0.062292
MGYG000000078__gradient_L1_inulin_gapseq	1345	1481	380	bio1	0.000000	1.230541	0.065076
MGYG000000078__gradient_L2_fos_gapseq	1345	1481	380	bio1	0.000000	1.329940	0.065621
MGYG000000078__gradient_L3_gos_gapseq	1345	1481	380	bio1	0.573378	1.288637	5.543035
MGYG000000078__gradient_L4_xos_gapseq	1345	1481	380	bio1	0.573378	1.435378	5.486719
MGYG000000078__gradient_L5_pectin_gapseq	1345	1481	380	bio1	0.573378	1.308617	5.441499
MGYG000000078__gradient_L6_resistant_starch_gapseq	1345	1481	380	bio1	1.001525	1.330042	5.431520
MGYG000000078__gradient_L7_bglucan_gapseq	1345	1481	380	bio1	1.001525	1.265271	5.601293
MGYG000000078__gradient_L8_hmo_gapseq	1345	1481	380	bio1	1.001525	1.258898	5.485527
MGYG000000078__gradient_L9_mos_gapseq	1345	1481	380	bio1	1.072117	1.353049	5.494241
MGYG000000082__gradient_L0_base_gapseq	1761	1936	592	bio1	0.421917	1.864495	8.643629
MGYG000000082__gradient_L1_inulin_gapseq	1761	1936	592	bio1	0.546649	1.818794	8.646323
MGYG000000082__gradient_L2_fos_gapseq	1761	1936	592	bio1	0.546649	1.817823	8.659925
MGYG000000082__gradient_L3_gos_gapseq	1761	1936	592	bio1	0.546649	1.821069	8.715934
MGYG000000082__gradient_L4_xos_gapseq	1761	1936	592	bio1	0.546649	1.734428	8.853115
MGYG000000082__gradient_L5_pectin_gapseq	1761	1936	592	bio1	0.546649	1.692394	8.775665
MGYG000000082__gradient_L6_resistant_starch_gapseq	1761	1936	592	bio1	0.642744	1.735596	8.872426
MGYG000000082__gradient_L7_bglucan_gapseq	1761	1936	592	bio1	0.642744	1.723865	8.793895
MGYG000000082__gradient_L8_hmo_gapseq	1761	1936	592	bio1	0.642744	1.662130	8.723024
MGYG000000082__gradient_L9_mos_gapseq	1761	1936	592	bio1	0.642744	1.704281	8.814475
MGYG000000088__gradient_L0_base_gapseq	1472	1756	398	bio1	0.656396	1.559010	7.328348
MGYG000000088__gradient_L1_inulin_gapseq	1472	1756	398	bio1	0.872200	1.528252	7.356694
MGYG000000088__gradient_L2_fos_gapseq	1472	1756	398	bio1	0.872200	1.517514	7.374046
MGYG000000088__gradient_L3_gos_gapseq	1472	1756	398	bio1	1.086342	1.451258	7.580428
MGYG000000088__gradient_L4_xos_gapseq	1472	1756	398	bio1	1.086342	1.444754	7.497219
MGYG000000088__gradient_L5_pectin_gapseq	1472	1756	398	bio1	1.086342	1.567412	7.481724
MGYG000000088__gradient_L6_resistant_starch_gapseq	1472	1756	398	bio1	1.538988	1.472199	7.354242
MGYG000000088__gradient_L7_bglucan_gapseq	1472	1756	398	bio1	1.538988	1.639714	7.356162
MGYG000000088__gradient_L8_hmo_gapseq	1472	1756	398	bio1	1.538988	1.547189	7.325958
MGYG000000088__gradient_L9_mos_gapseq	1472	1756	398	bio1	1.644974	1.538602	7.341751
MGYG000000092__gradient_L0_base_gapseq	1395	1626	469	bio1	0.000000	1.508135	0.081111
MGYG000000092__gradient_L1_inulin_gapseq	1395	1626	469	bio1	0.000000	1.399261	0.081003
MGYG000000092__gradient_L2_fos_gapseq	1395	1626	469	bio1	0.000000	1.514150	0.082377
MGYG000000092__gradient_L3_gos_gapseq	1395	1626	469	bio1	0.000000	1.373599	0.087727
MGYG000000092__gradient_L4_xos_gapseq	1395	1626	469	bio1	1.389448	1.504870	6.502774
MGYG000000092__gradient_L5_pectin_gapseq	1395	1626	469	bio1	1.389448	1.502081	6.526327
MGYG000000092__gradient_L6_resistant_starch_gapseq	1395	1626	469	bio1	1.989884	1.483510	6.490591
MGYG000000092__gradient_L7_bglucan_gapseq	1395	1626	469	bio1	2.191475	1.407969	6.666542
MGYG000000092__gradient_L8_hmo_gapseq	1395	1626	469	bio1	2.334539	1.413069	6.611898
MGYG000000092__gradient_L9_mos_gapseq	1395	1626	469	bio1	2.334539	1.406640	6.469474
MGYG000000100__gradient_L0_base_gapseq	1374	1529	436	bio1	0.799313	1.370025	5.546189
MGYG000000100__gradient_L1_inulin_gapseq	1374	1529	436	bio1	0.982234	1.349468	5.545672
MGYG000000100__gradient_L2_fos_gapseq	1374	1529	436	bio1	0.982234	1.256425	5.606856
MGYG000000100__gradient_L3_gos_gapseq	1374	1529	436	bio1	0.982234	1.271060	5.568531
MGYG000000100__gradient_L4_xos_gapseq	1374	1529	436	bio1	0.982234	1.347062	5.605689
MGYG000000100__gradient_L5_pectin_gapseq	1374	1529	436	bio1	0.982234	1.404697	5.508294
MGYG000000100__gradient_L6_resistant_starch_gapseq	1374	1529	436	bio1	1.147671	1.258972	5.744813
MGYG000000100__gradient_L7_bglucan_gapseq	1374	1529	436	bio1	1.147671	1.245121	5.649826
MGYG000000100__gradient_L8_hmo_gapseq	1374	1529	436	bio1	1.147671	1.273516	5.551626
MGYG000000100__gradient_L9_mos_gapseq	1374	1529	436	bio1	1.312805	1.400367	5.507350
MGYG000000109__gradient_L0_base_gapseq	1405	1650	395	bio1	0.511984	1.413121	6.581037
MGYG000000109__gradient_L1_inulin_gapseq	1405	1650	395	bio1	0.697322	1.359292	6.473971
MGYG000000109__gradient_L2_fos_gapseq	1405	1650	395	bio1	0.697322	1.523597	6.502940
MGYG000000109__gradient_L3_gos_gapseq	1405	1650	395	bio1	0.864125	1.490459	6.667071
MGYG000000109__gradient_L4_xos_gapseq	1405	1650	395	bio1	0.891926	1.491049	6.496824
MGYG000000109__gradient_L5_pectin_gapseq	1405	1650	395	bio1	0.891926	1.404669	6.670084
MGYG000000109__gradient_L6_resistant_starch_gapseq	1405	1650	395	bio1	1.283451	1.377572	6.571990
MGYG000000109__gradient_L7_bglucan_gapseq	1405	1650	395	bio1	1.283451	1.352797	6.494822
MGYG000000109__gradient_L8_hmo_gapseq	1405	1650	395	bio1	1.283451	1.481025	6.446281
MGYG000000109__gradient_L9_mos_gapseq	1405	1650	395	bio1	1.376120	1.440505	6.469242
MGYG000000128__gradient_L0_base_gapseq	1104	1181	270	bio1	0.205896	0.969724	3.531162
MGYG000000128__gradient_L1_inulin_gapseq	1104	1181	270	bio1	0.360524	1.073129	3.500458
MGYG000000128__gradient_L2_fos_gapseq	1104	1181	270	bio1	0.360524	0.984286	3.607840
MGYG000000128__gradient_L3_gos_gapseq	1104	1181	270	bio1	0.468684	1.101709	3.550759
MGYG000000128__gradient_L4_xos_gapseq	1104	1181	270	bio1	0.468684	0.979027	3.651919
MGYG000000128__gradient_L5_pectin_gapseq	1104	1181	270	bio1	0.468684	0.977657	3.528946
MGYG000000128__gradient_L6_resistant_starch_gapseq	1104	1181	270	bio1	0.612902	1.034938	3.552190
MGYG000000128__gradient_L7_bglucan_gapseq	1104	1181	270	bio1	0.612902	1.003322	3.559153
MGYG000000128__gradient_L8_hmo_gapseq	1104	1181	270	bio1	0.612902	1.104676	3.545183
MGYG000000128__gradient_L9_mos_gapseq	1104	1181	270	bio1	0.757115	0.994665	3.565037
MGYG000000137__gradient_L0_base_gapseq	1371	1616	496	bio1	0.000000	1.477670	0.078570
MGYG000000137__gradient_L1_inulin_gapseq	1371	1616	496	bio1	0.000000	1.422994	0.080878
MGYG000000137__gradient_L2_fos_gapseq	1371	1616	496	bio1	0.000000	1.479838	0.087288
MGYG000000137__gradient_L3_gos_gapseq	1371	1616	496	bio1	1.389609	1.375351	6.568296
MGYG000000137__gradient_L4_xos_gapseq	1371	1616	496	bio1	1.409397	1.398512	6.429801
MGYG000000137__gradient_L5_pectin_gapseq	1371	1616	496	bio1	1.409397	1.350239	6.345583
MGYG000000137__gradient_L6_resistant_starch_gapseq	1371	1616	496	bio1	2.021319	1.481359	6.396144
MGYG000000137__gradient_L7_bglucan_gapseq	1371	1616	496	bio1	2.226765	1.456822	6.312448
MGYG000000137__gradient_L8_hmo_gapseq	1371	1616	496	bio1	2.226765	1.336361	6.438174
MGYG000000137__gradient_L9_mos_gapseq	1371	1616	496	bio1	2.226765	1.398147	6.420274
MGYG000000143__gradient_L0_base_gapseq	1288	1543	435	bio1	0.990541	1.450942	5.733620
MGYG000000143__gradient_L1_inulin_gapseq	1288	1543	435	bio1	1.328316	1.383796	5.754850
MGYG000000143__gradient_L2_fos_gapseq	1288	1543	435	bio1	1.328316	1.311911	5.877780
MGYG000000143__gradient_L3_gos_gapseq	1288	1543	435	bio1	1.676579	1.263984	5.665873
MGYG000000143__gradient_L4_xos_gapseq	1288	1543	435	bio1	1.676579	1.396093	5.746809
MGYG000000143__gradient_L5_pectin_gapseq	1288	1543	435	bio1	1.676579	1.342700	5.791486
MGYG000000143__gradient_L6_resistant_starch_gapseq	1288	1543	435	bio1	2.413209	1.257934	5.835532
MGYG000000143__gradient_L7_bglucan_gapseq	1288	1543	435	bio1	2.660160	1.260584	5.803507
MGYG000000143__gradient_L8_hmo_gapseq	1288	1543	435	bio1	2.837457	1.279951	5.698519
MGYG000000143__gradient_L9_mos_gapseq	1288	1543	435	bio1	3.006045	1.339436	5.747299
MGYG000000148__gradient_L0_base_gapseq	1391	1624	433	bio1	0.000000	1.509599	0.092053
MGYG000000148__gradient_L1_inulin_gapseq	1391	1624	433	bio1	0.000000	1.477490	0.077325
MGYG000000148__gradient_L2_fos_gapseq	1391	1624	433	bio1	0.000000	1.378549	0.079090
MGYG000000148__gradient_L3_gos_gapseq	1391	1624	433	bio1	1.816215	1.452651	6.438777
MGYG000000148__gradient_L4_xos_gapseq	1391	1624	433	bio1	1.854406	1.377476	6.623660
MGYG000000148__gradient_L5_pectin_gapseq	1391	1624	433	bio1	1.854406	1.364356	6.504783
MGYG000000148__gradient_L6_resistant_starch_gapseq	1391	1624	433	bio1	2.585499	1.379729	6.475950
MGYG000000148__gradient_L7_bglucan_gapseq	1391	1624	433	bio1	2.823504	1.486281	6.465884
MGYG000000148__gradient_L8_hmo_gapseq	1391	1624	433	bio1	2.990311	1.474048	6.458402
MGYG000000148__gradient_L9_mos_gapseq	1391	1624	433	bio1	2.990311	1.515740	6.453293
MGYG000000157__gradient_L0_base_gapseq	1412	1667	499	bio1	1.621030	1.531959	6.521743
MGYG000000157__gradient_L1_inulin_gapseq	1412	1667	499	bio1	1.789888	1.470446	6.571470
MGYG000000157__gradient_L2_fos_gapseq	1412	1667	499	bio1	1.789888	1.467167	6.635773
MGYG000000157__gradient_L3_gos_gapseq	1412	1667	499	bio1	2.138158	1.492059	6.621733
MGYG000000157__gradient_L4_xos_gapseq	1412	1667	499	bio1	2.176151	1.395479	6.731477
MGYG000000157__gradient_L5_pectin_gapseq	1412	1667	499	bio1	2.176151	1.409639	6.697775
MGYG000000157__gradient_L6_resistant_starch_gapseq	1412	1667	499	bio1	2.912796	1.424108	6.544644
MGYG000000157__gradient_L7_bglucan_gapseq	1412	1667	499	bio1	2.912796	1.502921	6.557063
MGYG000000157__gradient_L8_hmo_gapseq	1412	1667	499	bio1	2.912796	1.541025	6.524718
MGYG000000157__gradient_L9_mos_gapseq	1412	1667	499	bio1	2.912796	1.510798	6.532082
MGYG000000161__gradient_L0_base_gapseq	1236	1431	330	bio1	0.387044	1.257857	4.845478
MGYG000000161__gradient_L1_inulin_gapseq	1236	1431	330	bio1	0.545836	1.165456	4.994716
MGYG000000161__gradient_L2_fos_gapseq	1236	1431	330	bio1	0.545836	1.173688	4.964385
MGYG000000161__gradient_L3_gos_gapseq	1236	1431	330	bio1	0.709590	1.246829	4.886701
MGYG000000161__gradient_L4_xos_gapseq	1236	1431	330	bio1	0.709590	1.167280	5.001617
MGYG000000161__gradient_L5_pectin_gapseq	1236	1431	330	bio1	0.709590	1.187915	4.927609
MGYG000000161__gradient_L6_resistant_starch_gapseq	1236	1431	330	bio1	1.067172	1.234927	4.927921
MGYG000000161__gradient_L7_bglucan_gapseq	1236	1431	330	bio1	1.067172	1.270236	4.922073
MGYG000000161__gradient_L8_hmo_gapseq	1236	1431	330	bio1	1.067172	1.145653	4.988441
MGYG000000161__gradient_L9_mos_gapseq	1236	1431	330	bio1	1.144260	1.185162	4.892083
MGYG000000163__gradient_L0_base_gapseq	1487	1779	439	bio1	0.701155	1.579401	7.586327
MGYG000000163__gradient_L1_inulin_gapseq	1487	1779	439	bio1	0.917481	1.566135	7.594784
MGYG000000163__gradient_L2_fos_gapseq	1487	1779	439	bio1	0.917481	1.457160	7.659349
MGYG000000163__gradient_L3_gos_gapseq	1487	1779	439	bio1	1.103975	1.454711	7.636637
MGYG000000163__gradient_L4_xos_gapseq	1487	1779	439	bio1	1.117223	1.442652	7.541923
MGYG000000163__gradient_L5_pectin_gapseq	1487	1779	439	bio1	1.117223	1.465885	7.497008
MGYG000000163__gradient_L6_resistant_starch_gapseq	1487	1779	439	bio1	1.596352	1.544891	7.457921
MGYG000000163__gradient_L7_bglucan_gapseq	1487	1779	439	bio1	1.748702	1.565347	7.469612
MGYG000000163__gradient_L8_hmo_gapseq	1487	1779	439	bio1	1.748702	1.561882	7.590115
MGYG000000163__gradient_L9_mos_gapseq	1487	1779	439	bio1	1.854685	1.566213	7.477532
MGYG000000167__gradient_L0_base_gapseq	1158	1295	322	bio1	0.382421	1.056976	4.324736
MGYG000000167__gradient_L1_inulin_gapseq	1158	1295	322	bio1	0.573637	1.171863	4.247737
MGYG000000167__gradient_L2_fos_gapseq	1158	1295	322	bio1	0.573637	1.084775	4.337546
MGYG000000167__gradient_L3_gos_gapseq	1158	1295	322	bio1	0.745731	1.062535	4.295947
MGYG000000167__gradient_L4_xos_gapseq	1158	1295	322	bio1	0.745731	1.178971	4.251226
MGYG000000167__gradient_L5_pectin_gapseq	1158	1295	322	bio1	0.745731	1.080510	4.211158
MGYG000000167__gradient_L6_resistant_starch_gapseq	1158	1295	322	bio1	1.146745	1.191057	4.295132
MGYG000000167__gradient_L7_bglucan_gapseq	1158	1295	322	bio1	1.146745	1.148557	4.231715
MGYG000000167__gradient_L8_hmo_gapseq	1158	1295	322	bio1	1.146745	1.087142	4.220511
MGYG000000167__gradient_L9_mos_gapseq	1158	1295	322	bio1	1.240549	1.178691	4.260147
MGYG000000171__gradient_L0_base_gapseq	1416	1671	485	bio1	0.974537	1.493886	6.814302
MGYG000000171__gradient_L1_inulin_gapseq	1416	1671	485	bio1	1.117935	1.370956	6.809458
MGYG000000171__gradient_L2_fos_gapseq	1416	1671	485	bio1	1.117935	1.471811	6.794537
MGYG000000171__gradient_L3_gos_gapseq	1416	1671	485	bio1	1.431108	1.374792	6.704860
MGYG000000171__gradient_L4_xos_gapseq	1416	1671	485	bio1	1.484414	1.506623	6.743531
MGYG000000171__gradient_L5_pectin_gapseq	1416	1671	485	bio1	1.484414	1.489457	6.705634
MGYG000000171__gradient_L6_resistant_starch_gapseq	1416	1671	485	bio1	2.099655	1.527417	6.634698
MGYG000000171__gradient_L7_bglucan_gapseq	1416	1671	485	bio1	2.306215	1.490373	6.694384
MGYG000000171__gradient_L8_hmo_gapseq	1416	1671	485	bio1	2.452807	1.399379	6.862179
MGYG000000171__gradient_L9_mos_gapseq	1416	1671	485	bio1	2.452807	1.390861	6.881837
MGYG000000175__gradient_L0_base_gapseq	1657	1946	670	bio1	0.000000	1.730594	0.103189
MGYG000000175__gradient_L1_inulin_gapseq	1657	1946	670	bio1	0.000000	1.731959	0.107671
MGYG000000175__gradient_L2_fos_gapseq	1657	1946	670	bio1	0.000000	1.765475	0.100606
MGYG000000175__gradient_L3_gos_gapseq	1657	1946	670	bio1	0.000000	1.643808	0.105987
MGYG000000175__gradient_L4_xos_gapseq	1657	1946	670	bio1	0.000000	1.773435	0.104653
MGYG000000175__gradient_L5_pectin_gapseq	1657	1946	670	bio1	0.000000	1.711189	0.107224
MGYG000000175__gradient_L6_resistant_starch_gapseq	1657	1946	670	bio1	0.000000	1.659976	0.242688
MGYG000000175__gradient_L7_bglucan_gapseq	1657	1946	670	bio1	0.000000	1.625176	0.108899
MGYG000000175__gradient_L8_hmo_gapseq	1657	1946	670	bio1	0.000000	1.805977	0.110002
MGYG000000175__gradient_L9_mos_gapseq	1657	1946	670	bio1	0.000000	1.820928	0.116600
MGYG000000176__gradient_L0_base_gapseq	1715	1994	811	bio1	1.530278	1.759752	9.390532
MGYG000000176__gradient_L1_inulin_gapseq	1715	1994	811	bio1	1.868850	1.760082	9.119139
MGYG000000176__gradient_L2_fos_gapseq	1715	1994	811	bio1	1.868850	1.744187	9.122424
MGYG000000176__gradient_L3_gos_gapseq	1715	1994	811	bio1	2.201375	1.847774	9.056181
MGYG000000176__gradient_L4_xos_gapseq	1715	1994	811	bio1	2.390106	1.907345	9.189782
MGYG000000176__gradient_L5_pectin_gapseq	1715	1994	811	bio1	2.390106	1.863988	9.089583
MGYG000000176__gradient_L6_resistant_starch_gapseq	1715	1994	811	bio1	3.095995	1.859929	9.082239
MGYG000000176__gradient_L7_bglucan_gapseq	1715	1994	811	bio1	3.324773	1.948704	9.112976
MGYG000000176__gradient_L8_hmo_gapseq	1715	1994	811	bio1	3.485113	2.013949	9.051613
MGYG000000176__gradient_L9_mos_gapseq	1715	1994	811	bio1	3.641543	1.895887	9.016095
MGYG000000187__gradient_L0_base_gapseq	1332	1460	374	bio1	0.000000	1.247036	0.057718
MGYG000000187__gradient_L1_inulin_gapseq	1332	1460	374	bio1	0.000000	1.376043	0.067753
MGYG000000187__gradient_L2_fos_gapseq	1332	1460	374	bio1	0.000000	1.240119	0.058028
MGYG000000187__gradient_L3_gos_gapseq	1332	1460	374	bio1	0.856756	1.328153	5.332732
MGYG000000187__gradient_L4_xos_gapseq	1332	1460	374	bio1	0.856756	1.346805	5.272307
MGYG000000187__gradient_L5_pectin_gapseq	1332	1460	374	bio1	0.888827	1.237290	5.390800
MGYG000000187__gradient_L6_resistant_starch_gapseq	1332	1460	374	bio1	1.348651	1.225678	5.223253
MGYG000000187__gradient_L7_bglucan_gapseq	1332	1460	374	bio1	1.502465	1.356553	5.248439
MGYG000000187__gradient_L8_hmo_gapseq	1332	1460	374	bio1	1.502465	1.321818	5.274405
MGYG000000187__gradient_L9_mos_gapseq	1332	1460	374	bio1	1.573800	1.260340	5.451078
MGYG000000189__gradient_L0_base_gapseq	1433	1605	359	bio1	0.000000	1.429149	0.071378
MGYG000000189__gradient_L1_inulin_gapseq	1433	1605	359	bio1	0.000000	1.325794	0.076308
MGYG000000189__gradient_L2_fos_gapseq	1433	1605	359	bio1	0.000000	1.431931	0.070821
MGYG000000189__gradient_L3_gos_gapseq	1433	1605	359	bio1	0.898835	1.348749	6.366138
MGYG000000189__gradient_L4_xos_gapseq	1433	1605	359	bio1	0.898835	1.334966	6.189008
MGYG000000189__gradient_L5_pectin_gapseq	1433	1605	359	bio1	0.898835	1.416798	6.194330
MGYG000000189__gradient_L6_resistant_starch_gapseq	1433	1605	359	bio1	1.521121	1.390512	6.204922
MGYG000000189__gradient_L7_bglucan_gapseq	1433	1605	359	bio1	1.728751	1.333906	6.404246
MGYG000000189__gradient_L8_hmo_gapseq	1433	1605	359	bio1	1.728751	1.345885	6.282914
MGYG000000189__gradient_L9_mos_gapseq	1433	1605	359	bio1	1.728751	1.327450	6.207272
MGYG000000191__gradient_L0_base_gapseq	1870	2322	639	bio1	1.066132	2.036430	12.721402
MGYG000000191__gradient_L1_inulin_gapseq	1870	2322	639	bio1	1.334226	2.030782	12.917715
MGYG000000191__gradient_L2_fos_gapseq	1870	2322	639	bio1	1.334226	1.945532	12.861677
MGYG000000191__gradient_L3_gos_gapseq	1870	2322	639	bio1	1.431756	1.960101	12.809156
MGYG000000191__gradient_L4_xos_gapseq	1870	2322	639	bio1	1.511917	1.952624	12.993727
MGYG000000191__gradient_L5_pectin_gapseq	1870	2322	639	bio1	1.511917	1.947046	12.799535
MGYG000000191__gradient_L6_resistant_starch_gapseq	1870	2322	639	bio1	2.137173	1.948943	12.864829
MGYG000000191__gradient_L7_bglucan_gapseq	1870	2322	639	bio1	2.341584	1.937610	12.880995
MGYG000000191__gradient_L8_hmo_gapseq	1870	2322	639	bio1	2.341584	1.955395	12.838043
MGYG000000191__gradient_L9_mos_gapseq	1870	2322	639	bio1	2.473404	1.954121	12.823599
MGYG000000193__gradient_L0_base_gapseq	1362	1585	429	bio1	0.674146	1.401762	6.253932
MGYG000000193__gradient_L1_inulin_gapseq	1362	1585	429	bio1	0.781567	1.335779	6.322205
MGYG000000193__gradient_L2_fos_gapseq	1362	1585	429	bio1	0.781567	1.342339	6.226969
MGYG000000193__gradient_L3_gos_gapseq	1362	1585	429	bio1	0.998189	1.425360	6.222717
MGYG000000193__gradient_L4_xos_gapseq	1362	1585	429	bio1	1.074554	1.437468	6.217654
MGYG000000193__gradient_L5_pectin_gapseq	1362	1585	429	bio1	1.074554	1.324692	6.313854
MGYG000000193__gradient_L6_resistant_starch_gapseq	1362	1585	429	bio1	1.524107	1.324885	6.324238
MGYG000000193__gradient_L7_bglucan_gapseq	1362	1585	429	bio1	1.675473	1.320368	6.321975
MGYG000000193__gradient_L8_hmo_gapseq	1362	1585	429	bio1	1.785475	1.405132	6.237921
MGYG000000193__gradient_L9_mos_gapseq	1362	1585	429	bio1	1.854567	1.429421	6.223016
MGYG000000201__gradient_L0_base_gapseq	1485	1742	553	bio1	0.000000	1.553061	0.093459
MGYG000000201__gradient_L1_inulin_gapseq	1485	1742	553	bio1	0.000000	1.435944	0.095541
MGYG000000201__gradient_L2_fos_gapseq	1485	1742	553	bio1	0.000000	1.527745	0.090477
MGYG000000201__gradient_L3_gos_gapseq	1485	1742	553	bio1	1.300001	1.488928	7.436951
MGYG000000201__gradient_L4_xos_gapseq	1485	1742	553	bio1	1.487167	1.459890	7.346766
MGYG000000201__gradient_L5_pectin_gapseq	1485	1742	553	bio1	1.487167	1.451288	7.187151
MGYG000000201__gradient_L6_resistant_starch_gapseq	1485	1742	553	bio1	2.078727	1.509958	7.245805
MGYG000000201__gradient_L7_bglucan_gapseq	1485	1742	553	bio1	2.277113	1.530955	7.264562
MGYG000000201__gradient_L8_hmo_gapseq	1485	1742	553	bio1	2.420871	1.564361	7.218546
MGYG000000201__gradient_L9_mos_gapseq	1485	1742	553	bio1	2.524377	1.563734	7.150141
MGYG000000202__gradient_L0_base_gapseq	1586	1807	517	bio1	0.675504	1.532153	7.929871
MGYG000000202__gradient_L1_inulin_gapseq	1586	1807	517	bio1	1.001992	1.559228	7.895533
MGYG000000202__gradient_L2_fos_gapseq	1586	1807	517	bio1	1.001992	1.573899	7.913855
MGYG000000202__gradient_L3_gos_gapseq	1586	1807	517	bio1	1.327384	1.600851	7.976987
MGYG000000202__gradient_L4_xos_gapseq	1586	1807	517	bio1	1.474585	1.608917	7.888308
MGYG000000202__gradient_L5_pectin_gapseq	1586	1807	517	bio1	1.532691	1.593586	7.912111
MGYG000000202__gradient_L6_resistant_starch_gapseq	1586	1807	517	bio1	2.224149	1.572199	7.923648
MGYG000000202__gradient_L7_bglucan_gapseq	1586	1807	517	bio1	2.448365	1.612255	7.870106
MGYG000000202__gradient_L8_hmo_gapseq	1586	1807	517	bio1	2.602643	1.564640	7.852495
MGYG000000202__gradient_L9_mos_gapseq	1586	1807	517	bio1	2.753157	1.467762	8.041010
MGYG000000213__gradient_L0_base_gapseq	1429	1656	463	bio1	0.825660	1.383112	6.533711
MGYG000000213__gradient_L1_inulin_gapseq	1429	1656	463	bio1	1.103866	1.345633	6.460340
MGYG000000213__gradient_L2_fos_gapseq	1429	1656	463	bio1	1.103866	1.433547	6.492962
MGYG000000213__gradient_L3_gos_gapseq	1429	1656	463	bio1	1.403187	1.470549	6.523626
MGYG000000213__gradient_L4_xos_gapseq	1429	1656	463	bio1	1.543294	1.442132	6.502893
MGYG000000213__gradient_L5_pectin_gapseq	1429	1656	463	bio1	1.543294	1.365202	6.559767
MGYG000000213__gradient_L6_resistant_starch_gapseq	1429	1656	463	bio1	2.131321	1.373384	6.572962
MGYG000000213__gradient_L7_bglucan_gapseq	1429	1656	463	bio1	2.328745	1.343970	6.454547
MGYG000000213__gradient_L8_hmo_gapseq	1429	1656	463	bio1	2.328745	1.442635	6.455483
MGYG000000213__gradient_L9_mos_gapseq	1429	1656	463	bio1	2.464606	1.477474	6.451920
MGYG000000231__gradient_L0_base_gapseq	1425	1587	387	bio1	0.000000	1.349500	0.186714
MGYG000000231__gradient_L1_inulin_gapseq	1425	1587	387	bio1	0.000000	1.322207	0.074263
MGYG000000231__gradient_L2_fos_gapseq	1425	1587	387	bio1	0.000000	1.406742	0.068175
MGYG000000231__gradient_L3_gos_gapseq	1425	1587	387	bio1	0.665982	1.357041	6.079714
MGYG000000231__gradient_L4_xos_gapseq	1425	1587	387	bio1	0.665982	1.434302	6.075202
MGYG000000231__gradient_L5_pectin_gapseq	1425	1587	387	bio1	0.665982	1.412825	6.070279
MGYG000000231__gradient_L6_resistant_starch_gapseq	1425	1587	387	bio1	1.181973	1.497705	6.092010
MGYG000000231__gradient_L7_bglucan_gapseq	1425	1587	387	bio1	1.363989	1.335829	6.234239
MGYG000000231__gradient_L8_hmo_gapseq	1425	1587	387	bio1	1.363989	1.326875	6.056226
MGYG000000231__gradient_L9_mos_gapseq	1425	1587	387	bio1	1.453873	1.420436	6.096141
MGYG000000249__gradient_L0_base_gapseq	1405	1623	482	bio1	0.996483	1.423756	6.215521
MGYG000000249__gradient_L1_inulin_gapseq	1405	1623	482	bio1	1.278001	1.412736	6.274202
MGYG000000249__gradient_L2_fos_gapseq	1405	1623	482	bio1	1.278001	1.489215	6.336377
MGYG000000249__gradient_L3_gos_gapseq	1405	1623	482	bio1	1.561271	1.307980	6.391285
MGYG000000249__gradient_L4_xos_gapseq	1405	1623	482	bio1	1.631114	1.321467	6.333761
MGYG000000249__gradient_L5_pectin_gapseq	1405	1623	482	bio1	1.674708	1.338185	6.257223
MGYG000000249__gradient_L6_resistant_starch_gapseq	1405	1623	482	bio1	2.278657	1.421073	6.316548
MGYG000000249__gradient_L7_bglucan_gapseq	1405	1623	482	bio1	2.479973	1.431570	6.246483
MGYG000000249__gradient_L8_hmo_gapseq	1405	1623	482	bio1	2.479973	1.446299	6.250285
MGYG000000249__gradient_L9_mos_gapseq	1405	1623	482	bio1	2.479973	1.320848	6.401390
MGYG000000257__gradient_L0_base_gapseq	1165	1318	333	bio1	0.749695	1.109600	4.468614
MGYG000000257__gradient_L1_inulin_gapseq	1165	1318	333	bio1	1.040528	1.076658	4.389553
MGYG000000257__gradient_L2_fos_gapseq	1165	1318	333	bio1	1.040528	1.199431	4.332934
MGYG000000257__gradient_L3_gos_gapseq	1165	1318	333	bio1	1.335906	1.102812	4.448294
MGYG000000257__gradient_L4_xos_gapseq	1165	1318	333	bio1	1.335906	1.114277	4.342779
MGYG000000257__gradient_L5_pectin_gapseq	1165	1318	333	bio1	1.335906	1.169755	4.313368
MGYG000000257__gradient_L6_resistant_starch_gapseq	1165	1318	333	bio1	1.955753	1.085674	4.436969
MGYG000000257__gradient_L7_bglucan_gapseq	1165	1318	333	bio1	1.955753	1.106967	4.340779
MGYG000000257__gradient_L8_hmo_gapseq	1165	1318	333	bio1	1.955753	1.164182	4.346384
MGYG000000257__gradient_L9_mos_gapseq	1165	1318	333	bio1	2.098967	1.125377	4.344723
MGYG000000260__gradient_L0_base_gapseq	1066	1179	321	bio1	0.402733	0.922875	3.575791
MGYG000000260__gradient_L1_inulin_gapseq	1066	1179	321	bio1	0.498624	0.936229	3.460261
MGYG000000260__gradient_L2_fos_gapseq	1066	1179	321	bio1	0.498624	1.026484	3.438987
MGYG000000260__gradient_L3_gos_gapseq	1066	1179	321	bio1	0.671228	0.937780	3.461492
MGYG000000260__gradient_L4_xos_gapseq	1066	1179	321	bio1	0.671228	1.033365	3.467659
MGYG000000260__gradient_L5_pectin_gapseq	1066	1179	321	bio1	0.671228	0.947302	3.533595
MGYG000000260__gradient_L6_resistant_starch_gapseq	1066	1179	321	bio1	1.074817	0.947618	3.444405
MGYG000000260__gradient_L7_bglucan_gapseq	1066	1179	321	bio1	1.074817	1.033336	3.468724
MGYG000000260__gradient_L8_hmo_gapseq	1066	1179	321	bio1	1.074817	0.933220	3.439251
MGYG000000260__gradient_L9_mos_gapseq	1066	1179	321	bio1	1.168894	1.045956	3.457082
MGYG000000266__gradient_L0_base_gapseq	1159	1315	334	bio1	0.800235	1.167094	4.183372
MGYG000000266__gradient_L1_inulin_gapseq	1159	1315	334	bio1	1.093441	1.049230	4.195065
MGYG000000266__gradient_L2_fos_gapseq	1159	1315	334	bio1	1.093441	1.074830	4.123846
MGYG000000266__gradient_L3_gos_gapseq	1159	1315	334	bio1	1.388606	1.138814	4.130999
MGYG000000266__gradient_L4_xos_gapseq	1159	1315	334	bio1	1.388606	1.060581	4.210995
MGYG000000266__gradient_L5_pectin_gapseq	1159	1315	334	bio1	1.388606	1.053523	4.140507
MGYG000000266__gradient_L6_resistant_starch_gapseq	1159	1315	334	bio1	2.008004	1.128107	4.116822
MGYG000000266__gradient_L7_bglucan_gapseq	1159	1315	334	bio1	2.008004	1.048329	4.213506
MGYG000000266__gradient_L8_hmo_gapseq	1159	1315	334	bio1	2.008004	1.078338	4.163549
MGYG000000266__gradient_L9_mos_gapseq	1159	1315	334	bio1	2.151114	1.128703	4.126512
MGYG000000275__gradient_L0_base_gapseq	1167	1277	331	bio1	0.759900	1.151716	4.058011
MGYG000000275__gradient_L1_inulin_gapseq	1167	1277	331	bio1	0.907724	1.032957	4.039769
MGYG000000275__gradient_L2_fos_gapseq	1167	1277	331	bio1	0.907724	1.153476	4.074868
MGYG000000275__gradient_L3_gos_gapseq	1167	1277	331	bio1	1.204792	1.034787	4.143194
MGYG000000275__gradient_L4_xos_gapseq	1167	1277	331	bio1	1.204792	1.034356	4.059846
MGYG000000275__gradient_L5_pectin_gapseq	1167	1277	331	bio1	1.204792	1.146749	4.059298
MGYG000000275__gradient_L6_resistant_starch_gapseq	1167	1277	331	bio1	1.821669	1.028547	4.134318
MGYG000000275__gradient_L7_bglucan_gapseq	1167	1277	331	bio1	1.821669	1.111966	4.016774
MGYG000000275__gradient_L8_hmo_gapseq	1167	1277	331	bio1	1.821669	1.102222	4.030457
MGYG000000275__gradient_L9_mos_gapseq	1167	1277	331	bio1	1.964196	1.065141	4.050400
MGYG000000279__gradient_L0_base_gapseq	1299	1421	333	bio1	0.427779	1.315036	5.023179
MGYG000000279__gradient_L1_inulin_gapseq	1299	1421	333	bio1	0.557482	1.184225	5.055511
MGYG000000279__gradient_L2_fos_gapseq	1299	1421	333	bio1	0.557482	1.178065	5.033488
MGYG000000279__gradient_L3_gos_gapseq	1299	1421	333	bio1	0.557482	1.245879	4.983860
MGYG000000279__gradient_L4_xos_gapseq	1299	1421	333	bio1	0.557482	1.174198	5.051163
MGYG000000279__gradient_L5_pectin_gapseq	1299	1421	333	bio1	0.557482	1.170622	5.064969
MGYG000000279__gradient_L6_resistant_starch_gapseq	1299	1421	333	bio1	0.557482	1.254013	5.005579
MGYG000000279__gradient_L7_bglucan_gapseq	1299	1421	333	bio1	0.557482	1.266616	5.005128
MGYG000000279__gradient_L8_hmo_gapseq	1299	1421	333	bio1	0.557482	1.164228	5.068377
MGYG000000279__gradient_L9_mos_gapseq	1299	1421	333	bio1	0.557482	1.176305	4.964877
MGYG000000281__gradient_L0_base_gapseq	1509	1734	550	bio1	0.000000	1.434090	0.095550
MGYG000000281__gradient_L1_inulin_gapseq	1509	1734	550	bio1	0.000000	1.556183	0.095559
MGYG000000281__gradient_L2_fos_gapseq	1509	1734	550	bio1	0.000000	1.461558	0.203754
MGYG000000281__gradient_L3_gos_gapseq	1509	1734	550	bio1	1.567308	1.473868	7.159424
MGYG000000281__gradient_L4_xos_gapseq	1509	1734	550	bio1	1.719831	1.595797	7.156727
MGYG000000281__gradient_L5_pectin_gapseq	1509	1734	550	bio1	1.719831	1.579580	7.220978
MGYG000000281__gradient_L6_resistant_starch_gapseq	1509	1734	550	bio1	2.466379	1.537912	7.119095
MGYG000000281__gradient_L7_bglucan_gapseq	1509	1734	550	bio1	2.716654	1.579974	7.117815
MGYG000000281__gradient_L8_hmo_gapseq	1509	1734	550	bio1	2.716654	1.547807	7.177231
MGYG000000281__gradient_L9_mos_gapseq	1509	1734	550	bio1	2.853557	1.480122	7.271571
MGYG000000288__gradient_L0_base_gapseq	1137	1273	308	bio1	0.729892	0.995968	4.067688
MGYG000000288__gradient_L1_inulin_gapseq	1137	1273	308	bio1	1.019580	1.168671	4.107773
MGYG000000288__gradient_L2_fos_gapseq	1137	1273	308	bio1	1.019580	1.009445	4.161519
MGYG000000288__gradient_L3_gos_gapseq	1137	1273	308	bio1	1.313436	1.000295	4.055454
MGYG000000288__gradient_L4_xos_gapseq	1137	1273	308	bio1	1.348994	1.134552	4.174532
MGYG000000288__gradient_L5_pectin_gapseq	1137	1273	308	bio1	1.348994	1.033902	4.178060
MGYG000000288__gradient_L6_resistant_starch_gapseq	1137	1273	308	bio1	1.982340	1.004666	4.053334
MGYG000000288__gradient_L7_bglucan_gapseq	1137	1273	308	bio1	1.982340	1.115003	4.101485
MGYG000000288__gradient_L8_hmo_gapseq	1137	1273	308	bio1	1.982340	1.024081	4.072873
MGYG000000288__gradient_L9_mos_gapseq	1137	1273	308	bio1	2.128673	1.125932	4.105689
MGYG000000296__gradient_L0_base_gapseq	1300	1444	299	bio1	0.000000	1.161907	0.061446
MGYG000000296__gradient_L1_inulin_gapseq	1300	1444	299	bio1	0.000000	1.273609	0.062339
MGYG000000296__gradient_L2_fos_gapseq	1300	1444	299	bio1	0.000000	1.209676	0.065296
MGYG000000296__gradient_L3_gos_gapseq	1300	1444	299	bio1	1.021753	1.237393	5.027786
MGYG000000296__gradient_L4_xos_gapseq	1300	1444	299	bio1	1.063176	1.306830	5.013421
MGYG000000296__gradient_L5_pectin_gapseq	1300	1444	299	bio1	1.063176	1.179997	5.223279
MGYG000000296__gradient_L6_resistant_starch_gapseq	1300	1444	299	bio1	1.562551	1.164448	5.020217
MGYG000000296__gradient_L7_bglucan_gapseq	1300	1444	299	bio1	1.562551	1.249557	4.996140
MGYG000000296__gradient_L8_hmo_gapseq	1300	1444	299	bio1	1.562551	1.179296	5.120974
MGYG000000296__gradient_L9_mos_gapseq	1300	1444	299	bio1	1.562551	1.171246	4.974417
MGYG000000303__gradient_L0_base_gapseq	1289	1525	328	bio1	0.000000	1.349242	0.066813
MGYG000000303__gradient_L1_inulin_gapseq	1289	1525	328	bio1	0.000000	1.318344	0.069624
MGYG000000303__gradient_L2_fos_gapseq	1289	1525	328	bio1	0.000000	1.312569	0.069356
MGYG000000303__gradient_L3_gos_gapseq	1289	1525	328	bio1	0.707193	1.260926	5.727892
MGYG000000303__gradient_L4_xos_gapseq	1289	1525	328	bio1	0.770884	1.280982	5.703489
MGYG000000303__gradient_L5_pectin_gapseq	1289	1525	328	bio1	0.770884	1.366645	5.660541
MGYG000000303__gradient_L6_resistant_starch_gapseq	1289	1525	328	bio1	1.287487	1.341634	5.556245
MGYG000000303__gradient_L7_bglucan_gapseq	1289	1525	328	bio1	1.287487	1.248961	5.731960
MGYG000000303__gradient_L8_hmo_gapseq	1289	1525	328	bio1	1.287487	1.269526	5.749451
MGYG000000303__gradient_L9_mos_gapseq	1289	1525	328	bio1	1.391279	1.247779	5.604942
MGYG000000319__gradient_L0_base_gapseq	1140	1260	304	bio1	0.665692	1.014667	3.865119
MGYG000000319__gradient_L1_inulin_gapseq	1140	1260	304	bio1	0.857902	1.017925	3.772439
MGYG000000319__gradient_L2_fos_gapseq	1140	1260	304	bio1	0.857902	1.068094	3.854721
MGYG000000319__gradient_L3_gos_gapseq	1140	1260	304	bio1	1.047578	1.013295	3.778523
MGYG000000319__gradient_L4_xos_gapseq	1140	1260	304	bio1	1.047578	1.099622	3.757559
MGYG000000319__gradient_L5_pectin_gapseq	1140	1260	304	bio1	1.047578	1.034028	3.856400
MGYG000000319__gradient_L6_resistant_starch_gapseq	1140	1260	304	bio1	1.443646	1.008959	3.782378
MGYG000000319__gradient_L7_bglucan_gapseq	1140	1260	304	bio1	1.443646	1.079856	3.752560
MGYG000000319__gradient_L8_hmo_gapseq	1140	1260	304	bio1	1.443646	1.025919	3.787518
MGYG000000319__gradient_L9_mos_gapseq	1140	1260	304	bio1	1.443646	1.100399	3.754282
MGYG000000322__gradient_L0_base_gapseq	1371	1580	411	bio1	0.000000	1.401758	0.082476
MGYG000000322__gradient_L1_inulin_gapseq	1371	1580	411	bio1	0.000000	1.300149	0.077471
MGYG000000322__gradient_L2_fos_gapseq	1371	1580	411	bio1	0.000000	1.382014	0.076969
MGYG000000322__gradient_L3_gos_gapseq	1371	1580	411	bio1	1.366314	1.386369	6.116335
MGYG000000322__gradient_L4_xos_gapseq	1371	1580	411	bio1	1.366314	1.312121	6.157978
MGYG000000322__gradient_L5_pectin_gapseq	1371	1580	411	bio1	1.366314	1.295222	6.020559
MGYG000000322__gradient_L6_resistant_starch_gapseq	1371	1580	411	bio1	2.090402	1.405238	6.054897
MGYG000000322__gradient_L7_bglucan_gapseq	1371	1580	411	bio1	2.276100	1.372280	6.027929
MGYG000000322__gradient_L8_hmo_gapseq	1371	1580	411	bio1	2.276100	1.358050	6.073473
MGYG000000322__gradient_L9_mos_gapseq	1371	1580	411	bio1	2.276100	1.307317	6.154764
MGYG000000337__gradient_L0_base_gapseq	1929	2341	750	bio1	0.938823	1.972107	13.066595
MGYG000000337__gradient_L1_inulin_gapseq	1929	2341	750	bio1	1.169921	1.984011	12.974668
MGYG000000337__gradient_L2_fos_gapseq	1929	2341	750	bio1	1.169921	1.978153	13.074034
MGYG000000337__gradient_L3_gos_gapseq	1929	2341	750	bio1	1.393796	1.977661	13.001370
MGYG000000337__gradient_L4_xos_gapseq	1929	2341	750	bio1	1.437127	1.964672	13.107871
MGYG000000337__gradient_L5_pectin_gapseq	1929	2341	750	bio1	1.437127	1.980205	13.086258
MGYG000000337__gradient_L6_resistant_starch_gapseq	1929	2341	750	bio1	1.747664	1.994012	13.044295
MGYG000000337__gradient_L7_bglucan_gapseq	1929	2341	750	bio1	1.747664	1.968824	13.024499
MGYG000000337__gradient_L8_hmo_gapseq	1929	2341	750	bio1	1.747664	1.952712	13.199012
MGYG000000337__gradient_L9_mos_gapseq	1929	2341	750	bio1	1.863213	1.922979	13.007397
MGYG000000363__gradient_L0_base_gapseq	1240	1313	222	bio1	0.000000	1.150298	0.051221
MGYG000000363__gradient_L1_inulin_gapseq	1240	1313	222	bio1	0.000000	1.076696	0.051942
MGYG000000363__gradient_L2_fos_gapseq	1240	1313	222	bio1	0.000000	1.181691	0.053579
MGYG000000363__gradient_L3_gos_gapseq	1240	1313	222	bio1	0.352164	1.063346	4.224072
MGYG000000363__gradient_L4_xos_gapseq	1240	1313	222	bio1	0.352164	1.158502	4.270534
MGYG000000363__gradient_L5_pectin_gapseq	1240	1313	222	bio1	0.352164	1.085985	4.334698
MGYG000000363__gradient_L6_resistant_starch_gapseq	1240	1313	222	bio1	0.730044	1.096504	4.251928
MGYG000000363__gradient_L7_bglucan_gapseq	1240	1313	222	bio1	0.730044	1.133796	4.230039
MGYG000000363__gradient_L8_hmo_gapseq	1240	1313	222	bio1	0.730044	1.079293	4.467029
MGYG000000363__gradient_L9_mos_gapseq	1240	1313	222	bio1	0.771174	1.068397	4.271430
MGYG000000364__gradient_L0_base_gapseq	1319	1487	386	bio1	0.000000	1.195849	0.152913
MGYG000000364__gradient_L1_inulin_gapseq	1319	1487	386	bio1	0.000000	1.219442	0.060368
MGYG000000364__gradient_L2_fos_gapseq	1319	1487	386	bio1	0.000000	1.223104	0.155804
MGYG000000364__gradient_L3_gos_gapseq	1319	1487	386	bio1	0.567272	1.200011	5.429831
MGYG000000364__gradient_L4_xos_gapseq	1319	1487	386	bio1	0.567272	1.304891	5.468256
MGYG000000364__gradient_L5_pectin_gapseq	1319	1487	386	bio1	0.567272	1.217517	5.546671
MGYG000000364__gradient_L6_resistant_starch_gapseq	1319	1487	386	bio1	1.017450	1.183456	5.513932
MGYG000000364__gradient_L7_bglucan_gapseq	1319	1487	386	bio1	1.176284	1.217771	5.503109
MGYG000000364__gradient_L8_hmo_gapseq	1319	1487	386	bio1	1.176284	1.282748	5.445759
MGYG000000364__gradient_L9_mos_gapseq	1319	1487	386	bio1	1.249946	1.214485	5.555224
MGYG000000375__gradient_L0_base_gapseq	975	924	131	bio1	0.000000	0.846526	0.033957
MGYG000000375__gradient_L1_inulin_gapseq	975	924	131	bio1	0.000000	0.763973	0.036037
MGYG000000375__gradient_L2_fos_gapseq	975	924	131	bio1	0.000000	0.767672	0.037560
MGYG000000375__gradient_L3_gos_gapseq	975	924	131	bio1	0.000000	0.762141	0.040649
MGYG000000375__gradient_L4_xos_gapseq	975	924	131	bio1	0.000000	0.855169	0.035745
MGYG000000375__gradient_L5_pectin_gapseq	975	924	131	bio1	0.000000	0.768492	0.037718
MGYG000000375__gradient_L6_resistant_starch_gapseq	975	924	131	bio1	0.000000	0.755020	0.034200
MGYG000000375__gradient_L7_bglucan_gapseq	975	924	131	bio1	0.000000	0.865149	0.035528
MGYG000000375__gradient_L8_hmo_gapseq	975	924	131	bio1	0.000000	0.767506	0.034680
MGYG000000375__gradient_L9_mos_gapseq	975	924	131	bio1	0.000000	0.789634	0.035283
MGYG000000377__gradient_L0_base_gapseq	1297	1414	332	bio1	0.000000	1.284186	0.067151
MGYG000000377__gradient_L1_inulin_gapseq	1297	1414	332	bio1	0.000000	1.181715	0.070340
MGYG000000377__gradient_L2_fos_gapseq	1297	1414	332	bio1	0.000000	1.311724	0.068202
MGYG000000377__gradient_L3_gos_gapseq	1297	1414	332	bio1	0.000000	1.155738	0.070612
MGYG000000377__gradient_L4_xos_gapseq	1297	1414	332	bio1	0.621660	1.312973	4.822974
MGYG000000377__gradient_L5_pectin_gapseq	1297	1414	332	bio1	0.621660	1.186978	5.022388
MGYG000000377__gradient_L6_resistant_starch_gapseq	1297	1414	332	bio1	0.748370	1.169663	4.843287
MGYG000000377__gradient_L7_bglucan_gapseq	1297	1414	332	bio1	0.930362	1.380422	4.832612
MGYG000000377__gradient_L8_hmo_gapseq	1297	1414	332	bio1	0.930362	1.313563	4.802359
MGYG000000377__gradient_L9_mos_gapseq	1297	1414	332	bio1	0.930362	1.171392	4.948775
MGYG000000398__gradient_L0_base_gapseq	1515	1668	402	bio1	0.000000	1.470067	0.080808
MGYG000000398__gradient_L1_inulin_gapseq	1515	1668	402	bio1	0.000000	1.390587	0.101423
MGYG000000398__gradient_L2_fos_gapseq	1515	1668	402	bio1	0.000000	1.468255	0.093672
MGYG000000398__gradient_L3_gos_gapseq	1515	1668	402	bio1	0.975661	1.411682	6.547640
MGYG000000398__gradient_L4_xos_gapseq	1515	1668	402	bio1	0.975661	1.377178	6.472455
MGYG000000398__gradient_L5_pectin_gapseq	1515	1668	402	bio1	0.975661	1.469990	6.502751
MGYG000000398__gradient_L6_resistant_starch_gapseq	1515	1668	402	bio1	1.565030	1.476626	6.403274
MGYG000000398__gradient_L7_bglucan_gapseq	1515	1668	402	bio1	1.762518	1.483929	6.387979
MGYG000000398__gradient_L8_hmo_gapseq	1515	1668	402	bio1	1.762518	1.377064	6.531510
MGYG000000398__gradient_L9_mos_gapseq	1515	1668	402	bio1	1.762518	1.393831	6.521480
MGYG000000416__gradient_L0_base_gapseq	1056	1090	218	bio1	0.000000	0.883681	0.035414
MGYG000000416__gradient_L1_inulin_gapseq	1056	1090	218	bio1	0.000000	0.883078	0.035160
MGYG000000416__gradient_L2_fos_gapseq	1056	1090	218	bio1	0.000000	0.994842	0.035061
MGYG000000416__gradient_L3_gos_gapseq	1056	1090	218	bio1	0.229929	0.891886	2.949140
MGYG000000416__gradient_L4_xos_gapseq	1056	1090	218	bio1	0.229929	0.997727	2.974092
MGYG000000416__gradient_L5_pectin_gapseq	1056	1090	218	bio1	0.229929	0.886052	2.979587
MGYG000000416__gradient_L6_resistant_starch_gapseq	1056	1090	218	bio1	0.229929	0.971212	2.962660
MGYG000000416__gradient_L7_bglucan_gapseq	1056	1090	218	bio1	0.229929	0.889398	2.990220
MGYG000000416__gradient_L8_hmo_gapseq	1056	1090	218	bio1	0.229929	1.044934	2.953394
MGYG000000416__gradient_L9_mos_gapseq	1056	1090	218	bio1	0.229929	0.876140	3.030927
MGYG000000435__gradient_L0_base_gapseq	912	974	206	bio1	0.000000	0.873223	0.033172
MGYG000000435__gradient_L1_inulin_gapseq	912	974	206	bio1	0.335856	0.788512	2.418123
MGYG000000435__gradient_L2_fos_gapseq	912	974	206	bio1	0.335856	0.793489	2.410963
MGYG000000435__gradient_L3_gos_gapseq	912	974	206	bio1	0.614983	0.869742	2.419301
MGYG000000435__gradient_L4_xos_gapseq	912	974	206	bio1	0.678525	0.782466	2.414524
MGYG000000435__gradient_L5_pectin_gapseq	912	974	206	bio1	0.728449	0.877339	2.396182
MGYG000000435__gradient_L6_resistant_starch_gapseq	912	974	206	bio1	1.343729	0.789616	2.443861
MGYG000000435__gradient_L7_bglucan_gapseq	912	974	206	bio1	1.556918	0.899008	2.497017
MGYG000000435__gradient_L8_hmo_gapseq	912	974	206	bio1	1.556918	0.795318	2.432730
MGYG000000435__gradient_L9_mos_gapseq	912	974	206	bio1	1.660282	0.776282	2.524272
MGYG000000442__gradient_L0_base_gapseq	1390	1512	419	bio1	0.484874	1.294889	5.690591
MGYG000000442__gradient_L1_inulin_gapseq	1390	1512	419	bio1	0.484874	1.477509	5.715661
MGYG000000442__gradient_L2_fos_gapseq	1390	1512	419	bio1	0.484874	1.321590	5.742938
MGYG000000442__gradient_L3_gos_gapseq	1390	1512	419	bio1	0.561070	1.315142	5.781344
MGYG000000442__gradient_L4_xos_gapseq	1390	1512	419	bio1	0.561070	1.314260	5.689970
MGYG000000442__gradient_L5_pectin_gapseq	1390	1512	419	bio1	0.593396	1.348103	5.645520
MGYG000000442__gradient_L6_resistant_starch_gapseq	1390	1512	419	bio1	0.667283	1.348253	5.702155
MGYG000000442__gradient_L7_bglucan_gapseq	1390	1512	419	bio1	0.667283	1.271901	5.783452
MGYG000000442__gradient_L8_hmo_gapseq	1390	1512	419	bio1	0.667283	1.249294	5.780950
MGYG000000442__gradient_L9_mos_gapseq	1390	1512	419	bio1	0.667283	1.263287	5.685725
MGYG000000462__gradient_L0_base_gapseq	1126	1225	253	bio1	0.000000	1.068410	0.043149
MGYG000000462__gradient_L1_inulin_gapseq	1126	1225	253	bio1	0.098338	0.960695	3.790292
MGYG000000462__gradient_L2_fos_gapseq	1126	1225	253	bio1	0.098338	1.043075	3.793296
MGYG000000462__gradient_L3_gos_gapseq	1126	1225	253	bio1	0.098338	0.984393	3.790365
MGYG000000462__gradient_L4_xos_gapseq	1126	1225	253	bio1	0.098338	1.091831	3.773791
MGYG000000462__gradient_L5_pectin_gapseq	1126	1225	253	bio1	0.098338	0.976550	3.893866
MGYG000000462__gradient_L6_resistant_starch_gapseq	1126	1225	253	bio1	0.098338	0.966997	3.778163
MGYG000000462__gradient_L7_bglucan_gapseq	1126	1225	253	bio1	0.098338	0.971823	3.858655
MGYG000000462__gradient_L8_hmo_gapseq	1126	1225	253	bio1	0.098338	0.978796	3.780456
MGYG000000462__gradient_L9_mos_gapseq	1126	1225	253	bio1	0.098338	1.073437	3.784365
MGYG000000464__gradient_L0_base_gapseq	1056	1069	184	bio1	0.000000	0.962978	0.042112
MGYG000000464__gradient_L1_inulin_gapseq	1056	1069	184	bio1	0.279341	0.874488	2.856382
MGYG000000464__gradient_L2_fos_gapseq	1056	1069	184	bio1	0.279341	0.939857	2.847140
MGYG000000464__gradient_L3_gos_gapseq	1056	1069	184	bio1	0.279341	0.855504	2.855187
MGYG000000464__gradient_L4_xos_gapseq	1056	1069	184	bio1	0.279341	0.947045	2.888292
MGYG000000464__gradient_L5_pectin_gapseq	1056	1069	184	bio1	0.279341	0.862347	2.850524
MGYG000000464__gradient_L6_resistant_starch_gapseq	1056	1069	184	bio1	0.419659	0.971021	2.880879
MGYG000000464__gradient_L7_bglucan_gapseq	1056	1069	184	bio1	0.419659	0.865312	2.848821
MGYG000000464__gradient_L8_hmo_gapseq	1056	1069	184	bio1	0.419659	0.946375	2.860909
MGYG000000464__gradient_L9_mos_gapseq	1056	1069	184	bio1	0.534115	0.862717	2.877284
MGYG000000482__gradient_L0_base_gapseq	692	652	93	bio1	0.000000	0.505115	0.018316
MGYG000000482__gradient_L1_inulin_gapseq	692	652	93	bio1	0.000000	0.503150	0.018557
MGYG000000482__gradient_L2_fos_gapseq	692	652	93	bio1	0.000000	0.515698	0.023389
MGYG000000482__gradient_L3_gos_gapseq	692	652	93	bio1	0.000000	0.516744	0.018248
MGYG000000482__gradient_L4_xos_gapseq	692	652	93	bio1	0.000000	0.591485	0.020587
MGYG000000482__gradient_L5_pectin_gapseq	692	652	93	bio1	0.000000	0.535582	0.021991
MGYG000000482__gradient_L6_resistant_starch_gapseq	692	652	93	bio1	0.000000	0.503743	0.022791
MGYG000000482__gradient_L7_bglucan_gapseq	692	652	93	bio1	0.000000	0.514193	0.017609
MGYG000000482__gradient_L8_hmo_gapseq	692	652	93	bio1	0.000000	0.525853	0.023188
MGYG000000482__gradient_L9_mos_gapseq	692	652	93	bio1	0.000000	0.606985	0.023173
MGYG000000489__gradient_L0_base_gapseq	1372	1592	405	bio1	0.250295	1.359819	6.284285
MGYG000000489__gradient_L1_inulin_gapseq	1372	1592	405	bio1	0.520901	1.432967	6.303916
MGYG000000489__gradient_L2_fos_gapseq	1372	1592	405	bio1	0.520901	1.448403	6.277780
MGYG000000489__gradient_L3_gos_gapseq	1372	1592	405	bio1	0.765237	1.332516	6.407983
MGYG000000489__gradient_L4_xos_gapseq	1372	1592	405	bio1	0.884468	1.351914	6.270910
MGYG000000489__gradient_L5_pectin_gapseq	1372	1592	405	bio1	0.884468	1.457137	6.317806
MGYG000000489__gradient_L6_resistant_starch_gapseq	1372	1592	405	bio1	1.368966	1.438440	6.277948
MGYG000000489__gradient_L7_bglucan_gapseq	1372	1592	405	bio1	1.543043	1.429126	6.335477
MGYG000000489__gradient_L8_hmo_gapseq	1372	1592	405	bio1	1.543043	1.344714	6.401897
MGYG000000489__gradient_L9_mos_gapseq	1372	1592	405	bio1	1.543043	1.336024	6.282227
MGYG000000515__gradient_L0_base_gapseq	1359	1522	368	bio1	0.000000	1.272289	0.072096
MGYG000000515__gradient_L1_inulin_gapseq	1359	1522	368	bio1	0.000000	1.252514	0.168569
MGYG000000515__gradient_L2_fos_gapseq	1359	1522	368	bio1	0.000000	1.240871	0.076055
MGYG000000515__gradient_L3_gos_gapseq	1359	1522	368	bio1	0.000000	1.244693	0.171358
MGYG000000515__gradient_L4_xos_gapseq	1359	1522	368	bio1	0.640821	1.249452	5.599064
MGYG000000515__gradient_L5_pectin_gapseq	1359	1522	368	bio1	0.640821	1.355305	5.560586
MGYG000000515__gradient_L6_resistant_starch_gapseq	1359	1522	368	bio1	1.152857	1.358920	5.607454
MGYG000000515__gradient_L7_bglucan_gapseq	1359	1522	368	bio1	1.334889	1.229130	5.719520
MGYG000000515__gradient_L8_hmo_gapseq	1359	1522	368	bio1	1.334889	1.291532	5.596289
MGYG000000515__gradient_L9_mos_gapseq	1359	1522	368	bio1	1.424781	1.382663	5.613990
MGYG000000519__gradient_L0_base_gapseq	1033	1050	189	bio1	0.000000	0.837595	0.045036
MGYG000000519__gradient_L1_inulin_gapseq	1033	1050	189	bio1	1.080395	0.823119	2.972382
MGYG000000519__gradient_L2_fos_gapseq	1033	1050	189	bio1	1.080395	0.861791	2.831161
MGYG000000519__gradient_L3_gos_gapseq	1033	1050	189	bio1	1.183692	0.851241	2.938850
MGYG000000519__gradient_L4_xos_gapseq	1033	1050	189	bio1	1.183692	0.838720	2.820574
MGYG000000519__gradient_L5_pectin_gapseq	1033	1050	189	bio1	1.183692	0.831306	2.901062
MGYG000000519__gradient_L6_resistant_starch_gapseq	1033	1050	189	bio1	1.330602	0.823114	2.825890
MGYG000000519__gradient_L7_bglucan_gapseq	1033	1050	189	bio1	1.330602	0.833931	2.831288
MGYG000000519__gradient_L8_hmo_gapseq	1033	1050	189	bio1	1.330602	0.921796	2.839963
MGYG000000519__gradient_L9_mos_gapseq	1033	1050	189	bio1	1.330602	0.846872	2.824983
MGYG000000524__gradient_L0_base_gapseq	1037	1039	212	bio1	0.000000	0.845049	0.033895
MGYG000000524__gradient_L1_inulin_gapseq	1037	1039	212	bio1	0.000000	0.864229	0.038110
MGYG000000524__gradient_L2_fos_gapseq	1037	1039	212	bio1	0.000000	0.951572	0.038406
MGYG000000524__gradient_L3_gos_gapseq	1037	1039	212	bio1	0.000000	0.843253	0.039497
MGYG000000524__gradient_L4_xos_gapseq	1037	1039	212	bio1	0.538874	0.841426	2.678707
MGYG000000524__gradient_L5_pectin_gapseq	1037	1039	212	bio1	0.572109	0.860719	2.596518
MGYG000000524__gradient_L6_resistant_starch_gapseq	1037	1039	212	bio1	1.234433	0.845001	2.648770
MGYG000000524__gradient_L7_bglucan_gapseq	1037	1039	212	bio1	1.469452	0.845064	2.567366
MGYG000000524__gradient_L8_hmo_gapseq	1037	1039	212	bio1	1.469452	0.856707	2.650886
MGYG000000524__gradient_L9_mos_gapseq	1037	1039	212	bio1	1.469452	0.836027	2.567195
MGYG000000542__gradient_L0_base_gapseq	1207	1284	224	bio1	0.000000	1.148573	0.057189
MGYG000000542__gradient_L1_inulin_gapseq	1207	1284	224	bio1	0.000000	1.057271	0.051616
MGYG000000542__gradient_L2_fos_gapseq	1207	1284	224	bio1	0.000000	1.029585	0.045744
MGYG000000542__gradient_L3_gos_gapseq	1207	1284	224	bio1	0.845900	1.124419	4.098763
MGYG000000542__gradient_L4_xos_gapseq	1207	1284	224	bio1	0.845900	1.056245	4.209658
MGYG000000542__gradient_L5_pectin_gapseq	1207	1284	224	bio1	0.845900	1.050579	4.093258
MGYG000000542__gradient_L6_resistant_starch_gapseq	1207	1284	224	bio1	1.448123	1.175007	4.097811
MGYG000000542__gradient_L7_bglucan_gapseq	1207	1284	224	bio1	1.448123	1.048929	4.151925
MGYG000000542__gradient_L8_hmo_gapseq	1207	1284	224	bio1	1.448123	1.055286	4.055359
MGYG000000542__gradient_L9_mos_gapseq	1207	1284	224	bio1	1.557188	1.046153	4.182042
MGYG000000544__gradient_L0_base_gapseq	1040	1077	192	bio1	0.000000	0.873525	0.045463
MGYG000000544__gradient_L1_inulin_gapseq	1040	1077	192	bio1	0.000000	0.970045	0.039982
MGYG000000544__gradient_L2_fos_gapseq	1040	1077	192	bio1	0.000000	0.862990	0.040983
MGYG000000544__gradient_L3_gos_gapseq	1040	1077	192	bio1	0.000000	0.886056	0.041034
MGYG000000544__gradient_L4_xos_gapseq	1040	1077	192	bio1	0.000000	0.971624	0.041283
MGYG000000544__gradient_L5_pectin_gapseq	1040	1077	192	bio1	0.000000	0.866449	0.041553
MGYG000000544__gradient_L6_resistant_starch_gapseq	1040	1077	192	bio1	0.000000	0.871330	0.039949
MGYG000000544__gradient_L7_bglucan_gapseq	1040	1077	192	bio1	0.000000	1.007237	0.038923
MGYG000000544__gradient_L8_hmo_gapseq	1040	1077	192	bio1	0.000000	0.883882	0.044205
MGYG000000544__gradient_L9_mos_gapseq	1040	1077	192	bio1	0.000000	0.859311	0.041555
MGYG000000549__gradient_L0_base_gapseq	1133	1196	206	bio1	0.000000	1.040410	0.047897
MGYG000000549__gradient_L1_inulin_gapseq	1133	1196	206	bio1	0.149458	0.978592	3.660880
MGYG000000549__gradient_L2_fos_gapseq	1133	1196	206	bio1	0.149458	1.027940	3.651324
MGYG000000549__gradient_L3_gos_gapseq	1133	1196	206	bio1	0.149458	0.971224	3.711250
MGYG000000549__gradient_L4_xos_gapseq	1133	1196	206	bio1	0.149458	0.961041	3.665898
MGYG000000549__gradient_L5_pectin_gapseq	1133	1196	206	bio1	0.149458	0.963308	3.714736
MGYG000000549__gradient_L6_resistant_starch_gapseq	1133	1196	206	bio1	0.216919	0.965819	3.625457
MGYG000000549__gradient_L7_bglucan_gapseq	1133	1196	206	bio1	0.216919	1.059467	3.646040
MGYG000000549__gradient_L8_hmo_gapseq	1133	1196	206	bio1	0.216919	0.971081	3.619843
MGYG000000549__gradient_L9_mos_gapseq	1133	1196	206	bio1	0.282655	1.055437	3.693069
MGYG000000563__gradient_L0_base_gapseq	1109	1210	304	bio1	0.523107	0.951538	3.617305
MGYG000000563__gradient_L1_inulin_gapseq	1109	1210	304	bio1	0.638920	0.996737	3.585912
MGYG000000563__gradient_L2_fos_gapseq	1109	1210	304	bio1	0.638920	1.067504	3.579306
MGYG000000563__gradient_L3_gos_gapseq	1109	1210	304	bio1	0.863599	0.969496	3.557502
MGYG000000563__gradient_L4_xos_gapseq	1109	1210	304	bio1	0.863599	1.057239	3.550413
MGYG000000563__gradient_L5_pectin_gapseq	1109	1210	304	bio1	0.863599	0.970635	3.622200
MGYG000000563__gradient_L6_resistant_starch_gapseq	1109	1210	304	bio1	1.334429	0.970784	3.508353
MGYG000000563__gradient_L7_bglucan_gapseq	1109	1210	304	bio1	1.334429	1.052742	3.563922
MGYG000000563__gradient_L8_hmo_gapseq	1109	1210	304	bio1	1.334429	0.974275	3.580139
MGYG000000563__gradient_L9_mos_gapseq	1109	1210	304	bio1	1.443734	1.079020	3.545574
MGYG000000572__gradient_L0_base_gapseq	1141	1197	208	bio1	0.000000	1.122808	0.043435
MGYG000000572__gradient_L1_inulin_gapseq	1141	1197	208	bio1	0.000000	0.989552	0.045994
MGYG000000572__gradient_L2_fos_gapseq	1141	1197	208	bio1	0.000000	0.953807	0.159238
MGYG000000572__gradient_L3_gos_gapseq	1141	1197	208	bio1	0.000000	0.995519	0.053061
MGYG000000572__gradient_L4_xos_gapseq	1141	1197	208	bio1	0.000000	0.998316	0.046025
MGYG000000572__gradient_L5_pectin_gapseq	1141	1197	208	bio1	0.000000	1.109621	0.052015
MGYG000000572__gradient_L6_resistant_starch_gapseq	1141	1197	208	bio1	0.000000	0.965887	0.047855
MGYG000000572__gradient_L7_bglucan_gapseq	1141	1197	208	bio1	0.000000	0.977633	0.047900
MGYG000000572__gradient_L8_hmo_gapseq	1141	1197	208	bio1	0.000000	1.089088	0.049106
MGYG000000572__gradient_L9_mos_gapseq	1141	1197	208	bio1	0.000000	0.991187	0.045671
MGYG000000582__gradient_L0_base_gapseq	1343	1603	386	bio1	0.776199	1.412653	6.130252
MGYG000000582__gradient_L1_inulin_gapseq	1343	1603	386	bio1	0.999233	1.386384	6.074694
MGYG000000582__gradient_L2_fos_gapseq	1343	1603	386	bio1	0.999233	1.309875	6.200167
MGYG000000582__gradient_L3_gos_gapseq	1343	1603	386	bio1	1.239877	1.319791	6.165573
MGYG000000582__gradient_L4_xos_gapseq	1343	1603	386	bio1	1.281130	1.327979	6.073362
MGYG000000582__gradient_L5_pectin_gapseq	1343	1603	386	bio1	1.281130	1.448861	6.078557
MGYG000000582__gradient_L6_resistant_starch_gapseq	1343	1603	386	bio1	1.778459	1.397626	6.261032
MGYG000000582__gradient_L7_bglucan_gapseq	1343	1603	386	bio1	1.778459	1.315963	6.304092
MGYG000000582__gradient_L8_hmo_gapseq	1343	1603	386	bio1	1.778459	1.310395	6.202518
MGYG000000582__gradient_L9_mos_gapseq	1343	1603	386	bio1	1.888468	1.331191	6.099699
MGYG000000604__gradient_L0_base_gapseq	1263	1421	350	bio1	0.000000	1.258800	0.059533
MGYG000000604__gradient_L1_inulin_gapseq	1263	1421	350	bio1	0.000000	1.130376	0.067845
MGYG000000604__gradient_L2_fos_gapseq	1263	1421	350	bio1	0.000000	1.251355	0.064669
MGYG000000604__gradient_L3_gos_gapseq	1263	1421	350	bio1	0.809075	1.144878	4.963360
MGYG000000604__gradient_L4_xos_gapseq	1263	1421	350	bio1	0.937653	1.270036	4.952977
MGYG000000604__gradient_L5_pectin_gapseq	1263	1421	350	bio1	0.937653	1.142015	5.076411
MGYG000000604__gradient_L6_resistant_starch_gapseq	1263	1421	350	bio1	1.711562	1.166374	4.963610
MGYG000000604__gradient_L7_bglucan_gapseq	1263	1421	350	bio1	1.974017	1.299537	4.950991
MGYG000000604__gradient_L8_hmo_gapseq	1263	1421	350	bio1	1.974017	1.267318	4.947954
MGYG000000604__gradient_L9_mos_gapseq	1263	1421	350	bio1	2.117583	1.130471	5.045677
MGYG000000606__gradient_L0_base_gapseq	1219	1363	333	bio1	0.740023	1.236916	4.504912
MGYG000000606__gradient_L1_inulin_gapseq	1219	1363	333	bio1	0.847133	1.118290	4.749934
MGYG000000606__gradient_L2_fos_gapseq	1219	1363	333	bio1	0.847133	1.075812	4.501025
MGYG000000606__gradient_L3_gos_gapseq	1219	1363	333	bio1	0.927466	1.194319	4.531245
MGYG000000606__gradient_L4_xos_gapseq	1219	1363	333	bio1	0.927466	1.081876	4.481870
MGYG000000606__gradient_L5_pectin_gapseq	1219	1363	333	bio1	0.927466	1.210882	4.488995
MGYG000000606__gradient_L6_resistant_starch_gapseq	1219	1363	333	bio1	1.146465	1.172873	4.461011
MGYG000000606__gradient_L7_bglucan_gapseq	1219	1363	333	bio1	1.146465	1.068513	4.568821
MGYG000000606__gradient_L8_hmo_gapseq	1219	1363	333	bio1	1.146465	1.222571	4.609045
MGYG000000606__gradient_L9_mos_gapseq	1219	1363	333	bio1	1.219092	1.102445	4.600898
MGYG000000616__gradient_L0_base_gapseq	1186	1244	281	bio1	0.000000	1.020519	0.043920
MGYG000000616__gradient_L1_inulin_gapseq	1186	1244	281	bio1	0.000000	1.088017	0.044912
MGYG000000616__gradient_L2_fos_gapseq	1186	1244	281	bio1	0.000000	1.027086	0.048559
MGYG000000616__gradient_L3_gos_gapseq	1186	1244	281	bio1	0.000000	0.999360	0.044315
MGYG000000616__gradient_L4_xos_gapseq	1186	1244	281	bio1	0.000000	1.104788	0.051203
MGYG000000616__gradient_L5_pectin_gapseq	1186	1244	281	bio1	0.289861	0.996039	3.833894
MGYG000000616__gradient_L6_resistant_starch_gapseq	1186	1244	281	bio1	0.289861	1.171502	3.850917
MGYG000000616__gradient_L7_bglucan_gapseq	1186	1244	281	bio1	0.289861	1.032763	3.941742
MGYG000000616__gradient_L8_hmo_gapseq	1186	1244	281	bio1	0.289861	1.009777	3.846676
MGYG000000616__gradient_L9_mos_gapseq	1186	1244	281	bio1	0.289861	1.098946	3.842876
MGYG000000620__gradient_L0_base_gapseq	1140	1281	342	bio1	0.601525	1.028419	4.027203
MGYG000000620__gradient_L1_inulin_gapseq	1140	1281	342	bio1	0.714313	1.150500	4.064443
MGYG000000620__gradient_L2_fos_gapseq	1140	1281	342	bio1	0.714313	1.036008	4.170202
MGYG000000620__gradient_L3_gos_gapseq	1140	1281	342	bio1	0.932839	1.030220	4.034378
MGYG000000620__gradient_L4_xos_gapseq	1140	1281	342	bio1	0.932839	1.114226	4.025216
MGYG000000620__gradient_L5_pectin_gapseq	1140	1281	342	bio1	0.932839	1.041591	4.148389
MGYG000000620__gradient_L6_resistant_starch_gapseq	1140	1281	342	bio1	1.043760	1.159994	4.116761
MGYG000000620__gradient_L7_bglucan_gapseq	1140	1281	342	bio1	1.043760	1.049378	4.155663
MGYG000000620__gradient_L8_hmo_gapseq	1140	1281	342	bio1	1.043760	1.023167	4.052817
MGYG000000620__gradient_L9_mos_gapseq	1140	1281	342	bio1	1.152439	1.104690	4.027584
MGYG000000623__gradient_L0_base_gapseq	1350	1551	450	bio1	0.323235	1.417101	6.027869
MGYG000000623__gradient_L1_inulin_gapseq	1350	1551	450	bio1	0.495632	1.391904	5.948290
MGYG000000623__gradient_L2_fos_gapseq	1350	1551	450	bio1	0.495632	1.414496	5.968369
MGYG000000623__gradient_L3_gos_gapseq	1350	1551	450	bio1	0.793849	1.377347	6.218030
MGYG000000623__gradient_L4_xos_gapseq	1350	1551	450	bio1	0.827487	1.292370	5.995803
MGYG000000623__gradient_L5_pectin_gapseq	1350	1551	450	bio1	0.827487	1.409193	5.988907
MGYG000000623__gradient_L6_resistant_starch_gapseq	1350	1551	450	bio1	1.395498	1.398456	6.033082
MGYG000000623__gradient_L7_bglucan_gapseq	1350	1551	450	bio1	1.593337	1.324326	6.106554
MGYG000000623__gradient_L8_hmo_gapseq	1350	1551	450	bio1	1.733739	1.321399	6.055910
MGYG000000623__gradient_L9_mos_gapseq	1350	1551	450	bio1	1.733739	1.313546	5.941132
MGYG000000627__gradient_L0_base_gapseq	1336	1492	329	bio1	0.350046	1.207987	5.560474
MGYG000000627__gradient_L1_inulin_gapseq	1336	1492	329	bio1	0.461051	1.245939	5.468451
MGYG000000627__gradient_L2_fos_gapseq	1336	1492	329	bio1	0.461051	1.298011	5.510503
MGYG000000627__gradient_L3_gos_gapseq	1336	1492	329	bio1	0.639584	1.289384	5.546244
MGYG000000627__gradient_L4_xos_gapseq	1336	1492	329	bio1	0.639584	1.265697	5.632011
MGYG000000627__gradient_L5_pectin_gapseq	1336	1492	329	bio1	0.639584	1.222042	5.488188
MGYG000000627__gradient_L6_resistant_starch_gapseq	1336	1492	329	bio1	0.978123	1.321333	5.475915
MGYG000000627__gradient_L7_bglucan_gapseq	1336	1492	329	bio1	0.994383	1.306989	5.457624
MGYG000000627__gradient_L8_hmo_gapseq	1336	1492	329	bio1	0.994383	1.238281	5.581018
MGYG000000627__gradient_L9_mos_gapseq	1336	1492	329	bio1	0.994383	1.245269	5.493220
MGYG000000630__gradient_L0_base_gapseq	1233	1332	323	bio1	0.077642	1.109853	4.294201
MGYG000000630__gradient_L1_inulin_gapseq	1233	1332	323	bio1	0.176641	1.086190	4.280689
MGYG000000630__gradient_L2_fos_gapseq	1233	1332	323	bio1	0.176641	1.183955	4.291039
MGYG000000630__gradient_L3_gos_gapseq	1233	1332	323	bio1	0.176641	1.075493	4.253138
MGYG000000630__gradient_L4_xos_gapseq	1233	1332	323	bio1	0.176641	1.100362	4.157765
MGYG000000630__gradient_L5_pectin_gapseq	1233	1332	323	bio1	0.176641	1.184628	4.180834
MGYG000000630__gradient_L6_resistant_starch_gapseq	1233	1332	323	bio1	0.176641	1.097182	4.310549
MGYG000000630__gradient_L7_bglucan_gapseq	1233	1332	323	bio1	0.176641	1.124027	4.180880
MGYG000000630__gradient_L8_hmo_gapseq	1233	1332	323	bio1	0.176641	1.196381	4.158181
MGYG000000630__gradient_L9_mos_gapseq	1233	1332	323	bio1	0.176641	1.095906	4.285333
MGYG000000631__gradient_L0_base_gapseq	1258	1439	339	bio1	0.787844	1.159902	5.108241
MGYG000000631__gradient_L1_inulin_gapseq	1258	1439	339	bio1	0.886889	1.277199	5.152626
MGYG000000631__gradient_L2_fos_gapseq	1258	1439	339	bio1	0.886889	1.199658	5.177094
MGYG000000631__gradient_L3_gos_gapseq	1258	1439	339	bio1	0.961172	1.167645	5.014779
MGYG000000631__gradient_L4_xos_gapseq	1258	1439	339	bio1	0.974678	1.266243	5.078000
MGYG000000631__gradient_L5_pectin_gapseq	1258	1439	339	bio1	0.974678	1.220860	5.026596
MGYG000000631__gradient_L6_resistant_starch_gapseq	1258	1439	339	bio1	1.215536	1.171256	5.142095
MGYG000000631__gradient_L7_bglucan_gapseq	1258	1439	339	bio1	1.215536	1.160071	5.007499
MGYG000000631__gradient_L8_hmo_gapseq	1258	1439	339	bio1	1.215536	1.234090	5.012934
MGYG000000631__gradient_L9_mos_gapseq	1258	1439	339	bio1	1.304380	1.156071	5.133487
MGYG000000643__gradient_L0_base_gapseq	1136	1185	279	bio1	0.000000	0.959736	0.039971
MGYG000000643__gradient_L1_inulin_gapseq	1136	1185	279	bio1	0.000000	1.146761	0.033659
MGYG000000643__gradient_L2_fos_gapseq	1136	1185	279	bio1	0.000000	0.996375	0.038824
MGYG000000643__gradient_L3_gos_gapseq	1136	1185	279	bio1	0.000000	0.940507	0.037927
MGYG000000643__gradient_L4_xos_gapseq	1136	1185	279	bio1	0.000000	1.077826	0.039393
MGYG000000643__gradient_L5_pectin_gapseq	1136	1185	279	bio1	0.302330	0.972330	3.676713
MGYG000000643__gradient_L6_resistant_starch_gapseq	1136	1185	279	bio1	0.302330	1.074554	3.546165
MGYG000000643__gradient_L7_bglucan_gapseq	1136	1185	279	bio1	0.302330	0.956289	3.652319
MGYG000000643__gradient_L8_hmo_gapseq	1136	1185	279	bio1	0.302330	0.958697	3.546797
MGYG000000643__gradient_L9_mos_gapseq	1136	1185	279	bio1	0.302330	0.973062	3.629433
MGYG000000644__gradient_L0_base_gapseq	1343	1599	417	bio1	0.000000	1.287628	0.072761
MGYG000000644__gradient_L1_inulin_gapseq	1343	1599	417	bio1	0.000000	1.402039	0.083177
MGYG000000644__gradient_L2_fos_gapseq	1343	1599	417	bio1	0.000000	1.285211	0.081966
MGYG000000644__gradient_L3_gos_gapseq	1343	1599	417	bio1	0.803665	1.396278	6.016099
MGYG000000644__gradient_L4_xos_gapseq	1343	1599	417	bio1	0.865840	1.397370	5.968170
MGYG000000644__gradient_L5_pectin_gapseq	1343	1599	417	bio1	0.898079	1.268508	6.127404
MGYG000000644__gradient_L6_resistant_starch_gapseq	1343	1599	417	bio1	1.360941	1.272947	6.086241
MGYG000000644__gradient_L7_bglucan_gapseq	1343	1599	417	bio1	1.519833	1.283498	5.978858
MGYG000000644__gradient_L8_hmo_gapseq	1343	1599	417	bio1	1.519833	1.384785	5.970011
MGYG000000644__gradient_L9_mos_gapseq	1343	1599	417	bio1	1.621156	1.355146	6.106137
MGYG000000654__gradient_L0_base_gapseq	827	825	176	bio1	0.000000	0.708338	0.023212
MGYG000000654__gradient_L1_inulin_gapseq	827	825	176	bio1	0.000000	0.622494	0.028777
MGYG000000654__gradient_L2_fos_gapseq	827	825	176	bio1	0.000000	0.623636	0.026749
MGYG000000654__gradient_L3_gos_gapseq	827	825	176	bio1	0.000000	0.624523	0.022188
MGYG000000654__gradient_L4_xos_gapseq	827	825	176	bio1	0.000000	0.704236	0.028097
MGYG000000654__gradient_L5_pectin_gapseq	827	825	176	bio1	0.000000	0.641115	0.028681
MGYG000000654__gradient_L6_resistant_starch_gapseq	827	825	176	bio1	0.000000	0.632652	0.026969
MGYG000000654__gradient_L7_bglucan_gapseq	827	825	176	bio1	0.000000	0.641410	0.027506
MGYG000000654__gradient_L8_hmo_gapseq	827	825	176	bio1	0.000000	0.716276	0.031142
MGYG000000654__gradient_L9_mos_gapseq	827	825	176	bio1	0.000000	0.644279	0.026281
MGYG000000659__gradient_L0_base_gapseq	887	934	183	bio1	0.000000	0.703127	0.035734
MGYG000000659__gradient_L1_inulin_gapseq	887	934	183	bio1	0.000000	0.727204	0.034568
MGYG000000659__gradient_L2_fos_gapseq	887	934	183	bio1	0.000000	0.826908	0.035286
MGYG000000659__gradient_L3_gos_gapseq	887	934	183	bio1	0.000000	0.713451	0.036469
MGYG000000659__gradient_L4_xos_gapseq	887	934	183	bio1	0.000000	0.726988	0.035498
MGYG000000659__gradient_L5_pectin_gapseq	887	934	183	bio1	0.000000	0.828968	0.040797
MGYG000000659__gradient_L6_resistant_starch_gapseq	887	934	183	bio1	0.000000	0.718743	0.041234
MGYG000000659__gradient_L7_bglucan_gapseq	887	934	183	bio1	0.000000	0.722061	0.033478
MGYG000000659__gradient_L8_hmo_gapseq	887	934	183	bio1	0.000000	0.734829	0.035173
MGYG000000659__gradient_L9_mos_gapseq	887	934	183	bio1	0.000000	0.820543	0.035259
MGYG000000660__gradient_L0_base_gapseq	1047	1167	278	bio1	0.526725	0.928421	3.472215
MGYG000000660__gradient_L1_inulin_gapseq	1047	1167	278	bio1	0.756574	1.025568	3.449194
MGYG000000660__gradient_L2_fos_gapseq	1047	1167	278	bio1	0.756574	0.930409	3.428530
MGYG000000660__gradient_L3_gos_gapseq	1047	1167	278	bio1	0.986422	1.022171	3.430689
MGYG000000660__gradient_L4_xos_gapseq	1047	1167	278	bio1	0.986422	0.943649	3.514624
MGYG000000660__gradient_L5_pectin_gapseq	1047	1167	278	bio1	0.986422	0.933664	3.439043
MGYG000000660__gradient_L6_resistant_starch_gapseq	1047	1167	278	bio1	1.463684	1.005738	3.420096
MGYG000000660__gradient_L7_bglucan_gapseq	1047	1167	278	bio1	1.463684	0.932985	3.422927
MGYG000000660__gradient_L8_hmo_gapseq	1047	1167	278	bio1	1.463684	1.050332	3.563453
MGYG000000660__gradient_L9_mos_gapseq	1047	1167	278	bio1	1.575381	0.919289	3.466922
MGYG000000672__gradient_L0_base_gapseq	1215	1353	313	bio1	0.335139	1.099416	4.590823
MGYG000000672__gradient_L1_inulin_gapseq	1215	1353	313	bio1	0.459033	1.081198	4.446965
MGYG000000672__gradient_L2_fos_gapseq	1215	1353	313	bio1	0.459033	1.169987	4.460813
MGYG000000672__gradient_L3_gos_gapseq	1215	1353	313	bio1	0.539610	1.069781	4.591259
MGYG000000672__gradient_L4_xos_gapseq	1215	1353	313	bio1	0.539610	1.108855	4.472982
MGYG000000672__gradient_L5_pectin_gapseq	1215	1353	313	bio1	0.539610	1.172471	4.468746
MGYG000000672__gradient_L6_resistant_starch_gapseq	1215	1353	313	bio1	0.815524	1.078731	4.658551
MGYG000000672__gradient_L7_bglucan_gapseq	1215	1353	313	bio1	0.815524	1.070866	4.538571
MGYG000000672__gradient_L8_hmo_gapseq	1215	1353	313	bio1	0.815524	1.152263	4.493829
MGYG000000672__gradient_L9_mos_gapseq	1215	1353	313	bio1	0.922959	1.081053	4.473436
MGYG000000676__gradient_L0_base_gapseq	1051	1154	253	bio1	0.275536	0.928494	3.401460
MGYG000000676__gradient_L1_inulin_gapseq	1051	1154	253	bio1	0.458568	1.044254	3.374045
MGYG000000676__gradient_L2_fos_gapseq	1051	1154	253	bio1	0.458568	0.943062	3.390756
MGYG000000676__gradient_L3_gos_gapseq	1051	1154	253	bio1	0.789995	1.035374	3.417718
MGYG000000676__gradient_L4_xos_gapseq	1051	1154	253	bio1	0.888293	0.929125	3.480935
MGYG000000676__gradient_L5_pectin_gapseq	1051	1154	253	bio1	0.888293	0.937021	3.378559
MGYG000000676__gradient_L6_resistant_starch_gapseq	1051	1154	253	bio1	1.604626	0.923126	3.469307
MGYG000000676__gradient_L7_bglucan_gapseq	1051	1154	253	bio1	1.853830	0.913779	3.488035
MGYG000000676__gradient_L8_hmo_gapseq	1051	1154	253	bio1	1.853830	1.024986	3.411699
MGYG000000676__gradient_L9_mos_gapseq	1051	1154	253	bio1	1.983498	0.916158	3.412530
MGYG000000683__gradient_L0_base_gapseq	1172	1264	246	bio1	0.380655	1.032500	3.827131
MGYG000000683__gradient_L1_inulin_gapseq	1172	1264	246	bio1	0.523963	1.100908	3.841916
MGYG000000683__gradient_L2_fos_gapseq	1172	1264	246	bio1	0.523963	1.026152	3.936866
MGYG000000683__gradient_L3_gos_gapseq	1172	1264	246	bio1	0.523963	1.013610	3.846040
MGYG000000683__gradient_L4_xos_gapseq	1172	1264	246	bio1	0.523963	1.190494	3.849967
MGYG000000683__gradient_L5_pectin_gapseq	1172	1264	246	bio1	0.523963	1.046893	3.876571
MGYG000000683__gradient_L6_resistant_starch_gapseq	1172	1264	246	bio1	1.175562	1.154163	3.884239
MGYG000000683__gradient_L7_bglucan_gapseq	1172	1264	246	bio1	1.175562	1.013776	3.923369
MGYG000000683__gradient_L8_hmo_gapseq	1172	1264	246	bio1	1.175562	1.022726	3.856321
MGYG000000683__gradient_L9_mos_gapseq	1172	1264	246	bio1	1.175562	1.106306	3.851554
MGYG000000684__gradient_L0_base_gapseq	1167	1290	313	bio1	0.555700	1.114599	4.211158
MGYG000000684__gradient_L1_inulin_gapseq	1167	1290	313	bio1	0.770814	1.050093	4.285192
MGYG000000684__gradient_L2_fos_gapseq	1167	1290	313	bio1	0.770814	1.057078	4.200765
MGYG000000684__gradient_L3_gos_gapseq	1167	1290	313	bio1	0.985927	1.245221	4.216458
MGYG000000684__gradient_L4_xos_gapseq	1167	1290	313	bio1	1.043886	1.059330	4.313209
MGYG000000684__gradient_L5_pectin_gapseq	1167	1290	313	bio1	1.043886	1.032564	4.240990
MGYG000000684__gradient_L6_resistant_starch_gapseq	1167	1290	313	bio1	1.310558	1.110576	4.192441
MGYG000000684__gradient_L7_bglucan_gapseq	1167	1290	313	bio1	1.310558	1.030260	4.224599
MGYG000000684__gradient_L8_hmo_gapseq	1167	1290	313	bio1	1.310558	1.126299	4.237368
MGYG000000684__gradient_L9_mos_gapseq	1167	1290	313	bio1	1.419962	1.046917	4.291474
MGYG000000693__gradient_L0_base_gapseq	1164	1312	317	bio1	0.779040	1.158538	4.279412
MGYG000000693__gradient_L1_inulin_gapseq	1164	1312	317	bio1	1.072052	1.069983	4.379705
MGYG000000693__gradient_L2_fos_gapseq	1164	1312	317	bio1	1.072052	1.066999	4.423572
MGYG000000693__gradient_L3_gos_gapseq	1164	1312	317	bio1	1.366256	1.186365	4.339533
MGYG000000693__gradient_L4_xos_gapseq	1164	1312	317	bio1	1.366256	1.113013	4.408781
MGYG000000693__gradient_L5_pectin_gapseq	1164	1312	317	bio1	1.366256	1.103147	4.304337
MGYG000000693__gradient_L6_resistant_starch_gapseq	1164	1312	317	bio1	1.983638	1.167950	4.333336
MGYG000000693__gradient_L7_bglucan_gapseq	1164	1312	317	bio1	1.983638	1.090959	4.415222
MGYG000000693__gradient_L8_hmo_gapseq	1164	1312	317	bio1	1.983638	1.063205	4.301052
MGYG000000693__gradient_L9_mos_gapseq	1164	1312	317	bio1	2.126283	1.147290	4.320764
MGYG000000694__gradient_L0_base_gapseq	1168	1302	293	bio1	0.000000	1.038660	0.055359
MGYG000000694__gradient_L1_inulin_gapseq	1168	1302	293	bio1	0.000000	1.042519	0.140703
MGYG000000694__gradient_L2_fos_gapseq	1168	1302	293	bio1	0.000000	1.036673	0.053014
MGYG000000694__gradient_L3_gos_gapseq	1168	1302	293	bio1	0.000000	1.034340	0.049589
MGYG000000694__gradient_L4_xos_gapseq	1168	1302	293	bio1	0.000000	1.260652	0.050343
MGYG000000694__gradient_L5_pectin_gapseq	1168	1302	293	bio1	0.000000	1.041263	0.047565
MGYG000000694__gradient_L6_resistant_starch_gapseq	1168	1302	293	bio1	0.000000	1.150293	0.049791
MGYG000000694__gradient_L7_bglucan_gapseq	1168	1302	293	bio1	0.000000	1.041855	0.057804
MGYG000000694__gradient_L8_hmo_gapseq	1168	1302	293	bio1	0.000000	1.035214	0.049908
MGYG000000694__gradient_L9_mos_gapseq	1168	1302	293	bio1	0.000000	1.171737	0.048846
MGYG000000696__gradient_L0_base_gapseq	1378	1611	432	bio1	0.000000	1.371067	0.078195
MGYG000000696__gradient_L1_inulin_gapseq	1378	1611	432	bio1	1.386182	1.406918	6.267345
MGYG000000696__gradient_L2_fos_gapseq	1378	1611	432	bio1	1.386182	1.402531	6.262252
MGYG000000696__gradient_L3_gos_gapseq	1378	1611	432	bio1	1.687729	1.412138	6.189596
MGYG000000696__gradient_L4_xos_gapseq	1378	1611	432	bio1	1.687729	1.299832	6.357561
MGYG000000696__gradient_L5_pectin_gapseq	1378	1611	432	bio1	1.687729	1.334970	6.367025
MGYG000000696__gradient_L6_resistant_starch_gapseq	1378	1611	432	bio1	2.272718	1.288355	6.210846
MGYG000000696__gradient_L7_bglucan_gapseq	1378	1611	432	bio1	2.272718	1.405219	6.310651
MGYG000000696__gradient_L8_hmo_gapseq	1378	1611	432	bio1	2.272718	1.400261	6.210670
MGYG000000696__gradient_L9_mos_gapseq	1378	1611	432	bio1	2.276100	1.301161	6.327140
MGYG000000719__gradient_L0_base_gapseq	946	1014	202	bio1	0.000000	0.882421	0.037469
MGYG000000719__gradient_L1_inulin_gapseq	946	1014	202	bio1	0.000000	0.804337	0.038722
MGYG000000719__gradient_L2_fos_gapseq	946	1014	202	bio1	0.000000	0.797146	0.038050
MGYG000000719__gradient_L3_gos_gapseq	946	1014	202	bio1	0.000000	0.869139	0.038729
MGYG000000719__gradient_L4_xos_gapseq	946	1014	202	bio1	1.134891	0.825016	2.579881
MGYG000000719__gradient_L5_pectin_gapseq	946	1014	202	bio1	1.134891	0.881925	2.584021
MGYG000000719__gradient_L6_resistant_starch_gapseq	946	1014	202	bio1	1.276753	0.820579	2.577147
MGYG000000719__gradient_L7_bglucan_gapseq	946	1014	202	bio1	1.276753	0.883213	2.602778
MGYG000000719__gradient_L8_hmo_gapseq	946	1014	202	bio1	1.276753	0.818381	2.557528
MGYG000000719__gradient_L9_mos_gapseq	946	1014	202	bio1	1.276753	0.809900	2.656500
MGYG000000722__gradient_L0_base_gapseq	1069	1164	255	bio1	0.000000	0.918732	0.046706
MGYG000000722__gradient_L1_inulin_gapseq	1069	1164	255	bio1	0.000000	1.042768	0.047529
MGYG000000722__gradient_L2_fos_gapseq	1069	1164	255	bio1	0.000000	0.906151	0.048153
MGYG000000722__gradient_L3_gos_gapseq	1069	1164	255	bio1	0.527176	0.953115	3.507496
MGYG000000722__gradient_L4_xos_gapseq	1069	1164	255	bio1	0.527176	0.911297	3.338564
MGYG000000722__gradient_L5_pectin_gapseq	1069	1164	255	bio1	0.527176	1.001435	3.360302
MGYG000000722__gradient_L6_resistant_starch_gapseq	1069	1164	255	bio1	0.633095	0.930671	3.321112
MGYG000000722__gradient_L7_bglucan_gapseq	1069	1164	255	bio1	0.633095	1.022980	3.334704
MGYG000000722__gradient_L8_hmo_gapseq	1069	1164	255	bio1	0.633095	0.927032	3.305622
MGYG000000722__gradient_L9_mos_gapseq	1069	1164	255	bio1	0.739013	1.028834	3.331624
MGYG000000773__gradient_L0_base_gapseq	1055	1164	265	bio1	0.000000	1.033309	0.042254
MGYG000000773__gradient_L1_inulin_gapseq	1055	1164	265	bio1	0.000000	0.943504	0.041023
MGYG000000773__gradient_L2_fos_gapseq	1055	1164	265	bio1	0.000000	1.006630	0.042481
MGYG000000773__gradient_L3_gos_gapseq	1055	1164	265	bio1	0.000000	0.913247	0.042583
MGYG000000773__gradient_L4_xos_gapseq	1055	1164	265	bio1	0.000000	0.924907	0.041440
MGYG000000773__gradient_L5_pectin_gapseq	1055	1164	265	bio1	0.000000	1.064617	0.041656
MGYG000000773__gradient_L6_resistant_starch_gapseq	1055	1164	265	bio1	0.000000	0.940573	0.043769
MGYG000000773__gradient_L7_bglucan_gapseq	1055	1164	265	bio1	0.000000	0.937083	0.146417
MGYG000000773__gradient_L8_hmo_gapseq	1055	1164	265	bio1	0.000000	0.930815	0.041602
MGYG000000773__gradient_L9_mos_gapseq	1055	1164	265	bio1	0.000000	0.925268	0.042620
MGYG000000782__gradient_L0_base_gapseq	1287	1390	338	bio1	0.383244	1.269276	4.767136
MGYG000000782__gradient_L1_inulin_gapseq	1287	1390	338	bio1	0.537379	1.208466	4.794708
MGYG000000782__gradient_L2_fos_gapseq	1287	1390	338	bio1	0.537379	1.129349	4.883011
MGYG000000782__gradient_L3_gos_gapseq	1287	1390	338	bio1	0.537379	1.148566	4.793975
MGYG000000782__gradient_L4_xos_gapseq	1287	1390	338	bio1	0.599385	1.219317	4.742814
MGYG000000782__gradient_L5_pectin_gapseq	1287	1390	338	bio1	0.599385	1.144221	4.867203
MGYG000000782__gradient_L6_resistant_starch_gapseq	1287	1390	338	bio1	0.714540	1.144986	4.851885
MGYG000000782__gradient_L7_bglucan_gapseq	1287	1390	338	bio1	0.714540	1.215191	4.780323
MGYG000000782__gradient_L8_hmo_gapseq	1287	1390	338	bio1	0.714540	1.152156	4.832128
MGYG000000782__gradient_L9_mos_gapseq	1287	1390	338	bio1	0.714540	1.151765	4.751607
MGYG000000783__gradient_L0_base_gapseq	1331	1484	389	bio1	0.487625	1.316015	5.376658
MGYG000000783__gradient_L1_inulin_gapseq	1331	1484	389	bio1	0.618534	1.201583	5.547083
MGYG000000783__gradient_L2_fos_gapseq	1331	1484	389	bio1	0.618534	1.202828	5.500541
MGYG000000783__gradient_L3_gos_gapseq	1331	1484	389	bio1	0.709352	1.201351	5.363872
MGYG000000783__gradient_L4_xos_gapseq	1331	1484	389	bio1	0.709352	1.281820	5.355754
MGYG000000783__gradient_L5_pectin_gapseq	1331	1484	389	bio1	0.724079	1.220447	5.576547
MGYG000000783__gradient_L6_resistant_starch_gapseq	1331	1484	389	bio1	0.724079	1.221589	5.375983
MGYG000000783__gradient_L7_bglucan_gapseq	1331	1484	389	bio1	0.724079	1.297945	5.336553
MGYG000000783__gradient_L8_hmo_gapseq	1331	1484	389	bio1	0.724079	1.305577	5.358162
MGYG000000783__gradient_L9_mos_gapseq	1331	1484	389	bio1	0.724079	1.208943	5.455827
MGYG000000821__gradient_L0_base_gapseq	1282	1348	334	bio1	0.000000	1.120943	0.048301
MGYG000000821__gradient_L1_inulin_gapseq	1282	1348	334	bio1	0.000000	1.237544	0.054320
MGYG000000821__gradient_L2_fos_gapseq	1282	1348	334	bio1	0.000000	1.121410	0.049339
MGYG000000821__gradient_L3_gos_gapseq	1282	1348	334	bio1	0.000000	1.238702	0.051668
MGYG000000821__gradient_L4_xos_gapseq	1282	1348	334	bio1	0.000000	1.141122	0.054119
MGYG000000821__gradient_L5_pectin_gapseq	1282	1348	334	bio1	0.000000	1.217858	0.051507
MGYG000000821__gradient_L6_resistant_starch_gapseq	1282	1348	334	bio1	0.000000	1.130617	0.059259
MGYG000000821__gradient_L7_bglucan_gapseq	1282	1348	334	bio1	0.000000	1.246177	0.050131
MGYG000000821__gradient_L8_hmo_gapseq	1282	1348	334	bio1	0.000000	1.147058	0.051419
MGYG000000821__gradient_L9_mos_gapseq	1282	1348	334	bio1	0.000000	1.234359	0.055563
MGYG000000822__gradient_L0_base_gapseq	1330	1584	437	bio1	0.569729	1.315530	6.008453
MGYG000000822__gradient_L1_inulin_gapseq	1330	1584	437	bio1	0.725555	1.377612	6.074646
MGYG000000822__gradient_L2_fos_gapseq	1330	1584	437	bio1	0.725555	1.411972	5.990215
MGYG000000822__gradient_L3_gos_gapseq	1330	1584	437	bio1	0.842425	1.389919	6.044678
MGYG000000822__gradient_L4_xos_gapseq	1330	1584	437	bio1	0.894689	1.417381	6.129796
MGYG000000822__gradient_L5_pectin_gapseq	1330	1584	437	bio1	0.894689	1.334300	6.156964
MGYG000000822__gradient_L6_resistant_starch_gapseq	1330	1584	437	bio1	1.248180	1.304830	6.019223
MGYG000000822__gradient_L7_bglucan_gapseq	1330	1584	437	bio1	1.357684	1.423320	6.021621
MGYG000000822__gradient_L8_hmo_gapseq	1330	1584	437	bio1	1.357684	1.393543	6.013013
MGYG000000822__gradient_L9_mos_gapseq	1330	1584	437	bio1	1.434716	1.329971	6.114311
MGYG000000835__gradient_L0_base_gapseq	1148	1260	325	bio1	0.595974	1.010515	3.962787
MGYG000000835__gradient_L1_inulin_gapseq	1148	1260	325	bio1	0.707721	1.082382	4.015034
MGYG000000835__gradient_L2_fos_gapseq	1148	1260	325	bio1	0.707721	1.000691	4.074528
MGYG000000835__gradient_L3_gos_gapseq	1148	1260	325	bio1	0.931216	1.027184	3.999633
MGYG000000835__gradient_L4_xos_gapseq	1148	1260	325	bio1	0.990496	1.124300	4.059020
MGYG000000835__gradient_L5_pectin_gapseq	1148	1260	325	bio1	0.990496	0.999483	3.978212
MGYG000000835__gradient_L6_resistant_starch_gapseq	1148	1260	325	bio1	1.462873	1.136490	3.947577
MGYG000000835__gradient_L7_bglucan_gapseq	1148	1260	325	bio1	1.462873	1.011683	4.082491
MGYG000000835__gradient_L8_hmo_gapseq	1148	1260	325	bio1	1.462873	1.031112	3.998025
MGYG000000835__gradient_L9_mos_gapseq	1148	1260	325	bio1	1.573453	1.134135	3.964792
MGYG000000847__gradient_L0_base_gapseq	1428	1560	397	bio1	0.492118	1.312542	6.038493
MGYG000000847__gradient_L1_inulin_gapseq	1428	1560	397	bio1	0.654345	1.365892	5.961177
MGYG000000847__gradient_L2_fos_gapseq	1428	1560	397	bio1	0.654345	1.309187	5.948081
MGYG000000847__gradient_L3_gos_gapseq	1428	1560	397	bio1	0.654345	1.417640	5.900269
MGYG000000847__gradient_L4_xos_gapseq	1428	1560	397	bio1	0.654345	1.397951	5.891661
MGYG000000847__gradient_L5_pectin_gapseq	1428	1560	397	bio1	0.654345	1.294825	6.046671
MGYG000000847__gradient_L6_resistant_starch_gapseq	1428	1560	397	bio1	0.786148	1.311425	5.872086
MGYG000000847__gradient_L7_bglucan_gapseq	1428	1560	397	bio1	0.786148	1.426629	5.857671
MGYG000000847__gradient_L8_hmo_gapseq	1428	1560	397	bio1	0.786148	1.368212	5.843737
MGYG000000847__gradient_L9_mos_gapseq	1428	1560	397	bio1	0.786148	1.391022	5.850478
MGYG000000858__gradient_L0_base_gapseq	1040	1147	297	bio1	0.219886	0.940060	3.370402
MGYG000000858__gradient_L1_inulin_gapseq	1040	1147	297	bio1	0.256921	1.046744	3.312781
MGYG000000858__gradient_L2_fos_gapseq	1040	1147	297	bio1	0.256921	0.934684	3.422112
MGYG000000858__gradient_L3_gos_gapseq	1040	1147	297	bio1	0.256921	0.941735	3.308994
MGYG000000858__gradient_L4_xos_gapseq	1040	1147	297	bio1	0.256921	0.947585	3.506595
MGYG000000858__gradient_L5_pectin_gapseq	1040	1147	297	bio1	0.256921	0.932047	3.314113
MGYG000000858__gradient_L6_resistant_starch_gapseq	1040	1147	297	bio1	0.256921	0.999835	3.347144
MGYG000000858__gradient_L7_bglucan_gapseq	1040	1147	297	bio1	0.256921	0.918025	3.326384
MGYG000000858__gradient_L8_hmo_gapseq	1040	1147	297	bio1	0.256921	1.019649	3.316066
MGYG000000858__gradient_L9_mos_gapseq	1040	1147	297	bio1	0.256921	0.925559	3.326150
MGYG000000862__gradient_L0_base_gapseq	1229	1335	323	bio1	0.403704	1.080665	4.278111
MGYG000000862__gradient_L1_inulin_gapseq	1229	1335	323	bio1	0.499826	1.255862	4.241622
MGYG000000862__gradient_L2_fos_gapseq	1229	1335	323	bio1	0.499826	1.073839	4.363361
MGYG000000862__gradient_L3_gos_gapseq	1229	1335	323	bio1	0.672846	1.097219	4.409686
MGYG000000862__gradient_L4_xos_gapseq	1229	1335	323	bio1	0.672846	1.172054	4.273626
MGYG000000862__gradient_L5_pectin_gapseq	1229	1335	323	bio1	0.672846	1.091411	4.367936
MGYG000000862__gradient_L6_resistant_starch_gapseq	1229	1335	323	bio1	1.077359	1.068708	4.243661
MGYG000000862__gradient_L7_bglucan_gapseq	1229	1335	323	bio1	1.077359	1.193168	4.300679
MGYG000000862__gradient_L8_hmo_gapseq	1229	1335	323	bio1	1.077359	1.074184	4.412383
MGYG000000862__gradient_L9_mos_gapseq	1229	1335	323	bio1	1.171658	1.073775	4.231308
MGYG000000863__gradient_L0_base_gapseq	1180	1306	292	bio1	0.000000	1.046291	0.056258
MGYG000000863__gradient_L1_inulin_gapseq	1180	1306	292	bio1	0.000000	1.155489	0.058985
MGYG000000863__gradient_L2_fos_gapseq	1180	1306	292	bio1	0.000000	1.058476	0.056470
MGYG000000863__gradient_L3_gos_gapseq	1180	1306	292	bio1	0.655839	1.021500	4.355825
MGYG000000863__gradient_L4_xos_gapseq	1180	1306	292	bio1	0.800857	1.034005	4.168474
MGYG000000863__gradient_L5_pectin_gapseq	1180	1306	292	bio1	0.800857	1.083963	4.194154
MGYG000000863__gradient_L6_resistant_starch_gapseq	1180	1306	292	bio1	0.926279	1.035329	4.170032
MGYG000000863__gradient_L7_bglucan_gapseq	1180	1306	292	bio1	0.926279	1.160327	4.165700
MGYG000000863__gradient_L8_hmo_gapseq	1180	1306	292	bio1	0.926279	1.036236	4.250093
MGYG000000863__gradient_L9_mos_gapseq	1180	1306	292	bio1	1.043388	1.033422	4.147210
MGYG000000870__gradient_L0_base_gapseq	1285	1439	369	bio1	0.000000	1.247627	0.070464
MGYG000000870__gradient_L1_inulin_gapseq	1285	1439	369	bio1	0.000000	1.174615	0.068686
MGYG000000870__gradient_L2_fos_gapseq	1285	1439	369	bio1	0.000000	1.242419	0.069735
MGYG000000870__gradient_L3_gos_gapseq	1285	1439	369	bio1	0.705950	1.189066	5.105196
MGYG000000870__gradient_L4_xos_gapseq	1285	1439	369	bio1	0.850373	1.259966	5.126483
MGYG000000870__gradient_L5_pectin_gapseq	1285	1439	369	bio1	0.850373	1.297505	5.108882
MGYG000000870__gradient_L6_resistant_starch_gapseq	1285	1439	369	bio1	1.132307	1.159531	5.219907
MGYG000000870__gradient_L7_bglucan_gapseq	1285	1439	369	bio1	1.132307	1.160324	5.101670
MGYG000000870__gradient_L8_hmo_gapseq	1285	1439	369	bio1	1.132307	1.230611	5.181118
MGYG000000870__gradient_L9_mos_gapseq	1285	1439	369	bio1	1.233161	1.171363	5.193302
MGYG000000872__gradient_L0_base_gapseq	1216	1377	314	bio1	0.000000	1.211194	0.059527
MGYG000000872__gradient_L1_inulin_gapseq	1216	1377	314	bio1	0.000000	1.110572	0.061256
MGYG000000872__gradient_L2_fos_gapseq	1216	1377	314	bio1	0.000000	1.189437	0.059589
MGYG000000872__gradient_L3_gos_gapseq	1216	1377	314	bio1	0.000000	1.142897	0.055032
MGYG000000872__gradient_L4_xos_gapseq	1216	1377	314	bio1	0.680846	1.236693	4.676037
MGYG000000872__gradient_L5_pectin_gapseq	1216	1377	314	bio1	0.680846	1.126911	4.851281
MGYG000000872__gradient_L6_resistant_starch_gapseq	1216	1377	314	bio1	0.988084	1.132849	4.711886
MGYG000000872__gradient_L7_bglucan_gapseq	1216	1377	314	bio1	0.988084	1.210582	4.701106
MGYG000000872__gradient_L8_hmo_gapseq	1216	1377	314	bio1	0.988084	1.128097	4.812643
MGYG000000872__gradient_L9_mos_gapseq	1216	1377	314	bio1	1.108288	1.148425	4.816652
MGYG000000877__gradient_L0_base_gapseq	1115	1208	257	bio1	0.000000	0.962422	0.048438
MGYG000000877__gradient_L1_inulin_gapseq	1115	1208	257	bio1	0.000000	1.065789	0.051334
MGYG000000877__gradient_L2_fos_gapseq	1115	1208	257	bio1	0.000000	0.987948	0.047745
MGYG000000877__gradient_L3_gos_gapseq	1115	1208	257	bio1	1.022830	0.981737	3.724062
MGYG000000877__gradient_L4_xos_gapseq	1115	1208	257	bio1	1.022830	0.966408	3.617903
MGYG000000877__gradient_L5_pectin_gapseq	1115	1208	257	bio1	1.022830	1.058777	3.628066
MGYG000000877__gradient_L6_resistant_starch_gapseq	1115	1208	257	bio1	1.130028	0.966043	3.631875
MGYG000000877__gradient_L7_bglucan_gapseq	1115	1208	257	bio1	1.130028	1.109940	3.619687
MGYG000000877__gradient_L8_hmo_gapseq	1115	1208	257	bio1	1.130028	0.985046	3.718417
MGYG000000877__gradient_L9_mos_gapseq	1115	1208	257	bio1	1.130028	0.987347	3.694941
MGYG000000909__gradient_L0_base_gapseq	1458	1697	459	bio1	1.237465	1.369942	6.819132
MGYG000000909__gradient_L1_inulin_gapseq	1458	1697	459	bio1	1.396797	1.368297	6.728994
MGYG000000909__gradient_L2_fos_gapseq	1458	1697	459	bio1	1.396797	1.480685	6.720302
MGYG000000909__gradient_L3_gos_gapseq	1458	1697	459	bio1	1.707493	1.468720	6.812507
MGYG000000909__gradient_L4_xos_gapseq	1458	1697	459	bio1	1.707493	1.510228	6.782116
MGYG000000909__gradient_L5_pectin_gapseq	1458	1697	459	bio1	1.707493	1.467866	6.786756
MGYG000000909__gradient_L6_resistant_starch_gapseq	1458	1697	459	bio1	2.402577	1.396260	6.857718
MGYG000000909__gradient_L7_bglucan_gapseq	1458	1697	459	bio1	2.635600	1.394238	6.845439
MGYG000000909__gradient_L8_hmo_gapseq	1458	1697	459	bio1	2.635600	1.370041	6.715005
MGYG000000909__gradient_L9_mos_gapseq	1458	1697	459	bio1	2.635600	1.481641	6.756617
MGYG000000914__gradient_L0_base_gapseq	1331	1518	390	bio1	1.022072	1.316616	5.284203
MGYG000000914__gradient_L1_inulin_gapseq	1331	1518	390	bio1	1.152155	1.229895	5.426120
MGYG000000914__gradient_L2_fos_gapseq	1331	1518	390	bio1	1.152155	1.239994	5.313230
MGYG000000914__gradient_L3_gos_gapseq	1331	1518	390	bio1	1.341851	1.309934	5.424903
MGYG000000914__gradient_L4_xos_gapseq	1331	1518	390	bio1	1.341851	1.330739	5.305790
MGYG000000914__gradient_L5_pectin_gapseq	1331	1518	390	bio1	1.341851	1.234314	5.467527
MGYG000000914__gradient_L6_resistant_starch_gapseq	1331	1518	390	bio1	1.341851	1.226742	5.341920
MGYG000000914__gradient_L7_bglucan_gapseq	1331	1518	390	bio1	1.341851	1.319288	5.314548
MGYG000000914__gradient_L8_hmo_gapseq	1331	1518	390	bio1	1.341851	1.324728	5.342820
MGYG000000914__gradient_L9_mos_gapseq	1331	1518	390	bio1	1.341851	1.204948	5.454535
MGYG000000919__gradient_L0_base_gapseq	1469	1720	566	bio1	1.266837	1.453885	7.143626
MGYG000000919__gradient_L1_inulin_gapseq	1469	1720	566	bio1	1.606171	1.452810	7.243038
MGYG000000919__gradient_L2_fos_gapseq	1469	1720	566	bio1	1.606171	1.414487	7.088319
MGYG000000919__gradient_L3_gos_gapseq	1469	1720	566	bio1	1.937022	1.548979	7.033469
MGYG000000919__gradient_L4_xos_gapseq	1469	1720	566	bio1	2.098205	1.551924	7.067491
MGYG000000919__gradient_L5_pectin_gapseq	1469	1720	566	bio1	2.098205	1.575907	7.018059
MGYG000000919__gradient_L6_resistant_starch_gapseq	1469	1720	566	bio1	2.838378	1.558509	7.146584
MGYG000000919__gradient_L7_bglucan_gapseq	1469	1720	566	bio1	3.086516	1.558290	7.069431
MGYG000000919__gradient_L8_hmo_gapseq	1469	1720	566	bio1	3.260424	1.436914	7.138913
MGYG000000919__gradient_L9_mos_gapseq	1469	1720	566	bio1	3.430091	1.477039	7.147157
MGYG000000920__gradient_L0_base_gapseq	1273	1434	348	bio1	0.000000	1.181289	0.062154
MGYG000000920__gradient_L1_inulin_gapseq	1273	1434	348	bio1	0.945583	1.308734	5.165679
MGYG000000920__gradient_L2_fos_gapseq	1273	1434	348	bio1	0.945583	1.201387	5.190004
MGYG000000920__gradient_L3_gos_gapseq	1273	1434	348	bio1	1.162585	1.238846	5.091388
MGYG000000920__gradient_L4_xos_gapseq	1273	1434	348	bio1	1.216520	1.262315	5.103872
MGYG000000920__gradient_L5_pectin_gapseq	1273	1434	348	bio1	1.216520	1.254258	5.089132
MGYG000000920__gradient_L6_resistant_starch_gapseq	1273	1434	348	bio1	1.731148	1.180017	5.155196
MGYG000000920__gradient_L7_bglucan_gapseq	1273	1434	348	bio1	1.904189	1.198652	5.031336
MGYG000000920__gradient_L8_hmo_gapseq	1273	1434	348	bio1	2.034532	1.272827	5.129275
MGYG000000920__gradient_L9_mos_gapseq	1273	1434	348	bio1	2.154387	1.186008	5.151816
MGYG000000952__gradient_L0_base_gapseq	981	977	158	bio1	0.000000	0.859940	0.037249
MGYG000000952__gradient_L1_inulin_gapseq	981	977	158	bio1	0.000000	0.784281	0.039317
MGYG000000952__gradient_L2_fos_gapseq	981	977	158	bio1	0.000000	0.794291	0.038117
MGYG000000952__gradient_L3_gos_gapseq	981	977	158	bio1	0.000000	0.842834	0.040792
MGYG000000952__gradient_L4_xos_gapseq	981	977	158	bio1	0.000000	0.889681	0.037589
MGYG000000952__gradient_L5_pectin_gapseq	981	977	158	bio1	0.000000	0.771149	0.039660
MGYG000000952__gradient_L6_resistant_starch_gapseq	981	977	158	bio1	0.000000	0.775377	0.147591
MGYG000000952__gradient_L7_bglucan_gapseq	981	977	158	bio1	0.000000	0.794085	0.039897
MGYG000000952__gradient_L8_hmo_gapseq	981	977	158	bio1	0.000000	0.784751	0.039782
MGYG000000952__gradient_L9_mos_gapseq	981	977	158	bio1	0.000000	0.787400	0.041671
MGYG000000965__gradient_L0_base_gapseq	1047	1073	217	bio1	0.000000	0.873295	0.044124
MGYG000000965__gradient_L1_inulin_gapseq	1047	1073	217	bio1	0.000000	0.979368	0.045213
MGYG000000965__gradient_L2_fos_gapseq	1047	1073	217	bio1	0.000000	0.898396	0.044342
MGYG000000965__gradient_L3_gos_gapseq	1047	1073	217	bio1	0.000000	0.871444	0.127916
MGYG000000965__gradient_L4_xos_gapseq	1047	1073	217	bio1	0.000000	0.895261	0.042972
MGYG000000965__gradient_L5_pectin_gapseq	1047	1073	217	bio1	0.000000	0.871323	0.042318
MGYG000000965__gradient_L6_resistant_starch_gapseq	1047	1073	217	bio1	0.000000	0.969561	0.050321
MGYG000000965__gradient_L7_bglucan_gapseq	1047	1073	217	bio1	0.000000	0.883782	0.044694
MGYG000000965__gradient_L8_hmo_gapseq	1047	1073	217	bio1	0.000000	0.881095	0.043884
MGYG000000965__gradient_L9_mos_gapseq	1047	1073	217	bio1	0.000000	0.967325	0.042330
MGYG000000968__gradient_L0_base_gapseq	1324	1487	418	bio1	0.505460	1.374460	5.446904
MGYG000000968__gradient_L1_inulin_gapseq	1324	1487	418	bio1	0.630457	1.244610	5.534258
MGYG000000968__gradient_L2_fos_gapseq	1324	1487	418	bio1	0.630457	1.271696	5.416732
MGYG000000968__gradient_L3_gos_gapseq	1324	1487	418	bio1	0.711098	1.297536	5.414711
MGYG000000968__gradient_L4_xos_gapseq	1324	1487	418	bio1	0.725760	1.317671	5.412324
MGYG000000968__gradient_L5_pectin_gapseq	1324	1487	418	bio1	0.725760	1.272374	5.594899
MGYG000000968__gradient_L6_resistant_starch_gapseq	1324	1487	418	bio1	0.832086	1.298477	5.412734
MGYG000000968__gradient_L7_bglucan_gapseq	1324	1487	418	bio1	0.832086	1.328984	5.434180
MGYG000000968__gradient_L8_hmo_gapseq	1324	1487	418	bio1	0.832086	1.380349	5.499798
MGYG000000968__gradient_L9_mos_gapseq	1324	1487	418	bio1	0.832086	1.285233	5.538468
MGYG000000974__gradient_L0_base_gapseq	877	911	165	bio1	0.000000	0.813739	0.036942
MGYG000000974__gradient_L1_inulin_gapseq	877	911	165	bio1	0.000000	0.713144	0.034945
MGYG000000974__gradient_L2_fos_gapseq	877	911	165	bio1	0.000000	0.705804	0.034423
MGYG000000974__gradient_L3_gos_gapseq	877	911	165	bio1	0.000000	0.808020	0.034702
MGYG000000974__gradient_L4_xos_gapseq	877	911	165	bio1	0.000000	0.709816	0.035269
MGYG000000974__gradient_L5_pectin_gapseq	877	911	165	bio1	0.000000	0.704480	0.036020
MGYG000000974__gradient_L6_resistant_starch_gapseq	877	911	165	bio1	0.000000	0.692415	0.035008
MGYG000000974__gradient_L7_bglucan_gapseq	877	911	165	bio1	0.000000	0.828029	0.037174
MGYG000000974__gradient_L8_hmo_gapseq	877	911	165	bio1	0.000000	0.705331	0.040410
MGYG000000974__gradient_L9_mos_gapseq	877	911	165	bio1	0.000000	0.707030	0.035938
MGYG000000990__gradient_L0_base_gapseq	1409	1635	413	bio1	0.000000	1.349553	0.069360
MGYG000000990__gradient_L1_inulin_gapseq	1409	1635	413	bio1	0.000000	1.422250	0.075202
MGYG000000990__gradient_L2_fos_gapseq	1409	1635	413	bio1	0.000000	1.328732	0.077542
MGYG000000990__gradient_L3_gos_gapseq	1409	1635	413	bio1	0.000000	1.426725	0.081340
MGYG000000990__gradient_L4_xos_gapseq	1409	1635	413	bio1	1.383780	1.321742	6.549071
MGYG000000990__gradient_L5_pectin_gapseq	1409	1635	413	bio1	1.383780	1.335840	6.575878
MGYG000000990__gradient_L6_resistant_starch_gapseq	1409	1635	413	bio1	2.006036	1.328162	6.418509
MGYG000000990__gradient_L7_bglucan_gapseq	1409	1635	413	bio1	2.214952	1.444877	6.467910
MGYG000000990__gradient_L8_hmo_gapseq	1409	1635	413	bio1	2.363216	1.451232	6.477394
MGYG000000990__gradient_L9_mos_gapseq	1409	1635	413	bio1	2.467977	1.434987	6.442269
MGYG000000994__gradient_L0_base_gapseq	1226	1250	264	bio1	0.019292	1.201443	3.855663
MGYG000000994__gradient_L1_inulin_gapseq	1226	1250	264	bio1	0.107165	1.037501	3.845164
MGYG000000994__gradient_L2_fos_gapseq	1226	1250	264	bio1	0.107165	1.239156	3.845255
MGYG000000994__gradient_L3_gos_gapseq	1226	1250	264	bio1	0.107165	1.053590	3.946871
MGYG000000994__gradient_L4_xos_gapseq	1226	1250	264	bio1	0.107165	1.058983	3.828496
MGYG000000994__gradient_L5_pectin_gapseq	1226	1250	264	bio1	0.107165	1.146946	3.864572
MGYG000000994__gradient_L6_resistant_starch_gapseq	1226	1250	264	bio1	0.160752	1.036861	4.066215
MGYG000000994__gradient_L7_bglucan_gapseq	1226	1250	264	bio1	0.160752	1.043485	3.869416
MGYG000000994__gradient_L8_hmo_gapseq	1226	1250	264	bio1	0.160752	1.110582	3.854421
MGYG000000994__gradient_L9_mos_gapseq	1226	1250	264	bio1	0.160752	1.031314	3.894658
MGYG000001004__gradient_L0_base_gapseq	1333	1503	390	bio1	0.000000	1.234190	0.072083
MGYG000001004__gradient_L1_inulin_gapseq	1333	1503	390	bio1	0.000000	1.320700	0.072962
MGYG000001004__gradient_L2_fos_gapseq	1333	1503	390	bio1	0.000000	1.211399	0.071267
MGYG000001004__gradient_L3_gos_gapseq	1333	1503	390	bio1	0.000000	1.333641	0.075452
MGYG000001004__gradient_L4_xos_gapseq	1333	1503	390	bio1	1.250945	1.206522	5.536903
MGYG000001004__gradient_L5_pectin_gapseq	1333	1503	390	bio1	1.250945	1.403046	5.544153
MGYG000001004__gradient_L6_resistant_starch_gapseq	1333	1503	390	bio1	1.870828	1.312862	5.524901
MGYG000001004__gradient_L7_bglucan_gapseq	1333	1503	390	bio1	2.078948	1.220793	5.774003
MGYG000001004__gradient_L8_hmo_gapseq	1333	1503	390	bio1	2.226646	1.239186	5.489317
MGYG000001004__gradient_L9_mos_gapseq	1333	1503	390	bio1	2.226646	1.324020	5.581682
MGYG000001007__gradient_L0_base_gapseq	1380	1599	468	bio1	0.700884	1.294102	5.954703
MGYG000001007__gradient_L1_inulin_gapseq	1380	1599	468	bio1	0.997860	1.384874	5.880778
MGYG000001007__gradient_L2_fos_gapseq	1380	1599	468	bio1	0.997860	1.405469	5.940470
MGYG000001007__gradient_L3_gos_gapseq	1380	1599	468	bio1	1.274725	1.426818	5.903248
MGYG000001007__gradient_L4_xos_gapseq	1380	1599	468	bio1	1.274725	1.299169	6.014812
MGYG000001007__gradient_L5_pectin_gapseq	1380	1599	468	bio1	1.274725	1.300126	5.971173
MGYG000001007__gradient_L6_resistant_starch_gapseq	1380	1599	468	bio1	1.413158	1.297819	5.861414
MGYG000001007__gradient_L7_bglucan_gapseq	1380	1599	468	bio1	1.612155	1.424436	5.857300
MGYG000001007__gradient_L8_hmo_gapseq	1380	1599	468	bio1	1.612155	1.393524	5.900502
MGYG000001007__gradient_L9_mos_gapseq	1380	1599	468	bio1	1.750588	1.309035	6.028848
MGYG000001023__gradient_L0_base_gapseq	1175	1245	323	bio1	0.000000	1.157376	0.056840
MGYG000001023__gradient_L1_inulin_gapseq	1175	1245	323	bio1	0.000000	1.004548	0.054082
MGYG000001023__gradient_L2_fos_gapseq	1175	1245	323	bio1	0.000000	1.093100	0.052059
MGYG000001023__gradient_L3_gos_gapseq	1175	1245	323	bio1	0.000000	1.028111	0.051458
MGYG000001023__gradient_L4_xos_gapseq	1175	1245	323	bio1	0.510917	1.011087	4.099188
MGYG000001023__gradient_L5_pectin_gapseq	1175	1245	323	bio1	0.510917	1.017962	3.928110
MGYG000001023__gradient_L6_resistant_starch_gapseq	1175	1245	323	bio1	0.594523	1.106963	3.963691
MGYG000001023__gradient_L7_bglucan_gapseq	1175	1245	323	bio1	0.594523	1.016455	3.954225
MGYG000001023__gradient_L8_hmo_gapseq	1175	1245	323	bio1	0.594523	1.135316	3.921476
MGYG000001023__gradient_L9_mos_gapseq	1175	1245	323	bio1	0.594523	1.010977	4.022445
MGYG000001027__gradient_L0_base_gapseq	1298	1438	374	bio1	0.000000	1.160729	0.067032
MGYG000001027__gradient_L1_inulin_gapseq	1298	1438	374	bio1	0.000000	1.238006	0.067603
MGYG000001027__gradient_L2_fos_gapseq	1298	1438	374	bio1	0.000000	1.174378	0.068458
MGYG000001027__gradient_L3_gos_gapseq	1298	1438	374	bio1	0.000000	1.264683	0.067298
MGYG000001027__gradient_L4_xos_gapseq	1298	1438	374	bio1	0.000000	1.151510	0.069930
MGYG000001027__gradient_L5_pectin_gapseq	1298	1438	374	bio1	0.000000	1.332730	0.073349
MGYG000001027__gradient_L6_resistant_starch_gapseq	1298	1438	374	bio1	0.000000	1.179919	0.073209
MGYG000001027__gradient_L7_bglucan_gapseq	1298	1438	374	bio1	0.000000	1.289577	0.070256
MGYG000001027__gradient_L8_hmo_gapseq	1298	1438	374	bio1	0.000000	1.148227	0.071052
MGYG000001027__gradient_L9_mos_gapseq	1298	1438	374	bio1	0.000000	1.152184	0.207786
MGYG000001029__gradient_L0_base_gapseq	1114	1243	286	bio1	0.000000	1.064417	0.048437
MGYG000001029__gradient_L1_inulin_gapseq	1114	1243	286	bio1	0.284529	0.979057	3.989475
MGYG000001029__gradient_L2_fos_gapseq	1114	1243	286	bio1	0.284529	1.084737	3.924578
MGYG000001029__gradient_L3_gos_gapseq	1114	1243	286	bio1	0.494545	0.985631	3.943273
MGYG000001029__gradient_L4_xos_gapseq	1114	1243	286	bio1	0.494545	1.077637	3.926480
MGYG000001029__gradient_L5_pectin_gapseq	1114	1243	286	bio1	0.494545	0.981381	4.008819
MGYG000001029__gradient_L6_resistant_starch_gapseq	1114	1243	286	bio1	0.921353	0.995806	3.936941
MGYG000001029__gradient_L7_bglucan_gapseq	1114	1243	286	bio1	1.074976	1.072683	3.926308
MGYG000001029__gradient_L8_hmo_gapseq	1114	1243	286	bio1	1.184893	0.999439	3.900800
MGYG000001029__gradient_L9_mos_gapseq	1114	1243	286	bio1	1.255239	1.085534	3.921468
MGYG000001030__gradient_L0_base_gapseq	1307	1450	338	bio1	0.000000	1.289194	0.054368
MGYG000001030__gradient_L1_inulin_gapseq	1307	1450	338	bio1	0.000000	1.180556	0.062468
MGYG000001030__gradient_L2_fos_gapseq	1307	1450	338	bio1	0.000000	1.251076	0.064559
MGYG000001030__gradient_L3_gos_gapseq	1307	1450	338	bio1	0.000000	1.176384	0.063390
MGYG000001030__gradient_L4_xos_gapseq	1307	1450	338	bio1	0.322150	1.259860	5.110281
MGYG000001030__gradient_L5_pectin_gapseq	1307	1450	338	bio1	0.322150	1.346438	5.065053
MGYG000001030__gradient_L6_resistant_starch_gapseq	1307	1450	338	bio1	0.410583	1.185810	5.182579
MGYG000001030__gradient_L7_bglucan_gapseq	1307	1450	338	bio1	0.552709	1.183339	5.055200
MGYG000001030__gradient_L8_hmo_gapseq	1307	1450	338	bio1	0.552709	1.272871	5.078708
MGYG000001030__gradient_L9_mos_gapseq	1307	1450	338	bio1	0.641143	1.169627	5.174836
MGYG000001062__gradient_L0_base_gapseq	1120	1130	268	bio1	0.000000	0.921534	0.041327
MGYG000001062__gradient_L1_inulin_gapseq	1120	1130	268	bio1	0.000000	1.050650	0.041367
MGYG000001062__gradient_L2_fos_gapseq	1120	1130	268	bio1	0.000000	0.977298	0.035640
MGYG000001062__gradient_L3_gos_gapseq	1120	1130	268	bio1	0.000000	0.955205	0.040119
MGYG000001062__gradient_L4_xos_gapseq	1120	1130	268	bio1	0.000000	1.029461	0.044399
MGYG000001062__gradient_L5_pectin_gapseq	1120	1130	268	bio1	0.000000	0.924105	0.042194
MGYG000001062__gradient_L6_resistant_starch_gapseq	1120	1130	268	bio1	0.000000	1.039099	0.043378
MGYG000001062__gradient_L7_bglucan_gapseq	1120	1130	268	bio1	0.000000	0.940130	0.043443
MGYG000001062__gradient_L8_hmo_gapseq	1120	1130	268	bio1	0.000000	0.925697	0.042995
MGYG000001062__gradient_L9_mos_gapseq	1120	1130	268	bio1	0.000000	1.021791	0.042338
MGYG000001066__gradient_L0_base_gapseq	1194	1316	329	bio1	0.292441	1.090947	4.281052
MGYG000001066__gradient_L1_inulin_gapseq	1194	1316	329	bio1	0.431131	1.241262	4.305130
MGYG000001066__gradient_L2_fos_gapseq	1194	1316	329	bio1	0.431131	1.084261	4.287537
MGYG000001066__gradient_L3_gos_gapseq	1194	1316	329	bio1	0.491760	1.193563	4.324540
MGYG000001066__gradient_L4_xos_gapseq	1194	1316	329	bio1	0.491760	1.084975	4.360643
MGYG000001066__gradient_L5_pectin_gapseq	1194	1316	329	bio1	0.491760	1.086562	4.292340
MGYG000001066__gradient_L6_resistant_starch_gapseq	1194	1316	329	bio1	0.582704	1.163132	4.323803
MGYG000001066__gradient_L7_bglucan_gapseq	1194	1316	329	bio1	0.582704	1.065059	4.432291
MGYG000001066__gradient_L8_hmo_gapseq	1194	1316	329	bio1	0.582704	1.064736	4.263996
MGYG000001066__gradient_L9_mos_gapseq	1194	1316	329	bio1	0.582704	1.162035	4.305231
MGYG000001068__gradient_L0_base_gapseq	1424	1700	403	bio1	0.504344	1.372127	6.913897
MGYG000001068__gradient_L1_inulin_gapseq	1424	1700	403	bio1	0.661545	1.470851	6.913917
MGYG000001068__gradient_L2_fos_gapseq	1424	1700	403	bio1	0.661545	1.491774	6.840236
MGYG000001068__gradient_L3_gos_gapseq	1424	1700	403	bio1	0.823659	1.507442	6.872647
MGYG000001068__gradient_L4_xos_gapseq	1424	1700	403	bio1	0.823659	1.484898	6.915624
MGYG000001068__gradient_L5_pectin_gapseq	1424	1700	403	bio1	0.823659	1.417934	7.152330
MGYG000001068__gradient_L6_resistant_starch_gapseq	1424	1700	403	bio1	0.902260	1.360697	7.018385
MGYG000001068__gradient_L7_bglucan_gapseq	1424	1700	403	bio1	1.012435	1.396727	6.924433
MGYG000001068__gradient_L8_hmo_gapseq	1424	1700	403	bio1	1.012435	1.448697	6.872649
MGYG000001068__gradient_L9_mos_gapseq	1424	1700	403	bio1	1.089513	1.445741	7.012127
MGYG000001093__gradient_L0_base_gapseq	1512	1661	370	bio1	0.000000	1.430266	0.073092
MGYG000001093__gradient_L1_inulin_gapseq	1512	1661	370	bio1	0.287305	1.501602	6.823305
MGYG000001093__gradient_L2_fos_gapseq	1512	1661	370	bio1	0.287305	1.503396	6.865270
MGYG000001093__gradient_L3_gos_gapseq	1512	1661	370	bio1	0.287305	1.429557	6.908270
MGYG000001093__gradient_L4_xos_gapseq	1512	1661	370	bio1	0.287305	1.403944	6.906725
MGYG000001093__gradient_L5_pectin_gapseq	1512	1661	370	bio1	0.287305	1.427941	6.853503
MGYG000001093__gradient_L6_resistant_starch_gapseq	1512	1661	370	bio1	0.287305	1.494037	6.933092
MGYG000001093__gradient_L7_bglucan_gapseq	1512	1661	370	bio1	0.287305	1.532078	6.854585
MGYG000001093__gradient_L8_hmo_gapseq	1512	1661	370	bio1	0.287305	1.521017	6.845449
MGYG000001093__gradient_L9_mos_gapseq	1512	1661	370	bio1	0.287305	1.536777	6.848588
MGYG000001096__gradient_L0_base_gapseq	1156	1299	312	bio1	0.790079	1.033068	4.161417
MGYG000001096__gradient_L1_inulin_gapseq	1156	1299	312	bio1	1.080057	1.193188	4.166505
MGYG000001096__gradient_L2_fos_gapseq	1156	1299	312	bio1	1.080057	1.044829	4.289038
MGYG000001096__gradient_L3_gos_gapseq	1156	1299	312	bio1	1.371609	1.042323	4.179810
MGYG000001096__gradient_L4_xos_gapseq	1156	1299	312	bio1	1.371609	1.123063	4.162019
MGYG000001096__gradient_L5_pectin_gapseq	1156	1299	312	bio1	1.371609	1.045859	4.145921
MGYG000001096__gradient_L6_resistant_starch_gapseq	1156	1299	312	bio1	1.983426	1.150395	4.162492
MGYG000001096__gradient_L7_bglucan_gapseq	1156	1299	312	bio1	1.983426	1.063444	4.277654
MGYG000001096__gradient_L8_hmo_gapseq	1156	1299	312	bio1	1.983426	1.011825	4.301534
MGYG000001096__gradient_L9_mos_gapseq	1156	1299	312	bio1	2.124784	1.159805	4.181145
MGYG000001115__gradient_L0_base_gapseq	1251	1400	330	bio1	0.000000	1.135135	0.068007
MGYG000001115__gradient_L1_inulin_gapseq	1251	1400	330	bio1	0.000000	1.249681	0.060451
MGYG000001115__gradient_L2_fos_gapseq	1251	1400	330	bio1	0.000000	1.135743	0.063209
MGYG000001115__gradient_L3_gos_gapseq	1251	1400	330	bio1	1.204752	1.143057	4.879021
MGYG000001115__gradient_L4_xos_gapseq	1251	1400	330	bio1	1.277584	1.158164	4.750833
MGYG000001115__gradient_L5_pectin_gapseq	1251	1400	330	bio1	1.277584	1.279198	4.806680
MGYG000001115__gradient_L6_resistant_starch_gapseq	1251	1400	330	bio1	1.826100	1.222652	4.854724
MGYG000001115__gradient_L7_bglucan_gapseq	1251	1400	330	bio1	1.826100	1.135134	4.797940
MGYG000001115__gradient_L8_hmo_gapseq	1251	1400	330	bio1	1.826100	1.424085	4.801295
MGYG000001115__gradient_L9_mos_gapseq	1251	1400	330	bio1	1.826100	1.261116	4.795035
MGYG000001141__gradient_L0_base_gapseq	1304	1471	371	bio1	0.000000	1.185907	0.143461
MGYG000001141__gradient_L1_inulin_gapseq	1304	1471	371	bio1	0.000000	1.180739	0.066022
MGYG000001141__gradient_L2_fos_gapseq	1304	1471	371	bio1	0.000000	1.236081	0.065637
MGYG000001141__gradient_L3_gos_gapseq	1304	1471	371	bio1	0.682508	1.251245	5.330897
MGYG000001141__gradient_L4_xos_gapseq	1304	1471	371	bio1	0.721245	1.274794	5.428031
MGYG000001141__gradient_L5_pectin_gapseq	1304	1471	371	bio1	0.721245	1.233588	5.411068
MGYG000001141__gradient_L6_resistant_starch_gapseq	1304	1471	371	bio1	1.136795	1.175836	5.308131
MGYG000001141__gradient_L7_bglucan_gapseq	1304	1471	371	bio1	1.283019	1.277996	5.281903
MGYG000001141__gradient_L8_hmo_gapseq	1304	1471	371	bio1	1.283019	1.281596	5.318578
MGYG000001141__gradient_L9_mos_gapseq	1304	1471	371	bio1	1.350781	1.182538	5.509780
MGYG000001153__gradient_L0_base_gapseq	1054	1071	244	bio1	0.000000	0.900631	0.038747
MGYG000001153__gradient_L1_inulin_gapseq	1054	1071	244	bio1	0.094873	0.886098	3.016162
MGYG000001153__gradient_L2_fos_gapseq	1054	1071	244	bio1	0.094873	0.870624	2.917138
MGYG000001153__gradient_L3_gos_gapseq	1054	1071	244	bio1	0.094873	0.885646	3.029557
MGYG000001153__gradient_L4_xos_gapseq	1054	1071	244	bio1	0.094873	0.885062	3.019658
MGYG000001153__gradient_L5_pectin_gapseq	1054	1071	244	bio1	0.094873	0.889832	3.034400
MGYG000001153__gradient_L6_resistant_starch_gapseq	1054	1071	244	bio1	0.094873	0.872139	2.880965
MGYG000001153__gradient_L7_bglucan_gapseq	1054	1071	244	bio1	0.094873	0.879396	2.992945
MGYG000001153__gradient_L8_hmo_gapseq	1054	1071	244	bio1	0.094873	0.859241	2.913275
MGYG000001153__gradient_L9_mos_gapseq	1054	1071	244	bio1	0.094873	0.870555	2.947795
MGYG000001157__gradient_L0_base_gapseq	1275	1452	370	bio1	0.000000	1.188177	0.061210
MGYG000001157__gradient_L1_inulin_gapseq	1275	1452	370	bio1	0.000000	1.302475	0.060936
MGYG000001157__gradient_L2_fos_gapseq	1275	1452	370	bio1	0.000000	1.287801	0.062154
MGYG000001157__gradient_L3_gos_gapseq	1275	1452	370	bio1	1.248280	1.301995	4.990076
MGYG000001157__gradient_L4_xos_gapseq	1275	1452	370	bio1	1.317412	1.183576	5.119513
MGYG000001157__gradient_L5_pectin_gapseq	1275	1452	370	bio1	1.317412	1.179147	4.951099
MGYG000001157__gradient_L6_resistant_starch_gapseq	1275	1452	370	bio1	1.835780	1.268163	4.997693
MGYG000001157__gradient_L7_bglucan_gapseq	1275	1452	370	bio1	2.010078	1.281283	4.954740
MGYG000001157__gradient_L8_hmo_gapseq	1275	1452	370	bio1	2.010078	1.176187	5.147067
MGYG000001157__gradient_L9_mos_gapseq	1275	1452	370	bio1	2.094586	1.183339	5.007630
MGYG000001175__gradient_L0_base_gapseq	888	849	89	bio1	0.000000	0.660576	0.022134
MGYG000001175__gradient_L1_inulin_gapseq	888	849	89	bio1	0.000000	0.786466	0.125240
MGYG000001175__gradient_L2_fos_gapseq	888	849	89	bio1	0.000000	0.683707	0.023115
MGYG000001175__gradient_L3_gos_gapseq	888	849	89	bio1	0.000000	0.692965	0.027542
MGYG000001175__gradient_L4_xos_gapseq	888	849	89	bio1	0.000000	0.666944	0.022604
MGYG000001175__gradient_L5_pectin_gapseq	888	849	89	bio1	0.000000	0.762699	0.027688
MGYG000001175__gradient_L6_resistant_starch_gapseq	888	849	89	bio1	0.000000	0.664170	0.025354
MGYG000001175__gradient_L7_bglucan_gapseq	888	849	89	bio1	0.000000	0.670992	0.028648
MGYG000001175__gradient_L8_hmo_gapseq	888	849	89	bio1	0.000000	0.679917	0.023737
MGYG000001175__gradient_L9_mos_gapseq	888	849	89	bio1	0.000000	0.764050	0.028765
MGYG000001179__gradient_L0_base_gapseq	1173	1297	313	bio1	0.497193	1.080711	4.270662
MGYG000001179__gradient_L1_inulin_gapseq	1173	1297	313	bio1	0.720238	1.028506	4.157177
MGYG000001179__gradient_L2_fos_gapseq	1173	1297	313	bio1	0.720238	1.126739	4.177465
MGYG000001179__gradient_L3_gos_gapseq	1173	1297	313	bio1	0.957044	1.049155	4.283407
MGYG000001179__gradient_L4_xos_gapseq	1173	1297	313	bio1	0.957044	1.044262	4.170982
MGYG000001179__gradient_L5_pectin_gapseq	1173	1297	313	bio1	0.957044	1.145934	4.268410
MGYG000001179__gradient_L6_resistant_starch_gapseq	1173	1297	313	bio1	1.436098	1.055304	4.207600
MGYG000001179__gradient_L7_bglucan_gapseq	1173	1297	313	bio1	1.436098	1.157679	4.171583
MGYG000001179__gradient_L8_hmo_gapseq	1173	1297	313	bio1	1.436098	1.118872	4.171353
MGYG000001179__gradient_L9_mos_gapseq	1173	1297	313	bio1	1.548184	1.052992	4.177086
MGYG000001182__gradient_L0_base_gapseq	939	883	122	bio1	0.000000	0.716309	0.028163
MGYG000001182__gradient_L1_inulin_gapseq	939	883	122	bio1	0.000000	0.736440	0.028757
MGYG000001182__gradient_L2_fos_gapseq	939	883	122	bio1	0.000000	0.705065	0.023566
MGYG000001182__gradient_L3_gos_gapseq	939	883	122	bio1	0.000000	0.831333	0.028452
MGYG000001182__gradient_L4_xos_gapseq	939	883	122	bio1	0.000000	0.706748	0.028858
MGYG000001182__gradient_L5_pectin_gapseq	939	883	122	bio1	0.000000	0.731167	0.023654
MGYG000001182__gradient_L6_resistant_starch_gapseq	939	883	122	bio1	0.000000	0.719302	0.023568
MGYG000001182__gradient_L7_bglucan_gapseq	939	883	122	bio1	0.000000	0.846767	0.030953
MGYG000001182__gradient_L8_hmo_gapseq	939	883	122	bio1	0.000000	0.736817	0.037571
MGYG000001182__gradient_L9_mos_gapseq	939	883	122	bio1	0.000000	0.707867	0.031711
MGYG000001186__gradient_L0_base_gapseq	1400	1626	447	bio1	0.417429	1.320783	6.427365
MGYG000001186__gradient_L1_inulin_gapseq	1400	1626	447	bio1	0.547950	1.344510	6.380594
MGYG000001186__gradient_L2_fos_gapseq	1400	1626	447	bio1	0.547950	1.330428	6.456176
MGYG000001186__gradient_L3_gos_gapseq	1400	1626	447	bio1	0.826469	1.421896	6.406158
MGYG000001186__gradient_L4_xos_gapseq	1400	1626	447	bio1	0.878329	1.427186	6.335378
MGYG000001186__gradient_L5_pectin_gapseq	1400	1626	447	bio1	0.878329	1.448199	6.337118
MGYG000001186__gradient_L6_resistant_starch_gapseq	1400	1626	447	bio1	1.418728	1.336068	6.484766
MGYG000001186__gradient_L7_bglucan_gapseq	1400	1626	447	bio1	1.599133	1.326130	6.321365
MGYG000001186__gradient_L8_hmo_gapseq	1400	1626	447	bio1	1.599133	1.413282	6.346884
MGYG000001186__gradient_L9_mos_gapseq	1400	1626	447	bio1	1.688221	1.428197	6.388775
MGYG000001193__gradient_L0_base_gapseq	1165	1198	256	bio1	0.098741	1.145676	3.760106
MGYG000001193__gradient_L1_inulin_gapseq	1165	1198	256	bio1	0.209372	1.002869	3.767178
MGYG000001193__gradient_L2_fos_gapseq	1165	1198	256	bio1	0.209372	1.174966	3.742574
MGYG000001193__gradient_L3_gos_gapseq	1165	1198	256	bio1	0.209372	1.000710	3.933439
MGYG000001193__gradient_L4_xos_gapseq	1165	1198	256	bio1	0.209372	1.012907	3.772459
MGYG000001193__gradient_L5_pectin_gapseq	1165	1198	256	bio1	0.209372	1.070698	3.780803
MGYG000001193__gradient_L6_resistant_starch_gapseq	1165	1198	256	bio1	0.209372	0.994776	3.794590
MGYG000001193__gradient_L7_bglucan_gapseq	1165	1198	256	bio1	0.209372	1.111741	3.764203
MGYG000001193__gradient_L8_hmo_gapseq	1165	1198	256	bio1	0.209372	0.992255	3.827644
MGYG000001193__gradient_L9_mos_gapseq	1165	1198	256	bio1	0.209372	0.999761	3.779257
MGYG000001203__gradient_L0_base_gapseq	1170	1256	300	bio1	0.688415	1.005133	3.886515
MGYG000001203__gradient_L1_inulin_gapseq	1170	1256	300	bio1	0.971885	1.077996	3.868914
MGYG000001203__gradient_L2_fos_gapseq	1170	1256	300	bio1	0.971885	1.032861	3.972850
MGYG000001203__gradient_L3_gos_gapseq	1170	1256	300	bio1	0.971885	1.122747	3.895779
MGYG000001203__gradient_L4_xos_gapseq	1170	1256	300	bio1	0.971885	1.002980	3.958582
MGYG000001203__gradient_L5_pectin_gapseq	1170	1256	300	bio1	0.971885	0.997550	3.870206
MGYG000001203__gradient_L6_resistant_starch_gapseq	1170	1256	300	bio1	1.584388	1.095986	3.865751
MGYG000001203__gradient_L7_bglucan_gapseq	1170	1256	300	bio1	1.584388	1.036719	3.843740
MGYG000001203__gradient_L8_hmo_gapseq	1170	1256	300	bio1	1.584388	1.121253	3.908831
MGYG000001203__gradient_L9_mos_gapseq	1170	1256	300	bio1	1.725813	1.028497	4.014500
MGYG000001209__gradient_L0_base_gapseq	1144	1230	247	bio1	0.000000	1.008447	0.051573
MGYG000001209__gradient_L1_inulin_gapseq	1144	1230	247	bio1	0.559010	1.100887	4.065245
MGYG000001209__gradient_L2_fos_gapseq	1144	1230	247	bio1	0.559010	1.027994	3.972281
MGYG000001209__gradient_L3_gos_gapseq	1144	1230	247	bio1	0.559010	1.147487	3.990078
MGYG000001209__gradient_L4_xos_gapseq	1144	1230	247	bio1	0.559010	1.014096	4.077147
MGYG000001209__gradient_L5_pectin_gapseq	1144	1230	247	bio1	0.559010	1.027323	3.939709
MGYG000001209__gradient_L6_resistant_starch_gapseq	1144	1230	247	bio1	0.686222	1.098025	3.997877
MGYG000001209__gradient_L7_bglucan_gapseq	1144	1230	247	bio1	0.686222	1.024920	3.987488
MGYG000001209__gradient_L8_hmo_gapseq	1144	1230	247	bio1	0.686222	1.162920	3.946265
MGYG000001209__gradient_L9_mos_gapseq	1144	1230	247	bio1	0.813435	1.010427	4.052554
MGYG000001216__gradient_L0_base_gapseq	899	869	149	bio1	0.000000	0.710625	0.030604
MGYG000001216__gradient_L1_inulin_gapseq	899	869	149	bio1	0.000000	0.812929	0.026392
MGYG000001216__gradient_L2_fos_gapseq	899	869	149	bio1	0.000000	0.713586	0.026402
MGYG000001216__gradient_L3_gos_gapseq	899	869	149	bio1	0.000000	0.710976	0.031462
MGYG000001216__gradient_L4_xos_gapseq	899	869	149	bio1	0.000000	0.795437	0.037367
MGYG000001216__gradient_L5_pectin_gapseq	899	869	149	bio1	0.000000	0.720630	0.032735
MGYG000001216__gradient_L6_resistant_starch_gapseq	899	869	149	bio1	0.000000	0.705076	0.032575
MGYG000001216__gradient_L7_bglucan_gapseq	899	869	149	bio1	0.000000	0.704424	0.032543
MGYG000001216__gradient_L8_hmo_gapseq	899	869	149	bio1	0.000000	0.810555	0.026369
MGYG000001216__gradient_L9_mos_gapseq	899	869	149	bio1	0.000000	0.706553	0.032202
MGYG000001227__gradient_L0_base_gapseq	1085	1197	279	bio1	0.000000	0.951468	0.041969
MGYG000001227__gradient_L1_inulin_gapseq	1085	1197	279	bio1	0.000000	0.965275	0.047596
MGYG000001227__gradient_L2_fos_gapseq	1085	1197	279	bio1	0.000000	1.055456	0.048681
MGYG000001227__gradient_L3_gos_gapseq	1085	1197	279	bio1	0.000000	0.968188	0.049448
MGYG000001227__gradient_L4_xos_gapseq	1085	1197	279	bio1	0.000000	1.052627	0.047130
MGYG000001227__gradient_L5_pectin_gapseq	1085	1197	279	bio1	0.000000	0.939720	0.048368
MGYG000001227__gradient_L6_resistant_starch_gapseq	1085	1197	279	bio1	0.000000	0.973825	0.053796
MGYG000001227__gradient_L7_bglucan_gapseq	1085	1197	279	bio1	0.000000	1.064128	0.054532
MGYG000001227__gradient_L8_hmo_gapseq	1085	1197	279	bio1	0.000000	0.966394	0.043334
MGYG000001227__gradient_L9_mos_gapseq	1085	1197	279	bio1	0.000000	1.075470	0.054700
MGYG000001238__gradient_L0_base_gapseq	1282	1302	300	bio1	0.000000	1.086018	0.061698
MGYG000001238__gradient_L1_inulin_gapseq	1282	1302	300	bio1	0.000000	1.210769	0.049333
MGYG000001238__gradient_L2_fos_gapseq	1282	1302	300	bio1	0.000000	1.096745	0.055355
MGYG000001238__gradient_L3_gos_gapseq	1282	1302	300	bio1	0.618401	1.219402	4.220643
MGYG000001238__gradient_L4_xos_gapseq	1282	1302	300	bio1	0.618401	1.108077	4.380795
MGYG000001238__gradient_L5_pectin_gapseq	1282	1302	300	bio1	0.618401	1.092057	4.200700
MGYG000001238__gradient_L6_resistant_starch_gapseq	1282	1302	300	bio1	0.725951	1.179144	4.238144
MGYG000001238__gradient_L7_bglucan_gapseq	1282	1302	300	bio1	0.725951	1.087597	4.213721
MGYG000001238__gradient_L8_hmo_gapseq	1282	1302	300	bio1	0.725951	1.209485	4.173700
MGYG000001238__gradient_L9_mos_gapseq	1282	1302	300	bio1	0.725951	1.097258	4.299383
MGYG000001241__gradient_L0_base_gapseq	1064	1171	288	bio1	0.000000	1.034186	0.050517
MGYG000001241__gradient_L1_inulin_gapseq	1064	1171	288	bio1	0.121095	0.925615	3.336075
MGYG000001241__gradient_L2_fos_gapseq	1064	1171	288	bio1	0.121095	1.011311	3.326283
MGYG000001241__gradient_L3_gos_gapseq	1064	1171	288	bio1	0.121095	0.935794	3.310818
MGYG000001241__gradient_L4_xos_gapseq	1064	1171	288	bio1	0.122096	1.022072	3.370939
MGYG000001241__gradient_L5_pectin_gapseq	1064	1171	288	bio1	0.122096	0.921610	3.443061
MGYG000001241__gradient_L6_resistant_starch_gapseq	1064	1171	288	bio1	0.122125	0.940411	3.329227
MGYG000001241__gradient_L7_bglucan_gapseq	1064	1171	288	bio1	0.122125	0.924678	3.401668
MGYG000001241__gradient_L8_hmo_gapseq	1064	1171	288	bio1	0.122125	0.929821	3.345680
MGYG000001241__gradient_L9_mos_gapseq	1064	1171	288	bio1	0.122125	0.997669	3.340919
MGYG000001246__gradient_L0_base_gapseq	1448	1685	481	bio1	0.000000	1.364066	0.075178
MGYG000001246__gradient_L1_inulin_gapseq	1448	1685	481	bio1	0.000000	1.463104	0.076467
MGYG000001246__gradient_L2_fos_gapseq	1448	1685	481	bio1	0.000000	1.362338	0.077177
MGYG000001246__gradient_L3_gos_gapseq	1448	1685	481	bio1	1.527200	1.496648	6.811223
MGYG000001246__gradient_L4_xos_gapseq	1448	1685	481	bio1	1.527200	1.564383	6.855420
MGYG000001246__gradient_L5_pectin_gapseq	1448	1685	481	bio1	1.527200	1.493956	6.809458
MGYG000001246__gradient_L6_resistant_starch_gapseq	1448	1685	481	bio1	2.065034	1.500213	6.782058
MGYG000001246__gradient_L7_bglucan_gapseq	1448	1685	481	bio1	2.245799	1.371227	6.935758
MGYG000001246__gradient_L8_hmo_gapseq	1448	1685	481	bio1	2.245799	1.369981	6.912076
MGYG000001246__gradient_L9_mos_gapseq	1448	1685	481	bio1	2.370773	1.392481	6.824091
MGYG000001277__gradient_L0_base_gapseq	1454	1585	490	bio1	0.368139	1.511690	6.110269
MGYG000001277__gradient_L1_inulin_gapseq	1454	1585	490	bio1	0.368139	1.434017	6.070410
MGYG000001277__gradient_L2_fos_gapseq	1454	1585	490	bio1	0.368139	1.435456	6.088492
MGYG000001277__gradient_L3_gos_gapseq	1454	1585	490	bio1	0.368139	1.375158	6.203500
MGYG000001277__gradient_L4_xos_gapseq	1454	1585	490	bio1	0.425342	1.344581	6.184783
MGYG000001277__gradient_L5_pectin_gapseq	1454	1585	490	bio1	0.425342	1.338245	6.103930
MGYG000001277__gradient_L6_resistant_starch_gapseq	1454	1585	490	bio1	0.580713	1.433143	6.085378
MGYG000001277__gradient_L7_bglucan_gapseq	1454	1585	490	bio1	0.580713	1.464455	6.082352
MGYG000001277__gradient_L8_hmo_gapseq	1454	1585	490	bio1	0.580713	1.611664	6.112036
MGYG000001277__gradient_L9_mos_gapseq	1454	1585	490	bio1	0.713458	1.343037	6.150283
MGYG000001280__gradient_L0_base_gapseq	900	955	179	bio1	0.000000	0.740681	0.116967
MGYG000001280__gradient_L1_inulin_gapseq	900	955	179	bio1	0.000000	0.733756	0.034035
MGYG000001280__gradient_L2_fos_gapseq	900	955	179	bio1	0.000000	0.739818	0.034536
MGYG000001280__gradient_L3_gos_gapseq	900	955	179	bio1	0.000000	0.745441	0.035112
MGYG000001280__gradient_L4_xos_gapseq	900	955	179	bio1	0.000000	0.874117	0.042706
MGYG000001280__gradient_L5_pectin_gapseq	900	955	179	bio1	0.000000	0.749203	0.033690
MGYG000001280__gradient_L6_resistant_starch_gapseq	900	955	179	bio1	0.000000	0.753007	0.034372
MGYG000001280__gradient_L7_bglucan_gapseq	900	955	179	bio1	0.000000	0.837787	0.034864
MGYG000001280__gradient_L8_hmo_gapseq	900	955	179	bio1	0.000000	0.737021	0.035978
MGYG000001280__gradient_L9_mos_gapseq	900	955	179	bio1	0.000000	0.761040	0.035004
MGYG000001296__gradient_L0_base_gapseq	1451	1675	400	bio1	0.564619	1.473984	6.648976
MGYG000001296__gradient_L1_inulin_gapseq	1451	1675	400	bio1	0.718609	1.486657	6.691849
MGYG000001296__gradient_L2_fos_gapseq	1451	1675	400	bio1	0.718609	1.388990	6.769239
MGYG000001296__gradient_L3_gos_gapseq	1451	1675	400	bio1	0.879598	1.379679	6.759754
MGYG000001296__gradient_L4_xos_gapseq	1451	1675	400	bio1	0.982901	1.393225	6.703539
MGYG000001296__gradient_L5_pectin_gapseq	1451	1675	400	bio1	1.006359	1.502114	6.792834
MGYG000001296__gradient_L6_resistant_starch_gapseq	1451	1675	400	bio1	1.201065	1.503547	6.588034
MGYG000001296__gradient_L7_bglucan_gapseq	1451	1675	400	bio1	1.320703	1.474854	6.630891
MGYG000001296__gradient_L8_hmo_gapseq	1451	1675	400	bio1	1.320703	1.466997	6.646548
MGYG000001296__gradient_L9_mos_gapseq	1451	1675	400	bio1	1.395770	1.447955	6.737328
MGYG000001297__gradient_L0_base_gapseq	1362	1490	385	bio1	0.421398	1.193883	5.396651
MGYG000001297__gradient_L1_inulin_gapseq	1362	1490	385	bio1	0.533775	1.306422	5.384629
MGYG000001297__gradient_L2_fos_gapseq	1362	1490	385	bio1	0.533775	1.302641	5.405006
MGYG000001297__gradient_L3_gos_gapseq	1362	1490	385	bio1	0.533775	1.234659	5.515374
MGYG000001297__gradient_L4_xos_gapseq	1362	1490	385	bio1	0.533775	1.268617	5.396713
MGYG000001297__gradient_L5_pectin_gapseq	1362	1490	385	bio1	0.533775	1.307941	5.439223
MGYG000001297__gradient_L6_resistant_starch_gapseq	1362	1490	385	bio1	0.533775	1.346719	5.444885
MGYG000001297__gradient_L7_bglucan_gapseq	1362	1490	385	bio1	0.533775	1.269375	5.664206
MGYG000001297__gradient_L8_hmo_gapseq	1362	1490	385	bio1	0.533775	1.248133	5.397352
MGYG000001297__gradient_L9_mos_gapseq	1362	1490	385	bio1	0.533775	1.310352	5.423042
MGYG000001303__gradient_L0_base_gapseq	1459	1670	499	bio1	0.638334	1.388793	6.962648
MGYG000001303__gradient_L1_inulin_gapseq	1459	1670	499	bio1	0.794260	1.365854	6.826019
MGYG000001303__gradient_L2_fos_gapseq	1459	1670	499	bio1	0.794260	1.450872	6.821609
MGYG000001303__gradient_L3_gos_gapseq	1459	1670	499	bio1	1.129522	1.470607	6.890312
MGYG000001303__gradient_L4_xos_gapseq	1459	1670	499	bio1	1.193286	1.473726	6.834585
MGYG000001303__gradient_L5_pectin_gapseq	1459	1670	499	bio1	1.193286	1.493439	7.013796
MGYG000001303__gradient_L6_resistant_starch_gapseq	1459	1670	499	bio1	1.858252	1.415831	7.026647
MGYG000001303__gradient_L7_bglucan_gapseq	1459	1670	499	bio1	1.858252	1.399332	6.952255
MGYG000001303__gradient_L8_hmo_gapseq	1459	1670	499	bio1	2.003998	1.386426	6.792757
MGYG000001303__gradient_L9_mos_gapseq	1459	1670	499	bio1	2.003998	1.475367	6.835282
MGYG000001306__gradient_L0_base_gapseq	1453	1727	462	bio1	0.000000	1.424506	0.088862
MGYG000001306__gradient_L1_inulin_gapseq	1453	1727	462	bio1	0.000000	1.497779	0.090018
MGYG000001306__gradient_L2_fos_gapseq	1453	1727	462	bio1	0.000000	1.394472	0.088177
MGYG000001306__gradient_L3_gos_gapseq	1453	1727	462	bio1	0.000000	1.504174	0.097837
MGYG000001306__gradient_L4_xos_gapseq	1453	1727	462	bio1	0.000000	1.546493	0.093244
MGYG000001306__gradient_L5_pectin_gapseq	1453	1727	462	bio1	0.000000	1.408274	0.101358
MGYG000001306__gradient_L6_resistant_starch_gapseq	1453	1727	462	bio1	0.000000	1.519481	0.093891
MGYG000001306__gradient_L7_bglucan_gapseq	1453	1727	462	bio1	0.000000	1.385244	0.100542
MGYG000001306__gradient_L8_hmo_gapseq	1453	1727	462	bio1	0.000000	1.497907	0.092283
MGYG000001306__gradient_L9_mos_gapseq	1453	1727	462	bio1	0.000000	1.437722	0.100294
MGYG000001307__gradient_L0_base_gapseq	2100	2578	924	bio1	1.173390	2.266600	15.064617
MGYG000001307__gradient_L1_inulin_gapseq	2100	2578	924	bio1	1.455262	2.266672	15.078854
MGYG000001307__gradient_L2_fos_gapseq	2100	2578	924	bio1	1.455262	2.363033	15.155168
MGYG000001307__gradient_L3_gos_gapseq	2100	2578	924	bio1	1.760394	2.186941	15.176021
MGYG000001307__gradient_L4_xos_gapseq	2100	2578	924	bio1	1.840212	2.210812	15.138005
MGYG000001307__gradient_L5_pectin_gapseq	2100	2578	924	bio1	1.840212	2.152665	15.363194
MGYG000001307__gradient_L6_resistant_starch_gapseq	2100	2578	924	bio1	2.214217	2.155837	15.304318
MGYG000001307__gradient_L7_bglucan_gapseq	2100	2578	924	bio1	2.214217	2.243034	15.165133
MGYG000001307__gradient_L8_hmo_gapseq	2100	2578	924	bio1	2.214217	2.354537	15.169462
MGYG000001307__gradient_L9_mos_gapseq	2100	2578	924	bio1	2.347921	2.137001	15.208020
MGYG000001316__gradient_L0_base_gapseq	1555	1814	469	bio1	1.098916	1.594883	7.659682
MGYG000001316__gradient_L1_inulin_gapseq	1555	1814	469	bio1	1.353116	1.560564	7.734161
MGYG000001316__gradient_L2_fos_gapseq	1555	1814	469	bio1	1.353116	1.578406	7.679686
MGYG000001316__gradient_L3_gos_gapseq	1555	1814	469	bio1	1.628826	1.461578	8.008717
MGYG000001316__gradient_L4_xos_gapseq	1555	1814	469	bio1	1.785712	1.499199	7.852036
MGYG000001316__gradient_L5_pectin_gapseq	1555	1814	469	bio1	1.832704	1.485330	7.771114
MGYG000001316__gradient_L6_resistant_starch_gapseq	1555	1814	469	bio1	2.276100	1.459747	7.691505
MGYG000001316__gradient_L7_bglucan_gapseq	1555	1814	469	bio1	2.276100	1.466204	7.651464
MGYG000001316__gradient_L8_hmo_gapseq	1555	1814	469	bio1	2.276100	1.565321	7.671818
MGYG000001316__gradient_L9_mos_gapseq	1555	1814	469	bio1	2.276100	1.608719	7.716162
MGYG000001318__gradient_L0_base_gapseq	2250	2839	1238	bio1	1.570430	2.623136	19.283734
MGYG000001318__gradient_L1_inulin_gapseq	2250	2839	1238	bio1	1.897184	2.577918	18.921836
MGYG000001318__gradient_L2_fos_gapseq	2250	2839	1238	bio1	1.897184	2.578446	19.049166
MGYG000001318__gradient_L3_gos_gapseq	2250	2839	1238	bio1	2.237247	2.526711	19.131956
MGYG000001318__gradient_L4_xos_gapseq	2250	2839	1238	bio1	2.405722	2.575396	18.937061
MGYG000001318__gradient_L5_pectin_gapseq	2250	2839	1238	bio1	2.449022	2.558494	19.081231
MGYG000001318__gradient_L6_resistant_starch_gapseq	2250	2839	1238	bio1	3.116361	2.555604	19.163707
MGYG000001318__gradient_L7_bglucan_gapseq	2250	2839	1238	bio1	3.333933	2.480508	19.071095
MGYG000001318__gradient_L8_hmo_gapseq	2250	2839	1238	bio1	3.333933	2.551982	18.878964
MGYG000001318__gradient_L9_mos_gapseq	2250	2839	1238	bio1	3.473783	2.514948	18.991235
MGYG000001319__gradient_L0_base_gapseq	1273	1419	337	bio1	0.000000	1.228139	0.058106
MGYG000001319__gradient_L1_inulin_gapseq	1273	1419	337	bio1	0.000000	1.163258	0.063375
MGYG000001319__gradient_L2_fos_gapseq	1273	1419	337	bio1	0.000000	1.215824	0.063496
MGYG000001319__gradient_L3_gos_gapseq	1273	1419	337	bio1	0.596845	1.150433	5.108242
MGYG000001319__gradient_L4_xos_gapseq	1273	1419	337	bio1	0.596845	1.294266	5.034717
MGYG000001319__gradient_L5_pectin_gapseq	1273	1419	337	bio1	0.596845	1.275240	4.959125
MGYG000001319__gradient_L6_resistant_starch_gapseq	1273	1419	337	bio1	1.092396	1.168268	5.123349
MGYG000001319__gradient_L7_bglucan_gapseq	1273	1419	337	bio1	1.092396	1.154364	4.987689
MGYG000001319__gradient_L8_hmo_gapseq	1273	1419	337	bio1	1.092396	1.243809	4.976250
MGYG000001319__gradient_L9_mos_gapseq	1273	1419	337	bio1	1.092396	1.247959	5.040377
MGYG000001323__gradient_L0_base_gapseq	2212	2725	1009	bio1	1.410520	2.416623	17.406478
MGYG000001323__gradient_L1_inulin_gapseq	2212	2725	1009	bio1	1.688962	2.405169	17.508771
MGYG000001323__gradient_L2_fos_gapseq	2212	2725	1009	bio1	1.688962	2.399248	17.679475
MGYG000001323__gradient_L3_gos_gapseq	2212	2725	1009	bio1	1.990382	2.396555	17.522010
MGYG000001323__gradient_L4_xos_gapseq	2212	2725	1009	bio1	2.069228	2.388618	17.693119
MGYG000001323__gradient_L5_pectin_gapseq	2212	2725	1009	bio1	2.113383	2.300216	17.649210
MGYG000001323__gradient_L6_resistant_starch_gapseq	2212	2725	1009	bio1	2.707145	2.441077	17.548555
MGYG000001323__gradient_L7_bglucan_gapseq	2212	2725	1009	bio1	2.905827	2.463713	17.553775
MGYG000001323__gradient_L8_hmo_gapseq	2212	2725	1009	bio1	2.905827	2.280780	17.721073
MGYG000001323__gradient_L9_mos_gapseq	2212	2725	1009	bio1	3.034062	2.419305	17.644255
MGYG000001328__gradient_L0_base_gapseq	1648	1956	586	bio1	1.255353	1.732755	8.921468
MGYG000001328__gradient_L1_inulin_gapseq	1648	1956	586	bio1	1.594640	1.726690	8.922570
MGYG000001328__gradient_L2_fos_gapseq	1648	1956	586	bio1	1.594640	1.722053	8.982348
MGYG000001328__gradient_L3_gos_gapseq	1648	1956	586	bio1	1.944530	1.730023	9.017291
MGYG000001328__gradient_L4_xos_gapseq	1648	1956	586	bio1	2.001785	1.748643	8.996836
MGYG000001328__gradient_L5_pectin_gapseq	1648	1956	586	bio1	2.001785	1.727035	8.939413
MGYG000001328__gradient_L6_resistant_starch_gapseq	1648	1956	586	bio1	2.741856	1.781844	8.970386
MGYG000001328__gradient_L7_bglucan_gapseq	1648	1956	586	bio1	2.989960	1.717759	8.906771
MGYG000001328__gradient_L8_hmo_gapseq	1648	1956	586	bio1	3.163844	1.890732	8.915110
MGYG000001328__gradient_L9_mos_gapseq	1648	1956	586	bio1	3.333488	1.743655	8.996948
MGYG000001331__gradient_L0_base_gapseq	1540	1677	436	bio1	0.388864	1.371931	6.911019
MGYG000001331__gradient_L1_inulin_gapseq	1540	1677	436	bio1	0.487566	1.450458	6.811933
MGYG000001331__gradient_L2_fos_gapseq	1540	1677	436	bio1	0.487566	1.532774	6.792842
MGYG000001331__gradient_L3_gos_gapseq	1540	1677	436	bio1	0.487566	1.494739	6.951023
MGYG000001331__gradient_L4_xos_gapseq	1540	1677	436	bio1	0.487566	1.533302	6.876400
MGYG000001331__gradient_L5_pectin_gapseq	1540	1677	436	bio1	0.487566	1.490507	6.832420
MGYG000001331__gradient_L6_resistant_starch_gapseq	1540	1677	436	bio1	0.717923	1.461034	6.964604
MGYG000001331__gradient_L7_bglucan_gapseq	1540	1677	436	bio1	0.717923	1.397025	6.929072
MGYG000001331__gradient_L8_hmo_gapseq	1540	1677	436	bio1	0.717923	1.389430	7.025707
MGYG000001331__gradient_L9_mos_gapseq	1540	1677	436	bio1	0.717923	1.499029	6.831184
MGYG000001357__gradient_L0_base_gapseq	1239	1385	323	bio1	0.267238	1.128634	4.814416
MGYG000001357__gradient_L1_inulin_gapseq	1239	1385	323	bio1	0.342255	1.214556	4.811640
MGYG000001357__gradient_L2_fos_gapseq	1239	1385	323	bio1	0.342255	1.197823	4.805530
MGYG000001357__gradient_L3_gos_gapseq	1239	1385	323	bio1	0.342255	1.127090	4.843262
MGYG000001357__gradient_L4_xos_gapseq	1239	1385	323	bio1	0.342255	1.225762	4.845551
MGYG000001357__gradient_L5_pectin_gapseq	1239	1385	323	bio1	0.342255	1.207829	4.814855
MGYG000001357__gradient_L6_resistant_starch_gapseq	1239	1385	323	bio1	0.407895	1.121069	4.805658
MGYG000001357__gradient_L7_bglucan_gapseq	1239	1385	323	bio1	0.407895	1.246511	4.844460
MGYG000001357__gradient_L8_hmo_gapseq	1239	1385	323	bio1	0.407895	1.211117	4.816619
MGYG000001357__gradient_L9_mos_gapseq	1239	1385	323	bio1	0.473535	1.130144	4.808493
MGYG000001374__gradient_L0_base_gapseq	1317	1511	391	bio1	0.000000	1.323240	0.063261
MGYG000001374__gradient_L1_inulin_gapseq	1317	1511	391	bio1	0.000000	1.226198	0.063064
MGYG000001374__gradient_L2_fos_gapseq	1317	1511	391	bio1	0.000000	1.329286	0.061137
MGYG000001374__gradient_L3_gos_gapseq	1317	1511	391	bio1	0.000000	1.223996	0.068356
MGYG000001374__gradient_L4_xos_gapseq	1317	1511	391	bio1	1.239547	1.339182	5.684306
MGYG000001374__gradient_L5_pectin_gapseq	1317	1511	391	bio1	1.239547	1.356515	5.658761
MGYG000001374__gradient_L6_resistant_starch_gapseq	1317	1511	391	bio1	1.951224	1.342731	5.778056
MGYG000001374__gradient_L7_bglucan_gapseq	1317	1511	391	bio1	2.201273	1.225133	5.679747
MGYG000001374__gradient_L8_hmo_gapseq	1317	1511	391	bio1	2.376521	1.321461	5.649381
MGYG000001374__gradient_L9_mos_gapseq	1317	1511	391	bio1	2.376521	1.328642	5.671451
MGYG000001375__gradient_L0_base_gapseq	1230	1333	291	bio1	0.000000	1.186436	0.045803
MGYG000001375__gradient_L1_inulin_gapseq	1230	1333	291	bio1	0.000000	1.097755	0.051099
MGYG000001375__gradient_L2_fos_gapseq	1230	1333	291	bio1	0.000000	1.169618	0.051969
MGYG000001375__gradient_L3_gos_gapseq	1230	1333	291	bio1	0.908404	1.115949	4.444346
MGYG000001375__gradient_L4_xos_gapseq	1230	1333	291	bio1	1.013201	1.219096	4.444837
MGYG000001375__gradient_L5_pectin_gapseq	1230	1333	291	bio1	1.013201	1.093164	4.534226
MGYG000001375__gradient_L6_resistant_starch_gapseq	1230	1333	291	bio1	1.740795	1.079720	4.442723
MGYG000001375__gradient_L7_bglucan_gapseq	1230	1333	291	bio1	1.984717	1.181482	4.433707
MGYG000001375__gradient_L8_hmo_gapseq	1230	1333	291	bio1	1.984717	1.089428	4.550559
MGYG000001375__gradient_L9_mos_gapseq	1230	1333	291	bio1	2.118144	1.083596	4.447085
MGYG000001378__gradient_L0_base_gapseq	1559	1896	664	bio1	0.000000	1.606118	0.228700
MGYG000001378__gradient_L1_inulin_gapseq	1559	1896	664	bio1	0.000000	1.600799	0.105712
MGYG000001378__gradient_L2_fos_gapseq	1559	1896	664	bio1	0.000000	1.700142	0.105031
MGYG000001378__gradient_L3_gos_gapseq	1559	1896	664	bio1	0.000000	1.600533	0.221595
MGYG000001378__gradient_L4_xos_gapseq	1559	1896	664	bio1	0.000000	1.626885	0.101908
MGYG000001378__gradient_L5_pectin_gapseq	1559	1896	664	bio1	0.000000	1.701621	0.102927
MGYG000001378__gradient_L6_resistant_starch_gapseq	1559	1896	664	bio1	0.000000	1.573962	0.244228
MGYG000001378__gradient_L7_bglucan_gapseq	1559	1896	664	bio1	0.000000	1.612906	0.105469
MGYG000001378__gradient_L8_hmo_gapseq	1559	1896	664	bio1	0.000000	1.697985	0.099087
MGYG000001378__gradient_L9_mos_gapseq	1559	1896	664	bio1	0.000000	1.674375	0.249493
MGYG000001380__gradient_L0_base_gapseq	1436	1699	503	bio1	0.755395	1.525882	7.029764
MGYG000001380__gradient_L1_inulin_gapseq	1436	1699	503	bio1	0.982016	1.431149	6.892056
MGYG000001380__gradient_L2_fos_gapseq	1436	1699	503	bio1	0.982016	1.486616	6.899531
MGYG000001380__gradient_L3_gos_gapseq	1436	1699	503	bio1	1.175160	1.515341	6.917193
MGYG000001380__gradient_L4_xos_gapseq	1436	1699	503	bio1	1.209589	1.487982	6.947712
MGYG000001380__gradient_L5_pectin_gapseq	1436	1699	503	bio1	1.209589	1.387997	7.031308
MGYG000001380__gradient_L6_resistant_starch_gapseq	1436	1699	503	bio1	1.680116	1.371029	7.002162
MGYG000001380__gradient_L7_bglucan_gapseq	1436	1699	503	bio1	1.838489	1.374668	6.875612
MGYG000001380__gradient_L8_hmo_gapseq	1436	1699	503	bio1	1.953252	1.478127	6.912081
MGYG000001380__gradient_L9_mos_gapseq	1436	1699	503	bio1	1.953252	1.498663	6.920168
MGYG000001381__gradient_L0_base_gapseq	1622	1829	475	bio1	0.410248	1.685945	7.852627
MGYG000001381__gradient_L1_inulin_gapseq	1622	1829	475	bio1	0.626900	1.596305	7.940092
MGYG000001381__gradient_L2_fos_gapseq	1622	1829	475	bio1	0.626900	1.609042	7.966918
MGYG000001381__gradient_L3_gos_gapseq	1622	1829	475	bio1	0.626900	1.619683	7.945889
MGYG000001381__gradient_L4_xos_gapseq	1622	1829	475	bio1	0.626900	1.627722	7.939453
MGYG000001381__gradient_L5_pectin_gapseq	1622	1829	475	bio1	0.626900	1.633419	7.968335
MGYG000001381__gradient_L6_resistant_starch_gapseq	1622	1829	475	bio1	1.111911	1.617011	7.976745
MGYG000001381__gradient_L7_bglucan_gapseq	1622	1829	475	bio1	1.111911	1.517774	8.034951
MGYG000001381__gradient_L8_hmo_gapseq	1622	1829	475	bio1	1.111911	1.542351	8.020040
MGYG000001381__gradient_L9_mos_gapseq	1622	1829	475	bio1	1.111911	1.490408	8.094952
MGYG000001390__gradient_L0_base_gapseq	1889	2351	630	bio1	1.147243	2.033491	13.593383
MGYG000001390__gradient_L1_inulin_gapseq	1889	2351	630	bio1	1.400182	1.968516	13.489622
MGYG000001390__gradient_L2_fos_gapseq	1889	2351	630	bio1	1.400182	1.961154	13.387702
MGYG000001390__gradient_L3_gos_gapseq	1889	2351	630	bio1	1.673356	1.955593	13.445399
MGYG000001390__gradient_L4_xos_gapseq	1889	2351	630	bio1	1.737335	1.950619	13.494696
MGYG000001390__gradient_L5_pectin_gapseq	1889	2351	630	bio1	1.775127	1.985075	13.558577
MGYG000001390__gradient_L6_resistant_starch_gapseq	1889	2351	630	bio1	2.363713	1.956874	13.562900
MGYG000001390__gradient_L7_bglucan_gapseq	1889	2351	630	bio1	2.363713	1.946583	13.521643
MGYG000001390__gradient_L8_hmo_gapseq	1889	2351	630	bio1	2.363713	1.959717	13.479683
MGYG000001390__gradient_L9_mos_gapseq	1889	2351	630	bio1	2.457963	1.990640	13.576239
MGYG000001393__gradient_L0_base_gapseq	2265	2842	1164	bio1	1.801374	2.576041	18.880764
MGYG000001393__gradient_L1_inulin_gapseq	2265	2842	1164	bio1	2.142384	2.543113	18.864708
MGYG000001393__gradient_L2_fos_gapseq	2265	2842	1164	bio1	2.142384	2.498125	18.893380
MGYG000001393__gradient_L3_gos_gapseq	2265	2842	1164	bio1	2.486269	2.524647	18.852289
MGYG000001393__gradient_L4_xos_gapseq	2265	2842	1164	bio1	2.663941	2.509218	18.942638
MGYG000001393__gradient_L5_pectin_gapseq	2265	2842	1164	bio1	2.716836	2.500074	18.916167
MGYG000001393__gradient_L6_resistant_starch_gapseq	2265	2842	1164	bio1	3.195793	2.624802	19.033958
MGYG000001393__gradient_L7_bglucan_gapseq	2265	2842	1164	bio1	3.195793	2.405117	18.973101
MGYG000001393__gradient_L8_hmo_gapseq	2265	2842	1164	bio1	3.195793	2.541341	19.001324
MGYG000001393__gradient_L9_mos_gapseq	2265	2842	1164	bio1	3.195793	2.550795	18.908178
MGYG000001403__gradient_L0_base_gapseq	1860	2273	675	bio1	0.721571	2.071382	12.189019
MGYG000001403__gradient_L1_inulin_gapseq	1860	2273	675	bio1	0.925059	2.009232	12.110820
MGYG000001403__gradient_L2_fos_gapseq	1860	2273	675	bio1	0.925059	2.023895	12.123669
MGYG000001403__gradient_L3_gos_gapseq	1860	2273	675	bio1	1.138595	2.001867	12.080505
MGYG000001403__gradient_L4_xos_gapseq	1860	2273	675	bio1	1.192936	2.056447	12.129282
MGYG000001403__gradient_L5_pectin_gapseq	1860	2273	675	bio1	1.192936	1.954084	12.297026
MGYG000001403__gradient_L6_resistant_starch_gapseq	1860	2273	675	bio1	1.640674	1.967975	12.073697
MGYG000001403__gradient_L7_bglucan_gapseq	1860	2273	675	bio1	1.794512	1.992343	12.072633
MGYG000001403__gradient_L8_hmo_gapseq	1860	2273	675	bio1	1.794512	2.085563	12.176015
MGYG000001403__gradient_L9_mos_gapseq	1860	2273	675	bio1	1.892478	2.018874	12.136286
MGYG000001404__gradient_L0_base_gapseq	1655	1960	669	bio1	0.820866	1.653323	8.918909
MGYG000001404__gradient_L1_inulin_gapseq	1655	1960	669	bio1	1.088095	1.628134	8.953826
MGYG000001404__gradient_L2_fos_gapseq	1655	1960	669	bio1	1.088095	1.650592	8.929973
MGYG000001404__gradient_L3_gos_gapseq	1655	1960	669	bio1	1.179078	1.659014	8.950802
MGYG000001404__gradient_L4_xos_gapseq	1655	1960	669	bio1	1.234175	1.663460	8.935851
MGYG000001404__gradient_L5_pectin_gapseq	1655	1960	669	bio1	1.234175	1.635997	8.972315
MGYG000001404__gradient_L6_resistant_starch_gapseq	1655	1960	669	bio1	1.748500	1.627795	8.962709
MGYG000001404__gradient_L7_bglucan_gapseq	1655	1960	669	bio1	1.748500	1.668475	8.926426
MGYG000001404__gradient_L8_hmo_gapseq	1655	1960	669	bio1	1.748500	1.653526	8.868406
MGYG000001404__gradient_L9_mos_gapseq	1655	1960	669	bio1	1.862588	1.657609	8.980547
MGYG000001408__gradient_L0_base_gapseq	1674	1948	580	bio1	0.210519	1.798343	8.926705
MGYG000001408__gradient_L1_inulin_gapseq	1674	1948	580	bio1	0.292958	1.762714	9.049971
MGYG000001408__gradient_L2_fos_gapseq	1674	1948	580	bio1	0.292958	1.806925	9.123427
MGYG000001408__gradient_L3_gos_gapseq	1674	1948	580	bio1	0.292958	1.776877	9.025944
MGYG000001408__gradient_L4_xos_gapseq	1674	1948	580	bio1	0.334461	1.801538	9.166583
MGYG000001408__gradient_L5_pectin_gapseq	1674	1948	580	bio1	0.334461	1.702084	9.301031
MGYG000001408__gradient_L6_resistant_starch_gapseq	1674	1948	580	bio1	0.646266	1.715905	9.121194
MGYG000001408__gradient_L7_bglucan_gapseq	1674	1948	580	bio1	0.646266	1.659458	9.216078
MGYG000001408__gradient_L8_hmo_gapseq	1674	1948	580	bio1	0.646266	1.705272	9.087591
MGYG000001408__gradient_L9_mos_gapseq	1674	1948	580	bio1	0.710572	1.664789	9.194783
MGYG000001420__gradient_L0_base_gapseq	1354	1554	442	bio1	0.000000	1.269639	0.068587
MGYG000001420__gradient_L1_inulin_gapseq	1354	1554	442	bio1	0.000000	1.389004	0.068988
MGYG000001420__gradient_L2_fos_gapseq	1354	1554	442	bio1	0.000000	1.287789	0.075406
MGYG000001420__gradient_L3_gos_gapseq	1354	1554	442	bio1	0.000000	1.416402	0.074854
MGYG000001420__gradient_L4_xos_gapseq	1354	1554	442	bio1	0.000000	1.289278	0.080446
MGYG000001420__gradient_L5_pectin_gapseq	1354	1554	442	bio1	0.000000	1.376635	0.081012
MGYG000001420__gradient_L6_resistant_starch_gapseq	1354	1554	442	bio1	0.000000	1.261295	0.078747
MGYG000001420__gradient_L7_bglucan_gapseq	1354	1554	442	bio1	0.000000	1.405566	0.079649
MGYG000001420__gradient_L8_hmo_gapseq	1354	1554	442	bio1	0.000000	1.250555	0.079659
MGYG000001420__gradient_L9_mos_gapseq	1354	1554	442	bio1	0.000000	1.417571	0.074951
MGYG000001430__gradient_L0_base_gapseq	1233	1400	367	bio1	0.000000	1.132332	0.063865
MGYG000001430__gradient_L1_inulin_gapseq	1233	1400	367	bio1	0.000000	1.188135	0.059707
MGYG000001430__gradient_L2_fos_gapseq	1233	1400	367	bio1	0.000000	1.134106	0.058841
MGYG000001430__gradient_L3_gos_gapseq	1233	1400	367	bio1	0.000000	1.218609	0.062963
MGYG000001430__gradient_L4_xos_gapseq	1233	1400	367	bio1	0.000000	1.115028	0.064032
MGYG000001430__gradient_L5_pectin_gapseq	1233	1400	367	bio1	0.000000	1.242098	0.063125
MGYG000001430__gradient_L6_resistant_starch_gapseq	1233	1400	367	bio1	0.000000	1.137797	0.056431
MGYG000001430__gradient_L7_bglucan_gapseq	1233	1400	367	bio1	0.000000	1.252704	0.061577
MGYG000001430__gradient_L8_hmo_gapseq	1233	1400	367	bio1	0.000000	1.132419	0.063833
MGYG000001430__gradient_L9_mos_gapseq	1233	1400	367	bio1	0.000000	1.106062	0.205206
MGYG000001443__gradient_L0_base_gapseq	2197	2591	1097	bio1	0.971716	2.455451	15.934824
MGYG000001443__gradient_L1_inulin_gapseq	2197	2591	1097	bio1	1.186168	2.411866	16.016744
MGYG000001443__gradient_L2_fos_gapseq	2197	2591	1097	bio1	1.186168	2.448072	15.855333
MGYG000001443__gradient_L3_gos_gapseq	2197	2591	1097	bio1	1.412870	2.321664	15.985964
MGYG000001443__gradient_L4_xos_gapseq	2197	2591	1097	bio1	1.470118	2.294074	16.055324
MGYG000001443__gradient_L5_pectin_gapseq	2197	2591	1097	bio1	1.470118	2.288813	15.970602
MGYG000001443__gradient_L6_resistant_starch_gapseq	2197	2591	1097	bio1	1.969320	2.327419	15.963534
MGYG000001443__gradient_L7_bglucan_gapseq	2197	2591	1097	bio1	2.131904	2.313284	15.952695
MGYG000001443__gradient_L8_hmo_gapseq	2197	2591	1097	bio1	2.131904	2.326347	16.083152
MGYG000001443__gradient_L9_mos_gapseq	2197	2591	1097	bio1	2.226554	2.312859	15.979436
MGYG000001444__gradient_L0_base_gapseq	1312	1423	360	bio1	0.325934	1.199440	4.998029
MGYG000001444__gradient_L1_inulin_gapseq	1312	1423	360	bio1	0.467558	1.343308	5.043132
MGYG000001444__gradient_L2_fos_gapseq	1312	1423	360	bio1	0.467558	1.191190	5.226687
MGYG000001444__gradient_L3_gos_gapseq	1312	1423	360	bio1	0.467558	1.169007	5.046543
MGYG000001444__gradient_L4_xos_gapseq	1312	1423	360	bio1	0.467558	1.267603	5.146448
MGYG000001444__gradient_L5_pectin_gapseq	1312	1423	360	bio1	0.467558	1.292627	5.154148
MGYG000001444__gradient_L6_resistant_starch_gapseq	1312	1423	360	bio1	0.467558	1.162982	5.224341
MGYG000001444__gradient_L7_bglucan_gapseq	1312	1423	360	bio1	0.467558	1.163448	5.011741
MGYG000001444__gradient_L8_hmo_gapseq	1312	1423	360	bio1	0.467558	1.288713	5.102974
MGYG000001444__gradient_L9_mos_gapseq	1312	1423	360	bio1	0.467558	1.175724	5.145660
MGYG000001454__gradient_L0_base_gapseq	1166	1314	310	bio1	0.000000	1.063452	0.058834
MGYG000001454__gradient_L1_inulin_gapseq	1166	1314	310	bio1	0.493812	1.176446	4.288869
MGYG000001454__gradient_L2_fos_gapseq	1166	1314	310	bio1	0.493812	1.080622	4.323822
MGYG000001454__gradient_L3_gos_gapseq	1166	1314	310	bio1	0.607257	1.243165	4.288819
MGYG000001454__gradient_L4_xos_gapseq	1166	1314	310	bio1	0.607257	1.098644	4.398870
MGYG000001454__gradient_L5_pectin_gapseq	1166	1314	310	bio1	0.607257	1.077315	4.377658
MGYG000001454__gradient_L6_resistant_starch_gapseq	1166	1314	310	bio1	1.355306	1.186144	4.369305
MGYG000001454__gradient_L7_bglucan_gapseq	1166	1314	310	bio1	1.602302	1.088780	4.376817
MGYG000001454__gradient_L8_hmo_gapseq	1166	1314	310	bio1	1.602302	1.115193	4.311857
MGYG000001454__gradient_L9_mos_gapseq	1166	1314	310	bio1	1.602302	1.215398	4.320390
MGYG000001457__gradient_L0_base_gapseq	2226	2654	1093	bio1	0.666261	2.475884	16.004951
MGYG000001457__gradient_L1_inulin_gapseq	2226	2654	1093	bio1	0.808501	2.372616	15.879626
MGYG000001457__gradient_L2_fos_gapseq	2226	2654	1093	bio1	0.808501	2.393152	16.044168
MGYG000001457__gradient_L3_gos_gapseq	2226	2654	1093	bio1	0.808501	2.438441	16.004118
MGYG000001457__gradient_L4_xos_gapseq	2226	2654	1093	bio1	0.896236	2.402082	16.022320
MGYG000001457__gradient_L5_pectin_gapseq	2226	2654	1093	bio1	0.896236	2.361265	16.082628
MGYG000001457__gradient_L6_resistant_starch_gapseq	2226	2654	1093	bio1	1.512886	2.378054	16.026454
MGYG000001457__gradient_L7_bglucan_gapseq	2226	2654	1093	bio1	1.713927	2.398527	15.878608
MGYG000001457__gradient_L8_hmo_gapseq	2226	2654	1093	bio1	1.713927	2.398140	16.076575
MGYG000001457__gradient_L9_mos_gapseq	2226	2654	1093	bio1	1.843354	2.373945	16.035671
MGYG000001488__gradient_L0_base_gapseq	1782	2087	555	bio1	0.622033	1.742069	10.614546
MGYG000001488__gradient_L1_inulin_gapseq	1782	2087	555	bio1	0.823001	1.751798	10.611530
MGYG000001488__gradient_L2_fos_gapseq	1782	2087	555	bio1	0.823001	1.854689	10.569999
MGYG000001488__gradient_L3_gos_gapseq	1782	2087	555	bio1	0.980904	1.858134	10.616768
MGYG000001488__gradient_L4_xos_gapseq	1782	2087	555	bio1	1.023968	1.911102	10.536890
MGYG000001488__gradient_L5_pectin_gapseq	1782	2087	555	bio1	1.023968	1.871615	10.454473
MGYG000001488__gradient_L6_resistant_starch_gapseq	1782	2087	555	bio1	1.496988	1.885040	10.428021
MGYG000001488__gradient_L7_bglucan_gapseq	1782	2087	555	bio1	1.496988	1.874401	10.661417
MGYG000001488__gradient_L8_hmo_gapseq	1782	2087	555	bio1	1.496988	1.821657	10.570054
MGYG000001488__gradient_L9_mos_gapseq	1782	2087	555	bio1	1.594032	1.763142	10.578994
MGYG000001553__gradient_L0_base_gapseq	1502	1712	393	bio1	0.936018	1.525522	6.974351
MGYG000001553__gradient_L1_inulin_gapseq	1502	1712	393	bio1	1.185583	1.408100	7.128758
MGYG000001553__gradient_L2_fos_gapseq	1502	1712	393	bio1	1.185583	1.389235	7.170471
MGYG000001553__gradient_L3_gos_gapseq	1502	1712	393	bio1	1.262805	1.394069	6.988939
MGYG000001553__gradient_L4_xos_gapseq	1502	1712	393	bio1	1.271890	1.594436	7.020942
MGYG000001553__gradient_L5_pectin_gapseq	1502	1712	393	bio1	1.271890	1.488041	6.999615
MGYG000001553__gradient_L6_resistant_starch_gapseq	1502	1712	393	bio1	1.795687	1.529947	7.072334
MGYG000001553__gradient_L7_bglucan_gapseq	1502	1712	393	bio1	1.968129	1.489281	6.987923
MGYG000001553__gradient_L8_hmo_gapseq	1502	1712	393	bio1	1.968129	1.383981	7.172540
MGYG000001553__gradient_L9_mos_gapseq	1502	1712	393	bio1	2.078492	1.372628	7.102766
MGYG000001554__gradient_L0_base_gapseq	1588	1903	473	bio1	0.487852	1.672036	8.406378
MGYG000001554__gradient_L1_inulin_gapseq	1588	1903	473	bio1	0.777010	1.684820	8.418104
MGYG000001554__gradient_L2_fos_gapseq	1588	1903	473	bio1	0.777010	1.689772	8.459610
MGYG000001554__gradient_L3_gos_gapseq	1588	1903	473	bio1	1.056101	1.817687	8.477383
MGYG000001554__gradient_L4_xos_gapseq	1588	1903	473	bio1	1.119682	1.731696	8.397574
MGYG000001554__gradient_L5_pectin_gapseq	1588	1903	473	bio1	1.119682	1.660474	8.433054
MGYG000001554__gradient_L6_resistant_starch_gapseq	1588	1903	473	bio1	1.652662	1.674385	8.525286
MGYG000001554__gradient_L7_bglucan_gapseq	1588	1903	473	bio1	1.652662	1.704935	8.345267
MGYG000001554__gradient_L8_hmo_gapseq	1588	1903	473	bio1	1.652662	1.693435	8.391823
MGYG000001554__gradient_L9_mos_gapseq	1588	1903	473	bio1	1.762942	1.847710	8.420473
MGYG000001555__gradient_L0_base_gapseq	1428	1594	360	bio1	0.000000	1.303444	0.074606
MGYG000001555__gradient_L1_inulin_gapseq	1428	1594	360	bio1	0.000000	1.401952	0.078404
MGYG000001555__gradient_L2_fos_gapseq	1428	1594	360	bio1	0.000000	1.296227	0.078245
MGYG000001555__gradient_L3_gos_gapseq	1428	1594	360	bio1	0.000000	1.396742	0.076558
MGYG000001555__gradient_L4_xos_gapseq	1428	1594	360	bio1	0.000000	1.326626	0.076289
MGYG000001555__gradient_L5_pectin_gapseq	1428	1594	360	bio1	0.000000	1.403480	0.075038
MGYG000001555__gradient_L6_resistant_starch_gapseq	1428	1594	360	bio1	0.000000	1.293964	0.073585
MGYG000001555__gradient_L7_bglucan_gapseq	1428	1594	360	bio1	0.000000	1.448110	0.077198
MGYG000001555__gradient_L8_hmo_gapseq	1428	1594	360	bio1	0.000000	1.265618	0.075028
MGYG000001555__gradient_L9_mos_gapseq	1428	1594	360	bio1	0.000000	1.475235	0.073557
MGYG000001563__gradient_L0_base_gapseq	1079	1150	248	bio1	0.404355	0.916996	3.373421
MGYG000001563__gradient_L1_inulin_gapseq	1079	1150	248	bio1	0.557731	1.022487	3.371570
MGYG000001563__gradient_L2_fos_gapseq	1079	1150	248	bio1	0.557731	1.079137	3.397196
MGYG000001563__gradient_L3_gos_gapseq	1079	1150	248	bio1	0.731746	1.029749	3.399751
MGYG000001563__gradient_L4_xos_gapseq	1079	1150	248	bio1	0.777481	0.905511	3.525889
MGYG000001563__gradient_L5_pectin_gapseq	1079	1150	248	bio1	0.777481	0.922607	3.346475
MGYG000001563__gradient_L6_resistant_starch_gapseq	1079	1150	248	bio1	0.857795	0.907026	3.465751
MGYG000001563__gradient_L7_bglucan_gapseq	1079	1150	248	bio1	0.857795	0.914180	3.353811
MGYG000001563__gradient_L8_hmo_gapseq	1079	1150	248	bio1	0.857795	1.015103	3.381272
MGYG000001563__gradient_L9_mos_gapseq	1079	1150	248	bio1	0.857795	0.935382	3.399596
MGYG000001586__gradient_L0_base_gapseq	1152	1273	285	bio1	0.000000	0.995863	0.058465
MGYG000001586__gradient_L1_inulin_gapseq	1152	1273	285	bio1	0.000000	1.135084	0.058119
MGYG000001586__gradient_L2_fos_gapseq	1152	1273	285	bio1	0.000000	1.016724	0.052631
MGYG000001586__gradient_L3_gos_gapseq	1152	1273	285	bio1	1.333798	1.138807	4.047733
MGYG000001586__gradient_L4_xos_gapseq	1152	1273	285	bio1	1.333798	1.063583	4.015245
MGYG000001586__gradient_L5_pectin_gapseq	1152	1273	285	bio1	1.333798	1.297317	3.993523
MGYG000001586__gradient_L6_resistant_starch_gapseq	1152	1273	285	bio1	1.964284	1.007060	4.113177
MGYG000001586__gradient_L7_bglucan_gapseq	1152	1273	285	bio1	1.964284	1.021250	4.049596
MGYG000001586__gradient_L8_hmo_gapseq	1152	1273	285	bio1	1.964284	1.115226	4.018428
MGYG000001586__gradient_L9_mos_gapseq	1152	1273	285	bio1	2.109956	1.010493	4.102106
MGYG000001589__gradient_L0_base_gapseq	1312	1388	381	bio1	0.731796	1.138433	4.629522
MGYG000001589__gradient_L1_inulin_gapseq	1312	1388	381	bio1	0.901343	1.215131	4.660932
MGYG000001589__gradient_L2_fos_gapseq	1312	1388	381	bio1	0.901343	1.176945	4.672027
MGYG000001589__gradient_L3_gos_gapseq	1312	1388	381	bio1	0.901343	1.176301	4.571881
MGYG000001589__gradient_L4_xos_gapseq	1312	1388	381	bio1	0.901343	1.261546	4.743641
MGYG000001589__gradient_L5_pectin_gapseq	1312	1388	381	bio1	0.901343	1.208981	4.735926
MGYG000001589__gradient_L6_resistant_starch_gapseq	1312	1388	381	bio1	1.048945	1.157618	4.587840
MGYG000001589__gradient_L7_bglucan_gapseq	1312	1388	381	bio1	1.048945	1.253706	4.622697
MGYG000001589__gradient_L8_hmo_gapseq	1312	1388	381	bio1	1.048945	1.240065	4.602854
MGYG000001589__gradient_L9_mos_gapseq	1312	1388	381	bio1	1.048945	1.157576	4.611193
MGYG000001601__gradient_L0_base_gapseq	1294	1411	336	bio1	0.256650	1.131665	4.862773
MGYG000001601__gradient_L1_inulin_gapseq	1294	1411	336	bio1	0.332698	1.259849	4.870787
MGYG000001601__gradient_L2_fos_gapseq	1294	1411	336	bio1	0.332698	1.145969	4.962392
MGYG000001601__gradient_L3_gos_gapseq	1294	1411	336	bio1	0.332698	1.199570	4.846166
MGYG000001601__gradient_L4_xos_gapseq	1294	1411	336	bio1	0.346957	1.209262	4.979805
MGYG000001601__gradient_L5_pectin_gapseq	1294	1411	336	bio1	0.346957	1.264127	4.853307
MGYG000001601__gradient_L6_resistant_starch_gapseq	1294	1411	336	bio1	0.696300	1.132261	4.865695
MGYG000001601__gradient_L7_bglucan_gapseq	1294	1411	336	bio1	0.696300	1.241683	4.858177
MGYG000001601__gradient_L8_hmo_gapseq	1294	1411	336	bio1	0.696300	1.238128	4.851305
MGYG000001601__gradient_L9_mos_gapseq	1294	1411	336	bio1	0.696300	1.132732	4.979139
MGYG000001608__gradient_L0_base_gapseq	1326	1462	386	bio1	0.000000	1.291418	0.078769
MGYG000001608__gradient_L1_inulin_gapseq	1326	1462	386	bio1	0.000000	1.179746	0.076471
MGYG000001608__gradient_L2_fos_gapseq	1326	1462	386	bio1	0.000000	1.273950	0.077029
MGYG000001608__gradient_L3_gos_gapseq	1326	1462	386	bio1	1.269873	1.228197	5.453682
MGYG000001608__gradient_L4_xos_gapseq	1326	1462	386	bio1	1.269873	1.182426	5.384606
MGYG000001608__gradient_L5_pectin_gapseq	1326	1462	386	bio1	1.269873	1.258799	5.407279
MGYG000001608__gradient_L6_resistant_starch_gapseq	1326	1462	386	bio1	1.431173	1.182258	5.580628
MGYG000001608__gradient_L7_bglucan_gapseq	1326	1462	386	bio1	1.431173	1.220538	5.459568
MGYG000001608__gradient_L8_hmo_gapseq	1326	1462	386	bio1	1.431173	1.206690	5.335437
MGYG000001608__gradient_L9_mos_gapseq	1326	1462	386	bio1	1.592473	1.286731	5.360303
MGYG000001626__gradient_L0_base_gapseq	1419	1518	379	bio1	0.562148	1.282414	5.594907
MGYG000001626__gradient_L1_inulin_gapseq	1419	1518	379	bio1	0.752173	1.365481	5.699312
MGYG000001626__gradient_L2_fos_gapseq	1419	1518	379	bio1	0.752173	1.390560	5.637464
MGYG000001626__gradient_L3_gos_gapseq	1419	1518	379	bio1	0.752173	1.257699	5.764294
MGYG000001626__gradient_L4_xos_gapseq	1419	1518	379	bio1	0.752173	1.259669	5.575138
MGYG000001626__gradient_L5_pectin_gapseq	1419	1518	379	bio1	0.752173	1.406148	5.605874
MGYG000001626__gradient_L6_resistant_starch_gapseq	1419	1518	379	bio1	0.902487	1.445038	5.605680
MGYG000001626__gradient_L7_bglucan_gapseq	1419	1518	379	bio1	0.902487	1.268006	5.772681
MGYG000001626__gradient_L8_hmo_gapseq	1419	1518	379	bio1	0.902487	1.297562	5.684635
MGYG000001626__gradient_L9_mos_gapseq	1419	1518	379	bio1	0.902487	1.263197	5.617296
MGYG000001630__gradient_L0_base_gapseq	1235	1418	318	bio1	0.804714	1.258390	4.992623
MGYG000001630__gradient_L1_inulin_gapseq	1235	1418	318	bio1	0.904173	1.121488	4.946212
MGYG000001630__gradient_L2_fos_gapseq	1235	1418	318	bio1	0.904173	1.244141	4.930434
MGYG000001630__gradient_L3_gos_gapseq	1235	1418	318	bio1	0.965580	1.214103	5.019091
MGYG000001630__gradient_L4_xos_gapseq	1235	1418	318	bio1	0.965580	1.131863	5.084337
MGYG000001630__gradient_L5_pectin_gapseq	1235	1418	318	bio1	0.965580	1.138819	4.990529
MGYG000001630__gradient_L6_resistant_starch_gapseq	1235	1418	318	bio1	1.038063	1.217814	4.963555
MGYG000001630__gradient_L7_bglucan_gapseq	1235	1418	318	bio1	1.038063	1.133581	5.039336
MGYG000001630__gradient_L8_hmo_gapseq	1235	1418	318	bio1	1.038063	1.131605	4.991949
MGYG000001630__gradient_L9_mos_gapseq	1235	1418	318	bio1	1.110546	1.284547	4.965913
MGYG000001637__gradient_L0_base_gapseq	1398	1587	407	bio1	0.217608	1.291887	6.329846
MGYG000001637__gradient_L1_inulin_gapseq	1398	1587	407	bio1	0.245993	1.287810	6.208272
MGYG000001637__gradient_L2_fos_gapseq	1398	1587	407	bio1	0.245993	1.394718	6.278950
MGYG000001637__gradient_L3_gos_gapseq	1398	1587	407	bio1	0.245993	1.390638	6.185209
MGYG000001637__gradient_L4_xos_gapseq	1398	1587	407	bio1	0.245993	1.278413	6.369138
MGYG000001637__gradient_L5_pectin_gapseq	1398	1587	407	bio1	0.245993	1.298436	6.206898
MGYG000001637__gradient_L6_resistant_starch_gapseq	1398	1587	407	bio1	0.246732	1.413028	6.214806
MGYG000001637__gradient_L7_bglucan_gapseq	1398	1587	407	bio1	0.246732	1.379512	6.217091
MGYG000001637__gradient_L8_hmo_gapseq	1398	1587	407	bio1	0.246732	1.374324	6.172979
MGYG000001637__gradient_L9_mos_gapseq	1398	1587	407	bio1	0.246732	1.277382	6.296647
MGYG000001653__gradient_L0_base_gapseq	1110	1242	297	bio1	0.000000	0.988689	0.047959
MGYG000001653__gradient_L1_inulin_gapseq	1110	1242	297	bio1	0.000000	1.091497	0.048867
MGYG000001653__gradient_L2_fos_gapseq	1110	1242	297	bio1	0.000000	0.995024	0.049316
MGYG000001653__gradient_L3_gos_gapseq	1110	1242	297	bio1	0.000000	1.063240	0.049996
MGYG000001653__gradient_L4_xos_gapseq	1110	1242	297	bio1	0.000000	0.984507	0.050964
MGYG000001653__gradient_L5_pectin_gapseq	1110	1242	297	bio1	0.000000	0.989463	0.050314
MGYG000001653__gradient_L6_resistant_starch_gapseq	1110	1242	297	bio1	0.000000	1.115544	0.044567
MGYG000001653__gradient_L7_bglucan_gapseq	1110	1242	297	bio1	0.000000	0.967814	0.051251
MGYG000001653__gradient_L8_hmo_gapseq	1110	1242	297	bio1	0.000000	1.096271	0.048628
MGYG000001653__gradient_L9_mos_gapseq	1110	1242	297	bio1	0.000000	0.979618	0.056674
MGYG000001657__gradient_L0_base_gapseq	1058	1175	278	bio1	0.000000	1.038095	0.046710
MGYG000001657__gradient_L1_inulin_gapseq	1058	1175	278	bio1	0.000000	0.937460	0.045655
MGYG000001657__gradient_L2_fos_gapseq	1058	1175	278	bio1	0.000000	1.004067	0.045603
MGYG000001657__gradient_L3_gos_gapseq	1058	1175	278	bio1	0.000000	0.926658	0.045389
MGYG000001657__gradient_L4_xos_gapseq	1058	1175	278	bio1	0.000000	0.932071	0.044539
MGYG000001657__gradient_L5_pectin_gapseq	1058	1175	278	bio1	0.000000	1.038816	0.046579
MGYG000001657__gradient_L6_resistant_starch_gapseq	1058	1175	278	bio1	0.000000	0.916844	0.046627
MGYG000001657__gradient_L7_bglucan_gapseq	1058	1175	278	bio1	0.000000	0.926866	0.143938
MGYG000001657__gradient_L8_hmo_gapseq	1058	1175	278	bio1	0.000000	0.932388	0.046300
MGYG000001657__gradient_L9_mos_gapseq	1058	1175	278	bio1	0.000000	0.935243	0.044848
MGYG000001662__gradient_L0_base_gapseq	729	666	74	bio1	0.000000	0.510799	0.018082
MGYG000001662__gradient_L1_inulin_gapseq	729	666	74	bio1	0.000000	0.520799	0.018231
MGYG000001662__gradient_L2_fos_gapseq	729	666	74	bio1	0.000000	0.520550	0.020180
MGYG000001662__gradient_L3_gos_gapseq	729	666	74	bio1	0.000000	0.519727	0.023327
MGYG000001662__gradient_L4_xos_gapseq	729	666	74	bio1	0.000000	0.608844	0.024211
MGYG000001662__gradient_L5_pectin_gapseq	729	666	74	bio1	0.000000	0.528890	0.018058
MGYG000001662__gradient_L6_resistant_starch_gapseq	729	666	74	bio1	0.000000	0.516134	0.020937
MGYG000001662__gradient_L7_bglucan_gapseq	729	666	74	bio1	0.000000	0.512260	0.023291
MGYG000001662__gradient_L8_hmo_gapseq	729	666	74	bio1	0.000000	0.515169	0.018704
MGYG000001662__gradient_L9_mos_gapseq	729	666	74	bio1	0.000000	0.615427	0.019264
MGYG000001669__gradient_L0_base_gapseq	816	844	130	bio1	0.000000	0.642887	0.035698
MGYG000001669__gradient_L1_inulin_gapseq	816	844	130	bio1	0.253030	0.648099	1.789718
MGYG000001669__gradient_L2_fos_gapseq	816	844	130	bio1	0.253030	0.637804	1.948746
MGYG000001669__gradient_L3_gos_gapseq	816	844	130	bio1	0.456868	0.632217	1.810330
MGYG000001669__gradient_L4_xos_gapseq	816	844	130	bio1	0.499042	0.641641	1.788763
MGYG000001669__gradient_L5_pectin_gapseq	816	844	130	bio1	0.531843	0.853886	1.802807
MGYG000001669__gradient_L6_resistant_starch_gapseq	816	844	130	bio1	1.016422	0.643133	1.797719
MGYG000001669__gradient_L7_bglucan_gapseq	816	844	130	bio1	1.016422	0.635691	1.791128
MGYG000001669__gradient_L8_hmo_gapseq	816	844	130	bio1	1.016422	0.727622	1.794864
MGYG000001669__gradient_L9_mos_gapseq	816	844	130	bio1	1.016422	0.621955	1.811940
MGYG000001694__gradient_L0_base_gapseq	1559	1864	536	bio1	0.788791	1.682183	8.294155
MGYG000001694__gradient_L1_inulin_gapseq	1559	1864	536	bio1	1.011511	1.663098	8.272905
MGYG000001694__gradient_L2_fos_gapseq	1559	1864	536	bio1	1.011511	1.667669	8.293295
MGYG000001694__gradient_L3_gos_gapseq	1559	1864	536	bio1	1.234232	1.647845	8.259511
MGYG000001694__gradient_L4_xos_gapseq	1559	1864	536	bio1	1.234232	1.638529	8.244825
MGYG000001694__gradient_L5_pectin_gapseq	1559	1864	536	bio1	1.266712	1.662642	8.173203
MGYG000001694__gradient_L6_resistant_starch_gapseq	1559	1864	536	bio1	1.770152	1.681420	8.283250
MGYG000001694__gradient_L7_bglucan_gapseq	1559	1864	536	bio1	1.770152	1.555077	8.363984
MGYG000001694__gradient_L8_hmo_gapseq	1559	1864	536	bio1	1.770152	1.536474	8.449159
MGYG000001694__gradient_L9_mos_gapseq	1559	1864	536	bio1	1.881512	1.571124	8.384150
MGYG000001695__gradient_L0_base_gapseq	1569	1747	473	bio1	1.030838	1.469440	7.297703
MGYG000001695__gradient_L1_inulin_gapseq	1569	1747	473	bio1	1.161281	1.563052	7.287828
MGYG000001695__gradient_L2_fos_gapseq	1569	1747	473	bio1	1.161281	1.592569	7.291599
MGYG000001695__gradient_L3_gos_gapseq	1569	1747	473	bio1	1.161281	1.561718	7.298296
MGYG000001695__gradient_L4_xos_gapseq	1569	1747	473	bio1	1.236385	1.542264	7.279845
MGYG000001695__gradient_L5_pectin_gapseq	1569	1747	473	bio1	1.273757	1.560055	7.324285
MGYG000001695__gradient_L6_resistant_starch_gapseq	1569	1747	473	bio1	1.869375	1.471073	7.350932
MGYG000001695__gradient_L7_bglucan_gapseq	1569	1747	473	bio1	1.869375	1.441688	7.346105
MGYG000001695__gradient_L8_hmo_gapseq	1569	1747	473	bio1	1.869375	1.461022	7.368754
MGYG000001695__gradient_L9_mos_gapseq	1569	1747	473	bio1	1.869375	1.456254	7.292008
MGYG000001697__gradient_L0_base_gapseq	1318	1539	388	bio1	1.036914	1.340118	5.876852
MGYG000001697__gradient_L1_inulin_gapseq	1318	1539	388	bio1	1.360111	1.421530	5.778775
MGYG000001697__gradient_L2_fos_gapseq	1318	1539	388	bio1	1.360111	1.240029	6.007702
MGYG000001697__gradient_L3_gos_gapseq	1318	1539	388	bio1	1.675228	1.249689	5.805324
MGYG000001697__gradient_L4_xos_gapseq	1318	1539	388	bio1	1.675228	1.347788	5.824192
MGYG000001697__gradient_L5_pectin_gapseq	1318	1539	388	bio1	1.675228	1.337928	5.807673
MGYG000001697__gradient_L6_resistant_starch_gapseq	1318	1539	388	bio1	2.379808	1.259567	5.917009
MGYG000001697__gradient_L7_bglucan_gapseq	1318	1539	388	bio1	2.379808	1.239292	5.875687
MGYG000001697__gradient_L8_hmo_gapseq	1318	1539	388	bio1	2.379808	1.232268	5.775861
MGYG000001697__gradient_L9_mos_gapseq	1318	1539	388	bio1	2.536590	1.360130	5.861081
MGYG000001698__gradient_L0_base_gapseq	1354	1601	533	bio1	0.000000	1.393490	0.075959
MGYG000001698__gradient_L1_inulin_gapseq	1354	1601	533	bio1	0.000000	1.314754	0.077912
MGYG000001698__gradient_L2_fos_gapseq	1354	1601	533	bio1	0.000000	1.440441	0.072653
MGYG000001698__gradient_L3_gos_gapseq	1354	1601	533	bio1	0.000000	1.329716	0.081654
MGYG000001698__gradient_L4_xos_gapseq	1354	1601	533	bio1	1.337067	1.437575	6.162665
MGYG000001698__gradient_L5_pectin_gapseq	1354	1601	533	bio1	1.381195	1.444722	6.142459
MGYG000001698__gradient_L6_resistant_starch_gapseq	1354	1601	533	bio1	1.992367	1.414710	6.214577
MGYG000001698__gradient_L7_bglucan_gapseq	1354	1601	533	bio1	2.197561	1.328391	6.268108
MGYG000001698__gradient_L8_hmo_gapseq	1354	1601	533	bio1	2.343184	1.314807	6.226096
MGYG000001698__gradient_L9_mos_gapseq	1354	1601	533	bio1	2.484393	1.319857	6.177702
MGYG000001700	0	0	0	NONE	0.000000	0.000000	0.000000
MGYG000001707__gradient_L0_base_gapseq	1434	1605	362	bio1	0.000000	1.294283	0.077879
MGYG000001707__gradient_L1_inulin_gapseq	1434	1605	362	bio1	0.000000	1.411545	0.077202
MGYG000001707__gradient_L2_fos_gapseq	1434	1605	362	bio1	0.000000	1.329745	0.077841
MGYG000001707__gradient_L3_gos_gapseq	1434	1605	362	bio1	0.898835	1.443889	6.019565
MGYG000001707__gradient_L4_xos_gapseq	1434	1605	362	bio1	0.898835	1.438258	6.040386
MGYG000001707__gradient_L5_pectin_gapseq	1434	1605	362	bio1	0.898835	1.326742	6.116481
MGYG000001707__gradient_L6_resistant_starch_gapseq	1434	1605	362	bio1	1.521121	1.317548	5.988568
MGYG000001707__gradient_L7_bglucan_gapseq	1434	1605	362	bio1	1.728751	1.413317	5.992087
MGYG000001707__gradient_L8_hmo_gapseq	1434	1605	362	bio1	1.728751	1.438644	6.016099
MGYG000001707__gradient_L9_mos_gapseq	1434	1605	362	bio1	1.728751	1.391553	6.110312
MGYG000001725__gradient_L0_base_gapseq	1343	1500	387	bio1	0.000000	1.337967	0.062632
MGYG000001725__gradient_L1_inulin_gapseq	1343	1500	387	bio1	0.000000	1.223260	0.061449
MGYG000001725__gradient_L2_fos_gapseq	1343	1500	387	bio1	0.000000	1.319901	0.067591
MGYG000001725__gradient_L3_gos_gapseq	1343	1500	387	bio1	0.642365	1.234264	5.464954
MGYG000001725__gradient_L4_xos_gapseq	1343	1500	387	bio1	0.642365	1.359978	5.522436
MGYG000001725__gradient_L5_pectin_gapseq	1343	1500	387	bio1	0.642365	1.346709	5.450936
MGYG000001725__gradient_L6_resistant_starch_gapseq	1343	1500	387	bio1	1.318377	1.238971	5.601306
MGYG000001725__gradient_L7_bglucan_gapseq	1343	1500	387	bio1	1.318377	1.221575	5.468715
MGYG000001725__gradient_L8_hmo_gapseq	1343	1500	387	bio1	1.318377	1.364730	5.532928
MGYG000001725__gradient_L9_mos_gapseq	1343	1500	387	bio1	1.445069	1.348093	5.580080
MGYG000001745__gradient_L0_base_gapseq	1428	1579	372	bio1	0.000000	1.288698	0.070524
MGYG000001745__gradient_L1_inulin_gapseq	1428	1579	372	bio1	0.000000	1.370178	0.071719
MGYG000001745__gradient_L2_fos_gapseq	1428	1579	372	bio1	0.000000	1.290412	0.071962
MGYG000001745__gradient_L3_gos_gapseq	1428	1579	372	bio1	0.661853	1.387745	6.135753
MGYG000001745__gradient_L4_xos_gapseq	1428	1579	372	bio1	0.661853	1.404440	6.200743
MGYG000001745__gradient_L5_pectin_gapseq	1428	1579	372	bio1	0.661853	1.323164	6.322486
MGYG000001745__gradient_L6_resistant_starch_gapseq	1428	1579	372	bio1	1.181894	1.298077	6.084524
MGYG000001745__gradient_L7_bglucan_gapseq	1428	1579	372	bio1	1.365293	1.393139	6.121680
MGYG000001745__gradient_L8_hmo_gapseq	1428	1579	372	bio1	1.365293	1.395911	6.214892
MGYG000001745__gradient_L9_mos_gapseq	1428	1579	372	bio1	1.455861	1.401114	6.240077
MGYG000001749__gradient_L0_base_gapseq	1408	1570	363	bio1	0.000000	1.378318	0.078166
MGYG000001749__gradient_L1_inulin_gapseq	1408	1570	363	bio1	0.000000	1.280784	0.082499
MGYG000001749__gradient_L2_fos_gapseq	1408	1570	363	bio1	0.000000	1.364651	0.079582
MGYG000001749__gradient_L3_gos_gapseq	1408	1570	363	bio1	0.000000	1.279420	0.077479
MGYG000001749__gradient_L4_xos_gapseq	1408	1570	363	bio1	1.042642	1.390192	6.106460
MGYG000001749__gradient_L5_pectin_gapseq	1408	1570	363	bio1	1.104828	1.405367	6.120125
MGYG000001749__gradient_L6_resistant_starch_gapseq	1408	1570	363	bio1	1.795092	1.290201	6.172873
MGYG000001749__gradient_L7_bglucan_gapseq	1408	1570	363	bio1	2.037618	1.296616	6.129873
MGYG000001749__gradient_L8_hmo_gapseq	1408	1570	363	bio1	2.037618	1.289069	6.104562
MGYG000001749__gradient_L9_mos_gapseq	1408	1570	363	bio1	2.170281	1.390134	6.191989
MGYG000001757__gradient_L0_base_gapseq	1155	1232	309	bio1	0.000000	0.992843	0.147101
MGYG000001757__gradient_L1_inulin_gapseq	1155	1232	309	bio1	0.000000	0.987992	0.048490
MGYG000001757__gradient_L2_fos_gapseq	1155	1232	309	bio1	0.000000	0.999774	0.054304
MGYG000001757__gradient_L3_gos_gapseq	1155	1232	309	bio1	0.000000	1.111326	0.054373
MGYG000001757__gradient_L4_xos_gapseq	1155	1232	309	bio1	0.346197	1.000289	3.816505
MGYG000001757__gradient_L5_pectin_gapseq	1155	1232	309	bio1	0.346197	1.160067	3.809026
MGYG000001757__gradient_L6_resistant_starch_gapseq	1155	1232	309	bio1	0.802142	0.987735	3.921914
MGYG000001757__gradient_L7_bglucan_gapseq	1155	1232	309	bio1	0.966195	1.003515	3.813540
MGYG000001757__gradient_L8_hmo_gapseq	1155	1232	309	bio1	0.966195	1.079736	3.809530
MGYG000001757__gradient_L9_mos_gapseq	1155	1232	309	bio1	1.037156	0.991937	3.790041
MGYG000001760__gradient_L0_base_gapseq	1281	1399	313	bio1	0.000000	1.142599	0.058429
MGYG000001760__gradient_L1_inulin_gapseq	1281	1399	313	bio1	0.000000	1.239073	0.063700
MGYG000001760__gradient_L2_fos_gapseq	1281	1399	313	bio1	0.000000	1.137858	0.056493
MGYG000001760__gradient_L3_gos_gapseq	1281	1399	313	bio1	0.533739	1.204174	4.766874
MGYG000001760__gradient_L4_xos_gapseq	1281	1399	313	bio1	0.612008	1.235474	4.777964
MGYG000001760__gradient_L5_pectin_gapseq	1281	1399	313	bio1	0.676658	1.143496	4.898152
MGYG000001760__gradient_L6_resistant_starch_gapseq	1281	1399	313	bio1	1.020846	1.155457	4.811164
MGYG000001760__gradient_L7_bglucan_gapseq	1281	1399	313	bio1	1.020846	1.278179	4.939416
MGYG000001760__gradient_L8_hmo_gapseq	1281	1399	313	bio1	1.020846	1.137686	4.891538
MGYG000001760__gradient_L9_mos_gapseq	1281	1399	313	bio1	1.020846	1.154055	4.800550
MGYG000001762__gradient_L0_base_gapseq	1369	1433	333	bio1	0.402894	1.249394	5.174178
MGYG000001762__gradient_L1_inulin_gapseq	1369	1433	333	bio1	0.586377	1.176158	4.980094
MGYG000001762__gradient_L2_fos_gapseq	1369	1433	333	bio1	0.586377	1.265066	4.950319
MGYG000001762__gradient_L3_gos_gapseq	1369	1433	333	bio1	0.586377	1.288130	5.077604
MGYG000001762__gradient_L4_xos_gapseq	1369	1433	333	bio1	0.586377	1.223407	5.291860
MGYG000001762__gradient_L5_pectin_gapseq	1369	1433	333	bio1	0.586377	1.196501	5.013276
MGYG000001762__gradient_L6_resistant_starch_gapseq	1369	1433	333	bio1	0.723902	1.284552	5.025353
MGYG000001762__gradient_L7_bglucan_gapseq	1369	1433	333	bio1	0.723902	1.176585	5.091385
MGYG000001762__gradient_L8_hmo_gapseq	1369	1433	333	bio1	0.723902	1.185968	5.135019
MGYG000001762__gradient_L9_mos_gapseq	1369	1433	333	bio1	0.723902	1.241023	5.014859
MGYG000001767__gradient_L0_base_gapseq	1045	1145	222	bio1	0.000000	0.996638	0.052163
MGYG000001767__gradient_L1_inulin_gapseq	1045	1145	222	bio1	0.000000	0.874417	0.047479
MGYG000001767__gradient_L2_fos_gapseq	1045	1145	222	bio1	0.000000	0.957870	0.046208
MGYG000001767__gradient_L3_gos_gapseq	1045	1145	222	bio1	0.523377	0.879096	3.190551
MGYG000001767__gradient_L4_xos_gapseq	1045	1145	222	bio1	0.523377	0.891952	3.352139
MGYG000001767__gradient_L5_pectin_gapseq	1045	1145	222	bio1	0.523377	0.892622	3.186542
MGYG000001767__gradient_L6_resistant_starch_gapseq	1045	1145	222	bio1	0.987949	0.883085	3.292910
MGYG000001767__gradient_L7_bglucan_gapseq	1045	1145	222	bio1	1.113165	0.891529	3.267803
MGYG000001767__gradient_L8_hmo_gapseq	1045	1145	222	bio1	1.113165	0.891637	3.395812
MGYG000001767__gradient_L9_mos_gapseq	1045	1145	222	bio1	1.184818	0.883538	3.203115
MGYG000001786__gradient_L0_base_gapseq	535	508	66	bio1	0.000000	0.361536	0.011023
MGYG000001786__gradient_L1_inulin_gapseq	535	508	66	bio1	0.000000	0.368702	0.014802
MGYG000001786__gradient_L2_fos_gapseq	535	508	66	bio1	0.000000	0.359773	0.019094
MGYG000001786__gradient_L3_gos_gapseq	535	508	66	bio1	0.000000	0.357537	0.018636
MGYG000001786__gradient_L4_xos_gapseq	535	508	66	bio1	0.000000	0.352014	0.014406
MGYG000001786__gradient_L5_pectin_gapseq	535	508	66	bio1	0.000000	0.491379	0.014523
MGYG000001786__gradient_L6_resistant_starch_gapseq	535	508	66	bio1	0.000000	0.367404	0.014501
MGYG000001786__gradient_L7_bglucan_gapseq	535	508	66	bio1	0.000000	0.362065	0.014476
MGYG000001786__gradient_L8_hmo_gapseq	535	508	66	bio1	0.000000	0.364279	0.019026
MGYG000001786__gradient_L9_mos_gapseq	535	508	66	bio1	0.000000	0.367119	0.019442
MGYG000001795__gradient_L0_base_gapseq	1223	1376	308	bio1	0.000000	1.182488	0.059933
MGYG000001795__gradient_L1_inulin_gapseq	1223	1376	308	bio1	0.442917	1.095893	4.808682
MGYG000001795__gradient_L2_fos_gapseq	1223	1376	308	bio1	0.442917	1.207936	4.871282
MGYG000001795__gradient_L3_gos_gapseq	1223	1376	308	bio1	0.442917	1.113930	5.095807
MGYG000001795__gradient_L4_xos_gapseq	1223	1376	308	bio1	0.442917	1.130288	4.832228
MGYG000001795__gradient_L5_pectin_gapseq	1223	1376	308	bio1	0.442917	1.181779	4.758757
MGYG000001795__gradient_L6_resistant_starch_gapseq	1223	1376	308	bio1	0.722295	1.095392	4.894379
MGYG000001795__gradient_L7_bglucan_gapseq	1223	1376	308	bio1	0.722295	1.098818	4.769031
MGYG000001795__gradient_L8_hmo_gapseq	1223	1376	308	bio1	0.722295	1.236883	4.772427
MGYG000001795__gradient_L9_mos_gapseq	1223	1376	308	bio1	0.831600	1.112620	4.903268
MGYG000001804__gradient_L0_base_gapseq	1231	1322	250	bio1	0.000000	1.188379	0.052233
MGYG000001804__gradient_L1_inulin_gapseq	1231	1322	250	bio1	0.000000	1.054250	0.052127
MGYG000001804__gradient_L2_fos_gapseq	1231	1322	250	bio1	0.000000	1.234153	0.057507
MGYG000001804__gradient_L3_gos_gapseq	1231	1322	250	bio1	0.000000	1.070836	0.052762
MGYG000001804__gradient_L4_xos_gapseq	1231	1322	250	bio1	0.000000	1.152067	0.058439
MGYG000001804__gradient_L5_pectin_gapseq	1231	1322	250	bio1	0.000000	1.106076	0.053939
MGYG000001804__gradient_L6_resistant_starch_gapseq	1231	1322	250	bio1	0.000000	1.059330	0.052109
MGYG000001804__gradient_L7_bglucan_gapseq	1231	1322	250	bio1	0.000000	1.274598	0.052140
MGYG000001804__gradient_L8_hmo_gapseq	1231	1322	250	bio1	0.000000	1.059521	0.057500
MGYG000001804__gradient_L9_mos_gapseq	1231	1322	250	bio1	0.000000	1.211182	0.056681
MGYG000001821__gradient_L0_base_gapseq	1101	1228	251	bio1	0.000000	0.943641	0.050159
MGYG000001821__gradient_L1_inulin_gapseq	1101	1228	251	bio1	1.056771	0.999794	3.762709
MGYG000001821__gradient_L2_fos_gapseq	1101	1228	251	bio1	1.056771	0.960185	3.624283
MGYG000001821__gradient_L3_gos_gapseq	1101	1228	251	bio1	1.320967	1.137092	3.674593
MGYG000001821__gradient_L4_xos_gapseq	1101	1228	251	bio1	1.408471	0.961319	3.668934
MGYG000001821__gradient_L5_pectin_gapseq	1101	1228	251	bio1	1.462298	1.067777	3.698522
MGYG000001821__gradient_L6_resistant_starch_gapseq	1101	1228	251	bio1	2.090283	0.994171	3.759125
MGYG000001821__gradient_L7_bglucan_gapseq	1101	1228	251	bio1	2.305593	0.965252	3.673171
MGYG000001821__gradient_L8_hmo_gapseq	1101	1228	251	bio1	2.305593	1.052758	3.680713
MGYG000001821__gradient_L9_mos_gapseq	1101	1228	251	bio1	2.413247	0.953212	3.692168
MGYG000001826__gradient_L0_base_gapseq	1089	1179	263	bio1	0.000000	0.993643	0.043193
MGYG000001826__gradient_L1_inulin_gapseq	1089	1179	263	bio1	0.000000	1.075207	0.046932
MGYG000001826__gradient_L2_fos_gapseq	1089	1179	263	bio1	0.000000	0.951572	0.044783
MGYG000001826__gradient_L3_gos_gapseq	1089	1179	263	bio1	0.000000	0.939948	0.042847
MGYG000001826__gradient_L4_xos_gapseq	1089	1179	263	bio1	0.000000	1.061147	0.043952
MGYG000001826__gradient_L5_pectin_gapseq	1089	1179	263	bio1	0.000000	0.946839	0.044805
MGYG000001826__gradient_L6_resistant_starch_gapseq	1089	1179	263	bio1	0.814279	1.040723	3.525519
MGYG000001826__gradient_L7_bglucan_gapseq	1089	1179	263	bio1	0.814279	0.953529	3.519515
MGYG000001826__gradient_L8_hmo_gapseq	1089	1179	263	bio1	0.814279	1.095552	3.545365
MGYG000001826__gradient_L9_mos_gapseq	1089	1179	263	bio1	0.892062	0.945118	3.601939
MGYG000001827__gradient_L0_base_gapseq	1052	1059	209	bio1	0.725579	0.836603	2.923467
MGYG000001827__gradient_L1_inulin_gapseq	1052	1059	209	bio1	1.086924	0.856305	2.857912
MGYG000001827__gradient_L2_fos_gapseq	1052	1059	209	bio1	1.086924	0.855409	2.924704
MGYG000001827__gradient_L3_gos_gapseq	1052	1059	209	bio1	1.186112	0.851419	2.831774
MGYG000001827__gradient_L4_xos_gapseq	1052	1059	209	bio1	1.264636	0.854111	2.923872
MGYG000001827__gradient_L5_pectin_gapseq	1052	1059	209	bio1	1.326628	0.854888	2.854925
MGYG000001827__gradient_L6_resistant_starch_gapseq	1052	1059	209	bio1	1.610403	0.849206	2.938648
MGYG000001827__gradient_L7_bglucan_gapseq	1052	1059	209	bio1	1.610403	0.890514	2.822470
MGYG000001827__gradient_L8_hmo_gapseq	1052	1059	209	bio1	1.610403	0.851312	2.936379
MGYG000001827__gradient_L9_mos_gapseq	1052	1059	209	bio1	1.610403	0.865571	2.829078
MGYG000001834__gradient_L0_base_gapseq	586	558	62	bio1	0.000000	0.435096	0.017904
MGYG000001834__gradient_L1_inulin_gapseq	586	558	62	bio1	0.000000	0.419680	0.020938
MGYG000001834__gradient_L2_fos_gapseq	586	558	62	bio1	0.000000	0.546593	0.019541
MGYG000001834__gradient_L3_gos_gapseq	586	558	62	bio1	0.000000	0.415881	0.021424
MGYG000001834__gradient_L4_xos_gapseq	586	558	62	bio1	0.000000	0.412581	0.018373
MGYG000001834__gradient_L5_pectin_gapseq	586	558	62	bio1	0.000000	0.415266	0.015806
MGYG000001834__gradient_L6_resistant_starch_gapseq	586	558	62	bio1	0.000000	0.416636	0.018224
MGYG000001834__gradient_L7_bglucan_gapseq	586	558	62	bio1	0.000000	0.417421	0.016581
MGYG000001834__gradient_L8_hmo_gapseq	586	558	62	bio1	0.000000	0.522494	0.021700
MGYG000001834__gradient_L9_mos_gapseq	586	558	62	bio1	0.000000	0.423101	0.015895
MGYG000001846__gradient_L0_base_gapseq	894	959	171	bio1	0.000000	0.730598	0.037903
MGYG000001846__gradient_L1_inulin_gapseq	894	959	171	bio1	0.000000	0.731769	0.037077
MGYG000001846__gradient_L2_fos_gapseq	894	959	171	bio1	0.000000	0.840301	0.037183
MGYG000001846__gradient_L3_gos_gapseq	894	959	171	bio1	0.000000	0.749870	0.037807
MGYG000001846__gradient_L4_xos_gapseq	894	959	171	bio1	0.000000	0.734825	0.036734
MGYG000001846__gradient_L5_pectin_gapseq	894	959	171	bio1	0.000000	0.843768	0.036683
MGYG000001846__gradient_L6_resistant_starch_gapseq	894	959	171	bio1	0.000000	0.734939	0.035643
MGYG000001846__gradient_L7_bglucan_gapseq	894	959	171	bio1	0.000000	0.739719	0.037247
MGYG000001846__gradient_L8_hmo_gapseq	894	959	171	bio1	0.000000	0.744422	0.038106
MGYG000001846__gradient_L9_mos_gapseq	894	959	171	bio1	0.000000	0.855319	0.032852
MGYG000001871__gradient_L0_base_gapseq	1325	1486	342	bio1	0.000000	1.290907	0.062183
MGYG000001871__gradient_L1_inulin_gapseq	1325	1486	342	bio1	0.000000	1.198195	0.059562
MGYG000001871__gradient_L2_fos_gapseq	1325	1486	342	bio1	0.000000	1.270691	0.061652
MGYG000001871__gradient_L3_gos_gapseq	1325	1486	342	bio1	0.000000	1.166799	0.070748
MGYG000001871__gradient_L4_xos_gapseq	1325	1486	342	bio1	0.000000	1.318392	0.067789
MGYG000001871__gradient_L5_pectin_gapseq	1325	1486	342	bio1	0.000000	1.210689	0.061573
MGYG000001871__gradient_L6_resistant_starch_gapseq	1325	1486	342	bio1	0.000000	1.301218	0.060351
MGYG000001871__gradient_L7_bglucan_gapseq	1325	1486	342	bio1	0.000000	1.182691	0.060761
MGYG000001871__gradient_L8_hmo_gapseq	1325	1486	342	bio1	0.000000	1.349755	0.053955
MGYG000001871__gradient_L9_mos_gapseq	1325	1486	342	bio1	0.000000	1.202167	0.064318
MGYG000001878__gradient_L0_base_gapseq	1507	1707	450	bio1	0.812026	1.419319	7.228347
MGYG000001878__gradient_L1_inulin_gapseq	1507	1707	450	bio1	1.018476	1.385062	7.157565
MGYG000001878__gradient_L2_fos_gapseq	1507	1707	450	bio1	1.018476	1.432201	7.051829
MGYG000001878__gradient_L3_gos_gapseq	1507	1707	450	bio1	1.094174	1.468791	7.112727
MGYG000001878__gradient_L4_xos_gapseq	1507	1707	450	bio1	1.218044	1.506914	7.025137
MGYG000001878__gradient_L5_pectin_gapseq	1507	1707	450	bio1	1.250159	1.495650	7.048410
MGYG000001878__gradient_L6_resistant_starch_gapseq	1507	1707	450	bio1	1.509368	1.394216	7.201242
MGYG000001878__gradient_L7_bglucan_gapseq	1507	1707	450	bio1	1.509368	1.422888	7.290275
MGYG000001878__gradient_L8_hmo_gapseq	1507	1707	450	bio1	1.509368	1.386217	7.119122
MGYG000001878__gradient_L9_mos_gapseq	1507	1707	450	bio1	1.610299	1.401978	7.012755
MGYG000001890__gradient_L0_base_gapseq	1434	1636	443	bio1	0.327550	1.342846	6.536072
MGYG000001890__gradient_L1_inulin_gapseq	1434	1636	443	bio1	0.441484	1.429261	6.519423
MGYG000001890__gradient_L2_fos_gapseq	1434	1636	443	bio1	0.441484	1.443570	6.525774
MGYG000001890__gradient_L3_gos_gapseq	1434	1636	443	bio1	0.519813	1.428899	6.484102
MGYG000001890__gradient_L4_xos_gapseq	1434	1636	443	bio1	0.583901	1.329457	6.639843
MGYG000001890__gradient_L5_pectin_gapseq	1434	1636	443	bio1	0.583901	1.322414	6.638990
MGYG000001890__gradient_L6_resistant_starch_gapseq	1434	1636	443	bio1	1.103724	1.325943	6.502484
MGYG000001890__gradient_L7_bglucan_gapseq	1434	1636	443	bio1	1.103724	1.426616	6.627884
MGYG000001890__gradient_L8_hmo_gapseq	1434	1636	443	bio1	1.103724	1.442720	6.514014
MGYG000001890__gradient_L9_mos_gapseq	1434	1636	443	bio1	1.103724	1.435153	6.473336
MGYG000001896__gradient_L0_base_gapseq	1019	1125	245	bio1	0.000000	1.005248	0.040828
MGYG000001896__gradient_L1_inulin_gapseq	1019	1125	245	bio1	0.000000	0.878636	0.039966
MGYG000001896__gradient_L2_fos_gapseq	1019	1125	245	bio1	0.000000	0.909108	0.040374
MGYG000001896__gradient_L3_gos_gapseq	1019	1125	245	bio1	0.000000	0.975700	0.045169
MGYG000001896__gradient_L4_xos_gapseq	1019	1125	245	bio1	0.000000	0.869244	0.048106
MGYG000001896__gradient_L5_pectin_gapseq	1019	1125	245	bio1	0.000000	0.868931	0.041323
MGYG000001896__gradient_L6_resistant_starch_gapseq	1019	1125	245	bio1	0.000000	1.017843	0.042534
MGYG000001896__gradient_L7_bglucan_gapseq	1019	1125	245	bio1	0.000000	0.871709	0.041672
MGYG000001896__gradient_L8_hmo_gapseq	1019	1125	245	bio1	0.000000	0.880078	0.189724
MGYG000001896__gradient_L9_mos_gapseq	1019	1125	245	bio1	0.000000	0.881556	0.045608
MGYG000001898__gradient_L0_base_gapseq	1366	1547	421	bio1	0.000000	1.334326	0.073172
MGYG000001898__gradient_L1_inulin_gapseq	1366	1547	421	bio1	0.000000	1.252089	0.073919
MGYG000001898__gradient_L2_fos_gapseq	1366	1547	421	bio1	0.000000	1.338984	0.074298
MGYG000001898__gradient_L3_gos_gapseq	1366	1547	421	bio1	0.000000	1.259374	0.074889
MGYG000001898__gradient_L4_xos_gapseq	1366	1547	421	bio1	0.000000	1.351421	0.077137
MGYG000001898__gradient_L5_pectin_gapseq	1366	1547	421	bio1	0.000000	1.263955	0.076382
MGYG000001898__gradient_L6_resistant_starch_gapseq	1366	1547	421	bio1	2.119138	1.387188	5.632044
MGYG000001898__gradient_L7_bglucan_gapseq	1366	1547	421	bio1	2.119138	1.419810	5.652553
MGYG000001898__gradient_L8_hmo_gapseq	1366	1547	421	bio1	2.119138	1.221025	5.728493
MGYG000001898__gradient_L9_mos_gapseq	1366	1547	421	bio1	2.280635	1.235875	5.703452
MGYG000001917__gradient_L0_base_gapseq	660	631	81	bio1	0.000000	0.461185	0.019191
MGYG000001917__gradient_L1_inulin_gapseq	660	631	81	bio1	0.000000	0.476327	0.016339
MGYG000001917__gradient_L2_fos_gapseq	660	631	81	bio1	0.000000	0.484127	0.021796
MGYG000001917__gradient_L3_gos_gapseq	660	631	81	bio1	0.000000	0.624245	0.016612
MGYG000001917__gradient_L4_xos_gapseq	660	631	81	bio1	0.000000	0.482487	0.016293
MGYG000001917__gradient_L5_pectin_gapseq	660	631	81	bio1	0.000000	0.483116	0.021713
MGYG000001917__gradient_L6_resistant_starch_gapseq	660	631	81	bio1	0.000000	0.481011	0.022609
MGYG000001917__gradient_L7_bglucan_gapseq	660	631	81	bio1	0.000000	0.476410	0.021238
MGYG000001917__gradient_L8_hmo_gapseq	660	631	81	bio1	0.000000	0.626337	0.023189
MGYG000001917__gradient_L9_mos_gapseq	660	631	81	bio1	0.000000	0.472112	0.020406
MGYG000001926__gradient_L0_base_gapseq	637	616	88	bio1	0.000000	0.459235	0.022083
MGYG000001926__gradient_L1_inulin_gapseq	637	616	88	bio1	0.000000	0.453507	0.021120
MGYG000001926__gradient_L2_fos_gapseq	637	616	88	bio1	0.000000	0.461667	0.015776
MGYG000001926__gradient_L3_gos_gapseq	637	616	88	bio1	0.000000	0.459744	0.021153
MGYG000001926__gradient_L4_xos_gapseq	637	616	88	bio1	0.000000	0.547317	0.020591
MGYG000001926__gradient_L5_pectin_gapseq	637	616	88	bio1	0.000000	0.460239	0.016241
MGYG000001926__gradient_L6_resistant_starch_gapseq	637	616	88	bio1	0.000000	0.474485	0.025253
MGYG000001926__gradient_L7_bglucan_gapseq	637	616	88	bio1	0.000000	0.451090	0.017347
MGYG000001926__gradient_L8_hmo_gapseq	637	616	88	bio1	0.000000	0.457481	0.016164
MGYG000001926__gradient_L9_mos_gapseq	637	616	88	bio1	0.000000	0.463003	0.015743
MGYG000001930__gradient_L0_base_gapseq	889	995	172	bio1	0.000000	0.754051	0.030781
MGYG000001930__gradient_L1_inulin_gapseq	889	995	172	bio1	0.291068	0.838799	2.466539
MGYG000001930__gradient_L2_fos_gapseq	889	995	172	bio1	0.291068	0.755499	2.448919
MGYG000001930__gradient_L3_gos_gapseq	889	995	172	bio1	0.591242	0.857436	2.497662
MGYG000001930__gradient_L4_xos_gapseq	889	995	172	bio1	0.591242	0.754588	2.469466
MGYG000001930__gradient_L5_pectin_gapseq	889	995	172	bio1	0.591242	0.748733	2.570010
MGYG000001930__gradient_L6_resistant_starch_gapseq	889	995	172	bio1	0.994383	0.757273	2.480840
MGYG000001930__gradient_L7_bglucan_gapseq	889	995	172	bio1	0.994383	0.766470	2.458442
MGYG000001930__gradient_L8_hmo_gapseq	889	995	172	bio1	0.994383	0.839363	2.476788
MGYG000001930__gradient_L9_mos_gapseq	889	995	172	bio1	0.994383	0.759698	2.446914
MGYG000001934__gradient_L0_base_gapseq	980	1064	243	bio1	0.000000	0.829027	0.038856
MGYG000001934__gradient_L1_inulin_gapseq	980	1064	243	bio1	0.000000	0.836565	0.039302
MGYG000001934__gradient_L2_fos_gapseq	980	1064	243	bio1	0.000000	0.986434	0.039815
MGYG000001934__gradient_L3_gos_gapseq	980	1064	243	bio1	1.068353	0.849327	2.788553
MGYG000001934__gradient_L4_xos_gapseq	980	1064	243	bio1	1.214317	1.143129	2.803093
MGYG000001934__gradient_L5_pectin_gapseq	980	1064	243	bio1	1.214317	0.825655	2.776031
MGYG000001934__gradient_L6_resistant_starch_gapseq	980	1064	243	bio1	1.843968	0.922175	2.773320
MGYG000001934__gradient_L7_bglucan_gapseq	980	1064	243	bio1	1.843968	0.845054	2.794911
MGYG000001934__gradient_L8_hmo_gapseq	980	1064	243	bio1	1.843968	0.921901	2.753582
MGYG000001934__gradient_L9_mos_gapseq	980	1064	243	bio1	1.951909	0.820382	2.775065
MGYG000001971__gradient_L0_base_gapseq	1520	1753	511	bio1	0.779134	1.555945	7.387166
MGYG000001971__gradient_L1_inulin_gapseq	1520	1753	511	bio1	1.005581	1.546699	7.324674
MGYG000001971__gradient_L2_fos_gapseq	1520	1753	511	bio1	1.005581	1.568156	7.338808
MGYG000001971__gradient_L3_gos_gapseq	1520	1753	511	bio1	1.221065	1.578385	7.358221
MGYG000001971__gradient_L4_xos_gapseq	1520	1753	511	bio1	1.234967	1.553506	7.418847
MGYG000001971__gradient_L5_pectin_gapseq	1520	1753	511	bio1	1.234967	1.592658	7.421362
MGYG000001971__gradient_L6_resistant_starch_gapseq	1520	1753	511	bio1	1.737762	1.454236	7.476144
MGYG000001971__gradient_L7_bglucan_gapseq	1520	1753	511	bio1	1.737762	1.452575	7.457587
MGYG000001971__gradient_L8_hmo_gapseq	1520	1753	511	bio1	1.737762	1.449960	7.422232
MGYG000001971__gradient_L9_mos_gapseq	1520	1753	511	bio1	1.848980	1.434855	7.385651
MGYG000001972__gradient_L0_base_gapseq	1288	1540	391	bio1	0.443771	1.316619	5.724831
MGYG000001972__gradient_L1_inulin_gapseq	1288	1540	391	bio1	0.566589	1.317205	5.712337
MGYG000001972__gradient_L2_fos_gapseq	1288	1540	391	bio1	0.566589	1.230467	5.841580
MGYG000001972__gradient_L3_gos_gapseq	1288	1540	391	bio1	0.566589	1.222339	5.823092
MGYG000001972__gradient_L4_xos_gapseq	1288	1540	391	bio1	0.669685	1.256422	5.751568
MGYG000001972__gradient_L5_pectin_gapseq	1288	1540	391	bio1	0.669685	1.299461	5.836903
MGYG000001972__gradient_L6_resistant_starch_gapseq	1288	1540	391	bio1	0.971739	1.318889	5.751036
MGYG000001972__gradient_L7_bglucan_gapseq	1288	1540	391	bio1	1.115860	1.210803	5.832364
MGYG000001972__gradient_L8_hmo_gapseq	1288	1540	391	bio1	1.115860	1.242196	5.693068
MGYG000001972__gradient_L9_mos_gapseq	1288	1540	391	bio1	1.207218	1.355025	5.719426
MGYG000001988__gradient_L0_base_gapseq	1281	1561	529	bio1	0.000000	1.271133	0.075922
MGYG000001988__gradient_L1_inulin_gapseq	1281	1561	529	bio1	0.000000	1.386128	0.077633
MGYG000001988__gradient_L2_fos_gapseq	1281	1561	529	bio1	0.000000	1.278035	0.080707
MGYG000001988__gradient_L3_gos_gapseq	1281	1561	529	bio1	0.000000	1.406282	0.078851
MGYG000001988__gradient_L4_xos_gapseq	1281	1561	529	bio1	1.361109	1.288629	5.656863
MGYG000001988__gradient_L5_pectin_gapseq	1281	1561	529	bio1	1.361109	1.414101	5.705937
MGYG000001988__gradient_L6_resistant_starch_gapseq	1281	1561	529	bio1	2.002810	1.443352	5.698272
MGYG000001988__gradient_L7_bglucan_gapseq	1281	1561	529	bio1	2.209310	1.373149	5.637486
MGYG000001988__gradient_L8_hmo_gapseq	1281	1561	529	bio1	2.209310	1.284755	5.850787
MGYG000001988__gradient_L9_mos_gapseq	1281	1561	529	bio1	2.209310	1.269247	5.769937
MGYG000001995__gradient_L0_base_gapseq	1531	1808	523	bio1	0.000000	1.564086	0.088188
MGYG000001995__gradient_L1_inulin_gapseq	1531	1808	523	bio1	0.000000	1.454932	0.163023
MGYG000001995__gradient_L2_fos_gapseq	1531	1808	523	bio1	0.000000	1.443260	0.091019
MGYG000001995__gradient_L3_gos_gapseq	1531	1808	523	bio1	1.974386	1.567654	7.819349
MGYG000001995__gradient_L4_xos_gapseq	1531	1808	523	bio1	2.072800	1.564968	7.754070
MGYG000001995__gradient_L5_pectin_gapseq	1531	1808	523	bio1	2.126253	1.580556	7.749709
MGYG000001995__gradient_L6_resistant_starch_gapseq	1531	1808	523	bio1	2.276100	1.450309	7.875974
MGYG000001995__gradient_L7_bglucan_gapseq	1531	1808	523	bio1	2.276100	1.475434	7.844586
MGYG000001995__gradient_L8_hmo_gapseq	1531	1808	523	bio1	2.276100	1.430082	7.771310
MGYG000001995__gradient_L9_mos_gapseq	1531	1808	523	bio1	2.276100	1.464225	7.705744
MGYG000002025__gradient_L0_base_gapseq	1265	1472	403	bio1	0.000000	1.304770	0.070276
MGYG000002025__gradient_L1_inulin_gapseq	1265	1472	403	bio1	0.000000	1.174277	0.068693
MGYG000002025__gradient_L2_fos_gapseq	1265	1472	403	bio1	0.000000	1.271498	0.070136
MGYG000002025__gradient_L3_gos_gapseq	1265	1472	403	bio1	0.757198	1.201070	5.166717
MGYG000002025__gradient_L4_xos_gapseq	1265	1472	403	bio1	0.757198	1.301020	5.249638
MGYG000002025__gradient_L5_pectin_gapseq	1265	1472	403	bio1	0.757198	1.334981	5.192790
MGYG000002025__gradient_L6_resistant_starch_gapseq	1265	1472	403	bio1	1.083570	1.208274	5.264924
MGYG000002025__gradient_L7_bglucan_gapseq	1265	1472	403	bio1	1.083570	1.185635	5.133050
MGYG000002025__gradient_L8_hmo_gapseq	1265	1472	403	bio1	1.166361	1.271579	5.169428
MGYG000002025__gradient_L9_mos_gapseq	1265	1472	403	bio1	1.166361	1.290957	5.158668
MGYG000002040__gradient_L0_base_gapseq	1304	1460	356	bio1	0.416661	1.299277	5.201922
MGYG000002040__gradient_L1_inulin_gapseq	1304	1460	356	bio1	0.554026	1.273555	5.169922
MGYG000002040__gradient_L2_fos_gapseq	1304	1460	356	bio1	0.554026	1.195657	5.256433
MGYG000002040__gradient_L3_gos_gapseq	1304	1460	356	bio1	0.787894	1.187415	5.158560
MGYG000002040__gradient_L4_xos_gapseq	1304	1460	356	bio1	0.787894	1.252815	5.192449
MGYG000002040__gradient_L5_pectin_gapseq	1304	1460	356	bio1	0.787894	1.176866	5.274265
MGYG000002040__gradient_L6_resistant_starch_gapseq	1304	1460	356	bio1	0.910525	1.211905	5.237027
MGYG000002040__gradient_L7_bglucan_gapseq	1304	1460	356	bio1	0.910525	1.295826	5.226348
MGYG000002040__gradient_L8_hmo_gapseq	1304	1460	356	bio1	0.910525	1.286470	5.160417
MGYG000002040__gradient_L9_mos_gapseq	1304	1460	356	bio1	0.910525	1.200741	5.275228
MGYG000002044__gradient_L0_base_gapseq	1149	1233	257	bio1	0.000000	1.006454	0.044923
MGYG000002044__gradient_L1_inulin_gapseq	1149	1233	257	bio1	0.000000	1.116420	0.041307
MGYG000002044__gradient_L2_fos_gapseq	1149	1233	257	bio1	0.000000	1.010302	0.045096
MGYG000002044__gradient_L3_gos_gapseq	1149	1233	257	bio1	0.000000	1.099336	0.040486
MGYG000002044__gradient_L4_xos_gapseq	1149	1233	257	bio1	0.000000	1.010252	0.044703
MGYG000002044__gradient_L5_pectin_gapseq	1149	1233	257	bio1	0.000000	1.000106	0.041454
MGYG000002044__gradient_L6_resistant_starch_gapseq	1149	1233	257	bio1	0.133114	1.115187	3.916677
MGYG000002044__gradient_L7_bglucan_gapseq	1149	1233	257	bio1	0.133114	1.015169	4.147075
MGYG000002044__gradient_L8_hmo_gapseq	1149	1233	257	bio1	0.133114	1.016737	3.925190
MGYG000002044__gradient_L9_mos_gapseq	1149	1233	257	bio1	0.169838	1.086100	3.913605
MGYG000002054__gradient_L0_base_gapseq	1157	1263	309	bio1	0.404680	1.118622	3.962590
MGYG000002054__gradient_L1_inulin_gapseq	1157	1263	309	bio1	0.501035	1.013089	3.987739
MGYG000002054__gradient_L2_fos_gapseq	1157	1263	309	bio1	0.501035	1.115876	3.954648
MGYG000002054__gradient_L3_gos_gapseq	1157	1263	309	bio1	0.674473	1.029569	4.080683
MGYG000002054__gradient_L4_xos_gapseq	1157	1263	309	bio1	0.703380	1.020692	3.954249
MGYG000002054__gradient_L5_pectin_gapseq	1157	1263	309	bio1	0.703380	1.094790	4.035507
MGYG000002054__gradient_L6_resistant_starch_gapseq	1157	1263	309	bio1	1.108272	1.033662	3.984786
MGYG000002054__gradient_L7_bglucan_gapseq	1157	1263	309	bio1	1.108272	1.120575	3.971030
MGYG000002054__gradient_L8_hmo_gapseq	1157	1263	309	bio1	1.108272	1.007926	4.058478
MGYG000002054__gradient_L9_mos_gapseq	1157	1263	309	bio1	1.202795	1.016244	3.960251
MGYG000002058__gradient_L0_base_gapseq	1158	1283	310	bio1	0.571670	1.019492	3.984744
MGYG000002058__gradient_L1_inulin_gapseq	1158	1283	310	bio1	0.800342	1.106025	3.970320
MGYG000002058__gradient_L2_fos_gapseq	1158	1283	310	bio1	0.800342	1.033518	3.969370
MGYG000002058__gradient_L3_gos_gapseq	1158	1283	310	bio1	1.000261	1.135912	3.980637
MGYG000002058__gradient_L4_xos_gapseq	1158	1283	310	bio1	1.000261	1.058970	4.086143
MGYG000002058__gradient_L5_pectin_gapseq	1158	1283	310	bio1	1.000261	1.019033	4.095279
MGYG000002058__gradient_L6_resistant_starch_gapseq	1158	1283	310	bio1	1.474926	1.128163	3.949337
MGYG000002058__gradient_L7_bglucan_gapseq	1158	1283	310	bio1	1.474926	1.031370	4.063860
MGYG000002058__gradient_L8_hmo_gapseq	1158	1283	310	bio1	1.474926	1.021814	3.960126
MGYG000002058__gradient_L9_mos_gapseq	1158	1283	310	bio1	1.586067	1.114155	3.971619
MGYG000002099__gradient_L0_base_gapseq	1356	1525	386	bio1	0.000000	1.242730	0.075056
MGYG000002099__gradient_L1_inulin_gapseq	1356	1525	386	bio1	0.000000	1.342200	0.066933
MGYG000002099__gradient_L2_fos_gapseq	1356	1525	386	bio1	0.000000	1.262737	0.063427
MGYG000002099__gradient_L3_gos_gapseq	1356	1525	386	bio1	1.133868	1.332440	5.534844
MGYG000002099__gradient_L4_xos_gapseq	1356	1525	386	bio1	1.241258	1.345849	5.545449
MGYG000002099__gradient_L5_pectin_gapseq	1356	1525	386	bio1	1.304912	1.356931	5.614296
MGYG000002099__gradient_L6_resistant_starch_gapseq	1356	1525	386	bio1	2.049673	1.242726	5.698672
MGYG000002099__gradient_L7_bglucan_gapseq	1356	1525	386	bio1	2.310658	1.249184	5.526722
MGYG000002099__gradient_L8_hmo_gapseq	1356	1525	386	bio1	2.310658	1.345555	5.555737
MGYG000002099__gradient_L9_mos_gapseq	1356	1525	386	bio1	2.446454	1.353497	5.548407
MGYG000002110__gradient_L0_base_gapseq	1188	1313	318	bio1	0.805683	1.048976	4.330084
MGYG000002110__gradient_L1_inulin_gapseq	1188	1313	318	bio1	1.099793	1.141239	4.374342
MGYG000002110__gradient_L2_fos_gapseq	1188	1313	318	bio1	1.099793	1.067293	4.439032
MGYG000002110__gradient_L3_gos_gapseq	1188	1313	318	bio1	1.315265	1.087929	4.309900
MGYG000002110__gradient_L4_xos_gapseq	1188	1313	318	bio1	1.315265	1.165991	4.320221
MGYG000002110__gradient_L5_pectin_gapseq	1188	1313	318	bio1	1.315265	1.054569	4.421835
MGYG000002110__gradient_L6_resistant_starch_gapseq	1188	1313	318	bio1	1.936990	1.045891	4.319753
MGYG000002110__gradient_L7_bglucan_gapseq	1188	1313	318	bio1	1.936990	1.144380	4.324162
MGYG000002110__gradient_L8_hmo_gapseq	1188	1313	318	bio1	1.936990	1.055090	4.427880
MGYG000002110__gradient_L9_mos_gapseq	1188	1313	318	bio1	2.080638	1.049857	4.338191
MGYG000002129__gradient_L0_base_gapseq	1036	1079	246	bio1	0.000000	0.853019	0.040277
MGYG000002129__gradient_L1_inulin_gapseq	1036	1079	246	bio1	0.000000	0.847020	0.041806
MGYG000002129__gradient_L2_fos_gapseq	1036	1079	246	bio1	0.000000	0.940961	0.042163
MGYG000002129__gradient_L3_gos_gapseq	1036	1079	246	bio1	0.000000	0.858115	0.041433
MGYG000002129__gradient_L4_xos_gapseq	1036	1079	246	bio1	0.647737	0.858147	2.956042
MGYG000002129__gradient_L5_pectin_gapseq	1036	1079	246	bio1	0.647737	0.975990	3.018872
MGYG000002129__gradient_L6_resistant_starch_gapseq	1036	1079	246	bio1	1.226538	0.847335	2.924896
MGYG000002129__gradient_L7_bglucan_gapseq	1036	1079	246	bio1	1.226538	0.964789	2.938172
MGYG000002129__gradient_L8_hmo_gapseq	1036	1079	246	bio1	1.226538	0.864960	2.926565
MGYG000002129__gradient_L9_mos_gapseq	1036	1079	246	bio1	1.226538	0.946051	2.923918
MGYG000002131__gradient_L0_base_gapseq	1253	1402	333	bio1	0.139527	1.124460	4.998590
MGYG000002131__gradient_L1_inulin_gapseq	1253	1402	333	bio1	0.139527	1.286680	4.896771
MGYG000002131__gradient_L2_fos_gapseq	1253	1402	333	bio1	0.139527	1.214219	4.934509
MGYG000002131__gradient_L3_gos_gapseq	1253	1402	333	bio1	0.348833	1.140184	4.978484
MGYG000002131__gradient_L4_xos_gapseq	1253	1402	333	bio1	0.389344	1.152367	4.874001
MGYG000002131__gradient_L5_pectin_gapseq	1253	1402	333	bio1	0.389344	1.201031	4.852806
MGYG000002131__gradient_L6_resistant_starch_gapseq	1253	1402	333	bio1	0.814707	1.171988	4.947439
MGYG000002131__gradient_L7_bglucan_gapseq	1253	1402	333	bio1	0.969999	1.122834	4.904663
MGYG000002131__gradient_L8_hmo_gapseq	1253	1402	333	bio1	0.969999	1.297187	4.877878
MGYG000002131__gradient_L9_mos_gapseq	1253	1402	333	bio1	1.041472	1.167076	4.997823
MGYG000002133__gradient_L0_base_gapseq	1381	1581	369	bio1	0.440617	1.323429	6.132635
MGYG000002133__gradient_L1_inulin_gapseq	1381	1581	369	bio1	0.534740	1.372831	6.030541
MGYG000002133__gradient_L2_fos_gapseq	1381	1581	369	bio1	0.534740	1.355909	6.047123
MGYG000002133__gradient_L3_gos_gapseq	1381	1581	369	bio1	0.752906	1.258198	6.190136
MGYG000002133__gradient_L4_xos_gapseq	1381	1581	369	bio1	0.859180	1.269319	6.044684
MGYG000002133__gradient_L5_pectin_gapseq	1381	1581	369	bio1	0.890918	1.340449	6.063958
MGYG000002133__gradient_L6_resistant_starch_gapseq	1381	1581	369	bio1	1.118579	1.344033	6.155993
MGYG000002133__gradient_L7_bglucan_gapseq	1381	1581	369	bio1	1.255363	1.264798	6.172104
MGYG000002133__gradient_L8_hmo_gapseq	1381	1581	369	bio1	1.255363	1.255240	6.001898
MGYG000002133__gradient_L9_mos_gapseq	1381	1581	369	bio1	1.340473	1.338968	6.107380
MGYG000002139__gradient_L0_base_gapseq	825	765	103	bio1	0.000000	0.600821	0.025718
MGYG000002139__gradient_L1_inulin_gapseq	825	765	103	bio1	0.193947	0.606236	1.590327
MGYG000002139__gradient_L2_fos_gapseq	825	765	103	bio1	0.193947	0.702888	1.577201
MGYG000002139__gradient_L3_gos_gapseq	825	765	103	bio1	0.193947	0.611969	1.615072
MGYG000002139__gradient_L4_xos_gapseq	825	765	103	bio1	0.193947	0.604315	1.620551
MGYG000002139__gradient_L5_pectin_gapseq	825	765	103	bio1	0.193947	0.695515	1.579604
MGYG000002139__gradient_L6_resistant_starch_gapseq	825	765	103	bio1	0.193947	0.623262	1.580462
MGYG000002139__gradient_L7_bglucan_gapseq	825	765	103	bio1	0.193947	0.606904	1.664951
MGYG000002139__gradient_L8_hmo_gapseq	825	765	103	bio1	0.193947	0.607286	1.592212
MGYG000002139__gradient_L9_mos_gapseq	825	765	103	bio1	0.193947	0.610844	1.568312
MGYG000002146__gradient_L0_base_gapseq	1156	1260	291	bio1	0.000000	1.139965	0.046970
MGYG000002146__gradient_L1_inulin_gapseq	1156	1260	291	bio1	0.508077	1.041661	3.949111
MGYG000002146__gradient_L2_fos_gapseq	1156	1260	291	bio1	0.508077	1.120552	3.926037
MGYG000002146__gradient_L3_gos_gapseq	1156	1260	291	bio1	0.508077	1.031328	4.011625
MGYG000002146__gradient_L4_xos_gapseq	1156	1260	291	bio1	0.528068	1.031512	3.936211
MGYG000002146__gradient_L5_pectin_gapseq	1156	1260	291	bio1	0.528068	1.104704	4.018351
MGYG000002146__gradient_L6_resistant_starch_gapseq	1156	1260	291	bio1	0.694314	1.032845	3.913500
MGYG000002146__gradient_L7_bglucan_gapseq	1156	1260	291	bio1	0.694314	1.200313	3.929529
MGYG000002146__gradient_L8_hmo_gapseq	1156	1260	291	bio1	0.694314	1.035436	4.003152
MGYG000002146__gradient_L9_mos_gapseq	1156	1260	291	bio1	0.694314	1.023830	3.936363
MGYG000002154__gradient_L0_base_gapseq	1167	1282	355	bio1	0.412444	1.051511	4.060290
MGYG000002154__gradient_L1_inulin_gapseq	1167	1282	355	bio1	0.681884	1.120198	4.051839
MGYG000002154__gradient_L2_fos_gapseq	1167	1282	355	bio1	0.681884	1.044345	4.157247
MGYG000002154__gradient_L3_gos_gapseq	1167	1282	355	bio1	0.910930	1.040808	4.059112
MGYG000002154__gradient_L4_xos_gapseq	1167	1282	355	bio1	0.966139	1.130603	4.101011
MGYG000002154__gradient_L5_pectin_gapseq	1167	1282	355	bio1	0.966139	1.020313	4.048670
MGYG000002154__gradient_L6_resistant_starch_gapseq	1167	1282	355	bio1	1.333654	1.155388	4.035387
MGYG000002154__gradient_L7_bglucan_gapseq	1167	1282	355	bio1	1.333654	1.029275	4.163918
MGYG000002154__gradient_L8_hmo_gapseq	1167	1282	355	bio1	1.333654	1.031335	4.037045
MGYG000002154__gradient_L9_mos_gapseq	1167	1282	355	bio1	1.333654	1.120749	4.045463
MGYG000002159__gradient_L0_base_gapseq	1230	1381	306	bio1	0.277943	1.118442	4.640834
MGYG000002159__gradient_L1_inulin_gapseq	1230	1381	306	bio1	0.441693	1.109468	4.543000
MGYG000002159__gradient_L2_fos_gapseq	1230	1381	306	bio1	0.441693	1.191076	4.544952
MGYG000002159__gradient_L3_gos_gapseq	1230	1381	306	bio1	0.735403	1.131061	4.729132
MGYG000002159__gradient_L4_xos_gapseq	1230	1381	306	bio1	0.735403	1.104230	4.550527
MGYG000002159__gradient_L5_pectin_gapseq	1230	1381	306	bio1	0.735403	1.223669	4.526989
MGYG000002159__gradient_L6_resistant_starch_gapseq	1230	1381	306	bio1	1.349807	1.105267	4.654996
MGYG000002159__gradient_L7_bglucan_gapseq	1230	1381	306	bio1	1.349807	1.110778	4.526993
MGYG000002159__gradient_L8_hmo_gapseq	1230	1381	306	bio1	1.349807	1.193562	4.536391
MGYG000002159__gradient_L9_mos_gapseq	1230	1381	306	bio1	1.349807	1.211203	4.546964
MGYG000002162__gradient_L0_base_gapseq	933	940	258	bio1	0.131955	0.741173	2.340164
MGYG000002162__gradient_L1_inulin_gapseq	933	940	258	bio1	0.131955	0.847367	2.345937
MGYG000002162__gradient_L2_fos_gapseq	933	940	258	bio1	0.131955	0.729504	2.325941
MGYG000002162__gradient_L3_gos_gapseq	933	940	258	bio1	0.131955	0.832642	2.331155
MGYG000002162__gradient_L4_xos_gapseq	933	940	258	bio1	0.131955	0.756997	2.363645
MGYG000002162__gradient_L5_pectin_gapseq	933	940	258	bio1	0.131955	0.737766	2.506922
MGYG000002162__gradient_L6_resistant_starch_gapseq	933	940	258	bio1	0.131955	0.728818	2.329601
MGYG000002162__gradient_L7_bglucan_gapseq	933	940	258	bio1	0.131955	0.739043	2.326723
MGYG000002162__gradient_L8_hmo_gapseq	933	940	258	bio1	0.131955	0.806658	2.348114
MGYG000002162__gradient_L9_mos_gapseq	933	940	258	bio1	0.131955	0.721773	2.368788
MGYG000002166__gradient_L0_base_gapseq	649	604	83	bio1	0.000000	0.453698	0.014818
MGYG000002166__gradient_L1_inulin_gapseq	649	604	83	bio1	0.000000	0.527707	0.015009
MGYG000002166__gradient_L2_fos_gapseq	649	604	83	bio1	0.000000	0.443025	0.015376
MGYG000002166__gradient_L3_gos_gapseq	649	604	83	bio1	0.000000	0.445497	0.019311
MGYG000002166__gradient_L4_xos_gapseq	649	604	83	bio1	0.000000	0.465563	0.014744
MGYG000002166__gradient_L5_pectin_gapseq	649	604	83	bio1	0.000000	0.451633	0.014611
MGYG000002166__gradient_L6_resistant_starch_gapseq	649	604	83	bio1	0.000000	0.452573	0.014581
MGYG000002166__gradient_L7_bglucan_gapseq	649	604	83	bio1	0.000000	0.528130	0.014634
MGYG000002166__gradient_L8_hmo_gapseq	649	604	83	bio1	0.000000	0.457376	0.014554
MGYG000002166__gradient_L9_mos_gapseq	649	604	83	bio1	0.000000	0.449757	0.014688
MGYG000002173__gradient_L0_base_gapseq	1026	1065	204	bio1	0.000000	0.843945	0.040233
MGYG000002173__gradient_L1_inulin_gapseq	1026	1065	204	bio1	0.568026	0.942349	2.963861
MGYG000002173__gradient_L2_fos_gapseq	1026	1065	204	bio1	0.568026	0.847002	2.891513
MGYG000002173__gradient_L3_gos_gapseq	1026	1065	204	bio1	0.695498	0.960581	2.880589
MGYG000002173__gradient_L4_xos_gapseq	1026	1065	204	bio1	0.801182	0.848692	2.869377
MGYG000002173__gradient_L5_pectin_gapseq	1026	1065	204	bio1	0.801182	0.945276	2.902402
MGYG000002173__gradient_L6_resistant_starch_gapseq	1026	1065	204	bio1	0.994383	0.859540	2.908032
MGYG000002173__gradient_L7_bglucan_gapseq	1026	1065	204	bio1	0.994383	0.934696	2.873489
MGYG000002173__gradient_L8_hmo_gapseq	1026	1065	204	bio1	0.994383	0.852213	2.915682
MGYG000002173__gradient_L9_mos_gapseq	1026	1065	204	bio1	0.994383	0.932279	2.889357
MGYG000002187__gradient_L0_base_gapseq	1166	1324	328	bio1	0.730744	1.162730	4.471663
MGYG000002187__gradient_L1_inulin_gapseq	1166	1324	328	bio1	1.024688	1.050823	4.486355
MGYG000002187__gradient_L2_fos_gapseq	1166	1324	328	bio1	1.024688	1.054191	4.356227
MGYG000002187__gradient_L3_gos_gapseq	1166	1324	328	bio1	1.318094	1.127317	4.410702
MGYG000002187__gradient_L4_xos_gapseq	1166	1324	328	bio1	1.318094	1.072592	4.494143
MGYG000002187__gradient_L5_pectin_gapseq	1166	1324	328	bio1	1.318094	1.050733	4.373055
MGYG000002187__gradient_L6_resistant_starch_gapseq	1166	1324	328	bio1	1.933802	1.125733	4.355227
MGYG000002187__gradient_L7_bglucan_gapseq	1166	1324	328	bio1	1.933802	1.047273	4.513945
MGYG000002187__gradient_L8_hmo_gapseq	1166	1324	328	bio1	1.933802	1.062671	4.406148
MGYG000002187__gradient_L9_mos_gapseq	1166	1324	328	bio1	2.076060	1.154660	4.417631
MGYG000002197__gradient_L0_base_gapseq	931	986	218	bio1	0.144402	0.787392	2.478488
MGYG000002197__gradient_L1_inulin_gapseq	931	986	218	bio1	0.282677	0.784617	2.500427
MGYG000002197__gradient_L2_fos_gapseq	931	986	218	bio1	0.282677	0.769455	2.426906
MGYG000002197__gradient_L3_gos_gapseq	931	986	218	bio1	0.282677	0.795248	2.431589
MGYG000002197__gradient_L4_xos_gapseq	931	986	218	bio1	0.302172	0.882239	2.452591
MGYG000002197__gradient_L5_pectin_gapseq	931	986	218	bio1	0.302172	0.771164	2.453828
MGYG000002197__gradient_L6_resistant_starch_gapseq	931	986	218	bio1	0.302172	0.851377	2.457154
MGYG000002197__gradient_L7_bglucan_gapseq	931	986	218	bio1	0.302172	0.771727	2.437024
MGYG000002197__gradient_L8_hmo_gapseq	931	986	218	bio1	0.302172	0.855339	2.465788
MGYG000002197__gradient_L9_mos_gapseq	931	986	218	bio1	0.302172	0.780082	2.426336
MGYG000002227__gradient_L0_base_gapseq	1246	1375	279	bio1	0.000000	1.176271	0.058036
MGYG000002227__gradient_L1_inulin_gapseq	1246	1375	279	bio1	0.537892	1.091227	4.645841
MGYG000002227__gradient_L2_fos_gapseq	1246	1375	279	bio1	0.537892	1.214850	4.641901
MGYG000002227__gradient_L3_gos_gapseq	1246	1375	279	bio1	0.537892	1.104601	4.755253
MGYG000002227__gradient_L4_xos_gapseq	1246	1375	279	bio1	0.537892	1.122247	4.632669
MGYG000002227__gradient_L5_pectin_gapseq	1246	1375	279	bio1	0.537892	1.187433	4.659196
MGYG000002227__gradient_L6_resistant_starch_gapseq	1246	1375	279	bio1	1.249844	1.092410	4.758233
MGYG000002227__gradient_L7_bglucan_gapseq	1246	1375	279	bio1	1.483816	1.091709	4.642651
MGYG000002227__gradient_L8_hmo_gapseq	1246	1375	279	bio1	1.483816	1.240304	4.624690
MGYG000002227__gradient_L9_mos_gapseq	1246	1375	279	bio1	1.611801	1.099437	4.766115
MGYG000002244__gradient_L0_base_gapseq	675	638	54	bio1	0.000000	0.488225	0.018485
MGYG000002244__gradient_L1_inulin_gapseq	675	638	54	bio1	0.000000	0.554112	0.018612
MGYG000002244__gradient_L2_fos_gapseq	675	638	54	bio1	0.000000	0.472619	0.018604
MGYG000002244__gradient_L3_gos_gapseq	675	638	54	bio1	0.000000	0.490944	0.019079
MGYG000002244__gradient_L4_xos_gapseq	675	638	54	bio1	0.000000	0.482734	0.022204
MGYG000002244__gradient_L5_pectin_gapseq	675	638	54	bio1	0.000000	0.480601	0.021478
MGYG000002244__gradient_L6_resistant_starch_gapseq	675	638	54	bio1	0.000000	0.487423	0.100831
MGYG000002244__gradient_L7_bglucan_gapseq	675	638	54	bio1	0.000000	0.479207	0.017853
MGYG000002244__gradient_L8_hmo_gapseq	675	638	54	bio1	0.000000	0.475921	0.017732
MGYG000002244__gradient_L9_mos_gapseq	675	638	54	bio1	0.000000	0.484211	0.017934
MGYG000002248__gradient_L0_base_gapseq	603	551	82	bio1	0.000000	0.413685	0.010866
MGYG000002248__gradient_L1_inulin_gapseq	603	551	82	bio1	0.059932	0.513675	0.882229
MGYG000002248__gradient_L2_fos_gapseq	603	551	82	bio1	0.059932	0.417798	0.885458
MGYG000002248__gradient_L3_gos_gapseq	603	551	82	bio1	0.059932	0.421858	0.883477
MGYG000002248__gradient_L4_xos_gapseq	603	551	82	bio1	0.059932	0.416560	0.897036
MGYG000002248__gradient_L5_pectin_gapseq	603	551	82	bio1	0.059932	0.409057	0.976978
MGYG000002248__gradient_L6_resistant_starch_gapseq	603	551	82	bio1	0.059932	0.418214	0.883527
MGYG000002248__gradient_L7_bglucan_gapseq	603	551	82	bio1	0.059932	0.406698	0.882911
MGYG000002248__gradient_L8_hmo_gapseq	603	551	82	bio1	0.059932	0.422608	0.880699
MGYG000002248__gradient_L9_mos_gapseq	603	551	82	bio1	0.059932	0.411041	0.882542
MGYG000002258__gradient_L0_base_gapseq	1191	1286	293	bio1	0.000000	1.062609	0.056197
MGYG000002258__gradient_L1_inulin_gapseq	1191	1286	293	bio1	0.312471	1.104259	4.028342
MGYG000002258__gradient_L2_fos_gapseq	1191	1286	293	bio1	0.312471	1.018330	4.157415
MGYG000002258__gradient_L3_gos_gapseq	1191	1286	293	bio1	0.399156	1.040294	4.046677
MGYG000002258__gradient_L4_xos_gapseq	1191	1286	293	bio1	0.399156	1.120513	4.056781
MGYG000002258__gradient_L5_pectin_gapseq	1191	1286	293	bio1	0.432029	1.047412	4.116746
MGYG000002258__gradient_L6_resistant_starch_gapseq	1191	1286	293	bio1	0.749013	1.048318	4.015990
MGYG000002258__gradient_L7_bglucan_gapseq	1191	1286	293	bio1	0.868763	1.118206	4.018894
MGYG000002258__gradient_L8_hmo_gapseq	1191	1286	293	bio1	0.868763	1.051179	4.039436
MGYG000002258__gradient_L9_mos_gapseq	1191	1286	293	bio1	0.868763	1.145507	4.132634
MGYG000002278__gradient_L0_base_gapseq	1561	1815	480	bio1	1.297223	1.526313	7.946462
MGYG000002278__gradient_L1_inulin_gapseq	1561	1815	480	bio1	1.457375	1.496344	7.984166
MGYG000002278__gradient_L2_fos_gapseq	1561	1815	480	bio1	1.457375	1.525330	7.996708
MGYG000002278__gradient_L3_gos_gapseq	1561	1815	480	bio1	1.811712	1.502715	7.903840
MGYG000002278__gradient_L4_xos_gapseq	1561	1815	480	bio1	1.890582	1.501376	7.933666
MGYG000002278__gradient_L5_pectin_gapseq	1561	1815	480	bio1	1.890582	1.650398	7.798246
MGYG000002278__gradient_L6_resistant_starch_gapseq	1561	1815	480	bio1	2.585829	1.617227	7.821413
MGYG000002278__gradient_L7_bglucan_gapseq	1561	1815	480	bio1	2.815202	1.593726	7.866875
MGYG000002278__gradient_L8_hmo_gapseq	1561	1815	480	bio1	2.975960	1.611058	7.794723
MGYG000002278__gradient_L9_mos_gapseq	1561	1815	480	bio1	2.975960	1.623441	7.820495
MGYG000002298__gradient_L0_base_gapseq	1471	1730	546	bio1	1.003893	1.419329	7.324689
MGYG000002298__gradient_L1_inulin_gapseq	1471	1730	546	bio1	1.285690	1.432118	7.381937
MGYG000002298__gradient_L2_fos_gapseq	1471	1730	546	bio1	1.285690	1.422863	7.288016
MGYG000002298__gradient_L3_gos_gapseq	1471	1730	546	bio1	1.569689	1.530831	7.233461
MGYG000002298__gradient_L4_xos_gapseq	1471	1730	546	bio1	1.642340	1.530212	7.308499
MGYG000002298__gradient_L5_pectin_gapseq	1471	1730	546	bio1	1.642340	1.572799	7.246771
MGYG000002298__gradient_L6_resistant_starch_gapseq	1471	1730	546	bio1	2.248885	1.527902	7.254284
MGYG000002298__gradient_L7_bglucan_gapseq	1471	1730	546	bio1	2.450409	1.523882	7.261159
MGYG000002298__gradient_L8_hmo_gapseq	1471	1730	546	bio1	2.596441	1.545929	7.263474
MGYG000002298__gradient_L9_mos_gapseq	1471	1730	546	bio1	2.596441	1.412118	7.411853
MGYG000002308__gradient_L0_base_gapseq	1223	1296	338	bio1	0.199489	1.041759	4.120427
MGYG000002308__gradient_L1_inulin_gapseq	1223	1296	338	bio1	0.257152	1.139302	4.091432
MGYG000002308__gradient_L2_fos_gapseq	1223	1296	338	bio1	0.257152	1.063520	4.218075
MGYG000002308__gradient_L3_gos_gapseq	1223	1296	338	bio1	0.257152	1.061288	4.120436
MGYG000002308__gradient_L4_xos_gapseq	1223	1296	338	bio1	0.257152	1.155494	4.065512
MGYG000002308__gradient_L5_pectin_gapseq	1223	1296	338	bio1	0.257152	1.044780	4.181017
MGYG000002308__gradient_L6_resistant_starch_gapseq	1223	1296	338	bio1	0.257152	1.055585	4.066803
MGYG000002308__gradient_L7_bglucan_gapseq	1223	1296	338	bio1	0.257152	1.115039	4.131248
MGYG000002308__gradient_L8_hmo_gapseq	1223	1296	338	bio1	0.257152	1.049592	4.150529
MGYG000002308__gradient_L9_mos_gapseq	1223	1296	338	bio1	0.257152	1.035398	4.090965
MGYG000002309__gradient_L0_base_gapseq	1716	2014	539	bio1	0.000000	1.781183	0.132551
MGYG000002309__gradient_L1_inulin_gapseq	1716	2014	539	bio1	0.000000	1.755063	0.142523
MGYG000002309__gradient_L2_fos_gapseq	1716	2014	539	bio1	0.000000	1.757104	0.141570
MGYG000002309__gradient_L3_gos_gapseq	1716	2014	539	bio1	0.000000	1.698609	0.148371
MGYG000002309__gradient_L4_xos_gapseq	1716	2014	539	bio1	0.000000	1.821759	0.142931
MGYG000002309__gradient_L5_pectin_gapseq	1716	2014	539	bio1	0.000000	1.822997	0.143702
MGYG000002309__gradient_L6_resistant_starch_gapseq	1716	2014	539	bio1	0.000000	1.669340	0.277873
MGYG000002309__gradient_L7_bglucan_gapseq	1716	2014	539	bio1	0.000000	1.705362	0.140683
MGYG000002309__gradient_L8_hmo_gapseq	1716	2014	539	bio1	0.000000	1.785627	0.147326
MGYG000002309__gradient_L9_mos_gapseq	1716	2014	539	bio1	0.000000	1.829510	0.140780
MGYG000002321__gradient_L0_base_gapseq	1343	1501	331	bio1	0.000000	1.311966	0.063700
MGYG000002321__gradient_L1_inulin_gapseq	1343	1501	331	bio1	0.000000	1.236349	0.070268
MGYG000002321__gradient_L2_fos_gapseq	1343	1501	331	bio1	0.000000	1.287490	0.069959
MGYG000002321__gradient_L3_gos_gapseq	1343	1501	331	bio1	0.000000	1.215943	0.075454
MGYG000002321__gradient_L4_xos_gapseq	1343	1501	331	bio1	0.934241	1.300775	5.431222
MGYG000002321__gradient_L5_pectin_gapseq	1343	1501	331	bio1	0.934241	1.222681	5.555716
MGYG000002321__gradient_L6_resistant_starch_gapseq	1343	1501	331	bio1	1.548564	1.242933	5.449763
MGYG000002321__gradient_L7_bglucan_gapseq	1343	1501	331	bio1	1.754010	1.358085	5.585094
MGYG000002321__gradient_L8_hmo_gapseq	1343	1501	331	bio1	1.754010	1.312048	5.440114
MGYG000002321__gradient_L9_mos_gapseq	1343	1501	331	bio1	1.895392	1.255218	5.557900
MGYG000002322	0	0	0	NONE	0.000000	0.000000	0.000000
MGYG000002333__gradient_L0_base_gapseq	1218	1332	367	bio1	0.282614	1.083656	4.431058
MGYG000002333__gradient_L1_inulin_gapseq	1218	1332	367	bio1	0.282614	1.314083	4.438166
MGYG000002333__gradient_L2_fos_gapseq	1218	1332	367	bio1	0.282614	1.077974	4.547142
MGYG000002333__gradient_L3_gos_gapseq	1218	1332	367	bio1	0.282614	1.158059	4.475408
MGYG000002333__gradient_L4_xos_gapseq	1218	1332	367	bio1	0.282614	1.193061	4.446844
MGYG000002333__gradient_L5_pectin_gapseq	1218	1332	367	bio1	0.282614	1.082712	4.542000
MGYG000002333__gradient_L6_resistant_starch_gapseq	1218	1332	367	bio1	0.282614	1.085521	4.415904
MGYG000002333__gradient_L7_bglucan_gapseq	1218	1332	367	bio1	0.282614	1.145915	4.473940
MGYG000002333__gradient_L8_hmo_gapseq	1218	1332	367	bio1	0.282614	1.067614	4.568053
MGYG000002333__gradient_L9_mos_gapseq	1218	1332	367	bio1	0.282614	1.093966	4.413166
MGYG000002335__gradient_L0_base_gapseq	2155	2649	1068	bio1	1.575100	2.345164	16.653569
MGYG000002335__gradient_L1_inulin_gapseq	2155	2649	1068	bio1	1.872434	2.377733	16.459895
MGYG000002335__gradient_L2_fos_gapseq	2155	2649	1068	bio1	1.872434	2.373360	16.514821
MGYG000002335__gradient_L3_gos_gapseq	2155	2649	1068	bio1	2.201789	2.343200	16.504502
MGYG000002335__gradient_L4_xos_gapseq	2155	2649	1068	bio1	2.363813	2.335738	16.544061
MGYG000002335__gradient_L5_pectin_gapseq	2155	2649	1068	bio1	2.363813	2.273240	16.709516
MGYG000002335__gradient_L6_resistant_starch_gapseq	2155	2649	1068	bio1	2.978717	2.736932	16.826126
MGYG000002335__gradient_L7_bglucan_gapseq	2155	2649	1068	bio1	3.187911	2.353183	16.600611
MGYG000002335__gradient_L8_hmo_gapseq	2155	2649	1068	bio1	3.187911	2.402692	16.516107
MGYG000002335__gradient_L9_mos_gapseq	2155	2649	1068	bio1	3.195793	2.224326	16.777876
MGYG000002337__gradient_L0_base_gapseq	1818	2218	572	bio1	1.257562	1.954049	11.577754
MGYG000002337__gradient_L1_inulin_gapseq	1818	2218	572	bio1	1.527445	1.843716	11.619947
MGYG000002337__gradient_L2_fos_gapseq	1818	2218	572	bio1	1.527445	1.901608	11.593949
MGYG000002337__gradient_L3_gos_gapseq	1818	2218	572	bio1	1.734750	1.853564	11.671159
MGYG000002337__gradient_L4_xos_gapseq	1818	2218	572	bio1	1.797551	1.932958	11.694719
MGYG000002337__gradient_L5_pectin_gapseq	1818	2218	572	bio1	1.797551	1.837776	11.618758
MGYG000002337__gradient_L6_resistant_starch_gapseq	1818	2218	572	bio1	2.366538	1.879777	11.619436
MGYG000002337__gradient_L7_bglucan_gapseq	1818	2218	572	bio1	2.557686	1.805644	12.146257
MGYG000002337__gradient_L8_hmo_gapseq	1818	2218	572	bio1	2.557686	1.992669	11.978365
MGYG000002337__gradient_L9_mos_gapseq	1818	2218	572	bio1	2.689573	1.884203	11.651818
MGYG000002340__gradient_L0_base_gapseq	1547	1737	507	bio1	0.656040	1.555884	7.004995
MGYG000002340__gradient_L1_inulin_gapseq	1547	1737	507	bio1	0.656040	1.526442	7.038111
MGYG000002340__gradient_L2_fos_gapseq	1547	1737	507	bio1	0.656040	1.544182	7.001731
MGYG000002340__gradient_L3_gos_gapseq	1547	1737	507	bio1	0.786501	1.448054	7.156895
MGYG000002340__gradient_L4_xos_gapseq	1547	1737	507	bio1	0.786501	1.472392	7.124546
MGYG000002340__gradient_L5_pectin_gapseq	1547	1737	507	bio1	0.786501	1.492634	7.065749
MGYG000002340__gradient_L6_resistant_starch_gapseq	1547	1737	507	bio1	1.484166	1.491415	7.017101
MGYG000002340__gradient_L7_bglucan_gapseq	1547	1737	507	bio1	1.484166	1.575050	6.990200
MGYG000002340__gradient_L8_hmo_gapseq	1547	1737	507	bio1	1.649897	1.542685	7.022923
MGYG000002340__gradient_L9_mos_gapseq	1547	1737	507	bio1	1.649897	1.570863	6.991283
MGYG000002341__gradient_L0_base_gapseq	1829	2050	637	bio1	0.525399	1.758920	10.099608
MGYG000002341__gradient_L1_inulin_gapseq	1829	2050	637	bio1	0.639619	1.777948	10.100202
MGYG000002341__gradient_L2_fos_gapseq	1829	2050	637	bio1	0.639619	1.880043	10.061784
MGYG000002341__gradient_L3_gos_gapseq	1829	2050	637	bio1	0.639619	1.879763	10.057682
MGYG000002341__gradient_L4_xos_gapseq	1829	2050	637	bio1	0.639619	1.890523	10.148749
MGYG000002341__gradient_L5_pectin_gapseq	1829	2050	637	bio1	0.639619	1.964769	10.131380
MGYG000002341__gradient_L6_resistant_starch_gapseq	1829	2050	637	bio1	0.639619	1.903143	10.050235
MGYG000002341__gradient_L7_bglucan_gapseq	1829	2050	637	bio1	0.639619	1.863186	10.767780
MGYG000002341__gradient_L8_hmo_gapseq	1829	2050	637	bio1	0.639619	1.860179	10.398240
MGYG000002341__gradient_L9_mos_gapseq	1829	2050	637	bio1	0.639619	1.804560	10.225591
MGYG000002346__gradient_L0_base_gapseq	2033	2281	777	bio1	0.563956	2.114752	12.310921
MGYG000002346__gradient_L1_inulin_gapseq	2033	2281	777	bio1	0.686430	2.114595	12.350322
MGYG000002346__gradient_L2_fos_gapseq	2033	2281	777	bio1	0.686430	2.138587	12.492101
MGYG000002346__gradient_L3_gos_gapseq	2033	2281	777	bio1	0.686430	1.997312	12.412967
MGYG000002346__gradient_L4_xos_gapseq	2033	2281	777	bio1	0.686430	2.071056	12.849273
MGYG000002346__gradient_L5_pectin_gapseq	2033	2281	777	bio1	0.686430	2.125388	12.666553
MGYG000002346__gradient_L6_resistant_starch_gapseq	2033	2281	777	bio1	0.781620	2.016134	12.369375
MGYG000002346__gradient_L7_bglucan_gapseq	2033	2281	777	bio1	0.781620	2.083179	12.364208
MGYG000002346__gradient_L8_hmo_gapseq	2033	2281	777	bio1	0.781620	2.083727	12.415118
MGYG000002346__gradient_L9_mos_gapseq	2033	2281	777	bio1	0.781620	2.086100	12.559573
MGYG000002353__gradient_L0_base_gapseq	1416	1759	499	bio1	0.933620	1.428590	7.443287
MGYG000002353__gradient_L1_inulin_gapseq	1416	1759	499	bio1	1.158915	1.458435	7.411378
MGYG000002353__gradient_L2_fos_gapseq	1416	1759	499	bio1	1.158915	1.416568	7.357755
MGYG000002353__gradient_L3_gos_gapseq	1416	1759	499	bio1	1.406275	1.520994	7.340093
MGYG000002353__gradient_L4_xos_gapseq	1416	1759	499	bio1	1.468114	1.532751	7.364770
MGYG000002353__gradient_L5_pectin_gapseq	1416	1759	499	bio1	1.500180	1.542911	7.339065
MGYG000002353__gradient_L6_resistant_starch_gapseq	1416	1759	499	bio1	2.022383	1.547302	7.413043
MGYG000002353__gradient_L7_bglucan_gapseq	1416	1759	499	bio1	2.194160	1.809677	7.520474
MGYG000002353__gradient_L8_hmo_gapseq	1416	1759	499	bio1	2.194160	1.566515	7.522384
MGYG000002353__gradient_L9_mos_gapseq	1416	1759	499	bio1	2.304098	1.427455	7.476672
MGYG000002364__gradient_L0_base_gapseq	1343	1439	390	bio1	0.200142	1.301175	5.083777
MGYG000002364__gradient_L1_inulin_gapseq	1343	1439	390	bio1	0.327512	1.176676	5.155798
MGYG000002364__gradient_L2_fos_gapseq	1343	1439	390	bio1	0.327512	1.185488	5.084032
MGYG000002364__gradient_L3_gos_gapseq	1343	1439	390	bio1	0.327512	1.307405	5.114369
MGYG000002364__gradient_L4_xos_gapseq	1343	1439	390	bio1	0.327512	1.272863	5.043183
MGYG000002364__gradient_L5_pectin_gapseq	1343	1439	390	bio1	0.327512	1.175475	5.242619
MGYG000002364__gradient_L6_resistant_starch_gapseq	1343	1439	390	bio1	0.327512	1.169257	5.074364
MGYG000002364__gradient_L7_bglucan_gapseq	1343	1439	390	bio1	0.327512	1.267874	5.100253
MGYG000002364__gradient_L8_hmo_gapseq	1343	1439	390	bio1	0.327512	1.183210	5.161440
MGYG000002364__gradient_L9_mos_gapseq	1343	1439	390	bio1	0.327512	1.334011	5.481340
MGYG000002383__gradient_L0_base_gapseq	1528	1844	505	bio1	0.874482	1.629927	8.383908
MGYG000002383__gradient_L1_inulin_gapseq	1528	1844	505	bio1	1.101803	1.574554	7.911114
MGYG000002383__gradient_L2_fos_gapseq	1528	1844	505	bio1	1.101803	1.789295	7.799944
MGYG000002383__gradient_L3_gos_gapseq	1528	1844	505	bio1	1.324486	1.604994	7.771527
MGYG000002383__gradient_L4_xos_gapseq	1528	1844	505	bio1	1.449745	1.642145	7.795090
MGYG000002383__gradient_L5_pectin_gapseq	1528	1844	505	bio1	1.482219	1.636020	7.762511
MGYG000002383__gradient_L6_resistant_starch_gapseq	1528	1844	505	bio1	2.011090	1.613768	7.776373
MGYG000002383__gradient_L7_bglucan_gapseq	1528	1844	505	bio1	2.185060	1.553855	7.944191
MGYG000002383__gradient_L8_hmo_gapseq	1528	1844	505	bio1	2.185060	1.506904	8.050429
MGYG000002383__gradient_L9_mos_gapseq	1528	1844	505	bio1	2.296401	1.543863	7.971316
MGYG000002385__gradient_L0_base_gapseq	2051	2431	894	bio1	1.422820	2.230403	14.249731
MGYG000002385__gradient_L1_inulin_gapseq	2051	2431	894	bio1	1.586319	2.083575	14.088335
MGYG000002385__gradient_L2_fos_gapseq	2051	2431	894	bio1	1.586319	2.105374	13.924766
MGYG000002385__gradient_L3_gos_gapseq	2051	2431	894	bio1	1.682667	2.118195	14.001983
MGYG000002385__gradient_L4_xos_gapseq	2051	2431	894	bio1	1.873902	2.200030	14.134464
MGYG000002385__gradient_L5_pectin_gapseq	2051	2431	894	bio1	1.873902	2.181530	13.914238
MGYG000002385__gradient_L6_resistant_starch_gapseq	2051	2431	894	bio1	2.276100	2.115471	14.048487
MGYG000002385__gradient_L7_bglucan_gapseq	2051	2431	894	bio1	2.276100	2.044824	14.066661
MGYG000002385__gradient_L8_hmo_gapseq	2051	2431	894	bio1	2.276100	2.152332	14.000743
MGYG000002385__gradient_L9_mos_gapseq	2051	2431	894	bio1	2.276100	2.154195	14.059474
MGYG000002387__gradient_L0_base_gapseq	1191	1387	316	bio1	0.387535	1.101194	4.701305
MGYG000002387__gradient_L1_inulin_gapseq	1191	1387	316	bio1	0.546528	1.229478	4.740050
MGYG000002387__gradient_L2_fos_gapseq	1191	1387	316	bio1	0.546528	1.221751	4.720196
MGYG000002387__gradient_L3_gos_gapseq	1191	1387	316	bio1	0.665773	1.119520	4.797809
MGYG000002387__gradient_L4_xos_gapseq	1191	1387	316	bio1	0.665773	1.102395	4.707646
MGYG000002387__gradient_L5_pectin_gapseq	1191	1387	316	bio1	0.665773	1.192450	4.695161
MGYG000002387__gradient_L6_resistant_starch_gapseq	1191	1387	316	bio1	1.025071	1.099358	4.807164
MGYG000002387__gradient_L7_bglucan_gapseq	1191	1387	316	bio1	1.025071	1.093138	4.811506
MGYG000002387__gradient_L8_hmo_gapseq	1191	1387	316	bio1	1.025071	1.207574	4.716325
MGYG000002387__gradient_L9_mos_gapseq	1191	1387	316	bio1	1.102254	1.129226	4.854719
MGYG000002389__gradient_L0_base_gapseq	1385	1663	386	bio1	0.671226	1.366163	6.704834
MGYG000002389__gradient_L1_inulin_gapseq	1385	1663	386	bio1	0.830013	1.340601	6.502398
MGYG000002389__gradient_L2_fos_gapseq	1385	1663	386	bio1	0.830013	1.410113	6.617804
MGYG000002389__gradient_L3_gos_gapseq	1385	1663	386	bio1	0.974365	1.417146	6.558195
MGYG000002389__gradient_L4_xos_gapseq	1385	1663	386	bio1	1.024888	1.434268	6.584397
MGYG000002389__gradient_L5_pectin_gapseq	1385	1663	386	bio1	1.024888	1.344970	6.785070
MGYG000002389__gradient_L6_resistant_starch_gapseq	1385	1663	386	bio1	1.378550	1.372170	6.709853
MGYG000002389__gradient_L7_bglucan_gapseq	1385	1663	386	bio1	1.501249	1.370014	6.644576
MGYG000002389__gradient_L8_hmo_gapseq	1385	1663	386	bio1	1.501249	1.320145	6.570236
MGYG000002389__gradient_L9_mos_gapseq	1385	1663	386	bio1	1.578237	1.441956	6.566729
MGYG000002395__gradient_L0_base_gapseq	1233	1517	346	bio1	0.000000	1.264386	0.071740
MGYG000002395__gradient_L1_inulin_gapseq	1233	1517	346	bio1	0.000000	1.209619	0.067315
MGYG000002395__gradient_L2_fos_gapseq	1233	1517	346	bio1	0.000000	1.287772	0.069630
MGYG000002395__gradient_L3_gos_gapseq	1233	1517	346	bio1	0.836133	1.203826	5.443599
MGYG000002395__gradient_L4_xos_gapseq	1233	1517	346	bio1	0.898325	1.346504	5.377124
MGYG000002395__gradient_L5_pectin_gapseq	1233	1517	346	bio1	0.898325	1.296669	5.447373
MGYG000002395__gradient_L6_resistant_starch_gapseq	1233	1517	346	bio1	1.391730	1.193064	5.541008
MGYG000002395__gradient_L7_bglucan_gapseq	1233	1517	346	bio1	1.559815	1.195309	5.367810
MGYG000002395__gradient_L8_hmo_gapseq	1233	1517	346	bio1	1.559815	1.309221	5.439274
MGYG000002395__gradient_L9_mos_gapseq	1233	1517	346	bio1	1.559815	1.312193	5.432797
MGYG000002399__gradient_L0_base_gapseq	1705	2049	496	bio1	1.107029	1.644773	9.922605
MGYG000002399__gradient_L1_inulin_gapseq	1705	2049	496	bio1	1.370739	1.679841	9.766631
MGYG000002399__gradient_L2_fos_gapseq	1705	2049	496	bio1	1.370739	1.687148	9.881035
MGYG000002399__gradient_L3_gos_gapseq	1705	2049	496	bio1	1.569196	1.709331	9.998727
MGYG000002399__gradient_L4_xos_gapseq	1705	2049	496	bio1	1.650199	1.791295	9.809409
MGYG000002399__gradient_L5_pectin_gapseq	1705	2049	496	bio1	1.650199	1.803997	9.776137
MGYG000002399__gradient_L6_resistant_starch_gapseq	1705	2049	496	bio1	2.233823	1.804787	9.759119
MGYG000002399__gradient_L7_bglucan_gapseq	1705	2049	496	bio1	2.427840	1.843905	9.795341
MGYG000002399__gradient_L8_hmo_gapseq	1705	2049	496	bio1	2.427840	1.824618	9.745320
MGYG000002399__gradient_L9_mos_gapseq	1705	2049	496	bio1	2.552662	1.817242	9.872191
MGYG000002406__gradient_L0_base_gapseq	1656	1954	570	bio1	0.378110	1.765589	8.812697
MGYG000002406__gradient_L1_inulin_gapseq	1656	1954	570	bio1	0.611328	1.759237	8.893582
MGYG000002406__gradient_L2_fos_gapseq	1656	1954	570	bio1	0.611328	1.662400	8.896031
MGYG000002406__gradient_L3_gos_gapseq	1656	1954	570	bio1	0.704139	1.619030	9.004679
MGYG000002406__gradient_L4_xos_gapseq	1656	1954	570	bio1	0.763589	1.668546	8.956277
MGYG000002406__gradient_L5_pectin_gapseq	1656	1954	570	bio1	0.763589	1.686113	9.001480
MGYG000002406__gradient_L6_resistant_starch_gapseq	1656	1954	570	bio1	1.254936	1.677010	8.993197
MGYG000002406__gradient_L7_bglucan_gapseq	1656	1954	570	bio1	1.254936	1.625114	9.000783
MGYG000002406__gradient_L8_hmo_gapseq	1656	1954	570	bio1	1.254936	1.676663	9.015054
MGYG000002406__gradient_L9_mos_gapseq	1656	1954	570	bio1	1.356774	1.692055	8.955347
MGYG000002420__gradient_L0_base_gapseq	1403	1575	406	bio1	0.393784	1.284467	6.316890
MGYG000002420__gradient_L1_inulin_gapseq	1403	1575	406	bio1	0.393784	1.335100	6.068959
MGYG000002420__gradient_L2_fos_gapseq	1403	1575	406	bio1	0.393784	1.320167	6.068387
MGYG000002420__gradient_L3_gos_gapseq	1403	1575	406	bio1	0.393784	1.376607	6.014599
MGYG000002420__gradient_L4_xos_gapseq	1403	1575	406	bio1	0.405947	1.367334	6.107007
MGYG000002420__gradient_L5_pectin_gapseq	1403	1575	406	bio1	0.405947	1.318976	6.147383
MGYG000002420__gradient_L6_resistant_starch_gapseq	1403	1575	406	bio1	0.951763	1.298731	6.012623
MGYG000002420__gradient_L7_bglucan_gapseq	1403	1575	406	bio1	1.127090	1.410149	6.009744
MGYG000002420__gradient_L8_hmo_gapseq	1403	1575	406	bio1	1.127090	1.386802	6.012379
MGYG000002420__gradient_L9_mos_gapseq	1403	1575	406	bio1	1.127090	1.403567	6.016443
MGYG000002423__gradient_L0_base_gapseq	2255	2751	1183	bio1	1.123507	2.459254	18.020371
MGYG000002423__gradient_L1_inulin_gapseq	2255	2751	1183	bio1	1.403225	2.343489	18.081405
MGYG000002423__gradient_L2_fos_gapseq	2255	2751	1183	bio1	1.403225	2.435484	17.965686
MGYG000002423__gradient_L3_gos_gapseq	2255	2751	1183	bio1	1.716861	2.463522	18.246150
MGYG000002423__gradient_L4_xos_gapseq	2255	2751	1183	bio1	1.884134	2.478467	18.001034
MGYG000002423__gradient_L5_pectin_gapseq	2255	2751	1183	bio1	1.925023	2.420772	18.286631
MGYG000002423__gradient_L6_resistant_starch_gapseq	2255	2751	1183	bio1	2.558643	2.324418	18.161566
MGYG000002423__gradient_L7_bglucan_gapseq	2255	2751	1183	bio1	2.758646	2.463950	17.984668
MGYG000002423__gradient_L8_hmo_gapseq	2255	2751	1183	bio1	2.758646	2.429349	18.219934
MGYG000002423__gradient_L9_mos_gapseq	2255	2751	1183	bio1	2.887625	2.512995	18.054867
MGYG000002426__gradient_L0_base_gapseq	1280	1362	346	bio1	0.287388	1.108432	4.463347
MGYG000002426__gradient_L1_inulin_gapseq	1280	1362	346	bio1	0.435422	1.210817	4.512655
MGYG000002426__gradient_L2_fos_gapseq	1280	1362	346	bio1	0.435422	1.236515	4.528137
MGYG000002426__gradient_L3_gos_gapseq	1280	1362	346	bio1	0.435422	1.118392	4.617933
MGYG000002426__gradient_L4_xos_gapseq	1280	1362	346	bio1	0.435422	1.131161	4.481473
MGYG000002426__gradient_L5_pectin_gapseq	1280	1362	346	bio1	0.435422	1.202840	4.616209
MGYG000002426__gradient_L6_resistant_starch_gapseq	1280	1362	346	bio1	0.435422	1.126900	4.640844
MGYG000002426__gradient_L7_bglucan_gapseq	1280	1362	346	bio1	0.435422	1.131252	4.534627
MGYG000002426__gradient_L8_hmo_gapseq	1280	1362	346	bio1	0.435422	1.227734	4.499642
MGYG000002426__gradient_L9_mos_gapseq	1280	1362	346	bio1	0.435422	1.112364	4.583009
MGYG000002431__gradient_L0_base_gapseq	1285	1374	349	bio1	0.287388	1.112841	4.806566
MGYG000002431__gradient_L1_inulin_gapseq	1285	1374	349	bio1	0.435422	1.265830	4.834203
MGYG000002431__gradient_L2_fos_gapseq	1285	1374	349	bio1	0.435422	1.125373	4.986610
MGYG000002431__gradient_L3_gos_gapseq	1285	1374	349	bio1	0.435422	1.120543	4.915451
MGYG000002431__gradient_L4_xos_gapseq	1285	1374	349	bio1	0.435422	1.212023	4.817763
MGYG000002431__gradient_L5_pectin_gapseq	1285	1374	349	bio1	0.435422	1.124210	4.927417
MGYG000002431__gradient_L6_resistant_starch_gapseq	1285	1374	349	bio1	0.435422	1.137767	4.865641
MGYG000002431__gradient_L7_bglucan_gapseq	1285	1374	349	bio1	0.435422	1.198965	4.802976
MGYG000002431__gradient_L8_hmo_gapseq	1285	1374	349	bio1	0.435422	1.122639	4.966592
MGYG000002431__gradient_L9_mos_gapseq	1285	1374	349	bio1	0.435422	1.131015	4.816735
MGYG000002435__gradient_L0_base_gapseq	1265	1369	343	bio1	0.267979	1.238778	4.701821
MGYG000002435__gradient_L1_inulin_gapseq	1265	1369	343	bio1	0.405279	1.137342	4.841776
MGYG000002435__gradient_L2_fos_gapseq	1265	1369	343	bio1	0.405279	1.116914	4.688910
MGYG000002435__gradient_L3_gos_gapseq	1265	1369	343	bio1	0.405279	1.218576	4.699710
MGYG000002435__gradient_L4_xos_gapseq	1265	1369	343	bio1	0.405279	1.137526	4.826215
MGYG000002435__gradient_L5_pectin_gapseq	1265	1369	343	bio1	0.405279	1.157385	4.721064
MGYG000002435__gradient_L6_resistant_starch_gapseq	1265	1369	343	bio1	0.405279	1.212865	4.697240
MGYG000002435__gradient_L7_bglucan_gapseq	1265	1369	343	bio1	0.405279	1.118149	4.831914
MGYG000002435__gradient_L8_hmo_gapseq	1265	1369	343	bio1	0.405279	1.141648	4.691982
MGYG000002435__gradient_L9_mos_gapseq	1265	1369	343	bio1	0.405279	1.211296	4.712101
MGYG000002447__gradient_L0_base_gapseq	1319	1385	383	bio1	0.229282	1.184408	4.621132
MGYG000002447__gradient_L1_inulin_gapseq	1319	1385	383	bio1	0.296972	1.271131	4.558230
MGYG000002447__gradient_L2_fos_gapseq	1319	1385	383	bio1	0.296972	1.165269	4.728677
MGYG000002447__gradient_L3_gos_gapseq	1319	1385	383	bio1	0.296972	1.156767	4.578696
MGYG000002447__gradient_L4_xos_gapseq	1319	1385	383	bio1	0.296972	1.240922	4.592741
MGYG000002447__gradient_L5_pectin_gapseq	1319	1385	383	bio1	0.296972	1.246669	4.578687
MGYG000002447__gradient_L6_resistant_starch_gapseq	1319	1385	383	bio1	0.324814	1.171167	4.724016
MGYG000002447__gradient_L7_bglucan_gapseq	1319	1385	383	bio1	0.324814	1.156751	4.587591
MGYG000002447__gradient_L8_hmo_gapseq	1319	1385	383	bio1	0.324814	1.403336	4.592026
MGYG000002447__gradient_L9_mos_gapseq	1319	1385	383	bio1	0.324814	1.168136	4.679666
MGYG000002448__gradient_L0_base_gapseq	1379	1488	334	bio1	0.000000	1.263178	0.063978
MGYG000002448__gradient_L1_inulin_gapseq	1379	1488	334	bio1	0.000000	1.386089	0.061329
MGYG000002448__gradient_L2_fos_gapseq	1379	1488	334	bio1	0.000000	1.268437	0.059282
MGYG000002448__gradient_L3_gos_gapseq	1379	1488	334	bio1	0.000000	1.352934	0.063039
MGYG000002448__gradient_L4_xos_gapseq	1379	1488	334	bio1	0.674904	1.252101	5.592034
MGYG000002448__gradient_L5_pectin_gapseq	1379	1488	334	bio1	0.674904	1.256314	5.419386
MGYG000002448__gradient_L6_resistant_starch_gapseq	1379	1488	334	bio1	0.674904	1.361198	5.395199
MGYG000002448__gradient_L7_bglucan_gapseq	1379	1488	334	bio1	0.674904	1.353638	5.399330
MGYG000002448__gradient_L8_hmo_gapseq	1379	1488	334	bio1	0.674904	1.233736	5.628180
MGYG000002448__gradient_L9_mos_gapseq	1379	1488	334	bio1	0.674904	1.246884	5.457259
MGYG000002456__gradient_L0_base_gapseq	821	787	208	bio1	0.000000	0.699595	0.024558
MGYG000002456__gradient_L1_inulin_gapseq	821	787	208	bio1	0.000000	0.597209	0.020823
MGYG000002456__gradient_L2_fos_gapseq	821	787	208	bio1	0.000000	0.606640	0.024634
MGYG000002456__gradient_L3_gos_gapseq	821	787	208	bio1	0.000000	0.599161	0.026094
MGYG000002456__gradient_L4_xos_gapseq	821	787	208	bio1	0.000000	0.679935	0.020851
MGYG000002456__gradient_L5_pectin_gapseq	821	787	208	bio1	0.000000	0.601359	0.025719
MGYG000002456__gradient_L6_resistant_starch_gapseq	821	787	208	bio1	0.000000	0.599663	0.023251
MGYG000002456__gradient_L7_bglucan_gapseq	821	787	208	bio1	0.000000	0.599113	0.020957
MGYG000002456__gradient_L8_hmo_gapseq	821	787	208	bio1	0.000000	0.697599	0.024778
MGYG000002456__gradient_L9_mos_gapseq	821	787	208	bio1	0.000000	0.597017	0.021381
MGYG000002461__gradient_L0_base_gapseq	2187	2689	1116	bio1	1.635824	2.434580	17.403561
MGYG000002461__gradient_L1_inulin_gapseq	2187	2689	1116	bio1	1.801917	2.392868	17.535612
MGYG000002461__gradient_L2_fos_gapseq	2187	2689	1116	bio1	1.801917	2.355471	17.284179
MGYG000002461__gradient_L3_gos_gapseq	2187	2689	1116	bio1	2.127371	2.378061	17.486299
MGYG000002461__gradient_L4_xos_gapseq	2187	2689	1116	bio1	2.296482	2.410359	17.486304
MGYG000002461__gradient_L5_pectin_gapseq	2187	2689	1116	bio1	2.296482	2.404750	17.500399
MGYG000002461__gradient_L6_resistant_starch_gapseq	2187	2689	1116	bio1	2.886765	2.369841	17.557449
MGYG000002461__gradient_L7_bglucan_gapseq	2187	2689	1116	bio1	3.084947	2.409942	17.659901
MGYG000002461__gradient_L8_hmo_gapseq	2187	2689	1116	bio1	3.084947	2.378709	17.432482
MGYG000002461__gradient_L9_mos_gapseq	2187	2689	1116	bio1	3.195793	2.368037	17.420326
MGYG000002463__gradient_L0_base_gapseq	2307	2788	1290	bio1	1.161070	2.567696	18.376240
MGYG000002463__gradient_L1_inulin_gapseq	2307	2788	1290	bio1	1.313401	2.577755	18.644061
MGYG000002463__gradient_L2_fos_gapseq	2307	2788	1290	bio1	1.313401	2.598668	18.404626
MGYG000002463__gradient_L3_gos_gapseq	2307	2788	1290	bio1	1.401417	2.591745	18.203073
MGYG000002463__gradient_L4_xos_gapseq	2307	2788	1290	bio1	1.484151	2.634538	18.413872
MGYG000002463__gradient_L5_pectin_gapseq	2307	2788	1290	bio1	1.493343	2.514379	18.650383
MGYG000002463__gradient_L6_resistant_starch_gapseq	2307	2788	1290	bio1	2.104198	2.548360	18.504316
MGYG000002463__gradient_L7_bglucan_gapseq	2307	2788	1290	bio1	2.104198	2.578173	18.499928
MGYG000002463__gradient_L8_hmo_gapseq	2307	2788	1290	bio1	2.104198	2.566687	18.368297
MGYG000002463__gradient_L9_mos_gapseq	2307	2788	1290	bio1	2.210833	2.570274	18.537180
MGYG000002475__gradient_L0_base_gapseq	1673	1947	698	bio1	0.000000	1.769689	0.104637
MGYG000002475__gradient_L1_inulin_gapseq	1673	1947	698	bio1	0.000000	1.663590	0.108187
MGYG000002475__gradient_L2_fos_gapseq	1673	1947	698	bio1	0.000000	1.760591	0.114504
MGYG000002475__gradient_L3_gos_gapseq	1673	1947	698	bio1	1.401167	1.764929	8.996250
MGYG000002475__gradient_L4_xos_gapseq	1673	1947	698	bio1	1.516748	1.816406	9.093167
MGYG000002475__gradient_L5_pectin_gapseq	1673	1947	698	bio1	1.516748	1.829214	9.030437
MGYG000002475__gradient_L6_resistant_starch_gapseq	1673	1947	698	bio1	2.094658	1.781910	8.982421
MGYG000002475__gradient_L7_bglucan_gapseq	1673	1947	698	bio1	2.094658	1.771303	9.084261
MGYG000002475__gradient_L8_hmo_gapseq	1673	1947	698	bio1	2.228489	1.800876	9.009397
MGYG000002475__gradient_L9_mos_gapseq	1673	1947	698	bio1	2.228489	1.800221	8.959047
MGYG000002476__gradient_L0_base_gapseq	2163	2648	1038	bio1	1.385577	2.353613	16.619799
MGYG000002476__gradient_L1_inulin_gapseq	2163	2648	1038	bio1	1.643761	2.358568	16.487561
MGYG000002476__gradient_L2_fos_gapseq	2163	2648	1038	bio1	1.643761	2.349302	16.557287
MGYG000002476__gradient_L3_gos_gapseq	2163	2648	1038	bio1	1.925416	2.355796	16.600080
MGYG000002476__gradient_L4_xos_gapseq	2163	2648	1038	bio1	2.075632	2.351987	16.655991
MGYG000002476__gradient_L5_pectin_gapseq	2163	2648	1038	bio1	2.110839	2.329635	16.489703
MGYG000002476__gradient_L6_resistant_starch_gapseq	2163	2648	1038	bio1	2.646688	2.472944	16.582694
MGYG000002476__gradient_L7_bglucan_gapseq	2163	2648	1038	bio1	2.822652	2.463806	16.581677
MGYG000002476__gradient_L8_hmo_gapseq	2163	2648	1038	bio1	2.822652	2.364234	16.531373
MGYG000002476__gradient_L9_mos_gapseq	2163	2648	1038	bio1	2.944306	2.334235	16.568169
MGYG000002479__gradient_L0_base_gapseq	1256	1333	306	bio1	0.226120	1.290479	4.543057
MGYG000002479__gradient_L1_inulin_gapseq	1256	1333	306	bio1	0.226120	1.079233	4.624364
MGYG000002479__gradient_L2_fos_gapseq	1256	1333	306	bio1	0.226120	1.107290	4.490795
MGYG000002479__gradient_L3_gos_gapseq	1256	1333	306	bio1	0.226120	1.142438	4.485958
MGYG000002479__gradient_L4_xos_gapseq	1256	1333	306	bio1	0.226120	1.085543	4.613188
MGYG000002479__gradient_L5_pectin_gapseq	1256	1333	306	bio1	0.226120	1.096807	4.489716
MGYG000002479__gradient_L6_resistant_starch_gapseq	1256	1333	306	bio1	0.226120	1.284081	4.490155
MGYG000002479__gradient_L7_bglucan_gapseq	1256	1333	306	bio1	0.226120	1.088284	4.579413
MGYG000002479__gradient_L8_hmo_gapseq	1256	1333	306	bio1	0.226120	1.074738	4.486685
MGYG000002479__gradient_L9_mos_gapseq	1256	1333	306	bio1	0.226120	1.183981	4.477210
MGYG000002480__gradient_L0_base_gapseq	1199	1243	318	bio1	0.000000	1.120900	0.044931
MGYG000002480__gradient_L1_inulin_gapseq	1199	1243	318	bio1	0.000000	1.003074	0.048596
MGYG000002480__gradient_L2_fos_gapseq	1199	1243	318	bio1	0.000000	1.102242	0.047966
MGYG000002480__gradient_L3_gos_gapseq	1199	1243	318	bio1	0.000000	1.013090	0.043551
MGYG000002480__gradient_L4_xos_gapseq	1199	1243	318	bio1	0.000000	1.005939	0.150990
MGYG000002480__gradient_L5_pectin_gapseq	1199	1243	318	bio1	0.517854	1.024988	3.872196
MGYG000002480__gradient_L6_resistant_starch_gapseq	1199	1243	318	bio1	0.517854	1.135366	3.872858
MGYG000002480__gradient_L7_bglucan_gapseq	1199	1243	318	bio1	0.517854	1.019367	3.886232
MGYG000002480__gradient_L8_hmo_gapseq	1199	1243	318	bio1	0.517854	1.141185	3.921995
MGYG000002480__gradient_L9_mos_gapseq	1199	1243	318	bio1	0.517854	1.029126	3.957483
MGYG000002482__gradient_L0_base_gapseq	1112	1230	292	bio1	0.120224	0.989707	3.739674
MGYG000002482__gradient_L1_inulin_gapseq	1112	1230	292	bio1	0.248691	1.077620	3.733665
MGYG000002482__gradient_L2_fos_gapseq	1112	1230	292	bio1	0.248691	0.997813	3.659980
MGYG000002482__gradient_L3_gos_gapseq	1112	1230	292	bio1	0.326117	1.105744	3.670322
MGYG000002482__gradient_L4_xos_gapseq	1112	1230	292	bio1	0.326117	0.997927	3.851096
MGYG000002482__gradient_L5_pectin_gapseq	1112	1230	292	bio1	0.326117	0.995093	3.671426
MGYG000002482__gradient_L6_resistant_starch_gapseq	1112	1230	292	bio1	0.769557	1.096318	3.677870
MGYG000002482__gradient_L7_bglucan_gapseq	1112	1230	292	bio1	0.769557	1.009186	3.721569
MGYG000002482__gradient_L8_hmo_gapseq	1112	1230	292	bio1	0.769557	1.083665	3.668176
MGYG000002482__gradient_L9_mos_gapseq	1112	1230	292	bio1	0.769557	0.997583	3.800499
MGYG000002489__gradient_L0_base_gapseq	1519	1651	433	bio1	0.227797	1.392370	6.610025
MGYG000002489__gradient_L1_inulin_gapseq	1519	1651	433	bio1	0.303732	1.483853	6.594584
MGYG000002489__gradient_L2_fos_gapseq	1519	1651	433	bio1	0.303732	1.440182	6.706930
MGYG000002489__gradient_L3_gos_gapseq	1519	1651	433	bio1	0.303732	1.491459	6.642087
MGYG000002489__gradient_L4_xos_gapseq	1519	1651	433	bio1	0.303732	1.409104	6.779745
MGYG000002489__gradient_L5_pectin_gapseq	1519	1651	433	bio1	0.303732	1.418499	6.725519
MGYG000002489__gradient_L6_resistant_starch_gapseq	1519	1651	433	bio1	0.370176	1.374454	6.765506
MGYG000002489__gradient_L7_bglucan_gapseq	1519	1651	433	bio1	0.370176	1.394911	6.718577
MGYG000002489__gradient_L8_hmo_gapseq	1519	1651	433	bio1	0.370176	1.573307	6.675983
MGYG000002489__gradient_L9_mos_gapseq	1519	1651	433	bio1	0.370176	1.499703	6.827195
MGYG000002505__gradient_L0_base_gapseq	1542	1662	424	bio1	0.219815	1.455303	6.782028
MGYG000002505__gradient_L1_inulin_gapseq	1542	1662	424	bio1	0.320912	1.426150	6.861306
MGYG000002505__gradient_L2_fos_gapseq	1542	1662	424	bio1	0.320912	1.388564	6.887443
MGYG000002505__gradient_L3_gos_gapseq	1542	1662	424	bio1	0.320912	1.407639	6.696635
MGYG000002505__gradient_L4_xos_gapseq	1542	1662	424	bio1	0.320912	1.488488	6.711121
MGYG000002505__gradient_L5_pectin_gapseq	1542	1662	424	bio1	0.320912	1.460449	6.850506
MGYG000002505__gradient_L6_resistant_starch_gapseq	1542	1662	424	bio1	0.693662	1.524279	6.829250
MGYG000002505__gradient_L7_bglucan_gapseq	1542	1662	424	bio1	0.693662	1.364428	7.060882
MGYG000002505__gradient_L8_hmo_gapseq	1542	1662	424	bio1	0.693662	1.387840	6.991615
MGYG000002505__gradient_L9_mos_gapseq	1542	1662	424	bio1	0.693662	1.383886	6.766941
MGYG000002506__gradient_L0_base_gapseq	2344	2930	1347	bio1	1.788566	2.633664	20.235427
MGYG000002506__gradient_L1_inulin_gapseq	2344	2930	1347	bio1	2.105478	2.678189	20.072186
MGYG000002506__gradient_L2_fos_gapseq	2344	2930	1347	bio1	2.105478	2.676796	20.451457
MGYG000002506__gradient_L3_gos_gapseq	2344	2930	1347	bio1	2.439038	2.678940	20.173415
MGYG000002506__gradient_L4_xos_gapseq	2344	2930	1347	bio1	2.609499	2.621189	20.101612
MGYG000002506__gradient_L5_pectin_gapseq	2344	2930	1347	bio1	2.658319	2.634186	20.172545
MGYG000002506__gradient_L6_resistant_starch_gapseq	2344	2930	1347	bio1	3.339970	2.626858	20.004754
MGYG000002506__gradient_L7_bglucan_gapseq	2344	2930	1347	bio1	3.564240	2.652252	20.205526
MGYG000002506__gradient_L8_hmo_gapseq	2344	2930	1347	bio1	3.564240	2.650026	20.235719
MGYG000002506__gradient_L9_mos_gapseq	2344	2930	1347	bio1	3.709682	2.636545	20.057718
MGYG000002507__gradient_L0_base_gapseq	2237	2777	1207	bio1	1.740524	2.477313	17.531862
MGYG000002507__gradient_L1_inulin_gapseq	2237	2777	1207	bio1	1.901676	2.399772	17.695137
MGYG000002507__gradient_L2_fos_gapseq	2237	2777	1207	bio1	1.901676	2.364057	17.613576
MGYG000002507__gradient_L3_gos_gapseq	2237	2777	1207	bio1	2.238368	2.660704	17.675671
MGYG000002507__gradient_L4_xos_gapseq	2237	2777	1207	bio1	2.417641	2.420004	17.488382
MGYG000002507__gradient_L5_pectin_gapseq	2237	2777	1207	bio1	2.417641	2.470496	17.360637
MGYG000002507__gradient_L6_resistant_starch_gapseq	2237	2777	1207	bio1	3.122809	2.577699	17.588200
MGYG000002507__gradient_L7_bglucan_gapseq	2237	2777	1207	bio1	3.355030	2.484578	17.481563
MGYG000002507__gradient_L8_hmo_gapseq	2237	2777	1207	bio1	3.355030	2.527238	17.478471
MGYG000002507__gradient_L9_mos_gapseq	2237	2777	1207	bio1	3.505567	2.502506	17.539465
MGYG000002516__gradient_L0_base_gapseq	2073	2534	816	bio1	1.340662	2.218642	15.328968
MGYG000002516__gradient_L1_inulin_gapseq	2073	2534	816	bio1	1.621137	2.092762	15.732984
MGYG000002516__gradient_L2_fos_gapseq	2073	2534	816	bio1	1.621137	2.124932	15.268412
MGYG000002516__gradient_L3_gos_gapseq	2073	2534	816	bio1	1.914233	2.205136	15.311273
MGYG000002516__gradient_L4_xos_gapseq	2073	2534	816	bio1	1.975505	2.074728	15.472859
MGYG000002516__gradient_L5_pectin_gapseq	2073	2534	816	bio1	1.975505	2.100638	15.320994
MGYG000002516__gradient_L6_resistant_starch_gapseq	2073	2534	816	bio1	2.276100	2.180313	15.275652
MGYG000002516__gradient_L7_bglucan_gapseq	2073	2534	816	bio1	2.276100	2.086810	15.554458
MGYG000002516__gradient_L8_hmo_gapseq	2073	2534	816	bio1	2.276100	2.133904	15.304450
MGYG000002516__gradient_L9_mos_gapseq	2073	2534	816	bio1	2.276100	2.162154	15.315262
MGYG000002517__gradient_L0_base_gapseq	1501	1740	455	bio1	0.000000	1.593854	0.086607
MGYG000002517__gradient_L1_inulin_gapseq	1501	1740	455	bio1	0.000000	1.392149	0.091545
MGYG000002517__gradient_L2_fos_gapseq	1501	1740	455	bio1	0.000000	1.589371	0.081443
MGYG000002517__gradient_L3_gos_gapseq	1501	1740	455	bio1	1.156083	1.420706	7.306974
MGYG000002517__gradient_L4_xos_gapseq	1501	1740	455	bio1	1.192671	1.421256	7.268012
MGYG000002517__gradient_L5_pectin_gapseq	1501	1740	455	bio1	1.228609	1.420143	7.211902
MGYG000002517__gradient_L6_resistant_starch_gapseq	1501	1740	455	bio1	1.769920	1.516370	7.120790
MGYG000002517__gradient_L7_bglucan_gapseq	1501	1740	455	bio1	1.951854	1.537092	7.129000
MGYG000002517__gradient_L8_hmo_gapseq	1501	1740	455	bio1	2.086620	1.545195	7.150524
MGYG000002517__gradient_L9_mos_gapseq	1501	1740	455	bio1	2.176464	1.677668	7.150925
MGYG000002526__gradient_L0_base_gapseq	1963	2464	941	bio1	1.359848	2.220943	14.235989
MGYG000002526__gradient_L1_inulin_gapseq	1963	2464	941	bio1	1.680667	2.095945	14.306530
MGYG000002526__gradient_L2_fos_gapseq	1963	2464	941	bio1	1.680667	2.209878	14.426542
MGYG000002526__gradient_L3_gos_gapseq	1963	2464	941	bio1	2.003073	2.132821	14.370982
MGYG000002526__gradient_L4_xos_gapseq	1963	2464	941	bio1	2.167198	2.226230	14.213401
MGYG000002526__gradient_L5_pectin_gapseq	1963	2464	941	bio1	2.218459	2.090639	14.465076
MGYG000002526__gradient_L6_resistant_starch_gapseq	1963	2464	941	bio1	2.864741	2.236230	14.346243
MGYG000002526__gradient_L7_bglucan_gapseq	1963	2464	941	bio1	3.079652	2.119320	14.257198
MGYG000002526__gradient_L8_hmo_gapseq	1963	2464	941	bio1	3.079652	2.196708	14.280452
MGYG000002526__gradient_L9_mos_gapseq	1963	2464	941	bio1	3.226512	2.120992	14.386561
MGYG000002530__gradient_L0_base_gapseq	1207	1352	311	bio1	0.000000	1.175016	0.052058
MGYG000002530__gradient_L1_inulin_gapseq	1207	1352	311	bio1	0.584016	1.085071	4.565108
MGYG000002530__gradient_L2_fos_gapseq	1207	1352	311	bio1	0.584016	1.191580	4.734632
MGYG000002530__gradient_L3_gos_gapseq	1207	1352	311	bio1	0.927169	1.103876	4.700669
MGYG000002530__gradient_L4_xos_gapseq	1207	1352	311	bio1	0.927169	1.097395	4.598054
MGYG000002530__gradient_L5_pectin_gapseq	1207	1352	311	bio1	0.927169	1.215770	4.600525
MGYG000002530__gradient_L6_resistant_starch_gapseq	1207	1352	311	bio1	1.625347	1.093508	4.680320
MGYG000002530__gradient_L7_bglucan_gapseq	1207	1352	311	bio1	1.869464	1.108556	4.584993
MGYG000002530__gradient_L8_hmo_gapseq	1207	1352	311	bio1	1.869464	1.211739	4.557314
MGYG000002530__gradient_L9_mos_gapseq	1207	1352	311	bio1	2.002998	1.097827	4.688830
MGYG000002532__gradient_L0_base_gapseq	1886	2279	824	bio1	1.246489	1.948269	12.513013
MGYG000002532__gradient_L1_inulin_gapseq	1886	2279	824	bio1	1.387270	1.939447	12.421764
MGYG000002532__gradient_L2_fos_gapseq	1886	2279	824	bio1	1.387270	1.935070	12.456393
MGYG000002532__gradient_L3_gos_gapseq	1886	2279	824	bio1	1.671031	2.032759	12.377791
MGYG000002532__gradient_L4_xos_gapseq	1886	2279	824	bio1	1.833593	1.964054	12.380286
MGYG000002532__gradient_L5_pectin_gapseq	1886	2279	824	bio1	1.833593	2.010953	12.400466
MGYG000002532__gradient_L6_resistant_starch_gapseq	1886	2279	824	bio1	2.417086	2.014555	12.371593
MGYG000002532__gradient_L7_bglucan_gapseq	1886	2279	824	bio1	2.599399	2.042413	12.316362
MGYG000002532__gradient_L8_hmo_gapseq	1886	2279	824	bio1	2.599399	2.034560	12.512083
MGYG000002532__gradient_L9_mos_gapseq	1886	2279	824	bio1	2.694390	2.009986	12.319187
MGYG000002535__gradient_L0_base_gapseq	2354	2900	1305	bio1	1.856593	2.523360	20.014970
MGYG000002535__gradient_L1_inulin_gapseq	2354	2900	1305	bio1	2.188791	2.591468	19.857848
MGYG000002535__gradient_L2_fos_gapseq	2354	2900	1305	bio1	2.188791	2.600786	19.884812
MGYG000002535__gradient_L3_gos_gapseq	2354	2900	1305	bio1	2.538196	2.492562	19.963709
MGYG000002535__gradient_L4_xos_gapseq	2354	2900	1305	bio1	2.716706	2.589359	19.766582
MGYG000002535__gradient_L5_pectin_gapseq	2354	2900	1305	bio1	2.769850	2.664815	19.846368
MGYG000002535__gradient_L6_resistant_starch_gapseq	2354	2900	1305	bio1	3.477206	2.590742	19.762394
MGYG000002535__gradient_L7_bglucan_gapseq	2354	2900	1305	bio1	3.709005	2.608632	19.933023
MGYG000002535__gradient_L8_hmo_gapseq	2354	2900	1305	bio1	3.709005	2.639746	19.786128
MGYG000002535__gradient_L9_mos_gapseq	2354	2900	1305	bio1	3.859507	2.624273	19.565286
MGYG000002542__gradient_L0_base_gapseq	1525	1823	496	bio1	0.471106	1.613588	7.804759
MGYG000002542__gradient_L1_inulin_gapseq	1525	1823	496	bio1	0.640708	1.608605	7.802965
MGYG000002542__gradient_L2_fos_gapseq	1525	1823	496	bio1	0.640708	1.527489	7.957551
MGYG000002542__gradient_L3_gos_gapseq	1525	1823	496	bio1	0.803243	1.527466	7.969269
MGYG000002542__gradient_L4_xos_gapseq	1525	1823	496	bio1	0.904667	1.676822	7.927677
MGYG000002542__gradient_L5_pectin_gapseq	1525	1823	496	bio1	0.904667	1.549521	8.010493
MGYG000002542__gradient_L6_resistant_starch_gapseq	1525	1823	496	bio1	1.238737	1.547527	7.946221
MGYG000002542__gradient_L7_bglucan_gapseq	1525	1823	496	bio1	1.238737	1.519749	7.886619
MGYG000002542__gradient_L8_hmo_gapseq	1525	1823	496	bio1	1.238737	1.511943	7.919701
MGYG000002542__gradient_L9_mos_gapseq	1525	1823	496	bio1	1.306267	1.528264	7.797900
MGYG000002544__gradient_L0_base_gapseq	1424	1507	424	bio1	0.000000	1.242096	0.066642
MGYG000002544__gradient_L1_inulin_gapseq	1424	1507	424	bio1	0.644501	1.374497	5.682386
MGYG000002544__gradient_L2_fos_gapseq	1424	1507	424	bio1	0.644501	1.265668	5.805431
MGYG000002544__gradient_L3_gos_gapseq	1424	1507	424	bio1	0.777098	1.244933	5.855067
MGYG000002544__gradient_L4_xos_gapseq	1424	1507	424	bio1	0.777098	1.299882	5.637140
MGYG000002544__gradient_L5_pectin_gapseq	1424	1507	424	bio1	0.777098	1.373431	5.660326
MGYG000002544__gradient_L6_resistant_starch_gapseq	1424	1507	424	bio1	0.919604	1.344019	5.662589
MGYG000002544__gradient_L7_bglucan_gapseq	1424	1507	424	bio1	0.919604	1.248552	5.697227
MGYG000002544__gradient_L8_hmo_gapseq	1424	1507	424	bio1	0.919604	1.256286	5.656564
MGYG000002544__gradient_L9_mos_gapseq	1424	1507	424	bio1	0.919604	1.321937	5.654344
MGYG000002558__gradient_L0_base_gapseq	1461	1636	380	bio1	0.297075	1.353487	6.209217
MGYG000002558__gradient_L1_inulin_gapseq	1461	1636	380	bio1	0.391798	1.464326	6.237522
MGYG000002558__gradient_L2_fos_gapseq	1461	1636	380	bio1	0.391798	1.435940	6.281567
MGYG000002558__gradient_L3_gos_gapseq	1461	1636	380	bio1	0.462841	1.446887	6.257155
MGYG000002558__gradient_L4_xos_gapseq	1461	1636	380	bio1	0.552363	1.345390	6.345101
MGYG000002558__gradient_L5_pectin_gapseq	1461	1636	380	bio1	0.584318	1.321926	6.440250
MGYG000002558__gradient_L6_resistant_starch_gapseq	1461	1636	380	bio1	0.842244	1.325943	6.263876
MGYG000002558__gradient_L7_bglucan_gapseq	1461	1636	380	bio1	0.999739	1.426625	6.214484
MGYG000002558__gradient_L8_hmo_gapseq	1461	1636	380	bio1	0.999739	1.419594	6.230448
MGYG000002558__gradient_L9_mos_gapseq	1461	1636	380	bio1	1.100170	1.448665	6.249628
MGYG000002581__gradient_L0_base_gapseq	892	847	130	bio1	0.000000	0.663446	0.029673
MGYG000002581__gradient_L1_inulin_gapseq	892	847	130	bio1	0.000000	0.674537	0.031260
MGYG000002581__gradient_L2_fos_gapseq	892	847	130	bio1	0.000000	0.684268	0.030521
MGYG000002581__gradient_L3_gos_gapseq	892	847	130	bio1	0.000000	0.795751	0.025391
MGYG000002581__gradient_L4_xos_gapseq	892	847	130	bio1	0.000000	0.676211	0.030627
MGYG000002581__gradient_L5_pectin_gapseq	892	847	130	bio1	0.000000	0.686100	0.028119
MGYG000002581__gradient_L6_resistant_starch_gapseq	892	847	130	bio1	0.000000	0.781272	0.030799
MGYG000002581__gradient_L7_bglucan_gapseq	892	847	130	bio1	0.000000	0.688668	0.031265
MGYG000002581__gradient_L8_hmo_gapseq	892	847	130	bio1	0.000000	0.684193	0.025392
MGYG000002581__gradient_L9_mos_gapseq	892	847	130	bio1	0.000000	0.678443	0.031640
MGYG000002584__gradient_L0_base_gapseq	1313	1466	384	bio1	0.366686	1.309060	5.361369
MGYG000002584__gradient_L1_inulin_gapseq	1313	1466	384	bio1	0.455582	1.322715	5.341149
MGYG000002584__gradient_L2_fos_gapseq	1313	1466	384	bio1	0.455582	1.185825	5.587822
MGYG000002584__gradient_L3_gos_gapseq	1313	1466	384	bio1	0.516004	1.192856	5.331052
MGYG000002584__gradient_L4_xos_gapseq	1313	1466	384	bio1	0.626621	1.278344	5.304964
MGYG000002584__gradient_L5_pectin_gapseq	1313	1466	384	bio1	0.626621	1.186656	5.428626
MGYG000002584__gradient_L6_resistant_starch_gapseq	1313	1466	384	bio1	0.859106	1.174444	5.442447
MGYG000002584__gradient_L7_bglucan_gapseq	1313	1466	384	bio1	0.859106	1.189168	5.305789
MGYG000002584__gradient_L8_hmo_gapseq	1313	1466	384	bio1	0.859106	1.266170	5.331211
MGYG000002584__gradient_L9_mos_gapseq	1313	1466	384	bio1	0.946969	1.173196	5.434537
MGYG000002591__gradient_L0_base_gapseq	1274	1327	308	bio1	0.197888	1.245786	4.331653
MGYG000002591__gradient_L1_inulin_gapseq	1274	1327	308	bio1	0.267756	1.177601	4.303129
MGYG000002591__gradient_L2_fos_gapseq	1274	1327	308	bio1	0.267756	1.105129	4.295127
MGYG000002591__gradient_L3_gos_gapseq	1274	1327	308	bio1	0.267756	1.306683	4.312164
MGYG000002591__gradient_L4_xos_gapseq	1274	1327	308	bio1	0.267756	1.226890	4.283971
MGYG000002591__gradient_L5_pectin_gapseq	1274	1327	308	bio1	0.267756	1.111495	4.260511
MGYG000002591__gradient_L6_resistant_starch_gapseq	1274	1327	308	bio1	0.267756	1.181826	4.273051
MGYG000002591__gradient_L7_bglucan_gapseq	1274	1327	308	bio1	0.267756	1.181601	4.301529
MGYG000002591__gradient_L8_hmo_gapseq	1274	1327	308	bio1	0.267756	1.126436	4.293137
MGYG000002591__gradient_L9_mos_gapseq	1274	1327	308	bio1	0.267756	1.192219	4.302941
MGYG000002623__gradient_L0_base_gapseq	1425	1649	388	bio1	0.489129	1.367847	6.597355
MGYG000002623__gradient_L1_inulin_gapseq	1425	1649	388	bio1	0.656303	1.479251	6.778893
MGYG000002623__gradient_L2_fos_gapseq	1425	1649	388	bio1	0.656303	1.436288	6.675079
MGYG000002623__gradient_L3_gos_gapseq	1425	1649	388	bio1	0.942511	1.448743	6.653243
MGYG000002623__gradient_L4_xos_gapseq	1425	1649	388	bio1	1.001071	1.354186	6.775801
MGYG000002623__gradient_L5_pectin_gapseq	1425	1649	388	bio1	1.001071	1.329021	6.629535
MGYG000002623__gradient_L6_resistant_starch_gapseq	1425	1649	388	bio1	1.530243	1.325186	6.603946
MGYG000002623__gradient_L7_bglucan_gapseq	1425	1649	388	bio1	1.530243	1.403795	6.618909
MGYG000002623__gradient_L8_hmo_gapseq	1425	1649	388	bio1	1.530243	1.457501	6.616148
MGYG000002623__gradient_L9_mos_gapseq	1425	1649	388	bio1	1.530243	1.490237	6.679910
MGYG000002634__gradient_L0_base_gapseq	1527	1822	543	bio1	1.048831	1.584495	8.064164
MGYG000002634__gradient_L1_inulin_gapseq	1527	1822	543	bio1	1.270613	1.573546	8.119204
MGYG000002634__gradient_L2_fos_gapseq	1527	1822	543	bio1	1.270613	1.578270	8.000807
MGYG000002634__gradient_L3_gos_gapseq	1527	1822	543	bio1	1.464672	1.581397	8.073651
MGYG000002634__gradient_L4_xos_gapseq	1527	1822	543	bio1	1.464672	1.590305	7.980309
MGYG000002634__gradient_L5_pectin_gapseq	1527	1822	543	bio1	1.464672	1.499461	8.178214
MGYG000002634__gradient_L6_resistant_starch_gapseq	1527	1822	543	bio1	1.938267	1.496212	8.146066
MGYG000002634__gradient_L7_bglucan_gapseq	1527	1822	543	bio1	1.938267	1.467929	8.209540
MGYG000002634__gradient_L8_hmo_gapseq	1527	1822	543	bio1	1.938267	1.533790	8.085107
MGYG000002634__gradient_L9_mos_gapseq	1527	1822	543	bio1	2.049158	1.471588	8.050290
MGYG000002648__gradient_L0_base_gapseq	1106	1189	226	bio1	0.208479	0.973414	3.618506
MGYG000002648__gradient_L1_inulin_gapseq	1106	1189	226	bio1	0.317255	0.957744	3.537066
MGYG000002648__gradient_L2_fos_gapseq	1106	1189	226	bio1	0.317255	1.075249	3.542998
MGYG000002648__gradient_L3_gos_gapseq	1106	1189	226	bio1	0.317255	0.957102	3.525792
MGYG000002648__gradient_L4_xos_gapseq	1106	1189	226	bio1	0.317255	1.056748	3.529312
MGYG000002648__gradient_L5_pectin_gapseq	1106	1189	226	bio1	0.317255	0.944549	3.584477
MGYG000002648__gradient_L6_resistant_starch_gapseq	1106	1189	226	bio1	0.781822	0.974834	3.501144
MGYG000002648__gradient_L7_bglucan_gapseq	1106	1189	226	bio1	0.781822	0.961487	3.590595
MGYG000002648__gradient_L8_hmo_gapseq	1106	1189	226	bio1	0.781822	0.971621	3.523363
MGYG000002648__gradient_L9_mos_gapseq	1106	1189	226	bio1	0.781822	1.074783	3.525090
MGYG000002653__gradient_L0_base_gapseq	1354	1565	399	bio1	0.408517	1.342167	5.835691
MGYG000002653__gradient_L1_inulin_gapseq	1354	1565	399	bio1	0.520145	1.334461	5.844892
MGYG000002653__gradient_L2_fos_gapseq	1354	1565	399	bio1	0.520145	1.258282	6.036745
MGYG000002653__gradient_L3_gos_gapseq	1354	1565	399	bio1	0.743178	1.257880	5.836527
MGYG000002653__gradient_L4_xos_gapseq	1354	1565	399	bio1	0.804920	1.335880	5.930182
MGYG000002653__gradient_L5_pectin_gapseq	1354	1565	399	bio1	0.804920	1.337739	5.854565
MGYG000002653__gradient_L6_resistant_starch_gapseq	1354	1565	399	bio1	1.264553	1.388100	5.860912
MGYG000002653__gradient_L7_bglucan_gapseq	1354	1565	399	bio1	1.422337	1.257941	5.922897
MGYG000002653__gradient_L8_hmo_gapseq	1354	1565	399	bio1	1.422337	1.258870	5.853652
MGYG000002653__gradient_L9_mos_gapseq	1354	1565	399	bio1	1.522953	1.345127	5.818469
MGYG000002664__gradient_L0_base_gapseq	1127	1176	220	bio1	0.300638	0.953324	3.463420
MGYG000002664__gradient_L1_inulin_gapseq	1127	1176	220	bio1	0.300638	1.081106	3.477082
MGYG000002664__gradient_L2_fos_gapseq	1127	1176	220	bio1	0.300638	0.946780	3.551956
MGYG000002664__gradient_L3_gos_gapseq	1127	1176	220	bio1	0.300638	0.991236	3.483952
MGYG000002664__gradient_L4_xos_gapseq	1127	1176	220	bio1	0.300638	1.042595	3.463119
MGYG000002664__gradient_L5_pectin_gapseq	1127	1176	220	bio1	0.300638	0.963699	3.584242
MGYG000002664__gradient_L6_resistant_starch_gapseq	1127	1176	220	bio1	0.409373	1.047590	3.494171
MGYG000002664__gradient_L7_bglucan_gapseq	1127	1176	220	bio1	0.409373	0.958305	3.459503
MGYG000002664__gradient_L8_hmo_gapseq	1127	1176	220	bio1	0.409373	1.022599	3.465646
MGYG000002664__gradient_L9_mos_gapseq	1127	1176	220	bio1	0.491978	0.950594	3.552989
MGYG000002689__gradient_L0_base_gapseq	986	995	216	bio1	0.000000	0.790299	0.036005
MGYG000002689__gradient_L1_inulin_gapseq	986	995	216	bio1	0.000000	0.899400	0.035784
MGYG000002689__gradient_L2_fos_gapseq	986	995	216	bio1	0.000000	0.807278	0.034454
MGYG000002689__gradient_L3_gos_gapseq	986	995	216	bio1	0.000000	0.807729	0.034634
MGYG000002689__gradient_L4_xos_gapseq	986	995	216	bio1	0.000000	0.891006	0.031381
MGYG000002689__gradient_L5_pectin_gapseq	986	995	216	bio1	0.000000	0.793310	0.035254
MGYG000002689__gradient_L6_resistant_starch_gapseq	986	995	216	bio1	0.000000	0.795730	0.036088
MGYG000002689__gradient_L7_bglucan_gapseq	986	995	216	bio1	0.000000	0.888570	0.036072
MGYG000002689__gradient_L8_hmo_gapseq	986	995	216	bio1	0.000000	0.813460	0.036461
MGYG000002689__gradient_L9_mos_gapseq	986	995	216	bio1	0.000000	0.803861	0.034422
MGYG000002715__gradient_L0_base_gapseq	1167	1248	278	bio1	0.000000	1.132528	0.058384
MGYG000002715__gradient_L1_inulin_gapseq	1167	1248	278	bio1	0.000000	1.016033	0.060708
MGYG000002715__gradient_L2_fos_gapseq	1167	1248	278	bio1	0.000000	1.099871	0.060020
MGYG000002715__gradient_L3_gos_gapseq	1167	1248	278	bio1	0.000000	1.011198	0.056917
MGYG000002715__gradient_L4_xos_gapseq	1167	1248	278	bio1	0.000000	1.011586	0.059360
MGYG000002715__gradient_L5_pectin_gapseq	1167	1248	278	bio1	0.000000	1.134926	0.063282
MGYG000002715__gradient_L6_resistant_starch_gapseq	1167	1248	278	bio1	0.000000	1.017779	0.060480
MGYG000002715__gradient_L7_bglucan_gapseq	1167	1248	278	bio1	0.000000	1.165502	0.062047
MGYG000002715__gradient_L8_hmo_gapseq	1167	1248	278	bio1	0.000000	1.035330	0.055840
MGYG000002715__gradient_L9_mos_gapseq	1167	1248	278	bio1	0.000000	1.005213	0.061690
MGYG000002722__gradient_L0_base_gapseq	1216	1324	273	bio1	0.464425	1.076968	4.504259
MGYG000002722__gradient_L1_inulin_gapseq	1216	1324	273	bio1	0.464425	1.223684	4.607653
MGYG000002722__gradient_L2_fos_gapseq	1216	1324	273	bio1	0.464425	1.086943	4.662181
MGYG000002722__gradient_L3_gos_gapseq	1216	1324	273	bio1	0.464425	1.073920	4.480198
MGYG000002722__gradient_L4_xos_gapseq	1216	1324	273	bio1	0.464425	1.159302	4.483475
MGYG000002722__gradient_L5_pectin_gapseq	1216	1324	273	bio1	0.490142	1.064202	4.577745
MGYG000002722__gradient_L6_resistant_starch_gapseq	1216	1324	273	bio1	0.716185	1.081929	4.481509
MGYG000002722__gradient_L7_bglucan_gapseq	1216	1324	273	bio1	0.716185	1.195079	4.475509
MGYG000002722__gradient_L8_hmo_gapseq	1216	1324	273	bio1	0.716185	1.084567	4.576416
MGYG000002722__gradient_L9_mos_gapseq	1216	1324	273	bio1	0.716185	1.090696	4.462482
MGYG000002723__gradient_L0_base_gapseq	1065	1117	245	bio1	0.000000	0.882543	0.048049
MGYG000002723__gradient_L1_inulin_gapseq	1065	1117	245	bio1	0.000000	0.963342	0.045980
MGYG000002723__gradient_L2_fos_gapseq	1065	1117	245	bio1	0.000000	0.893987	0.044563
MGYG000002723__gradient_L3_gos_gapseq	1065	1117	245	bio1	0.000000	0.871984	0.042083
MGYG000002723__gradient_L4_xos_gapseq	1065	1117	245	bio1	0.000000	0.974480	0.043070
MGYG000002723__gradient_L5_pectin_gapseq	1065	1117	245	bio1	0.000000	0.893270	0.041349
MGYG000002723__gradient_L6_resistant_starch_gapseq	1065	1117	245	bio1	0.409877	0.898987	3.264806
MGYG000002723__gradient_L7_bglucan_gapseq	1065	1117	245	bio1	0.612631	0.885653	3.063294
MGYG000002723__gradient_L8_hmo_gapseq	1065	1117	245	bio1	0.612631	0.863323	3.194998
MGYG000002723__gradient_L9_mos_gapseq	1065	1117	245	bio1	0.717279	0.898716	3.047085
MGYG000002734__gradient_L0_base_gapseq	1121	1257	281	bio1	0.792373	1.134396	3.988938
MGYG000002734__gradient_L1_inulin_gapseq	1121	1257	281	bio1	1.079074	1.036819	4.174881
MGYG000002734__gradient_L2_fos_gapseq	1121	1257	281	bio1	1.079074	0.994352	3.904854
MGYG000002734__gradient_L3_gos_gapseq	1121	1257	281	bio1	1.341200	1.093980	3.864121
MGYG000002734__gradient_L4_xos_gapseq	1121	1257	281	bio1	1.341200	1.006653	3.873953
MGYG000002734__gradient_L5_pectin_gapseq	1121	1257	281	bio1	1.341200	1.098792	3.915142
MGYG000002734__gradient_L6_resistant_starch_gapseq	1121	1257	281	bio1	1.946274	0.991365	3.960474
MGYG000002734__gradient_L7_bglucan_gapseq	1121	1257	281	bio1	1.946274	1.009086	3.879508
MGYG000002734__gradient_L8_hmo_gapseq	1121	1257	281	bio1	1.946274	1.101941	3.906738
MGYG000002734__gradient_L9_mos_gapseq	1121	1257	281	bio1	1.946274	0.997852	4.020277
MGYG000002741__gradient_L0_base_gapseq	1030	1155	300	bio1	0.807249	0.904837	3.345860
MGYG000002741__gradient_L1_inulin_gapseq	1030	1155	300	bio1	1.094648	1.068667	3.361662
MGYG000002741__gradient_L2_fos_gapseq	1030	1155	300	bio1	1.094648	0.904058	3.456603
MGYG000002741__gradient_L3_gos_gapseq	1030	1155	300	bio1	1.305244	0.906911	3.375026
MGYG000002741__gradient_L4_xos_gapseq	1030	1155	300	bio1	1.305244	0.984023	3.366333
MGYG000002741__gradient_L5_pectin_gapseq	1030	1155	300	bio1	1.305244	0.922954	3.362548
MGYG000002741__gradient_L6_resistant_starch_gapseq	1030	1155	300	bio1	1.912899	1.013380	3.362928
MGYG000002741__gradient_L7_bglucan_gapseq	1030	1155	300	bio1	1.912899	0.911925	3.376713
MGYG000002741__gradient_L8_hmo_gapseq	1030	1155	300	bio1	1.912899	0.997244	3.342747
MGYG000002741__gradient_L9_mos_gapseq	1030	1155	300	bio1	2.053296	0.910457	3.462469
MGYG000002747__gradient_L0_base_gapseq	1135	1274	307	bio1	0.720031	1.017272	4.025617
MGYG000002747__gradient_L1_inulin_gapseq	1135	1274	307	bio1	1.013599	1.009180	3.961709
MGYG000002747__gradient_L2_fos_gapseq	1135	1274	307	bio1	1.013599	1.116168	3.968186
MGYG000002747__gradient_L3_gos_gapseq	1135	1274	307	bio1	1.303830	1.001490	4.107327
MGYG000002747__gradient_L4_xos_gapseq	1135	1274	307	bio1	1.303830	1.023542	3.965424
MGYG000002747__gradient_L5_pectin_gapseq	1135	1274	307	bio1	1.303830	1.016632	4.088418
MGYG000002747__gradient_L6_resistant_starch_gapseq	1135	1274	307	bio1	1.912875	1.017051	3.986636
MGYG000002747__gradient_L7_bglucan_gapseq	1135	1274	307	bio1	1.912875	1.123200	3.989557
MGYG000002747__gradient_L8_hmo_gapseq	1135	1274	307	bio1	1.912875	1.022673	4.079997
MGYG000002747__gradient_L9_mos_gapseq	1135	1274	307	bio1	2.053593	1.019057	4.027679
MGYG000002748__gradient_L0_base_gapseq	1165	1233	296	bio1	0.179641	1.005059	3.668432
MGYG000002748__gradient_L1_inulin_gapseq	1165	1233	296	bio1	0.299408	1.055436	3.665462
MGYG000002748__gradient_L2_fos_gapseq	1165	1233	296	bio1	0.299408	0.996883	3.628082
MGYG000002748__gradient_L3_gos_gapseq	1165	1233	296	bio1	0.444510	1.079950	3.665753
MGYG000002748__gradient_L4_xos_gapseq	1165	1233	296	bio1	0.444510	0.995204	3.730351
MGYG000002748__gradient_L5_pectin_gapseq	1165	1233	296	bio1	0.444510	0.980082	3.644419
MGYG000002748__gradient_L6_resistant_starch_gapseq	1165	1233	296	bio1	0.755444	1.077889	3.656833
MGYG000002748__gradient_L7_bglucan_gapseq	1165	1233	296	bio1	0.755444	0.992798	3.798016
MGYG000002748__gradient_L8_hmo_gapseq	1165	1233	296	bio1	0.755444	1.026803	3.786572
MGYG000002748__gradient_L9_mos_gapseq	1165	1233	296	bio1	0.764657	0.984278	3.856217
MGYG000002754__gradient_L0_base_gapseq	1159	1290	315	bio1	0.727385	1.019356	4.219966
MGYG000002754__gradient_L1_inulin_gapseq	1159	1290	315	bio1	1.017023	1.105119	4.176937
MGYG000002754__gradient_L2_fos_gapseq	1159	1290	315	bio1	1.017023	1.020081	4.189389
MGYG000002754__gradient_L3_gos_gapseq	1159	1290	315	bio1	1.328491	1.124874	4.178943
MGYG000002754__gradient_L4_xos_gapseq	1159	1290	315	bio1	1.328491	1.027139	4.303088
MGYG000002754__gradient_L5_pectin_gapseq	1159	1290	315	bio1	1.328491	1.024326	4.202627
MGYG000002754__gradient_L6_resistant_starch_gapseq	1159	1290	315	bio1	1.944897	1.114770	4.316713
MGYG000002754__gradient_L7_bglucan_gapseq	1159	1290	315	bio1	1.944897	1.037557	4.416879
MGYG000002754__gradient_L8_hmo_gapseq	1159	1290	315	bio1	1.944897	1.025457	4.209032
MGYG000002754__gradient_L9_mos_gapseq	1159	1290	315	bio1	2.087316	1.109649	4.223053
MGYG000002755__gradient_L0_base_gapseq	1145	1247	305	bio1	0.748612	1.100286	3.853425
MGYG000002755__gradient_L1_inulin_gapseq	1145	1247	305	bio1	1.033802	1.007693	3.843124
MGYG000002755__gradient_L2_fos_gapseq	1145	1247	305	bio1	1.033802	1.097428	3.865647
MGYG000002755__gradient_L3_gos_gapseq	1145	1247	305	bio1	1.327903	1.012498	3.929635
MGYG000002755__gradient_L4_xos_gapseq	1145	1247	305	bio1	1.327903	0.977457	3.897196
MGYG000002755__gradient_L5_pectin_gapseq	1145	1247	305	bio1	1.327903	1.088434	3.920247
MGYG000002755__gradient_L6_resistant_starch_gapseq	1145	1247	305	bio1	1.677706	1.008277	3.864484
MGYG000002755__gradient_L7_bglucan_gapseq	1145	1247	305	bio1	1.677706	1.130428	3.855486
MGYG000002755__gradient_L8_hmo_gapseq	1145	1247	305	bio1	1.677706	1.001559	3.976398
MGYG000002755__gradient_L9_mos_gapseq	1145	1247	305	bio1	1.820301	0.992883	3.885601
MGYG000002770__gradient_L0_base_gapseq	1333	1495	373	bio1	0.694822	1.277060	5.459934
MGYG000002770__gradient_L1_inulin_gapseq	1333	1495	373	bio1	0.917168	1.216583	5.596469
MGYG000002770__gradient_L2_fos_gapseq	1333	1495	373	bio1	0.917168	1.346890	5.540781
MGYG000002770__gradient_L3_gos_gapseq	1333	1495	373	bio1	1.127601	1.314584	5.470991
MGYG000002770__gradient_L4_xos_gapseq	1333	1495	373	bio1	1.127601	1.301716	5.437995
MGYG000002770__gradient_L5_pectin_gapseq	1333	1495	373	bio1	1.127601	1.207227	5.585583
MGYG000002770__gradient_L6_resistant_starch_gapseq	1333	1495	373	bio1	1.585344	1.213205	5.477869
MGYG000002770__gradient_L7_bglucan_gapseq	1333	1495	373	bio1	1.739414	1.334782	5.454049
MGYG000002770__gradient_L8_hmo_gapseq	1333	1495	373	bio1	1.739414	1.327843	5.463634
MGYG000002770__gradient_L9_mos_gapseq	1333	1495	373	bio1	1.846593	1.223905	5.540817
MGYG000002782__gradient_L0_base_gapseq	1229	1321	319	bio1	0.558912	1.089745	4.281845
MGYG000002782__gradient_L1_inulin_gapseq	1229	1321	319	bio1	0.774234	1.170176	4.258001
MGYG000002782__gradient_L2_fos_gapseq	1229	1321	319	bio1	0.774234	1.089545	4.350744
MGYG000002782__gradient_L3_gos_gapseq	1229	1321	319	bio1	0.774234	1.217656	4.291225
MGYG000002782__gradient_L4_xos_gapseq	1229	1321	319	bio1	0.774234	1.095750	4.325628
MGYG000002782__gradient_L5_pectin_gapseq	1229	1321	319	bio1	0.774234	1.122674	4.265171
MGYG000002782__gradient_L6_resistant_starch_gapseq	1229	1321	319	bio1	1.237110	1.197330	4.250374
MGYG000002782__gradient_L7_bglucan_gapseq	1229	1321	319	bio1	1.237110	1.127278	4.378311
MGYG000002782__gradient_L8_hmo_gapseq	1229	1321	319	bio1	1.237110	1.088676	4.259558
MGYG000002782__gradient_L9_mos_gapseq	1229	1321	319	bio1	1.344105	1.190477	4.260174
MGYG000002783__gradient_L0_base_gapseq	1192	1294	272	bio1	0.000000	1.048330	0.055854
MGYG000002783__gradient_L1_inulin_gapseq	1192	1294	272	bio1	0.000000	1.043997	0.053620
MGYG000002783__gradient_L2_fos_gapseq	1192	1294	272	bio1	0.000000	1.145771	0.058600
MGYG000002783__gradient_L3_gos_gapseq	1192	1294	272	bio1	0.131110	1.050250	4.263401
MGYG000002783__gradient_L4_xos_gapseq	1192	1294	272	bio1	0.131110	1.227851	4.264591
MGYG000002783__gradient_L5_pectin_gapseq	1192	1294	272	bio1	0.131110	1.165851	4.337906
MGYG000002783__gradient_L6_resistant_starch_gapseq	1192	1294	272	bio1	0.131110	1.042772	4.253939
MGYG000002783__gradient_L7_bglucan_gapseq	1192	1294	272	bio1	0.131110	1.214910	4.266868
MGYG000002783__gradient_L8_hmo_gapseq	1192	1294	272	bio1	0.131110	1.047900	4.363267
MGYG000002783__gradient_L9_mos_gapseq	1192	1294	272	bio1	0.131110	1.058194	4.257219
MGYG000002798__gradient_L0_base_gapseq	922	863	108	bio1	0.000000	0.675334	0.019414
MGYG000002798__gradient_L1_inulin_gapseq	922	863	108	bio1	0.000000	0.698398	0.029615
MGYG000002798__gradient_L2_fos_gapseq	922	863	108	bio1	0.000000	0.703105	0.029351
MGYG000002798__gradient_L3_gos_gapseq	922	863	108	bio1	0.000000	0.830674	0.024138
MGYG000002798__gradient_L4_xos_gapseq	922	863	108	bio1	0.000000	0.702722	0.023878
MGYG000002798__gradient_L5_pectin_gapseq	922	863	108	bio1	0.000000	0.680562	0.024090
MGYG000002798__gradient_L6_resistant_starch_gapseq	922	863	108	bio1	0.000000	0.703850	0.029978
MGYG000002798__gradient_L7_bglucan_gapseq	922	863	108	bio1	0.000000	0.802921	0.029760
MGYG000002798__gradient_L8_hmo_gapseq	922	863	108	bio1	0.000000	0.679688	0.027014
MGYG000002798__gradient_L9_mos_gapseq	922	863	108	bio1	0.000000	0.682500	0.030352
MGYG000002803__gradient_L0_base_gapseq	1131	1199	211	bio1	0.000000	1.089116	0.045973
MGYG000002803__gradient_L1_inulin_gapseq	1131	1199	211	bio1	0.000000	0.986758	0.047127
MGYG000002803__gradient_L2_fos_gapseq	1131	1199	211	bio1	0.000000	1.004598	0.048213
MGYG000002803__gradient_L3_gos_gapseq	1131	1199	211	bio1	0.000000	1.075732	0.055305
MGYG000002803__gradient_L4_xos_gapseq	1131	1199	211	bio1	0.000000	0.962722	0.055279
MGYG000002803__gradient_L5_pectin_gapseq	1131	1199	211	bio1	0.000000	1.101456	0.047941
MGYG000002803__gradient_L6_resistant_starch_gapseq	1131	1199	211	bio1	0.000000	0.958611	0.047151
MGYG000002803__gradient_L7_bglucan_gapseq	1131	1199	211	bio1	0.000000	1.015321	0.049082
MGYG000002803__gradient_L8_hmo_gapseq	1131	1199	211	bio1	0.000000	1.113083	0.048984
MGYG000002803__gradient_L9_mos_gapseq	1131	1199	211	bio1	0.000000	0.961352	0.050336
MGYG000002831__gradient_L0_base_gapseq	1035	1119	193	bio1	0.000000	0.951080	0.040255
MGYG000002831__gradient_L1_inulin_gapseq	1035	1119	193	bio1	0.541660	0.889992	3.110406
MGYG000002831__gradient_L2_fos_gapseq	1035	1119	193	bio1	0.541660	0.874590	3.170010
MGYG000002831__gradient_L3_gos_gapseq	1035	1119	193	bio1	0.904975	0.869868	3.078530
MGYG000002831__gradient_L4_xos_gapseq	1035	1119	193	bio1	0.904975	0.887254	3.152976
MGYG000002831__gradient_L5_pectin_gapseq	1035	1119	193	bio1	0.904975	0.885481	3.065871
MGYG000002831__gradient_L6_resistant_starch_gapseq	1035	1119	193	bio1	0.994383	0.887099	3.196603
MGYG000002831__gradient_L7_bglucan_gapseq	1035	1119	193	bio1	0.994383	0.900024	3.100289
MGYG000002831__gradient_L8_hmo_gapseq	1035	1119	193	bio1	0.994383	0.980978	3.064994
MGYG000002831__gradient_L9_mos_gapseq	1035	1119	193	bio1	0.994383	0.885126	3.077223
MGYG000002840__gradient_L0_base_gapseq	1189	1321	395	bio1	0.336622	1.086771	4.153665
MGYG000002840__gradient_L1_inulin_gapseq	1189	1321	395	bio1	0.336622	1.168807	4.160744
MGYG000002840__gradient_L2_fos_gapseq	1189	1321	395	bio1	0.336622	1.066099	4.222790
MGYG000002840__gradient_L3_gos_gapseq	1189	1321	395	bio1	0.336622	1.083766	4.195703
MGYG000002840__gradient_L4_xos_gapseq	1189	1321	395	bio1	0.336622	1.174536	4.171930
MGYG000002840__gradient_L5_pectin_gapseq	1189	1321	395	bio1	0.336622	1.069305	4.206741
MGYG000002840__gradient_L6_resistant_starch_gapseq	1189	1321	395	bio1	0.336622	1.095105	4.184556
MGYG000002840__gradient_L7_bglucan_gapseq	1189	1321	395	bio1	0.336622	1.173086	4.155581
MGYG000002840__gradient_L8_hmo_gapseq	1189	1321	395	bio1	0.336622	1.065899	4.221957
MGYG000002840__gradient_L9_mos_gapseq	1189	1321	395	bio1	0.336622	1.073366	4.188687
MGYG000002848__gradient_L0_base_gapseq	1064	1212	264	bio1	0.000000	0.962663	0.044938
MGYG000002848__gradient_L1_inulin_gapseq	1064	1212	264	bio1	0.292657	1.115457	3.728310
MGYG000002848__gradient_L2_fos_gapseq	1064	1212	264	bio1	0.292657	0.967397	3.985238
MGYG000002848__gradient_L3_gos_gapseq	1064	1212	264	bio1	0.369308	0.972462	3.715549
MGYG000002848__gradient_L4_xos_gapseq	1064	1212	264	bio1	0.439718	1.042859	3.763293
MGYG000002848__gradient_L5_pectin_gapseq	1064	1212	264	bio1	0.439718	0.973902	3.719708
MGYG000002848__gradient_L6_resistant_starch_gapseq	1064	1212	264	bio1	0.886539	1.042709	3.703814
MGYG000002848__gradient_L7_bglucan_gapseq	1064	1212	264	bio1	1.048130	0.951101	3.825701
MGYG000002848__gradient_L8_hmo_gapseq	1064	1212	264	bio1	1.048130	0.958545	3.693927
MGYG000002848__gradient_L9_mos_gapseq	1064	1212	264	bio1	1.121684	1.036750	3.673435
MGYG000002852__gradient_L0_base_gapseq	1137	1284	312	bio1	0.000000	1.037827	0.051648
MGYG000002852__gradient_L1_inulin_gapseq	1137	1284	312	bio1	0.000000	1.098758	0.059697
MGYG000002852__gradient_L2_fos_gapseq	1137	1284	312	bio1	0.000000	1.026411	0.059752
MGYG000002852__gradient_L3_gos_gapseq	1137	1284	312	bio1	0.000000	1.026501	0.160947
MGYG000002852__gradient_L4_xos_gapseq	1137	1284	312	bio1	0.000000	1.016738	0.061390
MGYG000002852__gradient_L5_pectin_gapseq	1137	1284	312	bio1	0.000000	1.032471	0.058117
MGYG000002852__gradient_L6_resistant_starch_gapseq	1137	1284	312	bio1	0.000000	1.118435	0.053498
MGYG000002852__gradient_L7_bglucan_gapseq	1137	1284	312	bio1	0.000000	1.010533	0.053869
MGYG000002852__gradient_L8_hmo_gapseq	1137	1284	312	bio1	0.000000	1.100261	0.052825
MGYG000002852__gradient_L9_mos_gapseq	1137	1284	312	bio1	0.000000	1.017739	0.059965
MGYG000002858__gradient_L0_base_gapseq	1183	1290	329	bio1	0.704454	1.106224	4.054661
MGYG000002858__gradient_L1_inulin_gapseq	1183	1290	329	bio1	0.992541	1.017974	4.160019
MGYG000002858__gradient_L2_fos_gapseq	1183	1290	329	bio1	0.992541	1.030676	4.095850
MGYG000002858__gradient_L3_gos_gapseq	1183	1290	329	bio1	1.284381	1.107768	4.065919
MGYG000002858__gradient_L4_xos_gapseq	1183	1290	329	bio1	1.284381	1.035158	4.063732
MGYG000002858__gradient_L5_pectin_gapseq	1183	1290	329	bio1	1.284381	1.138151	4.081558
MGYG000002858__gradient_L6_resistant_starch_gapseq	1183	1290	329	bio1	1.896732	1.035344	4.257908
MGYG000002858__gradient_L7_bglucan_gapseq	1183	1290	329	bio1	2.102323	1.045115	4.070921
MGYG000002858__gradient_L8_hmo_gapseq	1183	1290	329	bio1	2.102323	1.175929	4.135462
MGYG000002858__gradient_L9_mos_gapseq	1183	1290	329	bio1	2.243805	1.029683	4.195285
MGYG000002870__gradient_L0_base_gapseq	727	665	80	bio1	0.000000	0.501275	0.015434
MGYG000002870__gradient_L1_inulin_gapseq	727	665	80	bio1	0.000000	0.513200	0.023076
MGYG000002870__gradient_L2_fos_gapseq	727	665	80	bio1	0.000000	0.635914	0.024438
MGYG000002870__gradient_L3_gos_gapseq	727	665	80	bio1	0.000000	0.514477	0.018087
MGYG000002870__gradient_L4_xos_gapseq	727	665	80	bio1	0.000000	0.531578	0.018022
MGYG000002870__gradient_L5_pectin_gapseq	727	665	80	bio1	0.000000	0.522830	0.023320
MGYG000002870__gradient_L6_resistant_starch_gapseq	727	665	80	bio1	0.000000	0.516504	0.137114
MGYG000002870__gradient_L7_bglucan_gapseq	727	665	80	bio1	0.000000	0.515731	0.019459
MGYG000002870__gradient_L8_hmo_gapseq	727	665	80	bio1	0.000000	0.508586	0.018129
MGYG000002870__gradient_L9_mos_gapseq	727	665	80	bio1	0.000000	0.517032	0.023501
MGYG000002875__gradient_L0_base_gapseq	1142	1251	274	bio1	0.000000	1.070782	0.045413
MGYG000002875__gradient_L1_inulin_gapseq	1142	1251	274	bio1	0.000000	1.020139	0.047869
MGYG000002875__gradient_L2_fos_gapseq	1142	1251	274	bio1	0.000000	0.986504	0.053398
MGYG000002875__gradient_L3_gos_gapseq	1142	1251	274	bio1	0.000000	1.061129	0.048361
MGYG000002875__gradient_L4_xos_gapseq	1142	1251	274	bio1	0.368780	0.997487	3.901808
MGYG000002875__gradient_L5_pectin_gapseq	1142	1251	274	bio1	0.368780	1.100146	3.916585
MGYG000002875__gradient_L6_resistant_starch_gapseq	1142	1251	274	bio1	0.627571	0.984704	3.985975
MGYG000002875__gradient_L7_bglucan_gapseq	1142	1251	274	bio1	0.627571	0.990430	3.922364
MGYG000002875__gradient_L8_hmo_gapseq	1142	1251	274	bio1	0.627571	1.083560	4.012903
MGYG000002875__gradient_L9_mos_gapseq	1142	1251	274	bio1	0.731084	0.981564	3.955042
MGYG000002883__gradient_L0_base_gapseq	1126	1183	211	bio1	0.000000	0.955816	0.048762
MGYG000002883__gradient_L1_inulin_gapseq	1126	1183	211	bio1	0.048074	1.074613	3.591866
MGYG000002883__gradient_L2_fos_gapseq	1126	1183	211	bio1	0.048074	0.934587	3.812784
MGYG000002883__gradient_L3_gos_gapseq	1126	1183	211	bio1	0.048074	0.946897	3.605848
MGYG000002883__gradient_L4_xos_gapseq	1126	1183	211	bio1	0.048074	1.022706	3.568068
MGYG000002883__gradient_L5_pectin_gapseq	1126	1183	211	bio1	0.048074	0.974776	3.574463
MGYG000002883__gradient_L6_resistant_starch_gapseq	1126	1183	211	bio1	0.048074	1.033164	3.682557
MGYG000002883__gradient_L7_bglucan_gapseq	1126	1183	211	bio1	0.048074	0.947284	3.690248
MGYG000002883__gradient_L8_hmo_gapseq	1126	1183	211	bio1	0.048074	0.952302	3.559276
MGYG000002883__gradient_L9_mos_gapseq	1126	1183	211	bio1	0.048074	0.946553	3.743177
MGYG000002884__gradient_L0_base_gapseq	1214	1310	238	bio1	0.000000	1.156785	0.048797
MGYG000002884__gradient_L1_inulin_gapseq	1214	1310	238	bio1	0.000000	1.072595	0.054269
MGYG000002884__gradient_L2_fos_gapseq	1214	1310	238	bio1	0.000000	1.056342	0.055031
MGYG000002884__gradient_L3_gos_gapseq	1214	1310	238	bio1	0.911872	1.142849	4.185857
MGYG000002884__gradient_L4_xos_gapseq	1214	1310	238	bio1	0.911872	1.044188	4.309309
MGYG000002884__gradient_L5_pectin_gapseq	1214	1310	238	bio1	0.911872	1.073732	4.226919
MGYG000002884__gradient_L6_resistant_starch_gapseq	1214	1310	238	bio1	1.045615	1.195032	4.218664
MGYG000002884__gradient_L7_bglucan_gapseq	1214	1310	238	bio1	1.045615	1.075404	4.352301
MGYG000002884__gradient_L8_hmo_gapseq	1214	1310	238	bio1	1.045615	1.064928	4.215132
MGYG000002884__gradient_L9_mos_gapseq	1214	1310	238	bio1	1.179357	1.148619	4.200696
MGYG000002888__gradient_L0_base_gapseq	1695	1969	450	bio1	0.864969	1.720339	9.121606
MGYG000002888__gradient_L1_inulin_gapseq	1695	1969	450	bio1	1.068891	1.739346	9.201904
MGYG000002888__gradient_L2_fos_gapseq	1695	1969	450	bio1	1.068891	1.757347	9.169612
MGYG000002888__gradient_L3_gos_gapseq	1695	1969	450	bio1	1.265029	1.755207	9.144025
MGYG000002888__gradient_L4_xos_gapseq	1695	1969	450	bio1	1.320290	1.781243	9.111346
MGYG000002888__gradient_L5_pectin_gapseq	1695	1969	450	bio1	1.320290	1.825480	9.259180
MGYG000002888__gradient_L6_resistant_starch_gapseq	1695	1969	450	bio1	1.597374	1.788254	9.234422
MGYG000002888__gradient_L7_bglucan_gapseq	1695	1969	450	bio1	1.597374	1.817796	9.314416
MGYG000002888__gradient_L8_hmo_gapseq	1695	1969	450	bio1	1.597374	1.786756	9.205658
MGYG000002888__gradient_L9_mos_gapseq	1695	1969	450	bio1	1.696999	1.776222	9.215339
MGYG000002898__gradient_L0_base_gapseq	1534	1873	551	bio1	1.018539	1.496394	8.425187
MGYG000002898__gradient_L1_inulin_gapseq	1534	1873	551	bio1	1.249153	1.530018	8.402915
MGYG000002898__gradient_L2_fos_gapseq	1534	1873	551	bio1	1.249153	1.526158	8.331048
MGYG000002898__gradient_L3_gos_gapseq	1534	1873	551	bio1	1.450941	1.513099	8.336537
MGYG000002898__gradient_L4_xos_gapseq	1534	1873	551	bio1	1.494181	1.516189	8.356573
MGYG000002898__gradient_L5_pectin_gapseq	1534	1873	551	bio1	1.494181	1.530430	8.373665
MGYG000002898__gradient_L6_resistant_starch_gapseq	1534	1873	551	bio1	1.993847	1.631218	8.334893
MGYG000002898__gradient_L7_bglucan_gapseq	1534	1873	551	bio1	1.993847	1.617588	8.351671
MGYG000002898__gradient_L8_hmo_gapseq	1534	1873	551	bio1	1.993847	1.646359	8.307100
MGYG000002898__gradient_L9_mos_gapseq	1534	1873	551	bio1	2.109154	1.624100	8.297904
MGYG000002903__gradient_L0_base_gapseq	1219	1223	232	bio1	0.036745	1.004353	3.860016
MGYG000002903__gradient_L1_inulin_gapseq	1219	1223	232	bio1	0.122565	1.109496	3.942475
MGYG000002903__gradient_L2_fos_gapseq	1219	1223	232	bio1	0.122565	0.989797	3.989998
MGYG000002903__gradient_L3_gos_gapseq	1219	1223	232	bio1	0.122565	0.992878	3.884666
MGYG000002903__gradient_L4_xos_gapseq	1219	1223	232	bio1	0.122565	1.116980	3.934690
MGYG000002903__gradient_L5_pectin_gapseq	1219	1223	232	bio1	0.122565	0.987961	3.854381
MGYG000002903__gradient_L6_resistant_starch_gapseq	1219	1223	232	bio1	0.204282	1.115479	3.891061
MGYG000002903__gradient_L7_bglucan_gapseq	1219	1223	232	bio1	0.204282	1.015594	3.983807
MGYG000002903__gradient_L8_hmo_gapseq	1219	1223	232	bio1	0.204282	1.002418	3.859848
MGYG000002903__gradient_L9_mos_gapseq	1219	1223	232	bio1	0.204282	1.099863	3.872382
MGYG000002918__gradient_L0_base_gapseq	1135	1279	311	bio1	0.730744	1.145942	3.959190
MGYG000002918__gradient_L1_inulin_gapseq	1135	1279	311	bio1	1.024688	1.017379	3.963835
MGYG000002918__gradient_L2_fos_gapseq	1135	1279	311	bio1	1.024688	1.024357	3.887352
MGYG000002918__gradient_L3_gos_gapseq	1135	1279	311	bio1	1.318094	1.096564	3.878457
MGYG000002918__gradient_L4_xos_gapseq	1135	1279	311	bio1	1.318094	1.013523	3.895909
MGYG000002918__gradient_L5_pectin_gapseq	1135	1279	311	bio1	1.318094	1.113315	3.920714
MGYG000002918__gradient_L6_resistant_starch_gapseq	1135	1279	311	bio1	1.933802	1.023706	4.021760
MGYG000002918__gradient_L7_bglucan_gapseq	1135	1279	311	bio1	1.933802	1.014860	3.878720
MGYG000002918__gradient_L8_hmo_gapseq	1135	1279	311	bio1	1.933802	1.119339	3.957272
MGYG000002918__gradient_L9_mos_gapseq	1135	1279	311	bio1	2.076060	1.012586	4.011640
MGYG000002926__gradient_L0_base_gapseq	1048	1146	261	bio1	0.000000	1.049730	0.048535
MGYG000002926__gradient_L1_inulin_gapseq	1048	1146	261	bio1	0.000000	0.922636	0.046946
MGYG000002926__gradient_L2_fos_gapseq	1048	1146	261	bio1	0.000000	0.988864	0.045782
MGYG000002926__gradient_L3_gos_gapseq	1048	1146	261	bio1	0.000000	0.912615	0.046063
MGYG000002926__gradient_L4_xos_gapseq	1048	1146	261	bio1	0.000000	0.921746	0.045591
MGYG000002926__gradient_L5_pectin_gapseq	1048	1146	261	bio1	0.000000	1.027402	0.046060
MGYG000002926__gradient_L6_resistant_starch_gapseq	1048	1146	261	bio1	0.000000	0.922714	0.046049
MGYG000002926__gradient_L7_bglucan_gapseq	1048	1146	261	bio1	0.000000	0.925199	0.045427
MGYG000002926__gradient_L8_hmo_gapseq	1048	1146	261	bio1	0.000000	1.046945	0.044728
MGYG000002926__gradient_L9_mos_gapseq	1048	1146	261	bio1	0.000000	0.908516	0.044536
MGYG000002959__gradient_L0_base_gapseq	1102	1212	273	bio1	0.347648	1.078072	3.722748
MGYG000002959__gradient_L1_inulin_gapseq	1102	1212	273	bio1	0.499900	0.988244	3.756961
MGYG000002959__gradient_L2_fos_gapseq	1102	1212	273	bio1	0.499900	1.145076	3.760412
MGYG000002959__gradient_L3_gos_gapseq	1102	1212	273	bio1	0.499900	1.005358	3.843890
MGYG000002959__gradient_L4_xos_gapseq	1102	1212	273	bio1	0.499900	1.014658	3.728755
MGYG000002959__gradient_L5_pectin_gapseq	1102	1212	273	bio1	0.499900	1.073135	3.728963
MGYG000002959__gradient_L6_resistant_starch_gapseq	1102	1212	273	bio1	0.499900	1.076730	3.760077
MGYG000002959__gradient_L7_bglucan_gapseq	1102	1212	273	bio1	0.499900	1.080391	3.757677
MGYG000002959__gradient_L8_hmo_gapseq	1102	1212	273	bio1	0.499900	0.997748	3.803343
MGYG000002959__gradient_L9_mos_gapseq	1102	1212	273	bio1	0.499900	1.000154	3.752120
MGYG000002969__gradient_L0_base_gapseq	1338	1407	338	bio1	0.074961	1.147688	4.895755
MGYG000002969__gradient_L1_inulin_gapseq	1338	1407	338	bio1	0.159663	1.244812	4.948586
MGYG000002969__gradient_L2_fos_gapseq	1338	1407	338	bio1	0.159663	1.151527	5.001642
MGYG000002969__gradient_L3_gos_gapseq	1338	1407	338	bio1	0.159663	1.149424	4.883396
MGYG000002969__gradient_L4_xos_gapseq	1338	1407	338	bio1	0.159663	1.255721	4.935504
MGYG000002969__gradient_L5_pectin_gapseq	1338	1407	338	bio1	0.159663	1.242623	4.880057
MGYG000002969__gradient_L6_resistant_starch_gapseq	1338	1407	338	bio1	0.491469	1.162347	5.002790
MGYG000002969__gradient_L7_bglucan_gapseq	1338	1407	338	bio1	0.491469	1.195741	4.936295
MGYG000002969__gradient_L8_hmo_gapseq	1338	1407	338	bio1	0.491469	1.282790	4.845884
MGYG000002969__gradient_L9_mos_gapseq	1338	1407	338	bio1	0.491469	1.141844	4.981571
MGYG000002986__gradient_L0_base_gapseq	1269	1406	315	bio1	0.792384	1.135610	4.865243
MGYG000002986__gradient_L1_inulin_gapseq	1269	1406	315	bio1	0.950205	1.250071	4.893032
MGYG000002986__gradient_L2_fos_gapseq	1269	1406	315	bio1	0.950205	1.149600	4.973322
MGYG000002986__gradient_L3_gos_gapseq	1269	1406	315	bio1	0.950205	1.141557	4.876256
MGYG000002986__gradient_L4_xos_gapseq	1269	1406	315	bio1	0.969933	1.246537	4.944825
MGYG000002986__gradient_L5_pectin_gapseq	1269	1406	315	bio1	0.969933	1.239351	4.941791
MGYG000002986__gradient_L6_resistant_starch_gapseq	1269	1406	315	bio1	1.047526	1.142152	5.019243
MGYG000002986__gradient_L7_bglucan_gapseq	1269	1406	315	bio1	1.047526	1.145089	4.894707
MGYG000002986__gradient_L8_hmo_gapseq	1269	1406	315	bio1	1.047526	1.214379	4.889876
MGYG000002986__gradient_L9_mos_gapseq	1269	1406	315	bio1	1.124527	1.126432	4.970692
MGYG000003012__gradient_L0_base_gapseq	1406	1610	464	bio1	0.000000	1.338332	0.074572
MGYG000003012__gradient_L1_inulin_gapseq	1406	1610	464	bio1	0.000000	1.393974	0.073902
MGYG000003012__gradient_L2_fos_gapseq	1406	1610	464	bio1	0.000000	1.393537	0.069678
MGYG000003012__gradient_L3_gos_gapseq	1406	1610	464	bio1	0.000000	1.318859	0.079236
MGYG000003012__gradient_L4_xos_gapseq	1406	1610	464	bio1	0.000000	1.419114	0.077671
MGYG000003012__gradient_L5_pectin_gapseq	1406	1610	464	bio1	0.000000	1.296975	0.073843
MGYG000003012__gradient_L6_resistant_starch_gapseq	1406	1610	464	bio1	0.000000	1.423186	0.078201
MGYG000003012__gradient_L7_bglucan_gapseq	1406	1610	464	bio1	0.000000	1.298195	0.082550
MGYG000003012__gradient_L8_hmo_gapseq	1406	1610	464	bio1	0.000000	1.431351	0.079033
MGYG000003012__gradient_L9_mos_gapseq	1406	1610	464	bio1	0.000000	1.298220	0.077297
MGYG000003022__gradient_L0_base_gapseq	1193	1277	356	bio1	0.240813	1.219465	3.987993
MGYG000003022__gradient_L1_inulin_gapseq	1193	1277	356	bio1	0.344729	1.039932	4.224921
MGYG000003022__gradient_L2_fos_gapseq	1193	1277	356	bio1	0.344729	1.060532	4.000284
MGYG000003022__gradient_L3_gos_gapseq	1193	1277	356	bio1	0.344729	1.144545	4.012270
MGYG000003022__gradient_L4_xos_gapseq	1193	1277	356	bio1	0.344729	1.059141	4.147991
MGYG000003022__gradient_L5_pectin_gapseq	1193	1277	356	bio1	0.344729	1.040686	4.037492
MGYG000003022__gradient_L6_resistant_starch_gapseq	1193	1277	356	bio1	0.344729	1.121865	3.977861
MGYG000003022__gradient_L7_bglucan_gapseq	1193	1277	356	bio1	0.344729	1.051290	3.980440
MGYG000003022__gradient_L8_hmo_gapseq	1193	1277	356	bio1	0.344729	1.145717	3.968851
MGYG000003022__gradient_L9_mos_gapseq	1193	1277	356	bio1	0.344729	1.063336	4.100353
MGYG000003046__gradient_L0_base_gapseq	1162	1315	310	bio1	0.754411	1.031493	4.380249
MGYG000003046__gradient_L1_inulin_gapseq	1162	1315	310	bio1	1.046019	1.147004	4.336462
MGYG000003046__gradient_L2_fos_gapseq	1162	1315	310	bio1	1.046019	1.146762	4.369969
MGYG000003046__gradient_L3_gos_gapseq	1162	1315	310	bio1	1.337933	1.066958	4.327427
MGYG000003046__gradient_L4_xos_gapseq	1162	1315	310	bio1	1.399855	1.197633	4.348567
MGYG000003046__gradient_L5_pectin_gapseq	1162	1315	310	bio1	1.399855	1.044890	4.444704
MGYG000003046__gradient_L6_resistant_starch_gapseq	1162	1315	310	bio1	2.012434	1.035694	4.334127
MGYG000003046__gradient_L7_bglucan_gapseq	1162	1315	310	bio1	2.012434	1.142216	4.383403
MGYG000003046__gradient_L8_hmo_gapseq	1162	1315	310	bio1	2.012434	1.056316	4.434523
MGYG000003046__gradient_L9_mos_gapseq	1162	1315	310	bio1	2.153968	1.049651	4.313649
MGYG000003058__gradient_L0_base_gapseq	935	915	157	bio1	0.000000	0.726196	0.027786
MGYG000003058__gradient_L1_inulin_gapseq	935	915	157	bio1	0.000000	0.743488	0.031876
MGYG000003058__gradient_L2_fos_gapseq	935	915	157	bio1	0.000000	0.740282	0.032200
MGYG000003058__gradient_L3_gos_gapseq	935	915	157	bio1	0.000000	0.851060	0.027378
MGYG000003058__gradient_L4_xos_gapseq	935	915	157	bio1	0.000000	0.761585	0.039322
MGYG000003058__gradient_L5_pectin_gapseq	935	915	157	bio1	0.000000	0.722820	0.037445
MGYG000003058__gradient_L6_resistant_starch_gapseq	935	915	157	bio1	0.000000	0.833377	0.032889
MGYG000003058__gradient_L7_bglucan_gapseq	935	915	157	bio1	0.000000	0.726267	0.028494
MGYG000003058__gradient_L8_hmo_gapseq	935	915	157	bio1	0.000000	0.748081	0.034171
MGYG000003058__gradient_L9_mos_gapseq	935	915	157	bio1	0.000000	0.729853	0.144834
MGYG000003065__gradient_L0_base_gapseq	1400	1642	448	bio1	0.744028	1.333656	6.290850
MGYG000003065__gradient_L1_inulin_gapseq	1400	1642	448	bio1	0.970065	1.450203	6.311717
MGYG000003065__gradient_L2_fos_gapseq	1400	1642	448	bio1	0.970065	1.447387	6.299875
MGYG000003065__gradient_L3_gos_gapseq	1400	1642	448	bio1	1.185420	1.408013	6.266903
MGYG000003065__gradient_L4_xos_gapseq	1400	1642	448	bio1	1.220082	1.303204	6.388495
MGYG000003065__gradient_L5_pectin_gapseq	1400	1642	448	bio1	1.220082	1.332477	6.375379
MGYG000003065__gradient_L6_resistant_starch_gapseq	1400	1642	448	bio1	1.693792	1.307988	6.202049
MGYG000003065__gradient_L7_bglucan_gapseq	1400	1642	448	bio1	1.853235	1.433591	6.423615
MGYG000003065__gradient_L8_hmo_gapseq	1400	1642	448	bio1	1.968774	1.431901	6.311876
MGYG000003065__gradient_L9_mos_gapseq	1400	1642	448	bio1	1.968774	1.411163	6.217614
MGYG000003125__gradient_L0_base_gapseq	1622	1897	469	bio1	0.496449	1.719513	8.479707
MGYG000003125__gradient_L1_inulin_gapseq	1622	1897	469	bio1	0.780347	1.656611	8.456359
MGYG000003125__gradient_L2_fos_gapseq	1622	1897	469	bio1	0.780347	1.692151	8.426788
MGYG000003125__gradient_L3_gos_gapseq	1622	1897	469	bio1	0.878620	1.678942	8.460586
MGYG000003125__gradient_L4_xos_gapseq	1622	1897	469	bio1	0.955054	1.684529	8.388943
MGYG000003125__gradient_L5_pectin_gapseq	1622	1897	469	bio1	0.955054	1.714593	8.565930
MGYG000003125__gradient_L6_resistant_starch_gapseq	1622	1897	469	bio1	1.488206	1.705409	8.425097
MGYG000003125__gradient_L7_bglucan_gapseq	1622	1897	469	bio1	1.488206	1.739415	8.445543
MGYG000003125__gradient_L8_hmo_gapseq	1622	1897	469	bio1	1.488206	1.741518	8.536349
MGYG000003125__gradient_L9_mos_gapseq	1622	1897	469	bio1	1.597365	1.691751	8.416389
MGYG000003135__gradient_L0_base_gapseq	1414	1636	373	bio1	0.000000	1.312206	0.065111
MGYG000003135__gradient_L1_inulin_gapseq	1414	1636	373	bio1	0.000000	1.413595	0.073541
MGYG000003135__gradient_L2_fos_gapseq	1414	1636	373	bio1	0.000000	1.321003	0.074201
MGYG000003135__gradient_L3_gos_gapseq	1414	1636	373	bio1	0.728627	1.434647	6.469996
MGYG000003135__gradient_L4_xos_gapseq	1414	1636	373	bio1	0.805526	1.465830	6.509275
MGYG000003135__gradient_L5_pectin_gapseq	1414	1636	373	bio1	0.805526	1.424795	6.468052
MGYG000003135__gradient_L6_resistant_starch_gapseq	1414	1636	373	bio1	1.417805	1.328194	6.575756
MGYG000003135__gradient_L7_bglucan_gapseq	1414	1636	373	bio1	1.417805	1.397520	6.724791
MGYG000003135__gradient_L8_hmo_gapseq	1414	1636	373	bio1	1.417805	1.302719	6.431269
MGYG000003135__gradient_L9_mos_gapseq	1414	1636	373	bio1	1.538816	1.439117	6.462817
MGYG000003138__gradient_L0_base_gapseq	1374	1610	370	bio1	0.000000	1.300844	0.075532
MGYG000003138__gradient_L1_inulin_gapseq	1374	1610	370	bio1	0.000000	1.393847	0.076641
MGYG000003138__gradient_L2_fos_gapseq	1374	1610	370	bio1	0.000000	1.299869	0.074491
MGYG000003138__gradient_L3_gos_gapseq	1374	1610	370	bio1	0.000000	1.382273	0.069103
MGYG000003138__gradient_L4_xos_gapseq	1374	1610	370	bio1	0.000000	1.293989	0.070777
MGYG000003138__gradient_L5_pectin_gapseq	1374	1610	370	bio1	0.000000	1.381630	0.072273
MGYG000003138__gradient_L6_resistant_starch_gapseq	1374	1610	370	bio1	0.000000	1.299658	0.070302
MGYG000003138__gradient_L7_bglucan_gapseq	1374	1610	370	bio1	0.000000	1.385357	0.073840
MGYG000003138__gradient_L8_hmo_gapseq	1374	1610	370	bio1	0.000000	1.289425	0.214503
MGYG000003138__gradient_L9_mos_gapseq	1374	1610	370	bio1	0.000000	1.282486	0.081995
MGYG000003180__gradient_L0_base_gapseq	1149	1278	283	bio1	0.701239	1.029822	4.020888
MGYG000003180__gradient_L1_inulin_gapseq	1149	1278	283	bio1	0.988012	1.102070	4.029143
MGYG000003180__gradient_L2_fos_gapseq	1149	1278	283	bio1	0.988012	1.020530	4.127212
MGYG000003180__gradient_L3_gos_gapseq	1149	1278	283	bio1	1.278623	1.022423	4.022632
MGYG000003180__gradient_L4_xos_gapseq	1149	1278	283	bio1	1.278623	1.093299	3.994282
MGYG000003180__gradient_L5_pectin_gapseq	1149	1278	283	bio1	1.278623	1.005838	4.072948
MGYG000003180__gradient_L6_resistant_starch_gapseq	1149	1278	283	bio1	1.888230	1.110336	4.117227
MGYG000003180__gradient_L7_bglucan_gapseq	1149	1278	283	bio1	1.888230	1.022681	4.139469
MGYG000003180__gradient_L8_hmo_gapseq	1149	1278	283	bio1	1.888230	1.006812	4.022330
MGYG000003180__gradient_L9_mos_gapseq	1149	1278	283	bio1	2.029077	1.130250	4.047219
MGYG000003188__gradient_L0_base_gapseq	1366	1491	375	bio1	0.375205	1.364099	5.533937
MGYG000003188__gradient_L1_inulin_gapseq	1366	1491	375	bio1	0.525291	1.310407	5.526350
MGYG000003188__gradient_L2_fos_gapseq	1366	1491	375	bio1	0.525291	1.229578	5.618083
MGYG000003188__gradient_L3_gos_gapseq	1366	1491	375	bio1	0.525291	1.219921	5.584634
MGYG000003188__gradient_L4_xos_gapseq	1366	1491	375	bio1	0.525291	1.387523	5.568235
MGYG000003188__gradient_L5_pectin_gapseq	1366	1491	375	bio1	0.525291	1.306393	5.496872
MGYG000003188__gradient_L6_resistant_starch_gapseq	1366	1491	375	bio1	0.525291	1.235566	5.682406
MGYG000003188__gradient_L7_bglucan_gapseq	1366	1491	375	bio1	0.525291	1.206777	5.558048
MGYG000003188__gradient_L8_hmo_gapseq	1366	1491	375	bio1	0.525291	1.309712	5.502981
MGYG000003188__gradient_L9_mos_gapseq	1366	1491	375	bio1	0.525291	1.419401	5.553503
MGYG000003197__gradient_L0_base_gapseq	1177	1309	336	bio1	0.288800	1.186647	4.227310
MGYG000003197__gradient_L1_inulin_gapseq	1177	1309	336	bio1	0.427126	1.059593	4.206149
MGYG000003197__gradient_L2_fos_gapseq	1177	1309	336	bio1	0.427126	1.158851	4.322577
MGYG000003197__gradient_L3_gos_gapseq	1177	1309	336	bio1	0.487428	1.071422	4.311696
MGYG000003197__gradient_L4_xos_gapseq	1177	1309	336	bio1	0.487428	1.064936	4.310157
MGYG000003197__gradient_L5_pectin_gapseq	1177	1309	336	bio1	0.487428	1.289454	4.236999
MGYG000003197__gradient_L6_resistant_starch_gapseq	1177	1309	336	bio1	0.577880	1.081353	4.351738
MGYG000003197__gradient_L7_bglucan_gapseq	1177	1309	336	bio1	0.577880	1.050656	4.216433
MGYG000003197__gradient_L8_hmo_gapseq	1177	1309	336	bio1	0.577880	1.140613	4.238073
MGYG000003197__gradient_L9_mos_gapseq	1177	1309	336	bio1	0.577880	1.062904	4.309600
MGYG000003217__gradient_L0_base_gapseq	968	981	147	bio1	0.252821	0.788297	2.627114
MGYG000003217__gradient_L1_inulin_gapseq	968	981	147	bio1	0.332140	0.775720	2.480647
MGYG000003217__gradient_L2_fos_gapseq	968	981	147	bio1	0.332140	0.774333	2.453070
MGYG000003217__gradient_L3_gos_gapseq	968	981	147	bio1	0.332140	0.863390	2.477491
MGYG000003217__gradient_L4_xos_gapseq	968	981	147	bio1	0.347012	0.775211	2.422999
MGYG000003217__gradient_L5_pectin_gapseq	968	981	147	bio1	0.347012	0.861492	2.457753
MGYG000003217__gradient_L6_resistant_starch_gapseq	968	981	147	bio1	0.552747	0.760918	2.489614
MGYG000003217__gradient_L7_bglucan_gapseq	968	981	147	bio1	0.552747	0.762288	2.734158
MGYG000003217__gradient_L8_hmo_gapseq	968	981	147	bio1	0.552747	0.752323	2.461821
MGYG000003217__gradient_L9_mos_gapseq	968	981	147	bio1	0.552747	0.764802	2.579635
MGYG000003218__gradient_L0_base_gapseq	996	1000	175	bio1	0.000000	0.891183	0.035063
MGYG000003218__gradient_L1_inulin_gapseq	996	1000	175	bio1	0.000000	0.802163	0.042201
MGYG000003218__gradient_L2_fos_gapseq	996	1000	175	bio1	0.000000	0.804470	0.036144
MGYG000003218__gradient_L3_gos_gapseq	996	1000	175	bio1	0.000000	0.889593	0.037757
MGYG000003218__gradient_L4_xos_gapseq	996	1000	175	bio1	0.000000	0.818644	0.037523
MGYG000003218__gradient_L5_pectin_gapseq	996	1000	175	bio1	0.000000	0.813580	0.035978
MGYG000003218__gradient_L6_resistant_starch_gapseq	996	1000	175	bio1	0.000000	0.898846	0.035796
MGYG000003218__gradient_L7_bglucan_gapseq	996	1000	175	bio1	0.000000	0.819696	0.036984
MGYG000003218__gradient_L8_hmo_gapseq	996	1000	175	bio1	0.000000	0.803580	0.036071
MGYG000003218__gradient_L9_mos_gapseq	996	1000	175	bio1	0.000000	0.913148	0.035881
MGYG000003222__gradient_L0_base_gapseq	583	538	70	bio1	0.000000	0.391386	0.016166
MGYG000003222__gradient_L1_inulin_gapseq	583	538	70	bio1	0.287745	0.396233	0.849691
MGYG000003222__gradient_L2_fos_gapseq	583	538	70	bio1	0.287745	0.387289	0.843906
MGYG000003222__gradient_L3_gos_gapseq	583	538	70	bio1	0.287745	0.396669	0.843704
MGYG000003222__gradient_L4_xos_gapseq	583	538	70	bio1	0.287745	0.545709	0.847075
MGYG000003222__gradient_L5_pectin_gapseq	583	538	70	bio1	0.287745	0.397639	0.851427
MGYG000003222__gradient_L6_resistant_starch_gapseq	583	538	70	bio1	0.287745	0.395457	0.855250
MGYG000003222__gradient_L7_bglucan_gapseq	583	538	70	bio1	0.287745	0.425541	0.885794
MGYG000003222__gradient_L8_hmo_gapseq	583	538	70	bio1	0.287745	0.522068	0.853312
MGYG000003222__gradient_L9_mos_gapseq	583	538	70	bio1	0.287745	0.405910	0.858755
MGYG000003226__gradient_L0_base_gapseq	1037	1134	256	bio1	0.000000	0.881720	0.045932
MGYG000003226__gradient_L1_inulin_gapseq	1037	1134	256	bio1	0.000000	1.082617	0.040458
MGYG000003226__gradient_L2_fos_gapseq	1037	1134	256	bio1	0.000000	0.903327	0.042923
MGYG000003226__gradient_L3_gos_gapseq	1037	1134	256	bio1	0.199073	0.890240	3.244689
MGYG000003226__gradient_L4_xos_gapseq	1037	1134	256	bio1	0.199073	1.002137	3.264044
MGYG000003226__gradient_L5_pectin_gapseq	1037	1134	256	bio1	0.222495	0.887811	3.354155
MGYG000003226__gradient_L6_resistant_starch_gapseq	1037	1134	256	bio1	0.559765	0.909153	3.217955
MGYG000003226__gradient_L7_bglucan_gapseq	1037	1134	256	bio1	0.679215	0.866468	3.332479
MGYG000003226__gradient_L8_hmo_gapseq	1037	1134	256	bio1	0.758849	0.899313	3.258851
MGYG000003226__gradient_L9_mos_gapseq	1037	1134	256	bio1	0.758849	0.896834	3.332927
MGYG000003243__gradient_L0_base_gapseq	1080	1170	243	bio1	0.000000	0.917201	0.037996
MGYG000003243__gradient_L1_inulin_gapseq	1080	1170	243	bio1	0.346623	0.915041	3.419407
MGYG000003243__gradient_L2_fos_gapseq	1080	1170	243	bio1	0.346623	0.996788	3.448878
MGYG000003243__gradient_L3_gos_gapseq	1080	1170	243	bio1	0.477975	0.919171	3.520840
MGYG000003243__gradient_L4_xos_gapseq	1080	1170	243	bio1	0.477975	0.915271	3.428157
MGYG000003243__gradient_L5_pectin_gapseq	1080	1170	243	bio1	0.477975	1.018449	3.429605
MGYG000003243__gradient_L6_resistant_starch_gapseq	1080	1170	243	bio1	0.834643	0.918036	3.499300
MGYG000003243__gradient_L7_bglucan_gapseq	1080	1170	243	bio1	0.958386	1.057318	3.395571
MGYG000003243__gradient_L8_hmo_gapseq	1080	1170	243	bio1	0.958386	0.913241	3.410514
MGYG000003243__gradient_L9_mos_gapseq	1080	1170	243	bio1	0.976176	0.987630	3.409132
MGYG000003309__gradient_L0_base_gapseq	1199	1258	265	bio1	0.000000	0.998499	0.055915
MGYG000003309__gradient_L1_inulin_gapseq	1199	1258	265	bio1	0.000000	1.155225	0.060220
MGYG000003309__gradient_L2_fos_gapseq	1199	1258	265	bio1	0.000000	1.026006	0.055793
MGYG000003309__gradient_L3_gos_gapseq	1199	1258	265	bio1	0.000000	1.109682	0.053134
MGYG000003309__gradient_L4_xos_gapseq	1199	1258	265	bio1	0.000000	1.011178	0.059802
MGYG000003309__gradient_L5_pectin_gapseq	1199	1258	265	bio1	0.000000	1.013929	0.053496
MGYG000003309__gradient_L6_resistant_starch_gapseq	1199	1258	265	bio1	0.000000	1.135692	0.057734
MGYG000003309__gradient_L7_bglucan_gapseq	1199	1258	265	bio1	0.000000	1.031152	0.053438
MGYG000003309__gradient_L8_hmo_gapseq	1199	1258	265	bio1	0.000000	1.132334	0.056835
MGYG000003309__gradient_L9_mos_gapseq	1199	1258	265	bio1	0.000000	1.041663	0.053856
MGYG000003312__gradient_L0_base_gapseq	1521	1813	539	bio1	0.000000	1.596876	0.098852
MGYG000003312__gradient_L1_inulin_gapseq	1521	1813	539	bio1	0.000000	1.466645	0.098867
MGYG000003312__gradient_L2_fos_gapseq	1521	1813	539	bio1	0.000000	1.552619	0.091343
MGYG000003312__gradient_L3_gos_gapseq	1521	1813	539	bio1	0.000000	1.571434	0.100630
MGYG000003312__gradient_L4_xos_gapseq	1521	1813	539	bio1	1.449187	1.486983	8.130297
MGYG000003312__gradient_L5_pectin_gapseq	1521	1813	539	bio1	1.488792	1.576096	8.131545
MGYG000003312__gradient_L6_resistant_starch_gapseq	1521	1813	539	bio1	2.029927	1.475858	7.963498
MGYG000003312__gradient_L7_bglucan_gapseq	1521	1813	539	bio1	2.214610	1.552094	7.986868
MGYG000003312__gradient_L8_hmo_gapseq	1521	1813	539	bio1	2.214610	1.577016	8.025868
MGYG000003312__gradient_L9_mos_gapseq	1521	1813	539	bio1	2.276100	1.627955	7.953275
MGYG000003339__gradient_L0_base_gapseq	1144	1283	308	bio1	0.403468	1.024782	4.210195
MGYG000003339__gradient_L1_inulin_gapseq	1144	1283	308	bio1	0.595600	1.016564	4.108100
MGYG000003339__gradient_L2_fos_gapseq	1144	1283	308	bio1	0.595600	1.109388	4.059869
MGYG000003339__gradient_L3_gos_gapseq	1144	1283	308	bio1	0.768519	1.109540	4.051171
MGYG000003339__gradient_L4_xos_gapseq	1144	1283	308	bio1	0.768519	1.144887	4.059635
MGYG000003339__gradient_L5_pectin_gapseq	1144	1283	308	bio1	0.768519	1.018147	4.160327
MGYG000003339__gradient_L6_resistant_starch_gapseq	1144	1283	308	bio1	1.170986	1.022931	4.098576
MGYG000003339__gradient_L7_bglucan_gapseq	1144	1283	308	bio1	1.170986	1.089371	4.054524
MGYG000003339__gradient_L8_hmo_gapseq	1144	1283	308	bio1	1.170986	1.023608	4.192918
MGYG000003339__gradient_L9_mos_gapseq	1144	1283	308	bio1	1.265231	1.044684	4.075830
MGYG000003343__gradient_L0_base_gapseq	1434	1625	450	bio1	0.000000	1.324157	0.078987
MGYG000003343__gradient_L1_inulin_gapseq	1434	1625	450	bio1	0.000000	1.411537	0.080637
MGYG000003343__gradient_L2_fos_gapseq	1434	1625	450	bio1	0.000000	1.297606	0.082345
MGYG000003343__gradient_L3_gos_gapseq	1434	1625	450	bio1	0.000000	1.442534	0.086107
MGYG000003343__gradient_L4_xos_gapseq	1434	1625	450	bio1	0.673397	1.333015	6.578459
MGYG000003343__gradient_L5_pectin_gapseq	1434	1625	450	bio1	0.718644	1.354232	6.381166
MGYG000003343__gradient_L6_resistant_starch_gapseq	1434	1625	450	bio1	0.832242	1.385361	6.384486
MGYG000003343__gradient_L7_bglucan_gapseq	1434	1625	450	bio1	0.832242	1.414382	6.425390
MGYG000003343__gradient_L8_hmo_gapseq	1434	1625	450	bio1	0.832242	1.385841	6.419108
MGYG000003343__gradient_L9_mos_gapseq	1434	1625	450	bio1	0.832242	1.320225	6.476848
MGYG000003344__gradient_L0_base_gapseq	1311	1405	351	bio1	0.118747	1.139731	4.752620
MGYG000003344__gradient_L1_inulin_gapseq	1311	1405	351	bio1	0.216598	1.269926	4.582751
MGYG000003344__gradient_L2_fos_gapseq	1311	1405	351	bio1	0.216598	1.347044	4.657707
MGYG000003344__gradient_L3_gos_gapseq	1311	1405	351	bio1	0.216598	1.261753	4.642024
MGYG000003344__gradient_L4_xos_gapseq	1311	1405	351	bio1	0.216598	1.171314	4.720745
MGYG000003344__gradient_L5_pectin_gapseq	1311	1405	351	bio1	0.216598	1.173265	4.608778
MGYG000003344__gradient_L6_resistant_starch_gapseq	1311	1405	351	bio1	0.258187	1.252257	4.655847
MGYG000003344__gradient_L7_bglucan_gapseq	1311	1405	351	bio1	0.258187	1.160243	4.714436
MGYG000003344__gradient_L8_hmo_gapseq	1311	1405	351	bio1	0.258187	1.178451	4.630375
MGYG000003344__gradient_L9_mos_gapseq	1311	1405	351	bio1	0.258187	1.252318	4.633896
MGYG000003355__gradient_L0_base_gapseq	1623	1862	517	bio1	0.975818	1.512280	8.544618
MGYG000003355__gradient_L1_inulin_gapseq	1623	1862	517	bio1	1.307572	1.525952	8.437631
MGYG000003355__gradient_L2_fos_gapseq	1623	1862	517	bio1	1.307572	1.507101	8.413359
MGYG000003355__gradient_L3_gos_gapseq	1623	1862	517	bio1	1.653696	1.506441	8.388836
MGYG000003355__gradient_L4_xos_gapseq	1623	1862	517	bio1	1.752289	1.641926	8.310473
MGYG000003355__gradient_L5_pectin_gapseq	1623	1862	517	bio1	1.815221	1.635839	8.351499
MGYG000003355__gradient_L6_resistant_starch_gapseq	1623	1862	517	bio1	2.538936	1.593724	8.344266
MGYG000003355__gradient_L7_bglucan_gapseq	1623	1862	517	bio1	2.784370	1.598991	8.371466
MGYG000003355__gradient_L8_hmo_gapseq	1623	1862	517	bio1	2.956383	1.621179	8.303203
MGYG000003355__gradient_L9_mos_gapseq	1623	1862	517	bio1	3.090637	1.620471	8.435690
MGYG000003358	0	0	0	NONE	0.000000	0.000000	0.000000
MGYG000003360__gradient_L0_base_gapseq	2243	2805	1219	bio1	1.476681	2.558357	18.486694
MGYG000003360__gradient_L1_inulin_gapseq	2243	2805	1219	bio1	1.789640	2.539847	18.539945
MGYG000003360__gradient_L2_fos_gapseq	2243	2805	1219	bio1	1.789640	2.514544	18.462815
MGYG000003360__gradient_L3_gos_gapseq	2243	2805	1219	bio1	2.136557	2.486193	18.547787
MGYG000003360__gradient_L4_xos_gapseq	2243	2805	1219	bio1	2.312566	2.514393	18.714765
MGYG000003360__gradient_L5_pectin_gapseq	2243	2805	1219	bio1	2.355864	2.512855	18.616515
MGYG000003360__gradient_L6_resistant_starch_gapseq	2243	2805	1219	bio1	3.023149	2.503084	18.633399
MGYG000003360__gradient_L7_bglucan_gapseq	2243	2805	1219	bio1	3.242524	2.499607	18.460283
MGYG000003360__gradient_L8_hmo_gapseq	2243	2805	1219	bio1	3.242524	2.484515	18.767667
MGYG000003360__gradient_L9_mos_gapseq	2243	2805	1219	bio1	3.382364	2.614893	18.619742
MGYG000003366__gradient_L0_base_gapseq	1315	1478	363	bio1	0.000000	1.194448	0.154141
MGYG000003366__gradient_L1_inulin_gapseq	1315	1478	363	bio1	0.000000	1.187711	0.065116
MGYG000003366__gradient_L2_fos_gapseq	1315	1478	363	bio1	0.000000	1.193771	0.154145
MGYG000003366__gradient_L3_gos_gapseq	1315	1478	363	bio1	0.907358	1.197627	5.255092
MGYG000003366__gradient_L4_xos_gapseq	1315	1478	363	bio1	0.972550	1.296943	5.228454
MGYG000003366__gradient_L5_pectin_gapseq	1315	1478	363	bio1	0.972550	1.247927	5.369211
MGYG000003366__gradient_L6_resistant_starch_gapseq	1315	1478	363	bio1	1.454599	1.200365	5.186365
MGYG000003366__gradient_L7_bglucan_gapseq	1315	1478	363	bio1	1.454599	1.290877	5.243815
MGYG000003366__gradient_L8_hmo_gapseq	1315	1478	363	bio1	1.454599	1.277771	5.258908
MGYG000003366__gradient_L9_mos_gapseq	1315	1478	363	bio1	1.454599	1.183635	5.314661
MGYG000003368__gradient_L0_base_gapseq	1035	1151	267	bio1	0.317909	0.875639	3.354827
MGYG000003368__gradient_L1_inulin_gapseq	1035	1151	267	bio1	0.395372	0.909515	3.251505
MGYG000003368__gradient_L2_fos_gapseq	1035	1151	267	bio1	0.395372	0.980058	3.283641
MGYG000003368__gradient_L3_gos_gapseq	1035	1151	267	bio1	0.395372	0.891380	3.279701
MGYG000003368__gradient_L4_xos_gapseq	1035	1151	267	bio1	0.414737	1.014578	3.278197
MGYG000003368__gradient_L5_pectin_gapseq	1035	1151	267	bio1	0.414737	0.871485	3.257383
MGYG000003368__gradient_L6_resistant_starch_gapseq	1035	1151	267	bio1	0.492200	0.979666	3.265605
MGYG000003368__gradient_L7_bglucan_gapseq	1035	1151	267	bio1	0.492200	0.893252	3.344812
MGYG000003368__gradient_L8_hmo_gapseq	1035	1151	267	bio1	0.492200	0.910424	3.229888
MGYG000003368__gradient_L9_mos_gapseq	1035	1151	267	bio1	0.492200	0.895850	3.374817
MGYG000003370__gradient_L0_base_gapseq	1458	1711	375	bio1	0.496830	1.397781	7.066180
MGYG000003370__gradient_L1_inulin_gapseq	1458	1711	375	bio1	0.650938	1.367200	6.981455
MGYG000003370__gradient_L2_fos_gapseq	1458	1711	375	bio1	0.650938	1.407709	6.945809
MGYG000003370__gradient_L3_gos_gapseq	1458	1711	375	bio1	0.795415	1.472846	6.971035
MGYG000003370__gradient_L4_xos_gapseq	1458	1711	375	bio1	0.814679	1.474656	6.969003
MGYG000003370__gradient_L5_pectin_gapseq	1458	1711	375	bio1	0.814679	1.477621	6.978770
MGYG000003370__gradient_L6_resistant_starch_gapseq	1458	1711	375	bio1	1.134936	1.386223	7.072445
MGYG000003370__gradient_L7_bglucan_gapseq	1458	1711	375	bio1	1.134936	1.396128	7.093746
MGYG000003370__gradient_L8_hmo_gapseq	1458	1711	375	bio1	1.134936	1.379874	7.019102
MGYG000003370__gradient_L9_mos_gapseq	1458	1711	375	bio1	1.211990	1.388551	6.949662
MGYG000003383__gradient_L0_base_gapseq	1296	1575	428	bio1	0.000000	1.402127	0.081615
MGYG000003383__gradient_L1_inulin_gapseq	1296	1575	428	bio1	0.000000	1.275362	0.071181
MGYG000003383__gradient_L2_fos_gapseq	1296	1575	428	bio1	0.000000	1.353797	0.074920
MGYG000003383__gradient_L3_gos_gapseq	1296	1575	428	bio1	1.172193	1.319631	6.125785
MGYG000003383__gradient_L4_xos_gapseq	1296	1575	428	bio1	1.232593	1.287289	6.080148
MGYG000003383__gradient_L5_pectin_gapseq	1296	1575	428	bio1	1.232593	1.279714	5.950088
MGYG000003383__gradient_L6_resistant_starch_gapseq	1296	1575	428	bio1	1.722502	1.386830	5.961801
MGYG000003383__gradient_L7_bglucan_gapseq	1296	1575	428	bio1	1.890279	1.371955	6.001838
MGYG000003383__gradient_L8_hmo_gapseq	1296	1575	428	bio1	2.002131	1.287650	6.027347
MGYG000003383__gradient_L9_mos_gapseq	1296	1575	428	bio1	2.002131	1.289493	6.093716
MGYG000003391__gradient_L0_base_gapseq	1221	1338	311	bio1	0.837731	1.230179	4.272680
MGYG000003391__gradient_L1_inulin_gapseq	1221	1338	311	bio1	1.047187	1.080689	4.270535
MGYG000003391__gradient_L2_fos_gapseq	1221	1338	311	bio1	1.047187	1.157838	4.278679
MGYG000003391__gradient_L3_gos_gapseq	1221	1338	311	bio1	1.047187	1.159618	4.282449
MGYG000003391__gradient_L4_xos_gapseq	1221	1338	311	bio1	1.047187	1.073258	4.295129
MGYG000003391__gradient_L5_pectin_gapseq	1221	1338	311	bio1	1.047187	1.173921	4.285364
MGYG000003391__gradient_L6_resistant_starch_gapseq	1221	1338	311	bio1	1.150462	1.074749	4.398453
MGYG000003391__gradient_L7_bglucan_gapseq	1221	1338	311	bio1	1.150462	1.129811	4.329835
MGYG000003391__gradient_L8_hmo_gapseq	1221	1338	311	bio1	1.150462	1.215802	4.295565
MGYG000003391__gradient_L9_mos_gapseq	1221	1338	311	bio1	1.253737	1.099532	4.410721
MGYG000003399__gradient_L0_base_gapseq	2249	2811	1266	bio1	1.148586	2.535300	18.366204
MGYG000003399__gradient_L1_inulin_gapseq	2249	2811	1266	bio1	1.424841	2.572556	18.585241
MGYG000003399__gradient_L2_fos_gapseq	2249	2811	1266	bio1	1.424841	2.566267	18.578940
MGYG000003399__gradient_L3_gos_gapseq	2249	2811	1266	bio1	1.715322	2.568080	18.564045
MGYG000003399__gradient_L4_xos_gapseq	2249	2811	1266	bio1	1.790894	2.545801	18.537100
MGYG000003399__gradient_L5_pectin_gapseq	2249	2811	1266	bio1	1.790894	2.535044	18.480294
MGYG000003399__gradient_L6_resistant_starch_gapseq	2249	2811	1266	bio1	2.384350	2.696207	18.560240
MGYG000003399__gradient_L7_bglucan_gapseq	2249	2811	1266	bio1	2.574428	2.580381	18.496251
MGYG000003399__gradient_L8_hmo_gapseq	2249	2811	1266	bio1	2.574428	2.553095	18.405058
MGYG000003399__gradient_L9_mos_gapseq	2249	2811	1266	bio1	2.696778	2.554894	18.685299
MGYG000003409__gradient_L0_base_gapseq	1026	1203	321	bio1	0.413400	0.959247	3.600144
MGYG000003409__gradient_L1_inulin_gapseq	1026	1203	321	bio1	0.727918	1.030386	3.627923
MGYG000003409__gradient_L2_fos_gapseq	1026	1203	321	bio1	0.727918	0.957776	3.575921
MGYG000003409__gradient_L3_gos_gapseq	1026	1203	321	bio1	1.025068	1.060858	3.687982
MGYG000003409__gradient_L4_xos_gapseq	1026	1203	321	bio1	1.025068	0.970690	3.712828
MGYG000003409__gradient_L5_pectin_gapseq	1026	1203	321	bio1	1.025068	0.927698	3.631202
MGYG000003409__gradient_L6_resistant_starch_gapseq	1026	1203	321	bio1	1.591902	0.932950	3.717466
MGYG000003409__gradient_L7_bglucan_gapseq	1026	1203	321	bio1	1.793877	0.939458	3.650647
MGYG000003409__gradient_L8_hmo_gapseq	1026	1203	321	bio1	1.937214	1.050086	3.654036
MGYG000003409__gradient_L9_mos_gapseq	1026	1203	321	bio1	2.041459	0.960294	3.630713
MGYG000003457__gradient_L0_base_gapseq	1068	1130	233	bio1	0.000000	1.070635	0.038101
MGYG000003457__gradient_L1_inulin_gapseq	1068	1130	233	bio1	0.000000	0.881281	0.037545
MGYG000003457__gradient_L2_fos_gapseq	1068	1130	233	bio1	0.000000	0.892864	0.036899
MGYG000003457__gradient_L3_gos_gapseq	1068	1130	233	bio1	0.000000	1.012126	0.037526
MGYG000003457__gradient_L4_xos_gapseq	1068	1130	233	bio1	0.000000	0.899730	0.037400
MGYG000003457__gradient_L5_pectin_gapseq	1068	1130	233	bio1	0.000000	0.882499	0.037012
MGYG000003457__gradient_L6_resistant_starch_gapseq	1068	1130	233	bio1	0.000000	1.026034	0.034974
MGYG000003457__gradient_L7_bglucan_gapseq	1068	1130	233	bio1	0.000000	0.895808	0.038550
MGYG000003457__gradient_L8_hmo_gapseq	1068	1130	233	bio1	0.000000	1.032090	0.040609
MGYG000003457__gradient_L9_mos_gapseq	1068	1130	233	bio1	0.000000	0.902112	0.037362
MGYG000003476__gradient_L0_base_gapseq	847	851	156	bio1	0.243036	0.640181	1.871010
MGYG000003476__gradient_L1_inulin_gapseq	847	851	156	bio1	0.465828	0.642102	1.868755
MGYG000003476__gradient_L2_fos_gapseq	847	851	156	bio1	0.465828	0.739660	1.860424
MGYG000003476__gradient_L3_gos_gapseq	847	851	156	bio1	0.625326	0.662916	1.891247
MGYG000003476__gradient_L4_xos_gapseq	847	851	156	bio1	0.625326	0.656512	1.876499
MGYG000003476__gradient_L5_pectin_gapseq	847	851	156	bio1	0.660770	0.721094	1.841898
MGYG000003476__gradient_L6_resistant_starch_gapseq	847	851	156	bio1	0.751912	0.651691	1.876382
MGYG000003476__gradient_L7_bglucan_gapseq	847	851	156	bio1	0.751912	0.646305	1.933126
MGYG000003476__gradient_L8_hmo_gapseq	847	851	156	bio1	0.751912	0.640705	1.835731
MGYG000003476__gradient_L9_mos_gapseq	847	851	156	bio1	0.792419	0.635257	1.842312
MGYG000003481__gradient_L0_base_gapseq	867	808	112	bio1	0.000000	0.641243	0.024580
MGYG000003481__gradient_L1_inulin_gapseq	867	808	112	bio1	0.000000	0.646891	0.024832
MGYG000003481__gradient_L2_fos_gapseq	867	808	112	bio1	0.000000	0.766128	0.025656
MGYG000003481__gradient_L3_gos_gapseq	867	808	112	bio1	0.000000	0.660651	0.025030
MGYG000003481__gradient_L4_xos_gapseq	867	808	112	bio1	0.000000	0.636002	0.025670
MGYG000003481__gradient_L5_pectin_gapseq	867	808	112	bio1	0.000000	0.650479	0.024779
MGYG000003481__gradient_L6_resistant_starch_gapseq	867	808	112	bio1	0.000000	0.766338	0.019970
MGYG000003481__gradient_L7_bglucan_gapseq	867	808	112	bio1	0.000000	0.674787	0.024292
MGYG000003481__gradient_L8_hmo_gapseq	867	808	112	bio1	0.000000	0.636871	0.020638
MGYG000003481__gradient_L9_mos_gapseq	867	808	112	bio1	0.000000	0.633034	0.019642
MGYG000003496__gradient_L0_base_gapseq	1171	1225	246	bio1	0.000000	1.006499	0.049000
MGYG000003496__gradient_L1_inulin_gapseq	1171	1225	246	bio1	0.000000	1.001642	0.140562
MGYG000003496__gradient_L2_fos_gapseq	1171	1225	246	bio1	0.000000	0.997874	0.042967
MGYG000003496__gradient_L3_gos_gapseq	1171	1225	246	bio1	0.298428	0.995198	3.735150
MGYG000003496__gradient_L4_xos_gapseq	1171	1225	246	bio1	0.298428	0.991222	3.651077
MGYG000003496__gradient_L5_pectin_gapseq	1171	1225	246	bio1	0.298428	1.074316	3.642077
MGYG000003496__gradient_L6_resistant_starch_gapseq	1171	1225	246	bio1	0.739090	0.997543	3.708821
MGYG000003496__gradient_L7_bglucan_gapseq	1171	1225	246	bio1	0.739090	1.167362	3.676097
MGYG000003496__gradient_L8_hmo_gapseq	1171	1225	246	bio1	0.739090	1.025884	3.772091
MGYG000003496__gradient_L9_mos_gapseq	1171	1225	246	bio1	0.813700	1.000521	3.652664
MGYG000003500__gradient_L0_base_gapseq	1331	1466	294	bio1	0.000000	1.313396	0.067441
MGYG000003500__gradient_L1_inulin_gapseq	1331	1466	294	bio1	0.000000	1.240876	0.067444
MGYG000003500__gradient_L2_fos_gapseq	1331	1466	294	bio1	0.000000	1.313455	0.066891
MGYG000003500__gradient_L3_gos_gapseq	1331	1466	294	bio1	0.347318	1.183115	5.644979
MGYG000003500__gradient_L4_xos_gapseq	1331	1466	294	bio1	0.347318	1.196497	5.536785
MGYG000003500__gradient_L5_pectin_gapseq	1331	1466	294	bio1	0.347318	1.257756	5.397510
MGYG000003500__gradient_L6_resistant_starch_gapseq	1331	1466	294	bio1	0.811633	1.276462	5.418027
MGYG000003500__gradient_L7_bglucan_gapseq	1331	1466	294	bio1	0.974859	1.211253	5.515145
MGYG000003500__gradient_L8_hmo_gapseq	1331	1466	294	bio1	0.974859	1.185801	5.361909
MGYG000003500__gradient_L9_mos_gapseq	1331	1466	294	bio1	1.047781	1.259843	5.374424
MGYG000003529__gradient_L0_base_gapseq	1051	1142	208	bio1	0.192804	0.999341	3.120654
MGYG000003529__gradient_L1_inulin_gapseq	1051	1142	208	bio1	0.192804	0.976049	3.227492
MGYG000003529__gradient_L2_fos_gapseq	1051	1142	208	bio1	0.192804	0.953927	3.124638
MGYG000003529__gradient_L3_gos_gapseq	1051	1142	208	bio1	0.192804	0.870806	3.215316
MGYG000003529__gradient_L4_xos_gapseq	1051	1142	208	bio1	0.192804	0.895852	3.126534
MGYG000003529__gradient_L5_pectin_gapseq	1051	1142	208	bio1	0.192804	0.907880	3.192098
MGYG000003529__gradient_L6_resistant_starch_gapseq	1051	1142	208	bio1	0.194795	0.909989	3.149558
MGYG000003529__gradient_L7_bglucan_gapseq	1051	1142	208	bio1	0.202510	0.891989	3.192750
MGYG000003529__gradient_L8_hmo_gapseq	1051	1142	208	bio1	0.202510	0.913719	3.126545
MGYG000003529__gradient_L9_mos_gapseq	1051	1142	208	bio1	0.202510	0.906273	3.200232
MGYG000003552__gradient_L0_base_gapseq	1370	1521	366	bio1	0.000000	1.476305	0.074133
MGYG000003552__gradient_L1_inulin_gapseq	1370	1521	366	bio1	0.000000	1.255229	0.073461
MGYG000003552__gradient_L2_fos_gapseq	1370	1521	366	bio1	0.000000	1.323957	0.076656
MGYG000003552__gradient_L3_gos_gapseq	1370	1521	366	bio1	0.643614	1.277000	5.805488
MGYG000003552__gradient_L4_xos_gapseq	1370	1521	366	bio1	0.695495	1.267927	5.723119
MGYG000003552__gradient_L5_pectin_gapseq	1370	1521	366	bio1	0.695495	1.333800	5.738143
MGYG000003552__gradient_L6_resistant_starch_gapseq	1370	1521	366	bio1	1.196603	1.352786	5.722689
MGYG000003552__gradient_L7_bglucan_gapseq	1370	1521	366	bio1	1.373690	1.253179	5.836911
MGYG000003552__gradient_L8_hmo_gapseq	1370	1521	366	bio1	1.373690	1.256325	5.790431
MGYG000003552__gradient_L9_mos_gapseq	1370	1521	366	bio1	1.373690	1.257684	5.716353
MGYG000003567__gradient_L0_base_gapseq	1054	1179	281	bio1	0.381567	1.095638	3.458760
MGYG000003567__gradient_L1_inulin_gapseq	1054	1179	281	bio1	0.738124	0.950385	3.556740
MGYG000003567__gradient_L2_fos_gapseq	1054	1179	281	bio1	0.738124	0.918893	3.463916
MGYG000003567__gradient_L3_gos_gapseq	1054	1179	281	bio1	0.738124	0.912642	3.548279
MGYG000003567__gradient_L4_xos_gapseq	1054	1179	281	bio1	0.738124	0.923614	3.421238
MGYG000003567__gradient_L5_pectin_gapseq	1054	1179	281	bio1	0.738124	0.999909	3.451242
MGYG000003567__gradient_L6_resistant_starch_gapseq	1054	1179	281	bio1	0.831167	0.940804	3.440736
MGYG000003567__gradient_L7_bglucan_gapseq	1054	1179	281	bio1	0.831167	1.012082	3.467313
MGYG000003567__gradient_L8_hmo_gapseq	1054	1179	281	bio1	0.831167	0.930754	3.448335
MGYG000003567__gradient_L9_mos_gapseq	1054	1179	281	bio1	0.831167	0.992369	3.444308
MGYG000003619__gradient_L0_base_gapseq	1331	1492	366	bio1	0.000000	1.297981	0.065148
MGYG000003619__gradient_L1_inulin_gapseq	1331	1492	366	bio1	0.000000	1.232817	0.058735
MGYG000003619__gradient_L2_fos_gapseq	1331	1492	366	bio1	0.000000	1.294464	0.058737
MGYG000003619__gradient_L3_gos_gapseq	1331	1492	366	bio1	1.104235	1.218034	5.217455
MGYG000003619__gradient_L4_xos_gapseq	1331	1492	366	bio1	1.104235	1.349659	5.211350
MGYG000003619__gradient_L5_pectin_gapseq	1331	1492	366	bio1	1.104235	1.300857	5.193378
MGYG000003619__gradient_L6_resistant_starch_gapseq	1331	1492	366	bio1	1.662983	1.215736	5.301628
MGYG000003619__gradient_L7_bglucan_gapseq	1331	1492	366	bio1	1.662983	1.243766	5.225888
MGYG000003619__gradient_L8_hmo_gapseq	1331	1492	366	bio1	1.662983	1.316916	5.274665
MGYG000003619__gradient_L9_mos_gapseq	1331	1492	366	bio1	1.751322	1.337403	5.310863
MGYG000003662__gradient_L0_base_gapseq	1268	1451	332	bio1	0.348914	1.161496	5.335224
MGYG000003662__gradient_L1_inulin_gapseq	1268	1451	332	bio1	0.458619	1.184197	5.230448
MGYG000003662__gradient_L2_fos_gapseq	1268	1451	332	bio1	0.458619	1.247627	5.264481
MGYG000003662__gradient_L3_gos_gapseq	1268	1451	332	bio1	0.540898	1.238091	5.305065
MGYG000003662__gradient_L4_xos_gapseq	1268	1451	332	bio1	0.605557	1.301208	5.406747
MGYG000003662__gradient_L5_pectin_gapseq	1268	1451	332	bio1	0.605557	1.142724	5.354373
MGYG000003662__gradient_L6_resistant_starch_gapseq	1268	1451	332	bio1	0.704242	1.262380	5.255890
MGYG000003662__gradient_L7_bglucan_gapseq	1268	1451	332	bio1	0.858998	1.221811	5.366000
MGYG000003662__gradient_L8_hmo_gapseq	1268	1451	332	bio1	0.858998	1.158252	5.262695
MGYG000003662__gradient_L9_mos_gapseq	1268	1451	332	bio1	0.957683	1.268965	5.208219
MGYG000003667__gradient_L0_base_gapseq	725	699	111	bio1	0.005221	0.532924	1.303883
MGYG000003667__gradient_L1_inulin_gapseq	725	699	111	bio1	0.083340	0.541939	1.325428
MGYG000003667__gradient_L2_fos_gapseq	725	699	111	bio1	0.083340	0.542365	1.403193
MGYG000003667__gradient_L3_gos_gapseq	725	699	111	bio1	0.083340	0.538409	1.297616
MGYG000003667__gradient_L4_xos_gapseq	725	699	111	bio1	0.083340	0.535717	1.295749
MGYG000003667__gradient_L5_pectin_gapseq	725	699	111	bio1	0.083340	0.534996	1.298499
MGYG000003667__gradient_L6_resistant_starch_gapseq	725	699	111	bio1	0.083762	0.631946	1.304398
MGYG000003667__gradient_L7_bglucan_gapseq	725	699	111	bio1	0.083762	0.544590	1.297993
MGYG000003667__gradient_L8_hmo_gapseq	725	699	111	bio1	0.083762	0.539110	1.310859
MGYG000003667__gradient_L9_mos_gapseq	725	699	111	bio1	0.083762	0.610668	1.299866
MGYG000003669__gradient_L0_base_gapseq	754	750	109	bio1	0.000000	0.605253	0.025826
MGYG000003669__gradient_L1_inulin_gapseq	754	750	109	bio1	0.204243	0.580934	1.631080
MGYG000003669__gradient_L2_fos_gapseq	754	750	109	bio1	0.204243	0.595907	1.536743
MGYG000003669__gradient_L3_gos_gapseq	754	750	109	bio1	0.204243	0.589778	1.541091
MGYG000003669__gradient_L4_xos_gapseq	754	750	109	bio1	0.204243	0.581952	1.650592
MGYG000003669__gradient_L5_pectin_gapseq	754	750	109	bio1	0.204243	0.580444	1.555814
MGYG000003669__gradient_L6_resistant_starch_gapseq	754	750	109	bio1	0.306370	0.585084	1.583739
MGYG000003669__gradient_L7_bglucan_gapseq	754	750	109	bio1	0.306370	0.588022	1.659109
MGYG000003669__gradient_L8_hmo_gapseq	754	750	109	bio1	0.306370	0.593007	1.584154
MGYG000003669__gradient_L9_mos_gapseq	754	750	109	bio1	0.306370	0.654968	1.541397
MGYG000003679__gradient_L0_base_gapseq	1052	1163	245	bio1	0.000000	1.032055	0.043485
MGYG000003679__gradient_L1_inulin_gapseq	1052	1163	245	bio1	0.000000	0.899923	0.040256
MGYG000003679__gradient_L2_fos_gapseq	1052	1163	245	bio1	0.000000	0.949595	0.051225
MGYG000003679__gradient_L3_gos_gapseq	1052	1163	245	bio1	0.412833	1.051122	3.470107
MGYG000003679__gradient_L4_xos_gapseq	1052	1163	245	bio1	0.447092	0.917374	3.646769
MGYG000003679__gradient_L5_pectin_gapseq	1052	1163	245	bio1	0.447092	0.929339	3.470033
MGYG000003679__gradient_L6_resistant_starch_gapseq	1052	1163	245	bio1	0.734516	0.907428	3.593232
MGYG000003679__gradient_L7_bglucan_gapseq	1052	1163	245	bio1	0.845063	0.950998	3.463122
MGYG000003679__gradient_L8_hmo_gapseq	1052	1163	245	bio1	0.845063	1.016305	3.475067
MGYG000003679__gradient_L9_mos_gapseq	1052	1163	245	bio1	0.845063	0.925772	3.501568
MGYG000003685__gradient_L0_base_gapseq	1174	1321	332	bio1	0.795421	1.095442	4.265824
MGYG000003685__gradient_L1_inulin_gapseq	1174	1321	332	bio1	1.087098	1.117272	4.384386
MGYG000003685__gradient_L2_fos_gapseq	1174	1321	332	bio1	1.087098	1.066518	4.358712
MGYG000003685__gradient_L3_gos_gapseq	1174	1321	332	bio1	1.380550	1.040504	4.342425
MGYG000003685__gradient_L4_xos_gapseq	1174	1321	332	bio1	1.380550	1.152816	4.294769
MGYG000003685__gradient_L5_pectin_gapseq	1174	1321	332	bio1	1.380550	1.052543	4.424939
MGYG000003685__gradient_L6_resistant_starch_gapseq	1174	1321	332	bio1	1.996355	1.043224	4.254009
MGYG000003685__gradient_L7_bglucan_gapseq	1174	1321	332	bio1	2.203106	1.129664	4.244342
MGYG000003685__gradient_L8_hmo_gapseq	1174	1321	332	bio1	2.203106	1.080882	4.403182
MGYG000003685__gradient_L9_mos_gapseq	1174	1321	332	bio1	2.345386	1.032060	4.267448
MGYG000003686__gradient_L0_base_gapseq	1209	1282	324	bio1	0.000000	1.025924	0.058529
MGYG000003686__gradient_L1_inulin_gapseq	1209	1282	324	bio1	0.000000	1.169067	0.059456
MGYG000003686__gradient_L2_fos_gapseq	1209	1282	324	bio1	0.000000	1.053343	0.055367
MGYG000003686__gradient_L3_gos_gapseq	1209	1282	324	bio1	0.000000	1.125395	0.054810
MGYG000003686__gradient_L4_xos_gapseq	1209	1282	324	bio1	0.000000	1.050887	0.059715
MGYG000003686__gradient_L5_pectin_gapseq	1209	1282	324	bio1	0.000000	1.054316	0.066357
MGYG000003686__gradient_L6_resistant_starch_gapseq	1209	1282	324	bio1	0.000000	1.140734	0.058331
MGYG000003686__gradient_L7_bglucan_gapseq	1209	1282	324	bio1	0.000000	1.053730	0.057447
MGYG000003686__gradient_L8_hmo_gapseq	1209	1282	324	bio1	0.000000	1.239781	0.061670
MGYG000003686__gradient_L9_mos_gapseq	1209	1282	324	bio1	0.000000	1.077003	0.059350
MGYG000003687__gradient_L0_base_gapseq	1915	2293	718	bio1	0.833221	2.016924	12.571457
MGYG000003687__gradient_L1_inulin_gapseq	1915	2293	718	bio1	1.065754	2.045315	12.505517
MGYG000003687__gradient_L2_fos_gapseq	1915	2293	718	bio1	1.065754	2.007004	12.420264
MGYG000003687__gradient_L3_gos_gapseq	1915	2293	718	bio1	1.311160	2.038615	12.290760
MGYG000003687__gradient_L4_xos_gapseq	1915	2293	718	bio1	1.374264	2.061650	12.474830
MGYG000003687__gradient_L5_pectin_gapseq	1915	2293	718	bio1	1.406985	2.024313	12.575447
MGYG000003687__gradient_L6_resistant_starch_gapseq	1915	2293	718	bio1	1.918832	1.934824	12.434256
MGYG000003687__gradient_L7_bglucan_gapseq	1915	2293	718	bio1	2.094122	1.931110	12.391597
MGYG000003687__gradient_L8_hmo_gapseq	1915	2293	718	bio1	2.094122	2.020850	12.390116
MGYG000003687__gradient_L9_mos_gapseq	1915	2293	718	bio1	2.206308	2.137292	12.536516
MGYG000003688__gradient_L0_base_gapseq	1184	1322	325	bio1	0.400291	1.208651	4.234223
MGYG000003688__gradient_L1_inulin_gapseq	1184	1322	325	bio1	0.590910	1.080674	4.224101
MGYG000003688__gradient_L2_fos_gapseq	1184	1322	325	bio1	0.590910	1.242907	4.174881
MGYG000003688__gradient_L3_gos_gapseq	1184	1322	325	bio1	0.762468	1.061492	4.315287
MGYG000003688__gradient_L4_xos_gapseq	1184	1322	325	bio1	0.762468	1.095174	4.222309
MGYG000003688__gradient_L5_pectin_gapseq	1184	1322	325	bio1	0.762468	1.166835	4.188564
MGYG000003688__gradient_L6_resistant_starch_gapseq	1184	1322	325	bio1	1.161939	1.057386	4.290502
MGYG000003688__gradient_L7_bglucan_gapseq	1184	1322	325	bio1	1.161939	1.061831	4.185130
MGYG000003688__gradient_L8_hmo_gapseq	1184	1322	325	bio1	1.161939	1.145908	4.286087
MGYG000003688__gradient_L9_mos_gapseq	1184	1322	325	bio1	1.255456	1.053702	4.298076
MGYG000003696__gradient_L0_base_gapseq	1173	1321	341	bio1	0.795027	1.187541	4.398545
MGYG000003696__gradient_L1_inulin_gapseq	1173	1321	341	bio1	1.086579	1.056979	4.441033
MGYG000003696__gradient_L2_fos_gapseq	1173	1321	341	bio1	1.086579	1.045609	4.340263
MGYG000003696__gradient_L3_gos_gapseq	1173	1321	341	bio1	1.379891	1.159269	4.379741
MGYG000003696__gradient_L4_xos_gapseq	1173	1321	341	bio1	1.379891	1.058526	4.479998
MGYG000003696__gradient_L5_pectin_gapseq	1173	1321	341	bio1	1.379891	1.053698	4.363614
MGYG000003696__gradient_L6_resistant_starch_gapseq	1173	1321	341	bio1	1.995402	1.124424	4.400478
MGYG000003696__gradient_L7_bglucan_gapseq	1173	1321	341	bio1	1.995402	1.049829	4.504389
MGYG000003696__gradient_L8_hmo_gapseq	1173	1321	341	bio1	1.995402	1.052327	4.470191
MGYG000003696__gradient_L9_mos_gapseq	1173	1321	341	bio1	2.137614	1.136200	4.377911
MGYG000003702__gradient_L0_base_gapseq	1339	1510	421	bio1	0.000000	1.226210	0.180833
MGYG000003702__gradient_L1_inulin_gapseq	1339	1510	421	bio1	0.967491	1.261163	5.552078
MGYG000003702__gradient_L2_fos_gapseq	1339	1510	421	bio1	0.967491	1.397204	5.534097
MGYG000003702__gradient_L3_gos_gapseq	1339	1510	421	bio1	1.213279	1.241463	5.694533
MGYG000003702__gradient_L4_xos_gapseq	1339	1510	421	bio1	1.213279	1.244143	5.651788
MGYG000003702__gradient_L5_pectin_gapseq	1339	1510	421	bio1	1.213279	1.283105	5.571762
MGYG000003702__gradient_L6_resistant_starch_gapseq	1339	1510	421	bio1	1.745889	1.349954	5.642326
MGYG000003702__gradient_L7_bglucan_gapseq	1339	1510	421	bio1	1.924899	1.396445	5.589791
MGYG000003702__gradient_L8_hmo_gapseq	1339	1510	421	bio1	2.057499	1.265031	5.681669
MGYG000003702__gradient_L9_mos_gapseq	1339	1510	421	bio1	2.145899	1.262617	5.563661
MGYG000003703__gradient_L0_base_gapseq	1031	1180	318	bio1	0.399456	0.939312	3.467250
MGYG000003703__gradient_L1_inulin_gapseq	1031	1180	318	bio1	0.589678	1.080553	3.474177
MGYG000003703__gradient_L2_fos_gapseq	1031	1180	318	bio1	0.589678	0.922937	3.467410
MGYG000003703__gradient_L3_gos_gapseq	1031	1180	318	bio1	0.760877	1.048323	3.453117
MGYG000003703__gradient_L4_xos_gapseq	1031	1180	318	bio1	0.760877	0.924377	3.555595
MGYG000003703__gradient_L5_pectin_gapseq	1031	1180	318	bio1	0.760877	0.932934	3.504117
MGYG000003703__gradient_L6_resistant_starch_gapseq	1031	1180	318	bio1	1.159561	0.925993	3.572334
MGYG000003703__gradient_L7_bglucan_gapseq	1031	1180	318	bio1	1.159561	0.928984	3.473979
MGYG000003703__gradient_L8_hmo_gapseq	1031	1180	318	bio1	1.159561	1.132889	3.480068
MGYG000003703__gradient_L9_mos_gapseq	1031	1180	318	bio1	1.252887	0.945720	3.509821
MGYG000003713__gradient_L0_base_gapseq	1237	1337	324	bio1	0.365371	1.168980	4.626218
MGYG000003713__gradient_L1_inulin_gapseq	1237	1337	324	bio1	0.517820	1.092245	4.628905
MGYG000003713__gradient_L2_fos_gapseq	1237	1337	324	bio1	0.517820	1.194653	4.600640
MGYG000003713__gradient_L3_gos_gapseq	1237	1337	324	bio1	0.517820	1.180155	4.624148
MGYG000003713__gradient_L4_xos_gapseq	1237	1337	324	bio1	0.517820	1.084457	4.621497
MGYG000003713__gradient_L5_pectin_gapseq	1237	1337	324	bio1	0.517820	1.201159	4.611405
MGYG000003713__gradient_L6_resistant_starch_gapseq	1237	1337	324	bio1	0.517820	1.375935	4.629569
MGYG000003713__gradient_L7_bglucan_gapseq	1237	1337	324	bio1	0.517820	1.129539	4.652873
MGYG000003713__gradient_L8_hmo_gapseq	1237	1337	324	bio1	0.517820	1.197426	4.599679
MGYG000003713__gradient_L9_mos_gapseq	1237	1337	324	bio1	0.517820	1.185457	4.573643
MGYG000003739__gradient_L0_base_gapseq	1457	1748	389	bio1	0.490134	1.501913	7.163058
MGYG000003739__gradient_L1_inulin_gapseq	1457	1748	389	bio1	0.646980	1.460661	7.271919
MGYG000003739__gradient_L2_fos_gapseq	1457	1748	389	bio1	0.646980	1.434391	7.265709
MGYG000003739__gradient_L3_gos_gapseq	1457	1748	389	bio1	0.794023	1.510748	7.364322
MGYG000003739__gradient_L4_xos_gapseq	1457	1748	389	bio1	0.794023	1.404640	7.321443
MGYG000003739__gradient_L5_pectin_gapseq	1457	1748	389	bio1	0.794023	1.419763	7.166118
MGYG000003739__gradient_L6_resistant_starch_gapseq	1457	1748	389	bio1	1.117541	1.480853	7.239289
MGYG000003739__gradient_L7_bglucan_gapseq	1457	1748	389	bio1	1.117541	1.520317	7.184866
MGYG000003739__gradient_L8_hmo_gapseq	1457	1748	389	bio1	1.117541	1.491092	7.208263
MGYG000003739__gradient_L9_mos_gapseq	1457	1748	389	bio1	1.194447	1.482780	7.313546
MGYG000003742__gradient_L0_base_gapseq	1235	1394	292	bio1	0.000000	1.079257	0.057082
MGYG000003742__gradient_L1_inulin_gapseq	1235	1394	292	bio1	0.000000	1.087450	0.138570
MGYG000003742__gradient_L2_fos_gapseq	1235	1394	292	bio1	0.000000	1.115641	0.055826
MGYG000003742__gradient_L3_gos_gapseq	1235	1394	292	bio1	0.000000	1.114401	0.055147
MGYG000003742__gradient_L4_xos_gapseq	1235	1394	292	bio1	0.000000	1.232997	0.056374
MGYG000003742__gradient_L5_pectin_gapseq	1235	1394	292	bio1	0.000000	1.201839	0.061951
MGYG000003742__gradient_L6_resistant_starch_gapseq	1235	1394	292	bio1	0.000000	1.246411	0.055026
MGYG000003742__gradient_L7_bglucan_gapseq	1235	1394	292	bio1	0.000000	1.079301	0.055555
MGYG000003742__gradient_L8_hmo_gapseq	1235	1394	292	bio1	0.000000	1.209642	0.061955
MGYG000003742__gradient_L9_mos_gapseq	1235	1394	292	bio1	0.000000	1.132888	0.060992
MGYG000003773__gradient_L0_base_gapseq	1025	1160	301	bio1	0.000000	0.899514	0.039556
MGYG000003773__gradient_L1_inulin_gapseq	1025	1160	301	bio1	0.000000	1.051504	0.047919
MGYG000003773__gradient_L2_fos_gapseq	1025	1160	301	bio1	0.000000	0.929654	0.041382
MGYG000003773__gradient_L3_gos_gapseq	1025	1160	301	bio1	1.052089	1.038247	3.256206
MGYG000003773__gradient_L4_xos_gapseq	1025	1160	301	bio1	1.057839	0.922269	3.241825
MGYG000003773__gradient_L5_pectin_gapseq	1025	1160	301	bio1	1.057839	1.117587	3.210966
MGYG000003773__gradient_L6_resistant_starch_gapseq	1025	1160	301	bio1	1.696540	0.914212	3.211880
MGYG000003773__gradient_L7_bglucan_gapseq	1025	1160	301	bio1	1.916094	1.017729	3.219025
MGYG000003773__gradient_L8_hmo_gapseq	1025	1160	301	bio1	1.916094	0.890408	3.330057
MGYG000003773__gradient_L9_mos_gapseq	1025	1160	301	bio1	2.022544	0.917775	3.207171
MGYG000003788__gradient_L0_base_gapseq	1045	1094	276	bio1	0.415574	0.857847	2.967196
MGYG000003788__gradient_L1_inulin_gapseq	1045	1094	276	bio1	0.451909	0.986857	2.976941
MGYG000003788__gradient_L2_fos_gapseq	1045	1094	276	bio1	0.451909	0.885492	2.996707
MGYG000003788__gradient_L3_gos_gapseq	1045	1094	276	bio1	0.451909	0.957345	2.944214
MGYG000003788__gradient_L4_xos_gapseq	1045	1094	276	bio1	0.451909	0.867085	3.021929
MGYG000003788__gradient_L5_pectin_gapseq	1045	1094	276	bio1	0.451909	0.909923	2.983412
MGYG000003788__gradient_L6_resistant_starch_gapseq	1045	1094	276	bio1	0.488245	0.883044	3.053067
MGYG000003788__gradient_L7_bglucan_gapseq	1045	1094	276	bio1	0.488245	0.877979	2.943277
MGYG000003788__gradient_L8_hmo_gapseq	1045	1094	276	bio1	0.488245	0.865830	3.030490
MGYG000003788__gradient_L9_mos_gapseq	1045	1094	276	bio1	0.488245	0.883235	2.983926
MGYG000003802__gradient_L0_base_gapseq	1098	1106	225	bio1	0.000000	1.044272	0.045150
MGYG000003802__gradient_L1_inulin_gapseq	1098	1106	225	bio1	0.000000	0.883429	0.040057
MGYG000003802__gradient_L2_fos_gapseq	1098	1106	225	bio1	0.000000	0.961793	0.040917
MGYG000003802__gradient_L3_gos_gapseq	1098	1106	225	bio1	0.000000	0.906835	0.042131
MGYG000003802__gradient_L4_xos_gapseq	1098	1106	225	bio1	0.000000	0.903440	0.042043
MGYG000003802__gradient_L5_pectin_gapseq	1098	1106	225	bio1	0.000000	0.967007	0.041135
MGYG000003802__gradient_L6_resistant_starch_gapseq	1098	1106	225	bio1	0.000000	0.897274	0.042025
MGYG000003802__gradient_L7_bglucan_gapseq	1098	1106	225	bio1	0.000000	0.885527	0.041462
MGYG000003802__gradient_L8_hmo_gapseq	1098	1106	225	bio1	0.000000	1.018837	0.041537
MGYG000003802__gradient_L9_mos_gapseq	1098	1106	225	bio1	0.000000	0.896788	0.040827
MGYG000003829__gradient_L0_base_gapseq	1201	1279	217	bio1	0.000000	1.046692	0.052138
MGYG000003829__gradient_L1_inulin_gapseq	1201	1279	217	bio1	0.000000	1.036763	0.052741
MGYG000003829__gradient_L2_fos_gapseq	1201	1279	217	bio1	0.000000	1.173786	0.059382
MGYG000003829__gradient_L3_gos_gapseq	1201	1279	217	bio1	0.785801	1.021883	4.039603
MGYG000003829__gradient_L4_xos_gapseq	1201	1279	217	bio1	0.785803	1.178484	3.990915
MGYG000003829__gradient_L5_pectin_gapseq	1201	1279	217	bio1	0.785803	1.035183	4.107898
MGYG000003829__gradient_L6_resistant_starch_gapseq	1201	1279	217	bio1	1.411364	1.031332	4.020832
MGYG000003829__gradient_L7_bglucan_gapseq	1201	1279	217	bio1	1.411364	1.115419	4.002531
MGYG000003829__gradient_L8_hmo_gapseq	1201	1279	217	bio1	1.411364	1.026823	4.099175
MGYG000003829__gradient_L9_mos_gapseq	1201	1279	217	bio1	1.546955	1.027599	4.008860
MGYG000003836__gradient_L0_base_gapseq	1231	1278	316	bio1	0.215065	1.071128	4.176214
MGYG000003836__gradient_L1_inulin_gapseq	1231	1278	316	bio1	0.273722	1.068784	4.015023
MGYG000003836__gradient_L2_fos_gapseq	1231	1278	316	bio1	0.273722	1.166651	4.023452
MGYG000003836__gradient_L3_gos_gapseq	1231	1278	316	bio1	0.273722	1.071090	4.106083
MGYG000003836__gradient_L4_xos_gapseq	1231	1278	316	bio1	0.273722	1.073247	3.980845
MGYG000003836__gradient_L5_pectin_gapseq	1231	1278	316	bio1	0.273722	1.150413	4.020036
MGYG000003836__gradient_L6_resistant_starch_gapseq	1231	1278	316	bio1	0.303051	1.065915	4.122306
MGYG000003836__gradient_L7_bglucan_gapseq	1231	1278	316	bio1	0.303051	1.086377	4.111959
MGYG000003836__gradient_L8_hmo_gapseq	1231	1278	316	bio1	0.303051	1.200472	4.053747
MGYG000003836__gradient_L9_mos_gapseq	1231	1278	316	bio1	0.303051	1.086361	4.066268
MGYG000003842__gradient_L0_base_gapseq	1218	1323	274	bio1	0.000000	1.158432	0.054824
MGYG000003842__gradient_L1_inulin_gapseq	1218	1323	274	bio1	0.000000	1.060315	0.056832
MGYG000003842__gradient_L2_fos_gapseq	1218	1323	274	bio1	0.000000	1.159877	0.057829
MGYG000003842__gradient_L3_gos_gapseq	1218	1323	274	bio1	0.000000	1.086323	0.051323
MGYG000003842__gradient_L4_xos_gapseq	1218	1323	274	bio1	0.000000	1.078378	0.056148
MGYG000003842__gradient_L5_pectin_gapseq	1218	1323	274	bio1	0.000000	1.181906	0.050980
MGYG000003842__gradient_L6_resistant_starch_gapseq	1218	1323	274	bio1	0.000000	1.082316	0.052172
MGYG000003842__gradient_L7_bglucan_gapseq	1218	1323	274	bio1	0.000000	1.178977	0.058761
MGYG000003842__gradient_L8_hmo_gapseq	1218	1323	274	bio1	0.000000	1.073627	0.053713
MGYG000003842__gradient_L9_mos_gapseq	1218	1323	274	bio1	0.000000	1.189319	0.051403
MGYG000003852__gradient_L0_base_gapseq	1286	1354	305	bio1	0.193207	1.110950	4.482575
MGYG000003852__gradient_L1_inulin_gapseq	1286	1354	305	bio1	0.307355	1.205201	4.475219
MGYG000003852__gradient_L2_fos_gapseq	1286	1354	305	bio1	0.307355	1.191584	4.477255
MGYG000003852__gradient_L3_gos_gapseq	1286	1354	305	bio1	0.307355	1.097497	4.629965
MGYG000003852__gradient_L4_xos_gapseq	1286	1354	305	bio1	0.307355	1.089946	4.464966
MGYG000003852__gradient_L5_pectin_gapseq	1286	1354	305	bio1	0.307355	1.169509	4.485778
MGYG000003852__gradient_L6_resistant_starch_gapseq	1286	1354	305	bio1	0.390928	1.134247	4.735522
MGYG000003852__gradient_L7_bglucan_gapseq	1286	1354	305	bio1	0.390928	1.128341	4.469718
MGYG000003852__gradient_L8_hmo_gapseq	1286	1354	305	bio1	0.390928	1.224845	4.502386
MGYG000003852__gradient_L9_mos_gapseq	1286	1354	305	bio1	0.390928	1.136778	4.630695
MGYG000003858__gradient_L0_base_gapseq	1251	1411	318	bio1	0.000000	1.141361	0.062757
MGYG000003858__gradient_L1_inulin_gapseq	1251	1411	318	bio1	0.000000	1.304640	0.057957
MGYG000003858__gradient_L2_fos_gapseq	1251	1411	318	bio1	0.000000	1.145270	0.063333
MGYG000003858__gradient_L3_gos_gapseq	1251	1411	318	bio1	0.000000	1.166322	0.195500
MGYG000003858__gradient_L4_xos_gapseq	1251	1411	318	bio1	0.543025	1.139347	4.845626
MGYG000003858__gradient_L5_pectin_gapseq	1251	1411	318	bio1	0.543025	1.352029	4.846330
MGYG000003858__gradient_L6_resistant_starch_gapseq	1251	1411	318	bio1	1.026131	1.131940	5.026843
MGYG000003858__gradient_L7_bglucan_gapseq	1251	1411	318	bio1	1.184528	1.170735	5.042406
MGYG000003858__gradient_L8_hmo_gapseq	1251	1411	318	bio1	1.184528	1.245466	4.893103
MGYG000003858__gradient_L9_mos_gapseq	1251	1411	318	bio1	1.257988	1.138879	5.064698
MGYG000003859__gradient_L0_base_gapseq	973	982	145	bio1	0.098423	0.771920	2.481468
MGYG000003859__gradient_L1_inulin_gapseq	973	982	145	bio1	0.239462	0.759765	2.416615
MGYG000003859__gradient_L2_fos_gapseq	973	982	145	bio1	0.239462	0.781834	2.376909
MGYG000003859__gradient_L3_gos_gapseq	973	982	145	bio1	0.239462	0.847489	2.395410
MGYG000003859__gradient_L4_xos_gapseq	973	982	145	bio1	0.239462	0.766542	2.391426
MGYG000003859__gradient_L5_pectin_gapseq	973	982	145	bio1	0.239462	0.849370	2.415914
MGYG000003859__gradient_L6_resistant_starch_gapseq	973	982	145	bio1	0.572226	0.770005	2.507910
MGYG000003859__gradient_L7_bglucan_gapseq	973	982	145	bio1	0.572226	0.767543	2.541589
MGYG000003859__gradient_L8_hmo_gapseq	973	982	145	bio1	0.572226	0.804545	2.447036
MGYG000003859__gradient_L9_mos_gapseq	973	982	145	bio1	0.572226	0.775337	2.560085
MGYG000003876__gradient_L0_base_gapseq	1441	1576	407	bio1	1.305326	1.406862	6.101358
MGYG000003876__gradient_L1_inulin_gapseq	1441	1576	407	bio1	1.470559	1.327498	6.269829
MGYG000003876__gradient_L2_fos_gapseq	1441	1576	407	bio1	1.470559	1.353622	6.022201
MGYG000003876__gradient_L3_gos_gapseq	1441	1576	407	bio1	1.569698	1.449207	6.135079
MGYG000003876__gradient_L4_xos_gapseq	1441	1576	407	bio1	1.569698	1.458630	6.124486
MGYG000003876__gradient_L5_pectin_gapseq	1441	1576	407	bio1	1.569698	1.470094	6.072326
MGYG000003876__gradient_L6_resistant_starch_gapseq	1441	1576	407	bio1	2.290524	1.347513	6.166931
MGYG000003876__gradient_L7_bglucan_gapseq	1441	1576	407	bio1	2.290524	1.318411	6.146505
MGYG000003876__gradient_L8_hmo_gapseq	1441	1576	407	bio1	2.290524	1.333386	6.012112
MGYG000003876__gradient_L9_mos_gapseq	1441	1576	407	bio1	2.422710	1.447944	6.235172
MGYG000003878__gradient_L0_base_gapseq	1236	1402	315	bio1	0.000000	1.191432	0.064376
MGYG000003878__gradient_L1_inulin_gapseq	1236	1402	315	bio1	0.000000	1.090934	0.059389
MGYG000003878__gradient_L2_fos_gapseq	1236	1402	315	bio1	0.000000	1.104299	0.062344
MGYG000003878__gradient_L3_gos_gapseq	1236	1402	315	bio1	0.000000	1.187052	0.063932
MGYG000003878__gradient_L4_xos_gapseq	1236	1402	315	bio1	0.000000	1.083010	0.058809
MGYG000003878__gradient_L5_pectin_gapseq	1236	1402	315	bio1	0.000000	1.211029	0.064977
MGYG000003878__gradient_L6_resistant_starch_gapseq	1236	1402	315	bio1	0.000000	1.115681	0.064694
MGYG000003878__gradient_L7_bglucan_gapseq	1236	1402	315	bio1	0.000000	1.201266	0.065030
MGYG000003878__gradient_L8_hmo_gapseq	1236	1402	315	bio1	0.000000	1.104478	0.063476
MGYG000003878__gradient_L9_mos_gapseq	1236	1402	315	bio1	0.000000	1.315588	0.062135
MGYG000003883__gradient_L0_base_gapseq	2232	2773	1128	bio1	0.000000	2.537539	0.221440
MGYG000003883__gradient_L1_inulin_gapseq	2232	2773	1128	bio1	0.000000	2.475105	0.215881
MGYG000003883__gradient_L2_fos_gapseq	2232	2773	1128	bio1	0.000000	2.470507	0.231376
MGYG000003883__gradient_L3_gos_gapseq	2232	2773	1128	bio1	0.000000	2.544639	0.194734
MGYG000003883__gradient_L4_xos_gapseq	2232	2773	1128	bio1	0.000000	2.488097	0.210875
MGYG000003883__gradient_L5_pectin_gapseq	2232	2773	1128	bio1	0.000000	2.492305	0.209961
MGYG000003883__gradient_L6_resistant_starch_gapseq	2232	2773	1128	bio1	3.033649	2.512752	18.021174
MGYG000003883__gradient_L7_bglucan_gapseq	2232	2773	1128	bio1	3.195793	2.475480	17.945202
MGYG000003883__gradient_L8_hmo_gapseq	2232	2773	1128	bio1	3.195793	2.744968	18.158926
MGYG000003883__gradient_L9_mos_gapseq	2232	2773	1128	bio1	3.195793	2.360756	18.108069
MGYG000003899__gradient_L0_base_gapseq	1307	1463	356	bio1	0.000000	1.220795	0.067901
MGYG000003899__gradient_L1_inulin_gapseq	1307	1463	356	bio1	0.000000	1.191075	0.197625
MGYG000003899__gradient_L2_fos_gapseq	1307	1463	356	bio1	0.000000	1.211001	0.066683
MGYG000003899__gradient_L3_gos_gapseq	1307	1463	356	bio1	0.000000	1.203020	0.071256
MGYG000003899__gradient_L4_xos_gapseq	1307	1463	356	bio1	0.000000	1.326744	0.064303
MGYG000003899__gradient_L5_pectin_gapseq	1307	1463	356	bio1	0.000000	1.225108	0.064373
MGYG000003899__gradient_L6_resistant_starch_gapseq	1307	1463	356	bio1	0.000000	1.363274	0.075628
MGYG000003899__gradient_L7_bglucan_gapseq	1307	1463	356	bio1	0.000000	1.212072	0.063725
MGYG000003899__gradient_L8_hmo_gapseq	1307	1463	356	bio1	0.000000	1.352866	0.068461
MGYG000003899__gradient_L9_mos_gapseq	1307	1463	356	bio1	0.000000	1.211127	0.063038
MGYG000003906__gradient_L0_base_gapseq	1161	1246	297	bio1	0.399932	1.140570	3.885794
MGYG000003906__gradient_L1_inulin_gapseq	1161	1246	297	bio1	0.590381	1.006558	3.991365
MGYG000003906__gradient_L2_fos_gapseq	1161	1246	297	bio1	0.590381	0.988783	3.897710
MGYG000003906__gradient_L3_gos_gapseq	1161	1246	297	bio1	0.761785	1.072845	3.841466
MGYG000003906__gradient_L4_xos_gapseq	1161	1246	297	bio1	0.761785	1.014702	3.893711
MGYG000003906__gradient_L5_pectin_gapseq	1161	1246	297	bio1	0.761785	1.102513	3.914442
MGYG000003906__gradient_L6_resistant_starch_gapseq	1161	1246	297	bio1	1.158058	1.007031	3.982069
MGYG000003906__gradient_L7_bglucan_gapseq	1161	1246	297	bio1	1.158058	0.999957	3.839875
MGYG000003906__gradient_L8_hmo_gapseq	1161	1246	297	bio1	1.158058	1.115457	3.846639
MGYG000003906__gradient_L9_mos_gapseq	1161	1246	297	bio1	1.249726	1.003855	4.105918
MGYG000003937__gradient_L0_base_gapseq	1248	1428	377	bio1	0.000000	1.142126	0.065860
MGYG000003937__gradient_L1_inulin_gapseq	1248	1428	377	bio1	0.000000	1.127826	0.066259
MGYG000003937__gradient_L2_fos_gapseq	1248	1428	377	bio1	0.000000	1.225384	0.061497
MGYG000003937__gradient_L3_gos_gapseq	1248	1428	377	bio1	0.000000	1.161322	0.076757
MGYG000003937__gradient_L4_xos_gapseq	1248	1428	377	bio1	0.000000	1.287201	0.069710
MGYG000003937__gradient_L5_pectin_gapseq	1248	1428	377	bio1	0.000000	1.166265	0.064082
MGYG000003937__gradient_L6_resistant_starch_gapseq	1248	1428	377	bio1	0.000000	1.284574	0.068353
MGYG000003937__gradient_L7_bglucan_gapseq	1248	1428	377	bio1	0.000000	1.173881	0.068389
MGYG000003937__gradient_L8_hmo_gapseq	1248	1428	377	bio1	0.000000	1.261382	0.065542
MGYG000003937__gradient_L9_mos_gapseq	1248	1428	377	bio1	0.000000	1.189295	0.068849
MGYG000003938__gradient_L0_base_gapseq	1072	1202	307	bio1	0.225970	1.019597	3.643073
MGYG000003938__gradient_L1_inulin_gapseq	1072	1202	307	bio1	0.225970	0.949450	3.717906
MGYG000003938__gradient_L2_fos_gapseq	1072	1202	307	bio1	0.225970	0.944342	3.592150
MGYG000003938__gradient_L3_gos_gapseq	1072	1202	307	bio1	0.225970	1.033102	3.609939
MGYG000003938__gradient_L4_xos_gapseq	1072	1202	307	bio1	0.225970	0.963584	3.574306
MGYG000003938__gradient_L5_pectin_gapseq	1072	1202	307	bio1	0.225970	1.064321	3.620194
MGYG000003938__gradient_L6_resistant_starch_gapseq	1072	1202	307	bio1	0.225970	0.948317	3.747730
MGYG000003938__gradient_L7_bglucan_gapseq	1072	1202	307	bio1	0.225970	0.974050	3.583333
MGYG000003938__gradient_L8_hmo_gapseq	1072	1202	307	bio1	0.225970	0.937361	3.658530
MGYG000003938__gradient_L9_mos_gapseq	1072	1202	307	bio1	0.225970	0.950613	3.561128
MGYG000003957__gradient_L0_base_gapseq	1586	1866	529	bio1	0.000000	1.711527	0.102525
MGYG000003957__gradient_L1_inulin_gapseq	1586	1866	529	bio1	0.000000	1.678379	0.104098
MGYG000003957__gradient_L2_fos_gapseq	1586	1866	529	bio1	0.000000	1.535432	0.102949
MGYG000003957__gradient_L3_gos_gapseq	1586	1866	529	bio1	2.205325	1.702392	8.244873
MGYG000003957__gradient_L4_xos_gapseq	1586	1866	529	bio1	2.397110	1.794558	8.197730
MGYG000003957__gradient_L5_pectin_gapseq	1586	1866	529	bio1	2.456971	1.653080	8.283960
MGYG000003957__gradient_L6_resistant_starch_gapseq	1586	1866	529	bio1	3.145378	1.636426	8.262446
MGYG000003957__gradient_L7_bglucan_gapseq	1586	1866	529	bio1	3.145378	1.830436	8.323773
MGYG000003957__gradient_L8_hmo_gapseq	1586	1866	529	bio1	3.145378	1.696702	8.268978
MGYG000003957__gradient_L9_mos_gapseq	1586	1866	529	bio1	3.295288	1.636871	8.311527
MGYG000003961__gradient_L0_base_gapseq	1045	1106	257	bio1	0.000000	0.892230	0.042266
MGYG000003961__gradient_L1_inulin_gapseq	1045	1106	257	bio1	0.000000	0.918604	0.041735
MGYG000003961__gradient_L2_fos_gapseq	1045	1106	257	bio1	0.000000	1.002234	0.051440
MGYG000003961__gradient_L3_gos_gapseq	1045	1106	257	bio1	0.000000	0.923585	0.046532
MGYG000003961__gradient_L4_xos_gapseq	1045	1106	257	bio1	0.000000	0.907213	0.139698
MGYG000003961__gradient_L5_pectin_gapseq	1045	1106	257	bio1	0.000000	0.905487	0.057053
MGYG000003961__gradient_L6_resistant_starch_gapseq	1045	1106	257	bio1	0.000000	0.917637	0.046938
MGYG000003961__gradient_L7_bglucan_gapseq	1045	1106	257	bio1	0.000000	0.990402	0.044048
MGYG000003961__gradient_L8_hmo_gapseq	1045	1106	257	bio1	0.000000	0.904021	0.049769
MGYG000003961__gradient_L9_mos_gapseq	1045	1106	257	bio1	0.000000	0.885855	0.045624
MGYG000004022__gradient_L0_base_gapseq	1208	1356	319	bio1	0.000000	1.114576	0.055592
MGYG000004022__gradient_L1_inulin_gapseq	1208	1356	319	bio1	0.000000	1.082707	0.147973
MGYG000004022__gradient_L2_fos_gapseq	1208	1356	319	bio1	0.000000	1.083345	0.056317
MGYG000004022__gradient_L3_gos_gapseq	1208	1356	319	bio1	0.000000	1.086670	0.056549
MGYG000004022__gradient_L4_xos_gapseq	1208	1356	319	bio1	0.965049	1.185770	4.624184
MGYG000004022__gradient_L5_pectin_gapseq	1208	1356	319	bio1	0.965049	1.087075	4.749505
MGYG000004022__gradient_L6_resistant_starch_gapseq	1208	1356	319	bio1	1.691289	1.119151	4.671110
MGYG000004022__gradient_L7_bglucan_gapseq	1208	1356	319	bio1	1.937411	1.188524	4.652354
MGYG000004022__gradient_L8_hmo_gapseq	1208	1356	319	bio1	1.937411	1.088377	4.749722
MGYG000004022__gradient_L9_mos_gapseq	1208	1356	319	bio1	2.072042	1.107086	4.646590
MGYG000004029__gradient_L0_base_gapseq	961	997	171	bio1	0.000000	0.908037	0.034729
MGYG000004029__gradient_L1_inulin_gapseq	961	997	171	bio1	0.962188	0.775116	2.382981
MGYG000004029__gradient_L2_fos_gapseq	961	997	171	bio1	0.962188	0.774550	2.606130
MGYG000004029__gradient_L3_gos_gapseq	961	997	171	bio1	1.064985	0.764508	2.369572
MGYG000004029__gradient_L4_xos_gapseq	961	997	171	bio1	1.169860	0.764699	2.369837
MGYG000004029__gradient_L5_pectin_gapseq	961	997	171	bio1	1.169860	0.845134	2.380186
MGYG000004029__gradient_L6_resistant_starch_gapseq	961	997	171	bio1	1.888618	0.777207	2.342172
MGYG000004029__gradient_L7_bglucan_gapseq	961	997	171	bio1	2.141155	0.928758	2.390114
MGYG000004029__gradient_L8_hmo_gapseq	961	997	171	bio1	2.141155	0.783416	2.369475
MGYG000004029__gradient_L9_mos_gapseq	961	997	171	bio1	2.279295	0.882470	2.334700
MGYG000004033__gradient_L0_base_gapseq	1104	1164	227	bio1	0.000000	1.050320	0.043512
MGYG000004033__gradient_L1_inulin_gapseq	1104	1164	227	bio1	0.466396	0.946900	3.487493
MGYG000004033__gradient_L2_fos_gapseq	1104	1164	227	bio1	0.466396	1.122558	3.490874
MGYG000004033__gradient_L3_gos_gapseq	1104	1164	227	bio1	0.466396	0.944818	3.508353
MGYG000004033__gradient_L4_xos_gapseq	1104	1164	227	bio1	0.466396	1.063132	3.516312
MGYG000004033__gradient_L5_pectin_gapseq	1104	1164	227	bio1	0.466396	0.947107	3.637155
MGYG000004033__gradient_L6_resistant_starch_gapseq	1104	1164	227	bio1	0.607198	0.935310	3.470794
MGYG000004033__gradient_L7_bglucan_gapseq	1104	1164	227	bio1	0.864601	0.940591	3.551024
MGYG000004033__gradient_L8_hmo_gapseq	1104	1164	227	bio1	0.864601	0.934013	3.635569
MGYG000004033__gradient_L9_mos_gapseq	1104	1164	227	bio1	1.004847	1.025104	3.505112
MGYG000004038__gradient_L0_base_gapseq	658	625	84	bio1	0.000000	0.468861	0.020959
MGYG000004038__gradient_L1_inulin_gapseq	658	625	84	bio1	0.000000	0.478094	0.016406
MGYG000004038__gradient_L2_fos_gapseq	658	625	84	bio1	0.000000	0.484910	0.021402
MGYG000004038__gradient_L3_gos_gapseq	658	625	84	bio1	0.000000	0.473806	0.016379
MGYG000004038__gradient_L4_xos_gapseq	658	625	84	bio1	0.000000	0.571732	0.016676
MGYG000004038__gradient_L5_pectin_gapseq	658	625	84	bio1	0.000000	0.478169	0.021092
MGYG000004038__gradient_L6_resistant_starch_gapseq	658	625	84	bio1	0.000000	0.487505	0.017923
MGYG000004038__gradient_L7_bglucan_gapseq	658	625	84	bio1	0.000000	0.482706	0.016305
MGYG000004038__gradient_L8_hmo_gapseq	658	625	84	bio1	0.000000	0.474521	0.018296
MGYG000004038__gradient_L9_mos_gapseq	658	625	84	bio1	0.000000	0.568449	0.016525
MGYG000004071__gradient_L0_base_gapseq	1178	1336	298	bio1	0.000000	1.365899	0.061068
MGYG000004071__gradient_L1_inulin_gapseq	1178	1336	298	bio1	0.000000	1.080461	0.063370
MGYG000004071__gradient_L2_fos_gapseq	1178	1336	298	bio1	0.000000	1.187165	0.066880
MGYG000004071__gradient_L3_gos_gapseq	1178	1336	298	bio1	0.720569	1.066302	4.399126
MGYG000004071__gradient_L4_xos_gapseq	1178	1336	298	bio1	0.720569	1.197328	4.406350
MGYG000004071__gradient_L5_pectin_gapseq	1178	1336	298	bio1	0.720569	1.073373	4.447487
MGYG000004071__gradient_L6_resistant_starch_gapseq	1178	1336	298	bio1	1.326294	1.054451	4.385905
MGYG000004071__gradient_L7_bglucan_gapseq	1178	1336	298	bio1	1.326294	1.184560	4.324084
MGYG000004071__gradient_L8_hmo_gapseq	1178	1336	298	bio1	1.326294	1.069880	4.441684
MGYG000004071__gradient_L9_mos_gapseq	1178	1336	298	bio1	1.326294	1.097345	4.343726
MGYG000004078__gradient_L0_base_gapseq	945	882	120	bio1	0.000000	0.930710	0.031440
MGYG000004078__gradient_L1_inulin_gapseq	945	882	120	bio1	0.000000	0.771389	0.034123
MGYG000004078__gradient_L2_fos_gapseq	945	882	120	bio1	0.000000	0.720921	0.033762
MGYG000004078__gradient_L3_gos_gapseq	945	882	120	bio1	0.000000	0.831853	0.034821
MGYG000004078__gradient_L4_xos_gapseq	945	882	120	bio1	0.000000	0.726966	0.034783
MGYG000004078__gradient_L5_pectin_gapseq	945	882	120	bio1	0.000000	0.735199	0.033422
MGYG000004078__gradient_L6_resistant_starch_gapseq	945	882	120	bio1	0.000000	0.830370	0.034599
MGYG000004078__gradient_L7_bglucan_gapseq	945	882	120	bio1	0.000000	0.751110	0.032051
MGYG000004078__gradient_L8_hmo_gapseq	945	882	120	bio1	0.000000	0.719741	0.033546
MGYG000004078__gradient_L9_mos_gapseq	945	882	120	bio1	0.000000	0.739502	0.033826
MGYG000004090__gradient_L0_base_gapseq	1212	1357	316	bio1	0.293213	1.404794	4.616778
MGYG000004090__gradient_L1_inulin_gapseq	1212	1357	316	bio1	0.397573	1.098894	4.698107
MGYG000004090__gradient_L2_fos_gapseq	1212	1357	316	bio1	0.397573	1.106769	4.543216
MGYG000004090__gradient_L3_gos_gapseq	1212	1357	316	bio1	0.475670	1.159862	4.583381
MGYG000004090__gradient_L4_xos_gapseq	1212	1357	316	bio1	0.475670	1.103602	4.680205
MGYG000004090__gradient_L5_pectin_gapseq	1212	1357	316	bio1	0.475670	1.104502	4.564639
MGYG000004090__gradient_L6_resistant_starch_gapseq	1212	1357	316	bio1	0.579799	1.154064	4.552827
MGYG000004090__gradient_L7_bglucan_gapseq	1212	1357	316	bio1	0.579799	1.075986	4.639748
MGYG000004090__gradient_L8_hmo_gapseq	1212	1357	316	bio1	0.579799	1.108443	4.561347
MGYG000004090__gradient_L9_mos_gapseq	1212	1357	316	bio1	0.683928	1.180683	4.574146
MGYG000004093__gradient_L0_base_gapseq	1327	1411	346	bio1	0.000000	1.216357	0.059140
MGYG000004093__gradient_L1_inulin_gapseq	1327	1411	346	bio1	0.441146	1.166338	5.020062
MGYG000004093__gradient_L2_fos_gapseq	1327	1411	346	bio1	0.441146	1.203554	4.979416
MGYG000004093__gradient_L3_gos_gapseq	1327	1411	346	bio1	0.441146	1.267740	4.965363
MGYG000004093__gradient_L4_xos_gapseq	1327	1411	346	bio1	0.441146	1.274793	4.933115
MGYG000004093__gradient_L5_pectin_gapseq	1327	1411	346	bio1	0.441146	1.167441	5.094014
MGYG000004093__gradient_L6_resistant_starch_gapseq	1327	1411	346	bio1	0.441146	1.198490	4.925227
MGYG000004093__gradient_L7_bglucan_gapseq	1327	1411	346	bio1	0.441146	1.234514	4.875898
MGYG000004093__gradient_L8_hmo_gapseq	1327	1411	346	bio1	0.441146	1.147928	5.039894
MGYG000004093__gradient_L9_mos_gapseq	1327	1411	346	bio1	0.441146	1.171317	4.930363
MGYG000004097__gradient_L0_base_gapseq	1211	1352	326	bio1	0.721839	1.189245	4.581702
MGYG000004097__gradient_L1_inulin_gapseq	1211	1352	326	bio1	1.012072	1.074253	4.718212
MGYG000004097__gradient_L2_fos_gapseq	1211	1352	326	bio1	1.012072	1.093131	4.515670
MGYG000004097__gradient_L3_gos_gapseq	1211	1352	326	bio1	1.247788	1.160125	4.569656
MGYG000004097__gradient_L4_xos_gapseq	1211	1352	326	bio1	1.259321	1.082072	4.664268
MGYG000004097__gradient_L5_pectin_gapseq	1211	1352	326	bio1	1.259321	1.091852	4.584677
MGYG000004097__gradient_L6_resistant_starch_gapseq	1211	1352	326	bio1	1.893566	1.169179	4.587584
MGYG000004097__gradient_L7_bglucan_gapseq	1211	1352	326	bio1	1.893566	1.077756	4.668510
MGYG000004097__gradient_L8_hmo_gapseq	1211	1352	326	bio1	1.893566	1.080749	4.598938
MGYG000004097__gradient_L9_mos_gapseq	1211	1352	326	bio1	2.040106	1.161891	4.590225
MGYG000004103__gradient_L0_base_gapseq	861	813	113	bio1	0.000000	0.665852	0.019156
MGYG000004103__gradient_L1_inulin_gapseq	861	813	113	bio1	0.000000	0.657094	0.034391
MGYG000004103__gradient_L2_fos_gapseq	861	813	113	bio1	0.000000	0.756294	0.029315
MGYG000004103__gradient_L3_gos_gapseq	861	813	113	bio1	0.000000	0.657416	0.023907
MGYG000004103__gradient_L4_xos_gapseq	861	813	113	bio1	0.000000	0.652599	0.031045
MGYG000004103__gradient_L5_pectin_gapseq	861	813	113	bio1	0.000000	0.710327	0.028208
MGYG000004103__gradient_L6_resistant_starch_gapseq	861	813	113	bio1	0.000000	0.757265	0.026682
MGYG000004103__gradient_L7_bglucan_gapseq	861	813	113	bio1	0.000000	0.660475	0.028335
MGYG000004103__gradient_L8_hmo_gapseq	861	813	113	bio1	0.000000	0.654899	0.028358
MGYG000004103__gradient_L9_mos_gapseq	861	813	113	bio1	0.000000	0.645889	0.028467
MGYG000004115__gradient_L0_base_gapseq	1180	1216	314	bio1	0.000000	1.137891	0.040927
MGYG000004115__gradient_L1_inulin_gapseq	1180	1216	314	bio1	0.416515	0.993349	3.747409
MGYG000004115__gradient_L2_fos_gapseq	1180	1216	314	bio1	0.416515	1.153321	3.708201
MGYG000004115__gradient_L3_gos_gapseq	1180	1216	314	bio1	0.416515	1.020432	3.838052
MGYG000004115__gradient_L4_xos_gapseq	1180	1216	314	bio1	0.416515	1.029734	3.705990
MGYG000004115__gradient_L5_pectin_gapseq	1180	1216	314	bio1	0.416515	1.092276	3.717073
MGYG000004115__gradient_L6_resistant_starch_gapseq	1180	1216	314	bio1	0.416515	1.024138	3.732425
MGYG000004115__gradient_L7_bglucan_gapseq	1180	1216	314	bio1	0.416515	1.128544	3.733112
MGYG000004115__gradient_L8_hmo_gapseq	1180	1216	314	bio1	0.416515	1.025983	3.807233
MGYG000004115__gradient_L9_mos_gapseq	1180	1216	314	bio1	0.416515	1.008924	3.706349
MGYG000004133__gradient_L0_base_gapseq	1272	1373	301	bio1	0.000000	1.233821	0.068214
MGYG000004133__gradient_L1_inulin_gapseq	1272	1373	301	bio1	0.000000	1.111320	0.058556
MGYG000004133__gradient_L2_fos_gapseq	1272	1373	301	bio1	0.000000	1.213359	0.063499
MGYG000004133__gradient_L3_gos_gapseq	1272	1373	301	bio1	0.000000	1.121606	0.063537
MGYG000004133__gradient_L4_xos_gapseq	1272	1373	301	bio1	0.673104	1.234216	4.671967
MGYG000004133__gradient_L5_pectin_gapseq	1272	1373	301	bio1	0.673104	1.126725	4.915336
MGYG000004133__gradient_L6_resistant_starch_gapseq	1272	1373	301	bio1	1.250247	1.121558	4.662150
MGYG000004133__gradient_L7_bglucan_gapseq	1272	1373	301	bio1	1.453879	1.210689	4.655467
MGYG000004133__gradient_L8_hmo_gapseq	1272	1373	301	bio1	1.453879	1.130345	4.773111
MGYG000004133__gradient_L9_mos_gapseq	1272	1373	301	bio1	1.558980	1.117187	4.658181
MGYG000004134__gradient_L0_base_gapseq	1169	1245	307	bio1	0.000000	0.981237	0.048351
MGYG000004134__gradient_L1_inulin_gapseq	1169	1245	307	bio1	0.233463	1.145424	3.903894
MGYG000004134__gradient_L2_fos_gapseq	1169	1245	307	bio1	0.233463	1.007897	4.041977
MGYG000004134__gradient_L3_gos_gapseq	1169	1245	307	bio1	0.233463	1.002840	3.911708
MGYG000004134__gradient_L4_xos_gapseq	1169	1245	307	bio1	0.244507	1.072204	3.909874
MGYG000004134__gradient_L5_pectin_gapseq	1169	1245	307	bio1	0.244507	0.988642	3.942244
MGYG000004134__gradient_L6_resistant_starch_gapseq	1169	1245	307	bio1	0.249551	1.103878	3.939543
MGYG000004134__gradient_L7_bglucan_gapseq	1169	1245	307	bio1	0.249551	0.997459	4.097155
MGYG000004134__gradient_L8_hmo_gapseq	1169	1245	307	bio1	0.249551	0.996145	3.944060
MGYG000004134__gradient_L9_mos_gapseq	1169	1245	307	bio1	0.249551	1.078039	3.934723
MGYG000004137__gradient_L0_base_gapseq	1165	1244	286	bio1	0.000000	0.975309	0.052300
MGYG000004137__gradient_L1_inulin_gapseq	1165	1244	286	bio1	0.370528	1.102232	3.776254
MGYG000004137__gradient_L2_fos_gapseq	1165	1244	286	bio1	0.370528	1.009795	3.782120
MGYG000004137__gradient_L3_gos_gapseq	1165	1244	286	bio1	0.407582	1.117889	3.763531
MGYG000004137__gradient_L4_xos_gapseq	1165	1244	286	bio1	0.427438	0.996337	3.908631
MGYG000004137__gradient_L5_pectin_gapseq	1165	1244	286	bio1	0.427438	0.986433	3.781936
MGYG000004137__gradient_L6_resistant_starch_gapseq	1165	1244	286	bio1	0.716522	1.126547	3.822767
MGYG000004137__gradient_L7_bglucan_gapseq	1165	1244	286	bio1	0.827708	0.975764	3.923676
MGYG000004137__gradient_L8_hmo_gapseq	1165	1244	286	bio1	0.827708	0.976380	3.760167
MGYG000004137__gradient_L9_mos_gapseq	1165	1244	286	bio1	0.827708	0.998497	3.853029
MGYG000004138__gradient_L0_base_gapseq	1153	1163	281	bio1	0.000000	1.040248	0.040546
MGYG000004138__gradient_L1_inulin_gapseq	1153	1163	281	bio1	0.000000	0.976910	0.041526
MGYG000004138__gradient_L2_fos_gapseq	1153	1163	281	bio1	0.000000	0.968434	0.041675
MGYG000004138__gradient_L3_gos_gapseq	1153	1163	281	bio1	0.000000	1.044626	0.042544
MGYG000004138__gradient_L4_xos_gapseq	1153	1163	281	bio1	0.000000	0.951887	0.041783
MGYG000004138__gradient_L5_pectin_gapseq	1153	1163	281	bio1	0.000000	1.055805	0.040388
MGYG000004138__gradient_L6_resistant_starch_gapseq	1153	1163	281	bio1	0.000000	0.950196	0.041556
MGYG000004138__gradient_L7_bglucan_gapseq	1153	1163	281	bio1	0.000000	0.957400	0.041770
MGYG000004138__gradient_L8_hmo_gapseq	1153	1163	281	bio1	0.000000	1.052810	0.042368
MGYG000004138__gradient_L9_mos_gapseq	1153	1163	281	bio1	0.000000	0.963967	0.036860
MGYG000004142__gradient_L0_base_gapseq	1288	1387	353	bio1	0.381971	1.241821	4.581407
MGYG000004142__gradient_L1_inulin_gapseq	1288	1387	353	bio1	0.381971	1.163026	4.702531
MGYG000004142__gradient_L2_fos_gapseq	1288	1387	353	bio1	0.381971	1.133035	4.590098
MGYG000004142__gradient_L3_gos_gapseq	1288	1387	353	bio1	0.477466	1.215210	4.548908
MGYG000004142__gradient_L4_xos_gapseq	1288	1387	353	bio1	0.568334	1.133089	4.676467
MGYG000004142__gradient_L5_pectin_gapseq	1288	1387	353	bio1	0.568334	1.141694	4.523371
MGYG000004142__gradient_L6_resistant_starch_gapseq	1288	1387	353	bio1	0.674898	1.251500	4.540334
MGYG000004142__gradient_L7_bglucan_gapseq	1288	1387	353	bio1	0.674898	1.225997	4.547030
MGYG000004142__gradient_L8_hmo_gapseq	1288	1387	353	bio1	0.674898	1.146114	4.548460
MGYG000004142__gradient_L9_mos_gapseq	1288	1387	353	bio1	0.674898	1.255651	4.572011
MGYG000004153__gradient_L0_base_gapseq	1258	1378	351	bio1	0.000000	1.230275	0.058706
MGYG000004153__gradient_L1_inulin_gapseq	1258	1378	351	bio1	0.000000	1.109667	0.057380
MGYG000004153__gradient_L2_fos_gapseq	1258	1378	351	bio1	0.000000	1.235465	0.063121
MGYG000004153__gradient_L3_gos_gapseq	1258	1378	351	bio1	0.736509	1.118782	4.721611
MGYG000004153__gradient_L4_xos_gapseq	1258	1378	351	bio1	0.833638	1.319642	4.730231
MGYG000004153__gradient_L5_pectin_gapseq	1258	1378	351	bio1	0.897930	1.129334	4.860590
MGYG000004153__gradient_L6_resistant_starch_gapseq	1258	1378	351	bio1	1.020846	1.154503	4.764637
MGYG000004153__gradient_L7_bglucan_gapseq	1258	1378	351	bio1	1.020846	1.235108	4.703734
MGYG000004153__gradient_L8_hmo_gapseq	1258	1378	351	bio1	1.020846	1.227761	4.741249
MGYG000004153__gradient_L9_mos_gapseq	1258	1378	351	bio1	1.020846	1.109675	4.695597
MGYG000004165__gradient_L0_base_gapseq	1090	1201	277	bio1	0.000000	1.041620	0.049226
MGYG000004165__gradient_L1_inulin_gapseq	1090	1201	277	bio1	0.000000	0.963874	0.048630
MGYG000004165__gradient_L2_fos_gapseq	1090	1201	277	bio1	0.000000	0.959098	0.124489
MGYG000004165__gradient_L3_gos_gapseq	1090	1201	277	bio1	0.000000	0.969259	0.048513
MGYG000004165__gradient_L4_xos_gapseq	1090	1201	277	bio1	0.303375	0.987737	3.618129
MGYG000004165__gradient_L5_pectin_gapseq	1090	1201	277	bio1	0.303375	1.054898	3.607649
MGYG000004165__gradient_L6_resistant_starch_gapseq	1090	1201	277	bio1	0.303375	0.948940	3.728404
MGYG000004165__gradient_L7_bglucan_gapseq	1090	1201	277	bio1	0.303375	0.961990	3.586328
MGYG000004165__gradient_L8_hmo_gapseq	1090	1201	277	bio1	0.303375	1.067960	3.570260
MGYG000004165__gradient_L9_mos_gapseq	1090	1201	277	bio1	0.303375	0.965123	3.583243
MGYG000004175__gradient_L0_base_gapseq	710	669	94	bio1	0.000000	0.510622	0.021723
MGYG000004175__gradient_L1_inulin_gapseq	710	669	94	bio1	0.000000	0.516949	0.017533
MGYG000004175__gradient_L2_fos_gapseq	710	669	94	bio1	0.000000	0.509082	0.018486
MGYG000004175__gradient_L3_gos_gapseq	710	669	94	bio1	0.000000	0.636143	0.022525
MGYG000004175__gradient_L4_xos_gapseq	710	669	94	bio1	0.000000	0.528164	0.022116
MGYG000004175__gradient_L5_pectin_gapseq	710	669	94	bio1	0.000000	0.503213	0.017073
MGYG000004175__gradient_L6_resistant_starch_gapseq	710	669	94	bio1	0.000000	0.523151	0.017000
MGYG000004175__gradient_L7_bglucan_gapseq	710	669	94	bio1	0.000000	0.514179	0.022651
MGYG000004175__gradient_L8_hmo_gapseq	710	669	94	bio1	0.000000	0.614934	0.016978
MGYG000004175__gradient_L9_mos_gapseq	710	669	94	bio1	0.000000	0.531585	0.017044
MGYG000004192__gradient_L0_base_gapseq	800	760	89	bio1	0.000000	0.720950	0.016179
MGYG000004192__gradient_L1_inulin_gapseq	800	760	89	bio1	0.000000	0.613355	0.022691
MGYG000004192__gradient_L2_fos_gapseq	800	760	89	bio1	0.000000	0.605511	0.023659
MGYG000004192__gradient_L3_gos_gapseq	800	760	89	bio1	0.000000	0.609346	0.017739
MGYG000004192__gradient_L4_xos_gapseq	800	760	89	bio1	0.000000	0.695297	0.022414
MGYG000004192__gradient_L5_pectin_gapseq	800	760	89	bio1	0.000000	0.595463	0.021684
MGYG000004192__gradient_L6_resistant_starch_gapseq	800	760	89	bio1	0.000000	0.600944	0.017211
MGYG000004192__gradient_L7_bglucan_gapseq	800	760	89	bio1	0.000000	0.610930	0.023421
MGYG000004192__gradient_L8_hmo_gapseq	800	760	89	bio1	0.000000	0.699922	0.017193
MGYG000004192__gradient_L9_mos_gapseq	800	760	89	bio1	0.000000	0.604683	0.021447
MGYG000004208__gradient_L0_base_gapseq	1209	1384	305	bio1	0.000000	1.110626	0.051681
MGYG000004208__gradient_L1_inulin_gapseq	1209	1384	305	bio1	0.000000	1.211090	0.052944
MGYG000004208__gradient_L2_fos_gapseq	1209	1384	305	bio1	0.000000	1.098157	0.053449
MGYG000004208__gradient_L3_gos_gapseq	1209	1384	305	bio1	0.000000	1.167081	0.059478
MGYG000004208__gradient_L4_xos_gapseq	1209	1384	305	bio1	0.275486	1.083342	4.727967
MGYG000004208__gradient_L5_pectin_gapseq	1209	1384	305	bio1	0.275486	1.240396	4.699161
MGYG000004208__gradient_L6_resistant_starch_gapseq	1209	1384	305	bio1	0.341805	1.102766	4.867562
MGYG000004208__gradient_L7_bglucan_gapseq	1209	1384	305	bio1	0.447224	1.107931	4.722997
MGYG000004208__gradient_L8_hmo_gapseq	1209	1384	305	bio1	0.447224	1.190068	4.744371
MGYG000004208__gradient_L9_mos_gapseq	1209	1384	305	bio1	0.511114	1.095467	4.864085
MGYG000004216__gradient_L0_base_gapseq	693	665	95	bio1	0.000000	0.508611	0.019404
MGYG000004216__gradient_L1_inulin_gapseq	693	665	95	bio1	0.083432	0.503431	1.222156
MGYG000004216__gradient_L2_fos_gapseq	693	665	95	bio1	0.083432	0.543001	1.396437
MGYG000004216__gradient_L3_gos_gapseq	693	665	95	bio1	0.083432	0.505865	1.238351
MGYG000004216__gradient_L4_xos_gapseq	693	665	95	bio1	0.083432	0.515828	1.257181
MGYG000004216__gradient_L5_pectin_gapseq	693	665	95	bio1	0.083432	0.518530	1.228639
MGYG000004216__gradient_L6_resistant_starch_gapseq	693	665	95	bio1	0.083432	0.583350	1.240406
MGYG000004216__gradient_L7_bglucan_gapseq	693	665	95	bio1	0.083432	0.503472	1.232898
MGYG000004216__gradient_L8_hmo_gapseq	693	665	95	bio1	0.083432	0.525146	1.233792
MGYG000004216__gradient_L9_mos_gapseq	693	665	95	bio1	0.083432	0.518283	1.225168
MGYG000004219__gradient_L0_base_gapseq	1238	1379	304	bio1	0.000000	1.098047	0.066397
MGYG000004219__gradient_L1_inulin_gapseq	1238	1379	304	bio1	0.000000	1.288075	0.060731
MGYG000004219__gradient_L2_fos_gapseq	1238	1379	304	bio1	0.000000	1.101323	0.060145
MGYG000004219__gradient_L3_gos_gapseq	1238	1379	304	bio1	0.000000	1.221168	0.063757
MGYG000004219__gradient_L4_xos_gapseq	1238	1379	304	bio1	0.000000	1.146292	0.066031
MGYG000004219__gradient_L5_pectin_gapseq	1238	1379	304	bio1	0.000000	1.085505	0.064311
MGYG000004219__gradient_L6_resistant_starch_gapseq	1238	1379	304	bio1	0.000000	1.243974	0.064667
MGYG000004219__gradient_L7_bglucan_gapseq	1238	1379	304	bio1	0.000000	1.106021	0.066510
MGYG000004219__gradient_L8_hmo_gapseq	1238	1379	304	bio1	0.000000	1.242124	0.059380
MGYG000004219__gradient_L9_mos_gapseq	1238	1379	304	bio1	0.000000	1.098481	0.066773
MGYG000004221__gradient_L0_base_gapseq	869	969	203	bio1	0.262231	0.749618	2.355390
MGYG000004221__gradient_L1_inulin_gapseq	869	969	203	bio1	0.439383	0.831828	2.392966
MGYG000004221__gradient_L2_fos_gapseq	869	969	203	bio1	0.439383	0.758630	2.396185
MGYG000004221__gradient_L3_gos_gapseq	869	969	203	bio1	0.439383	0.742637	2.476414
MGYG000004221__gradient_L4_xos_gapseq	869	969	203	bio1	0.530369	0.743835	2.368195
MGYG000004221__gradient_L5_pectin_gapseq	869	969	203	bio1	0.530369	0.736955	2.362379
MGYG000004221__gradient_L6_resistant_starch_gapseq	869	969	203	bio1	1.020846	0.812599	2.374236
MGYG000004221__gradient_L7_bglucan_gapseq	869	969	203	bio1	1.020846	0.747031	2.372479
MGYG000004221__gradient_L8_hmo_gapseq	869	969	203	bio1	1.020846	0.834550	2.356880
MGYG000004221__gradient_L9_mos_gapseq	869	969	203	bio1	1.020846	0.754248	2.461198
MGYG000004222__gradient_L0_base_gapseq	905	850	139	bio1	0.000000	0.692656	0.021026
MGYG000004222__gradient_L1_inulin_gapseq	905	850	139	bio1	0.000000	0.824686	0.032651
MGYG000004222__gradient_L2_fos_gapseq	905	850	139	bio1	0.000000	0.705100	0.033883
MGYG000004222__gradient_L3_gos_gapseq	905	850	139	bio1	0.000000	0.702765	0.031982
MGYG000004222__gradient_L4_xos_gapseq	905	850	139	bio1	0.000000	0.844498	0.031090
MGYG000004222__gradient_L5_pectin_gapseq	905	850	139	bio1	0.000000	0.697934	0.031538
MGYG000004222__gradient_L6_resistant_starch_gapseq	905	850	139	bio1	0.000000	0.702596	0.029289
MGYG000004222__gradient_L7_bglucan_gapseq	905	850	139	bio1	0.000000	0.707475	0.032073
MGYG000004222__gradient_L8_hmo_gapseq	905	850	139	bio1	0.000000	0.846303	0.032224
MGYG000004222__gradient_L9_mos_gapseq	905	850	139	bio1	0.000000	0.693524	0.032659
MGYG000004223__gradient_L0_base_gapseq	1185	1277	304	bio1	0.000000	1.130956	0.047193
MGYG000004223__gradient_L1_inulin_gapseq	1185	1277	304	bio1	0.000000	1.046513	0.047438
MGYG000004223__gradient_L2_fos_gapseq	1185	1277	304	bio1	0.000000	1.091932	0.047597
MGYG000004223__gradient_L3_gos_gapseq	1185	1277	304	bio1	0.940680	1.028994	4.046730
MGYG000004223__gradient_L4_xos_gapseq	1185	1277	304	bio1	0.940680	1.128045	4.007255
MGYG000004223__gradient_L5_pectin_gapseq	1185	1277	304	bio1	0.940680	1.033415	4.110138
MGYG000004223__gradient_L6_resistant_starch_gapseq	1185	1277	304	bio1	1.669962	1.012268	4.004878
MGYG000004223__gradient_L7_bglucan_gapseq	1185	1277	304	bio1	1.669962	1.135263	4.085001
MGYG000004223__gradient_L8_hmo_gapseq	1185	1277	304	bio1	1.669962	1.034623	4.011556
MGYG000004223__gradient_L9_mos_gapseq	1185	1277	304	bio1	1.805080	1.135059	4.008799
MGYG000004232__gradient_L0_base_gapseq	1257	1431	420	bio1	1.333947	1.133425	5.207427
MGYG000004232__gradient_L1_inulin_gapseq	1257	1431	420	bio1	1.688814	1.132623	4.976624
MGYG000004232__gradient_L2_fos_gapseq	1257	1431	420	bio1	1.688814	1.212956	4.971363
MGYG000004232__gradient_L3_gos_gapseq	1257	1431	420	bio1	2.060782	1.144948	5.151344
MGYG000004232__gradient_L4_xos_gapseq	1257	1431	420	bio1	2.060782	1.126700	5.004054
MGYG000004232__gradient_L5_pectin_gapseq	1257	1431	420	bio1	2.060782	1.241422	4.942441
MGYG000004232__gradient_L6_resistant_starch_gapseq	1257	1431	420	bio1	2.231802	1.218895	5.019494
MGYG000004232__gradient_L7_bglucan_gapseq	1257	1431	420	bio1	2.481919	1.125742	5.095955
MGYG000004232__gradient_L8_hmo_gapseq	1257	1431	420	bio1	2.481919	1.130600	5.164759
MGYG000004232__gradient_L9_mos_gapseq	1257	1431	420	bio1	2.652939	1.222736	4.938059
MGYG000004253__gradient_L0_base_gapseq	1260	1375	388	bio1	0.558902	1.122687	4.741793
MGYG000004253__gradient_L1_inulin_gapseq	1260	1375	388	bio1	0.744297	1.224359	4.737443
MGYG000004253__gradient_L2_fos_gapseq	1260	1375	388	bio1	0.744297	1.208581	4.750338
MGYG000004253__gradient_L3_gos_gapseq	1260	1375	388	bio1	0.744297	1.107352	4.765022
MGYG000004253__gradient_L4_xos_gapseq	1260	1375	388	bio1	0.744297	1.240837	4.724307
MGYG000004253__gradient_L5_pectin_gapseq	1260	1375	388	bio1	0.744297	1.210664	4.687075
MGYG000004253__gradient_L6_resistant_starch_gapseq	1260	1375	388	bio1	0.744297	1.144723	4.854993
MGYG000004253__gradient_L7_bglucan_gapseq	1260	1375	388	bio1	0.744297	1.112591	4.709121
MGYG000004253__gradient_L8_hmo_gapseq	1260	1375	388	bio1	0.744297	1.201529	4.837876
MGYG000004253__gradient_L9_mos_gapseq	1260	1375	388	bio1	0.905240	1.125702	4.808948
MGYG000004255__gradient_L0_base_gapseq	1102	1210	250	bio1	0.314252	1.084988	3.692267
MGYG000004255__gradient_L1_inulin_gapseq	1102	1210	250	bio1	0.452236	0.967918	3.759434
MGYG000004255__gradient_L2_fos_gapseq	1102	1210	250	bio1	0.452236	0.956648	3.674665
MGYG000004255__gradient_L3_gos_gapseq	1102	1210	250	bio1	0.452236	0.961901	3.809472
MGYG000004255__gradient_L4_xos_gapseq	1102	1210	250	bio1	0.452236	1.045620	3.749155
MGYG000004255__gradient_L5_pectin_gapseq	1102	1210	250	bio1	0.452236	1.058235	3.695566
MGYG000004255__gradient_L6_resistant_starch_gapseq	1102	1210	250	bio1	0.758958	0.976666	3.721541
MGYG000004255__gradient_L7_bglucan_gapseq	1102	1210	250	bio1	0.758958	1.058085	3.702348
MGYG000004255__gradient_L8_hmo_gapseq	1102	1210	250	bio1	0.758958	0.988678	3.828549
MGYG000004255__gradient_L9_mos_gapseq	1102	1210	250	bio1	0.878960	0.973305	3.742380
MGYG000004258__gradient_L0_base_gapseq	1134	1251	311	bio1	0.403790	1.113994	3.954974
MGYG000004258__gradient_L1_inulin_gapseq	1134	1251	311	bio1	0.619218	0.989199	4.107929
MGYG000004258__gradient_L2_fos_gapseq	1134	1251	311	bio1	0.619218	0.987253	3.934297
MGYG000004258__gradient_L3_gos_gapseq	1134	1251	311	bio1	0.797975	1.082918	3.939009
MGYG000004258__gradient_L4_xos_gapseq	1134	1251	311	bio1	0.797975	1.006699	4.075504
MGYG000004258__gradient_L5_pectin_gapseq	1134	1251	311	bio1	0.797975	0.989337	3.950723
MGYG000004258__gradient_L6_resistant_starch_gapseq	1134	1251	311	bio1	1.200199	1.086167	3.956647
MGYG000004258__gradient_L7_bglucan_gapseq	1134	1251	311	bio1	1.200199	1.026761	4.084271
MGYG000004258__gradient_L8_hmo_gapseq	1134	1251	311	bio1	1.200199	1.120776	3.947164
MGYG000004258__gradient_L9_mos_gapseq	1134	1251	311	bio1	1.294518	0.994479	4.013139
MGYG000004271__gradient_L0_base_gapseq	1550	1794	454	bio1	0.000000	1.445399	0.099900
MGYG000004271__gradient_L1_inulin_gapseq	1550	1794	454	bio1	0.000000	1.564194	0.094014
MGYG000004271__gradient_L2_fos_gapseq	1550	1794	454	bio1	0.000000	1.433999	0.202987
MGYG000004271__gradient_L3_gos_gapseq	1550	1794	454	bio1	1.168359	1.455247	7.805365
MGYG000004271__gradient_L4_xos_gapseq	1550	1794	454	bio1	1.214220	1.563400	7.736983
MGYG000004271__gradient_L5_pectin_gapseq	1550	1794	454	bio1	1.249162	1.547573	7.726058
MGYG000004271__gradient_L6_resistant_starch_gapseq	1550	1794	454	bio1	1.801680	1.576562	7.939514
MGYG000004271__gradient_L7_bglucan_gapseq	1550	1794	454	bio1	1.978573	1.563492	7.780544
MGYG000004271__gradient_L8_hmo_gapseq	1550	1794	454	bio1	2.109605	1.573568	7.738387
MGYG000004271__gradient_L9_mos_gapseq	1550	1794	454	bio1	2.196960	1.460155	7.960475
MGYG000004274__gradient_L0_base_gapseq	1157	1300	301	bio1	0.563591	1.127373	4.147961
MGYG000004274__gradient_L1_inulin_gapseq	1157	1300	301	bio1	0.792852	1.029264	4.161882
MGYG000004274__gradient_L2_fos_gapseq	1157	1300	301	bio1	0.792852	1.104781	4.189202
MGYG000004274__gradient_L3_gos_gapseq	1157	1300	301	bio1	1.021337	1.120180	4.185572
MGYG000004274__gradient_L4_xos_gapseq	1157	1300	301	bio1	1.021337	1.033765	4.159999
MGYG000004274__gradient_L5_pectin_gapseq	1157	1300	301	bio1	1.021337	1.145266	4.274921
MGYG000004274__gradient_L6_resistant_starch_gapseq	1157	1300	301	bio1	1.497192	1.025447	4.204884
MGYG000004274__gradient_L7_bglucan_gapseq	1157	1300	301	bio1	1.497192	1.031555	4.135811
MGYG000004274__gradient_L8_hmo_gapseq	1157	1300	301	bio1	1.497192	1.126019	4.140181
MGYG000004274__gradient_L9_mos_gapseq	1157	1300	301	bio1	1.608611	1.040460	4.264165
MGYG000004284__gradient_L0_base_gapseq	1192	1327	306	bio1	0.351614	1.148181	4.193338
MGYG000004284__gradient_L1_inulin_gapseq	1192	1327	306	bio1	0.512356	1.045881	4.201592
MGYG000004284__gradient_L2_fos_gapseq	1192	1327	306	bio1	0.512356	1.155566	4.214554
MGYG000004284__gradient_L3_gos_gapseq	1192	1327	306	bio1	0.663052	1.081525	4.282052
MGYG000004284__gradient_L4_xos_gapseq	1192	1327	306	bio1	0.663052	1.076683	4.280847
MGYG000004284__gradient_L5_pectin_gapseq	1192	1327	306	bio1	0.663052	1.224712	4.249558
MGYG000004284__gradient_L6_resistant_starch_gapseq	1192	1327	306	bio1	0.997068	1.054896	4.338021
MGYG000004284__gradient_L7_bglucan_gapseq	1192	1327	306	bio1	1.108960	1.064711	4.208626
MGYG000004284__gradient_L8_hmo_gapseq	1192	1327	306	bio1	1.108960	1.179721	4.202117
MGYG000004284__gradient_L9_mos_gapseq	1192	1327	306	bio1	1.188527	1.061239	4.298381
MGYG000004289__gradient_L0_base_gapseq	1310	1383	314	bio1	0.000000	1.159966	0.061797
MGYG000004289__gradient_L1_inulin_gapseq	1310	1383	314	bio1	0.486508	1.275966	4.776528
MGYG000004289__gradient_L2_fos_gapseq	1310	1383	314	bio1	0.486508	1.237321	4.728618
MGYG000004289__gradient_L3_gos_gapseq	1310	1383	314	bio1	0.486508	1.150870	5.042077
MGYG000004289__gradient_L4_xos_gapseq	1310	1383	314	bio1	0.500959	1.143902	4.823995
MGYG000004289__gradient_L5_pectin_gapseq	1310	1383	314	bio1	0.500959	1.234571	4.773072
MGYG000004289__gradient_L6_resistant_starch_gapseq	1310	1383	314	bio1	0.635835	1.179424	4.938613
MGYG000004289__gradient_L7_bglucan_gapseq	1310	1383	314	bio1	0.635835	1.159746	4.809567
MGYG000004289__gradient_L8_hmo_gapseq	1310	1383	314	bio1	0.635835	1.243650	4.761391
MGYG000004289__gradient_L9_mos_gapseq	1310	1383	314	bio1	0.635835	1.147164	4.915020
MGYG000004295	0	0	0	NONE	0.000000	0.000000	0.000000
MGYG000004298__gradient_L0_base_gapseq	1180	1297	274	bio1	0.349957	1.059886	4.134160
MGYG000004298__gradient_L1_inulin_gapseq	1180	1297	274	bio1	0.493531	1.136902	4.175104
MGYG000004298__gradient_L2_fos_gapseq	1180	1297	274	bio1	0.493531	1.057439	4.102971
MGYG000004298__gradient_L3_gos_gapseq	1180	1297	274	bio1	0.493531	1.181074	4.145720
MGYG000004298__gradient_L4_xos_gapseq	1180	1297	274	bio1	0.493531	1.132074	4.176891
MGYG000004298__gradient_L5_pectin_gapseq	1180	1297	274	bio1	0.493531	1.046328	4.115551
MGYG000004298__gradient_L6_resistant_starch_gapseq	1180	1297	274	bio1	1.146327	1.178691	4.188284
MGYG000004298__gradient_L7_bglucan_gapseq	1180	1297	274	bio1	1.146327	1.054407	4.230256
MGYG000004298__gradient_L8_hmo_gapseq	1180	1297	274	bio1	1.146327	1.046886	4.122366
MGYG000004298__gradient_L9_mos_gapseq	1180	1297	274	bio1	1.146327	1.115686	4.176480
MGYG000004308__gradient_L0_base_gapseq	1102	1178	272	bio1	0.000000	0.951493	0.041874
MGYG000004308__gradient_L1_inulin_gapseq	1102	1178	272	bio1	0.000000	1.051715	0.045649
MGYG000004308__gradient_L2_fos_gapseq	1102	1178	272	bio1	0.000000	0.955535	0.045624
MGYG000004308__gradient_L3_gos_gapseq	1102	1178	272	bio1	0.000000	0.949276	0.154072
MGYG000004308__gradient_L4_xos_gapseq	1102	1178	272	bio1	0.000000	0.975865	0.051613
MGYG000004308__gradient_L5_pectin_gapseq	1102	1178	272	bio1	0.000000	0.947031	0.050182
MGYG000004308__gradient_L6_resistant_starch_gapseq	1102	1178	272	bio1	0.000000	1.067932	0.046622
MGYG000004308__gradient_L7_bglucan_gapseq	1102	1178	272	bio1	0.000000	0.964067	0.052947
MGYG000004308__gradient_L8_hmo_gapseq	1102	1178	272	bio1	0.000000	0.929647	0.049626
MGYG000004308__gradient_L9_mos_gapseq	1102	1178	272	bio1	0.000000	1.083774	0.051268
MGYG000004323__gradient_L0_base_gapseq	1274	1406	304	bio1	0.000000	1.097105	0.060350
MGYG000004323__gradient_L1_inulin_gapseq	1274	1406	304	bio1	0.000000	1.122556	0.139631
MGYG000004323__gradient_L2_fos_gapseq	1274	1406	304	bio1	0.000000	1.111330	0.061887
MGYG000004323__gradient_L3_gos_gapseq	1274	1406	304	bio1	0.000000	1.106815	0.060454
MGYG000004323__gradient_L4_xos_gapseq	1274	1406	304	bio1	1.098815	1.203053	4.840973
MGYG000004323__gradient_L5_pectin_gapseq	1274	1406	304	bio1	1.098815	1.224476	4.868814
MGYG000004323__gradient_L6_resistant_starch_gapseq	1274	1406	304	bio1	1.801135	1.112447	4.987597
MGYG000004323__gradient_L7_bglucan_gapseq	1274	1406	304	bio1	2.047896	1.111706	4.901123
MGYG000004323__gradient_L8_hmo_gapseq	1274	1406	304	bio1	2.047896	1.199811	4.920088
MGYG000004323__gradient_L9_mos_gapseq	1274	1406	304	bio1	2.182876	1.125901	4.980369
MGYG000004337__gradient_L0_base_gapseq	1327	1398	340	bio1	0.418021	1.169691	4.978436
MGYG000004337__gradient_L1_inulin_gapseq	1327	1398	340	bio1	0.566651	1.166346	4.836306
MGYG000004337__gradient_L2_fos_gapseq	1327	1398	340	bio1	0.566651	1.300139	4.852450
MGYG000004337__gradient_L3_gos_gapseq	1327	1398	340	bio1	0.566651	1.167095	5.054495
MGYG000004337__gradient_L4_xos_gapseq	1327	1398	340	bio1	0.566651	1.170725	4.876946
MGYG000004337__gradient_L5_pectin_gapseq	1327	1398	340	bio1	0.566651	1.261334	4.842851
MGYG000004337__gradient_L6_resistant_starch_gapseq	1327	1398	340	bio1	0.683582	1.170108	4.961589
MGYG000004337__gradient_L7_bglucan_gapseq	1327	1398	340	bio1	0.683582	1.177366	4.849452
MGYG000004337__gradient_L8_hmo_gapseq	1327	1398	340	bio1	0.683582	1.284197	4.836182
MGYG000004337__gradient_L9_mos_gapseq	1327	1398	340	bio1	0.683582	1.243367	4.958851
MGYG000004370__gradient_L0_base_gapseq	1134	1198	210	bio1	0.000000	0.978254	0.048728
MGYG000004370__gradient_L1_inulin_gapseq	1134	1198	210	bio1	0.000000	0.951347	0.056956
MGYG000004370__gradient_L2_fos_gapseq	1134	1198	210	bio1	0.000000	1.051077	0.049707
MGYG000004370__gradient_L3_gos_gapseq	1134	1198	210	bio1	0.000000	0.970352	0.052218
MGYG000004370__gradient_L4_xos_gapseq	1134	1198	210	bio1	0.000000	0.964457	0.050159
MGYG000004370__gradient_L5_pectin_gapseq	1134	1198	210	bio1	0.000000	1.076287	0.050806
MGYG000004370__gradient_L6_resistant_starch_gapseq	1134	1198	210	bio1	0.000000	0.970024	0.050812
MGYG000004370__gradient_L7_bglucan_gapseq	1134	1198	210	bio1	0.000000	1.073319	0.050166
MGYG000004370__gradient_L8_hmo_gapseq	1134	1198	210	bio1	0.000000	0.981019	0.051078
MGYG000004370__gradient_L9_mos_gapseq	1134	1198	210	bio1	0.000000	0.941246	0.050699
MGYG000004380__gradient_L0_base_gapseq	1388	1526	354	bio1	0.000000	1.237930	0.067873
MGYG000004380__gradient_L1_inulin_gapseq	1388	1526	354	bio1	0.000000	1.327477	0.068910
MGYG000004380__gradient_L2_fos_gapseq	1388	1526	354	bio1	0.000000	1.257650	0.064321
MGYG000004380__gradient_L3_gos_gapseq	1388	1526	354	bio1	0.855061	1.357925	5.439681
MGYG000004380__gradient_L4_xos_gapseq	1388	1526	354	bio1	0.855061	1.281090	5.607919
MGYG000004380__gradient_L5_pectin_gapseq	1388	1526	354	bio1	0.855061	1.257188	5.533966
MGYG000004380__gradient_L6_resistant_starch_gapseq	1388	1526	354	bio1	1.393218	1.254621	5.394914
MGYG000004380__gradient_L7_bglucan_gapseq	1388	1526	354	bio1	1.393218	1.357531	5.427106
MGYG000004380__gradient_L8_hmo_gapseq	1388	1526	354	bio1	1.393218	1.367762	5.399384
MGYG000004380__gradient_L9_mos_gapseq	1388	1526	354	bio1	1.393218	1.249362	5.584140
MGYG000004382__gradient_L0_base_gapseq	1348	1473	380	bio1	0.000000	1.215025	0.065439
MGYG000004382__gradient_L1_inulin_gapseq	1348	1473	380	bio1	0.000000	1.326245	0.073944
MGYG000004382__gradient_L2_fos_gapseq	1348	1473	380	bio1	0.000000	1.219602	0.073744
MGYG000004382__gradient_L3_gos_gapseq	1348	1473	380	bio1	0.724615	1.298374	5.540062
MGYG000004382__gradient_L4_xos_gapseq	1348	1473	380	bio1	0.724615	1.234338	5.667128
MGYG000004382__gradient_L5_pectin_gapseq	1348	1473	380	bio1	0.724615	1.225029	5.456507
MGYG000004382__gradient_L6_resistant_starch_gapseq	1348	1473	380	bio1	1.224751	1.310112	5.442324
MGYG000004382__gradient_L7_bglucan_gapseq	1348	1473	380	bio1	1.224751	1.319660	5.465030
MGYG000004382__gradient_L8_hmo_gapseq	1348	1473	380	bio1	1.224751	1.207051	5.523965
MGYG000004382__gradient_L9_mos_gapseq	1348	1473	380	bio1	1.224751	1.314367	5.484903
MGYG000004393__gradient_L0_base_gapseq	648	633	83	bio1	0.000000	0.602772	0.016381
MGYG000004393__gradient_L1_inulin_gapseq	648	633	83	bio1	0.000000	0.485827	0.021477
MGYG000004393__gradient_L2_fos_gapseq	648	633	83	bio1	0.000000	0.480544	0.017441
MGYG000004393__gradient_L3_gos_gapseq	648	633	83	bio1	0.000000	0.478753	0.021535
MGYG000004393__gradient_L4_xos_gapseq	648	633	83	bio1	0.000000	0.479236	0.022743
MGYG000004393__gradient_L5_pectin_gapseq	648	633	83	bio1	0.000000	0.578041	0.021216
MGYG000004393__gradient_L6_resistant_starch_gapseq	648	633	83	bio1	0.000000	0.480855	0.016620
MGYG000004393__gradient_L7_bglucan_gapseq	648	633	83	bio1	0.000000	0.472897	0.016487
MGYG000004393__gradient_L8_hmo_gapseq	648	633	83	bio1	0.000000	0.490050	0.021865
MGYG000004393__gradient_L9_mos_gapseq	648	633	83	bio1	0.000000	0.486053	0.019465
MGYG000004425__gradient_L0_base_gapseq	874	960	174	bio1	0.000000	0.733412	0.033802
MGYG000004425__gradient_L1_inulin_gapseq	874	960	174	bio1	0.000000	0.741810	0.037498
MGYG000004425__gradient_L2_fos_gapseq	874	960	174	bio1	0.000000	0.849797	0.036007
MGYG000004425__gradient_L3_gos_gapseq	874	960	174	bio1	0.423509	0.745287	2.422224
MGYG000004425__gradient_L4_xos_gapseq	874	960	174	bio1	0.423509	0.765492	2.478004
MGYG000004425__gradient_L5_pectin_gapseq	874	960	174	bio1	0.473069	0.745040	2.342204
MGYG000004425__gradient_L6_resistant_starch_gapseq	874	960	174	bio1	1.083716	0.730431	2.379658
MGYG000004425__gradient_L7_bglucan_gapseq	874	960	174	bio1	1.083716	0.847490	2.346507
MGYG000004425__gradient_L8_hmo_gapseq	874	960	174	bio1	1.083716	0.750500	2.358826
MGYG000004425__gradient_L9_mos_gapseq	874	960	174	bio1	1.186316	0.840620	2.355184
MGYG000004435__gradient_L0_base_gapseq	840	876	188	bio1	0.000000	0.659614	0.156698
MGYG000004435__gradient_L1_inulin_gapseq	840	876	188	bio1	0.000000	0.670258	0.028455
MGYG000004435__gradient_L2_fos_gapseq	840	876	188	bio1	0.000000	0.680770	0.030974
MGYG000004435__gradient_L3_gos_gapseq	840	876	188	bio1	0.033653	0.677647	2.028124
MGYG000004435__gradient_L4_xos_gapseq	840	876	188	bio1	0.033653	0.911877	1.970111
MGYG000004435__gradient_L5_pectin_gapseq	840	876	188	bio1	0.047117	0.671175	1.963571
MGYG000004435__gradient_L6_resistant_starch_gapseq	840	876	188	bio1	0.047117	0.686997	2.075536
MGYG000004435__gradient_L7_bglucan_gapseq	840	876	188	bio1	0.047117	0.664925	1.963299
MGYG000004435__gradient_L8_hmo_gapseq	840	876	188	bio1	0.047558	0.678240	1.964736
MGYG000004435__gradient_L9_mos_gapseq	840	876	188	bio1	0.047558	0.761879	1.952903
MGYG000004456__gradient_L0_base_gapseq	1360	1612	421	bio1	0.000000	1.294736	0.072010
MGYG000004456__gradient_L1_inulin_gapseq	1360	1612	421	bio1	0.000000	1.383851	0.072543
MGYG000004456__gradient_L2_fos_gapseq	1360	1612	421	bio1	0.000000	1.273789	0.071730
MGYG000004456__gradient_L3_gos_gapseq	1360	1612	421	bio1	0.889086	1.397106	6.160448
MGYG000004456__gradient_L4_xos_gapseq	1360	1612	421	bio1	0.951764	1.260060	6.374540
MGYG000004456__gradient_L5_pectin_gapseq	1360	1612	421	bio1	0.984263	1.305148	6.394541
MGYG000004456__gradient_L6_resistant_starch_gapseq	1360	1612	421	bio1	1.450865	1.269439	6.267996
MGYG000004456__gradient_L7_bglucan_gapseq	1360	1612	421	bio1	1.611041	1.394220	6.131958
MGYG000004456__gradient_L8_hmo_gapseq	1360	1612	421	bio1	1.611041	1.353818	6.214259
MGYG000004456__gradient_L9_mos_gapseq	1360	1612	421	bio1	1.713183	1.278003	6.368323
MGYG000004476__gradient_L0_base_gapseq	1005	1057	218	bio1	0.000000	0.821798	0.038674
MGYG000004476__gradient_L1_inulin_gapseq	1005	1057	218	bio1	0.573897	0.913251	2.783639
MGYG000004476__gradient_L2_fos_gapseq	1005	1057	218	bio1	0.573897	0.844180	2.790886
MGYG000004476__gradient_L3_gos_gapseq	1005	1057	218	bio1	0.679849	0.942760	2.785326
MGYG000004476__gradient_L4_xos_gapseq	1005	1057	218	bio1	0.679849	0.818159	2.770592
MGYG000004476__gradient_L5_pectin_gapseq	1005	1057	218	bio1	0.679849	0.931385	2.828326
MGYG000004476__gradient_L6_resistant_starch_gapseq	1005	1057	218	bio1	1.431344	0.829129	2.786746
MGYG000004476__gradient_L7_bglucan_gapseq	1005	1057	218	bio1	1.431344	0.821449	2.894648
MGYG000004476__gradient_L8_hmo_gapseq	1005	1057	218	bio1	1.431344	0.836434	2.792055
MGYG000004476__gradient_L9_mos_gapseq	1005	1057	218	bio1	1.565468	0.837348	2.890151
MGYG000004478__gradient_L0_base_gapseq	1162	1252	258	bio1	0.278374	1.019984	3.889888
MGYG000004478__gradient_L1_inulin_gapseq	1162	1252	258	bio1	0.422054	1.101459	3.871242
MGYG000004478__gradient_L2_fos_gapseq	1162	1252	258	bio1	0.422054	1.023152	3.971701
MGYG000004478__gradient_L3_gos_gapseq	1162	1252	258	bio1	0.422054	1.002568	3.976542
MGYG000004478__gradient_L4_xos_gapseq	1162	1252	258	bio1	0.422054	1.111535	3.896857
MGYG000004478__gradient_L5_pectin_gapseq	1162	1252	258	bio1	0.422054	1.022499	3.846763
MGYG000004478__gradient_L6_resistant_starch_gapseq	1162	1252	258	bio1	1.043910	1.105933	3.865084
MGYG000004478__gradient_L7_bglucan_gapseq	1162	1252	258	bio1	1.043910	1.018398	3.948078
MGYG000004478__gradient_L8_hmo_gapseq	1162	1252	258	bio1	1.043910	1.017296	3.905288
MGYG000004478__gradient_L9_mos_gapseq	1162	1252	258	bio1	1.043910	1.077543	3.886978
MGYG000004487__gradient_L0_base_gapseq	1133	1250	280	bio1	0.000000	1.014397	0.050215
MGYG000004487__gradient_L1_inulin_gapseq	1133	1250	280	bio1	0.000000	1.111592	0.061601
MGYG000004487__gradient_L2_fos_gapseq	1133	1250	280	bio1	0.000000	1.019527	0.059169
MGYG000004487__gradient_L3_gos_gapseq	1133	1250	280	bio1	0.000000	1.024032	0.053450
MGYG000004487__gradient_L4_xos_gapseq	1133	1250	280	bio1	0.000000	1.108596	0.059642
MGYG000004487__gradient_L5_pectin_gapseq	1133	1250	280	bio1	0.000000	1.023113	0.052497
MGYG000004487__gradient_L6_resistant_starch_gapseq	1133	1250	280	bio1	0.000000	1.132200	0.057474
MGYG000004487__gradient_L7_bglucan_gapseq	1133	1250	280	bio1	0.000000	1.042969	0.053014
MGYG000004487__gradient_L8_hmo_gapseq	1133	1250	280	bio1	0.000000	1.020556	0.066471
MGYG000004487__gradient_L9_mos_gapseq	1133	1250	280	bio1	0.000000	1.137096	0.052622
MGYG000004490__gradient_L0_base_gapseq	1337	1532	405	bio1	0.256639	1.242624	5.957504
MGYG000004490__gradient_L1_inulin_gapseq	1337	1532	405	bio1	0.366119	1.248108	5.715197
MGYG000004490__gradient_L2_fos_gapseq	1337	1532	405	bio1	0.366119	1.305892	5.666909
MGYG000004490__gradient_L3_gos_gapseq	1337	1532	405	bio1	0.436365	1.305570	5.804148
MGYG000004490__gradient_L4_xos_gapseq	1337	1532	405	bio1	0.528801	1.260876	5.856851
MGYG000004490__gradient_L5_pectin_gapseq	1337	1532	405	bio1	0.560712	1.247851	5.734133
MGYG000004490__gradient_L6_resistant_starch_gapseq	1337	1532	405	bio1	0.818279	1.321939	5.745267
MGYG000004490__gradient_L7_bglucan_gapseq	1337	1532	405	bio1	0.975555	1.334747	5.715362
MGYG000004490__gradient_L8_hmo_gapseq	1337	1532	405	bio1	0.975555	1.261454	5.813356
MGYG000004490__gradient_L9_mos_gapseq	1337	1532	405	bio1	1.075847	1.309018	5.795394
MGYG000004495__gradient_L0_base_gapseq	1441	1693	398	bio1	0.000000	1.363978	0.101269
MGYG000004495__gradient_L1_inulin_gapseq	1441	1693	398	bio1	0.000000	1.440423	0.092707
MGYG000004495__gradient_L2_fos_gapseq	1441	1693	398	bio1	0.000000	1.339988	0.092592
MGYG000004495__gradient_L3_gos_gapseq	1441	1693	398	bio1	0.000000	1.451082	0.098972
MGYG000004495__gradient_L4_xos_gapseq	1441	1693	398	bio1	0.000000	1.374895	0.094312
MGYG000004495__gradient_L5_pectin_gapseq	1441	1693	398	bio1	0.000000	1.490097	0.095477
MGYG000004495__gradient_L6_resistant_starch_gapseq	1441	1693	398	bio1	1.094486	1.378908	6.802453
MGYG000004495__gradient_L7_bglucan_gapseq	1441	1693	398	bio1	1.280772	1.363786	6.969462
MGYG000004495__gradient_L8_hmo_gapseq	1441	1693	398	bio1	1.280772	1.358127	6.710771
MGYG000004495__gradient_L9_mos_gapseq	1441	1693	398	bio1	1.398757	1.437912	6.708595
MGYG000004498__gradient_L0_base_gapseq	821	866	152	bio1	0.042507	0.664907	1.890482
MGYG000004498__gradient_L1_inulin_gapseq	821	866	152	bio1	0.163882	0.771062	1.896096
MGYG000004498__gradient_L2_fos_gapseq	821	866	152	bio1	0.163882	0.668502	1.899277
MGYG000004498__gradient_L3_gos_gapseq	821	866	152	bio1	0.220074	0.660037	1.883870
MGYG000004498__gradient_L4_xos_gapseq	821	866	152	bio1	0.220074	0.759016	1.893754
MGYG000004498__gradient_L5_pectin_gapseq	821	866	152	bio1	0.220074	0.675134	1.883526
MGYG000004498__gradient_L6_resistant_starch_gapseq	821	866	152	bio1	0.220074	0.661861	2.073785
MGYG000004498__gradient_L7_bglucan_gapseq	821	866	152	bio1	0.220074	0.658845	1.895767
MGYG000004498__gradient_L8_hmo_gapseq	821	866	152	bio1	0.220074	0.702912	1.882899
MGYG000004498__gradient_L9_mos_gapseq	821	866	152	bio1	0.220074	0.722242	1.896585
MGYG000004501__gradient_L0_base_gapseq	1161	1280	286	bio1	0.000000	1.108962	0.045841
MGYG000004501__gradient_L1_inulin_gapseq	1161	1280	286	bio1	0.000000	1.016608	0.057145
MGYG000004501__gradient_L2_fos_gapseq	1161	1280	286	bio1	0.000000	1.088115	0.056136
MGYG000004501__gradient_L3_gos_gapseq	1161	1280	286	bio1	0.477433	1.012746	4.124757
MGYG000004501__gradient_L4_xos_gapseq	1161	1280	286	bio1	0.490454	1.118253	4.184935
MGYG000004501__gradient_L5_pectin_gapseq	1161	1280	286	bio1	0.490454	1.037484	4.297342
MGYG000004501__gradient_L6_resistant_starch_gapseq	1161	1280	286	bio1	0.594624	1.023543	4.131155
MGYG000004501__gradient_L7_bglucan_gapseq	1161	1280	286	bio1	0.594624	1.032088	4.293730
MGYG000004501__gradient_L8_hmo_gapseq	1161	1280	286	bio1	0.594624	1.019724	4.133431
MGYG000004501__gradient_L9_mos_gapseq	1161	1280	286	bio1	0.594624	1.108929	4.119794
MGYG000004509__gradient_L0_base_gapseq	789	743	100	bio1	0.000000	0.602744	0.023022
MGYG000004509__gradient_L1_inulin_gapseq	789	743	100	bio1	0.152237	0.583944	1.488523
MGYG000004509__gradient_L2_fos_gapseq	789	743	100	bio1	0.152237	0.577071	1.526809
MGYG000004509__gradient_L3_gos_gapseq	789	743	100	bio1	0.152237	0.690436	1.474867
MGYG000004509__gradient_L4_xos_gapseq	789	743	100	bio1	0.152237	0.576288	1.500512
MGYG000004509__gradient_L5_pectin_gapseq	789	743	100	bio1	0.152237	0.597197	1.494396
MGYG000004509__gradient_L6_resistant_starch_gapseq	789	743	100	bio1	0.152237	0.668755	1.473487
MGYG000004509__gradient_L7_bglucan_gapseq	789	743	100	bio1	0.152237	0.586193	1.517612
MGYG000004509__gradient_L8_hmo_gapseq	789	743	100	bio1	0.152237	0.588263	1.493274
MGYG000004509__gradient_L9_mos_gapseq	789	743	100	bio1	0.152237	0.668308	1.503643
MGYG000004525__gradient_L0_base_gapseq	1160	1314	287	bio1	0.000000	1.098675	0.057056
MGYG000004525__gradient_L1_inulin_gapseq	1160	1314	287	bio1	0.000000	1.141947	0.060426
MGYG000004525__gradient_L2_fos_gapseq	1160	1314	287	bio1	0.000000	1.063407	0.062754
MGYG000004525__gradient_L3_gos_gapseq	1160	1314	287	bio1	0.000000	1.065838	0.078046
MGYG000004525__gradient_L4_xos_gapseq	1160	1314	287	bio1	0.847724	1.174782	4.199744
MGYG000004525__gradient_L5_pectin_gapseq	1160	1314	287	bio1	0.847724	1.083035	4.331895
MGYG000004525__gradient_L6_resistant_starch_gapseq	1160	1314	287	bio1	1.404565	1.047414	4.186383
MGYG000004525__gradient_L7_bglucan_gapseq	1160	1314	287	bio1	1.404565	1.171919	4.220180
MGYG000004525__gradient_L8_hmo_gapseq	1160	1314	287	bio1	1.404565	1.053597	4.394401
MGYG000004525__gradient_L9_mos_gapseq	1160	1314	287	bio1	1.404565	1.071359	4.223134
MGYG000004527__gradient_L0_base_gapseq	728	672	93	bio1	0.000000	0.533488	0.017461
MGYG000004527__gradient_L1_inulin_gapseq	728	672	93	bio1	0.000000	0.528640	0.022980
MGYG000004527__gradient_L2_fos_gapseq	728	672	93	bio1	0.000000	0.528272	0.022148
MGYG000004527__gradient_L3_gos_gapseq	728	672	93	bio1	0.000000	0.648480	0.022633
MGYG000004527__gradient_L4_xos_gapseq	728	672	93	bio1	0.000000	0.522878	0.017590
MGYG000004527__gradient_L5_pectin_gapseq	728	672	93	bio1	0.000000	0.527156	0.022834
MGYG000004527__gradient_L6_resistant_starch_gapseq	728	672	93	bio1	0.000000	0.525151	0.017621
MGYG000004527__gradient_L7_bglucan_gapseq	728	672	93	bio1	0.000000	0.539590	0.018172
MGYG000004527__gradient_L8_hmo_gapseq	728	672	93	bio1	0.000000	0.526280	0.129109
MGYG000004527__gradient_L9_mos_gapseq	728	672	93	bio1	0.000000	0.533038	0.017621
MGYG000004529__gradient_L0_base_gapseq	1120	1197	219	bio1	0.000000	0.957229	0.043817
MGYG000004529__gradient_L1_inulin_gapseq	1120	1197	219	bio1	0.136333	1.070581	3.636181
MGYG000004529__gradient_L2_fos_gapseq	1120	1197	219	bio1	0.136333	0.970859	3.595699
MGYG000004529__gradient_L3_gos_gapseq	1120	1197	219	bio1	0.136333	1.078700	3.602412
MGYG000004529__gradient_L4_xos_gapseq	1120	1197	219	bio1	0.136333	0.970582	3.713037
MGYG000004529__gradient_L5_pectin_gapseq	1120	1197	219	bio1	0.136333	0.984875	3.593581
MGYG000004529__gradient_L6_resistant_starch_gapseq	1120	1197	219	bio1	0.175288	0.965132	3.813544
MGYG000004529__gradient_L7_bglucan_gapseq	1120	1197	219	bio1	0.175288	0.961894	3.614006
MGYG000004529__gradient_L8_hmo_gapseq	1120	1197	219	bio1	0.175288	1.093532	3.605348
MGYG000004529__gradient_L9_mos_gapseq	1120	1197	219	bio1	0.214243	0.975485	3.621481
MGYG000004532__gradient_L0_base_gapseq	1273	1359	294	bio1	0.000000	1.115627	0.052625
MGYG000004532__gradient_L1_inulin_gapseq	1273	1359	294	bio1	0.000000	1.172908	0.052709
MGYG000004532__gradient_L2_fos_gapseq	1273	1359	294	bio1	0.000000	1.111155	0.059030
MGYG000004532__gradient_L3_gos_gapseq	1273	1359	294	bio1	0.646879	1.075017	4.682550
MGYG000004532__gradient_L4_xos_gapseq	1273	1359	294	bio1	0.646879	1.081210	4.590896
MGYG000004532__gradient_L5_pectin_gapseq	1273	1359	294	bio1	0.646879	1.215554	4.588624
MGYG000004532__gradient_L6_resistant_starch_gapseq	1273	1359	294	bio1	0.712744	1.090982	4.706591
MGYG000004532__gradient_L7_bglucan_gapseq	1273	1359	294	bio1	0.712744	1.089258	4.596577
MGYG000004532__gradient_L8_hmo_gapseq	1273	1359	294	bio1	0.712744	1.217980	4.598758
MGYG000004532__gradient_L9_mos_gapseq	1273	1359	294	bio1	0.712744	1.114402	4.682223
MGYG000004533__gradient_L0_base_gapseq	1086	1107	169	bio1	0.000000	0.858357	0.049554
MGYG000004533__gradient_L1_inulin_gapseq	1086	1107	169	bio1	0.278071	0.897760	3.257551
MGYG000004533__gradient_L2_fos_gapseq	1086	1107	169	bio1	0.278071	0.893590	3.122402
MGYG000004533__gradient_L3_gos_gapseq	1086	1107	169	bio1	0.278071	0.878769	3.184158
MGYG000004533__gradient_L4_xos_gapseq	1086	1107	169	bio1	0.278071	0.855896	3.138421
MGYG000004533__gradient_L5_pectin_gapseq	1086	1107	169	bio1	0.278071	0.870731	3.220567
MGYG000004533__gradient_L6_resistant_starch_gapseq	1086	1107	169	bio1	0.733316	0.944556	3.091287
MGYG000004533__gradient_L7_bglucan_gapseq	1086	1107	169	bio1	0.733316	0.880110	3.199940
MGYG000004533__gradient_L8_hmo_gapseq	1086	1107	169	bio1	0.733316	0.888061	3.119045
MGYG000004533__gradient_L9_mos_gapseq	1086	1107	169	bio1	0.733316	0.867646	3.238047
MGYG000004535__gradient_L0_base_gapseq	933	1015	202	bio1	0.382605	0.903883	2.536113
MGYG000004535__gradient_L1_inulin_gapseq	933	1015	202	bio1	0.528363	0.778453	2.532343
MGYG000004535__gradient_L2_fos_gapseq	933	1015	202	bio1	0.528363	0.879952	2.553904
MGYG000004535__gradient_L3_gos_gapseq	933	1015	202	bio1	0.828989	0.795345	2.520983
MGYG000004535__gradient_L4_xos_gapseq	933	1015	202	bio1	0.828989	0.871604	2.501562
MGYG000004535__gradient_L5_pectin_gapseq	933	1015	202	bio1	0.883648	0.828852	2.566863
MGYG000004535__gradient_L6_resistant_starch_gapseq	933	1015	202	bio1	0.992967	0.799291	2.641293
MGYG000004535__gradient_L7_bglucan_gapseq	933	1015	202	bio1	0.992967	0.809974	2.536446
MGYG000004535__gradient_L8_hmo_gapseq	933	1015	202	bio1	0.994383	0.795504	2.643396
MGYG000004535__gradient_L9_mos_gapseq	933	1015	202	bio1	0.994383	0.820559	2.520956
MGYG000004537__gradient_L0_base_gapseq	956	953	138	bio1	0.000000	0.748628	0.022168
MGYG000004537__gradient_L1_inulin_gapseq	956	953	138	bio1	0.000000	0.844054	0.024304
MGYG000004537__gradient_L2_fos_gapseq	956	953	138	bio1	0.000000	0.756057	0.028762
MGYG000004537__gradient_L3_gos_gapseq	956	953	138	bio1	0.000000	0.748876	0.030627
MGYG000004537__gradient_L4_xos_gapseq	956	953	138	bio1	0.000000	0.757286	0.024167
MGYG000004537__gradient_L5_pectin_gapseq	956	953	138	bio1	0.000000	0.858096	0.030565
MGYG000004537__gradient_L6_resistant_starch_gapseq	956	953	138	bio1	0.000000	0.755530	0.025466
MGYG000004537__gradient_L7_bglucan_gapseq	956	953	138	bio1	0.000000	0.754912	0.025784
MGYG000004537__gradient_L8_hmo_gapseq	956	953	138	bio1	0.000000	0.847087	0.029727
MGYG000004537__gradient_L9_mos_gapseq	956	953	138	bio1	0.000000	0.758380	0.031064
MGYG000004542__gradient_L0_base_gapseq	1177	1318	336	bio1	0.830899	1.057326	4.507933
MGYG000004542__gradient_L1_inulin_gapseq	1177	1318	336	bio1	1.123964	1.073118	4.358476
MGYG000004542__gradient_L2_fos_gapseq	1177	1318	336	bio1	1.123964	1.138733	4.349946
MGYG000004542__gradient_L3_gos_gapseq	1177	1318	336	bio1	1.420100	1.068666	4.450645
MGYG000004542__gradient_L4_xos_gapseq	1177	1318	336	bio1	1.420100	1.071275	4.334744
MGYG000004542__gradient_L5_pectin_gapseq	1177	1318	336	bio1	1.420100	1.145516	4.452511
MGYG000004542__gradient_L6_resistant_starch_gapseq	1177	1318	336	bio1	2.041539	1.081943	4.466881
MGYG000004542__gradient_L7_bglucan_gapseq	1177	1318	336	bio1	2.041539	1.046064	4.394404
MGYG000004542__gradient_L8_hmo_gapseq	1177	1318	336	bio1	2.041539	1.189077	4.322350
MGYG000004542__gradient_L9_mos_gapseq	1177	1318	336	bio1	2.185120	1.070927	4.350642
MGYG000004553__gradient_L0_base_gapseq	1149	1299	311	bio1	0.397554	1.027203	4.152926
MGYG000004553__gradient_L1_inulin_gapseq	1149	1299	311	bio1	0.555265	1.112590	4.157975
MGYG000004553__gradient_L2_fos_gapseq	1149	1299	311	bio1	0.555265	1.045187	4.119157
MGYG000004553__gradient_L3_gos_gapseq	1149	1299	311	bio1	0.703120	1.155175	4.222371
MGYG000004553__gradient_L4_xos_gapseq	1149	1299	311	bio1	0.703120	1.040713	4.283540
MGYG000004553__gradient_L5_pectin_gapseq	1149	1299	311	bio1	0.703120	1.060725	4.146946
MGYG000004553__gradient_L6_resistant_starch_gapseq	1149	1299	311	bio1	1.029289	1.134277	4.196623
MGYG000004553__gradient_L7_bglucan_gapseq	1149	1299	311	bio1	1.133482	1.063619	4.233930
MGYG000004553__gradient_L8_hmo_gapseq	1149	1299	311	bio1	1.133482	1.020205	4.161103
MGYG000004553__gradient_L9_mos_gapseq	1149	1299	311	bio1	1.209259	1.118415	4.149588
MGYG000004557__gradient_L0_base_gapseq	1193	1332	377	bio1	0.000000	1.179663	0.050869
MGYG000004557__gradient_L1_inulin_gapseq	1193	1332	377	bio1	0.000000	1.085509	0.057230
MGYG000004557__gradient_L2_fos_gapseq	1193	1332	377	bio1	0.000000	1.149754	0.054008
MGYG000004557__gradient_L3_gos_gapseq	1193	1332	377	bio1	0.000000	1.065983	0.053238
MGYG000004557__gradient_L4_xos_gapseq	1193	1332	377	bio1	0.288870	1.072677	4.470612
MGYG000004557__gradient_L5_pectin_gapseq	1193	1332	377	bio1	0.288870	1.064153	4.342058
MGYG000004557__gradient_L6_resistant_starch_gapseq	1193	1332	377	bio1	0.288870	1.208907	4.462774
MGYG000004557__gradient_L7_bglucan_gapseq	1193	1332	377	bio1	0.288870	1.099848	4.529511
MGYG000004557__gradient_L8_hmo_gapseq	1193	1332	377	bio1	0.288870	1.090407	4.354721
MGYG000004557__gradient_L9_mos_gapseq	1193	1332	377	bio1	0.288870	1.200568	4.353021
MGYG000004559__gradient_L0_base_gapseq	1251	1376	262	bio1	0.786679	1.211465	4.592235
MGYG000004559__gradient_L1_inulin_gapseq	1251	1376	262	bio1	0.959381	1.129538	4.800347
MGYG000004559__gradient_L2_fos_gapseq	1251	1376	262	bio1	0.959381	1.122529	4.632592
MGYG000004559__gradient_L3_gos_gapseq	1251	1376	262	bio1	1.084806	1.242690	4.635092
MGYG000004559__gradient_L4_xos_gapseq	1251	1376	262	bio1	1.084806	1.167942	4.716769
MGYG000004559__gradient_L5_pectin_gapseq	1251	1376	262	bio1	1.084806	1.142102	4.615786
MGYG000004559__gradient_L6_resistant_starch_gapseq	1251	1376	262	bio1	1.509491	1.222671	4.659068
MGYG000004559__gradient_L7_bglucan_gapseq	1251	1376	262	bio1	1.509491	1.121419	4.719561
MGYG000004559__gradient_L8_hmo_gapseq	1251	1376	262	bio1	1.509491	1.098021	4.627020
MGYG000004559__gradient_L9_mos_gapseq	1251	1376	262	bio1	1.676724	1.224004	4.603364
MGYG000004563__gradient_L0_base_gapseq	982	910	304	bio1	0.000000	0.765404	0.028324
MGYG000004563__gradient_L1_inulin_gapseq	982	910	304	bio1	0.000000	0.761232	0.026847
MGYG000004563__gradient_L2_fos_gapseq	982	910	304	bio1	0.000000	0.751377	0.022033
MGYG000004563__gradient_L3_gos_gapseq	982	910	304	bio1	0.000000	0.827835	0.028303
MGYG000004563__gradient_L4_xos_gapseq	982	910	304	bio1	0.000000	0.750049	0.027197
MGYG000004563__gradient_L5_pectin_gapseq	982	910	304	bio1	0.000000	0.729712	0.026783
MGYG000004563__gradient_L6_resistant_starch_gapseq	982	910	304	bio1	0.000000	0.843072	0.027980
MGYG000004563__gradient_L7_bglucan_gapseq	982	910	304	bio1	0.000000	0.745063	0.026881
MGYG000004563__gradient_L8_hmo_gapseq	982	910	304	bio1	0.000000	0.762998	0.027234
MGYG000004563__gradient_L9_mos_gapseq	982	910	304	bio1	0.000000	0.852730	0.026590
MGYG000004565__gradient_L0_base_gapseq	1105	1213	288	bio1	0.247282	0.953526	3.619711
MGYG000004565__gradient_L1_inulin_gapseq	1105	1213	288	bio1	0.326415	0.966546	3.662447
MGYG000004565__gradient_L2_fos_gapseq	1105	1213	288	bio1	0.326415	1.028876	3.580047
MGYG000004565__gradient_L3_gos_gapseq	1105	1213	288	bio1	0.326415	1.005887	3.571635
MGYG000004565__gradient_L4_xos_gapseq	1105	1213	288	bio1	0.326415	1.057163	3.553100
MGYG000004565__gradient_L5_pectin_gapseq	1105	1213	288	bio1	0.326415	1.002331	3.651995
MGYG000004565__gradient_L6_resistant_starch_gapseq	1105	1213	288	bio1	0.684989	0.974451	3.550180
MGYG000004565__gradient_L7_bglucan_gapseq	1105	1213	288	bio1	0.684989	1.021322	3.586831
MGYG000004565__gradient_L8_hmo_gapseq	1105	1213	288	bio1	0.684989	0.969021	3.558251
MGYG000004565__gradient_L9_mos_gapseq	1105	1213	288	bio1	0.684989	1.052668	3.555380
MGYG000004569__gradient_L0_base_gapseq	1093	1191	233	bio1	0.000000	0.948027	0.047049
MGYG000004569__gradient_L1_inulin_gapseq	1093	1191	233	bio1	0.000000	0.939089	0.044877
MGYG000004569__gradient_L2_fos_gapseq	1093	1191	233	bio1	0.000000	1.017005	0.056770
MGYG000004569__gradient_L3_gos_gapseq	1093	1191	233	bio1	0.363337	0.932497	3.638024
MGYG000004569__gradient_L4_xos_gapseq	1093	1191	233	bio1	0.363337	1.035099	3.510690
MGYG000004569__gradient_L5_pectin_gapseq	1093	1191	233	bio1	0.363337	0.936905	3.709500
MGYG000004569__gradient_L6_resistant_starch_gapseq	1093	1191	233	bio1	0.426527	0.922009	3.604865
MGYG000004569__gradient_L7_bglucan_gapseq	1093	1191	233	bio1	0.578181	0.995877	3.580402
MGYG000004569__gradient_L8_hmo_gapseq	1093	1191	233	bio1	0.578181	0.953119	3.551036
MGYG000004569__gradient_L9_mos_gapseq	1093	1191	233	bio1	0.679274	1.042040	3.576983
MGYG000004576__gradient_L0_base_gapseq	1047	1178	218	bio1	0.000000	0.945904	0.043939
MGYG000004576__gradient_L1_inulin_gapseq	1047	1178	218	bio1	0.000000	0.974662	0.045033
MGYG000004576__gradient_L2_fos_gapseq	1047	1178	218	bio1	0.000000	1.038494	0.045620
MGYG000004576__gradient_L3_gos_gapseq	1047	1178	218	bio1	0.000000	0.921226	0.048178
MGYG000004576__gradient_L4_xos_gapseq	1047	1178	218	bio1	0.883319	1.025911	3.513197
MGYG000004576__gradient_L5_pectin_gapseq	1047	1178	218	bio1	0.883319	0.944078	3.503703
MGYG000004576__gradient_L6_resistant_starch_gapseq	1047	1178	218	bio1	0.994383	1.094651	3.561478
MGYG000004576__gradient_L7_bglucan_gapseq	1047	1178	218	bio1	0.994383	0.921065	3.503062
MGYG000004576__gradient_L8_hmo_gapseq	1047	1178	218	bio1	0.994383	1.030080	3.487108
MGYG000004576__gradient_L9_mos_gapseq	1047	1178	218	bio1	0.994383	0.921630	3.595238
MGYG000004589__gradient_L0_base_gapseq	1180	1358	355	bio1	0.000000	1.085391	0.058230
MGYG000004589__gradient_L1_inulin_gapseq	1180	1358	355	bio1	0.000000	1.187933	0.054216
MGYG000004589__gradient_L2_fos_gapseq	1180	1358	355	bio1	0.000000	1.084371	0.060175
MGYG000004589__gradient_L3_gos_gapseq	1180	1358	355	bio1	0.000000	1.083403	0.059513
MGYG000004589__gradient_L4_xos_gapseq	1180	1358	355	bio1	0.590858	1.196358	4.541973
MGYG000004589__gradient_L5_pectin_gapseq	1180	1358	355	bio1	0.590858	1.220428	4.507282
MGYG000004589__gradient_L6_resistant_starch_gapseq	1180	1358	355	bio1	1.180866	1.075903	4.526598
MGYG000004589__gradient_L7_bglucan_gapseq	1180	1358	355	bio1	1.385376	1.253489	4.516178
MGYG000004589__gradient_L8_hmo_gapseq	1180	1358	355	bio1	1.385376	1.172035	4.509483
MGYG000004589__gradient_L9_mos_gapseq	1180	1358	355	bio1	1.385376	1.105907	4.483675
MGYG000004592__gradient_L0_base_gapseq	1229	1256	262	bio1	0.000000	1.019014	0.053133
MGYG000004592__gradient_L1_inulin_gapseq	1229	1256	262	bio1	0.000000	1.127980	0.048919
MGYG000004592__gradient_L2_fos_gapseq	1229	1256	262	bio1	0.000000	1.025931	0.055469
MGYG000004592__gradient_L3_gos_gapseq	1229	1256	262	bio1	0.000000	1.109805	0.048877
MGYG000004592__gradient_L4_xos_gapseq	1229	1256	262	bio1	0.000000	1.028694	0.048824
MGYG000004592__gradient_L5_pectin_gapseq	1229	1256	262	bio1	0.000000	1.116215	0.050563
MGYG000004592__gradient_L6_resistant_starch_gapseq	1229	1256	262	bio1	0.357703	1.024687	3.984733
MGYG000004592__gradient_L7_bglucan_gapseq	1229	1256	262	bio1	0.548326	1.168763	3.957315
MGYG000004592__gradient_L8_hmo_gapseq	1229	1256	262	bio1	0.548326	1.026011	3.931881
MGYG000004592__gradient_L9_mos_gapseq	1229	1256	262	bio1	0.548326	1.134234	3.946386
MGYG000004612__gradient_L0_base_gapseq	1308	1467	339	bio1	0.000000	1.302441	0.062812
MGYG000004612__gradient_L1_inulin_gapseq	1308	1467	339	bio1	0.000000	1.190834	0.063333
MGYG000004612__gradient_L2_fos_gapseq	1308	1467	339	bio1	0.000000	1.250014	0.062795
MGYG000004612__gradient_L3_gos_gapseq	1308	1467	339	bio1	0.000000	1.196816	0.064658
MGYG000004612__gradient_L4_xos_gapseq	1308	1467	339	bio1	1.066317	1.286599	5.247364
MGYG000004612__gradient_L5_pectin_gapseq	1308	1467	339	bio1	1.066317	1.314123	5.243534
MGYG000004612__gradient_L6_resistant_starch_gapseq	1308	1467	339	bio1	1.794591	1.178513	5.397716
MGYG000004612__gradient_L7_bglucan_gapseq	1308	1467	339	bio1	2.038740	1.192346	5.288133
MGYG000004612__gradient_L8_hmo_gapseq	1308	1467	339	bio1	2.038740	1.261870	5.358341
MGYG000004612__gradient_L9_mos_gapseq	1308	1467	339	bio1	2.172292	1.298350	5.366868
MGYG000004616__gradient_L0_base_gapseq	1201	1336	291	bio1	0.000000	1.077286	0.056399
MGYG000004616__gradient_L1_inulin_gapseq	1201	1336	291	bio1	0.000000	1.150227	0.056092
MGYG000004616__gradient_L2_fos_gapseq	1201	1336	291	bio1	0.000000	1.066503	0.056144
MGYG000004616__gradient_L3_gos_gapseq	1201	1336	291	bio1	0.349589	1.153188	4.359181
MGYG000004616__gradient_L4_xos_gapseq	1201	1336	291	bio1	0.349589	1.079338	4.528571
MGYG000004616__gradient_L5_pectin_gapseq	1201	1336	291	bio1	0.349589	1.067252	4.344935
MGYG000004616__gradient_L6_resistant_starch_gapseq	1201	1336	291	bio1	0.349650	1.162539	4.354397
MGYG000004616__gradient_L7_bglucan_gapseq	1201	1336	291	bio1	0.349650	1.059303	4.434221
MGYG000004616__gradient_L8_hmo_gapseq	1201	1336	291	bio1	0.349650	1.200178	4.384459
MGYG000004616__gradient_L9_mos_gapseq	1201	1336	291	bio1	0.349650	1.160498	4.443000
MGYG000004633__gradient_L0_base_gapseq	1263	1434	374	bio1	0.652428	1.178966	5.154178
MGYG000004633__gradient_L1_inulin_gapseq	1263	1434	374	bio1	0.936482	1.234936	5.169167
MGYG000004633__gradient_L2_fos_gapseq	1263	1434	374	bio1	0.936482	1.157113	5.277327
MGYG000004633__gradient_L3_gos_gapseq	1263	1434	374	bio1	1.193879	1.164613	5.268751
MGYG000004633__gradient_L4_xos_gapseq	1263	1434	374	bio1	1.193879	1.164078	5.277065
MGYG000004633__gradient_L5_pectin_gapseq	1263	1434	374	bio1	1.193879	1.278601	5.194796
MGYG000004633__gradient_L6_resistant_starch_gapseq	1263	1434	374	bio1	1.782326	1.221389	5.296406
MGYG000004633__gradient_L7_bglucan_gapseq	1263	1434	374	bio1	1.782326	1.185878	5.159337
MGYG000004633__gradient_L8_hmo_gapseq	1263	1434	374	bio1	1.782326	1.268337	5.146172
MGYG000004633__gradient_L9_mos_gapseq	1263	1434	374	bio1	1.918285	1.241871	5.208559
MGYG000004637__gradient_L0_base_gapseq	1072	1117	255	bio1	0.043338	0.921407	3.078651
MGYG000004637__gradient_L1_inulin_gapseq	1072	1117	255	bio1	0.083928	1.007081	3.060647
MGYG000004637__gradient_L2_fos_gapseq	1072	1117	255	bio1	0.083928	0.915416	3.067939
MGYG000004637__gradient_L3_gos_gapseq	1072	1117	255	bio1	0.083928	1.012825	3.062583
MGYG000004637__gradient_L4_xos_gapseq	1072	1117	255	bio1	0.083928	0.908117	3.120908
MGYG000004637__gradient_L5_pectin_gapseq	1072	1117	255	bio1	0.083928	0.896962	3.050851
MGYG000004637__gradient_L6_resistant_starch_gapseq	1072	1117	255	bio1	0.083928	0.907189	3.228187
MGYG000004637__gradient_L7_bglucan_gapseq	1072	1117	255	bio1	0.083928	0.919005	3.054570
MGYG000004637__gradient_L8_hmo_gapseq	1072	1117	255	bio1	0.083928	0.903322	3.245089
MGYG000004637__gradient_L9_mos_gapseq	1072	1117	255	bio1	0.083928	0.912225	3.033698
MGYG000004652__gradient_L0_base_gapseq	1396	1665	371	bio1	0.239421	1.449813	6.332374
MGYG000004652__gradient_L1_inulin_gapseq	1396	1665	371	bio1	0.445989	1.346327	6.435493
MGYG000004652__gradient_L2_fos_gapseq	1396	1665	371	bio1	0.445989	1.333521	6.515425
MGYG000004652__gradient_L3_gos_gapseq	1396	1665	371	bio1	0.650210	1.320063	6.363931
MGYG000004652__gradient_L4_xos_gapseq	1396	1665	371	bio1	0.746688	1.526388	6.404338
MGYG000004652__gradient_L5_pectin_gapseq	1396	1665	371	bio1	0.746688	1.435260	6.315452
MGYG000004652__gradient_L6_resistant_starch_gapseq	1396	1665	371	bio1	1.194376	1.398052	6.415860
MGYG000004652__gradient_L7_bglucan_gapseq	1396	1665	371	bio1	1.340070	1.368615	6.514800
MGYG000004652__gradient_L8_hmo_gapseq	1396	1665	371	bio1	1.340070	1.314964	6.553354
MGYG000004652__gradient_L9_mos_gapseq	1396	1665	371	bio1	1.431129	1.329689	6.340282
MGYG000004655__gradient_L0_base_gapseq	1273	1414	335	bio1	0.301778	1.138285	4.946460
MGYG000004655__gradient_L1_inulin_gapseq	1273	1414	335	bio1	0.377819	1.150365	4.863043
MGYG000004655__gradient_L2_fos_gapseq	1273	1414	335	bio1	0.377819	1.316022	4.875459
MGYG000004655__gradient_L3_gos_gapseq	1273	1414	335	bio1	0.434850	1.222578	4.962292
MGYG000004655__gradient_L4_xos_gapseq	1273	1414	335	bio1	0.454454	1.152968	4.886197
MGYG000004655__gradient_L5_pectin_gapseq	1273	1414	335	bio1	0.454454	1.251449	4.870468
MGYG000004655__gradient_L6_resistant_starch_gapseq	1273	1414	335	bio1	0.651685	1.225015	4.853776
MGYG000004655__gradient_L7_bglucan_gapseq	1273	1414	335	bio1	0.772876	1.139666	5.002535
MGYG000004655__gradient_L8_hmo_gapseq	1273	1414	335	bio1	0.772876	1.163414	4.888740
MGYG000004655__gradient_L9_mos_gapseq	1273	1414	335	bio1	0.848917	1.244575	4.911730
MGYG000004663__gradient_L0_base_gapseq	1293	1389	359	bio1	0.000000	1.270737	0.059853
MGYG000004663__gradient_L1_inulin_gapseq	1293	1389	359	bio1	0.000000	1.161032	0.074093
MGYG000004663__gradient_L2_fos_gapseq	1293	1389	359	bio1	0.000000	1.227002	0.072564
MGYG000004663__gradient_L3_gos_gapseq	1293	1389	359	bio1	0.000000	1.153397	0.069428
MGYG000004663__gradient_L4_xos_gapseq	1293	1389	359	bio1	0.000000	1.274207	0.070834
MGYG000004663__gradient_L5_pectin_gapseq	1293	1389	359	bio1	0.000000	1.180982	0.078320
MGYG000004663__gradient_L6_resistant_starch_gapseq	1293	1389	359	bio1	0.000000	1.305726	0.070293
MGYG000004663__gradient_L7_bglucan_gapseq	1293	1389	359	bio1	0.000000	1.143536	0.072216
MGYG000004663__gradient_L8_hmo_gapseq	1293	1389	359	bio1	0.000000	1.260970	0.071989
MGYG000004663__gradient_L9_mos_gapseq	1293	1389	359	bio1	0.000000	1.257360	0.075210
MGYG000004733__gradient_L0_base_gapseq	1460	1699	512	bio1	0.985345	1.479398	6.856529
MGYG000004733__gradient_L1_inulin_gapseq	1460	1699	512	bio1	1.270047	1.381819	7.029217
MGYG000004733__gradient_L2_fos_gapseq	1460	1699	512	bio1	1.270047	1.391839	7.084225
MGYG000004733__gradient_L3_gos_gapseq	1460	1699	512	bio1	1.583485	1.420971	6.933407
MGYG000004733__gradient_L4_xos_gapseq	1460	1699	512	bio1	1.630168	1.398256	6.856557
MGYG000004733__gradient_L5_pectin_gapseq	1460	1699	512	bio1	1.630168	1.496637	6.874828
MGYG000004733__gradient_L6_resistant_starch_gapseq	1460	1699	512	bio1	2.245930	1.492845	6.907928
MGYG000004733__gradient_L7_bglucan_gapseq	1460	1699	512	bio1	2.452666	1.524973	6.825182
MGYG000004733__gradient_L8_hmo_gapseq	1460	1699	512	bio1	2.599382	1.384604	6.946429
MGYG000004733__gradient_L9_mos_gapseq	1460	1699	512	bio1	2.706085	1.444969	6.974607
MGYG000004736__gradient_L0_base_gapseq	1321	1439	285	bio1	0.000000	1.310846	0.068719
MGYG000004736__gradient_L1_inulin_gapseq	1321	1439	285	bio1	0.000000	1.186191	0.071841
MGYG000004736__gradient_L2_fos_gapseq	1321	1439	285	bio1	0.000000	1.308881	0.065284
MGYG000004736__gradient_L3_gos_gapseq	1321	1439	285	bio1	0.843308	1.214343	5.190003
MGYG000004736__gradient_L4_xos_gapseq	1321	1439	285	bio1	0.843308	1.418325	5.094023
MGYG000004736__gradient_L5_pectin_gapseq	1321	1439	285	bio1	0.843308	1.211322	5.192858
MGYG000004736__gradient_L6_resistant_starch_gapseq	1321	1439	285	bio1	1.564944	1.195709	5.119360
MGYG000004736__gradient_L7_bglucan_gapseq	1321	1439	285	bio1	1.564944	1.310606	5.136228
MGYG000004736__gradient_L8_hmo_gapseq	1321	1439	285	bio1	1.564944	1.271702	5.101154
MGYG000004736__gradient_L9_mos_gapseq	1321	1439	285	bio1	1.564944	1.202580	5.295102
MGYG000004739__gradient_L0_base_gapseq	1337	1596	360	bio1	0.000000	1.337543	0.071936
MGYG000004739__gradient_L1_inulin_gapseq	1337	1596	360	bio1	0.000000	1.425173	0.079253
MGYG000004739__gradient_L2_fos_gapseq	1337	1596	360	bio1	0.000000	1.279597	0.075021
MGYG000004739__gradient_L3_gos_gapseq	1337	1596	360	bio1	1.021458	1.363403	6.137769
MGYG000004739__gradient_L4_xos_gapseq	1337	1596	360	bio1	1.066025	1.373358	6.123577
MGYG000004739__gradient_L5_pectin_gapseq	1337	1596	360	bio1	1.066025	1.406874	6.176844
MGYG000004739__gradient_L6_resistant_starch_gapseq	1337	1596	360	bio1	1.421371	1.280786	6.273209
MGYG000004739__gradient_L7_bglucan_gapseq	1337	1596	360	bio1	1.537541	1.277806	6.352485
MGYG000004739__gradient_L8_hmo_gapseq	1337	1596	360	bio1	1.537541	1.285006	6.133221
MGYG000004739__gradient_L9_mos_gapseq	1337	1596	360	bio1	1.610432	1.394422	6.159721
MGYG000004744__gradient_L0_base_gapseq	1298	1476	377	bio1	0.560200	1.174423	5.206906
MGYG000004744__gradient_L1_inulin_gapseq	1298	1476	377	bio1	0.795790	1.292168	5.200704
MGYG000004744__gradient_L2_fos_gapseq	1298	1476	377	bio1	0.795790	1.271250	5.205185
MGYG000004744__gradient_L3_gos_gapseq	1298	1476	377	bio1	1.029202	1.177997	5.345155
MGYG000004744__gradient_L4_xos_gapseq	1298	1476	377	bio1	1.029202	1.182943	5.196306
MGYG000004744__gradient_L5_pectin_gapseq	1298	1476	377	bio1	1.029202	1.288165	5.247246
MGYG000004744__gradient_L6_resistant_starch_gapseq	1298	1476	377	bio1	1.490572	1.267913	5.170374
MGYG000004744__gradient_L7_bglucan_gapseq	1298	1476	377	bio1	1.649095	1.177220	5.242164
MGYG000004744__gradient_L8_hmo_gapseq	1298	1476	377	bio1	1.649095	1.160903	5.220239
MGYG000004744__gradient_L9_mos_gapseq	1298	1476	377	bio1	1.649095	1.288497	5.213265
MGYG000004770__gradient_L0_base_gapseq	1486	1724	383	bio1	0.448136	1.483231	7.025784
MGYG000004770__gradient_L1_inulin_gapseq	1486	1724	383	bio1	0.526643	1.497520	7.055550
MGYG000004770__gradient_L2_fos_gapseq	1486	1724	383	bio1	0.526643	1.462985	7.154534
MGYG000004770__gradient_L3_gos_gapseq	1486	1724	383	bio1	0.585524	1.393582	7.217953
MGYG000004770__gradient_L4_xos_gapseq	1486	1724	383	bio1	0.585524	1.407408	7.096094
MGYG000004770__gradient_L5_pectin_gapseq	1486	1724	383	bio1	0.585524	1.397571	7.107210
MGYG000004770__gradient_L6_resistant_starch_gapseq	1486	1724	383	bio1	0.735178	1.523227	7.001785
MGYG000004770__gradient_L7_bglucan_gapseq	1486	1724	383	bio1	0.735178	1.493332	7.007237
MGYG000004770__gradient_L8_hmo_gapseq	1486	1724	383	bio1	0.735178	1.509239	7.043901
MGYG000004770__gradient_L9_mos_gapseq	1486	1724	383	bio1	0.774432	1.546531	7.069733
MGYG000004781__gradient_L0_base_gapseq	1669	1967	546	bio1	0.000000	1.646835	0.206391
MGYG000004781__gradient_L1_inulin_gapseq	1669	1967	546	bio1	0.000000	1.667069	0.106296
MGYG000004781__gradient_L2_fos_gapseq	1669	1967	546	bio1	0.000000	1.725885	0.099467
MGYG000004781__gradient_L3_gos_gapseq	1669	1967	546	bio1	0.000000	1.745639	0.108235
MGYG000004781__gradient_L4_xos_gapseq	1669	1967	546	bio1	1.911469	1.630143	9.564023
MGYG000004781__gradient_L5_pectin_gapseq	1669	1967	546	bio1	1.911469	1.635765	9.343084
MGYG000004781__gradient_L6_resistant_starch_gapseq	1669	1967	546	bio1	2.629517	1.703022	9.337820
MGYG000004781__gradient_L7_bglucan_gapseq	1669	1967	546	bio1	2.862236	1.666781	9.322019
MGYG000004781__gradient_L8_hmo_gapseq	1669	1967	546	bio1	2.862236	1.627860	9.350531
MGYG000004781__gradient_L9_mos_gapseq	1669	1967	546	bio1	3.021360	1.672719	9.378404
MGYG000004783__gradient_L0_base_gapseq	1172	1285	269	bio1	0.000000	1.053512	0.060572
MGYG000004783__gradient_L1_inulin_gapseq	1172	1285	269	bio1	0.302240	1.144794	4.066108
MGYG000004783__gradient_L2_fos_gapseq	1172	1285	269	bio1	0.302240	1.066193	4.203493
MGYG000004783__gradient_L3_gos_gapseq	1172	1285	269	bio1	0.302240	1.043346	4.073901
MGYG000004783__gradient_L4_xos_gapseq	1172	1285	269	bio1	0.302240	1.237157	4.042376
MGYG000004783__gradient_L5_pectin_gapseq	1172	1285	269	bio1	0.302240	1.040865	4.220303
MGYG000004783__gradient_L6_resistant_starch_gapseq	1172	1285	269	bio1	0.888959	1.061889	4.080799
MGYG000004783__gradient_L7_bglucan_gapseq	1172	1285	269	bio1	0.888959	1.136637	4.069945
MGYG000004783__gradient_L8_hmo_gapseq	1172	1285	269	bio1	0.888959	1.033484	4.070656
MGYG000004783__gradient_L9_mos_gapseq	1172	1285	269	bio1	0.994383	1.214372	4.046918
MGYG000004786__gradient_L0_base_gapseq	1129	1253	308	bio1	0.000000	0.999775	0.045925
MGYG000004786__gradient_L1_inulin_gapseq	1129	1253	308	bio1	0.000000	1.014405	0.057463
MGYG000004786__gradient_L2_fos_gapseq	1129	1253	308	bio1	0.000000	1.132226	0.047564
MGYG000004786__gradient_L3_gos_gapseq	1129	1253	308	bio1	0.958625	1.015270	3.829362
MGYG000004786__gradient_L4_xos_gapseq	1129	1253	308	bio1	0.963686	1.123635	3.799936
MGYG000004786__gradient_L5_pectin_gapseq	1129	1253	308	bio1	0.963686	1.046006	3.993447
MGYG000004786__gradient_L6_resistant_starch_gapseq	1129	1253	308	bio1	1.599703	1.034872	3.833748
MGYG000004786__gradient_L7_bglucan_gapseq	1129	1253	308	bio1	1.818147	1.120583	3.848467
MGYG000004786__gradient_L8_hmo_gapseq	1129	1253	308	bio1	1.818147	1.019373	3.917054
MGYG000004786__gradient_L9_mos_gapseq	1129	1253	308	bio1	1.924059	1.029178	3.795688
MGYG000004797__gradient_L0_base_gapseq	1513	1809	564	bio1	0.958169	1.578286	7.441862
MGYG000004797__gradient_L1_inulin_gapseq	1513	1809	564	bio1	1.063569	1.602446	7.468363
MGYG000004797__gradient_L2_fos_gapseq	1513	1809	564	bio1	1.063569	1.590912	7.437455
MGYG000004797__gradient_L3_gos_gapseq	1513	1809	564	bio1	1.142619	1.567431	7.464885
MGYG000004797__gradient_L4_xos_gapseq	1513	1809	564	bio1	1.207296	1.600382	7.456644
MGYG000004797__gradient_L5_pectin_gapseq	1513	1809	564	bio1	1.240832	1.582685	7.475479
MGYG000004797__gradient_L6_resistant_starch_gapseq	1513	1809	564	bio1	1.722317	1.582600	7.453377
MGYG000004797__gradient_L7_bglucan_gapseq	1513	1809	564	bio1	1.887590	1.722167	7.506583
MGYG000004797__gradient_L8_hmo_gapseq	1513	1809	564	bio1	1.887590	1.505986	7.448615
MGYG000004797__gradient_L9_mos_gapseq	1513	1809	564	bio1	1.988179	1.400713	6.632034
MGYG000004798__gradient_L0_base_gapseq	1526	1820	472	bio1	0.998569	1.634149	7.941320
MGYG000004798__gradient_L1_inulin_gapseq	1526	1820	472	bio1	1.218440	1.576215	7.985297
MGYG000004798__gradient_L2_fos_gapseq	1526	1820	472	bio1	1.218440	1.591702	8.035454
MGYG000004798__gradient_L3_gos_gapseq	1526	1820	472	bio1	1.458923	1.613958	7.947383
MGYG000004798__gradient_L4_xos_gapseq	1526	1820	472	bio1	1.500149	1.492060	8.088140
MGYG000004798__gradient_L5_pectin_gapseq	1526	1820	472	bio1	1.500149	1.505910	8.168511
MGYG000004798__gradient_L6_resistant_starch_gapseq	1526	1820	472	bio1	1.997148	1.558032	8.098870
MGYG000004798__gradient_L7_bglucan_gapseq	1526	1820	472	bio1	2.152580	1.507416	7.302709
MGYG000004798__gradient_L8_hmo_gapseq	1526	1820	472	bio1	2.152580	1.373223	6.841957
MGYG000004798__gradient_L9_mos_gapseq	1526	1820	472	bio1	2.261649	1.304515	6.689560
MGYG000004819__gradient_L0_base_gapseq	1426	1681	405	bio1	0.390367	1.357159	6.811302
MGYG000004819__gradient_L1_inulin_gapseq	1426	1681	405	bio1	0.561752	1.358529	6.674120
MGYG000004819__gradient_L2_fos_gapseq	1426	1681	405	bio1	0.561752	1.469968	6.746742
MGYG000004819__gradient_L3_gos_gapseq	1426	1681	405	bio1	0.725996	1.488366	6.690718
MGYG000004819__gradient_L4_xos_gapseq	1426	1681	405	bio1	0.833236	1.423795	6.665408
MGYG000004819__gradient_L5_pectin_gapseq	1426	1681	405	bio1	0.833236	1.364770	6.860931
MGYG000004819__gradient_L6_resistant_starch_gapseq	1426	1681	405	bio1	1.202264	1.379530	6.782362
MGYG000004819__gradient_L7_bglucan_gapseq	1426	1681	405	bio1	1.202264	1.358569	6.557500
MGYG000004819__gradient_L8_hmo_gapseq	1426	1681	405	bio1	1.202264	1.333222	5.852974
MGYG000004819__gradient_L9_mos_gapseq	1426	1681	405	bio1	1.276969	1.334013	5.699958
MGYG000004834__gradient_L0_base_gapseq	1224	1381	325	bio1	0.425267	1.194896	4.652394
MGYG000004834__gradient_L1_inulin_gapseq	1224	1381	325	bio1	0.776010	1.109795	4.630453
MGYG000004834__gradient_L2_fos_gapseq	1224	1381	325	bio1	0.776010	1.211338	4.694292
MGYG000004834__gradient_L3_gos_gapseq	1224	1381	325	bio1	1.110800	1.200659	4.665066
MGYG000004834__gradient_L4_xos_gapseq	1224	1381	325	bio1	1.189258	1.105191	4.770399
MGYG000004834__gradient_L5_pectin_gapseq	1224	1381	325	bio1	1.189258	1.106802	4.634902
MGYG000004834__gradient_L6_resistant_starch_gapseq	1224	1381	325	bio1	1.909839	1.211887	4.624443
MGYG000004834__gradient_L7_bglucan_gapseq	1224	1381	325	bio1	1.909839	1.105196	4.878029
MGYG000004834__gradient_L8_hmo_gapseq	1224	1381	325	bio1	1.909839	1.121137	4.662640
MGYG000004834__gradient_L9_mos_gapseq	1224	1381	325	bio1	2.075015	1.206563	4.644401
MGYG000004846__gradient_L0_base_gapseq	1183	1319	333	bio1	0.826138	1.167074	4.329469
MGYG000004846__gradient_L1_inulin_gapseq	1183	1319	333	bio1	1.117754	1.069733	4.329431
MGYG000004846__gradient_L2_fos_gapseq	1183	1319	333	bio1	1.117754	1.142033	4.298474
MGYG000004846__gradient_L3_gos_gapseq	1183	1319	333	bio1	1.412254	1.134381	4.340744
MGYG000004846__gradient_L4_xos_gapseq	1183	1319	333	bio1	1.412254	1.069949	4.284848
MGYG000004846__gradient_L5_pectin_gapseq	1183	1319	333	bio1	1.412254	1.194628	4.427021
MGYG000004846__gradient_L6_resistant_starch_gapseq	1183	1319	333	bio1	2.030259	1.114734	4.397248
MGYG000004846__gradient_L7_bglucan_gapseq	1183	1319	333	bio1	2.030259	1.093359	4.337429
MGYG000004846__gradient_L8_hmo_gapseq	1183	1319	333	bio1	2.030259	1.185312	4.230665
MGYG000004846__gradient_L9_mos_gapseq	1183	1319	333	bio1	2.173047	0.985560	4.127783
MGYG000004852__gradient_L0_base_gapseq	1367	1559	359	bio1	0.666604	1.364096	5.859034
MGYG000004852__gradient_L1_inulin_gapseq	1367	1559	359	bio1	0.911607	1.304706	5.875564
MGYG000004852__gradient_L2_fos_gapseq	1367	1559	359	bio1	0.911607	1.291420	5.860186
MGYG000004852__gradient_L3_gos_gapseq	1367	1559	359	bio1	0.980167	1.366422	5.926091
MGYG000004852__gradient_L4_xos_gapseq	1367	1559	359	bio1	1.041985	1.403013	5.825456
MGYG000004852__gradient_L5_pectin_gapseq	1367	1559	359	bio1	1.041985	1.270618	5.691741
MGYG000004852__gradient_L6_resistant_starch_gapseq	1367	1559	359	bio1	1.508380	1.191746	5.155894
MGYG000004852__gradient_L7_bglucan_gapseq	1367	1559	359	bio1	1.665362	1.159086	5.000742
MGYG000004852__gradient_L8_hmo_gapseq	1367	1559	359	bio1	1.665362	1.169838	4.928356
MGYG000004852__gradient_L9_mos_gapseq	1367	1559	359	bio1	1.774567	1.222971	4.766673
MGYG000004855__gradient_L0_base_gapseq	1388	1630	484	bio1	0.000000	1.324910	0.196149
MGYG000004855__gradient_L1_inulin_gapseq	1388	1630	484	bio1	0.000000	1.347397	0.083296
MGYG000004855__gradient_L2_fos_gapseq	1388	1630	484	bio1	0.000000	1.440176	0.082862
MGYG000004855__gradient_L3_gos_gapseq	1388	1630	484	bio1	1.680999	1.378316	6.230693
MGYG000004855__gradient_L4_xos_gapseq	1388	1630	484	bio1	1.680999	1.453620	6.319393
MGYG000004855__gradient_L5_pectin_gapseq	1388	1630	484	bio1	1.680999	1.471029	6.251250
MGYG000004855__gradient_L6_resistant_starch_gapseq	1388	1630	484	bio1	2.409482	1.419515	6.208863
MGYG000004855__gradient_L7_bglucan_gapseq	1388	1630	484	bio1	2.653702	1.373201	5.719283
MGYG000004855__gradient_L8_hmo_gapseq	1388	1630	484	bio1	2.653702	1.228768	5.468946
MGYG000004855__gradient_L9_mos_gapseq	1388	1630	484	bio1	2.787292	1.211982	5.343728
MGYG000004864__gradient_L0_base_gapseq	1346	1467	414	bio1	0.533236	1.236188	5.306788
MGYG000004864__gradient_L1_inulin_gapseq	1346	1467	414	bio1	0.722514	1.291568	5.420690
MGYG000004864__gradient_L2_fos_gapseq	1346	1467	414	bio1	0.722514	1.320082	5.346480
MGYG000004864__gradient_L3_gos_gapseq	1346	1467	414	bio1	0.722514	1.235177	5.419207
MGYG000004864__gradient_L4_xos_gapseq	1346	1467	414	bio1	0.722514	1.154437	4.977035
MGYG000004864__gradient_L5_pectin_gapseq	1346	1467	414	bio1	0.722514	1.156634	4.534064
MGYG000004864__gradient_L6_resistant_starch_gapseq	1346	1467	414	bio1	0.722514	1.162481	4.539508
MGYG000004864__gradient_L7_bglucan_gapseq	1346	1467	414	bio1	0.722514	1.085258	4.543275
MGYG000004864__gradient_L8_hmo_gapseq	1346	1467	414	bio1	0.722514	1.117606	4.357711
MGYG000004864__gradient_L9_mos_gapseq	1346	1467	414	bio1	0.722514	1.133155	4.273027
