model_id	n_metabolites	n_reactions	n_genes	biomass_rxn	growth_rate	load_time_s	pfba_time_s
MGYG000000002__gradient_L0_base_gapseq	1401	1622	530	bio1	0.428154	1.174452	5.219032
MGYG000000002__gradient_L1_inulin_gapseq	1401	1622	530	bio1	0.595639	1.197668	5.140103
MGYG000000002__gradient_L2_fos_gapseq	1401	1622	530	bio1	0.595639	1.207691	5.159906
MGYG000000002__gradient_L3_gos_gapseq	1401	1622	530	bio1	0.891223	1.212653	5.141510
MGYG000000002__gradient_L4_xos_gapseq	1401	1622	530	bio1	0.951684	1.221162	5.171318
MGYG000000002__gradient_L5_pectin_gapseq	1401	1622	530	bio1	0.951684	1.176598	5.317884
MGYG000000002__gradient_L6_resistant_starch_gapseq	1401	1622	530	bio1	1.515032	1.147113	5.257348
MGYG000000002__gradient_L7_bglucan_gapseq	1401	1622	530	bio1	1.715172	1.162633	5.163817
MGYG000000002__gradient_L8_hmo_gapseq	1401	1622	530	bio1	1.857208	1.217587	5.208583
MGYG000000002__gradient_L9_mos_gapseq	1401	1622	530	bio1	1.857208	1.217081	5.191984
MGYG000000014__gradient_L0_base_gapseq	1784	2176	727	bio1	1.360836	1.537841	9.043242
MGYG000000014__gradient_L1_inulin_gapseq	1784	2176	727	bio1	1.654639	1.596443	8.954627
MGYG000000014__gradient_L2_fos_gapseq	1784	2176	727	bio1	1.654639	1.632375	8.910746
MGYG000000014__gradient_L3_gos_gapseq	1784	2176	727	bio1	1.963789	1.623870	9.062243
MGYG000000014__gradient_L4_xos_gapseq	1784	2176	727	bio1	2.122634	1.624357	9.036382
MGYG000000014__gradient_L5_pectin_gapseq	1784	2176	727	bio1	2.122634	1.524959	9.005650
MGYG000000014__gradient_L6_resistant_starch_gapseq	1784	2176	727	bio1	2.720846	1.539024	9.017947
MGYG000000014__gradient_L7_bglucan_gapseq	1784	2176	727	bio1	2.920251	1.547523	8.950763
MGYG000000014__gradient_L8_hmo_gapseq	1784	2176	727	bio1	3.070526	1.639694	8.942206
MGYG000000014__gradient_L9_mos_gapseq	1784	2176	727	bio1	3.209242	1.686856	9.003479
MGYG000000030__gradient_L0_base_gapseq	1329	1501	372	bio1	0.000000	1.157798	0.059119
MGYG000000030__gradient_L1_inulin_gapseq	1329	1501	372	bio1	0.000000	1.080560	0.060390
MGYG000000030__gradient_L2_fos_gapseq	1329	1501	372	bio1	0.000000	1.203709	0.060219
MGYG000000030__gradient_L3_gos_gapseq	1329	1501	372	bio1	0.864462	1.061648	4.498444
MGYG000000030__gradient_L4_xos_gapseq	1329	1501	372	bio1	0.864462	1.160676	4.530755
MGYG000000030__gradient_L5_pectin_gapseq	1329	1501	372	bio1	0.864462	1.152843	4.501621
MGYG000000030__gradient_L6_resistant_starch_gapseq	1329	1501	372	bio1	1.372079	1.075698	4.610687
MGYG000000030__gradient_L7_bglucan_gapseq	1329	1501	372	bio1	1.553976	1.078862	4.574712
MGYG000000030__gradient_L8_hmo_gapseq	1329	1501	372	bio1	1.553976	1.143300	4.513741
MGYG000000030__gradient_L9_mos_gapseq	1329	1501	372	bio1	1.553976	1.156812	4.517522
MGYG000000040__gradient_L0_base_gapseq	1293	1415	361	bio1	0.000000	1.124345	0.053479
MGYG000000040__gradient_L1_inulin_gapseq	1293	1415	361	bio1	0.000000	0.993870	0.058689
MGYG000000040__gradient_L2_fos_gapseq	1293	1415	361	bio1	0.000000	1.103952	0.058077
MGYG000000040__gradient_L3_gos_gapseq	1293	1415	361	bio1	0.000000	1.027110	0.057750
MGYG000000040__gradient_L4_xos_gapseq	1293	1415	361	bio1	0.000000	1.152345	0.058278
MGYG000000040__gradient_L5_pectin_gapseq	1293	1415	361	bio1	0.000000	1.007487	0.057894
MGYG000000040__gradient_L6_resistant_starch_gapseq	1293	1415	361	bio1	0.000000	1.137518	0.058230
MGYG000000040__gradient_L7_bglucan_gapseq	1293	1415	361	bio1	0.000000	1.016281	0.057905
MGYG000000040__gradient_L8_hmo_gapseq	1293	1415	361	bio1	0.000000	1.144758	0.058368
MGYG000000040__gradient_L9_mos_gapseq	1293	1415	361	bio1	0.000000	1.074477	0.059041
MGYG000000045__gradient_L0_base_gapseq	1295	1489	385	bio1	0.648042	1.056060	4.464772
MGYG000000045__gradient_L1_inulin_gapseq	1295	1489	385	bio1	0.870232	1.075082	4.398401
MGYG000000045__gradient_L2_fos_gapseq	1295	1489	385	bio1	0.870232	1.164963	4.401897
MGYG000000045__gradient_L3_gos_gapseq	1295	1489	385	bio1	1.062738	1.146438	4.375300
MGYG000000045__gradient_L4_xos_gapseq	1295	1489	385	bio1	1.062738	1.063028	4.470430
MGYG000000045__gradient_L5_pectin_gapseq	1295	1489	385	bio1	1.062738	1.068260	4.496456
MGYG000000045__gradient_L6_resistant_starch_gapseq	1295	1489	385	bio1	1.524313	1.072024	4.401728
MGYG000000045__gradient_L7_bglucan_gapseq	1295	1489	385	bio1	1.679672	1.154050	4.416714
MGYG000000045__gradient_L8_hmo_gapseq	1295	1489	385	bio1	1.679672	1.063852	4.608217
MGYG000000045__gradient_L9_mos_gapseq	1295	1489	385	bio1	1.787748	1.081167	4.501629
MGYG000000054__gradient_L0_base_gapseq	1395	1680	514	bio1	1.440287	1.284382	5.494253
MGYG000000054__gradient_L1_inulin_gapseq	1395	1680	514	bio1	1.588210	1.269253	5.487561
MGYG000000054__gradient_L2_fos_gapseq	1395	1680	514	bio1	1.588210	1.257600	5.596133
MGYG000000054__gradient_L3_gos_gapseq	1395	1680	514	bio1	1.699152	1.196260	5.575888
MGYG000000054__gradient_L4_xos_gapseq	1395	1680	514	bio1	1.790630	1.243662	5.531181
MGYG000000054__gradient_L5_pectin_gapseq	1395	1680	514	bio1	1.849020	1.257436	5.623440
MGYG000000054__gradient_L6_resistant_starch_gapseq	1395	1680	514	bio1	2.499963	1.278610	5.525561
MGYG000000054__gradient_L7_bglucan_gapseq	1395	1680	514	bio1	2.708542	1.253490	5.499287
MGYG000000054__gradient_L8_hmo_gapseq	1395	1680	514	bio1	2.708542	1.273545	5.508646
MGYG000000054__gradient_L9_mos_gapseq	1395	1680	514	bio1	2.844029	1.247539	5.584958
MGYG000000055__gradient_L0_base_gapseq	1288	1495	375	bio1	0.000000	1.018339	0.060136
MGYG000000055__gradient_L1_inulin_gapseq	1288	1495	375	bio1	0.000000	1.019336	0.132538
MGYG000000055__gradient_L2_fos_gapseq	1288	1495	375	bio1	0.000000	1.023578	0.061665
MGYG000000055__gradient_L3_gos_gapseq	1288	1495	375	bio1	0.000000	1.031423	0.060613
MGYG000000055__gradient_L4_xos_gapseq	1288	1495	375	bio1	0.000000	1.085068	0.061769
MGYG000000055__gradient_L5_pectin_gapseq	1288	1495	375	bio1	0.000000	1.015369	0.061034
MGYG000000055__gradient_L6_resistant_starch_gapseq	1288	1495	375	bio1	0.000000	1.137361	0.061107
MGYG000000055__gradient_L7_bglucan_gapseq	1288	1495	375	bio1	0.000000	1.029527	0.061425
MGYG000000055__gradient_L8_hmo_gapseq	1288	1495	375	bio1	0.000000	1.121677	0.061221
MGYG000000055__gradient_L9_mos_gapseq	1288	1495	375	bio1	0.000000	1.018422	0.062553
MGYG000000059__gradient_L0_base_gapseq	1359	1483	384	bio1	0.000000	1.182067	0.063364
MGYG000000059__gradient_L1_inulin_gapseq	1359	1483	384	bio1	0.000000	1.123450	0.064970
MGYG000000059__gradient_L2_fos_gapseq	1359	1483	384	bio1	0.000000	1.162392	0.064393
MGYG000000059__gradient_L3_gos_gapseq	1359	1483	384	bio1	0.000000	1.084069	0.065143
MGYG000000059__gradient_L4_xos_gapseq	1359	1483	384	bio1	0.852436	1.217058	4.406862
MGYG000000059__gradient_L5_pectin_gapseq	1359	1483	384	bio1	0.852436	1.258874	4.388864
MGYG000000059__gradient_L6_resistant_starch_gapseq	1359	1483	384	bio1	0.989840	1.120293	4.488833
MGYG000000059__gradient_L7_bglucan_gapseq	1359	1483	384	bio1	0.989840	1.144610	4.405984
MGYG000000059__gradient_L8_hmo_gapseq	1359	1483	384	bio1	0.989840	1.147187	4.391343
MGYG000000059__gradient_L9_mos_gapseq	1359	1483	384	bio1	0.989840	1.194519	4.396859
MGYG000000062__gradient_L0_base_gapseq	1370	1580	463	bio1	0.720512	1.126797	4.940252
MGYG000000062__gradient_L1_inulin_gapseq	1370	1580	463	bio1	1.083418	1.133992	4.830125
MGYG000000062__gradient_L2_fos_gapseq	1370	1580	463	bio1	1.083418	1.190044	4.874747
MGYG000000062__gradient_L3_gos_gapseq	1370	1580	463	bio1	1.190639	1.219049	4.825160
MGYG000000062__gradient_L4_xos_gapseq	1370	1580	463	bio1	1.190639	1.199767	4.909925
MGYG000000062__gradient_L5_pectin_gapseq	1370	1580	463	bio1	1.190639	1.135392	4.927934
MGYG000000062__gradient_L6_resistant_starch_gapseq	1370	1580	463	bio1	1.358830	1.135100	4.850668
MGYG000000062__gradient_L7_bglucan_gapseq	1370	1580	463	bio1	1.604809	1.158964	4.884076
MGYG000000062__gradient_L8_hmo_gapseq	1370	1580	463	bio1	1.604809	1.206344	4.862273
MGYG000000062__gradient_L9_mos_gapseq	1370	1580	463	bio1	1.772999	1.206158	4.856142
MGYG000000072__gradient_L0_base_gapseq	1263	1324	314	bio1	0.379587	0.969345	3.826043
MGYG000000072__gradient_L1_inulin_gapseq	1263	1324	314	bio1	0.534524	0.948020	3.689539
MGYG000000072__gradient_L2_fos_gapseq	1263	1324	314	bio1	0.534524	1.002181	3.662080
MGYG000000072__gradient_L3_gos_gapseq	1263	1324	314	bio1	0.836652	0.970002	3.706829
MGYG000000072__gradient_L4_xos_gapseq	1263	1324	314	bio1	0.836652	0.953936	3.624222
MGYG000000072__gradient_L5_pectin_gapseq	1263	1324	314	bio1	0.836652	1.010660	3.620460
MGYG000000072__gradient_L6_resistant_starch_gapseq	1263	1324	314	bio1	0.991590	0.941353	3.728038
MGYG000000072__gradient_L7_bglucan_gapseq	1263	1324	314	bio1	1.208192	0.958993	3.670417
MGYG000000072__gradient_L8_hmo_gapseq	1263	1324	314	bio1	1.208192	1.008480	3.659602
MGYG000000072__gradient_L9_mos_gapseq	1263	1324	314	bio1	1.208192	0.937596	3.735023
MGYG000000077__gradient_L0_base_gapseq	1443	1619	435	bio1	0.000000	1.181795	0.066993
MGYG000000077__gradient_L1_inulin_gapseq	1443	1619	435	bio1	0.000000	1.227653	0.065946
MGYG000000077__gradient_L2_fos_gapseq	1443	1619	435	bio1	0.000000	1.146907	0.145001
MGYG000000077__gradient_L3_gos_gapseq	1443	1619	435	bio1	0.975911	1.157111	5.089133
MGYG000000077__gradient_L4_xos_gapseq	1443	1619	435	bio1	0.975911	1.242982	5.099536
MGYG000000077__gradient_L5_pectin_gapseq	1443	1619	435	bio1	0.975911	1.245142	5.099839
MGYG000000077__gradient_L6_resistant_starch_gapseq	1443	1619	435	bio1	1.121214	1.251661	5.123303
MGYG000000077__gradient_L7_bglucan_gapseq	1443	1619	435	bio1	1.121214	1.162101	5.175509
MGYG000000077__gradient_L8_hmo_gapseq	1443	1619	435	bio1	1.121214	1.182892	5.092806
MGYG000000077__gradient_L9_mos_gapseq	1443	1619	435	bio1	1.266180	1.230843	5.123393
MGYG000000078__gradient_L0_base_gapseq	1345	1481	380	bio1	0.000000	1.071498	0.055783
MGYG000000078__gradient_L1_inulin_gapseq	1345	1481	380	bio1	0.000000	1.120117	0.055483
MGYG000000078__gradient_L2_fos_gapseq	1345	1481	380	bio1	0.000000	1.098060	0.056303
MGYG000000078__gradient_L3_gos_gapseq	1345	1481	380	bio1	0.573378	1.136888	4.420543
MGYG000000078__gradient_L4_xos_gapseq	1345	1481	380	bio1	0.573378	1.084771	4.504079
MGYG000000078__gradient_L5_pectin_gapseq	1345	1481	380	bio1	0.573378	1.069891	4.466993
MGYG000000078__gradient_L6_resistant_starch_gapseq	1345	1481	380	bio1	1.001525	1.131507	4.405102
MGYG000000078__gradient_L7_bglucan_gapseq	1345	1481	380	bio1	1.001525	1.081541	4.477093
MGYG000000078__gradient_L8_hmo_gapseq	1345	1481	380	bio1	1.001525	1.053264	4.460621
MGYG000000078__gradient_L9_mos_gapseq	1345	1481	380	bio1	1.072117	1.058444	4.382525
MGYG000000082__gradient_L0_base_gapseq	1761	1936	592	bio1	0.421917	1.500251	7.375519
MGYG000000082__gradient_L1_inulin_gapseq	1761	1936	592	bio1	0.546649	1.537021	7.292810
MGYG000000082__gradient_L2_fos_gapseq	1761	1936	592	bio1	0.546649	1.506923	7.330657
MGYG000000082__gradient_L3_gos_gapseq	1761	1936	592	bio1	0.546649	1.513800	7.429839
MGYG000000082__gradient_L4_xos_gapseq	1761	1936	592	bio1	0.546649	1.421792	7.539081
MGYG000000082__gradient_L5_pectin_gapseq	1761	1936	592	bio1	0.546649	1.423567	7.430923
MGYG000000082__gradient_L6_resistant_starch_gapseq	1761	1936	592	bio1	0.642744	1.419213	7.342127
MGYG000000082__gradient_L7_bglucan_gapseq	1761	1936	592	bio1	0.642744	1.427697	7.351466
MGYG000000082__gradient_L8_hmo_gapseq	1761	1936	592	bio1	0.642744	1.453142	7.453453
MGYG000000082__gradient_L9_mos_gapseq	1761	1936	592	bio1	0.642744	1.435506	7.354762
MGYG000000088__gradient_L0_base_gapseq	1472	1756	398	bio1	0.656396	1.284959	6.022883
MGYG000000088__gradient_L1_inulin_gapseq	1472	1756	398	bio1	0.872200	1.265374	5.970782
MGYG000000088__gradient_L2_fos_gapseq	1472	1756	398	bio1	0.872200	1.274155	5.997924
MGYG000000088__gradient_L3_gos_gapseq	1472	1756	398	bio1	1.086342	1.198939	6.052599
MGYG000000088__gradient_L4_xos_gapseq	1472	1756	398	bio1	1.086342	1.216331	6.155610
MGYG000000088__gradient_L5_pectin_gapseq	1472	1756	398	bio1	1.086342	1.213682	6.019217
MGYG000000088__gradient_L6_resistant_starch_gapseq	1472	1756	398	bio1	1.538988	1.188088	5.958272
MGYG000000088__gradient_L7_bglucan_gapseq	1472	1756	398	bio1	1.538988	1.276769	5.975549
MGYG000000088__gradient_L8_hmo_gapseq	1472	1756	398	bio1	1.538988	1.278770	5.979824
MGYG000000088__gradient_L9_mos_gapseq	1472	1756	398	bio1	1.644974	1.283857	5.987897
MGYG000000092__gradient_L0_base_gapseq	1395	1626	469	bio1	0.000000	1.258156	0.065980
MGYG000000092__gradient_L1_inulin_gapseq	1395	1626	469	bio1	0.000000	1.188190	0.065856
MGYG000000092__gradient_L2_fos_gapseq	1395	1626	469	bio1	0.000000	1.258882	0.065652
MGYG000000092__gradient_L3_gos_gapseq	1395	1626	469	bio1	0.000000	1.180187	0.067558
MGYG000000092__gradient_L4_xos_gapseq	1395	1626	469	bio1	1.389448	1.246374	5.212889
MGYG000000092__gradient_L5_pectin_gapseq	1395	1626	469	bio1	1.389448	1.240512	5.196114
MGYG000000092__gradient_L6_resistant_starch_gapseq	1395	1626	469	bio1	1.989884	1.233952	5.306536
MGYG000000092__gradient_L7_bglucan_gapseq	1395	1626	469	bio1	2.191475	1.186894	5.324771
MGYG000000092__gradient_L8_hmo_gapseq	1395	1626	469	bio1	2.334539	1.194943	5.275258
MGYG000000092__gradient_L9_mos_gapseq	1395	1626	469	bio1	2.334539	1.157709	5.199311
MGYG000000100__gradient_L0_base_gapseq	1374	1529	436	bio1	0.799313	1.077442	4.649261
MGYG000000100__gradient_L1_inulin_gapseq	1374	1529	436	bio1	0.982234	1.065006	4.593090
MGYG000000100__gradient_L2_fos_gapseq	1374	1529	436	bio1	0.982234	1.188090	4.545975
MGYG000000100__gradient_L3_gos_gapseq	1374	1529	436	bio1	0.982234	1.178894	4.543963
MGYG000000100__gradient_L4_xos_gapseq	1374	1529	436	bio1	0.982234	1.079664	4.629399
MGYG000000100__gradient_L5_pectin_gapseq	1374	1529	436	bio1	0.982234	1.085578	4.573005
MGYG000000100__gradient_L6_resistant_starch_gapseq	1374	1529	436	bio1	1.147671	1.147555	4.543306
MGYG000000100__gradient_L7_bglucan_gapseq	1374	1529	436	bio1	1.147671	1.195763	4.582812
MGYG000000100__gradient_L8_hmo_gapseq	1374	1529	436	bio1	1.147671	1.083860	4.644327
MGYG000000100__gradient_L9_mos_gapseq	1374	1529	436	bio1	1.312805	1.085560	4.595156
MGYG000000109__gradient_L0_base_gapseq	1405	1650	395	bio1	0.511984	1.280936	5.348996
MGYG000000109__gradient_L1_inulin_gapseq	1405	1650	395	bio1	0.697322	1.190017	5.356709
MGYG000000109__gradient_L2_fos_gapseq	1405	1650	395	bio1	0.697322	1.270449	5.349077
MGYG000000109__gradient_L3_gos_gapseq	1405	1650	395	bio1	0.864125	1.143273	5.375033
MGYG000000109__gradient_L4_xos_gapseq	1405	1650	395	bio1	0.891926	1.190042	5.357711
MGYG000000109__gradient_L5_pectin_gapseq	1405	1650	395	bio1	0.891926	1.150890	5.345100
MGYG000000109__gradient_L6_resistant_starch_gapseq	1405	1650	395	bio1	1.283451	1.234611	5.307268
MGYG000000109__gradient_L7_bglucan_gapseq	1405	1650	395	bio1	1.283451	1.271652	5.328973
MGYG000000109__gradient_L8_hmo_gapseq	1405	1650	395	bio1	1.283451	1.264355	5.324336
MGYG000000109__gradient_L9_mos_gapseq	1405	1650	395	bio1	1.376120	1.156724	5.394669
MGYG000000128__gradient_L0_base_gapseq	1104	1181	270	bio1	0.205896	0.913936	2.945421
MGYG000000128__gradient_L1_inulin_gapseq	1104	1181	270	bio1	0.360524	0.829009	3.017451
MGYG000000128__gradient_L2_fos_gapseq	1104	1181	270	bio1	0.360524	0.828721	2.953481
MGYG000000128__gradient_L3_gos_gapseq	1104	1181	270	bio1	0.468684	0.866739	2.944071
MGYG000000128__gradient_L4_xos_gapseq	1104	1181	270	bio1	0.468684	0.816911	2.929678
MGYG000000128__gradient_L5_pectin_gapseq	1104	1181	270	bio1	0.468684	0.893921	2.950532
MGYG000000128__gradient_L6_resistant_starch_gapseq	1104	1181	270	bio1	0.612902	0.836177	3.040060
MGYG000000128__gradient_L7_bglucan_gapseq	1104	1181	270	bio1	0.612902	0.817268	2.937576
MGYG000000128__gradient_L8_hmo_gapseq	1104	1181	270	bio1	0.612902	0.826075	2.992573
MGYG000000128__gradient_L9_mos_gapseq	1104	1181	270	bio1	0.757115	0.836479	2.925602
MGYG000000137__gradient_L0_base_gapseq	1371	1616	496	bio1	0.000000	1.191373	0.064039
MGYG000000137__gradient_L1_inulin_gapseq	1371	1616	496	bio1	0.000000	1.183708	0.065497
MGYG000000137__gradient_L2_fos_gapseq	1371	1616	496	bio1	0.000000	1.248496	0.065116
MGYG000000137__gradient_L3_gos_gapseq	1371	1616	496	bio1	1.389609	1.171841	5.181469
MGYG000000137__gradient_L4_xos_gapseq	1371	1616	496	bio1	1.409397	1.138602	5.173678
MGYG000000137__gradient_L5_pectin_gapseq	1371	1616	496	bio1	1.409397	1.159440	5.121203
MGYG000000137__gradient_L6_resistant_starch_gapseq	1371	1616	496	bio1	2.021319	1.233470	5.113326
MGYG000000137__gradient_L7_bglucan_gapseq	1371	1616	496	bio1	2.226765	1.221785	5.075482
MGYG000000137__gradient_L8_hmo_gapseq	1371	1616	496	bio1	2.226765	1.245393	5.161958
MGYG000000137__gradient_L9_mos_gapseq	1371	1616	496	bio1	2.226765	1.135990	5.189842
MGYG000000143__gradient_L0_base_gapseq	1288	1543	435	bio1	0.990541	1.069366	4.726084
MGYG000000143__gradient_L1_inulin_gapseq	1288	1543	435	bio1	1.328316	1.087264	4.660253
MGYG000000143__gradient_L2_fos_gapseq	1288	1543	435	bio1	1.328316	1.178423	4.664941
MGYG000000143__gradient_L3_gos_gapseq	1288	1543	435	bio1	1.676579	1.153844	4.699456
MGYG000000143__gradient_L4_xos_gapseq	1288	1543	435	bio1	1.676579	1.075944	4.790844
MGYG000000143__gradient_L5_pectin_gapseq	1288	1543	435	bio1	1.676579	1.080788	4.723697
MGYG000000143__gradient_L6_resistant_starch_gapseq	1288	1543	435	bio1	2.413209	1.148454	4.665428
MGYG000000143__gradient_L7_bglucan_gapseq	1288	1543	435	bio1	2.660160	1.172330	4.687614
MGYG000000143__gradient_L8_hmo_gapseq	1288	1543	435	bio1	2.837457	1.082931	4.743018
MGYG000000143__gradient_L9_mos_gapseq	1288	1543	435	bio1	3.006045	1.148321	4.796994
MGYG000000148__gradient_L0_base_gapseq	1391	1624	433	bio1	0.000000	1.137276	0.061911
MGYG000000148__gradient_L1_inulin_gapseq	1391	1624	433	bio1	0.000000	1.175377	0.062116
MGYG000000148__gradient_L2_fos_gapseq	1391	1624	433	bio1	0.000000	1.133109	0.061343
MGYG000000148__gradient_L3_gos_gapseq	1391	1624	433	bio1	1.816215	1.218337	5.195358
MGYG000000148__gradient_L4_xos_gapseq	1391	1624	433	bio1	1.854406	1.229715	5.189589
MGYG000000148__gradient_L5_pectin_gapseq	1391	1624	433	bio1	1.854406	1.247384	5.188975
MGYG000000148__gradient_L6_resistant_starch_gapseq	1391	1624	433	bio1	2.585499	1.141035	5.288686
MGYG000000148__gradient_L7_bglucan_gapseq	1391	1624	433	bio1	2.823504	1.134972	5.302721
MGYG000000148__gradient_L8_hmo_gapseq	1391	1624	433	bio1	2.990311	1.150347	5.218056
MGYG000000148__gradient_L9_mos_gapseq	1391	1624	433	bio1	2.990311	1.211678	5.246863
MGYG000000157__gradient_L0_base_gapseq	1412	1667	499	bio1	1.621030	1.174132	5.395263
MGYG000000157__gradient_L1_inulin_gapseq	1412	1667	499	bio1	1.789888	1.233146	5.360489
MGYG000000157__gradient_L2_fos_gapseq	1412	1667	499	bio1	1.789888	1.263941	5.370615
MGYG000000157__gradient_L3_gos_gapseq	1412	1667	499	bio1	2.138158	1.279193	5.362832
MGYG000000157__gradient_L4_xos_gapseq	1412	1667	499	bio1	2.176151	1.165610	5.546407
MGYG000000157__gradient_L5_pectin_gapseq	1412	1667	499	bio1	2.176151	1.181292	5.540172
MGYG000000157__gradient_L6_resistant_starch_gapseq	1412	1667	499	bio1	2.912796	1.170729	5.439921
MGYG000000157__gradient_L7_bglucan_gapseq	1412	1667	499	bio1	2.912796	1.203884	5.381821
MGYG000000157__gradient_L8_hmo_gapseq	1412	1667	499	bio1	2.912796	1.264524	5.375102
MGYG000000157__gradient_L9_mos_gapseq	1412	1667	499	bio1	2.912796	1.248930	5.345190
MGYG000000161__gradient_L0_base_gapseq	1236	1431	330	bio1	0.387044	1.076591	4.010879
MGYG000000161__gradient_L1_inulin_gapseq	1236	1431	330	bio1	0.545836	0.999095	4.086314
MGYG000000161__gradient_L2_fos_gapseq	1236	1431	330	bio1	0.545836	1.006616	4.022863
MGYG000000161__gradient_L3_gos_gapseq	1236	1431	330	bio1	0.709590	1.050149	4.069301
MGYG000000161__gradient_L4_xos_gapseq	1236	1431	330	bio1	0.709590	1.059327	4.056407
MGYG000000161__gradient_L5_pectin_gapseq	1236	1431	330	bio1	0.709590	1.018586	4.141726
MGYG000000161__gradient_L6_resistant_starch_gapseq	1236	1431	330	bio1	1.067172	1.008955	4.047775
MGYG000000161__gradient_L7_bglucan_gapseq	1236	1431	330	bio1	1.067172	1.065472	4.065700
MGYG000000161__gradient_L8_hmo_gapseq	1236	1431	330	bio1	1.067172	1.015225	4.132727
MGYG000000161__gradient_L9_mos_gapseq	1236	1431	330	bio1	1.144260	0.989387	4.055175
MGYG000000163__gradient_L0_base_gapseq	1487	1779	439	bio1	0.701155	1.296141	6.042143
MGYG000000163__gradient_L1_inulin_gapseq	1487	1779	439	bio1	0.917481	1.216890	6.152334
MGYG000000163__gradient_L2_fos_gapseq	1487	1779	439	bio1	0.917481	1.235160	6.162601
MGYG000000163__gradient_L3_gos_gapseq	1487	1779	439	bio1	1.103975	1.217196	6.208079
MGYG000000163__gradient_L4_xos_gapseq	1487	1779	439	bio1	1.117223	1.215869	6.023223
MGYG000000163__gradient_L5_pectin_gapseq	1487	1779	439	bio1	1.117223	1.284060	6.049937
MGYG000000163__gradient_L6_resistant_starch_gapseq	1487	1779	439	bio1	1.596352	1.309444	6.046135
MGYG000000163__gradient_L7_bglucan_gapseq	1487	1779	439	bio1	1.748702	1.288190	6.076791
MGYG000000163__gradient_L8_hmo_gapseq	1487	1779	439	bio1	1.748702	1.292540	6.068562
MGYG000000163__gradient_L9_mos_gapseq	1487	1779	439	bio1	1.854685	1.298498	6.037961
MGYG000000167__gradient_L0_base_gapseq	1158	1295	322	bio1	0.382421	0.974929	3.415982
MGYG000000167__gradient_L1_inulin_gapseq	1158	1295	322	bio1	0.573637	0.916197	3.541304
MGYG000000167__gradient_L2_fos_gapseq	1158	1295	322	bio1	0.573637	0.909319	3.435053
MGYG000000167__gradient_L3_gos_gapseq	1158	1295	322	bio1	0.745731	0.967908	3.423582
MGYG000000167__gradient_L4_xos_gapseq	1158	1295	322	bio1	0.745731	0.898407	3.523730
MGYG000000167__gradient_L5_pectin_gapseq	1158	1295	322	bio1	0.745731	0.906423	3.427738
MGYG000000167__gradient_L6_resistant_starch_gapseq	1158	1295	322	bio1	1.146745	0.958681	3.445121
MGYG000000167__gradient_L7_bglucan_gapseq	1158	1295	322	bio1	1.146745	0.901978	3.545847
MGYG000000167__gradient_L8_hmo_gapseq	1158	1295	322	bio1	1.146745	0.904425	3.436148
MGYG000000167__gradient_L9_mos_gapseq	1158	1295	322	bio1	1.240549	0.954199	3.437403
MGYG000000171__gradient_L0_base_gapseq	1416	1671	485	bio1	0.974537	1.213760	5.567749
MGYG000000171__gradient_L1_inulin_gapseq	1416	1671	485	bio1	1.117935	1.231398	5.570306
MGYG000000171__gradient_L2_fos_gapseq	1416	1671	485	bio1	1.117935	1.235089	5.555412
MGYG000000171__gradient_L3_gos_gapseq	1416	1671	485	bio1	1.431108	1.278657	5.562382
MGYG000000171__gradient_L4_xos_gapseq	1416	1671	485	bio1	1.484414	1.250053	5.480405
MGYG000000171__gradient_L5_pectin_gapseq	1416	1671	485	bio1	1.484414	1.301514	5.455607
MGYG000000171__gradient_L6_resistant_starch_gapseq	1416	1671	485	bio1	2.099655	1.250931	5.446805
MGYG000000171__gradient_L7_bglucan_gapseq	1416	1671	485	bio1	2.306215	1.175826	5.522157
MGYG000000171__gradient_L8_hmo_gapseq	1416	1671	485	bio1	2.452807	1.201509	5.556205
MGYG000000171__gradient_L9_mos_gapseq	1416	1671	485	bio1	2.452807	1.199587	5.462506
MGYG000000175__gradient_L0_base_gapseq	1657	1946	670	bio1	0.000000	1.478444	0.087068
MGYG000000175__gradient_L1_inulin_gapseq	1657	1946	670	bio1	0.000000	1.387589	0.086876
MGYG000000175__gradient_L2_fos_gapseq	1657	1946	670	bio1	0.000000	1.472481	0.087132
MGYG000000175__gradient_L3_gos_gapseq	1657	1946	670	bio1	0.000000	1.476250	0.086075
MGYG000000175__gradient_L4_xos_gapseq	1657	1946	670	bio1	0.000000	1.390532	0.086377
MGYG000000175__gradient_L5_pectin_gapseq	1657	1946	670	bio1	0.000000	1.510742	0.087354
MGYG000000175__gradient_L6_resistant_starch_gapseq	1657	1946	670	bio1	0.000000	1.493051	0.098320
MGYG000000175__gradient_L7_bglucan_gapseq	1657	1946	670	bio1	0.000000	1.411924	0.098052
MGYG000000175__gradient_L8_hmo_gapseq	1657	1946	670	bio1	0.000000	1.572121	0.098452
MGYG000000175__gradient_L9_mos_gapseq	1657	1946	670	bio1	0.000000	1.497186	0.098233
MGYG000000176__gradient_L0_base_gapseq	1715	1994	811	bio1	1.530278	1.582821	7.679644
MGYG000000176__gradient_L1_inulin_gapseq	1715	1994	811	bio1	1.868850	1.606194	7.643173
MGYG000000176__gradient_L2_fos_gapseq	1715	1994	811	bio1	1.868850	1.558001	7.696875
MGYG000000176__gradient_L3_gos_gapseq	1715	1994	811	bio1	2.201375	1.546627	7.675293
MGYG000000176__gradient_L4_xos_gapseq	1715	1994	811	bio1	2.390106	1.559837	7.636485
MGYG000000176__gradient_L5_pectin_gapseq	1715	1994	811	bio1	2.390106	1.554434	7.684833
MGYG000000176__gradient_L6_resistant_starch_gapseq	1715	1994	811	bio1	3.095995	1.619587	7.638101
MGYG000000176__gradient_L7_bglucan_gapseq	1715	1994	811	bio1	3.324773	1.544989	7.612007
MGYG000000176__gradient_L8_hmo_gapseq	1715	1994	811	bio1	3.485113	1.545619	7.674008
MGYG000000176__gradient_L9_mos_gapseq	1715	1994	811	bio1	3.641543	1.464278	7.716836
MGYG000000187__gradient_L0_base_gapseq	1332	1460	374	bio1	0.000000	1.100797	0.051886
MGYG000000187__gradient_L1_inulin_gapseq	1332	1460	374	bio1	0.000000	1.053948	0.052385
MGYG000000187__gradient_L2_fos_gapseq	1332	1460	374	bio1	0.000000	1.120140	0.052728
MGYG000000187__gradient_L3_gos_gapseq	1332	1460	374	bio1	0.856756	1.023515	4.342884
MGYG000000187__gradient_L4_xos_gapseq	1332	1460	374	bio1	0.856756	1.034831	4.276291
MGYG000000187__gradient_L5_pectin_gapseq	1332	1460	374	bio1	0.888827	1.113422	4.309353
MGYG000000187__gradient_L6_resistant_starch_gapseq	1332	1460	374	bio1	1.348651	1.099376	4.297615
MGYG000000187__gradient_L7_bglucan_gapseq	1332	1460	374	bio1	1.502465	1.027784	4.389435
MGYG000000187__gradient_L8_hmo_gapseq	1332	1460	374	bio1	1.502465	1.026881	4.301896
MGYG000000187__gradient_L9_mos_gapseq	1332	1460	374	bio1	1.573800	1.102028	4.271624
MGYG000000189__gradient_L0_base_gapseq	1433	1605	359	bio1	0.000000	1.225105	0.059052
MGYG000000189__gradient_L1_inulin_gapseq	1433	1605	359	bio1	0.000000	1.122362	0.058624
MGYG000000189__gradient_L2_fos_gapseq	1433	1605	359	bio1	0.000000	1.196473	0.058818
MGYG000000189__gradient_L3_gos_gapseq	1433	1605	359	bio1	0.898835	1.142395	5.102000
MGYG000000189__gradient_L4_xos_gapseq	1433	1605	359	bio1	0.898835	1.220053	5.120343
MGYG000000189__gradient_L5_pectin_gapseq	1433	1605	359	bio1	0.898835	1.226075	5.110899
MGYG000000189__gradient_L6_resistant_starch_gapseq	1433	1605	359	bio1	1.521121	1.232027	5.101600
MGYG000000189__gradient_L7_bglucan_gapseq	1433	1605	359	bio1	1.728751	1.145986	5.212764
MGYG000000189__gradient_L8_hmo_gapseq	1433	1605	359	bio1	1.728751	1.147052	5.163521
MGYG000000189__gradient_L9_mos_gapseq	1433	1605	359	bio1	1.728751	1.151162	5.120110
MGYG000000191__gradient_L0_base_gapseq	1870	2322	639	bio1	1.066132	1.633139	10.421399
MGYG000000191__gradient_L1_inulin_gapseq	1870	2322	639	bio1	1.334226	1.634863	10.393141
MGYG000000191__gradient_L2_fos_gapseq	1870	2322	639	bio1	1.334226	1.667035	10.440167
MGYG000000191__gradient_L3_gos_gapseq	1870	2322	639	bio1	1.431756	1.622298	10.367312
MGYG000000191__gradient_L4_xos_gapseq	1870	2322	639	bio1	1.511917	1.647331	10.414486
MGYG000000191__gradient_L5_pectin_gapseq	1870	2322	639	bio1	1.511917	1.628067	10.391593
MGYG000000191__gradient_L6_resistant_starch_gapseq	1870	2322	639	bio1	2.137173	1.631649	10.413713
MGYG000000191__gradient_L7_bglucan_gapseq	1870	2322	639	bio1	2.341584	1.676285	10.328090
MGYG000000191__gradient_L8_hmo_gapseq	1870	2322	639	bio1	2.341584	1.625435	10.385232
MGYG000000191__gradient_L9_mos_gapseq	1870	2322	639	bio1	2.473404	1.630949	10.491334
MGYG000000193__gradient_L0_base_gapseq	1362	1585	429	bio1	0.674146	1.209544	5.072637
MGYG000000193__gradient_L1_inulin_gapseq	1362	1585	429	bio1	0.781567	1.167234	5.027108
MGYG000000193__gradient_L2_fos_gapseq	1362	1585	429	bio1	0.781567	1.210721	5.092454
MGYG000000193__gradient_L3_gos_gapseq	1362	1585	429	bio1	0.998189	1.104474	5.092042
MGYG000000193__gradient_L4_xos_gapseq	1362	1585	429	bio1	1.074554	1.160252	5.006081
MGYG000000193__gradient_L5_pectin_gapseq	1362	1585	429	bio1	1.074554	1.169959	5.013561
MGYG000000193__gradient_L6_resistant_starch_gapseq	1362	1585	429	bio1	1.524107	1.189353	5.004707
MGYG000000193__gradient_L7_bglucan_gapseq	1362	1585	429	bio1	1.675473	1.118215	5.135757
MGYG000000193__gradient_L8_hmo_gapseq	1362	1585	429	bio1	1.785475	1.152846	5.020719
MGYG000000193__gradient_L9_mos_gapseq	1362	1585	429	bio1	1.854567	1.175117	5.030420
MGYG000000201__gradient_L0_base_gapseq	1485	1742	553	bio1	0.000000	1.283500	0.071561
MGYG000000201__gradient_L1_inulin_gapseq	1485	1742	553	bio1	0.000000	1.210066	0.072228
MGYG000000201__gradient_L2_fos_gapseq	1485	1742	553	bio1	0.000000	1.285617	0.072827
MGYG000000201__gradient_L3_gos_gapseq	1485	1742	553	bio1	1.300001	1.286610	5.911258
MGYG000000201__gradient_L4_xos_gapseq	1485	1742	553	bio1	1.487167	1.305937	5.937607
MGYG000000201__gradient_L5_pectin_gapseq	1485	1742	553	bio1	1.487167	1.212003	6.010835
MGYG000000201__gradient_L6_resistant_starch_gapseq	1485	1742	553	bio1	2.078727	1.211957	5.993357
MGYG000000201__gradient_L7_bglucan_gapseq	1485	1742	553	bio1	2.277113	1.216149	6.022851
MGYG000000201__gradient_L8_hmo_gapseq	1485	1742	553	bio1	2.420871	1.206670	6.004576
MGYG000000201__gradient_L9_mos_gapseq	1485	1742	553	bio1	2.524377	1.283658	5.957250
MGYG000000202__gradient_L0_base_gapseq	1586	1807	517	bio1	0.675504	1.249633	6.466792
MGYG000000202__gradient_L1_inulin_gapseq	1586	1807	517	bio1	1.001992	1.277377	6.322252
MGYG000000202__gradient_L2_fos_gapseq	1586	1807	517	bio1	1.001992	1.350156	6.363270
MGYG000000202__gradient_L3_gos_gapseq	1586	1807	517	bio1	1.327384	1.394074	6.330768
MGYG000000202__gradient_L4_xos_gapseq	1586	1807	517	bio1	1.474585	1.390316	6.375364
MGYG000000202__gradient_L5_pectin_gapseq	1586	1807	517	bio1	1.532691	1.332931	6.323549
MGYG000000202__gradient_L6_resistant_starch_gapseq	1586	1807	517	bio1	2.224149	1.368434	6.315964
MGYG000000202__gradient_L7_bglucan_gapseq	1586	1807	517	bio1	2.448365	1.342835	6.353642
MGYG000000202__gradient_L8_hmo_gapseq	1586	1807	517	bio1	2.602643	1.330461	6.342822
MGYG000000202__gradient_L9_mos_gapseq	1586	1807	517	bio1	2.753157	1.257161	6.433356
MGYG000000213__gradient_L0_base_gapseq	1429	1656	463	bio1	0.825660	1.242467	5.332448
MGYG000000213__gradient_L1_inulin_gapseq	1429	1656	463	bio1	1.103866	1.180837	5.292996
MGYG000000213__gradient_L2_fos_gapseq	1429	1656	463	bio1	1.103866	1.286891	5.299360
MGYG000000213__gradient_L3_gos_gapseq	1429	1656	463	bio1	1.403187	1.158912	5.401783
MGYG000000213__gradient_L4_xos_gapseq	1429	1656	463	bio1	1.543294	1.182615	5.364939
MGYG000000213__gradient_L5_pectin_gapseq	1429	1656	463	bio1	1.543294	1.200517	5.378637
MGYG000000213__gradient_L6_resistant_starch_gapseq	1429	1656	463	bio1	2.131321	1.241713	5.330568
MGYG000000213__gradient_L7_bglucan_gapseq	1429	1656	463	bio1	2.328745	1.259178	5.382684
MGYG000000213__gradient_L8_hmo_gapseq	1429	1656	463	bio1	2.328745	1.254716	5.295171
MGYG000000213__gradient_L9_mos_gapseq	1429	1656	463	bio1	2.464606	1.177351	5.389120
MGYG000000231__gradient_L0_base_gapseq	1425	1587	387	bio1	0.000000	1.130720	0.063713
MGYG000000231__gradient_L1_inulin_gapseq	1425	1587	387	bio1	0.000000	1.211460	0.062785
MGYG000000231__gradient_L2_fos_gapseq	1425	1587	387	bio1	0.000000	1.124734	0.061866
MGYG000000231__gradient_L3_gos_gapseq	1425	1587	387	bio1	0.665982	1.264485	5.021224
MGYG000000231__gradient_L4_xos_gapseq	1425	1587	387	bio1	0.665982	1.210630	4.968691
MGYG000000231__gradient_L5_pectin_gapseq	1425	1587	387	bio1	0.665982	1.221891	4.969972
MGYG000000231__gradient_L6_resistant_starch_gapseq	1425	1587	387	bio1	1.181973	1.137636	5.024105
MGYG000000231__gradient_L7_bglucan_gapseq	1425	1587	387	bio1	1.363989	1.140715	4.951774
MGYG000000231__gradient_L8_hmo_gapseq	1425	1587	387	bio1	1.363989	1.219511	4.978684
MGYG000000231__gradient_L9_mos_gapseq	1425	1587	387	bio1	1.453873	1.220838	4.939978
MGYG000000249__gradient_L0_base_gapseq	1405	1623	482	bio1	0.996483	1.184358	5.216360
MGYG000000249__gradient_L1_inulin_gapseq	1405	1623	482	bio1	1.278001	1.213273	5.125369
MGYG000000249__gradient_L2_fos_gapseq	1405	1623	482	bio1	1.278001	1.259568	5.119127
MGYG000000249__gradient_L3_gos_gapseq	1405	1623	482	bio1	1.561271	1.260715	5.129007
MGYG000000249__gradient_L4_xos_gapseq	1405	1623	482	bio1	1.631114	1.255237	5.174815
MGYG000000249__gradient_L5_pectin_gapseq	1405	1623	482	bio1	1.674708	1.140021	5.227982
MGYG000000249__gradient_L6_resistant_starch_gapseq	1405	1623	482	bio1	2.278657	1.149300	5.236738
MGYG000000249__gradient_L7_bglucan_gapseq	1405	1623	482	bio1	2.479973	1.154097	5.112851
MGYG000000249__gradient_L8_hmo_gapseq	1405	1623	482	bio1	2.479973	1.247908	5.096802
MGYG000000249__gradient_L9_mos_gapseq	1405	1623	482	bio1	2.479973	1.235965	5.104929
MGYG000000257__gradient_L0_base_gapseq	1165	1318	333	bio1	0.749695	0.910221	3.587910
MGYG000000257__gradient_L1_inulin_gapseq	1165	1318	333	bio1	1.040528	0.903320	3.533772
MGYG000000257__gradient_L2_fos_gapseq	1165	1318	333	bio1	1.040528	0.979041	3.504834
MGYG000000257__gradient_L3_gos_gapseq	1165	1318	333	bio1	1.335906	0.915980	3.566267
MGYG000000257__gradient_L4_xos_gapseq	1165	1318	333	bio1	1.335906	0.926462	3.520827
MGYG000000257__gradient_L5_pectin_gapseq	1165	1318	333	bio1	1.335906	0.967828	3.522808
MGYG000000257__gradient_L6_resistant_starch_gapseq	1165	1318	333	bio1	1.955753	0.912935	3.573900
MGYG000000257__gradient_L7_bglucan_gapseq	1165	1318	333	bio1	1.955753	0.916579	3.515253
MGYG000000257__gradient_L8_hmo_gapseq	1165	1318	333	bio1	1.955753	0.968095	3.522302
MGYG000000257__gradient_L9_mos_gapseq	1165	1318	333	bio1	2.098967	0.910748	3.593115
MGYG000000260__gradient_L0_base_gapseq	1066	1179	321	bio1	0.402733	0.802244	2.934547
MGYG000000260__gradient_L1_inulin_gapseq	1066	1179	321	bio1	0.498624	0.806033	2.860117
MGYG000000260__gradient_L2_fos_gapseq	1066	1179	321	bio1	0.498624	0.884645	2.851984
MGYG000000260__gradient_L3_gos_gapseq	1066	1179	321	bio1	0.671228	0.825357	2.872602
MGYG000000260__gradient_L4_xos_gapseq	1066	1179	321	bio1	0.671228	0.862782	2.851741
MGYG000000260__gradient_L5_pectin_gapseq	1066	1179	321	bio1	0.671228	0.816502	2.932960
MGYG000000260__gradient_L6_resistant_starch_gapseq	1066	1179	321	bio1	1.074817	0.811614	2.854987
MGYG000000260__gradient_L7_bglucan_gapseq	1066	1179	321	bio1	1.074817	0.822862	2.920033
MGYG000000260__gradient_L8_hmo_gapseq	1066	1179	321	bio1	1.074817	0.817425	2.856540
MGYG000000260__gradient_L9_mos_gapseq	1066	1179	321	bio1	1.168894	0.857584	2.864591
MGYG000000266__gradient_L0_base_gapseq	1159	1315	334	bio1	0.800235	0.932041	3.514618
MGYG000000266__gradient_L1_inulin_gapseq	1159	1315	334	bio1	1.093441	0.967949	3.519579
MGYG000000266__gradient_L2_fos_gapseq	1159	1315	334	bio1	1.093441	0.909787	3.604404
MGYG000000266__gradient_L3_gos_gapseq	1159	1315	334	bio1	1.388606	0.903871	3.517139
MGYG000000266__gradient_L4_xos_gapseq	1159	1315	334	bio1	1.388606	0.980431	3.514497
MGYG000000266__gradient_L5_pectin_gapseq	1159	1315	334	bio1	1.388606	0.910119	3.526376
MGYG000000266__gradient_L6_resistant_starch_gapseq	1159	1315	334	bio1	2.008004	0.969336	3.509526
MGYG000000266__gradient_L7_bglucan_gapseq	1159	1315	334	bio1	2.008004	0.970539	3.547056
MGYG000000266__gradient_L8_hmo_gapseq	1159	1315	334	bio1	2.008004	0.908155	3.486987
MGYG000000266__gradient_L9_mos_gapseq	1159	1315	334	bio1	2.151114	0.998519	3.497579
MGYG000000275__gradient_L0_base_gapseq	1167	1277	331	bio1	0.759900	0.891050	3.439980
MGYG000000275__gradient_L1_inulin_gapseq	1167	1277	331	bio1	0.907724	0.895123	3.328201
MGYG000000275__gradient_L2_fos_gapseq	1167	1277	331	bio1	0.907724	0.958345	3.350695
MGYG000000275__gradient_L3_gos_gapseq	1167	1277	331	bio1	1.204792	0.893373	3.347552
MGYG000000275__gradient_L4_xos_gapseq	1167	1277	331	bio1	1.204792	0.954478	3.311793
MGYG000000275__gradient_L5_pectin_gapseq	1167	1277	331	bio1	1.204792	0.891886	3.387053
MGYG000000275__gradient_L6_resistant_starch_gapseq	1167	1277	331	bio1	1.821669	0.896922	3.311161
MGYG000000275__gradient_L7_bglucan_gapseq	1167	1277	331	bio1	1.821669	0.954540	3.306981
MGYG000000275__gradient_L8_hmo_gapseq	1167	1277	331	bio1	1.821669	0.893934	3.392918
MGYG000000275__gradient_L9_mos_gapseq	1167	1277	331	bio1	1.964196	0.901430	3.308098
MGYG000000279__gradient_L0_base_gapseq	1299	1421	333	bio1	0.427779	1.064117	4.088691
MGYG000000279__gradient_L1_inulin_gapseq	1299	1421	333	bio1	0.557482	1.018491	4.192992
MGYG000000279__gradient_L2_fos_gapseq	1299	1421	333	bio1	0.557482	1.000081	4.121813
MGYG000000279__gradient_L3_gos_gapseq	1299	1421	333	bio1	0.557482	1.080992	4.109709
MGYG000000279__gradient_L4_xos_gapseq	1299	1421	333	bio1	0.557482	1.007532	4.210639
MGYG000000279__gradient_L5_pectin_gapseq	1299	1421	333	bio1	0.557482	0.999402	4.109235
MGYG000000279__gradient_L6_resistant_starch_gapseq	1299	1421	333	bio1	0.557482	1.084449	4.123291
MGYG000000279__gradient_L7_bglucan_gapseq	1299	1421	333	bio1	0.557482	1.045876	4.119717
MGYG000000279__gradient_L8_hmo_gapseq	1299	1421	333	bio1	0.557482	1.006096	4.194180
MGYG000000279__gradient_L9_mos_gapseq	1299	1421	333	bio1	0.557482	1.003859	4.157053
MGYG000000281__gradient_L0_base_gapseq	1509	1734	550	bio1	0.000000	1.295665	0.072503
MGYG000000281__gradient_L1_inulin_gapseq	1509	1734	550	bio1	0.000000	1.281965	0.075011
MGYG000000281__gradient_L2_fos_gapseq	1509	1734	550	bio1	0.000000	1.369196	0.073941
MGYG000000281__gradient_L3_gos_gapseq	1509	1734	550	bio1	1.567308	1.226331	5.909712
MGYG000000281__gradient_L4_xos_gapseq	1509	1734	550	bio1	1.719831	1.228077	5.928169
MGYG000000281__gradient_L5_pectin_gapseq	1509	1734	550	bio1	1.719831	1.311620	5.955768
MGYG000000281__gradient_L6_resistant_starch_gapseq	1509	1734	550	bio1	2.466379	1.219824	5.797599
MGYG000000281__gradient_L7_bglucan_gapseq	1509	1734	550	bio1	2.716654	1.361443	5.829383
MGYG000000281__gradient_L8_hmo_gapseq	1509	1734	550	bio1	2.716654	1.326952	5.832797
MGYG000000281__gradient_L9_mos_gapseq	1509	1734	550	bio1	2.853557	1.294593	5.853033
MGYG000000288__gradient_L0_base_gapseq	1137	1273	308	bio1	0.729892	0.944877	3.302288
MGYG000000288__gradient_L1_inulin_gapseq	1137	1273	308	bio1	1.019580	0.875412	3.303916
MGYG000000288__gradient_L2_fos_gapseq	1137	1273	308	bio1	1.019580	0.955215	3.317979
MGYG000000288__gradient_L3_gos_gapseq	1137	1273	308	bio1	1.313436	0.870536	3.363830
MGYG000000288__gradient_L4_xos_gapseq	1137	1273	308	bio1	1.348994	0.875284	3.303289
MGYG000000288__gradient_L5_pectin_gapseq	1137	1273	308	bio1	1.348994	0.930932	3.294725
MGYG000000288__gradient_L6_resistant_starch_gapseq	1137	1273	308	bio1	1.982340	0.869329	3.370003
MGYG000000288__gradient_L7_bglucan_gapseq	1137	1273	308	bio1	1.982340	0.874853	3.290642
MGYG000000288__gradient_L8_hmo_gapseq	1137	1273	308	bio1	1.982340	0.946822	3.278543
MGYG000000288__gradient_L9_mos_gapseq	1137	1273	308	bio1	2.128673	0.871543	3.289907
MGYG000000296__gradient_L0_base_gapseq	1300	1444	299	bio1	0.000000	1.080098	0.046287
MGYG000000296__gradient_L1_inulin_gapseq	1300	1444	299	bio1	0.000000	1.003646	0.047255
MGYG000000296__gradient_L2_fos_gapseq	1300	1444	299	bio1	0.000000	1.088715	0.047876
MGYG000000296__gradient_L3_gos_gapseq	1300	1444	299	bio1	1.021753	1.032853	4.159488
MGYG000000296__gradient_L4_xos_gapseq	1300	1444	299	bio1	1.063176	1.098227	4.158823
MGYG000000296__gradient_L5_pectin_gapseq	1300	1444	299	bio1	1.063176	1.086617	4.149976
MGYG000000296__gradient_L6_resistant_starch_gapseq	1300	1444	299	bio1	1.562551	1.028376	4.207298
MGYG000000296__gradient_L7_bglucan_gapseq	1300	1444	299	bio1	1.562551	1.012245	4.206202
MGYG000000296__gradient_L8_hmo_gapseq	1300	1444	299	bio1	1.562551	1.062651	4.142404
MGYG000000296__gradient_L9_mos_gapseq	1300	1444	299	bio1	1.562551	1.037606	4.216700
MGYG000000303__gradient_L0_base_gapseq	1289	1525	328	bio1	0.000000	1.149686	0.057229
MGYG000000303__gradient_L1_inulin_gapseq	1289	1525	328	bio1	0.000000	1.052824	0.057882
MGYG000000303__gradient_L2_fos_gapseq	1289	1525	328	bio1	0.000000	1.140668	0.057306
MGYG000000303__gradient_L3_gos_gapseq	1289	1525	328	bio1	0.707193	1.092198	4.575211
MGYG000000303__gradient_L4_xos_gapseq	1289	1525	328	bio1	0.770884	1.060497	4.494364
MGYG000000303__gradient_L5_pectin_gapseq	1289	1525	328	bio1	0.770884	1.129324	4.496664
MGYG000000303__gradient_L6_resistant_starch_gapseq	1289	1525	328	bio1	1.287487	1.147532	4.503892
MGYG000000303__gradient_L7_bglucan_gapseq	1289	1525	328	bio1	1.287487	1.069761	4.567501
MGYG000000303__gradient_L8_hmo_gapseq	1289	1525	328	bio1	1.287487	1.076637	4.479299
MGYG000000303__gradient_L9_mos_gapseq	1289	1525	328	bio1	1.391279	1.152576	4.488052
MGYG000000319__gradient_L0_base_gapseq	1140	1260	304	bio1	0.665692	0.879744	3.206432
MGYG000000319__gradient_L1_inulin_gapseq	1140	1260	304	bio1	0.857902	0.945886	3.223155
MGYG000000319__gradient_L2_fos_gapseq	1140	1260	304	bio1	0.857902	0.891705	3.307474
MGYG000000319__gradient_L3_gos_gapseq	1140	1260	304	bio1	1.047578	0.870669	3.215900
MGYG000000319__gradient_L4_xos_gapseq	1140	1260	304	bio1	1.047578	0.965377	3.222953
MGYG000000319__gradient_L5_pectin_gapseq	1140	1260	304	bio1	1.047578	0.906772	3.212709
MGYG000000319__gradient_L6_resistant_starch_gapseq	1140	1260	304	bio1	1.443646	0.937532	3.212115
MGYG000000319__gradient_L7_bglucan_gapseq	1140	1260	304	bio1	1.443646	0.887714	3.301700
MGYG000000319__gradient_L8_hmo_gapseq	1140	1260	304	bio1	1.443646	0.870406	3.240792
MGYG000000319__gradient_L9_mos_gapseq	1140	1260	304	bio1	1.443646	0.958160	3.203225
MGYG000000322__gradient_L0_base_gapseq	1371	1580	411	bio1	0.000000	1.216926	0.061935
MGYG000000322__gradient_L1_inulin_gapseq	1371	1580	411	bio1	0.000000	1.103588	0.062705
MGYG000000322__gradient_L2_fos_gapseq	1371	1580	411	bio1	0.000000	1.217047	0.062417
MGYG000000322__gradient_L3_gos_gapseq	1371	1580	411	bio1	1.366314	1.122316	4.997911
MGYG000000322__gradient_L4_xos_gapseq	1371	1580	411	bio1	1.366314	1.130044	4.910362
MGYG000000322__gradient_L5_pectin_gapseq	1371	1580	411	bio1	1.366314	1.203243	4.904080
MGYG000000322__gradient_L6_resistant_starch_gapseq	1371	1580	411	bio1	2.090402	1.213096	4.936585
MGYG000000322__gradient_L7_bglucan_gapseq	1371	1580	411	bio1	2.276100	1.204930	4.996863
MGYG000000322__gradient_L8_hmo_gapseq	1371	1580	411	bio1	2.276100	1.087895	5.012704
MGYG000000322__gradient_L9_mos_gapseq	1371	1580	411	bio1	2.276100	1.115399	4.925191
MGYG000000337__gradient_L0_base_gapseq	1929	2341	750	bio1	0.938823	1.717121	10.534623
MGYG000000337__gradient_L1_inulin_gapseq	1929	2341	750	bio1	1.169921	1.718579	10.526563
MGYG000000337__gradient_L2_fos_gapseq	1929	2341	750	bio1	1.169921	1.806899	10.557621
MGYG000000337__gradient_L3_gos_gapseq	1929	2341	750	bio1	1.393796	1.702761	10.509297
MGYG000000337__gradient_L4_xos_gapseq	1929	2341	750	bio1	1.437127	1.842367	10.498702
MGYG000000337__gradient_L5_pectin_gapseq	1929	2341	750	bio1	1.437127	1.710118	10.533422
MGYG000000337__gradient_L6_resistant_starch_gapseq	1929	2341	750	bio1	1.747664	1.711815	10.542185
MGYG000000337__gradient_L7_bglucan_gapseq	1929	2341	750	bio1	1.747664	1.806242	10.527378
MGYG000000337__gradient_L8_hmo_gapseq	1929	2341	750	bio1	1.747664	1.718438	10.503922
MGYG000000337__gradient_L9_mos_gapseq	1929	2341	750	bio1	1.863213	1.819724	10.514333
MGYG000000363__gradient_L0_base_gapseq	1240	1313	222	bio1	0.000000	0.986934	0.043341
MGYG000000363__gradient_L1_inulin_gapseq	1240	1313	222	bio1	0.000000	0.915944	0.043032
MGYG000000363__gradient_L2_fos_gapseq	1240	1313	222	bio1	0.000000	0.977078	0.043522
MGYG000000363__gradient_L3_gos_gapseq	1240	1313	222	bio1	0.352164	0.921623	3.516268
MGYG000000363__gradient_L4_xos_gapseq	1240	1313	222	bio1	0.352164	0.987292	3.510559
MGYG000000363__gradient_L5_pectin_gapseq	1240	1313	222	bio1	0.352164	0.930656	3.588603
MGYG000000363__gradient_L6_resistant_starch_gapseq	1240	1313	222	bio1	0.730044	0.913378	3.520176
MGYG000000363__gradient_L7_bglucan_gapseq	1240	1313	222	bio1	0.730044	0.970056	3.533627
MGYG000000363__gradient_L8_hmo_gapseq	1240	1313	222	bio1	0.730044	0.944830	3.619879
MGYG000000363__gradient_L9_mos_gapseq	1240	1313	222	bio1	0.771174	0.914604	3.500009
MGYG000000364__gradient_L0_base_gapseq	1319	1487	386	bio1	0.000000	1.110559	0.050584
MGYG000000364__gradient_L1_inulin_gapseq	1319	1487	386	bio1	0.000000	1.063088	0.051076
MGYG000000364__gradient_L2_fos_gapseq	1319	1487	386	bio1	0.000000	1.130827	0.050894
MGYG000000364__gradient_L3_gos_gapseq	1319	1487	386	bio1	0.567272	1.036248	4.426509
MGYG000000364__gradient_L4_xos_gapseq	1319	1487	386	bio1	0.567272	1.119647	4.455202
MGYG000000364__gradient_L5_pectin_gapseq	1319	1487	386	bio1	0.567272	1.116665	4.398599
MGYG000000364__gradient_L6_resistant_starch_gapseq	1319	1487	386	bio1	1.017450	1.083064	4.437936
MGYG000000364__gradient_L7_bglucan_gapseq	1319	1487	386	bio1	1.176284	1.047831	4.406298
MGYG000000364__gradient_L8_hmo_gapseq	1319	1487	386	bio1	1.176284	1.142213	4.396030
MGYG000000364__gradient_L9_mos_gapseq	1319	1487	386	bio1	1.249946	1.112034	4.399237
MGYG000000375__gradient_L0_base_gapseq	975	924	131	bio1	0.000000	0.653107	0.022314
MGYG000000375__gradient_L1_inulin_gapseq	975	924	131	bio1	0.000000	0.729896	0.026964
MGYG000000375__gradient_L2_fos_gapseq	975	924	131	bio1	0.000000	0.659848	0.026132
MGYG000000375__gradient_L3_gos_gapseq	975	924	131	bio1	0.000000	0.650921	0.026115
MGYG000000375__gradient_L4_xos_gapseq	975	924	131	bio1	0.000000	0.662982	0.104635
MGYG000000375__gradient_L5_pectin_gapseq	975	924	131	bio1	0.000000	0.660130	0.026412
MGYG000000375__gradient_L6_resistant_starch_gapseq	975	924	131	bio1	0.000000	0.746057	0.026082
MGYG000000375__gradient_L7_bglucan_gapseq	975	924	131	bio1	0.000000	0.676494	0.027135
MGYG000000375__gradient_L8_hmo_gapseq	975	924	131	bio1	0.000000	0.774611	0.026058
MGYG000000375__gradient_L9_mos_gapseq	975	924	131	bio1	0.000000	0.656787	0.026057
MGYG000000377__gradient_L0_base_gapseq	1297	1414	332	bio1	0.000000	1.013919	0.136389
MGYG000000377__gradient_L1_inulin_gapseq	1297	1414	332	bio1	0.000000	1.024021	0.053343
MGYG000000377__gradient_L2_fos_gapseq	1297	1414	332	bio1	0.000000	1.036531	0.052781
MGYG000000377__gradient_L3_gos_gapseq	1297	1414	332	bio1	0.000000	1.110200	0.053952
MGYG000000377__gradient_L4_xos_gapseq	1297	1414	332	bio1	0.621660	1.020861	4.115802
MGYG000000377__gradient_L5_pectin_gapseq	1297	1414	332	bio1	0.621660	1.004245	3.991257
MGYG000000377__gradient_L6_resistant_starch_gapseq	1297	1414	332	bio1	0.748370	1.077220	4.016233
MGYG000000377__gradient_L7_bglucan_gapseq	1297	1414	332	bio1	0.930362	1.082863	4.012204
MGYG000000377__gradient_L8_hmo_gapseq	1297	1414	332	bio1	0.930362	1.027272	4.055750
MGYG000000377__gradient_L9_mos_gapseq	1297	1414	332	bio1	0.930362	1.021507	4.001331
MGYG000000398__gradient_L0_base_gapseq	1515	1668	402	bio1	0.000000	1.299074	0.071904
MGYG000000398__gradient_L1_inulin_gapseq	1515	1668	402	bio1	0.000000	1.202476	0.136546
MGYG000000398__gradient_L2_fos_gapseq	1515	1668	402	bio1	0.000000	1.176218	0.069914
MGYG000000398__gradient_L3_gos_gapseq	1515	1668	402	bio1	0.975661	1.250004	5.501090
MGYG000000398__gradient_L4_xos_gapseq	1515	1668	402	bio1	0.975661	1.167193	5.602330
MGYG000000398__gradient_L5_pectin_gapseq	1515	1668	402	bio1	0.975661	1.187157	5.575603
MGYG000000398__gradient_L6_resistant_starch_gapseq	1515	1668	402	bio1	1.565030	1.175689	5.599664
MGYG000000398__gradient_L7_bglucan_gapseq	1515	1668	402	bio1	1.762518	1.172209	5.429857
MGYG000000398__gradient_L8_hmo_gapseq	1515	1668	402	bio1	1.762518	1.245008	5.432095
MGYG000000398__gradient_L9_mos_gapseq	1515	1668	402	bio1	1.762518	1.252279	5.433341
MGYG000000416__gradient_L0_base_gapseq	1056	1090	218	bio1	0.000000	0.831522	0.029624
MGYG000000416__gradient_L1_inulin_gapseq	1056	1090	218	bio1	0.000000	0.750922	0.029715
MGYG000000416__gradient_L2_fos_gapseq	1056	1090	218	bio1	0.000000	0.753209	0.029638
MGYG000000416__gradient_L3_gos_gapseq	1056	1090	218	bio1	0.229929	0.838768	2.455210
MGYG000000416__gradient_L4_xos_gapseq	1056	1090	218	bio1	0.229929	0.762104	2.473927
MGYG000000416__gradient_L5_pectin_gapseq	1056	1090	218	bio1	0.229929	0.823149	2.465387
MGYG000000416__gradient_L6_resistant_starch_gapseq	1056	1090	218	bio1	0.229929	0.757955	2.478614
MGYG000000416__gradient_L7_bglucan_gapseq	1056	1090	218	bio1	0.229929	0.833890	2.482177
MGYG000000416__gradient_L8_hmo_gapseq	1056	1090	218	bio1	0.229929	0.760541	2.490615
MGYG000000416__gradient_L9_mos_gapseq	1056	1090	218	bio1	0.229929	0.803924	2.477922
MGYG000000435__gradient_L0_base_gapseq	912	974	206	bio1	0.000000	0.662522	0.027339
MGYG000000435__gradient_L1_inulin_gapseq	912	974	206	bio1	0.335856	0.720632	1.986367
MGYG000000435__gradient_L2_fos_gapseq	912	974	206	bio1	0.335856	0.666962	1.973426
MGYG000000435__gradient_L3_gos_gapseq	912	974	206	bio1	0.614983	0.682608	2.054268
MGYG000000435__gradient_L4_xos_gapseq	912	974	206	bio1	0.678525	0.662441	1.973294
MGYG000000435__gradient_L5_pectin_gapseq	912	974	206	bio1	0.728449	0.670908	1.974474
MGYG000000435__gradient_L6_resistant_starch_gapseq	912	974	206	bio1	1.343729	0.716043	1.972125
MGYG000000435__gradient_L7_bglucan_gapseq	912	974	206	bio1	1.556918	0.670610	1.969335
MGYG000000435__gradient_L8_hmo_gapseq	912	974	206	bio1	1.556918	0.704128	2.013768
MGYG000000435__gradient_L9_mos_gapseq	912	974	206	bio1	1.660282	0.755124	1.970445
MGYG000000442__gradient_L0_base_gapseq	1390	1512	419	bio1	0.484874	1.165109	4.648435
MGYG000000442__gradient_L1_inulin_gapseq	1390	1512	419	bio1	0.484874	1.080986	4.776390
MGYG000000442__gradient_L2_fos_gapseq	1390	1512	419	bio1	0.484874	1.047443	4.632851
MGYG000000442__gradient_L3_gos_gapseq	1390	1512	419	bio1	0.561070	1.145347	4.661630
MGYG000000442__gradient_L4_xos_gapseq	1390	1512	419	bio1	0.561070	1.150128	4.648097
MGYG000000442__gradient_L5_pectin_gapseq	1390	1512	419	bio1	0.593396	1.107910	4.737743
MGYG000000442__gradient_L6_resistant_starch_gapseq	1390	1512	419	bio1	0.667283	1.084283	4.628134
MGYG000000442__gradient_L7_bglucan_gapseq	1390	1512	419	bio1	0.667283	1.162696	4.645520
MGYG000000442__gradient_L8_hmo_gapseq	1390	1512	419	bio1	0.667283	1.167894	4.638301
MGYG000000442__gradient_L9_mos_gapseq	1390	1512	419	bio1	0.667283	1.101263	4.725526
MGYG000000462__gradient_L0_base_gapseq	1126	1225	253	bio1	0.000000	0.907885	0.035218
MGYG000000462__gradient_L1_inulin_gapseq	1126	1225	253	bio1	0.098338	0.826627	3.115716
MGYG000000462__gradient_L2_fos_gapseq	1126	1225	253	bio1	0.098338	0.898423	3.135479
MGYG000000462__gradient_L3_gos_gapseq	1126	1225	253	bio1	0.098338	0.845055	3.112619
MGYG000000462__gradient_L4_xos_gapseq	1126	1225	253	bio1	0.098338	0.886108	3.111525
MGYG000000462__gradient_L5_pectin_gapseq	1126	1225	253	bio1	0.098338	0.838807	3.177015
MGYG000000462__gradient_L6_resistant_starch_gapseq	1126	1225	253	bio1	0.098338	0.843060	3.095233
MGYG000000462__gradient_L7_bglucan_gapseq	1126	1225	253	bio1	0.098338	0.909834	3.106781
MGYG000000462__gradient_L8_hmo_gapseq	1126	1225	253	bio1	0.098338	0.848877	3.112660
MGYG000000462__gradient_L9_mos_gapseq	1126	1225	253	bio1	0.098338	0.885211	3.095594
MGYG000000464__gradient_L0_base_gapseq	1056	1069	184	bio1	0.000000	0.733008	0.034194
MGYG000000464__gradient_L1_inulin_gapseq	1056	1069	184	bio1	0.279341	0.838192	2.351001
MGYG000000464__gradient_L2_fos_gapseq	1056	1069	184	bio1	0.279341	0.736002	2.347185
MGYG000000464__gradient_L3_gos_gapseq	1056	1069	184	bio1	0.279341	0.804742	2.357033
MGYG000000464__gradient_L4_xos_gapseq	1056	1069	184	bio1	0.279341	0.747435	2.361041
MGYG000000464__gradient_L5_pectin_gapseq	1056	1069	184	bio1	0.279341	0.790296	2.353059
MGYG000000464__gradient_L6_resistant_starch_gapseq	1056	1069	184	bio1	0.419659	0.746073	2.359428
MGYG000000464__gradient_L7_bglucan_gapseq	1056	1069	184	bio1	0.419659	0.823477	2.356487
MGYG000000464__gradient_L8_hmo_gapseq	1056	1069	184	bio1	0.419659	0.745743	2.358534
MGYG000000464__gradient_L9_mos_gapseq	1056	1069	184	bio1	0.534115	0.799295	2.375160
MGYG000000482__gradient_L0_base_gapseq	692	652	93	bio1	0.000000	0.429173	0.015274
MGYG000000482__gradient_L1_inulin_gapseq	692	652	93	bio1	0.000000	0.437217	0.018181
MGYG000000482__gradient_L2_fos_gapseq	692	652	93	bio1	0.000000	0.433648	0.017973
MGYG000000482__gradient_L3_gos_gapseq	692	652	93	bio1	0.000000	0.532577	0.018020
MGYG000000482__gradient_L4_xos_gapseq	692	652	93	bio1	0.000000	0.452893	0.018129
MGYG000000482__gradient_L5_pectin_gapseq	692	652	93	bio1	0.000000	0.455611	0.018261
MGYG000000482__gradient_L6_resistant_starch_gapseq	692	652	93	bio1	0.000000	0.463754	0.018127
MGYG000000482__gradient_L7_bglucan_gapseq	692	652	93	bio1	0.000000	0.465956	0.017972
MGYG000000482__gradient_L8_hmo_gapseq	692	652	93	bio1	0.000000	0.433220	0.017936
MGYG000000482__gradient_L9_mos_gapseq	692	652	93	bio1	0.000000	0.506824	0.018128
MGYG000000489__gradient_L0_base_gapseq	1372	1592	405	bio1	0.250295	1.126101	5.079113
MGYG000000489__gradient_L1_inulin_gapseq	1372	1592	405	bio1	0.520901	1.169455	5.087896
MGYG000000489__gradient_L2_fos_gapseq	1372	1592	405	bio1	0.520901	1.224121	5.071234
MGYG000000489__gradient_L3_gos_gapseq	1372	1592	405	bio1	0.765237	1.200907	5.064509
MGYG000000489__gradient_L4_xos_gapseq	1372	1592	405	bio1	0.884468	1.147494	5.139453
MGYG000000489__gradient_L5_pectin_gapseq	1372	1592	405	bio1	0.884468	1.136696	5.060681
MGYG000000489__gradient_L6_resistant_starch_gapseq	1372	1592	405	bio1	1.368966	1.218231	5.028375
MGYG000000489__gradient_L7_bglucan_gapseq	1372	1592	405	bio1	1.543043	1.204610	5.038812
MGYG000000489__gradient_L8_hmo_gapseq	1372	1592	405	bio1	1.543043	1.114743	5.107364
MGYG000000489__gradient_L9_mos_gapseq	1372	1592	405	bio1	1.543043	1.126361	5.142657
MGYG000000515__gradient_L0_base_gapseq	1359	1522	368	bio1	0.000000	1.098370	0.061365
MGYG000000515__gradient_L1_inulin_gapseq	1359	1522	368	bio1	0.000000	1.152594	0.063722
MGYG000000515__gradient_L2_fos_gapseq	1359	1522	368	bio1	0.000000	1.056274	0.062388
MGYG000000515__gradient_L3_gos_gapseq	1359	1522	368	bio1	0.000000	1.150310	0.062988
MGYG000000515__gradient_L4_xos_gapseq	1359	1522	368	bio1	0.640821	1.078225	4.707287
MGYG000000515__gradient_L5_pectin_gapseq	1359	1522	368	bio1	0.640821	1.056718	4.604211
MGYG000000515__gradient_L6_resistant_starch_gapseq	1359	1522	368	bio1	1.152857	1.157745	4.607709
MGYG000000515__gradient_L7_bglucan_gapseq	1359	1522	368	bio1	1.334889	1.155081	4.645229
MGYG000000515__gradient_L8_hmo_gapseq	1359	1522	368	bio1	1.334889	1.081040	4.702210
MGYG000000515__gradient_L9_mos_gapseq	1359	1522	368	bio1	1.424781	1.061520	4.629448
MGYG000000519__gradient_L0_base_gapseq	1033	1050	189	bio1	0.000000	0.805218	0.032309
MGYG000000519__gradient_L1_inulin_gapseq	1033	1050	189	bio1	1.080395	0.731145	2.314975
MGYG000000519__gradient_L2_fos_gapseq	1033	1050	189	bio1	1.080395	0.781154	2.324369
MGYG000000519__gradient_L3_gos_gapseq	1033	1050	189	bio1	1.183692	0.728727	2.315068
MGYG000000519__gradient_L4_xos_gapseq	1033	1050	189	bio1	1.183692	0.722984	2.421262
MGYG000000519__gradient_L5_pectin_gapseq	1033	1050	189	bio1	1.183692	0.724754	2.297453
MGYG000000519__gradient_L6_resistant_starch_gapseq	1033	1050	189	bio1	1.330602	0.722287	2.366714
MGYG000000519__gradient_L7_bglucan_gapseq	1033	1050	189	bio1	1.330602	0.725611	2.297580
MGYG000000519__gradient_L8_hmo_gapseq	1033	1050	189	bio1	1.330602	0.727684	2.356699
MGYG000000519__gradient_L9_mos_gapseq	1033	1050	189	bio1	1.330602	0.728704	2.312221
MGYG000000524__gradient_L0_base_gapseq	1037	1039	212	bio1	0.000000	0.728024	0.028413
MGYG000000524__gradient_L1_inulin_gapseq	1037	1039	212	bio1	0.000000	0.727670	0.032375
MGYG000000524__gradient_L2_fos_gapseq	1037	1039	212	bio1	0.000000	0.804138	0.031513
MGYG000000524__gradient_L3_gos_gapseq	1037	1039	212	bio1	0.000000	0.730507	0.031491
MGYG000000524__gradient_L4_xos_gapseq	1037	1039	212	bio1	0.538874	0.739745	2.235106
MGYG000000524__gradient_L5_pectin_gapseq	1037	1039	212	bio1	0.572109	0.819573	2.214079
MGYG000000524__gradient_L6_resistant_starch_gapseq	1037	1039	212	bio1	1.234433	0.737092	2.219400
MGYG000000524__gradient_L7_bglucan_gapseq	1037	1039	212	bio1	1.469452	0.778455	2.206755
MGYG000000524__gradient_L8_hmo_gapseq	1037	1039	212	bio1	1.469452	0.721864	2.203534
MGYG000000524__gradient_L9_mos_gapseq	1037	1039	212	bio1	1.469452	0.775390	2.205946
MGYG000000542__gradient_L0_base_gapseq	1207	1284	224	bio1	0.000000	0.896903	0.046145
MGYG000000542__gradient_L1_inulin_gapseq	1207	1284	224	bio1	0.000000	0.982799	0.047110
MGYG000000542__gradient_L2_fos_gapseq	1207	1284	224	bio1	0.000000	0.896826	0.047705
MGYG000000542__gradient_L3_gos_gapseq	1207	1284	224	bio1	0.845900	0.983842	3.382708
MGYG000000542__gradient_L4_xos_gapseq	1207	1284	224	bio1	0.845900	0.908497	3.397206
MGYG000000542__gradient_L5_pectin_gapseq	1207	1284	224	bio1	0.845900	0.974264	3.362367
MGYG000000542__gradient_L6_resistant_starch_gapseq	1207	1284	224	bio1	1.448123	0.910520	3.442155
MGYG000000542__gradient_L7_bglucan_gapseq	1207	1284	224	bio1	1.448123	0.898273	3.368883
MGYG000000542__gradient_L8_hmo_gapseq	1207	1284	224	bio1	1.448123	0.977572	3.369772
MGYG000000542__gradient_L9_mos_gapseq	1207	1284	224	bio1	1.557188	0.938438	3.413689
MGYG000000544__gradient_L0_base_gapseq	1040	1077	192	bio1	0.000000	0.743070	0.031194
MGYG000000544__gradient_L1_inulin_gapseq	1040	1077	192	bio1	0.000000	0.807817	0.032563
MGYG000000544__gradient_L2_fos_gapseq	1040	1077	192	bio1	0.000000	0.768585	0.032752
MGYG000000544__gradient_L3_gos_gapseq	1040	1077	192	bio1	0.000000	0.750960	0.031950
MGYG000000544__gradient_L4_xos_gapseq	1040	1077	192	bio1	0.000000	0.809526	0.033409
MGYG000000544__gradient_L5_pectin_gapseq	1040	1077	192	bio1	0.000000	0.750472	0.032583
MGYG000000544__gradient_L6_resistant_starch_gapseq	1040	1077	192	bio1	0.000000	0.750333	0.033103
MGYG000000544__gradient_L7_bglucan_gapseq	1040	1077	192	bio1	0.000000	0.825864	0.032854
MGYG000000544__gradient_L8_hmo_gapseq	1040	1077	192	bio1	0.000000	0.748577	0.032481
MGYG000000544__gradient_L9_mos_gapseq	1040	1077	192	bio1	0.000000	0.752004	0.110210
MGYG000000549__gradient_L0_base_gapseq	1133	1196	206	bio1	0.000000	0.845832	0.037348
MGYG000000549__gradient_L1_inulin_gapseq	1133	1196	206	bio1	0.149458	0.837718	2.959500
MGYG000000549__gradient_L2_fos_gapseq	1133	1196	206	bio1	0.149458	0.917038	2.960706
MGYG000000549__gradient_L3_gos_gapseq	1133	1196	206	bio1	0.149458	0.831140	3.029548
MGYG000000549__gradient_L4_xos_gapseq	1133	1196	206	bio1	0.149458	0.837666	2.971042
MGYG000000549__gradient_L5_pectin_gapseq	1133	1196	206	bio1	0.149458	0.906517	2.963281
MGYG000000549__gradient_L6_resistant_starch_gapseq	1133	1196	206	bio1	0.216919	0.838220	2.998267
MGYG000000549__gradient_L7_bglucan_gapseq	1133	1196	206	bio1	0.216919	0.917202	2.962659
MGYG000000549__gradient_L8_hmo_gapseq	1133	1196	206	bio1	0.216919	0.846569	3.025552
MGYG000000549__gradient_L9_mos_gapseq	1133	1196	206	bio1	0.282655	0.837870	2.951812
MGYG000000563__gradient_L0_base_gapseq	1109	1210	304	bio1	0.523107	0.937572	3.004575
MGYG000000563__gradient_L1_inulin_gapseq	1109	1210	304	bio1	0.638920	0.837987	3.072536
MGYG000000563__gradient_L2_fos_gapseq	1109	1210	304	bio1	0.638920	0.844352	3.005189
MGYG000000563__gradient_L3_gos_gapseq	1109	1210	304	bio1	0.863599	0.905542	3.024459
MGYG000000563__gradient_L4_xos_gapseq	1109	1210	304	bio1	0.863599	0.857278	3.038960
MGYG000000563__gradient_L5_pectin_gapseq	1109	1210	304	bio1	0.863599	0.894494	3.030901
MGYG000000563__gradient_L6_resistant_starch_gapseq	1109	1210	304	bio1	1.334429	0.857286	3.069757
MGYG000000563__gradient_L7_bglucan_gapseq	1109	1210	304	bio1	1.334429	0.848824	2.998911
MGYG000000563__gradient_L8_hmo_gapseq	1109	1210	304	bio1	1.334429	0.903254	2.992805
MGYG000000563__gradient_L9_mos_gapseq	1109	1210	304	bio1	1.443734	0.862891	2.998792
MGYG000000572__gradient_L0_base_gapseq	1141	1197	208	bio1	0.000000	0.838796	0.033518
MGYG000000572__gradient_L1_inulin_gapseq	1141	1197	208	bio1	0.000000	0.911729	0.037720
MGYG000000572__gradient_L2_fos_gapseq	1141	1197	208	bio1	0.000000	0.837707	0.038215
MGYG000000572__gradient_L3_gos_gapseq	1141	1197	208	bio1	0.000000	0.901926	0.038630
MGYG000000572__gradient_L4_xos_gapseq	1141	1197	208	bio1	0.000000	0.847605	0.038846
MGYG000000572__gradient_L5_pectin_gapseq	1141	1197	208	bio1	0.000000	0.832578	0.038417
MGYG000000572__gradient_L6_resistant_starch_gapseq	1141	1197	208	bio1	0.000000	0.925759	0.039677
MGYG000000572__gradient_L7_bglucan_gapseq	1141	1197	208	bio1	0.000000	0.838972	0.039649
MGYG000000572__gradient_L8_hmo_gapseq	1141	1197	208	bio1	0.000000	0.847465	0.124225
MGYG000000572__gradient_L9_mos_gapseq	1141	1197	208	bio1	0.000000	0.859534	0.039197
MGYG000000582__gradient_L0_base_gapseq	1343	1603	386	bio1	0.776199	1.145155	5.091602
MGYG000000582__gradient_L1_inulin_gapseq	1343	1603	386	bio1	0.999233	1.122444	5.054671
MGYG000000582__gradient_L2_fos_gapseq	1343	1603	386	bio1	0.999233	1.124979	4.969351
MGYG000000582__gradient_L3_gos_gapseq	1343	1603	386	bio1	1.239877	1.213921	4.968659
MGYG000000582__gradient_L4_xos_gapseq	1343	1603	386	bio1	1.281130	1.223394	4.998014
MGYG000000582__gradient_L5_pectin_gapseq	1343	1603	386	bio1	1.281130	1.142582	5.076276
MGYG000000582__gradient_L6_resistant_starch_gapseq	1343	1603	386	bio1	1.778459	1.114220	5.069916
MGYG000000582__gradient_L7_bglucan_gapseq	1343	1603	386	bio1	1.778459	1.126063	5.022807
MGYG000000582__gradient_L8_hmo_gapseq	1343	1603	386	bio1	1.778459	1.182870	4.978578
MGYG000000582__gradient_L9_mos_gapseq	1343	1603	386	bio1	1.888468	1.215168	4.982511
MGYG000000604__gradient_L0_base_gapseq	1263	1421	350	bio1	0.000000	1.086187	0.056122
MGYG000000604__gradient_L1_inulin_gapseq	1263	1421	350	bio1	0.000000	0.971650	0.056799
MGYG000000604__gradient_L2_fos_gapseq	1263	1421	350	bio1	0.000000	1.043600	0.057197
MGYG000000604__gradient_L3_gos_gapseq	1263	1421	350	bio1	0.809075	0.990876	4.161154
MGYG000000604__gradient_L4_xos_gapseq	1263	1421	350	bio1	0.937653	0.990274	4.081319
MGYG000000604__gradient_L5_pectin_gapseq	1263	1421	350	bio1	0.937653	1.071551	4.082244
MGYG000000604__gradient_L6_resistant_starch_gapseq	1263	1421	350	bio1	1.711562	0.991427	4.167796
MGYG000000604__gradient_L7_bglucan_gapseq	1263	1421	350	bio1	1.974017	0.998658	4.072871
MGYG000000604__gradient_L8_hmo_gapseq	1263	1421	350	bio1	1.974017	1.048688	4.152343
MGYG000000604__gradient_L9_mos_gapseq	1263	1421	350	bio1	2.117583	1.058756	4.083558
MGYG000000606__gradient_L0_base_gapseq	1219	1363	333	bio1	0.740023	0.918887	3.797936
MGYG000000606__gradient_L1_inulin_gapseq	1219	1363	333	bio1	0.847133	0.934451	3.704455
MGYG000000606__gradient_L2_fos_gapseq	1219	1363	333	bio1	0.847133	1.011241	3.713155
MGYG000000606__gradient_L3_gos_gapseq	1219	1363	333	bio1	0.927466	0.934681	3.788990
MGYG000000606__gradient_L4_xos_gapseq	1219	1363	333	bio1	0.927466	0.932619	3.713966
MGYG000000606__gradient_L5_pectin_gapseq	1219	1363	333	bio1	0.927466	0.989153	3.701399
MGYG000000606__gradient_L6_resistant_starch_gapseq	1219	1363	333	bio1	1.146465	0.917152	3.707078
MGYG000000606__gradient_L7_bglucan_gapseq	1219	1363	333	bio1	1.146465	0.986537	3.706704
MGYG000000606__gradient_L8_hmo_gapseq	1219	1363	333	bio1	1.146465	1.017644	3.710378
MGYG000000606__gradient_L9_mos_gapseq	1219	1363	333	bio1	1.219092	0.936357	3.697315
MGYG000000616__gradient_L0_base_gapseq	1186	1244	281	bio1	0.000000	0.864855	0.036035
MGYG000000616__gradient_L1_inulin_gapseq	1186	1244	281	bio1	0.000000	0.959550	0.035170
MGYG000000616__gradient_L2_fos_gapseq	1186	1244	281	bio1	0.000000	0.868853	0.035764
MGYG000000616__gradient_L3_gos_gapseq	1186	1244	281	bio1	0.000000	0.947613	0.035008
MGYG000000616__gradient_L4_xos_gapseq	1186	1244	281	bio1	0.000000	0.871893	0.036572
MGYG000000616__gradient_L5_pectin_gapseq	1186	1244	281	bio1	0.289861	0.866536	3.272360
MGYG000000616__gradient_L6_resistant_starch_gapseq	1186	1244	281	bio1	0.289861	0.872590	3.207656
MGYG000000616__gradient_L7_bglucan_gapseq	1186	1244	281	bio1	0.289861	0.952638	3.180576
MGYG000000616__gradient_L8_hmo_gapseq	1186	1244	281	bio1	0.289861	0.869698	3.203809
MGYG000000616__gradient_L9_mos_gapseq	1186	1244	281	bio1	0.289861	0.924861	3.188743
MGYG000000620__gradient_L0_base_gapseq	1140	1281	342	bio1	0.601525	0.880048	3.388268
MGYG000000620__gradient_L1_inulin_gapseq	1140	1281	342	bio1	0.714313	0.863638	3.327580
MGYG000000620__gradient_L2_fos_gapseq	1140	1281	342	bio1	0.714313	0.977125	3.325876
MGYG000000620__gradient_L3_gos_gapseq	1140	1281	342	bio1	0.932839	0.890451	3.410977
MGYG000000620__gradient_L4_xos_gapseq	1140	1281	342	bio1	0.932839	0.909327	3.301057
MGYG000000620__gradient_L5_pectin_gapseq	1140	1281	342	bio1	0.932839	1.011267	3.318922
MGYG000000620__gradient_L6_resistant_starch_gapseq	1140	1281	342	bio1	1.043760	0.902792	3.310164
MGYG000000620__gradient_L7_bglucan_gapseq	1140	1281	342	bio1	1.043760	0.976254	3.331040
MGYG000000620__gradient_L8_hmo_gapseq	1140	1281	342	bio1	1.043760	0.893845	3.386117
MGYG000000620__gradient_L9_mos_gapseq	1140	1281	342	bio1	1.152439	0.905946	3.320278
MGYG000000623__gradient_L0_base_gapseq	1350	1551	450	bio1	0.323235	1.167093	4.887692
MGYG000000623__gradient_L1_inulin_gapseq	1350	1551	450	bio1	0.495632	1.173351	4.813824
MGYG000000623__gradient_L2_fos_gapseq	1350	1551	450	bio1	0.495632	1.202303	4.840091
MGYG000000623__gradient_L3_gos_gapseq	1350	1551	450	bio1	0.793849	1.091940	4.913616
MGYG000000623__gradient_L4_xos_gapseq	1350	1551	450	bio1	0.827487	1.158395	4.824478
MGYG000000623__gradient_L5_pectin_gapseq	1350	1551	450	bio1	0.827487	1.195489	4.813229
MGYG000000623__gradient_L6_resistant_starch_gapseq	1350	1551	450	bio1	1.395498	1.198341	4.801599
MGYG000000623__gradient_L7_bglucan_gapseq	1350	1551	450	bio1	1.593337	1.117924	4.912782
MGYG000000623__gradient_L8_hmo_gapseq	1350	1551	450	bio1	1.733739	1.090461	4.881554
MGYG000000623__gradient_L9_mos_gapseq	1350	1551	450	bio1	1.733739	1.156921	4.804239
MGYG000000627__gradient_L0_base_gapseq	1336	1492	329	bio1	0.350046	1.122198	4.411958
MGYG000000627__gradient_L1_inulin_gapseq	1336	1492	329	bio1	0.461051	1.051860	4.504720
MGYG000000627__gradient_L2_fos_gapseq	1336	1492	329	bio1	0.461051	1.057359	4.446907
MGYG000000627__gradient_L3_gos_gapseq	1336	1492	329	bio1	0.639584	1.134107	4.453018
MGYG000000627__gradient_L4_xos_gapseq	1336	1492	329	bio1	0.639584	1.144977	4.450911
MGYG000000627__gradient_L5_pectin_gapseq	1336	1492	329	bio1	0.639584	1.062068	4.520147
MGYG000000627__gradient_L6_resistant_starch_gapseq	1336	1492	329	bio1	0.978123	1.061230	4.440232
MGYG000000627__gradient_L7_bglucan_gapseq	1336	1492	329	bio1	0.994383	1.145270	4.463523
MGYG000000627__gradient_L8_hmo_gapseq	1336	1492	329	bio1	0.994383	1.125273	4.451835
MGYG000000627__gradient_L9_mos_gapseq	1336	1492	329	bio1	0.994383	1.052675	4.522195
MGYG000000630__gradient_L0_base_gapseq	1233	1332	323	bio1	0.077642	1.026637	3.554217
MGYG000000630__gradient_L1_inulin_gapseq	1233	1332	323	bio1	0.176641	0.978146	3.633062
MGYG000000630__gradient_L2_fos_gapseq	1233	1332	323	bio1	0.176641	0.981428	3.559033
MGYG000000630__gradient_L3_gos_gapseq	1233	1332	323	bio1	0.176641	1.033727	3.563516
MGYG000000630__gradient_L4_xos_gapseq	1233	1332	323	bio1	0.176641	0.951215	3.666554
MGYG000000630__gradient_L5_pectin_gapseq	1233	1332	323	bio1	0.176641	0.953269	3.576971
MGYG000000630__gradient_L6_resistant_starch_gapseq	1233	1332	323	bio1	0.176641	0.997798	3.551930
MGYG000000630__gradient_L7_bglucan_gapseq	1233	1332	323	bio1	0.176641	0.972994	3.628671
MGYG000000630__gradient_L8_hmo_gapseq	1233	1332	323	bio1	0.176641	0.958430	3.544129
MGYG000000630__gradient_L9_mos_gapseq	1233	1332	323	bio1	0.176641	1.001086	3.552674
MGYG000000631__gradient_L0_base_gapseq	1258	1439	339	bio1	0.787844	0.995847	4.161329
MGYG000000631__gradient_L1_inulin_gapseq	1258	1439	339	bio1	0.886889	1.077326	4.129104
MGYG000000631__gradient_L2_fos_gapseq	1258	1439	339	bio1	0.886889	1.068618	4.137715
MGYG000000631__gradient_L3_gos_gapseq	1258	1439	339	bio1	0.961172	0.982525	4.235628
MGYG000000631__gradient_L4_xos_gapseq	1258	1439	339	bio1	0.974678	1.004370	4.152153
MGYG000000631__gradient_L5_pectin_gapseq	1258	1439	339	bio1	0.974678	1.080797	4.132198
MGYG000000631__gradient_L6_resistant_starch_gapseq	1258	1439	339	bio1	1.215536	1.005894	4.195931
MGYG000000631__gradient_L7_bglucan_gapseq	1258	1439	339	bio1	1.215536	1.019067	4.108568
MGYG000000631__gradient_L8_hmo_gapseq	1258	1439	339	bio1	1.215536	1.077349	4.164621
MGYG000000631__gradient_L9_mos_gapseq	1258	1439	339	bio1	1.304380	1.065626	4.138060
MGYG000000643__gradient_L0_base_gapseq	1136	1185	279	bio1	0.000000	0.857955	0.039483
MGYG000000643__gradient_L1_inulin_gapseq	1136	1185	279	bio1	0.000000	0.891252	0.037832
MGYG000000643__gradient_L2_fos_gapseq	1136	1185	279	bio1	0.000000	0.837070	0.038043
MGYG000000643__gradient_L3_gos_gapseq	1136	1185	279	bio1	0.000000	0.903088	0.038272
MGYG000000643__gradient_L4_xos_gapseq	1136	1185	279	bio1	0.000000	0.846054	0.038230
MGYG000000643__gradient_L5_pectin_gapseq	1136	1185	279	bio1	0.302330	0.850296	3.039655
MGYG000000643__gradient_L6_resistant_starch_gapseq	1136	1185	279	bio1	0.302330	0.830265	2.933605
MGYG000000643__gradient_L7_bglucan_gapseq	1136	1185	279	bio1	0.302330	0.896311	2.938634
MGYG000000643__gradient_L8_hmo_gapseq	1136	1185	279	bio1	0.302330	0.835571	2.990120
MGYG000000643__gradient_L9_mos_gapseq	1136	1185	279	bio1	0.302330	0.893700	2.956712
MGYG000000644__gradient_L0_base_gapseq	1343	1599	417	bio1	0.000000	1.104564	0.066430
MGYG000000644__gradient_L1_inulin_gapseq	1343	1599	417	bio1	0.000000	1.186015	0.066641
MGYG000000644__gradient_L2_fos_gapseq	1343	1599	417	bio1	0.000000	1.087323	0.066867
MGYG000000644__gradient_L3_gos_gapseq	1343	1599	417	bio1	0.803665	1.189924	4.983012
MGYG000000644__gradient_L4_xos_gapseq	1343	1599	417	bio1	0.865840	1.170663	4.978312
MGYG000000644__gradient_L5_pectin_gapseq	1343	1599	417	bio1	0.898079	1.226296	4.966546
MGYG000000644__gradient_L6_resistant_starch_gapseq	1343	1599	417	bio1	1.360941	1.124183	5.063187
MGYG000000644__gradient_L7_bglucan_gapseq	1343	1599	417	bio1	1.519833	1.121447	4.939803
MGYG000000644__gradient_L8_hmo_gapseq	1343	1599	417	bio1	1.519833	1.175786	4.953764
MGYG000000644__gradient_L9_mos_gapseq	1343	1599	417	bio1	1.621156	1.189074	4.963902
MGYG000000654__gradient_L0_base_gapseq	827	825	176	bio1	0.000000	0.543630	0.021864
MGYG000000654__gradient_L1_inulin_gapseq	827	825	176	bio1	0.000000	0.555322	0.021034
MGYG000000654__gradient_L2_fos_gapseq	827	825	176	bio1	0.000000	0.642932	0.020986
MGYG000000654__gradient_L3_gos_gapseq	827	825	176	bio1	0.000000	0.535464	0.021925
MGYG000000654__gradient_L4_xos_gapseq	827	825	176	bio1	0.000000	0.547988	0.020993
MGYG000000654__gradient_L5_pectin_gapseq	827	825	176	bio1	0.000000	0.543499	0.021043
MGYG000000654__gradient_L6_resistant_starch_gapseq	827	825	176	bio1	0.000000	0.612562	0.021078
MGYG000000654__gradient_L7_bglucan_gapseq	827	825	176	bio1	0.000000	0.561256	0.022215
MGYG000000654__gradient_L8_hmo_gapseq	827	825	176	bio1	0.000000	0.540973	0.021103
MGYG000000654__gradient_L9_mos_gapseq	827	825	176	bio1	0.000000	0.544404	0.021041
MGYG000000659__gradient_L0_base_gapseq	887	934	183	bio1	0.000000	0.702806	0.030340
MGYG000000659__gradient_L1_inulin_gapseq	887	934	183	bio1	0.000000	0.633973	0.030322
MGYG000000659__gradient_L2_fos_gapseq	887	934	183	bio1	0.000000	0.663711	0.031061
MGYG000000659__gradient_L3_gos_gapseq	887	934	183	bio1	0.000000	0.630535	0.030280
MGYG000000659__gradient_L4_xos_gapseq	887	934	183	bio1	0.000000	0.708945	0.030485
MGYG000000659__gradient_L5_pectin_gapseq	887	934	183	bio1	0.000000	0.621488	0.030416
MGYG000000659__gradient_L6_resistant_starch_gapseq	887	934	183	bio1	0.000000	0.634964	0.030405
MGYG000000659__gradient_L7_bglucan_gapseq	887	934	183	bio1	0.000000	0.723168	0.030971
MGYG000000659__gradient_L8_hmo_gapseq	887	934	183	bio1	0.000000	0.626380	0.031649
MGYG000000659__gradient_L9_mos_gapseq	887	934	183	bio1	0.000000	0.702865	0.033049
MGYG000000660__gradient_L0_base_gapseq	1047	1167	278	bio1	0.526725	0.794642	2.942047
MGYG000000660__gradient_L1_inulin_gapseq	1047	1167	278	bio1	0.756574	0.801902	2.823722
MGYG000000660__gradient_L2_fos_gapseq	1047	1167	278	bio1	0.756574	0.924952	2.837148
MGYG000000660__gradient_L3_gos_gapseq	1047	1167	278	bio1	0.986422	0.790582	2.833618
MGYG000000660__gradient_L4_xos_gapseq	1047	1167	278	bio1	0.986422	0.854158	2.838535
MGYG000000660__gradient_L5_pectin_gapseq	1047	1167	278	bio1	0.986422	0.786578	2.885376
MGYG000000660__gradient_L6_resistant_starch_gapseq	1047	1167	278	bio1	1.463684	0.813322	2.841238
MGYG000000660__gradient_L7_bglucan_gapseq	1047	1167	278	bio1	1.463684	0.848569	2.832903
MGYG000000660__gradient_L8_hmo_gapseq	1047	1167	278	bio1	1.463684	0.787482	2.840065
MGYG000000660__gradient_L9_mos_gapseq	1047	1167	278	bio1	1.575381	0.847755	2.817446
MGYG000000672__gradient_L0_base_gapseq	1215	1353	313	bio1	0.335139	0.917146	3.755992
MGYG000000672__gradient_L1_inulin_gapseq	1215	1353	313	bio1	0.459033	0.917976	3.708888
MGYG000000672__gradient_L2_fos_gapseq	1215	1353	313	bio1	0.459033	1.003202	3.692766
MGYG000000672__gradient_L3_gos_gapseq	1215	1353	313	bio1	0.539610	0.922548	3.761270
MGYG000000672__gradient_L4_xos_gapseq	1215	1353	313	bio1	0.539610	0.943795	3.708522
MGYG000000672__gradient_L5_pectin_gapseq	1215	1353	313	bio1	0.539610	0.972437	3.666516
MGYG000000672__gradient_L6_resistant_starch_gapseq	1215	1353	313	bio1	0.815524	0.926179	3.750163
MGYG000000672__gradient_L7_bglucan_gapseq	1215	1353	313	bio1	0.815524	0.935249	3.670413
MGYG000000672__gradient_L8_hmo_gapseq	1215	1353	313	bio1	0.815524	1.002063	3.661226
MGYG000000672__gradient_L9_mos_gapseq	1215	1353	313	bio1	0.922959	0.922831	3.728836
MGYG000000676__gradient_L0_base_gapseq	1051	1154	253	bio1	0.275536	0.788740	2.922449
MGYG000000676__gradient_L1_inulin_gapseq	1051	1154	253	bio1	0.458568	0.801930	2.797850
MGYG000000676__gradient_L2_fos_gapseq	1051	1154	253	bio1	0.458568	0.801802	2.874211
MGYG000000676__gradient_L3_gos_gapseq	1051	1154	253	bio1	0.789995	0.802533	2.804165
MGYG000000676__gradient_L4_xos_gapseq	1051	1154	253	bio1	0.888293	0.858224	2.800629
MGYG000000676__gradient_L5_pectin_gapseq	1051	1154	253	bio1	0.888293	0.797319	2.800979
MGYG000000676__gradient_L6_resistant_starch_gapseq	1051	1154	253	bio1	1.604626	0.844621	2.830049
MGYG000000676__gradient_L7_bglucan_gapseq	1051	1154	253	bio1	1.853830	0.798329	2.832343
MGYG000000676__gradient_L8_hmo_gapseq	1051	1154	253	bio1	1.853830	0.839177	2.810057
MGYG000000676__gradient_L9_mos_gapseq	1051	1154	253	bio1	1.983498	0.800109	2.873660
MGYG000000683__gradient_L0_base_gapseq	1172	1264	246	bio1	0.380655	0.898501	3.268838
MGYG000000683__gradient_L1_inulin_gapseq	1172	1264	246	bio1	0.523963	0.935661	3.267511
MGYG000000683__gradient_L2_fos_gapseq	1172	1264	246	bio1	0.523963	0.870863	3.268237
MGYG000000683__gradient_L3_gos_gapseq	1172	1264	246	bio1	0.523963	0.936866	3.273685
MGYG000000683__gradient_L4_xos_gapseq	1172	1264	246	bio1	0.523963	0.870739	3.321506
MGYG000000683__gradient_L5_pectin_gapseq	1172	1264	246	bio1	0.523963	0.879677	3.254914
MGYG000000683__gradient_L6_resistant_starch_gapseq	1172	1264	246	bio1	1.175562	0.944884	3.287085
MGYG000000683__gradient_L7_bglucan_gapseq	1172	1264	246	bio1	1.175562	0.877830	3.386352
MGYG000000683__gradient_L8_hmo_gapseq	1172	1264	246	bio1	1.175562	0.889818	3.270888
MGYG000000683__gradient_L9_mos_gapseq	1172	1264	246	bio1	1.175562	0.863473	3.343962
MGYG000000684__gradient_L0_base_gapseq	1167	1290	313	bio1	0.555700	0.904996	3.410061
MGYG000000684__gradient_L1_inulin_gapseq	1167	1290	313	bio1	0.770814	0.962228	3.389879
MGYG000000684__gradient_L2_fos_gapseq	1167	1290	313	bio1	0.770814	0.887556	3.419937
MGYG000000684__gradient_L3_gos_gapseq	1167	1290	313	bio1	0.985927	0.947090	3.406688
MGYG000000684__gradient_L4_xos_gapseq	1167	1290	313	bio1	1.043886	0.889713	3.479557
MGYG000000684__gradient_L5_pectin_gapseq	1167	1290	313	bio1	1.043886	0.890246	3.426734
MGYG000000684__gradient_L6_resistant_starch_gapseq	1167	1290	313	bio1	1.310558	0.942876	3.467132
MGYG000000684__gradient_L7_bglucan_gapseq	1167	1290	313	bio1	1.310558	0.905025	3.516370
MGYG000000684__gradient_L8_hmo_gapseq	1167	1290	313	bio1	1.310558	0.903972	3.442614
MGYG000000684__gradient_L9_mos_gapseq	1167	1290	313	bio1	1.419962	0.971803	3.434161
MGYG000000693__gradient_L0_base_gapseq	1164	1312	317	bio1	0.779040	0.909980	3.479609
MGYG000000693__gradient_L1_inulin_gapseq	1164	1312	317	bio1	1.072052	0.969266	3.473344
MGYG000000693__gradient_L2_fos_gapseq	1164	1312	317	bio1	1.072052	0.930099	3.537957
MGYG000000693__gradient_L3_gos_gapseq	1164	1312	317	bio1	1.366256	0.899885	3.465215
MGYG000000693__gradient_L4_xos_gapseq	1164	1312	317	bio1	1.366256	0.965541	3.473260
MGYG000000693__gradient_L5_pectin_gapseq	1164	1312	317	bio1	1.366256	0.900870	3.556802
MGYG000000693__gradient_L6_resistant_starch_gapseq	1164	1312	317	bio1	1.983638	0.907209	3.465539
MGYG000000693__gradient_L7_bglucan_gapseq	1164	1312	317	bio1	1.983638	0.960782	3.470727
MGYG000000693__gradient_L8_hmo_gapseq	1164	1312	317	bio1	1.983638	0.900539	3.541499
MGYG000000693__gradient_L9_mos_gapseq	1164	1312	317	bio1	2.126283	0.900894	3.534089
MGYG000000694__gradient_L0_base_gapseq	1168	1302	293	bio1	0.000000	0.918419	0.043989
MGYG000000694__gradient_L1_inulin_gapseq	1168	1302	293	bio1	0.000000	0.961853	0.043898
MGYG000000694__gradient_L2_fos_gapseq	1168	1302	293	bio1	0.000000	0.891166	0.044104
MGYG000000694__gradient_L3_gos_gapseq	1168	1302	293	bio1	0.000000	0.963458	0.043445
MGYG000000694__gradient_L4_xos_gapseq	1168	1302	293	bio1	0.000000	0.899408	0.044477
MGYG000000694__gradient_L5_pectin_gapseq	1168	1302	293	bio1	0.000000	0.901025	0.043504
MGYG000000694__gradient_L6_resistant_starch_gapseq	1168	1302	293	bio1	0.000000	0.994100	0.043611
MGYG000000694__gradient_L7_bglucan_gapseq	1168	1302	293	bio1	0.000000	0.902857	0.044194
MGYG000000694__gradient_L8_hmo_gapseq	1168	1302	293	bio1	0.000000	0.979764	0.044123
MGYG000000694__gradient_L9_mos_gapseq	1168	1302	293	bio1	0.000000	0.882866	0.044625
MGYG000000696__gradient_L0_base_gapseq	1378	1611	432	bio1	0.000000	1.249836	0.065420
MGYG000000696__gradient_L1_inulin_gapseq	1378	1611	432	bio1	1.386182	1.147103	5.139919
MGYG000000696__gradient_L2_fos_gapseq	1378	1611	432	bio1	1.386182	1.226797	5.133151
MGYG000000696__gradient_L3_gos_gapseq	1378	1611	432	bio1	1.687729	1.240355	5.137009
MGYG000000696__gradient_L4_xos_gapseq	1378	1611	432	bio1	1.687729	1.206883	5.151285
MGYG000000696__gradient_L5_pectin_gapseq	1378	1611	432	bio1	1.687729	1.133574	5.281933
MGYG000000696__gradient_L6_resistant_starch_gapseq	1378	1611	432	bio1	2.272718	1.098844	5.186036
MGYG000000696__gradient_L7_bglucan_gapseq	1378	1611	432	bio1	2.272718	1.117703	5.103654
MGYG000000696__gradient_L8_hmo_gapseq	1378	1611	432	bio1	2.272718	1.193840	5.135132
MGYG000000696__gradient_L9_mos_gapseq	1378	1611	432	bio1	2.276100	1.220997	5.100758
MGYG000000719__gradient_L0_base_gapseq	946	1014	202	bio1	0.000000	0.752498	0.032013
MGYG000000719__gradient_L1_inulin_gapseq	946	1014	202	bio1	0.000000	0.760235	0.031232
MGYG000000719__gradient_L2_fos_gapseq	946	1014	202	bio1	0.000000	0.684530	0.032199
MGYG000000719__gradient_L3_gos_gapseq	946	1014	202	bio1	0.000000	0.680101	0.031491
MGYG000000719__gradient_L4_xos_gapseq	946	1014	202	bio1	1.134891	0.764949	2.136742
MGYG000000719__gradient_L5_pectin_gapseq	946	1014	202	bio1	1.134891	0.756019	2.129547
MGYG000000719__gradient_L6_resistant_starch_gapseq	946	1014	202	bio1	1.276753	0.770199	2.127682
MGYG000000719__gradient_L7_bglucan_gapseq	946	1014	202	bio1	1.276753	0.681478	2.125077
MGYG000000719__gradient_L8_hmo_gapseq	946	1014	202	bio1	1.276753	0.730948	2.144648
MGYG000000719__gradient_L9_mos_gapseq	946	1014	202	bio1	1.276753	0.685309	2.127995
MGYG000000722__gradient_L0_base_gapseq	1069	1164	255	bio1	0.000000	0.861330	0.038986
MGYG000000722__gradient_L1_inulin_gapseq	1069	1164	255	bio1	0.000000	0.797186	0.038775
MGYG000000722__gradient_L2_fos_gapseq	1069	1164	255	bio1	0.000000	0.786693	0.038664
MGYG000000722__gradient_L3_gos_gapseq	1069	1164	255	bio1	0.527176	0.862669	2.766566
MGYG000000722__gradient_L4_xos_gapseq	1069	1164	255	bio1	0.527176	0.795280	2.867218
MGYG000000722__gradient_L5_pectin_gapseq	1069	1164	255	bio1	0.527176	0.816597	2.781316
MGYG000000722__gradient_L6_resistant_starch_gapseq	1069	1164	255	bio1	0.633095	0.805680	2.826586
MGYG000000722__gradient_L7_bglucan_gapseq	1069	1164	255	bio1	0.633095	0.803225	2.767076
MGYG000000722__gradient_L8_hmo_gapseq	1069	1164	255	bio1	0.633095	0.858647	2.759958
MGYG000000722__gradient_L9_mos_gapseq	1069	1164	255	bio1	0.739013	0.797787	2.798145
MGYG000000773__gradient_L0_base_gapseq	1055	1164	265	bio1	0.000000	0.820212	0.033284
MGYG000000773__gradient_L1_inulin_gapseq	1055	1164	265	bio1	0.000000	0.928696	0.034101
MGYG000000773__gradient_L2_fos_gapseq	1055	1164	265	bio1	0.000000	0.807998	0.034465
MGYG000000773__gradient_L3_gos_gapseq	1055	1164	265	bio1	0.000000	0.814478	0.109451
MGYG000000773__gradient_L4_xos_gapseq	1055	1164	265	bio1	0.000000	0.813121	0.033420
MGYG000000773__gradient_L5_pectin_gapseq	1055	1164	265	bio1	0.000000	0.819002	0.033497
MGYG000000773__gradient_L6_resistant_starch_gapseq	1055	1164	265	bio1	0.000000	0.874368	0.036924
MGYG000000773__gradient_L7_bglucan_gapseq	1055	1164	265	bio1	0.000000	0.808047	0.034392
MGYG000000773__gradient_L8_hmo_gapseq	1055	1164	265	bio1	0.000000	0.809829	0.034058
MGYG000000773__gradient_L9_mos_gapseq	1055	1164	265	bio1	0.000000	0.898980	0.034473
MGYG000000782__gradient_L0_base_gapseq	1287	1390	338	bio1	0.383244	0.982615	4.017236
MGYG000000782__gradient_L1_inulin_gapseq	1287	1390	338	bio1	0.537379	0.978302	3.930368
MGYG000000782__gradient_L2_fos_gapseq	1287	1390	338	bio1	0.537379	1.049827	3.902353
MGYG000000782__gradient_L3_gos_gapseq	1287	1390	338	bio1	0.537379	0.975442	3.995785
MGYG000000782__gradient_L4_xos_gapseq	1287	1390	338	bio1	0.599385	0.976457	3.947367
MGYG000000782__gradient_L5_pectin_gapseq	1287	1390	338	bio1	0.599385	1.045040	3.932717
MGYG000000782__gradient_L6_resistant_starch_gapseq	1287	1390	338	bio1	0.714540	0.977119	3.981535
MGYG000000782__gradient_L7_bglucan_gapseq	1287	1390	338	bio1	0.714540	0.977060	3.904080
MGYG000000782__gradient_L8_hmo_gapseq	1287	1390	338	bio1	0.714540	1.039891	3.910560
MGYG000000782__gradient_L9_mos_gapseq	1287	1390	338	bio1	0.714540	0.997861	3.977891
MGYG000000783__gradient_L0_base_gapseq	1331	1484	389	bio1	0.487625	1.094817	4.417389
MGYG000000783__gradient_L1_inulin_gapseq	1331	1484	389	bio1	0.618534	1.104319	4.463724
MGYG000000783__gradient_L2_fos_gapseq	1331	1484	389	bio1	0.618534	1.051590	4.460039
MGYG000000783__gradient_L3_gos_gapseq	1331	1484	389	bio1	0.709352	1.063914	4.414503
MGYG000000783__gradient_L4_xos_gapseq	1331	1484	389	bio1	0.709352	1.131020	4.424460
MGYG000000783__gradient_L5_pectin_gapseq	1331	1484	389	bio1	0.724079	1.061189	4.507871
MGYG000000783__gradient_L6_resistant_starch_gapseq	1331	1484	389	bio1	0.724079	1.061172	4.527466
MGYG000000783__gradient_L7_bglucan_gapseq	1331	1484	389	bio1	0.724079	1.063702	4.440543
MGYG000000783__gradient_L8_hmo_gapseq	1331	1484	389	bio1	0.724079	1.137413	4.439722
MGYG000000783__gradient_L9_mos_gapseq	1331	1484	389	bio1	0.724079	1.048988	4.489384
MGYG000000821__gradient_L0_base_gapseq	1282	1348	334	bio1	0.000000	0.963909	0.043151
MGYG000000821__gradient_L1_inulin_gapseq	1282	1348	334	bio1	0.000000	1.069144	0.045343
MGYG000000821__gradient_L2_fos_gapseq	1282	1348	334	bio1	0.000000	0.972705	0.044602
MGYG000000821__gradient_L3_gos_gapseq	1282	1348	334	bio1	0.000000	1.066211	0.044415
MGYG000000821__gradient_L4_xos_gapseq	1282	1348	334	bio1	0.000000	0.973739	0.045175
MGYG000000821__gradient_L5_pectin_gapseq	1282	1348	334	bio1	0.000000	1.074100	0.045209
MGYG000000821__gradient_L6_resistant_starch_gapseq	1282	1348	334	bio1	0.000000	0.973836	0.044488
MGYG000000821__gradient_L7_bglucan_gapseq	1282	1348	334	bio1	0.000000	1.066160	0.044564
MGYG000000821__gradient_L8_hmo_gapseq	1282	1348	334	bio1	0.000000	1.022397	0.045592
MGYG000000821__gradient_L9_mos_gapseq	1282	1348	334	bio1	0.000000	0.972742	0.145752
MGYG000000822__gradient_L0_base_gapseq	1330	1584	437	bio1	0.569729	1.124328	4.946584
MGYG000000822__gradient_L1_inulin_gapseq	1330	1584	437	bio1	0.725555	1.251545	4.929323
MGYG000000822__gradient_L2_fos_gapseq	1330	1584	437	bio1	0.725555	1.250515	4.931566
MGYG000000822__gradient_L3_gos_gapseq	1330	1584	437	bio1	0.842425	1.147558	5.090439
MGYG000000822__gradient_L4_xos_gapseq	1330	1584	437	bio1	0.894689	1.148501	5.048109
MGYG000000822__gradient_L5_pectin_gapseq	1330	1584	437	bio1	0.894689	1.117512	4.972451
MGYG000000822__gradient_L6_resistant_starch_gapseq	1330	1584	437	bio1	1.248180	1.226310	4.953474
MGYG000000822__gradient_L7_bglucan_gapseq	1330	1584	437	bio1	1.357684	1.242727	4.978542
MGYG000000822__gradient_L8_hmo_gapseq	1330	1584	437	bio1	1.357684	1.223077	4.955162
MGYG000000822__gradient_L9_mos_gapseq	1330	1584	437	bio1	1.434716	1.144908	5.048843
MGYG000000835__gradient_L0_base_gapseq	1148	1260	325	bio1	0.595974	0.874859	3.238467
MGYG000000835__gradient_L1_inulin_gapseq	1148	1260	325	bio1	0.707721	0.945142	3.247860
MGYG000000835__gradient_L2_fos_gapseq	1148	1260	325	bio1	0.707721	0.882701	3.296356
MGYG000000835__gradient_L3_gos_gapseq	1148	1260	325	bio1	0.931216	0.867835	3.266150
MGYG000000835__gradient_L4_xos_gapseq	1148	1260	325	bio1	0.990496	0.922638	3.219234
MGYG000000835__gradient_L5_pectin_gapseq	1148	1260	325	bio1	0.990496	0.899462	3.225871
MGYG000000835__gradient_L6_resistant_starch_gapseq	1148	1260	325	bio1	1.462873	0.925057	3.213090
MGYG000000835__gradient_L7_bglucan_gapseq	1148	1260	325	bio1	1.462873	0.888066	3.291563
MGYG000000835__gradient_L8_hmo_gapseq	1148	1260	325	bio1	1.462873	0.878886	3.223481
MGYG000000835__gradient_L9_mos_gapseq	1148	1260	325	bio1	1.573453	0.926088	3.217551
MGYG000000847__gradient_L0_base_gapseq	1428	1560	397	bio1	0.492118	1.110599	4.922134
MGYG000000847__gradient_L1_inulin_gapseq	1428	1560	397	bio1	0.654345	1.160010	4.909532
MGYG000000847__gradient_L2_fos_gapseq	1428	1560	397	bio1	0.654345	1.138429	4.820695
MGYG000000847__gradient_L3_gos_gapseq	1428	1560	397	bio1	0.654345	1.228983	4.880811
MGYG000000847__gradient_L4_xos_gapseq	1428	1560	397	bio1	0.654345	1.203254	4.850476
MGYG000000847__gradient_L5_pectin_gapseq	1428	1560	397	bio1	0.654345	1.117276	4.916802
MGYG000000847__gradient_L6_resistant_starch_gapseq	1428	1560	397	bio1	0.786148	1.140199	4.838087
MGYG000000847__gradient_L7_bglucan_gapseq	1428	1560	397	bio1	0.786148	1.235570	4.842101
MGYG000000847__gradient_L8_hmo_gapseq	1428	1560	397	bio1	0.786148	1.215207	4.799181
MGYG000000847__gradient_L9_mos_gapseq	1428	1560	397	bio1	0.786148	1.200217	4.833308
MGYG000000858__gradient_L0_base_gapseq	1040	1147	297	bio1	0.219886	0.792249	2.708312
MGYG000000858__gradient_L1_inulin_gapseq	1040	1147	297	bio1	0.256921	0.850366	2.700680
MGYG000000858__gradient_L2_fos_gapseq	1040	1147	297	bio1	0.256921	0.798723	2.720449
MGYG000000858__gradient_L3_gos_gapseq	1040	1147	297	bio1	0.256921	0.864685	2.699491
MGYG000000858__gradient_L4_xos_gapseq	1040	1147	297	bio1	0.256921	0.787694	2.694159
MGYG000000858__gradient_L5_pectin_gapseq	1040	1147	297	bio1	0.256921	0.830246	2.695764
MGYG000000858__gradient_L6_resistant_starch_gapseq	1040	1147	297	bio1	0.256921	0.785074	2.763493
MGYG000000858__gradient_L7_bglucan_gapseq	1040	1147	297	bio1	0.256921	0.792156	2.690187
MGYG000000858__gradient_L8_hmo_gapseq	1040	1147	297	bio1	0.256921	0.844514	2.706229
MGYG000000858__gradient_L9_mos_gapseq	1040	1147	297	bio1	0.256921	0.792791	2.709147
MGYG000000862__gradient_L0_base_gapseq	1229	1335	323	bio1	0.403704	1.009918	3.598148
MGYG000000862__gradient_L1_inulin_gapseq	1229	1335	323	bio1	0.499826	0.932157	3.711017
MGYG000000862__gradient_L2_fos_gapseq	1229	1335	323	bio1	0.499826	0.933064	3.639996
MGYG000000862__gradient_L3_gos_gapseq	1229	1335	323	bio1	0.672846	0.998379	3.624866
MGYG000000862__gradient_L4_xos_gapseq	1229	1335	323	bio1	0.672846	0.950098	3.677065
MGYG000000862__gradient_L5_pectin_gapseq	1229	1335	323	bio1	0.672846	0.953550	3.591931
MGYG000000862__gradient_L6_resistant_starch_gapseq	1229	1335	323	bio1	1.077359	0.993994	3.613803
MGYG000000862__gradient_L7_bglucan_gapseq	1229	1335	323	bio1	1.077359	0.950343	3.721133
MGYG000000862__gradient_L8_hmo_gapseq	1229	1335	323	bio1	1.077359	0.931219	3.616894
MGYG000000862__gradient_L9_mos_gapseq	1229	1335	323	bio1	1.171658	0.997615	3.658728
MGYG000000863__gradient_L0_base_gapseq	1180	1306	292	bio1	0.000000	0.908889	0.053851
MGYG000000863__gradient_L1_inulin_gapseq	1180	1306	292	bio1	0.000000	0.976633	0.054164
MGYG000000863__gradient_L2_fos_gapseq	1180	1306	292	bio1	0.000000	0.904594	0.053582
MGYG000000863__gradient_L3_gos_gapseq	1180	1306	292	bio1	0.655839	0.909251	3.561414
MGYG000000863__gradient_L4_xos_gapseq	1180	1306	292	bio1	0.800857	0.909999	3.480503
MGYG000000863__gradient_L5_pectin_gapseq	1180	1306	292	bio1	0.800857	0.964496	3.472435
MGYG000000863__gradient_L6_resistant_starch_gapseq	1180	1306	292	bio1	0.926279	0.880172	3.559110
MGYG000000863__gradient_L7_bglucan_gapseq	1180	1306	292	bio1	0.926279	0.900886	3.464542
MGYG000000863__gradient_L8_hmo_gapseq	1180	1306	292	bio1	0.926279	0.954575	3.466237
MGYG000000863__gradient_L9_mos_gapseq	1180	1306	292	bio1	1.043388	0.877696	3.516318
MGYG000000870__gradient_L0_base_gapseq	1285	1439	369	bio1	0.000000	1.062312	0.054295
MGYG000000870__gradient_L1_inulin_gapseq	1285	1439	369	bio1	0.000000	0.975996	0.052689
MGYG000000870__gradient_L2_fos_gapseq	1285	1439	369	bio1	0.000000	1.060730	0.052248
MGYG000000870__gradient_L3_gos_gapseq	1285	1439	369	bio1	0.705950	0.993170	4.272919
MGYG000000870__gradient_L4_xos_gapseq	1285	1439	369	bio1	0.850373	0.992318	4.178864
MGYG000000870__gradient_L5_pectin_gapseq	1285	1439	369	bio1	0.850373	1.046222	4.275941
MGYG000000870__gradient_L6_resistant_starch_gapseq	1285	1439	369	bio1	1.132307	1.006950	4.224839
MGYG000000870__gradient_L7_bglucan_gapseq	1285	1439	369	bio1	1.132307	1.013296	4.171775
MGYG000000870__gradient_L8_hmo_gapseq	1285	1439	369	bio1	1.132307	1.068601	4.173711
MGYG000000870__gradient_L9_mos_gapseq	1285	1439	369	bio1	1.233161	1.067898	4.160428
MGYG000000872__gradient_L0_base_gapseq	1216	1377	314	bio1	0.000000	0.937304	0.049353
MGYG000000872__gradient_L1_inulin_gapseq	1216	1377	314	bio1	0.000000	1.037234	0.049504
MGYG000000872__gradient_L2_fos_gapseq	1216	1377	314	bio1	0.000000	0.926342	0.048983
MGYG000000872__gradient_L3_gos_gapseq	1216	1377	314	bio1	0.000000	1.018550	0.048707
MGYG000000872__gradient_L4_xos_gapseq	1216	1377	314	bio1	0.680846	0.950210	3.800667
MGYG000000872__gradient_L5_pectin_gapseq	1216	1377	314	bio1	0.680846	1.018542	3.794338
MGYG000000872__gradient_L6_resistant_starch_gapseq	1216	1377	314	bio1	0.988084	0.950735	3.929488
MGYG000000872__gradient_L7_bglucan_gapseq	1216	1377	314	bio1	0.988084	0.947981	3.793899
MGYG000000872__gradient_L8_hmo_gapseq	1216	1377	314	bio1	0.988084	1.015658	3.788595
MGYG000000872__gradient_L9_mos_gapseq	1216	1377	314	bio1	1.108288	0.945665	3.871492
MGYG000000877__gradient_L0_base_gapseq	1115	1208	257	bio1	0.000000	0.840612	0.039527
MGYG000000877__gradient_L1_inulin_gapseq	1115	1208	257	bio1	0.000000	0.843720	0.038659
MGYG000000877__gradient_L2_fos_gapseq	1115	1208	257	bio1	0.000000	0.908075	0.039188
MGYG000000877__gradient_L3_gos_gapseq	1115	1208	257	bio1	1.022830	0.861352	2.953226
MGYG000000877__gradient_L4_xos_gapseq	1115	1208	257	bio1	1.022830	0.933927	2.961863
MGYG000000877__gradient_L5_pectin_gapseq	1115	1208	257	bio1	1.022830	0.833438	3.039126
MGYG000000877__gradient_L6_resistant_starch_gapseq	1115	1208	257	bio1	1.130028	0.847234	2.984120
MGYG000000877__gradient_L7_bglucan_gapseq	1115	1208	257	bio1	1.130028	0.910538	2.969528
MGYG000000877__gradient_L8_hmo_gapseq	1115	1208	257	bio1	1.130028	0.831424	3.007868
MGYG000000877__gradient_L9_mos_gapseq	1115	1208	257	bio1	1.130028	0.908125	2.958145
MGYG000000909__gradient_L0_base_gapseq	1458	1697	459	bio1	1.237465	1.160970	5.605070
MGYG000000909__gradient_L1_inulin_gapseq	1458	1697	459	bio1	1.396797	1.164681	5.543135
MGYG000000909__gradient_L2_fos_gapseq	1458	1697	459	bio1	1.396797	1.171974	5.544429
MGYG000000909__gradient_L3_gos_gapseq	1458	1697	459	bio1	1.707493	1.292466	5.495179
MGYG000000909__gradient_L4_xos_gapseq	1458	1697	459	bio1	1.707493	1.269992	5.489989
MGYG000000909__gradient_L5_pectin_gapseq	1458	1697	459	bio1	1.707493	1.244239	5.544264
MGYG000000909__gradient_L6_resistant_starch_gapseq	1458	1697	459	bio1	2.402577	1.256961	5.526867
MGYG000000909__gradient_L7_bglucan_gapseq	1458	1697	459	bio1	2.635600	1.189372	5.571283
MGYG000000909__gradient_L8_hmo_gapseq	1458	1697	459	bio1	2.635600	1.165317	5.588310
MGYG000000909__gradient_L9_mos_gapseq	1458	1697	459	bio1	2.635600	1.165937	5.520947
MGYG000000914__gradient_L0_base_gapseq	1331	1518	390	bio1	1.022072	1.070410	4.595703
MGYG000000914__gradient_L1_inulin_gapseq	1331	1518	390	bio1	1.152155	1.056956	4.561414
MGYG000000914__gradient_L2_fos_gapseq	1331	1518	390	bio1	1.152155	1.151546	4.495597
MGYG000000914__gradient_L3_gos_gapseq	1331	1518	390	bio1	1.341851	1.131607	4.505140
MGYG000000914__gradient_L4_xos_gapseq	1331	1518	390	bio1	1.341851	1.088587	4.622169
MGYG000000914__gradient_L5_pectin_gapseq	1331	1518	390	bio1	1.341851	1.070030	4.539433
MGYG000000914__gradient_L6_resistant_starch_gapseq	1331	1518	390	bio1	1.341851	1.141985	4.552660
MGYG000000914__gradient_L7_bglucan_gapseq	1331	1518	390	bio1	1.341851	1.128121	4.549832
MGYG000000914__gradient_L8_hmo_gapseq	1331	1518	390	bio1	1.341851	1.070210	4.614955
MGYG000000914__gradient_L9_mos_gapseq	1331	1518	390	bio1	1.341851	1.096173	4.612093
MGYG000000919__gradient_L0_base_gapseq	1469	1720	566	bio1	1.266837	1.273131	5.721324
MGYG000000919__gradient_L1_inulin_gapseq	1469	1720	566	bio1	1.606171	1.254715	5.831558
MGYG000000919__gradient_L2_fos_gapseq	1469	1720	566	bio1	1.606171	1.285187	5.747105
MGYG000000919__gradient_L3_gos_gapseq	1469	1720	566	bio1	1.937022	1.268480	5.748014
MGYG000000919__gradient_L4_xos_gapseq	1469	1720	566	bio1	2.098205	1.334632	5.727353
MGYG000000919__gradient_L5_pectin_gapseq	1469	1720	566	bio1	2.098205	1.231275	5.829922
MGYG000000919__gradient_L6_resistant_starch_gapseq	1469	1720	566	bio1	2.838378	1.208340	5.817287
MGYG000000919__gradient_L7_bglucan_gapseq	1469	1720	566	bio1	3.086516	1.200061	5.786250
MGYG000000919__gradient_L8_hmo_gapseq	1469	1720	566	bio1	3.260424	1.190421	5.735915
MGYG000000919__gradient_L9_mos_gapseq	1469	1720	566	bio1	3.430091	1.333756	5.770979
MGYG000000920__gradient_L0_base_gapseq	1273	1434	348	bio1	0.000000	1.102434	0.055695
MGYG000000920__gradient_L1_inulin_gapseq	1273	1434	348	bio1	0.945583	1.039221	4.216498
MGYG000000920__gradient_L2_fos_gapseq	1273	1434	348	bio1	0.945583	1.030818	4.171885
MGYG000000920__gradient_L3_gos_gapseq	1273	1434	348	bio1	1.162585	1.082696	4.182524
MGYG000000920__gradient_L4_xos_gapseq	1273	1434	348	bio1	1.216520	1.018938	4.274848
MGYG000000920__gradient_L5_pectin_gapseq	1273	1434	348	bio1	1.216520	1.017284	4.170411
MGYG000000920__gradient_L6_resistant_starch_gapseq	1273	1434	348	bio1	1.731148	1.066000	4.182377
MGYG000000920__gradient_L7_bglucan_gapseq	1273	1434	348	bio1	1.904189	1.078513	4.175343
MGYG000000920__gradient_L8_hmo_gapseq	1273	1434	348	bio1	2.034532	1.023855	4.268928
MGYG000000920__gradient_L9_mos_gapseq	1273	1434	348	bio1	2.154387	1.032457	4.187771
MGYG000000952__gradient_L0_base_gapseq	981	977	158	bio1	0.000000	0.737892	0.030700
MGYG000000952__gradient_L1_inulin_gapseq	981	977	158	bio1	0.000000	0.676985	0.031096
MGYG000000952__gradient_L2_fos_gapseq	981	977	158	bio1	0.000000	0.675698	0.031154
MGYG000000952__gradient_L3_gos_gapseq	981	977	158	bio1	0.000000	0.663735	0.098657
MGYG000000952__gradient_L4_xos_gapseq	981	977	158	bio1	0.000000	0.714150	0.031257
MGYG000000952__gradient_L5_pectin_gapseq	981	977	158	bio1	0.000000	0.726329	0.033022
MGYG000000952__gradient_L6_resistant_starch_gapseq	981	977	158	bio1	0.000000	0.732004	0.032854
MGYG000000952__gradient_L7_bglucan_gapseq	981	977	158	bio1	0.000000	0.750629	0.032994
MGYG000000952__gradient_L8_hmo_gapseq	981	977	158	bio1	0.000000	0.671415	0.034180
MGYG000000952__gradient_L9_mos_gapseq	981	977	158	bio1	0.000000	0.663240	0.032649
MGYG000000965__gradient_L0_base_gapseq	1047	1073	217	bio1	0.000000	0.852756	0.034570
MGYG000000965__gradient_L1_inulin_gapseq	1047	1073	217	bio1	0.000000	0.804157	0.038248
MGYG000000965__gradient_L2_fos_gapseq	1047	1073	217	bio1	0.000000	0.746034	0.035338
MGYG000000965__gradient_L3_gos_gapseq	1047	1073	217	bio1	0.000000	0.843908	0.035022
MGYG000000965__gradient_L4_xos_gapseq	1047	1073	217	bio1	0.000000	0.760947	0.034952
MGYG000000965__gradient_L5_pectin_gapseq	1047	1073	217	bio1	0.000000	0.765692	0.034209
MGYG000000965__gradient_L6_resistant_starch_gapseq	1047	1073	217	bio1	0.000000	0.869688	0.034524
MGYG000000965__gradient_L7_bglucan_gapseq	1047	1073	217	bio1	0.000000	0.760864	0.034420
MGYG000000965__gradient_L8_hmo_gapseq	1047	1073	217	bio1	0.000000	0.760725	0.139738
MGYG000000965__gradient_L9_mos_gapseq	1047	1073	217	bio1	0.000000	0.780469	0.035125
MGYG000000968__gradient_L0_base_gapseq	1324	1487	418	bio1	0.505460	1.172816	4.380159
MGYG000000968__gradient_L1_inulin_gapseq	1324	1487	418	bio1	0.630457	1.107489	4.387557
MGYG000000968__gradient_L2_fos_gapseq	1324	1487	418	bio1	0.630457	1.047606	4.453439
MGYG000000968__gradient_L3_gos_gapseq	1324	1487	418	bio1	0.711098	1.033051	4.360060
MGYG000000968__gradient_L4_xos_gapseq	1324	1487	418	bio1	0.725760	1.141339	4.345140
MGYG000000968__gradient_L5_pectin_gapseq	1324	1487	418	bio1	0.725760	1.039509	4.407102
MGYG000000968__gradient_L6_resistant_starch_gapseq	1324	1487	418	bio1	0.832086	1.044495	4.433754
MGYG000000968__gradient_L7_bglucan_gapseq	1324	1487	418	bio1	0.832086	1.051670	4.340001
MGYG000000968__gradient_L8_hmo_gapseq	1324	1487	418	bio1	0.832086	1.147608	4.366913
MGYG000000968__gradient_L9_mos_gapseq	1324	1487	418	bio1	0.832086	1.042913	4.431472
MGYG000000974__gradient_L0_base_gapseq	877	911	165	bio1	0.000000	0.610871	0.026043
MGYG000000974__gradient_L1_inulin_gapseq	877	911	165	bio1	0.000000	0.678894	0.028212
MGYG000000974__gradient_L2_fos_gapseq	877	911	165	bio1	0.000000	0.795414	0.027653
MGYG000000974__gradient_L3_gos_gapseq	877	911	165	bio1	0.000000	0.634735	0.027896
MGYG000000974__gradient_L4_xos_gapseq	877	911	165	bio1	0.000000	0.666893	0.027778
MGYG000000974__gradient_L5_pectin_gapseq	877	911	165	bio1	0.000000	0.725391	0.027915
MGYG000000974__gradient_L6_resistant_starch_gapseq	877	911	165	bio1	0.000000	0.613764	0.028113
MGYG000000974__gradient_L7_bglucan_gapseq	877	911	165	bio1	0.000000	0.595447	0.028284
MGYG000000974__gradient_L8_hmo_gapseq	877	911	165	bio1	0.000000	0.604003	0.027885
MGYG000000974__gradient_L9_mos_gapseq	877	911	165	bio1	0.000000	0.735477	0.027994
MGYG000000990__gradient_L0_base_gapseq	1409	1635	413	bio1	0.000000	1.143791	0.063228
MGYG000000990__gradient_L1_inulin_gapseq	1409	1635	413	bio1	0.000000	1.259402	0.065751
MGYG000000990__gradient_L2_fos_gapseq	1409	1635	413	bio1	0.000000	1.151192	0.065201
MGYG000000990__gradient_L3_gos_gapseq	1409	1635	413	bio1	0.000000	1.296820	0.068224
MGYG000000990__gradient_L4_xos_gapseq	1409	1635	413	bio1	1.383780	1.166694	5.498743
MGYG000000990__gradient_L5_pectin_gapseq	1409	1635	413	bio1	1.383780	1.140279	5.310467
MGYG000000990__gradient_L6_resistant_starch_gapseq	1409	1635	413	bio1	2.006036	1.137249	5.275180
MGYG000000990__gradient_L7_bglucan_gapseq	1409	1635	413	bio1	2.214952	1.220657	5.309695
MGYG000000990__gradient_L8_hmo_gapseq	1409	1635	413	bio1	2.363216	1.218578	5.243798
MGYG000000990__gradient_L9_mos_gapseq	1409	1635	413	bio1	2.467977	1.228401	5.242025
MGYG000000994__gradient_L0_base_gapseq	1226	1250	264	bio1	0.019292	0.891001	3.194902
MGYG000000994__gradient_L1_inulin_gapseq	1226	1250	264	bio1	0.107165	0.979681	3.186448
MGYG000000994__gradient_L2_fos_gapseq	1226	1250	264	bio1	0.107165	0.904982	3.250902
MGYG000000994__gradient_L3_gos_gapseq	1226	1250	264	bio1	0.107165	0.896936	3.182707
MGYG000000994__gradient_L4_xos_gapseq	1226	1250	264	bio1	0.107165	0.946633	3.192472
MGYG000000994__gradient_L5_pectin_gapseq	1226	1250	264	bio1	0.107165	0.873908	3.174180
MGYG000000994__gradient_L6_resistant_starch_gapseq	1226	1250	264	bio1	0.160752	0.984572	3.185417
MGYG000000994__gradient_L7_bglucan_gapseq	1226	1250	264	bio1	0.160752	0.893623	3.233515
MGYG000000994__gradient_L8_hmo_gapseq	1226	1250	264	bio1	0.160752	0.908106	3.169609
MGYG000000994__gradient_L9_mos_gapseq	1226	1250	264	bio1	0.160752	0.941426	3.186985
MGYG000001004__gradient_L0_base_gapseq	1333	1503	390	bio1	0.000000	1.051407	0.052716
MGYG000001004__gradient_L1_inulin_gapseq	1333	1503	390	bio1	0.000000	1.165341	0.053106
MGYG000001004__gradient_L2_fos_gapseq	1333	1503	390	bio1	0.000000	1.034287	0.052962
MGYG000001004__gradient_L3_gos_gapseq	1333	1503	390	bio1	0.000000	1.149038	0.055509
MGYG000001004__gradient_L4_xos_gapseq	1333	1503	390	bio1	1.250945	1.055465	4.594341
MGYG000001004__gradient_L5_pectin_gapseq	1333	1503	390	bio1	1.250945	1.067095	4.490020
MGYG000001004__gradient_L6_resistant_starch_gapseq	1333	1503	390	bio1	1.870828	1.123255	4.470708
MGYG000001004__gradient_L7_bglucan_gapseq	1333	1503	390	bio1	2.078948	1.141995	4.505360
MGYG000001004__gradient_L8_hmo_gapseq	1333	1503	390	bio1	2.226646	1.053047	4.571764
MGYG000001004__gradient_L9_mos_gapseq	1333	1503	390	bio1	2.226646	1.080297	4.506338
MGYG000001007__gradient_L0_base_gapseq	1380	1599	468	bio1	0.700884	1.133885	5.057857
MGYG000001007__gradient_L1_inulin_gapseq	1380	1599	468	bio1	0.997860	1.117947	5.068916
MGYG000001007__gradient_L2_fos_gapseq	1380	1599	468	bio1	0.997860	1.153134	4.988930
MGYG000001007__gradient_L3_gos_gapseq	1380	1599	468	bio1	1.274725	1.201663	5.058640
MGYG000001007__gradient_L4_xos_gapseq	1380	1599	468	bio1	1.274725	1.211223	4.999172
MGYG000001007__gradient_L5_pectin_gapseq	1380	1599	468	bio1	1.274725	1.151310	5.074848
MGYG000001007__gradient_L6_resistant_starch_gapseq	1380	1599	468	bio1	1.413158	1.156246	5.109653
MGYG000001007__gradient_L7_bglucan_gapseq	1380	1599	468	bio1	1.612155	1.121577	4.993944
MGYG000001007__gradient_L8_hmo_gapseq	1380	1599	468	bio1	1.612155	1.233058	4.999026
MGYG000001007__gradient_L9_mos_gapseq	1380	1599	468	bio1	1.750588	1.172141	5.000342
MGYG000001023__gradient_L0_base_gapseq	1175	1245	323	bio1	0.000000	0.958852	0.041448
MGYG000001023__gradient_L1_inulin_gapseq	1175	1245	323	bio1	0.000000	0.878763	0.040283
MGYG000001023__gradient_L2_fos_gapseq	1175	1245	323	bio1	0.000000	0.935807	0.040933
MGYG000001023__gradient_L3_gos_gapseq	1175	1245	323	bio1	0.000000	0.873232	0.040917
MGYG000001023__gradient_L4_xos_gapseq	1175	1245	323	bio1	0.510917	0.950904	3.281842
MGYG000001023__gradient_L5_pectin_gapseq	1175	1245	323	bio1	0.510917	0.889090	3.271759
MGYG000001023__gradient_L6_resistant_starch_gapseq	1175	1245	323	bio1	0.594523	0.966622	3.261853
MGYG000001023__gradient_L7_bglucan_gapseq	1175	1245	323	bio1	0.594523	0.890764	3.326541
MGYG000001023__gradient_L8_hmo_gapseq	1175	1245	323	bio1	0.594523	0.873598	3.292861
MGYG000001023__gradient_L9_mos_gapseq	1175	1245	323	bio1	0.594523	0.942876	3.258579
MGYG000001027__gradient_L0_base_gapseq	1298	1438	374	bio1	0.000000	1.024977	0.052945
MGYG000001027__gradient_L1_inulin_gapseq	1298	1438	374	bio1	0.000000	1.119909	0.053776
MGYG000001027__gradient_L2_fos_gapseq	1298	1438	374	bio1	0.000000	1.011643	0.053410
MGYG000001027__gradient_L3_gos_gapseq	1298	1438	374	bio1	0.000000	1.074735	0.056037
MGYG000001027__gradient_L4_xos_gapseq	1298	1438	374	bio1	0.000000	0.996480	0.056826
MGYG000001027__gradient_L5_pectin_gapseq	1298	1438	374	bio1	0.000000	1.093533	0.056481
MGYG000001027__gradient_L6_resistant_starch_gapseq	1298	1438	374	bio1	0.000000	1.011176	0.056147
MGYG000001027__gradient_L7_bglucan_gapseq	1298	1438	374	bio1	0.000000	1.098188	0.056245
MGYG000001027__gradient_L8_hmo_gapseq	1298	1438	374	bio1	0.000000	0.975971	0.056159
MGYG000001027__gradient_L9_mos_gapseq	1298	1438	374	bio1	0.000000	1.142644	0.056555
MGYG000001029__gradient_L0_base_gapseq	1114	1243	286	bio1	0.000000	0.863907	0.044910
MGYG000001029__gradient_L1_inulin_gapseq	1114	1243	286	bio1	0.284529	0.849995	3.292483
MGYG000001029__gradient_L2_fos_gapseq	1114	1243	286	bio1	0.284529	0.869685	3.188485
MGYG000001029__gradient_L3_gos_gapseq	1114	1243	286	bio1	0.494545	0.966491	3.183567
MGYG000001029__gradient_L4_xos_gapseq	1114	1243	286	bio1	0.494545	0.883799	3.283873
MGYG000001029__gradient_L5_pectin_gapseq	1114	1243	286	bio1	0.494545	0.854028	3.216420
MGYG000001029__gradient_L6_resistant_starch_gapseq	1114	1243	286	bio1	0.921353	0.868393	3.263722
MGYG000001029__gradient_L7_bglucan_gapseq	1114	1243	286	bio1	1.074976	0.864081	3.191802
MGYG000001029__gradient_L8_hmo_gapseq	1114	1243	286	bio1	1.184893	0.903600	3.181716
MGYG000001029__gradient_L9_mos_gapseq	1114	1243	286	bio1	1.255239	0.858639	3.257778
MGYG000001030__gradient_L0_base_gapseq	1307	1450	338	bio1	0.000000	1.026063	0.130617
MGYG000001030__gradient_L1_inulin_gapseq	1307	1450	338	bio1	0.000000	1.038238	0.050586
MGYG000001030__gradient_L2_fos_gapseq	1307	1450	338	bio1	0.000000	1.018408	0.051067
MGYG000001030__gradient_L3_gos_gapseq	1307	1450	338	bio1	0.000000	1.074669	0.050542
MGYG000001030__gradient_L4_xos_gapseq	1307	1450	338	bio1	0.322150	1.018770	4.276868
MGYG000001030__gradient_L5_pectin_gapseq	1307	1450	338	bio1	0.322150	1.030921	4.174286
MGYG000001030__gradient_L6_resistant_starch_gapseq	1307	1450	338	bio1	0.410583	1.081122	4.166052
MGYG000001030__gradient_L7_bglucan_gapseq	1307	1450	338	bio1	0.552709	1.086431	4.212469
MGYG000001030__gradient_L8_hmo_gapseq	1307	1450	338	bio1	0.552709	1.033924	4.254050
MGYG000001030__gradient_L9_mos_gapseq	1307	1450	338	bio1	0.641143	1.028912	4.145273
MGYG000001062__gradient_L0_base_gapseq	1120	1130	268	bio1	0.000000	0.804204	0.032298
MGYG000001062__gradient_L1_inulin_gapseq	1120	1130	268	bio1	0.000000	0.809853	0.032258
MGYG000001062__gradient_L2_fos_gapseq	1120	1130	268	bio1	0.000000	0.861648	0.033042
MGYG000001062__gradient_L3_gos_gapseq	1120	1130	268	bio1	0.000000	0.809161	0.033166
MGYG000001062__gradient_L4_xos_gapseq	1120	1130	268	bio1	0.000000	0.807656	0.036050
MGYG000001062__gradient_L5_pectin_gapseq	1120	1130	268	bio1	0.000000	0.886691	0.035531
MGYG000001062__gradient_L6_resistant_starch_gapseq	1120	1130	268	bio1	0.000000	0.788503	0.035782
MGYG000001062__gradient_L7_bglucan_gapseq	1120	1130	268	bio1	0.000000	0.802956	0.115564
MGYG000001062__gradient_L8_hmo_gapseq	1120	1130	268	bio1	0.000000	0.806644	0.034721
MGYG000001062__gradient_L9_mos_gapseq	1120	1130	268	bio1	0.000000	0.794136	0.035011
MGYG000001066__gradient_L0_base_gapseq	1194	1316	329	bio1	0.292441	1.016292	3.576136
MGYG000001066__gradient_L1_inulin_gapseq	1194	1316	329	bio1	0.431131	0.921332	3.670935
MGYG000001066__gradient_L2_fos_gapseq	1194	1316	329	bio1	0.431131	0.924830	3.568261
MGYG000001066__gradient_L3_gos_gapseq	1194	1316	329	bio1	0.491760	1.001655	3.546004
MGYG000001066__gradient_L4_xos_gapseq	1194	1316	329	bio1	0.491760	0.917654	3.648584
MGYG000001066__gradient_L5_pectin_gapseq	1194	1316	329	bio1	0.491760	0.936079	3.550125
MGYG000001066__gradient_L6_resistant_starch_gapseq	1194	1316	329	bio1	0.582704	0.982575	3.541846
MGYG000001066__gradient_L7_bglucan_gapseq	1194	1316	329	bio1	0.582704	0.925636	3.582372
MGYG000001066__gradient_L8_hmo_gapseq	1194	1316	329	bio1	0.582704	1.001434	3.562634
MGYG000001066__gradient_L9_mos_gapseq	1194	1316	329	bio1	0.582704	0.916452	3.632784
MGYG000001068__gradient_L0_base_gapseq	1424	1700	403	bio1	0.504344	1.284816	5.616223
MGYG000001068__gradient_L1_inulin_gapseq	1424	1700	403	bio1	0.661545	1.252418	5.656075
MGYG000001068__gradient_L2_fos_gapseq	1424	1700	403	bio1	0.661545	1.262672	5.643093
MGYG000001068__gradient_L3_gos_gapseq	1424	1700	403	bio1	0.823659	1.177389	5.781312
MGYG000001068__gradient_L4_xos_gapseq	1424	1700	403	bio1	0.823659	1.177097	5.702140
MGYG000001068__gradient_L5_pectin_gapseq	1424	1700	403	bio1	0.823659	1.183158	5.618480
MGYG000001068__gradient_L6_resistant_starch_gapseq	1424	1700	403	bio1	0.902260	1.248572	5.635841
MGYG000001068__gradient_L7_bglucan_gapseq	1424	1700	403	bio1	1.012435	1.257078	5.631671
MGYG000001068__gradient_L8_hmo_gapseq	1424	1700	403	bio1	1.012435	1.257622	5.668540
MGYG000001068__gradient_L9_mos_gapseq	1424	1700	403	bio1	1.089513	1.266009	5.628236
MGYG000001093__gradient_L0_base_gapseq	1512	1661	370	bio1	0.000000	1.177460	0.059320
MGYG000001093__gradient_L1_inulin_gapseq	1512	1661	370	bio1	0.287305	1.256154	5.506588
MGYG000001093__gradient_L2_fos_gapseq	1512	1661	370	bio1	0.287305	1.261332	5.492866
MGYG000001093__gradient_L3_gos_gapseq	1512	1661	370	bio1	0.287305	1.254018	5.493675
MGYG000001093__gradient_L4_xos_gapseq	1512	1661	370	bio1	0.287305	1.172619	5.600458
MGYG000001093__gradient_L5_pectin_gapseq	1512	1661	370	bio1	0.287305	1.167736	5.614616
MGYG000001093__gradient_L6_resistant_starch_gapseq	1512	1661	370	bio1	0.287305	1.210081	5.475512
MGYG000001093__gradient_L7_bglucan_gapseq	1512	1661	370	bio1	0.287305	1.250429	5.462207
MGYG000001093__gradient_L8_hmo_gapseq	1512	1661	370	bio1	0.287305	1.250889	5.492639
MGYG000001093__gradient_L9_mos_gapseq	1512	1661	370	bio1	0.287305	1.261022	5.472870
MGYG000001096__gradient_L0_base_gapseq	1156	1299	312	bio1	0.790079	0.887554	3.512480
MGYG000001096__gradient_L1_inulin_gapseq	1156	1299	312	bio1	1.080057	0.913574	3.427199
MGYG000001096__gradient_L2_fos_gapseq	1156	1299	312	bio1	1.080057	0.968247	3.424048
MGYG000001096__gradient_L3_gos_gapseq	1156	1299	312	bio1	1.371609	0.897342	3.421742
MGYG000001096__gradient_L4_xos_gapseq	1156	1299	312	bio1	1.371609	0.951506	3.413288
MGYG000001096__gradient_L5_pectin_gapseq	1156	1299	312	bio1	1.371609	0.902379	3.508204
MGYG000001096__gradient_L6_resistant_starch_gapseq	1156	1299	312	bio1	1.983426	0.897580	3.432153
MGYG000001096__gradient_L7_bglucan_gapseq	1156	1299	312	bio1	1.983426	0.950902	3.411031
MGYG000001096__gradient_L8_hmo_gapseq	1156	1299	312	bio1	1.983426	0.899917	3.527792
MGYG000001096__gradient_L9_mos_gapseq	1156	1299	312	bio1	2.124784	0.909925	3.413853
MGYG000001115__gradient_L0_base_gapseq	1251	1400	330	bio1	0.000000	0.994402	0.053202
MGYG000001115__gradient_L1_inulin_gapseq	1251	1400	330	bio1	0.000000	1.083391	0.054125
MGYG000001115__gradient_L2_fos_gapseq	1251	1400	330	bio1	0.000000	0.985771	0.053781
MGYG000001115__gradient_L3_gos_gapseq	1251	1400	330	bio1	1.204752	1.061010	3.972745
MGYG000001115__gradient_L4_xos_gapseq	1251	1400	330	bio1	1.277584	0.985260	4.043894
MGYG000001115__gradient_L5_pectin_gapseq	1251	1400	330	bio1	1.277584	1.006348	3.981859
MGYG000001115__gradient_L6_resistant_starch_gapseq	1251	1400	330	bio1	1.826100	1.113295	3.978352
MGYG000001115__gradient_L7_bglucan_gapseq	1251	1400	330	bio1	1.826100	1.074287	3.993549
MGYG000001115__gradient_L8_hmo_gapseq	1251	1400	330	bio1	1.826100	1.001417	4.039977
MGYG000001115__gradient_L9_mos_gapseq	1251	1400	330	bio1	1.826100	1.018375	3.992975
MGYG000001141__gradient_L0_base_gapseq	1304	1471	371	bio1	0.000000	1.110529	0.051199
MGYG000001141__gradient_L1_inulin_gapseq	1304	1471	371	bio1	0.000000	1.029684	0.054923
MGYG000001141__gradient_L2_fos_gapseq	1304	1471	371	bio1	0.000000	1.116931	0.054318
MGYG000001141__gradient_L3_gos_gapseq	1304	1471	371	bio1	0.682508	1.015094	4.273012
MGYG000001141__gradient_L4_xos_gapseq	1304	1471	371	bio1	0.721245	1.111275	4.275215
MGYG000001141__gradient_L5_pectin_gapseq	1304	1471	371	bio1	0.721245	1.115612	4.295787
MGYG000001141__gradient_L6_resistant_starch_gapseq	1304	1471	371	bio1	1.136795	1.024944	4.360312
MGYG000001141__gradient_L7_bglucan_gapseq	1304	1471	371	bio1	1.283019	1.024209	4.258688
MGYG000001141__gradient_L8_hmo_gapseq	1304	1471	371	bio1	1.283019	1.088852	4.267233
MGYG000001141__gradient_L9_mos_gapseq	1304	1471	371	bio1	1.350781	1.091533	4.274889
MGYG000001153__gradient_L0_base_gapseq	1054	1071	244	bio1	0.000000	0.847164	0.030374
MGYG000001153__gradient_L1_inulin_gapseq	1054	1071	244	bio1	0.094873	0.811226	2.424281
MGYG000001153__gradient_L2_fos_gapseq	1054	1071	244	bio1	0.094873	0.796884	2.502507
MGYG000001153__gradient_L3_gos_gapseq	1054	1071	244	bio1	0.094873	0.868961	2.431459
MGYG000001153__gradient_L4_xos_gapseq	1054	1071	244	bio1	0.094873	0.829861	2.497915
MGYG000001153__gradient_L5_pectin_gapseq	1054	1071	244	bio1	0.094873	0.801144	2.433171
MGYG000001153__gradient_L6_resistant_starch_gapseq	1054	1071	244	bio1	0.094873	0.818985	2.497981
MGYG000001153__gradient_L7_bglucan_gapseq	1054	1071	244	bio1	0.094873	0.804322	2.440470
MGYG000001153__gradient_L8_hmo_gapseq	1054	1071	244	bio1	0.094873	0.748371	2.484281
MGYG000001153__gradient_L9_mos_gapseq	1054	1071	244	bio1	0.094873	0.756951	2.409163
MGYG000001157__gradient_L0_base_gapseq	1275	1452	370	bio1	0.000000	1.056986	0.053191
MGYG000001157__gradient_L1_inulin_gapseq	1275	1452	370	bio1	0.000000	1.124432	0.053707
MGYG000001157__gradient_L2_fos_gapseq	1275	1452	370	bio1	0.000000	1.054182	0.054058
MGYG000001157__gradient_L3_gos_gapseq	1275	1452	370	bio1	1.248280	1.114749	4.241274
MGYG000001157__gradient_L4_xos_gapseq	1275	1452	370	bio1	1.317412	1.032837	4.327594
MGYG000001157__gradient_L5_pectin_gapseq	1275	1452	370	bio1	1.317412	1.058931	4.212339
MGYG000001157__gradient_L6_resistant_starch_gapseq	1275	1452	370	bio1	1.835780	1.096869	4.225627
MGYG000001157__gradient_L7_bglucan_gapseq	1275	1452	370	bio1	2.010078	1.082126	4.234575
MGYG000001157__gradient_L8_hmo_gapseq	1275	1452	370	bio1	2.010078	1.048039	4.313983
MGYG000001157__gradient_L9_mos_gapseq	1275	1452	370	bio1	2.094586	1.014622	4.284137
MGYG000001175__gradient_L0_base_gapseq	888	849	89	bio1	0.000000	0.571470	0.019543
MGYG000001175__gradient_L1_inulin_gapseq	888	849	89	bio1	0.000000	0.648751	0.019583
MGYG000001175__gradient_L2_fos_gapseq	888	849	89	bio1	0.000000	0.591838	0.019717
MGYG000001175__gradient_L3_gos_gapseq	888	849	89	bio1	0.000000	0.597393	0.019733
MGYG000001175__gradient_L4_xos_gapseq	888	849	89	bio1	0.000000	0.574848	0.020226
MGYG000001175__gradient_L5_pectin_gapseq	888	849	89	bio1	0.000000	0.642454	0.020509
MGYG000001175__gradient_L6_resistant_starch_gapseq	888	849	89	bio1	0.000000	0.614114	0.019836
MGYG000001175__gradient_L7_bglucan_gapseq	888	849	89	bio1	0.000000	0.619422	0.022354
MGYG000001175__gradient_L8_hmo_gapseq	888	849	89	bio1	0.000000	0.635739	0.022442
MGYG000001175__gradient_L9_mos_gapseq	888	849	89	bio1	0.000000	0.656948	0.022230
MGYG000001179__gradient_L0_base_gapseq	1173	1297	313	bio1	0.497193	0.904488	3.409418
MGYG000001179__gradient_L1_inulin_gapseq	1173	1297	313	bio1	0.720238	0.974360	3.409950
MGYG000001179__gradient_L2_fos_gapseq	1173	1297	313	bio1	0.720238	0.913668	3.494139
MGYG000001179__gradient_L3_gos_gapseq	1173	1297	313	bio1	0.957044	0.908080	3.419820
MGYG000001179__gradient_L4_xos_gapseq	1173	1297	313	bio1	0.957044	0.972518	3.476190
MGYG000001179__gradient_L5_pectin_gapseq	1173	1297	313	bio1	0.957044	0.916244	3.440861
MGYG000001179__gradient_L6_resistant_starch_gapseq	1173	1297	313	bio1	1.436098	0.987614	3.494281
MGYG000001179__gradient_L7_bglucan_gapseq	1173	1297	313	bio1	1.436098	0.920495	3.478059
MGYG000001179__gradient_L8_hmo_gapseq	1173	1297	313	bio1	1.436098	0.902535	3.425207
MGYG000001179__gradient_L9_mos_gapseq	1173	1297	313	bio1	1.548184	0.961908	3.414667
MGYG000001182__gradient_L0_base_gapseq	939	883	122	bio1	0.000000	0.709072	0.024119
MGYG000001182__gradient_L1_inulin_gapseq	939	883	122	bio1	0.000000	0.643136	0.024342
MGYG000001182__gradient_L2_fos_gapseq	939	883	122	bio1	0.000000	0.622537	0.024176
MGYG000001182__gradient_L3_gos_gapseq	939	883	122	bio1	0.000000	0.611938	0.024437
MGYG000001182__gradient_L4_xos_gapseq	939	883	122	bio1	0.000000	0.682368	0.024211
MGYG000001182__gradient_L5_pectin_gapseq	939	883	122	bio1	0.000000	0.618330	0.024437
MGYG000001182__gradient_L6_resistant_starch_gapseq	939	883	122	bio1	0.000000	0.614540	0.024097
MGYG000001182__gradient_L7_bglucan_gapseq	939	883	122	bio1	0.000000	0.616807	0.105414
MGYG000001182__gradient_L8_hmo_gapseq	939	883	122	bio1	0.000000	0.662200	0.026704
MGYG000001182__gradient_L9_mos_gapseq	939	883	122	bio1	0.000000	0.619299	0.026925
MGYG000001186__gradient_L0_base_gapseq	1400	1626	447	bio1	0.417429	1.292057	5.233801
MGYG000001186__gradient_L1_inulin_gapseq	1400	1626	447	bio1	0.547950	1.153336	5.322243
MGYG000001186__gradient_L2_fos_gapseq	1400	1626	447	bio1	0.547950	1.145015	5.270707
MGYG000001186__gradient_L3_gos_gapseq	1400	1626	447	bio1	0.826469	1.152395	5.204279
MGYG000001186__gradient_L4_xos_gapseq	1400	1626	447	bio1	0.878329	1.220074	5.175458
MGYG000001186__gradient_L5_pectin_gapseq	1400	1626	447	bio1	0.878329	1.271834	5.183717
MGYG000001186__gradient_L6_resistant_starch_gapseq	1400	1626	447	bio1	1.418728	1.182774	5.261960
MGYG000001186__gradient_L7_bglucan_gapseq	1400	1626	447	bio1	1.599133	1.150684	5.260255
MGYG000001186__gradient_L8_hmo_gapseq	1400	1626	447	bio1	1.599133	1.149149	5.205289
MGYG000001186__gradient_L9_mos_gapseq	1400	1626	447	bio1	1.688221	1.261830	5.181550
MGYG000001193__gradient_L0_base_gapseq	1165	1198	256	bio1	0.098741	0.853048	3.165727
MGYG000001193__gradient_L1_inulin_gapseq	1165	1198	256	bio1	0.209372	0.871404	3.113604
MGYG000001193__gradient_L2_fos_gapseq	1165	1198	256	bio1	0.209372	0.920847	3.137131
MGYG000001193__gradient_L3_gos_gapseq	1165	1198	256	bio1	0.209372	0.870171	3.114392
MGYG000001193__gradient_L4_xos_gapseq	1165	1198	256	bio1	0.209372	0.940460	3.100462
MGYG000001193__gradient_L5_pectin_gapseq	1165	1198	256	bio1	0.209372	0.855734	3.191802
MGYG000001193__gradient_L6_resistant_starch_gapseq	1165	1198	256	bio1	0.209372	0.874045	3.105584
MGYG000001193__gradient_L7_bglucan_gapseq	1165	1198	256	bio1	0.209372	0.921745	3.125205
MGYG000001193__gradient_L8_hmo_gapseq	1165	1198	256	bio1	0.209372	0.867245	3.108403
MGYG000001193__gradient_L9_mos_gapseq	1165	1198	256	bio1	0.209372	0.942265	3.114316
MGYG000001203__gradient_L0_base_gapseq	1170	1256	300	bio1	0.688415	0.860787	3.295102
MGYG000001203__gradient_L1_inulin_gapseq	1170	1256	300	bio1	0.971885	0.878507	3.204890
MGYG000001203__gradient_L2_fos_gapseq	1170	1256	300	bio1	0.971885	0.949421	3.207216
MGYG000001203__gradient_L3_gos_gapseq	1170	1256	300	bio1	0.971885	0.876743	3.212048
MGYG000001203__gradient_L4_xos_gapseq	1170	1256	300	bio1	0.971885	0.929369	3.211371
MGYG000001203__gradient_L5_pectin_gapseq	1170	1256	300	bio1	0.971885	0.873689	3.277490
MGYG000001203__gradient_L6_resistant_starch_gapseq	1170	1256	300	bio1	1.584388	0.888612	3.276042
MGYG000001203__gradient_L7_bglucan_gapseq	1170	1256	300	bio1	1.584388	0.929245	3.218287
MGYG000001203__gradient_L8_hmo_gapseq	1170	1256	300	bio1	1.584388	0.872208	3.225424
MGYG000001203__gradient_L9_mos_gapseq	1170	1256	300	bio1	1.725813	0.936264	3.245234
MGYG000001209__gradient_L0_base_gapseq	1144	1230	247	bio1	0.000000	0.970058	0.039302
MGYG000001209__gradient_L1_inulin_gapseq	1144	1230	247	bio1	0.559010	0.877301	3.213374
MGYG000001209__gradient_L2_fos_gapseq	1144	1230	247	bio1	0.559010	0.915475	3.214864
MGYG000001209__gradient_L3_gos_gapseq	1144	1230	247	bio1	0.559010	0.883406	3.288068
MGYG000001209__gradient_L4_xos_gapseq	1144	1230	247	bio1	0.559010	0.873155	3.222321
MGYG000001209__gradient_L5_pectin_gapseq	1144	1230	247	bio1	0.559010	0.879713	3.315374
MGYG000001209__gradient_L6_resistant_starch_gapseq	1144	1230	247	bio1	0.686222	0.857663	3.189019
MGYG000001209__gradient_L7_bglucan_gapseq	1144	1230	247	bio1	0.686222	0.930417	3.182299
MGYG000001209__gradient_L8_hmo_gapseq	1144	1230	247	bio1	0.686222	0.874358	3.276527
MGYG000001209__gradient_L9_mos_gapseq	1144	1230	247	bio1	0.813435	0.878051	3.196975
MGYG000001216__gradient_L0_base_gapseq	899	869	149	bio1	0.000000	0.636912	0.024645
MGYG000001216__gradient_L1_inulin_gapseq	899	869	149	bio1	0.000000	0.727157	0.025357
MGYG000001216__gradient_L2_fos_gapseq	899	869	149	bio1	0.000000	0.654857	0.025775
MGYG000001216__gradient_L3_gos_gapseq	899	869	149	bio1	0.000000	0.602101	0.025601
MGYG000001216__gradient_L4_xos_gapseq	899	869	149	bio1	0.000000	0.610262	0.025649
MGYG000001216__gradient_L5_pectin_gapseq	899	869	149	bio1	0.000000	0.688385	0.025605
MGYG000001216__gradient_L6_resistant_starch_gapseq	899	869	149	bio1	0.000000	0.642485	0.025666
MGYG000001216__gradient_L7_bglucan_gapseq	899	869	149	bio1	0.000000	0.652192	0.026096
MGYG000001216__gradient_L8_hmo_gapseq	899	869	149	bio1	0.000000	0.685027	0.026788
MGYG000001216__gradient_L9_mos_gapseq	899	869	149	bio1	0.000000	0.628888	0.026159
MGYG000001227__gradient_L0_base_gapseq	1085	1197	279	bio1	0.000000	0.827687	0.105066
MGYG000001227__gradient_L1_inulin_gapseq	1085	1197	279	bio1	0.000000	0.823769	0.037947
MGYG000001227__gradient_L2_fos_gapseq	1085	1197	279	bio1	0.000000	0.821181	0.037953
MGYG000001227__gradient_L3_gos_gapseq	1085	1197	279	bio1	0.000000	0.950368	0.038834
MGYG000001227__gradient_L4_xos_gapseq	1085	1197	279	bio1	0.000000	0.820680	0.038424
MGYG000001227__gradient_L5_pectin_gapseq	1085	1197	279	bio1	0.000000	0.829735	0.116538
MGYG000001227__gradient_L6_resistant_starch_gapseq	1085	1197	279	bio1	0.000000	0.823425	0.038215
MGYG000001227__gradient_L7_bglucan_gapseq	1085	1197	279	bio1	0.000000	0.871042	0.038214
MGYG000001227__gradient_L8_hmo_gapseq	1085	1197	279	bio1	0.000000	0.901212	0.039239
MGYG000001227__gradient_L9_mos_gapseq	1085	1197	279	bio1	0.000000	0.826929	0.038460
MGYG000001238__gradient_L0_base_gapseq	1282	1302	300	bio1	0.000000	0.953780	0.042386
MGYG000001238__gradient_L1_inulin_gapseq	1282	1302	300	bio1	0.000000	1.032957	0.042272
MGYG000001238__gradient_L2_fos_gapseq	1282	1302	300	bio1	0.000000	0.934875	0.042031
MGYG000001238__gradient_L3_gos_gapseq	1282	1302	300	bio1	0.618401	1.043356	3.452614
MGYG000001238__gradient_L4_xos_gapseq	1282	1302	300	bio1	0.618401	0.947084	3.463588
MGYG000001238__gradient_L5_pectin_gapseq	1282	1302	300	bio1	0.618401	1.058551	3.474052
MGYG000001238__gradient_L6_resistant_starch_gapseq	1282	1302	300	bio1	0.725951	0.940803	3.505730
MGYG000001238__gradient_L7_bglucan_gapseq	1282	1302	300	bio1	0.725951	0.945644	3.440312
MGYG000001238__gradient_L8_hmo_gapseq	1282	1302	300	bio1	0.725951	1.025728	3.442185
MGYG000001238__gradient_L9_mos_gapseq	1282	1302	300	bio1	0.725951	0.943756	3.528431
MGYG000001241__gradient_L0_base_gapseq	1064	1171	288	bio1	0.000000	0.809020	0.130241
MGYG000001241__gradient_L1_inulin_gapseq	1064	1171	288	bio1	0.121095	0.805294	2.847076
MGYG000001241__gradient_L2_fos_gapseq	1064	1171	288	bio1	0.121095	0.817081	2.953288
MGYG000001241__gradient_L3_gos_gapseq	1064	1171	288	bio1	0.121095	0.813936	2.827221
MGYG000001241__gradient_L4_xos_gapseq	1064	1171	288	bio1	0.122096	0.863420	2.839343
MGYG000001241__gradient_L5_pectin_gapseq	1064	1171	288	bio1	0.122096	0.802795	2.835019
MGYG000001241__gradient_L6_resistant_starch_gapseq	1064	1171	288	bio1	0.122125	0.846742	2.829598
MGYG000001241__gradient_L7_bglucan_gapseq	1064	1171	288	bio1	0.122125	0.803825	2.895768
MGYG000001241__gradient_L8_hmo_gapseq	1064	1171	288	bio1	0.122125	0.817063	2.826586
MGYG000001241__gradient_L9_mos_gapseq	1064	1171	288	bio1	0.122125	0.801556	2.939389
MGYG000001246__gradient_L0_base_gapseq	1448	1685	481	bio1	0.000000	1.173411	0.064860
MGYG000001246__gradient_L1_inulin_gapseq	1448	1685	481	bio1	0.000000	1.237480	0.064526
MGYG000001246__gradient_L2_fos_gapseq	1448	1685	481	bio1	0.000000	1.208061	0.064184
MGYG000001246__gradient_L3_gos_gapseq	1448	1685	481	bio1	1.527200	1.271027	5.532560
MGYG000001246__gradient_L4_xos_gapseq	1448	1685	481	bio1	1.527200	1.284428	5.507369
MGYG000001246__gradient_L5_pectin_gapseq	1448	1685	481	bio1	1.527200	1.258059	5.520966
MGYG000001246__gradient_L6_resistant_starch_gapseq	1448	1685	481	bio1	2.065034	1.244437	5.512335
MGYG000001246__gradient_L7_bglucan_gapseq	1448	1685	481	bio1	2.245799	1.228219	5.603750
MGYG000001246__gradient_L8_hmo_gapseq	1448	1685	481	bio1	2.245799	1.168973	5.590908
MGYG000001246__gradient_L9_mos_gapseq	1448	1685	481	bio1	2.370773	1.173113	5.506540
MGYG000001277__gradient_L0_base_gapseq	1454	1585	490	bio1	0.368139	1.176908	5.040219
MGYG000001277__gradient_L1_inulin_gapseq	1454	1585	490	bio1	0.368139	1.197746	4.959114
MGYG000001277__gradient_L2_fos_gapseq	1454	1585	490	bio1	0.368139	1.213498	4.942602
MGYG000001277__gradient_L3_gos_gapseq	1454	1585	490	bio1	0.368139	1.218604	4.949575
MGYG000001277__gradient_L4_xos_gapseq	1454	1585	490	bio1	0.425342	1.239766	4.946273
MGYG000001277__gradient_L5_pectin_gapseq	1454	1585	490	bio1	0.425342	1.170246	5.014111
MGYG000001277__gradient_L6_resistant_starch_gapseq	1454	1585	490	bio1	0.580713	1.200281	5.018010
MGYG000001277__gradient_L7_bglucan_gapseq	1454	1585	490	bio1	0.580713	1.162414	4.941663
MGYG000001277__gradient_L8_hmo_gapseq	1454	1585	490	bio1	0.580713	1.225988	4.999655
MGYG000001277__gradient_L9_mos_gapseq	1454	1585	490	bio1	0.713458	1.224125	5.034703
MGYG000001280__gradient_L0_base_gapseq	900	955	179	bio1	0.000000	0.711221	0.027229
MGYG000001280__gradient_L1_inulin_gapseq	900	955	179	bio1	0.000000	0.632175	0.028587
MGYG000001280__gradient_L2_fos_gapseq	900	955	179	bio1	0.000000	0.633082	0.028675
MGYG000001280__gradient_L3_gos_gapseq	900	955	179	bio1	0.000000	0.693831	0.027831
MGYG000001280__gradient_L4_xos_gapseq	900	955	179	bio1	0.000000	0.644482	0.027884
MGYG000001280__gradient_L5_pectin_gapseq	900	955	179	bio1	0.000000	0.634229	0.028376
MGYG000001280__gradient_L6_resistant_starch_gapseq	900	955	179	bio1	0.000000	0.631050	0.107779
MGYG000001280__gradient_L7_bglucan_gapseq	900	955	179	bio1	0.000000	0.666802	0.028488
MGYG000001280__gradient_L8_hmo_gapseq	900	955	179	bio1	0.000000	0.638292	0.029503
MGYG000001280__gradient_L9_mos_gapseq	900	955	179	bio1	0.000000	0.673936	0.028390
MGYG000001296__gradient_L0_base_gapseq	1451	1675	400	bio1	0.564619	1.299032	5.458105
MGYG000001296__gradient_L1_inulin_gapseq	1451	1675	400	bio1	0.718609	1.285333	5.421915
MGYG000001296__gradient_L2_fos_gapseq	1451	1675	400	bio1	0.718609	1.282416	5.464081
MGYG000001296__gradient_L3_gos_gapseq	1451	1675	400	bio1	0.879598	1.214222	5.573871
MGYG000001296__gradient_L4_xos_gapseq	1451	1675	400	bio1	0.982901	1.147269	5.543524
MGYG000001296__gradient_L5_pectin_gapseq	1451	1675	400	bio1	1.006359	1.170180	5.537760
MGYG000001296__gradient_L6_resistant_starch_gapseq	1451	1675	400	bio1	1.201065	1.182213	5.454611
MGYG000001296__gradient_L7_bglucan_gapseq	1451	1675	400	bio1	1.320703	1.280255	5.464060
MGYG000001296__gradient_L8_hmo_gapseq	1451	1675	400	bio1	1.320703	1.275408	5.449767
MGYG000001296__gradient_L9_mos_gapseq	1451	1675	400	bio1	1.395770	1.288085	5.470558
MGYG000001297__gradient_L0_base_gapseq	1362	1490	385	bio1	0.421398	1.054904	4.550281
MGYG000001297__gradient_L1_inulin_gapseq	1362	1490	385	bio1	0.533775	1.060455	4.436143
MGYG000001297__gradient_L2_fos_gapseq	1362	1490	385	bio1	0.533775	1.160548	4.415413
MGYG000001297__gradient_L3_gos_gapseq	1362	1490	385	bio1	0.533775	1.137574	4.421550
MGYG000001297__gradient_L4_xos_gapseq	1362	1490	385	bio1	0.533775	1.055158	4.509541
MGYG000001297__gradient_L5_pectin_gapseq	1362	1490	385	bio1	0.533775	1.062634	4.428111
MGYG000001297__gradient_L6_resistant_starch_gapseq	1362	1490	385	bio1	0.533775	1.150537	4.421065
MGYG000001297__gradient_L7_bglucan_gapseq	1362	1490	385	bio1	0.533775	1.151444	4.445259
MGYG000001297__gradient_L8_hmo_gapseq	1362	1490	385	bio1	0.533775	1.062922	4.501622
MGYG000001297__gradient_L9_mos_gapseq	1362	1490	385	bio1	0.533775	1.062975	4.418695
MGYG000001303__gradient_L0_base_gapseq	1459	1670	499	bio1	0.638334	1.273073	5.496542
MGYG000001303__gradient_L1_inulin_gapseq	1459	1670	499	bio1	0.794260	1.223618	5.510359
MGYG000001303__gradient_L2_fos_gapseq	1459	1670	499	bio1	0.794260	1.266829	5.481092
MGYG000001303__gradient_L3_gos_gapseq	1459	1670	499	bio1	1.129522	1.264161	5.481633
MGYG000001303__gradient_L4_xos_gapseq	1459	1670	499	bio1	1.193286	1.188281	5.587363
MGYG000001303__gradient_L5_pectin_gapseq	1459	1670	499	bio1	1.193286	1.196574	5.592173
MGYG000001303__gradient_L6_resistant_starch_gapseq	1459	1670	499	bio1	1.858252	1.195816	5.518860
MGYG000001303__gradient_L7_bglucan_gapseq	1459	1670	499	bio1	1.858252	1.274601	5.487345
MGYG000001303__gradient_L8_hmo_gapseq	1459	1670	499	bio1	2.003998	1.279159	5.520104
MGYG000001303__gradient_L9_mos_gapseq	1459	1670	499	bio1	2.003998	1.289133	5.463211
MGYG000001306__gradient_L0_base_gapseq	1453	1727	462	bio1	0.000000	1.257689	0.162957
MGYG000001306__gradient_L1_inulin_gapseq	1453	1727	462	bio1	0.000000	1.162784	0.077077
MGYG000001306__gradient_L2_fos_gapseq	1453	1727	462	bio1	0.000000	1.259544	0.076772
MGYG000001306__gradient_L3_gos_gapseq	1453	1727	462	bio1	0.000000	1.181260	0.078043
MGYG000001306__gradient_L4_xos_gapseq	1453	1727	462	bio1	0.000000	1.279096	0.071838
MGYG000001306__gradient_L5_pectin_gapseq	1453	1727	462	bio1	0.000000	1.185885	0.072644
MGYG000001306__gradient_L6_resistant_starch_gapseq	1453	1727	462	bio1	0.000000	1.382313	0.072338
MGYG000001306__gradient_L7_bglucan_gapseq	1453	1727	462	bio1	0.000000	1.196660	0.172856
MGYG000001306__gradient_L8_hmo_gapseq	1453	1727	462	bio1	0.000000	1.191458	0.074705
MGYG000001306__gradient_L9_mos_gapseq	1453	1727	462	bio1	0.000000	1.289683	0.075176
MGYG000001307__gradient_L0_base_gapseq	2100	2578	924	bio1	1.173390	1.956488	12.692687
MGYG000001307__gradient_L1_inulin_gapseq	2100	2578	924	bio1	1.455262	1.837816	12.675390
MGYG000001307__gradient_L2_fos_gapseq	2100	2578	924	bio1	1.455262	1.873906	12.642311
MGYG000001307__gradient_L3_gos_gapseq	2100	2578	924	bio1	1.760394	1.838688	12.740798
MGYG000001307__gradient_L4_xos_gapseq	2100	2578	924	bio1	1.840212	1.833630	12.648741
MGYG000001307__gradient_L5_pectin_gapseq	2100	2578	924	bio1	1.840212	1.822814	12.628501
MGYG000001307__gradient_L6_resistant_starch_gapseq	2100	2578	924	bio1	2.214217	1.958827	12.654915
MGYG000001307__gradient_L7_bglucan_gapseq	2100	2578	924	bio1	2.214217	1.840567	12.684975
MGYG000001307__gradient_L8_hmo_gapseq	2100	2578	924	bio1	2.214217	1.874584	12.668430
MGYG000001307__gradient_L9_mos_gapseq	2100	2578	924	bio1	2.347921	1.828920	12.612939
MGYG000001316__gradient_L0_base_gapseq	1555	1814	469	bio1	1.098916	1.325866	6.276367
MGYG000001316__gradient_L1_inulin_gapseq	1555	1814	469	bio1	1.353116	1.305105	6.282018
MGYG000001316__gradient_L2_fos_gapseq	1555	1814	469	bio1	1.353116	1.237608	6.385655
MGYG000001316__gradient_L3_gos_gapseq	1555	1814	469	bio1	1.628826	1.242811	6.348764
MGYG000001316__gradient_L4_xos_gapseq	1555	1814	469	bio1	1.785712	1.238963	6.403770
MGYG000001316__gradient_L5_pectin_gapseq	1555	1814	469	bio1	1.832704	1.236226	6.364447
MGYG000001316__gradient_L6_resistant_starch_gapseq	1555	1814	469	bio1	2.276100	1.239673	6.308913
MGYG000001316__gradient_L7_bglucan_gapseq	1555	1814	469	bio1	2.276100	1.317364	6.257387
MGYG000001316__gradient_L8_hmo_gapseq	1555	1814	469	bio1	2.276100	1.321239	6.279161
MGYG000001316__gradient_L9_mos_gapseq	1555	1814	469	bio1	2.276100	1.326820	6.286496
MGYG000001318	0	0	0	NONE	0.000000	0.000000	0.000000
MGYG000001319__gradient_L0_base_gapseq	1273	1419	337	bio1	0.000000	1.030478	0.051444
MGYG000001319__gradient_L1_inulin_gapseq	1273	1419	337	bio1	0.000000	1.003461	0.054972
MGYG000001319__gradient_L2_fos_gapseq	1273	1419	337	bio1	0.000000	1.093976	0.058130
MGYG000001319__gradient_L3_gos_gapseq	1273	1419	337	bio1	0.596845	1.010294	4.142213
MGYG000001319__gradient_L4_xos_gapseq	1273	1419	337	bio1	0.596845	1.014884	4.063576
MGYG000001319__gradient_L5_pectin_gapseq	1273	1419	337	bio1	0.596845	1.077580	4.092150
MGYG000001319__gradient_L6_resistant_starch_gapseq	1273	1419	337	bio1	1.092396	0.998625	4.181373
MGYG000001319__gradient_L7_bglucan_gapseq	1273	1419	337	bio1	1.092396	1.001470	4.071385
MGYG000001319__gradient_L8_hmo_gapseq	1273	1419	337	bio1	1.092396	1.050531	4.081272
MGYG000001319__gradient_L9_mos_gapseq	1273	1419	337	bio1	1.092396	1.065190	4.072320
MGYG000001323__gradient_L0_base_gapseq	2212	2725	1009	bio1	1.410520	2.051880	14.105186
MGYG000001323__gradient_L1_inulin_gapseq	2212	2725	1009	bio1	1.688962	1.993770	14.061577
MGYG000001323__gradient_L2_fos_gapseq	2212	2725	1009	bio1	1.688962	2.063200	14.045433
MGYG000001323__gradient_L3_gos_gapseq	2212	2725	1009	bio1	1.990382	2.026822	14.124304
MGYG000001323__gradient_L4_xos_gapseq	2212	2725	1009	bio1	2.069228	1.948419	14.106725
MGYG000001323__gradient_L5_pectin_gapseq	2212	2725	1009	bio1	2.113383	2.033945	14.042691
MGYG000001323__gradient_L6_resistant_starch_gapseq	2212	2725	1009	bio1	2.707145	2.048395	14.147619
MGYG000001323__gradient_L7_bglucan_gapseq	2212	2725	1009	bio1	2.905827	1.936242	14.115905
MGYG000001323__gradient_L8_hmo_gapseq	2212	2725	1009	bio1	2.905827	2.019011	14.104224
MGYG000001323__gradient_L9_mos_gapseq	2212	2725	1009	bio1	3.034062	2.074663	14.119432
MGYG000001328__gradient_L0_base_gapseq	1648	1956	586	bio1	1.255353	1.492758	7.418679
MGYG000001328__gradient_L1_inulin_gapseq	1648	1956	586	bio1	1.594640	1.378651	7.377337
MGYG000001328__gradient_L2_fos_gapseq	1648	1956	586	bio1	1.594640	1.448738	7.392653
MGYG000001328__gradient_L3_gos_gapseq	1648	1956	586	bio1	1.944530	1.387232	7.384134
MGYG000001328__gradient_L4_xos_gapseq	1648	1956	586	bio1	2.001785	1.359414	7.456827
MGYG000001328__gradient_L5_pectin_gapseq	1648	1956	586	bio1	2.001785	1.356385	7.363427
MGYG000001328__gradient_L6_resistant_starch_gapseq	1648	1956	586	bio1	2.741856	1.370651	7.342330
MGYG000001328__gradient_L7_bglucan_gapseq	1648	1956	586	bio1	2.989960	1.472308	7.334082
MGYG000001328__gradient_L8_hmo_gapseq	1648	1956	586	bio1	3.163844	1.364864	7.399736
MGYG000001328__gradient_L9_mos_gapseq	1648	1956	586	bio1	3.333488	1.375642	7.405306
MGYG000001331__gradient_L0_base_gapseq	1540	1677	436	bio1	0.388864	1.292889	5.631329
MGYG000001331__gradient_L1_inulin_gapseq	1540	1677	436	bio1	0.487566	1.274889	5.656074
MGYG000001331__gradient_L2_fos_gapseq	1540	1677	436	bio1	0.487566	1.269190	5.626950
MGYG000001331__gradient_L3_gos_gapseq	1540	1677	436	bio1	0.487566	1.302401	5.623136
MGYG000001331__gradient_L4_xos_gapseq	1540	1677	436	bio1	0.487566	1.269832	5.635161
MGYG000001331__gradient_L5_pectin_gapseq	1540	1677	436	bio1	0.487566	1.184995	5.667449
MGYG000001331__gradient_L6_resistant_starch_gapseq	1540	1677	436	bio1	0.717923	1.179283	5.648442
MGYG000001331__gradient_L7_bglucan_gapseq	1540	1677	436	bio1	0.717923	1.258977	5.590005
MGYG000001331__gradient_L8_hmo_gapseq	1540	1677	436	bio1	0.717923	1.248932	5.585352
MGYG000001331__gradient_L9_mos_gapseq	1540	1677	436	bio1	0.717923	1.259580	5.572680
MGYG000001357__gradient_L0_base_gapseq	1239	1385	323	bio1	0.267238	0.963537	3.883536
MGYG000001357__gradient_L1_inulin_gapseq	1239	1385	323	bio1	0.342255	1.041193	3.895375
MGYG000001357__gradient_L2_fos_gapseq	1239	1385	323	bio1	0.342255	0.966624	3.949627
MGYG000001357__gradient_L3_gos_gapseq	1239	1385	323	bio1	0.342255	0.985161	3.891967
MGYG000001357__gradient_L4_xos_gapseq	1239	1385	323	bio1	0.342255	1.021531	3.870424
MGYG000001357__gradient_L5_pectin_gapseq	1239	1385	323	bio1	0.342255	0.966692	3.946506
MGYG000001357__gradient_L6_resistant_starch_gapseq	1239	1385	323	bio1	0.407895	0.982398	3.914772
MGYG000001357__gradient_L7_bglucan_gapseq	1239	1385	323	bio1	0.407895	1.040508	3.926033
MGYG000001357__gradient_L8_hmo_gapseq	1239	1385	323	bio1	0.407895	0.973472	3.997719
MGYG000001357__gradient_L9_mos_gapseq	1239	1385	323	bio1	0.473535	0.975380	3.914347
MGYG000001374__gradient_L0_base_gapseq	1317	1511	391	bio1	0.000000	1.115838	0.052029
MGYG000001374__gradient_L1_inulin_gapseq	1317	1511	391	bio1	0.000000	1.041900	0.055583
MGYG000001374__gradient_L2_fos_gapseq	1317	1511	391	bio1	0.000000	1.122934	0.054639
MGYG000001374__gradient_L3_gos_gapseq	1317	1511	391	bio1	0.000000	1.077555	0.055812
MGYG000001374__gradient_L4_xos_gapseq	1317	1511	391	bio1	1.239547	1.127076	4.570713
MGYG000001374__gradient_L5_pectin_gapseq	1317	1511	391	bio1	1.239547	1.062780	4.642520
MGYG000001374__gradient_L6_resistant_starch_gapseq	1317	1511	391	bio1	1.951224	1.068488	4.540676
MGYG000001374__gradient_L7_bglucan_gapseq	1317	1511	391	bio1	2.201273	1.128684	4.546411
MGYG000001374__gradient_L8_hmo_gapseq	1317	1511	391	bio1	2.376521	1.130314	4.552627
MGYG000001374__gradient_L9_mos_gapseq	1317	1511	391	bio1	2.376521	1.063055	4.638022
MGYG000001375__gradient_L0_base_gapseq	1230	1333	291	bio1	0.000000	1.014613	0.043323
MGYG000001375__gradient_L1_inulin_gapseq	1230	1333	291	bio1	0.000000	0.936730	0.042578
MGYG000001375__gradient_L2_fos_gapseq	1230	1333	291	bio1	0.000000	1.052483	0.042357
MGYG000001375__gradient_L3_gos_gapseq	1230	1333	291	bio1	0.908404	0.933176	3.672109
MGYG000001375__gradient_L4_xos_gapseq	1230	1333	291	bio1	1.013201	1.013884	3.637743
MGYG000001375__gradient_L5_pectin_gapseq	1230	1333	291	bio1	1.013201	0.938522	3.718996
MGYG000001375__gradient_L6_resistant_starch_gapseq	1230	1333	291	bio1	1.740795	0.943792	3.660203
MGYG000001375__gradient_L7_bglucan_gapseq	1230	1333	291	bio1	1.984717	1.003387	3.704114
MGYG000001375__gradient_L8_hmo_gapseq	1230	1333	291	bio1	1.984717	0.949730	3.738577
MGYG000001375__gradient_L9_mos_gapseq	1230	1333	291	bio1	2.118144	0.954271	3.657872
MGYG000001378__gradient_L0_base_gapseq	1559	1896	664	bio1	0.000000	1.328241	0.088680
MGYG000001378__gradient_L1_inulin_gapseq	1559	1896	664	bio1	0.000000	1.385352	0.091222
MGYG000001378__gradient_L2_fos_gapseq	1559	1896	664	bio1	0.000000	1.407698	0.092202
MGYG000001378__gradient_L3_gos_gapseq	1559	1896	664	bio1	0.000000	1.331473	0.089821
MGYG000001378__gradient_L4_xos_gapseq	1559	1896	664	bio1	0.000000	1.470516	0.080111
MGYG000001378__gradient_L5_pectin_gapseq	1559	1896	664	bio1	0.000000	1.421672	0.079538
MGYG000001378__gradient_L6_resistant_starch_gapseq	1559	1896	664	bio1	0.000000	1.353560	0.080542
MGYG000001378__gradient_L7_bglucan_gapseq	1559	1896	664	bio1	0.000000	1.449237	0.081029
MGYG000001378__gradient_L8_hmo_gapseq	1559	1896	664	bio1	0.000000	1.473983	0.080735
MGYG000001378__gradient_L9_mos_gapseq	1559	1896	664	bio1	0.000000	1.343902	0.081419
MGYG000001380__gradient_L0_base_gapseq	1436	1699	503	bio1	0.755395	1.309725	5.560045
MGYG000001380__gradient_L1_inulin_gapseq	1436	1699	503	bio1	0.982016	1.301313	5.549970
MGYG000001380__gradient_L2_fos_gapseq	1436	1699	503	bio1	0.982016	1.277906	5.623070
MGYG000001380__gradient_L3_gos_gapseq	1436	1699	503	bio1	1.175160	1.265078	5.617586
MGYG000001380__gradient_L4_xos_gapseq	1436	1699	503	bio1	1.209589	1.176553	5.681438
MGYG000001380__gradient_L5_pectin_gapseq	1436	1699	503	bio1	1.209589	1.179393	5.669802
MGYG000001380__gradient_L6_resistant_starch_gapseq	1436	1699	503	bio1	1.680116	1.179023	5.611794
MGYG000001380__gradient_L7_bglucan_gapseq	1436	1699	503	bio1	1.838489	1.244226	5.582861
MGYG000001380__gradient_L8_hmo_gapseq	1436	1699	503	bio1	1.953252	1.267675	5.602290
MGYG000001380__gradient_L9_mos_gapseq	1436	1699	503	bio1	1.953252	1.249698	5.571314
MGYG000001381__gradient_L0_base_gapseq	1622	1829	475	bio1	0.410248	1.353607	6.493028
MGYG000001381__gradient_L1_inulin_gapseq	1622	1829	475	bio1	0.626900	1.331486	6.445421
MGYG000001381__gradient_L2_fos_gapseq	1622	1829	475	bio1	0.626900	1.349702	6.447133
MGYG000001381__gradient_L3_gos_gapseq	1622	1829	475	bio1	0.626900	1.351428	6.473689
MGYG000001381__gradient_L4_xos_gapseq	1622	1829	475	bio1	0.626900	1.340608	6.465635
MGYG000001381__gradient_L5_pectin_gapseq	1622	1829	475	bio1	0.626900	1.371578	6.451623
MGYG000001381__gradient_L6_resistant_starch_gapseq	1622	1829	475	bio1	1.111911	1.352448	6.521379
MGYG000001381__gradient_L7_bglucan_gapseq	1622	1829	475	bio1	1.111911	1.351431	6.511770
MGYG000001381__gradient_L8_hmo_gapseq	1622	1829	475	bio1	1.111911	1.355108	6.439006
MGYG000001381__gradient_L9_mos_gapseq	1622	1829	475	bio1	1.111911	1.270670	6.566053
MGYG000001390__gradient_L0_base_gapseq	1889	2351	630	bio1	1.147243	1.759504	10.591607
MGYG000001390__gradient_L1_inulin_gapseq	1889	2351	630	bio1	1.400182	1.708830	10.703757
MGYG000001390__gradient_L2_fos_gapseq	1889	2351	630	bio1	1.400182	1.649115	10.685268
MGYG000001390__gradient_L3_gos_gapseq	1889	2351	630	bio1	1.673356	1.651431	10.680430
MGYG000001390__gradient_L4_xos_gapseq	1889	2351	630	bio1	1.737335	1.665977	10.710234
MGYG000001390__gradient_L5_pectin_gapseq	1889	2351	630	bio1	1.775127	1.636485	10.682003
MGYG000001390__gradient_L6_resistant_starch_gapseq	1889	2351	630	bio1	2.363713	1.650152	10.777204
MGYG000001390__gradient_L7_bglucan_gapseq	1889	2351	630	bio1	2.363713	1.656193	10.648081
MGYG000001390__gradient_L8_hmo_gapseq	1889	2351	630	bio1	2.363713	1.664683	10.725731
MGYG000001390__gradient_L9_mos_gapseq	1889	2351	630	bio1	2.457963	1.645643	10.659449
MGYG000001393__gradient_L0_base_gapseq	2265	2842	1164	bio1	1.801374	2.180110	15.199055
MGYG000001393__gradient_L1_inulin_gapseq	2265	2842	1164	bio1	2.142384	2.141579	15.306713
MGYG000001393__gradient_L2_fos_gapseq	2265	2842	1164	bio1	2.142384	2.036771	15.316598
MGYG000001393__gradient_L3_gos_gapseq	2265	2842	1164	bio1	2.486269	2.162901	15.201325
MGYG000001393__gradient_L4_xos_gapseq	2265	2842	1164	bio1	2.663941	2.143888	15.203009
MGYG000001393__gradient_L5_pectin_gapseq	2265	2842	1164	bio1	2.716836	2.112714	15.194714
MGYG000001393__gradient_L6_resistant_starch_gapseq	2265	2842	1164	bio1	3.195793	2.104766	15.320744
MGYG000001393__gradient_L7_bglucan_gapseq	2265	2842	1164	bio1	3.195793	2.109681	15.310907
MGYG000001393__gradient_L8_hmo_gapseq	2265	2842	1164	bio1	3.195793	2.125524	15.358226
MGYG000001393__gradient_L9_mos_gapseq	2265	2842	1164	bio1	3.195793	2.029745	15.218965
MGYG000001403__gradient_L0_base_gapseq	1860	2273	675	bio1	0.721571	1.626290	9.845783
MGYG000001403__gradient_L1_inulin_gapseq	1860	2273	675	bio1	0.925059	1.611673	9.923056
MGYG000001403__gradient_L2_fos_gapseq	1860	2273	675	bio1	0.925059	1.629399	9.900317
MGYG000001403__gradient_L3_gos_gapseq	1860	2273	675	bio1	1.138595	1.693742	9.873922
MGYG000001403__gradient_L4_xos_gapseq	1860	2273	675	bio1	1.192936	1.682164	9.922350
MGYG000001403__gradient_L5_pectin_gapseq	1860	2273	675	bio1	1.192936	1.721660	9.913472
MGYG000001403__gradient_L6_resistant_starch_gapseq	1860	2273	675	bio1	1.640674	1.678342	9.889046
MGYG000001403__gradient_L7_bglucan_gapseq	1860	2273	675	bio1	1.794512	1.737886	9.865722
MGYG000001403__gradient_L8_hmo_gapseq	1860	2273	675	bio1	1.794512	1.675626	9.905525
MGYG000001403__gradient_L9_mos_gapseq	1860	2273	675	bio1	1.892478	1.711373	9.892994
MGYG000001404__gradient_L0_base_gapseq	1655	1960	669	bio1	0.820866	1.469282	7.458344
MGYG000001404__gradient_L1_inulin_gapseq	1655	1960	669	bio1	1.088095	1.462464	7.441315
MGYG000001404__gradient_L2_fos_gapseq	1655	1960	669	bio1	1.088095	1.467178	7.494119
MGYG000001404__gradient_L3_gos_gapseq	1655	1960	669	bio1	1.179078	1.465979	7.567773
MGYG000001404__gradient_L4_xos_gapseq	1655	1960	669	bio1	1.234175	1.431703	7.535691
MGYG000001404__gradient_L5_pectin_gapseq	1655	1960	669	bio1	1.234175	1.394264	7.570942
MGYG000001404__gradient_L6_resistant_starch_gapseq	1655	1960	669	bio1	1.748500	1.395316	7.519740
MGYG000001404__gradient_L7_bglucan_gapseq	1655	1960	669	bio1	1.748500	1.399074	7.528805
MGYG000001404__gradient_L8_hmo_gapseq	1655	1960	669	bio1	1.748500	1.392594	7.516185
MGYG000001404__gradient_L9_mos_gapseq	1655	1960	669	bio1	1.862588	1.391817	7.526449
MGYG000001408__gradient_L0_base_gapseq	1674	1948	580	bio1	0.210519	1.505852	7.240793
MGYG000001408__gradient_L1_inulin_gapseq	1674	1948	580	bio1	0.292958	1.506204	7.269837
MGYG000001408__gradient_L2_fos_gapseq	1674	1948	580	bio1	0.292958	1.509293	7.253519
MGYG000001408__gradient_L3_gos_gapseq	1674	1948	580	bio1	0.292958	1.512224	7.243116
MGYG000001408__gradient_L4_xos_gapseq	1674	1948	580	bio1	0.334461	1.505763	7.306390
MGYG000001408__gradient_L5_pectin_gapseq	1674	1948	580	bio1	0.334461	1.517421	7.313658
MGYG000001408__gradient_L6_resistant_starch_gapseq	1674	1948	580	bio1	0.646266	1.545639	7.267819
MGYG000001408__gradient_L7_bglucan_gapseq	1674	1948	580	bio1	0.646266	1.522053	7.351958
MGYG000001408__gradient_L8_hmo_gapseq	1674	1948	580	bio1	0.646266	1.414508	7.351413
MGYG000001408__gradient_L9_mos_gapseq	1674	1948	580	bio1	0.710572	1.427938	7.323980
MGYG000001420__gradient_L0_base_gapseq	1354	1554	442	bio1	0.000000	1.087764	0.060095
MGYG000001420__gradient_L1_inulin_gapseq	1354	1554	442	bio1	0.000000	1.162604	0.059554
MGYG000001420__gradient_L2_fos_gapseq	1354	1554	442	bio1	0.000000	1.105733	0.060041
MGYG000001420__gradient_L3_gos_gapseq	1354	1554	442	bio1	0.000000	1.178661	0.061898
MGYG000001420__gradient_L4_xos_gapseq	1354	1554	442	bio1	0.000000	1.087278	0.061991
MGYG000001420__gradient_L5_pectin_gapseq	1354	1554	442	bio1	0.000000	1.190202	0.064125
MGYG000001420__gradient_L6_resistant_starch_gapseq	1354	1554	442	bio1	0.000000	1.070269	0.063137
MGYG000001420__gradient_L7_bglucan_gapseq	1354	1554	442	bio1	0.000000	1.194144	0.064353
MGYG000001420__gradient_L8_hmo_gapseq	1354	1554	442	bio1	0.000000	1.169611	0.064548
MGYG000001420__gradient_L9_mos_gapseq	1354	1554	442	bio1	0.000000	1.259503	0.064855
MGYG000001430__gradient_L0_base_gapseq	1233	1400	367	bio1	0.000000	0.972872	0.050334
MGYG000001430__gradient_L1_inulin_gapseq	1233	1400	367	bio1	0.000000	1.078910	0.051256
MGYG000001430__gradient_L2_fos_gapseq	1233	1400	367	bio1	0.000000	0.978585	0.051181
MGYG000001430__gradient_L3_gos_gapseq	1233	1400	367	bio1	0.000000	1.102419	0.051609
MGYG000001430__gradient_L4_xos_gapseq	1233	1400	367	bio1	0.000000	0.970533	0.053730
MGYG000001430__gradient_L5_pectin_gapseq	1233	1400	367	bio1	0.000000	1.114378	0.052453
MGYG000001430__gradient_L6_resistant_starch_gapseq	1233	1400	367	bio1	0.000000	0.984115	0.049211
MGYG000001430__gradient_L7_bglucan_gapseq	1233	1400	367	bio1	0.000000	1.108896	0.049530
MGYG000001430__gradient_L8_hmo_gapseq	1233	1400	367	bio1	0.000000	0.983184	0.048605
MGYG000001430__gradient_L9_mos_gapseq	1233	1400	367	bio1	0.000000	1.140079	0.049215
MGYG000001443	0	0	0	NONE	0.000000	0.000000	0.000000
MGYG000001444__gradient_L0_base_gapseq	1312	1423	360	bio1	0.325934	1.036026	4.185799
MGYG000001444__gradient_L1_inulin_gapseq	1312	1423	360	bio1	0.467558	1.110221	4.176995
MGYG000001444__gradient_L2_fos_gapseq	1312	1423	360	bio1	0.467558	1.025397	4.213696
MGYG000001444__gradient_L3_gos_gapseq	1312	1423	360	bio1	0.467558	1.015800	4.161267
MGYG000001444__gradient_L4_xos_gapseq	1312	1423	360	bio1	0.467558	1.064714	4.122084
MGYG000001444__gradient_L5_pectin_gapseq	1312	1423	360	bio1	0.467558	1.105196	4.134949
MGYG000001444__gradient_L6_resistant_starch_gapseq	1312	1423	360	bio1	0.467558	1.045410	4.233767
MGYG000001444__gradient_L7_bglucan_gapseq	1312	1423	360	bio1	0.467558	1.027986	4.152506
MGYG000001444__gradient_L8_hmo_gapseq	1312	1423	360	bio1	0.467558	1.090600	4.158781
MGYG000001444__gradient_L9_mos_gapseq	1312	1423	360	bio1	0.467558	1.006843	4.257815
MGYG000001454__gradient_L0_base_gapseq	1166	1314	310	bio1	0.000000	0.940232	0.042946
MGYG000001454__gradient_L1_inulin_gapseq	1166	1314	310	bio1	0.493812	1.011460	3.522036
MGYG000001454__gradient_L2_fos_gapseq	1166	1314	310	bio1	0.493812	0.935451	3.604181
MGYG000001454__gradient_L3_gos_gapseq	1166	1314	310	bio1	0.607257	0.925384	3.528390
MGYG000001454__gradient_L4_xos_gapseq	1166	1314	310	bio1	0.607257	1.000783	3.534203
MGYG000001454__gradient_L5_pectin_gapseq	1166	1314	310	bio1	0.607257	0.938549	3.596670
MGYG000001454__gradient_L6_resistant_starch_gapseq	1166	1314	310	bio1	1.355306	0.930566	3.529484
MGYG000001454__gradient_L7_bglucan_gapseq	1166	1314	310	bio1	1.602302	1.030308	3.536788
MGYG000001454__gradient_L8_hmo_gapseq	1166	1314	310	bio1	1.602302	0.936991	3.603636
MGYG000001454__gradient_L9_mos_gapseq	1166	1314	310	bio1	1.602302	0.935291	3.528137
MGYG000001457__gradient_L0_base_gapseq	2226	2654	1093	bio1	0.666261	2.003108	13.343005
MGYG000001457__gradient_L1_inulin_gapseq	2226	2654	1093	bio1	0.808501	2.027001	13.446727
MGYG000001457__gradient_L2_fos_gapseq	2226	2654	1093	bio1	0.808501	1.927972	13.495139
MGYG000001457__gradient_L3_gos_gapseq	2226	2654	1093	bio1	0.808501	2.061448	13.310581
MGYG000001457__gradient_L4_xos_gapseq	2226	2654	1093	bio1	0.896236	2.059242	13.386578
MGYG000001457__gradient_L5_pectin_gapseq	2226	2654	1093	bio1	0.896236	2.002497	13.350098
MGYG000001457__gradient_L6_resistant_starch_gapseq	2226	2654	1093	bio1	1.512886	1.936784	13.448803
MGYG000001457__gradient_L7_bglucan_gapseq	2226	2654	1093	bio1	1.713927	2.008924	13.363353
MGYG000001457__gradient_L8_hmo_gapseq	2226	2654	1093	bio1	1.713927	2.043426	13.376741
MGYG000001457__gradient_L9_mos_gapseq	2226	2654	1093	bio1	1.843354	2.042424	13.274465
MGYG000001488__gradient_L0_base_gapseq	1782	2087	555	bio1	0.622033	1.494274	8.422213
MGYG000001488__gradient_L1_inulin_gapseq	1782	2087	555	bio1	0.823001	1.458154	8.489317
MGYG000001488__gradient_L2_fos_gapseq	1782	2087	555	bio1	0.823001	1.486442	8.449673
MGYG000001488__gradient_L3_gos_gapseq	1782	2087	555	bio1	0.980904	1.559260	8.351765
MGYG000001488__gradient_L4_xos_gapseq	1782	2087	555	bio1	1.023968	1.575407	8.288529
MGYG000001488__gradient_L5_pectin_gapseq	1782	2087	555	bio1	1.023968	1.587025	8.273193
MGYG000001488__gradient_L6_resistant_starch_gapseq	1782	2087	555	bio1	1.496988	1.584477	8.277786
MGYG000001488__gradient_L7_bglucan_gapseq	1782	2087	555	bio1	1.496988	1.566094	8.386367
MGYG000001488__gradient_L8_hmo_gapseq	1782	2087	555	bio1	1.496988	1.577550	8.464394
MGYG000001488__gradient_L9_mos_gapseq	1782	2087	555	bio1	1.594032	1.479747	8.503037
MGYG000001553__gradient_L0_base_gapseq	1502	1712	393	bio1	0.936018	1.183826	5.813522
MGYG000001553__gradient_L1_inulin_gapseq	1502	1712	393	bio1	1.185583	1.175856	5.737969
MGYG000001553__gradient_L2_fos_gapseq	1502	1712	393	bio1	1.185583	1.258972	5.752488
MGYG000001553__gradient_L3_gos_gapseq	1502	1712	393	bio1	1.262805	1.252904	5.757424
MGYG000001553__gradient_L4_xos_gapseq	1502	1712	393	bio1	1.271890	1.284268	5.724847
MGYG000001553__gradient_L5_pectin_gapseq	1502	1712	393	bio1	1.271890	1.180177	5.801744
MGYG000001553__gradient_L6_resistant_starch_gapseq	1502	1712	393	bio1	1.795687	1.181479	5.815365
MGYG000001553__gradient_L7_bglucan_gapseq	1502	1712	393	bio1	1.968129	1.189623	5.799835
MGYG000001553__gradient_L8_hmo_gapseq	1502	1712	393	bio1	1.968129	1.175065	5.699316
MGYG000001553__gradient_L9_mos_gapseq	1502	1712	393	bio1	2.078492	1.279440	5.725961
MGYG000001554__gradient_L0_base_gapseq	1588	1903	473	bio1	0.487852	1.353008	6.960868
MGYG000001554__gradient_L1_inulin_gapseq	1588	1903	473	bio1	0.777010	1.335847	7.007053
MGYG000001554__gradient_L2_fos_gapseq	1588	1903	473	bio1	0.777010	1.329769	6.965753
MGYG000001554__gradient_L3_gos_gapseq	1588	1903	473	bio1	1.056101	1.325080	7.003204
MGYG000001554__gradient_L4_xos_gapseq	1588	1903	473	bio1	1.119682	1.318671	6.860593
MGYG000001554__gradient_L5_pectin_gapseq	1588	1903	473	bio1	1.119682	1.400927	6.898366
MGYG000001554__gradient_L6_resistant_starch_gapseq	1588	1903	473	bio1	1.652662	1.431443	6.868460
MGYG000001554__gradient_L7_bglucan_gapseq	1588	1903	473	bio1	1.652662	1.430316	6.906136
MGYG000001554__gradient_L8_hmo_gapseq	1588	1903	473	bio1	1.652662	1.415242	6.930826
MGYG000001554__gradient_L9_mos_gapseq	1588	1903	473	bio1	1.762942	1.416154	6.924168
MGYG000001555__gradient_L0_base_gapseq	1428	1594	360	bio1	0.000000	1.215134	0.065548
MGYG000001555__gradient_L1_inulin_gapseq	1428	1594	360	bio1	0.000000	1.143647	0.066891
MGYG000001555__gradient_L2_fos_gapseq	1428	1594	360	bio1	0.000000	1.268875	0.066201
MGYG000001555__gradient_L3_gos_gapseq	1428	1594	360	bio1	0.000000	1.201183	0.066227
MGYG000001555__gradient_L4_xos_gapseq	1428	1594	360	bio1	0.000000	1.208501	0.066330
MGYG000001555__gradient_L5_pectin_gapseq	1428	1594	360	bio1	0.000000	1.122866	0.067047
MGYG000001555__gradient_L6_resistant_starch_gapseq	1428	1594	360	bio1	0.000000	1.236013	0.068215
MGYG000001555__gradient_L7_bglucan_gapseq	1428	1594	360	bio1	0.000000	1.134100	0.162345
MGYG000001555__gradient_L8_hmo_gapseq	1428	1594	360	bio1	0.000000	1.123999	0.067887
MGYG000001555__gradient_L9_mos_gapseq	1428	1594	360	bio1	0.000000	1.137083	0.167338
MGYG000001563__gradient_L0_base_gapseq	1079	1150	248	bio1	0.404355	0.806456	2.733196
MGYG000001563__gradient_L1_inulin_gapseq	1079	1150	248	bio1	0.557731	0.812506	2.859487
MGYG000001563__gradient_L2_fos_gapseq	1079	1150	248	bio1	0.557731	0.788474	2.729689
MGYG000001563__gradient_L3_gos_gapseq	1079	1150	248	bio1	0.731746	0.844800	2.757765
MGYG000001563__gradient_L4_xos_gapseq	1079	1150	248	bio1	0.777481	0.790340	2.742132
MGYG000001563__gradient_L5_pectin_gapseq	1079	1150	248	bio1	0.777481	0.852746	2.743380
MGYG000001563__gradient_L6_resistant_starch_gapseq	1079	1150	248	bio1	0.857795	0.786782	2.816393
MGYG000001563__gradient_L7_bglucan_gapseq	1079	1150	248	bio1	0.857795	0.821230	2.748711
MGYG000001563__gradient_L8_hmo_gapseq	1079	1150	248	bio1	0.857795	0.792615	2.820883
MGYG000001563__gradient_L9_mos_gapseq	1079	1150	248	bio1	0.857795	0.813554	2.730070
MGYG000001586__gradient_L0_base_gapseq	1152	1273	285	bio1	0.000000	0.957299	0.045721
MGYG000001586__gradient_L1_inulin_gapseq	1152	1273	285	bio1	0.000000	0.875090	0.044782
MGYG000001586__gradient_L2_fos_gapseq	1152	1273	285	bio1	0.000000	0.930307	0.044229
MGYG000001586__gradient_L3_gos_gapseq	1152	1273	285	bio1	1.333798	0.865993	3.313105
MGYG000001586__gradient_L4_xos_gapseq	1152	1273	285	bio1	1.333798	0.949556	3.355898
MGYG000001586__gradient_L5_pectin_gapseq	1152	1273	285	bio1	1.333798	0.856900	3.307909
MGYG000001586__gradient_L6_resistant_starch_gapseq	1152	1273	285	bio1	1.964284	0.962947	3.344529
MGYG000001586__gradient_L7_bglucan_gapseq	1152	1273	285	bio1	1.964284	0.879698	3.394393
MGYG000001586__gradient_L8_hmo_gapseq	1152	1273	285	bio1	1.964284	0.889830	3.336895
MGYG000001586__gradient_L9_mos_gapseq	1152	1273	285	bio1	2.109956	0.937132	3.309723
MGYG000001589__gradient_L0_base_gapseq	1312	1388	381	bio1	0.731796	1.052588	3.796294
MGYG000001589__gradient_L1_inulin_gapseq	1312	1388	381	bio1	0.901343	0.988843	3.875497
MGYG000001589__gradient_L2_fos_gapseq	1312	1388	381	bio1	0.901343	1.009926	3.827704
MGYG000001589__gradient_L3_gos_gapseq	1312	1388	381	bio1	0.901343	1.075903	3.810562
MGYG000001589__gradient_L4_xos_gapseq	1312	1388	381	bio1	0.901343	1.014507	3.881449
MGYG000001589__gradient_L5_pectin_gapseq	1312	1388	381	bio1	0.901343	1.008308	3.806825
MGYG000001589__gradient_L6_resistant_starch_gapseq	1312	1388	381	bio1	1.048945	1.040935	3.811040
MGYG000001589__gradient_L7_bglucan_gapseq	1312	1388	381	bio1	1.048945	1.084411	3.827631
MGYG000001589__gradient_L8_hmo_gapseq	1312	1388	381	bio1	1.048945	1.019656	3.793349
MGYG000001589__gradient_L9_mos_gapseq	1312	1388	381	bio1	1.048945	1.049577	3.797299
MGYG000001601__gradient_L0_base_gapseq	1294	1411	336	bio1	0.256650	0.975862	4.064451
MGYG000001601__gradient_L1_inulin_gapseq	1294	1411	336	bio1	0.332698	0.987124	4.024106
MGYG000001601__gradient_L2_fos_gapseq	1294	1411	336	bio1	0.332698	1.061517	3.987123
MGYG000001601__gradient_L3_gos_gapseq	1294	1411	336	bio1	0.332698	0.989535	4.110975
MGYG000001601__gradient_L4_xos_gapseq	1294	1411	336	bio1	0.346957	0.994902	4.007960
MGYG000001601__gradient_L5_pectin_gapseq	1294	1411	336	bio1	0.346957	1.076572	4.007617
MGYG000001601__gradient_L6_resistant_starch_gapseq	1294	1411	336	bio1	0.696300	0.977118	4.081640
MGYG000001601__gradient_L7_bglucan_gapseq	1294	1411	336	bio1	0.696300	1.011605	3.988161
MGYG000001601__gradient_L8_hmo_gapseq	1294	1411	336	bio1	0.696300	1.064991	3.984791
MGYG000001601__gradient_L9_mos_gapseq	1294	1411	336	bio1	0.696300	1.052299	4.016241
MGYG000001608__gradient_L0_base_gapseq	1326	1462	386	bio1	0.000000	1.094601	0.054770
MGYG000001608__gradient_L1_inulin_gapseq	1326	1462	386	bio1	0.000000	1.025618	0.055338
MGYG000001608__gradient_L2_fos_gapseq	1326	1462	386	bio1	0.000000	1.102160	0.055290
MGYG000001608__gradient_L3_gos_gapseq	1326	1462	386	bio1	1.269873	1.022024	4.333417
MGYG000001608__gradient_L4_xos_gapseq	1326	1462	386	bio1	1.269873	1.124890	4.352147
MGYG000001608__gradient_L5_pectin_gapseq	1326	1462	386	bio1	1.269873	1.109250	4.342560
MGYG000001608__gradient_L6_resistant_starch_gapseq	1326	1462	386	bio1	1.431173	1.049614	4.445259
MGYG000001608__gradient_L7_bglucan_gapseq	1326	1462	386	bio1	1.431173	1.034774	4.320893
MGYG000001608__gradient_L8_hmo_gapseq	1326	1462	386	bio1	1.431173	1.094661	4.359571
MGYG000001608__gradient_L9_mos_gapseq	1326	1462	386	bio1	1.592473	1.044209	4.417350
MGYG000001626__gradient_L0_base_gapseq	1419	1518	379	bio1	0.562148	1.097772	4.680826
MGYG000001626__gradient_L1_inulin_gapseq	1419	1518	379	bio1	0.752173	1.118920	4.559820
MGYG000001626__gradient_L2_fos_gapseq	1419	1518	379	bio1	0.752173	1.169121	4.558303
MGYG000001626__gradient_L3_gos_gapseq	1419	1518	379	bio1	0.752173	1.187836	4.603001
MGYG000001626__gradient_L4_xos_gapseq	1419	1518	379	bio1	0.752173	1.113695	4.695256
MGYG000001626__gradient_L5_pectin_gapseq	1419	1518	379	bio1	0.752173	1.116075	4.588789
MGYG000001626__gradient_L6_resistant_starch_gapseq	1419	1518	379	bio1	0.902487	1.167777	4.553528
MGYG000001626__gradient_L7_bglucan_gapseq	1419	1518	379	bio1	0.902487	1.187227	4.575779
MGYG000001626__gradient_L8_hmo_gapseq	1419	1518	379	bio1	0.902487	1.110515	4.634764
MGYG000001626__gradient_L9_mos_gapseq	1419	1518	379	bio1	0.902487	1.089990	4.637426
MGYG000001630__gradient_L0_base_gapseq	1235	1418	318	bio1	0.804714	0.996590	4.068147
MGYG000001630__gradient_L1_inulin_gapseq	1235	1418	318	bio1	0.904173	1.087032	4.124757
MGYG000001630__gradient_L2_fos_gapseq	1235	1418	318	bio1	0.904173	1.061969	4.083087
MGYG000001630__gradient_L3_gos_gapseq	1235	1418	318	bio1	0.965580	0.980641	4.162680
MGYG000001630__gradient_L4_xos_gapseq	1235	1418	318	bio1	0.965580	0.988942	4.075374
MGYG000001630__gradient_L5_pectin_gapseq	1235	1418	318	bio1	0.965580	1.057087	4.096570
MGYG000001630__gradient_L6_resistant_starch_gapseq	1235	1418	318	bio1	1.038063	0.981104	4.143347
MGYG000001630__gradient_L7_bglucan_gapseq	1235	1418	318	bio1	1.038063	0.995567	4.068487
MGYG000001630__gradient_L8_hmo_gapseq	1235	1418	318	bio1	1.038063	1.052900	4.084172
MGYG000001630__gradient_L9_mos_gapseq	1235	1418	318	bio1	1.110546	0.979379	4.176023
MGYG000001637__gradient_L0_base_gapseq	1398	1587	407	bio1	0.217608	1.180995	4.963233
MGYG000001637__gradient_L1_inulin_gapseq	1398	1587	407	bio1	0.245993	1.236933	4.999892
MGYG000001637__gradient_L2_fos_gapseq	1398	1587	407	bio1	0.245993	1.202400	5.030238
MGYG000001637__gradient_L3_gos_gapseq	1398	1587	407	bio1	0.245993	1.120292	5.065425
MGYG000001637__gradient_L4_xos_gapseq	1398	1587	407	bio1	0.245993	1.179778	5.107514
MGYG000001637__gradient_L5_pectin_gapseq	1398	1587	407	bio1	0.245993	1.168619	5.000562
MGYG000001637__gradient_L6_resistant_starch_gapseq	1398	1587	407	bio1	0.246732	1.269099	5.003500
MGYG000001637__gradient_L7_bglucan_gapseq	1398	1587	407	bio1	0.246732	1.208440	5.018767
MGYG000001637__gradient_L8_hmo_gapseq	1398	1587	407	bio1	0.246732	1.113472	5.061104
MGYG000001637__gradient_L9_mos_gapseq	1398	1587	407	bio1	0.246732	1.134984	4.966527
MGYG000001653__gradient_L0_base_gapseq	1110	1242	297	bio1	0.000000	0.863808	0.042520
MGYG000001653__gradient_L1_inulin_gapseq	1110	1242	297	bio1	0.000000	0.923470	0.043267
MGYG000001653__gradient_L2_fos_gapseq	1110	1242	297	bio1	0.000000	0.863492	0.042742
MGYG000001653__gradient_L3_gos_gapseq	1110	1242	297	bio1	0.000000	0.859989	0.043437
MGYG000001653__gradient_L4_xos_gapseq	1110	1242	297	bio1	0.000000	0.920664	0.043437
MGYG000001653__gradient_L5_pectin_gapseq	1110	1242	297	bio1	0.000000	0.847050	0.044165
MGYG000001653__gradient_L6_resistant_starch_gapseq	1110	1242	297	bio1	0.000000	0.933789	0.043117
MGYG000001653__gradient_L7_bglucan_gapseq	1110	1242	297	bio1	0.000000	0.858815	0.044173
MGYG000001653__gradient_L8_hmo_gapseq	1110	1242	297	bio1	0.000000	0.858053	0.131123
MGYG000001653__gradient_L9_mos_gapseq	1110	1242	297	bio1	0.000000	0.855256	0.042679
MGYG000001657__gradient_L0_base_gapseq	1058	1175	278	bio1	0.000000	0.820203	0.033406
MGYG000001657__gradient_L1_inulin_gapseq	1058	1175	278	bio1	0.000000	0.890707	0.034327
MGYG000001657__gradient_L2_fos_gapseq	1058	1175	278	bio1	0.000000	0.811407	0.034904
MGYG000001657__gradient_L3_gos_gapseq	1058	1175	278	bio1	0.000000	0.815095	0.033839
MGYG000001657__gradient_L4_xos_gapseq	1058	1175	278	bio1	0.000000	0.901063	0.034095
MGYG000001657__gradient_L5_pectin_gapseq	1058	1175	278	bio1	0.000000	0.794277	0.033868
MGYG000001657__gradient_L6_resistant_starch_gapseq	1058	1175	278	bio1	0.000000	0.922964	0.035816
MGYG000001657__gradient_L7_bglucan_gapseq	1058	1175	278	bio1	0.000000	0.862855	0.035934
MGYG000001657__gradient_L8_hmo_gapseq	1058	1175	278	bio1	0.000000	0.810831	0.035539
MGYG000001657__gradient_L9_mos_gapseq	1058	1175	278	bio1	0.000000	0.925604	0.035063
MGYG000001662__gradient_L0_base_gapseq	729	666	74	bio1	0.000000	0.439740	0.012020
MGYG000001662__gradient_L1_inulin_gapseq	729	666	74	bio1	0.000000	0.441504	0.016171
MGYG000001662__gradient_L2_fos_gapseq	729	666	74	bio1	0.000000	0.449197	0.016238
MGYG000001662__gradient_L3_gos_gapseq	729	666	74	bio1	0.000000	0.482966	0.138811
MGYG000001662__gradient_L4_xos_gapseq	729	666	74	bio1	0.000000	0.441304	0.016314
MGYG000001662__gradient_L5_pectin_gapseq	729	666	74	bio1	0.000000	0.470460	0.016213
MGYG000001662__gradient_L6_resistant_starch_gapseq	729	666	74	bio1	0.000000	0.473554	0.016127
MGYG000001662__gradient_L7_bglucan_gapseq	729	666	74	bio1	0.000000	0.452665	0.016202
MGYG000001662__gradient_L8_hmo_gapseq	729	666	74	bio1	0.000000	0.449948	0.016045
MGYG000001662__gradient_L9_mos_gapseq	729	666	74	bio1	0.000000	0.564446	0.016263
MGYG000001669__gradient_L0_base_gapseq	816	844	130	bio1	0.000000	0.553255	0.025101
MGYG000001669__gradient_L1_inulin_gapseq	816	844	130	bio1	0.253030	0.574347	1.482581
MGYG000001669__gradient_L2_fos_gapseq	816	844	130	bio1	0.253030	0.762898	1.480791
MGYG000001669__gradient_L3_gos_gapseq	816	844	130	bio1	0.456868	0.553351	1.496841
MGYG000001669__gradient_L4_xos_gapseq	816	844	130	bio1	0.499042	0.552630	1.489703
MGYG000001669__gradient_L5_pectin_gapseq	816	844	130	bio1	0.531843	0.607398	1.491890
MGYG000001669__gradient_L6_resistant_starch_gapseq	816	844	130	bio1	1.016422	0.546605	1.497632
MGYG000001669__gradient_L7_bglucan_gapseq	816	844	130	bio1	1.016422	0.541589	1.494798
MGYG000001669__gradient_L8_hmo_gapseq	816	844	130	bio1	1.016422	0.611033	1.485665
MGYG000001669__gradient_L9_mos_gapseq	816	844	130	bio1	1.016422	0.550293	1.485944
MGYG000001694__gradient_L0_base_gapseq	1559	1864	536	bio1	0.788791	1.430483	6.624544
MGYG000001694__gradient_L1_inulin_gapseq	1559	1864	536	bio1	1.011511	1.368318	6.627289
MGYG000001694__gradient_L2_fos_gapseq	1559	1864	536	bio1	1.011511	1.378295	6.627814
MGYG000001694__gradient_L3_gos_gapseq	1559	1864	536	bio1	1.234232	1.476271	6.633227
MGYG000001694__gradient_L4_xos_gapseq	1559	1864	536	bio1	1.234232	1.475200	6.589759
MGYG000001694__gradient_L5_pectin_gapseq	1559	1864	536	bio1	1.266712	1.419777	6.648654
MGYG000001694__gradient_L6_resistant_starch_gapseq	1559	1864	536	bio1	1.770152	1.385199	6.635438
MGYG000001694__gradient_L7_bglucan_gapseq	1559	1864	536	bio1	1.770152	1.434654	6.597931
MGYG000001694__gradient_L8_hmo_gapseq	1559	1864	536	bio1	1.770152	1.458731	6.696189
MGYG000001694__gradient_L9_mos_gapseq	1559	1864	536	bio1	1.881512	1.412675	6.681152
MGYG000001695__gradient_L0_base_gapseq	1569	1747	473	bio1	1.030838	1.379628	5.952683
MGYG000001695__gradient_L1_inulin_gapseq	1569	1747	473	bio1	1.161281	1.305043	5.926004
MGYG000001695__gradient_L2_fos_gapseq	1569	1747	473	bio1	1.161281	1.379520	5.935450
MGYG000001695__gradient_L3_gos_gapseq	1569	1747	473	bio1	1.161281	1.309153	6.021205
MGYG000001695__gradient_L4_xos_gapseq	1569	1747	473	bio1	1.236385	1.318722	5.953157
MGYG000001695__gradient_L5_pectin_gapseq	1569	1747	473	bio1	1.273757	1.232145	6.061409
MGYG000001695__gradient_L6_resistant_starch_gapseq	1569	1747	473	bio1	1.869375	1.254951	6.069817
MGYG000001695__gradient_L7_bglucan_gapseq	1569	1747	473	bio1	1.869375	1.233916	6.024122
MGYG000001695__gradient_L8_hmo_gapseq	1569	1747	473	bio1	1.869375	1.250686	5.935892
MGYG000001695__gradient_L9_mos_gapseq	1569	1747	473	bio1	1.869375	1.308494	5.959269
MGYG000001697__gradient_L0_base_gapseq	1318	1539	388	bio1	1.036914	1.170799	4.778985
MGYG000001697__gradient_L1_inulin_gapseq	1318	1539	388	bio1	1.360111	1.177698	4.809455
MGYG000001697__gradient_L2_fos_gapseq	1318	1539	388	bio1	1.360111	1.085235	4.851914
MGYG000001697__gradient_L3_gos_gapseq	1318	1539	388	bio1	1.675228	1.095064	4.862209
MGYG000001697__gradient_L4_xos_gapseq	1318	1539	388	bio1	1.675228	1.072445	4.776914
MGYG000001697__gradient_L5_pectin_gapseq	1318	1539	388	bio1	1.675228	1.142881	4.745520
MGYG000001697__gradient_L6_resistant_starch_gapseq	1318	1539	388	bio1	2.379808	1.148373	4.776696
MGYG000001697__gradient_L7_bglucan_gapseq	1318	1539	388	bio1	2.379808	1.098751	4.848266
MGYG000001697__gradient_L8_hmo_gapseq	1318	1539	388	bio1	2.379808	1.119608	4.810817
MGYG000001697__gradient_L9_mos_gapseq	1318	1539	388	bio1	2.536590	1.144270	4.757599
MGYG000001698__gradient_L0_base_gapseq	1354	1601	533	bio1	0.000000	1.154411	0.066594
MGYG000001698__gradient_L1_inulin_gapseq	1354	1601	533	bio1	0.000000	1.241197	0.067630
MGYG000001698__gradient_L2_fos_gapseq	1354	1601	533	bio1	0.000000	1.138909	0.149484
MGYG000001698__gradient_L3_gos_gapseq	1354	1601	533	bio1	0.000000	1.128224	0.071539
MGYG000001698__gradient_L4_xos_gapseq	1354	1601	533	bio1	1.337067	1.256354	5.079621
MGYG000001698__gradient_L5_pectin_gapseq	1354	1601	533	bio1	1.381195	1.167904	5.119122
MGYG000001698__gradient_L6_resistant_starch_gapseq	1354	1601	533	bio1	1.992367	1.154473	5.111830
MGYG000001698__gradient_L7_bglucan_gapseq	1354	1601	533	bio1	2.197561	1.154241	5.003422
MGYG000001698__gradient_L8_hmo_gapseq	1354	1601	533	bio1	2.343184	1.211949	5.042035
MGYG000001698__gradient_L9_mos_gapseq	1354	1601	533	bio1	2.484393	1.235534	5.045393
MGYG000001700	0	0	0	NONE	0.000000	0.000000	0.000000
MGYG000001707__gradient_L0_base_gapseq	1434	1605	362	bio1	0.000000	1.199681	0.063091
MGYG000001707__gradient_L1_inulin_gapseq	1434	1605	362	bio1	0.000000	1.138770	0.064167
MGYG000001707__gradient_L2_fos_gapseq	1434	1605	362	bio1	0.000000	1.213189	0.064273
MGYG000001707__gradient_L3_gos_gapseq	1434	1605	362	bio1	0.898835	1.186350	5.237393
MGYG000001707__gradient_L4_xos_gapseq	1434	1605	362	bio1	0.898835	1.154897	5.197887
MGYG000001707__gradient_L5_pectin_gapseq	1434	1605	362	bio1	0.898835	1.212688	5.137932
MGYG000001707__gradient_L6_resistant_starch_gapseq	1434	1605	362	bio1	1.521121	1.228827	5.104232
MGYG000001707__gradient_L7_bglucan_gapseq	1434	1605	362	bio1	1.728751	1.236952	5.112343
MGYG000001707__gradient_L8_hmo_gapseq	1434	1605	362	bio1	1.728751	1.151881	5.172802
MGYG000001707__gradient_L9_mos_gapseq	1434	1605	362	bio1	1.728751	1.157454	5.151070
MGYG000001725__gradient_L0_base_gapseq	1343	1500	387	bio1	0.000000	1.080876	0.051062
MGYG000001725__gradient_L1_inulin_gapseq	1343	1500	387	bio1	0.000000	1.127145	0.050591
MGYG000001725__gradient_L2_fos_gapseq	1343	1500	387	bio1	0.000000	1.076748	0.050986
MGYG000001725__gradient_L3_gos_gapseq	1343	1500	387	bio1	0.642365	1.136158	4.516977
MGYG000001725__gradient_L4_xos_gapseq	1343	1500	387	bio1	0.642365	1.109005	4.638482
MGYG000001725__gradient_L5_pectin_gapseq	1343	1500	387	bio1	0.642365	1.098728	4.519447
MGYG000001725__gradient_L6_resistant_starch_gapseq	1343	1500	387	bio1	1.318377	1.159363	4.594495
MGYG000001725__gradient_L7_bglucan_gapseq	1343	1500	387	bio1	1.318377	1.163022	4.576272
MGYG000001725__gradient_L8_hmo_gapseq	1343	1500	387	bio1	1.318377	1.069258	4.654654
MGYG000001725__gradient_L9_mos_gapseq	1343	1500	387	bio1	1.445069	1.103238	4.550202
MGYG000001745__gradient_L0_base_gapseq	1428	1579	372	bio1	0.000000	1.169660	0.051885
MGYG000001745__gradient_L1_inulin_gapseq	1428	1579	372	bio1	0.000000	1.171130	0.053445
MGYG000001745__gradient_L2_fos_gapseq	1428	1579	372	bio1	0.000000	1.188234	0.053058
MGYG000001745__gradient_L3_gos_gapseq	1428	1579	372	bio1	0.661853	1.110009	5.020379
MGYG000001745__gradient_L4_xos_gapseq	1428	1579	372	bio1	0.661853	1.147088	4.998691
MGYG000001745__gradient_L5_pectin_gapseq	1428	1579	372	bio1	0.661853	1.123711	4.895907
MGYG000001745__gradient_L6_resistant_starch_gapseq	1428	1579	372	bio1	1.181894	1.280335	4.904809
MGYG000001745__gradient_L7_bglucan_gapseq	1428	1579	372	bio1	1.365293	1.283473	4.901334
MGYG000001745__gradient_L8_hmo_gapseq	1428	1579	372	bio1	1.365293	1.131207	4.978654
MGYG000001745__gradient_L9_mos_gapseq	1428	1579	372	bio1	1.455861	1.137588	5.036326
MGYG000001749__gradient_L0_base_gapseq	1408	1570	363	bio1	0.000000	1.156640	0.065935
MGYG000001749__gradient_L1_inulin_gapseq	1408	1570	363	bio1	0.000000	1.186294	0.067382
MGYG000001749__gradient_L2_fos_gapseq	1408	1570	363	bio1	0.000000	1.136552	0.066684
MGYG000001749__gradient_L3_gos_gapseq	1408	1570	363	bio1	0.000000	1.213674	0.067240
MGYG000001749__gradient_L4_xos_gapseq	1408	1570	363	bio1	1.042642	1.119467	4.965312
MGYG000001749__gradient_L5_pectin_gapseq	1408	1570	363	bio1	1.104828	1.231880	4.957473
MGYG000001749__gradient_L6_resistant_starch_gapseq	1408	1570	363	bio1	1.795092	1.219799	4.962910
MGYG000001749__gradient_L7_bglucan_gapseq	1408	1570	363	bio1	2.037618	1.114485	5.010839
MGYG000001749__gradient_L8_hmo_gapseq	1408	1570	363	bio1	2.037618	1.142090	5.020180
MGYG000001749__gradient_L9_mos_gapseq	1408	1570	363	bio1	2.170281	1.152080	4.941487
MGYG000001757__gradient_L0_base_gapseq	1155	1232	309	bio1	0.000000	0.878024	0.038800
MGYG000001757__gradient_L1_inulin_gapseq	1155	1232	309	bio1	0.000000	0.949748	0.041192
MGYG000001757__gradient_L2_fos_gapseq	1155	1232	309	bio1	0.000000	0.889084	0.041837
MGYG000001757__gradient_L3_gos_gapseq	1155	1232	309	bio1	0.000000	0.945931	0.041286
MGYG000001757__gradient_L4_xos_gapseq	1155	1232	309	bio1	0.346197	0.867101	3.153413
MGYG000001757__gradient_L5_pectin_gapseq	1155	1232	309	bio1	0.346197	0.969225	3.134173
MGYG000001757__gradient_L6_resistant_starch_gapseq	1155	1232	309	bio1	0.802142	0.868074	3.124280
MGYG000001757__gradient_L7_bglucan_gapseq	1155	1232	309	bio1	0.966195	0.927715	3.135448
MGYG000001757__gradient_L8_hmo_gapseq	1155	1232	309	bio1	0.966195	0.878373	3.199322
MGYG000001757__gradient_L9_mos_gapseq	1155	1232	309	bio1	1.037156	0.860598	3.129546
MGYG000001760__gradient_L0_base_gapseq	1281	1399	313	bio1	0.000000	1.071887	0.048635
MGYG000001760__gradient_L1_inulin_gapseq	1281	1399	313	bio1	0.000000	0.988740	0.048493
MGYG000001760__gradient_L2_fos_gapseq	1281	1399	313	bio1	0.000000	1.065353	0.048960
MGYG000001760__gradient_L3_gos_gapseq	1281	1399	313	bio1	0.533739	1.008792	3.979341
MGYG000001760__gradient_L4_xos_gapseq	1281	1399	313	bio1	0.612008	1.059541	3.973206
MGYG000001760__gradient_L5_pectin_gapseq	1281	1399	313	bio1	0.676658	1.097924	3.988767
MGYG000001760__gradient_L6_resistant_starch_gapseq	1281	1399	313	bio1	1.020846	1.000151	4.035439
MGYG000001760__gradient_L7_bglucan_gapseq	1281	1399	313	bio1	1.020846	0.986233	3.972037
MGYG000001760__gradient_L8_hmo_gapseq	1281	1399	313	bio1	1.020846	1.048927	3.972423
MGYG000001760__gradient_L9_mos_gapseq	1281	1399	313	bio1	1.020846	0.994966	4.043663
MGYG000001762__gradient_L0_base_gapseq	1369	1433	333	bio1	0.402894	1.125970	4.170424
MGYG000001762__gradient_L1_inulin_gapseq	1369	1433	333	bio1	0.586377	1.056468	4.285769
MGYG000001762__gradient_L2_fos_gapseq	1369	1433	333	bio1	0.586377	1.030148	4.221589
MGYG000001762__gradient_L3_gos_gapseq	1369	1433	333	bio1	0.586377	1.122941	4.229943
MGYG000001762__gradient_L4_xos_gapseq	1369	1433	333	bio1	0.586377	1.121382	4.224792
MGYG000001762__gradient_L5_pectin_gapseq	1369	1433	333	bio1	0.586377	1.054425	4.302577
MGYG000001762__gradient_L6_resistant_starch_gapseq	1369	1433	333	bio1	0.723902	1.026229	4.224824
MGYG000001762__gradient_L7_bglucan_gapseq	1369	1433	333	bio1	0.723902	1.088001	4.241649
MGYG000001762__gradient_L8_hmo_gapseq	1369	1433	333	bio1	0.723902	1.131565	4.218928
MGYG000001762__gradient_L9_mos_gapseq	1369	1433	333	bio1	0.723902	1.056451	4.358766
MGYG000001767__gradient_L0_base_gapseq	1045	1145	222	bio1	0.000000	0.766720	0.039360
MGYG000001767__gradient_L1_inulin_gapseq	1045	1145	222	bio1	0.000000	0.758210	0.040778
MGYG000001767__gradient_L2_fos_gapseq	1045	1145	222	bio1	0.000000	0.831780	0.040896
MGYG000001767__gradient_L3_gos_gapseq	1045	1145	222	bio1	0.523377	0.831661	2.659906
MGYG000001767__gradient_L4_xos_gapseq	1045	1145	222	bio1	0.523377	0.848616	2.657350
MGYG000001767__gradient_L5_pectin_gapseq	1045	1145	222	bio1	0.523377	0.777549	2.665006
MGYG000001767__gradient_L6_resistant_starch_gapseq	1045	1145	222	bio1	0.987949	0.825376	2.660207
MGYG000001767__gradient_L7_bglucan_gapseq	1045	1145	222	bio1	1.113165	0.777498	2.643219
MGYG000001767__gradient_L8_hmo_gapseq	1045	1145	222	bio1	1.113165	0.825233	2.681466
MGYG000001767__gradient_L9_mos_gapseq	1045	1145	222	bio1	1.184818	0.775271	2.659174
MGYG000001786__gradient_L0_base_gapseq	535	508	66	bio1	0.000000	0.312406	0.010772
MGYG000001786__gradient_L1_inulin_gapseq	535	508	66	bio1	0.000000	0.385122	0.013164
MGYG000001786__gradient_L2_fos_gapseq	535	508	66	bio1	0.000000	0.314431	0.013139
MGYG000001786__gradient_L3_gos_gapseq	535	508	66	bio1	0.000000	0.313472	0.013296
MGYG000001786__gradient_L4_xos_gapseq	535	508	66	bio1	0.000000	0.321167	0.013309
MGYG000001786__gradient_L5_pectin_gapseq	535	508	66	bio1	0.000000	0.319449	0.013242
MGYG000001786__gradient_L6_resistant_starch_gapseq	535	508	66	bio1	0.000000	0.323543	0.013246
MGYG000001786__gradient_L7_bglucan_gapseq	535	508	66	bio1	0.000000	0.325240	0.013195
MGYG000001786__gradient_L8_hmo_gapseq	535	508	66	bio1	0.000000	0.377227	0.013207
MGYG000001786__gradient_L9_mos_gapseq	535	508	66	bio1	0.000000	0.313906	0.013212
MGYG000001795__gradient_L0_base_gapseq	1223	1376	308	bio1	0.000000	0.955778	0.047555
MGYG000001795__gradient_L1_inulin_gapseq	1223	1376	308	bio1	0.442917	1.035481	3.953731
MGYG000001795__gradient_L2_fos_gapseq	1223	1376	308	bio1	0.442917	0.956910	3.890673
MGYG000001795__gradient_L3_gos_gapseq	1223	1376	308	bio1	0.442917	1.032102	3.878917
MGYG000001795__gradient_L4_xos_gapseq	1223	1376	308	bio1	0.442917	1.043373	3.920792
MGYG000001795__gradient_L5_pectin_gapseq	1223	1376	308	bio1	0.442917	0.950063	3.887218
MGYG000001795__gradient_L6_resistant_starch_gapseq	1223	1376	308	bio1	0.722295	1.052430	3.874509
MGYG000001795__gradient_L7_bglucan_gapseq	1223	1376	308	bio1	0.722295	1.027572	3.861231
MGYG000001795__gradient_L8_hmo_gapseq	1223	1376	308	bio1	0.722295	0.948477	3.890415
MGYG000001795__gradient_L9_mos_gapseq	1223	1376	308	bio1	0.831600	1.009894	3.871997
MGYG000001804__gradient_L0_base_gapseq	1231	1322	250	bio1	0.000000	0.918419	0.044094
MGYG000001804__gradient_L1_inulin_gapseq	1231	1322	250	bio1	0.000000	0.936417	0.044298
MGYG000001804__gradient_L2_fos_gapseq	1231	1322	250	bio1	0.000000	1.005369	0.044113
MGYG000001804__gradient_L3_gos_gapseq	1231	1322	250	bio1	0.000000	0.916453	0.044681
MGYG000001804__gradient_L4_xos_gapseq	1231	1322	250	bio1	0.000000	1.006872	0.044440
MGYG000001804__gradient_L5_pectin_gapseq	1231	1322	250	bio1	0.000000	0.942620	0.044715
MGYG000001804__gradient_L6_resistant_starch_gapseq	1231	1322	250	bio1	0.000000	0.927720	0.130852
MGYG000001804__gradient_L7_bglucan_gapseq	1231	1322	250	bio1	0.000000	0.923308	0.044706
MGYG000001804__gradient_L8_hmo_gapseq	1231	1322	250	bio1	0.000000	0.933373	0.044283
MGYG000001804__gradient_L9_mos_gapseq	1231	1322	250	bio1	0.000000	1.014985	0.045462
MGYG000001821__gradient_L0_base_gapseq	1101	1228	251	bio1	0.000000	0.850892	0.040291
MGYG000001821__gradient_L1_inulin_gapseq	1101	1228	251	bio1	1.056771	0.936781	3.006667
MGYG000001821__gradient_L2_fos_gapseq	1101	1228	251	bio1	1.056771	0.849650	3.017525
MGYG000001821__gradient_L3_gos_gapseq	1101	1228	251	bio1	1.320967	0.978494	3.026497
MGYG000001821__gradient_L4_xos_gapseq	1101	1228	251	bio1	1.408471	0.829435	3.132019
MGYG000001821__gradient_L5_pectin_gapseq	1101	1228	251	bio1	1.462298	0.834179	3.051844
MGYG000001821__gradient_L6_resistant_starch_gapseq	1101	1228	251	bio1	2.090283	0.888269	3.024770
MGYG000001821__gradient_L7_bglucan_gapseq	1101	1228	251	bio1	2.305593	0.833504	3.024967
MGYG000001821__gradient_L8_hmo_gapseq	1101	1228	251	bio1	2.305593	0.888368	3.034120
MGYG000001821__gradient_L9_mos_gapseq	1101	1228	251	bio1	2.413247	0.843162	3.109665
MGYG000001826__gradient_L0_base_gapseq	1089	1179	263	bio1	0.000000	0.830897	0.104417
MGYG000001826__gradient_L1_inulin_gapseq	1089	1179	263	bio1	0.000000	0.818865	0.035374
MGYG000001826__gradient_L2_fos_gapseq	1089	1179	263	bio1	0.000000	0.843611	0.035949
MGYG000001826__gradient_L3_gos_gapseq	1089	1179	263	bio1	0.000000	0.894007	0.035361
MGYG000001826__gradient_L4_xos_gapseq	1089	1179	263	bio1	0.000000	0.844062	0.035417
MGYG000001826__gradient_L5_pectin_gapseq	1089	1179	263	bio1	0.000000	0.814607	0.114429
MGYG000001826__gradient_L6_resistant_starch_gapseq	1089	1179	263	bio1	0.814279	0.818152	2.848377
MGYG000001826__gradient_L7_bglucan_gapseq	1089	1179	263	bio1	0.814279	0.835893	2.942721
MGYG000001826__gradient_L8_hmo_gapseq	1089	1179	263	bio1	0.814279	0.838689	2.840418
MGYG000001826__gradient_L9_mos_gapseq	1089	1179	263	bio1	0.892062	0.883894	2.881123
MGYG000001827__gradient_L0_base_gapseq	1052	1059	209	bio1	0.725579	0.738035	2.358006
MGYG000001827__gradient_L1_inulin_gapseq	1052	1059	209	bio1	1.086924	0.746186	2.420697
MGYG000001827__gradient_L2_fos_gapseq	1052	1059	209	bio1	1.086924	0.749562	2.356667
MGYG000001827__gradient_L3_gos_gapseq	1052	1059	209	bio1	1.186112	0.734633	2.375169
MGYG000001827__gradient_L4_xos_gapseq	1052	1059	209	bio1	1.264636	0.795810	2.353521
MGYG000001827__gradient_L5_pectin_gapseq	1052	1059	209	bio1	1.326628	0.741900	2.350910
MGYG000001827__gradient_L6_resistant_starch_gapseq	1052	1059	209	bio1	1.610403	0.805014	2.347913
MGYG000001827__gradient_L7_bglucan_gapseq	1052	1059	209	bio1	1.610403	0.749138	2.374259
MGYG000001827__gradient_L8_hmo_gapseq	1052	1059	209	bio1	1.610403	0.783432	2.357926
MGYG000001827__gradient_L9_mos_gapseq	1052	1059	209	bio1	1.610403	0.748908	2.363001
MGYG000001834__gradient_L0_base_gapseq	586	558	62	bio1	0.000000	0.358313	0.011131
MGYG000001834__gradient_L1_inulin_gapseq	586	558	62	bio1	0.000000	0.357220	0.014003
MGYG000001834__gradient_L2_fos_gapseq	586	558	62	bio1	0.000000	0.356378	0.014459
MGYG000001834__gradient_L3_gos_gapseq	586	558	62	bio1	0.000000	0.359215	0.014050
MGYG000001834__gradient_L4_xos_gapseq	586	558	62	bio1	0.000000	0.455114	0.014099
MGYG000001834__gradient_L5_pectin_gapseq	586	558	62	bio1	0.000000	0.358118	0.014206
MGYG000001834__gradient_L6_resistant_starch_gapseq	586	558	62	bio1	0.000000	0.357705	0.014684
MGYG000001834__gradient_L7_bglucan_gapseq	586	558	62	bio1	0.000000	0.372145	0.014177
MGYG000001834__gradient_L8_hmo_gapseq	586	558	62	bio1	0.000000	0.357460	0.014160
MGYG000001834__gradient_L9_mos_gapseq	586	558	62	bio1	0.000000	0.353743	0.014162
MGYG000001846__gradient_L0_base_gapseq	894	959	171	bio1	0.000000	0.716230	0.027883
MGYG000001846__gradient_L1_inulin_gapseq	894	959	171	bio1	0.000000	0.642016	0.029585
MGYG000001846__gradient_L2_fos_gapseq	894	959	171	bio1	0.000000	0.640186	0.030427
MGYG000001846__gradient_L3_gos_gapseq	894	959	171	bio1	0.000000	0.714044	0.029969
MGYG000001846__gradient_L4_xos_gapseq	894	959	171	bio1	0.000000	0.640661	0.029710
MGYG000001846__gradient_L5_pectin_gapseq	894	959	171	bio1	0.000000	0.639033	0.030494
MGYG000001846__gradient_L6_resistant_starch_gapseq	894	959	171	bio1	0.000000	0.766698	0.030029
MGYG000001846__gradient_L7_bglucan_gapseq	894	959	171	bio1	0.000000	0.680657	0.029730
MGYG000001846__gradient_L8_hmo_gapseq	894	959	171	bio1	0.000000	0.668918	0.030774
MGYG000001846__gradient_L9_mos_gapseq	894	959	171	bio1	0.000000	0.679622	0.029666
MGYG000001871__gradient_L0_base_gapseq	1325	1486	342	bio1	0.000000	1.141585	0.055773
MGYG000001871__gradient_L1_inulin_gapseq	1325	1486	342	bio1	0.000000	1.046400	0.053903
MGYG000001871__gradient_L2_fos_gapseq	1325	1486	342	bio1	0.000000	1.136965	0.053459
MGYG000001871__gradient_L3_gos_gapseq	1325	1486	342	bio1	0.000000	1.045081	0.054344
MGYG000001871__gradient_L4_xos_gapseq	1325	1486	342	bio1	0.000000	1.158056	0.054768
MGYG000001871__gradient_L5_pectin_gapseq	1325	1486	342	bio1	0.000000	1.091944	0.054007
MGYG000001871__gradient_L6_resistant_starch_gapseq	1325	1486	342	bio1	0.000000	1.167131	0.055140
MGYG000001871__gradient_L7_bglucan_gapseq	1325	1486	342	bio1	0.000000	1.038986	0.053926
MGYG000001871__gradient_L8_hmo_gapseq	1325	1486	342	bio1	0.000000	1.176434	0.054880
MGYG000001871__gradient_L9_mos_gapseq	1325	1486	342	bio1	0.000000	1.081313	0.054504
MGYG000001878__gradient_L0_base_gapseq	1507	1707	450	bio1	0.812026	1.259990	5.802147
MGYG000001878__gradient_L1_inulin_gapseq	1507	1707	450	bio1	1.018476	1.225864	5.755690
MGYG000001878__gradient_L2_fos_gapseq	1507	1707	450	bio1	1.018476	1.263155	5.801780
MGYG000001878__gradient_L3_gos_gapseq	1507	1707	450	bio1	1.094174	1.254886	5.775639
MGYG000001878__gradient_L4_xos_gapseq	1507	1707	450	bio1	1.218044	1.174966	5.862771
MGYG000001878__gradient_L5_pectin_gapseq	1507	1707	450	bio1	1.250159	1.199152	5.922555
MGYG000001878__gradient_L6_resistant_starch_gapseq	1507	1707	450	bio1	1.509368	1.180392	5.729113
MGYG000001878__gradient_L7_bglucan_gapseq	1507	1707	450	bio1	1.509368	1.253390	5.728938
MGYG000001878__gradient_L8_hmo_gapseq	1507	1707	450	bio1	1.509368	1.249460	5.777387
MGYG000001878__gradient_L9_mos_gapseq	1507	1707	450	bio1	1.610299	1.268565	5.788534
MGYG000001890__gradient_L0_base_gapseq	1434	1636	443	bio1	0.327550	1.324843	5.225338
MGYG000001890__gradient_L1_inulin_gapseq	1434	1636	443	bio1	0.441484	1.340252	5.216325
MGYG000001890__gradient_L2_fos_gapseq	1434	1636	443	bio1	0.441484	1.241272	5.203426
MGYG000001890__gradient_L3_gos_gapseq	1434	1636	443	bio1	0.519813	1.171348	5.304995
MGYG000001890__gradient_L4_xos_gapseq	1434	1636	443	bio1	0.583901	1.168548	5.315757
MGYG000001890__gradient_L5_pectin_gapseq	1434	1636	443	bio1	0.583901	1.154324	5.314527
MGYG000001890__gradient_L6_resistant_starch_gapseq	1434	1636	443	bio1	1.103724	1.247196	5.235917
MGYG000001890__gradient_L7_bglucan_gapseq	1434	1636	443	bio1	1.103724	1.220154	5.243651
MGYG000001890__gradient_L8_hmo_gapseq	1434	1636	443	bio1	1.103724	1.230029	5.215575
MGYG000001890__gradient_L9_mos_gapseq	1434	1636	443	bio1	1.103724	1.153850	5.311851
MGYG000001896__gradient_L0_base_gapseq	1019	1125	245	bio1	0.000000	0.769718	0.033459
MGYG000001896__gradient_L1_inulin_gapseq	1019	1125	245	bio1	0.000000	0.768131	0.033450
MGYG000001896__gradient_L2_fos_gapseq	1019	1125	245	bio1	0.000000	0.843960	0.033689
MGYG000001896__gradient_L3_gos_gapseq	1019	1125	245	bio1	0.000000	0.843811	0.035287
MGYG000001896__gradient_L4_xos_gapseq	1019	1125	245	bio1	0.000000	0.878441	0.035392
MGYG000001896__gradient_L5_pectin_gapseq	1019	1125	245	bio1	0.000000	0.778552	0.035220
MGYG000001896__gradient_L6_resistant_starch_gapseq	1019	1125	245	bio1	0.000000	0.767026	0.034859
MGYG000001896__gradient_L7_bglucan_gapseq	1019	1125	245	bio1	0.000000	0.859644	0.034921
MGYG000001896__gradient_L8_hmo_gapseq	1019	1125	245	bio1	0.000000	0.760800	0.035010
MGYG000001896__gradient_L9_mos_gapseq	1019	1125	245	bio1	0.000000	0.775747	0.034753
MGYG000001898__gradient_L0_base_gapseq	1366	1547	421	bio1	0.000000	1.169614	0.059620
MGYG000001898__gradient_L1_inulin_gapseq	1366	1547	421	bio1	0.000000	1.100198	0.059693
MGYG000001898__gradient_L2_fos_gapseq	1366	1547	421	bio1	0.000000	1.153973	0.061114
MGYG000001898__gradient_L3_gos_gapseq	1366	1547	421	bio1	0.000000	1.063022	0.061242
MGYG000001898__gradient_L4_xos_gapseq	1366	1547	421	bio1	0.000000	1.164519	0.060603
MGYG000001898__gradient_L5_pectin_gapseq	1366	1547	421	bio1	0.000000	1.079132	0.060745
MGYG000001898__gradient_L6_resistant_starch_gapseq	1366	1547	421	bio1	2.119138	1.165830	4.760855
MGYG000001898__gradient_L7_bglucan_gapseq	1366	1547	421	bio1	2.119138	1.126247	4.874618
MGYG000001898__gradient_L8_hmo_gapseq	1366	1547	421	bio1	2.119138	1.075959	4.848805
MGYG000001898__gradient_L9_mos_gapseq	1366	1547	421	bio1	2.280635	1.091052	4.809523
MGYG000001917__gradient_L0_base_gapseq	660	631	81	bio1	0.000000	0.507651	0.015908
MGYG000001917__gradient_L1_inulin_gapseq	660	631	81	bio1	0.000000	0.415918	0.016458
MGYG000001917__gradient_L2_fos_gapseq	660	631	81	bio1	0.000000	0.417490	0.016421
MGYG000001917__gradient_L3_gos_gapseq	660	631	81	bio1	0.000000	0.417471	0.016447
MGYG000001917__gradient_L4_xos_gapseq	660	631	81	bio1	0.000000	0.418209	0.017000
MGYG000001917__gradient_L5_pectin_gapseq	660	631	81	bio1	0.000000	0.408732	0.107848
MGYG000001917__gradient_L6_resistant_starch_gapseq	660	631	81	bio1	0.000000	0.447922	0.017225
MGYG000001917__gradient_L7_bglucan_gapseq	660	631	81	bio1	0.000000	0.450773	0.016515
MGYG000001917__gradient_L8_hmo_gapseq	660	631	81	bio1	0.000000	0.438139	0.016465
MGYG000001917__gradient_L9_mos_gapseq	660	631	81	bio1	0.000000	0.407213	0.016433
MGYG000001926__gradient_L0_base_gapseq	637	616	88	bio1	0.000000	0.394300	0.015873
MGYG000001926__gradient_L1_inulin_gapseq	637	616	88	bio1	0.000000	0.494217	0.015497
MGYG000001926__gradient_L2_fos_gapseq	637	616	88	bio1	0.000000	0.399830	0.015554
MGYG000001926__gradient_L3_gos_gapseq	637	616	88	bio1	0.000000	0.438556	0.015457
MGYG000001926__gradient_L4_xos_gapseq	637	616	88	bio1	0.000000	0.418220	0.015422
MGYG000001926__gradient_L5_pectin_gapseq	637	616	88	bio1	0.000000	0.410063	0.015316
MGYG000001926__gradient_L6_resistant_starch_gapseq	637	616	88	bio1	0.000000	0.501339	0.015510
MGYG000001926__gradient_L7_bglucan_gapseq	637	616	88	bio1	0.000000	0.400858	0.015468
MGYG000001926__gradient_L8_hmo_gapseq	637	616	88	bio1	0.000000	0.403280	0.015403
MGYG000001926__gradient_L9_mos_gapseq	637	616	88	bio1	0.000000	0.404043	0.015347
MGYG000001930__gradient_L0_base_gapseq	889	995	172	bio1	0.000000	0.659924	0.026144
MGYG000001930__gradient_L1_inulin_gapseq	889	995	172	bio1	0.291068	0.775183	2.076518
MGYG000001930__gradient_L2_fos_gapseq	889	995	172	bio1	0.291068	0.665418	2.060186
MGYG000001930__gradient_L3_gos_gapseq	889	995	172	bio1	0.591242	0.897643	2.058301
MGYG000001930__gradient_L4_xos_gapseq	889	995	172	bio1	0.591242	0.657440	2.055842
MGYG000001930__gradient_L5_pectin_gapseq	889	995	172	bio1	0.591242	0.680834	2.172266
MGYG000001930__gradient_L6_resistant_starch_gapseq	889	995	172	bio1	0.994383	0.658102	2.048380
MGYG000001930__gradient_L7_bglucan_gapseq	889	995	172	bio1	0.994383	0.745296	2.044691
MGYG000001930__gradient_L8_hmo_gapseq	889	995	172	bio1	0.994383	0.742330	2.051001
MGYG000001930__gradient_L9_mos_gapseq	889	995	172	bio1	0.994383	0.660732	2.061005
MGYG000001934__gradient_L0_base_gapseq	980	1064	243	bio1	0.000000	0.822059	0.031048
MGYG000001934__gradient_L1_inulin_gapseq	980	1064	243	bio1	0.000000	0.747740	0.031164
MGYG000001934__gradient_L2_fos_gapseq	980	1064	243	bio1	0.000000	0.785426	0.032091
MGYG000001934__gradient_L3_gos_gapseq	980	1064	243	bio1	1.068353	0.781371	2.306720
MGYG000001934__gradient_L4_xos_gapseq	980	1064	243	bio1	1.214317	0.708466	2.290515
MGYG000001934__gradient_L5_pectin_gapseq	980	1064	243	bio1	1.214317	0.790630	2.292047
MGYG000001934__gradient_L6_resistant_starch_gapseq	980	1064	243	bio1	1.843968	0.705608	2.302941
MGYG000001934__gradient_L7_bglucan_gapseq	980	1064	243	bio1	1.843968	0.810804	2.295134
MGYG000001934__gradient_L8_hmo_gapseq	980	1064	243	bio1	1.843968	0.718337	2.309626
MGYG000001934__gradient_L9_mos_gapseq	980	1064	243	bio1	1.951909	0.807956	2.287013
MGYG000001971__gradient_L0_base_gapseq	1520	1753	511	bio1	0.779134	1.295417	5.962785
MGYG000001971__gradient_L1_inulin_gapseq	1520	1753	511	bio1	1.005581	1.272677	5.955879
MGYG000001971__gradient_L2_fos_gapseq	1520	1753	511	bio1	1.005581	1.301369	5.957774
MGYG000001971__gradient_L3_gos_gapseq	1520	1753	511	bio1	1.221065	1.335234	5.910852
MGYG000001971__gradient_L4_xos_gapseq	1520	1753	511	bio1	1.234967	1.323797	5.974079
MGYG000001971__gradient_L5_pectin_gapseq	1520	1753	511	bio1	1.234967	1.228955	6.029360
MGYG000001971__gradient_L6_resistant_starch_gapseq	1520	1753	511	bio1	1.737762	1.233824	6.040167
MGYG000001971__gradient_L7_bglucan_gapseq	1520	1753	511	bio1	1.737762	1.235412	5.962012
MGYG000001971__gradient_L8_hmo_gapseq	1520	1753	511	bio1	1.737762	1.286129	5.968817
MGYG000001971__gradient_L9_mos_gapseq	1520	1753	511	bio1	1.848980	1.235948	5.945700
MGYG000001972__gradient_L0_base_gapseq	1288	1540	391	bio1	0.443771	1.024723	4.742414
MGYG000001972__gradient_L1_inulin_gapseq	1288	1540	391	bio1	0.566589	1.097714	4.671756
MGYG000001972__gradient_L2_fos_gapseq	1288	1540	391	bio1	0.566589	1.135201	4.669930
MGYG000001972__gradient_L3_gos_gapseq	1288	1540	391	bio1	0.566589	1.148204	4.660544
MGYG000001972__gradient_L4_xos_gapseq	1288	1540	391	bio1	0.669685	1.124686	4.760510
MGYG000001972__gradient_L5_pectin_gapseq	1288	1540	391	bio1	0.669685	1.091326	4.685606
MGYG000001972__gradient_L6_resistant_starch_gapseq	1288	1540	391	bio1	0.971739	1.148481	4.713248
MGYG000001972__gradient_L7_bglucan_gapseq	1288	1540	391	bio1	1.115860	1.109675	4.698207
MGYG000001972__gradient_L8_hmo_gapseq	1288	1540	391	bio1	1.115860	1.069727	4.739659
MGYG000001972__gradient_L9_mos_gapseq	1288	1540	391	bio1	1.207218	1.149143	4.754201
MGYG000001988__gradient_L0_base_gapseq	1281	1561	529	bio1	0.000000	1.109127	0.060479
MGYG000001988__gradient_L1_inulin_gapseq	1281	1561	529	bio1	0.000000	1.175007	0.061467
MGYG000001988__gradient_L2_fos_gapseq	1281	1561	529	bio1	0.000000	1.128991	0.062451
MGYG000001988__gradient_L3_gos_gapseq	1281	1561	529	bio1	0.000000	1.198497	0.067601
MGYG000001988__gradient_L4_xos_gapseq	1281	1561	529	bio1	1.361109	1.113740	4.938003
MGYG000001988__gradient_L5_pectin_gapseq	1281	1561	529	bio1	1.361109	1.105107	4.821705
MGYG000001988__gradient_L6_resistant_starch_gapseq	1281	1561	529	bio1	2.002810	1.197412	4.799478
MGYG000001988__gradient_L7_bglucan_gapseq	1281	1561	529	bio1	2.209310	1.193345	4.799851
MGYG000001988__gradient_L8_hmo_gapseq	1281	1561	529	bio1	2.209310	1.113814	4.888690
MGYG000001988__gradient_L9_mos_gapseq	1281	1561	529	bio1	2.209310	1.115267	4.948700
MGYG000001995__gradient_L0_base_gapseq	1531	1808	523	bio1	0.000000	1.321516	0.079923
MGYG000001995__gradient_L1_inulin_gapseq	1531	1808	523	bio1	0.000000	1.315242	0.083242
MGYG000001995__gradient_L2_fos_gapseq	1531	1808	523	bio1	0.000000	1.245560	0.082340
MGYG000001995__gradient_L3_gos_gapseq	1531	1808	523	bio1	1.974386	1.332674	6.308672
MGYG000001995__gradient_L4_xos_gapseq	1531	1808	523	bio1	2.072800	1.334144	6.294118
MGYG000001995__gradient_L5_pectin_gapseq	1531	1808	523	bio1	2.126253	1.321332	6.311375
MGYG000001995__gradient_L6_resistant_starch_gapseq	1531	1808	523	bio1	2.276100	1.237281	6.415603
MGYG000001995__gradient_L7_bglucan_gapseq	1531	1808	523	bio1	2.276100	1.268214	6.415949
MGYG000001995__gradient_L8_hmo_gapseq	1531	1808	523	bio1	2.276100	1.237947	6.394776
MGYG000001995__gradient_L9_mos_gapseq	1531	1808	523	bio1	2.276100	1.246507	6.425092
MGYG000002025__gradient_L0_base_gapseq	1265	1472	403	bio1	0.000000	1.061500	0.052753
MGYG000002025__gradient_L1_inulin_gapseq	1265	1472	403	bio1	0.000000	1.019563	0.126394
MGYG000002025__gradient_L2_fos_gapseq	1265	1472	403	bio1	0.000000	1.023949	0.052973
MGYG000002025__gradient_L3_gos_gapseq	1265	1472	403	bio1	0.757198	1.013730	4.326398
MGYG000002025__gradient_L4_xos_gapseq	1265	1472	403	bio1	0.757198	1.033359	4.285116
MGYG000002025__gradient_L5_pectin_gapseq	1265	1472	403	bio1	0.757198	1.109258	4.242221
MGYG000002025__gradient_L6_resistant_starch_gapseq	1265	1472	403	bio1	1.083570	1.108015	4.255300
MGYG000002025__gradient_L7_bglucan_gapseq	1265	1472	403	bio1	1.083570	1.043420	4.322002
MGYG000002025__gradient_L8_hmo_gapseq	1265	1472	403	bio1	1.166361	1.032709	4.219520
MGYG000002025__gradient_L9_mos_gapseq	1265	1472	403	bio1	1.166361	1.097437	4.224424
MGYG000002040__gradient_L0_base_gapseq	1304	1460	356	bio1	0.416662	1.028379	4.295017
MGYG000002040__gradient_L1_inulin_gapseq	1304	1460	356	bio1	0.554026	1.118527	4.288933
MGYG000002040__gradient_L2_fos_gapseq	1304	1460	356	bio1	0.554026	1.043556	4.344718
MGYG000002040__gradient_L3_gos_gapseq	1304	1460	356	bio1	0.787894	1.048448	4.279323
MGYG000002040__gradient_L4_xos_gapseq	1304	1460	356	bio1	0.787894	1.082259	4.291048
MGYG000002040__gradient_L5_pectin_gapseq	1304	1460	356	bio1	0.787894	1.118759	4.297205
MGYG000002040__gradient_L6_resistant_starch_gapseq	1304	1460	356	bio1	0.910525	1.041219	4.353383
MGYG000002040__gradient_L7_bglucan_gapseq	1304	1460	356	bio1	0.910525	1.040884	4.261027
MGYG000002040__gradient_L8_hmo_gapseq	1304	1460	356	bio1	0.910525	1.117604	4.266074
MGYG000002040__gradient_L9_mos_gapseq	1304	1460	356	bio1	0.910525	1.113653	4.267107
MGYG000002044__gradient_L0_base_gapseq	1149	1233	257	bio1	0.000000	0.945204	0.035888
MGYG000002044__gradient_L1_inulin_gapseq	1149	1233	257	bio1	0.000000	0.879843	0.035443
MGYG000002044__gradient_L2_fos_gapseq	1149	1233	257	bio1	0.000000	0.878768	0.035868
MGYG000002044__gradient_L3_gos_gapseq	1149	1233	257	bio1	0.000000	0.967787	0.035740
MGYG000002044__gradient_L4_xos_gapseq	1149	1233	257	bio1	0.000000	0.870454	0.035921
MGYG000002044__gradient_L5_pectin_gapseq	1149	1233	257	bio1	0.000000	0.953356	0.035526
MGYG000002044__gradient_L6_resistant_starch_gapseq	1149	1233	257	bio1	0.133114	0.860166	3.162981
MGYG000002044__gradient_L7_bglucan_gapseq	1149	1233	257	bio1	0.133114	0.960362	3.163817
MGYG000002044__gradient_L8_hmo_gapseq	1149	1233	257	bio1	0.133114	0.866094	3.208751
MGYG000002044__gradient_L9_mos_gapseq	1149	1233	257	bio1	0.169838	0.953559	3.163091
MGYG000002054__gradient_L0_base_gapseq	1157	1263	309	bio1	0.404680	0.886920	3.335652
MGYG000002054__gradient_L1_inulin_gapseq	1157	1263	309	bio1	0.501035	0.887156	3.261899
MGYG000002054__gradient_L2_fos_gapseq	1157	1263	309	bio1	0.501035	0.958657	3.252484
MGYG000002054__gradient_L3_gos_gapseq	1157	1263	309	bio1	0.674473	0.889299	3.330116
MGYG000002054__gradient_L4_xos_gapseq	1157	1263	309	bio1	0.703380	0.883131	3.268532
MGYG000002054__gradient_L5_pectin_gapseq	1157	1263	309	bio1	0.703380	0.950527	3.256235
MGYG000002054__gradient_L6_resistant_starch_gapseq	1157	1263	309	bio1	1.108272	0.885176	3.261815
MGYG000002054__gradient_L7_bglucan_gapseq	1157	1263	309	bio1	1.108272	0.941632	3.247138
MGYG000002054__gradient_L8_hmo_gapseq	1157	1263	309	bio1	1.108272	0.884943	3.313092
MGYG000002054__gradient_L9_mos_gapseq	1157	1263	309	bio1	1.202795	0.886664	3.258401
MGYG000002058__gradient_L0_base_gapseq	1158	1283	310	bio1	0.571670	0.890741	3.410915
MGYG000002058__gradient_L1_inulin_gapseq	1158	1283	310	bio1	0.800342	0.950081	3.396225
MGYG000002058__gradient_L2_fos_gapseq	1158	1283	310	bio1	0.800342	0.901749	3.476813
MGYG000002058__gradient_L3_gos_gapseq	1158	1283	310	bio1	1.000261	0.892581	3.401199
MGYG000002058__gradient_L4_xos_gapseq	1158	1283	310	bio1	1.000261	0.948643	3.392468
MGYG000002058__gradient_L5_pectin_gapseq	1158	1283	310	bio1	1.000261	0.892076	3.446239
MGYG000002058__gradient_L6_resistant_starch_gapseq	1158	1283	310	bio1	1.474926	0.895446	3.388879
MGYG000002058__gradient_L7_bglucan_gapseq	1158	1283	310	bio1	1.474926	0.965213	3.394588
MGYG000002058__gradient_L8_hmo_gapseq	1158	1283	310	bio1	1.474926	0.903127	3.455620
MGYG000002058__gradient_L9_mos_gapseq	1158	1283	310	bio1	1.586067	0.891224	3.425628
MGYG000002099__gradient_L0_base_gapseq	1356	1525	386	bio1	0.000000	1.175444	0.056719
MGYG000002099__gradient_L1_inulin_gapseq	1356	1525	386	bio1	0.000000	1.073403	0.058725
MGYG000002099__gradient_L2_fos_gapseq	1356	1525	386	bio1	0.000000	1.126234	0.058621
MGYG000002099__gradient_L3_gos_gapseq	1356	1525	386	bio1	1.133868	1.076228	4.626369
MGYG000002099__gradient_L4_xos_gapseq	1356	1525	386	bio1	1.241258	1.088336	4.598581
MGYG000002099__gradient_L5_pectin_gapseq	1356	1525	386	bio1	1.304912	1.151318	4.528543
MGYG000002099__gradient_L6_resistant_starch_gapseq	1356	1525	386	bio1	2.049673	1.179957	4.552864
MGYG000002099__gradient_L7_bglucan_gapseq	1356	1525	386	bio1	2.310658	1.080621	4.641533
MGYG000002099__gradient_L8_hmo_gapseq	1356	1525	386	bio1	2.310658	1.083160	4.653735
MGYG000002099__gradient_L9_mos_gapseq	1356	1525	386	bio1	2.446454	1.089770	4.563426
MGYG000002110__gradient_L0_base_gapseq	1188	1313	318	bio1	0.805683	0.992965	3.500926
MGYG000002110__gradient_L1_inulin_gapseq	1188	1313	318	bio1	1.099793	0.920090	3.585739
MGYG000002110__gradient_L2_fos_gapseq	1188	1313	318	bio1	1.099793	0.931521	3.548773
MGYG000002110__gradient_L3_gos_gapseq	1188	1313	318	bio1	1.315265	0.975355	3.534007
MGYG000002110__gradient_L4_xos_gapseq	1188	1313	318	bio1	1.315265	0.910190	3.508486
MGYG000002110__gradient_L5_pectin_gapseq	1188	1313	318	bio1	1.315265	0.999807	3.492312
MGYG000002110__gradient_L6_resistant_starch_gapseq	1188	1313	318	bio1	1.936990	0.917722	3.567962
MGYG000002110__gradient_L7_bglucan_gapseq	1188	1313	318	bio1	1.936990	0.911489	3.507104
MGYG000002110__gradient_L8_hmo_gapseq	1188	1313	318	bio1	1.936990	0.976138	3.513670
MGYG000002110__gradient_L9_mos_gapseq	1188	1313	318	bio1	2.080638	0.911798	3.570660
MGYG000002129__gradient_L0_base_gapseq	1036	1079	246	bio1	0.000000	0.819060	0.036160
MGYG000002129__gradient_L1_inulin_gapseq	1036	1079	246	bio1	0.000000	0.741669	0.036883
MGYG000002129__gradient_L2_fos_gapseq	1036	1079	246	bio1	0.000000	0.863190	0.037919
MGYG000002129__gradient_L3_gos_gapseq	1036	1079	246	bio1	0.000000	0.805230	0.037493
MGYG000002129__gradient_L4_xos_gapseq	1036	1079	246	bio1	0.647737	0.828783	2.413177
MGYG000002129__gradient_L5_pectin_gapseq	1036	1079	246	bio1	0.647737	0.826822	2.403917
MGYG000002129__gradient_L6_resistant_starch_gapseq	1036	1079	246	bio1	1.226538	0.847497	2.412018
MGYG000002129__gradient_L7_bglucan_gapseq	1036	1079	246	bio1	1.226538	0.779050	2.477199
MGYG000002129__gradient_L8_hmo_gapseq	1036	1079	246	bio1	1.226538	0.747468	2.403634
MGYG000002129__gradient_L9_mos_gapseq	1036	1079	246	bio1	1.226538	0.747890	2.482707
MGYG000002131__gradient_L0_base_gapseq	1253	1402	333	bio1	0.139527	0.986132	3.981555
MGYG000002131__gradient_L1_inulin_gapseq	1253	1402	333	bio1	0.139527	1.053580	4.004044
MGYG000002131__gradient_L2_fos_gapseq	1253	1402	333	bio1	0.139527	0.986035	4.117180
MGYG000002131__gradient_L3_gos_gapseq	1253	1402	333	bio1	0.348833	0.979780	4.017423
MGYG000002131__gradient_L4_xos_gapseq	1253	1402	333	bio1	0.389344	1.027187	3.987391
MGYG000002131__gradient_L5_pectin_gapseq	1253	1402	333	bio1	0.389344	1.041425	3.990716
MGYG000002131__gradient_L6_resistant_starch_gapseq	1253	1402	333	bio1	0.814707	0.982243	4.091577
MGYG000002131__gradient_L7_bglucan_gapseq	1253	1402	333	bio1	0.969999	0.991355	4.003673
MGYG000002131__gradient_L8_hmo_gapseq	1253	1402	333	bio1	0.969999	1.045954	4.002153
MGYG000002131__gradient_L9_mos_gapseq	1253	1402	333	bio1	1.041472	0.982628	4.079017
MGYG000002133__gradient_L0_base_gapseq	1381	1581	369	bio1	0.440617	1.097247	4.999614
MGYG000002133__gradient_L1_inulin_gapseq	1381	1581	369	bio1	0.534740	1.120227	4.996967
MGYG000002133__gradient_L2_fos_gapseq	1381	1581	369	bio1	0.534740	1.144628	4.990428
MGYG000002133__gradient_L3_gos_gapseq	1381	1581	369	bio1	0.752906	1.107872	5.059692
MGYG000002133__gradient_L4_xos_gapseq	1381	1581	369	bio1	0.859180	1.098444	5.086525
MGYG000002133__gradient_L5_pectin_gapseq	1381	1581	369	bio1	0.890918	1.086116	5.000845
MGYG000002133__gradient_L6_resistant_starch_gapseq	1381	1581	369	bio1	1.118579	1.142554	4.992788
MGYG000002133__gradient_L7_bglucan_gapseq	1381	1581	369	bio1	1.255363	1.161590	5.042651
MGYG000002133__gradient_L8_hmo_gapseq	1381	1581	369	bio1	1.255363	1.116536	5.061129
MGYG000002133__gradient_L9_mos_gapseq	1381	1581	369	bio1	1.340473	1.122345	5.004132
MGYG000002139__gradient_L0_base_gapseq	825	765	103	bio1	0.000000	0.524077	0.020172
MGYG000002139__gradient_L1_inulin_gapseq	825	765	103	bio1	0.193947	0.528465	1.318565
MGYG000002139__gradient_L2_fos_gapseq	825	765	103	bio1	0.193947	0.534995	1.396506
MGYG000002139__gradient_L3_gos_gapseq	825	765	103	bio1	0.193947	0.527521	1.315489
MGYG000002139__gradient_L4_xos_gapseq	825	765	103	bio1	0.193947	0.535291	1.314217
MGYG000002139__gradient_L5_pectin_gapseq	825	765	103	bio1	0.193947	0.539688	1.375924
MGYG000002139__gradient_L6_resistant_starch_gapseq	825	765	103	bio1	0.193947	0.536597	1.317355
MGYG000002139__gradient_L7_bglucan_gapseq	825	765	103	bio1	0.193947	0.530989	1.313406
MGYG000002139__gradient_L8_hmo_gapseq	825	765	103	bio1	0.193947	0.530081	1.374663
MGYG000002139__gradient_L9_mos_gapseq	825	765	103	bio1	0.193947	0.529434	1.314198
MGYG000002146__gradient_L0_base_gapseq	1156	1260	291	bio1	0.000000	0.907412	0.041980
MGYG000002146__gradient_L1_inulin_gapseq	1156	1260	291	bio1	0.508077	0.927499	3.237381
MGYG000002146__gradient_L2_fos_gapseq	1156	1260	291	bio1	0.508077	0.887818	3.353783
MGYG000002146__gradient_L3_gos_gapseq	1156	1260	291	bio1	0.508077	0.892351	3.246660
MGYG000002146__gradient_L4_xos_gapseq	1156	1260	291	bio1	0.528068	0.967649	3.249694
MGYG000002146__gradient_L5_pectin_gapseq	1156	1260	291	bio1	0.528068	0.894423	3.238154
MGYG000002146__gradient_L6_resistant_starch_gapseq	1156	1260	291	bio1	0.694314	0.946696	3.231340
MGYG000002146__gradient_L7_bglucan_gapseq	1156	1260	291	bio1	0.694314	0.904701	3.330337
MGYG000002146__gradient_L8_hmo_gapseq	1156	1260	291	bio1	0.694314	0.891261	3.268627
MGYG000002146__gradient_L9_mos_gapseq	1156	1260	291	bio1	0.694314	0.984671	3.247678
MGYG000002154__gradient_L0_base_gapseq	1167	1282	355	bio1	0.412444	0.978725	3.377354
MGYG000002154__gradient_L1_inulin_gapseq	1167	1282	355	bio1	0.681884	0.885483	3.419801
MGYG000002154__gradient_L2_fos_gapseq	1167	1282	355	bio1	0.681884	0.909167	3.349692
MGYG000002154__gradient_L3_gos_gapseq	1167	1282	355	bio1	0.910930	0.951459	3.345159
MGYG000002154__gradient_L4_xos_gapseq	1167	1282	355	bio1	0.966139	0.904350	3.429181
MGYG000002154__gradient_L5_pectin_gapseq	1167	1282	355	bio1	0.966139	0.903004	3.335449
MGYG000002154__gradient_L6_resistant_starch_gapseq	1167	1282	355	bio1	1.333654	0.947754	3.310386
MGYG000002154__gradient_L7_bglucan_gapseq	1167	1282	355	bio1	1.333654	0.913660	3.325593
MGYG000002154__gradient_L8_hmo_gapseq	1167	1282	355	bio1	1.333654	0.952685	3.329828
MGYG000002154__gradient_L9_mos_gapseq	1167	1282	355	bio1	1.333654	0.910663	3.415953
MGYG000002159__gradient_L0_base_gapseq	1230	1381	306	bio1	0.277943	0.989559	3.955303
MGYG000002159__gradient_L1_inulin_gapseq	1230	1381	306	bio1	0.441693	0.982566	3.879098
MGYG000002159__gradient_L2_fos_gapseq	1230	1381	306	bio1	0.441693	1.066432	3.897544
MGYG000002159__gradient_L3_gos_gapseq	1230	1381	306	bio1	0.735403	1.006083	3.952634
MGYG000002159__gradient_L4_xos_gapseq	1230	1381	306	bio1	0.735403	0.986099	3.894124
MGYG000002159__gradient_L5_pectin_gapseq	1230	1381	306	bio1	0.735403	1.036833	3.895923
MGYG000002159__gradient_L6_resistant_starch_gapseq	1230	1381	306	bio1	1.349807	0.963253	3.947699
MGYG000002159__gradient_L7_bglucan_gapseq	1230	1381	306	bio1	1.349807	0.970146	3.889597
MGYG000002159__gradient_L8_hmo_gapseq	1230	1381	306	bio1	1.349807	1.060643	3.895163
MGYG000002159__gradient_L9_mos_gapseq	1230	1381	306	bio1	1.349807	1.010026	3.954106
MGYG000002162__gradient_L0_base_gapseq	933	940	258	bio1	0.131955	0.638428	1.944800
MGYG000002162__gradient_L1_inulin_gapseq	933	940	258	bio1	0.131955	0.641102	2.018289
MGYG000002162__gradient_L2_fos_gapseq	933	940	258	bio1	0.131955	0.646773	1.939610
MGYG000002162__gradient_L3_gos_gapseq	933	940	258	bio1	0.131955	0.638889	1.940895
MGYG000002162__gradient_L4_xos_gapseq	933	940	258	bio1	0.131955	0.681439	1.932513
MGYG000002162__gradient_L5_pectin_gapseq	933	940	258	bio1	0.131955	0.636557	1.942609
MGYG000002162__gradient_L6_resistant_starch_gapseq	933	940	258	bio1	0.131955	0.641518	2.007222
MGYG000002162__gradient_L7_bglucan_gapseq	933	940	258	bio1	0.131955	0.638010	1.981209
MGYG000002162__gradient_L8_hmo_gapseq	933	940	258	bio1	0.131955	0.647952	2.014481
MGYG000002162__gradient_L9_mos_gapseq	933	940	258	bio1	0.131955	0.643358	1.937671
MGYG000002166__gradient_L0_base_gapseq	649	604	83	bio1	0.000000	0.391447	0.014160
MGYG000002166__gradient_L1_inulin_gapseq	649	604	83	bio1	0.000000	0.401836	0.014433
MGYG000002166__gradient_L2_fos_gapseq	649	604	83	bio1	0.000000	0.415638	0.014719
MGYG000002166__gradient_L3_gos_gapseq	649	604	83	bio1	0.000000	0.457562	0.014355
MGYG000002166__gradient_L4_xos_gapseq	649	604	83	bio1	0.000000	0.393885	0.014468
MGYG000002166__gradient_L5_pectin_gapseq	649	604	83	bio1	0.000000	0.387252	0.014421
MGYG000002166__gradient_L6_resistant_starch_gapseq	649	604	83	bio1	0.000000	0.387246	0.014447
MGYG000002166__gradient_L7_bglucan_gapseq	649	604	83	bio1	0.000000	0.389172	0.014489
MGYG000002166__gradient_L8_hmo_gapseq	649	604	83	bio1	0.000000	0.472330	0.014696
MGYG000002166__gradient_L9_mos_gapseq	649	604	83	bio1	0.000000	0.414197	0.014428
MGYG000002173__gradient_L0_base_gapseq	1026	1065	204	bio1	0.000000	0.763785	0.034573
MGYG000002173__gradient_L1_inulin_gapseq	1026	1065	204	bio1	0.568026	0.826730	2.417667
MGYG000002173__gradient_L2_fos_gapseq	1026	1065	204	bio1	0.568026	0.816545	2.332963
MGYG000002173__gradient_L3_gos_gapseq	1026	1065	204	bio1	0.695498	0.801987	2.402045
MGYG000002173__gradient_L4_xos_gapseq	1026	1065	204	bio1	0.801182	0.763924	2.352032
MGYG000002173__gradient_L5_pectin_gapseq	1026	1065	204	bio1	0.801182	0.785198	2.409976
MGYG000002173__gradient_L6_resistant_starch_gapseq	1026	1065	204	bio1	0.994383	0.771657	2.347944
MGYG000002173__gradient_L7_bglucan_gapseq	1026	1065	204	bio1	0.994383	0.800118	2.411629
MGYG000002173__gradient_L8_hmo_gapseq	1026	1065	204	bio1	0.994383	0.775111	2.350100
MGYG000002173__gradient_L9_mos_gapseq	1026	1065	204	bio1	0.994383	0.794322	2.408510
MGYG000002187__gradient_L0_base_gapseq	1166	1324	328	bio1	0.730744	0.926149	3.537792
MGYG000002187__gradient_L1_inulin_gapseq	1166	1324	328	bio1	1.024688	0.992083	3.545044
MGYG000002187__gradient_L2_fos_gapseq	1166	1324	328	bio1	1.024688	0.905423	3.607611
MGYG000002187__gradient_L3_gos_gapseq	1166	1324	328	bio1	1.318094	0.927774	3.533188
MGYG000002187__gradient_L4_xos_gapseq	1166	1324	328	bio1	1.318094	1.021492	3.562497
MGYG000002187__gradient_L5_pectin_gapseq	1166	1324	328	bio1	1.318094	0.909613	3.631207
MGYG000002187__gradient_L6_resistant_starch_gapseq	1166	1324	328	bio1	1.933802	0.928143	3.570659
MGYG000002187__gradient_L7_bglucan_gapseq	1166	1324	328	bio1	1.933802	0.995217	3.567282
MGYG000002187__gradient_L8_hmo_gapseq	1166	1324	328	bio1	1.933802	0.907002	3.652340
MGYG000002187__gradient_L9_mos_gapseq	1166	1324	328	bio1	2.076060	0.930331	3.566367
MGYG000002197__gradient_L0_base_gapseq	931	986	218	bio1	0.144401	0.701486	2.020610
MGYG000002197__gradient_L1_inulin_gapseq	931	986	218	bio1	0.282677	0.671529	2.001724
MGYG000002197__gradient_L2_fos_gapseq	931	986	218	bio1	0.282677	0.734344	2.000648
MGYG000002197__gradient_L3_gos_gapseq	931	986	218	bio1	0.282677	0.661314	2.007115
MGYG000002197__gradient_L4_xos_gapseq	931	986	218	bio1	0.302172	0.713571	2.005219
MGYG000002197__gradient_L5_pectin_gapseq	931	986	218	bio1	0.302172	0.665035	2.001866
MGYG000002197__gradient_L6_resistant_starch_gapseq	931	986	218	bio1	0.302172	0.850189	2.013954
MGYG000002197__gradient_L7_bglucan_gapseq	931	986	218	bio1	0.302172	0.661900	2.002168
MGYG000002197__gradient_L8_hmo_gapseq	931	986	218	bio1	0.302172	0.678605	2.078119
MGYG000002197__gradient_L9_mos_gapseq	931	986	218	bio1	0.302172	0.672520	2.003181
MGYG000002227__gradient_L0_base_gapseq	1246	1375	279	bio1	0.000000	1.059821	0.053649
MGYG000002227__gradient_L1_inulin_gapseq	1246	1375	279	bio1	0.537892	0.926198	3.868672
MGYG000002227__gradient_L2_fos_gapseq	1246	1375	279	bio1	0.537892	1.014921	3.849034
MGYG000002227__gradient_L3_gos_gapseq	1246	1375	279	bio1	0.537892	0.986530	3.895536
MGYG000002227__gradient_L4_xos_gapseq	1246	1375	279	bio1	0.537892	0.964067	3.870932
MGYG000002227__gradient_L5_pectin_gapseq	1246	1375	279	bio1	0.537892	1.020664	3.855954
MGYG000002227__gradient_L6_resistant_starch_gapseq	1246	1375	279	bio1	1.249844	0.972180	3.937567
MGYG000002227__gradient_L7_bglucan_gapseq	1246	1375	279	bio1	1.483816	0.967408	3.872545
MGYG000002227__gradient_L8_hmo_gapseq	1246	1375	279	bio1	1.483816	1.011261	3.869728
MGYG000002227__gradient_L9_mos_gapseq	1246	1375	279	bio1	1.611801	0.967103	3.918738
MGYG000002244__gradient_L0_base_gapseq	675	638	54	bio1	0.000000	0.414384	0.014084
MGYG000002244__gradient_L1_inulin_gapseq	675	638	54	bio1	0.000000	0.414539	0.015914
MGYG000002244__gradient_L2_fos_gapseq	675	638	54	bio1	0.000000	0.474027	0.015953
MGYG000002244__gradient_L3_gos_gapseq	675	638	54	bio1	0.000000	0.415809	0.015802
MGYG000002244__gradient_L4_xos_gapseq	675	638	54	bio1	0.000000	0.414591	0.015821
MGYG000002244__gradient_L5_pectin_gapseq	675	638	54	bio1	0.000000	0.411294	0.015653
MGYG000002244__gradient_L6_resistant_starch_gapseq	675	638	54	bio1	0.000000	0.415285	0.015606
MGYG000002244__gradient_L7_bglucan_gapseq	675	638	54	bio1	0.000000	0.413941	0.015532
MGYG000002244__gradient_L8_hmo_gapseq	675	638	54	bio1	0.000000	0.497170	0.015858
MGYG000002244__gradient_L9_mos_gapseq	675	638	54	bio1	0.000000	0.431415	0.015723
MGYG000002248__gradient_L0_base_gapseq	603	551	82	bio1	0.000000	0.358888	0.011074
MGYG000002248__gradient_L1_inulin_gapseq	603	551	82	bio1	0.059932	0.359621	0.742044
MGYG000002248__gradient_L2_fos_gapseq	603	551	82	bio1	0.059932	0.359741	0.735130
MGYG000002248__gradient_L3_gos_gapseq	603	551	82	bio1	0.059932	0.433819	0.740713
MGYG000002248__gradient_L4_xos_gapseq	603	551	82	bio1	0.059932	0.359300	0.737214
MGYG000002248__gradient_L5_pectin_gapseq	603	551	82	bio1	0.059932	0.356032	0.735499
MGYG000002248__gradient_L6_resistant_starch_gapseq	603	551	82	bio1	0.059932	0.361209	0.738952
MGYG000002248__gradient_L7_bglucan_gapseq	603	551	82	bio1	0.059932	0.434206	0.740835
MGYG000002248__gradient_L8_hmo_gapseq	603	551	82	bio1	0.059932	0.358450	0.739904
MGYG000002248__gradient_L9_mos_gapseq	603	551	82	bio1	0.059932	0.355651	0.735894
MGYG000002258__gradient_L0_base_gapseq	1191	1286	293	bio1	0.000000	0.885301	0.041529
MGYG000002258__gradient_L1_inulin_gapseq	1191	1286	293	bio1	0.312471	0.924116	3.311982
MGYG000002258__gradient_L2_fos_gapseq	1191	1286	293	bio1	0.312471	0.902011	3.389671
MGYG000002258__gradient_L3_gos_gapseq	1191	1286	293	bio1	0.399156	0.900913	3.327310
MGYG000002258__gradient_L4_xos_gapseq	1191	1286	293	bio1	0.399156	0.942015	3.314555
MGYG000002258__gradient_L5_pectin_gapseq	1191	1286	293	bio1	0.432029	0.906825	3.382850
MGYG000002258__gradient_L6_resistant_starch_gapseq	1191	1286	293	bio1	0.749013	0.885536	3.304220
MGYG000002258__gradient_L7_bglucan_gapseq	1191	1286	293	bio1	0.868763	0.955717	3.304635
MGYG000002258__gradient_L8_hmo_gapseq	1191	1286	293	bio1	0.868763	0.907029	3.309278
MGYG000002258__gradient_L9_mos_gapseq	1191	1286	293	bio1	0.868763	0.947508	3.348779
MGYG000002278__gradient_L0_base_gapseq	1561	1815	480	bio1	1.297223	1.269649	6.536170
MGYG000002278__gradient_L1_inulin_gapseq	1561	1815	480	bio1	1.457375	1.319077	6.495664
MGYG000002278__gradient_L2_fos_gapseq	1561	1815	480	bio1	1.457375	1.310630	6.531261
MGYG000002278__gradient_L3_gos_gapseq	1561	1815	480	bio1	1.811712	1.307298	6.467220
MGYG000002278__gradient_L4_xos_gapseq	1561	1815	480	bio1	1.890582	1.383410	6.431694
MGYG000002278__gradient_L5_pectin_gapseq	1561	1815	480	bio1	1.890582	1.357350	6.443135
MGYG000002278__gradient_L6_resistant_starch_gapseq	1561	1815	480	bio1	2.585829	1.362025	6.443672
MGYG000002278__gradient_L7_bglucan_gapseq	1561	1815	480	bio1	2.815202	1.390249	6.465071
MGYG000002278__gradient_L8_hmo_gapseq	1561	1815	480	bio1	2.975960	1.382003	6.452610
MGYG000002278__gradient_L9_mos_gapseq	1561	1815	480	bio1	2.975960	1.459503	6.430939
MGYG000002298__gradient_L0_base_gapseq	1471	1730	546	bio1	1.003893	1.299603	5.818516
MGYG000002298__gradient_L1_inulin_gapseq	1471	1730	546	bio1	1.285690	1.205079	5.916579
MGYG000002298__gradient_L2_fos_gapseq	1471	1730	546	bio1	1.285690	1.213754	5.910647
MGYG000002298__gradient_L3_gos_gapseq	1471	1730	546	bio1	1.569689	1.217445	5.896213
MGYG000002298__gradient_L4_xos_gapseq	1471	1730	546	bio1	1.642340	1.211270	5.807121
MGYG000002298__gradient_L5_pectin_gapseq	1471	1730	546	bio1	1.642340	1.281233	5.805540
MGYG000002298__gradient_L6_resistant_starch_gapseq	1471	1730	546	bio1	2.248885	1.288727	5.798941
MGYG000002298__gradient_L7_bglucan_gapseq	1471	1730	546	bio1	2.450409	1.287199	5.831867
MGYG000002298__gradient_L8_hmo_gapseq	1471	1730	546	bio1	2.596441	1.348738	5.856051
MGYG000002298__gradient_L9_mos_gapseq	1471	1730	546	bio1	2.596441	1.292920	5.835708
MGYG000002308__gradient_L0_base_gapseq	1223	1296	338	bio1	0.199489	0.928461	3.599930
MGYG000002308__gradient_L1_inulin_gapseq	1223	1296	338	bio1	0.257152	0.914454	3.531529
MGYG000002308__gradient_L2_fos_gapseq	1223	1296	338	bio1	0.257152	0.976193	3.523436
MGYG000002308__gradient_L3_gos_gapseq	1223	1296	338	bio1	0.257152	0.920004	3.589154
MGYG000002308__gradient_L4_xos_gapseq	1223	1296	338	bio1	0.257152	0.911045	3.476488
MGYG000002308__gradient_L5_pectin_gapseq	1223	1296	338	bio1	0.257152	0.989491	3.476515
MGYG000002308__gradient_L6_resistant_starch_gapseq	1223	1296	338	bio1	0.257152	0.926805	3.556467
MGYG000002308__gradient_L7_bglucan_gapseq	1223	1296	338	bio1	0.257152	0.923362	3.470379
MGYG000002308__gradient_L8_hmo_gapseq	1223	1296	338	bio1	0.257152	0.976481	3.474605
MGYG000002308__gradient_L9_mos_gapseq	1223	1296	338	bio1	0.257152	0.929336	3.510778
MGYG000002309__gradient_L0_base_gapseq	1716	2014	539	bio1	0.000000	1.498384	0.092834
MGYG000002309__gradient_L1_inulin_gapseq	1716	2014	539	bio1	0.000000	1.446114	0.098244
MGYG000002309__gradient_L2_fos_gapseq	1716	2014	539	bio1	0.000000	1.510353	0.098534
MGYG000002309__gradient_L3_gos_gapseq	1716	2014	539	bio1	0.000000	1.507587	0.098510
MGYG000002309__gradient_L4_xos_gapseq	1716	2014	539	bio1	0.000000	1.535685	0.098604
MGYG000002309__gradient_L5_pectin_gapseq	1716	2014	539	bio1	0.000000	1.429125	0.097789
MGYG000002309__gradient_L6_resistant_starch_gapseq	1716	2014	539	bio1	0.000000	1.562457	0.098543
MGYG000002309__gradient_L7_bglucan_gapseq	1716	2014	539	bio1	0.000000	1.535587	0.097571
MGYG000002309__gradient_L8_hmo_gapseq	1716	2014	539	bio1	0.000000	1.428563	0.098000
MGYG000002309__gradient_L9_mos_gapseq	1716	2014	539	bio1	0.000000	1.553830	0.098216
MGYG000002321__gradient_L0_base_gapseq	1343	1501	331	bio1	0.000000	1.159762	0.053266
MGYG000002321__gradient_L1_inulin_gapseq	1343	1501	331	bio1	0.000000	1.051425	0.053558
MGYG000002321__gradient_L2_fos_gapseq	1343	1501	331	bio1	0.000000	1.170996	0.053907
MGYG000002321__gradient_L3_gos_gapseq	1343	1501	331	bio1	0.000000	1.045101	0.057639
MGYG000002321__gradient_L4_xos_gapseq	1343	1501	331	bio1	0.934241	1.160203	4.437145
MGYG000002321__gradient_L5_pectin_gapseq	1343	1501	331	bio1	0.934241	1.080759	4.640713
MGYG000002321__gradient_L6_resistant_starch_gapseq	1343	1501	331	bio1	1.548564	1.043673	4.457541
MGYG000002321__gradient_L7_bglucan_gapseq	1343	1501	331	bio1	1.754010	1.110456	4.432356
MGYG000002321__gradient_L8_hmo_gapseq	1343	1501	331	bio1	1.754010	1.153362	4.453288
MGYG000002321__gradient_L9_mos_gapseq	1343	1501	331	bio1	1.895392	1.068945	4.528878
MGYG000002322	0	0	0	NONE	0.000000	0.000000	0.000000
MGYG000002333__gradient_L0_base_gapseq	1218	1332	367	bio1	0.282614	0.949909	3.647626
MGYG000002333__gradient_L1_inulin_gapseq	1218	1332	367	bio1	0.282614	0.995675	3.660727
MGYG000002333__gradient_L2_fos_gapseq	1218	1332	367	bio1	0.282614	0.932783	3.730910
MGYG000002333__gradient_L3_gos_gapseq	1218	1332	367	bio1	0.282614	0.922332	3.657184
MGYG000002333__gradient_L4_xos_gapseq	1218	1332	367	bio1	0.282614	1.007538	3.673170
MGYG000002333__gradient_L5_pectin_gapseq	1218	1332	367	bio1	0.282614	0.956092	3.719688
MGYG000002333__gradient_L6_resistant_starch_gapseq	1218	1332	367	bio1	0.282614	0.940512	3.652301
MGYG000002333__gradient_L7_bglucan_gapseq	1218	1332	367	bio1	0.282614	1.004912	3.672793
MGYG000002333__gradient_L8_hmo_gapseq	1218	1332	367	bio1	0.282614	0.950188	3.731433
MGYG000002333__gradient_L9_mos_gapseq	1218	1332	367	bio1	0.282614	0.947289	3.644527
MGYG000002335__gradient_L0_base_gapseq	2155	2649	1068	bio1	1.575100	1.958819	13.397061
MGYG000002335__gradient_L1_inulin_gapseq	2155	2649	1068	bio1	1.872434	2.027943	13.463434
MGYG000002335__gradient_L2_fos_gapseq	2155	2649	1068	bio1	1.872434	1.877601	13.458478
MGYG000002335__gradient_L3_gos_gapseq	2155	2649	1068	bio1	2.201789	1.957112	13.435298
MGYG000002335__gradient_L4_xos_gapseq	2155	2649	1068	bio1	2.363813	2.046823	13.417994
MGYG000002335__gradient_L5_pectin_gapseq	2155	2649	1068	bio1	2.363813	1.959415	13.394476
MGYG000002335__gradient_L6_resistant_starch_gapseq	2155	2649	1068	bio1	2.978717	1.901345	13.422816
MGYG000002335__gradient_L7_bglucan_gapseq	2155	2649	1068	bio1	3.187911	2.044305	13.318381
MGYG000002335__gradient_L8_hmo_gapseq	2155	2649	1068	bio1	3.187911	1.969008	13.388592
MGYG000002335__gradient_L9_mos_gapseq	2155	2649	1068	bio1	3.195793	1.959762	13.403295
MGYG000002337__gradient_L0_base_gapseq	1818	2218	572	bio1	1.257562	1.552055	9.582292
MGYG000002337__gradient_L1_inulin_gapseq	1818	2218	572	bio1	1.527445	1.625601	9.408719
MGYG000002337__gradient_L2_fos_gapseq	1818	2218	572	bio1	1.527445	1.557260	9.433792
MGYG000002337__gradient_L3_gos_gapseq	1818	2218	572	bio1	1.734750	1.617280	9.429786
MGYG000002337__gradient_L4_xos_gapseq	1818	2218	572	bio1	1.797551	1.556617	9.418448
MGYG000002337__gradient_L5_pectin_gapseq	1818	2218	572	bio1	1.797551	1.627434	9.440356
MGYG000002337__gradient_L6_resistant_starch_gapseq	1818	2218	572	bio1	2.366538	1.580579	9.548979
MGYG000002337__gradient_L7_bglucan_gapseq	1818	2218	572	bio1	2.557686	1.625668	9.488893
MGYG000002337__gradient_L8_hmo_gapseq	1818	2218	572	bio1	2.557686	1.545570	9.436678
MGYG000002337__gradient_L9_mos_gapseq	1818	2218	572	bio1	2.689573	1.628307	9.408103
MGYG000002340__gradient_L0_base_gapseq	1547	1737	507	bio1	0.656040	1.232049	6.044416
MGYG000002340__gradient_L1_inulin_gapseq	1547	1737	507	bio1	0.656040	1.235118	6.021511
MGYG000002340__gradient_L2_fos_gapseq	1547	1737	507	bio1	0.656040	1.240399	5.949550
MGYG000002340__gradient_L3_gos_gapseq	1547	1737	507	bio1	0.786501	1.310606	5.917602
MGYG000002340__gradient_L4_xos_gapseq	1547	1737	507	bio1	0.786501	1.323069	5.968401
MGYG000002340__gradient_L5_pectin_gapseq	1547	1737	507	bio1	0.786501	1.357275	5.879940
MGYG000002340__gradient_L6_resistant_starch_gapseq	1547	1737	507	bio1	1.484166	1.323908	5.917733
MGYG000002340__gradient_L7_bglucan_gapseq	1547	1737	507	bio1	1.484166	1.318502	5.968999
MGYG000002340__gradient_L8_hmo_gapseq	1547	1737	507	bio1	1.649897	1.262078	6.057267
MGYG000002340__gradient_L9_mos_gapseq	1547	1737	507	bio1	1.649897	1.234589	6.007043
MGYG000002341__gradient_L0_base_gapseq	1829	2050	637	bio1	0.525399	1.485272	8.196096
MGYG000002341__gradient_L1_inulin_gapseq	1829	2050	637	bio1	0.639619	1.505010	8.179973
MGYG000002341__gradient_L2_fos_gapseq	1829	2050	637	bio1	0.639619	1.607766	8.082305
MGYG000002341__gradient_L3_gos_gapseq	1829	2050	637	bio1	0.639619	1.585815	8.140867
MGYG000002341__gradient_L4_xos_gapseq	1829	2050	637	bio1	0.639619	1.624676	8.130487
MGYG000002341__gradient_L5_pectin_gapseq	1829	2050	637	bio1	0.639619	1.560148	8.117289
MGYG000002341__gradient_L6_resistant_starch_gapseq	1829	2050	637	bio1	0.639619	1.585514	8.193217
MGYG000002341__gradient_L7_bglucan_gapseq	1829	2050	637	bio1	0.639619	1.583604	8.275679
MGYG000002341__gradient_L8_hmo_gapseq	1829	2050	637	bio1	0.639619	1.497184	8.265314
MGYG000002341__gradient_L9_mos_gapseq	1829	2050	637	bio1	0.639619	1.480725	8.223782
MGYG000002346__gradient_L0_base_gapseq	2033	2281	777	bio1	0.563956	1.684908	10.140579
MGYG000002346__gradient_L1_inulin_gapseq	2033	2281	777	bio1	0.686430	1.697777	10.221382
MGYG000002346__gradient_L2_fos_gapseq	2033	2281	777	bio1	0.686430	1.697161	10.094598
MGYG000002346__gradient_L3_gos_gapseq	2033	2281	777	bio1	0.686430	1.703488	10.144208
MGYG000002346__gradient_L4_xos_gapseq	2033	2281	777	bio1	0.686430	1.713506	10.129166
MGYG000002346__gradient_L5_pectin_gapseq	2033	2281	777	bio1	0.686430	1.703411	10.100373
MGYG000002346__gradient_L6_resistant_starch_gapseq	2033	2281	777	bio1	0.781620	1.697166	10.113065
MGYG000002346__gradient_L7_bglucan_gapseq	2033	2281	777	bio1	0.781620	1.715926	10.055313
MGYG000002346__gradient_L8_hmo_gapseq	2033	2281	777	bio1	0.781620	1.704118	10.032928
MGYG000002346__gradient_L9_mos_gapseq	2033	2281	777	bio1	0.781620	1.722317	10.077998
MGYG000002353__gradient_L0_base_gapseq	1416	1759	499	bio1	0.933620	1.206019	6.015998
MGYG000002353__gradient_L1_inulin_gapseq	1416	1759	499	bio1	1.158915	1.203710	5.985682
MGYG000002353__gradient_L2_fos_gapseq	1416	1759	499	bio1	1.158915	1.219485	5.918372
MGYG000002353__gradient_L3_gos_gapseq	1416	1759	499	bio1	1.406275	1.277941	5.931125
MGYG000002353__gradient_L4_xos_gapseq	1416	1759	499	bio1	1.468114	1.278664	5.948779
MGYG000002353__gradient_L5_pectin_gapseq	1416	1759	499	bio1	1.500180	1.303705	5.914702
MGYG000002353__gradient_L6_resistant_starch_gapseq	1416	1759	499	bio1	2.022383	1.289891	5.924090
MGYG000002353__gradient_L7_bglucan_gapseq	1416	1759	499	bio1	2.194160	1.272846	5.930630
MGYG000002353__gradient_L8_hmo_gapseq	1416	1759	499	bio1	2.194160	1.303726	5.928574
MGYG000002353__gradient_L9_mos_gapseq	1416	1759	499	bio1	2.304098	1.214096	6.003556
MGYG000002364__gradient_L0_base_gapseq	1343	1439	390	bio1	0.200142	1.022389	4.152970
MGYG000002364__gradient_L1_inulin_gapseq	1343	1439	390	bio1	0.327512	1.127087	4.154627
MGYG000002364__gradient_L2_fos_gapseq	1343	1439	390	bio1	0.327512	1.120679	4.169124
MGYG000002364__gradient_L3_gos_gapseq	1343	1439	390	bio1	0.327512	1.040901	4.248545
MGYG000002364__gradient_L4_xos_gapseq	1343	1439	390	bio1	0.327512	1.011897	4.154409
MGYG000002364__gradient_L5_pectin_gapseq	1343	1439	390	bio1	0.327512	1.101615	4.161379
MGYG000002364__gradient_L6_resistant_starch_gapseq	1343	1439	390	bio1	0.327512	1.024653	4.233981
MGYG000002364__gradient_L7_bglucan_gapseq	1343	1439	390	bio1	0.327512	1.028588	4.156141
MGYG000002364__gradient_L8_hmo_gapseq	1343	1439	390	bio1	0.327512	1.083037	4.149188
MGYG000002364__gradient_L9_mos_gapseq	1343	1439	390	bio1	0.327512	1.120885	4.141839
MGYG000002383__gradient_L0_base_gapseq	1528	1844	505	bio1	0.874482	1.268029	6.636167
MGYG000002383__gradient_L1_inulin_gapseq	1528	1844	505	bio1	1.101803	1.277705	6.631506
MGYG000002383__gradient_L2_fos_gapseq	1528	1844	505	bio1	1.101803	1.278566	6.622139
MGYG000002383__gradient_L3_gos_gapseq	1528	1844	505	bio1	1.324486	1.275799	6.670126
MGYG000002383__gradient_L4_xos_gapseq	1528	1844	505	bio1	1.449745	1.261872	6.564527
MGYG000002383__gradient_L5_pectin_gapseq	1528	1844	505	bio1	1.482219	1.283782	6.528994
MGYG000002383__gradient_L6_resistant_starch_gapseq	1528	1844	505	bio1	2.011090	1.346934	6.581617
MGYG000002383__gradient_L7_bglucan_gapseq	1528	1844	505	bio1	2.185060	1.371923	6.547281
MGYG000002383__gradient_L8_hmo_gapseq	1528	1844	505	bio1	2.185060	1.354072	6.605784
MGYG000002383__gradient_L9_mos_gapseq	1528	1844	505	bio1	2.296401	1.357657	6.549029
MGYG000002385__gradient_L0_base_gapseq	2051	2431	894	bio1	1.422820	1.832608	11.332963
MGYG000002385__gradient_L1_inulin_gapseq	2051	2431	894	bio1	1.586319	1.735115	11.305796
MGYG000002385__gradient_L2_fos_gapseq	2051	2431	894	bio1	1.586319	1.771218	11.381801
MGYG000002385__gradient_L3_gos_gapseq	2051	2431	894	bio1	1.682667	1.807223	11.302927
MGYG000002385__gradient_L4_xos_gapseq	2051	2431	894	bio1	1.873902	1.813255	11.301382
MGYG000002385__gradient_L5_pectin_gapseq	2051	2431	894	bio1	1.873902	1.733756	11.286362
MGYG000002385__gradient_L6_resistant_starch_gapseq	2051	2431	894	bio1	2.276100	1.727205	11.424666
MGYG000002385__gradient_L7_bglucan_gapseq	2051	2431	894	bio1	2.276100	1.808048	11.284076
MGYG000002385__gradient_L8_hmo_gapseq	2051	2431	894	bio1	2.276100	1.804709	11.292758
MGYG000002385__gradient_L9_mos_gapseq	2051	2431	894	bio1	2.276100	1.733753	11.278005
MGYG000002387__gradient_L0_base_gapseq	1191	1387	316	bio1	0.387535	1.056854	3.822464
MGYG000002387__gradient_L1_inulin_gapseq	1191	1387	316	bio1	0.546528	0.944959	3.891643
MGYG000002387__gradient_L2_fos_gapseq	1191	1387	316	bio1	0.546528	0.981203	3.804983
MGYG000002387__gradient_L3_gos_gapseq	1191	1387	316	bio1	0.665773	1.070878	3.791212
MGYG000002387__gradient_L4_xos_gapseq	1191	1387	316	bio1	0.665773	1.032203	3.783118
MGYG000002387__gradient_L5_pectin_gapseq	1191	1387	316	bio1	0.665773	0.959522	3.786304
MGYG000002387__gradient_L6_resistant_starch_gapseq	1191	1387	316	bio1	1.025071	1.033016	3.814382
MGYG000002387__gradient_L7_bglucan_gapseq	1191	1387	316	bio1	1.025071	1.034009	3.823835
MGYG000002387__gradient_L8_hmo_gapseq	1191	1387	316	bio1	1.025071	0.973426	3.879113
MGYG000002387__gradient_L9_mos_gapseq	1191	1387	316	bio1	1.102254	0.987310	3.814635
MGYG000002389__gradient_L0_base_gapseq	1385	1663	386	bio1	0.671226	1.216723	5.363701
MGYG000002389__gradient_L1_inulin_gapseq	1385	1663	386	bio1	0.830013	1.218264	5.378746
MGYG000002389__gradient_L2_fos_gapseq	1385	1663	386	bio1	0.830013	1.181042	5.418915
MGYG000002389__gradient_L3_gos_gapseq	1385	1663	386	bio1	0.974365	1.185500	5.433209
MGYG000002389__gradient_L4_xos_gapseq	1385	1663	386	bio1	1.024888	1.168566	5.331092
MGYG000002389__gradient_L5_pectin_gapseq	1385	1663	386	bio1	1.024888	1.220358	5.309958
MGYG000002389__gradient_L6_resistant_starch_gapseq	1385	1663	386	bio1	1.378550	1.212426	5.425554
MGYG000002389__gradient_L7_bglucan_gapseq	1385	1663	386	bio1	1.501249	1.244440	5.326419
MGYG000002389__gradient_L8_hmo_gapseq	1385	1663	386	bio1	1.501249	1.151453	5.412135
MGYG000002389__gradient_L9_mos_gapseq	1385	1663	386	bio1	1.578237	1.190300	5.408804
MGYG000002395__gradient_L0_base_gapseq	1233	1517	346	bio1	0.000000	1.053293	0.057866
MGYG000002395__gradient_L1_inulin_gapseq	1233	1517	346	bio1	0.000000	1.135479	0.058531
MGYG000002395__gradient_L2_fos_gapseq	1233	1517	346	bio1	0.000000	1.044304	0.058742
MGYG000002395__gradient_L3_gos_gapseq	1233	1517	346	bio1	0.836133	1.136745	4.438268
MGYG000002395__gradient_L4_xos_gapseq	1233	1517	346	bio1	0.898325	1.063028	4.524949
MGYG000002395__gradient_L5_pectin_gapseq	1233	1517	346	bio1	0.898325	1.059397	4.516729
MGYG000002395__gradient_L6_resistant_starch_gapseq	1233	1517	346	bio1	1.391730	1.042272	4.434517
MGYG000002395__gradient_L7_bglucan_gapseq	1233	1517	346	bio1	1.559815	1.150668	4.449310
MGYG000002395__gradient_L8_hmo_gapseq	1233	1517	346	bio1	1.559815	1.066317	4.527130
MGYG000002395__gradient_L9_mos_gapseq	1233	1517	346	bio1	1.559815	1.063768	4.498482
MGYG000002399__gradient_L0_base_gapseq	1705	2049	496	bio1	1.107029	1.417580	8.069625
MGYG000002399__gradient_L1_inulin_gapseq	1705	2049	496	bio1	1.370739	1.420303	8.068991
MGYG000002399__gradient_L2_fos_gapseq	1705	2049	496	bio1	1.370739	1.470626	8.018461
MGYG000002399__gradient_L3_gos_gapseq	1705	2049	496	bio1	1.569196	1.418039	8.004395
MGYG000002399__gradient_L4_xos_gapseq	1705	2049	496	bio1	1.650199	1.414602	8.003661
MGYG000002399__gradient_L5_pectin_gapseq	1705	2049	496	bio1	1.650199	1.444532	8.069784
MGYG000002399__gradient_L6_resistant_starch_gapseq	1705	2049	496	bio1	2.233823	1.500209	7.989473
MGYG000002399__gradient_L7_bglucan_gapseq	1705	2049	496	bio1	2.427840	1.554960	7.940180
MGYG000002399__gradient_L8_hmo_gapseq	1705	2049	496	bio1	2.427840	1.505400	7.939909
MGYG000002399__gradient_L9_mos_gapseq	1705	2049	496	bio1	2.552662	1.518407	8.053332
MGYG000002406__gradient_L0_base_gapseq	1656	1954	570	bio1	0.378110	1.395698	7.330060
MGYG000002406__gradient_L1_inulin_gapseq	1656	1954	570	bio1	0.611328	1.380105	7.330797
MGYG000002406__gradient_L2_fos_gapseq	1656	1954	570	bio1	0.611328	1.382180	7.320538
MGYG000002406__gradient_L3_gos_gapseq	1656	1954	570	bio1	0.704139	1.385483	7.312525
MGYG000002406__gradient_L4_xos_gapseq	1656	1954	570	bio1	0.763589	1.389892	7.305114
MGYG000002406__gradient_L5_pectin_gapseq	1656	1954	570	bio1	0.763589	1.385475	7.314438
MGYG000002406__gradient_L6_resistant_starch_gapseq	1656	1954	570	bio1	1.254936	1.375660	7.273416
MGYG000002406__gradient_L7_bglucan_gapseq	1656	1954	570	bio1	1.254936	1.385058	7.293807
MGYG000002406__gradient_L8_hmo_gapseq	1656	1954	570	bio1	1.254936	1.389578	7.404363
MGYG000002406__gradient_L9_mos_gapseq	1656	1954	570	bio1	1.356774	1.398740	7.384498
MGYG000002420__gradient_L0_base_gapseq	1403	1575	406	bio1	0.393784	1.212799	4.905917
MGYG000002420__gradient_L1_inulin_gapseq	1403	1575	406	bio1	0.393784	1.128009	5.005074
MGYG000002420__gradient_L2_fos_gapseq	1403	1575	406	bio1	0.393784	1.126443	4.967895
MGYG000002420__gradient_L3_gos_gapseq	1403	1575	406	bio1	0.393784	1.120371	4.971448
MGYG000002420__gradient_L4_xos_gapseq	1403	1575	406	bio1	0.405947	1.181018	4.974869
MGYG000002420__gradient_L5_pectin_gapseq	1403	1575	406	bio1	0.405947	1.180211	4.938775
MGYG000002420__gradient_L6_resistant_starch_gapseq	1403	1575	406	bio1	0.951763	1.122684	5.010366
MGYG000002420__gradient_L7_bglucan_gapseq	1403	1575	406	bio1	1.127090	1.118993	4.908769
MGYG000002420__gradient_L8_hmo_gapseq	1403	1575	406	bio1	1.127090	1.202256	4.976255
MGYG000002420__gradient_L9_mos_gapseq	1403	1575	406	bio1	1.127090	1.212888	4.966369
MGYG000002423__gradient_L0_base_gapseq	2255	2751	1183	bio1	1.123507	2.086429	14.385312
MGYG000002423__gradient_L1_inulin_gapseq	2255	2751	1183	bio1	1.403225	1.995658	14.415596
MGYG000002423__gradient_L2_fos_gapseq	2255	2751	1183	bio1	1.403225	2.059934	14.459049
MGYG000002423__gradient_L3_gos_gapseq	2255	2751	1183	bio1	1.716861	2.079630	14.392458
MGYG000002423__gradient_L4_xos_gapseq	2255	2751	1183	bio1	1.884134	2.100663	14.376492
MGYG000002423__gradient_L5_pectin_gapseq	2255	2751	1183	bio1	1.925023	2.077307	14.442534
MGYG000002423__gradient_L6_resistant_starch_gapseq	2255	2751	1183	bio1	2.558643	2.007881	14.510689
MGYG000002423__gradient_L7_bglucan_gapseq	2255	2751	1183	bio1	2.758646	2.107359	14.406799
MGYG000002423__gradient_L8_hmo_gapseq	2255	2751	1183	bio1	2.758646	1.978575	14.365862
MGYG000002423__gradient_L9_mos_gapseq	2255	2751	1183	bio1	2.887625	2.089438	14.326377
MGYG000002426__gradient_L0_base_gapseq	1280	1362	346	bio1	0.287388	0.995440	3.933608
MGYG000002426__gradient_L1_inulin_gapseq	1280	1362	346	bio1	0.435422	0.979975	3.869311
MGYG000002426__gradient_L2_fos_gapseq	1280	1362	346	bio1	0.435422	1.033264	3.853603
MGYG000002426__gradient_L3_gos_gapseq	1280	1362	346	bio1	0.435422	1.048131	3.823786
MGYG000002426__gradient_L4_xos_gapseq	1280	1362	346	bio1	0.435422	0.995144	3.834226
MGYG000002426__gradient_L5_pectin_gapseq	1280	1362	346	bio1	0.435422	1.062917	3.833870
MGYG000002426__gradient_L6_resistant_starch_gapseq	1280	1362	346	bio1	0.435422	1.050772	3.821604
MGYG000002426__gradient_L7_bglucan_gapseq	1280	1362	346	bio1	0.435422	0.958426	3.885705
MGYG000002426__gradient_L8_hmo_gapseq	1280	1362	346	bio1	0.435422	0.980117	3.830842
MGYG000002426__gradient_L9_mos_gapseq	1280	1362	346	bio1	0.435422	1.062565	3.829870
MGYG000002431__gradient_L0_base_gapseq	1285	1374	349	bio1	0.287388	0.988100	3.965096
MGYG000002431__gradient_L1_inulin_gapseq	1285	1374	349	bio1	0.435422	0.976585	3.941482
MGYG000002431__gradient_L2_fos_gapseq	1285	1374	349	bio1	0.435422	1.056332	3.910438
MGYG000002431__gradient_L3_gos_gapseq	1285	1374	349	bio1	0.435422	0.993823	3.988730
MGYG000002431__gradient_L4_xos_gapseq	1285	1374	349	bio1	0.435422	0.982998	3.908534
MGYG000002431__gradient_L5_pectin_gapseq	1285	1374	349	bio1	0.435422	1.073596	3.900757
MGYG000002431__gradient_L6_resistant_starch_gapseq	1285	1374	349	bio1	0.435422	0.988201	3.982315
MGYG000002431__gradient_L7_bglucan_gapseq	1285	1374	349	bio1	0.435422	0.975875	3.950678
MGYG000002431__gradient_L8_hmo_gapseq	1285	1374	349	bio1	0.435422	1.077506	3.931025
MGYG000002431__gradient_L9_mos_gapseq	1285	1374	349	bio1	0.435422	0.992148	4.025613
MGYG000002435__gradient_L0_base_gapseq	1265	1369	343	bio1	0.267979	0.994220	3.900157
MGYG000002435__gradient_L1_inulin_gapseq	1265	1369	343	bio1	0.405279	1.033244	3.907060
MGYG000002435__gradient_L2_fos_gapseq	1265	1369	343	bio1	0.405279	1.047974	3.895020
MGYG000002435__gradient_L3_gos_gapseq	1265	1369	343	bio1	0.405279	0.980068	3.913570
MGYG000002435__gradient_L4_xos_gapseq	1265	1369	343	bio1	0.405279	1.049562	3.858973
MGYG000002435__gradient_L5_pectin_gapseq	1265	1369	343	bio1	0.405279	1.058359	3.843194
MGYG000002435__gradient_L6_resistant_starch_gapseq	1265	1369	343	bio1	0.405279	1.014480	3.949559
MGYG000002435__gradient_L7_bglucan_gapseq	1265	1369	343	bio1	0.405279	0.968858	3.872962
MGYG000002435__gradient_L8_hmo_gapseq	1265	1369	343	bio1	0.405279	1.048305	3.841522
MGYG000002435__gradient_L9_mos_gapseq	1265	1369	343	bio1	0.405279	0.972615	3.937063
MGYG000002447__gradient_L0_base_gapseq	1319	1385	383	bio1	0.229282	1.023470	3.934589
MGYG000002447__gradient_L1_inulin_gapseq	1319	1385	383	bio1	0.296972	1.109474	3.925827
MGYG000002447__gradient_L2_fos_gapseq	1319	1385	383	bio1	0.296972	1.022541	4.004521
MGYG000002447__gradient_L3_gos_gapseq	1319	1385	383	bio1	0.296972	1.010392	3.908496
MGYG000002447__gradient_L4_xos_gapseq	1319	1385	383	bio1	0.296972	1.088713	3.902059
MGYG000002447__gradient_L5_pectin_gapseq	1319	1385	383	bio1	0.296972	1.091317	3.937846
MGYG000002447__gradient_L6_resistant_starch_gapseq	1319	1385	383	bio1	0.324814	1.002505	3.896060
MGYG000002447__gradient_L7_bglucan_gapseq	1319	1385	383	bio1	0.324814	1.073163	3.892835
MGYG000002447__gradient_L8_hmo_gapseq	1319	1385	383	bio1	0.324814	1.096540	3.892893
MGYG000002447__gradient_L9_mos_gapseq	1319	1385	383	bio1	0.324814	1.003951	3.973707
MGYG000002448__gradient_L0_base_gapseq	1379	1488	334	bio1	0.000000	1.078422	0.053302
MGYG000002448__gradient_L1_inulin_gapseq	1379	1488	334	bio1	0.000000	1.150817	0.059426
MGYG000002448__gradient_L2_fos_gapseq	1379	1488	334	bio1	0.000000	1.103812	0.058576
MGYG000002448__gradient_L3_gos_gapseq	1379	1488	334	bio1	0.000000	1.173058	0.059497
MGYG000002448__gradient_L4_xos_gapseq	1379	1488	334	bio1	0.674904	1.078698	4.461582
MGYG000002448__gradient_L5_pectin_gapseq	1379	1488	334	bio1	0.674904	1.164116	4.455455
MGYG000002448__gradient_L6_resistant_starch_gapseq	1379	1488	334	bio1	0.674904	1.179206	4.453576
MGYG000002448__gradient_L7_bglucan_gapseq	1379	1488	334	bio1	0.674904	1.090277	4.538445
MGYG000002448__gradient_L8_hmo_gapseq	1379	1488	334	bio1	0.674904	1.087188	4.473448
MGYG000002448__gradient_L9_mos_gapseq	1379	1488	334	bio1	0.674904	1.156536	4.445857
MGYG000002456__gradient_L0_base_gapseq	821	787	208	bio1	0.000000	0.520060	0.019542
MGYG000002456__gradient_L1_inulin_gapseq	821	787	208	bio1	0.000000	0.511267	0.018708
MGYG000002456__gradient_L2_fos_gapseq	821	787	208	bio1	0.000000	0.515434	0.019359
MGYG000002456__gradient_L3_gos_gapseq	821	787	208	bio1	0.000000	0.582063	0.018751
MGYG000002456__gradient_L4_xos_gapseq	821	787	208	bio1	0.000000	0.584569	0.018932
MGYG000002456__gradient_L5_pectin_gapseq	821	787	208	bio1	0.000000	0.516071	0.019672
MGYG000002456__gradient_L6_resistant_starch_gapseq	821	787	208	bio1	0.000000	0.532035	0.018898
MGYG000002456__gradient_L7_bglucan_gapseq	821	787	208	bio1	0.000000	0.596555	0.018812
MGYG000002456__gradient_L8_hmo_gapseq	821	787	208	bio1	0.000000	0.518606	0.018861
MGYG000002456__gradient_L9_mos_gapseq	821	787	208	bio1	0.000000	0.515818	0.018710
MGYG000002461	0	0	0	NONE	0.000000	0.000000	0.000000
MGYG000002463__gradient_L0_base_gapseq	2307	2788	1290	bio1	1.161070	2.145446	14.829532
MGYG000002463__gradient_L1_inulin_gapseq	2307	2788	1290	bio1	1.313401	2.174463	14.825712
MGYG000002463__gradient_L2_fos_gapseq	2307	2788	1290	bio1	1.313401	2.180353	14.756991
MGYG000002463__gradient_L3_gos_gapseq	2307	2788	1290	bio1	1.401417	2.146971	14.824282
MGYG000002463__gradient_L4_xos_gapseq	2307	2788	1290	bio1	1.484151	2.161400	14.725444
MGYG000002463__gradient_L5_pectin_gapseq	2307	2788	1290	bio1	1.493343	2.199798	14.756836
MGYG000002463__gradient_L6_resistant_starch_gapseq	2307	2788	1290	bio1	2.104198	2.173134	14.835684
MGYG000002463__gradient_L7_bglucan_gapseq	2307	2788	1290	bio1	2.104198	2.080508	14.907990
MGYG000002463__gradient_L8_hmo_gapseq	2307	2788	1290	bio1	2.104198	2.165809	14.707318
MGYG000002463__gradient_L9_mos_gapseq	2307	2788	1290	bio1	2.210833	2.173439	14.822376
MGYG000002475__gradient_L0_base_gapseq	1673	1947	698	bio1	0.000000	1.406364	0.090168
MGYG000002475__gradient_L1_inulin_gapseq	1673	1947	698	bio1	0.000000	1.512956	0.090398
MGYG000002475__gradient_L2_fos_gapseq	1673	1947	698	bio1	0.000000	1.563122	0.090225
MGYG000002475__gradient_L3_gos_gapseq	1673	1947	698	bio1	1.401167	1.424160	7.369611
MGYG000002475__gradient_L4_xos_gapseq	1673	1947	698	bio1	1.516748	1.420058	7.456483
MGYG000002475__gradient_L5_pectin_gapseq	1673	1947	698	bio1	1.516748	1.494838	7.345183
MGYG000002475__gradient_L6_resistant_starch_gapseq	1673	1947	698	bio1	2.094658	1.525065	7.250849
MGYG000002475__gradient_L7_bglucan_gapseq	1673	1947	698	bio1	2.094658	1.506694	7.266320
MGYG000002475__gradient_L8_hmo_gapseq	1673	1947	698	bio1	2.228489	1.509437	7.282794
MGYG000002475__gradient_L9_mos_gapseq	1673	1947	698	bio1	2.228489	1.502137	7.273180
MGYG000002476__gradient_L0_base_gapseq	2163	2648	1038	bio1	1.385577	1.969816	13.463661
MGYG000002476__gradient_L1_inulin_gapseq	2163	2648	1038	bio1	1.643761	1.970443	13.391719
MGYG000002476__gradient_L2_fos_gapseq	2163	2648	1038	bio1	1.643761	1.965485	13.378018
MGYG000002476__gradient_L3_gos_gapseq	2163	2648	1038	bio1	1.925416	1.990744	13.464886
MGYG000002476__gradient_L4_xos_gapseq	2163	2648	1038	bio1	2.075632	2.000658	13.398146
MGYG000002476__gradient_L5_pectin_gapseq	2163	2648	1038	bio1	2.110839	1.962774	13.367901
MGYG000002476__gradient_L6_resistant_starch_gapseq	2163	2648	1038	bio1	2.646688	1.964418	13.278255
MGYG000002476__gradient_L7_bglucan_gapseq	2163	2648	1038	bio1	2.822652	1.980744	13.357034
MGYG000002476__gradient_L8_hmo_gapseq	2163	2648	1038	bio1	2.822652	1.970932	13.308383
MGYG000002476__gradient_L9_mos_gapseq	2163	2648	1038	bio1	2.944306	1.972334	13.272511
MGYG000002479__gradient_L0_base_gapseq	1256	1333	306	bio1	0.226120	0.947910	3.829147
MGYG000002479__gradient_L1_inulin_gapseq	1256	1333	306	bio1	0.226120	0.944896	3.694239
MGYG000002479__gradient_L2_fos_gapseq	1256	1333	306	bio1	0.226120	1.028938	3.707191
MGYG000002479__gradient_L3_gos_gapseq	1256	1333	306	bio1	0.226120	0.959334	3.777479
MGYG000002479__gradient_L4_xos_gapseq	1256	1333	306	bio1	0.226120	0.962660	3.718167
MGYG000002479__gradient_L5_pectin_gapseq	1256	1333	306	bio1	0.226120	1.037662	3.694528
MGYG000002479__gradient_L6_resistant_starch_gapseq	1256	1333	306	bio1	0.226120	0.934297	3.786643
MGYG000002479__gradient_L7_bglucan_gapseq	1256	1333	306	bio1	0.226120	0.960407	3.716836
MGYG000002479__gradient_L8_hmo_gapseq	1256	1333	306	bio1	0.226120	0.998661	3.726449
MGYG000002479__gradient_L9_mos_gapseq	1256	1333	306	bio1	0.226120	0.960510	3.813554
MGYG000002480__gradient_L0_base_gapseq	1199	1243	318	bio1	0.000000	0.889016	0.037839
MGYG000002480__gradient_L1_inulin_gapseq	1199	1243	318	bio1	0.000000	0.946229	0.036735
MGYG000002480__gradient_L2_fos_gapseq	1199	1243	318	bio1	0.000000	0.874615	0.037571
MGYG000002480__gradient_L3_gos_gapseq	1199	1243	318	bio1	0.000000	0.865250	0.036538
MGYG000002480__gradient_L4_xos_gapseq	1199	1243	318	bio1	0.000000	0.953829	0.036786
MGYG000002480__gradient_L5_pectin_gapseq	1199	1243	318	bio1	0.517854	0.892932	3.176623
MGYG000002480__gradient_L6_resistant_starch_gapseq	1199	1243	318	bio1	0.517854	0.946662	3.192658
MGYG000002480__gradient_L7_bglucan_gapseq	1199	1243	318	bio1	0.517854	0.875999	3.244744
MGYG000002480__gradient_L8_hmo_gapseq	1199	1243	318	bio1	0.517854	0.887798	3.177060
MGYG000002480__gradient_L9_mos_gapseq	1199	1243	318	bio1	0.517854	0.962799	3.187116
MGYG000002482__gradient_L0_base_gapseq	1112	1230	292	bio1	0.120224	0.878691	3.154697
MGYG000002482__gradient_L1_inulin_gapseq	1112	1230	292	bio1	0.248691	0.909418	3.131109
MGYG000002482__gradient_L2_fos_gapseq	1112	1230	292	bio1	0.248691	0.873412	3.252332
MGYG000002482__gradient_L3_gos_gapseq	1112	1230	292	bio1	0.326117	0.886778	3.134737
MGYG000002482__gradient_L4_xos_gapseq	1112	1230	292	bio1	0.326117	0.904351	3.125119
MGYG000002482__gradient_L5_pectin_gapseq	1112	1230	292	bio1	0.326117	0.879060	3.157866
MGYG000002482__gradient_L6_resistant_starch_gapseq	1112	1230	292	bio1	0.769557	0.910867	3.137912
MGYG000002482__gradient_L7_bglucan_gapseq	1112	1230	292	bio1	0.769557	0.877765	3.207225
MGYG000002482__gradient_L8_hmo_gapseq	1112	1230	292	bio1	0.769557	0.839107	3.140253
MGYG000002482__gradient_L9_mos_gapseq	1112	1230	292	bio1	0.769557	0.932141	3.122693
MGYG000002489__gradient_L0_base_gapseq	1519	1651	433	bio1	0.227797	1.170268	5.522089
MGYG000002489__gradient_L1_inulin_gapseq	1519	1651	433	bio1	0.303732	1.160586	5.530428
MGYG000002489__gradient_L2_fos_gapseq	1519	1651	433	bio1	0.303732	1.211043	5.413999
MGYG000002489__gradient_L3_gos_gapseq	1519	1651	433	bio1	0.303732	1.238122	5.427947
MGYG000002489__gradient_L4_xos_gapseq	1519	1651	433	bio1	0.303732	1.243859	5.510923
MGYG000002489__gradient_L5_pectin_gapseq	1519	1651	433	bio1	0.303732	1.252347	5.425581
MGYG000002489__gradient_L6_resistant_starch_gapseq	1519	1651	433	bio1	0.370176	1.281604	5.413091
MGYG000002489__gradient_L7_bglucan_gapseq	1519	1651	433	bio1	0.370176	1.171342	5.510887
MGYG000002489__gradient_L8_hmo_gapseq	1519	1651	433	bio1	0.370176	1.156422	5.527709
MGYG000002489__gradient_L9_mos_gapseq	1519	1651	433	bio1	0.370176	1.157253	5.434417
MGYG000002505__gradient_L0_base_gapseq	1542	1662	424	bio1	0.219815	1.200032	5.610147
MGYG000002505__gradient_L1_inulin_gapseq	1542	1662	424	bio1	0.320912	1.168973	5.532491
MGYG000002505__gradient_L2_fos_gapseq	1542	1662	424	bio1	0.320912	1.247629	5.526067
MGYG000002505__gradient_L3_gos_gapseq	1542	1662	424	bio1	0.320912	1.245090	5.606475
MGYG000002505__gradient_L4_xos_gapseq	1542	1662	424	bio1	0.320912	1.250402	5.561062
MGYG000002505__gradient_L5_pectin_gapseq	1542	1662	424	bio1	0.320912	1.161058	5.620231
MGYG000002505__gradient_L6_resistant_starch_gapseq	1542	1662	424	bio1	0.693662	1.221868	5.709751
MGYG000002505__gradient_L7_bglucan_gapseq	1542	1662	424	bio1	0.693662	1.177672	5.525973
MGYG000002505__gradient_L8_hmo_gapseq	1542	1662	424	bio1	0.693662	1.245124	5.532375
MGYG000002505__gradient_L9_mos_gapseq	1542	1662	424	bio1	0.693662	1.241816	5.564956
MGYG000002506	0	0	0	NONE	0.000000	0.000000	0.000000
MGYG000002507__gradient_L0_base_gapseq	2237	2777	1207	bio1	1.740524	2.176048	14.695258
MGYG000002507__gradient_L1_inulin_gapseq	2237	2777	1207	bio1	1.901676	2.088936	14.607357
MGYG000002507__gradient_L2_fos_gapseq	2237	2777	1207	bio1	1.901676	2.075248	14.587659
MGYG000002507__gradient_L3_gos_gapseq	2237	2777	1207	bio1	2.238368	2.073553	14.577565
MGYG000002507__gradient_L4_xos_gapseq	2237	2777	1207	bio1	2.417641	2.163528	14.612335
MGYG000002507__gradient_L5_pectin_gapseq	2237	2777	1207	bio1	2.417641	2.014088	14.591472
MGYG000002507__gradient_L6_resistant_starch_gapseq	2237	2777	1207	bio1	3.122809	2.112498	14.584161
MGYG000002507__gradient_L7_bglucan_gapseq	2237	2777	1207	bio1	3.355030	2.014354	14.626618
MGYG000002507__gradient_L8_hmo_gapseq	2237	2777	1207	bio1	3.355030	2.079758	14.516508
MGYG000002507__gradient_L9_mos_gapseq	2237	2777	1207	bio1	3.505567	2.121930	14.516123
MGYG000002516	0	0	0	NONE	0.000000	0.000000	0.000000
MGYG000002517__gradient_L0_base_gapseq	1501	1740	455	bio1	0.000000	1.196847	0.073776
MGYG000002517__gradient_L1_inulin_gapseq	1501	1740	455	bio1	0.000000	1.299568	0.074312
MGYG000002517__gradient_L2_fos_gapseq	1501	1740	455	bio1	0.000000	1.202996	0.074704
MGYG000002517__gradient_L3_gos_gapseq	1501	1740	455	bio1	1.156083	1.315234	5.872690
MGYG000002517__gradient_L4_xos_gapseq	1501	1740	455	bio1	1.192671	1.316149	5.874486
MGYG000002517__gradient_L5_pectin_gapseq	1501	1740	455	bio1	1.228609	1.309042	5.904790
MGYG000002517__gradient_L6_resistant_starch_gapseq	1501	1740	455	bio1	1.769920	1.284125	5.846461
MGYG000002517__gradient_L7_bglucan_gapseq	1501	1740	455	bio1	1.951854	1.203588	6.026986
MGYG000002517__gradient_L8_hmo_gapseq	1501	1740	455	bio1	2.086620	1.200332	5.985786
MGYG000002517__gradient_L9_mos_gapseq	1501	1740	455	bio1	2.176464	1.190265	5.935682
MGYG000002526__gradient_L0_base_gapseq	1963	2464	941	bio1	1.359848	1.773923	11.558195
MGYG000002526__gradient_L1_inulin_gapseq	1963	2464	941	bio1	1.680667	1.857069	11.597120
MGYG000002526__gradient_L2_fos_gapseq	1963	2464	941	bio1	1.680667	1.811359	11.602952
MGYG000002526__gradient_L3_gos_gapseq	1963	2464	941	bio1	2.003073	1.789297	11.607972
MGYG000002526__gradient_L4_xos_gapseq	1963	2464	941	bio1	2.167198	1.835939	11.581487
MGYG000002526__gradient_L5_pectin_gapseq	1963	2464	941	bio1	2.218459	1.787255	11.576447
MGYG000002526__gradient_L6_resistant_starch_gapseq	1963	2464	941	bio1	2.864741	1.838817	11.707425
MGYG000002526__gradient_L7_bglucan_gapseq	1963	2464	941	bio1	3.079652	1.762080	11.662991
MGYG000002526__gradient_L8_hmo_gapseq	1963	2464	941	bio1	3.079652	1.852760	11.659184
MGYG000002526__gradient_L9_mos_gapseq	1963	2464	941	bio1	3.226512	1.758029	11.593064
MGYG000002530__gradient_L0_base_gapseq	1207	1352	311	bio1	0.000000	0.941459	0.044311
MGYG000002530__gradient_L1_inulin_gapseq	1207	1352	311	bio1	0.584016	0.964741	3.814093
MGYG000002530__gradient_L2_fos_gapseq	1207	1352	311	bio1	0.584016	0.947903	3.722651
MGYG000002530__gradient_L3_gos_gapseq	1207	1352	311	bio1	0.927169	1.018921	3.692246
MGYG000002530__gradient_L4_xos_gapseq	1207	1352	311	bio1	0.927169	0.940853	3.784181
MGYG000002530__gradient_L5_pectin_gapseq	1207	1352	311	bio1	0.927169	0.958076	3.704621
MGYG000002530__gradient_L6_resistant_starch_gapseq	1207	1352	311	bio1	1.625347	0.995392	3.685028
MGYG000002530__gradient_L7_bglucan_gapseq	1207	1352	311	bio1	1.869464	0.972502	3.781473
MGYG000002530__gradient_L8_hmo_gapseq	1207	1352	311	bio1	1.869464	0.944520	3.695846
MGYG000002530__gradient_L9_mos_gapseq	1207	1352	311	bio1	2.002998	1.002387	3.706634
MGYG000002532__gradient_L0_base_gapseq	1886	2279	824	bio1	1.246489	1.715535	9.983110
MGYG000002532__gradient_L1_inulin_gapseq	1886	2279	824	bio1	1.387270	1.779636	9.975372
MGYG000002532__gradient_L2_fos_gapseq	1886	2279	824	bio1	1.387270	1.643682	10.118343
MGYG000002532__gradient_L3_gos_gapseq	1886	2279	824	bio1	1.671031	1.698609	9.982038
MGYG000002532__gradient_L4_xos_gapseq	1886	2279	824	bio1	1.833593	1.646031	10.025303
MGYG000002532__gradient_L5_pectin_gapseq	1886	2279	824	bio1	1.833593	1.705066	10.003369
MGYG000002532__gradient_L6_resistant_starch_gapseq	1886	2279	824	bio1	2.417086	1.636775	10.001298
MGYG000002532__gradient_L7_bglucan_gapseq	1886	2279	824	bio1	2.599399	1.706359	10.109139
MGYG000002532__gradient_L8_hmo_gapseq	1886	2279	824	bio1	2.599399	1.633240	10.047880
MGYG000002532__gradient_L9_mos_gapseq	1886	2279	824	bio1	2.694390	1.714698	10.040077
MGYG000002535__gradient_L0_base_gapseq	2354	2900	1305	bio1	1.856593	2.158017	15.929866
MGYG000002535__gradient_L1_inulin_gapseq	2354	2900	1305	bio1	2.188791	2.178474	15.912388
MGYG000002535__gradient_L2_fos_gapseq	2354	2900	1305	bio1	2.188791	2.180638	15.905087
MGYG000002535__gradient_L3_gos_gapseq	2354	2900	1305	bio1	2.538196	2.207410	15.948541
MGYG000002535__gradient_L4_xos_gapseq	2354	2900	1305	bio1	2.716706	2.200061	15.965607
MGYG000002535__gradient_L5_pectin_gapseq	2354	2900	1305	bio1	2.769850	2.165643	15.915508
MGYG000002535__gradient_L6_resistant_starch_gapseq	2354	2900	1305	bio1	3.477206	2.181547	15.907134
MGYG000002535__gradient_L7_bglucan_gapseq	2354	2900	1305	bio1	3.709005	2.185006	15.969799
MGYG000002535__gradient_L8_hmo_gapseq	2354	2900	1305	bio1	3.709005	2.189039	15.910079
MGYG000002535__gradient_L9_mos_gapseq	2354	2900	1305	bio1	3.859507	2.197268	15.947379
MGYG000002542__gradient_L0_base_gapseq	1525	1823	496	bio1	0.471106	1.321470	6.362047
MGYG000002542__gradient_L1_inulin_gapseq	1525	1823	496	bio1	0.640708	1.374281	6.348920
MGYG000002542__gradient_L2_fos_gapseq	1525	1823	496	bio1	0.640708	1.346125	6.342295
MGYG000002542__gradient_L3_gos_gapseq	1525	1823	496	bio1	0.803243	1.351987	6.398935
MGYG000002542__gradient_L4_xos_gapseq	1525	1823	496	bio1	0.904667	1.402500	6.362495
MGYG000002542__gradient_L5_pectin_gapseq	1525	1823	496	bio1	0.904667	1.354210	6.367059
MGYG000002542__gradient_L6_resistant_starch_gapseq	1525	1823	496	bio1	1.238737	1.351120	6.406887
MGYG000002542__gradient_L7_bglucan_gapseq	1525	1823	496	bio1	1.238737	1.341851	6.386932
MGYG000002542__gradient_L8_hmo_gapseq	1525	1823	496	bio1	1.238737	1.356196	6.416118
MGYG000002542__gradient_L9_mos_gapseq	1525	1823	496	bio1	1.306267	1.426942	6.346380
MGYG000002544__gradient_L0_base_gapseq	1424	1507	424	bio1	0.000000	1.192263	0.055665
MGYG000002544__gradient_L1_inulin_gapseq	1424	1507	424	bio1	0.644501	1.143272	4.528288
MGYG000002544__gradient_L2_fos_gapseq	1424	1507	424	bio1	0.644501	1.203937	4.557556
MGYG000002544__gradient_L3_gos_gapseq	1424	1507	424	bio1	0.777098	1.264963	4.583586
MGYG000002544__gradient_L4_xos_gapseq	1424	1507	424	bio1	0.777098	1.118626	4.641586
MGYG000002544__gradient_L5_pectin_gapseq	1424	1507	424	bio1	0.777098	1.103015	4.570965
MGYG000002544__gradient_L6_resistant_starch_gapseq	1424	1507	424	bio1	0.919604	1.170134	4.605641
MGYG000002544__gradient_L7_bglucan_gapseq	1424	1507	424	bio1	0.919604	1.216476	4.563240
MGYG000002544__gradient_L8_hmo_gapseq	1424	1507	424	bio1	0.919604	1.140224	4.648120
MGYG000002544__gradient_L9_mos_gapseq	1424	1507	424	bio1	0.919604	1.111324	4.648666
MGYG000002558__gradient_L0_base_gapseq	1461	1636	380	bio1	0.297075	1.236960	5.301491
MGYG000002558__gradient_L1_inulin_gapseq	1461	1636	380	bio1	0.391798	1.218099	5.350604
MGYG000002558__gradient_L2_fos_gapseq	1461	1636	380	bio1	0.391798	1.231850	5.264356
MGYG000002558__gradient_L3_gos_gapseq	1461	1636	380	bio1	0.462841	1.175965	5.347372
MGYG000002558__gradient_L4_xos_gapseq	1461	1636	380	bio1	0.552363	1.163947	5.390955
MGYG000002558__gradient_L5_pectin_gapseq	1461	1636	380	bio1	0.584318	1.122808	5.266690
MGYG000002558__gradient_L6_resistant_starch_gapseq	1461	1636	380	bio1	0.842244	1.249037	5.315293
MGYG000002558__gradient_L7_bglucan_gapseq	1461	1636	380	bio1	0.999739	1.227606	5.288332
MGYG000002558__gradient_L8_hmo_gapseq	1461	1636	380	bio1	0.999739	1.242031	5.296616
MGYG000002558__gradient_L9_mos_gapseq	1461	1636	380	bio1	1.100170	1.180003	5.396432
MGYG000002581__gradient_L0_base_gapseq	892	847	130	bio1	0.000000	0.589778	0.018323
MGYG000002581__gradient_L1_inulin_gapseq	892	847	130	bio1	0.000000	0.574798	0.022519
MGYG000002581__gradient_L2_fos_gapseq	892	847	130	bio1	0.000000	0.594258	0.022566
MGYG000002581__gradient_L3_gos_gapseq	892	847	130	bio1	0.000000	0.658065	0.023839
MGYG000002581__gradient_L4_xos_gapseq	892	847	130	bio1	0.000000	0.602724	0.023612
MGYG000002581__gradient_L5_pectin_gapseq	892	847	130	bio1	0.000000	0.637194	0.023700
MGYG000002581__gradient_L6_resistant_starch_gapseq	892	847	130	bio1	0.000000	0.632291	0.022675
MGYG000002581__gradient_L7_bglucan_gapseq	892	847	130	bio1	0.000000	0.696869	0.022900
MGYG000002581__gradient_L8_hmo_gapseq	892	847	130	bio1	0.000000	0.622704	0.022581
MGYG000002581__gradient_L9_mos_gapseq	892	847	130	bio1	0.000000	0.586881	0.022813
MGYG000002584__gradient_L0_base_gapseq	1313	1466	384	bio1	0.366686	1.114876	4.306605
MGYG000002584__gradient_L1_inulin_gapseq	1313	1466	384	bio1	0.455582	1.033727	4.427671
MGYG000002584__gradient_L2_fos_gapseq	1313	1466	384	bio1	0.455582	1.031313	4.350883
MGYG000002584__gradient_L3_gos_gapseq	1313	1466	384	bio1	0.516004	1.124840	4.296136
MGYG000002584__gradient_L4_xos_gapseq	1313	1466	384	bio1	0.626621	1.124638	4.292810
MGYG000002584__gradient_L5_pectin_gapseq	1313	1466	384	bio1	0.626621	1.024652	4.380352
MGYG000002584__gradient_L6_resistant_starch_gapseq	1313	1466	384	bio1	0.859106	1.035633	4.350440
MGYG000002584__gradient_L7_bglucan_gapseq	1313	1466	384	bio1	0.859106	1.118083	4.344613
MGYG000002584__gradient_L8_hmo_gapseq	1313	1466	384	bio1	0.859106	1.119258	4.340554
MGYG000002584__gradient_L9_mos_gapseq	1313	1466	384	bio1	0.946969	1.035427	4.441883
MGYG000002591__gradient_L0_base_gapseq	1274	1327	308	bio1	0.197888	0.989027	3.522373
MGYG000002591__gradient_L1_inulin_gapseq	1274	1327	308	bio1	0.267756	1.023020	3.517591
MGYG000002591__gradient_L2_fos_gapseq	1274	1327	308	bio1	0.267756	0.956451	3.594696
MGYG000002591__gradient_L3_gos_gapseq	1274	1327	308	bio1	0.267756	0.965220	3.534315
MGYG000002591__gradient_L4_xos_gapseq	1274	1327	308	bio1	0.267756	0.993227	3.538458
MGYG000002591__gradient_L5_pectin_gapseq	1274	1327	308	bio1	0.267756	0.990358	3.609484
MGYG000002591__gradient_L6_resistant_starch_gapseq	1274	1327	308	bio1	0.267756	0.955346	3.504405
MGYG000002591__gradient_L7_bglucan_gapseq	1274	1327	308	bio1	0.267756	1.029410	3.504765
MGYG000002591__gradient_L8_hmo_gapseq	1274	1327	308	bio1	0.267756	0.960947	3.585137
MGYG000002591__gradient_L9_mos_gapseq	1274	1327	308	bio1	0.267756	0.971807	3.505198
MGYG000002623__gradient_L0_base_gapseq	1425	1649	388	bio1	0.489129	1.235183	5.438703
MGYG000002623__gradient_L1_inulin_gapseq	1425	1649	388	bio1	0.656303	1.272251	5.411651
MGYG000002623__gradient_L2_fos_gapseq	1425	1649	388	bio1	0.656303	1.268641	5.445121
MGYG000002623__gradient_L3_gos_gapseq	1425	1649	388	bio1	0.942511	1.195056	5.459640
MGYG000002623__gradient_L4_xos_gapseq	1425	1649	388	bio1	1.001071	1.190326	5.473020
MGYG000002623__gradient_L5_pectin_gapseq	1425	1649	388	bio1	1.001071	1.187153	5.386459
MGYG000002623__gradient_L6_resistant_starch_gapseq	1425	1649	388	bio1	1.530243	1.305889	5.401528
MGYG000002623__gradient_L7_bglucan_gapseq	1425	1649	388	bio1	1.530243	1.263773	5.360276
MGYG000002623__gradient_L8_hmo_gapseq	1425	1649	388	bio1	1.530243	1.268407	5.373303
MGYG000002623__gradient_L9_mos_gapseq	1425	1649	388	bio1	1.530243	1.165498	5.458963
MGYG000002634__gradient_L0_base_gapseq	1527	1822	543	bio1	1.048831	1.245415	6.442557
MGYG000002634__gradient_L1_inulin_gapseq	1527	1822	543	bio1	1.270613	1.265766	6.410262
MGYG000002634__gradient_L2_fos_gapseq	1527	1822	543	bio1	1.270613	1.335265	6.483266
MGYG000002634__gradient_L3_gos_gapseq	1527	1822	543	bio1	1.464672	1.331997	6.441338
MGYG000002634__gradient_L4_xos_gapseq	1527	1822	543	bio1	1.464672	1.351910	6.458477
MGYG000002634__gradient_L5_pectin_gapseq	1527	1822	543	bio1	1.464672	1.339200	6.406873
MGYG000002634__gradient_L6_resistant_starch_gapseq	1527	1822	543	bio1	1.938267	1.343528	6.426270
MGYG000002634__gradient_L7_bglucan_gapseq	1527	1822	543	bio1	1.938267	1.342581	6.423463
MGYG000002634__gradient_L8_hmo_gapseq	1527	1822	543	bio1	1.938267	1.351960	6.392251
MGYG000002634__gradient_L9_mos_gapseq	1527	1822	543	bio1	2.049158	1.354303	6.358182
MGYG000002648__gradient_L0_base_gapseq	1106	1189	226	bio1	0.208479	0.821322	2.920650
MGYG000002648__gradient_L1_inulin_gapseq	1106	1189	226	bio1	0.317255	0.897006	2.923093
MGYG000002648__gradient_L2_fos_gapseq	1106	1189	226	bio1	0.317255	0.834206	2.904875
MGYG000002648__gradient_L3_gos_gapseq	1106	1189	226	bio1	0.317255	0.891928	2.901011
MGYG000002648__gradient_L4_xos_gapseq	1106	1189	226	bio1	0.317255	0.819546	2.973533
MGYG000002648__gradient_L5_pectin_gapseq	1106	1189	226	bio1	0.317255	0.835502	2.910218
MGYG000002648__gradient_L6_resistant_starch_gapseq	1106	1189	226	bio1	0.781822	0.889324	2.891116
MGYG000002648__gradient_L7_bglucan_gapseq	1106	1189	226	bio1	0.781822	0.836695	2.903544
MGYG000002648__gradient_L8_hmo_gapseq	1106	1189	226	bio1	0.781822	0.881634	2.893844
MGYG000002648__gradient_L9_mos_gapseq	1106	1189	226	bio1	0.781822	0.826696	2.911350
MGYG000002653__gradient_L0_base_gapseq	1354	1565	399	bio1	0.408517	1.134336	4.933819
MGYG000002653__gradient_L1_inulin_gapseq	1354	1565	399	bio1	0.520145	1.096867	4.932421
MGYG000002653__gradient_L2_fos_gapseq	1354	1565	399	bio1	0.520145	1.095574	4.842901
MGYG000002653__gradient_L3_gos_gapseq	1354	1565	399	bio1	0.743178	1.174913	4.838782
MGYG000002653__gradient_L4_xos_gapseq	1354	1565	399	bio1	0.804920	1.155159	4.862817
MGYG000002653__gradient_L5_pectin_gapseq	1354	1565	399	bio1	0.804920	1.140394	4.893869
MGYG000002653__gradient_L6_resistant_starch_gapseq	1354	1565	399	bio1	1.264553	1.114399	4.912143
MGYG000002653__gradient_L7_bglucan_gapseq	1354	1565	399	bio1	1.422337	1.114754	4.839971
MGYG000002653__gradient_L8_hmo_gapseq	1354	1565	399	bio1	1.422337	1.219031	4.793297
MGYG000002653__gradient_L9_mos_gapseq	1354	1565	399	bio1	1.522953	1.196640	4.785102
MGYG000002664__gradient_L0_base_gapseq	1127	1176	220	bio1	0.300638	0.906648	2.938210
MGYG000002664__gradient_L1_inulin_gapseq	1127	1176	220	bio1	0.300638	0.846283	3.001496
MGYG000002664__gradient_L2_fos_gapseq	1127	1176	220	bio1	0.300638	0.843607	2.955133
MGYG000002664__gradient_L3_gos_gapseq	1127	1176	220	bio1	0.300638	0.890653	2.941451
MGYG000002664__gradient_L4_xos_gapseq	1127	1176	220	bio1	0.300638	0.833141	2.957261
MGYG000002664__gradient_L5_pectin_gapseq	1127	1176	220	bio1	0.300638	0.892960	2.971167
MGYG000002664__gradient_L6_resistant_starch_gapseq	1127	1176	220	bio1	0.409373	0.837505	2.938906
MGYG000002664__gradient_L7_bglucan_gapseq	1127	1176	220	bio1	0.409373	0.913020	2.956325
MGYG000002664__gradient_L8_hmo_gapseq	1127	1176	220	bio1	0.409373	0.821797	3.031913
MGYG000002664__gradient_L9_mos_gapseq	1127	1176	220	bio1	0.491978	0.833343	2.954145
MGYG000002689__gradient_L0_base_gapseq	986	995	216	bio1	0.000000	0.700979	0.028100
MGYG000002689__gradient_L1_inulin_gapseq	986	995	216	bio1	0.000000	0.772777	0.028183
MGYG000002689__gradient_L2_fos_gapseq	986	995	216	bio1	0.000000	0.704596	0.028810
MGYG000002689__gradient_L3_gos_gapseq	986	995	216	bio1	0.000000	0.697594	0.027919
MGYG000002689__gradient_L4_xos_gapseq	986	995	216	bio1	0.000000	0.708448	0.107635
MGYG000002689__gradient_L5_pectin_gapseq	986	995	216	bio1	0.000000	0.700274	0.027952
MGYG000002689__gradient_L6_resistant_starch_gapseq	986	995	216	bio1	0.000000	0.843612	0.027849
MGYG000002689__gradient_L7_bglucan_gapseq	986	995	216	bio1	0.000000	0.731829	0.027902
MGYG000002689__gradient_L8_hmo_gapseq	986	995	216	bio1	0.000000	0.837911	0.028021
MGYG000002689__gradient_L9_mos_gapseq	986	995	216	bio1	0.000000	0.696674	0.028977
MGYG000002715__gradient_L0_base_gapseq	1167	1248	278	bio1	0.000000	0.951206	0.045758
MGYG000002715__gradient_L1_inulin_gapseq	1167	1248	278	bio1	0.000000	0.857954	0.047920
MGYG000002715__gradient_L2_fos_gapseq	1167	1248	278	bio1	0.000000	0.870430	0.047310
MGYG000002715__gradient_L3_gos_gapseq	1167	1248	278	bio1	0.000000	0.962215	0.049739
MGYG000002715__gradient_L4_xos_gapseq	1167	1248	278	bio1	0.000000	0.875764	0.048950
MGYG000002715__gradient_L5_pectin_gapseq	1167	1248	278	bio1	0.000000	0.945378	0.049556
MGYG000002715__gradient_L6_resistant_starch_gapseq	1167	1248	278	bio1	0.000000	0.881017	0.049078
MGYG000002715__gradient_L7_bglucan_gapseq	1167	1248	278	bio1	0.000000	0.884064	0.049309
MGYG000002715__gradient_L8_hmo_gapseq	1167	1248	278	bio1	0.000000	0.951559	0.049173
MGYG000002715__gradient_L9_mos_gapseq	1167	1248	278	bio1	0.000000	0.872884	0.049561
MGYG000002722__gradient_L0_base_gapseq	1216	1324	273	bio1	0.464425	1.015141	3.633857
MGYG000002722__gradient_L1_inulin_gapseq	1216	1324	273	bio1	0.464425	0.964355	3.647275
MGYG000002722__gradient_L2_fos_gapseq	1216	1324	273	bio1	0.464425	1.046917	3.629736
MGYG000002722__gradient_L3_gos_gapseq	1216	1324	273	bio1	0.464425	0.950675	3.720485
MGYG000002722__gradient_L4_xos_gapseq	1216	1324	273	bio1	0.464425	0.960613	3.648231
MGYG000002722__gradient_L5_pectin_gapseq	1216	1324	273	bio1	0.490142	1.015688	3.666223
MGYG000002722__gradient_L6_resistant_starch_gapseq	1216	1324	273	bio1	0.716185	0.929432	3.708011
MGYG000002722__gradient_L7_bglucan_gapseq	1216	1324	273	bio1	0.716185	0.931576	3.621720
MGYG000002722__gradient_L8_hmo_gapseq	1216	1324	273	bio1	0.716185	1.015641	3.622544
MGYG000002722__gradient_L9_mos_gapseq	1216	1324	273	bio1	0.716185	0.932365	3.705742
MGYG000002723__gradient_L0_base_gapseq	1065	1117	245	bio1	0.000000	0.858155	0.038345
MGYG000002723__gradient_L1_inulin_gapseq	1065	1117	245	bio1	0.000000	0.760549	0.038298
MGYG000002723__gradient_L2_fos_gapseq	1065	1117	245	bio1	0.000000	0.760206	0.038431
MGYG000002723__gradient_L3_gos_gapseq	1065	1117	245	bio1	0.000000	0.852278	0.037815
MGYG000002723__gradient_L4_xos_gapseq	1065	1117	245	bio1	0.000000	0.771783	0.037869
MGYG000002723__gradient_L5_pectin_gapseq	1065	1117	245	bio1	0.000000	0.922327	0.037567
MGYG000002723__gradient_L6_resistant_starch_gapseq	1065	1117	245	bio1	0.409877	0.918065	2.534612
MGYG000002723__gradient_L7_bglucan_gapseq	1065	1117	245	bio1	0.612631	0.762044	2.517082
MGYG000002723__gradient_L8_hmo_gapseq	1065	1117	245	bio1	0.612631	0.901963	2.526675
MGYG000002723__gradient_L9_mos_gapseq	1065	1117	245	bio1	0.717279	0.865520	2.510096
MGYG000002734__gradient_L0_base_gapseq	1121	1257	281	bio1	0.792373	0.922761	3.204182
MGYG000002734__gradient_L1_inulin_gapseq	1121	1257	281	bio1	1.079074	0.858844	3.286520
MGYG000002734__gradient_L2_fos_gapseq	1121	1257	281	bio1	1.079074	0.871927	3.217190
MGYG000002734__gradient_L3_gos_gapseq	1121	1257	281	bio1	1.341200	0.928121	3.238365
MGYG000002734__gradient_L4_xos_gapseq	1121	1257	281	bio1	1.341200	0.877123	3.301669
MGYG000002734__gradient_L5_pectin_gapseq	1121	1257	281	bio1	1.341200	0.868963	3.224157
MGYG000002734__gradient_L6_resistant_starch_gapseq	1121	1257	281	bio1	1.946274	0.855976	3.294124
MGYG000002734__gradient_L7_bglucan_gapseq	1121	1257	281	bio1	1.946274	0.866490	3.235821
MGYG000002734__gradient_L8_hmo_gapseq	1121	1257	281	bio1	1.946274	0.909597	3.224135
MGYG000002734__gradient_L9_mos_gapseq	1121	1257	281	bio1	1.946274	0.862454	3.305632
MGYG000002741__gradient_L0_base_gapseq	1030	1155	300	bio1	0.807249	0.789560	2.747550
MGYG000002741__gradient_L1_inulin_gapseq	1030	1155	300	bio1	1.094648	0.802109	2.828750
MGYG000002741__gradient_L2_fos_gapseq	1030	1155	300	bio1	1.094648	0.807073	2.746537
MGYG000002741__gradient_L3_gos_gapseq	1030	1155	300	bio1	1.305244	0.835173	2.760398
MGYG000002741__gradient_L4_xos_gapseq	1030	1155	300	bio1	1.305244	0.798019	2.766205
MGYG000002741__gradient_L5_pectin_gapseq	1030	1155	300	bio1	1.305244	0.837225	2.752210
MGYG000002741__gradient_L6_resistant_starch_gapseq	1030	1155	300	bio1	1.912899	0.802846	2.832795
MGYG000002741__gradient_L7_bglucan_gapseq	1030	1155	300	bio1	1.912899	0.786535	2.786988
MGYG000002741__gradient_L8_hmo_gapseq	1030	1155	300	bio1	1.912899	0.782175	2.847914
MGYG000002741__gradient_L9_mos_gapseq	1030	1155	300	bio1	2.053296	0.797215	2.797131
MGYG000002747__gradient_L0_base_gapseq	1135	1274	307	bio1	0.720031	0.871428	3.313925
MGYG000002747__gradient_L1_inulin_gapseq	1135	1274	307	bio1	1.013599	0.939897	3.274928
MGYG000002747__gradient_L2_fos_gapseq	1135	1274	307	bio1	1.013599	0.855954	3.281336
MGYG000002747__gradient_L3_gos_gapseq	1135	1274	307	bio1	1.303830	0.959881	3.296701
MGYG000002747__gradient_L4_xos_gapseq	1135	1274	307	bio1	1.303830	0.881835	3.351170
MGYG000002747__gradient_L5_pectin_gapseq	1135	1274	307	bio1	1.303830	0.876756	3.286674
MGYG000002747__gradient_L6_resistant_starch_gapseq	1135	1274	307	bio1	1.912875	0.939534	3.290198
MGYG000002747__gradient_L7_bglucan_gapseq	1135	1274	307	bio1	1.912875	0.846917	3.291083
MGYG000002747__gradient_L8_hmo_gapseq	1135	1274	307	bio1	1.912875	0.940706	3.277024
MGYG000002747__gradient_L9_mos_gapseq	1135	1274	307	bio1	2.053593	0.882478	3.363911
MGYG000002748__gradient_L0_base_gapseq	1165	1233	296	bio1	0.179641	0.936601	3.127129
MGYG000002748__gradient_L1_inulin_gapseq	1165	1233	296	bio1	0.299408	0.874971	3.123616
MGYG000002748__gradient_L2_fos_gapseq	1165	1233	296	bio1	0.299408	0.945489	3.154546
MGYG000002748__gradient_L3_gos_gapseq	1165	1233	296	bio1	0.444510	0.856182	3.202788
MGYG000002748__gradient_L4_xos_gapseq	1165	1233	296	bio1	0.444510	0.862477	3.125581
MGYG000002748__gradient_L5_pectin_gapseq	1165	1233	296	bio1	0.444510	0.915500	3.160827
MGYG000002748__gradient_L6_resistant_starch_gapseq	1165	1233	296	bio1	0.755444	0.858983	3.208051
MGYG000002748__gradient_L7_bglucan_gapseq	1165	1233	296	bio1	0.755444	0.870917	3.147138
MGYG000002748__gradient_L8_hmo_gapseq	1165	1233	296	bio1	0.755444	0.932829	3.151194
MGYG000002748__gradient_L9_mos_gapseq	1165	1233	296	bio1	0.764656	0.862059	3.135988
MGYG000002754__gradient_L0_base_gapseq	1159	1290	315	bio1	0.727385	0.894629	3.398119
MGYG000002754__gradient_L1_inulin_gapseq	1159	1290	315	bio1	1.017023	0.952047	3.378434
MGYG000002754__gradient_L2_fos_gapseq	1159	1290	315	bio1	1.017023	0.902144	3.465605
MGYG000002754__gradient_L3_gos_gapseq	1159	1290	315	bio1	1.328491	0.900469	3.398716
MGYG000002754__gradient_L4_xos_gapseq	1159	1290	315	bio1	1.328491	0.964994	3.402089
MGYG000002754__gradient_L5_pectin_gapseq	1159	1290	315	bio1	1.328491	0.887922	3.404494
MGYG000002754__gradient_L6_resistant_starch_gapseq	1159	1290	315	bio1	1.944897	0.956583	3.383317
MGYG000002754__gradient_L7_bglucan_gapseq	1159	1290	315	bio1	1.944897	0.901379	3.449394
MGYG000002754__gradient_L8_hmo_gapseq	1159	1290	315	bio1	1.944897	0.887915	3.385431
MGYG000002754__gradient_L9_mos_gapseq	1159	1290	315	bio1	2.087316	0.948169	3.372903
MGYG000002755__gradient_L0_base_gapseq	1145	1247	305	bio1	0.748612	0.943506	3.172584
MGYG000002755__gradient_L1_inulin_gapseq	1145	1247	305	bio1	1.033802	0.884809	3.250365
MGYG000002755__gradient_L2_fos_gapseq	1145	1247	305	bio1	1.033802	0.884578	3.192433
MGYG000002755__gradient_L3_gos_gapseq	1145	1247	305	bio1	1.327903	0.921131	3.206252
MGYG000002755__gradient_L4_xos_gapseq	1145	1247	305	bio1	1.327903	0.883034	3.194234
MGYG000002755__gradient_L5_pectin_gapseq	1145	1247	305	bio1	1.327903	0.924983	3.209959
MGYG000002755__gradient_L6_resistant_starch_gapseq	1145	1247	305	bio1	1.677706	0.886224	3.260530
MGYG000002755__gradient_L7_bglucan_gapseq	1145	1247	305	bio1	1.677706	0.868211	3.204391
MGYG000002755__gradient_L8_hmo_gapseq	1145	1247	305	bio1	1.677706	0.935934	3.184881
MGYG000002755__gradient_L9_mos_gapseq	1145	1247	305	bio1	1.820301	0.914093	3.204852
MGYG000002770__gradient_L0_base_gapseq	1333	1495	373	bio1	0.694822	1.048019	4.481830
MGYG000002770__gradient_L1_inulin_gapseq	1333	1495	373	bio1	0.917168	1.057600	4.403370
MGYG000002770__gradient_L2_fos_gapseq	1333	1495	373	bio1	0.917168	1.124531	4.399295
MGYG000002770__gradient_L3_gos_gapseq	1333	1495	373	bio1	1.127601	1.130221	4.458752
MGYG000002770__gradient_L4_xos_gapseq	1333	1495	373	bio1	1.127601	1.058188	4.478281
MGYG000002770__gradient_L5_pectin_gapseq	1333	1495	373	bio1	1.127601	1.058999	4.420289
MGYG000002770__gradient_L6_resistant_starch_gapseq	1333	1495	373	bio1	1.585344	1.096368	4.400999
MGYG000002770__gradient_L7_bglucan_gapseq	1333	1495	373	bio1	1.739414	1.129335	4.404914
MGYG000002770__gradient_L8_hmo_gapseq	1333	1495	373	bio1	1.739414	1.060143	4.478354
MGYG000002770__gradient_L9_mos_gapseq	1333	1495	373	bio1	1.846593	1.057158	4.486588
MGYG000002782__gradient_L0_base_gapseq	1229	1321	319	bio1	0.558912	0.999937	3.546179
MGYG000002782__gradient_L1_inulin_gapseq	1229	1321	319	bio1	0.774234	0.954084	3.589235
MGYG000002782__gradient_L2_fos_gapseq	1229	1321	319	bio1	0.774234	0.952482	3.516974
MGYG000002782__gradient_L3_gos_gapseq	1229	1321	319	bio1	0.774234	1.022170	3.503311
MGYG000002782__gradient_L4_xos_gapseq	1229	1321	319	bio1	0.774234	0.951290	3.576837
MGYG000002782__gradient_L5_pectin_gapseq	1229	1321	319	bio1	0.774234	0.942910	3.514192
MGYG000002782__gradient_L6_resistant_starch_gapseq	1229	1321	319	bio1	1.237110	0.990348	3.523702
MGYG000002782__gradient_L7_bglucan_gapseq	1229	1321	319	bio1	1.237110	0.944215	3.596963
MGYG000002782__gradient_L8_hmo_gapseq	1229	1321	319	bio1	1.237110	0.950585	3.518293
MGYG000002782__gradient_L9_mos_gapseq	1229	1321	319	bio1	1.344105	1.016870	3.516145
MGYG000002783__gradient_L0_base_gapseq	1192	1294	272	bio1	0.000000	0.892080	0.043863
MGYG000002783__gradient_L1_inulin_gapseq	1192	1294	272	bio1	0.000000	0.891099	0.044456
MGYG000002783__gradient_L2_fos_gapseq	1192	1294	272	bio1	0.000000	1.006975	0.044443
MGYG000002783__gradient_L3_gos_gapseq	1192	1294	272	bio1	0.131110	0.902424	3.492315
MGYG000002783__gradient_L4_xos_gapseq	1192	1294	272	bio1	0.131110	0.983503	3.484425
MGYG000002783__gradient_L5_pectin_gapseq	1192	1294	272	bio1	0.131110	0.911715	3.574844
MGYG000002783__gradient_L6_resistant_starch_gapseq	1192	1294	272	bio1	0.131110	0.907948	3.480706
MGYG000002783__gradient_L7_bglucan_gapseq	1192	1294	272	bio1	0.131110	0.995931	3.484328
MGYG000002783__gradient_L8_hmo_gapseq	1192	1294	272	bio1	0.131110	0.913705	3.566516
MGYG000002783__gradient_L9_mos_gapseq	1192	1294	272	bio1	0.131110	0.905041	3.507941
MGYG000002798__gradient_L0_base_gapseq	922	863	108	bio1	0.000000	0.620171	0.019191
MGYG000002798__gradient_L1_inulin_gapseq	922	863	108	bio1	0.000000	0.593141	0.023754
MGYG000002798__gradient_L2_fos_gapseq	922	863	108	bio1	0.000000	0.673804	0.023178
MGYG000002798__gradient_L3_gos_gapseq	922	863	108	bio1	0.000000	0.599493	0.023219
MGYG000002798__gradient_L4_xos_gapseq	922	863	108	bio1	0.000000	0.599577	0.023008
MGYG000002798__gradient_L5_pectin_gapseq	922	863	108	bio1	0.000000	0.673473	0.023437
MGYG000002798__gradient_L6_resistant_starch_gapseq	922	863	108	bio1	0.000000	0.599717	0.023183
MGYG000002798__gradient_L7_bglucan_gapseq	922	863	108	bio1	0.000000	0.692529	0.023586
MGYG000002798__gradient_L8_hmo_gapseq	922	863	108	bio1	0.000000	0.626219	0.023321
MGYG000002798__gradient_L9_mos_gapseq	922	863	108	bio1	0.000000	0.737648	0.024193
MGYG000002803__gradient_L0_base_gapseq	1131	1199	211	bio1	0.000000	0.835652	0.037110
MGYG000002803__gradient_L1_inulin_gapseq	1131	1199	211	bio1	0.000000	0.843893	0.038120
MGYG000002803__gradient_L2_fos_gapseq	1131	1199	211	bio1	0.000000	0.940159	0.038268
MGYG000002803__gradient_L3_gos_gapseq	1131	1199	211	bio1	0.000000	0.835833	0.038763
MGYG000002803__gradient_L4_xos_gapseq	1131	1199	211	bio1	0.000000	0.834193	0.132183
MGYG000002803__gradient_L5_pectin_gapseq	1131	1199	211	bio1	0.000000	0.840159	0.038289
MGYG000002803__gradient_L6_resistant_starch_gapseq	1131	1199	211	bio1	0.000000	0.839807	0.038425
MGYG000002803__gradient_L7_bglucan_gapseq	1131	1199	211	bio1	0.000000	0.949745	0.039146
MGYG000002803__gradient_L8_hmo_gapseq	1131	1199	211	bio1	0.000000	0.829928	0.038990
MGYG000002803__gradient_L9_mos_gapseq	1131	1199	211	bio1	0.000000	0.834141	0.038089
MGYG000002831__gradient_L0_base_gapseq	1035	1119	193	bio1	0.000000	0.883846	0.033834
MGYG000002831__gradient_L1_inulin_gapseq	1035	1119	193	bio1	0.541660	0.879912	2.565543
MGYG000002831__gradient_L2_fos_gapseq	1035	1119	193	bio1	0.541660	0.893297	2.554594
MGYG000002831__gradient_L3_gos_gapseq	1035	1119	193	bio1	0.904975	0.756026	2.564269
MGYG000002831__gradient_L4_xos_gapseq	1035	1119	193	bio1	0.904975	0.816681	2.548735
MGYG000002831__gradient_L5_pectin_gapseq	1035	1119	193	bio1	0.904975	0.759392	2.551035
MGYG000002831__gradient_L6_resistant_starch_gapseq	1035	1119	193	bio1	0.994383	0.812449	2.562363
MGYG000002831__gradient_L7_bglucan_gapseq	1035	1119	193	bio1	0.994383	0.774580	2.562880
MGYG000002831__gradient_L8_hmo_gapseq	1035	1119	193	bio1	0.994383	0.829389	2.551029
MGYG000002831__gradient_L9_mos_gapseq	1035	1119	193	bio1	0.994383	0.772311	2.622336
MGYG000002840__gradient_L0_base_gapseq	1189	1321	395	bio1	0.336622	0.987498	3.524281
MGYG000002840__gradient_L1_inulin_gapseq	1189	1321	395	bio1	0.336622	0.946724	3.597380
MGYG000002840__gradient_L2_fos_gapseq	1189	1321	395	bio1	0.336622	0.923062	3.509415
MGYG000002840__gradient_L3_gos_gapseq	1189	1321	395	bio1	0.336622	0.969602	3.529507
MGYG000002840__gradient_L4_xos_gapseq	1189	1321	395	bio1	0.336622	0.929677	3.609365
MGYG000002840__gradient_L5_pectin_gapseq	1189	1321	395	bio1	0.336622	0.919919	3.533646
MGYG000002840__gradient_L6_resistant_starch_gapseq	1189	1321	395	bio1	0.336622	0.989266	3.525759
MGYG000002840__gradient_L7_bglucan_gapseq	1189	1321	395	bio1	0.336622	0.946724	3.620632
MGYG000002840__gradient_L8_hmo_gapseq	1189	1321	395	bio1	0.336622	0.925473	3.537044
MGYG000002840__gradient_L9_mos_gapseq	1189	1321	395	bio1	0.336622	0.985776	3.520047
MGYG000002848__gradient_L0_base_gapseq	1064	1212	264	bio1	0.000000	0.827183	0.039203
MGYG000002848__gradient_L1_inulin_gapseq	1064	1212	264	bio1	0.292657	0.844092	3.120727
MGYG000002848__gradient_L2_fos_gapseq	1064	1212	264	bio1	0.292657	0.834574	3.059227
MGYG000002848__gradient_L3_gos_gapseq	1064	1212	264	bio1	0.369308	0.852336	3.125478
MGYG000002848__gradient_L4_xos_gapseq	1064	1212	264	bio1	0.439718	0.834016	3.060260
MGYG000002848__gradient_L5_pectin_gapseq	1064	1212	264	bio1	0.439718	0.874152	3.064584
MGYG000002848__gradient_L6_resistant_starch_gapseq	1064	1212	264	bio1	0.886539	0.832111	3.071666
MGYG000002848__gradient_L7_bglucan_gapseq	1064	1212	264	bio1	1.048130	0.874892	3.062802
MGYG000002848__gradient_L8_hmo_gapseq	1064	1212	264	bio1	1.048130	0.832207	3.148515
MGYG000002848__gradient_L9_mos_gapseq	1064	1212	264	bio1	1.121684	0.835235	3.122969
MGYG000002852__gradient_L0_base_gapseq	1137	1284	312	bio1	0.000000	0.890949	0.040914
MGYG000002852__gradient_L1_inulin_gapseq	1137	1284	312	bio1	0.000000	0.958413	0.042823
MGYG000002852__gradient_L2_fos_gapseq	1137	1284	312	bio1	0.000000	0.887490	0.042538
MGYG000002852__gradient_L3_gos_gapseq	1137	1284	312	bio1	0.000000	0.962811	0.042289
MGYG000002852__gradient_L4_xos_gapseq	1137	1284	312	bio1	0.000000	0.869668	0.042739
MGYG000002852__gradient_L5_pectin_gapseq	1137	1284	312	bio1	0.000000	0.880489	0.042046
MGYG000002852__gradient_L6_resistant_starch_gapseq	1137	1284	312	bio1	0.000000	0.992140	0.042534
MGYG000002852__gradient_L7_bglucan_gapseq	1137	1284	312	bio1	0.000000	0.904991	0.043387
MGYG000002852__gradient_L8_hmo_gapseq	1137	1284	312	bio1	0.000000	0.958137	0.042557
MGYG000002852__gradient_L9_mos_gapseq	1137	1284	312	bio1	0.000000	0.902615	0.042459
MGYG000002858__gradient_L0_base_gapseq	1183	1290	329	bio1	0.704454	0.980048	3.375468
MGYG000002858__gradient_L1_inulin_gapseq	1183	1290	329	bio1	0.992541	0.911851	3.357923
MGYG000002858__gradient_L2_fos_gapseq	1183	1290	329	bio1	0.992541	0.975201	3.360006
MGYG000002858__gradient_L3_gos_gapseq	1183	1290	329	bio1	1.284381	0.889890	3.431206
MGYG000002858__gradient_L4_xos_gapseq	1183	1290	329	bio1	1.284381	0.902098	3.355637
MGYG000002858__gradient_L5_pectin_gapseq	1183	1290	329	bio1	1.284381	0.941258	3.347240
MGYG000002858__gradient_L6_resistant_starch_gapseq	1183	1290	329	bio1	1.896732	0.906359	3.445066
MGYG000002858__gradient_L7_bglucan_gapseq	1183	1290	329	bio1	2.102323	0.897404	3.373000
MGYG000002858__gradient_L8_hmo_gapseq	1183	1290	329	bio1	2.102323	0.955509	3.371288
MGYG000002858__gradient_L9_mos_gapseq	1183	1290	329	bio1	2.243805	0.915003	3.428047
MGYG000002870__gradient_L0_base_gapseq	727	665	80	bio1	0.000000	0.442340	0.014063
MGYG000002870__gradient_L1_inulin_gapseq	727	665	80	bio1	0.000000	0.470199	0.115090
MGYG000002870__gradient_L2_fos_gapseq	727	665	80	bio1	0.000000	0.494169	0.017045
MGYG000002870__gradient_L3_gos_gapseq	727	665	80	bio1	0.000000	0.451036	0.016798
MGYG000002870__gradient_L4_xos_gapseq	727	665	80	bio1	0.000000	0.453388	0.016882
MGYG000002870__gradient_L5_pectin_gapseq	727	665	80	bio1	0.000000	0.447021	0.017364
MGYG000002870__gradient_L6_resistant_starch_gapseq	727	665	80	bio1	0.000000	0.535373	0.016976
MGYG000002870__gradient_L7_bglucan_gapseq	727	665	80	bio1	0.000000	0.450808	0.016851
MGYG000002870__gradient_L8_hmo_gapseq	727	665	80	bio1	0.000000	0.449784	0.016804
MGYG000002870__gradient_L9_mos_gapseq	727	665	80	bio1	0.000000	0.455960	0.017479
MGYG000002875__gradient_L0_base_gapseq	1142	1251	274	bio1	0.000000	0.853535	0.144588
MGYG000002875__gradient_L1_inulin_gapseq	1142	1251	274	bio1	0.000000	0.860154	0.045271
MGYG000002875__gradient_L2_fos_gapseq	1142	1251	274	bio1	0.000000	0.854951	0.045561
MGYG000002875__gradient_L3_gos_gapseq	1142	1251	274	bio1	0.000000	0.956085	0.045720
MGYG000002875__gradient_L4_xos_gapseq	1142	1251	274	bio1	0.368780	0.869064	3.222508
MGYG000002875__gradient_L5_pectin_gapseq	1142	1251	274	bio1	0.368780	1.009149	3.202571
MGYG000002875__gradient_L6_resistant_starch_gapseq	1142	1251	274	bio1	0.627571	0.853323	3.278522
MGYG000002875__gradient_L7_bglucan_gapseq	1142	1251	274	bio1	0.627571	0.845985	3.227277
MGYG000002875__gradient_L8_hmo_gapseq	1142	1251	274	bio1	0.627571	0.858536	3.272012
MGYG000002875__gradient_L9_mos_gapseq	1142	1251	274	bio1	0.731084	0.862036	3.195566
MGYG000002883__gradient_L0_base_gapseq	1126	1183	211	bio1	0.000000	0.894415	0.036461
MGYG000002883__gradient_L1_inulin_gapseq	1126	1183	211	bio1	0.048074	0.828724	2.928090
MGYG000002883__gradient_L2_fos_gapseq	1126	1183	211	bio1	0.048074	0.867826	2.920356
MGYG000002883__gradient_L3_gos_gapseq	1126	1183	211	bio1	0.048074	0.841111	2.914135
MGYG000002883__gradient_L4_xos_gapseq	1126	1183	211	bio1	0.048074	0.875336	2.909088
MGYG000002883__gradient_L5_pectin_gapseq	1126	1183	211	bio1	0.048074	0.823552	2.979766
MGYG000002883__gradient_L6_resistant_starch_gapseq	1126	1183	211	bio1	0.048074	0.842897	2.951181
MGYG000002883__gradient_L7_bglucan_gapseq	1126	1183	211	bio1	0.048074	0.853916	2.971982
MGYG000002883__gradient_L8_hmo_gapseq	1126	1183	211	bio1	0.048074	0.843761	2.912541
MGYG000002883__gradient_L9_mos_gapseq	1126	1183	211	bio1	0.048074	0.898602	2.903815
MGYG000002884__gradient_L0_base_gapseq	1214	1310	238	bio1	0.000000	0.934884	0.047407
MGYG000002884__gradient_L1_inulin_gapseq	1214	1310	238	bio1	0.000000	0.935194	0.049742
MGYG000002884__gradient_L2_fos_gapseq	1214	1310	238	bio1	0.000000	0.985669	0.050258
MGYG000002884__gradient_L3_gos_gapseq	1214	1310	238	bio1	0.911872	0.894928	3.535104
MGYG000002884__gradient_L4_xos_gapseq	1214	1310	238	bio1	0.911872	0.980399	3.516487
MGYG000002884__gradient_L5_pectin_gapseq	1214	1310	238	bio1	0.911872	0.915160	3.596020
MGYG000002884__gradient_L6_resistant_starch_gapseq	1214	1310	238	bio1	1.045615	0.919808	3.501593
MGYG000002884__gradient_L7_bglucan_gapseq	1214	1310	238	bio1	1.045615	0.997686	3.529834
MGYG000002884__gradient_L8_hmo_gapseq	1214	1310	238	bio1	1.045615	0.917018	3.564407
MGYG000002884__gradient_L9_mos_gapseq	1214	1310	238	bio1	1.179357	0.927402	3.505600
MGYG000002888__gradient_L0_base_gapseq	1695	1969	450	bio1	0.864969	1.393938	7.488791
MGYG000002888__gradient_L1_inulin_gapseq	1695	1969	450	bio1	1.068891	1.391722	7.550849
MGYG000002888__gradient_L2_fos_gapseq	1695	1969	450	bio1	1.068891	1.404611	7.510540
MGYG000002888__gradient_L3_gos_gapseq	1695	1969	450	bio1	1.265029	1.481513	7.443942
MGYG000002888__gradient_L4_xos_gapseq	1695	1969	450	bio1	1.320290	1.494666	7.501839
MGYG000002888__gradient_L5_pectin_gapseq	1695	1969	450	bio1	1.320290	1.484530	7.523880
MGYG000002888__gradient_L6_resistant_starch_gapseq	1695	1969	450	bio1	1.597374	1.493770	7.465704
MGYG000002888__gradient_L7_bglucan_gapseq	1695	1969	450	bio1	1.597374	1.498994	7.479258
MGYG000002888__gradient_L8_hmo_gapseq	1695	1969	450	bio1	1.597374	1.512384	7.482653
MGYG000002888__gradient_L9_mos_gapseq	1695	1969	450	bio1	1.696999	1.472411	7.470842
MGYG000002898__gradient_L0_base_gapseq	1534	1873	551	bio1	1.018539	1.354217	6.798193
MGYG000002898__gradient_L1_inulin_gapseq	1534	1873	551	bio1	1.249153	1.353385	6.786199
MGYG000002898__gradient_L2_fos_gapseq	1534	1873	551	bio1	1.249153	1.356718	6.767636
MGYG000002898__gradient_L3_gos_gapseq	1534	1873	551	bio1	1.450941	1.361968	6.768967
MGYG000002898__gradient_L4_xos_gapseq	1534	1873	551	bio1	1.494181	1.358385	6.719591
MGYG000002898__gradient_L5_pectin_gapseq	1534	1873	551	bio1	1.494181	1.414117	6.758104
MGYG000002898__gradient_L6_resistant_starch_gapseq	1534	1873	551	bio1	1.993847	1.360602	6.816036
MGYG000002898__gradient_L7_bglucan_gapseq	1534	1873	551	bio1	1.993847	1.320050	6.874181
MGYG000002898__gradient_L8_hmo_gapseq	1534	1873	551	bio1	1.993847	1.284352	6.867391
MGYG000002898__gradient_L9_mos_gapseq	1534	1873	551	bio1	2.109154	1.312972	6.841419
MGYG000002903__gradient_L0_base_gapseq	1219	1223	232	bio1	0.036745	0.863310	3.157198
MGYG000002903__gradient_L1_inulin_gapseq	1219	1223	232	bio1	0.122565	0.937474	3.138606
MGYG000002903__gradient_L2_fos_gapseq	1219	1223	232	bio1	0.122565	0.890392	3.212234
MGYG000002903__gradient_L3_gos_gapseq	1219	1223	232	bio1	0.122565	0.872487	3.129989
MGYG000002903__gradient_L4_xos_gapseq	1219	1223	232	bio1	0.122565	0.932838	3.166528
MGYG000002903__gradient_L5_pectin_gapseq	1219	1223	232	bio1	0.122565	0.864293	3.138139
MGYG000002903__gradient_L6_resistant_starch_gapseq	1219	1223	232	bio1	0.204282	0.952068	3.129852
MGYG000002903__gradient_L7_bglucan_gapseq	1219	1223	232	bio1	0.204282	0.874141	3.214688
MGYG000002903__gradient_L8_hmo_gapseq	1219	1223	232	bio1	0.204282	0.870074	3.130653
MGYG000002903__gradient_L9_mos_gapseq	1219	1223	232	bio1	0.204282	0.930055	3.135910
MGYG000002918__gradient_L0_base_gapseq	1135	1279	311	bio1	0.730744	0.879526	3.454320
MGYG000002918__gradient_L1_inulin_gapseq	1135	1279	311	bio1	1.024688	0.877458	3.332570
MGYG000002918__gradient_L2_fos_gapseq	1135	1279	311	bio1	1.024688	0.956599	3.337075
MGYG000002918__gradient_L3_gos_gapseq	1135	1279	311	bio1	1.318094	0.895519	3.315161
MGYG000002918__gradient_L4_xos_gapseq	1135	1279	311	bio1	1.318094	0.965433	3.359408
MGYG000002918__gradient_L5_pectin_gapseq	1135	1279	311	bio1	1.318094	0.886672	3.392122
MGYG000002918__gradient_L6_resistant_starch_gapseq	1135	1279	311	bio1	1.933802	0.888354	3.329476
MGYG000002918__gradient_L7_bglucan_gapseq	1135	1279	311	bio1	1.933802	0.948477	3.325983
MGYG000002918__gradient_L8_hmo_gapseq	1135	1279	311	bio1	1.933802	0.878290	3.391398
MGYG000002918__gradient_L9_mos_gapseq	1135	1279	311	bio1	2.076060	0.884363	3.328444
MGYG000002926__gradient_L0_base_gapseq	1048	1146	261	bio1	0.000000	0.815380	0.035383
MGYG000002926__gradient_L1_inulin_gapseq	1048	1146	261	bio1	0.000000	0.869540	0.037384
MGYG000002926__gradient_L2_fos_gapseq	1048	1146	261	bio1	0.000000	0.783035	0.037584
MGYG000002926__gradient_L3_gos_gapseq	1048	1146	261	bio1	0.000000	0.812412	0.037690
MGYG000002926__gradient_L4_xos_gapseq	1048	1146	261	bio1	0.000000	0.885747	0.037640
MGYG000002926__gradient_L5_pectin_gapseq	1048	1146	261	bio1	0.000000	0.801408	0.037626
MGYG000002926__gradient_L6_resistant_starch_gapseq	1048	1146	261	bio1	0.000000	0.792222	0.037826
MGYG000002926__gradient_L7_bglucan_gapseq	1048	1146	261	bio1	0.000000	0.882772	0.037992
MGYG000002926__gradient_L8_hmo_gapseq	1048	1146	261	bio1	0.000000	0.791539	0.038086
MGYG000002926__gradient_L9_mos_gapseq	1048	1146	261	bio1	0.000000	0.812387	0.124607
MGYG000002959__gradient_L0_base_gapseq	1102	1212	273	bio1	0.347648	0.861083	3.143078
MGYG000002959__gradient_L1_inulin_gapseq	1102	1212	273	bio1	0.499900	0.869203	3.062923
MGYG000002959__gradient_L2_fos_gapseq	1102	1212	273	bio1	0.499900	0.922083	3.067173
MGYG000002959__gradient_L3_gos_gapseq	1102	1212	273	bio1	0.499900	0.854312	3.145252
MGYG000002959__gradient_L4_xos_gapseq	1102	1212	273	bio1	0.499900	0.861634	3.055132
MGYG000002959__gradient_L5_pectin_gapseq	1102	1212	273	bio1	0.499900	0.866893	3.130618
MGYG000002959__gradient_L6_resistant_starch_gapseq	1102	1212	273	bio1	0.499900	0.859514	3.069995
MGYG000002959__gradient_L7_bglucan_gapseq	1102	1212	273	bio1	0.499900	0.898175	3.061127
MGYG000002959__gradient_L8_hmo_gapseq	1102	1212	273	bio1	0.499900	0.854516	3.126235
MGYG000002959__gradient_L9_mos_gapseq	1102	1212	273	bio1	0.499900	0.862719	3.057328
MGYG000002969__gradient_L0_base_gapseq	1338	1407	338	bio1	0.074961	1.002631	3.947111
MGYG000002969__gradient_L1_inulin_gapseq	1338	1407	338	bio1	0.159663	1.091652	3.961506
MGYG000002969__gradient_L2_fos_gapseq	1338	1407	338	bio1	0.159663	1.040936	4.059498
MGYG000002969__gradient_L3_gos_gapseq	1338	1407	338	bio1	0.159663	1.033347	3.998332
MGYG000002969__gradient_L4_xos_gapseq	1338	1407	338	bio1	0.159663	1.086112	3.973224
MGYG000002969__gradient_L5_pectin_gapseq	1338	1407	338	bio1	0.159663	1.006973	4.040107
MGYG000002969__gradient_L6_resistant_starch_gapseq	1338	1407	338	bio1	0.491469	1.008715	3.956812
MGYG000002969__gradient_L7_bglucan_gapseq	1338	1407	338	bio1	0.491469	1.067573	3.936758
MGYG000002969__gradient_L8_hmo_gapseq	1338	1407	338	bio1	0.491469	1.093094	3.944412
MGYG000002969__gradient_L9_mos_gapseq	1338	1407	338	bio1	0.491469	1.017361	4.024396
MGYG000002986__gradient_L0_base_gapseq	1269	1406	315	bio1	0.792384	1.082444	4.032711
MGYG000002986__gradient_L1_inulin_gapseq	1269	1406	315	bio1	0.950205	1.027384	4.110538
MGYG000002986__gradient_L2_fos_gapseq	1269	1406	315	bio1	0.950205	0.995632	4.043878
MGYG000002986__gradient_L3_gos_gapseq	1269	1406	315	bio1	0.950205	1.056293	4.032609
MGYG000002986__gradient_L4_xos_gapseq	1269	1406	315	bio1	0.969933	0.989703	4.074941
MGYG000002986__gradient_L5_pectin_gapseq	1269	1406	315	bio1	0.969933	1.008058	4.023649
MGYG000002986__gradient_L6_resistant_starch_gapseq	1269	1406	315	bio1	1.047526	1.049729	4.000152
MGYG000002986__gradient_L7_bglucan_gapseq	1269	1406	315	bio1	1.047526	1.060674	3.981250
MGYG000002986__gradient_L8_hmo_gapseq	1269	1406	315	bio1	1.047526	0.999457	4.068338
MGYG000002986__gradient_L9_mos_gapseq	1269	1406	315	bio1	1.124527	0.994941	4.004359
MGYG000003012__gradient_L0_base_gapseq	1406	1610	464	bio1	0.000000	1.147254	0.062629
MGYG000003012__gradient_L1_inulin_gapseq	1406	1610	464	bio1	0.000000	1.231383	0.062873
MGYG000003012__gradient_L2_fos_gapseq	1406	1610	464	bio1	0.000000	1.122613	0.062726
MGYG000003012__gradient_L3_gos_gapseq	1406	1610	464	bio1	0.000000	1.252404	0.062552
MGYG000003012__gradient_L4_xos_gapseq	1406	1610	464	bio1	0.000000	1.128639	0.066676
MGYG000003012__gradient_L5_pectin_gapseq	1406	1610	464	bio1	0.000000	1.213861	0.063919
MGYG000003012__gradient_L6_resistant_starch_gapseq	1406	1610	464	bio1	0.000000	1.134888	0.065012
MGYG000003012__gradient_L7_bglucan_gapseq	1406	1610	464	bio1	0.000000	1.252504	0.065837
MGYG000003012__gradient_L8_hmo_gapseq	1406	1610	464	bio1	0.000000	1.221413	0.064935
MGYG000003012__gradient_L9_mos_gapseq	1406	1610	464	bio1	0.000000	1.134513	0.064850
MGYG000003022__gradient_L0_base_gapseq	1193	1277	356	bio1	0.240813	0.901410	3.430150
MGYG000003022__gradient_L1_inulin_gapseq	1193	1277	356	bio1	0.344729	0.915635	3.318195
MGYG000003022__gradient_L2_fos_gapseq	1193	1277	356	bio1	0.344729	1.021335	3.325570
MGYG000003022__gradient_L3_gos_gapseq	1193	1277	356	bio1	0.344729	0.910664	3.402177
MGYG000003022__gradient_L4_xos_gapseq	1193	1277	356	bio1	0.344729	0.919561	3.317959
MGYG000003022__gradient_L5_pectin_gapseq	1193	1277	356	bio1	0.344729	1.014409	3.304380
MGYG000003022__gradient_L6_resistant_starch_gapseq	1193	1277	356	bio1	0.344729	0.898261	3.403372
MGYG000003022__gradient_L7_bglucan_gapseq	1193	1277	356	bio1	0.344729	0.914048	3.292232
MGYG000003022__gradient_L8_hmo_gapseq	1193	1277	356	bio1	0.344729	0.973828	3.319678
MGYG000003022__gradient_L9_mos_gapseq	1193	1277	356	bio1	0.344729	0.906149	3.337440
MGYG000003046__gradient_L0_base_gapseq	1162	1315	310	bio1	0.754411	0.972836	3.515952
MGYG000003046__gradient_L1_inulin_gapseq	1162	1315	310	bio1	1.046019	0.941046	3.560313
MGYG000003046__gradient_L2_fos_gapseq	1162	1315	310	bio1	1.046019	0.923172	3.485445
MGYG000003046__gradient_L3_gos_gapseq	1162	1315	310	bio1	1.337933	0.968608	3.487585
MGYG000003046__gradient_L4_xos_gapseq	1162	1315	310	bio1	1.399855	0.892586	3.584647
MGYG000003046__gradient_L5_pectin_gapseq	1162	1315	310	bio1	1.399855	0.927831	3.492949
MGYG000003046__gradient_L6_resistant_starch_gapseq	1162	1315	310	bio1	2.012434	0.976980	3.530078
MGYG000003046__gradient_L7_bglucan_gapseq	1162	1315	310	bio1	2.012434	0.909371	3.503657
MGYG000003046__gradient_L8_hmo_gapseq	1162	1315	310	bio1	2.012434	0.992050	3.514286
MGYG000003046__gradient_L9_mos_gapseq	1162	1315	310	bio1	2.153968	0.897154	3.575689
MGYG000003058__gradient_L0_base_gapseq	935	915	157	bio1	0.000000	0.724808	0.023090
MGYG000003058__gradient_L1_inulin_gapseq	935	915	157	bio1	0.000000	0.639268	0.027566
MGYG000003058__gradient_L2_fos_gapseq	935	915	157	bio1	0.000000	0.634191	0.027700
MGYG000003058__gradient_L3_gos_gapseq	935	915	157	bio1	0.000000	0.689714	0.027887
MGYG000003058__gradient_L4_xos_gapseq	935	915	157	bio1	0.000000	0.701810	0.028476
MGYG000003058__gradient_L5_pectin_gapseq	935	915	157	bio1	0.000000	0.679050	0.028457
MGYG000003058__gradient_L6_resistant_starch_gapseq	935	915	157	bio1	0.000000	0.718638	0.027519
MGYG000003058__gradient_L7_bglucan_gapseq	935	915	157	bio1	0.000000	0.719945	0.027855
MGYG000003058__gradient_L8_hmo_gapseq	935	915	157	bio1	0.000000	0.701573	0.028549
MGYG000003058__gradient_L9_mos_gapseq	935	915	157	bio1	0.000000	0.638201	0.028897
MGYG000003065__gradient_L0_base_gapseq	1400	1642	448	bio1	0.744028	1.193025	5.298109
MGYG000003065__gradient_L1_inulin_gapseq	1400	1642	448	bio1	0.970065	1.235559	5.332644
MGYG000003065__gradient_L2_fos_gapseq	1400	1642	448	bio1	0.970065	1.235912	5.311075
MGYG000003065__gradient_L3_gos_gapseq	1400	1642	448	bio1	1.185420	1.150331	5.429277
MGYG000003065__gradient_L4_xos_gapseq	1400	1642	448	bio1	1.220082	1.153594	5.366520
MGYG000003065__gradient_L5_pectin_gapseq	1400	1642	448	bio1	1.220082	1.154139	5.333653
MGYG000003065__gradient_L6_resistant_starch_gapseq	1400	1642	448	bio1	1.693792	1.234785	5.315962
MGYG000003065__gradient_L7_bglucan_gapseq	1400	1642	448	bio1	1.853235	1.262247	5.315782
MGYG000003065__gradient_L8_hmo_gapseq	1400	1642	448	bio1	1.968774	1.227413	5.319875
MGYG000003065__gradient_L9_mos_gapseq	1400	1642	448	bio1	1.968774	1.181990	5.370417
MGYG000003125__gradient_L0_base_gapseq	1622	1897	469	bio1	0.496449	1.347282	6.993131
MGYG000003125__gradient_L1_inulin_gapseq	1622	1897	469	bio1	0.780347	1.329556	6.944844
MGYG000003125__gradient_L2_fos_gapseq	1622	1897	469	bio1	0.780347	1.323346	6.939102
MGYG000003125__gradient_L3_gos_gapseq	1622	1897	469	bio1	0.878620	1.326963	6.972409
MGYG000003125__gradient_L4_xos_gapseq	1622	1897	469	bio1	0.955054	1.324526	6.908376
MGYG000003125__gradient_L5_pectin_gapseq	1622	1897	469	bio1	0.955054	1.327236	6.965982
MGYG000003125__gradient_L6_resistant_starch_gapseq	1622	1897	469	bio1	1.488206	1.376150	6.923903
MGYG000003125__gradient_L7_bglucan_gapseq	1622	1897	469	bio1	1.488206	1.324293	6.943869
MGYG000003125__gradient_L8_hmo_gapseq	1622	1897	469	bio1	1.488206	1.378195	6.913882
MGYG000003125__gradient_L9_mos_gapseq	1622	1897	469	bio1	1.597365	1.315550	6.989915
MGYG000003135__gradient_L0_base_gapseq	1414	1636	373	bio1	0.000000	1.167221	0.066467
MGYG000003135__gradient_L1_inulin_gapseq	1414	1636	373	bio1	0.000000	1.249996	0.067752
MGYG000003135__gradient_L2_fos_gapseq	1414	1636	373	bio1	0.000000	1.167137	0.067322
MGYG000003135__gradient_L3_gos_gapseq	1414	1636	373	bio1	0.728627	1.249465	5.187625
MGYG000003135__gradient_L4_xos_gapseq	1414	1636	373	bio1	0.805526	1.239214	5.172923
MGYG000003135__gradient_L5_pectin_gapseq	1414	1636	373	bio1	0.805526	1.290509	5.202311
MGYG000003135__gradient_L6_resistant_starch_gapseq	1414	1636	373	bio1	1.417805	1.168035	5.299657
MGYG000003135__gradient_L7_bglucan_gapseq	1414	1636	373	bio1	1.417805	1.168081	5.332916
MGYG000003135__gradient_L8_hmo_gapseq	1414	1636	373	bio1	1.417805	1.169259	5.204199
MGYG000003135__gradient_L9_mos_gapseq	1414	1636	373	bio1	1.538816	1.259234	5.228239
MGYG000003138__gradient_L0_base_gapseq	1374	1610	370	bio1	0.000000	1.128746	0.058526
MGYG000003138__gradient_L1_inulin_gapseq	1374	1610	370	bio1	0.000000	1.207695	0.061264
MGYG000003138__gradient_L2_fos_gapseq	1374	1610	370	bio1	0.000000	1.118736	0.061294
MGYG000003138__gradient_L3_gos_gapseq	1374	1610	370	bio1	0.000000	1.195659	0.061463
MGYG000003138__gradient_L4_xos_gapseq	1374	1610	370	bio1	0.000000	1.108189	0.062268
MGYG000003138__gradient_L5_pectin_gapseq	1374	1610	370	bio1	0.000000	1.238244	0.061788
MGYG000003138__gradient_L6_resistant_starch_gapseq	1374	1610	370	bio1	0.000000	1.140987	0.062405
MGYG000003138__gradient_L7_bglucan_gapseq	1374	1610	370	bio1	0.000000	1.243434	0.062215
MGYG000003138__gradient_L8_hmo_gapseq	1374	1610	370	bio1	0.000000	1.142153	0.061530
MGYG000003138__gradient_L9_mos_gapseq	1374	1610	370	bio1	0.000000	1.216397	0.061954
MGYG000003180__gradient_L0_base_gapseq	1149	1278	283	bio1	0.701239	0.863500	3.491815
MGYG000003180__gradient_L1_inulin_gapseq	1149	1278	283	bio1	0.988012	0.880422	3.337983
MGYG000003180__gradient_L2_fos_gapseq	1149	1278	283	bio1	0.988012	0.945662	3.336879
MGYG000003180__gradient_L3_gos_gapseq	1149	1278	283	bio1	1.278623	0.881192	3.306322
MGYG000003180__gradient_L4_xos_gapseq	1149	1278	283	bio1	1.278623	0.941373	3.318483
MGYG000003180__gradient_L5_pectin_gapseq	1149	1278	283	bio1	1.278623	0.873616	3.389268
MGYG000003180__gradient_L6_resistant_starch_gapseq	1149	1278	283	bio1	1.888230	0.896764	3.323550
MGYG000003180__gradient_L7_bglucan_gapseq	1149	1278	283	bio1	1.888230	0.962459	3.325664
MGYG000003180__gradient_L8_hmo_gapseq	1149	1278	283	bio1	1.888230	0.893799	3.405001
MGYG000003180__gradient_L9_mos_gapseq	1149	1278	283	bio1	2.029077	0.894460	3.324824
MGYG000003188__gradient_L0_base_gapseq	1366	1491	375	bio1	0.375205	1.134987	4.508100
MGYG000003188__gradient_L1_inulin_gapseq	1366	1491	375	bio1	0.525291	1.034183	4.611985
MGYG000003188__gradient_L2_fos_gapseq	1366	1491	375	bio1	0.525291	1.056529	4.613733
MGYG000003188__gradient_L3_gos_gapseq	1366	1491	375	bio1	0.525291	1.053535	4.534285
MGYG000003188__gradient_L4_xos_gapseq	1366	1491	375	bio1	0.525291	1.150521	4.563269
MGYG000003188__gradient_L5_pectin_gapseq	1366	1491	375	bio1	0.525291	1.152598	4.522254
MGYG000003188__gradient_L6_resistant_starch_gapseq	1366	1491	375	bio1	0.525291	1.082535	4.585773
MGYG000003188__gradient_L7_bglucan_gapseq	1366	1491	375	bio1	0.525291	1.070748	4.557060
MGYG000003188__gradient_L8_hmo_gapseq	1366	1491	375	bio1	0.525291	1.120248	4.538567
MGYG000003188__gradient_L9_mos_gapseq	1366	1491	375	bio1	0.525291	1.148044	4.512027
MGYG000003197__gradient_L0_base_gapseq	1177	1309	336	bio1	0.288800	0.922016	3.608727
MGYG000003197__gradient_L1_inulin_gapseq	1177	1309	336	bio1	0.427126	0.908444	3.479753
MGYG000003197__gradient_L2_fos_gapseq	1177	1309	336	bio1	0.427126	0.973245	3.487804
MGYG000003197__gradient_L3_gos_gapseq	1177	1309	336	bio1	0.487428	0.930231	3.571542
MGYG000003197__gradient_L4_xos_gapseq	1177	1309	336	bio1	0.487428	0.910027	3.522053
MGYG000003197__gradient_L5_pectin_gapseq	1177	1309	336	bio1	0.487428	0.959809	3.513323
MGYG000003197__gradient_L6_resistant_starch_gapseq	1177	1309	336	bio1	0.577880	0.899460	3.574909
MGYG000003197__gradient_L7_bglucan_gapseq	1177	1309	336	bio1	0.577880	0.904367	3.495473
MGYG000003197__gradient_L8_hmo_gapseq	1177	1309	336	bio1	0.577880	0.962493	3.487705
MGYG000003197__gradient_L9_mos_gapseq	1177	1309	336	bio1	0.577880	0.923393	3.565774
MGYG000003217__gradient_L0_base_gapseq	968	981	147	bio1	0.252821	0.657481	2.030770
MGYG000003217__gradient_L1_inulin_gapseq	968	981	147	bio1	0.332140	0.770404	2.028207
MGYG000003217__gradient_L2_fos_gapseq	968	981	147	bio1	0.332140	0.668974	2.031448
MGYG000003217__gradient_L3_gos_gapseq	968	981	147	bio1	0.332140	0.667345	2.110341
MGYG000003217__gradient_L4_xos_gapseq	968	981	147	bio1	0.347012	0.679965	2.049706
MGYG000003217__gradient_L5_pectin_gapseq	968	981	147	bio1	0.347012	0.672129	2.101080
MGYG000003217__gradient_L6_resistant_starch_gapseq	968	981	147	bio1	0.552747	0.685898	2.034302
MGYG000003217__gradient_L7_bglucan_gapseq	968	981	147	bio1	0.552747	0.672303	2.034350
MGYG000003217__gradient_L8_hmo_gapseq	968	981	147	bio1	0.552747	0.708283	2.033827
MGYG000003217__gradient_L9_mos_gapseq	968	981	147	bio1	0.552747	0.672680	2.045478
MGYG000003218__gradient_L0_base_gapseq	996	1000	175	bio1	0.000000	0.778190	0.031290
MGYG000003218__gradient_L1_inulin_gapseq	996	1000	175	bio1	0.000000	0.759035	0.031417
MGYG000003218__gradient_L2_fos_gapseq	996	1000	175	bio1	0.000000	0.703775	0.031343
MGYG000003218__gradient_L3_gos_gapseq	996	1000	175	bio1	0.000000	0.759129	0.031547
MGYG000003218__gradient_L4_xos_gapseq	996	1000	175	bio1	0.000000	0.697118	0.031532
MGYG000003218__gradient_L5_pectin_gapseq	996	1000	175	bio1	0.000000	0.694050	0.031927
MGYG000003218__gradient_L6_resistant_starch_gapseq	996	1000	175	bio1	0.000000	0.789087	0.031547
MGYG000003218__gradient_L7_bglucan_gapseq	996	1000	175	bio1	0.000000	0.712051	0.032759
MGYG000003218__gradient_L8_hmo_gapseq	996	1000	175	bio1	0.000000	0.760290	0.031425
MGYG000003218__gradient_L9_mos_gapseq	996	1000	175	bio1	0.000000	0.819870	0.031545
MGYG000003222__gradient_L0_base_gapseq	583	538	70	bio1	0.000000	0.340488	0.014851
MGYG000003222__gradient_L1_inulin_gapseq	583	538	70	bio1	0.287745	0.338479	0.703972
MGYG000003222__gradient_L2_fos_gapseq	583	538	70	bio1	0.287745	0.367460	0.698307
MGYG000003222__gradient_L3_gos_gapseq	583	538	70	bio1	0.287745	0.344234	0.701424
MGYG000003222__gradient_L4_xos_gapseq	583	538	70	bio1	0.287745	0.423587	0.693892
MGYG000003222__gradient_L5_pectin_gapseq	583	538	70	bio1	0.287745	0.344771	0.696651
MGYG000003222__gradient_L6_resistant_starch_gapseq	583	538	70	bio1	0.287745	0.340688	0.696550
MGYG000003222__gradient_L7_bglucan_gapseq	583	538	70	bio1	0.287745	0.349686	0.699154
MGYG000003222__gradient_L8_hmo_gapseq	583	538	70	bio1	0.287745	0.351629	0.694713
MGYG000003222__gradient_L9_mos_gapseq	583	538	70	bio1	0.287745	0.400585	0.695599
MGYG000003226__gradient_L0_base_gapseq	1037	1134	256	bio1	0.000000	0.783426	0.036357
MGYG000003226__gradient_L1_inulin_gapseq	1037	1134	256	bio1	0.000000	0.789127	0.036515
MGYG000003226__gradient_L2_fos_gapseq	1037	1134	256	bio1	0.000000	0.877716	0.037078
MGYG000003226__gradient_L3_gos_gapseq	1037	1134	256	bio1	0.199073	0.782417	2.657787
MGYG000003226__gradient_L4_xos_gapseq	1037	1134	256	bio1	0.199073	0.898002	2.641859
MGYG000003226__gradient_L5_pectin_gapseq	1037	1134	256	bio1	0.222495	0.783118	2.657151
MGYG000003226__gradient_L6_resistant_starch_gapseq	1037	1134	256	bio1	0.559765	0.853753	2.641941
MGYG000003226__gradient_L7_bglucan_gapseq	1037	1134	256	bio1	0.679215	0.783028	2.674712
MGYG000003226__gradient_L8_hmo_gapseq	1037	1134	256	bio1	0.758849	0.850107	2.655228
MGYG000003226__gradient_L9_mos_gapseq	1037	1134	256	bio1	0.758849	0.780356	2.657091
MGYG000003243__gradient_L0_base_gapseq	1080	1170	243	bio1	0.000000	0.820416	0.037136
MGYG000003243__gradient_L1_inulin_gapseq	1080	1170	243	bio1	0.346623	0.800927	2.873124
MGYG000003243__gradient_L2_fos_gapseq	1080	1170	243	bio1	0.346623	0.803765	2.817879
MGYG000003243__gradient_L3_gos_gapseq	1080	1170	243	bio1	0.477975	0.854137	2.817533
MGYG000003243__gradient_L4_xos_gapseq	1080	1170	243	bio1	0.477975	0.799094	2.801061
MGYG000003243__gradient_L5_pectin_gapseq	1080	1170	243	bio1	0.477975	0.866983	2.793849
MGYG000003243__gradient_L6_resistant_starch_gapseq	1080	1170	243	bio1	0.834643	0.807328	2.887984
MGYG000003243__gradient_L7_bglucan_gapseq	1080	1170	243	bio1	0.958386	0.797106	2.821758
MGYG000003243__gradient_L8_hmo_gapseq	1080	1170	243	bio1	0.958386	0.807594	2.887694
MGYG000003243__gradient_L9_mos_gapseq	1080	1170	243	bio1	0.976176	0.791004	2.840393
MGYG000003309__gradient_L0_base_gapseq	1199	1258	265	bio1	0.000000	0.981973	0.041877
MGYG000003309__gradient_L1_inulin_gapseq	1199	1258	265	bio1	0.000000	0.909908	0.044535
MGYG000003309__gradient_L2_fos_gapseq	1199	1258	265	bio1	0.000000	0.963041	0.044007
MGYG000003309__gradient_L3_gos_gapseq	1199	1258	265	bio1	0.000000	0.898371	0.043027
MGYG000003309__gradient_L4_xos_gapseq	1199	1258	265	bio1	0.000000	0.884638	0.041838
MGYG000003309__gradient_L5_pectin_gapseq	1199	1258	265	bio1	0.000000	0.966277	0.043024
MGYG000003309__gradient_L6_resistant_starch_gapseq	1199	1258	265	bio1	0.000000	0.905929	0.041754
MGYG000003309__gradient_L7_bglucan_gapseq	1199	1258	265	bio1	0.000000	0.982079	0.042363
MGYG000003309__gradient_L8_hmo_gapseq	1199	1258	265	bio1	0.000000	0.896718	0.041143
MGYG000003309__gradient_L9_mos_gapseq	1199	1258	265	bio1	0.000000	0.888494	0.132790
MGYG000003312__gradient_L0_base_gapseq	1521	1813	539	bio1	0.000000	1.249490	0.081880
MGYG000003312__gradient_L1_inulin_gapseq	1521	1813	539	bio1	0.000000	1.368958	0.079791
MGYG000003312__gradient_L2_fos_gapseq	1521	1813	539	bio1	0.000000	1.309112	0.080157
MGYG000003312__gradient_L3_gos_gapseq	1521	1813	539	bio1	0.000000	1.365829	0.082739
MGYG000003312__gradient_L4_xos_gapseq	1521	1813	539	bio1	1.449187	1.355585	6.397935
MGYG000003312__gradient_L5_pectin_gapseq	1521	1813	539	bio1	1.488792	1.275876	6.629374
MGYG000003312__gradient_L6_resistant_starch_gapseq	1521	1813	539	bio1	2.029927	1.256962	6.473253
MGYG000003312__gradient_L7_bglucan_gapseq	1521	1813	539	bio1	2.214610	1.244131	6.536505
MGYG000003312__gradient_L8_hmo_gapseq	1521	1813	539	bio1	2.214610	1.253815	6.437440
MGYG000003312__gradient_L9_mos_gapseq	1521	1813	539	bio1	2.276100	1.259796	6.370105
MGYG000003339__gradient_L0_base_gapseq	1144	1283	308	bio1	0.403468	0.946870	3.338090
MGYG000003339__gradient_L1_inulin_gapseq	1144	1283	308	bio1	0.595600	0.893723	3.343065
MGYG000003339__gradient_L2_fos_gapseq	1144	1283	308	bio1	0.595600	0.945354	3.332451
MGYG000003339__gradient_L3_gos_gapseq	1144	1283	308	bio1	0.768519	0.872825	3.410842
MGYG000003339__gradient_L4_xos_gapseq	1144	1283	308	bio1	0.768519	0.875522	3.353098
MGYG000003339__gradient_L5_pectin_gapseq	1144	1283	308	bio1	0.768519	0.931596	3.351228
MGYG000003339__gradient_L6_resistant_starch_gapseq	1144	1283	308	bio1	1.170986	0.870945	3.425412
MGYG000003339__gradient_L7_bglucan_gapseq	1144	1283	308	bio1	1.170986	0.853071	3.392154
MGYG000003339__gradient_L8_hmo_gapseq	1144	1283	308	bio1	1.170986	0.944349	3.351344
MGYG000003339__gradient_L9_mos_gapseq	1144	1283	308	bio1	1.265231	0.870848	3.365389
MGYG000003343__gradient_L0_base_gapseq	1434	1625	450	bio1	0.000000	1.252730	0.065449
MGYG000003343__gradient_L1_inulin_gapseq	1434	1625	450	bio1	0.000000	1.209449	0.071278
MGYG000003343__gradient_L2_fos_gapseq	1434	1625	450	bio1	0.000000	1.140573	0.070349
MGYG000003343__gradient_L3_gos_gapseq	1434	1625	450	bio1	0.000000	1.269538	0.066705
MGYG000003343__gradient_L4_xos_gapseq	1434	1625	450	bio1	0.673397	1.193634	5.309775
MGYG000003343__gradient_L5_pectin_gapseq	1434	1625	450	bio1	0.718644	1.198806	5.188728
MGYG000003343__gradient_L6_resistant_starch_gapseq	1434	1625	450	bio1	0.832242	1.269468	5.221968
MGYG000003343__gradient_L7_bglucan_gapseq	1434	1625	450	bio1	0.832242	1.271201	5.216434
MGYG000003343__gradient_L8_hmo_gapseq	1434	1625	450	bio1	0.832242	1.236516	5.195087
MGYG000003343__gradient_L9_mos_gapseq	1434	1625	450	bio1	0.832242	1.172305	5.299026
MGYG000003344__gradient_L0_base_gapseq	1311	1405	351	bio1	0.118747	1.089331	3.925623
MGYG000003344__gradient_L1_inulin_gapseq	1311	1405	351	bio1	0.216598	1.061008	3.969448
MGYG000003344__gradient_L2_fos_gapseq	1311	1405	351	bio1	0.216598	1.002654	4.003540
MGYG000003344__gradient_L3_gos_gapseq	1311	1405	351	bio1	0.216598	1.004476	3.933147
MGYG000003344__gradient_L4_xos_gapseq	1311	1405	351	bio1	0.216598	1.086737	3.963287
MGYG000003344__gradient_L5_pectin_gapseq	1311	1405	351	bio1	0.216598	1.075640	3.985411
MGYG000003344__gradient_L6_resistant_starch_gapseq	1311	1405	351	bio1	0.258187	1.006591	3.948743
MGYG000003344__gradient_L7_bglucan_gapseq	1311	1405	351	bio1	0.258187	1.056959	3.946722
MGYG000003344__gradient_L8_hmo_gapseq	1311	1405	351	bio1	0.258187	1.092618	3.976212
MGYG000003344__gradient_L9_mos_gapseq	1311	1405	351	bio1	0.258187	0.998946	4.012708
MGYG000003355__gradient_L0_base_gapseq	1623	1862	517	bio1	0.975818	1.294524	6.811127
MGYG000003355__gradient_L1_inulin_gapseq	1623	1862	517	bio1	1.307572	1.288081	6.770012
MGYG000003355__gradient_L2_fos_gapseq	1623	1862	517	bio1	1.307572	1.298124	6.753824
MGYG000003355__gradient_L3_gos_gapseq	1623	1862	517	bio1	1.653696	1.362640	6.743069
MGYG000003355__gradient_L4_xos_gapseq	1623	1862	517	bio1	1.752289	1.356059	6.766750
MGYG000003355__gradient_L5_pectin_gapseq	1623	1862	517	bio1	1.815221	1.432996	6.760765
MGYG000003355__gradient_L6_resistant_starch_gapseq	1623	1862	517	bio1	2.538936	1.369711	6.742393
MGYG000003355__gradient_L7_bglucan_gapseq	1623	1862	517	bio1	2.784370	1.361460	6.755768
MGYG000003355__gradient_L8_hmo_gapseq	1623	1862	517	bio1	2.956383	1.381625	6.768751
MGYG000003355__gradient_L9_mos_gapseq	1623	1862	517	bio1	3.090637	1.446984	6.708763
MGYG000003358__gradient_L0_base_gapseq	2319	2886	1271	bio1	1.536731	2.174311	15.843128
MGYG000003358__gradient_L1_inulin_gapseq	2319	2886	1271	bio1	1.858841	2.177773	15.765367
MGYG000003358__gradient_L2_fos_gapseq	2319	2886	1271	bio1	1.858841	2.181349	15.855362
MGYG000003358__gradient_L3_gos_gapseq	2319	2886	1271	bio1	2.205313	2.174059	15.774634
MGYG000003358__gradient_L4_xos_gapseq	2319	2886	1271	bio1	2.375966	2.167363	15.867974
MGYG000003358__gradient_L5_pectin_gapseq	2319	2886	1271	bio1	2.419212	2.193546	15.901570
MGYG000003358__gradient_L6_resistant_starch_gapseq	2319	2886	1271	bio1	3.066457	2.161917	15.680954
MGYG000003358__gradient_L7_bglucan_gapseq	2319	2886	1271	bio1	3.285066	2.190028	15.841237
MGYG000003358__gradient_L8_hmo_gapseq	2319	2886	1271	bio1	3.285066	2.234077	15.906805
MGYG000003358__gradient_L9_mos_gapseq	2319	2886	1271	bio1	3.425390	2.199770	15.846059
MGYG000003360__gradient_L0_base_gapseq	2243	2805	1219	bio1	1.476681	2.097536	14.877830
MGYG000003360__gradient_L1_inulin_gapseq	2243	2805	1219	bio1	1.789640	2.087833	14.866603
MGYG000003360__gradient_L2_fos_gapseq	2243	2805	1219	bio1	1.789640	2.105495	14.985874
MGYG000003360__gradient_L3_gos_gapseq	2243	2805	1219	bio1	2.136557	2.112949	14.935424
MGYG000003360__gradient_L4_xos_gapseq	2243	2805	1219	bio1	2.312566	2.056510	14.977848
MGYG000003360__gradient_L5_pectin_gapseq	2243	2805	1219	bio1	2.355864	2.089563	14.957101
MGYG000003360__gradient_L6_resistant_starch_gapseq	2243	2805	1219	bio1	3.023149	2.117530	14.986523
MGYG000003360__gradient_L7_bglucan_gapseq	2243	2805	1219	bio1	3.242524	2.098983	14.906137
MGYG000003360__gradient_L8_hmo_gapseq	2243	2805	1219	bio1	3.242524	2.077493	14.886802
MGYG000003360__gradient_L9_mos_gapseq	2243	2805	1219	bio1	3.382364	2.127081	14.894637
MGYG000003366__gradient_L0_base_gapseq	1315	1478	363	bio1	0.000000	1.070100	0.051068
MGYG000003366__gradient_L1_inulin_gapseq	1315	1478	363	bio1	0.000000	1.051668	0.148663
MGYG000003366__gradient_L2_fos_gapseq	1315	1478	363	bio1	0.000000	1.044230	0.050696
MGYG000003366__gradient_L3_gos_gapseq	1315	1478	363	bio1	0.907358	1.043004	4.444121
MGYG000003366__gradient_L4_xos_gapseq	1315	1478	363	bio1	0.972550	1.064857	4.464088
MGYG000003366__gradient_L5_pectin_gapseq	1315	1478	363	bio1	0.972550	1.080390	4.328694
MGYG000003366__gradient_L6_resistant_starch_gapseq	1315	1478	363	bio1	1.454599	1.151541	4.306493
MGYG000003366__gradient_L7_bglucan_gapseq	1315	1478	363	bio1	1.454599	1.066207	4.405109
MGYG000003366__gradient_L8_hmo_gapseq	1315	1478	363	bio1	1.454599	1.075106	4.345494
MGYG000003366__gradient_L9_mos_gapseq	1315	1478	363	bio1	1.454599	1.096184	4.323731
MGYG000003368__gradient_L0_base_gapseq	1035	1151	267	bio1	0.317909	0.861928	2.692680
MGYG000003368__gradient_L1_inulin_gapseq	1035	1151	267	bio1	0.395372	0.781509	2.690643
MGYG000003368__gradient_L2_fos_gapseq	1035	1151	267	bio1	0.395372	0.865964	2.736969
MGYG000003368__gradient_L3_gos_gapseq	1035	1151	267	bio1	0.395372	0.789208	2.697688
MGYG000003368__gradient_L4_xos_gapseq	1035	1151	267	bio1	0.414737	0.854616	2.703900
MGYG000003368__gradient_L5_pectin_gapseq	1035	1151	267	bio1	0.414737	0.785915	2.686867
MGYG000003368__gradient_L6_resistant_starch_gapseq	1035	1151	267	bio1	0.492200	0.823804	2.707243
MGYG000003368__gradient_L7_bglucan_gapseq	1035	1151	267	bio1	0.492200	0.784810	2.759655
MGYG000003368__gradient_L8_hmo_gapseq	1035	1151	267	bio1	0.492200	0.775280	2.698984
MGYG000003368__gradient_L9_mos_gapseq	1035	1151	267	bio1	0.492200	0.790335	2.758271
MGYG000003370__gradient_L0_base_gapseq	1458	1711	375	bio1	0.496830	1.322490	5.697958
MGYG000003370__gradient_L1_inulin_gapseq	1458	1711	375	bio1	0.650938	1.174380	5.805565
MGYG000003370__gradient_L2_fos_gapseq	1458	1711	375	bio1	0.650938	1.208873	5.813264
MGYG000003370__gradient_L3_gos_gapseq	1458	1711	375	bio1	0.795415	1.203666	5.724433
MGYG000003370__gradient_L4_xos_gapseq	1458	1711	375	bio1	0.814679	1.271149	5.714104
MGYG000003370__gradient_L5_pectin_gapseq	1458	1711	375	bio1	0.814679	1.275054	5.745982
MGYG000003370__gradient_L6_resistant_starch_gapseq	1458	1711	375	bio1	1.134936	1.251171	5.729507
MGYG000003370__gradient_L7_bglucan_gapseq	1458	1711	375	bio1	1.134936	1.282476	5.734994
MGYG000003370__gradient_L8_hmo_gapseq	1458	1711	375	bio1	1.134936	1.207316	5.855365
MGYG000003370__gradient_L9_mos_gapseq	1458	1711	375	bio1	1.211990	1.161638	5.780775
MGYG000003383__gradient_L0_base_gapseq	1296	1575	428	bio1	0.000000	1.110810	0.057437
MGYG000003383__gradient_L1_inulin_gapseq	1296	1575	428	bio1	0.000000	1.173924	0.061524
MGYG000003383__gradient_L2_fos_gapseq	1296	1575	428	bio1	0.000000	1.105889	0.061117
MGYG000003383__gradient_L3_gos_gapseq	1296	1575	428	bio1	1.172193	1.218855	4.791852
MGYG000003383__gradient_L4_xos_gapseq	1296	1575	428	bio1	1.232593	1.195046	4.778551
MGYG000003383__gradient_L5_pectin_gapseq	1296	1575	428	bio1	1.232593	1.128534	4.953076
MGYG000003383__gradient_L6_resistant_starch_gapseq	1296	1575	428	bio1	1.722502	1.149434	4.895060
MGYG000003383__gradient_L7_bglucan_gapseq	1296	1575	428	bio1	1.890279	1.144642	4.776856
MGYG000003383__gradient_L8_hmo_gapseq	1296	1575	428	bio1	2.002131	1.211628	4.792528
MGYG000003383__gradient_L9_mos_gapseq	1296	1575	428	bio1	2.002131	1.192195	4.886461
MGYG000003391__gradient_L0_base_gapseq	1221	1338	311	bio1	0.837731	0.936783	3.752774
MGYG000003391__gradient_L1_inulin_gapseq	1221	1338	311	bio1	1.047187	0.943865	3.656825
MGYG000003391__gradient_L2_fos_gapseq	1221	1338	311	bio1	1.047187	1.032479	3.630711
MGYG000003391__gradient_L3_gos_gapseq	1221	1338	311	bio1	1.047187	0.943802	3.737510
MGYG000003391__gradient_L4_xos_gapseq	1221	1338	311	bio1	1.047187	0.937363	3.627988
MGYG000003391__gradient_L5_pectin_gapseq	1221	1338	311	bio1	1.047187	1.028582	3.641454
MGYG000003391__gradient_L6_resistant_starch_gapseq	1221	1338	311	bio1	1.150462	0.948572	3.733585
MGYG000003391__gradient_L7_bglucan_gapseq	1221	1338	311	bio1	1.150462	0.937780	3.631552
MGYG000003391__gradient_L8_hmo_gapseq	1221	1338	311	bio1	1.150462	1.030443	3.627181
MGYG000003391__gradient_L9_mos_gapseq	1221	1338	311	bio1	1.253737	0.944307	3.689420
MGYG000003399	0	0	0	NONE	0.000000	0.000000	0.000000
MGYG000003409__gradient_L0_base_gapseq	1026	1203	321	bio1	0.413400	0.821081	3.050087
MGYG000003409__gradient_L1_inulin_gapseq	1026	1203	321	bio1	0.727918	0.851658	3.082844
MGYG000003409__gradient_L2_fos_gapseq	1026	1203	321	bio1	0.727918	0.817618	2.989934
MGYG000003409__gradient_L3_gos_gapseq	1026	1203	321	bio1	1.025068	0.909016	2.998113
MGYG000003409__gradient_L4_xos_gapseq	1026	1203	321	bio1	1.025068	0.819011	3.070768
MGYG000003409__gradient_L5_pectin_gapseq	1026	1203	321	bio1	1.025068	0.843017	2.993191
MGYG000003409__gradient_L6_resistant_starch_gapseq	1026	1203	321	bio1	1.591902	0.822290	3.080601
MGYG000003409__gradient_L7_bglucan_gapseq	1026	1203	321	bio1	1.793877	0.818457	3.005928
MGYG000003409__gradient_L8_hmo_gapseq	1026	1203	321	bio1	1.937214	0.896300	3.011935
MGYG000003409__gradient_L9_mos_gapseq	1026	1203	321	bio1	2.041459	0.836293	3.012486
MGYG000003457__gradient_L0_base_gapseq	1068	1130	233	bio1	0.000000	0.848182	0.031212
MGYG000003457__gradient_L1_inulin_gapseq	1068	1130	233	bio1	0.000000	0.781918	0.031562
MGYG000003457__gradient_L2_fos_gapseq	1068	1130	233	bio1	0.000000	0.851134	0.031524
MGYG000003457__gradient_L3_gos_gapseq	1068	1130	233	bio1	0.000000	0.796925	0.031847
MGYG000003457__gradient_L4_xos_gapseq	1068	1130	233	bio1	0.000000	0.808225	0.030887
MGYG000003457__gradient_L5_pectin_gapseq	1068	1130	233	bio1	0.000000	0.877745	0.031244
MGYG000003457__gradient_L6_resistant_starch_gapseq	1068	1130	233	bio1	0.000000	0.791443	0.031410
MGYG000003457__gradient_L7_bglucan_gapseq	1068	1130	233	bio1	0.000000	0.787942	0.031241
MGYG000003457__gradient_L8_hmo_gapseq	1068	1130	233	bio1	0.000000	0.858096	0.031669
MGYG000003457__gradient_L9_mos_gapseq	1068	1130	233	bio1	0.000000	0.792703	0.031737
MGYG000003476__gradient_L0_base_gapseq	847	851	156	bio1	0.243036	0.559330	1.595652
MGYG000003476__gradient_L1_inulin_gapseq	847	851	156	bio1	0.465828	0.563845	1.512609
MGYG000003476__gradient_L2_fos_gapseq	847	851	156	bio1	0.465828	0.566333	1.519550
MGYG000003476__gradient_L3_gos_gapseq	847	851	156	bio1	0.625326	0.666086	1.511770
MGYG000003476__gradient_L4_xos_gapseq	847	851	156	bio1	0.625326	0.605005	1.515078
MGYG000003476__gradient_L5_pectin_gapseq	847	851	156	bio1	0.660770	0.593908	1.588979
MGYG000003476__gradient_L6_resistant_starch_gapseq	847	851	156	bio1	0.751912	0.619447	1.546847
MGYG000003476__gradient_L7_bglucan_gapseq	847	851	156	bio1	0.751912	0.603418	1.521857
MGYG000003476__gradient_L8_hmo_gapseq	847	851	156	bio1	0.751912	0.611520	1.586078
MGYG000003476__gradient_L9_mos_gapseq	847	851	156	bio1	0.792419	0.585545	1.527707
MGYG000003481__gradient_L0_base_gapseq	867	808	112	bio1	0.000000	0.557202	0.017937
MGYG000003481__gradient_L1_inulin_gapseq	867	808	112	bio1	0.000000	0.548802	0.085721
MGYG000003481__gradient_L2_fos_gapseq	867	808	112	bio1	0.000000	0.555545	0.019634
MGYG000003481__gradient_L3_gos_gapseq	867	808	112	bio1	0.000000	0.568317	0.021065
MGYG000003481__gradient_L4_xos_gapseq	867	808	112	bio1	0.000000	0.562231	0.019624
MGYG000003481__gradient_L5_pectin_gapseq	867	808	112	bio1	0.000000	0.556914	0.085664
MGYG000003481__gradient_L6_resistant_starch_gapseq	867	808	112	bio1	0.000000	0.565169	0.019951
MGYG000003481__gradient_L7_bglucan_gapseq	867	808	112	bio1	0.000000	0.601452	0.019895
MGYG000003481__gradient_L8_hmo_gapseq	867	808	112	bio1	0.000000	0.549580	0.019725
MGYG000003481__gradient_L9_mos_gapseq	867	808	112	bio1	0.000000	0.558233	0.093885
MGYG000003496__gradient_L0_base_gapseq	1171	1225	246	bio1	0.000000	0.889224	0.038426
MGYG000003496__gradient_L1_inulin_gapseq	1171	1225	246	bio1	0.000000	0.865826	0.038621
MGYG000003496__gradient_L2_fos_gapseq	1171	1225	246	bio1	0.000000	0.958853	0.038375
MGYG000003496__gradient_L3_gos_gapseq	1171	1225	246	bio1	0.298428	0.879339	3.137078
MGYG000003496__gradient_L4_xos_gapseq	1171	1225	246	bio1	0.298428	0.957480	3.114851
MGYG000003496__gradient_L5_pectin_gapseq	1171	1225	246	bio1	0.298428	0.858688	3.175391
MGYG000003496__gradient_L6_resistant_starch_gapseq	1171	1225	246	bio1	0.739090	0.862792	3.122779
MGYG000003496__gradient_L7_bglucan_gapseq	1171	1225	246	bio1	0.739090	0.948573	3.160848
MGYG000003496__gradient_L8_hmo_gapseq	1171	1225	246	bio1	0.739090	0.874150	3.131886
MGYG000003496__gradient_L9_mos_gapseq	1171	1225	246	bio1	0.813700	0.945544	3.126804
MGYG000003500__gradient_L0_base_gapseq	1331	1466	294	bio1	0.000000	1.025644	0.048591
MGYG000003500__gradient_L1_inulin_gapseq	1331	1466	294	bio1	0.000000	1.102709	0.049358
MGYG000003500__gradient_L2_fos_gapseq	1331	1466	294	bio1	0.000000	1.030369	0.049156
MGYG000003500__gradient_L3_gos_gapseq	1331	1466	294	bio1	0.347318	1.100576	4.368940
MGYG000003500__gradient_L4_xos_gapseq	1331	1466	294	bio1	0.347318	1.108170	4.357794
MGYG000003500__gradient_L5_pectin_gapseq	1331	1466	294	bio1	0.347318	1.058261	4.478624
MGYG000003500__gradient_L6_resistant_starch_gapseq	1331	1466	294	bio1	0.811633	1.046316	4.388399
MGYG000003500__gradient_L7_bglucan_gapseq	1331	1466	294	bio1	0.974859	1.093957	4.385720
MGYG000003500__gradient_L8_hmo_gapseq	1331	1466	294	bio1	0.974859	1.129058	4.390606
MGYG000003500__gradient_L9_mos_gapseq	1331	1466	294	bio1	1.047781	1.054559	4.446288
MGYG000003529__gradient_L0_base_gapseq	1051	1142	208	bio1	0.192804	0.864763	2.591370
MGYG000003529__gradient_L1_inulin_gapseq	1051	1142	208	bio1	0.192804	0.797783	2.587793
MGYG000003529__gradient_L2_fos_gapseq	1051	1142	208	bio1	0.192804	0.872991	2.600723
MGYG000003529__gradient_L3_gos_gapseq	1051	1142	208	bio1	0.192804	0.781674	2.583189
MGYG000003529__gradient_L4_xos_gapseq	1051	1142	208	bio1	0.192804	0.838699	2.580676
MGYG000003529__gradient_L5_pectin_gapseq	1051	1142	208	bio1	0.192804	0.791973	2.574950
MGYG000003529__gradient_L6_resistant_starch_gapseq	1051	1142	208	bio1	0.194795	0.865823	2.583966
MGYG000003529__gradient_L7_bglucan_gapseq	1051	1142	208	bio1	0.202510	0.781505	2.580974
MGYG000003529__gradient_L8_hmo_gapseq	1051	1142	208	bio1	0.202510	0.831470	2.571356
MGYG000003529__gradient_L9_mos_gapseq	1051	1142	208	bio1	0.202510	0.782850	2.580740
MGYG000003552__gradient_L0_base_gapseq	1370	1521	366	bio1	0.000000	1.090150	0.061493
MGYG000003552__gradient_L1_inulin_gapseq	1370	1521	366	bio1	0.000000	1.122434	0.126907
MGYG000003552__gradient_L2_fos_gapseq	1370	1521	366	bio1	0.000000	1.079973	0.059036
MGYG000003552__gradient_L3_gos_gapseq	1370	1521	366	bio1	0.643614	1.158988	4.616037
MGYG000003552__gradient_L4_xos_gapseq	1370	1521	366	bio1	0.695495	1.101310	4.747257
MGYG000003552__gradient_L5_pectin_gapseq	1370	1521	366	bio1	0.695495	1.081971	4.612731
MGYG000003552__gradient_L6_resistant_starch_gapseq	1370	1521	366	bio1	1.196603	1.156765	4.615337
MGYG000003552__gradient_L7_bglucan_gapseq	1370	1521	366	bio1	1.373690	1.162674	4.630483
MGYG000003552__gradient_L8_hmo_gapseq	1370	1521	366	bio1	1.373690	1.095574	4.637855
MGYG000003552__gradient_L9_mos_gapseq	1370	1521	366	bio1	1.373690	1.082169	4.575791
MGYG000003567__gradient_L0_base_gapseq	1054	1179	281	bio1	0.381567	0.843920	2.825017
MGYG000003567__gradient_L1_inulin_gapseq	1054	1179	281	bio1	0.738124	0.815449	2.894390
MGYG000003567__gradient_L2_fos_gapseq	1054	1179	281	bio1	0.738124	0.789286	2.850190
MGYG000003567__gradient_L3_gos_gapseq	1054	1179	281	bio1	0.738124	0.817062	2.912123
MGYG000003567__gradient_L4_xos_gapseq	1054	1179	281	bio1	0.738124	0.811709	2.832538
MGYG000003567__gradient_L5_pectin_gapseq	1054	1179	281	bio1	0.738124	0.879683	2.847888
MGYG000003567__gradient_L6_resistant_starch_gapseq	1054	1179	281	bio1	0.831167	0.811644	2.858960
MGYG000003567__gradient_L7_bglucan_gapseq	1054	1179	281	bio1	0.831167	0.842015	2.847967
MGYG000003567__gradient_L8_hmo_gapseq	1054	1179	281	bio1	0.831167	0.814717	2.914282
MGYG000003567__gradient_L9_mos_gapseq	1054	1179	281	bio1	0.831167	0.789188	2.845067
MGYG000003619__gradient_L0_base_gapseq	1331	1492	366	bio1	0.000000	1.128647	0.056507
MGYG000003619__gradient_L1_inulin_gapseq	1331	1492	366	bio1	0.000000	1.055916	0.056849
MGYG000003619__gradient_L2_fos_gapseq	1331	1492	366	bio1	0.000000	1.127289	0.056545
MGYG000003619__gradient_L3_gos_gapseq	1331	1492	366	bio1	1.104235	1.057063	4.523361
MGYG000003619__gradient_L4_xos_gapseq	1331	1492	366	bio1	1.104235	1.060767	4.451207
MGYG000003619__gradient_L5_pectin_gapseq	1331	1492	366	bio1	1.104235	1.189066	4.412546
MGYG000003619__gradient_L6_resistant_starch_gapseq	1331	1492	366	bio1	1.662983	1.166134	4.457874
MGYG000003619__gradient_L7_bglucan_gapseq	1331	1492	366	bio1	1.662983	1.050894	4.518303
MGYG000003619__gradient_L8_hmo_gapseq	1331	1492	366	bio1	1.662983	1.055895	4.467348
MGYG000003619__gradient_L9_mos_gapseq	1331	1492	366	bio1	1.751322	1.115420	4.448015
MGYG000003662__gradient_L0_base_gapseq	1268	1451	332	bio1	0.348914	1.046564	4.246044
MGYG000003662__gradient_L1_inulin_gapseq	1268	1451	332	bio1	0.458619	0.977514	4.333689
MGYG000003662__gradient_L2_fos_gapseq	1268	1451	332	bio1	0.458619	1.006837	4.239138
MGYG000003662__gradient_L3_gos_gapseq	1268	1451	332	bio1	0.540898	1.089300	4.238781
MGYG000003662__gradient_L4_xos_gapseq	1268	1451	332	bio1	0.605557	0.995383	4.295891
MGYG000003662__gradient_L5_pectin_gapseq	1268	1451	332	bio1	0.605557	1.011425	4.224152
MGYG000003662__gradient_L6_resistant_starch_gapseq	1268	1451	332	bio1	0.704242	1.078594	4.236872
MGYG000003662__gradient_L7_bglucan_gapseq	1268	1451	332	bio1	0.858998	1.016816	4.347874
MGYG000003662__gradient_L8_hmo_gapseq	1268	1451	332	bio1	0.858998	1.015800	4.242561
MGYG000003662__gradient_L9_mos_gapseq	1268	1451	332	bio1	0.957683	1.122929	4.239507
MGYG000003667__gradient_L0_base_gapseq	725	699	111	bio1	0.005221	0.464462	1.095299
MGYG000003667__gradient_L1_inulin_gapseq	725	699	111	bio1	0.083340	0.531992	1.093709
MGYG000003667__gradient_L2_fos_gapseq	725	699	111	bio1	0.083340	0.464076	1.090439
MGYG000003667__gradient_L3_gos_gapseq	725	699	111	bio1	0.083340	0.458424	1.104592
MGYG000003667__gradient_L4_xos_gapseq	725	699	111	bio1	0.083340	0.531814	1.094614
MGYG000003667__gradient_L5_pectin_gapseq	725	699	111	bio1	0.083340	0.462712	1.094424
MGYG000003667__gradient_L6_resistant_starch_gapseq	725	699	111	bio1	0.083762	0.466324	1.091084
MGYG000003667__gradient_L7_bglucan_gapseq	725	699	111	bio1	0.083762	0.457702	1.186606
MGYG000003667__gradient_L8_hmo_gapseq	725	699	111	bio1	0.083762	0.463195	1.096344
MGYG000003667__gradient_L9_mos_gapseq	725	699	111	bio1	0.083762	0.466628	1.092323
MGYG000003669__gradient_L0_base_gapseq	754	750	109	bio1	0.000000	0.504324	0.019294
MGYG000003669__gradient_L1_inulin_gapseq	754	750	109	bio1	0.204243	0.567539	1.291850
MGYG000003669__gradient_L2_fos_gapseq	754	750	109	bio1	0.204243	0.505407	1.280423
MGYG000003669__gradient_L3_gos_gapseq	754	750	109	bio1	0.204243	0.507754	1.275387
MGYG000003669__gradient_L4_xos_gapseq	754	750	109	bio1	0.204243	0.558847	1.275738
MGYG000003669__gradient_L5_pectin_gapseq	754	750	109	bio1	0.204243	0.504319	1.282983
MGYG000003669__gradient_L6_resistant_starch_gapseq	754	750	109	bio1	0.306370	0.504811	1.285585
MGYG000003669__gradient_L7_bglucan_gapseq	754	750	109	bio1	0.306370	0.557940	1.286240
MGYG000003669__gradient_L8_hmo_gapseq	754	750	109	bio1	0.306370	0.501638	1.291156
MGYG000003669__gradient_L9_mos_gapseq	754	750	109	bio1	0.306370	0.503163	1.281301
MGYG000003679__gradient_L0_base_gapseq	1052	1163	245	bio1	0.000000	0.860002	0.035539
MGYG000003679__gradient_L1_inulin_gapseq	1052	1163	245	bio1	0.000000	0.794832	0.036594
MGYG000003679__gradient_L2_fos_gapseq	1052	1163	245	bio1	0.000000	0.798093	0.036847
MGYG000003679__gradient_L3_gos_gapseq	1052	1163	245	bio1	0.412833	0.874334	2.795830
MGYG000003679__gradient_L4_xos_gapseq	1052	1163	245	bio1	0.447093	0.803094	2.788946
MGYG000003679__gradient_L5_pectin_gapseq	1052	1163	245	bio1	0.447093	0.877467	2.816493
MGYG000003679__gradient_L6_resistant_starch_gapseq	1052	1163	245	bio1	0.734516	0.810453	2.874252
MGYG000003679__gradient_L7_bglucan_gapseq	1052	1163	245	bio1	0.845063	0.812353	2.798006
MGYG000003679__gradient_L8_hmo_gapseq	1052	1163	245	bio1	0.845063	0.802396	2.859733
MGYG000003679__gradient_L9_mos_gapseq	1052	1163	245	bio1	0.845063	0.809875	2.819741
MGYG000003685__gradient_L0_base_gapseq	1174	1321	332	bio1	0.795421	0.994502	3.522211
MGYG000003685__gradient_L1_inulin_gapseq	1174	1321	332	bio1	1.087098	0.928211	3.579650
MGYG000003685__gradient_L2_fos_gapseq	1174	1321	332	bio1	1.087098	0.931966	3.557040
MGYG000003685__gradient_L3_gos_gapseq	1174	1321	332	bio1	1.380550	0.974662	3.561284
MGYG000003685__gradient_L4_xos_gapseq	1174	1321	332	bio1	1.380550	0.907686	3.664125
MGYG000003685__gradient_L5_pectin_gapseq	1174	1321	332	bio1	1.380550	0.920174	3.568660
MGYG000003685__gradient_L6_resistant_starch_gapseq	1174	1321	332	bio1	1.996355	0.991624	3.532999
MGYG000003685__gradient_L7_bglucan_gapseq	1174	1321	332	bio1	2.203106	0.925479	3.643963
MGYG000003685__gradient_L8_hmo_gapseq	1174	1321	332	bio1	2.203106	0.927204	3.518816
MGYG000003685__gradient_L9_mos_gapseq	1174	1321	332	bio1	2.345386	1.007047	3.516063
MGYG000003686__gradient_L0_base_gapseq	1209	1282	324	bio1	0.000000	0.961042	0.042065
MGYG000003686__gradient_L1_inulin_gapseq	1209	1282	324	bio1	0.000000	0.903725	0.044298
MGYG000003686__gradient_L2_fos_gapseq	1209	1282	324	bio1	0.000000	0.896083	0.107084
MGYG000003686__gradient_L3_gos_gapseq	1209	1282	324	bio1	0.000000	0.903262	0.044666
MGYG000003686__gradient_L4_xos_gapseq	1209	1282	324	bio1	0.000000	0.929307	0.044120
MGYG000003686__gradient_L5_pectin_gapseq	1209	1282	324	bio1	0.000000	0.980625	0.045333
MGYG000003686__gradient_L6_resistant_starch_gapseq	1209	1282	324	bio1	0.000000	0.907112	0.044698
MGYG000003686__gradient_L7_bglucan_gapseq	1209	1282	324	bio1	0.000000	0.971538	0.045414
MGYG000003686__gradient_L8_hmo_gapseq	1209	1282	324	bio1	0.000000	0.911449	0.045249
MGYG000003686__gradient_L9_mos_gapseq	1209	1282	324	bio1	0.000000	0.944234	0.044671
MGYG000003687__gradient_L0_base_gapseq	1915	2293	718	bio1	0.833221	1.709090	10.196781
MGYG000003687__gradient_L1_inulin_gapseq	1915	2293	718	bio1	1.065754	1.640404	10.158681
MGYG000003687__gradient_L2_fos_gapseq	1915	2293	718	bio1	1.065754	1.593293	10.134756
MGYG000003687__gradient_L3_gos_gapseq	1915	2293	718	bio1	1.311160	1.702494	10.123741
MGYG000003687__gradient_L4_xos_gapseq	1915	2293	718	bio1	1.374264	1.673650	10.103220
MGYG000003687__gradient_L5_pectin_gapseq	1915	2293	718	bio1	1.406985	1.716849	10.198240
MGYG000003687__gradient_L6_resistant_starch_gapseq	1915	2293	718	bio1	1.918832	1.615078	10.157113
MGYG000003687__gradient_L7_bglucan_gapseq	1915	2293	718	bio1	2.094122	1.606561	10.111619
MGYG000003687__gradient_L8_hmo_gapseq	1915	2293	718	bio1	2.094122	1.699928	10.147842
MGYG000003687__gradient_L9_mos_gapseq	1915	2293	718	bio1	2.206308	1.674762	10.106673
MGYG000003688__gradient_L0_base_gapseq	1184	1322	325	bio1	0.400291	0.925797	3.648379
MGYG000003688__gradient_L1_inulin_gapseq	1184	1322	325	bio1	0.590910	0.922181	3.578002
MGYG000003688__gradient_L2_fos_gapseq	1184	1322	325	bio1	0.590910	0.984479	3.578111
MGYG000003688__gradient_L3_gos_gapseq	1184	1322	325	bio1	0.762468	0.922114	3.558738
MGYG000003688__gradient_L4_xos_gapseq	1184	1322	325	bio1	0.762468	1.004729	3.548636
MGYG000003688__gradient_L5_pectin_gapseq	1184	1322	325	bio1	0.762468	0.995621	3.565953
MGYG000003688__gradient_L6_resistant_starch_gapseq	1184	1322	325	bio1	1.161939	0.921535	3.564855
MGYG000003688__gradient_L7_bglucan_gapseq	1184	1322	325	bio1	1.161939	0.977317	3.596743
MGYG000003688__gradient_L8_hmo_gapseq	1184	1322	325	bio1	1.161939	0.941951	3.636524
MGYG000003688__gradient_L9_mos_gapseq	1184	1322	325	bio1	1.255456	0.925519	3.575341
MGYG000003696__gradient_L0_base_gapseq	1173	1321	341	bio1	0.795027	0.976152	3.622167
MGYG000003696__gradient_L1_inulin_gapseq	1173	1321	341	bio1	1.086579	0.916620	3.633216
MGYG000003696__gradient_L2_fos_gapseq	1173	1321	341	bio1	1.086579	0.936436	3.550959
MGYG000003696__gradient_L3_gos_gapseq	1173	1321	341	bio1	1.379891	0.993950	3.556975
MGYG000003696__gradient_L4_xos_gapseq	1173	1321	341	bio1	1.379891	0.929156	3.618865
MGYG000003696__gradient_L5_pectin_gapseq	1173	1321	341	bio1	1.379891	0.941480	3.592456
MGYG000003696__gradient_L6_resistant_starch_gapseq	1173	1321	341	bio1	1.995402	0.977587	3.527528
MGYG000003696__gradient_L7_bglucan_gapseq	1173	1321	341	bio1	1.995402	0.930490	3.614363
MGYG000003696__gradient_L8_hmo_gapseq	1173	1321	341	bio1	1.995402	0.932566	3.583092
MGYG000003696__gradient_L9_mos_gapseq	1173	1321	341	bio1	2.137614	0.999995	3.550169
MGYG000003702__gradient_L0_base_gapseq	1339	1510	421	bio1	0.000000	1.076389	0.059121
MGYG000003702__gradient_L1_inulin_gapseq	1339	1510	421	bio1	0.967491	1.196593	4.513139
MGYG000003702__gradient_L2_fos_gapseq	1339	1510	421	bio1	0.967491	1.150579	4.580770
MGYG000003702__gradient_L3_gos_gapseq	1339	1510	421	bio1	1.213279	1.077856	4.643300
MGYG000003702__gradient_L4_xos_gapseq	1339	1510	421	bio1	1.213279	1.092274	4.559796
MGYG000003702__gradient_L5_pectin_gapseq	1339	1510	421	bio1	1.213279	1.167600	4.578210
MGYG000003702__gradient_L6_resistant_starch_gapseq	1339	1510	421	bio1	1.745889	1.175190	4.577847
MGYG000003702__gradient_L7_bglucan_gapseq	1339	1510	421	bio1	1.924899	1.074822	4.634857
MGYG000003702__gradient_L8_hmo_gapseq	1339	1510	421	bio1	2.057499	1.057949	4.601733
MGYG000003702__gradient_L9_mos_gapseq	1339	1510	421	bio1	2.145899	1.093035	4.544035
MGYG000003703__gradient_L0_base_gapseq	1031	1180	318	bio1	0.399456	0.863592	2.851871
MGYG000003703__gradient_L1_inulin_gapseq	1031	1180	318	bio1	0.589678	0.805543	2.910579
MGYG000003703__gradient_L2_fos_gapseq	1031	1180	318	bio1	0.589678	0.811911	2.856940
MGYG000003703__gradient_L3_gos_gapseq	1031	1180	318	bio1	0.760877	0.876551	2.851396
MGYG000003703__gradient_L4_xos_gapseq	1031	1180	318	bio1	0.760877	0.820492	2.842520
MGYG000003703__gradient_L5_pectin_gapseq	1031	1180	318	bio1	0.760877	0.857563	2.843005
MGYG000003703__gradient_L6_resistant_starch_gapseq	1031	1180	318	bio1	1.159561	0.812199	2.921599
MGYG000003703__gradient_L7_bglucan_gapseq	1031	1180	318	bio1	1.159561	0.808803	2.854824
MGYG000003703__gradient_L8_hmo_gapseq	1031	1180	318	bio1	1.159561	0.814775	2.910266
MGYG000003703__gradient_L9_mos_gapseq	1031	1180	318	bio1	1.252887	0.810277	2.851234
MGYG000003713__gradient_L0_base_gapseq	1237	1337	324	bio1	0.365371	1.020443	3.734590
MGYG000003713__gradient_L1_inulin_gapseq	1237	1337	324	bio1	0.517820	0.975439	3.785355
MGYG000003713__gradient_L2_fos_gapseq	1237	1337	324	bio1	0.517820	0.955377	3.727687
MGYG000003713__gradient_L3_gos_gapseq	1237	1337	324	bio1	0.517820	1.042921	3.728731
MGYG000003713__gradient_L4_xos_gapseq	1237	1337	324	bio1	0.517820	0.954894	3.770573
MGYG000003713__gradient_L5_pectin_gapseq	1237	1337	324	bio1	0.517820	0.967091	3.705461
MGYG000003713__gradient_L6_resistant_starch_gapseq	1237	1337	324	bio1	0.517820	1.024061	3.706097
MGYG000003713__gradient_L7_bglucan_gapseq	1237	1337	324	bio1	0.517820	0.946545	3.763309
MGYG000003713__gradient_L8_hmo_gapseq	1237	1337	324	bio1	0.517820	0.940147	3.739858
MGYG000003713__gradient_L9_mos_gapseq	1237	1337	324	bio1	0.517820	0.994841	3.704654
MGYG000003739__gradient_L0_base_gapseq	1457	1748	389	bio1	0.490134	1.262989	5.896419
MGYG000003739__gradient_L1_inulin_gapseq	1457	1748	389	bio1	0.646980	1.251073	5.919131
MGYG000003739__gradient_L2_fos_gapseq	1457	1748	389	bio1	0.646980	1.255483	5.939465
MGYG000003739__gradient_L3_gos_gapseq	1457	1748	389	bio1	0.794023	1.185599	6.021894
MGYG000003739__gradient_L4_xos_gapseq	1457	1748	389	bio1	0.794023	1.173253	5.974722
MGYG000003739__gradient_L5_pectin_gapseq	1457	1748	389	bio1	0.794023	1.184267	5.947254
MGYG000003739__gradient_L6_resistant_starch_gapseq	1457	1748	389	bio1	1.117541	1.256766	5.935846
MGYG000003739__gradient_L7_bglucan_gapseq	1457	1748	389	bio1	1.117541	1.253285	5.925333
MGYG000003739__gradient_L8_hmo_gapseq	1457	1748	389	bio1	1.117541	1.273445	5.924520
MGYG000003739__gradient_L9_mos_gapseq	1457	1748	389	bio1	1.194447	1.256162	5.930957
MGYG000003742__gradient_L0_base_gapseq	1235	1394	292	bio1	0.000000	0.942195	0.050662
MGYG000003742__gradient_L1_inulin_gapseq	1235	1394	292	bio1	0.000000	1.051240	0.049904
MGYG000003742__gradient_L2_fos_gapseq	1235	1394	292	bio1	0.000000	0.970060	0.050163
MGYG000003742__gradient_L3_gos_gapseq	1235	1394	292	bio1	0.000000	1.046606	0.050346
MGYG000003742__gradient_L4_xos_gapseq	1235	1394	292	bio1	0.000000	0.968975	0.050958
MGYG000003742__gradient_L5_pectin_gapseq	1235	1394	292	bio1	0.000000	1.027790	0.050895
MGYG000003742__gradient_L6_resistant_starch_gapseq	1235	1394	292	bio1	0.000000	0.962201	0.051072
MGYG000003742__gradient_L7_bglucan_gapseq	1235	1394	292	bio1	0.000000	1.053385	0.049873
MGYG000003742__gradient_L8_hmo_gapseq	1235	1394	292	bio1	0.000000	0.939820	0.050033
MGYG000003742__gradient_L9_mos_gapseq	1235	1394	292	bio1	0.000000	0.942490	0.049830
MGYG000003773__gradient_L0_base_gapseq	1025	1160	301	bio1	0.000000	0.897738	0.038323
MGYG000003773__gradient_L1_inulin_gapseq	1025	1160	301	bio1	0.000000	0.796514	0.039408
MGYG000003773__gradient_L2_fos_gapseq	1025	1160	301	bio1	0.000000	0.890845	0.040104
MGYG000003773__gradient_L3_gos_gapseq	1025	1160	301	bio1	1.052089	0.791171	2.715447
MGYG000003773__gradient_L4_xos_gapseq	1025	1160	301	bio1	1.057839	0.802791	2.873637
MGYG000003773__gradient_L5_pectin_gapseq	1025	1160	301	bio1	1.057839	0.791762	2.724976
MGYG000003773__gradient_L6_resistant_starch_gapseq	1025	1160	301	bio1	1.696540	0.841751	2.719821
MGYG000003773__gradient_L7_bglucan_gapseq	1025	1160	301	bio1	1.916094	0.801143	2.725696
MGYG000003773__gradient_L8_hmo_gapseq	1025	1160	301	bio1	1.916094	0.844583	2.721949
MGYG000003773__gradient_L9_mos_gapseq	1025	1160	301	bio1	2.022544	0.795970	2.829534
MGYG000003788__gradient_L0_base_gapseq	1045	1094	276	bio1	0.415574	0.766702	2.532475
MGYG000003788__gradient_L1_inulin_gapseq	1045	1094	276	bio1	0.451909	0.769339	2.418284
MGYG000003788__gradient_L2_fos_gapseq	1045	1094	276	bio1	0.451909	0.764980	2.491802
MGYG000003788__gradient_L3_gos_gapseq	1045	1094	276	bio1	0.451909	0.782405	2.417539
MGYG000003788__gradient_L4_xos_gapseq	1045	1094	276	bio1	0.451909	0.769352	2.472657
MGYG000003788__gradient_L5_pectin_gapseq	1045	1094	276	bio1	0.451909	0.774672	2.428098
MGYG000003788__gradient_L6_resistant_starch_gapseq	1045	1094	276	bio1	0.488245	0.770389	2.466926
MGYG000003788__gradient_L7_bglucan_gapseq	1045	1094	276	bio1	0.488245	0.780286	2.415947
MGYG000003788__gradient_L8_hmo_gapseq	1045	1094	276	bio1	0.488245	0.773121	2.492235
MGYG000003788__gradient_L9_mos_gapseq	1045	1094	276	bio1	0.488245	0.776760	2.415073
MGYG000003802__gradient_L0_base_gapseq	1098	1106	225	bio1	0.000000	0.785580	0.030950
MGYG000003802__gradient_L1_inulin_gapseq	1098	1106	225	bio1	0.000000	0.781806	0.030880
MGYG000003802__gradient_L2_fos_gapseq	1098	1106	225	bio1	0.000000	0.823098	0.030927
MGYG000003802__gradient_L3_gos_gapseq	1098	1106	225	bio1	0.000000	0.787514	0.031153
MGYG000003802__gradient_L4_xos_gapseq	1098	1106	225	bio1	0.000000	0.772726	0.031076
MGYG000003802__gradient_L5_pectin_gapseq	1098	1106	225	bio1	0.000000	0.858074	0.030961
MGYG000003802__gradient_L6_resistant_starch_gapseq	1098	1106	225	bio1	0.000000	0.790325	0.031099
MGYG000003802__gradient_L7_bglucan_gapseq	1098	1106	225	bio1	0.000000	0.782348	0.032239
MGYG000003802__gradient_L8_hmo_gapseq	1098	1106	225	bio1	0.000000	0.839363	0.031923
MGYG000003802__gradient_L9_mos_gapseq	1098	1106	225	bio1	0.000000	0.782632	0.031552
MGYG000003829__gradient_L0_base_gapseq	1201	1279	217	bio1	0.000000	0.882087	0.043658
MGYG000003829__gradient_L1_inulin_gapseq	1201	1279	217	bio1	0.000000	0.993008	0.044997
MGYG000003829__gradient_L2_fos_gapseq	1201	1279	217	bio1	0.000000	0.892721	0.044479
MGYG000003829__gradient_L3_gos_gapseq	1201	1279	217	bio1	0.785801	0.980172	3.326268
MGYG000003829__gradient_L4_xos_gapseq	1201	1279	217	bio1	0.785803	0.897161	3.321975
MGYG000003829__gradient_L5_pectin_gapseq	1201	1279	217	bio1	0.785803	1.004205	3.303350
MGYG000003829__gradient_L6_resistant_starch_gapseq	1201	1279	217	bio1	1.411364	0.887169	3.392824
MGYG000003829__gradient_L7_bglucan_gapseq	1201	1279	217	bio1	1.411364	0.892853	3.321266
MGYG000003829__gradient_L8_hmo_gapseq	1201	1279	217	bio1	1.411364	0.941467	3.336434
MGYG000003829__gradient_L9_mos_gapseq	1201	1279	217	bio1	1.546955	0.893306	3.411285
MGYG000003836__gradient_L0_base_gapseq	1231	1278	316	bio1	0.215065	0.941384	3.382755
MGYG000003836__gradient_L1_inulin_gapseq	1231	1278	316	bio1	0.273722	0.914855	3.294874
MGYG000003836__gradient_L2_fos_gapseq	1231	1278	316	bio1	0.273722	0.986189	3.304392
MGYG000003836__gradient_L3_gos_gapseq	1231	1278	316	bio1	0.273722	0.934614	3.375934
MGYG000003836__gradient_L4_xos_gapseq	1231	1278	316	bio1	0.273722	0.933036	3.312104
MGYG000003836__gradient_L5_pectin_gapseq	1231	1278	316	bio1	0.273722	0.983968	3.291567
MGYG000003836__gradient_L6_resistant_starch_gapseq	1231	1278	316	bio1	0.303051	0.949762	3.377026
MGYG000003836__gradient_L7_bglucan_gapseq	1231	1278	316	bio1	0.303051	0.931900	3.291291
MGYG000003836__gradient_L8_hmo_gapseq	1231	1278	316	bio1	0.303051	0.988163	3.327205
MGYG000003836__gradient_L9_mos_gapseq	1231	1278	316	bio1	0.303051	0.927453	3.339923
MGYG000003842__gradient_L0_base_gapseq	1218	1323	274	bio1	0.000000	0.948796	0.045483
MGYG000003842__gradient_L1_inulin_gapseq	1218	1323	274	bio1	0.000000	0.937573	0.045601
MGYG000003842__gradient_L2_fos_gapseq	1218	1323	274	bio1	0.000000	1.002875	0.046309
MGYG000003842__gradient_L3_gos_gapseq	1218	1323	274	bio1	0.000000	0.931823	0.046139
MGYG000003842__gradient_L4_xos_gapseq	1218	1323	274	bio1	0.000000	1.003975	0.045550
MGYG000003842__gradient_L5_pectin_gapseq	1218	1323	274	bio1	0.000000	0.923730	0.046032
MGYG000003842__gradient_L6_resistant_starch_gapseq	1218	1323	274	bio1	0.000000	0.909763	0.131272
MGYG000003842__gradient_L7_bglucan_gapseq	1218	1323	274	bio1	0.000000	0.911276	0.046048
MGYG000003842__gradient_L8_hmo_gapseq	1218	1323	274	bio1	0.000000	0.934074	0.045753
MGYG000003842__gradient_L9_mos_gapseq	1218	1323	274	bio1	0.000000	1.027558	0.045959
MGYG000003852__gradient_L0_base_gapseq	1286	1354	305	bio1	0.193207	0.957338	3.647367
MGYG000003852__gradient_L1_inulin_gapseq	1286	1354	305	bio1	0.307355	1.077568	3.652127
MGYG000003852__gradient_L2_fos_gapseq	1286	1354	305	bio1	0.307355	1.027186	3.646812
MGYG000003852__gradient_L3_gos_gapseq	1286	1354	305	bio1	0.307355	0.952714	3.778574
MGYG000003852__gradient_L4_xos_gapseq	1286	1354	305	bio1	0.307355	0.966069	3.633167
MGYG000003852__gradient_L5_pectin_gapseq	1286	1354	305	bio1	0.307355	1.038363	3.644446
MGYG000003852__gradient_L6_resistant_starch_gapseq	1286	1354	305	bio1	0.390928	0.953715	3.682333
MGYG000003852__gradient_L7_bglucan_gapseq	1286	1354	305	bio1	0.390928	0.966945	3.616733
MGYG000003852__gradient_L8_hmo_gapseq	1286	1354	305	bio1	0.390928	1.036439	3.595200
MGYG000003852__gradient_L9_mos_gapseq	1286	1354	305	bio1	0.390928	0.946587	3.707321
MGYG000003858__gradient_L0_base_gapseq	1251	1411	318	bio1	0.000000	1.094610	0.048939
MGYG000003858__gradient_L1_inulin_gapseq	1251	1411	318	bio1	0.000000	1.033067	0.048818
MGYG000003858__gradient_L2_fos_gapseq	1251	1411	318	bio1	0.000000	1.071742	0.050103
MGYG000003858__gradient_L3_gos_gapseq	1251	1411	318	bio1	0.000000	1.002900	0.048404
MGYG000003858__gradient_L4_xos_gapseq	1251	1411	318	bio1	0.543025	1.074225	3.990604
MGYG000003858__gradient_L5_pectin_gapseq	1251	1411	318	bio1	0.543025	0.992513	4.087490
MGYG000003858__gradient_L6_resistant_starch_gapseq	1251	1411	318	bio1	1.026131	0.986465	3.999398
MGYG000003858__gradient_L7_bglucan_gapseq	1251	1411	318	bio1	1.184528	1.061056	3.984074
MGYG000003858__gradient_L8_hmo_gapseq	1251	1411	318	bio1	1.184528	1.054967	4.021431
MGYG000003858__gradient_L9_mos_gapseq	1251	1411	318	bio1	1.257988	1.008497	4.109706
MGYG000003859__gradient_L0_base_gapseq	973	982	145	bio1	0.098423	0.663148	2.041712
MGYG000003859__gradient_L1_inulin_gapseq	973	982	145	bio1	0.239462	0.662075	2.041286
MGYG000003859__gradient_L2_fos_gapseq	973	982	145	bio1	0.239462	0.731597	2.045820
MGYG000003859__gradient_L3_gos_gapseq	973	982	145	bio1	0.239462	0.664563	2.057319
MGYG000003859__gradient_L4_xos_gapseq	973	982	145	bio1	0.239462	0.709898	2.045486
MGYG000003859__gradient_L5_pectin_gapseq	973	982	145	bio1	0.239462	0.668289	2.043547
MGYG000003859__gradient_L6_resistant_starch_gapseq	973	982	145	bio1	0.572226	0.733710	2.035509
MGYG000003859__gradient_L7_bglucan_gapseq	973	982	145	bio1	0.572226	0.667719	2.041239
MGYG000003859__gradient_L8_hmo_gapseq	973	982	145	bio1	0.572226	0.787386	2.102359
MGYG000003859__gradient_L9_mos_gapseq	973	982	145	bio1	0.572226	0.656561	2.040212
MGYG000003876__gradient_L0_base_gapseq	1441	1576	407	bio1	1.305326	1.154891	4.888611
MGYG000003876__gradient_L1_inulin_gapseq	1441	1576	407	bio1	1.470559	1.222883	4.896806
MGYG000003876__gradient_L2_fos_gapseq	1441	1576	407	bio1	1.470559	1.232708	4.903787
MGYG000003876__gradient_L3_gos_gapseq	1441	1576	407	bio1	1.569698	1.249385	4.960538
MGYG000003876__gradient_L4_xos_gapseq	1441	1576	407	bio1	1.569698	1.194500	4.999667
MGYG000003876__gradient_L5_pectin_gapseq	1441	1576	407	bio1	1.569698	1.214896	4.884878
MGYG000003876__gradient_L6_resistant_starch_gapseq	1441	1576	407	bio1	2.290524	1.234206	4.920973
MGYG000003876__gradient_L7_bglucan_gapseq	1441	1576	407	bio1	2.290524	1.242224	4.889831
MGYG000003876__gradient_L8_hmo_gapseq	1441	1576	407	bio1	2.290524	1.267379	4.873551
MGYG000003876__gradient_L9_mos_gapseq	1441	1576	407	bio1	2.422710	1.168076	4.996521
MGYG000003878__gradient_L0_base_gapseq	1236	1402	315	bio1	0.000000	0.972399	0.115345
MGYG000003878__gradient_L1_inulin_gapseq	1236	1402	315	bio1	0.000000	0.969755	0.054181
MGYG000003878__gradient_L2_fos_gapseq	1236	1402	315	bio1	0.000000	0.951547	0.054006
MGYG000003878__gradient_L3_gos_gapseq	1236	1402	315	bio1	0.000000	1.033749	0.053748
MGYG000003878__gradient_L4_xos_gapseq	1236	1402	315	bio1	0.000000	0.982081	0.053443
MGYG000003878__gradient_L5_pectin_gapseq	1236	1402	315	bio1	0.000000	1.035956	0.053725
MGYG000003878__gradient_L6_resistant_starch_gapseq	1236	1402	315	bio1	0.000000	0.948126	0.054621
MGYG000003878__gradient_L7_bglucan_gapseq	1236	1402	315	bio1	0.000000	1.029726	0.053967
MGYG000003878__gradient_L8_hmo_gapseq	1236	1402	315	bio1	0.000000	0.989375	0.054269
MGYG000003878__gradient_L9_mos_gapseq	1236	1402	315	bio1	0.000000	0.969807	0.149075
MGYG000003883__gradient_L0_base_gapseq	2232	2773	1128	bio1	0.000000	1.998255	0.266835
MGYG000003883__gradient_L1_inulin_gapseq	2232	2773	1128	bio1	0.000000	2.009580	0.279563
MGYG000003883__gradient_L2_fos_gapseq	2232	2773	1128	bio1	0.000000	1.999406	0.286611
MGYG000003883__gradient_L3_gos_gapseq	2232	2773	1128	bio1	0.000000	2.123622	0.165801
MGYG000003883__gradient_L4_xos_gapseq	2232	2773	1128	bio1	0.000000	2.245981	0.173097
MGYG000003883__gradient_L5_pectin_gapseq	2232	2773	1128	bio1	0.000000	2.123085	0.177850
MGYG000003883__gradient_L6_resistant_starch_gapseq	2232	2773	1128	bio1	3.033649	2.132499	14.593198
MGYG000003883__gradient_L7_bglucan_gapseq	2232	2773	1128	bio1	3.195793	2.087929	14.626387
MGYG000003883__gradient_L8_hmo_gapseq	2232	2773	1128	bio1	3.195793	2.114364	14.546340
MGYG000003883__gradient_L9_mos_gapseq	2232	2773	1128	bio1	3.195793	2.305125	14.538041
MGYG000003899__gradient_L0_base_gapseq	1307	1463	356	bio1	0.000000	1.042425	0.056378
MGYG000003899__gradient_L1_inulin_gapseq	1307	1463	356	bio1	0.000000	1.117924	0.056243
MGYG000003899__gradient_L2_fos_gapseq	1307	1463	356	bio1	0.000000	1.042088	0.056529
MGYG000003899__gradient_L3_gos_gapseq	1307	1463	356	bio1	0.000000	1.110799	0.055195
MGYG000003899__gradient_L4_xos_gapseq	1307	1463	356	bio1	0.000000	1.016207	0.056433
MGYG000003899__gradient_L5_pectin_gapseq	1307	1463	356	bio1	0.000000	1.127623	0.056537
MGYG000003899__gradient_L6_resistant_starch_gapseq	1307	1463	356	bio1	0.000000	1.026226	0.055718
MGYG000003899__gradient_L7_bglucan_gapseq	1307	1463	356	bio1	0.000000	1.166059	0.056589
MGYG000003899__gradient_L8_hmo_gapseq	1307	1463	356	bio1	0.000000	1.078741	0.056953
MGYG000003899__gradient_L9_mos_gapseq	1307	1463	356	bio1	0.000000	1.191598	0.055747
MGYG000003906__gradient_L0_base_gapseq	1161	1246	297	bio1	0.399932	0.874320	3.181893
MGYG000003906__gradient_L1_inulin_gapseq	1161	1246	297	bio1	0.590381	1.024096	3.191807
MGYG000003906__gradient_L2_fos_gapseq	1161	1246	297	bio1	0.590381	0.874279	3.179119
MGYG000003906__gradient_L3_gos_gapseq	1161	1246	297	bio1	0.761785	0.958057	3.195361
MGYG000003906__gradient_L4_xos_gapseq	1161	1246	297	bio1	0.761785	0.870496	3.271746
MGYG000003906__gradient_L5_pectin_gapseq	1161	1246	297	bio1	0.761785	0.876763	3.194585
MGYG000003906__gradient_L6_resistant_starch_gapseq	1161	1246	297	bio1	1.158058	0.939590	3.180098
MGYG000003906__gradient_L7_bglucan_gapseq	1161	1246	297	bio1	1.158058	0.873948	3.182410
MGYG000003906__gradient_L8_hmo_gapseq	1161	1246	297	bio1	1.158058	0.920261	3.196787
MGYG000003906__gradient_L9_mos_gapseq	1161	1246	297	bio1	1.249726	0.844943	3.264578
MGYG000003937__gradient_L0_base_gapseq	1248	1428	377	bio1	0.000000	0.986735	0.053600
MGYG000003937__gradient_L1_inulin_gapseq	1248	1428	377	bio1	0.000000	0.998385	0.144393
MGYG000003937__gradient_L2_fos_gapseq	1248	1428	377	bio1	0.000000	1.020406	0.051984
MGYG000003937__gradient_L3_gos_gapseq	1248	1428	377	bio1	0.000000	1.015682	0.056883
MGYG000003937__gradient_L4_xos_gapseq	1248	1428	377	bio1	0.000000	1.099624	0.056646
MGYG000003937__gradient_L5_pectin_gapseq	1248	1428	377	bio1	0.000000	1.002060	0.056527
MGYG000003937__gradient_L6_resistant_starch_gapseq	1248	1428	377	bio1	0.000000	1.092301	0.055976
MGYG000003937__gradient_L7_bglucan_gapseq	1248	1428	377	bio1	0.000000	1.009329	0.055310
MGYG000003937__gradient_L8_hmo_gapseq	1248	1428	377	bio1	0.000000	1.113143	0.055455
MGYG000003937__gradient_L9_mos_gapseq	1248	1428	377	bio1	0.000000	1.019800	0.056205
MGYG000003938__gradient_L0_base_gapseq	1072	1202	307	bio1	0.225970	0.832840	2.991649
MGYG000003938__gradient_L1_inulin_gapseq	1072	1202	307	bio1	0.225970	0.886480	3.008005
MGYG000003938__gradient_L2_fos_gapseq	1072	1202	307	bio1	0.225970	0.829947	3.014851
MGYG000003938__gradient_L3_gos_gapseq	1072	1202	307	bio1	0.225970	0.870012	2.961641
MGYG000003938__gradient_L4_xos_gapseq	1072	1202	307	bio1	0.225970	0.826670	3.051015
MGYG000003938__gradient_L5_pectin_gapseq	1072	1202	307	bio1	0.225970	0.848339	2.987283
MGYG000003938__gradient_L6_resistant_starch_gapseq	1072	1202	307	bio1	0.225970	0.824496	3.076131
MGYG000003938__gradient_L7_bglucan_gapseq	1072	1202	307	bio1	0.225970	0.856611	2.955122
MGYG000003938__gradient_L8_hmo_gapseq	1072	1202	307	bio1	0.225970	0.889215	2.966684
MGYG000003938__gradient_L9_mos_gapseq	1072	1202	307	bio1	0.225970	0.827212	2.972863
MGYG000003957__gradient_L0_base_gapseq	1586	1866	529	bio1	0.000000	1.421905	0.083309
MGYG000003957__gradient_L1_inulin_gapseq	1586	1866	529	bio1	0.000000	1.514500	0.086353
MGYG000003957__gradient_L2_fos_gapseq	1586	1866	529	bio1	0.000000	1.293681	0.085556
MGYG000003957__gradient_L3_gos_gapseq	1586	1866	529	bio1	2.205325	1.446994	6.677374
MGYG000003957__gradient_L4_xos_gapseq	1586	1866	529	bio1	2.397110	1.494241	6.804123
MGYG000003957__gradient_L5_pectin_gapseq	1586	1866	529	bio1	2.456971	1.366517	6.708894
MGYG000003957__gradient_L6_resistant_starch_gapseq	1586	1866	529	bio1	3.145378	1.419406	6.711217
MGYG000003957__gradient_L7_bglucan_gapseq	1586	1866	529	bio1	3.145378	1.418455	6.712247
MGYG000003957__gradient_L8_hmo_gapseq	1586	1866	529	bio1	3.145378	1.360177	6.765534
MGYG000003957__gradient_L9_mos_gapseq	1586	1866	529	bio1	3.295288	1.372523	6.766347
MGYG000003961__gradient_L0_base_gapseq	1045	1106	257	bio1	0.000000	0.834061	0.036527
MGYG000003961__gradient_L1_inulin_gapseq	1045	1106	257	bio1	0.000000	0.782596	0.037208
MGYG000003961__gradient_L2_fos_gapseq	1045	1106	257	bio1	0.000000	0.782131	0.096099
MGYG000003961__gradient_L3_gos_gapseq	1045	1106	257	bio1	0.000000	0.783585	0.040177
MGYG000003961__gradient_L4_xos_gapseq	1045	1106	257	bio1	0.000000	0.773406	0.039472
MGYG000003961__gradient_L5_pectin_gapseq	1045	1106	257	bio1	0.000000	0.846860	0.039628
MGYG000003961__gradient_L6_resistant_starch_gapseq	1045	1106	257	bio1	0.000000	0.787120	0.040213
MGYG000003961__gradient_L7_bglucan_gapseq	1045	1106	257	bio1	0.000000	0.767477	0.039605
MGYG000003961__gradient_L8_hmo_gapseq	1045	1106	257	bio1	0.000000	0.856898	0.039509
MGYG000003961__gradient_L9_mos_gapseq	1045	1106	257	bio1	0.000000	0.778112	0.039457
MGYG000004022__gradient_L0_base_gapseq	1208	1356	319	bio1	0.000000	0.962963	0.045878
MGYG000004022__gradient_L1_inulin_gapseq	1208	1356	319	bio1	0.000000	1.044399	0.046665
MGYG000004022__gradient_L2_fos_gapseq	1208	1356	319	bio1	0.000000	0.974303	0.046677
MGYG000004022__gradient_L3_gos_gapseq	1208	1356	319	bio1	0.000000	1.054611	0.046647
MGYG000004022__gradient_L4_xos_gapseq	1208	1356	319	bio1	0.965049	0.955799	3.903823
MGYG000004022__gradient_L5_pectin_gapseq	1208	1356	319	bio1	0.965049	0.946695	3.734766
MGYG000004022__gradient_L6_resistant_starch_gapseq	1208	1356	319	bio1	1.691289	1.029370	3.747654
MGYG000004022__gradient_L7_bglucan_gapseq	1208	1356	319	bio1	1.937411	0.978626	3.849091
MGYG000004022__gradient_L8_hmo_gapseq	1208	1356	319	bio1	1.937411	0.960894	3.754913
MGYG000004022__gradient_L9_mos_gapseq	1208	1356	319	bio1	2.072042	1.042261	3.743118
MGYG000004029__gradient_L0_base_gapseq	961	997	171	bio1	0.000000	0.671919	0.029552
MGYG000004029__gradient_L1_inulin_gapseq	961	997	171	bio1	0.962188	0.778170	2.047234
MGYG000004029__gradient_L2_fos_gapseq	961	997	171	bio1	0.962188	0.699906	2.023549
MGYG000004029__gradient_L3_gos_gapseq	961	997	171	bio1	1.064985	0.744286	2.120614
MGYG000004029__gradient_L4_xos_gapseq	961	997	171	bio1	1.169860	0.734157	2.024029
MGYG000004029__gradient_L5_pectin_gapseq	961	997	171	bio1	1.169860	0.757259	2.090433
MGYG000004029__gradient_L6_resistant_starch_gapseq	961	997	171	bio1	1.888618	0.805399	2.028121
MGYG000004029__gradient_L7_bglucan_gapseq	961	997	171	bio1	2.141155	0.756569	2.057181
MGYG000004029__gradient_L8_hmo_gapseq	961	997	171	bio1	2.141155	0.744209	2.033506
MGYG000004029__gradient_L9_mos_gapseq	961	997	171	bio1	2.279295	0.687020	2.033182
MGYG000004033__gradient_L0_base_gapseq	1104	1164	227	bio1	0.000000	0.812639	0.038298
MGYG000004033__gradient_L1_inulin_gapseq	1104	1164	227	bio1	0.466396	0.898629	2.876326
MGYG000004033__gradient_L2_fos_gapseq	1104	1164	227	bio1	0.466396	0.823192	2.888097
MGYG000004033__gradient_L3_gos_gapseq	1104	1164	227	bio1	0.466396	0.891042	2.868101
MGYG000004033__gradient_L4_xos_gapseq	1104	1164	227	bio1	0.466396	0.817718	2.941152
MGYG000004033__gradient_L5_pectin_gapseq	1104	1164	227	bio1	0.466396	0.813425	2.876154
MGYG000004033__gradient_L6_resistant_starch_gapseq	1104	1164	227	bio1	0.607198	0.818461	2.935782
MGYG000004033__gradient_L7_bglucan_gapseq	1104	1164	227	bio1	0.864601	0.826068	2.866000
MGYG000004033__gradient_L8_hmo_gapseq	1104	1164	227	bio1	0.864601	0.882588	2.855046
MGYG000004033__gradient_L9_mos_gapseq	1104	1164	227	bio1	1.004847	0.818014	2.876714
MGYG000004038__gradient_L0_base_gapseq	658	625	84	bio1	0.000000	0.467847	0.015261
MGYG000004038__gradient_L1_inulin_gapseq	658	625	84	bio1	0.000000	0.412305	0.015706
MGYG000004038__gradient_L2_fos_gapseq	658	625	84	bio1	0.000000	0.423159	0.015674
MGYG000004038__gradient_L3_gos_gapseq	658	625	84	bio1	0.000000	0.441332	0.016360
MGYG000004038__gradient_L4_xos_gapseq	658	625	84	bio1	0.000000	0.411798	0.016142
MGYG000004038__gradient_L5_pectin_gapseq	658	625	84	bio1	0.000000	0.413135	0.016102
MGYG000004038__gradient_L6_resistant_starch_gapseq	658	625	84	bio1	0.000000	0.472106	0.016250
MGYG000004038__gradient_L7_bglucan_gapseq	658	625	84	bio1	0.000000	0.403140	0.016261
MGYG000004038__gradient_L8_hmo_gapseq	658	625	84	bio1	0.000000	0.413817	0.016061
MGYG000004038__gradient_L9_mos_gapseq	658	625	84	bio1	0.000000	0.414316	0.016127
MGYG000004071__gradient_L0_base_gapseq	1178	1336	298	bio1	0.000000	0.994929	0.052011
MGYG000004071__gradient_L1_inulin_gapseq	1178	1336	298	bio1	0.000000	0.942321	0.054859
MGYG000004071__gradient_L2_fos_gapseq	1178	1336	298	bio1	0.000000	0.909902	0.054416
MGYG000004071__gradient_L3_gos_gapseq	1178	1336	298	bio1	0.720569	0.992146	3.537806
MGYG000004071__gradient_L4_xos_gapseq	1178	1336	298	bio1	0.720569	1.056424	3.535082
MGYG000004071__gradient_L5_pectin_gapseq	1178	1336	298	bio1	0.720569	0.924458	3.519063
MGYG000004071__gradient_L6_resistant_starch_gapseq	1178	1336	298	bio1	1.326294	0.989498	3.532620
MGYG000004071__gradient_L7_bglucan_gapseq	1178	1336	298	bio1	1.326294	0.921530	3.579962
MGYG000004071__gradient_L8_hmo_gapseq	1178	1336	298	bio1	1.326294	0.925268	3.510919
MGYG000004071__gradient_L9_mos_gapseq	1178	1336	298	bio1	1.326294	0.974322	3.502137
MGYG000004078__gradient_L0_base_gapseq	945	882	120	bio1	0.000000	0.709108	0.020622
MGYG000004078__gradient_L1_inulin_gapseq	945	882	120	bio1	0.000000	0.628956	0.026567
MGYG000004078__gradient_L2_fos_gapseq	945	882	120	bio1	0.000000	0.638555	0.026358
MGYG000004078__gradient_L3_gos_gapseq	945	882	120	bio1	0.000000	0.722668	0.026479
MGYG000004078__gradient_L4_xos_gapseq	945	882	120	bio1	0.000000	0.663850	0.026391
MGYG000004078__gradient_L5_pectin_gapseq	945	882	120	bio1	0.000000	0.672027	0.027351
MGYG000004078__gradient_L6_resistant_starch_gapseq	945	882	120	bio1	0.000000	0.626378	0.027035
MGYG000004078__gradient_L7_bglucan_gapseq	945	882	120	bio1	0.000000	0.709756	0.026435
MGYG000004078__gradient_L8_hmo_gapseq	945	882	120	bio1	0.000000	0.638353	0.026479
MGYG000004078__gradient_L9_mos_gapseq	945	882	120	bio1	0.000000	0.643180	0.026390
MGYG000004090__gradient_L0_base_gapseq	1212	1357	316	bio1	0.293213	1.025748	3.806784
MGYG000004090__gradient_L1_inulin_gapseq	1212	1357	316	bio1	0.397573	0.939603	3.890227
MGYG000004090__gradient_L2_fos_gapseq	1212	1357	316	bio1	0.397573	0.938155	3.790481
MGYG000004090__gradient_L3_gos_gapseq	1212	1357	316	bio1	0.475670	1.021901	3.765081
MGYG000004090__gradient_L4_xos_gapseq	1212	1357	316	bio1	0.475670	0.950545	3.854038
MGYG000004090__gradient_L5_pectin_gapseq	1212	1357	316	bio1	0.475670	0.942147	3.766282
MGYG000004090__gradient_L6_resistant_starch_gapseq	1212	1357	316	bio1	0.579799	1.049844	3.773443
MGYG000004090__gradient_L7_bglucan_gapseq	1212	1357	316	bio1	0.579799	0.948109	3.859483
MGYG000004090__gradient_L8_hmo_gapseq	1212	1357	316	bio1	0.579799	0.945251	3.767450
MGYG000004090__gradient_L9_mos_gapseq	1212	1357	316	bio1	0.683928	1.025948	3.792852
MGYG000004093__gradient_L0_base_gapseq	1327	1411	346	bio1	0.000000	1.026444	0.043682
MGYG000004093__gradient_L1_inulin_gapseq	1327	1411	346	bio1	0.441146	1.106671	4.036252
MGYG000004093__gradient_L2_fos_gapseq	1327	1411	346	bio1	0.441146	1.077255	4.025006
MGYG000004093__gradient_L3_gos_gapseq	1327	1411	346	bio1	0.441146	1.026929	4.114670
MGYG000004093__gradient_L4_xos_gapseq	1327	1411	346	bio1	0.441146	1.026555	4.024570
MGYG000004093__gradient_L5_pectin_gapseq	1327	1411	346	bio1	0.441146	1.059723	4.022537
MGYG000004093__gradient_L6_resistant_starch_gapseq	1327	1411	346	bio1	0.441146	1.050446	4.105827
MGYG000004093__gradient_L7_bglucan_gapseq	1327	1411	346	bio1	0.441146	1.027092	4.022424
MGYG000004093__gradient_L8_hmo_gapseq	1327	1411	346	bio1	0.441146	1.050378	4.037728
MGYG000004093__gradient_L9_mos_gapseq	1327	1411	346	bio1	0.441146	1.055508	4.037013
MGYG000004097__gradient_L0_base_gapseq	1211	1352	326	bio1	0.721839	0.937133	3.791916
MGYG000004097__gradient_L1_inulin_gapseq	1211	1352	326	bio1	1.012072	0.924708	3.684709
MGYG000004097__gradient_L2_fos_gapseq	1211	1352	326	bio1	1.012072	0.997890	3.673765
MGYG000004097__gradient_L3_gos_gapseq	1211	1352	326	bio1	1.247788	0.941314	3.755686
MGYG000004097__gradient_L4_xos_gapseq	1211	1352	326	bio1	1.259321	0.931975	3.676541
MGYG000004097__gradient_L5_pectin_gapseq	1211	1352	326	bio1	1.259321	0.989712	3.670238
MGYG000004097__gradient_L6_resistant_starch_gapseq	1211	1352	326	bio1	1.893566	0.950007	3.770422
MGYG000004097__gradient_L7_bglucan_gapseq	1211	1352	326	bio1	1.893566	0.928454	3.681151
MGYG000004097__gradient_L8_hmo_gapseq	1211	1352	326	bio1	1.893566	1.018222	3.703399
MGYG000004097__gradient_L9_mos_gapseq	1211	1352	326	bio1	2.040106	0.927804	3.761724
MGYG000004103__gradient_L0_base_gapseq	861	813	113	bio1	0.000000	0.564530	0.017380
MGYG000004103__gradient_L1_inulin_gapseq	861	813	113	bio1	0.000000	0.560847	0.021615
MGYG000004103__gradient_L2_fos_gapseq	861	813	113	bio1	0.000000	0.642377	0.021783
MGYG000004103__gradient_L3_gos_gapseq	861	813	113	bio1	0.000000	0.561003	0.022653
MGYG000004103__gradient_L4_xos_gapseq	861	813	113	bio1	0.000000	0.562526	0.021464
MGYG000004103__gradient_L5_pectin_gapseq	861	813	113	bio1	0.000000	0.587960	0.021616
MGYG000004103__gradient_L6_resistant_starch_gapseq	861	813	113	bio1	0.000000	0.678573	0.021594
MGYG000004103__gradient_L7_bglucan_gapseq	861	813	113	bio1	0.000000	0.587111	0.021571
MGYG000004103__gradient_L8_hmo_gapseq	861	813	113	bio1	0.000000	0.584115	0.022204
MGYG000004103__gradient_L9_mos_gapseq	861	813	113	bio1	0.000000	0.608534	0.022189
MGYG000004115__gradient_L0_base_gapseq	1180	1216	314	bio1	0.000000	0.957575	0.039160
MGYG000004115__gradient_L1_inulin_gapseq	1180	1216	314	bio1	0.416515	0.901848	3.251744
MGYG000004115__gradient_L2_fos_gapseq	1180	1216	314	bio1	0.416515	0.878625	3.167347
MGYG000004115__gradient_L3_gos_gapseq	1180	1216	314	bio1	0.416515	0.969507	3.180708
MGYG000004115__gradient_L4_xos_gapseq	1180	1216	314	bio1	0.416515	0.885348	3.173620
MGYG000004115__gradient_L5_pectin_gapseq	1180	1216	314	bio1	0.416515	0.925210	3.195005
MGYG000004115__gradient_L6_resistant_starch_gapseq	1180	1216	314	bio1	0.416515	0.874638	3.245547
MGYG000004115__gradient_L7_bglucan_gapseq	1180	1216	314	bio1	0.416515	0.871817	3.158753
MGYG000004115__gradient_L8_hmo_gapseq	1180	1216	314	bio1	0.416515	0.934140	3.165166
MGYG000004115__gradient_L9_mos_gapseq	1180	1216	314	bio1	0.416515	0.893078	3.166787
MGYG000004133__gradient_L0_base_gapseq	1272	1373	301	bio1	0.000000	0.970341	0.046029
MGYG000004133__gradient_L1_inulin_gapseq	1272	1373	301	bio1	0.000000	0.974377	0.111797
MGYG000004133__gradient_L2_fos_gapseq	1272	1373	301	bio1	0.000000	0.963619	0.047960
MGYG000004133__gradient_L3_gos_gapseq	1272	1373	301	bio1	0.000000	0.963635	0.048029
MGYG000004133__gradient_L4_xos_gapseq	1272	1373	301	bio1	0.673104	1.057555	3.782927
MGYG000004133__gradient_L5_pectin_gapseq	1272	1373	301	bio1	0.673104	1.083948	3.785420
MGYG000004133__gradient_L6_resistant_starch_gapseq	1272	1373	301	bio1	1.250247	0.990771	3.800059
MGYG000004133__gradient_L7_bglucan_gapseq	1272	1373	301	bio1	1.453879	1.023261	3.827241
MGYG000004133__gradient_L8_hmo_gapseq	1272	1373	301	bio1	1.453879	1.053327	3.831660
MGYG000004133__gradient_L9_mos_gapseq	1272	1373	301	bio1	1.558980	0.954574	3.794218
MGYG000004134__gradient_L0_base_gapseq	1169	1245	307	bio1	0.000000	0.931144	0.037691
MGYG000004134__gradient_L1_inulin_gapseq	1169	1245	307	bio1	0.233463	0.864070	3.225531
MGYG000004134__gradient_L2_fos_gapseq	1169	1245	307	bio1	0.233463	0.904026	3.226828
MGYG000004134__gradient_L3_gos_gapseq	1169	1245	307	bio1	0.233463	0.854607	3.283991
MGYG000004134__gradient_L4_xos_gapseq	1169	1245	307	bio1	0.244497	0.861823	3.237108
MGYG000004134__gradient_L5_pectin_gapseq	1169	1245	307	bio1	0.244497	0.914980	3.278372
MGYG000004134__gradient_L6_resistant_starch_gapseq	1169	1245	307	bio1	0.249551	0.867914	3.236329
MGYG000004134__gradient_L7_bglucan_gapseq	1169	1245	307	bio1	0.249551	0.942887	3.228961
MGYG000004134__gradient_L8_hmo_gapseq	1169	1245	307	bio1	0.249551	0.898923	3.296357
MGYG000004134__gradient_L9_mos_gapseq	1169	1245	307	bio1	0.249551	0.870563	3.213057
MGYG000004137__gradient_L0_base_gapseq	1165	1244	286	bio1	0.000000	0.988296	0.041886
MGYG000004137__gradient_L1_inulin_gapseq	1165	1244	286	bio1	0.370528	0.866164	3.127198
MGYG000004137__gradient_L2_fos_gapseq	1165	1244	286	bio1	0.370528	0.946623	3.122843
MGYG000004137__gradient_L3_gos_gapseq	1165	1244	286	bio1	0.407582	0.857330	3.196595
MGYG000004137__gradient_L4_xos_gapseq	1165	1244	286	bio1	0.427438	0.862574	3.139878
MGYG000004137__gradient_L5_pectin_gapseq	1165	1244	286	bio1	0.427438	0.911142	3.110261
MGYG000004137__gradient_L6_resistant_starch_gapseq	1165	1244	286	bio1	0.716522	0.859971	3.195566
MGYG000004137__gradient_L7_bglucan_gapseq	1165	1244	286	bio1	0.827708	0.856590	3.113346
MGYG000004137__gradient_L8_hmo_gapseq	1165	1244	286	bio1	0.827708	0.923669	3.122824
MGYG000004137__gradient_L9_mos_gapseq	1165	1244	286	bio1	0.827708	0.862740	3.097754
MGYG000004138__gradient_L0_base_gapseq	1153	1163	281	bio1	0.000000	0.894343	0.036156
MGYG000004138__gradient_L1_inulin_gapseq	1153	1163	281	bio1	0.000000	0.825713	0.036155
MGYG000004138__gradient_L2_fos_gapseq	1153	1163	281	bio1	0.000000	0.827384	0.037577
MGYG000004138__gradient_L3_gos_gapseq	1153	1163	281	bio1	0.000000	0.895046	0.037068
MGYG000004138__gradient_L4_xos_gapseq	1153	1163	281	bio1	0.000000	0.839938	0.037380
MGYG000004138__gradient_L5_pectin_gapseq	1153	1163	281	bio1	0.000000	0.911248	0.036996
MGYG000004138__gradient_L6_resistant_starch_gapseq	1153	1163	281	bio1	0.000000	0.838809	0.036848
MGYG000004138__gradient_L7_bglucan_gapseq	1153	1163	281	bio1	0.000000	0.827874	0.037280
MGYG000004138__gradient_L8_hmo_gapseq	1153	1163	281	bio1	0.000000	0.940757	0.036916
MGYG000004138__gradient_L9_mos_gapseq	1153	1163	281	bio1	0.000000	0.857574	0.038632
MGYG000004142__gradient_L0_base_gapseq	1288	1387	353	bio1	0.381971	1.080575	3.896327
MGYG000004142__gradient_L1_inulin_gapseq	1288	1387	353	bio1	0.381971	0.993111	4.015667
MGYG000004142__gradient_L2_fos_gapseq	1288	1387	353	bio1	0.381971	0.992866	3.892719
MGYG000004142__gradient_L3_gos_gapseq	1288	1387	353	bio1	0.477466	1.064396	3.894830
MGYG000004142__gradient_L4_xos_gapseq	1288	1387	353	bio1	0.568334	0.973696	3.941756
MGYG000004142__gradient_L5_pectin_gapseq	1288	1387	353	bio1	0.568334	0.979205	3.877249
MGYG000004142__gradient_L6_resistant_starch_gapseq	1288	1387	353	bio1	0.674898	1.060265	3.868445
MGYG000004142__gradient_L7_bglucan_gapseq	1288	1387	353	bio1	0.674898	0.984643	3.942366
MGYG000004142__gradient_L8_hmo_gapseq	1288	1387	353	bio1	0.674898	0.986208	3.865689
MGYG000004142__gradient_L9_mos_gapseq	1288	1387	353	bio1	0.674898	1.055499	3.870208
MGYG000004153__gradient_L0_base_gapseq	1258	1378	351	bio1	0.000000	1.067765	0.053085
MGYG000004153__gradient_L1_inulin_gapseq	1258	1378	351	bio1	0.000000	0.978573	0.051601
MGYG000004153__gradient_L2_fos_gapseq	1258	1378	351	bio1	0.000000	1.040329	0.051693
MGYG000004153__gradient_L3_gos_gapseq	1258	1378	351	bio1	0.736509	0.977393	3.828214
MGYG000004153__gradient_L4_xos_gapseq	1258	1378	351	bio1	0.833638	1.042467	3.852257
MGYG000004153__gradient_L5_pectin_gapseq	1258	1378	351	bio1	0.897930	1.054145	3.835198
MGYG000004153__gradient_L6_resistant_starch_gapseq	1258	1378	351	bio1	1.020846	0.987442	3.932931
MGYG000004153__gradient_L7_bglucan_gapseq	1258	1378	351	bio1	1.020846	0.974560	3.851098
MGYG000004153__gradient_L8_hmo_gapseq	1258	1378	351	bio1	1.020846	1.043740	3.828895
MGYG000004153__gradient_L9_mos_gapseq	1258	1378	351	bio1	1.020846	0.992404	3.934093
MGYG000004165__gradient_L0_base_gapseq	1090	1201	277	bio1	0.000000	0.829446	0.039391
MGYG000004165__gradient_L1_inulin_gapseq	1090	1201	277	bio1	0.000000	0.910961	0.041428
MGYG000004165__gradient_L2_fos_gapseq	1090	1201	277	bio1	0.000000	0.839126	0.042141
MGYG000004165__gradient_L3_gos_gapseq	1090	1201	277	bio1	0.000000	0.900221	0.042273
MGYG000004165__gradient_L4_xos_gapseq	1090	1201	277	bio1	0.303375	0.840399	2.974935
MGYG000004165__gradient_L5_pectin_gapseq	1090	1201	277	bio1	0.303375	0.926221	2.940381
MGYG000004165__gradient_L6_resistant_starch_gapseq	1090	1201	277	bio1	0.303375	0.833851	2.961548
MGYG000004165__gradient_L7_bglucan_gapseq	1090	1201	277	bio1	0.303375	0.888956	2.941588
MGYG000004165__gradient_L8_hmo_gapseq	1090	1201	277	bio1	0.303375	0.839118	3.018659
MGYG000004165__gradient_L9_mos_gapseq	1090	1201	277	bio1	0.303375	0.842057	2.938721
MGYG000004175__gradient_L0_base_gapseq	710	669	94	bio1	0.000000	0.446784	0.014545
MGYG000004175__gradient_L1_inulin_gapseq	710	669	94	bio1	0.000000	0.459916	0.016218
MGYG000004175__gradient_L2_fos_gapseq	710	669	94	bio1	0.000000	0.471488	0.015385
MGYG000004175__gradient_L3_gos_gapseq	710	669	94	bio1	0.000000	0.445978	0.015759
MGYG000004175__gradient_L4_xos_gapseq	710	669	94	bio1	0.000000	0.505397	0.015629
MGYG000004175__gradient_L5_pectin_gapseq	710	669	94	bio1	0.000000	0.437931	0.015532
MGYG000004175__gradient_L6_resistant_starch_gapseq	710	669	94	bio1	0.000000	0.446918	0.015359
MGYG000004175__gradient_L7_bglucan_gapseq	710	669	94	bio1	0.000000	0.458280	0.015828
MGYG000004175__gradient_L8_hmo_gapseq	710	669	94	bio1	0.000000	0.456005	0.016218
MGYG000004175__gradient_L9_mos_gapseq	710	669	94	bio1	0.000000	0.542366	0.015408
MGYG000004192__gradient_L0_base_gapseq	800	760	89	bio1	0.000000	0.536811	0.016238
MGYG000004192__gradient_L1_inulin_gapseq	800	760	89	bio1	0.000000	0.547225	0.018549
MGYG000004192__gradient_L2_fos_gapseq	800	760	89	bio1	0.000000	0.520223	0.018505
MGYG000004192__gradient_L3_gos_gapseq	800	760	89	bio1	0.000000	0.521971	0.018471
MGYG000004192__gradient_L4_xos_gapseq	800	760	89	bio1	0.000000	0.603952	0.019477
MGYG000004192__gradient_L5_pectin_gapseq	800	760	89	bio1	0.000000	0.524426	0.018727
MGYG000004192__gradient_L6_resistant_starch_gapseq	800	760	89	bio1	0.000000	0.541690	0.018561
MGYG000004192__gradient_L7_bglucan_gapseq	800	760	89	bio1	0.000000	0.520288	0.018483
MGYG000004192__gradient_L8_hmo_gapseq	800	760	89	bio1	0.000000	0.624307	0.018509
MGYG000004192__gradient_L9_mos_gapseq	800	760	89	bio1	0.000000	0.531273	0.019605
MGYG000004208__gradient_L0_base_gapseq	1209	1384	305	bio1	0.000000	0.948182	0.046520
MGYG000004208__gradient_L1_inulin_gapseq	1209	1384	305	bio1	0.000000	1.024301	0.047623
MGYG000004208__gradient_L2_fos_gapseq	1209	1384	305	bio1	0.000000	0.956051	0.047805
MGYG000004208__gradient_L3_gos_gapseq	1209	1384	305	bio1	0.000000	1.059400	0.048085
MGYG000004208__gradient_L4_xos_gapseq	1209	1384	305	bio1	0.275486	0.952756	3.843643
MGYG000004208__gradient_L5_pectin_gapseq	1209	1384	305	bio1	0.275486	1.088273	3.821638
MGYG000004208__gradient_L6_resistant_starch_gapseq	1209	1384	305	bio1	0.341805	0.945353	3.899867
MGYG000004208__gradient_L7_bglucan_gapseq	1209	1384	305	bio1	0.447224	0.969549	3.811282
MGYG000004208__gradient_L8_hmo_gapseq	1209	1384	305	bio1	0.447224	1.022794	3.811443
MGYG000004208__gradient_L9_mos_gapseq	1209	1384	305	bio1	0.511114	0.949659	3.886697
MGYG000004216__gradient_L0_base_gapseq	693	665	95	bio1	0.000000	0.436399	0.016892
MGYG000004216__gradient_L1_inulin_gapseq	693	665	95	bio1	0.083432	0.454786	1.095989
MGYG000004216__gradient_L2_fos_gapseq	693	665	95	bio1	0.083432	0.440642	1.024477
MGYG000004216__gradient_L3_gos_gapseq	693	665	95	bio1	0.083432	0.438695	1.033395
MGYG000004216__gradient_L4_xos_gapseq	693	665	95	bio1	0.083432	0.441457	1.035261
MGYG000004216__gradient_L5_pectin_gapseq	693	665	95	bio1	0.083432	0.499735	1.025817
MGYG000004216__gradient_L6_resistant_starch_gapseq	693	665	95	bio1	0.083432	0.435540	1.031827
MGYG000004216__gradient_L7_bglucan_gapseq	693	665	95	bio1	0.083432	0.439827	1.030569
MGYG000004216__gradient_L8_hmo_gapseq	693	665	95	bio1	0.083432	0.435710	1.024169
MGYG000004216__gradient_L9_mos_gapseq	693	665	95	bio1	0.083432	0.492067	1.026127
MGYG000004219__gradient_L0_base_gapseq	1238	1379	304	bio1	0.000000	0.966177	0.049902
MGYG000004219__gradient_L1_inulin_gapseq	1238	1379	304	bio1	0.000000	1.013869	0.048755
MGYG000004219__gradient_L2_fos_gapseq	1238	1379	304	bio1	0.000000	0.962564	0.049329
MGYG000004219__gradient_L3_gos_gapseq	1238	1379	304	bio1	0.000000	0.940247	0.123569
MGYG000004219__gradient_L4_xos_gapseq	1238	1379	304	bio1	0.000000	0.953662	0.049539
MGYG000004219__gradient_L5_pectin_gapseq	1238	1379	304	bio1	0.000000	0.952036	0.049024
MGYG000004219__gradient_L6_resistant_starch_gapseq	1238	1379	304	bio1	0.000000	1.026299	0.047905
MGYG000004219__gradient_L7_bglucan_gapseq	1238	1379	304	bio1	0.000000	0.949061	0.047735
MGYG000004219__gradient_L8_hmo_gapseq	1238	1379	304	bio1	0.000000	1.065084	0.048028
MGYG000004219__gradient_L9_mos_gapseq	1238	1379	304	bio1	0.000000	0.963436	0.048164
MGYG000004221__gradient_L0_base_gapseq	869	969	203	bio1	0.262231	0.642751	1.996792
MGYG000004221__gradient_L1_inulin_gapseq	869	969	203	bio1	0.439383	0.647466	1.971234
MGYG000004221__gradient_L2_fos_gapseq	869	969	203	bio1	0.439383	0.727581	1.985128
MGYG000004221__gradient_L3_gos_gapseq	869	969	203	bio1	0.439383	0.638423	1.985318
MGYG000004221__gradient_L4_xos_gapseq	869	969	203	bio1	0.530369	0.706736	1.989400
MGYG000004221__gradient_L5_pectin_gapseq	869	969	203	bio1	0.530369	0.645184	1.968359
MGYG000004221__gradient_L6_resistant_starch_gapseq	869	969	203	bio1	1.020846	0.705522	1.979052
MGYG000004221__gradient_L7_bglucan_gapseq	869	969	203	bio1	1.020846	0.649216	1.961904
MGYG000004221__gradient_L8_hmo_gapseq	869	969	203	bio1	1.020846	0.640653	2.040885
MGYG000004221__gradient_L9_mos_gapseq	869	969	203	bio1	1.020846	0.641287	1.965835
MGYG000004222__gradient_L0_base_gapseq	905	850	139	bio1	0.000000	0.615525	0.020955
MGYG000004222__gradient_L1_inulin_gapseq	905	850	139	bio1	0.000000	0.702085	0.025226
MGYG000004222__gradient_L2_fos_gapseq	905	850	139	bio1	0.000000	0.600046	0.024695
MGYG000004222__gradient_L3_gos_gapseq	905	850	139	bio1	0.000000	0.597430	0.025847
MGYG000004222__gradient_L4_xos_gapseq	905	850	139	bio1	0.000000	0.600486	0.119283
MGYG000004222__gradient_L5_pectin_gapseq	905	850	139	bio1	0.000000	0.607780	0.026014
MGYG000004222__gradient_L6_resistant_starch_gapseq	905	850	139	bio1	0.000000	0.680577	0.024785
MGYG000004222__gradient_L7_bglucan_gapseq	905	850	139	bio1	0.000000	0.628397	0.024700
MGYG000004222__gradient_L8_hmo_gapseq	905	850	139	bio1	0.000000	0.772559	0.024779
MGYG000004222__gradient_L9_mos_gapseq	905	850	139	bio1	0.000000	0.667416	0.025009
MGYG000004223__gradient_L0_base_gapseq	1185	1277	304	bio1	0.000000	0.863000	0.040972
MGYG000004223__gradient_L1_inulin_gapseq	1185	1277	304	bio1	0.000000	0.992939	0.041997
MGYG000004223__gradient_L2_fos_gapseq	1185	1277	304	bio1	0.000000	0.872503	0.041753
MGYG000004223__gradient_L3_gos_gapseq	1185	1277	304	bio1	0.940680	0.864696	3.432074
MGYG000004223__gradient_L4_xos_gapseq	1185	1277	304	bio1	0.940680	0.888898	3.303882
MGYG000004223__gradient_L5_pectin_gapseq	1185	1277	304	bio1	0.940680	1.059368	3.312571
MGYG000004223__gradient_L6_resistant_starch_gapseq	1185	1277	304	bio1	1.669962	0.889343	3.385817
MGYG000004223__gradient_L7_bglucan_gapseq	1185	1277	304	bio1	1.669962	0.879340	3.309429
MGYG000004223__gradient_L8_hmo_gapseq	1185	1277	304	bio1	1.669962	0.952067	3.306362
MGYG000004223__gradient_L9_mos_gapseq	1185	1277	304	bio1	1.805080	0.892558	3.324220
MGYG000004232__gradient_L0_base_gapseq	1257	1431	420	bio1	1.333947	0.985855	4.147708
MGYG000004232__gradient_L1_inulin_gapseq	1257	1431	420	bio1	1.688814	0.986247	4.079587
MGYG000004232__gradient_L2_fos_gapseq	1257	1431	420	bio1	1.688814	1.077171	4.078377
MGYG000004232__gradient_L3_gos_gapseq	1257	1431	420	bio1	2.060782	1.054487	4.071663
MGYG000004232__gradient_L4_xos_gapseq	1257	1431	420	bio1	2.060782	1.000809	4.151890
MGYG000004232__gradient_L5_pectin_gapseq	1257	1431	420	bio1	2.060782	0.986352	4.070024
MGYG000004232__gradient_L6_resistant_starch_gapseq	1257	1431	420	bio1	2.231802	1.074029	4.102910
MGYG000004232__gradient_L7_bglucan_gapseq	1257	1431	420	bio1	2.481919	0.983127	4.154658
MGYG000004232__gradient_L8_hmo_gapseq	1257	1431	420	bio1	2.481919	0.987953	4.092776
MGYG000004232__gradient_L9_mos_gapseq	1257	1431	420	bio1	2.652939	1.068662	4.093288
MGYG000004253__gradient_L0_base_gapseq	1260	1375	388	bio1	0.558902	1.035887	3.895859
MGYG000004253__gradient_L1_inulin_gapseq	1260	1375	388	bio1	0.744297	0.993942	3.958159
MGYG000004253__gradient_L2_fos_gapseq	1260	1375	388	bio1	0.744297	0.987916	3.892555
MGYG000004253__gradient_L3_gos_gapseq	1260	1375	388	bio1	0.744297	1.024329	3.904487
MGYG000004253__gradient_L4_xos_gapseq	1260	1375	388	bio1	0.744297	1.045977	3.869760
MGYG000004253__gradient_L5_pectin_gapseq	1260	1375	388	bio1	0.744297	0.982640	3.870848
MGYG000004253__gradient_L6_resistant_starch_gapseq	1260	1375	388	bio1	0.744297	1.056302	3.871411
MGYG000004253__gradient_L7_bglucan_gapseq	1260	1375	388	bio1	0.744297	1.043842	3.879865
MGYG000004253__gradient_L8_hmo_gapseq	1260	1375	388	bio1	0.744297	0.996180	3.942108
MGYG000004253__gradient_L9_mos_gapseq	1260	1375	388	bio1	0.905240	0.972836	3.876952
MGYG000004255__gradient_L0_base_gapseq	1102	1210	250	bio1	0.314252	0.835085	3.138666
MGYG000004255__gradient_L1_inulin_gapseq	1102	1210	250	bio1	0.452236	0.846184	3.055429
MGYG000004255__gradient_L2_fos_gapseq	1102	1210	250	bio1	0.452236	0.880735	3.052921
MGYG000004255__gradient_L3_gos_gapseq	1102	1210	250	bio1	0.452236	0.841711	3.041969
MGYG000004255__gradient_L4_xos_gapseq	1102	1210	250	bio1	0.452236	0.885414	3.039297
MGYG000004255__gradient_L5_pectin_gapseq	1102	1210	250	bio1	0.452236	0.845488	3.112151
MGYG000004255__gradient_L6_resistant_starch_gapseq	1102	1210	250	bio1	0.758958	0.833189	3.072900
MGYG000004255__gradient_L7_bglucan_gapseq	1102	1210	250	bio1	0.758958	0.900707	3.096182
MGYG000004255__gradient_L8_hmo_gapseq	1102	1210	250	bio1	0.758958	0.822725	3.089467
MGYG000004255__gradient_L9_mos_gapseq	1102	1210	250	bio1	0.878960	0.891948	3.056563
MGYG000004258__gradient_L0_base_gapseq	1134	1251	311	bio1	0.403790	0.918855	3.192736
MGYG000004258__gradient_L1_inulin_gapseq	1134	1251	311	bio1	0.619218	0.868621	3.202938
MGYG000004258__gradient_L2_fos_gapseq	1134	1251	311	bio1	0.619218	0.980577	3.211073
MGYG000004258__gradient_L3_gos_gapseq	1134	1251	311	bio1	0.797975	0.877386	3.250441
MGYG000004258__gradient_L4_xos_gapseq	1134	1251	311	bio1	0.797975	0.856246	3.193926
MGYG000004258__gradient_L5_pectin_gapseq	1134	1251	311	bio1	0.797975	0.929658	3.175474
MGYG000004258__gradient_L6_resistant_starch_gapseq	1134	1251	311	bio1	1.200199	0.863432	3.264861
MGYG000004258__gradient_L7_bglucan_gapseq	1134	1251	311	bio1	1.200199	0.870215	3.190819
MGYG000004258__gradient_L8_hmo_gapseq	1134	1251	311	bio1	1.200199	0.930812	3.173222
MGYG000004258__gradient_L9_mos_gapseq	1134	1251	311	bio1	1.294518	0.853740	3.213598
MGYG000004271__gradient_L0_base_gapseq	1550	1794	454	bio1	0.000000	1.236307	0.153523
MGYG000004271__gradient_L1_inulin_gapseq	1550	1794	454	bio1	0.000000	1.274794	0.082024
MGYG000004271__gradient_L2_fos_gapseq	1550	1794	454	bio1	0.000000	1.335704	0.081838
MGYG000004271__gradient_L3_gos_gapseq	1550	1794	454	bio1	1.168359	1.252669	6.353518
MGYG000004271__gradient_L4_xos_gapseq	1550	1794	454	bio1	1.214220	1.279120	6.228041
MGYG000004271__gradient_L5_pectin_gapseq	1550	1794	454	bio1	1.249162	1.335573	6.232286
MGYG000004271__gradient_L6_resistant_starch_gapseq	1550	1794	454	bio1	1.801680	1.301488	6.175666
MGYG000004271__gradient_L7_bglucan_gapseq	1550	1794	454	bio1	1.978573	1.344815	6.236239
MGYG000004271__gradient_L8_hmo_gapseq	1550	1794	454	bio1	2.109605	1.361349	6.190738
MGYG000004271__gradient_L9_mos_gapseq	1550	1794	454	bio1	2.196960	1.306402	6.226547
MGYG000004274__gradient_L0_base_gapseq	1157	1300	301	bio1	0.563591	0.958082	3.411604
MGYG000004274__gradient_L1_inulin_gapseq	1157	1300	301	bio1	0.792852	0.895783	3.486470
MGYG000004274__gradient_L2_fos_gapseq	1157	1300	301	bio1	0.792852	0.886112	3.446144
MGYG000004274__gradient_L3_gos_gapseq	1157	1300	301	bio1	1.021337	0.971242	3.420808
MGYG000004274__gradient_L4_xos_gapseq	1157	1300	301	bio1	1.021337	0.928819	3.473503
MGYG000004274__gradient_L5_pectin_gapseq	1157	1300	301	bio1	1.021337	0.893194	3.416052
MGYG000004274__gradient_L6_resistant_starch_gapseq	1157	1300	301	bio1	1.497192	0.969602	3.434646
MGYG000004274__gradient_L7_bglucan_gapseq	1157	1300	301	bio1	1.497192	0.899033	3.446335
MGYG000004274__gradient_L8_hmo_gapseq	1157	1300	301	bio1	1.497192	0.979885	3.443674
MGYG000004274__gradient_L9_mos_gapseq	1157	1300	301	bio1	1.608611	0.898340	3.547524
MGYG000004284__gradient_L0_base_gapseq	1192	1327	306	bio1	0.351614	0.940597	3.689582
MGYG000004284__gradient_L1_inulin_gapseq	1192	1327	306	bio1	0.512356	0.941294	3.558833
MGYG000004284__gradient_L2_fos_gapseq	1192	1327	306	bio1	0.512356	1.046974	3.565728
MGYG000004284__gradient_L3_gos_gapseq	1192	1327	306	bio1	0.663052	0.934070	3.622860
MGYG000004284__gradient_L4_xos_gapseq	1192	1327	306	bio1	0.663052	0.942019	3.547087
MGYG000004284__gradient_L5_pectin_gapseq	1192	1327	306	bio1	0.663052	1.042994	3.556005
MGYG000004284__gradient_L6_resistant_starch_gapseq	1192	1327	306	bio1	0.997068	0.935777	3.635252
MGYG000004284__gradient_L7_bglucan_gapseq	1192	1327	306	bio1	1.108960	0.948372	3.569249
MGYG000004284__gradient_L8_hmo_gapseq	1192	1327	306	bio1	1.108960	0.978596	3.552194
MGYG000004284__gradient_L9_mos_gapseq	1192	1327	306	bio1	1.188527	0.940792	3.548194
MGYG000004289__gradient_L0_base_gapseq	1310	1383	314	bio1	0.000000	0.994243	0.052223
MGYG000004289__gradient_L1_inulin_gapseq	1310	1383	314	bio1	0.486508	1.077331	3.964551
MGYG000004289__gradient_L2_fos_gapseq	1310	1383	314	bio1	0.486508	1.004563	4.043855
MGYG000004289__gradient_L3_gos_gapseq	1310	1383	314	bio1	0.486508	0.994769	3.962096
MGYG000004289__gradient_L4_xos_gapseq	1310	1383	314	bio1	0.500959	1.068032	3.956418
MGYG000004289__gradient_L5_pectin_gapseq	1310	1383	314	bio1	0.500959	1.019031	4.006813
MGYG000004289__gradient_L6_resistant_starch_gapseq	1310	1383	314	bio1	0.635835	0.983114	3.952038
MGYG000004289__gradient_L7_bglucan_gapseq	1310	1383	314	bio1	0.635835	1.066725	3.978924
MGYG000004289__gradient_L8_hmo_gapseq	1310	1383	314	bio1	0.635835	1.023024	4.030368
MGYG000004289__gradient_L9_mos_gapseq	1310	1383	314	bio1	0.635835	1.024993	3.957993
MGYG000004295	0	0	0	NONE	0.000000	0.000000	0.000000
MGYG000004298__gradient_L0_base_gapseq	1180	1297	274	bio1	0.349957	0.966849	3.391278
MGYG000004298__gradient_L1_inulin_gapseq	1180	1297	274	bio1	0.493531	0.902448	3.482035
MGYG000004298__gradient_L2_fos_gapseq	1180	1297	274	bio1	0.493531	0.902002	3.419205
MGYG000004298__gradient_L3_gos_gapseq	1180	1297	274	bio1	0.493531	0.967922	3.406803
MGYG000004298__gradient_L4_xos_gapseq	1180	1297	274	bio1	0.493531	0.914358	3.469111
MGYG000004298__gradient_L5_pectin_gapseq	1180	1297	274	bio1	0.493531	0.931016	3.424122
MGYG000004298__gradient_L6_resistant_starch_gapseq	1180	1297	274	bio1	1.146327	0.978408	3.405755
MGYG000004298__gradient_L7_bglucan_gapseq	1180	1297	274	bio1	1.146327	0.913340	3.401027
MGYG000004298__gradient_L8_hmo_gapseq	1180	1297	274	bio1	1.146327	0.956258	3.416156
MGYG000004298__gradient_L9_mos_gapseq	1180	1297	274	bio1	1.146327	0.916001	3.475964
MGYG000004308__gradient_L0_base_gapseq	1102	1178	272	bio1	0.000000	0.836231	0.037043
MGYG000004308__gradient_L1_inulin_gapseq	1102	1178	272	bio1	0.000000	0.834338	0.110372
MGYG000004308__gradient_L2_fos_gapseq	1102	1178	272	bio1	0.000000	0.844178	0.039338
MGYG000004308__gradient_L3_gos_gapseq	1102	1178	272	bio1	0.000000	0.845480	0.038305
MGYG000004308__gradient_L4_xos_gapseq	1102	1178	272	bio1	0.000000	0.897517	0.038332
MGYG000004308__gradient_L5_pectin_gapseq	1102	1178	272	bio1	0.000000	0.820458	0.039125
MGYG000004308__gradient_L6_resistant_starch_gapseq	1102	1178	272	bio1	0.000000	0.820824	0.039136
MGYG000004308__gradient_L7_bglucan_gapseq	1102	1178	272	bio1	0.000000	0.916671	0.038500
MGYG000004308__gradient_L8_hmo_gapseq	1102	1178	272	bio1	0.000000	0.823843	0.038423
MGYG000004308__gradient_L9_mos_gapseq	1102	1178	272	bio1	0.000000	0.921438	0.039570
MGYG000004323__gradient_L0_base_gapseq	1274	1406	304	bio1	0.000000	0.988138	0.046500
MGYG000004323__gradient_L1_inulin_gapseq	1274	1406	304	bio1	0.000000	0.968904	0.144697
MGYG000004323__gradient_L2_fos_gapseq	1274	1406	304	bio1	0.000000	1.028282	0.049371
MGYG000004323__gradient_L3_gos_gapseq	1274	1406	304	bio1	0.000000	0.968797	0.049257
MGYG000004323__gradient_L4_xos_gapseq	1274	1406	304	bio1	1.098815	1.078396	3.931817
MGYG000004323__gradient_L5_pectin_gapseq	1274	1406	304	bio1	1.098815	1.115069	3.921908
MGYG000004323__gradient_L6_resistant_starch_gapseq	1274	1406	304	bio1	1.801135	0.973565	4.014680
MGYG000004323__gradient_L7_bglucan_gapseq	1274	1406	304	bio1	2.047896	0.987667	3.909171
MGYG000004323__gradient_L8_hmo_gapseq	1274	1406	304	bio1	2.047896	1.033328	3.926924
MGYG000004323__gradient_L9_mos_gapseq	1274	1406	304	bio1	2.182876	0.968849	3.990192
MGYG000004337__gradient_L0_base_gapseq	1327	1398	340	bio1	0.418021	1.007055	4.002032
MGYG000004337__gradient_L1_inulin_gapseq	1327	1398	340	bio1	0.566651	1.097563	4.011528
MGYG000004337__gradient_L2_fos_gapseq	1327	1398	340	bio1	0.566651	1.031422	4.056481
MGYG000004337__gradient_L3_gos_gapseq	1327	1398	340	bio1	0.566651	1.026936	3.982462
MGYG000004337__gradient_L4_xos_gapseq	1327	1398	340	bio1	0.566651	1.061400	3.960565
MGYG000004337__gradient_L5_pectin_gapseq	1327	1398	340	bio1	0.566651	1.126144	3.983432
MGYG000004337__gradient_L6_resistant_starch_gapseq	1327	1398	340	bio1	0.683582	1.029096	4.060499
MGYG000004337__gradient_L7_bglucan_gapseq	1327	1398	340	bio1	0.683582	1.005491	3.957046
MGYG000004337__gradient_L8_hmo_gapseq	1327	1398	340	bio1	0.683582	1.097536	3.956994
MGYG000004337__gradient_L9_mos_gapseq	1327	1398	340	bio1	0.683582	1.021594	4.032822
MGYG000004370__gradient_L0_base_gapseq	1134	1198	210	bio1	0.000000	0.918691	0.037054
MGYG000004370__gradient_L1_inulin_gapseq	1134	1198	210	bio1	0.000000	0.842811	0.039718
MGYG000004370__gradient_L2_fos_gapseq	1134	1198	210	bio1	0.000000	0.896638	0.039286
MGYG000004370__gradient_L3_gos_gapseq	1134	1198	210	bio1	0.000000	0.839471	0.041330
MGYG000004370__gradient_L4_xos_gapseq	1134	1198	210	bio1	0.000000	0.842015	0.039642
MGYG000004370__gradient_L5_pectin_gapseq	1134	1198	210	bio1	0.000000	0.921731	0.040176
MGYG000004370__gradient_L6_resistant_starch_gapseq	1134	1198	210	bio1	0.000000	0.845765	0.040474
MGYG000004370__gradient_L7_bglucan_gapseq	1134	1198	210	bio1	0.000000	0.937149	0.039894
MGYG000004370__gradient_L8_hmo_gapseq	1134	1198	210	bio1	0.000000	0.840036	0.039871
MGYG000004370__gradient_L9_mos_gapseq	1134	1198	210	bio1	0.000000	0.831439	0.041213
MGYG000004380__gradient_L0_base_gapseq	1388	1526	354	bio1	0.000000	1.087836	0.054153
MGYG000004380__gradient_L1_inulin_gapseq	1388	1526	354	bio1	0.000000	1.147200	0.056274
MGYG000004380__gradient_L2_fos_gapseq	1388	1526	354	bio1	0.000000	1.086481	0.055864
MGYG000004380__gradient_L3_gos_gapseq	1388	1526	354	bio1	0.855061	1.159465	4.582410
MGYG000004380__gradient_L4_xos_gapseq	1388	1526	354	bio1	0.855061	1.090720	4.667269
MGYG000004380__gradient_L5_pectin_gapseq	1388	1526	354	bio1	0.855061	1.107100	4.683309
MGYG000004380__gradient_L6_resistant_starch_gapseq	1388	1526	354	bio1	1.393218	1.104940	4.583015
MGYG000004380__gradient_L7_bglucan_gapseq	1388	1526	354	bio1	1.393218	1.198052	4.567184
MGYG000004380__gradient_L8_hmo_gapseq	1388	1526	354	bio1	1.393218	1.168004	4.559651
MGYG000004380__gradient_L9_mos_gapseq	1388	1526	354	bio1	1.393218	1.080346	4.670704
MGYG000004382__gradient_L0_base_gapseq	1348	1473	380	bio1	0.000000	1.161164	0.058220
MGYG000004382__gradient_L1_inulin_gapseq	1348	1473	380	bio1	0.000000	1.098213	0.058321
MGYG000004382__gradient_L2_fos_gapseq	1348	1473	380	bio1	0.000000	1.180723	0.057798
MGYG000004382__gradient_L3_gos_gapseq	1348	1473	380	bio1	0.724615	1.051753	4.544996
MGYG000004382__gradient_L4_xos_gapseq	1348	1473	380	bio1	0.724615	1.070717	4.365281
MGYG000004382__gradient_L5_pectin_gapseq	1348	1473	380	bio1	0.724615	1.152685	4.371239
MGYG000004382__gradient_L6_resistant_starch_gapseq	1348	1473	380	bio1	1.224751	1.070467	4.456809
MGYG000004382__gradient_L7_bglucan_gapseq	1348	1473	380	bio1	1.224751	1.072086	4.451475
MGYG000004382__gradient_L8_hmo_gapseq	1348	1473	380	bio1	1.224751	1.074912	4.390698
MGYG000004382__gradient_L9_mos_gapseq	1348	1473	380	bio1	1.224751	1.131469	4.377125
MGYG000004393__gradient_L0_base_gapseq	648	633	83	bio1	0.000000	0.409172	0.016025
MGYG000004393__gradient_L1_inulin_gapseq	648	633	83	bio1	0.000000	0.409517	0.015802
MGYG000004393__gradient_L2_fos_gapseq	648	633	83	bio1	0.000000	0.409265	0.015849
MGYG000004393__gradient_L3_gos_gapseq	648	633	83	bio1	0.000000	0.411508	0.015879
MGYG000004393__gradient_L4_xos_gapseq	648	633	83	bio1	0.000000	0.418057	0.015581
MGYG000004393__gradient_L5_pectin_gapseq	648	633	83	bio1	0.000000	0.481980	0.016342
MGYG000004393__gradient_L6_resistant_starch_gapseq	648	633	83	bio1	0.000000	0.407362	0.016248
MGYG000004393__gradient_L7_bglucan_gapseq	648	633	83	bio1	0.000000	0.427074	0.016310
MGYG000004393__gradient_L8_hmo_gapseq	648	633	83	bio1	0.000000	0.422658	0.016290
MGYG000004393__gradient_L9_mos_gapseq	648	633	83	bio1	0.000000	0.431976	0.016200
MGYG000004425__gradient_L0_base_gapseq	874	960	174	bio1	0.000000	0.753380	0.026969
MGYG000004425__gradient_L1_inulin_gapseq	874	960	174	bio1	0.000000	0.649925	0.028596
MGYG000004425__gradient_L2_fos_gapseq	874	960	174	bio1	0.000000	0.649922	0.029673
MGYG000004425__gradient_L3_gos_gapseq	874	960	174	bio1	0.423509	0.734128	1.962505
MGYG000004425__gradient_L4_xos_gapseq	874	960	174	bio1	0.423509	0.643732	1.962627
MGYG000004425__gradient_L5_pectin_gapseq	874	960	174	bio1	0.473069	0.804550	1.941029
MGYG000004425__gradient_L6_resistant_starch_gapseq	874	960	174	bio1	1.083716	0.638243	1.966834
MGYG000004425__gradient_L7_bglucan_gapseq	874	960	174	bio1	1.083716	0.642748	2.032146
MGYG000004425__gradient_L8_hmo_gapseq	874	960	174	bio1	1.083716	0.634555	1.964516
MGYG000004425__gradient_L9_mos_gapseq	874	960	174	bio1	1.186316	0.639855	1.957654
MGYG000004435__gradient_L0_base_gapseq	840	876	188	bio1	0.000000	0.585180	0.024037
MGYG000004435__gradient_L1_inulin_gapseq	840	876	188	bio1	0.000000	0.701340	0.024292
MGYG000004435__gradient_L2_fos_gapseq	840	876	188	bio1	0.000000	0.659958	0.024258
MGYG000004435__gradient_L3_gos_gapseq	840	876	188	bio1	0.033653	0.580248	1.626927
MGYG000004435__gradient_L4_xos_gapseq	840	876	188	bio1	0.033653	0.572763	1.716620
MGYG000004435__gradient_L5_pectin_gapseq	840	876	188	bio1	0.047117	0.668002	1.631478
MGYG000004435__gradient_L6_resistant_starch_gapseq	840	876	188	bio1	0.047117	0.608918	1.629394
MGYG000004435__gradient_L7_bglucan_gapseq	840	876	188	bio1	0.047117	0.651994	1.626755
MGYG000004435__gradient_L8_hmo_gapseq	840	876	188	bio1	0.047558	0.607431	1.639358
MGYG000004435__gradient_L9_mos_gapseq	840	876	188	bio1	0.047558	0.626400	1.694327
MGYG000004456__gradient_L0_base_gapseq	1360	1612	421	bio1	0.000000	1.156727	0.061761
MGYG000004456__gradient_L1_inulin_gapseq	1360	1612	421	bio1	0.000000	1.172061	0.063472
MGYG000004456__gradient_L2_fos_gapseq	1360	1612	421	bio1	0.000000	1.165752	0.062787
MGYG000004456__gradient_L3_gos_gapseq	1360	1612	421	bio1	0.889086	1.199711	5.019521
MGYG000004456__gradient_L4_xos_gapseq	1360	1612	421	bio1	0.951764	1.127474	5.126882
MGYG000004456__gradient_L5_pectin_gapseq	1360	1612	421	bio1	0.984263	1.118070	5.139217
MGYG000004456__gradient_L6_resistant_starch_gapseq	1360	1612	421	bio1	1.450865	1.152679	5.036607
MGYG000004456__gradient_L7_bglucan_gapseq	1360	1612	421	bio1	1.611041	1.222700	5.030400
MGYG000004456__gradient_L8_hmo_gapseq	1360	1612	421	bio1	1.611041	1.172291	5.003601
MGYG000004456__gradient_L9_mos_gapseq	1360	1612	421	bio1	1.713183	1.134075	5.114825
MGYG000004476__gradient_L0_base_gapseq	1005	1057	218	bio1	0.000000	0.765700	0.031787
MGYG000004476__gradient_L1_inulin_gapseq	1005	1057	218	bio1	0.573897	0.736864	2.309211
MGYG000004476__gradient_L2_fos_gapseq	1005	1057	218	bio1	0.573897	0.780091	2.306906
MGYG000004476__gradient_L3_gos_gapseq	1005	1057	218	bio1	0.679849	0.724069	2.325674
MGYG000004476__gradient_L4_xos_gapseq	1005	1057	218	bio1	0.679849	0.795338	2.285711
MGYG000004476__gradient_L5_pectin_gapseq	1005	1057	218	bio1	0.679849	0.718214	2.302762
MGYG000004476__gradient_L6_resistant_starch_gapseq	1005	1057	218	bio1	1.431344	0.793375	2.298624
MGYG000004476__gradient_L7_bglucan_gapseq	1005	1057	218	bio1	1.431344	0.719304	2.291679
MGYG000004476__gradient_L8_hmo_gapseq	1005	1057	218	bio1	1.431344	0.720980	2.361737
MGYG000004476__gradient_L9_mos_gapseq	1005	1057	218	bio1	1.565468	0.720652	2.300780
MGYG000004478__gradient_L0_base_gapseq	1162	1252	258	bio1	0.278374	0.889423	3.256015
MGYG000004478__gradient_L1_inulin_gapseq	1162	1252	258	bio1	0.422054	0.881232	3.192276
MGYG000004478__gradient_L2_fos_gapseq	1162	1252	258	bio1	0.422054	0.911421	3.194452
MGYG000004478__gradient_L3_gos_gapseq	1162	1252	258	bio1	0.422054	0.882179	3.249176
MGYG000004478__gradient_L4_xos_gapseq	1162	1252	258	bio1	0.422054	0.899117	3.231246
MGYG000004478__gradient_L5_pectin_gapseq	1162	1252	258	bio1	0.422054	0.943937	3.193616
MGYG000004478__gradient_L6_resistant_starch_gapseq	1162	1252	258	bio1	1.043910	0.887633	3.210339
MGYG000004478__gradient_L7_bglucan_gapseq	1162	1252	258	bio1	1.043910	0.932088	3.200957
MGYG000004478__gradient_L8_hmo_gapseq	1162	1252	258	bio1	1.043910	0.891055	3.267638
MGYG000004478__gradient_L9_mos_gapseq	1162	1252	258	bio1	1.043910	0.880161	3.214436
MGYG000004487__gradient_L0_base_gapseq	1133	1250	280	bio1	0.000000	0.892461	0.048794
MGYG000004487__gradient_L1_inulin_gapseq	1133	1250	280	bio1	0.000000	0.869177	0.118526
MGYG000004487__gradient_L2_fos_gapseq	1133	1250	280	bio1	0.000000	0.876525	0.049899
MGYG000004487__gradient_L3_gos_gapseq	1133	1250	280	bio1	0.000000	0.872108	0.051880
MGYG000004487__gradient_L4_xos_gapseq	1133	1250	280	bio1	0.000000	0.964740	0.049844
MGYG000004487__gradient_L5_pectin_gapseq	1133	1250	280	bio1	0.000000	0.903717	0.050535
MGYG000004487__gradient_L6_resistant_starch_gapseq	1133	1250	280	bio1	0.000000	0.959577	0.050248
MGYG000004487__gradient_L7_bglucan_gapseq	1133	1250	280	bio1	0.000000	0.892863	0.050679
MGYG000004487__gradient_L8_hmo_gapseq	1133	1250	280	bio1	0.000000	0.904783	0.049896
MGYG000004487__gradient_L9_mos_gapseq	1133	1250	280	bio1	0.000000	0.983534	0.050725
MGYG000004490__gradient_L0_base_gapseq	1337	1532	405	bio1	0.256639	1.067777	4.775675
MGYG000004490__gradient_L1_inulin_gapseq	1337	1532	405	bio1	0.366119	1.079974	4.660951
MGYG000004490__gradient_L2_fos_gapseq	1337	1532	405	bio1	0.366119	1.151866	4.665866
MGYG000004490__gradient_L3_gos_gapseq	1337	1532	405	bio1	0.436365	1.149483	4.695027
MGYG000004490__gradient_L4_xos_gapseq	1337	1532	405	bio1	0.528801	1.070999	4.766909
MGYG000004490__gradient_L5_pectin_gapseq	1337	1532	405	bio1	0.560712	1.120184	4.675038
MGYG000004490__gradient_L6_resistant_starch_gapseq	1337	1532	405	bio1	0.818279	1.184185	4.680582
MGYG000004490__gradient_L7_bglucan_gapseq	1337	1532	405	bio1	0.975555	1.158136	4.699936
MGYG000004490__gradient_L8_hmo_gapseq	1337	1532	405	bio1	0.975555	1.082204	4.788443
MGYG000004490__gradient_L9_mos_gapseq	1337	1532	405	bio1	1.075847	1.059467	4.808719
MGYG000004495__gradient_L0_base_gapseq	1441	1693	398	bio1	0.000000	1.243630	0.067930
MGYG000004495__gradient_L1_inulin_gapseq	1441	1693	398	bio1	0.000000	1.195682	0.068752
MGYG000004495__gradient_L2_fos_gapseq	1441	1693	398	bio1	0.000000	1.244468	0.069552
MGYG000004495__gradient_L3_gos_gapseq	1441	1693	398	bio1	0.000000	1.139504	0.072135
MGYG000004495__gradient_L4_xos_gapseq	1441	1693	398	bio1	0.000000	1.242945	0.074105
MGYG000004495__gradient_L5_pectin_gapseq	1441	1693	398	bio1	0.000000	1.178622	0.158418
MGYG000004495__gradient_L6_resistant_starch_gapseq	1441	1693	398	bio1	1.094486	1.173556	5.708816
MGYG000004495__gradient_L7_bglucan_gapseq	1441	1693	398	bio1	1.280772	1.292582	5.662454
MGYG000004495__gradient_L8_hmo_gapseq	1441	1693	398	bio1	1.280772	1.254535	5.640723
MGYG000004495__gradient_L9_mos_gapseq	1441	1693	398	bio1	1.398757	1.246392	5.643296
MGYG000004498__gradient_L0_base_gapseq	821	866	152	bio1	0.042507	0.571454	1.555272
MGYG000004498__gradient_L1_inulin_gapseq	821	866	152	bio1	0.163882	0.650024	1.561914
MGYG000004498__gradient_L2_fos_gapseq	821	866	152	bio1	0.163882	0.570153	1.557944
MGYG000004498__gradient_L3_gos_gapseq	821	866	152	bio1	0.220074	0.567010	1.567554
MGYG000004498__gradient_L4_xos_gapseq	821	866	152	bio1	0.220074	0.634580	1.562873
MGYG000004498__gradient_L5_pectin_gapseq	821	866	152	bio1	0.220074	0.574314	1.564870
MGYG000004498__gradient_L6_resistant_starch_gapseq	821	866	152	bio1	0.220074	0.624370	1.556399
MGYG000004498__gradient_L7_bglucan_gapseq	821	866	152	bio1	0.220074	0.567926	1.565102
MGYG000004498__gradient_L8_hmo_gapseq	821	866	152	bio1	0.220074	0.566359	1.556437
MGYG000004498__gradient_L9_mos_gapseq	821	866	152	bio1	0.220074	0.620396	1.560239
MGYG000004501__gradient_L0_base_gapseq	1161	1280	286	bio1	0.000000	0.897401	0.042042
MGYG000004501__gradient_L1_inulin_gapseq	1161	1280	286	bio1	0.000000	0.886868	0.044830
MGYG000004501__gradient_L2_fos_gapseq	1161	1280	286	bio1	0.000000	0.957444	0.043934
MGYG000004501__gradient_L3_gos_gapseq	1161	1280	286	bio1	0.477433	0.885997	3.368363
MGYG000004501__gradient_L4_xos_gapseq	1161	1280	286	bio1	0.490454	0.958233	3.373230
MGYG000004501__gradient_L5_pectin_gapseq	1161	1280	286	bio1	0.490454	0.889232	3.472733
MGYG000004501__gradient_L6_resistant_starch_gapseq	1161	1280	286	bio1	0.594624	0.871164	3.378593
MGYG000004501__gradient_L7_bglucan_gapseq	1161	1280	286	bio1	0.594624	0.954183	3.372461
MGYG000004501__gradient_L8_hmo_gapseq	1161	1280	286	bio1	0.594624	0.883715	3.400335
MGYG000004501__gradient_L9_mos_gapseq	1161	1280	286	bio1	0.594624	0.941284	3.355817
MGYG000004509__gradient_L0_base_gapseq	789	743	100	bio1	0.000000	0.508421	0.018117
MGYG000004509__gradient_L1_inulin_gapseq	789	743	100	bio1	0.152238	0.532581	1.234723
MGYG000004509__gradient_L2_fos_gapseq	789	743	100	bio1	0.152238	0.572454	1.236432
MGYG000004509__gradient_L3_gos_gapseq	789	743	100	bio1	0.152238	0.511235	1.233494
MGYG000004509__gradient_L4_xos_gapseq	789	743	100	bio1	0.152238	0.508547	1.230399
MGYG000004509__gradient_L5_pectin_gapseq	789	743	100	bio1	0.152238	0.558445	1.244391
MGYG000004509__gradient_L6_resistant_starch_gapseq	789	743	100	bio1	0.152238	0.511954	1.241861
MGYG000004509__gradient_L7_bglucan_gapseq	789	743	100	bio1	0.152238	0.507323	1.242152
MGYG000004509__gradient_L8_hmo_gapseq	789	743	100	bio1	0.152238	0.569202	1.234834
MGYG000004509__gradient_L9_mos_gapseq	789	743	100	bio1	0.152238	0.515385	1.236614
MGYG000004525__gradient_L0_base_gapseq	1160	1314	287	bio1	0.000000	0.892921	0.052686
MGYG000004525__gradient_L1_inulin_gapseq	1160	1314	287	bio1	0.000000	0.992224	0.051957
MGYG000004525__gradient_L2_fos_gapseq	1160	1314	287	bio1	0.000000	0.902523	0.051849
MGYG000004525__gradient_L3_gos_gapseq	1160	1314	287	bio1	0.000000	0.967859	0.057008
MGYG000004525__gradient_L4_xos_gapseq	1160	1314	287	bio1	0.847724	0.932263	3.485424
MGYG000004525__gradient_L5_pectin_gapseq	1160	1314	287	bio1	0.847724	0.998189	3.522373
MGYG000004525__gradient_L6_resistant_starch_gapseq	1160	1314	287	bio1	1.404565	0.908619	3.525035
MGYG000004525__gradient_L7_bglucan_gapseq	1160	1314	287	bio1	1.404565	0.906196	3.440798
MGYG000004525__gradient_L8_hmo_gapseq	1160	1314	287	bio1	1.404565	0.998874	3.442422
MGYG000004525__gradient_L9_mos_gapseq	1160	1314	287	bio1	1.404565	0.937230	3.517539
MGYG000004527__gradient_L0_base_gapseq	728	672	93	bio1	0.000000	0.471764	0.017951
MGYG000004527__gradient_L1_inulin_gapseq	728	672	93	bio1	0.000000	0.455806	0.017181
MGYG000004527__gradient_L2_fos_gapseq	728	672	93	bio1	0.000000	0.537204	0.017071
MGYG000004527__gradient_L3_gos_gapseq	728	672	93	bio1	0.000000	0.456814	0.017152
MGYG000004527__gradient_L4_xos_gapseq	728	672	93	bio1	0.000000	0.458404	0.017868
MGYG000004527__gradient_L5_pectin_gapseq	728	672	93	bio1	0.000000	0.449801	0.017443
MGYG000004527__gradient_L6_resistant_starch_gapseq	728	672	93	bio1	0.000000	0.478950	0.017868
MGYG000004527__gradient_L7_bglucan_gapseq	728	672	93	bio1	0.000000	0.521581	0.017338
MGYG000004527__gradient_L8_hmo_gapseq	728	672	93	bio1	0.000000	0.459733	0.017347
MGYG000004527__gradient_L9_mos_gapseq	728	672	93	bio1	0.000000	0.456838	0.017840
MGYG000004529__gradient_L0_base_gapseq	1120	1197	219	bio1	0.000000	0.883539	0.039953
MGYG000004529__gradient_L1_inulin_gapseq	1120	1197	219	bio1	0.136333	0.943200	3.013119
MGYG000004529__gradient_L2_fos_gapseq	1120	1197	219	bio1	0.136333	0.858088	3.112929
MGYG000004529__gradient_L3_gos_gapseq	1120	1197	219	bio1	0.136333	0.837710	3.003219
MGYG000004529__gradient_L4_xos_gapseq	1120	1197	219	bio1	0.136333	0.855383	3.068303
MGYG000004529__gradient_L5_pectin_gapseq	1120	1197	219	bio1	0.136333	0.843595	3.012320
MGYG000004529__gradient_L6_resistant_starch_gapseq	1120	1197	219	bio1	0.175288	0.887437	3.018826
MGYG000004529__gradient_L7_bglucan_gapseq	1120	1197	219	bio1	0.175288	0.846252	3.005934
MGYG000004529__gradient_L8_hmo_gapseq	1120	1197	219	bio1	0.175288	0.937573	3.021751
MGYG000004529__gradient_L9_mos_gapseq	1120	1197	219	bio1	0.214243	0.839228	3.072677
MGYG000004532__gradient_L0_base_gapseq	1273	1359	294	bio1	0.000000	0.964177	0.043262
MGYG000004532__gradient_L1_inulin_gapseq	1273	1359	294	bio1	0.000000	0.942885	0.043948
MGYG000004532__gradient_L2_fos_gapseq	1273	1359	294	bio1	0.000000	1.027870	0.043338
MGYG000004532__gradient_L3_gos_gapseq	1273	1359	294	bio1	0.646879	0.955827	3.881567
MGYG000004532__gradient_L4_xos_gapseq	1273	1359	294	bio1	0.646879	0.943656	3.813592
MGYG000004532__gradient_L5_pectin_gapseq	1273	1359	294	bio1	0.646879	1.009717	3.795177
MGYG000004532__gradient_L6_resistant_starch_gapseq	1273	1359	294	bio1	0.712744	0.935172	3.754741
MGYG000004532__gradient_L7_bglucan_gapseq	1273	1359	294	bio1	0.712744	1.006625	3.779069
MGYG000004532__gradient_L8_hmo_gapseq	1273	1359	294	bio1	0.712744	1.013503	3.755326
MGYG000004532__gradient_L9_mos_gapseq	1273	1359	294	bio1	0.712744	0.942621	3.775512
MGYG000004533__gradient_L0_base_gapseq	1086	1107	169	bio1	0.000000	0.757596	0.030078
MGYG000004533__gradient_L1_inulin_gapseq	1086	1107	169	bio1	0.278071	0.764119	2.536601
MGYG000004533__gradient_L2_fos_gapseq	1086	1107	169	bio1	0.278071	0.819646	2.550039
MGYG000004533__gradient_L3_gos_gapseq	1086	1107	169	bio1	0.278071	0.776635	2.554715
MGYG000004533__gradient_L4_xos_gapseq	1086	1107	169	bio1	0.278071	0.812175	2.536863
MGYG000004533__gradient_L5_pectin_gapseq	1086	1107	169	bio1	0.278071	0.766746	2.549682
MGYG000004533__gradient_L6_resistant_starch_gapseq	1086	1107	169	bio1	0.733316	0.813732	2.553010
MGYG000004533__gradient_L7_bglucan_gapseq	1086	1107	169	bio1	0.733316	0.769790	2.562377
MGYG000004533__gradient_L8_hmo_gapseq	1086	1107	169	bio1	0.733316	0.823434	2.561539
MGYG000004533__gradient_L9_mos_gapseq	1086	1107	169	bio1	0.733316	0.763824	2.558969
MGYG000004535__gradient_L0_base_gapseq	933	1015	202	bio1	0.382605	0.772193	2.150053
MGYG000004535__gradient_L1_inulin_gapseq	933	1015	202	bio1	0.528363	0.684269	2.146367
MGYG000004535__gradient_L2_fos_gapseq	933	1015	202	bio1	0.528363	0.752460	2.136101
MGYG000004535__gradient_L3_gos_gapseq	933	1015	202	bio1	0.828989	0.803397	2.145999
MGYG000004535__gradient_L4_xos_gapseq	933	1015	202	bio1	0.828989	0.727736	2.147479
MGYG000004535__gradient_L5_pectin_gapseq	933	1015	202	bio1	0.883648	0.692589	2.150038
MGYG000004535__gradient_L6_resistant_starch_gapseq	933	1015	202	bio1	0.992967	0.725806	2.155131
MGYG000004535__gradient_L7_bglucan_gapseq	933	1015	202	bio1	0.992967	0.686429	2.148818
MGYG000004535__gradient_L8_hmo_gapseq	933	1015	202	bio1	0.994383	0.741781	2.147190
MGYG000004535__gradient_L9_mos_gapseq	933	1015	202	bio1	0.994383	0.689887	2.151353
MGYG000004537__gradient_L0_base_gapseq	956	953	138	bio1	0.000000	0.727559	0.020889
MGYG000004537__gradient_L1_inulin_gapseq	956	953	138	bio1	0.000000	0.653174	0.023635
MGYG000004537__gradient_L2_fos_gapseq	956	953	138	bio1	0.000000	0.649673	0.023827
MGYG000004537__gradient_L3_gos_gapseq	956	953	138	bio1	0.000000	0.724589	0.024799
MGYG000004537__gradient_L4_xos_gapseq	956	953	138	bio1	0.000000	0.661578	0.024019
MGYG000004537__gradient_L5_pectin_gapseq	956	953	138	bio1	0.000000	0.683899	0.023757
MGYG000004537__gradient_L6_resistant_starch_gapseq	956	953	138	bio1	0.000000	0.769941	0.024739
MGYG000004537__gradient_L7_bglucan_gapseq	956	953	138	bio1	0.000000	0.725284	0.023877
MGYG000004537__gradient_L8_hmo_gapseq	956	953	138	bio1	0.000000	0.721929	0.023869
MGYG000004537__gradient_L9_mos_gapseq	956	953	138	bio1	0.000000	0.700839	0.024423
MGYG000004542__gradient_L0_base_gapseq	1177	1318	336	bio1	0.830899	1.006410	3.535955
MGYG000004542__gradient_L1_inulin_gapseq	1177	1318	336	bio1	1.123964	0.994250	3.539293
MGYG000004542__gradient_L2_fos_gapseq	1177	1318	336	bio1	1.123964	0.960763	3.543293
MGYG000004542__gradient_L3_gos_gapseq	1177	1318	336	bio1	1.420100	0.972087	3.549086
MGYG000004542__gradient_L4_xos_gapseq	1177	1318	336	bio1	1.420100	0.917631	3.633170
MGYG000004542__gradient_L5_pectin_gapseq	1177	1318	336	bio1	1.420100	0.919102	3.518332
MGYG000004542__gradient_L6_resistant_starch_gapseq	1177	1318	336	bio1	2.041539	0.985499	3.512408
MGYG000004542__gradient_L7_bglucan_gapseq	1177	1318	336	bio1	2.041539	0.927241	3.579610
MGYG000004542__gradient_L8_hmo_gapseq	1177	1318	336	bio1	2.041539	0.922173	3.515698
MGYG000004542__gradient_L9_mos_gapseq	1177	1318	336	bio1	2.185120	0.999142	3.521280
MGYG000004553__gradient_L0_base_gapseq	1149	1299	311	bio1	0.397554	0.942919	3.405855
MGYG000004553__gradient_L1_inulin_gapseq	1149	1299	311	bio1	0.555265	0.900900	3.507546
MGYG000004553__gradient_L2_fos_gapseq	1149	1299	311	bio1	0.555265	0.909513	3.413749
MGYG000004553__gradient_L3_gos_gapseq	1149	1299	311	bio1	0.703120	0.953130	3.427435
MGYG000004553__gradient_L4_xos_gapseq	1149	1299	311	bio1	0.703120	0.883429	3.436695
MGYG000004553__gradient_L5_pectin_gapseq	1149	1299	311	bio1	0.703120	0.944419	3.427596
MGYG000004553__gradient_L6_resistant_starch_gapseq	1149	1299	311	bio1	1.029289	0.883036	3.500142
MGYG000004553__gradient_L7_bglucan_gapseq	1149	1299	311	bio1	1.133482	0.906657	3.438940
MGYG000004553__gradient_L8_hmo_gapseq	1149	1299	311	bio1	1.133482	0.966732	3.409960
MGYG000004553__gradient_L9_mos_gapseq	1149	1299	311	bio1	1.209259	0.900160	3.508596
MGYG000004557__gradient_L0_base_gapseq	1193	1332	377	bio1	0.000000	0.939121	0.044597
MGYG000004557__gradient_L1_inulin_gapseq	1193	1332	377	bio1	0.000000	1.011343	0.044935
MGYG000004557__gradient_L2_fos_gapseq	1193	1332	377	bio1	0.000000	0.922906	0.045947
MGYG000004557__gradient_L3_gos_gapseq	1193	1332	377	bio1	0.000000	0.998948	0.045848
MGYG000004557__gradient_L4_xos_gapseq	1193	1332	377	bio1	0.288870	0.940239	3.568407
MGYG000004557__gradient_L5_pectin_gapseq	1193	1332	377	bio1	0.288870	0.998906	3.575358
MGYG000004557__gradient_L6_resistant_starch_gapseq	1193	1332	377	bio1	0.288870	1.005288	3.568510
MGYG000004557__gradient_L7_bglucan_gapseq	1193	1332	377	bio1	0.288870	0.938712	3.577200
MGYG000004557__gradient_L8_hmo_gapseq	1193	1332	377	bio1	0.288870	0.990692	3.582618
MGYG000004557__gradient_L9_mos_gapseq	1193	1332	377	bio1	0.288870	0.939485	3.645368
MGYG000004559__gradient_L0_base_gapseq	1251	1376	262	bio1	0.786679	0.993079	3.816953
MGYG000004559__gradient_L1_inulin_gapseq	1251	1376	262	bio1	0.959381	1.063040	3.793828
MGYG000004559__gradient_L2_fos_gapseq	1251	1376	262	bio1	0.959381	0.970017	3.868202
MGYG000004559__gradient_L3_gos_gapseq	1251	1376	262	bio1	1.084806	0.971800	3.805378
MGYG000004559__gradient_L4_xos_gapseq	1251	1376	262	bio1	1.084806	1.066114	3.863785
MGYG000004559__gradient_L5_pectin_gapseq	1251	1376	262	bio1	1.084806	0.991548	3.903038
MGYG000004559__gradient_L6_resistant_starch_gapseq	1251	1376	262	bio1	1.509491	0.984259	3.812476
MGYG000004559__gradient_L7_bglucan_gapseq	1251	1376	262	bio1	1.509491	1.097740	3.814872
MGYG000004559__gradient_L8_hmo_gapseq	1251	1376	262	bio1	1.509491	0.963646	3.886980
MGYG000004559__gradient_L9_mos_gapseq	1251	1376	262	bio1	1.676724	0.981181	3.830072
MGYG000004563__gradient_L0_base_gapseq	982	910	304	bio1	0.000000	0.657063	0.020671
MGYG000004563__gradient_L1_inulin_gapseq	982	910	304	bio1	0.000000	0.689854	0.021328
MGYG000004563__gradient_L2_fos_gapseq	982	910	304	bio1	0.000000	0.728861	0.021748
MGYG000004563__gradient_L3_gos_gapseq	982	910	304	bio1	0.000000	0.676622	0.023056
MGYG000004563__gradient_L4_xos_gapseq	982	910	304	bio1	0.000000	0.715458	0.021389
MGYG000004563__gradient_L5_pectin_gapseq	982	910	304	bio1	0.000000	0.763853	0.021791
MGYG000004563__gradient_L6_resistant_starch_gapseq	982	910	304	bio1	0.000000	0.657690	0.022768
MGYG000004563__gradient_L7_bglucan_gapseq	982	910	304	bio1	0.000000	0.656874	0.021370
MGYG000004563__gradient_L8_hmo_gapseq	982	910	304	bio1	0.000000	0.649448	0.021261
MGYG000004563__gradient_L9_mos_gapseq	982	910	304	bio1	0.000000	0.743318	0.022617
MGYG000004565__gradient_L0_base_gapseq	1105	1213	288	bio1	0.247282	0.844966	3.029405
MGYG000004565__gradient_L1_inulin_gapseq	1105	1213	288	bio1	0.326415	0.920829	3.036586
MGYG000004565__gradient_L2_fos_gapseq	1105	1213	288	bio1	0.326415	0.838961	3.110583
MGYG000004565__gradient_L3_gos_gapseq	1105	1213	288	bio1	0.326415	0.833991	3.025504
MGYG000004565__gradient_L4_xos_gapseq	1105	1213	288	bio1	0.326415	0.896640	3.019516
MGYG000004565__gradient_L5_pectin_gapseq	1105	1213	288	bio1	0.326415	0.847809	3.051702
MGYG000004565__gradient_L6_resistant_starch_gapseq	1105	1213	288	bio1	0.684989	0.911948	3.038932
MGYG000004565__gradient_L7_bglucan_gapseq	1105	1213	288	bio1	0.684989	0.837481	3.114665
MGYG000004565__gradient_L8_hmo_gapseq	1105	1213	288	bio1	0.684989	0.831934	3.043863
MGYG000004565__gradient_L9_mos_gapseq	1105	1213	288	bio1	0.684989	0.848409	3.108048
MGYG000004569__gradient_L0_base_gapseq	1093	1191	233	bio1	0.000000	0.885675	0.036592
MGYG000004569__gradient_L1_inulin_gapseq	1093	1191	233	bio1	0.000000	0.811372	0.036809
MGYG000004569__gradient_L2_fos_gapseq	1093	1191	233	bio1	0.000000	0.818336	0.036426
MGYG000004569__gradient_L3_gos_gapseq	1093	1191	233	bio1	0.363337	0.887216	2.942695
MGYG000004569__gradient_L4_xos_gapseq	1093	1191	233	bio1	0.363337	0.824406	3.015023
MGYG000004569__gradient_L5_pectin_gapseq	1093	1191	233	bio1	0.363337	0.812245	2.945052
MGYG000004569__gradient_L6_resistant_starch_gapseq	1093	1191	233	bio1	0.426527	0.814889	3.026037
MGYG000004569__gradient_L7_bglucan_gapseq	1093	1191	233	bio1	0.578181	0.804571	2.946546
MGYG000004569__gradient_L8_hmo_gapseq	1093	1191	233	bio1	0.578181	0.876567	2.935505
MGYG000004569__gradient_L9_mos_gapseq	1093	1191	233	bio1	0.679274	0.811428	2.945838
MGYG000004576__gradient_L0_base_gapseq	1047	1178	218	bio1	0.000000	0.774514	0.034250
MGYG000004576__gradient_L1_inulin_gapseq	1047	1178	218	bio1	0.000000	0.802423	0.105997
MGYG000004576__gradient_L2_fos_gapseq	1047	1178	218	bio1	0.000000	0.797762	0.038015
MGYG000004576__gradient_L3_gos_gapseq	1047	1178	218	bio1	0.000000	0.805601	0.036994
MGYG000004576__gradient_L4_xos_gapseq	1047	1178	218	bio1	0.883319	0.877062	2.845703
MGYG000004576__gradient_L5_pectin_gapseq	1047	1178	218	bio1	0.883319	0.800909	2.842853
MGYG000004576__gradient_L6_resistant_starch_gapseq	1047	1178	218	bio1	0.994383	0.873951	2.863375
MGYG000004576__gradient_L7_bglucan_gapseq	1047	1178	218	bio1	0.994383	0.812191	2.939863
MGYG000004576__gradient_L8_hmo_gapseq	1047	1178	218	bio1	0.994383	0.811914	2.864330
MGYG000004576__gradient_L9_mos_gapseq	1047	1178	218	bio1	0.994383	0.802618	2.929313
MGYG000004589__gradient_L0_base_gapseq	1180	1358	355	bio1	0.000000	0.992743	0.043860
MGYG000004589__gradient_L1_inulin_gapseq	1180	1358	355	bio1	0.000000	0.947393	0.045345
MGYG000004589__gradient_L2_fos_gapseq	1180	1358	355	bio1	0.000000	1.005404	0.045660
MGYG000004589__gradient_L3_gos_gapseq	1180	1358	355	bio1	0.000000	0.928580	0.048580
MGYG000004589__gradient_L4_xos_gapseq	1180	1358	355	bio1	0.590858	1.018390	3.678445
MGYG000004589__gradient_L5_pectin_gapseq	1180	1358	355	bio1	0.590858	0.953519	3.760302
MGYG000004589__gradient_L6_resistant_starch_gapseq	1180	1358	355	bio1	1.180866	0.935435	3.666438
MGYG000004589__gradient_L7_bglucan_gapseq	1180	1358	355	bio1	1.385376	1.003332	3.674974
MGYG000004589__gradient_L8_hmo_gapseq	1180	1358	355	bio1	1.385376	0.937395	3.675098
MGYG000004589__gradient_L9_mos_gapseq	1180	1358	355	bio1	1.385376	1.002465	3.680515
MGYG000004592__gradient_L0_base_gapseq	1229	1256	262	bio1	0.000000	0.908310	0.041824
MGYG000004592__gradient_L1_inulin_gapseq	1229	1256	262	bio1	0.000000	0.963177	0.041591
MGYG000004592__gradient_L2_fos_gapseq	1229	1256	262	bio1	0.000000	0.889720	0.042476
MGYG000004592__gradient_L3_gos_gapseq	1229	1256	262	bio1	0.000000	0.889104	0.041832
MGYG000004592__gradient_L4_xos_gapseq	1229	1256	262	bio1	0.000000	0.982517	0.041951
MGYG000004592__gradient_L5_pectin_gapseq	1229	1256	262	bio1	0.000000	0.939352	0.042336
MGYG000004592__gradient_L6_resistant_starch_gapseq	1229	1256	262	bio1	0.357703	0.958293	3.290521
MGYG000004592__gradient_L7_bglucan_gapseq	1229	1256	262	bio1	0.548326	0.900574	3.303521
MGYG000004592__gradient_L8_hmo_gapseq	1229	1256	262	bio1	0.548326	0.978876	3.298687
MGYG000004592__gradient_L9_mos_gapseq	1229	1256	262	bio1	0.548326	0.899116	3.348318
MGYG000004612__gradient_L0_base_gapseq	1308	1467	339	bio1	0.000000	1.061783	0.051173
MGYG000004612__gradient_L1_inulin_gapseq	1308	1467	339	bio1	0.000000	1.047807	0.052903
MGYG000004612__gradient_L2_fos_gapseq	1308	1467	339	bio1	0.000000	1.124219	0.051986
MGYG000004612__gradient_L3_gos_gapseq	1308	1467	339	bio1	0.000000	1.048563	0.051234
MGYG000004612__gradient_L4_xos_gapseq	1308	1467	339	bio1	1.066317	1.109384	4.226265
MGYG000004612__gradient_L5_pectin_gapseq	1308	1467	339	bio1	1.066317	1.036440	4.351728
MGYG000004612__gradient_L6_resistant_starch_gapseq	1308	1467	339	bio1	1.794591	1.049766	4.248423
MGYG000004612__gradient_L7_bglucan_gapseq	1308	1467	339	bio1	2.038740	1.124401	4.242212
MGYG000004612__gradient_L8_hmo_gapseq	1308	1467	339	bio1	2.038740	1.128948	4.245533
MGYG000004612__gradient_L9_mos_gapseq	1308	1467	339	bio1	2.172292	1.062403	4.359050
MGYG000004616__gradient_L0_base_gapseq	1201	1336	291	bio1	0.000000	0.944831	0.040879
MGYG000004616__gradient_L1_inulin_gapseq	1201	1336	291	bio1	0.000000	1.009921	0.041205
MGYG000004616__gradient_L2_fos_gapseq	1201	1336	291	bio1	0.000000	0.963836	0.040764
MGYG000004616__gradient_L3_gos_gapseq	1201	1336	291	bio1	0.349589	0.932538	3.696637
MGYG000004616__gradient_L4_xos_gapseq	1201	1336	291	bio1	0.349589	0.926716	3.608187
MGYG000004616__gradient_L5_pectin_gapseq	1201	1336	291	bio1	0.349589	1.013881	3.614502
MGYG000004616__gradient_L6_resistant_starch_gapseq	1201	1336	291	bio1	0.349650	0.926234	3.701092
MGYG000004616__gradient_L7_bglucan_gapseq	1201	1336	291	bio1	0.349650	0.929305	3.600211
MGYG000004616__gradient_L8_hmo_gapseq	1201	1336	291	bio1	0.349650	1.003176	3.645571
MGYG000004616__gradient_L9_mos_gapseq	1201	1336	291	bio1	0.349650	0.913654	3.692873
MGYG000004633__gradient_L0_base_gapseq	1263	1434	374	bio1	0.652428	1.031852	4.182444
MGYG000004633__gradient_L1_inulin_gapseq	1263	1434	374	bio1	0.936482	1.089903	4.203009
MGYG000004633__gradient_L2_fos_gapseq	1263	1434	374	bio1	0.936482	1.004427	4.242787
MGYG000004633__gradient_L3_gos_gapseq	1263	1434	374	bio1	1.193879	1.016305	4.180372
MGYG000004633__gradient_L4_xos_gapseq	1263	1434	374	bio1	1.193879	1.078047	4.181118
MGYG000004633__gradient_L5_pectin_gapseq	1263	1434	374	bio1	1.193879	1.101326	4.187992
MGYG000004633__gradient_L6_resistant_starch_gapseq	1263	1434	374	bio1	1.782326	1.044457	4.272857
MGYG000004633__gradient_L7_bglucan_gapseq	1263	1434	374	bio1	1.782326	1.013763	4.178024
MGYG000004633__gradient_L8_hmo_gapseq	1263	1434	374	bio1	1.782326	1.088574	4.164979
MGYG000004633__gradient_L9_mos_gapseq	1263	1434	374	bio1	1.918285	1.090746	4.174509
MGYG000004637__gradient_L0_base_gapseq	1072	1117	255	bio1	0.043338	0.781082	2.536645
MGYG000004637__gradient_L1_inulin_gapseq	1072	1117	255	bio1	0.083928	0.800193	2.585592
MGYG000004637__gradient_L2_fos_gapseq	1072	1117	255	bio1	0.083928	0.792645	2.528843
MGYG000004637__gradient_L3_gos_gapseq	1072	1117	255	bio1	0.083928	0.849544	2.535845
MGYG000004637__gradient_L4_xos_gapseq	1072	1117	255	bio1	0.083928	0.795419	2.553254
MGYG000004637__gradient_L5_pectin_gapseq	1072	1117	255	bio1	0.083928	0.853264	2.537649
MGYG000004637__gradient_L6_resistant_starch_gapseq	1072	1117	255	bio1	0.083928	0.799441	2.513775
MGYG000004637__gradient_L7_bglucan_gapseq	1072	1117	255	bio1	0.083928	0.843657	2.573409
MGYG000004637__gradient_L8_hmo_gapseq	1072	1117	255	bio1	0.083928	0.803910	2.544962
MGYG000004637__gradient_L9_mos_gapseq	1072	1117	255	bio1	0.083928	0.899211	2.540572
MGYG000004652__gradient_L0_base_gapseq	1396	1665	371	bio1	0.239421	1.170627	5.492062
MGYG000004652__gradient_L1_inulin_gapseq	1396	1665	371	bio1	0.445989	1.182980	5.463042
MGYG000004652__gradient_L2_fos_gapseq	1396	1665	371	bio1	0.445989	1.163569	5.439686
MGYG000004652__gradient_L3_gos_gapseq	1396	1665	371	bio1	0.650210	1.235064	5.412628
MGYG000004652__gradient_L4_xos_gapseq	1396	1665	371	bio1	0.746688	1.228932	5.396230
MGYG000004652__gradient_L5_pectin_gapseq	1396	1665	371	bio1	0.746688	1.242249	5.439726
MGYG000004652__gradient_L6_resistant_starch_gapseq	1396	1665	371	bio1	1.194376	1.116393	5.486006
MGYG000004652__gradient_L7_bglucan_gapseq	1396	1665	371	bio1	1.340070	1.155585	5.435462
MGYG000004652__gradient_L8_hmo_gapseq	1396	1665	371	bio1	1.340070	1.166159	5.341202
MGYG000004652__gradient_L9_mos_gapseq	1396	1665	371	bio1	1.431129	1.220568	5.424124
MGYG000004655__gradient_L0_base_gapseq	1273	1414	335	bio1	0.301778	1.021473	4.006115
MGYG000004655__gradient_L1_inulin_gapseq	1273	1414	335	bio1	0.377819	1.073048	4.010427
MGYG000004655__gradient_L2_fos_gapseq	1273	1414	335	bio1	0.377819	1.028614	4.096877
MGYG000004655__gradient_L3_gos_gapseq	1273	1414	335	bio1	0.434850	0.994384	4.094077
MGYG000004655__gradient_L4_xos_gapseq	1273	1414	335	bio1	0.454454	0.972543	3.999526
MGYG000004655__gradient_L5_pectin_gapseq	1273	1414	335	bio1	0.454454	1.062134	3.994571
MGYG000004655__gradient_L6_resistant_starch_gapseq	1273	1414	335	bio1	0.651685	0.969246	4.078446
MGYG000004655__gradient_L7_bglucan_gapseq	1273	1414	335	bio1	0.772876	0.978092	4.058429
MGYG000004655__gradient_L8_hmo_gapseq	1273	1414	335	bio1	0.772876	1.039867	4.022091
MGYG000004655__gradient_L9_mos_gapseq	1273	1414	335	bio1	0.848917	1.054241	4.003797
MGYG000004663__gradient_L0_base_gapseq	1293	1389	359	bio1	0.000000	1.015213	0.052287
MGYG000004663__gradient_L1_inulin_gapseq	1293	1389	359	bio1	0.000000	1.076335	0.054879
MGYG000004663__gradient_L2_fos_gapseq	1293	1389	359	bio1	0.000000	0.992850	0.054476
MGYG000004663__gradient_L3_gos_gapseq	1293	1389	359	bio1	0.000000	1.072254	0.055351
MGYG000004663__gradient_L4_xos_gapseq	1293	1389	359	bio1	0.000000	0.993425	0.055662
MGYG000004663__gradient_L5_pectin_gapseq	1293	1389	359	bio1	0.000000	1.089924	0.055601
MGYG000004663__gradient_L6_resistant_starch_gapseq	1293	1389	359	bio1	0.000000	1.030116	0.056146
MGYG000004663__gradient_L7_bglucan_gapseq	1293	1389	359	bio1	0.000000	1.006180	0.152327
MGYG000004663__gradient_L8_hmo_gapseq	1293	1389	359	bio1	0.000000	0.993713	0.055675
MGYG000004663__gradient_L9_mos_gapseq	1293	1389	359	bio1	0.000000	1.005093	0.055588
MGYG000004733__gradient_L0_base_gapseq	1460	1699	512	bio1	0.985345	1.291848	5.608439
MGYG000004733__gradient_L1_inulin_gapseq	1460	1699	512	bio1	1.270047	1.289036	5.615389
MGYG000004733__gradient_L2_fos_gapseq	1460	1699	512	bio1	1.270047	1.257245	5.651407
MGYG000004733__gradient_L3_gos_gapseq	1460	1699	512	bio1	1.583485	1.193167	5.716480
MGYG000004733__gradient_L4_xos_gapseq	1460	1699	512	bio1	1.630168	1.237253	5.722507
MGYG000004733__gradient_L5_pectin_gapseq	1460	1699	512	bio1	1.630168	1.248889	5.644818
MGYG000004733__gradient_L6_resistant_starch_gapseq	1460	1699	512	bio1	2.245930	1.252314	5.642373
MGYG000004733__gradient_L7_bglucan_gapseq	1460	1699	512	bio1	2.452666	1.317850	5.617048
MGYG000004733__gradient_L8_hmo_gapseq	1460	1699	512	bio1	2.599382	1.259974	5.645628
MGYG000004733__gradient_L9_mos_gapseq	1460	1699	512	bio1	2.706085	1.300543	5.622085
MGYG000004736__gradient_L0_base_gapseq	1321	1439	285	bio1	0.000000	1.187415	0.049674
MGYG000004736__gradient_L1_inulin_gapseq	1321	1439	285	bio1	0.000000	1.035915	0.049609
MGYG000004736__gradient_L2_fos_gapseq	1321	1439	285	bio1	0.000000	1.091271	0.049126
MGYG000004736__gradient_L3_gos_gapseq	1321	1439	285	bio1	0.843308	1.016558	4.306380
MGYG000004736__gradient_L4_xos_gapseq	1321	1439	285	bio1	0.843308	1.044380	4.152093
MGYG000004736__gradient_L5_pectin_gapseq	1321	1439	285	bio1	0.843308	1.104467	4.141061
MGYG000004736__gradient_L6_resistant_starch_gapseq	1321	1439	285	bio1	1.564944	1.097666	4.161321
MGYG000004736__gradient_L7_bglucan_gapseq	1321	1439	285	bio1	1.564944	1.005432	4.251987
MGYG000004736__gradient_L8_hmo_gapseq	1321	1439	285	bio1	1.564944	1.036585	4.147516
MGYG000004736__gradient_L9_mos_gapseq	1321	1439	285	bio1	1.564944	1.121720	4.161747
MGYG000004739__gradient_L0_base_gapseq	1337	1596	360	bio1	0.000000	1.119809	0.140434
MGYG000004739__gradient_L1_inulin_gapseq	1337	1596	360	bio1	0.000000	1.134673	0.062956
MGYG000004739__gradient_L2_fos_gapseq	1337	1596	360	bio1	0.000000	1.221606	0.062395
MGYG000004739__gradient_L3_gos_gapseq	1337	1596	360	bio1	1.021458	1.110612	4.891810
MGYG000004739__gradient_L4_xos_gapseq	1337	1596	360	bio1	1.066025	1.194538	4.906311
MGYG000004739__gradient_L5_pectin_gapseq	1337	1596	360	bio1	1.066025	1.179282	4.897220
MGYG000004739__gradient_L6_resistant_starch_gapseq	1337	1596	360	bio1	1.421371	1.199588	4.893674
MGYG000004739__gradient_L7_bglucan_gapseq	1337	1596	360	bio1	1.537541	1.157882	4.971823
MGYG000004739__gradient_L8_hmo_gapseq	1337	1596	360	bio1	1.537541	1.112279	4.903551
MGYG000004739__gradient_L9_mos_gapseq	1337	1596	360	bio1	1.610432	1.174456	4.894776
MGYG000004744__gradient_L0_base_gapseq	1298	1476	377	bio1	0.560200	1.016008	4.417912
MGYG000004744__gradient_L1_inulin_gapseq	1298	1476	377	bio1	0.795790	1.011183	4.313738
MGYG000004744__gradient_L2_fos_gapseq	1298	1476	377	bio1	0.795790	1.085482	4.296923
MGYG000004744__gradient_L3_gos_gapseq	1298	1476	377	bio1	1.029202	1.104029	4.267146
MGYG000004744__gradient_L4_xos_gapseq	1298	1476	377	bio1	1.029202	1.081705	4.354817
MGYG000004744__gradient_L5_pectin_gapseq	1298	1476	377	bio1	1.029202	1.030820	4.290761
MGYG000004744__gradient_L6_resistant_starch_gapseq	1298	1476	377	bio1	1.490572	1.104884	4.286548
MGYG000004744__gradient_L7_bglucan_gapseq	1298	1476	377	bio1	1.649095	1.048672	4.359788
MGYG000004744__gradient_L8_hmo_gapseq	1298	1476	377	bio1	1.649095	1.053961	4.361932
MGYG000004744__gradient_L9_mos_gapseq	1298	1476	377	bio1	1.649095	1.015267	4.278329
MGYG000004770__gradient_L0_base_gapseq	1486	1724	383	bio1	0.448136	1.262408	5.761372
MGYG000004770__gradient_L1_inulin_gapseq	1486	1724	383	bio1	0.526643	1.246035	5.791827
MGYG000004770__gradient_L2_fos_gapseq	1486	1724	383	bio1	0.526643	1.263360	5.858363
MGYG000004770__gradient_L3_gos_gapseq	1486	1724	383	bio1	0.585524	1.196723	5.874556
MGYG000004770__gradient_L4_xos_gapseq	1486	1724	383	bio1	0.585524	1.208818	5.836757
MGYG000004770__gradient_L5_pectin_gapseq	1486	1724	383	bio1	0.585524	1.191281	5.753811
MGYG000004770__gradient_L6_resistant_starch_gapseq	1486	1724	383	bio1	0.735178	1.261612	5.764913
MGYG000004770__gradient_L7_bglucan_gapseq	1486	1724	383	bio1	0.735178	1.275713	5.777349
MGYG000004770__gradient_L8_hmo_gapseq	1486	1724	383	bio1	0.735178	1.260080	5.811222
MGYG000004770__gradient_L9_mos_gapseq	1486	1724	383	bio1	0.774432	1.257209	5.749684
MGYG000004781__gradient_L0_base_gapseq	1669	1967	546	bio1	0.000000	1.467601	0.078440
MGYG000004781__gradient_L1_inulin_gapseq	1669	1967	546	bio1	0.000000	1.448498	0.082320
MGYG000004781__gradient_L2_fos_gapseq	1669	1967	546	bio1	0.000000	1.389354	0.081083
MGYG000004781__gradient_L3_gos_gapseq	1669	1967	546	bio1	0.000000	1.486541	0.080585
MGYG000004781__gradient_L4_xos_gapseq	1669	1967	546	bio1	1.911469	1.475238	7.392842
MGYG000004781__gradient_L5_pectin_gapseq	1669	1967	546	bio1	1.911469	1.518733	7.388546
MGYG000004781__gradient_L6_resistant_starch_gapseq	1669	1967	546	bio1	2.629517	1.475464	7.453497
MGYG000004781__gradient_L7_bglucan_gapseq	1669	1967	546	bio1	2.862236	1.483535	7.397657
MGYG000004781__gradient_L8_hmo_gapseq	1669	1967	546	bio1	2.862236	1.485535	7.428716
MGYG000004781__gradient_L9_mos_gapseq	1669	1967	546	bio1	3.021360	1.489150	7.377748
MGYG000004783__gradient_L0_base_gapseq	1172	1285	269	bio1	0.000000	0.901825	0.042165
MGYG000004783__gradient_L1_inulin_gapseq	1172	1285	269	bio1	0.302240	0.980493	3.370463
MGYG000004783__gradient_L2_fos_gapseq	1172	1285	269	bio1	0.302240	0.922521	3.432261
MGYG000004783__gradient_L3_gos_gapseq	1172	1285	269	bio1	0.302240	0.900848	3.336201
MGYG000004783__gradient_L4_xos_gapseq	1172	1285	269	bio1	0.302240	0.964642	3.350091
MGYG000004783__gradient_L5_pectin_gapseq	1172	1285	269	bio1	0.302240	0.903343	3.421241
MGYG000004783__gradient_L6_resistant_starch_gapseq	1172	1285	269	bio1	0.888959	0.908587	3.390589
MGYG000004783__gradient_L7_bglucan_gapseq	1172	1285	269	bio1	0.888959	0.971837	3.346750
MGYG000004783__gradient_L8_hmo_gapseq	1172	1285	269	bio1	0.888959	0.906805	3.343998
MGYG000004783__gradient_L9_mos_gapseq	1172	1285	269	bio1	0.994383	0.978918	3.332772
MGYG000004786__gradient_L0_base_gapseq	1129	1253	308	bio1	0.000000	0.868566	0.137403
MGYG000004786__gradient_L1_inulin_gapseq	1129	1253	308	bio1	0.000000	0.885237	0.039558
MGYG000004786__gradient_L2_fos_gapseq	1129	1253	308	bio1	0.000000	0.882458	0.039431
MGYG000004786__gradient_L3_gos_gapseq	1129	1253	308	bio1	0.958625	0.980205	3.142491
MGYG000004786__gradient_L4_xos_gapseq	1129	1253	308	bio1	0.963686	0.923274	3.301430
MGYG000004786__gradient_L5_pectin_gapseq	1129	1253	308	bio1	0.963686	0.893336	3.145395
MGYG000004786__gradient_L6_resistant_starch_gapseq	1129	1253	308	bio1	1.599703	0.942627	3.129973
MGYG000004786__gradient_L7_bglucan_gapseq	1129	1253	308	bio1	1.818147	0.872994	3.145330
MGYG000004786__gradient_L8_hmo_gapseq	1129	1253	308	bio1	1.818147	0.936543	3.134243
MGYG000004786__gradient_L9_mos_gapseq	1129	1253	308	bio1	1.924059	0.870515	3.199883
MGYG000004797__gradient_L0_base_gapseq	1513	1809	564	bio1	0.958169	1.314298	6.322097
MGYG000004797__gradient_L1_inulin_gapseq	1513	1809	564	bio1	1.063569	1.382323	6.333527
MGYG000004797__gradient_L2_fos_gapseq	1513	1809	564	bio1	1.063569	1.245127	6.369577
MGYG000004797__gradient_L3_gos_gapseq	1513	1809	564	bio1	1.142619	1.251792	6.321314
MGYG000004797__gradient_L4_xos_gapseq	1513	1809	564	bio1	1.207296	1.254276	6.323658
MGYG000004797__gradient_L5_pectin_gapseq	1513	1809	564	bio1	1.240832	1.258157	6.372594
MGYG000004797__gradient_L6_resistant_starch_gapseq	1513	1809	564	bio1	1.722317	1.254458	6.356763
MGYG000004797__gradient_L7_bglucan_gapseq	1513	1809	564	bio1	1.887590	1.262347	6.253903
MGYG000004797__gradient_L8_hmo_gapseq	1513	1809	564	bio1	1.887590	1.325923	6.253886
MGYG000004797__gradient_L9_mos_gapseq	1513	1809	564	bio1	1.988179	1.330725	6.321830
MGYG000004798__gradient_L0_base_gapseq	1526	1820	472	bio1	0.998569	1.280960	6.444504
MGYG000004798__gradient_L1_inulin_gapseq	1526	1820	472	bio1	1.218440	1.326339	6.448490
MGYG000004798__gradient_L2_fos_gapseq	1526	1820	472	bio1	1.218440	1.303360	6.438470
MGYG000004798__gradient_L3_gos_gapseq	1526	1820	472	bio1	1.458923	1.260877	6.369841
MGYG000004798__gradient_L4_xos_gapseq	1526	1820	472	bio1	1.500149	1.339978	6.390537
MGYG000004798__gradient_L5_pectin_gapseq	1526	1820	472	bio1	1.500149	1.344323	6.368618
MGYG000004798__gradient_L6_resistant_starch_gapseq	1526	1820	472	bio1	1.997148	1.355870	6.373409
MGYG000004798__gradient_L7_bglucan_gapseq	1526	1820	472	bio1	2.152580	1.434444	6.349599
MGYG000004798__gradient_L8_hmo_gapseq	1526	1820	472	bio1	2.152580	1.411918	6.344911
MGYG000004798__gradient_L9_mos_gapseq	1526	1820	472	bio1	2.261649	1.350987	6.380476
MGYG000004819__gradient_L0_base_gapseq	1426	1681	405	bio1	0.390367	1.315258	5.480174
MGYG000004819__gradient_L1_inulin_gapseq	1426	1681	405	bio1	0.561752	1.252253	5.464269
MGYG000004819__gradient_L2_fos_gapseq	1426	1681	405	bio1	0.561752	1.268123	5.488055
MGYG000004819__gradient_L3_gos_gapseq	1426	1681	405	bio1	0.725996	1.206896	5.540240
MGYG000004819__gradient_L4_xos_gapseq	1426	1681	405	bio1	0.833236	1.262509	5.603161
MGYG000004819__gradient_L5_pectin_gapseq	1426	1681	405	bio1	0.833236	1.183660	5.501850
MGYG000004819__gradient_L6_resistant_starch_gapseq	1426	1681	405	bio1	1.202264	1.303248	5.504873
MGYG000004819__gradient_L7_bglucan_gapseq	1426	1681	405	bio1	1.202264	1.280562	5.510152
MGYG000004819__gradient_L8_hmo_gapseq	1426	1681	405	bio1	1.202264	1.255706	5.435554
MGYG000004819__gradient_L9_mos_gapseq	1426	1681	405	bio1	1.276969	1.275854	5.479362
MGYG000004834__gradient_L0_base_gapseq	1224	1381	325	bio1	0.425267	1.078474	3.864048
MGYG000004834__gradient_L1_inulin_gapseq	1224	1381	325	bio1	0.776010	0.969214	3.927833
MGYG000004834__gradient_L2_fos_gapseq	1224	1381	325	bio1	0.776010	0.998215	3.855480
MGYG000004834__gradient_L3_gos_gapseq	1224	1381	325	bio1	1.110800	1.020882	3.856608
MGYG000004834__gradient_L4_xos_gapseq	1224	1381	325	bio1	1.189258	0.964963	3.934727
MGYG000004834__gradient_L5_pectin_gapseq	1224	1381	325	bio1	1.189258	0.987406	3.843084
MGYG000004834__gradient_L6_resistant_starch_gapseq	1224	1381	325	bio1	1.909839	1.026514	3.812857
MGYG000004834__gradient_L7_bglucan_gapseq	1224	1381	325	bio1	1.909839	0.968959	3.895966
MGYG000004834__gradient_L8_hmo_gapseq	1224	1381	325	bio1	1.909839	0.989543	3.818114
MGYG000004834__gradient_L9_mos_gapseq	1224	1381	325	bio1	2.075015	1.027416	3.828607
MGYG000004846__gradient_L0_base_gapseq	1183	1319	333	bio1	0.826138	0.912266	3.617875
MGYG000004846__gradient_L1_inulin_gapseq	1183	1319	333	bio1	1.117754	0.912074	3.553802
MGYG000004846__gradient_L2_fos_gapseq	1183	1319	333	bio1	1.117754	0.994431	3.551088
MGYG000004846__gradient_L3_gos_gapseq	1183	1319	333	bio1	1.412254	0.912161	3.607647
MGYG000004846__gradient_L4_xos_gapseq	1183	1319	333	bio1	1.412254	0.907860	3.573439
MGYG000004846__gradient_L5_pectin_gapseq	1183	1319	333	bio1	1.412254	0.993741	3.552620
MGYG000004846__gradient_L6_resistant_starch_gapseq	1183	1319	333	bio1	2.030259	0.947472	3.661956
MGYG000004846__gradient_L7_bglucan_gapseq	1183	1319	333	bio1	2.030259	0.917050	3.554144
MGYG000004846__gradient_L8_hmo_gapseq	1183	1319	333	bio1	2.030259	1.010203	3.567262
MGYG000004846__gradient_L9_mos_gapseq	1183	1319	333	bio1	2.173047	0.912481	3.634314
MGYG000004852__gradient_L0_base_gapseq	1367	1559	359	bio1	0.666604	1.144349	4.880187
MGYG000004852__gradient_L1_inulin_gapseq	1367	1559	359	bio1	0.911607	1.101783	4.788271
MGYG000004852__gradient_L2_fos_gapseq	1367	1559	359	bio1	0.911607	1.209066	4.771244
MGYG000004852__gradient_L3_gos_gapseq	1367	1559	359	bio1	0.980167	1.203258	4.845442
MGYG000004852__gradient_L4_xos_gapseq	1367	1559	359	bio1	1.041985	1.159695	4.772578
MGYG000004852__gradient_L5_pectin_gapseq	1367	1559	359	bio1	1.041985	1.130243	4.879164
MGYG000004852__gradient_L6_resistant_starch_gapseq	1367	1559	359	bio1	1.508380	1.105122	4.795582
MGYG000004852__gradient_L7_bglucan_gapseq	1367	1559	359	bio1	1.665362	1.189942	4.770671
MGYG000004852__gradient_L8_hmo_gapseq	1367	1559	359	bio1	1.665362	1.207357	4.780131
MGYG000004852__gradient_L9_mos_gapseq	1367	1559	359	bio1	1.774567	1.105203	4.887618
MGYG000004855__gradient_L0_base_gapseq	1388	1630	484	bio1	0.000000	1.198210	0.062509
MGYG000004855__gradient_L1_inulin_gapseq	1388	1630	484	bio1	0.000000	1.216987	0.064054
MGYG000004855__gradient_L2_fos_gapseq	1388	1630	484	bio1	0.000000	1.192037	0.064836
MGYG000004855__gradient_L3_gos_gapseq	1388	1630	484	bio1	1.680999	1.246822	5.142701
MGYG000004855__gradient_L4_xos_gapseq	1388	1630	484	bio1	1.680999	1.227338	5.192706
MGYG000004855__gradient_L5_pectin_gapseq	1388	1630	484	bio1	1.680999	1.154064	5.226370
MGYG000004855__gradient_L6_resistant_starch_gapseq	1388	1630	484	bio1	2.409482	1.163263	5.239848
MGYG000004855__gradient_L7_bglucan_gapseq	1388	1630	484	bio1	2.653702	1.171955	5.134568
MGYG000004855__gradient_L8_hmo_gapseq	1388	1630	484	bio1	2.653702	1.283568	5.136053
MGYG000004855__gradient_L9_mos_gapseq	1388	1630	484	bio1	2.787292	1.278451	5.177177
MGYG000004864__gradient_L0_base_gapseq	1346	1467	414	bio1	0.533236	1.068480	4.408894
MGYG000004864__gradient_L1_inulin_gapseq	1346	1467	414	bio1	0.722514	1.043824	4.327251
MGYG000004864__gradient_L2_fos_gapseq	1346	1467	414	bio1	0.722514	1.147514	4.316037
MGYG000004864__gradient_L3_gos_gapseq	1346	1467	414	bio1	0.722514	1.051090	4.392652
MGYG000004864__gradient_L4_xos_gapseq	1346	1467	414	bio1	0.722514	1.070294	4.305900
MGYG000004864__gradient_L5_pectin_gapseq	1346	1467	414	bio1	0.722514	1.029523	4.234877
MGYG000004864__gradient_L6_resistant_starch_gapseq	1346	1467	414	bio1	0.722514	1.125221	4.224805
MGYG000004864__gradient_L7_bglucan_gapseq	1346	1467	414	bio1	0.722514	1.047600	4.292388
MGYG000004864__gradient_L8_hmo_gapseq	1346	1467	414	bio1	0.722514	1.045652	4.317417
MGYG000004864__gradient_L9_mos_gapseq	1346	1467	414	bio1	0.722514	1.003062	4.227832
