model_id	n_metabolites	n_reactions	n_genes	biomass_rxn	growth_rate	load_time_s	pfba_time_s
MGYG000000002__gradient_L0_base_gapseq	1401	1622	530	bio1	0.428154	2.037598	8.046958
MGYG000000002__gradient_L1_inulin_gapseq	1401	1622	530	bio1	0.595638	1.809178	8.005554
MGYG000000002__gradient_L2_fos_gapseq	1401	1622	530	bio1	0.595638	1.871825	7.942303
MGYG000000002__gradient_L3_gos_gapseq	1401	1622	530	bio1	0.891223	2.111563	8.049132
MGYG000000002__gradient_L4_xos_gapseq	1401	1622	530	bio1	0.951684	1.960833	7.884053
MGYG000000002__gradient_L5_pectin_gapseq	1401	1622	530	bio1	0.951684	1.813700	8.327070
MGYG000000002__gradient_L6_resistant_starch_gapseq	1401	1622	530	bio1	1.515032	1.759209	8.167573
MGYG000000002__gradient_L7_bglucan_gapseq	1401	1622	530	bio1	1.715172	1.755583	8.205322
MGYG000000002__gradient_L8_hmo_gapseq	1401	1622	530	bio1	1.857208	1.950620	8.008175
MGYG000000002__gradient_L9_mos_gapseq	1401	1622	530	bio1	1.857208	1.904658	8.099567
MGYG000000010__gradient_L0_base_gapseq	1860	2304	632	bio1	0.909765	2.723818	15.684284
MGYG000000010__gradient_L1_inulin_gapseq	1860	2304	632	bio1	1.113927	2.453720	16.178683
MGYG000000010__gradient_L2_fos_gapseq	1860	2304	632	bio1	1.113927	2.487318	15.956110
MGYG000000010__gradient_L3_gos_gapseq	1860	2304	632	bio1	1.269558	2.416372	15.996173
MGYG000000010__gradient_L4_xos_gapseq	1860	2304	632	bio1	1.379506	2.452708	16.573445
MGYG000000010__gradient_L5_pectin_gapseq	1860	2304	632	bio1	1.379506	2.418096	16.442804
MGYG000000010__gradient_L6_resistant_starch_gapseq	1860	2304	632	bio1	1.832462	2.480501	16.236618
MGYG000000010__gradient_L7_bglucan_gapseq	1860	2304	632	bio1	1.986865	2.546904	15.971715
MGYG000000010__gradient_L8_hmo_gapseq	1860	2304	632	bio1	1.986865	2.847927	16.151294
MGYG000000010__gradient_L9_mos_gapseq	1860	2304	632	bio1	2.083318	2.541433	16.078009
MGYG000000011__gradient_L0_base_gapseq	1894	2339	675	bio1	1.241695	2.776550	15.944916
MGYG000000011__gradient_L1_inulin_gapseq	1894	2339	675	bio1	1.510775	2.580123	16.390021
MGYG000000011__gradient_L2_fos_gapseq	1894	2339	675	bio1	1.510775	2.458554	16.240513
MGYG000000011__gradient_L3_gos_gapseq	1894	2339	675	bio1	1.792371	2.556168	16.192609
MGYG000000011__gradient_L4_xos_gapseq	1894	2339	675	bio1	1.953283	2.655525	16.455990
MGYG000000011__gradient_L5_pectin_gapseq	1894	2339	675	bio1	1.953283	2.518823	16.527829
MGYG000000011__gradient_L6_resistant_starch_gapseq	1894	2339	675	bio1	2.555363	2.595766	16.627626
MGYG000000011__gradient_L7_bglucan_gapseq	1894	2339	675	bio1	2.760526	2.439356	16.425983
MGYG000000011__gradient_L8_hmo_gapseq	1894	2339	675	bio1	2.760526	2.597518	16.445102
MGYG000000011__gradient_L9_mos_gapseq	1894	2339	675	bio1	2.892831	2.452619	16.267136
MGYG000000012__gradient_L0_base_gapseq	2237	2730	971	bio1	1.130568	3.402400	21.495598
MGYG000000012__gradient_L1_inulin_gapseq	2237	2730	971	bio1	1.396463	3.150031	22.213288
MGYG000000012__gradient_L2_fos_gapseq	2237	2730	971	bio1	1.396463	3.152306	21.680654
MGYG000000012__gradient_L3_gos_gapseq	2237	2730	971	bio1	1.692884	3.381514	22.066379
MGYG000000012__gradient_L4_xos_gapseq	2237	2730	971	bio1	1.850976	3.128051	22.321980
MGYG000000012__gradient_L5_pectin_gapseq	2237	2730	971	bio1	1.889620	3.077922	22.297016
MGYG000000012__gradient_L6_resistant_starch_gapseq	2237	2730	971	bio1	2.506176	3.249916	21.968008
MGYG000000012__gradient_L7_bglucan_gapseq	2237	2730	971	bio1	2.707743	2.962888	22.068480
MGYG000000012__gradient_L8_hmo_gapseq	2237	2730	971	bio1	2.707743	3.173914	21.972928
MGYG000000012__gradient_L9_mos_gapseq	2237	2730	971	bio1	2.837729	3.101757	21.956270
MGYG000000013__gradient_L0_base_gapseq	1570	1879	657	bio1	0.000000	2.347406	0.148374
MGYG000000013__gradient_L1_inulin_gapseq	1570	1879	657	bio1	0.000000	2.160983	0.117169
MGYG000000013__gradient_L2_fos_gapseq	1570	1879	657	bio1	0.000000	2.057773	0.134754
MGYG000000013__gradient_L3_gos_gapseq	1570	1879	657	bio1	0.000000	1.952441	0.121897
MGYG000000013__gradient_L4_xos_gapseq	1570	1879	657	bio1	0.000000	2.119176	0.120239
MGYG000000013__gradient_L5_pectin_gapseq	1570	1879	657	bio1	0.000000	2.011554	0.126233
MGYG000000013__gradient_L6_resistant_starch_gapseq	1570	1879	657	bio1	0.000000	1.928203	0.132743
MGYG000000013__gradient_L7_bglucan_gapseq	1570	1879	657	bio1	0.000000	2.084155	0.132723
MGYG000000013__gradient_L8_hmo_gapseq	1570	1879	657	bio1	0.000000	2.145713	0.131047
MGYG000000013__gradient_L9_mos_gapseq	1570	1879	657	bio1	0.000000	1.950680	0.132913
MGYG000000014__gradient_L0_base_gapseq	1784	2176	727	bio1	1.360836	2.606752	13.848748
MGYG000000014__gradient_L1_inulin_gapseq	1784	2176	727	bio1	1.654639	2.471554	14.082882
MGYG000000014__gradient_L2_fos_gapseq	1784	2176	727	bio1	1.654639	2.477315	13.869311
MGYG000000014__gradient_L3_gos_gapseq	1784	2176	727	bio1	1.963789	2.572288	13.776052
MGYG000000014__gradient_L4_xos_gapseq	1784	2176	727	bio1	2.122634	2.528507	14.349765
MGYG000000014__gradient_L5_pectin_gapseq	1784	2176	727	bio1	2.122634	2.282102	14.470956
MGYG000000014__gradient_L6_resistant_starch_gapseq	1784	2176	727	bio1	2.720846	2.404894	14.286615
MGYG000000014__gradient_L7_bglucan_gapseq	1784	2176	727	bio1	2.920251	2.495115	14.349801
MGYG000000014__gradient_L8_hmo_gapseq	1784	2176	727	bio1	3.070526	2.454816	13.988936
MGYG000000014__gradient_L9_mos_gapseq	1784	2176	727	bio1	3.209242	2.794222	13.992394
MGYG000000015__gradient_L0_base_gapseq	2278	2883	1290	bio1	1.480002	3.692057	24.668560
MGYG000000015__gradient_L1_inulin_gapseq	2278	2883	1290	bio1	1.806528	3.655858	25.141400
MGYG000000015__gradient_L2_fos_gapseq	2278	2883	1290	bio1	1.806528	3.285466	25.173047
MGYG000000015__gradient_L3_gos_gapseq	2278	2883	1290	bio1	2.146114	3.297742	25.694238
MGYG000000015__gradient_L4_xos_gapseq	2278	2883	1290	bio1	2.321193	3.607919	25.259526
MGYG000000015__gradient_L5_pectin_gapseq	2278	2883	1290	bio1	2.364437	3.166099	25.680578
MGYG000000015__gradient_L6_resistant_starch_gapseq	2278	2883	1290	bio1	3.030909	3.282870	25.571319
MGYG000000015__gradient_L7_bglucan_gapseq	2278	2883	1290	bio1	3.249870	3.314170	25.705330
MGYG000000015__gradient_L8_hmo_gapseq	2278	2883	1290	bio1	3.249870	3.334225	25.292510
MGYG000000015__gradient_L9_mos_gapseq	2278	2883	1290	bio1	3.389542	3.385897	25.517446
MGYG000000026__gradient_L0_base_gapseq	1286	1473	357	bio1	0.649779	1.824937	6.765512
MGYG000000026__gradient_L1_inulin_gapseq	1286	1473	357	bio1	0.872564	1.655807	6.553248
MGYG000000026__gradient_L2_fos_gapseq	1286	1473	357	bio1	0.872564	1.749191	6.656241
MGYG000000026__gradient_L3_gos_gapseq	1286	1473	357	bio1	1.111848	1.537314	6.959891
MGYG000000026__gradient_L4_xos_gapseq	1286	1473	357	bio1	1.111848	1.588492	6.669860
MGYG000000026__gradient_L5_pectin_gapseq	1286	1473	357	bio1	1.111848	1.649733	6.547897
MGYG000000026__gradient_L6_resistant_starch_gapseq	1286	1473	357	bio1	1.570462	1.634070	6.672151
MGYG000000026__gradient_L7_bglucan_gapseq	1286	1473	357	bio1	1.724824	1.590081	6.864776
MGYG000000026__gradient_L8_hmo_gapseq	1286	1473	357	bio1	1.724824	1.570053	6.637808
MGYG000000026__gradient_L9_mos_gapseq	1286	1473	357	bio1	1.832207	1.960388	6.703882
MGYG000000030__gradient_L0_base_gapseq	1329	1501	372	bio1	0.000000	1.927494	0.081246
MGYG000000030__gradient_L1_inulin_gapseq	1329	1501	372	bio1	0.000000	1.831303	0.076699
MGYG000000030__gradient_L2_fos_gapseq	1329	1501	372	bio1	0.000000	1.632520	0.076754
MGYG000000030__gradient_L3_gos_gapseq	1329	1501	372	bio1	0.864462	1.721809	6.956356
MGYG000000030__gradient_L4_xos_gapseq	1329	1501	372	bio1	0.864462	1.619753	7.313716
MGYG000000030__gradient_L5_pectin_gapseq	1329	1501	372	bio1	0.864462	1.579419	7.282400
MGYG000000030__gradient_L6_resistant_starch_gapseq	1329	1501	372	bio1	1.372079	1.851041	7.070978
MGYG000000030__gradient_L7_bglucan_gapseq	1329	1501	372	bio1	1.553976	1.813739	6.921853
MGYG000000030__gradient_L8_hmo_gapseq	1329	1501	372	bio1	1.553976	1.623966	7.295772
MGYG000000030__gradient_L9_mos_gapseq	1329	1501	372	bio1	1.553976	1.638886	7.044605
MGYG000000035__gradient_L0_base_gapseq	1516	1746	563	bio1	0.000000	2.250038	0.107298
MGYG000000035__gradient_L1_inulin_gapseq	1516	1746	563	bio1	0.000000	2.092902	0.105330
MGYG000000035__gradient_L2_fos_gapseq	1516	1746	563	bio1	0.000000	1.766423	0.213561
MGYG000000035__gradient_L3_gos_gapseq	1516	1746	563	bio1	2.141434	1.869943	9.246012
MGYG000000035__gradient_L4_xos_gapseq	1516	1746	563	bio1	2.263814	2.068023	9.298347
MGYG000000035__gradient_L5_pectin_gapseq	1516	1746	563	bio1	2.263814	2.347244	9.396525
MGYG000000035__gradient_L6_resistant_starch_gapseq	1516	1746	563	bio1	2.992963	2.043450	9.231140
MGYG000000035__gradient_L7_bglucan_gapseq	1516	1746	563	bio1	2.992963	1.948439	9.329694
MGYG000000035__gradient_L8_hmo_gapseq	1516	1746	563	bio1	3.158120	1.969664	9.235640
MGYG000000035__gradient_L9_mos_gapseq	1516	1746	563	bio1	3.158120	2.122773	9.625205
MGYG000000036__gradient_L0_base_gapseq	1296	1393	320	bio1	0.089728	1.891477	6.004421
MGYG000000036__gradient_L1_inulin_gapseq	1296	1393	320	bio1	0.207890	1.600233	5.881136
MGYG000000036__gradient_L2_fos_gapseq	1296	1393	320	bio1	0.207890	1.602751	5.992224
MGYG000000036__gradient_L3_gos_gapseq	1296	1393	320	bio1	0.282463	1.495099	6.294997
MGYG000000036__gradient_L4_xos_gapseq	1296	1393	320	bio1	0.282463	1.613540	5.994775
MGYG000000036__gradient_L5_pectin_gapseq	1296	1393	320	bio1	0.282463	1.653445	6.014011
MGYG000000036__gradient_L6_resistant_starch_gapseq	1296	1393	320	bio1	0.709562	1.461785	6.122046
MGYG000000036__gradient_L7_bglucan_gapseq	1296	1393	320	bio1	0.709562	1.517449	6.031212
MGYG000000036__gradient_L8_hmo_gapseq	1296	1393	320	bio1	0.709562	1.598975	5.961751
MGYG000000036__gradient_L9_mos_gapseq	1296	1393	320	bio1	0.709562	1.553838	5.974915
MGYG000000039__gradient_L0_base_gapseq	1328	1497	363	bio1	0.794308	1.845176	6.787738
MGYG000000039__gradient_L1_inulin_gapseq	1328	1497	363	bio1	1.044722	1.695717	6.759504
MGYG000000039__gradient_L2_fos_gapseq	1328	1497	363	bio1	1.044722	1.764172	6.806902
MGYG000000039__gradient_L3_gos_gapseq	1328	1497	363	bio1	1.278783	1.584762	7.343457
MGYG000000039__gradient_L4_xos_gapseq	1328	1497	363	bio1	1.368580	1.699734	6.793521
MGYG000000039__gradient_L5_pectin_gapseq	1328	1497	363	bio1	1.368580	1.720982	6.872410
MGYG000000039__gradient_L6_resistant_starch_gapseq	1328	1497	363	bio1	1.887466	1.722383	6.929297
MGYG000000039__gradient_L7_bglucan_gapseq	1328	1497	363	bio1	2.061939	1.608113	6.933437
MGYG000000039__gradient_L8_hmo_gapseq	1328	1497	363	bio1	2.193360	1.613080	7.012158
MGYG000000039__gradient_L9_mos_gapseq	1328	1497	363	bio1	2.193360	1.769884	6.841694
MGYG000000040__gradient_L0_base_gapseq	1293	1415	361	bio1	0.000000	1.667228	0.100798
MGYG000000040__gradient_L1_inulin_gapseq	1293	1415	361	bio1	0.000000	1.476028	0.089516
MGYG000000040__gradient_L2_fos_gapseq	1293	1415	361	bio1	0.000000	1.604212	0.074534
MGYG000000040__gradient_L3_gos_gapseq	1293	1415	361	bio1	0.000000	1.469401	0.075305
MGYG000000040__gradient_L4_xos_gapseq	1293	1415	361	bio1	0.000000	1.584398	0.079395
MGYG000000040__gradient_L5_pectin_gapseq	1293	1415	361	bio1	0.000000	1.752025	0.081384
MGYG000000040__gradient_L6_resistant_starch_gapseq	1293	1415	361	bio1	0.000000	1.756514	0.073472
MGYG000000040__gradient_L7_bglucan_gapseq	1293	1415	361	bio1	0.000000	1.488157	0.095348
MGYG000000040__gradient_L8_hmo_gapseq	1293	1415	361	bio1	0.000000	1.681978	0.085993
MGYG000000040__gradient_L9_mos_gapseq	1293	1415	361	bio1	0.000000	1.492183	0.084426
MGYG000000045__gradient_L0_base_gapseq	1295	1489	385	bio1	0.648042	1.790866	6.692820
MGYG000000045__gradient_L1_inulin_gapseq	1295	1489	385	bio1	0.870232	1.524922	7.106582
MGYG000000045__gradient_L2_fos_gapseq	1295	1489	385	bio1	0.870232	1.579604	6.945761
MGYG000000045__gradient_L3_gos_gapseq	1295	1489	385	bio1	1.062738	1.536645	6.633091
MGYG000000045__gradient_L4_xos_gapseq	1295	1489	385	bio1	1.062738	1.644086	6.985747
MGYG000000045__gradient_L5_pectin_gapseq	1295	1489	385	bio1	1.062738	1.714059	6.789324
MGYG000000045__gradient_L6_resistant_starch_gapseq	1295	1489	385	bio1	1.524313	1.568600	7.120011
MGYG000000045__gradient_L7_bglucan_gapseq	1295	1489	385	bio1	1.679672	1.601411	6.809181
MGYG000000045__gradient_L8_hmo_gapseq	1295	1489	385	bio1	1.679672	1.850548	6.931608
MGYG000000045__gradient_L9_mos_gapseq	1295	1489	385	bio1	1.787748	1.896992	6.676743
MGYG000000047__gradient_L0_base_gapseq	1538	1795	512	bio1	1.250279	2.110364	9.922800
MGYG000000047__gradient_L1_inulin_gapseq	1538	1795	512	bio1	1.588195	2.037060	9.800943
MGYG000000047__gradient_L2_fos_gapseq	1538	1795	512	bio1	1.588195	2.152557	9.969009
MGYG000000047__gradient_L3_gos_gapseq	1538	1795	512	bio1	1.917663	2.121342	10.023797
MGYG000000047__gradient_L4_xos_gapseq	1538	1795	512	bio1	1.993694	2.200074	9.925299
MGYG000000047__gradient_L5_pectin_gapseq	1538	1795	512	bio1	2.057053	2.076560	9.821932
MGYG000000047__gradient_L6_resistant_starch_gapseq	1538	1795	512	bio1	2.794132	2.085754	10.210227
MGYG000000047__gradient_L7_bglucan_gapseq	1538	1795	512	bio1	3.040983	1.919798	10.163321
MGYG000000047__gradient_L8_hmo_gapseq	1538	1795	512	bio1	3.212753	1.907986	10.113978
MGYG000000047__gradient_L9_mos_gapseq	1538	1795	512	bio1	3.379867	1.935149	9.844670
MGYG000000051__gradient_L0_base_gapseq	1361	1548	442	bio1	0.000000	1.881054	0.097346
MGYG000000051__gradient_L1_inulin_gapseq	1361	1548	442	bio1	0.000000	1.930791	0.095812
MGYG000000051__gradient_L2_fos_gapseq	1361	1548	442	bio1	0.000000	1.685650	0.112862
MGYG000000051__gradient_L3_gos_gapseq	1361	1548	442	bio1	0.000000	1.802093	0.095855
MGYG000000051__gradient_L4_xos_gapseq	1361	1548	442	bio1	0.000000	1.683904	0.103726
MGYG000000051__gradient_L5_pectin_gapseq	1361	1548	442	bio1	0.000000	1.846725	0.096952
MGYG000000051__gradient_L6_resistant_starch_gapseq	1361	1548	442	bio1	0.000000	1.636210	0.100912
MGYG000000051__gradient_L7_bglucan_gapseq	1361	1548	442	bio1	0.000000	1.856105	0.109632
MGYG000000051__gradient_L8_hmo_gapseq	1361	1548	442	bio1	0.000000	1.724504	0.260642
MGYG000000051__gradient_L9_mos_gapseq	1361	1548	442	bio1	0.000000	1.708796	0.103865
MGYG000000054__gradient_L0_base_gapseq	1395	1680	514	bio1	1.440287	1.964241	8.665795
MGYG000000054__gradient_L1_inulin_gapseq	1395	1680	514	bio1	1.588210	1.775803	8.963092
MGYG000000054__gradient_L2_fos_gapseq	1395	1680	514	bio1	1.588210	1.820533	9.078119
MGYG000000054__gradient_L3_gos_gapseq	1395	1680	514	bio1	1.699152	1.970697	8.761742
MGYG000000054__gradient_L4_xos_gapseq	1395	1680	514	bio1	1.790630	1.794233	8.713241
MGYG000000054__gradient_L5_pectin_gapseq	1395	1680	514	bio1	1.849020	1.894677	8.606397
MGYG000000054__gradient_L6_resistant_starch_gapseq	1395	1680	514	bio1	2.499963	1.848679	8.979801
MGYG000000054__gradient_L7_bglucan_gapseq	1395	1680	514	bio1	2.708542	1.916144	8.668365
MGYG000000054__gradient_L8_hmo_gapseq	1395	1680	514	bio1	2.708542	1.948341	8.773524
MGYG000000054__gradient_L9_mos_gapseq	1395	1680	514	bio1	2.844029	1.768679	8.778032
MGYG000000055__gradient_L0_base_gapseq	1288	1495	375	bio1	0.000000	1.730045	0.097854
MGYG000000055__gradient_L1_inulin_gapseq	1288	1495	375	bio1	0.000000	1.549215	0.119898
MGYG000000055__gradient_L2_fos_gapseq	1288	1495	375	bio1	0.000000	1.704450	0.116115
MGYG000000055__gradient_L3_gos_gapseq	1288	1495	375	bio1	0.000000	1.528145	0.109599
MGYG000000055__gradient_L4_xos_gapseq	1288	1495	375	bio1	0.000000	1.702648	0.115036
MGYG000000055__gradient_L5_pectin_gapseq	1288	1495	375	bio1	0.000000	1.553439	0.100223
MGYG000000055__gradient_L6_resistant_starch_gapseq	1288	1495	375	bio1	0.000000	1.726552	0.089890
MGYG000000055__gradient_L7_bglucan_gapseq	1288	1495	375	bio1	0.000000	1.630593	0.102910
MGYG000000055__gradient_L8_hmo_gapseq	1288	1495	375	bio1	0.000000	1.804566	0.095563
MGYG000000055__gradient_L9_mos_gapseq	1288	1495	375	bio1	0.000000	1.563343	0.091133
MGYG000000059__gradient_L0_base_gapseq	1359	1483	384	bio1	0.000000	1.552869	0.086817
MGYG000000059__gradient_L1_inulin_gapseq	1359	1483	384	bio1	0.000000	1.739434	0.092860
MGYG000000059__gradient_L2_fos_gapseq	1359	1483	384	bio1	0.000000	1.657236	0.090800
MGYG000000059__gradient_L3_gos_gapseq	1359	1483	384	bio1	0.000000	1.746267	0.083041
MGYG000000059__gradient_L4_xos_gapseq	1359	1483	384	bio1	0.852436	1.625402	7.109991
MGYG000000059__gradient_L5_pectin_gapseq	1359	1483	384	bio1	0.852436	1.565996	7.067134
MGYG000000059__gradient_L6_resistant_starch_gapseq	1359	1483	384	bio1	0.989840	1.770242	7.153382
MGYG000000059__gradient_L7_bglucan_gapseq	1359	1483	384	bio1	0.989840	1.700367	7.025992
MGYG000000059__gradient_L8_hmo_gapseq	1359	1483	384	bio1	0.989840	1.557902	7.076294
MGYG000000059__gradient_L9_mos_gapseq	1359	1483	384	bio1	0.989840	1.559064	6.880059
MGYG000000062__gradient_L0_base_gapseq	1370	1580	463	bio1	0.720512	1.894913	7.656417
MGYG000000062__gradient_L1_inulin_gapseq	1370	1580	463	bio1	1.083418	1.761787	7.819414
MGYG000000062__gradient_L2_fos_gapseq	1370	1580	463	bio1	1.083418	1.745589	7.547628
MGYG000000062__gradient_L3_gos_gapseq	1370	1580	463	bio1	1.190639	1.947305	7.466581
MGYG000000062__gradient_L4_xos_gapseq	1370	1580	463	bio1	1.190639	1.848354	7.384804
MGYG000000062__gradient_L5_pectin_gapseq	1370	1580	463	bio1	1.190639	1.858497	7.730152
MGYG000000062__gradient_L6_resistant_starch_gapseq	1370	1580	463	bio1	1.358830	1.690802	7.625195
MGYG000000062__gradient_L7_bglucan_gapseq	1370	1580	463	bio1	1.604809	1.694374	7.650989
MGYG000000062__gradient_L8_hmo_gapseq	1370	1580	463	bio1	1.604809	1.826595	7.406311
MGYG000000062__gradient_L9_mos_gapseq	1370	1580	463	bio1	1.772999	1.787999	7.527569
MGYG000000064__gradient_L0_base_gapseq	1657	1970	533	bio1	0.921246	2.216645	11.522745
MGYG000000064__gradient_L1_inulin_gapseq	1657	1970	533	bio1	1.164972	2.248373	11.718560
MGYG000000064__gradient_L2_fos_gapseq	1657	1970	533	bio1	1.164972	2.345558	11.641354
MGYG000000064__gradient_L3_gos_gapseq	1657	1970	533	bio1	1.430842	2.339938	11.833099
MGYG000000064__gradient_L4_xos_gapseq	1657	1970	533	bio1	1.430842	2.310512	11.459300
MGYG000000064__gradient_L5_pectin_gapseq	1657	1970	533	bio1	1.430842	2.404930	11.513792
MGYG000000064__gradient_L6_resistant_starch_gapseq	1657	1970	533	bio1	1.946461	2.285346	11.506688
MGYG000000064__gradient_L7_bglucan_gapseq	1657	1970	533	bio1	2.117151	2.277577	11.686059
MGYG000000064__gradient_L8_hmo_gapseq	1657	1970	533	bio1	2.117151	2.310203	11.579164
MGYG000000064__gradient_L9_mos_gapseq	1657	1970	533	bio1	2.236934	2.258018	11.605715
MGYG000000069__gradient_L0_base_gapseq	1316	1447	369	bio1	0.000000	1.722890	0.100768
MGYG000000069__gradient_L1_inulin_gapseq	1316	1447	369	bio1	0.000000	1.519354	0.077591
MGYG000000069__gradient_L2_fos_gapseq	1316	1447	369	bio1	0.000000	1.917218	0.084155
MGYG000000069__gradient_L3_gos_gapseq	1316	1447	369	bio1	0.000000	1.524405	0.086864
MGYG000000069__gradient_L4_xos_gapseq	1316	1447	369	bio1	0.794383	1.746003	6.827804
MGYG000000069__gradient_L5_pectin_gapseq	1316	1447	369	bio1	0.794383	1.545397	6.965999
MGYG000000069__gradient_L6_resistant_starch_gapseq	1316	1447	369	bio1	1.497246	1.534573	6.557961
MGYG000000069__gradient_L7_bglucan_gapseq	1316	1447	369	bio1	1.740551	1.678203	6.438914
MGYG000000069__gradient_L8_hmo_gapseq	1316	1447	369	bio1	1.740551	1.598313	6.875064
MGYG000000069__gradient_L9_mos_gapseq	1316	1447	369	bio1	1.873540	1.609692	6.451646
MGYG000000072__gradient_L0_base_gapseq	1263	1324	314	bio1	0.379587	1.491914	5.756083
MGYG000000072__gradient_L1_inulin_gapseq	1263	1324	314	bio1	0.534524	1.634152	5.513772
MGYG000000072__gradient_L2_fos_gapseq	1263	1324	314	bio1	0.534524	1.500462	5.619129
MGYG000000072__gradient_L3_gos_gapseq	1263	1324	314	bio1	0.836652	1.389430	5.989608
MGYG000000072__gradient_L4_xos_gapseq	1263	1324	314	bio1	0.836652	1.604249	5.595539
MGYG000000072__gradient_L5_pectin_gapseq	1263	1324	314	bio1	0.836652	1.491306	5.624382
MGYG000000072__gradient_L6_resistant_starch_gapseq	1263	1324	314	bio1	0.991590	1.422575	5.727116
MGYG000000072__gradient_L7_bglucan_gapseq	1263	1324	314	bio1	1.208192	1.629981	5.620270
MGYG000000072__gradient_L8_hmo_gapseq	1263	1324	314	bio1	1.208192	1.335962	5.675501
MGYG000000072__gradient_L9_mos_gapseq	1263	1324	314	bio1	1.208192	1.359380	5.521177
MGYG000000075__gradient_L0_base_gapseq	1386	1584	442	bio1	1.519443	1.822183	7.851702
MGYG000000075__gradient_L1_inulin_gapseq	1386	1584	442	bio1	1.681087	1.778576	7.601444
MGYG000000075__gradient_L2_fos_gapseq	1386	1584	442	bio1	1.681087	1.753260	7.830843
MGYG000000075__gradient_L3_gos_gapseq	1386	1584	442	bio1	2.014477	1.686666	7.787497
MGYG000000075__gradient_L4_xos_gapseq	1386	1584	442	bio1	2.091258	1.638922	7.633265
MGYG000000075__gradient_L5_pectin_gapseq	1386	1584	442	bio1	2.091258	1.728136	7.796542
MGYG000000075__gradient_L6_resistant_starch_gapseq	1386	1584	442	bio1	2.796430	1.844616	7.706323
MGYG000000075__gradient_L7_bglucan_gapseq	1386	1584	442	bio1	2.796430	1.744920	7.658645
MGYG000000075__gradient_L8_hmo_gapseq	1386	1584	442	bio1	2.796430	1.767453	7.857583
MGYG000000075__gradient_L9_mos_gapseq	1386	1584	442	bio1	2.796430	1.680159	7.655448
MGYG000000077__gradient_L0_base_gapseq	1443	1619	435	bio1	0.000000	1.924189	0.093332
MGYG000000077__gradient_L1_inulin_gapseq	1443	1619	435	bio1	0.000000	1.848240	0.090274
MGYG000000077__gradient_L2_fos_gapseq	1443	1619	435	bio1	0.000000	1.750303	0.086423
MGYG000000077__gradient_L3_gos_gapseq	1443	1619	435	bio1	0.975911	1.845231	8.031389
MGYG000000077__gradient_L4_xos_gapseq	1443	1619	435	bio1	0.975911	1.768488	8.125434
MGYG000000077__gradient_L5_pectin_gapseq	1443	1619	435	bio1	0.975911	1.720401	8.212475
MGYG000000077__gradient_L6_resistant_starch_gapseq	1443	1619	435	bio1	1.121214	1.794381	8.047888
MGYG000000077__gradient_L7_bglucan_gapseq	1443	1619	435	bio1	1.121214	1.934441	7.939659
MGYG000000077__gradient_L8_hmo_gapseq	1443	1619	435	bio1	1.121214	1.891945	8.086101
MGYG000000077__gradient_L9_mos_gapseq	1443	1619	435	bio1	1.266180	1.869355	8.036547
MGYG000000078__gradient_L0_base_gapseq	1345	1481	380	bio1	0.000000	1.879618	0.086009
MGYG000000078__gradient_L1_inulin_gapseq	1345	1481	380	bio1	0.000000	1.595272	0.085162
MGYG000000078__gradient_L2_fos_gapseq	1345	1481	380	bio1	0.000000	1.736763	0.088992
MGYG000000078__gradient_L3_gos_gapseq	1345	1481	380	bio1	0.573378	1.646873	7.010190
MGYG000000078__gradient_L4_xos_gapseq	1345	1481	380	bio1	0.573378	1.577701	6.711362
MGYG000000078__gradient_L5_pectin_gapseq	1345	1481	380	bio1	0.573378	1.764295	6.727243
MGYG000000078__gradient_L6_resistant_starch_gapseq	1345	1481	380	bio1	1.001525	1.614976	7.157726
MGYG000000078__gradient_L7_bglucan_gapseq	1345	1481	380	bio1	1.001525	1.625142	6.827914
MGYG000000078__gradient_L8_hmo_gapseq	1345	1481	380	bio1	1.001525	1.776658	6.781990
MGYG000000078__gradient_L9_mos_gapseq	1345	1481	380	bio1	1.072117	1.750407	6.856757
MGYG000000080__gradient_L0_base_gapseq	1583	1819	525	bio1	1.118634	2.058204	10.018261
MGYG000000080__gradient_L1_inulin_gapseq	1583	1819	525	bio1	1.401611	2.062365	10.098011
MGYG000000080__gradient_L2_fos_gapseq	1583	1819	525	bio1	1.401611	2.096180	10.077307
MGYG000000080__gradient_L3_gos_gapseq	1583	1819	525	bio1	1.501095	2.161947	9.988686
MGYG000000080__gradient_L4_xos_gapseq	1583	1819	525	bio1	1.547521	2.135065	10.082315
MGYG000000080__gradient_L5_pectin_gapseq	1583	1819	525	bio1	1.547521	2.175768	10.058101
MGYG000000080__gradient_L6_resistant_starch_gapseq	1583	1819	525	bio1	2.159902	2.183107	10.134100
MGYG000000080__gradient_L7_bglucan_gapseq	1583	1819	525	bio1	2.159902	2.243678	10.076989
MGYG000000080__gradient_L8_hmo_gapseq	1583	1819	525	bio1	2.159902	1.956298	10.409595
MGYG000000080__gradient_L9_mos_gapseq	1583	1819	525	bio1	2.301390	1.963271	10.100607
MGYG000000082__gradient_L0_base_gapseq	1761	1936	592	bio1	0.421917	2.227716	11.687692
MGYG000000082__gradient_L1_inulin_gapseq	1761	1936	592	bio1	0.546649	2.192044	11.763119
MGYG000000082__gradient_L2_fos_gapseq	1761	1936	592	bio1	0.546649	2.116713	11.926083
MGYG000000082__gradient_L3_gos_gapseq	1761	1936	592	bio1	0.546649	2.159136	11.929229
MGYG000000082__gradient_L4_xos_gapseq	1761	1936	592	bio1	0.546649	2.145819	11.699542
MGYG000000082__gradient_L5_pectin_gapseq	1761	1936	592	bio1	0.546649	2.150727	12.244403
MGYG000000082__gradient_L6_resistant_starch_gapseq	1761	1936	592	bio1	0.642744	2.370245	11.837918
MGYG000000082__gradient_L7_bglucan_gapseq	1761	1936	592	bio1	0.642744	2.342542	11.767355
MGYG000000082__gradient_L8_hmo_gapseq	1761	1936	592	bio1	0.642744	2.405258	11.916177
MGYG000000082__gradient_L9_mos_gapseq	1761	1936	592	bio1	0.642744	2.376003	11.645918
MGYG000000083__gradient_L0_base_gapseq	2210	2676	1186	bio1	0.967802	3.216710	21.409121
MGYG000000083__gradient_L1_inulin_gapseq	2210	2676	1186	bio1	1.183043	3.258942	21.277310
MGYG000000083__gradient_L2_fos_gapseq	2210	2676	1186	bio1	1.183043	3.215798	21.452935
MGYG000000083__gradient_L3_gos_gapseq	2210	2676	1186	bio1	1.403704	3.285299	21.228613
MGYG000000083__gradient_L4_xos_gapseq	2210	2676	1186	bio1	1.461773	3.137504	21.175772
MGYG000000083__gradient_L5_pectin_gapseq	2210	2676	1186	bio1	1.488098	3.375587	21.592958
MGYG000000083__gradient_L6_resistant_starch_gapseq	2210	2676	1186	bio1	1.968907	3.277250	21.278255
MGYG000000083__gradient_L7_bglucan_gapseq	2210	2676	1186	bio1	2.133822	3.254246	21.524922
MGYG000000083__gradient_L8_hmo_gapseq	2210	2676	1186	bio1	2.133822	3.430801	21.364244
MGYG000000083__gradient_L9_mos_gapseq	2210	2676	1186	bio1	2.229829	3.240040	21.337176
MGYG000000084__gradient_L0_base_gapseq	1263	1482	383	bio1	0.750634	1.732769	6.544209
MGYG000000084__gradient_L1_inulin_gapseq	1263	1482	383	bio1	1.016852	1.625887	7.012060
MGYG000000084__gradient_L2_fos_gapseq	1263	1482	383	bio1	1.016852	1.646023	6.725282
MGYG000000084__gradient_L3_gos_gapseq	1263	1482	383	bio1	1.258042	1.693211	6.717762
MGYG000000084__gradient_L4_xos_gapseq	1263	1482	383	bio1	1.258042	1.508074	6.899017
MGYG000000084__gradient_L5_pectin_gapseq	1263	1482	383	bio1	1.258042	1.552812	6.624244
MGYG000000084__gradient_L6_resistant_starch_gapseq	1263	1482	383	bio1	1.800482	1.795825	6.736315
MGYG000000084__gradient_L7_bglucan_gapseq	1263	1482	383	bio1	1.973635	1.707755	6.721235
MGYG000000084__gradient_L8_hmo_gapseq	1263	1482	383	bio1	2.104062	1.564937	6.956756
MGYG000000084__gradient_L9_mos_gapseq	1263	1482	383	bio1	2.188015	1.594828	6.769785
MGYG000000085__gradient_L0_base_gapseq	1191	1344	326	bio1	0.808487	1.361886	5.589277
MGYG000000085__gradient_L1_inulin_gapseq	1191	1344	326	bio1	1.097840	1.586698	5.798774
MGYG000000085__gradient_L2_fos_gapseq	1191	1344	326	bio1	1.097840	1.414439	5.835920
MGYG000000085__gradient_L3_gos_gapseq	1191	1344	326	bio1	1.389422	1.419275	5.685587
MGYG000000085__gradient_L4_xos_gapseq	1191	1344	326	bio1	1.389422	1.583806	5.818972
MGYG000000085__gradient_L5_pectin_gapseq	1191	1344	326	bio1	1.389422	1.376940	5.764485
MGYG000000085__gradient_L6_resistant_starch_gapseq	1191	1344	326	bio1	2.001303	1.386849	5.738221
MGYG000000085__gradient_L7_bglucan_gapseq	1191	1344	326	bio1	2.001303	1.538882	5.669607
MGYG000000085__gradient_L8_hmo_gapseq	1191	1344	326	bio1	2.001303	1.422375	5.797480
MGYG000000085__gradient_L9_mos_gapseq	1191	1344	326	bio1	2.142676	1.399221	5.775807
MGYG000000086__gradient_L0_base_gapseq	1396	1484	377	bio1	0.000000	1.715532	0.103817
MGYG000000086__gradient_L1_inulin_gapseq	1396	1484	377	bio1	0.000000	1.593046	0.105413
MGYG000000086__gradient_L2_fos_gapseq	1396	1484	377	bio1	0.000000	1.634104	0.100676
MGYG000000086__gradient_L3_gos_gapseq	1396	1484	377	bio1	0.810570	1.598894	6.877095
MGYG000000086__gradient_L4_xos_gapseq	1396	1484	377	bio1	0.868376	1.578271	6.768084
MGYG000000086__gradient_L5_pectin_gapseq	1396	1484	377	bio1	0.868376	1.697302	6.782206
MGYG000000086__gradient_L6_resistant_starch_gapseq	1396	1484	377	bio1	1.449735	1.642175	6.822274
MGYG000000086__gradient_L7_bglucan_gapseq	1396	1484	377	bio1	1.449735	1.595807	6.932022
MGYG000000086__gradient_L8_hmo_gapseq	1396	1484	377	bio1	1.449735	1.576746	6.797999
MGYG000000086__gradient_L9_mos_gapseq	1396	1484	377	bio1	1.449735	1.646919	6.726645
MGYG000000088__gradient_L0_base_gapseq	1472	1756	398	bio1	0.656396	1.861334	9.549015
MGYG000000088__gradient_L1_inulin_gapseq	1472	1756	398	bio1	0.872200	1.851750	9.472823
MGYG000000088__gradient_L2_fos_gapseq	1472	1756	398	bio1	0.872200	1.816842	9.618542
MGYG000000088__gradient_L3_gos_gapseq	1472	1756	398	bio1	1.086342	1.789462	9.237608
MGYG000000088__gradient_L4_xos_gapseq	1472	1756	398	bio1	1.086342	1.964429	9.203828
MGYG000000088__gradient_L5_pectin_gapseq	1472	1756	398	bio1	1.086342	1.949143	9.403892
MGYG000000088__gradient_L6_resistant_starch_gapseq	1472	1756	398	bio1	1.538988	2.040477	9.219375
MGYG000000088__gradient_L7_bglucan_gapseq	1472	1756	398	bio1	1.538988	1.984106	9.328813
MGYG000000088__gradient_L8_hmo_gapseq	1472	1756	398	bio1	1.538988	1.994073	9.644761
MGYG000000088__gradient_L9_mos_gapseq	1472	1756	398	bio1	1.644974	1.885043	9.695731
MGYG000000092__gradient_L0_base_gapseq	1395	1626	469	bio1	0.000000	1.767125	0.096346
MGYG000000092__gradient_L1_inulin_gapseq	1395	1626	469	bio1	0.000000	1.931031	0.090655
MGYG000000092__gradient_L2_fos_gapseq	1395	1626	469	bio1	0.000000	1.923158	0.093669
MGYG000000092__gradient_L3_gos_gapseq	1395	1626	469	bio1	0.000000	1.753790	0.099806
MGYG000000092__gradient_L4_xos_gapseq	1395	1626	469	bio1	1.389448	1.943048	8.032309
MGYG000000092__gradient_L5_pectin_gapseq	1395	1626	469	bio1	1.389448	1.958337	8.202646
MGYG000000092__gradient_L6_resistant_starch_gapseq	1395	1626	469	bio1	1.989884	1.737286	8.463293
MGYG000000092__gradient_L7_bglucan_gapseq	1395	1626	469	bio1	2.191475	1.829830	8.227341
MGYG000000092__gradient_L8_hmo_gapseq	1395	1626	469	bio1	2.334539	1.786889	8.135548
MGYG000000092__gradient_L9_mos_gapseq	1395	1626	469	bio1	2.334539	1.985243	8.076536
MGYG000000097__gradient_L0_base_gapseq	1427	1685	357	bio1	0.749553	1.932217	8.562882
MGYG000000097__gradient_L1_inulin_gapseq	1427	1685	357	bio1	0.971770	1.942564	8.688097
MGYG000000097__gradient_L2_fos_gapseq	1427	1685	357	bio1	0.971770	1.902130	8.590638
MGYG000000097__gradient_L3_gos_gapseq	1427	1685	357	bio1	1.207773	1.747653	8.807465
MGYG000000097__gradient_L4_xos_gapseq	1427	1685	357	bio1	1.249421	1.744671	8.694164
MGYG000000097__gradient_L5_pectin_gapseq	1427	1685	357	bio1	1.249421	1.740670	8.858307
MGYG000000097__gradient_L6_resistant_starch_gapseq	1427	1685	357	bio1	1.751507	1.731278	8.458232
MGYG000000097__gradient_L7_bglucan_gapseq	1427	1685	357	bio1	1.908314	1.939568	8.542486
MGYG000000097__gradient_L8_hmo_gapseq	1427	1685	357	bio1	1.908314	1.876779	8.853551
MGYG000000097__gradient_L9_mos_gapseq	1427	1685	357	bio1	2.018498	2.009576	8.646587
MGYG000000100__gradient_L0_base_gapseq	1374	1529	436	bio1	0.799313	1.800526	7.162941
MGYG000000100__gradient_L1_inulin_gapseq	1374	1529	436	bio1	0.982234	1.736607	7.094568
MGYG000000100__gradient_L2_fos_gapseq	1374	1529	436	bio1	0.982234	1.616152	7.385934
MGYG000000100__gradient_L3_gos_gapseq	1374	1529	436	bio1	0.982234	1.579546	7.373623
MGYG000000100__gradient_L4_xos_gapseq	1374	1529	436	bio1	0.982234	1.544239	7.088368
MGYG000000100__gradient_L5_pectin_gapseq	1374	1529	436	bio1	0.982234	1.691843	7.144798
MGYG000000100__gradient_L6_resistant_starch_gapseq	1374	1529	436	bio1	1.147671	1.866635	7.169553
MGYG000000100__gradient_L7_bglucan_gapseq	1374	1529	436	bio1	1.147671	1.609315	7.256322
MGYG000000100__gradient_L8_hmo_gapseq	1374	1529	436	bio1	1.147671	1.699624	7.083419
MGYG000000100__gradient_L9_mos_gapseq	1374	1529	436	bio1	1.312805	1.748843	7.319657
MGYG000000105__gradient_L0_base_gapseq	1545	1841	531	bio1	0.000000	1.897736	0.130430
MGYG000000105__gradient_L1_inulin_gapseq	1545	1841	531	bio1	0.000000	1.992788	0.133164
MGYG000000105__gradient_L2_fos_gapseq	1545	1841	531	bio1	0.000000	2.098997	0.152412
MGYG000000105__gradient_L3_gos_gapseq	1545	1841	531	bio1	1.637546	1.875946	10.322005
MGYG000000105__gradient_L4_xos_gapseq	1545	1841	531	bio1	1.715707	1.966047	9.983385
MGYG000000105__gradient_L5_pectin_gapseq	1545	1841	531	bio1	1.757297	2.102399	10.061297
MGYG000000105__gradient_L6_resistant_starch_gapseq	1545	1841	531	bio1	2.354432	2.194246	9.971369
MGYG000000105__gradient_L7_bglucan_gapseq	1545	1841	531	bio1	2.537855	2.003090	10.168389
MGYG000000105__gradient_L8_hmo_gapseq	1545	1841	531	bio1	2.537855	2.109503	10.139989
MGYG000000105__gradient_L9_mos_gapseq	1545	1841	531	bio1	2.656124	2.407759	10.113334
MGYG000000109__gradient_L0_base_gapseq	1405	1650	395	bio1	0.511984	1.823633	8.262142
MGYG000000109__gradient_L1_inulin_gapseq	1405	1650	395	bio1	0.697322	1.906608	8.253720
MGYG000000109__gradient_L2_fos_gapseq	1405	1650	395	bio1	0.697322	1.656726	8.454653
MGYG000000109__gradient_L3_gos_gapseq	1405	1650	395	bio1	0.864125	1.644466	8.428150
MGYG000000109__gradient_L4_xos_gapseq	1405	1650	395	bio1	0.891926	1.684599	8.134299
MGYG000000109__gradient_L5_pectin_gapseq	1405	1650	395	bio1	0.891926	1.797915	8.228118
MGYG000000109__gradient_L6_resistant_starch_gapseq	1405	1650	395	bio1	1.283451	1.884533	8.377648
MGYG000000109__gradient_L7_bglucan_gapseq	1405	1650	395	bio1	1.283451	1.989326	8.410737
MGYG000000109__gradient_L8_hmo_gapseq	1405	1650	395	bio1	1.283451	1.665397	8.418525
MGYG000000109__gradient_L9_mos_gapseq	1405	1650	395	bio1	1.376120	1.672517	8.295332
MGYG000000122__gradient_L0_base_gapseq	1729	2107	546	bio1	1.020573	2.369887	13.527027
MGYG000000122__gradient_L1_inulin_gapseq	1729	2107	546	bio1	1.290279	2.370501	13.489804
MGYG000000122__gradient_L2_fos_gapseq	1729	2107	546	bio1	1.290279	2.354652	13.417944
MGYG000000122__gradient_L3_gos_gapseq	1729	2107	546	bio1	1.493233	2.196942	13.624109
MGYG000000122__gradient_L4_xos_gapseq	1729	2107	546	bio1	1.565949	2.186617	13.846406
MGYG000000122__gradient_L5_pectin_gapseq	1729	2107	546	bio1	1.565949	2.188922	13.553397
MGYG000000122__gradient_L6_resistant_starch_gapseq	1729	2107	546	bio1	2.136954	2.289068	13.447494
MGYG000000122__gradient_L7_bglucan_gapseq	1729	2107	546	bio1	2.330062	2.446131	13.538876
MGYG000000122__gradient_L8_hmo_gapseq	1729	2107	546	bio1	2.330062	2.625001	13.463896
MGYG000000122__gradient_L9_mos_gapseq	1729	2107	546	bio1	2.454159	2.365820	13.469886
MGYG000000128__gradient_L0_base_gapseq	1104	1181	270	bio1	0.205896	1.476497	4.485405
MGYG000000128__gradient_L1_inulin_gapseq	1104	1181	270	bio1	0.360524	1.221386	4.572263
MGYG000000128__gradient_L2_fos_gapseq	1104	1181	270	bio1	0.360524	1.273259	4.474753
MGYG000000128__gradient_L3_gos_gapseq	1104	1181	270	bio1	0.468684	1.213062	4.874062
MGYG000000128__gradient_L4_xos_gapseq	1104	1181	270	bio1	0.468684	1.243659	4.486609
MGYG000000128__gradient_L5_pectin_gapseq	1104	1181	270	bio1	0.468684	1.367969	4.422207
MGYG000000128__gradient_L6_resistant_starch_gapseq	1104	1181	270	bio1	0.612902	1.223054	4.667360
MGYG000000128__gradient_L7_bglucan_gapseq	1104	1181	270	bio1	0.612902	1.415353	4.392358
MGYG000000128__gradient_L8_hmo_gapseq	1104	1181	270	bio1	0.612902	1.266686	4.596752
MGYG000000128__gradient_L9_mos_gapseq	1104	1181	270	bio1	0.757115	1.225686	4.698628
MGYG000000132__gradient_L0_base_gapseq	1271	1465	389	bio1	0.500191	1.614189	6.872029
MGYG000000132__gradient_L1_inulin_gapseq	1271	1465	389	bio1	0.833658	1.787504	6.741219
MGYG000000132__gradient_L2_fos_gapseq	1271	1465	389	bio1	0.833658	1.671188	6.922720
MGYG000000132__gradient_L3_gos_gapseq	1271	1465	389	bio1	1.150915	1.686671	6.979856
MGYG000000132__gradient_L4_xos_gapseq	1271	1465	389	bio1	1.150915	1.605021	6.885750
MGYG000000132__gradient_L5_pectin_gapseq	1271	1465	389	bio1	1.150915	1.747142	7.022765
MGYG000000132__gradient_L6_resistant_starch_gapseq	1271	1465	389	bio1	1.843455	1.741590	6.944180
MGYG000000132__gradient_L7_bglucan_gapseq	1271	1465	389	bio1	1.843455	1.574999	7.027629
MGYG000000132__gradient_L8_hmo_gapseq	1271	1465	389	bio1	1.843455	1.585946	6.875023
MGYG000000132__gradient_L9_mos_gapseq	1271	1465	389	bio1	1.970453	1.621459	6.702371
MGYG000000135__gradient_L0_base_gapseq	1606	1886	675	bio1	0.000000	2.167298	0.133830
MGYG000000135__gradient_L1_inulin_gapseq	1606	1886	675	bio1	0.000000	2.008787	0.256825
MGYG000000135__gradient_L2_fos_gapseq	1606	1886	675	bio1	0.000000	2.073148	0.152923
MGYG000000135__gradient_L3_gos_gapseq	1606	1886	675	bio1	1.370849	2.239535	10.729560
MGYG000000135__gradient_L4_xos_gapseq	1606	1886	675	bio1	1.430062	2.362164	11.183409
MGYG000000135__gradient_L5_pectin_gapseq	1606	1886	675	bio1	1.473072	2.262760	10.786100
MGYG000000135__gradient_L6_resistant_starch_gapseq	1606	1886	675	bio1	2.094562	2.195609	10.745802
MGYG000000135__gradient_L7_bglucan_gapseq	1606	1886	675	bio1	2.294557	2.269904	10.706493
MGYG000000135__gradient_L8_hmo_gapseq	1606	1886	675	bio1	2.435249	2.319665	11.106504
MGYG000000135__gradient_L9_mos_gapseq	1606	1886	675	bio1	2.435249	2.370881	10.678963
MGYG000000137__gradient_L0_base_gapseq	1371	1616	496	bio1	0.000000	1.746775	0.112646
MGYG000000137__gradient_L1_inulin_gapseq	1371	1616	496	bio1	0.000000	1.973775	0.098555
MGYG000000137__gradient_L2_fos_gapseq	1371	1616	496	bio1	0.000000	1.783415	0.089373
MGYG000000137__gradient_L3_gos_gapseq	1371	1616	496	bio1	1.389609	1.877038	7.862971
MGYG000000137__gradient_L4_xos_gapseq	1371	1616	496	bio1	1.409397	1.889186	8.265841
MGYG000000137__gradient_L5_pectin_gapseq	1371	1616	496	bio1	1.409397	1.940588	8.042665
MGYG000000137__gradient_L6_resistant_starch_gapseq	1371	1616	496	bio1	2.021319	1.762425	8.073661
MGYG000000137__gradient_L7_bglucan_gapseq	1371	1616	496	bio1	2.226765	1.749147	7.983120
MGYG000000137__gradient_L8_hmo_gapseq	1371	1616	496	bio1	2.226765	1.705721	7.802786
MGYG000000137__gradient_L9_mos_gapseq	1371	1616	496	bio1	2.226765	1.907410	8.051195
MGYG000000143__gradient_L0_base_gapseq	1288	1543	435	bio1	0.990541	1.748525	7.975843
MGYG000000143__gradient_L1_inulin_gapseq	1288	1543	435	bio1	1.328316	1.606190	7.657384
MGYG000000143__gradient_L2_fos_gapseq	1288	1543	435	bio1	1.328316	1.596220	7.330843
MGYG000000143__gradient_L3_gos_gapseq	1288	1543	435	bio1	1.676579	1.733008	7.381740
MGYG000000143__gradient_L4_xos_gapseq	1288	1543	435	bio1	1.676579	1.769974	7.355465
MGYG000000143__gradient_L5_pectin_gapseq	1288	1543	435	bio1	1.676579	1.619141	7.575660
MGYG000000143__gradient_L6_resistant_starch_gapseq	1288	1543	435	bio1	2.413209	1.815119	7.798778
MGYG000000143__gradient_L7_bglucan_gapseq	1288	1543	435	bio1	2.660160	1.709586	7.280139
MGYG000000143__gradient_L8_hmo_gapseq	1288	1543	435	bio1	2.837457	1.762777	7.354786
MGYG000000143__gradient_L9_mos_gapseq	1288	1543	435	bio1	3.006045	1.757053	7.374669
MGYG000000148__gradient_L0_base_gapseq	1391	1624	433	bio1	0.000000	1.928772	0.094003
MGYG000000148__gradient_L1_inulin_gapseq	1391	1624	433	bio1	0.000000	1.901934	0.125748
MGYG000000148__gradient_L2_fos_gapseq	1391	1624	433	bio1	0.000000	1.882570	0.099704
MGYG000000148__gradient_L3_gos_gapseq	1391	1624	433	bio1	1.816215	1.718828	8.499451
MGYG000000148__gradient_L4_xos_gapseq	1391	1624	433	bio1	1.854406	1.736358	8.236545
MGYG000000148__gradient_L5_pectin_gapseq	1391	1624	433	bio1	1.854406	1.682549	8.175580
MGYG000000148__gradient_L6_resistant_starch_gapseq	1391	1624	433	bio1	2.585499	1.814748	8.134779
MGYG000000148__gradient_L7_bglucan_gapseq	1391	1624	433	bio1	2.823504	1.828899	8.312534
MGYG000000148__gradient_L8_hmo_gapseq	1391	1624	433	bio1	2.990311	1.894288	8.388840
MGYG000000148__gradient_L9_mos_gapseq	1391	1624	433	bio1	2.990311	1.673148	8.315037
MGYG000000151__gradient_L0_base_gapseq	1542	1829	549	bio1	0.921196	2.190207	9.829121
MGYG000000151__gradient_L1_inulin_gapseq	1542	1829	549	bio1	1.175798	2.106758	9.814389
MGYG000000151__gradient_L2_fos_gapseq	1542	1829	549	bio1	1.175798	2.086439	9.946389
MGYG000000151__gradient_L3_gos_gapseq	1542	1829	549	bio1	1.405553	2.163454	10.107960
MGYG000000151__gradient_L4_xos_gapseq	1542	1829	549	bio1	1.432583	2.057671	10.484982
MGYG000000151__gradient_L5_pectin_gapseq	1542	1829	549	bio1	1.432583	1.992428	10.130164
MGYG000000151__gradient_L6_resistant_starch_gapseq	1542	1829	549	bio1	1.975437	1.955219	9.968899
MGYG000000151__gradient_L7_bglucan_gapseq	1542	1829	549	bio1	1.975437	2.017532	10.167364
MGYG000000151__gradient_L8_hmo_gapseq	1542	1829	549	bio1	1.975437	1.909077	10.264200
MGYG000000151__gradient_L9_mos_gapseq	1542	1829	549	bio1	2.101578	1.946198	10.201395
MGYG000000154__gradient_L0_base_gapseq	1466	1662	406	bio1	0.474855	2.050096	8.181808
MGYG000000154__gradient_L1_inulin_gapseq	1466	1662	406	bio1	0.733921	1.874890	8.217308
MGYG000000154__gradient_L2_fos_gapseq	1466	1662	406	bio1	0.733921	1.801908	8.427920
MGYG000000154__gradient_L3_gos_gapseq	1466	1662	406	bio1	1.012537	1.787205	8.410161
MGYG000000154__gradient_L4_xos_gapseq	1466	1662	406	bio1	1.082925	1.904095	8.327924
MGYG000000154__gradient_L5_pectin_gapseq	1466	1662	406	bio1	1.118118	1.964030	8.099946
MGYG000000154__gradient_L6_resistant_starch_gapseq	1466	1662	406	bio1	1.639422	1.908618	8.279929
MGYG000000154__gradient_L7_bglucan_gapseq	1466	1662	406	bio1	1.817590	1.896707	8.335958
MGYG000000154__gradient_L8_hmo_gapseq	1466	1662	406	bio1	1.817590	1.990599	8.598164
MGYG000000154__gradient_L9_mos_gapseq	1466	1662	406	bio1	1.817590	1.826940	8.538363
MGYG000000157__gradient_L0_base_gapseq	1412	1667	499	bio1	1.621030	1.810660	8.567504
MGYG000000157__gradient_L1_inulin_gapseq	1412	1667	499	bio1	1.789888	1.774851	8.579355
MGYG000000157__gradient_L2_fos_gapseq	1412	1667	499	bio1	1.789888	1.715297	8.311199
MGYG000000157__gradient_L3_gos_gapseq	1412	1667	499	bio1	2.138158	1.865926	8.475603
MGYG000000157__gradient_L4_xos_gapseq	1412	1667	499	bio1	2.176151	1.998436	8.567921
MGYG000000157__gradient_L5_pectin_gapseq	1412	1667	499	bio1	2.176151	1.919703	8.334929
MGYG000000157__gradient_L6_resistant_starch_gapseq	1412	1667	499	bio1	2.912796	1.827243	8.518248
MGYG000000157__gradient_L7_bglucan_gapseq	1412	1667	499	bio1	2.912796	1.733605	8.691997
MGYG000000157__gradient_L8_hmo_gapseq	1412	1667	499	bio1	2.912796	1.778559	8.736833
MGYG000000157__gradient_L9_mos_gapseq	1412	1667	499	bio1	2.912796	1.757275	8.383776
MGYG000000161__gradient_L0_base_gapseq	1236	1431	330	bio1	0.387044	1.482294	6.350022
MGYG000000161__gradient_L1_inulin_gapseq	1236	1431	330	bio1	0.545836	1.444466	6.214379
MGYG000000161__gradient_L2_fos_gapseq	1236	1431	330	bio1	0.545836	1.548681	6.246038
MGYG000000161__gradient_L3_gos_gapseq	1236	1431	330	bio1	0.709590	1.454658	6.371980
MGYG000000161__gradient_L4_xos_gapseq	1236	1431	330	bio1	0.709590	1.453405	6.313798
MGYG000000161__gradient_L5_pectin_gapseq	1236	1431	330	bio1	0.709590	1.806295	6.539527
MGYG000000161__gradient_L6_resistant_starch_gapseq	1236	1431	330	bio1	1.067172	1.793852	6.236739
MGYG000000161__gradient_L7_bglucan_gapseq	1236	1431	330	bio1	1.067172	1.463273	6.444027
MGYG000000161__gradient_L8_hmo_gapseq	1236	1431	330	bio1	1.067172	1.488651	6.246938
MGYG000000161__gradient_L9_mos_gapseq	1236	1431	330	bio1	1.144260	1.601898	6.197151
MGYG000000163__gradient_L0_base_gapseq	1487	1779	439	bio1	0.701155	1.783046	9.393038
MGYG000000163__gradient_L1_inulin_gapseq	1487	1779	439	bio1	0.917481	1.950410	9.521795
MGYG000000163__gradient_L2_fos_gapseq	1487	1779	439	bio1	0.917481	2.115069	9.718520
MGYG000000163__gradient_L3_gos_gapseq	1487	1779	439	bio1	1.103975	1.947043	9.264553
MGYG000000163__gradient_L4_xos_gapseq	1487	1779	439	bio1	1.117223	1.908685	9.441263
MGYG000000163__gradient_L5_pectin_gapseq	1487	1779	439	bio1	1.117223	1.918508	9.651244
MGYG000000163__gradient_L6_resistant_starch_gapseq	1487	1779	439	bio1	1.596352	1.775586	9.916496
MGYG000000163__gradient_L7_bglucan_gapseq	1487	1779	439	bio1	1.748702	1.804422	9.641534
MGYG000000163__gradient_L8_hmo_gapseq	1487	1779	439	bio1	1.748702	1.925619	9.633452
MGYG000000163__gradient_L9_mos_gapseq	1487	1779	439	bio1	1.854685	1.818409	9.382090
MGYG000000165__gradient_L0_base_gapseq	1461	1677	589	bio1	0.000000	1.970709	0.097218
MGYG000000165__gradient_L1_inulin_gapseq	1461	1677	589	bio1	0.000000	1.776204	0.098558
MGYG000000165__gradient_L2_fos_gapseq	1461	1677	589	bio1	0.000000	1.933979	0.111791
MGYG000000165__gradient_L3_gos_gapseq	1461	1677	589	bio1	1.519252	2.030439	9.031898
MGYG000000165__gradient_L4_xos_gapseq	1461	1677	589	bio1	1.588050	1.880085	9.048857
MGYG000000165__gradient_L5_pectin_gapseq	1461	1677	589	bio1	1.588050	1.773039	8.822558
MGYG000000165__gradient_L6_resistant_starch_gapseq	1461	1677	589	bio1	2.319533	1.778962	8.627103
MGYG000000165__gradient_L7_bglucan_gapseq	1461	1677	589	bio1	2.319533	1.930278	8.849461
MGYG000000165__gradient_L8_hmo_gapseq	1461	1677	589	bio1	2.493393	2.073357	8.879785
MGYG000000165__gradient_L9_mos_gapseq	1461	1677	589	bio1	2.493393	2.059654	8.775892
MGYG000000167__gradient_L0_base_gapseq	1158	1295	322	bio1	0.382421	1.561454	5.522151
MGYG000000167__gradient_L1_inulin_gapseq	1158	1295	322	bio1	0.573637	1.376331	5.402464
MGYG000000167__gradient_L2_fos_gapseq	1158	1295	322	bio1	0.573637	1.496820	5.220877
MGYG000000167__gradient_L3_gos_gapseq	1158	1295	322	bio1	0.745731	1.300271	5.448299
MGYG000000167__gradient_L4_xos_gapseq	1158	1295	322	bio1	0.745731	1.311356	5.296991
MGYG000000167__gradient_L5_pectin_gapseq	1158	1295	322	bio1	0.745731	1.510088	5.301761
MGYG000000167__gradient_L6_resistant_starch_gapseq	1158	1295	322	bio1	1.146745	1.342737	5.571652
MGYG000000167__gradient_L7_bglucan_gapseq	1158	1295	322	bio1	1.146745	1.389985	5.583873
MGYG000000167__gradient_L8_hmo_gapseq	1158	1295	322	bio1	1.146745	1.507395	5.282642
MGYG000000167__gradient_L9_mos_gapseq	1158	1295	322	bio1	1.240549	1.354654	5.569272
MGYG000000171__gradient_L0_base_gapseq	1416	1671	485	bio1	0.974537	1.938542	8.520221
MGYG000000171__gradient_L1_inulin_gapseq	1416	1671	485	bio1	1.117935	1.844838	8.614470
MGYG000000171__gradient_L2_fos_gapseq	1416	1671	485	bio1	1.117935	1.762118	8.848383
MGYG000000171__gradient_L3_gos_gapseq	1416	1671	485	bio1	1.431108	1.896026	8.934606
MGYG000000171__gradient_L4_xos_gapseq	1416	1671	485	bio1	1.484414	1.745344	8.516433
MGYG000000171__gradient_L5_pectin_gapseq	1416	1671	485	bio1	1.484414	1.898522	8.569781
MGYG000000171__gradient_L6_resistant_starch_gapseq	1416	1671	485	bio1	2.099655	1.901626	8.574321
MGYG000000171__gradient_L7_bglucan_gapseq	1416	1671	485	bio1	2.306215	1.873851	8.800818
MGYG000000171__gradient_L8_hmo_gapseq	1416	1671	485	bio1	2.452807	2.104098	8.694643
MGYG000000171__gradient_L9_mos_gapseq	1416	1671	485	bio1	2.452807	1.714738	8.786497
MGYG000000173__gradient_L0_base_gapseq	987	1122	233	bio1	0.000000	1.097966	0.059689
MGYG000000173__gradient_L1_inulin_gapseq	987	1122	233	bio1	0.000000	1.088803	0.059545
MGYG000000173__gradient_L2_fos_gapseq	987	1122	233	bio1	0.000000	1.217824	0.060092
MGYG000000173__gradient_L3_gos_gapseq	987	1122	233	bio1	0.000000	1.057101	0.062722
MGYG000000173__gradient_L4_xos_gapseq	987	1122	233	bio1	0.000000	1.210865	0.055099
MGYG000000173__gradient_L5_pectin_gapseq	987	1122	233	bio1	0.000000	1.076543	0.076320
MGYG000000173__gradient_L6_resistant_starch_gapseq	987	1122	233	bio1	0.000000	1.079484	0.053323
MGYG000000173__gradient_L7_bglucan_gapseq	987	1122	233	bio1	0.000000	1.254241	0.063943
MGYG000000173__gradient_L8_hmo_gapseq	987	1122	233	bio1	0.000000	1.082028	0.067690
MGYG000000173__gradient_L9_mos_gapseq	987	1122	233	bio1	0.000000	1.104474	0.047968
MGYG000000175__gradient_L0_base_gapseq	1657	1946	670	bio1	0.000000	2.262561	0.132093
MGYG000000175__gradient_L1_inulin_gapseq	1657	1946	670	bio1	0.000000	2.254017	0.137945
MGYG000000175__gradient_L2_fos_gapseq	1657	1946	670	bio1	0.000000	2.055438	0.146621
MGYG000000175__gradient_L3_gos_gapseq	1657	1946	670	bio1	0.000000	2.415786	0.142370
MGYG000000175__gradient_L4_xos_gapseq	1657	1946	670	bio1	0.000000	2.284193	0.146746
MGYG000000175__gradient_L5_pectin_gapseq	1657	1946	670	bio1	0.000000	2.115965	0.351774
MGYG000000175__gradient_L6_resistant_starch_gapseq	1657	1946	670	bio1	0.000000	2.203763	0.160949
MGYG000000175__gradient_L7_bglucan_gapseq	1657	1946	670	bio1	0.000000	2.453578	0.162521
MGYG000000175__gradient_L8_hmo_gapseq	1657	1946	670	bio1	0.000000	2.332950	0.139584
MGYG000000175__gradient_L9_mos_gapseq	1657	1946	670	bio1	0.000000	2.174662	0.150993
MGYG000000176__gradient_L0_base_gapseq	1715	1994	811	bio1	1.530278	2.411211	12.574959
MGYG000000176__gradient_L1_inulin_gapseq	1715	1994	811	bio1	1.868850	2.468809	12.286976
MGYG000000176__gradient_L2_fos_gapseq	1715	1994	811	bio1	1.868850	2.414509	12.349263
MGYG000000176__gradient_L3_gos_gapseq	1715	1994	811	bio1	2.201375	2.469317	12.226079
MGYG000000176__gradient_L4_xos_gapseq	1715	1994	811	bio1	2.390106	2.536916	12.443782
MGYG000000176__gradient_L5_pectin_gapseq	1715	1994	811	bio1	2.390106	2.432724	12.203735
MGYG000000176__gradient_L6_resistant_starch_gapseq	1715	1994	811	bio1	3.095995	2.473822	12.102224
MGYG000000176__gradient_L7_bglucan_gapseq	1715	1994	811	bio1	3.324773	2.396596	12.255830
MGYG000000176__gradient_L8_hmo_gapseq	1715	1994	811	bio1	3.485113	2.486246	12.275655
MGYG000000176__gradient_L9_mos_gapseq	1715	1994	811	bio1	3.641543	2.246335	12.311774
MGYG000000187__gradient_L0_base_gapseq	1332	1460	374	bio1	0.000000	1.758305	0.082829
MGYG000000187__gradient_L1_inulin_gapseq	1332	1460	374	bio1	0.000000	1.492698	0.078551
MGYG000000187__gradient_L2_fos_gapseq	1332	1460	374	bio1	0.000000	1.679138	0.100152
MGYG000000187__gradient_L3_gos_gapseq	1332	1460	374	bio1	0.856756	1.562293	7.040183
MGYG000000187__gradient_L4_xos_gapseq	1332	1460	374	bio1	0.856756	1.588960	6.801543
MGYG000000187__gradient_L5_pectin_gapseq	1332	1460	374	bio1	0.888827	1.703405	6.628494
MGYG000000187__gradient_L6_resistant_starch_gapseq	1332	1460	374	bio1	1.348651	1.580746	7.094628
MGYG000000187__gradient_L7_bglucan_gapseq	1332	1460	374	bio1	1.502465	1.507255	6.662888
MGYG000000187__gradient_L8_hmo_gapseq	1332	1460	374	bio1	1.502465	1.750031	6.702776
MGYG000000187__gradient_L9_mos_gapseq	1332	1460	374	bio1	1.573800	1.609754	6.838555
MGYG000000189__gradient_L0_base_gapseq	1433	1605	359	bio1	0.000000	1.716466	0.297289
MGYG000000189__gradient_L1_inulin_gapseq	1433	1605	359	bio1	0.000000	1.831228	0.098437
MGYG000000189__gradient_L2_fos_gapseq	1433	1605	359	bio1	0.000000	1.824095	0.105552
MGYG000000189__gradient_L3_gos_gapseq	1433	1605	359	bio1	0.898835	1.653345	8.025502
MGYG000000189__gradient_L4_xos_gapseq	1433	1605	359	bio1	0.898835	1.885315	7.910117
MGYG000000189__gradient_L5_pectin_gapseq	1433	1605	359	bio1	0.898835	1.828478	7.946316
MGYG000000189__gradient_L6_resistant_starch_gapseq	1433	1605	359	bio1	1.521121	1.969898	7.910674
MGYG000000189__gradient_L7_bglucan_gapseq	1433	1605	359	bio1	1.728751	1.687547	8.009400
MGYG000000189__gradient_L8_hmo_gapseq	1433	1605	359	bio1	1.728751	1.642413	7.993787
MGYG000000189__gradient_L9_mos_gapseq	1433	1605	359	bio1	1.728751	2.055428	8.001810
MGYG000000191__gradient_L0_base_gapseq	1870	2322	639	bio1	1.066132	2.610716	16.534288
MGYG000000191__gradient_L1_inulin_gapseq	1870	2322	639	bio1	1.334226	2.476418	16.390060
MGYG000000191__gradient_L2_fos_gapseq	1870	2322	639	bio1	1.334226	2.452676	16.501750
MGYG000000191__gradient_L3_gos_gapseq	1870	2322	639	bio1	1.431756	2.635727	16.377653
MGYG000000191__gradient_L4_xos_gapseq	1870	2322	639	bio1	1.511917	2.402394	16.239169
MGYG000000191__gradient_L5_pectin_gapseq	1870	2322	639	bio1	1.511917	2.429250	16.134325
MGYG000000191__gradient_L6_resistant_starch_gapseq	1870	2322	639	bio1	2.137173	2.480064	16.274510
MGYG000000191__gradient_L7_bglucan_gapseq	1870	2322	639	bio1	2.341584	2.576910	16.806791
MGYG000000191__gradient_L8_hmo_gapseq	1870	2322	639	bio1	2.341584	2.600940	16.191649
MGYG000000191__gradient_L9_mos_gapseq	1870	2322	639	bio1	2.473404	2.498586	16.291518
MGYG000000193__gradient_L0_base_gapseq	1362	1585	429	bio1	0.674146	1.937804	7.989867
MGYG000000193__gradient_L1_inulin_gapseq	1362	1585	429	bio1	0.781567	2.097305	8.101337
MGYG000000193__gradient_L2_fos_gapseq	1362	1585	429	bio1	0.781567	1.635322	8.147656
MGYG000000193__gradient_L3_gos_gapseq	1362	1585	429	bio1	0.998189	1.573767	8.073715
MGYG000000193__gradient_L4_xos_gapseq	1362	1585	429	bio1	1.074554	1.834772	8.026639
MGYG000000193__gradient_L5_pectin_gapseq	1362	1585	429	bio1	1.074554	1.855850	7.986860
MGYG000000193__gradient_L6_resistant_starch_gapseq	1362	1585	429	bio1	1.524107	1.784649	8.033545
MGYG000000193__gradient_L7_bglucan_gapseq	1362	1585	429	bio1	1.675473	1.620017	8.155985
MGYG000000193__gradient_L8_hmo_gapseq	1362	1585	429	bio1	1.785475	1.596161	8.028444
MGYG000000193__gradient_L9_mos_gapseq	1362	1585	429	bio1	1.854567	1.765697	7.954432
MGYG000000196__gradient_L0_base_gapseq	1574	1912	643	bio1	0.000000	1.982459	0.150841
MGYG000000196__gradient_L1_inulin_gapseq	1574	1912	643	bio1	2.026073	2.079512	10.962809
MGYG000000196__gradient_L2_fos_gapseq	1574	1912	643	bio1	2.026073	2.171158	10.785823
MGYG000000196__gradient_L3_gos_gapseq	1574	1912	643	bio1	2.138051	2.206081	10.780996
MGYG000000196__gradient_L4_xos_gapseq	1574	1912	643	bio1	2.276100	2.389278	10.969022
MGYG000000196__gradient_L5_pectin_gapseq	1574	1912	643	bio1	2.276100	2.257830	10.787760
MGYG000000196__gradient_L6_resistant_starch_gapseq	1574	1912	643	bio1	2.276100	2.243596	10.792049
MGYG000000196__gradient_L7_bglucan_gapseq	1574	1912	643	bio1	2.276100	2.171163	10.758911
MGYG000000196__gradient_L8_hmo_gapseq	1574	1912	643	bio1	2.276100	2.194991	10.815162
MGYG000000196__gradient_L9_mos_gapseq	1574	1912	643	bio1	2.276100	2.197364	10.701770
MGYG000000200__gradient_L0_base_gapseq	1491	1776	542	bio1	1.238863	2.001605	9.612954
MGYG000000200__gradient_L1_inulin_gapseq	1491	1776	542	bio1	1.558572	2.194252	9.374614
MGYG000000200__gradient_L2_fos_gapseq	1491	1776	542	bio1	1.558572	2.000547	9.619547
MGYG000000200__gradient_L3_gos_gapseq	1491	1776	542	bio1	1.912250	2.125885	9.850092
MGYG000000200__gradient_L4_xos_gapseq	1491	1776	542	bio1	2.050124	2.081538	9.599862
MGYG000000200__gradient_L5_pectin_gapseq	1491	1776	542	bio1	2.050124	2.066221	9.508521
MGYG000000200__gradient_L6_resistant_starch_gapseq	1491	1776	542	bio1	2.747490	1.935244	9.808531
MGYG000000200__gradient_L7_bglucan_gapseq	1491	1776	542	bio1	2.981277	1.914169	9.705170
MGYG000000200__gradient_L8_hmo_gapseq	1491	1776	542	bio1	3.145128	1.867775	9.578735
MGYG000000200__gradient_L9_mos_gapseq	1491	1776	542	bio1	3.304983	1.819358	9.593364
MGYG000000201__gradient_L0_base_gapseq	1485	1742	553	bio1	0.000000	1.831984	0.129858
MGYG000000201__gradient_L1_inulin_gapseq	1485	1742	553	bio1	0.000000	2.033880	0.120970
MGYG000000201__gradient_L2_fos_gapseq	1485	1742	553	bio1	0.000000	1.814596	0.106044
MGYG000000201__gradient_L3_gos_gapseq	1485	1742	553	bio1	1.300001	2.042361	9.318343
MGYG000000201__gradient_L4_xos_gapseq	1485	1742	553	bio1	1.487167	2.089779	9.284497
MGYG000000201__gradient_L5_pectin_gapseq	1485	1742	553	bio1	1.487167	2.251421	9.432184
MGYG000000201__gradient_L6_resistant_starch_gapseq	1485	1742	553	bio1	2.078727	2.228657	9.395063
MGYG000000201__gradient_L7_bglucan_gapseq	1485	1742	553	bio1	2.277113	2.045522	9.359036
MGYG000000201__gradient_L8_hmo_gapseq	1485	1742	553	bio1	2.420871	1.828839	9.588385
MGYG000000201__gradient_L9_mos_gapseq	1485	1742	553	bio1	2.524377	1.876549	9.443097
MGYG000000202__gradient_L0_base_gapseq	1586	1807	517	bio1	0.675504	2.031399	9.895480
MGYG000000202__gradient_L1_inulin_gapseq	1586	1807	517	bio1	1.001992	2.068502	9.757908
MGYG000000202__gradient_L2_fos_gapseq	1586	1807	517	bio1	1.001992	2.108717	10.108895
MGYG000000202__gradient_L3_gos_gapseq	1586	1807	517	bio1	1.327384	2.077583	9.980127
MGYG000000202__gradient_L4_xos_gapseq	1586	1807	517	bio1	1.474585	2.079999	9.857754
MGYG000000202__gradient_L5_pectin_gapseq	1586	1807	517	bio1	1.532691	2.126524	9.767012
MGYG000000202__gradient_L6_resistant_starch_gapseq	1586	1807	517	bio1	2.224149	2.113142	9.803652
MGYG000000202__gradient_L7_bglucan_gapseq	1586	1807	517	bio1	2.448365	2.177091	9.908297
MGYG000000202__gradient_L8_hmo_gapseq	1586	1807	517	bio1	2.602643	2.091962	9.837038
MGYG000000202__gradient_L9_mos_gapseq	1586	1807	517	bio1	2.753157	1.848891	10.341459
MGYG000000213__gradient_L0_base_gapseq	1429	1656	463	bio1	0.825660	1.932472	8.365084
MGYG000000213__gradient_L1_inulin_gapseq	1429	1656	463	bio1	1.103866	1.722778	8.641151
MGYG000000213__gradient_L2_fos_gapseq	1429	1656	463	bio1	1.103866	1.738006	8.656615
MGYG000000213__gradient_L3_gos_gapseq	1429	1656	463	bio1	1.403187	1.723066	8.712430
MGYG000000213__gradient_L4_xos_gapseq	1429	1656	463	bio1	1.543294	1.849674	8.311265
MGYG000000213__gradient_L5_pectin_gapseq	1429	1656	463	bio1	1.543294	1.883841	8.362043
MGYG000000213__gradient_L6_resistant_starch_gapseq	1429	1656	463	bio1	2.131321	1.993308	8.201420
MGYG000000213__gradient_L7_bglucan_gapseq	1429	1656	463	bio1	2.328745	1.911367	8.304620
MGYG000000213__gradient_L8_hmo_gapseq	1429	1656	463	bio1	2.328745	1.738039	8.546108
MGYG000000213__gradient_L9_mos_gapseq	1429	1656	463	bio1	2.464606	1.752331	8.532477
MGYG000000216__gradient_L0_base_gapseq	1453	1720	457	bio1	0.000000	1.965197	0.104635
MGYG000000216__gradient_L1_inulin_gapseq	1453	1720	457	bio1	0.000000	1.855947	0.085171
MGYG000000216__gradient_L2_fos_gapseq	1453	1720	457	bio1	0.000000	1.753992	0.127169
MGYG000000216__gradient_L3_gos_gapseq	1453	1720	457	bio1	0.000000	2.017763	0.108234
MGYG000000216__gradient_L4_xos_gapseq	1453	1720	457	bio1	1.228285	1.742975	9.308883
MGYG000000216__gradient_L5_pectin_gapseq	1453	1720	457	bio1	1.228285	1.801614	9.018774
MGYG000000216__gradient_L6_resistant_starch_gapseq	1453	1720	457	bio1	1.852275	1.771939	8.952618
MGYG000000216__gradient_L7_bglucan_gapseq	1453	1720	457	bio1	2.058084	1.987974	8.898680
MGYG000000216__gradient_L8_hmo_gapseq	1453	1720	457	bio1	2.058084	1.946241	8.783462
MGYG000000216__gradient_L9_mos_gapseq	1453	1720	457	bio1	2.058084	2.024499	8.905152
MGYG000000217__gradient_L0_base_gapseq	1339	1530	377	bio1	0.000000	1.627061	0.088245
MGYG000000217__gradient_L1_inulin_gapseq	1339	1530	377	bio1	0.000000	1.887179	0.098125
MGYG000000217__gradient_L2_fos_gapseq	1339	1530	377	bio1	0.000000	1.581618	0.086205
MGYG000000217__gradient_L3_gos_gapseq	1339	1530	377	bio1	1.211953	1.799741	7.453888
MGYG000000217__gradient_L4_xos_gapseq	1339	1530	377	bio1	1.335165	1.768295	7.239985
MGYG000000217__gradient_L5_pectin_gapseq	1339	1530	377	bio1	1.335165	1.596821	7.532381
MGYG000000217__gradient_L6_resistant_starch_gapseq	1339	1530	377	bio1	1.875060	1.556216	7.336429
MGYG000000217__gradient_L7_bglucan_gapseq	1339	1530	377	bio1	2.056518	1.623347	7.198651
MGYG000000217__gradient_L8_hmo_gapseq	1339	1530	377	bio1	2.056518	1.743668	7.317933
MGYG000000217__gradient_L9_mos_gapseq	1339	1530	377	bio1	2.146128	1.736230	7.434575
MGYG000000221__gradient_L0_base_gapseq	1388	1656	450	bio1	0.000000	1.863030	0.109161
MGYG000000221__gradient_L1_inulin_gapseq	1388	1656	450	bio1	0.000000	1.782602	0.119632
MGYG000000221__gradient_L2_fos_gapseq	1388	1656	450	bio1	0.000000	1.833766	0.100866
MGYG000000221__gradient_L3_gos_gapseq	1388	1656	450	bio1	1.556022	1.735270	8.637050
MGYG000000221__gradient_L4_xos_gapseq	1388	1656	450	bio1	1.562878	1.805572	8.484527
MGYG000000221__gradient_L5_pectin_gapseq	1388	1656	450	bio1	1.562878	1.670755	8.501088
MGYG000000221__gradient_L6_resistant_starch_gapseq	1388	1656	450	bio1	1.689155	1.898700	8.372419
MGYG000000221__gradient_L7_bglucan_gapseq	1388	1656	450	bio1	1.884998	1.863032	8.449781
MGYG000000221__gradient_L8_hmo_gapseq	1388	1656	450	bio1	1.884998	1.872784	8.271135
MGYG000000221__gradient_L9_mos_gapseq	1388	1656	450	bio1	2.011275	1.759446	8.865816
MGYG000000223__gradient_L0_base_gapseq	1386	1572	501	bio1	0.831440	1.718142	7.900300
MGYG000000223__gradient_L1_inulin_gapseq	1386	1572	501	bio1	1.087098	1.687200	7.551057
MGYG000000223__gradient_L2_fos_gapseq	1386	1572	501	bio1	1.087098	1.950759	7.584198
MGYG000000223__gradient_L3_gos_gapseq	1386	1572	501	bio1	1.335388	1.905549	7.709319
MGYG000000223__gradient_L4_xos_gapseq	1386	1572	501	bio1	1.335388	1.876623	7.756807
MGYG000000223__gradient_L5_pectin_gapseq	1386	1572	501	bio1	1.371178	1.722429	7.657938
MGYG000000223__gradient_L6_resistant_starch_gapseq	1386	1572	501	bio1	1.910258	1.732267	7.663709
MGYG000000223__gradient_L7_bglucan_gapseq	1386	1572	501	bio1	2.091443	1.894762	7.605136
MGYG000000223__gradient_L8_hmo_gapseq	1386	1572	501	bio1	2.225653	1.921670	7.761159
MGYG000000223__gradient_L9_mos_gapseq	1386	1572	501	bio1	2.225653	1.906224	7.547785
MGYG000000224__gradient_L0_base_gapseq	1543	1809	528	bio1	0.000000	2.058174	0.131459
MGYG000000224__gradient_L1_inulin_gapseq	1543	1809	528	bio1	0.000000	2.033333	0.121730
MGYG000000224__gradient_L2_fos_gapseq	1543	1809	528	bio1	0.000000	1.884263	0.277026
MGYG000000224__gradient_L3_gos_gapseq	1543	1809	528	bio1	1.302212	1.903406	10.032960
MGYG000000224__gradient_L4_xos_gapseq	1543	1809	528	bio1	1.363360	2.153091	9.965623
MGYG000000224__gradient_L5_pectin_gapseq	1543	1809	528	bio1	1.395066	2.222926	10.143144
MGYG000000224__gradient_L6_resistant_starch_gapseq	1543	1809	528	bio1	1.877455	2.036999	10.079363
MGYG000000224__gradient_L7_bglucan_gapseq	1543	1809	528	bio1	2.033722	2.159627	10.013600
MGYG000000224__gradient_L8_hmo_gapseq	1543	1809	528	bio1	2.033722	2.116492	9.935214
MGYG000000224__gradient_L9_mos_gapseq	1543	1809	528	bio1	2.133370	2.043198	9.969382
MGYG000000229__gradient_L0_base_gapseq	1351	1544	412	bio1	0.000000	1.760711	0.089139
MGYG000000229__gradient_L1_inulin_gapseq	1351	1544	412	bio1	0.000000	1.558108	0.093591
MGYG000000229__gradient_L2_fos_gapseq	1351	1544	412	bio1	0.000000	1.670371	0.092742
MGYG000000229__gradient_L3_gos_gapseq	1351	1544	412	bio1	0.000000	1.616915	0.114523
MGYG000000229__gradient_L4_xos_gapseq	1351	1544	412	bio1	1.156157	1.723096	7.557278
MGYG000000229__gradient_L5_pectin_gapseq	1351	1544	412	bio1	1.156157	1.863671	7.597733
MGYG000000229__gradient_L6_resistant_starch_gapseq	1351	1544	412	bio1	1.755892	1.640575	7.929918
MGYG000000229__gradient_L7_bglucan_gapseq	1351	1544	412	bio1	1.755892	1.622186	7.559812
MGYG000000229__gradient_L8_hmo_gapseq	1351	1544	412	bio1	1.755892	1.863702	7.725212
MGYG000000229__gradient_L9_mos_gapseq	1351	1544	412	bio1	1.755892	1.793807	7.558595
MGYG000000231__gradient_L0_base_gapseq	1425	1587	387	bio1	0.000000	1.861462	0.098006
MGYG000000231__gradient_L1_inulin_gapseq	1425	1587	387	bio1	0.000000	1.605237	0.101623
MGYG000000231__gradient_L2_fos_gapseq	1425	1587	387	bio1	0.000000	1.735267	0.093673
MGYG000000231__gradient_L3_gos_gapseq	1425	1587	387	bio1	0.665982	1.711595	7.596319
MGYG000000231__gradient_L4_xos_gapseq	1425	1587	387	bio1	0.665982	1.910720	7.895454
MGYG000000231__gradient_L5_pectin_gapseq	1425	1587	387	bio1	0.665982	2.087744	7.722498
MGYG000000231__gradient_L6_resistant_starch_gapseq	1425	1587	387	bio1	1.181973	1.865538	7.760863
MGYG000000231__gradient_L7_bglucan_gapseq	1425	1587	387	bio1	1.363989	1.676163	7.819145
MGYG000000231__gradient_L8_hmo_gapseq	1425	1587	387	bio1	1.363989	1.662385	7.823070
MGYG000000231__gradient_L9_mos_gapseq	1425	1587	387	bio1	1.453873	1.859798	7.603585
MGYG000000237__gradient_L0_base_gapseq	1179	1287	331	bio1	0.000000	1.355476	0.070695
MGYG000000237__gradient_L1_inulin_gapseq	1179	1287	331	bio1	0.000000	1.496753	0.084825
MGYG000000237__gradient_L2_fos_gapseq	1179	1287	331	bio1	0.000000	1.324376	0.080437
MGYG000000237__gradient_L3_gos_gapseq	1179	1287	331	bio1	1.190023	1.421689	5.202780
MGYG000000237__gradient_L4_xos_gapseq	1179	1287	331	bio1	1.249772	1.280372	5.473545
MGYG000000237__gradient_L5_pectin_gapseq	1179	1287	331	bio1	1.249772	1.522593	5.460723
MGYG000000237__gradient_L6_resistant_starch_gapseq	1179	1287	331	bio1	1.876926	1.277161	5.432575
MGYG000000237__gradient_L7_bglucan_gapseq	1179	1287	331	bio1	1.876926	1.412449	5.242260
MGYG000000237__gradient_L8_hmo_gapseq	1179	1287	331	bio1	1.876926	1.522944	5.198447
MGYG000000237__gradient_L9_mos_gapseq	1179	1287	331	bio1	2.021829	1.288910	5.445565
MGYG000000241__gradient_L0_base_gapseq	1349	1496	414	bio1	0.302005	1.628869	6.908035
MGYG000000241__gradient_L1_inulin_gapseq	1349	1496	414	bio1	0.452997	1.766165	7.248512
MGYG000000241__gradient_L2_fos_gapseq	1349	1496	414	bio1	0.452997	1.878071	6.971252
MGYG000000241__gradient_L3_gos_gapseq	1349	1496	414	bio1	0.452997	1.630902	7.270966
MGYG000000241__gradient_L4_xos_gapseq	1349	1496	414	bio1	0.452997	1.719581	6.926034
MGYG000000241__gradient_L5_pectin_gapseq	1349	1496	414	bio1	0.452997	1.695164	7.171759
MGYG000000241__gradient_L6_resistant_starch_gapseq	1349	1496	414	bio1	0.566249	1.707718	6.953230
MGYG000000241__gradient_L7_bglucan_gapseq	1349	1496	414	bio1	0.566249	1.572322	7.183198
MGYG000000241__gradient_L8_hmo_gapseq	1349	1496	414	bio1	0.566249	1.563083	7.200990
MGYG000000241__gradient_L9_mos_gapseq	1349	1496	414	bio1	0.717251	1.702451	6.978143
MGYG000000246__gradient_L0_base_gapseq	1535	1821	456	bio1	0.728723	1.898533	10.200127
MGYG000000246__gradient_L1_inulin_gapseq	1535	1821	456	bio1	0.958856	2.138582	9.982725
MGYG000000246__gradient_L2_fos_gapseq	1535	1821	456	bio1	0.958856	2.191001	10.052081
MGYG000000246__gradient_L3_gos_gapseq	1535	1821	456	bio1	1.171727	2.062306	10.211323
MGYG000000246__gradient_L4_xos_gapseq	1535	1821	456	bio1	1.171727	2.149432	9.883786
MGYG000000246__gradient_L5_pectin_gapseq	1535	1821	456	bio1	1.171727	2.066822	10.328660
MGYG000000246__gradient_L6_resistant_starch_gapseq	1535	1821	456	bio1	1.624946	2.095083	9.915177
MGYG000000246__gradient_L7_bglucan_gapseq	1535	1821	456	bio1	1.777493	2.207079	10.016194
MGYG000000246__gradient_L8_hmo_gapseq	1535	1821	456	bio1	1.777493	2.185467	10.040920
MGYG000000246__gradient_L9_mos_gapseq	1535	1821	456	bio1	1.883613	2.148973	10.044211
MGYG000000248__gradient_L0_base_gapseq	1352	1610	415	bio1	0.535837	1.893448	7.804311
MGYG000000248__gradient_L1_inulin_gapseq	1352	1610	415	bio1	0.728554	1.903041	7.675069
MGYG000000248__gradient_L2_fos_gapseq	1352	1610	415	bio1	0.728554	1.715960	7.942915
MGYG000000248__gradient_L3_gos_gapseq	1352	1610	415	bio1	0.933022	1.707943	7.627854
MGYG000000248__gradient_L4_xos_gapseq	1352	1610	415	bio1	1.031038	1.645828	7.766539
MGYG000000248__gradient_L5_pectin_gapseq	1352	1610	415	bio1	1.031038	1.798318	7.500557
MGYG000000248__gradient_L6_resistant_starch_gapseq	1352	1610	415	bio1	1.473904	1.773610	7.713860
MGYG000000248__gradient_L7_bglucan_gapseq	1352	1610	415	bio1	1.619219	1.683980	7.881733
MGYG000000248__gradient_L8_hmo_gapseq	1352	1610	415	bio1	1.619219	1.695650	7.760257
MGYG000000248__gradient_L9_mos_gapseq	1352	1610	415	bio1	1.711483	1.630498	7.607612
MGYG000000249__gradient_L0_base_gapseq	1405	1623	482	bio1	0.996483	1.732455	8.252613
MGYG000000249__gradient_L1_inulin_gapseq	1405	1623	482	bio1	1.278001	1.872513	8.260227
MGYG000000249__gradient_L2_fos_gapseq	1405	1623	482	bio1	1.278001	1.976635	8.147654
MGYG000000249__gradient_L3_gos_gapseq	1405	1623	482	bio1	1.561271	1.834805	8.209279
MGYG000000249__gradient_L4_xos_gapseq	1405	1623	482	bio1	1.631114	1.687865	8.279718
MGYG000000249__gradient_L5_pectin_gapseq	1405	1623	482	bio1	1.674708	1.758319	8.190553
MGYG000000249__gradient_L6_resistant_starch_gapseq	1405	1623	482	bio1	2.278657	1.731532	8.244946
MGYG000000249__gradient_L7_bglucan_gapseq	1405	1623	482	bio1	2.479973	1.839561	8.060126
MGYG000000249__gradient_L8_hmo_gapseq	1405	1623	482	bio1	2.479973	1.866772	8.082168
MGYG000000249__gradient_L9_mos_gapseq	1405	1623	482	bio1	2.479973	1.846017	8.124222
MGYG000000250__gradient_L0_base_gapseq	1449	1628	375	bio1	0.000000	1.900823	0.125806
MGYG000000250__gradient_L1_inulin_gapseq	1449	1628	375	bio1	0.000000	2.030662	0.116060
MGYG000000250__gradient_L2_fos_gapseq	1449	1628	375	bio1	0.000000	1.724990	0.102205
MGYG000000250__gradient_L3_gos_gapseq	1449	1628	375	bio1	0.000000	1.808383	0.113083
MGYG000000250__gradient_L4_xos_gapseq	1449	1628	375	bio1	0.874455	1.788574	8.117033
MGYG000000250__gradient_L5_pectin_gapseq	1449	1628	375	bio1	0.874455	1.729317	8.267118
MGYG000000250__gradient_L6_resistant_starch_gapseq	1449	1628	375	bio1	1.429585	1.664398	8.078799
MGYG000000250__gradient_L7_bglucan_gapseq	1449	1628	375	bio1	1.614860	1.862845	7.915558
MGYG000000250__gradient_L8_hmo_gapseq	1449	1628	375	bio1	1.614860	1.794603	8.016084
MGYG000000250__gradient_L9_mos_gapseq	1449	1628	375	bio1	1.614860	2.048804	8.093484
MGYG000000257__gradient_L0_base_gapseq	1165	1318	333	bio1	0.749695	1.361573	5.352840
MGYG000000257__gradient_L1_inulin_gapseq	1165	1318	333	bio1	1.040528	1.527645	5.575595
MGYG000000257__gradient_L2_fos_gapseq	1165	1318	333	bio1	1.040528	1.444839	5.494352
MGYG000000257__gradient_L3_gos_gapseq	1165	1318	333	bio1	1.335906	1.332242	5.356077
MGYG000000257__gradient_L4_xos_gapseq	1165	1318	333	bio1	1.335906	1.494609	5.532775
MGYG000000257__gradient_L5_pectin_gapseq	1165	1318	333	bio1	1.335906	1.382099	5.466725
MGYG000000257__gradient_L6_resistant_starch_gapseq	1165	1318	333	bio1	1.955753	1.342571	5.401619
MGYG000000257__gradient_L7_bglucan_gapseq	1165	1318	333	bio1	1.955753	1.462514	5.475351
MGYG000000257__gradient_L8_hmo_gapseq	1165	1318	333	bio1	1.955753	1.499840	5.642158
MGYG000000257__gradient_L9_mos_gapseq	1165	1318	333	bio1	2.098967	1.418371	5.359096
MGYG000000260__gradient_L0_base_gapseq	1066	1179	321	bio1	0.402733	1.161684	4.489498
MGYG000000260__gradient_L1_inulin_gapseq	1066	1179	321	bio1	0.498624	1.362931	4.415706
MGYG000000260__gradient_L2_fos_gapseq	1066	1179	321	bio1	0.498624	1.177333	4.449299
MGYG000000260__gradient_L3_gos_gapseq	1066	1179	321	bio1	0.671228	1.192144	4.312035
MGYG000000260__gradient_L4_xos_gapseq	1066	1179	321	bio1	0.671228	1.325930	4.502430
MGYG000000260__gradient_L5_pectin_gapseq	1066	1179	321	bio1	0.671228	1.244979	4.384678
MGYG000000260__gradient_L6_resistant_starch_gapseq	1066	1179	321	bio1	1.074817	1.422781	4.388321
MGYG000000260__gradient_L7_bglucan_gapseq	1066	1179	321	bio1	1.074817	1.187312	4.492729
MGYG000000260__gradient_L8_hmo_gapseq	1066	1179	321	bio1	1.074817	1.199685	4.391836
MGYG000000260__gradient_L9_mos_gapseq	1066	1179	321	bio1	1.168894	1.209395	4.609355
MGYG000000266__gradient_L0_base_gapseq	1159	1315	334	bio1	0.800235	1.340678	5.731904
MGYG000000266__gradient_L1_inulin_gapseq	1159	1315	334	bio1	1.093441	1.321866	5.380285
MGYG000000266__gradient_L2_fos_gapseq	1159	1315	334	bio1	1.093441	1.429806	5.426775
MGYG000000266__gradient_L3_gos_gapseq	1159	1315	334	bio1	1.388606	1.355877	5.750451
MGYG000000266__gradient_L4_xos_gapseq	1159	1315	334	bio1	1.388606	1.391944	5.511035
MGYG000000266__gradient_L5_pectin_gapseq	1159	1315	334	bio1	1.388606	1.437507	5.435307
MGYG000000266__gradient_L6_resistant_starch_gapseq	1159	1315	334	bio1	2.008004	1.333088	5.664728
MGYG000000266__gradient_L7_bglucan_gapseq	1159	1315	334	bio1	2.008004	1.322094	5.492479
MGYG000000266__gradient_L8_hmo_gapseq	1159	1315	334	bio1	2.008004	1.536337	5.514290
MGYG000000266__gradient_L9_mos_gapseq	1159	1315	334	bio1	2.151114	1.343624	5.686194
MGYG000000270__gradient_L0_base_gapseq	1180	1292	327	bio1	0.570189	1.365737	5.347035
MGYG000000270__gradient_L1_inulin_gapseq	1180	1292	327	bio1	0.684229	1.408719	5.212321
MGYG000000270__gradient_L2_fos_gapseq	1180	1292	327	bio1	0.684229	1.311433	5.278610
MGYG000000270__gradient_L3_gos_gapseq	1180	1292	327	bio1	0.912308	1.449691	5.425409
MGYG000000270__gradient_L4_xos_gapseq	1180	1292	327	bio1	0.955073	1.316210	5.500318
MGYG000000270__gradient_L5_pectin_gapseq	1180	1292	327	bio1	0.955073	1.320578	5.299158
MGYG000000270__gradient_L6_resistant_starch_gapseq	1180	1292	327	bio1	1.429639	1.465899	5.404476
MGYG000000270__gradient_L7_bglucan_gapseq	1180	1292	327	bio1	1.429639	1.330838	5.537021
MGYG000000270__gradient_L8_hmo_gapseq	1180	1292	327	bio1	1.429639	1.339532	5.257141
MGYG000000270__gradient_L9_mos_gapseq	1180	1292	327	bio1	1.540500	1.441101	5.224338
MGYG000000271__gradient_L0_base_gapseq	1467	1690	439	bio1	0.000000	1.863038	0.106794
MGYG000000271__gradient_L1_inulin_gapseq	1467	1690	439	bio1	0.000000	1.722222	0.106866
MGYG000000271__gradient_L2_fos_gapseq	1467	1690	439	bio1	0.000000	1.874751	0.108917
MGYG000000271__gradient_L3_gos_gapseq	1467	1690	439	bio1	1.170084	1.745246	9.023882
MGYG000000271__gradient_L4_xos_gapseq	1467	1690	439	bio1	1.240071	1.777108	8.932560
MGYG000000271__gradient_L5_pectin_gapseq	1467	1690	439	bio1	1.240071	1.759841	8.771405
MGYG000000271__gradient_L6_resistant_starch_gapseq	1467	1690	439	bio1	1.793405	1.758330	8.563379
MGYG000000271__gradient_L7_bglucan_gapseq	1467	1690	439	bio1	1.970560	1.864615	8.825870
MGYG000000271__gradient_L8_hmo_gapseq	1467	1690	439	bio1	2.101785	1.962716	8.872553
MGYG000000271__gradient_L9_mos_gapseq	1467	1690	439	bio1	2.189269	1.964482	8.703882
MGYG000000272__gradient_L0_base_gapseq	1302	1504	385	bio1	0.419905	1.577147	7.171243
MGYG000000272__gradient_L1_inulin_gapseq	1302	1504	385	bio1	0.520320	1.830682	7.022973
MGYG000000272__gradient_L2_fos_gapseq	1302	1504	385	bio1	0.520320	1.721802	6.950467
MGYG000000272__gradient_L3_gos_gapseq	1302	1504	385	bio1	0.595631	1.532831	7.045203
MGYG000000272__gradient_L4_xos_gapseq	1302	1504	385	bio1	0.657249	1.640188	6.956813
MGYG000000272__gradient_L5_pectin_gapseq	1302	1504	385	bio1	0.689199	1.713028	6.882136
MGYG000000272__gradient_L6_resistant_starch_gapseq	1302	1504	385	bio1	0.947082	1.749978	6.961643
MGYG000000272__gradient_L7_bglucan_gapseq	1302	1504	385	bio1	1.104550	1.672860	7.502651
MGYG000000272__gradient_L8_hmo_gapseq	1302	1504	385	bio1	1.104550	1.593278	6.930795
MGYG000000272__gradient_L9_mos_gapseq	1302	1504	385	bio1	1.204965	1.769478	6.959742
MGYG000000273__gradient_L0_base_gapseq	1477	1750	458	bio1	0.000000	2.027447	0.324407
MGYG000000273__gradient_L1_inulin_gapseq	1477	1750	458	bio1	0.000000	1.985214	0.118981
MGYG000000273__gradient_L2_fos_gapseq	1477	1750	458	bio1	0.000000	1.955264	0.122690
MGYG000000273__gradient_L3_gos_gapseq	1477	1750	458	bio1	1.602991	1.848965	9.540077
MGYG000000273__gradient_L4_xos_gapseq	1477	1750	458	bio1	1.611602	1.852467	9.183039
MGYG000000273__gradient_L5_pectin_gapseq	1477	1750	458	bio1	1.611602	2.055875	9.398419
MGYG000000273__gradient_L6_resistant_starch_gapseq	1477	1750	458	bio1	2.144944	1.972013	9.429196
MGYG000000273__gradient_L7_bglucan_gapseq	1477	1750	458	bio1	2.322957	2.077467	9.459789
MGYG000000273__gradient_L8_hmo_gapseq	1477	1750	458	bio1	2.322957	2.074121	9.283383
MGYG000000273__gradient_L9_mos_gapseq	1477	1750	458	bio1	2.433545	2.035854	9.378286
MGYG000000274__gradient_L0_base_gapseq	1434	1678	494	bio1	0.000000	1.932489	0.098376
MGYG000000274__gradient_L1_inulin_gapseq	1434	1678	494	bio1	0.000000	1.785958	0.106347
MGYG000000274__gradient_L2_fos_gapseq	1434	1678	494	bio1	0.000000	1.864550	0.117878
MGYG000000274__gradient_L3_gos_gapseq	1434	1678	494	bio1	1.686477	1.716397	8.574404
MGYG000000274__gradient_L4_xos_gapseq	1434	1678	494	bio1	1.863600	1.767031	8.408751
MGYG000000274__gradient_L5_pectin_gapseq	1434	1678	494	bio1	1.863600	1.988062	8.444095
MGYG000000274__gradient_L6_resistant_starch_gapseq	1434	1678	494	bio1	2.590846	1.974319	8.331446
MGYG000000274__gradient_L7_bglucan_gapseq	1434	1678	494	bio1	2.590846	2.179890	8.430860
MGYG000000274__gradient_L8_hmo_gapseq	1434	1678	494	bio1	2.590846	1.882160	8.368673
MGYG000000274__gradient_L9_mos_gapseq	1434	1678	494	bio1	2.590846	1.780629	8.669058
MGYG000000275__gradient_L0_base_gapseq	1167	1277	331	bio1	0.759900	1.441820	5.072316
MGYG000000275__gradient_L1_inulin_gapseq	1167	1277	331	bio1	0.907724	1.348684	5.180263
MGYG000000275__gradient_L2_fos_gapseq	1167	1277	331	bio1	0.907724	1.352346	5.124098
MGYG000000275__gradient_L3_gos_gapseq	1167	1277	331	bio1	1.204792	1.464771	5.165039
MGYG000000275__gradient_L4_xos_gapseq	1167	1277	331	bio1	1.204792	1.322675	5.064688
MGYG000000275__gradient_L5_pectin_gapseq	1167	1277	331	bio1	1.204792	1.583174	5.074337
MGYG000000275__gradient_L6_resistant_starch_gapseq	1167	1277	331	bio1	1.821669	1.340780	5.465301
MGYG000000275__gradient_L7_bglucan_gapseq	1167	1277	331	bio1	1.821669	1.315409	5.204548
MGYG000000275__gradient_L8_hmo_gapseq	1167	1277	331	bio1	1.821669	1.416862	5.149145
MGYG000000275__gradient_L9_mos_gapseq	1167	1277	331	bio1	1.964196	1.339960	5.274345
MGYG000000279__gradient_L0_base_gapseq	1299	1421	333	bio1	0.427779	1.626129	6.443986
MGYG000000279__gradient_L1_inulin_gapseq	1299	1421	333	bio1	0.557482	1.500343	6.756104
MGYG000000279__gradient_L2_fos_gapseq	1299	1421	333	bio1	0.557482	1.533102	6.396127
MGYG000000279__gradient_L3_gos_gapseq	1299	1421	333	bio1	0.557482	1.654618	6.459885
MGYG000000279__gradient_L4_xos_gapseq	1299	1421	333	bio1	0.557482	1.688003	6.422243
MGYG000000279__gradient_L5_pectin_gapseq	1299	1421	333	bio1	0.557482	1.470522	6.814946
MGYG000000279__gradient_L6_resistant_starch_gapseq	1299	1421	333	bio1	0.557482	1.518658	6.525126
MGYG000000279__gradient_L7_bglucan_gapseq	1299	1421	333	bio1	0.557482	1.557607	6.432594
MGYG000000279__gradient_L8_hmo_gapseq	1299	1421	333	bio1	0.557482	1.509595	6.532510
MGYG000000279__gradient_L9_mos_gapseq	1299	1421	333	bio1	0.557482	1.581686	6.365685
MGYG000000281__gradient_L0_base_gapseq	1509	1734	550	bio1	0.000000	2.087236	0.123072
MGYG000000281__gradient_L1_inulin_gapseq	1509	1734	550	bio1	0.000000	1.905441	0.115606
MGYG000000281__gradient_L2_fos_gapseq	1509	1734	550	bio1	0.000000	1.790801	0.121724
MGYG000000281__gradient_L3_gos_gapseq	1509	1734	550	bio1	1.567308	1.988304	8.853599
MGYG000000281__gradient_L4_xos_gapseq	1509	1734	550	bio1	1.719831	2.136503	9.039495
MGYG000000281__gradient_L5_pectin_gapseq	1509	1734	550	bio1	1.719831	2.217056	9.000225
MGYG000000281__gradient_L6_resistant_starch_gapseq	1509	1734	550	bio1	2.466379	1.894965	9.191686
MGYG000000281__gradient_L7_bglucan_gapseq	1509	1734	550	bio1	2.716654	1.823958	9.231702
MGYG000000281__gradient_L8_hmo_gapseq	1509	1734	550	bio1	2.716654	1.801733	9.106872
MGYG000000281__gradient_L9_mos_gapseq	1509	1734	550	bio1	2.853557	1.845928	8.991716
MGYG000000282__gradient_L0_base_gapseq	1499	1625	364	bio1	0.000000	1.769638	0.093232
MGYG000000282__gradient_L1_inulin_gapseq	1499	1625	364	bio1	0.000000	1.801564	0.099062
MGYG000000282__gradient_L2_fos_gapseq	1499	1625	364	bio1	0.000000	1.677017	0.095007
MGYG000000282__gradient_L3_gos_gapseq	1499	1625	364	bio1	0.978363	1.838898	8.122260
MGYG000000282__gradient_L4_xos_gapseq	1499	1625	364	bio1	1.051919	1.918528	8.066101
MGYG000000282__gradient_L5_pectin_gapseq	1499	1625	364	bio1	1.051919	1.861408	8.328945
MGYG000000282__gradient_L6_resistant_starch_gapseq	1499	1625	364	bio1	1.660237	1.718026	8.356871
MGYG000000282__gradient_L7_bglucan_gapseq	1499	1625	364	bio1	1.864474	1.679255	8.197514
MGYG000000282__gradient_L8_hmo_gapseq	1499	1625	364	bio1	1.864474	1.737867	8.196775
MGYG000000282__gradient_L9_mos_gapseq	1499	1625	364	bio1	1.864474	1.910132	8.145038
MGYG000000284__gradient_L0_base_gapseq	1494	1793	594	bio1	0.000000	2.068407	0.136037
MGYG000000284__gradient_L1_inulin_gapseq	1494	1793	594	bio1	0.000000	1.901224	0.113178
MGYG000000284__gradient_L2_fos_gapseq	1494	1793	594	bio1	0.000000	1.982293	0.129467
MGYG000000284__gradient_L3_gos_gapseq	1494	1793	594	bio1	0.000000	1.842465	0.118374
MGYG000000284__gradient_L4_xos_gapseq	1494	1793	594	bio1	0.000000	2.171101	0.131443
MGYG000000284__gradient_L5_pectin_gapseq	1494	1793	594	bio1	0.000000	2.138173	0.125552
MGYG000000284__gradient_L6_resistant_starch_gapseq	1494	1793	594	bio1	2.276100	1.867150	10.416664
MGYG000000284__gradient_L7_bglucan_gapseq	1494	1793	594	bio1	2.276100	1.879115	9.937613
MGYG000000284__gradient_L8_hmo_gapseq	1494	1793	594	bio1	2.276100	1.885400	9.773667
MGYG000000284__gradient_L9_mos_gapseq	1494	1793	594	bio1	2.276100	2.130386	9.987453
MGYG000000288__gradient_L0_base_gapseq	1137	1273	308	bio1	0.729892	1.271521	5.289667
MGYG000000288__gradient_L1_inulin_gapseq	1137	1273	308	bio1	1.019580	1.537078	5.180379
MGYG000000288__gradient_L2_fos_gapseq	1137	1273	308	bio1	1.019580	1.340057	5.443053
MGYG000000288__gradient_L3_gos_gapseq	1137	1273	308	bio1	1.313436	1.289350	5.122623
MGYG000000288__gradient_L4_xos_gapseq	1137	1273	308	bio1	1.348994	1.437155	5.235061
MGYG000000288__gradient_L5_pectin_gapseq	1137	1273	308	bio1	1.348994	1.289588	5.283578
MGYG000000288__gradient_L6_resistant_starch_gapseq	1137	1273	308	bio1	1.982340	1.267596	5.244098
MGYG000000288__gradient_L7_bglucan_gapseq	1137	1273	308	bio1	1.982340	1.450159	5.236007
MGYG000000288__gradient_L8_hmo_gapseq	1137	1273	308	bio1	1.982340	1.317299	5.104909
MGYG000000288__gradient_L9_mos_gapseq	1137	1273	308	bio1	2.128673	1.469947	5.135070
MGYG000000296__gradient_L0_base_gapseq	1300	1444	299	bio1	0.000000	1.489152	0.081125
MGYG000000296__gradient_L1_inulin_gapseq	1300	1444	299	bio1	0.000000	1.491568	0.095062
MGYG000000296__gradient_L2_fos_gapseq	1300	1444	299	bio1	0.000000	1.705755	0.078276
MGYG000000296__gradient_L3_gos_gapseq	1300	1444	299	bio1	1.021753	1.461298	6.627142
MGYG000000296__gradient_L4_xos_gapseq	1300	1444	299	bio1	1.063176	1.497636	6.745242
MGYG000000296__gradient_L5_pectin_gapseq	1300	1444	299	bio1	1.063176	1.644796	6.514517
MGYG000000296__gradient_L6_resistant_starch_gapseq	1300	1444	299	bio1	1.562551	1.570612	6.494199
MGYG000000296__gradient_L7_bglucan_gapseq	1300	1444	299	bio1	1.562551	1.451050	6.652857
MGYG000000296__gradient_L8_hmo_gapseq	1300	1444	299	bio1	1.562551	1.667315	6.571183
MGYG000000296__gradient_L9_mos_gapseq	1300	1444	299	bio1	1.562551	1.627133	6.489982
MGYG000000301__gradient_L0_base_gapseq	1351	1564	424	bio1	0.000000	1.840957	0.090555
MGYG000000301__gradient_L1_inulin_gapseq	1351	1564	424	bio1	0.000000	1.807169	0.104047
MGYG000000301__gradient_L2_fos_gapseq	1351	1564	424	bio1	0.000000	1.755100	0.098464
MGYG000000301__gradient_L3_gos_gapseq	1351	1564	424	bio1	1.093842	1.603905	7.627792
MGYG000000301__gradient_L4_xos_gapseq	1351	1564	424	bio1	1.139876	1.861419	7.508381
MGYG000000301__gradient_L5_pectin_gapseq	1351	1564	424	bio1	1.139876	1.837302	7.448643
MGYG000000301__gradient_L6_resistant_starch_gapseq	1351	1564	424	bio1	1.743775	1.837076	7.706267
MGYG000000301__gradient_L7_bglucan_gapseq	1351	1564	424	bio1	1.743775	1.697757	7.633900
MGYG000000301__gradient_L8_hmo_gapseq	1351	1564	424	bio1	1.743775	1.578474	7.719681
MGYG000000301__gradient_L9_mos_gapseq	1351	1564	424	bio1	1.743775	1.922148	7.686456
MGYG000000303__gradient_L0_base_gapseq	1289	1525	328	bio1	0.000000	1.572770	0.086215
MGYG000000303__gradient_L1_inulin_gapseq	1289	1525	328	bio1	0.000000	1.767814	0.094415
MGYG000000303__gradient_L2_fos_gapseq	1289	1525	328	bio1	0.000000	1.582742	0.086059
MGYG000000303__gradient_L3_gos_gapseq	1289	1525	328	bio1	0.707193	1.626086	6.951900
MGYG000000303__gradient_L4_xos_gapseq	1289	1525	328	bio1	0.770884	1.802308	7.137620
MGYG000000303__gradient_L5_pectin_gapseq	1289	1525	328	bio1	0.770884	1.520074	7.252687
MGYG000000303__gradient_L6_resistant_starch_gapseq	1289	1525	328	bio1	1.287487	1.585725	7.268339
MGYG000000303__gradient_L7_bglucan_gapseq	1289	1525	328	bio1	1.287487	1.596181	7.131436
MGYG000000303__gradient_L8_hmo_gapseq	1289	1525	328	bio1	1.287487	1.620397	7.027087
MGYG000000303__gradient_L9_mos_gapseq	1289	1525	328	bio1	1.391279	1.553736	7.044334
MGYG000000305__gradient_L0_base_gapseq	1104	1191	235	bio1	0.047515	1.225409	4.527794
MGYG000000305__gradient_L1_inulin_gapseq	1104	1191	235	bio1	0.047515	1.224865	4.938250
MGYG000000305__gradient_L2_fos_gapseq	1104	1191	235	bio1	0.047515	1.209981	4.697600
MGYG000000305__gradient_L3_gos_gapseq	1104	1191	235	bio1	0.126301	1.452600	4.527670
MGYG000000305__gradient_L4_xos_gapseq	1104	1191	235	bio1	0.126301	1.217948	4.554670
MGYG000000305__gradient_L5_pectin_gapseq	1104	1191	235	bio1	0.126301	1.431852	4.804789
MGYG000000305__gradient_L6_resistant_starch_gapseq	1104	1191	235	bio1	0.227333	1.345319	4.808998
MGYG000000305__gradient_L7_bglucan_gapseq	1104	1191	235	bio1	0.378894	1.186632	4.658626
MGYG000000305__gradient_L8_hmo_gapseq	1104	1191	235	bio1	0.378894	1.191834	4.687028
MGYG000000305__gradient_L9_mos_gapseq	1104	1191	235	bio1	0.479935	1.173766	4.533350
MGYG000000309__gradient_L0_base_gapseq	1169	1301	312	bio1	0.798368	1.509128	5.232364
MGYG000000309__gradient_L1_inulin_gapseq	1169	1301	312	bio1	1.090981	1.377639	5.369526
MGYG000000309__gradient_L2_fos_gapseq	1169	1301	312	bio1	1.090981	1.493931	5.267904
MGYG000000309__gradient_L3_gos_gapseq	1169	1301	312	bio1	1.305163	1.350565	5.338384
MGYG000000309__gradient_L4_xos_gapseq	1169	1301	312	bio1	1.305163	1.345236	5.361973
MGYG000000309__gradient_L5_pectin_gapseq	1169	1301	312	bio1	1.305163	1.503580	5.389969
MGYG000000309__gradient_L6_resistant_starch_gapseq	1169	1301	312	bio1	1.923168	1.376449	5.440638
MGYG000000309__gradient_L7_bglucan_gapseq	1169	1301	312	bio1	2.130657	1.367487	5.196660
MGYG000000309__gradient_L8_hmo_gapseq	1169	1301	312	bio1	2.130657	1.402843	5.285167
MGYG000000309__gradient_L9_mos_gapseq	1169	1301	312	bio1	2.273445	1.364745	5.387228
MGYG000000319__gradient_L0_base_gapseq	1140	1260	304	bio1	0.665692	1.322441	5.317112
MGYG000000319__gradient_L1_inulin_gapseq	1140	1260	304	bio1	0.857902	1.324975	4.976105
MGYG000000319__gradient_L2_fos_gapseq	1140	1260	304	bio1	0.857902	1.325447	5.085745
MGYG000000319__gradient_L3_gos_gapseq	1140	1260	304	bio1	1.047578	1.299752	4.916744
MGYG000000319__gradient_L4_xos_gapseq	1140	1260	304	bio1	1.047578	1.480573	5.215267
MGYG000000319__gradient_L5_pectin_gapseq	1140	1260	304	bio1	1.047578	1.386117	5.093515
MGYG000000319__gradient_L6_resistant_starch_gapseq	1140	1260	304	bio1	1.443646	1.255775	4.921016
MGYG000000319__gradient_L7_bglucan_gapseq	1140	1260	304	bio1	1.443646	1.405513	4.983747
MGYG000000319__gradient_L8_hmo_gapseq	1140	1260	304	bio1	1.443646	1.316700	4.940410
MGYG000000319__gradient_L9_mos_gapseq	1140	1260	304	bio1	1.443646	1.430610	4.997458
MGYG000000322__gradient_L0_base_gapseq	1371	1580	411	bio1	0.000000	1.793946	0.096027
MGYG000000322__gradient_L1_inulin_gapseq	1371	1580	411	bio1	0.000000	1.720732	0.092735
MGYG000000322__gradient_L2_fos_gapseq	1371	1580	411	bio1	0.000000	1.586004	0.101446
MGYG000000322__gradient_L3_gos_gapseq	1371	1580	411	bio1	1.366314	1.811470	7.607009
MGYG000000322__gradient_L4_xos_gapseq	1371	1580	411	bio1	1.366314	1.820535	7.674445
MGYG000000322__gradient_L5_pectin_gapseq	1371	1580	411	bio1	1.366314	1.655951	7.985703
MGYG000000322__gradient_L6_resistant_starch_gapseq	1371	1580	411	bio1	2.090402	1.669459	7.783984
MGYG000000322__gradient_L7_bglucan_gapseq	1371	1580	411	bio1	2.276100	1.630985	7.518451
MGYG000000322__gradient_L8_hmo_gapseq	1371	1580	411	bio1	2.276100	1.806717	7.613074
MGYG000000322__gradient_L9_mos_gapseq	1371	1580	411	bio1	2.276100	1.733877	7.566734
MGYG000000323__gradient_L0_base_gapseq	1675	2031	645	bio1	0.974852	2.357355	12.328547
MGYG000000323__gradient_L1_inulin_gapseq	1675	2031	645	bio1	1.194024	2.514855	12.756002
MGYG000000323__gradient_L2_fos_gapseq	1675	2031	645	bio1	1.194024	2.178821	12.569114
MGYG000000323__gradient_L3_gos_gapseq	1675	2031	645	bio1	1.385581	2.179601	12.675640
MGYG000000323__gradient_L4_xos_gapseq	1675	2031	645	bio1	1.426628	2.178068	12.571056
MGYG000000323__gradient_L5_pectin_gapseq	1675	2031	645	bio1	1.458555	2.177937	12.989803
MGYG000000323__gradient_L6_resistant_starch_gapseq	1675	2031	645	bio1	1.953408	2.226864	12.787812
MGYG000000323__gradient_L7_bglucan_gapseq	1675	2031	645	bio1	1.953408	2.334161	12.798887
MGYG000000323__gradient_L8_hmo_gapseq	1675	2031	645	bio1	1.953408	2.373457	12.480057
MGYG000000323__gradient_L9_mos_gapseq	1675	2031	645	bio1	2.062869	2.383056	12.749686
MGYG000000330__gradient_L0_base_gapseq	1564	1860	490	bio1	0.501493	2.136051	10.414829
MGYG000000330__gradient_L1_inulin_gapseq	1564	1860	490	bio1	0.577191	2.373895	10.770779
MGYG000000330__gradient_L2_fos_gapseq	1564	1860	490	bio1	0.577191	2.143981	10.462771
MGYG000000330__gradient_L3_gos_gapseq	1564	1860	490	bio1	0.740416	2.130624	10.590298
MGYG000000330__gradient_L4_xos_gapseq	1564	1860	490	bio1	0.839771	2.181567	10.551784
MGYG000000330__gradient_L5_pectin_gapseq	1564	1860	490	bio1	0.839771	2.150062	10.598786
MGYG000000330__gradient_L6_resistant_starch_gapseq	1564	1860	490	bio1	1.204797	2.077200	10.848403
MGYG000000330__gradient_L7_bglucan_gapseq	1564	1860	490	bio1	1.323188	2.073964	10.601167
MGYG000000330__gradient_L8_hmo_gapseq	1564	1860	490	bio1	1.323188	2.148211	10.757003
MGYG000000330__gradient_L9_mos_gapseq	1564	1860	490	bio1	1.323188	2.264954	10.612338
MGYG000000331__gradient_L0_base_gapseq	1165	1302	318	bio1	0.761847	1.308884	5.642706
MGYG000000331__gradient_L1_inulin_gapseq	1165	1302	318	bio1	1.056824	1.397366	5.499201
MGYG000000331__gradient_L2_fos_gapseq	1165	1302	318	bio1	1.056824	1.476620	5.443068
MGYG000000331__gradient_L3_gos_gapseq	1165	1302	318	bio1	1.352379	1.316152	5.529888
MGYG000000331__gradient_L4_xos_gapseq	1165	1302	318	bio1	1.352379	1.329330	5.363800
MGYG000000331__gradient_L5_pectin_gapseq	1165	1302	318	bio1	1.352379	1.375867	5.443724
MGYG000000331__gradient_L6_resistant_starch_gapseq	1165	1302	318	bio1	1.972598	1.298121	5.349482
MGYG000000331__gradient_L7_bglucan_gapseq	1165	1302	318	bio1	1.972598	1.506719	5.237404
MGYG000000331__gradient_L8_hmo_gapseq	1165	1302	318	bio1	1.972598	1.332188	5.543627
MGYG000000331__gradient_L9_mos_gapseq	1165	1302	318	bio1	2.115897	1.332514	5.434305
MGYG000000337__gradient_L0_base_gapseq	1929	2341	750	bio1	0.938823	2.621761	17.018765
MGYG000000337__gradient_L1_inulin_gapseq	1929	2341	750	bio1	1.169921	2.522813	16.649751
MGYG000000337__gradient_L2_fos_gapseq	1929	2341	750	bio1	1.169921	2.549451	16.588410
MGYG000000337__gradient_L3_gos_gapseq	1929	2341	750	bio1	1.393796	2.524082	16.526416
MGYG000000337__gradient_L4_xos_gapseq	1929	2341	750	bio1	1.437127	2.692601	16.498678
MGYG000000337__gradient_L5_pectin_gapseq	1929	2341	750	bio1	1.437127	2.596038	16.714875
MGYG000000337__gradient_L6_resistant_starch_gapseq	1929	2341	750	bio1	1.747664	2.618916	16.689970
MGYG000000337__gradient_L7_bglucan_gapseq	1929	2341	750	bio1	1.747664	2.563787	16.699801
MGYG000000337__gradient_L8_hmo_gapseq	1929	2341	750	bio1	1.747664	2.551474	16.616454
MGYG000000337__gradient_L9_mos_gapseq	1929	2341	750	bio1	1.863213	2.638784	16.672881
MGYG000000354__gradient_L0_base_gapseq	1162	1358	293	bio1	0.240673	1.347558	6.304204
MGYG000000354__gradient_L1_inulin_gapseq	1162	1358	293	bio1	0.401197	1.421721	5.821664
MGYG000000354__gradient_L2_fos_gapseq	1162	1358	293	bio1	0.401197	1.502488	5.905601
MGYG000000354__gradient_L3_gos_gapseq	1162	1358	293	bio1	0.401197	1.359621	5.933526
MGYG000000354__gradient_L4_xos_gapseq	1162	1358	293	bio1	0.401197	1.357549	5.839363
MGYG000000354__gradient_L5_pectin_gapseq	1162	1358	293	bio1	0.401197	1.488402	5.807320
MGYG000000354__gradient_L6_resistant_starch_gapseq	1162	1358	293	bio1	0.766640	1.374964	5.955713
MGYG000000354__gradient_L7_bglucan_gapseq	1162	1358	293	bio1	0.766640	1.358175	5.969890
MGYG000000354__gradient_L8_hmo_gapseq	1162	1358	293	bio1	0.766640	1.428617	5.862705
MGYG000000354__gradient_L9_mos_gapseq	1162	1358	293	bio1	0.888577	1.370694	6.134899
MGYG000000357__gradient_L0_base_gapseq	1171	1314	301	bio1	0.297874	1.513590	5.363314
MGYG000000357__gradient_L1_inulin_gapseq	1171	1314	301	bio1	0.395683	1.313463	5.467435
MGYG000000357__gradient_L2_fos_gapseq	1171	1314	301	bio1	0.395683	1.347417	5.198881
MGYG000000357__gradient_L3_gos_gapseq	1171	1314	301	bio1	0.622423	1.496809	5.165405
MGYG000000357__gradient_L4_xos_gapseq	1171	1314	301	bio1	0.635532	1.360167	5.422737
MGYG000000357__gradient_L5_pectin_gapseq	1171	1314	301	bio1	0.635532	1.351651	5.181743
MGYG000000357__gradient_L6_resistant_starch_gapseq	1171	1314	301	bio1	0.721001	1.439589	5.168767
MGYG000000357__gradient_L7_bglucan_gapseq	1171	1314	301	bio1	0.853429	1.327021	5.228741
MGYG000000357__gradient_L8_hmo_gapseq	1171	1314	301	bio1	0.853429	1.485695	5.222604
MGYG000000357__gradient_L9_mos_gapseq	1171	1314	301	bio1	0.935829	1.337772	5.337101
MGYG000000358__gradient_L0_base_gapseq	1026	1033	184	bio1	0.000000	1.093284	0.051852
MGYG000000358__gradient_L1_inulin_gapseq	1026	1033	184	bio1	1.049006	1.278713	3.359930
MGYG000000358__gradient_L2_fos_gapseq	1026	1033	184	bio1	1.049006	1.103549	3.316429
MGYG000000358__gradient_L3_gos_gapseq	1026	1033	184	bio1	1.151926	1.167170	3.479035
MGYG000000358__gradient_L4_xos_gapseq	1026	1033	184	bio1	1.151926	1.022974	3.412810
MGYG000000358__gradient_L5_pectin_gapseq	1026	1033	184	bio1	1.151926	1.227597	3.384807
MGYG000000358__gradient_L6_resistant_starch_gapseq	1026	1033	184	bio1	1.298300	1.094627	3.449825
MGYG000000358__gradient_L7_bglucan_gapseq	1026	1033	184	bio1	1.298300	1.186542	3.347729
MGYG000000358__gradient_L8_hmo_gapseq	1026	1033	184	bio1	1.298300	1.123551	3.386687
MGYG000000358__gradient_L9_mos_gapseq	1026	1033	184	bio1	1.298300	1.172996	3.392446
MGYG000000363__gradient_L0_base_gapseq	1240	1313	222	bio1	0.000000	1.362694	0.064794
MGYG000000363__gradient_L1_inulin_gapseq	1240	1313	222	bio1	0.000000	1.433175	0.077723
MGYG000000363__gradient_L2_fos_gapseq	1240	1313	222	bio1	0.000000	1.333813	0.066978
MGYG000000363__gradient_L3_gos_gapseq	1240	1313	222	bio1	0.352164	1.336054	5.631314
MGYG000000363__gradient_L4_xos_gapseq	1240	1313	222	bio1	0.352164	1.390387	5.455609
MGYG000000363__gradient_L5_pectin_gapseq	1240	1313	222	bio1	0.352164	1.458609	5.437936
MGYG000000363__gradient_L6_resistant_starch_gapseq	1240	1313	222	bio1	0.730044	1.325860	5.497186
MGYG000000363__gradient_L7_bglucan_gapseq	1240	1313	222	bio1	0.730044	1.365536	5.410602
MGYG000000363__gradient_L8_hmo_gapseq	1240	1313	222	bio1	0.730044	1.434228	5.527325
MGYG000000363__gradient_L9_mos_gapseq	1240	1313	222	bio1	0.771174	1.416526	5.577515
MGYG000000364__gradient_L0_base_gapseq	1319	1487	386	bio1	0.000000	1.669913	0.074275
MGYG000000364__gradient_L1_inulin_gapseq	1319	1487	386	bio1	0.000000	1.524130	0.087558
MGYG000000364__gradient_L2_fos_gapseq	1319	1487	386	bio1	0.000000	1.720132	0.078673
MGYG000000364__gradient_L3_gos_gapseq	1319	1487	386	bio1	0.567272	1.574400	6.931980
MGYG000000364__gradient_L4_xos_gapseq	1319	1487	386	bio1	0.567272	1.576847	6.796291
MGYG000000364__gradient_L5_pectin_gapseq	1319	1487	386	bio1	0.567272	1.705390	6.827222
MGYG000000364__gradient_L6_resistant_starch_gapseq	1319	1487	386	bio1	1.017450	1.748734	6.772499
MGYG000000364__gradient_L7_bglucan_gapseq	1319	1487	386	bio1	1.176284	1.641134	7.138411
MGYG000000364__gradient_L8_hmo_gapseq	1319	1487	386	bio1	1.176284	1.534355	6.802420
MGYG000000364__gradient_L9_mos_gapseq	1319	1487	386	bio1	1.249946	1.695387	6.841067
MGYG000000373__gradient_L0_base_gapseq	1232	1314	277	bio1	0.000000	1.386731	0.068897
MGYG000000373__gradient_L1_inulin_gapseq	1232	1314	277	bio1	0.000000	1.385941	0.061440
MGYG000000373__gradient_L2_fos_gapseq	1232	1314	277	bio1	0.000000	1.524782	0.064953
MGYG000000373__gradient_L3_gos_gapseq	1232	1314	277	bio1	0.129612	1.440823	5.475954
MGYG000000373__gradient_L4_xos_gapseq	1232	1314	277	bio1	0.130074	1.429869	5.312739
MGYG000000373__gradient_L5_pectin_gapseq	1232	1314	277	bio1	0.147724	1.555859	5.349696
MGYG000000373__gradient_L6_resistant_starch_gapseq	1232	1314	277	bio1	0.161153	1.383555	5.291543
MGYG000000373__gradient_L7_bglucan_gapseq	1232	1314	277	bio1	0.169079	1.616755	5.574827
MGYG000000373__gradient_L8_hmo_gapseq	1232	1314	277	bio1	0.169079	1.516243	5.354975
MGYG000000373__gradient_L9_mos_gapseq	1232	1314	277	bio1	0.169079	1.397916	5.364153
MGYG000000375__gradient_L0_base_gapseq	975	924	131	bio1	0.000000	0.926016	0.033402
MGYG000000375__gradient_L1_inulin_gapseq	975	924	131	bio1	0.000000	1.136063	0.042219
MGYG000000375__gradient_L2_fos_gapseq	975	924	131	bio1	0.000000	0.973874	0.048710
MGYG000000375__gradient_L3_gos_gapseq	975	924	131	bio1	0.000000	0.948091	0.038304
MGYG000000375__gradient_L4_xos_gapseq	975	924	131	bio1	0.000000	0.994521	0.183766
MGYG000000375__gradient_L5_pectin_gapseq	975	924	131	bio1	0.000000	0.992963	0.041046
MGYG000000375__gradient_L6_resistant_starch_gapseq	975	924	131	bio1	0.000000	0.950014	0.040478
MGYG000000375__gradient_L7_bglucan_gapseq	975	924	131	bio1	0.000000	0.956846	0.044242
MGYG000000375__gradient_L8_hmo_gapseq	975	924	131	bio1	0.000000	1.100628	0.043375
MGYG000000375__gradient_L9_mos_gapseq	975	924	131	bio1	0.000000	0.960314	0.045780
MGYG000000377__gradient_L0_base_gapseq	1297	1414	332	bio1	0.000000	1.526870	0.218734
MGYG000000377__gradient_L1_inulin_gapseq	1297	1414	332	bio1	0.000000	1.565808	0.080596
MGYG000000377__gradient_L2_fos_gapseq	1297	1414	332	bio1	0.000000	1.493444	0.098923
MGYG000000377__gradient_L3_gos_gapseq	1297	1414	332	bio1	0.000000	1.678663	0.092550
MGYG000000377__gradient_L4_xos_gapseq	1297	1414	332	bio1	0.621660	1.554420	6.446675
MGYG000000377__gradient_L5_pectin_gapseq	1297	1414	332	bio1	0.621660	1.525905	6.202494
MGYG000000377__gradient_L6_resistant_starch_gapseq	1297	1414	332	bio1	0.748370	1.709893	6.232371
MGYG000000377__gradient_L7_bglucan_gapseq	1297	1414	332	bio1	0.930362	1.675973	6.215819
MGYG000000377__gradient_L8_hmo_gapseq	1297	1414	332	bio1	0.930362	1.512982	6.512234
MGYG000000377__gradient_L9_mos_gapseq	1297	1414	332	bio1	0.930362	1.555668	6.343404
MGYG000000386__gradient_L0_base_gapseq	1092	1144	242	bio1	0.000000	1.157321	0.056183
MGYG000000386__gradient_L1_inulin_gapseq	1092	1144	242	bio1	0.000000	1.329695	0.057912
MGYG000000386__gradient_L2_fos_gapseq	1092	1144	242	bio1	0.000000	1.153932	0.044508
MGYG000000386__gradient_L3_gos_gapseq	1092	1144	242	bio1	0.000000	1.153112	0.054592
MGYG000000386__gradient_L4_xos_gapseq	1092	1144	242	bio1	0.000000	1.320860	0.051326
MGYG000000386__gradient_L5_pectin_gapseq	1092	1144	242	bio1	0.000000	1.146306	0.054248
MGYG000000386__gradient_L6_resistant_starch_gapseq	1092	1144	242	bio1	0.461282	1.285955	4.119045
MGYG000000386__gradient_L7_bglucan_gapseq	1092	1144	242	bio1	0.574715	1.170051	4.093176
MGYG000000386__gradient_L8_hmo_gapseq	1092	1144	242	bio1	0.574715	1.488952	4.349208
MGYG000000386__gradient_L9_mos_gapseq	1092	1144	242	bio1	0.582451	1.241087	4.176964
MGYG000000389__gradient_L0_base_gapseq	1402	1631	434	bio1	0.000000	1.690923	0.091638
MGYG000000389__gradient_L1_inulin_gapseq	1402	1631	434	bio1	0.000000	1.785750	0.100130
MGYG000000389__gradient_L2_fos_gapseq	1402	1631	434	bio1	0.000000	1.659423	0.088601
MGYG000000389__gradient_L3_gos_gapseq	1402	1631	434	bio1	0.580636	1.846109	8.150898
MGYG000000389__gradient_L4_xos_gapseq	1402	1631	434	bio1	0.620989	2.064492	8.221174
MGYG000000389__gradient_L5_pectin_gapseq	1402	1631	434	bio1	0.620989	1.847691	8.200763
MGYG000000389__gradient_L6_resistant_starch_gapseq	1402	1631	434	bio1	1.029085	1.742004	8.455793
MGYG000000389__gradient_L7_bglucan_gapseq	1402	1631	434	bio1	1.170572	1.715920	8.231735
MGYG000000389__gradient_L8_hmo_gapseq	1402	1631	434	bio1	1.170572	1.696908	8.035208
MGYG000000389__gradient_L9_mos_gapseq	1402	1631	434	bio1	1.233537	1.798293	8.292847
MGYG000000391__gradient_L0_base_gapseq	809	855	174	bio1	0.389554	0.988333	2.386630
MGYG000000391__gradient_L1_inulin_gapseq	809	855	174	bio1	0.676127	0.832792	2.427236
MGYG000000391__gradient_L2_fos_gapseq	809	855	174	bio1	0.676127	0.879235	2.723032
MGYG000000391__gradient_L3_gos_gapseq	809	855	174	bio1	0.944791	0.849268	2.473166
MGYG000000391__gradient_L4_xos_gapseq	809	855	174	bio1	0.944791	0.829994	2.444682
MGYG000000391__gradient_L5_pectin_gapseq	809	855	174	bio1	0.976134	0.961176	2.367409
MGYG000000391__gradient_L6_resistant_starch_gapseq	809	855	174	bio1	1.531457	0.832522	2.405902
MGYG000000391__gradient_L7_bglucan_gapseq	809	855	174	bio1	1.531457	0.808628	2.412630
MGYG000000391__gradient_L8_hmo_gapseq	809	855	174	bio1	1.531457	0.938399	2.435629
MGYG000000391__gradient_L9_mos_gapseq	809	855	174	bio1	1.531457	0.798692	2.544107
MGYG000000398__gradient_L0_base_gapseq	1515	1668	402	bio1	0.000000	1.808902	0.104466
MGYG000000398__gradient_L1_inulin_gapseq	1515	1668	402	bio1	0.000000	2.038351	0.101444
MGYG000000398__gradient_L2_fos_gapseq	1515	1668	402	bio1	0.000000	1.879514	0.112275
MGYG000000398__gradient_L3_gos_gapseq	1515	1668	402	bio1	0.975661	1.953898	8.272261
MGYG000000398__gradient_L4_xos_gapseq	1515	1668	402	bio1	0.975661	1.915490	8.407573
MGYG000000398__gradient_L5_pectin_gapseq	1515	1668	402	bio1	0.975661	1.976888	8.416047
MGYG000000398__gradient_L6_resistant_starch_gapseq	1515	1668	402	bio1	1.565030	1.741303	8.503050
MGYG000000398__gradient_L7_bglucan_gapseq	1515	1668	402	bio1	1.762518	1.790447	8.575373
MGYG000000398__gradient_L8_hmo_gapseq	1515	1668	402	bio1	1.762518	1.871599	8.705812
MGYG000000398__gradient_L9_mos_gapseq	1515	1668	402	bio1	1.762518	1.722672	8.340028
MGYG000000400__gradient_L0_base_gapseq	1234	1358	297	bio1	0.000000	1.420771	0.066466
MGYG000000400__gradient_L1_inulin_gapseq	1234	1358	297	bio1	0.202525	1.368769	5.916219
MGYG000000400__gradient_L2_fos_gapseq	1234	1358	297	bio1	0.202525	1.386172	5.745003
MGYG000000400__gradient_L3_gos_gapseq	1234	1358	297	bio1	0.269781	1.557177	5.798408
MGYG000000400__gradient_L4_xos_gapseq	1234	1358	297	bio1	0.269781	1.435600	6.094645
MGYG000000400__gradient_L5_pectin_gapseq	1234	1358	297	bio1	0.296063	1.355067	5.820714
MGYG000000400__gradient_L6_resistant_starch_gapseq	1234	1358	297	bio1	0.384351	1.515582	5.792903
MGYG000000400__gradient_L7_bglucan_gapseq	1234	1358	297	bio1	0.384351	1.387912	5.883748
MGYG000000400__gradient_L8_hmo_gapseq	1234	1358	297	bio1	0.384351	1.388958	5.891224
MGYG000000400__gradient_L9_mos_gapseq	1234	1358	297	bio1	0.470445	1.560624	5.824544
MGYG000000413__gradient_L0_base_gapseq	1333	1430	354	bio1	0.000000	1.678757	0.086119
MGYG000000413__gradient_L1_inulin_gapseq	1333	1430	354	bio1	0.000000	1.506086	0.079583
MGYG000000413__gradient_L2_fos_gapseq	1333	1430	354	bio1	0.000000	1.546733	0.073871
MGYG000000413__gradient_L3_gos_gapseq	1333	1430	354	bio1	0.000000	1.504197	0.072609
MGYG000000413__gradient_L4_xos_gapseq	1333	1430	354	bio1	0.000000	1.623276	0.078205
MGYG000000413__gradient_L5_pectin_gapseq	1333	1430	354	bio1	0.000000	1.545069	0.068965
MGYG000000413__gradient_L6_resistant_starch_gapseq	1333	1430	354	bio1	0.000000	1.661454	0.079472
MGYG000000413__gradient_L7_bglucan_gapseq	1333	1430	354	bio1	0.000000	1.554002	0.073411
MGYG000000413__gradient_L8_hmo_gapseq	1333	1430	354	bio1	0.000000	1.689246	0.073713
MGYG000000413__gradient_L9_mos_gapseq	1333	1430	354	bio1	0.000000	1.466144	0.077590
MGYG000000414__gradient_L0_base_gapseq	1324	1517	363	bio1	0.000000	1.489441	0.083817
MGYG000000414__gradient_L1_inulin_gapseq	1324	1517	363	bio1	0.000000	1.483438	0.211458
MGYG000000414__gradient_L2_fos_gapseq	1324	1517	363	bio1	0.000000	1.485423	0.089503
MGYG000000414__gradient_L3_gos_gapseq	1324	1517	363	bio1	0.000000	1.500998	0.094057
MGYG000000414__gradient_L4_xos_gapseq	1324	1517	363	bio1	0.486463	1.638886	7.162232
MGYG000000414__gradient_L5_pectin_gapseq	1324	1517	363	bio1	0.518052	1.759811	7.138031
MGYG000000414__gradient_L6_resistant_starch_gapseq	1324	1517	363	bio1	0.619138	1.565491	7.223298
MGYG000000414__gradient_L7_bglucan_gapseq	1324	1517	363	bio1	0.619138	1.538805	6.998288
MGYG000000414__gradient_L8_hmo_gapseq	1324	1517	363	bio1	0.619138	1.646171	7.113310
MGYG000000414__gradient_L9_mos_gapseq	1324	1517	363	bio1	0.720223	1.691672	7.195071
MGYG000000415__gradient_L0_base_gapseq	1368	1513	386	bio1	0.208667	1.778654	7.186783
MGYG000000415__gradient_L1_inulin_gapseq	1368	1513	386	bio1	0.305237	1.713044	7.287450
MGYG000000415__gradient_L2_fos_gapseq	1368	1513	386	bio1	0.305237	1.585600	7.200427
MGYG000000415__gradient_L3_gos_gapseq	1368	1513	386	bio1	0.375190	1.653389	7.119239
MGYG000000415__gradient_L4_xos_gapseq	1368	1513	386	bio1	0.524168	1.753546	7.211237
MGYG000000415__gradient_L5_pectin_gapseq	1368	1513	386	bio1	0.555937	1.743648	7.142117
MGYG000000415__gradient_L6_resistant_starch_gapseq	1368	1513	386	bio1	0.655780	1.595986	7.324514
MGYG000000415__gradient_L7_bglucan_gapseq	1368	1513	386	bio1	0.655780	1.579495	7.236862
MGYG000000415__gradient_L8_hmo_gapseq	1368	1513	386	bio1	0.655780	1.603254	7.036251
MGYG000000415__gradient_L9_mos_gapseq	1368	1513	386	bio1	0.755624	1.791802	7.085477
MGYG000000416__gradient_L0_base_gapseq	1056	1090	218	bio1	0.000000	1.173162	0.051537
MGYG000000416__gradient_L1_inulin_gapseq	1056	1090	218	bio1	0.000000	1.371735	0.046506
MGYG000000416__gradient_L2_fos_gapseq	1056	1090	218	bio1	0.000000	1.147558	0.044280
MGYG000000416__gradient_L3_gos_gapseq	1056	1090	218	bio1	0.229929	1.113374	3.893001
MGYG000000416__gradient_L4_xos_gapseq	1056	1090	218	bio1	0.229929	1.128994	3.839252
MGYG000000416__gradient_L5_pectin_gapseq	1056	1090	218	bio1	0.229929	1.132152	4.000396
MGYG000000416__gradient_L6_resistant_starch_gapseq	1056	1090	218	bio1	0.229929	1.101660	3.759134
MGYG000000416__gradient_L7_bglucan_gapseq	1056	1090	218	bio1	0.229929	1.138542	3.894419
MGYG000000416__gradient_L8_hmo_gapseq	1056	1090	218	bio1	0.229929	1.134082	3.768879
MGYG000000416__gradient_L9_mos_gapseq	1056	1090	218	bio1	0.229929	1.299544	3.897433
MGYG000000418__gradient_L0_base_gapseq	1242	1345	293	bio1	0.667602	1.642106	5.688419
MGYG000000418__gradient_L1_inulin_gapseq	1242	1345	293	bio1	0.762359	1.426411	5.957275
MGYG000000418__gradient_L2_fos_gapseq	1242	1345	293	bio1	0.762359	1.400653	5.639069
MGYG000000418__gradient_L3_gos_gapseq	1242	1345	293	bio1	0.833428	1.514127	5.767722
MGYG000000418__gradient_L4_xos_gapseq	1242	1345	293	bio1	0.833428	1.428777	5.955091
MGYG000000418__gradient_L5_pectin_gapseq	1242	1345	293	bio1	0.863579	1.511320	5.867423
MGYG000000418__gradient_L6_resistant_starch_gapseq	1242	1345	293	bio1	1.106924	1.491057	5.683046
MGYG000000418__gradient_L7_bglucan_gapseq	1242	1345	293	bio1	1.106924	1.427051	5.915704
MGYG000000418__gradient_L8_hmo_gapseq	1242	1345	293	bio1	1.106924	1.410059	5.652357
MGYG000000418__gradient_L9_mos_gapseq	1242	1345	293	bio1	1.198128	1.514895	5.663089
MGYG000000419__gradient_L0_base_gapseq	681	635	89	bio1	0.000000	0.635713	0.020943
MGYG000000419__gradient_L1_inulin_gapseq	681	635	89	bio1	0.195670	0.790868	1.447269
MGYG000000419__gradient_L2_fos_gapseq	681	635	89	bio1	0.195670	0.651464	1.430955
MGYG000000419__gradient_L3_gos_gapseq	681	635	89	bio1	0.195670	0.677937	1.455266
MGYG000000419__gradient_L4_xos_gapseq	681	635	89	bio1	0.195670	0.613349	1.455138
MGYG000000419__gradient_L5_pectin_gapseq	681	635	89	bio1	0.195670	0.727772	1.494944
MGYG000000419__gradient_L6_resistant_starch_gapseq	681	635	89	bio1	0.195670	0.617108	1.464502
MGYG000000419__gradient_L7_bglucan_gapseq	681	635	89	bio1	0.195670	0.635673	1.501792
MGYG000000419__gradient_L8_hmo_gapseq	681	635	89	bio1	0.195670	0.620244	1.555777
MGYG000000419__gradient_L9_mos_gapseq	681	635	89	bio1	0.195670	0.615427	1.412818
MGYG000000423__gradient_L0_base_gapseq	900	857	135	bio1	0.000000	0.864616	0.030939
MGYG000000423__gradient_L1_inulin_gapseq	900	857	135	bio1	0.000000	1.155729	0.032220
MGYG000000423__gradient_L2_fos_gapseq	900	857	135	bio1	0.000000	0.849148	0.027330
MGYG000000423__gradient_L3_gos_gapseq	900	857	135	bio1	0.000000	0.894428	0.030084
MGYG000000423__gradient_L4_xos_gapseq	900	857	135	bio1	0.000000	0.956237	0.032582
MGYG000000423__gradient_L5_pectin_gapseq	900	857	135	bio1	0.000000	0.897675	0.026668
MGYG000000423__gradient_L6_resistant_starch_gapseq	900	857	135	bio1	0.000000	0.862000	0.040743
MGYG000000423__gradient_L7_bglucan_gapseq	900	857	135	bio1	0.000000	0.865789	0.033304
MGYG000000423__gradient_L8_hmo_gapseq	900	857	135	bio1	0.000000	1.006603	0.040320
MGYG000000423__gradient_L9_mos_gapseq	900	857	135	bio1	0.000000	0.908609	0.043210
MGYG000000433__gradient_L0_base_gapseq	853	874	178	bio1	0.000000	0.881977	0.038209
MGYG000000433__gradient_L1_inulin_gapseq	853	874	178	bio1	0.000000	0.870318	0.041387
MGYG000000433__gradient_L2_fos_gapseq	853	874	178	bio1	0.000000	1.020003	0.038899
MGYG000000433__gradient_L3_gos_gapseq	853	874	178	bio1	0.000000	0.896741	0.050317
MGYG000000433__gradient_L4_xos_gapseq	853	874	178	bio1	0.000000	0.880421	0.040864
MGYG000000433__gradient_L5_pectin_gapseq	853	874	178	bio1	0.000000	0.897491	0.042220
MGYG000000433__gradient_L6_resistant_starch_gapseq	853	874	178	bio1	0.000000	1.034653	0.043554
MGYG000000433__gradient_L7_bglucan_gapseq	853	874	178	bio1	0.000000	0.881501	0.037118
MGYG000000433__gradient_L8_hmo_gapseq	853	874	178	bio1	0.000000	0.861113	0.044650
MGYG000000433__gradient_L9_mos_gapseq	853	874	178	bio1	0.000000	1.048937	0.039697
MGYG000000435__gradient_L0_base_gapseq	912	974	206	bio1	0.000000	0.951269	0.041590
MGYG000000435__gradient_L1_inulin_gapseq	912	974	206	bio1	0.335856	1.177500	3.068996
MGYG000000435__gradient_L2_fos_gapseq	912	974	206	bio1	0.335856	0.979099	3.039949
MGYG000000435__gradient_L3_gos_gapseq	912	974	206	bio1	0.614983	1.007187	3.288658
MGYG000000435__gradient_L4_xos_gapseq	912	974	206	bio1	0.678525	1.063444	3.077834
MGYG000000435__gradient_L5_pectin_gapseq	912	974	206	bio1	0.728449	1.026913	3.057392
MGYG000000435__gradient_L6_resistant_starch_gapseq	912	974	206	bio1	1.343729	1.102010	3.119776
MGYG000000435__gradient_L7_bglucan_gapseq	912	974	206	bio1	1.556918	0.967121	3.017915
MGYG000000435__gradient_L8_hmo_gapseq	912	974	206	bio1	1.556918	1.116542	3.051339
MGYG000000435__gradient_L9_mos_gapseq	912	974	206	bio1	1.660282	0.966548	3.057330
MGYG000000436__gradient_L0_base_gapseq	1260	1373	249	bio1	0.000000	1.392294	0.088630
MGYG000000436__gradient_L1_inulin_gapseq	1260	1373	249	bio1	0.000000	1.491879	0.089715
MGYG000000436__gradient_L2_fos_gapseq	1260	1373	249	bio1	0.000000	1.388656	0.081325
MGYG000000436__gradient_L3_gos_gapseq	1260	1373	249	bio1	0.935054	1.509289	5.968424
MGYG000000436__gradient_L4_xos_gapseq	1260	1373	249	bio1	0.942020	1.507490	6.009195
MGYG000000436__gradient_L5_pectin_gapseq	1260	1373	249	bio1	0.942020	1.647868	5.954737
MGYG000000436__gradient_L6_resistant_starch_gapseq	1260	1373	249	bio1	1.564974	1.421967	6.125565
MGYG000000436__gradient_L7_bglucan_gapseq	1260	1373	249	bio1	1.564974	1.395526	6.001434
MGYG000000436__gradient_L8_hmo_gapseq	1260	1373	249	bio1	1.564974	1.584726	5.978818
MGYG000000436__gradient_L9_mos_gapseq	1260	1373	249	bio1	1.698942	1.506132	6.210481
MGYG000000440__gradient_L0_base_gapseq	989	1062	235	bio1	0.000000	1.086215	0.054328
MGYG000000440__gradient_L1_inulin_gapseq	989	1062	235	bio1	0.000000	1.079170	0.050887
MGYG000000440__gradient_L2_fos_gapseq	989	1062	235	bio1	0.000000	1.230477	0.057510
MGYG000000440__gradient_L3_gos_gapseq	989	1062	235	bio1	0.000000	1.077860	0.051328
MGYG000000440__gradient_L4_xos_gapseq	989	1062	235	bio1	0.467484	1.153647	3.723862
MGYG000000440__gradient_L5_pectin_gapseq	989	1062	235	bio1	0.467484	1.497910	3.712580
MGYG000000440__gradient_L6_resistant_starch_gapseq	989	1062	235	bio1	1.241187	1.054834	3.628734
MGYG000000440__gradient_L7_bglucan_gapseq	989	1062	235	bio1	1.241187	1.245494	3.703062
MGYG000000440__gradient_L8_hmo_gapseq	989	1062	235	bio1	1.241187	1.043758	3.647242
MGYG000000440__gradient_L9_mos_gapseq	989	1062	235	bio1	1.384316	1.198858	3.691280
MGYG000000442__gradient_L0_base_gapseq	1390	1512	419	bio1	0.484874	1.721497	7.090879
MGYG000000442__gradient_L1_inulin_gapseq	1390	1512	419	bio1	0.484874	1.765807	7.151396
MGYG000000442__gradient_L2_fos_gapseq	1390	1512	419	bio1	0.484874	1.728201	7.066003
MGYG000000442__gradient_L3_gos_gapseq	1390	1512	419	bio1	0.561070	1.674804	7.328240
MGYG000000442__gradient_L4_xos_gapseq	1390	1512	419	bio1	0.561070	1.544686	7.322837
MGYG000000442__gradient_L5_pectin_gapseq	1390	1512	419	bio1	0.593396	1.600722	7.092777
MGYG000000442__gradient_L6_resistant_starch_gapseq	1390	1512	419	bio1	0.667283	1.818916	7.323143
MGYG000000442__gradient_L7_bglucan_gapseq	1390	1512	419	bio1	0.667283	1.777639	7.233172
MGYG000000442__gradient_L8_hmo_gapseq	1390	1512	419	bio1	0.667283	1.589579	7.298078
MGYG000000442__gradient_L9_mos_gapseq	1390	1512	419	bio1	0.667283	1.598234	7.118392
MGYG000000443__gradient_L0_base_gapseq	1146	1245	245	bio1	0.000000	1.451648	0.065049
MGYG000000443__gradient_L1_inulin_gapseq	1146	1245	245	bio1	0.000000	1.302538	0.078563
MGYG000000443__gradient_L2_fos_gapseq	1146	1245	245	bio1	0.000000	1.309966	0.183804
MGYG000000443__gradient_L3_gos_gapseq	1146	1245	245	bio1	0.000000	1.242351	0.063205
MGYG000000443__gradient_L4_xos_gapseq	1146	1245	245	bio1	0.000000	1.247067	0.067189
MGYG000000443__gradient_L5_pectin_gapseq	1146	1245	245	bio1	0.000000	1.431492	0.071074
MGYG000000443__gradient_L6_resistant_starch_gapseq	1146	1245	245	bio1	0.000000	1.280006	0.068985
MGYG000000443__gradient_L7_bglucan_gapseq	1146	1245	245	bio1	0.000000	1.425112	0.062754
MGYG000000443__gradient_L8_hmo_gapseq	1146	1245	245	bio1	0.000000	1.300727	0.068976
MGYG000000443__gradient_L9_mos_gapseq	1146	1245	245	bio1	0.000000	1.295300	0.061044
MGYG000000447__gradient_L0_base_gapseq	1174	1225	215	bio1	0.000000	1.307845	0.287666
MGYG000000447__gradient_L1_inulin_gapseq	1174	1225	215	bio1	0.566055	1.233514	4.746939
MGYG000000447__gradient_L2_fos_gapseq	1174	1225	215	bio1	0.566055	1.246640	4.964783
MGYG000000447__gradient_L3_gos_gapseq	1174	1225	215	bio1	0.566055	1.274437	4.769310
MGYG000000447__gradient_L4_xos_gapseq	1174	1225	215	bio1	0.566055	1.414725	4.738694
MGYG000000447__gradient_L5_pectin_gapseq	1174	1225	215	bio1	0.566055	1.320473	4.762871
MGYG000000447__gradient_L6_resistant_starch_gapseq	1174	1225	215	bio1	0.701418	1.408975	4.758615
MGYG000000447__gradient_L7_bglucan_gapseq	1174	1225	215	bio1	0.701418	1.268296	4.912807
MGYG000000447__gradient_L8_hmo_gapseq	1174	1225	215	bio1	0.701418	1.300566	4.748638
MGYG000000447__gradient_L9_mos_gapseq	1174	1225	215	bio1	0.836782	1.417808	4.960995
MGYG000000449__gradient_L0_base_gapseq	877	828	125	bio1	0.000000	0.849261	0.033467
MGYG000000449__gradient_L1_inulin_gapseq	877	828	125	bio1	0.000000	0.811098	0.035624
MGYG000000449__gradient_L2_fos_gapseq	877	828	125	bio1	0.000000	0.983098	0.038386
MGYG000000449__gradient_L3_gos_gapseq	877	828	125	bio1	0.000000	0.843639	0.028651
MGYG000000449__gradient_L4_xos_gapseq	877	828	125	bio1	0.000000	0.838110	0.034071
MGYG000000449__gradient_L5_pectin_gapseq	877	828	125	bio1	0.000000	0.861809	0.158177
MGYG000000449__gradient_L6_resistant_starch_gapseq	877	828	125	bio1	0.000000	0.836197	0.034568
MGYG000000449__gradient_L7_bglucan_gapseq	877	828	125	bio1	0.000000	0.847584	0.037270
MGYG000000449__gradient_L8_hmo_gapseq	877	828	125	bio1	0.000000	0.835035	0.028616
MGYG000000449__gradient_L9_mos_gapseq	877	828	125	bio1	0.000000	0.975352	0.037007
MGYG000000453__gradient_L0_base_gapseq	1151	1277	283	bio1	0.223322	1.308551	5.397044
MGYG000000453__gradient_L1_inulin_gapseq	1151	1277	283	bio1	0.366209	1.319785	5.192530
MGYG000000453__gradient_L2_fos_gapseq	1151	1277	283	bio1	0.366209	1.419771	5.069428
MGYG000000453__gradient_L3_gos_gapseq	1151	1277	283	bio1	0.455289	1.284807	5.193667
MGYG000000453__gradient_L4_xos_gapseq	1151	1277	283	bio1	0.538146	1.479040	5.193515
MGYG000000453__gradient_L5_pectin_gapseq	1151	1277	283	bio1	0.538146	1.316205	5.312155
MGYG000000453__gradient_L6_resistant_starch_gapseq	1151	1277	283	bio1	1.017239	1.269583	5.144731
MGYG000000453__gradient_L7_bglucan_gapseq	1151	1277	283	bio1	1.167232	1.419270	5.284593
MGYG000000453__gradient_L8_hmo_gapseq	1151	1277	283	bio1	1.167232	1.318096	5.401274
MGYG000000453__gradient_L9_mos_gapseq	1151	1277	283	bio1	1.212838	1.264556	5.147044
MGYG000000462__gradient_L0_base_gapseq	1126	1225	253	bio1	0.000000	1.376041	0.055083
MGYG000000462__gradient_L1_inulin_gapseq	1126	1225	253	bio1	0.098338	1.231253	4.823584
MGYG000000462__gradient_L2_fos_gapseq	1126	1225	253	bio1	0.098338	1.379128	4.696978
MGYG000000462__gradient_L3_gos_gapseq	1126	1225	253	bio1	0.098338	1.215102	4.801197
MGYG000000462__gradient_L4_xos_gapseq	1126	1225	253	bio1	0.098338	1.243488	4.758618
MGYG000000462__gradient_L5_pectin_gapseq	1126	1225	253	bio1	0.098338	1.211404	4.897697
MGYG000000462__gradient_L6_resistant_starch_gapseq	1126	1225	253	bio1	0.098338	1.225318	4.643541
MGYG000000462__gradient_L7_bglucan_gapseq	1126	1225	253	bio1	0.098338	1.375485	4.912484
MGYG000000462__gradient_L8_hmo_gapseq	1126	1225	253	bio1	0.098338	1.233785	4.976159
MGYG000000462__gradient_L9_mos_gapseq	1126	1225	253	bio1	0.098338	1.205149	4.740874
MGYG000000463__gradient_L0_base_gapseq	957	1049	192	bio1	0.000000	1.234756	0.052682
MGYG000000463__gradient_L1_inulin_gapseq	957	1049	192	bio1	0.000000	1.049058	0.057140
MGYG000000463__gradient_L2_fos_gapseq	957	1049	192	bio1	0.000000	1.036627	0.054196
MGYG000000463__gradient_L3_gos_gapseq	957	1049	192	bio1	0.656121	1.184766	3.458505
MGYG000000463__gradient_L4_xos_gapseq	957	1049	192	bio1	0.656121	1.040029	3.396523
MGYG000000463__gradient_L5_pectin_gapseq	957	1049	192	bio1	0.720448	1.428608	3.368707
MGYG000000463__gradient_L6_resistant_starch_gapseq	957	1049	192	bio1	1.020846	1.056265	3.438501
MGYG000000463__gradient_L7_bglucan_gapseq	957	1049	192	bio1	1.020846	1.144174	3.471477
MGYG000000463__gradient_L8_hmo_gapseq	957	1049	192	bio1	1.020846	1.063627	3.383650
MGYG000000463__gradient_L9_mos_gapseq	957	1049	192	bio1	1.020846	1.193802	3.422430
MGYG000000464__gradient_L0_base_gapseq	1056	1069	184	bio1	0.000000	1.083160	0.046377
MGYG000000464__gradient_L1_inulin_gapseq	1056	1069	184	bio1	0.279341	1.074492	3.681949
MGYG000000464__gradient_L2_fos_gapseq	1056	1069	184	bio1	0.279341	1.344841	3.587470
MGYG000000464__gradient_L3_gos_gapseq	1056	1069	184	bio1	0.279341	1.098667	3.673232
MGYG000000464__gradient_L4_xos_gapseq	1056	1069	184	bio1	0.279341	1.232848	3.639614
MGYG000000464__gradient_L5_pectin_gapseq	1056	1069	184	bio1	0.279341	1.139607	3.609848
MGYG000000464__gradient_L6_resistant_starch_gapseq	1056	1069	184	bio1	0.419659	1.209057	3.624926
MGYG000000464__gradient_L7_bglucan_gapseq	1056	1069	184	bio1	0.419659	1.088983	3.642175
MGYG000000464__gradient_L8_hmo_gapseq	1056	1069	184	bio1	0.419659	1.231122	3.773916
MGYG000000464__gradient_L9_mos_gapseq	1056	1069	184	bio1	0.534115	1.211454	3.767595
MGYG000000474__gradient_L0_base_gapseq	1005	1004	217	bio1	0.000000	1.202410	0.044410
MGYG000000474__gradient_L1_inulin_gapseq	1005	1004	217	bio1	0.060809	1.012100	3.117228
MGYG000000474__gradient_L2_fos_gapseq	1005	1004	217	bio1	0.060809	1.040085	3.241307
MGYG000000474__gradient_L3_gos_gapseq	1005	1004	217	bio1	0.060809	1.022752	3.174614
MGYG000000474__gradient_L4_xos_gapseq	1005	1004	217	bio1	0.060809	0.972573	3.091122
MGYG000000474__gradient_L5_pectin_gapseq	1005	1004	217	bio1	0.060809	1.167413	3.161300
MGYG000000474__gradient_L6_resistant_starch_gapseq	1005	1004	217	bio1	0.060809	1.039806	3.164330
MGYG000000474__gradient_L7_bglucan_gapseq	1005	1004	217	bio1	0.060809	1.142376	3.173317
MGYG000000474__gradient_L8_hmo_gapseq	1005	1004	217	bio1	0.060809	1.049471	3.195175
MGYG000000474__gradient_L9_mos_gapseq	1005	1004	217	bio1	0.060809	1.356778	3.186732
MGYG000000482__gradient_L0_base_gapseq	692	652	93	bio1	0.000000	0.613688	0.020117
MGYG000000482__gradient_L1_inulin_gapseq	692	652	93	bio1	0.000000	0.623449	0.028999
MGYG000000482__gradient_L2_fos_gapseq	692	652	93	bio1	0.000000	0.812439	0.027011
MGYG000000482__gradient_L3_gos_gapseq	692	652	93	bio1	0.000000	0.641763	0.024844
MGYG000000482__gradient_L4_xos_gapseq	692	652	93	bio1	0.000000	0.656559	0.023804
MGYG000000482__gradient_L5_pectin_gapseq	692	652	93	bio1	0.000000	0.661134	0.020151
MGYG000000482__gradient_L6_resistant_starch_gapseq	692	652	93	bio1	0.000000	0.660029	0.031641
MGYG000000482__gradient_L7_bglucan_gapseq	692	652	93	bio1	0.000000	0.634881	0.024617
MGYG000000482__gradient_L8_hmo_gapseq	692	652	93	bio1	0.000000	0.746694	0.026348
MGYG000000482__gradient_L9_mos_gapseq	692	652	93	bio1	0.000000	0.631642	0.034704
MGYG000000489__gradient_L0_base_gapseq	1372	1592	405	bio1	0.250295	1.659831	8.098851
MGYG000000489__gradient_L1_inulin_gapseq	1372	1592	405	bio1	0.520901	1.677683	7.897767
MGYG000000489__gradient_L2_fos_gapseq	1372	1592	405	bio1	0.520901	1.754633	8.100926
MGYG000000489__gradient_L3_gos_gapseq	1372	1592	405	bio1	0.765237	1.833947	7.997414
MGYG000000489__gradient_L4_xos_gapseq	1372	1592	405	bio1	0.884468	1.641609	8.080925
MGYG000000489__gradient_L5_pectin_gapseq	1372	1592	405	bio1	0.884468	1.750772	8.070668
MGYG000000489__gradient_L6_resistant_starch_gapseq	1372	1592	405	bio1	1.368966	1.646742	7.900556
MGYG000000489__gradient_L7_bglucan_gapseq	1372	1592	405	bio1	1.543043	1.928539	8.217244
MGYG000000489__gradient_L8_hmo_gapseq	1372	1592	405	bio1	1.543043	1.848299	7.908813
MGYG000000489__gradient_L9_mos_gapseq	1372	1592	405	bio1	1.543043	1.883713	8.230925
MGYG000000494__gradient_L0_base_gapseq	811	776	123	bio1	0.000000	0.755207	0.027252
MGYG000000494__gradient_L1_inulin_gapseq	811	776	123	bio1	0.000000	0.787595	0.038786
MGYG000000494__gradient_L2_fos_gapseq	811	776	123	bio1	0.000000	0.964744	0.034346
MGYG000000494__gradient_L3_gos_gapseq	811	776	123	bio1	0.000000	0.762821	0.027999
MGYG000000494__gradient_L4_xos_gapseq	811	776	123	bio1	0.000000	0.771956	0.028084
MGYG000000494__gradient_L5_pectin_gapseq	811	776	123	bio1	0.000000	0.794359	0.029251
MGYG000000494__gradient_L6_resistant_starch_gapseq	811	776	123	bio1	0.000000	0.961253	0.028961
MGYG000000494__gradient_L7_bglucan_gapseq	811	776	123	bio1	0.000000	0.802315	0.032134
MGYG000000494__gradient_L8_hmo_gapseq	811	776	123	bio1	0.000000	0.795960	0.031509
MGYG000000494__gradient_L9_mos_gapseq	811	776	123	bio1	0.000000	0.769678	0.028511
MGYG000000496__gradient_L0_base_gapseq	664	633	98	bio1	0.000000	0.614049	0.024032
MGYG000000496__gradient_L1_inulin_gapseq	664	633	98	bio1	0.000000	0.596687	0.025007
MGYG000000496__gradient_L2_fos_gapseq	664	633	98	bio1	0.000000	0.615862	0.022150
MGYG000000496__gradient_L3_gos_gapseq	664	633	98	bio1	0.000000	0.619963	0.177735
MGYG000000496__gradient_L4_xos_gapseq	664	633	98	bio1	0.000000	0.601686	0.021602
MGYG000000496__gradient_L5_pectin_gapseq	664	633	98	bio1	0.000000	0.603844	0.028687
MGYG000000496__gradient_L6_resistant_starch_gapseq	664	633	98	bio1	0.000000	0.602959	0.021169
MGYG000000496__gradient_L7_bglucan_gapseq	664	633	98	bio1	0.000000	0.610392	0.026165
MGYG000000496__gradient_L8_hmo_gapseq	664	633	98	bio1	0.000000	0.599949	0.021974
MGYG000000496__gradient_L9_mos_gapseq	664	633	98	bio1	0.000000	0.777189	0.031931
MGYG000000504__gradient_L0_base_gapseq	1243	1379	293	bio1	0.000000	1.545276	0.081122
MGYG000000504__gradient_L1_inulin_gapseq	1243	1379	293	bio1	0.000000	1.444516	0.084327
MGYG000000504__gradient_L2_fos_gapseq	1243	1379	293	bio1	0.000000	1.556740	0.074140
MGYG000000504__gradient_L3_gos_gapseq	1243	1379	293	bio1	0.476833	1.384021	6.007544
MGYG000000504__gradient_L4_xos_gapseq	1243	1379	293	bio1	0.515330	1.897820	6.015251
MGYG000000504__gradient_L5_pectin_gapseq	1243	1379	293	bio1	0.515330	1.435743	6.070626
MGYG000000504__gradient_L6_resistant_starch_gapseq	1243	1379	293	bio1	0.611768	1.350067	5.799282
MGYG000000504__gradient_L7_bglucan_gapseq	1243	1379	293	bio1	0.611768	1.570731	5.785404
MGYG000000504__gradient_L8_hmo_gapseq	1243	1379	293	bio1	0.611768	1.424890	5.966045
MGYG000000504__gradient_L9_mos_gapseq	1243	1379	293	bio1	0.699164	1.428961	6.022989
MGYG000000508__gradient_L0_base_gapseq	926	989	203	bio1	0.000000	1.009628	0.055717
MGYG000000508__gradient_L1_inulin_gapseq	926	989	203	bio1	0.000000	1.146176	0.046627
MGYG000000508__gradient_L2_fos_gapseq	926	989	203	bio1	0.000000	0.979620	0.046472
MGYG000000508__gradient_L3_gos_gapseq	926	989	203	bio1	0.798626	0.971003	3.152954
MGYG000000508__gradient_L4_xos_gapseq	926	989	203	bio1	0.798626	1.172204	3.178336
MGYG000000508__gradient_L5_pectin_gapseq	926	989	203	bio1	0.847704	1.010078	3.131835
MGYG000000508__gradient_L6_resistant_starch_gapseq	926	989	203	bio1	0.994392	1.164076	3.145405
MGYG000000508__gradient_L7_bglucan_gapseq	926	989	203	bio1	0.994392	0.990033	3.002218
MGYG000000508__gradient_L8_hmo_gapseq	926	989	203	bio1	0.994392	1.121644	3.044641
MGYG000000508__gradient_L9_mos_gapseq	926	989	203	bio1	0.994392	0.983561	2.989790
MGYG000000510__gradient_L0_base_gapseq	1254	1425	331	bio1	0.000000	1.461934	0.071780
MGYG000000510__gradient_L1_inulin_gapseq	1254	1425	331	bio1	0.000000	1.606042	0.075246
MGYG000000510__gradient_L2_fos_gapseq	1254	1425	331	bio1	0.000000	1.417513	0.089407
MGYG000000510__gradient_L3_gos_gapseq	1254	1425	331	bio1	0.000000	1.453039	0.261047
MGYG000000510__gradient_L4_xos_gapseq	1254	1425	331	bio1	0.322491	1.538551	6.551736
MGYG000000510__gradient_L5_pectin_gapseq	1254	1425	331	bio1	0.322491	1.712319	6.310839
MGYG000000510__gradient_L6_resistant_starch_gapseq	1254	1425	331	bio1	0.649744	1.466808	6.630858
MGYG000000510__gradient_L7_bglucan_gapseq	1254	1425	331	bio1	0.757492	1.502339	6.335166
MGYG000000510__gradient_L8_hmo_gapseq	1254	1425	331	bio1	0.757492	1.598114	6.326481
MGYG000000510__gradient_L9_mos_gapseq	1254	1425	331	bio1	0.796673	1.659827	6.675316
MGYG000000515__gradient_L0_base_gapseq	1359	1522	368	bio1	0.000000	1.607130	0.097257
MGYG000000515__gradient_L1_inulin_gapseq	1359	1522	368	bio1	0.000000	1.791513	0.101975
MGYG000000515__gradient_L2_fos_gapseq	1359	1522	368	bio1	0.000000	1.599517	0.121873
MGYG000000515__gradient_L3_gos_gapseq	1359	1522	368	bio1	0.000000	1.969343	0.091627
MGYG000000515__gradient_L4_xos_gapseq	1359	1522	368	bio1	0.640821	1.600725	7.499939
MGYG000000515__gradient_L5_pectin_gapseq	1359	1522	368	bio1	0.640821	1.544224	7.157721
MGYG000000515__gradient_L6_resistant_starch_gapseq	1359	1522	368	bio1	1.152857	1.684871	7.053691
MGYG000000515__gradient_L7_bglucan_gapseq	1359	1522	368	bio1	1.334889	1.744344	7.120575
MGYG000000515__gradient_L8_hmo_gapseq	1359	1522	368	bio1	1.334889	1.666367	7.674904
MGYG000000515__gradient_L9_mos_gapseq	1359	1522	368	bio1	1.424781	1.702334	7.077299
MGYG000000519__gradient_L0_base_gapseq	1033	1050	189	bio1	0.000000	1.188268	0.050321
MGYG000000519__gradient_L1_inulin_gapseq	1033	1050	189	bio1	1.080395	1.157061	3.630043
MGYG000000519__gradient_L2_fos_gapseq	1033	1050	189	bio1	1.080395	1.280142	3.642907
MGYG000000519__gradient_L3_gos_gapseq	1033	1050	189	bio1	1.183692	1.056546	3.469497
MGYG000000519__gradient_L4_xos_gapseq	1033	1050	189	bio1	1.183692	1.255507	3.569971
MGYG000000519__gradient_L5_pectin_gapseq	1033	1050	189	bio1	1.183692	1.054605	3.533159
MGYG000000519__gradient_L6_resistant_starch_gapseq	1033	1050	189	bio1	1.330602	1.045885	3.640591
MGYG000000519__gradient_L7_bglucan_gapseq	1033	1050	189	bio1	1.330602	1.065963	3.535013
MGYG000000519__gradient_L8_hmo_gapseq	1033	1050	189	bio1	1.330602	1.054929	3.586979
MGYG000000519__gradient_L9_mos_gapseq	1033	1050	189	bio1	1.330602	1.151892	3.548822
MGYG000000524__gradient_L0_base_gapseq	1037	1039	212	bio1	0.000000	1.086898	0.043051
MGYG000000524__gradient_L1_inulin_gapseq	1037	1039	212	bio1	0.000000	1.234420	0.046676
MGYG000000524__gradient_L2_fos_gapseq	1037	1039	212	bio1	0.000000	1.061943	0.059283
MGYG000000524__gradient_L3_gos_gapseq	1037	1039	212	bio1	0.000000	1.114501	0.048835
MGYG000000524__gradient_L4_xos_gapseq	1037	1039	212	bio1	0.538874	1.239518	3.346639
MGYG000000524__gradient_L5_pectin_gapseq	1037	1039	212	bio1	0.572109	1.089598	3.528498
MGYG000000524__gradient_L6_resistant_starch_gapseq	1037	1039	212	bio1	1.234433	1.269638	3.366317
MGYG000000524__gradient_L7_bglucan_gapseq	1037	1039	212	bio1	1.469452	1.108118	3.395772
MGYG000000524__gradient_L8_hmo_gapseq	1037	1039	212	bio1	1.469452	1.181667	3.345911
MGYG000000524__gradient_L9_mos_gapseq	1037	1039	212	bio1	1.469452	1.104723	3.413044
MGYG000000526__gradient_L0_base_gapseq	1327	1508	404	bio1	0.246446	1.729003	7.113040
MGYG000000526__gradient_L1_inulin_gapseq	1327	1508	404	bio1	0.368844	1.692412	7.200168
MGYG000000526__gradient_L2_fos_gapseq	1327	1508	404	bio1	0.368844	1.568541	7.216286
MGYG000000526__gradient_L3_gos_gapseq	1327	1508	404	bio1	0.440445	1.530729	7.132294
MGYG000000526__gradient_L4_xos_gapseq	1327	1508	404	bio1	0.528892	1.656044	7.470759
MGYG000000526__gradient_L5_pectin_gapseq	1327	1508	404	bio1	0.528892	1.684752	7.286252
MGYG000000526__gradient_L6_resistant_starch_gapseq	1327	1508	404	bio1	0.788743	1.597136	7.508058
MGYG000000526__gradient_L7_bglucan_gapseq	1327	1508	404	bio1	0.947414	1.508053	7.222495
MGYG000000526__gradient_L8_hmo_gapseq	1327	1508	404	bio1	0.947414	1.717909	7.123958
MGYG000000526__gradient_L9_mos_gapseq	1327	1508	404	bio1	1.048595	1.696244	7.121932
MGYG000000529__gradient_L0_base_gapseq	1133	1177	219	bio1	0.000000	1.233827	0.062690
MGYG000000529__gradient_L1_inulin_gapseq	1133	1177	219	bio1	0.000000	1.355224	0.052006
MGYG000000529__gradient_L2_fos_gapseq	1133	1177	219	bio1	0.000000	1.236884	0.049788
MGYG000000529__gradient_L3_gos_gapseq	1133	1177	219	bio1	0.560230	1.225495	4.655899
MGYG000000529__gradient_L4_xos_gapseq	1133	1177	219	bio1	0.560230	1.244328	4.597131
MGYG000000529__gradient_L5_pectin_gapseq	1133	1177	219	bio1	0.560230	1.213310	4.735897
MGYG000000529__gradient_L6_resistant_starch_gapseq	1133	1177	219	bio1	0.673584	1.217190	4.552971
MGYG000000529__gradient_L7_bglucan_gapseq	1133	1177	219	bio1	0.673584	1.316928	4.605947
MGYG000000529__gradient_L8_hmo_gapseq	1133	1177	219	bio1	0.673584	1.255953	4.490385
MGYG000000529__gradient_L9_mos_gapseq	1133	1177	219	bio1	0.786372	1.468335	4.750001
MGYG000000532__gradient_L0_base_gapseq	1327	1517	362	bio1	0.000000	1.748517	0.103918
MGYG000000532__gradient_L1_inulin_gapseq	1327	1517	362	bio1	0.000000	1.545901	0.090674
MGYG000000532__gradient_L2_fos_gapseq	1327	1517	362	bio1	0.000000	1.641638	0.088248
MGYG000000532__gradient_L3_gos_gapseq	1327	1517	362	bio1	1.212830	1.539732	6.871927
MGYG000000532__gradient_L4_xos_gapseq	1327	1517	362	bio1	1.212830	1.730315	6.883766
MGYG000000532__gradient_L5_pectin_gapseq	1327	1517	362	bio1	1.212830	1.645593	7.069905
MGYG000000532__gradient_L6_resistant_starch_gapseq	1327	1517	362	bio1	1.747188	1.751132	7.140079
MGYG000000532__gradient_L7_bglucan_gapseq	1327	1517	362	bio1	1.747188	1.577240	6.872539
MGYG000000532__gradient_L8_hmo_gapseq	1327	1517	362	bio1	1.747188	1.988175	6.969874
MGYG000000532__gradient_L9_mos_gapseq	1327	1517	362	bio1	1.835879	1.688829	6.980920
MGYG000000535__gradient_L0_base_gapseq	1087	1207	305	bio1	0.192857	1.188922	4.634020
MGYG000000535__gradient_L1_inulin_gapseq	1087	1207	305	bio1	0.305754	1.204269	4.432066
MGYG000000535__gradient_L2_fos_gapseq	1087	1207	305	bio1	0.305754	1.316237	4.605067
MGYG000000535__gradient_L3_gos_gapseq	1087	1207	305	bio1	0.503321	1.227962	4.530204
MGYG000000535__gradient_L4_xos_gapseq	1087	1207	305	bio1	0.503321	1.376770	4.667816
MGYG000000535__gradient_L5_pectin_gapseq	1087	1207	305	bio1	0.503321	1.484682	4.681437
MGYG000000535__gradient_L6_resistant_starch_gapseq	1087	1207	305	bio1	0.985485	1.252330	4.478316
MGYG000000535__gradient_L7_bglucan_gapseq	1087	1207	305	bio1	0.985485	1.358647	4.444858
MGYG000000535__gradient_L8_hmo_gapseq	1087	1207	305	bio1	0.985485	1.355673	4.593894
MGYG000000535__gradient_L9_mos_gapseq	1087	1207	305	bio1	1.095511	1.424431	4.494312
MGYG000000540__gradient_L0_base_gapseq	679	647	89	bio1	0.000000	0.625203	0.025990
MGYG000000540__gradient_L1_inulin_gapseq	679	647	89	bio1	0.062999	0.629599	1.711799
MGYG000000540__gradient_L2_fos_gapseq	679	647	89	bio1	0.062999	0.627377	1.462530
MGYG000000540__gradient_L3_gos_gapseq	679	647	89	bio1	0.062999	0.626558	1.524123
MGYG000000540__gradient_L4_xos_gapseq	679	647	89	bio1	0.062999	0.626996	1.495155
MGYG000000540__gradient_L5_pectin_gapseq	679	647	89	bio1	0.062999	0.765578	1.495484
MGYG000000540__gradient_L6_resistant_starch_gapseq	679	647	89	bio1	0.062999	0.632112	1.517570
MGYG000000540__gradient_L7_bglucan_gapseq	679	647	89	bio1	0.062999	0.625699	1.492272
MGYG000000540__gradient_L8_hmo_gapseq	679	647	89	bio1	0.062999	0.671085	1.554285
MGYG000000540__gradient_L9_mos_gapseq	679	647	89	bio1	0.062999	0.748937	1.493404
MGYG000000542__gradient_L0_base_gapseq	1207	1284	224	bio1	0.000000	1.488212	0.078459
MGYG000000542__gradient_L1_inulin_gapseq	1207	1284	224	bio1	0.000000	1.308506	0.076418
MGYG000000542__gradient_L2_fos_gapseq	1207	1284	224	bio1	0.000000	1.405480	0.085205
MGYG000000542__gradient_L3_gos_gapseq	1207	1284	224	bio1	0.845900	1.320612	5.239409
MGYG000000542__gradient_L4_xos_gapseq	1207	1284	224	bio1	0.845900	1.709329	5.394823
MGYG000000542__gradient_L5_pectin_gapseq	1207	1284	224	bio1	0.845900	1.338020	5.112328
MGYG000000542__gradient_L6_resistant_starch_gapseq	1207	1284	224	bio1	1.448123	1.538260	5.412720
MGYG000000542__gradient_L7_bglucan_gapseq	1207	1284	224	bio1	1.448123	1.482040	5.545470
MGYG000000542__gradient_L8_hmo_gapseq	1207	1284	224	bio1	1.448123	1.330566	5.183494
MGYG000000542__gradient_L9_mos_gapseq	1207	1284	224	bio1	1.557188	1.534993	5.253577
MGYG000000544__gradient_L0_base_gapseq	1040	1077	192	bio1	0.000000	1.278978	0.043854
MGYG000000544__gradient_L1_inulin_gapseq	1040	1077	192	bio1	0.000000	1.104798	0.050361
MGYG000000544__gradient_L2_fos_gapseq	1040	1077	192	bio1	0.000000	1.079620	0.060274
MGYG000000544__gradient_L3_gos_gapseq	1040	1077	192	bio1	0.000000	1.238991	0.061158
MGYG000000544__gradient_L4_xos_gapseq	1040	1077	192	bio1	0.000000	1.114594	0.047633
MGYG000000544__gradient_L5_pectin_gapseq	1040	1077	192	bio1	0.000000	1.078100	0.050918
MGYG000000544__gradient_L6_resistant_starch_gapseq	1040	1077	192	bio1	0.000000	1.238349	0.062600
MGYG000000544__gradient_L7_bglucan_gapseq	1040	1077	192	bio1	0.000000	1.189219	0.055693
MGYG000000544__gradient_L8_hmo_gapseq	1040	1077	192	bio1	0.000000	1.191365	0.051166
MGYG000000544__gradient_L9_mos_gapseq	1040	1077	192	bio1	0.000000	1.474976	0.051869
MGYG000000549__gradient_L0_base_gapseq	1133	1196	206	bio1	0.000000	1.201096	0.051585
MGYG000000549__gradient_L1_inulin_gapseq	1133	1196	206	bio1	0.149458	1.485575	4.759556
MGYG000000549__gradient_L2_fos_gapseq	1133	1196	206	bio1	0.149458	1.263480	4.686592
MGYG000000549__gradient_L3_gos_gapseq	1133	1196	206	bio1	0.149458	1.251641	4.650002
MGYG000000549__gradient_L4_xos_gapseq	1133	1196	206	bio1	0.149458	1.345182	4.766935
MGYG000000549__gradient_L5_pectin_gapseq	1133	1196	206	bio1	0.149458	1.249493	4.665615
MGYG000000549__gradient_L6_resistant_starch_gapseq	1133	1196	206	bio1	0.216919	1.380205	4.544823
MGYG000000549__gradient_L7_bglucan_gapseq	1133	1196	206	bio1	0.216919	1.251943	4.532970
MGYG000000549__gradient_L8_hmo_gapseq	1133	1196	206	bio1	0.216919	1.347574	4.631758
MGYG000000549__gradient_L9_mos_gapseq	1133	1196	206	bio1	0.282655	1.207368	4.614934
MGYG000000561__gradient_L0_base_gapseq	1304	1442	342	bio1	0.000000	1.608519	0.079758
MGYG000000561__gradient_L1_inulin_gapseq	1304	1442	342	bio1	0.000000	1.967821	0.099134
MGYG000000561__gradient_L2_fos_gapseq	1304	1442	342	bio1	0.000000	1.607570	0.097205
MGYG000000561__gradient_L3_gos_gapseq	1304	1442	342	bio1	0.717035	1.626662	6.269804
MGYG000000561__gradient_L4_xos_gapseq	1304	1442	342	bio1	0.795921	1.557107	6.687446
MGYG000000561__gradient_L5_pectin_gapseq	1304	1442	342	bio1	0.795921	1.657563	6.390277
MGYG000000561__gradient_L6_resistant_starch_gapseq	1304	1442	342	bio1	1.373839	1.712552	6.329418
MGYG000000561__gradient_L7_bglucan_gapseq	1304	1442	342	bio1	1.576967	1.720615	6.279178
MGYG000000561__gradient_L8_hmo_gapseq	1304	1442	342	bio1	1.576967	1.599736	6.386394
MGYG000000561__gradient_L9_mos_gapseq	1304	1442	342	bio1	1.681808	1.506865	6.318219
MGYG000000563__gradient_L0_base_gapseq	1109	1210	304	bio1	0.523107	1.657541	4.669394
MGYG000000563__gradient_L1_inulin_gapseq	1109	1210	304	bio1	0.638920	1.194234	4.757826
MGYG000000563__gradient_L2_fos_gapseq	1109	1210	304	bio1	0.638920	1.293029	4.652430
MGYG000000563__gradient_L3_gos_gapseq	1109	1210	304	bio1	0.863599	1.396298	4.849446
MGYG000000563__gradient_L4_xos_gapseq	1109	1210	304	bio1	0.863599	1.294943	4.560868
MGYG000000563__gradient_L5_pectin_gapseq	1109	1210	304	bio1	0.863599	1.420016	4.616606
MGYG000000563__gradient_L6_resistant_starch_gapseq	1109	1210	304	bio1	1.334429	1.243246	4.508388
MGYG000000563__gradient_L7_bglucan_gapseq	1109	1210	304	bio1	1.334429	1.379043	4.578142
MGYG000000563__gradient_L8_hmo_gapseq	1109	1210	304	bio1	1.334429	1.223596	4.754160
MGYG000000563__gradient_L9_mos_gapseq	1109	1210	304	bio1	1.443734	1.215025	4.536624
MGYG000000568__gradient_L0_base_gapseq	1287	1478	346	bio1	0.313719	1.551458	7.093998
MGYG000000568__gradient_L1_inulin_gapseq	1287	1478	346	bio1	0.313719	1.492122	6.899765
MGYG000000568__gradient_L2_fos_gapseq	1287	1478	346	bio1	0.313719	1.849388	6.987203
MGYG000000568__gradient_L3_gos_gapseq	1287	1478	346	bio1	0.398146	1.477241	7.212037
MGYG000000568__gradient_L4_xos_gapseq	1287	1478	346	bio1	0.398146	1.486309	6.827751
MGYG000000568__gradient_L5_pectin_gapseq	1287	1478	346	bio1	0.398146	1.646910	6.842266
MGYG000000568__gradient_L6_resistant_starch_gapseq	1287	1478	346	bio1	0.578676	1.645983	6.916911
MGYG000000568__gradient_L7_bglucan_gapseq	1287	1478	346	bio1	0.578676	1.473352	6.973060
MGYG000000568__gradient_L8_hmo_gapseq	1287	1478	346	bio1	0.578676	1.504773	6.934003
MGYG000000568__gradient_L9_mos_gapseq	1287	1478	346	bio1	0.647921	1.707942	6.927487
MGYG000000572__gradient_L0_base_gapseq	1141	1197	208	bio1	0.000000	1.283974	0.060093
MGYG000000572__gradient_L1_inulin_gapseq	1141	1197	208	bio1	0.000000	1.212152	0.061257
MGYG000000572__gradient_L2_fos_gapseq	1141	1197	208	bio1	0.000000	1.407601	0.078984
MGYG000000572__gradient_L3_gos_gapseq	1141	1197	208	bio1	0.000000	1.256347	0.069358
MGYG000000572__gradient_L4_xos_gapseq	1141	1197	208	bio1	0.000000	1.389886	0.067185
MGYG000000572__gradient_L5_pectin_gapseq	1141	1197	208	bio1	0.000000	1.251321	0.065707
MGYG000000572__gradient_L6_resistant_starch_gapseq	1141	1197	208	bio1	0.000000	1.251127	0.062766
MGYG000000572__gradient_L7_bglucan_gapseq	1141	1197	208	bio1	0.000000	1.489476	0.059323
MGYG000000572__gradient_L8_hmo_gapseq	1141	1197	208	bio1	0.000000	1.250821	0.077883
MGYG000000572__gradient_L9_mos_gapseq	1141	1197	208	bio1	0.000000	1.225049	0.245350
MGYG000000582__gradient_L0_base_gapseq	1343	1603	386	bio1	0.776199	1.689388	8.102158
MGYG000000582__gradient_L1_inulin_gapseq	1343	1603	386	bio1	0.999233	1.644133	8.262123
MGYG000000582__gradient_L2_fos_gapseq	1343	1603	386	bio1	0.999233	1.714263	7.765953
MGYG000000582__gradient_L3_gos_gapseq	1343	1603	386	bio1	1.239877	1.878547	7.746162
MGYG000000582__gradient_L4_xos_gapseq	1343	1603	386	bio1	1.281130	1.885150	7.788441
MGYG000000582__gradient_L5_pectin_gapseq	1343	1603	386	bio1	1.281130	1.660790	7.978923
MGYG000000582__gradient_L6_resistant_starch_gapseq	1343	1603	386	bio1	1.778459	1.637752	8.030361
MGYG000000582__gradient_L7_bglucan_gapseq	1343	1603	386	bio1	1.778459	1.700708	7.884765
MGYG000000582__gradient_L8_hmo_gapseq	1343	1603	386	bio1	1.778459	1.850071	7.821455
MGYG000000582__gradient_L9_mos_gapseq	1343	1603	386	bio1	1.888468	1.816439	7.755085
MGYG000000585__gradient_L0_base_gapseq	983	1048	291	bio1	0.225367	1.259287	3.587410
MGYG000000585__gradient_L1_inulin_gapseq	983	1048	291	bio1	0.327547	1.037325	3.754400
MGYG000000585__gradient_L2_fos_gapseq	983	1048	291	bio1	0.327547	1.235537	3.623520
MGYG000000585__gradient_L3_gos_gapseq	983	1048	291	bio1	0.327547	1.052495	3.419844
MGYG000000585__gradient_L4_xos_gapseq	983	1048	291	bio1	0.327547	1.176883	3.507812
MGYG000000585__gradient_L5_pectin_gapseq	983	1048	291	bio1	0.327547	1.036005	3.516330
MGYG000000585__gradient_L6_resistant_starch_gapseq	983	1048	291	bio1	0.387930	1.183610	3.401191
MGYG000000585__gradient_L7_bglucan_gapseq	983	1048	291	bio1	0.387930	1.072250	3.429290
MGYG000000585__gradient_L8_hmo_gapseq	983	1048	291	bio1	0.387930	1.178151	3.457055
MGYG000000585__gradient_L9_mos_gapseq	983	1048	291	bio1	0.387930	1.065151	3.430196
MGYG000000595__gradient_L0_base_gapseq	1202	1243	280	bio1	0.000000	1.330706	0.058039
MGYG000000595__gradient_L1_inulin_gapseq	1202	1243	280	bio1	0.251340	1.405276	5.558919
MGYG000000595__gradient_L2_fos_gapseq	1202	1243	280	bio1	0.251340	1.356189	5.040539
MGYG000000595__gradient_L3_gos_gapseq	1202	1243	280	bio1	0.251340	1.434354	5.029441
MGYG000000595__gradient_L4_xos_gapseq	1202	1243	280	bio1	0.251340	1.285763	5.001070
MGYG000000595__gradient_L5_pectin_gapseq	1202	1243	280	bio1	0.251340	1.487239	4.982950
MGYG000000595__gradient_L6_resistant_starch_gapseq	1202	1243	280	bio1	0.251340	1.315827	5.107388
MGYG000000595__gradient_L7_bglucan_gapseq	1202	1243	280	bio1	0.251340	1.350725	4.955137
MGYG000000595__gradient_L8_hmo_gapseq	1202	1243	280	bio1	0.251340	1.447874	4.953087
MGYG000000595__gradient_L9_mos_gapseq	1202	1243	280	bio1	0.251340	1.309037	5.047915
MGYG000000600__gradient_L0_base_gapseq	1311	1493	376	bio1	0.000000	1.620798	0.100230
MGYG000000600__gradient_L1_inulin_gapseq	1311	1493	376	bio1	0.000000	1.782150	0.092001
MGYG000000600__gradient_L2_fos_gapseq	1311	1493	376	bio1	0.000000	1.532785	0.090822
MGYG000000600__gradient_L3_gos_gapseq	1311	1493	376	bio1	0.000000	1.690666	0.111451
MGYG000000600__gradient_L4_xos_gapseq	1311	1493	376	bio1	1.148877	1.596893	6.749130
MGYG000000600__gradient_L5_pectin_gapseq	1311	1493	376	bio1	1.148877	1.847167	6.845001
MGYG000000600__gradient_L6_resistant_starch_gapseq	1311	1493	376	bio1	1.676270	1.675567	6.840715
MGYG000000600__gradient_L7_bglucan_gapseq	1311	1493	376	bio1	1.853527	1.572510	7.038737
MGYG000000600__gradient_L8_hmo_gapseq	1311	1493	376	bio1	1.984828	1.555565	6.982127
MGYG000000600__gradient_L9_mos_gapseq	1311	1493	376	bio1	2.072362	1.825413	6.984543
MGYG000000604__gradient_L0_base_gapseq	1263	1421	350	bio1	0.000000	1.466851	0.206587
MGYG000000604__gradient_L1_inulin_gapseq	1263	1421	350	bio1	0.000000	1.430876	0.078722
MGYG000000604__gradient_L2_fos_gapseq	1263	1421	350	bio1	0.000000	1.440588	0.089236
MGYG000000604__gradient_L3_gos_gapseq	1263	1421	350	bio1	0.809075	1.627199	6.164008
MGYG000000604__gradient_L4_xos_gapseq	1263	1421	350	bio1	0.937653	1.571936	6.225371
MGYG000000604__gradient_L5_pectin_gapseq	1263	1421	350	bio1	0.937653	1.432102	6.424280
MGYG000000604__gradient_L6_resistant_starch_gapseq	1263	1421	350	bio1	1.711562	1.413689	6.344076
MGYG000000604__gradient_L7_bglucan_gapseq	1263	1421	350	bio1	1.974017	1.530939	6.274642
MGYG000000604__gradient_L8_hmo_gapseq	1263	1421	350	bio1	1.974017	1.496708	6.631597
MGYG000000604__gradient_L9_mos_gapseq	1263	1421	350	bio1	2.117583	1.497424	6.347332
MGYG000000606__gradient_L0_base_gapseq	1219	1363	333	bio1	0.740023	1.344322	5.572793
MGYG000000606__gradient_L1_inulin_gapseq	1219	1363	333	bio1	0.847133	1.569374	5.590735
MGYG000000606__gradient_L2_fos_gapseq	1219	1363	333	bio1	0.847133	1.498734	5.745471
MGYG000000606__gradient_L3_gos_gapseq	1219	1363	333	bio1	0.927466	1.381832	5.607379
MGYG000000606__gradient_L4_xos_gapseq	1219	1363	333	bio1	0.927466	1.532150	5.594084
MGYG000000606__gradient_L5_pectin_gapseq	1219	1363	333	bio1	0.927466	1.505815	5.784919
MGYG000000606__gradient_L6_resistant_starch_gapseq	1219	1363	333	bio1	1.146465	1.439677	5.635270
MGYG000000606__gradient_L7_bglucan_gapseq	1219	1363	333	bio1	1.146465	1.566608	5.637520
MGYG000000606__gradient_L8_hmo_gapseq	1219	1363	333	bio1	1.146465	1.351319	5.737265
MGYG000000606__gradient_L9_mos_gapseq	1219	1363	333	bio1	1.219092	1.372485	5.631065
MGYG000000607__gradient_L0_base_gapseq	819	785	115	bio1	0.022036	0.788582	2.013497
MGYG000000607__gradient_L1_inulin_gapseq	819	785	115	bio1	0.024379	0.931435	2.118636
MGYG000000607__gradient_L2_fos_gapseq	819	785	115	bio1	0.024379	0.793521	2.016405
MGYG000000607__gradient_L3_gos_gapseq	819	785	115	bio1	0.024379	0.782945	2.084107
MGYG000000607__gradient_L4_xos_gapseq	819	785	115	bio1	0.024379	0.918877	2.056943
MGYG000000607__gradient_L5_pectin_gapseq	819	785	115	bio1	0.024379	0.785804	2.006973
MGYG000000607__gradient_L6_resistant_starch_gapseq	819	785	115	bio1	0.024377	0.801098	2.027616
MGYG000000607__gradient_L7_bglucan_gapseq	819	785	115	bio1	0.024377	0.926817	2.045229
MGYG000000607__gradient_L8_hmo_gapseq	819	785	115	bio1	0.024377	0.778120	2.037907
MGYG000000607__gradient_L9_mos_gapseq	819	785	115	bio1	0.024377	0.785617	2.012288
MGYG000000610__gradient_L0_base_gapseq	997	1004	144	bio1	0.221487	0.981500	3.287819
MGYG000000610__gradient_L1_inulin_gapseq	997	1004	144	bio1	0.299787	1.143471	3.349148
MGYG000000610__gradient_L2_fos_gapseq	997	1004	144	bio1	0.299787	1.034822	3.349510
MGYG000000610__gradient_L3_gos_gapseq	997	1004	144	bio1	0.299787	1.134224	3.327391
MGYG000000610__gradient_L4_xos_gapseq	997	1004	144	bio1	0.299787	1.004015	3.322800
MGYG000000610__gradient_L5_pectin_gapseq	997	1004	144	bio1	0.299787	1.021979	3.591789
MGYG000000610__gradient_L6_resistant_starch_gapseq	997	1004	144	bio1	0.474977	1.001001	3.552353
MGYG000000610__gradient_L7_bglucan_gapseq	997	1004	144	bio1	0.474977	1.041069	3.447168
MGYG000000610__gradient_L8_hmo_gapseq	997	1004	144	bio1	0.474977	1.037654	3.324129
MGYG000000610__gradient_L9_mos_gapseq	997	1004	144	bio1	0.474977	1.039773	3.412305
MGYG000000611__gradient_L0_base_gapseq	1190	1220	293	bio1	0.000000	1.303612	0.061585
MGYG000000611__gradient_L1_inulin_gapseq	1190	1220	293	bio1	0.000000	1.253886	0.057719
MGYG000000611__gradient_L2_fos_gapseq	1190	1220	293	bio1	0.000000	1.352451	0.050606
MGYG000000611__gradient_L3_gos_gapseq	1190	1220	293	bio1	0.000000	1.206920	0.067383
MGYG000000611__gradient_L4_xos_gapseq	1190	1220	293	bio1	0.000000	1.356505	0.053586
MGYG000000611__gradient_L5_pectin_gapseq	1190	1220	293	bio1	0.000000	1.216664	0.053105
MGYG000000611__gradient_L6_resistant_starch_gapseq	1190	1220	293	bio1	0.270986	1.262307	4.836639
MGYG000000611__gradient_L7_bglucan_gapseq	1190	1220	293	bio1	0.270986	1.243511	4.580225
MGYG000000611__gradient_L8_hmo_gapseq	1190	1220	293	bio1	0.270986	1.448125	4.764907
MGYG000000611__gradient_L9_mos_gapseq	1190	1220	293	bio1	0.270986	1.338348	4.864339
MGYG000000616__gradient_L0_base_gapseq	1186	1244	281	bio1	0.000000	1.426149	0.061982
MGYG000000616__gradient_L1_inulin_gapseq	1186	1244	281	bio1	0.000000	1.311825	0.051087
MGYG000000616__gradient_L2_fos_gapseq	1186	1244	281	bio1	0.000000	1.396757	0.055209
MGYG000000616__gradient_L3_gos_gapseq	1186	1244	281	bio1	0.000000	1.241707	0.052725
MGYG000000616__gradient_L4_xos_gapseq	1186	1244	281	bio1	0.000000	1.257756	0.058917
MGYG000000616__gradient_L5_pectin_gapseq	1186	1244	281	bio1	0.289861	1.414760	4.888598
MGYG000000616__gradient_L6_resistant_starch_gapseq	1186	1244	281	bio1	0.289861	1.303999	5.174837
MGYG000000616__gradient_L7_bglucan_gapseq	1186	1244	281	bio1	0.289861	1.301499	4.885796
MGYG000000616__gradient_L8_hmo_gapseq	1186	1244	281	bio1	0.289861	1.424699	4.962759
MGYG000000616__gradient_L9_mos_gapseq	1186	1244	281	bio1	0.289861	1.310914	4.958552
MGYG000000620__gradient_L0_base_gapseq	1140	1281	342	bio1	0.601525	1.403611	5.091198
MGYG000000620__gradient_L1_inulin_gapseq	1140	1281	342	bio1	0.714313	1.306433	5.085822
MGYG000000620__gradient_L2_fos_gapseq	1140	1281	342	bio1	0.714313	1.410514	5.141913
MGYG000000620__gradient_L3_gos_gapseq	1140	1281	342	bio1	0.932839	1.372707	5.176003
MGYG000000620__gradient_L4_xos_gapseq	1140	1281	342	bio1	0.932839	1.327837	5.112739
MGYG000000620__gradient_L5_pectin_gapseq	1140	1281	342	bio1	0.932839	1.527442	5.143820
MGYG000000620__gradient_L6_resistant_starch_gapseq	1140	1281	342	bio1	1.043760	1.284494	5.314056
MGYG000000620__gradient_L7_bglucan_gapseq	1140	1281	342	bio1	1.043760	1.356576	5.063206
MGYG000000620__gradient_L8_hmo_gapseq	1140	1281	342	bio1	1.043760	1.476448	4.942419
MGYG000000620__gradient_L9_mos_gapseq	1140	1281	342	bio1	1.152439	1.297815	5.118295
MGYG000000623__gradient_L0_base_gapseq	1350	1551	450	bio1	0.323235	1.784157	7.275466
MGYG000000623__gradient_L1_inulin_gapseq	1350	1551	450	bio1	0.495632	1.707890	7.461226
MGYG000000623__gradient_L2_fos_gapseq	1350	1551	450	bio1	0.495632	1.679435	7.606795
MGYG000000623__gradient_L3_gos_gapseq	1350	1551	450	bio1	0.793849	1.622536	7.381768
MGYG000000623__gradient_L4_xos_gapseq	1350	1551	450	bio1	0.827487	1.754573	7.450782
MGYG000000623__gradient_L5_pectin_gapseq	1350	1551	450	bio1	0.827487	1.775519	7.437082
MGYG000000623__gradient_L6_resistant_starch_gapseq	1350	1551	450	bio1	1.395498	1.580681	7.718627
MGYG000000623__gradient_L7_bglucan_gapseq	1350	1551	450	bio1	1.593337	1.657513	7.460791
MGYG000000623__gradient_L8_hmo_gapseq	1350	1551	450	bio1	1.733739	1.645862	7.333348
MGYG000000623__gradient_L9_mos_gapseq	1350	1551	450	bio1	1.733739	1.757700	7.379571
MGYG000000627__gradient_L0_base_gapseq	1336	1492	329	bio1	0.350046	1.680831	6.903105
MGYG000000627__gradient_L1_inulin_gapseq	1336	1492	329	bio1	0.461051	1.760123	6.845738
MGYG000000627__gradient_L2_fos_gapseq	1336	1492	329	bio1	0.461051	1.586231	7.101573
MGYG000000627__gradient_L3_gos_gapseq	1336	1492	329	bio1	0.639584	1.555491	6.827664
MGYG000000627__gradient_L4_xos_gapseq	1336	1492	329	bio1	0.639584	1.684001	6.899043
MGYG000000627__gradient_L5_pectin_gapseq	1336	1492	329	bio1	0.639584	1.682024	6.775463
MGYG000000627__gradient_L6_resistant_starch_gapseq	1336	1492	329	bio1	0.978123	1.690731	7.089034
MGYG000000627__gradient_L7_bglucan_gapseq	1336	1492	329	bio1	0.994383	1.515956	6.862525
MGYG000000627__gradient_L8_hmo_gapseq	1336	1492	329	bio1	0.994383	1.648392	6.841432
MGYG000000627__gradient_L9_mos_gapseq	1336	1492	329	bio1	0.994383	1.657721	6.830157
MGYG000000630__gradient_L0_base_gapseq	1233	1332	323	bio1	0.077642	1.674317	5.580799
MGYG000000630__gradient_L1_inulin_gapseq	1233	1332	323	bio1	0.176641	1.499439	5.544539
MGYG000000630__gradient_L2_fos_gapseq	1233	1332	323	bio1	0.176641	1.397682	5.539233
MGYG000000630__gradient_L3_gos_gapseq	1233	1332	323	bio1	0.176641	1.600397	5.505553
MGYG000000630__gradient_L4_xos_gapseq	1233	1332	323	bio1	0.176641	1.559442	5.556975
MGYG000000630__gradient_L5_pectin_gapseq	1233	1332	323	bio1	0.176641	1.435052	5.489757
MGYG000000630__gradient_L6_resistant_starch_gapseq	1233	1332	323	bio1	0.176641	1.563706	5.644186
MGYG000000630__gradient_L7_bglucan_gapseq	1233	1332	323	bio1	0.176641	1.546810	5.479973
MGYG000000630__gradient_L8_hmo_gapseq	1233	1332	323	bio1	0.176641	1.461404	5.468241
MGYG000000630__gradient_L9_mos_gapseq	1233	1332	323	bio1	0.176641	1.553436	5.461056
MGYG000000631__gradient_L0_base_gapseq	1258	1439	339	bio1	0.787844	1.493914	6.515768
MGYG000000631__gradient_L1_inulin_gapseq	1258	1439	339	bio1	0.886889	1.619064	6.393181
MGYG000000631__gradient_L2_fos_gapseq	1258	1439	339	bio1	0.886889	1.502819	6.613474
MGYG000000631__gradient_L3_gos_gapseq	1258	1439	339	bio1	0.961172	1.422139	6.446346
MGYG000000631__gradient_L4_xos_gapseq	1258	1439	339	bio1	0.974678	1.568563	6.493917
MGYG000000631__gradient_L5_pectin_gapseq	1258	1439	339	bio1	0.974678	1.511328	6.590247
MGYG000000631__gradient_L6_resistant_starch_gapseq	1258	1439	339	bio1	1.215536	1.513375	6.379443
MGYG000000631__gradient_L7_bglucan_gapseq	1258	1439	339	bio1	1.215536	1.635385	6.398321
MGYG000000631__gradient_L8_hmo_gapseq	1258	1439	339	bio1	1.215536	1.643664	6.339222
MGYG000000631__gradient_L9_mos_gapseq	1258	1439	339	bio1	1.304380	1.468999	6.643416
MGYG000000643__gradient_L0_base_gapseq	1136	1185	279	bio1	0.000000	1.216820	0.215929
MGYG000000643__gradient_L1_inulin_gapseq	1136	1185	279	bio1	0.000000	1.186940	0.060721
MGYG000000643__gradient_L2_fos_gapseq	1136	1185	279	bio1	0.000000	1.203390	0.052589
MGYG000000643__gradient_L3_gos_gapseq	1136	1185	279	bio1	0.000000	1.316484	0.068916
MGYG000000643__gradient_L4_xos_gapseq	1136	1185	279	bio1	0.000000	1.201291	0.058627
MGYG000000643__gradient_L5_pectin_gapseq	1136	1185	279	bio1	0.302330	1.251812	4.655969
MGYG000000643__gradient_L6_resistant_starch_gapseq	1136	1185	279	bio1	0.302330	1.219784	4.637299
MGYG000000643__gradient_L7_bglucan_gapseq	1136	1185	279	bio1	0.302330	1.459849	4.511342
MGYG000000643__gradient_L8_hmo_gapseq	1136	1185	279	bio1	0.302330	1.238656	4.492045
MGYG000000643__gradient_L9_mos_gapseq	1136	1185	279	bio1	0.302330	1.370619	4.656891
MGYG000000644__gradient_L0_base_gapseq	1343	1599	417	bio1	0.000000	1.811119	0.092676
MGYG000000644__gradient_L1_inulin_gapseq	1343	1599	417	bio1	0.000000	1.586632	0.110801
MGYG000000644__gradient_L2_fos_gapseq	1343	1599	417	bio1	0.000000	1.743365	0.104679
MGYG000000644__gradient_L3_gos_gapseq	1343	1599	417	bio1	0.803665	1.717640	7.937129
MGYG000000644__gradient_L4_xos_gapseq	1343	1599	417	bio1	0.865840	1.640328	7.664449
MGYG000000644__gradient_L5_pectin_gapseq	1343	1599	417	bio1	0.898079	1.810088	7.638990
MGYG000000644__gradient_L6_resistant_starch_gapseq	1343	1599	417	bio1	1.360941	1.883752	7.820368
MGYG000000644__gradient_L7_bglucan_gapseq	1343	1599	417	bio1	1.519833	1.645323	7.866653
MGYG000000644__gradient_L8_hmo_gapseq	1343	1599	417	bio1	1.519833	1.643664	7.610264
MGYG000000644__gradient_L9_mos_gapseq	1343	1599	417	bio1	1.621156	1.796360	7.701840
MGYG000000646__gradient_L0_base_gapseq	1083	1219	303	bio1	0.000000	1.378790	0.061608
MGYG000000646__gradient_L1_inulin_gapseq	1083	1219	303	bio1	0.285121	1.159743	4.723036
MGYG000000646__gradient_L2_fos_gapseq	1083	1219	303	bio1	0.285121	1.328562	4.705696
MGYG000000646__gradient_L3_gos_gapseq	1083	1219	303	bio1	0.495574	1.226144	4.779300
MGYG000000646__gradient_L4_xos_gapseq	1083	1219	303	bio1	0.495574	1.213765	4.664237
MGYG000000646__gradient_L5_pectin_gapseq	1083	1219	303	bio1	0.527255	1.301369	4.704676
MGYG000000646__gradient_L6_resistant_starch_gapseq	1083	1219	303	bio1	0.954951	1.329902	4.749149
MGYG000000646__gradient_L7_bglucan_gapseq	1083	1219	303	bio1	1.107992	1.491511	4.736588
MGYG000000646__gradient_L8_hmo_gapseq	1083	1219	303	bio1	1.218131	1.232932	4.792492
MGYG000000646__gradient_L9_mos_gapseq	1083	1219	303	bio1	1.288620	1.200006	4.589318
MGYG000000650__gradient_L0_base_gapseq	1330	1491	407	bio1	0.000000	1.704408	0.092515
MGYG000000650__gradient_L1_inulin_gapseq	1330	1491	407	bio1	0.530396	1.474599	7.000696
MGYG000000650__gradient_L2_fos_gapseq	1330	1491	407	bio1	0.530396	1.530251	6.824742
MGYG000000650__gradient_L3_gos_gapseq	1330	1491	407	bio1	0.647541	1.697899	6.786007
MGYG000000650__gradient_L4_xos_gapseq	1330	1491	407	bio1	0.667065	1.783653	6.912364
MGYG000000650__gradient_L5_pectin_gapseq	1330	1491	407	bio1	0.681708	1.523894	7.066732
MGYG000000650__gradient_L6_resistant_starch_gapseq	1330	1491	407	bio1	1.005956	1.523655	6.889331
MGYG000000650__gradient_L7_bglucan_gapseq	1330	1491	407	bio1	1.005956	1.681389	6.811659
MGYG000000650__gradient_L8_hmo_gapseq	1330	1491	407	bio1	1.005956	1.611357	6.900039
MGYG000000650__gradient_L9_mos_gapseq	1330	1491	407	bio1	1.081818	1.569064	7.014382
MGYG000000654__gradient_L0_base_gapseq	827	825	176	bio1	0.000000	0.959830	0.031139
MGYG000000654__gradient_L1_inulin_gapseq	827	825	176	bio1	0.000000	0.795458	0.041091
MGYG000000654__gradient_L2_fos_gapseq	827	825	176	bio1	0.000000	0.801534	0.028867
MGYG000000654__gradient_L3_gos_gapseq	827	825	176	bio1	0.000000	0.820704	0.045818
MGYG000000654__gradient_L4_xos_gapseq	827	825	176	bio1	0.000000	0.888306	0.026499
MGYG000000654__gradient_L5_pectin_gapseq	827	825	176	bio1	0.000000	0.785860	0.031514
MGYG000000654__gradient_L6_resistant_starch_gapseq	827	825	176	bio1	0.000000	0.778839	0.031819
MGYG000000654__gradient_L7_bglucan_gapseq	827	825	176	bio1	0.000000	0.786306	0.028583
MGYG000000654__gradient_L8_hmo_gapseq	827	825	176	bio1	0.000000	0.920531	0.031113
MGYG000000654__gradient_L9_mos_gapseq	827	825	176	bio1	0.000000	0.820042	0.036801
MGYG000000659__gradient_L0_base_gapseq	887	934	183	bio1	0.000000	0.893873	0.046868
MGYG000000659__gradient_L1_inulin_gapseq	887	934	183	bio1	0.000000	1.078280	0.056343
MGYG000000659__gradient_L2_fos_gapseq	887	934	183	bio1	0.000000	0.915306	0.044660
MGYG000000659__gradient_L3_gos_gapseq	887	934	183	bio1	0.000000	0.928022	0.045692
MGYG000000659__gradient_L4_xos_gapseq	887	934	183	bio1	0.000000	0.939533	0.045540
MGYG000000659__gradient_L5_pectin_gapseq	887	934	183	bio1	0.000000	1.088195	0.050983
MGYG000000659__gradient_L6_resistant_starch_gapseq	887	934	183	bio1	0.000000	0.902463	0.047160
MGYG000000659__gradient_L7_bglucan_gapseq	887	934	183	bio1	0.000000	0.898453	0.046548
MGYG000000659__gradient_L8_hmo_gapseq	887	934	183	bio1	0.000000	1.069560	0.047036
MGYG000000659__gradient_L9_mos_gapseq	887	934	183	bio1	0.000000	0.919527	0.047453
MGYG000000660__gradient_L0_base_gapseq	1047	1167	278	bio1	0.526725	1.131127	4.492309
MGYG000000660__gradient_L1_inulin_gapseq	1047	1167	278	bio1	0.756574	1.176291	4.319520
MGYG000000660__gradient_L2_fos_gapseq	1047	1167	278	bio1	0.756574	1.188783	4.421612
MGYG000000660__gradient_L3_gos_gapseq	1047	1167	278	bio1	0.986422	1.292569	4.433521
MGYG000000660__gradient_L4_xos_gapseq	1047	1167	278	bio1	0.986422	1.384167	4.326246
MGYG000000660__gradient_L5_pectin_gapseq	1047	1167	278	bio1	0.986422	1.206519	4.310599
MGYG000000660__gradient_L6_resistant_starch_gapseq	1047	1167	278	bio1	1.463684	1.321042	4.286686
MGYG000000660__gradient_L7_bglucan_gapseq	1047	1167	278	bio1	1.463684	1.163907	4.465105
MGYG000000660__gradient_L8_hmo_gapseq	1047	1167	278	bio1	1.463684	1.207736	4.312974
MGYG000000660__gradient_L9_mos_gapseq	1047	1167	278	bio1	1.575381	1.181320	4.533737
MGYG000000670__gradient_L0_base_gapseq	1290	1487	424	bio1	0.647983	1.739517	6.586878
MGYG000000670__gradient_L1_inulin_gapseq	1290	1487	424	bio1	0.870152	1.629202	6.675397
MGYG000000670__gradient_L2_fos_gapseq	1290	1487	424	bio1	0.870152	1.563083	6.918563
MGYG000000670__gradient_L3_gos_gapseq	1290	1487	424	bio1	1.062644	1.583347	6.628934
MGYG000000670__gradient_L4_xos_gapseq	1290	1487	424	bio1	1.062644	1.712127	6.584820
MGYG000000670__gradient_L5_pectin_gapseq	1290	1487	424	bio1	1.062644	1.625143	6.594716
MGYG000000670__gradient_L6_resistant_starch_gapseq	1290	1487	424	bio1	1.524178	1.530084	7.037082
MGYG000000670__gradient_L7_bglucan_gapseq	1290	1487	424	bio1	1.679523	1.547048	6.769138
MGYG000000670__gradient_L8_hmo_gapseq	1290	1487	424	bio1	1.679523	1.554580	6.578271
MGYG000000670__gradient_L9_mos_gapseq	1290	1487	424	bio1	1.787590	1.665622	6.623294
MGYG000000672__gradient_L0_base_gapseq	1215	1353	313	bio1	0.335139	1.431085	5.897138
MGYG000000672__gradient_L1_inulin_gapseq	1215	1353	313	bio1	0.459033	1.368252	5.991531
MGYG000000672__gradient_L2_fos_gapseq	1215	1353	313	bio1	0.459033	1.576239	5.761609
MGYG000000672__gradient_L3_gos_gapseq	1215	1353	313	bio1	0.539610	1.375119	5.840758
MGYG000000672__gradient_L4_xos_gapseq	1215	1353	313	bio1	0.539610	1.312977	5.693678
MGYG000000672__gradient_L5_pectin_gapseq	1215	1353	313	bio1	0.539610	1.492336	5.721231
MGYG000000672__gradient_L6_resistant_starch_gapseq	1215	1353	313	bio1	0.815524	1.336679	5.839312
MGYG000000672__gradient_L7_bglucan_gapseq	1215	1353	313	bio1	0.815524	1.600936	5.642976
MGYG000000672__gradient_L8_hmo_gapseq	1215	1353	313	bio1	0.815524	1.359989	5.860505
MGYG000000672__gradient_L9_mos_gapseq	1215	1353	313	bio1	0.922959	1.359000	5.750162
MGYG000000676__gradient_L0_base_gapseq	1051	1154	253	bio1	0.275536	1.165916	4.574043
MGYG000000676__gradient_L1_inulin_gapseq	1051	1154	253	bio1	0.458568	1.182010	4.370750
MGYG000000676__gradient_L2_fos_gapseq	1051	1154	253	bio1	0.458568	1.166405	4.423485
MGYG000000676__gradient_L3_gos_gapseq	1051	1154	253	bio1	0.789995	1.184781	4.407034
MGYG000000676__gradient_L4_xos_gapseq	1051	1154	253	bio1	0.888293	1.328692	4.419433
MGYG000000676__gradient_L5_pectin_gapseq	1051	1154	253	bio1	0.888293	1.180064	4.323783
MGYG000000676__gradient_L6_resistant_starch_gapseq	1051	1154	253	bio1	1.604626	1.309431	4.408631
MGYG000000676__gradient_L7_bglucan_gapseq	1051	1154	253	bio1	1.853830	1.217370	4.559262
MGYG000000676__gradient_L8_hmo_gapseq	1051	1154	253	bio1	1.853830	1.136605	4.432103
MGYG000000676__gradient_L9_mos_gapseq	1051	1154	253	bio1	1.983498	1.171836	4.515506
MGYG000000683__gradient_L0_base_gapseq	1172	1264	246	bio1	0.380655	1.511240	4.936234
MGYG000000683__gradient_L1_inulin_gapseq	1172	1264	246	bio1	0.523963	1.286669	5.118796
MGYG000000683__gradient_L2_fos_gapseq	1172	1264	246	bio1	0.523963	1.282553	5.008281
MGYG000000683__gradient_L3_gos_gapseq	1172	1264	246	bio1	0.523963	1.395693	4.945810
MGYG000000683__gradient_L4_xos_gapseq	1172	1264	246	bio1	0.523963	1.315205	4.943240
MGYG000000683__gradient_L5_pectin_gapseq	1172	1264	246	bio1	0.523963	1.487622	5.105155
MGYG000000683__gradient_L6_resistant_starch_gapseq	1172	1264	246	bio1	1.175562	1.342207	5.126310
MGYG000000683__gradient_L7_bglucan_gapseq	1172	1264	246	bio1	1.175562	1.330000	4.996865
MGYG000000683__gradient_L8_hmo_gapseq	1172	1264	246	bio1	1.175562	1.382382	4.965066
MGYG000000683__gradient_L9_mos_gapseq	1172	1264	246	bio1	1.175562	1.311504	5.135114
MGYG000000684__gradient_L0_base_gapseq	1167	1290	313	bio1	0.555700	1.422529	5.165577
MGYG000000684__gradient_L1_inulin_gapseq	1167	1290	313	bio1	0.770814	1.290926	5.214059
MGYG000000684__gradient_L2_fos_gapseq	1167	1290	313	bio1	0.770814	1.540678	5.256182
MGYG000000684__gradient_L3_gos_gapseq	1167	1290	313	bio1	0.985927	1.267661	5.384220
MGYG000000684__gradient_L4_xos_gapseq	1167	1290	313	bio1	1.043886	1.288712	5.115420
MGYG000000684__gradient_L5_pectin_gapseq	1167	1290	313	bio1	1.043886	1.399713	5.233657
MGYG000000684__gradient_L6_resistant_starch_gapseq	1167	1290	313	bio1	1.310558	1.298169	5.328532
MGYG000000684__gradient_L7_bglucan_gapseq	1167	1290	313	bio1	1.310558	1.297155	5.324267
MGYG000000684__gradient_L8_hmo_gapseq	1167	1290	313	bio1	1.310558	1.487483	5.214840
MGYG000000684__gradient_L9_mos_gapseq	1167	1290	313	bio1	1.419962	1.361947	5.499960
MGYG000000685__gradient_L0_base_gapseq	1365	1522	392	bio1	0.000000	1.714593	0.076532
MGYG000000685__gradient_L1_inulin_gapseq	1365	1522	392	bio1	0.000000	1.649149	0.087093
MGYG000000685__gradient_L2_fos_gapseq	1365	1522	392	bio1	0.000000	1.657258	0.082221
MGYG000000685__gradient_L3_gos_gapseq	1365	1522	392	bio1	0.881198	1.555126	7.269467
MGYG000000685__gradient_L4_xos_gapseq	1365	1522	392	bio1	0.881198	1.747023	7.156870
MGYG000000685__gradient_L5_pectin_gapseq	1365	1522	392	bio1	0.881198	1.781504	7.146343
MGYG000000685__gradient_L6_resistant_starch_gapseq	1365	1522	392	bio1	1.429947	1.581744	7.245457
MGYG000000685__gradient_L7_bglucan_gapseq	1365	1522	392	bio1	1.612928	1.602853	7.282874
MGYG000000685__gradient_L8_hmo_gapseq	1365	1522	392	bio1	1.612928	1.783463	7.132420
MGYG000000685__gradient_L9_mos_gapseq	1365	1522	392	bio1	1.739433	1.828762	7.403570
MGYG000000691__gradient_L0_base_gapseq	1083	1101	209	bio1	0.000000	1.119261	0.191471
MGYG000000691__gradient_L1_inulin_gapseq	1083	1101	209	bio1	0.000000	1.128934	0.062422
MGYG000000691__gradient_L2_fos_gapseq	1083	1101	209	bio1	0.000000	1.133405	0.054448
MGYG000000691__gradient_L3_gos_gapseq	1083	1101	209	bio1	0.000000	1.278145	0.040344
MGYG000000691__gradient_L4_xos_gapseq	1083	1101	209	bio1	0.000000	1.113411	0.056917
MGYG000000691__gradient_L5_pectin_gapseq	1083	1101	209	bio1	0.000000	1.171005	0.045994
MGYG000000691__gradient_L6_resistant_starch_gapseq	1083	1101	209	bio1	0.000000	1.355288	0.050999
MGYG000000691__gradient_L7_bglucan_gapseq	1083	1101	209	bio1	0.000000	1.129914	0.055072
MGYG000000691__gradient_L8_hmo_gapseq	1083	1101	209	bio1	0.000000	1.156495	0.048820
MGYG000000691__gradient_L9_mos_gapseq	1083	1101	209	bio1	0.000000	1.379467	0.061944
MGYG000000693__gradient_L0_base_gapseq	1164	1312	317	bio1	0.779040	1.325382	5.467198
MGYG000000693__gradient_L1_inulin_gapseq	1164	1312	317	bio1	1.072052	1.513486	5.444648
MGYG000000693__gradient_L2_fos_gapseq	1164	1312	317	bio1	1.072052	1.441681	5.472652
MGYG000000693__gradient_L3_gos_gapseq	1164	1312	317	bio1	1.366256	1.331704	5.315335
MGYG000000693__gradient_L4_xos_gapseq	1164	1312	317	bio1	1.366256	1.500259	5.382169
MGYG000000693__gradient_L5_pectin_gapseq	1164	1312	317	bio1	1.366256	1.321929	5.667099
MGYG000000693__gradient_L6_resistant_starch_gapseq	1164	1312	317	bio1	1.983638	1.354450	5.322817
MGYG000000693__gradient_L7_bglucan_gapseq	1164	1312	317	bio1	1.983638	1.561154	5.444876
MGYG000000693__gradient_L8_hmo_gapseq	1164	1312	317	bio1	1.983638	1.424477	5.587036
MGYG000000693__gradient_L9_mos_gapseq	1164	1312	317	bio1	2.126283	1.371685	5.340890
MGYG000000694__gradient_L0_base_gapseq	1168	1302	293	bio1	0.000000	1.509305	0.069808
MGYG000000694__gradient_L1_inulin_gapseq	1168	1302	293	bio1	0.000000	1.399225	0.065369
MGYG000000694__gradient_L2_fos_gapseq	1168	1302	293	bio1	0.000000	1.484340	0.091386
MGYG000000694__gradient_L3_gos_gapseq	1168	1302	293	bio1	0.000000	1.331892	0.075818
MGYG000000694__gradient_L4_xos_gapseq	1168	1302	293	bio1	0.000000	1.328876	0.067041
MGYG000000694__gradient_L5_pectin_gapseq	1168	1302	293	bio1	0.000000	1.466506	0.072161
MGYG000000694__gradient_L6_resistant_starch_gapseq	1168	1302	293	bio1	0.000000	1.309584	0.073125
MGYG000000694__gradient_L7_bglucan_gapseq	1168	1302	293	bio1	0.000000	1.476692	0.065312
MGYG000000694__gradient_L8_hmo_gapseq	1168	1302	293	bio1	0.000000	1.339058	0.073164
MGYG000000694__gradient_L9_mos_gapseq	1168	1302	293	bio1	0.000000	1.327979	0.253490
MGYG000000696__gradient_L0_base_gapseq	1378	1611	432	bio1	0.000000	1.636387	0.099662
MGYG000000696__gradient_L1_inulin_gapseq	1378	1611	432	bio1	1.386182	1.843505	7.933386
MGYG000000696__gradient_L2_fos_gapseq	1378	1611	432	bio1	1.386182	1.780854	7.947779
MGYG000000696__gradient_L3_gos_gapseq	1378	1611	432	bio1	1.687729	1.651482	8.084818
MGYG000000696__gradient_L4_xos_gapseq	1378	1611	432	bio1	1.687729	1.764286	8.178739
MGYG000000696__gradient_L5_pectin_gapseq	1378	1611	432	bio1	1.687729	1.692995	8.218221
MGYG000000696__gradient_L6_resistant_starch_gapseq	1378	1611	432	bio1	2.272718	1.842577	7.949329
MGYG000000696__gradient_L7_bglucan_gapseq	1378	1611	432	bio1	2.272718	1.818790	7.921678
MGYG000000696__gradient_L8_hmo_gapseq	1378	1611	432	bio1	2.272718	1.711461	8.051426
MGYG000000696__gradient_L9_mos_gapseq	1378	1611	432	bio1	2.276100	1.562884	8.211898
MGYG000000701__gradient_L0_base_gapseq	1264	1465	341	bio1	0.892328	1.498858	6.705975
MGYG000000701__gradient_L1_inulin_gapseq	1264	1465	341	bio1	0.987643	1.535869	6.486190
MGYG000000701__gradient_L2_fos_gapseq	1264	1465	341	bio1	0.987643	1.661515	6.530790
MGYG000000701__gradient_L3_gos_gapseq	1264	1465	341	bio1	1.058147	1.448547	6.846235
MGYG000000701__gradient_L4_xos_gapseq	1264	1465	341	bio1	1.074736	1.569593	6.475082
MGYG000000701__gradient_L5_pectin_gapseq	1264	1465	341	bio1	1.074736	1.664528	6.665891
MGYG000000701__gradient_L6_resistant_starch_gapseq	1264	1465	341	bio1	1.301744	1.535541	6.808465
MGYG000000701__gradient_L7_bglucan_gapseq	1264	1465	341	bio1	1.434481	1.526098	6.632319
MGYG000000701__gradient_L8_hmo_gapseq	1264	1465	341	bio1	1.434481	1.656793	6.632318
MGYG000000701__gradient_L9_mos_gapseq	1264	1465	341	bio1	1.517256	1.632252	6.589442
MGYG000000716__gradient_L0_base_gapseq	1171	1310	322	bio1	0.852850	1.330534	5.337952
MGYG000000716__gradient_L1_inulin_gapseq	1171	1310	322	bio1	1.142029	1.496831	5.322553
MGYG000000716__gradient_L2_fos_gapseq	1171	1310	322	bio1	1.142029	1.299673	5.466393
MGYG000000716__gradient_L3_gos_gapseq	1171	1310	322	bio1	1.437615	1.331175	5.318675
MGYG000000716__gradient_L4_xos_gapseq	1171	1310	322	bio1	1.437615	1.491631	5.416197
MGYG000000716__gradient_L5_pectin_gapseq	1171	1310	322	bio1	1.437615	1.370493	5.525045
MGYG000000716__gradient_L6_resistant_starch_gapseq	1171	1310	322	bio1	2.057899	1.391500	5.484128
MGYG000000716__gradient_L7_bglucan_gapseq	1171	1310	322	bio1	2.057899	1.561388	5.377983
MGYG000000716__gradient_L8_hmo_gapseq	1171	1310	322	bio1	2.057899	1.393239	5.390028
MGYG000000716__gradient_L9_mos_gapseq	1171	1310	322	bio1	2.201214	1.573705	5.347627
MGYG000000719__gradient_L0_base_gapseq	946	1014	202	bio1	0.000000	0.994208	0.050597
MGYG000000719__gradient_L1_inulin_gapseq	946	1014	202	bio1	0.000000	1.026643	0.056443
MGYG000000719__gradient_L2_fos_gapseq	946	1014	202	bio1	0.000000	1.148226	0.054766
MGYG000000719__gradient_L3_gos_gapseq	946	1014	202	bio1	0.000000	1.003064	0.045196
MGYG000000719__gradient_L4_xos_gapseq	946	1014	202	bio1	1.134891	0.979729	3.258960
MGYG000000719__gradient_L5_pectin_gapseq	946	1014	202	bio1	1.134891	1.165541	3.278758
MGYG000000719__gradient_L6_resistant_starch_gapseq	946	1014	202	bio1	1.276753	1.018895	3.272884
MGYG000000719__gradient_L7_bglucan_gapseq	946	1014	202	bio1	1.276753	1.147097	3.292998
MGYG000000719__gradient_L8_hmo_gapseq	946	1014	202	bio1	1.276753	1.060299	3.290856
MGYG000000719__gradient_L9_mos_gapseq	946	1014	202	bio1	1.276753	1.129773	3.291564
MGYG000000722__gradient_L0_base_gapseq	1069	1164	255	bio1	0.000000	1.194115	0.053754
MGYG000000722__gradient_L1_inulin_gapseq	1069	1164	255	bio1	0.000000	1.161762	0.059533
MGYG000000722__gradient_L2_fos_gapseq	1069	1164	255	bio1	0.000000	1.311495	0.054022
MGYG000000722__gradient_L3_gos_gapseq	1069	1164	255	bio1	0.527176	1.146500	4.205795
MGYG000000722__gradient_L4_xos_gapseq	1069	1164	255	bio1	0.527176	1.445244	4.170740
MGYG000000722__gradient_L5_pectin_gapseq	1069	1164	255	bio1	0.527176	1.198049	4.368955
MGYG000000722__gradient_L6_resistant_starch_gapseq	1069	1164	255	bio1	0.633095	1.451586	4.269687
MGYG000000722__gradient_L7_bglucan_gapseq	1069	1164	255	bio1	0.633095	1.122864	4.247493
MGYG000000722__gradient_L8_hmo_gapseq	1069	1164	255	bio1	0.633095	1.431570	4.281979
MGYG000000722__gradient_L9_mos_gapseq	1069	1164	255	bio1	0.739013	1.206960	4.481954
MGYG000000725__gradient_L0_base_gapseq	1271	1366	320	bio1	0.127952	1.411939	5.814971
MGYG000000725__gradient_L1_inulin_gapseq	1271	1366	320	bio1	0.225951	1.564562	6.024394
MGYG000000725__gradient_L2_fos_gapseq	1271	1366	320	bio1	0.225951	1.471371	6.142838
MGYG000000725__gradient_L3_gos_gapseq	1271	1366	320	bio1	0.256999	1.446794	5.938443
MGYG000000725__gradient_L4_xos_gapseq	1271	1366	320	bio1	0.256999	1.621295	6.104947
MGYG000000725__gradient_L5_pectin_gapseq	1271	1366	320	bio1	0.256999	1.490585	5.975899
MGYG000000725__gradient_L6_resistant_starch_gapseq	1271	1366	320	bio1	0.298396	1.406672	5.925776
MGYG000000725__gradient_L7_bglucan_gapseq	1271	1366	320	bio1	0.298396	1.617578	5.885503
MGYG000000725__gradient_L8_hmo_gapseq	1271	1366	320	bio1	0.298396	1.539823	5.968078
MGYG000000725__gradient_L9_mos_gapseq	1271	1366	320	bio1	0.298396	1.579590	6.413056
MGYG000000726__gradient_L0_base_gapseq	1154	1303	295	bio1	0.000000	1.475054	0.066382
MGYG000000726__gradient_L1_inulin_gapseq	1154	1303	295	bio1	0.558469	1.290587	5.308615
MGYG000000726__gradient_L2_fos_gapseq	1154	1303	295	bio1	0.558469	1.496827	5.529314
MGYG000000726__gradient_L3_gos_gapseq	1154	1303	295	bio1	0.839890	1.302767	5.648964
MGYG000000726__gradient_L4_xos_gapseq	1154	1303	295	bio1	0.919691	1.314220	5.415241
MGYG000000726__gradient_L5_pectin_gapseq	1154	1303	295	bio1	0.919691	1.544031	5.278468
MGYG000000726__gradient_L6_resistant_starch_gapseq	1154	1303	295	bio1	1.491991	1.332619	5.539930
MGYG000000726__gradient_L7_bglucan_gapseq	1154	1303	295	bio1	1.695446	1.307671	5.378049
MGYG000000726__gradient_L8_hmo_gapseq	1154	1303	295	bio1	1.695446	1.466149	5.258696
MGYG000000726__gradient_L9_mos_gapseq	1154	1303	295	bio1	1.800455	1.338858	5.376767
MGYG000000742__gradient_L0_base_gapseq	1314	1387	347	bio1	0.000000	1.452911	0.065568
MGYG000000742__gradient_L1_inulin_gapseq	1314	1387	347	bio1	0.240066	1.451662	6.077881
MGYG000000742__gradient_L2_fos_gapseq	1314	1387	347	bio1	0.240066	1.531485	5.853933
MGYG000000742__gradient_L3_gos_gapseq	1314	1387	347	bio1	0.240066	1.676333	5.898365
MGYG000000742__gradient_L4_xos_gapseq	1314	1387	347	bio1	0.240066	1.515689	6.017660
MGYG000000742__gradient_L5_pectin_gapseq	1314	1387	347	bio1	0.240066	1.524984	5.783893
MGYG000000742__gradient_L6_resistant_starch_gapseq	1314	1387	347	bio1	0.280079	1.637779	5.901352
MGYG000000742__gradient_L7_bglucan_gapseq	1314	1387	347	bio1	0.280079	1.617111	5.831181
MGYG000000742__gradient_L8_hmo_gapseq	1314	1387	347	bio1	0.280079	1.442177	6.077748
MGYG000000742__gradient_L9_mos_gapseq	1314	1387	347	bio1	0.280079	1.509144	5.960666
MGYG000000750__gradient_L0_base_gapseq	939	1012	198	bio1	0.000000	0.976934	0.048722
MGYG000000750__gradient_L1_inulin_gapseq	939	1012	198	bio1	0.000000	1.156926	0.048434
MGYG000000750__gradient_L2_fos_gapseq	939	1012	198	bio1	0.000000	0.979599	0.047595
MGYG000000750__gradient_L3_gos_gapseq	939	1012	198	bio1	0.807438	1.057935	3.240833
MGYG000000750__gradient_L4_xos_gapseq	939	1012	198	bio1	0.847477	1.184335	3.203557
MGYG000000750__gradient_L5_pectin_gapseq	939	1012	198	bio1	0.896413	1.030801	3.206135
MGYG000000750__gradient_L6_resistant_starch_gapseq	939	1012	198	bio1	0.994383	1.148883	3.150075
MGYG000000750__gradient_L7_bglucan_gapseq	939	1012	198	bio1	0.994383	1.095083	3.283034
MGYG000000750__gradient_L8_hmo_gapseq	939	1012	198	bio1	0.994383	1.126104	3.176849
MGYG000000750__gradient_L9_mos_gapseq	939	1012	198	bio1	0.994383	1.036846	3.221878
MGYG000000773__gradient_L0_base_gapseq	1055	1164	265	bio1	0.000000	1.143987	0.056090
MGYG000000773__gradient_L1_inulin_gapseq	1055	1164	265	bio1	0.000000	1.258291	0.054771
MGYG000000773__gradient_L2_fos_gapseq	1055	1164	265	bio1	0.000000	1.177831	0.060139
MGYG000000773__gradient_L3_gos_gapseq	1055	1164	265	bio1	0.000000	1.208865	0.045655
MGYG000000773__gradient_L4_xos_gapseq	1055	1164	265	bio1	0.000000	1.328906	0.047213
MGYG000000773__gradient_L5_pectin_gapseq	1055	1164	265	bio1	0.000000	1.165695	0.058083
MGYG000000773__gradient_L6_resistant_starch_gapseq	1055	1164	265	bio1	0.000000	1.374982	0.058192
MGYG000000773__gradient_L7_bglucan_gapseq	1055	1164	265	bio1	0.000000	1.228103	0.050832
MGYG000000773__gradient_L8_hmo_gapseq	1055	1164	265	bio1	0.000000	1.144127	0.058552
MGYG000000773__gradient_L9_mos_gapseq	1055	1164	265	bio1	0.000000	1.414640	0.048934
MGYG000000782__gradient_L0_base_gapseq	1287	1390	338	bio1	0.383244	1.425454	6.022415
MGYG000000782__gradient_L1_inulin_gapseq	1287	1390	338	bio1	0.537379	1.544459	5.983915
MGYG000000782__gradient_L2_fos_gapseq	1287	1390	338	bio1	0.537379	1.360873	6.108724
MGYG000000782__gradient_L3_gos_gapseq	1287	1390	338	bio1	0.537379	1.405821	5.996297
MGYG000000782__gradient_L4_xos_gapseq	1287	1390	338	bio1	0.599385	1.543214	6.066236
MGYG000000782__gradient_L5_pectin_gapseq	1287	1390	338	bio1	0.599385	1.458083	6.465205
MGYG000000782__gradient_L6_resistant_starch_gapseq	1287	1390	338	bio1	0.714540	1.451695	5.995365
MGYG000000782__gradient_L7_bglucan_gapseq	1287	1390	338	bio1	0.714540	1.578799	5.958706
MGYG000000782__gradient_L8_hmo_gapseq	1287	1390	338	bio1	0.714540	1.426378	6.122606
MGYG000000782__gradient_L9_mos_gapseq	1287	1390	338	bio1	0.714540	1.417189	6.058531
MGYG000000783__gradient_L0_base_gapseq	1331	1484	389	bio1	0.487625	1.543312	7.123896
MGYG000000783__gradient_L1_inulin_gapseq	1331	1484	389	bio1	0.618534	1.594956	7.058918
MGYG000000783__gradient_L2_fos_gapseq	1331	1484	389	bio1	0.618534	1.562409	6.841178
MGYG000000783__gradient_L3_gos_gapseq	1331	1484	389	bio1	0.709352	1.683305	6.961856
MGYG000000783__gradient_L4_xos_gapseq	1331	1484	389	bio1	0.709352	1.574081	7.254328
MGYG000000783__gradient_L5_pectin_gapseq	1331	1484	389	bio1	0.724079	1.581000	6.911729
MGYG000000783__gradient_L6_resistant_starch_gapseq	1331	1484	389	bio1	0.724079	1.742353	6.800929
MGYG000000783__gradient_L7_bglucan_gapseq	1331	1484	389	bio1	0.724079	1.685959	6.875819
MGYG000000783__gradient_L8_hmo_gapseq	1331	1484	389	bio1	0.724079	1.546175	7.060609
MGYG000000783__gradient_L9_mos_gapseq	1331	1484	389	bio1	0.724079	1.582775	6.869438
MGYG000000796__gradient_L0_base_gapseq	1300	1375	388	bio1	0.266645	1.455105	5.900435
MGYG000000796__gradient_L1_inulin_gapseq	1300	1375	388	bio1	0.341495	1.750132	5.867587
MGYG000000796__gradient_L2_fos_gapseq	1300	1375	388	bio1	0.341495	1.589292	5.892747
MGYG000000796__gradient_L3_gos_gapseq	1300	1375	388	bio1	0.341495	1.455871	5.979446
MGYG000000796__gradient_L4_xos_gapseq	1300	1375	388	bio1	0.341495	1.510898	6.109492
MGYG000000796__gradient_L5_pectin_gapseq	1300	1375	388	bio1	0.341495	1.827620	5.875861
MGYG000000796__gradient_L6_resistant_starch_gapseq	1300	1375	388	bio1	0.341495	1.453899	6.127722
MGYG000000796__gradient_L7_bglucan_gapseq	1300	1375	388	bio1	0.341495	1.435545	5.886491
MGYG000000796__gradient_L8_hmo_gapseq	1300	1375	388	bio1	0.341495	1.575772	5.764713
MGYG000000796__gradient_L9_mos_gapseq	1300	1375	388	bio1	0.341495	1.461587	5.987584
MGYG000000811__gradient_L0_base_gapseq	1144	1288	300	bio1	0.039833	1.323956	5.313484
MGYG000000811__gradient_L1_inulin_gapseq	1144	1288	300	bio1	0.076179	1.472797	5.196428
MGYG000000811__gradient_L2_fos_gapseq	1144	1288	300	bio1	0.076179	1.342441	5.205505
MGYG000000811__gradient_L3_gos_gapseq	1144	1288	300	bio1	0.076179	1.443655	5.196720
MGYG000000811__gradient_L4_xos_gapseq	1144	1288	300	bio1	0.076179	1.322285	5.542455
MGYG000000811__gradient_L5_pectin_gapseq	1144	1288	300	bio1	0.076179	1.376779	5.360314
MGYG000000811__gradient_L6_resistant_starch_gapseq	1144	1288	300	bio1	0.076179	1.473099	5.347466
MGYG000000811__gradient_L7_bglucan_gapseq	1144	1288	300	bio1	0.076179	1.328791	5.404348
MGYG000000811__gradient_L8_hmo_gapseq	1144	1288	300	bio1	0.076179	1.311636	5.243314
MGYG000000811__gradient_L9_mos_gapseq	1144	1288	300	bio1	0.076179	1.384169	5.231087
MGYG000000820__gradient_L0_base_gapseq	1249	1382	308	bio1	0.000000	1.644586	0.066864
MGYG000000820__gradient_L1_inulin_gapseq	1249	1382	308	bio1	0.000000	1.424041	0.077797
MGYG000000820__gradient_L2_fos_gapseq	1249	1382	308	bio1	0.000000	1.529793	0.074333
MGYG000000820__gradient_L3_gos_gapseq	1249	1382	308	bio1	0.000000	1.413847	0.069073
MGYG000000820__gradient_L4_xos_gapseq	1249	1382	308	bio1	1.453702	1.574739	5.918786
MGYG000000820__gradient_L5_pectin_gapseq	1249	1382	308	bio1	1.453702	1.479282	6.102791
MGYG000000820__gradient_L6_resistant_starch_gapseq	1249	1382	308	bio1	2.199798	1.432105	6.034909
MGYG000000820__gradient_L7_bglucan_gapseq	1249	1382	308	bio1	2.449922	1.892355	6.153028
MGYG000000820__gradient_L8_hmo_gapseq	1249	1382	308	bio1	2.449922	1.467427	6.114284
MGYG000000820__gradient_L9_mos_gapseq	1249	1382	308	bio1	2.620946	1.458437	5.910004
MGYG000000821__gradient_L0_base_gapseq	1282	1348	334	bio1	0.000000	1.546190	0.070752
MGYG000000821__gradient_L1_inulin_gapseq	1282	1348	334	bio1	0.000000	1.440426	0.059770
MGYG000000821__gradient_L2_fos_gapseq	1282	1348	334	bio1	0.000000	1.564332	0.072139
MGYG000000821__gradient_L3_gos_gapseq	1282	1348	334	bio1	0.000000	1.405465	0.064717
MGYG000000821__gradient_L4_xos_gapseq	1282	1348	334	bio1	0.000000	1.607384	0.081013
MGYG000000821__gradient_L5_pectin_gapseq	1282	1348	334	bio1	0.000000	1.441197	0.065701
MGYG000000821__gradient_L6_resistant_starch_gapseq	1282	1348	334	bio1	0.000000	1.568062	0.070428
MGYG000000821__gradient_L7_bglucan_gapseq	1282	1348	334	bio1	0.000000	1.412008	0.066950
MGYG000000821__gradient_L8_hmo_gapseq	1282	1348	334	bio1	0.000000	1.552849	0.071085
MGYG000000821__gradient_L9_mos_gapseq	1282	1348	334	bio1	0.000000	1.399462	0.066906
MGYG000000822__gradient_L0_base_gapseq	1330	1584	437	bio1	0.569729	1.798184	7.581464
MGYG000000822__gradient_L1_inulin_gapseq	1330	1584	437	bio1	0.725555	1.666474	7.943052
MGYG000000822__gradient_L2_fos_gapseq	1330	1584	437	bio1	0.725555	1.985178	7.938790
MGYG000000822__gradient_L3_gos_gapseq	1330	1584	437	bio1	0.842425	1.679168	7.600673
MGYG000000822__gradient_L4_xos_gapseq	1330	1584	437	bio1	0.894689	1.818820	7.657805
MGYG000000822__gradient_L5_pectin_gapseq	1330	1584	437	bio1	0.894689	1.771875	7.626335
MGYG000000822__gradient_L6_resistant_starch_gapseq	1330	1584	437	bio1	1.248180	1.704867	7.916817
MGYG000000822__gradient_L7_bglucan_gapseq	1330	1584	437	bio1	1.357684	1.725235	7.723494
MGYG000000822__gradient_L8_hmo_gapseq	1330	1584	437	bio1	1.357684	1.776187	7.794949
MGYG000000822__gradient_L9_mos_gapseq	1330	1584	437	bio1	1.434716	1.902209	7.577303
MGYG000000833__gradient_L0_base_gapseq	1170	1273	317	bio1	0.525956	1.284800	5.227617
MGYG000000833__gradient_L1_inulin_gapseq	1170	1273	317	bio1	0.638663	1.328119	5.134487
MGYG000000833__gradient_L2_fos_gapseq	1170	1273	317	bio1	0.638663	1.787417	5.043186
MGYG000000833__gradient_L3_gos_gapseq	1170	1273	317	bio1	0.864077	1.336716	5.234151
MGYG000000833__gradient_L4_xos_gapseq	1170	1273	317	bio1	0.864077	1.294039	4.926328
MGYG000000833__gradient_L5_pectin_gapseq	1170	1273	317	bio1	0.864077	1.426025	4.954597
MGYG000000833__gradient_L6_resistant_starch_gapseq	1170	1273	317	bio1	1.335757	1.295465	4.960190
MGYG000000833__gradient_L7_bglucan_gapseq	1170	1273	317	bio1	1.335757	1.430110	4.915895
MGYG000000833__gradient_L8_hmo_gapseq	1170	1273	317	bio1	1.335757	1.270405	5.187606
MGYG000000833__gradient_L9_mos_gapseq	1170	1273	317	bio1	1.445359	1.296298	5.002159
MGYG000000835__gradient_L0_base_gapseq	1148	1260	325	bio1	0.595974	1.424871	5.266273
MGYG000000835__gradient_L1_inulin_gapseq	1148	1260	325	bio1	0.707721	1.423975	4.980073
MGYG000000835__gradient_L2_fos_gapseq	1148	1260	325	bio1	0.707721	1.467553	4.918190
MGYG000000835__gradient_L3_gos_gapseq	1148	1260	325	bio1	0.931216	1.350879	4.877014
MGYG000000835__gradient_L4_xos_gapseq	1148	1260	325	bio1	0.990496	1.510694	4.963405
MGYG000000835__gradient_L5_pectin_gapseq	1148	1260	325	bio1	0.990496	1.281035	5.071827
MGYG000000835__gradient_L6_resistant_starch_gapseq	1148	1260	325	bio1	1.462873	1.302402	4.979487
MGYG000000835__gradient_L7_bglucan_gapseq	1148	1260	325	bio1	1.462873	1.474422	4.892733
MGYG000000835__gradient_L8_hmo_gapseq	1148	1260	325	bio1	1.462873	1.275318	4.859604
MGYG000000835__gradient_L9_mos_gapseq	1148	1260	325	bio1	1.573453	1.434520	4.839590
MGYG000000836__gradient_L0_base_gapseq	868	891	176	bio1	0.000000	1.177147	0.045777
MGYG000000836__gradient_L1_inulin_gapseq	868	891	176	bio1	0.000000	0.864667	0.041392
MGYG000000836__gradient_L2_fos_gapseq	868	891	176	bio1	0.000000	0.851137	0.047338
MGYG000000836__gradient_L3_gos_gapseq	868	891	176	bio1	0.000000	0.975486	0.041789
MGYG000000836__gradient_L4_xos_gapseq	868	891	176	bio1	0.000000	0.917898	0.042693
MGYG000000836__gradient_L5_pectin_gapseq	868	891	176	bio1	0.000000	1.034172	0.054502
MGYG000000836__gradient_L6_resistant_starch_gapseq	868	891	176	bio1	0.000000	0.954478	0.040338
MGYG000000836__gradient_L7_bglucan_gapseq	868	891	176	bio1	0.000000	1.065945	0.043353
MGYG000000836__gradient_L8_hmo_gapseq	868	891	176	bio1	0.000000	0.900617	0.043324
MGYG000000836__gradient_L9_mos_gapseq	868	891	176	bio1	0.000000	0.889233	0.068267
MGYG000000842__gradient_L0_base_gapseq	980	1074	266	bio1	0.349045	1.088069	3.922312
MGYG000000842__gradient_L1_inulin_gapseq	980	1074	266	bio1	0.450668	1.076530	3.966263
MGYG000000842__gradient_L2_fos_gapseq	980	1074	266	bio1	0.450668	1.090807	3.699566
MGYG000000842__gradient_L3_gos_gapseq	980	1074	266	bio1	0.450668	1.070401	3.842544
MGYG000000842__gradient_L4_xos_gapseq	980	1074	266	bio1	0.450668	1.071271	3.696917
MGYG000000842__gradient_L5_pectin_gapseq	980	1074	266	bio1	0.450668	1.074525	3.785313
MGYG000000842__gradient_L6_resistant_starch_gapseq	980	1074	266	bio1	0.709144	1.095297	3.765878
MGYG000000842__gradient_L7_bglucan_gapseq	980	1074	266	bio1	0.709144	1.090646	3.858562
MGYG000000842__gradient_L8_hmo_gapseq	980	1074	266	bio1	0.709144	1.083036	3.823182
MGYG000000842__gradient_L9_mos_gapseq	980	1074	266	bio1	0.744491	1.091860	3.878137
MGYG000000847__gradient_L0_base_gapseq	1428	1560	397	bio1	0.492118	1.641999	7.702109
MGYG000000847__gradient_L1_inulin_gapseq	1428	1560	397	bio1	0.654345	1.814411	7.603659
MGYG000000847__gradient_L2_fos_gapseq	1428	1560	397	bio1	0.654345	1.793668	7.656829
MGYG000000847__gradient_L3_gos_gapseq	1428	1560	397	bio1	0.654345	1.653561	7.793699
MGYG000000847__gradient_L4_xos_gapseq	1428	1560	397	bio1	0.654345	1.679195	7.548551
MGYG000000847__gradient_L5_pectin_gapseq	1428	1560	397	bio1	0.654345	1.778486	7.553049
MGYG000000847__gradient_L6_resistant_starch_gapseq	1428	1560	397	bio1	0.786148	1.866298	7.816226
MGYG000000847__gradient_L7_bglucan_gapseq	1428	1560	397	bio1	0.786148	1.813824	7.673850
MGYG000000847__gradient_L8_hmo_gapseq	1428	1560	397	bio1	0.786148	1.640106	7.754103
MGYG000000847__gradient_L9_mos_gapseq	1428	1560	397	bio1	0.786148	1.683682	7.644656
MGYG000000856__gradient_L0_base_gapseq	1129	1218	292	bio1	0.368174	1.485733	4.573177
MGYG000000856__gradient_L1_inulin_gapseq	1129	1218	292	bio1	0.542576	1.266571	4.629991
MGYG000000856__gradient_L2_fos_gapseq	1129	1218	292	bio1	0.542576	1.371297	4.608589
MGYG000000856__gradient_L3_gos_gapseq	1129	1218	292	bio1	0.658845	1.244496	4.653913
MGYG000000856__gradient_L4_xos_gapseq	1129	1218	292	bio1	0.658845	1.222240	4.642112
MGYG000000856__gradient_L5_pectin_gapseq	1129	1218	292	bio1	0.658845	1.316454	4.596187
MGYG000000856__gradient_L6_resistant_starch_gapseq	1129	1218	292	bio1	0.981005	1.226282	4.602734
MGYG000000856__gradient_L7_bglucan_gapseq	1129	1218	292	bio1	0.981005	1.428609	4.565386
MGYG000000856__gradient_L8_hmo_gapseq	1129	1218	292	bio1	0.981005	1.305762	4.649877
MGYG000000856__gradient_L9_mos_gapseq	1129	1218	292	bio1	1.057292	1.272048	4.841841
MGYG000000857__gradient_L0_base_gapseq	859	822	124	bio1	0.000000	0.922923	0.025084
MGYG000000857__gradient_L1_inulin_gapseq	859	822	124	bio1	0.000000	0.984096	0.050549
MGYG000000857__gradient_L2_fos_gapseq	859	822	124	bio1	0.000000	0.830430	0.037152
MGYG000000857__gradient_L3_gos_gapseq	859	822	124	bio1	0.000000	0.868495	0.030576
MGYG000000857__gradient_L4_xos_gapseq	859	822	124	bio1	0.000000	0.867846	0.033089
MGYG000000857__gradient_L5_pectin_gapseq	859	822	124	bio1	0.000000	0.972060	0.032269
MGYG000000857__gradient_L6_resistant_starch_gapseq	859	822	124	bio1	0.000000	0.847008	0.028916
MGYG000000857__gradient_L7_bglucan_gapseq	859	822	124	bio1	0.000000	0.816794	0.031773
MGYG000000857__gradient_L8_hmo_gapseq	859	822	124	bio1	0.000000	0.843726	0.194815
MGYG000000857__gradient_L9_mos_gapseq	859	822	124	bio1	0.000000	0.855884	0.030437
MGYG000000858__gradient_L0_base_gapseq	1040	1147	297	bio1	0.219886	1.177508	4.144998
MGYG000000858__gradient_L1_inulin_gapseq	1040	1147	297	bio1	0.256921	1.370851	4.218272
MGYG000000858__gradient_L2_fos_gapseq	1040	1147	297	bio1	0.256921	1.111471	4.145233
MGYG000000858__gradient_L3_gos_gapseq	1040	1147	297	bio1	0.256921	1.326280	4.189842
MGYG000000858__gradient_L4_xos_gapseq	1040	1147	297	bio1	0.256921	1.130633	4.427499
MGYG000000858__gradient_L5_pectin_gapseq	1040	1147	297	bio1	0.256921	1.142488	4.207331
MGYG000000858__gradient_L6_resistant_starch_gapseq	1040	1147	297	bio1	0.256921	1.152853	4.361372
MGYG000000858__gradient_L7_bglucan_gapseq	1040	1147	297	bio1	0.256921	1.171191	4.103180
MGYG000000858__gradient_L8_hmo_gapseq	1040	1147	297	bio1	0.256921	1.340169	4.231515
MGYG000000858__gradient_L9_mos_gapseq	1040	1147	297	bio1	0.256921	1.297293	4.291341
MGYG000000860__gradient_L0_base_gapseq	1431	1702	482	bio1	1.158767	1.886528	8.679395
MGYG000000860__gradient_L1_inulin_gapseq	1431	1702	482	bio1	1.381252	1.907683	8.686556
MGYG000000860__gradient_L2_fos_gapseq	1431	1702	482	bio1	1.381252	1.742527	8.996630
MGYG000000860__gradient_L3_gos_gapseq	1431	1702	482	bio1	1.596785	1.719292	9.035504
MGYG000000860__gradient_L4_xos_gapseq	1431	1702	482	bio1	1.638501	1.742209	8.702512
MGYG000000860__gradient_L5_pectin_gapseq	1431	1702	482	bio1	1.638501	1.983907	8.632723
MGYG000000860__gradient_L6_resistant_starch_gapseq	1431	1702	482	bio1	2.107926	1.906608	8.723915
MGYG000000860__gradient_L7_bglucan_gapseq	1431	1702	482	bio1	2.107926	1.991682	8.783900
MGYG000000860__gradient_L8_hmo_gapseq	1431	1702	482	bio1	2.107926	1.951747	8.893465
MGYG000000860__gradient_L9_mos_gapseq	1431	1702	482	bio1	2.205383	1.737084	8.998286
MGYG000000862__gradient_L0_base_gapseq	1229	1335	323	bio1	0.403704	1.379453	5.744371
MGYG000000862__gradient_L1_inulin_gapseq	1229	1335	323	bio1	0.499826	1.406165	5.566622
MGYG000000862__gradient_L2_fos_gapseq	1229	1335	323	bio1	0.499826	1.502238	5.541963
MGYG000000862__gradient_L3_gos_gapseq	1229	1335	323	bio1	0.672846	1.386731	5.833839
MGYG000000862__gradient_L4_xos_gapseq	1229	1335	323	bio1	0.672846	1.470727	5.687105
MGYG000000862__gradient_L5_pectin_gapseq	1229	1335	323	bio1	0.672846	1.554130	5.523008
MGYG000000862__gradient_L6_resistant_starch_gapseq	1229	1335	323	bio1	1.077359	1.364243	5.630673
MGYG000000862__gradient_L7_bglucan_gapseq	1229	1335	323	bio1	1.077359	1.554652	5.678991
MGYG000000862__gradient_L8_hmo_gapseq	1229	1335	323	bio1	1.077359	1.468455	5.557353
MGYG000000862__gradient_L9_mos_gapseq	1229	1335	323	bio1	1.171658	1.360750	5.674242
MGYG000000863__gradient_L0_base_gapseq	1180	1306	292	bio1	0.000000	1.413703	0.081044
MGYG000000863__gradient_L1_inulin_gapseq	1180	1306	292	bio1	0.000000	1.291119	0.073775
MGYG000000863__gradient_L2_fos_gapseq	1180	1306	292	bio1	0.000000	1.423435	0.071309
MGYG000000863__gradient_L3_gos_gapseq	1180	1306	292	bio1	0.655839	1.314718	5.290570
MGYG000000863__gradient_L4_xos_gapseq	1180	1306	292	bio1	0.800857	1.493234	5.321334
MGYG000000863__gradient_L5_pectin_gapseq	1180	1306	292	bio1	0.800857	1.275234	5.270294
MGYG000000863__gradient_L6_resistant_starch_gapseq	1180	1306	292	bio1	0.926279	1.523697	5.408422
MGYG000000863__gradient_L7_bglucan_gapseq	1180	1306	292	bio1	0.926279	1.308265	5.465916
MGYG000000863__gradient_L8_hmo_gapseq	1180	1306	292	bio1	0.926279	1.278879	5.386204
MGYG000000863__gradient_L9_mos_gapseq	1180	1306	292	bio1	1.043388	1.450477	5.291432
MGYG000000870__gradient_L0_base_gapseq	1285	1439	369	bio1	0.000000	1.493529	0.085553
MGYG000000870__gradient_L1_inulin_gapseq	1285	1439	369	bio1	0.000000	1.665692	0.092761
MGYG000000870__gradient_L2_fos_gapseq	1285	1439	369	bio1	0.000000	1.462519	0.080946
MGYG000000870__gradient_L3_gos_gapseq	1285	1439	369	bio1	0.705950	1.594014	6.530089
MGYG000000870__gradient_L4_xos_gapseq	1285	1439	369	bio1	0.850373	1.478024	6.626296
MGYG000000870__gradient_L5_pectin_gapseq	1285	1439	369	bio1	0.850373	1.502610	6.559878
MGYG000000870__gradient_L6_resistant_starch_gapseq	1285	1439	369	bio1	1.132307	1.693233	6.450237
MGYG000000870__gradient_L7_bglucan_gapseq	1285	1439	369	bio1	1.132307	1.399708	6.696232
MGYG000000870__gradient_L8_hmo_gapseq	1285	1439	369	bio1	1.132307	1.471720	6.486601
MGYG000000870__gradient_L9_mos_gapseq	1285	1439	369	bio1	1.233161	1.613669	6.531219
MGYG000000872__gradient_L0_base_gapseq	1216	1377	314	bio1	0.000000	1.367173	0.070223
MGYG000000872__gradient_L1_inulin_gapseq	1216	1377	314	bio1	0.000000	1.470917	0.067646
MGYG000000872__gradient_L2_fos_gapseq	1216	1377	314	bio1	0.000000	1.359430	0.083159
MGYG000000872__gradient_L3_gos_gapseq	1216	1377	314	bio1	0.000000	1.441512	0.076834
MGYG000000872__gradient_L4_xos_gapseq	1216	1377	314	bio1	0.680846	1.547811	5.893071
MGYG000000872__gradient_L5_pectin_gapseq	1216	1377	314	bio1	0.680846	1.363847	6.256159
MGYG000000872__gradient_L6_resistant_starch_gapseq	1216	1377	314	bio1	0.988084	1.420778	5.719942
MGYG000000872__gradient_L7_bglucan_gapseq	1216	1377	314	bio1	0.988084	1.619288	5.712226
MGYG000000872__gradient_L8_hmo_gapseq	1216	1377	314	bio1	0.988084	1.387948	6.003590
MGYG000000872__gradient_L9_mos_gapseq	1216	1377	314	bio1	1.108288	1.399748	5.799362
MGYG000000877__gradient_L0_base_gapseq	1115	1208	257	bio1	0.000000	1.404345	0.061836
MGYG000000877__gradient_L1_inulin_gapseq	1115	1208	257	bio1	0.000000	1.249949	0.063521
MGYG000000877__gradient_L2_fos_gapseq	1115	1208	257	bio1	0.000000	1.309420	0.071538
MGYG000000877__gradient_L3_gos_gapseq	1115	1208	257	bio1	1.022830	1.237414	4.507593
MGYG000000877__gradient_L4_xos_gapseq	1115	1208	257	bio1	1.022830	1.451958	4.722480
MGYG000000877__gradient_L5_pectin_gapseq	1115	1208	257	bio1	1.022830	1.237805	4.581658
MGYG000000877__gradient_L6_resistant_starch_gapseq	1115	1208	257	bio1	1.130028	1.417560	4.520688
MGYG000000877__gradient_L7_bglucan_gapseq	1115	1208	257	bio1	1.130028	1.218540	4.723818
MGYG000000877__gradient_L8_hmo_gapseq	1115	1208	257	bio1	1.130028	1.209976	4.635867
MGYG000000877__gradient_L9_mos_gapseq	1115	1208	257	bio1	1.130028	1.261785	4.682661
MGYG000000881__gradient_L0_base_gapseq	1147	1275	308	bio1	0.440637	1.444477	4.968817
MGYG000000881__gradient_L1_inulin_gapseq	1147	1275	308	bio1	0.670540	1.307748	5.309504
MGYG000000881__gradient_L2_fos_gapseq	1147	1275	308	bio1	0.670540	1.334296	5.100125
MGYG000000881__gradient_L3_gos_gapseq	1147	1275	308	bio1	0.900443	1.323924	5.192797
MGYG000000881__gradient_L4_xos_gapseq	1147	1275	308	bio1	0.900443	1.274069	4.984458
MGYG000000881__gradient_L5_pectin_gapseq	1147	1275	308	bio1	0.900443	1.447386	5.044731
MGYG000000881__gradient_L6_resistant_starch_gapseq	1147	1275	308	bio1	1.391608	1.279256	5.136664
MGYG000000881__gradient_L7_bglucan_gapseq	1147	1275	308	bio1	1.391608	1.303831	5.065794
MGYG000000881__gradient_L8_hmo_gapseq	1147	1275	308	bio1	1.391608	1.441078	5.111882
MGYG000000881__gradient_L9_mos_gapseq	1147	1275	308	bio1	1.504442	1.284318	5.068743
MGYG000000886__gradient_L0_base_gapseq	1375	1530	382	bio1	0.000000	1.846010	0.094033
MGYG000000886__gradient_L1_inulin_gapseq	1375	1530	382	bio1	0.000000	1.731815	0.091642
MGYG000000886__gradient_L2_fos_gapseq	1375	1530	382	bio1	0.000000	1.724802	0.084029
MGYG000000886__gradient_L3_gos_gapseq	1375	1530	382	bio1	0.000000	1.738568	0.093138
MGYG000000886__gradient_L4_xos_gapseq	1375	1530	382	bio1	0.699390	1.770456	7.128223
MGYG000000886__gradient_L5_pectin_gapseq	1375	1530	382	bio1	0.699390	1.597937	7.408491
MGYG000000886__gradient_L6_resistant_starch_gapseq	1375	1530	382	bio1	1.249133	1.635847	7.260695
MGYG000000886__gradient_L7_bglucan_gapseq	1375	1530	382	bio1	1.432099	1.621722	7.140954
MGYG000000886__gradient_L8_hmo_gapseq	1375	1530	382	bio1	1.432099	1.753436	7.305445
MGYG000000886__gradient_L9_mos_gapseq	1375	1530	382	bio1	1.522453	1.825421	7.218932
MGYG000000909__gradient_L0_base_gapseq	1458	1697	459	bio1	1.237465	1.871495	8.437202
MGYG000000909__gradient_L1_inulin_gapseq	1458	1697	459	bio1	1.396797	1.892606	8.415837
MGYG000000909__gradient_L2_fos_gapseq	1458	1697	459	bio1	1.396797	1.789628	8.754790
MGYG000000909__gradient_L3_gos_gapseq	1458	1697	459	bio1	1.707493	1.785585	8.824301
MGYG000000909__gradient_L4_xos_gapseq	1458	1697	459	bio1	1.707493	1.787834	8.877925
MGYG000000909__gradient_L5_pectin_gapseq	1458	1697	459	bio1	1.707493	1.753599	8.651551
MGYG000000909__gradient_L6_resistant_starch_gapseq	1458	1697	459	bio1	2.402577	1.930753	8.517130
MGYG000000909__gradient_L7_bglucan_gapseq	1458	1697	459	bio1	2.635600	1.868551	8.487838
MGYG000000909__gradient_L8_hmo_gapseq	1458	1697	459	bio1	2.635600	1.870563	8.472043
MGYG000000909__gradient_L9_mos_gapseq	1458	1697	459	bio1	2.635600	1.869390	8.564779
MGYG000000914__gradient_L0_base_gapseq	1331	1518	390	bio1	1.022072	1.755875	7.132788
MGYG000000914__gradient_L1_inulin_gapseq	1331	1518	390	bio1	1.152155	1.607317	7.099335
MGYG000000914__gradient_L2_fos_gapseq	1331	1518	390	bio1	1.152155	1.575441	7.259278
MGYG000000914__gradient_L3_gos_gapseq	1331	1518	390	bio1	1.341851	1.566169	7.115242
MGYG000000914__gradient_L4_xos_gapseq	1331	1518	390	bio1	1.341851	1.692300	7.160789
MGYG000000914__gradient_L5_pectin_gapseq	1331	1518	390	bio1	1.341851	1.741565	7.259614
MGYG000000914__gradient_L6_resistant_starch_gapseq	1331	1518	390	bio1	1.341851	1.604751	7.280201
MGYG000000914__gradient_L7_bglucan_gapseq	1331	1518	390	bio1	1.341851	1.578005	7.080818
MGYG000000914__gradient_L8_hmo_gapseq	1331	1518	390	bio1	1.341851	1.727484	7.111934
MGYG000000914__gradient_L9_mos_gapseq	1331	1518	390	bio1	1.341851	1.694487	7.062394
MGYG000000919__gradient_L0_base_gapseq	1469	1720	566	bio1	1.266837	2.009777	8.886640
MGYG000000919__gradient_L1_inulin_gapseq	1469	1720	566	bio1	1.606171	2.002728	8.967428
MGYG000000919__gradient_L2_fos_gapseq	1469	1720	566	bio1	1.606171	2.025713	9.049959
MGYG000000919__gradient_L3_gos_gapseq	1469	1720	566	bio1	1.937022	1.860756	9.335710
MGYG000000919__gradient_L4_xos_gapseq	1469	1720	566	bio1	2.098205	1.895508	9.194531
MGYG000000919__gradient_L5_pectin_gapseq	1469	1720	566	bio1	2.098205	1.797284	9.084822
MGYG000000919__gradient_L6_resistant_starch_gapseq	1469	1720	566	bio1	2.838378	1.804408	8.958084
MGYG000000919__gradient_L7_bglucan_gapseq	1469	1720	566	bio1	3.086516	1.927219	9.019875
MGYG000000919__gradient_L8_hmo_gapseq	1469	1720	566	bio1	3.260424	2.008398	9.007184
MGYG000000919__gradient_L9_mos_gapseq	1469	1720	566	bio1	3.430091	2.029360	9.268793
MGYG000000920__gradient_L0_base_gapseq	1273	1434	348	bio1	0.000000	1.503171	0.080201
MGYG000000920__gradient_L1_inulin_gapseq	1273	1434	348	bio1	0.945583	1.635112	6.400627
MGYG000000920__gradient_L2_fos_gapseq	1273	1434	348	bio1	0.945583	1.609746	6.549869
MGYG000000920__gradient_L3_gos_gapseq	1273	1434	348	bio1	1.162585	1.486453	6.771371
MGYG000000920__gradient_L4_xos_gapseq	1273	1434	348	bio1	1.216520	1.462309	6.442013
MGYG000000920__gradient_L5_pectin_gapseq	1273	1434	348	bio1	1.216520	1.625125	6.403664
MGYG000000920__gradient_L6_resistant_starch_gapseq	1273	1434	348	bio1	1.731148	1.488551	6.584454
MGYG000000920__gradient_L7_bglucan_gapseq	1273	1434	348	bio1	1.904189	1.532197	6.305523
MGYG000000920__gradient_L8_hmo_gapseq	1273	1434	348	bio1	2.034532	1.606829	6.449706
MGYG000000920__gradient_L9_mos_gapseq	1273	1434	348	bio1	2.154387	1.616097	6.440325
MGYG000000921__gradient_L0_base_gapseq	1196	1282	312	bio1	0.000000	1.314225	0.065582
MGYG000000921__gradient_L1_inulin_gapseq	1196	1282	312	bio1	0.000000	1.470597	0.062994
MGYG000000921__gradient_L2_fos_gapseq	1196	1282	312	bio1	0.000000	1.332088	0.064533
MGYG000000921__gradient_L3_gos_gapseq	1196	1282	312	bio1	0.233542	1.337782	5.488993
MGYG000000921__gradient_L4_xos_gapseq	1196	1282	312	bio1	0.253560	1.382159	5.222749
MGYG000000921__gradient_L5_pectin_gapseq	1196	1282	312	bio1	0.253560	1.473262	5.183661
MGYG000000921__gradient_L6_resistant_starch_gapseq	1196	1282	312	bio1	0.546334	1.346481	5.348621
MGYG000000921__gradient_L7_bglucan_gapseq	1196	1282	312	bio1	0.546334	1.479290	5.238383
MGYG000000921__gradient_L8_hmo_gapseq	1196	1282	312	bio1	0.546334	1.347355	5.369717
MGYG000000921__gradient_L9_mos_gapseq	1196	1282	312	bio1	0.546334	1.316920	5.260807
MGYG000000937__gradient_L0_base_gapseq	1145	1239	278	bio1	0.000000	1.504187	0.069525
MGYG000000937__gradient_L1_inulin_gapseq	1145	1239	278	bio1	0.000000	1.320733	0.067960
MGYG000000937__gradient_L2_fos_gapseq	1145	1239	278	bio1	0.000000	1.353371	0.069170
MGYG000000937__gradient_L3_gos_gapseq	1145	1239	278	bio1	0.000000	1.304920	0.074607
MGYG000000937__gradient_L4_xos_gapseq	1145	1239	278	bio1	0.411230	1.252894	5.145820
MGYG000000937__gradient_L5_pectin_gapseq	1145	1239	278	bio1	0.411230	1.325782	4.931689
MGYG000000937__gradient_L6_resistant_starch_gapseq	1145	1239	278	bio1	1.139725	1.544047	4.910031
MGYG000000937__gradient_L7_bglucan_gapseq	1145	1239	278	bio1	1.139725	1.274646	5.084888
MGYG000000937__gradient_L8_hmo_gapseq	1145	1239	278	bio1	1.139725	1.306217	4.926451
MGYG000000937__gradient_L9_mos_gapseq	1145	1239	278	bio1	1.139725	1.293425	4.963530
MGYG000000942__gradient_L0_base_gapseq	932	905	176	bio1	0.000000	1.171910	0.039177
MGYG000000942__gradient_L1_inulin_gapseq	932	905	176	bio1	0.000000	0.910425	0.045559
MGYG000000942__gradient_L2_fos_gapseq	932	905	176	bio1	0.000000	0.927423	0.042961
MGYG000000942__gradient_L3_gos_gapseq	932	905	176	bio1	0.000000	0.936945	0.159513
MGYG000000942__gradient_L4_xos_gapseq	932	905	176	bio1	0.000000	0.924835	0.044923
MGYG000000942__gradient_L5_pectin_gapseq	932	905	176	bio1	0.000000	0.975357	0.043805
MGYG000000942__gradient_L6_resistant_starch_gapseq	932	905	176	bio1	0.000000	0.919840	0.045377
MGYG000000942__gradient_L7_bglucan_gapseq	932	905	176	bio1	0.000000	1.068624	0.054381
MGYG000000942__gradient_L8_hmo_gapseq	932	905	176	bio1	0.000000	0.909901	0.035992
MGYG000000942__gradient_L9_mos_gapseq	932	905	176	bio1	0.000000	0.911629	0.042111
MGYG000000952__gradient_L0_base_gapseq	981	977	158	bio1	0.000000	1.002685	0.046210
MGYG000000952__gradient_L1_inulin_gapseq	981	977	158	bio1	0.000000	1.105556	0.047700
MGYG000000952__gradient_L2_fos_gapseq	981	977	158	bio1	0.000000	0.955796	0.054333
MGYG000000952__gradient_L3_gos_gapseq	981	977	158	bio1	0.000000	0.989334	0.045358
MGYG000000952__gradient_L4_xos_gapseq	981	977	158	bio1	0.000000	1.106154	0.057143
MGYG000000952__gradient_L5_pectin_gapseq	981	977	158	bio1	0.000000	0.967137	0.047177
MGYG000000952__gradient_L6_resistant_starch_gapseq	981	977	158	bio1	0.000000	1.022711	0.043921
MGYG000000952__gradient_L7_bglucan_gapseq	981	977	158	bio1	0.000000	1.106468	0.061902
MGYG000000952__gradient_L8_hmo_gapseq	981	977	158	bio1	0.000000	1.000674	0.054126
MGYG000000952__gradient_L9_mos_gapseq	981	977	158	bio1	0.000000	1.010648	0.049886
MGYG000000956__gradient_L0_base_gapseq	1216	1346	304	bio1	0.000000	1.563369	0.080859
MGYG000000956__gradient_L1_inulin_gapseq	1216	1346	304	bio1	0.000000	1.392271	0.072773
MGYG000000956__gradient_L2_fos_gapseq	1216	1346	304	bio1	0.000000	1.521586	0.080646
MGYG000000956__gradient_L3_gos_gapseq	1216	1346	304	bio1	0.000000	1.378950	0.073104
MGYG000000956__gradient_L4_xos_gapseq	1216	1346	304	bio1	0.546828	1.570782	5.767433
MGYG000000956__gradient_L5_pectin_gapseq	1216	1346	304	bio1	0.546828	1.394253	5.791849
MGYG000000956__gradient_L6_resistant_starch_gapseq	1216	1346	304	bio1	0.803818	1.578816	5.723852
MGYG000000956__gradient_L7_bglucan_gapseq	1216	1346	304	bio1	0.803818	1.553203	5.678221
MGYG000000956__gradient_L8_hmo_gapseq	1216	1346	304	bio1	0.803818	1.402288	5.675626
MGYG000000956__gradient_L9_mos_gapseq	1216	1346	304	bio1	0.897613	1.498524	5.676187
MGYG000000959__gradient_L0_base_gapseq	1219	1294	272	bio1	0.000000	1.498943	0.058160
MGYG000000959__gradient_L1_inulin_gapseq	1219	1294	272	bio1	0.000000	1.367229	0.069647
MGYG000000959__gradient_L2_fos_gapseq	1219	1294	272	bio1	0.000000	1.277488	0.086062
MGYG000000959__gradient_L3_gos_gapseq	1219	1294	272	bio1	0.412706	1.547504	5.290118
MGYG000000959__gradient_L4_xos_gapseq	1219	1294	272	bio1	0.412706	1.424010	5.599651
MGYG000000959__gradient_L5_pectin_gapseq	1219	1294	272	bio1	0.412706	1.293751	5.324556
MGYG000000959__gradient_L6_resistant_starch_gapseq	1219	1294	272	bio1	0.951300	1.529725	5.317028
MGYG000000959__gradient_L7_bglucan_gapseq	1219	1294	272	bio1	1.137282	1.324909	5.408528
MGYG000000959__gradient_L8_hmo_gapseq	1219	1294	272	bio1	1.137282	1.335503	5.263885
MGYG000000959__gradient_L9_mos_gapseq	1219	1294	272	bio1	1.232386	1.497476	5.269153
MGYG000000965__gradient_L0_base_gapseq	1047	1073	217	bio1	0.000000	1.298766	0.050738
MGYG000000965__gradient_L1_inulin_gapseq	1047	1073	217	bio1	0.000000	1.130890	0.056841
MGYG000000965__gradient_L2_fos_gapseq	1047	1073	217	bio1	0.000000	1.119925	0.052590
MGYG000000965__gradient_L3_gos_gapseq	1047	1073	217	bio1	0.000000	1.272924	0.064346
MGYG000000965__gradient_L4_xos_gapseq	1047	1073	217	bio1	0.000000	1.126787	0.061346
MGYG000000965__gradient_L5_pectin_gapseq	1047	1073	217	bio1	0.000000	1.113366	0.055929
MGYG000000965__gradient_L6_resistant_starch_gapseq	1047	1073	217	bio1	0.000000	1.300737	0.050618
MGYG000000965__gradient_L7_bglucan_gapseq	1047	1073	217	bio1	0.000000	1.076856	0.063035
MGYG000000965__gradient_L8_hmo_gapseq	1047	1073	217	bio1	0.000000	1.167312	0.064104
MGYG000000965__gradient_L9_mos_gapseq	1047	1073	217	bio1	0.000000	1.352753	0.056194
MGYG000000968__gradient_L0_base_gapseq	1324	1487	418	bio1	0.505460	1.722847	6.675433
MGYG000000968__gradient_L1_inulin_gapseq	1324	1487	418	bio1	0.630457	1.670093	6.651769
MGYG000000968__gradient_L2_fos_gapseq	1324	1487	418	bio1	0.630457	1.555344	6.851994
MGYG000000968__gradient_L3_gos_gapseq	1324	1487	418	bio1	0.711098	1.524698	6.629923
MGYG000000968__gradient_L4_xos_gapseq	1324	1487	418	bio1	0.725760	1.684760	6.643233
MGYG000000968__gradient_L5_pectin_gapseq	1324	1487	418	bio1	0.725760	1.596719	6.556504
MGYG000000968__gradient_L6_resistant_starch_gapseq	1324	1487	418	bio1	0.832086	1.593410	6.839758
MGYG000000968__gradient_L7_bglucan_gapseq	1324	1487	418	bio1	0.832086	1.519469	6.617569
MGYG000000968__gradient_L8_hmo_gapseq	1324	1487	418	bio1	0.832086	1.946273	6.759222
MGYG000000968__gradient_L9_mos_gapseq	1324	1487	418	bio1	0.832086	1.801650	6.749595
MGYG000000974__gradient_L0_base_gapseq	877	911	165	bio1	0.000000	0.888669	0.040603
MGYG000000974__gradient_L1_inulin_gapseq	877	911	165	bio1	0.000000	0.957503	0.045027
MGYG000000974__gradient_L2_fos_gapseq	877	911	165	bio1	0.000000	1.127623	0.050636
MGYG000000974__gradient_L3_gos_gapseq	877	911	165	bio1	0.000000	0.920753	0.042387
MGYG000000974__gradient_L4_xos_gapseq	877	911	165	bio1	0.000000	0.891645	0.043006
MGYG000000974__gradient_L5_pectin_gapseq	877	911	165	bio1	0.000000	1.022043	0.052247
MGYG000000974__gradient_L6_resistant_starch_gapseq	877	911	165	bio1	0.000000	0.900947	0.044708
MGYG000000974__gradient_L7_bglucan_gapseq	877	911	165	bio1	0.000000	0.885196	0.050096
MGYG000000974__gradient_L8_hmo_gapseq	877	911	165	bio1	0.000000	0.925083	0.043083
MGYG000000974__gradient_L9_mos_gapseq	877	911	165	bio1	0.000000	1.069325	0.051504
MGYG000000975__gradient_L0_base_gapseq	871	899	156	bio1	0.000000	0.862451	0.039882
MGYG000000975__gradient_L1_inulin_gapseq	871	899	156	bio1	0.000000	0.847669	0.048131
MGYG000000975__gradient_L2_fos_gapseq	871	899	156	bio1	0.000000	1.053756	0.037485
MGYG000000975__gradient_L3_gos_gapseq	871	899	156	bio1	0.000000	0.879728	0.044785
MGYG000000975__gradient_L4_xos_gapseq	871	899	156	bio1	0.215868	0.884454	2.575072
MGYG000000975__gradient_L5_pectin_gapseq	871	899	156	bio1	0.248018	1.201493	2.616382
MGYG000000975__gradient_L6_resistant_starch_gapseq	871	899	156	bio1	0.845411	0.869341	2.539807
MGYG000000975__gradient_L7_bglucan_gapseq	871	899	156	bio1	0.845411	0.860924	2.563796
MGYG000000975__gradient_L8_hmo_gapseq	871	899	156	bio1	0.845411	1.033017	2.555873
MGYG000000975__gradient_L9_mos_gapseq	871	899	156	bio1	0.955683	0.867924	2.564940
MGYG000000990__gradient_L0_base_gapseq	1409	1635	413	bio1	0.000000	1.740275	0.109666
MGYG000000990__gradient_L1_inulin_gapseq	1409	1635	413	bio1	0.000000	1.861334	0.099651
MGYG000000990__gradient_L2_fos_gapseq	1409	1635	413	bio1	0.000000	1.703441	0.090714
MGYG000000990__gradient_L3_gos_gapseq	1409	1635	413	bio1	0.000000	1.817632	0.092315
MGYG000000990__gradient_L4_xos_gapseq	1409	1635	413	bio1	1.383780	1.671961	8.250001
MGYG000000990__gradient_L5_pectin_gapseq	1409	1635	413	bio1	1.383780	1.741391	8.159443
MGYG000000990__gradient_L6_resistant_starch_gapseq	1409	1635	413	bio1	2.006036	1.707443	8.127346
MGYG000000990__gradient_L7_bglucan_gapseq	1409	1635	413	bio1	2.214952	1.840707	8.030829
MGYG000000990__gradient_L8_hmo_gapseq	1409	1635	413	bio1	2.363216	1.823667	8.442170
MGYG000000990__gradient_L9_mos_gapseq	1409	1635	413	bio1	2.467977	1.884734	8.369236
MGYG000000994__gradient_L0_base_gapseq	1226	1250	264	bio1	0.019292	1.363542	4.916193
MGYG000000994__gradient_L1_inulin_gapseq	1226	1250	264	bio1	0.107165	1.526573	4.895244
MGYG000000994__gradient_L2_fos_gapseq	1226	1250	264	bio1	0.107165	1.370125	5.014045
MGYG000000994__gradient_L3_gos_gapseq	1226	1250	264	bio1	0.107165	1.328613	4.855302
MGYG000000994__gradient_L4_xos_gapseq	1226	1250	264	bio1	0.107165	1.426666	4.966258
MGYG000000994__gradient_L5_pectin_gapseq	1226	1250	264	bio1	0.107165	1.310707	4.905080
MGYG000000994__gradient_L6_resistant_starch_gapseq	1226	1250	264	bio1	0.160752	1.457050	4.816176
MGYG000000994__gradient_L7_bglucan_gapseq	1226	1250	264	bio1	0.160752	1.341759	4.988614
MGYG000000994__gradient_L8_hmo_gapseq	1226	1250	264	bio1	0.160752	1.376584	5.167495
MGYG000000994__gradient_L9_mos_gapseq	1226	1250	264	bio1	0.160752	1.480974	5.068648
MGYG000001004__gradient_L0_base_gapseq	1333	1503	390	bio1	0.000000	1.594950	0.089812
MGYG000001004__gradient_L1_inulin_gapseq	1333	1503	390	bio1	0.000000	1.600585	0.087769
MGYG000001004__gradient_L2_fos_gapseq	1333	1503	390	bio1	0.000000	1.552489	0.103894
MGYG000001004__gradient_L3_gos_gapseq	1333	1503	390	bio1	0.000000	1.696065	0.088279
MGYG000001004__gradient_L4_xos_gapseq	1333	1503	390	bio1	1.250945	1.605033	7.144623
MGYG000001004__gradient_L5_pectin_gapseq	1333	1503	390	bio1	1.250945	1.532978	6.976151
MGYG000001004__gradient_L6_resistant_starch_gapseq	1333	1503	390	bio1	1.870828	1.686145	6.981394
MGYG000001004__gradient_L7_bglucan_gapseq	1333	1503	390	bio1	2.078948	1.718231	7.110986
MGYG000001004__gradient_L8_hmo_gapseq	1333	1503	390	bio1	2.226646	1.850693	7.410212
MGYG000001004__gradient_L9_mos_gapseq	1333	1503	390	bio1	2.226646	1.694000	7.091617
MGYG000001007__gradient_L0_base_gapseq	1380	1599	468	bio1	0.700884	1.818434	7.938806
MGYG000001007__gradient_L1_inulin_gapseq	1380	1599	468	bio1	0.997860	1.757588	7.719645
MGYG000001007__gradient_L2_fos_gapseq	1380	1599	468	bio1	0.997860	1.667831	8.044455
MGYG000001007__gradient_L3_gos_gapseq	1380	1599	468	bio1	1.274725	1.652665	8.273756
MGYG000001007__gradient_L4_xos_gapseq	1380	1599	468	bio1	1.274725	1.762156	8.170307
MGYG000001007__gradient_L5_pectin_gapseq	1380	1599	468	bio1	1.274725	1.877125	7.903140
MGYG000001007__gradient_L6_resistant_starch_gapseq	1380	1599	468	bio1	1.413158	1.870422	8.127547
MGYG000001007__gradient_L7_bglucan_gapseq	1380	1599	468	bio1	1.612155	1.818422	7.862322
MGYG000001007__gradient_L8_hmo_gapseq	1380	1599	468	bio1	1.612155	1.628116	8.190000
MGYG000001007__gradient_L9_mos_gapseq	1380	1599	468	bio1	1.750588	1.659048	8.051516
MGYG000001010__gradient_L0_base_gapseq	1330	1446	364	bio1	0.368954	1.635154	6.552072
MGYG000001010__gradient_L1_inulin_gapseq	1330	1446	364	bio1	0.511431	1.499614	6.666131
MGYG000001010__gradient_L2_fos_gapseq	1330	1446	364	bio1	0.511431	1.472539	6.535711
MGYG000001010__gradient_L3_gos_gapseq	1330	1446	364	bio1	0.511431	1.614467	6.681095
MGYG000001010__gradient_L4_xos_gapseq	1330	1446	364	bio1	0.511431	1.589126	6.968019
MGYG000001010__gradient_L5_pectin_gapseq	1330	1446	364	bio1	0.511431	1.503502	7.058210
MGYG000001010__gradient_L6_resistant_starch_gapseq	1330	1446	364	bio1	0.511431	1.497495	6.794839
MGYG000001010__gradient_L7_bglucan_gapseq	1330	1446	364	bio1	0.511431	1.755702	6.682217
MGYG000001010__gradient_L8_hmo_gapseq	1330	1446	364	bio1	0.511431	1.645254	6.698923
MGYG000001010__gradient_L9_mos_gapseq	1330	1446	364	bio1	0.511431	1.474062	6.987001
MGYG000001012__gradient_L0_base_gapseq	1147	1235	252	bio1	0.000000	1.289128	0.064731
MGYG000001012__gradient_L1_inulin_gapseq	1147	1235	252	bio1	0.340958	1.434646	4.914077
MGYG000001012__gradient_L2_fos_gapseq	1147	1235	252	bio1	0.340958	1.283724	5.169815
MGYG000001012__gradient_L3_gos_gapseq	1147	1235	252	bio1	0.340958	1.292916	4.874039
MGYG000001012__gradient_L4_xos_gapseq	1147	1235	252	bio1	0.340958	1.430575	4.952051
MGYG000001012__gradient_L5_pectin_gapseq	1147	1235	252	bio1	0.340958	1.309597	5.263519
MGYG000001012__gradient_L6_resistant_starch_gapseq	1147	1235	252	bio1	0.454614	1.570407	5.059892
MGYG000001012__gradient_L7_bglucan_gapseq	1147	1235	252	bio1	0.454614	1.333110	5.202698
MGYG000001012__gradient_L8_hmo_gapseq	1147	1235	252	bio1	0.454614	1.309377	4.934827
MGYG000001012__gradient_L9_mos_gapseq	1147	1235	252	bio1	0.568269	1.622833	5.038571
MGYG000001016__gradient_L0_base_gapseq	1262	1337	299	bio1	0.000000	1.437095	0.066020
MGYG000001016__gradient_L1_inulin_gapseq	1262	1337	299	bio1	0.000000	1.550116	0.072983
MGYG000001016__gradient_L2_fos_gapseq	1262	1337	299	bio1	0.000000	1.411376	0.070626
MGYG000001016__gradient_L3_gos_gapseq	1262	1337	299	bio1	0.460747	1.493391	5.742209
MGYG000001016__gradient_L4_xos_gapseq	1262	1337	299	bio1	0.460747	1.381014	5.948261
MGYG000001016__gradient_L5_pectin_gapseq	1262	1337	299	bio1	0.508337	1.413070	5.965906
MGYG000001016__gradient_L6_resistant_starch_gapseq	1262	1337	299	bio1	1.109854	1.579789	5.753700
MGYG000001016__gradient_L7_bglucan_gapseq	1262	1337	299	bio1	1.320346	1.494031	5.905009
MGYG000001016__gradient_L8_hmo_gapseq	1262	1337	299	bio1	1.320346	1.458924	5.737946
MGYG000001016__gradient_L9_mos_gapseq	1262	1337	299	bio1	1.320346	1.695249	5.701976
MGYG000001019__gradient_L0_base_gapseq	1150	1277	303	bio1	0.827316	1.270200	5.186916
MGYG000001019__gradient_L1_inulin_gapseq	1150	1277	303	bio1	1.110127	1.296746	4.913923
MGYG000001019__gradient_L2_fos_gapseq	1150	1277	303	bio1	1.110127	1.441136	5.090071
MGYG000001019__gradient_L3_gos_gapseq	1150	1277	303	bio1	1.395776	1.336584	5.291945
MGYG000001019__gradient_L4_xos_gapseq	1150	1277	303	bio1	1.395776	1.665887	5.199516
MGYG000001019__gradient_L5_pectin_gapseq	1150	1277	303	bio1	1.395776	1.381561	5.223193
MGYG000001019__gradient_L6_resistant_starch_gapseq	1150	1277	303	bio1	1.995207	1.347444	5.232253
MGYG000001019__gradient_L7_bglucan_gapseq	1150	1277	303	bio1	1.995207	1.537184	5.266796
MGYG000001019__gradient_L8_hmo_gapseq	1150	1277	303	bio1	1.995207	1.319869	5.011917
MGYG000001019__gradient_L9_mos_gapseq	1150	1277	303	bio1	2.133703	1.454737	5.042672
MGYG000001023__gradient_L0_base_gapseq	1175	1245	323	bio1	0.000000	1.293102	0.063893
MGYG000001023__gradient_L1_inulin_gapseq	1175	1245	323	bio1	0.000000	1.417357	0.061292
MGYG000001023__gradient_L2_fos_gapseq	1175	1245	323	bio1	0.000000	1.229614	0.054382
MGYG000001023__gradient_L3_gos_gapseq	1175	1245	323	bio1	0.000000	1.257015	0.058153
MGYG000001023__gradient_L4_xos_gapseq	1175	1245	323	bio1	0.510917	1.400408	4.868619
MGYG000001023__gradient_L5_pectin_gapseq	1175	1245	323	bio1	0.510917	1.268422	5.052528
MGYG000001023__gradient_L6_resistant_starch_gapseq	1175	1245	323	bio1	0.594523	1.240013	5.269270
MGYG000001023__gradient_L7_bglucan_gapseq	1175	1245	323	bio1	0.594523	1.621012	5.084301
MGYG000001023__gradient_L8_hmo_gapseq	1175	1245	323	bio1	0.594523	1.270615	5.177639
MGYG000001023__gradient_L9_mos_gapseq	1175	1245	323	bio1	0.594523	1.282353	4.905776
MGYG000001027__gradient_L0_base_gapseq	1298	1438	374	bio1	0.000000	1.424290	0.081201
MGYG000001027__gradient_L1_inulin_gapseq	1298	1438	374	bio1	0.000000	1.642989	0.081019
MGYG000001027__gradient_L2_fos_gapseq	1298	1438	374	bio1	0.000000	1.494779	0.083048
MGYG000001027__gradient_L3_gos_gapseq	1298	1438	374	bio1	0.000000	1.627481	0.081794
MGYG000001027__gradient_L4_xos_gapseq	1298	1438	374	bio1	0.000000	1.442257	0.088647
MGYG000001027__gradient_L5_pectin_gapseq	1298	1438	374	bio1	0.000000	1.584852	0.084086
MGYG000001027__gradient_L6_resistant_starch_gapseq	1298	1438	374	bio1	0.000000	1.503599	0.079044
MGYG000001027__gradient_L7_bglucan_gapseq	1298	1438	374	bio1	0.000000	1.668332	0.079555
MGYG000001027__gradient_L8_hmo_gapseq	1298	1438	374	bio1	0.000000	1.778327	0.081958
MGYG000001027__gradient_L9_mos_gapseq	1298	1438	374	bio1	0.000000	1.706540	0.091064
MGYG000001029__gradient_L0_base_gapseq	1114	1243	286	bio1	0.000000	1.314484	0.061789
MGYG000001029__gradient_L1_inulin_gapseq	1114	1243	286	bio1	0.284529	1.453736	5.136132
MGYG000001029__gradient_L2_fos_gapseq	1114	1243	286	bio1	0.284529	1.255473	4.854854
MGYG000001029__gradient_L3_gos_gapseq	1114	1243	286	bio1	0.494545	1.587717	4.927166
MGYG000001029__gradient_L4_xos_gapseq	1114	1243	286	bio1	0.494545	1.337863	5.182759
MGYG000001029__gradient_L5_pectin_gapseq	1114	1243	286	bio1	0.494545	1.298691	4.846867
MGYG000001029__gradient_L6_resistant_starch_gapseq	1114	1243	286	bio1	0.921353	1.345213	4.814823
MGYG000001029__gradient_L7_bglucan_gapseq	1114	1243	286	bio1	1.074976	1.342664	4.910110
MGYG000001029__gradient_L8_hmo_gapseq	1114	1243	286	bio1	1.184893	1.452703	4.893073
MGYG000001029__gradient_L9_mos_gapseq	1114	1243	286	bio1	1.255239	1.219243	5.217152
MGYG000001030__gradient_L0_base_gapseq	1307	1450	338	bio1	0.000000	1.712173	0.072934
MGYG000001030__gradient_L1_inulin_gapseq	1307	1450	338	bio1	0.000000	1.513892	0.067912
MGYG000001030__gradient_L2_fos_gapseq	1307	1450	338	bio1	0.000000	1.790038	0.099628
MGYG000001030__gradient_L3_gos_gapseq	1307	1450	338	bio1	0.000000	1.551263	0.071872
MGYG000001030__gradient_L4_xos_gapseq	1307	1450	338	bio1	0.322150	1.703771	6.541867
MGYG000001030__gradient_L5_pectin_gapseq	1307	1450	338	bio1	0.322150	1.466477	6.770604
MGYG000001030__gradient_L6_resistant_starch_gapseq	1307	1450	338	bio1	0.410583	1.486201	6.505356
MGYG000001030__gradient_L7_bglucan_gapseq	1307	1450	338	bio1	0.552709	1.636065	6.451788
MGYG000001030__gradient_L8_hmo_gapseq	1307	1450	338	bio1	0.552709	1.597257	6.610565
MGYG000001030__gradient_L9_mos_gapseq	1307	1450	338	bio1	0.641143	1.497537	6.612164
MGYG000001037__gradient_L0_base_gapseq	1143	1258	224	bio1	0.000000	1.298395	0.068825
MGYG000001037__gradient_L1_inulin_gapseq	1143	1258	224	bio1	0.000000	1.463801	0.063814
MGYG000001037__gradient_L2_fos_gapseq	1143	1258	224	bio1	0.000000	1.259407	0.061498
MGYG000001037__gradient_L3_gos_gapseq	1143	1258	224	bio1	0.832291	1.258379	5.160773
MGYG000001037__gradient_L4_xos_gapseq	1143	1258	224	bio1	0.832291	1.307284	5.137189
MGYG000001037__gradient_L5_pectin_gapseq	1143	1258	224	bio1	0.832291	1.450668	4.945039
MGYG000001037__gradient_L6_resistant_starch_gapseq	1143	1258	224	bio1	1.020846	1.268664	4.990335
MGYG000001037__gradient_L7_bglucan_gapseq	1143	1258	224	bio1	1.020846	1.276247	5.015823
MGYG000001037__gradient_L8_hmo_gapseq	1143	1258	224	bio1	1.020846	1.399669	4.918863
MGYG000001037__gradient_L9_mos_gapseq	1143	1258	224	bio1	1.020846	1.281594	4.877143
MGYG000001046__gradient_L0_base_gapseq	966	1045	241	bio1	0.000000	1.032733	0.050838
MGYG000001046__gradient_L1_inulin_gapseq	966	1045	241	bio1	0.000000	1.213351	0.057710
MGYG000001046__gradient_L2_fos_gapseq	966	1045	241	bio1	0.000000	1.079466	0.048207
MGYG000001046__gradient_L3_gos_gapseq	966	1045	241	bio1	0.000000	1.084235	0.055514
MGYG000001046__gradient_L4_xos_gapseq	966	1045	241	bio1	0.000000	1.173969	0.054811
MGYG000001046__gradient_L5_pectin_gapseq	966	1045	241	bio1	0.000000	1.035808	0.062826
MGYG000001046__gradient_L6_resistant_starch_gapseq	966	1045	241	bio1	0.000000	1.056253	0.059345
MGYG000001046__gradient_L7_bglucan_gapseq	966	1045	241	bio1	0.000000	1.335016	0.058484
MGYG000001046__gradient_L8_hmo_gapseq	966	1045	241	bio1	0.000000	1.066190	0.073879
MGYG000001046__gradient_L9_mos_gapseq	966	1045	241	bio1	0.000000	1.053356	0.049849
MGYG000001056__gradient_L0_base_gapseq	1292	1479	369	bio1	0.395494	1.534464	7.189730
MGYG000001056__gradient_L1_inulin_gapseq	1292	1479	369	bio1	0.493259	1.506199	6.679660
MGYG000001056__gradient_L2_fos_gapseq	1292	1479	369	bio1	0.493259	1.643025	6.655250
MGYG000001056__gradient_L3_gos_gapseq	1292	1479	369	bio1	0.566583	1.595764	6.959382
MGYG000001056__gradient_L4_xos_gapseq	1292	1479	369	bio1	0.579915	1.520932	6.874500
MGYG000001056__gradient_L5_pectin_gapseq	1292	1479	369	bio1	0.579915	1.703075	6.801319
MGYG000001056__gradient_L6_resistant_starch_gapseq	1292	1479	369	bio1	0.830993	1.642030	6.716301
MGYG000001056__gradient_L7_bglucan_gapseq	1292	1479	369	bio1	0.984306	1.488140	6.745604
MGYG000001056__gradient_L8_hmo_gapseq	1292	1479	369	bio1	0.984306	1.507273	6.659509
MGYG000001056__gradient_L9_mos_gapseq	1292	1479	369	bio1	1.082071	1.647095	6.603617
MGYG000001062__gradient_L0_base_gapseq	1120	1130	268	bio1	0.000000	1.287778	0.056575
MGYG000001062__gradient_L1_inulin_gapseq	1120	1130	268	bio1	0.000000	1.134538	0.054134
MGYG000001062__gradient_L2_fos_gapseq	1120	1130	268	bio1	0.000000	1.184447	0.052137
MGYG000001062__gradient_L3_gos_gapseq	1120	1130	268	bio1	0.000000	1.336401	0.069821
MGYG000001062__gradient_L4_xos_gapseq	1120	1130	268	bio1	0.000000	1.261027	0.052626
MGYG000001062__gradient_L5_pectin_gapseq	1120	1130	268	bio1	0.000000	1.387801	0.042783
MGYG000001062__gradient_L6_resistant_starch_gapseq	1120	1130	268	bio1	0.000000	1.173570	0.055317
MGYG000001062__gradient_L7_bglucan_gapseq	1120	1130	268	bio1	0.000000	1.151936	0.048815
MGYG000001062__gradient_L8_hmo_gapseq	1120	1130	268	bio1	0.000000	1.296912	0.053756
MGYG000001062__gradient_L9_mos_gapseq	1120	1130	268	bio1	0.000000	1.193865	0.048933
MGYG000001066__gradient_L0_base_gapseq	1194	1316	329	bio1	0.292441	1.602146	5.635807
MGYG000001066__gradient_L1_inulin_gapseq	1194	1316	329	bio1	0.431131	1.382671	5.463791
MGYG000001066__gradient_L2_fos_gapseq	1194	1316	329	bio1	0.431131	1.517563	5.306859
MGYG000001066__gradient_L3_gos_gapseq	1194	1316	329	bio1	0.491760	1.489864	5.587990
MGYG000001066__gradient_L4_xos_gapseq	1194	1316	329	bio1	0.491760	1.309875	5.358747
MGYG000001066__gradient_L5_pectin_gapseq	1194	1316	329	bio1	0.491760	1.520669	5.732714
MGYG000001066__gradient_L6_resistant_starch_gapseq	1194	1316	329	bio1	0.582704	1.325289	5.647335
MGYG000001066__gradient_L7_bglucan_gapseq	1194	1316	329	bio1	0.582704	1.304865	5.387841
MGYG000001066__gradient_L8_hmo_gapseq	1194	1316	329	bio1	0.582704	1.461981	5.303331
MGYG000001066__gradient_L9_mos_gapseq	1194	1316	329	bio1	0.582704	1.328077	5.520594
MGYG000001068__gradient_L0_base_gapseq	1424	1700	403	bio1	0.504344	1.931061	8.912377
MGYG000001068__gradient_L1_inulin_gapseq	1424	1700	403	bio1	0.661545	1.982509	8.857979
MGYG000001068__gradient_L2_fos_gapseq	1424	1700	403	bio1	0.661545	1.957725	8.789895
MGYG000001068__gradient_L3_gos_gapseq	1424	1700	403	bio1	0.823659	1.934278	9.136542
MGYG000001068__gradient_L4_xos_gapseq	1424	1700	403	bio1	0.823659	1.755008	8.794195
MGYG000001068__gradient_L5_pectin_gapseq	1424	1700	403	bio1	0.823659	1.773324	8.726250
MGYG000001068__gradient_L6_resistant_starch_gapseq	1424	1700	403	bio1	0.902260	1.855931	8.760925
MGYG000001068__gradient_L7_bglucan_gapseq	1424	1700	403	bio1	1.012435	1.924955	8.765426
MGYG000001068__gradient_L8_hmo_gapseq	1424	1700	403	bio1	1.012435	1.886642	9.117451
MGYG000001068__gradient_L9_mos_gapseq	1424	1700	403	bio1	1.089513	1.977520	8.965932
MGYG000001076__gradient_L0_base_gapseq	1315	1467	390	bio1	0.000000	1.628573	0.074236
MGYG000001076__gradient_L1_inulin_gapseq	1315	1467	390	bio1	0.000000	1.747167	0.081836
MGYG000001076__gradient_L2_fos_gapseq	1315	1467	390	bio1	0.000000	1.557832	0.080622
MGYG000001076__gradient_L3_gos_gapseq	1315	1467	390	bio1	0.887922	1.684920	6.664268
MGYG000001076__gradient_L4_xos_gapseq	1315	1467	390	bio1	0.887922	1.934077	6.804092
MGYG000001076__gradient_L5_pectin_gapseq	1315	1467	390	bio1	0.887922	1.557548	7.122988
MGYG000001076__gradient_L6_resistant_starch_gapseq	1315	1467	390	bio1	1.412104	1.559076	6.735110
MGYG000001076__gradient_L7_bglucan_gapseq	1315	1467	390	bio1	1.586910	1.746850	6.650848
MGYG000001076__gradient_L8_hmo_gapseq	1315	1467	390	bio1	1.586910	1.518949	6.974297
MGYG000001076__gradient_L9_mos_gapseq	1315	1467	390	bio1	1.586910	1.597297	6.871032
MGYG000001083__gradient_L0_base_gapseq	913	982	179	bio1	0.034198	0.989272	3.237220
MGYG000001083__gradient_L1_inulin_gapseq	913	982	179	bio1	0.034198	1.168498	3.298650
MGYG000001083__gradient_L2_fos_gapseq	913	982	179	bio1	0.034198	0.941336	3.286014
MGYG000001083__gradient_L3_gos_gapseq	913	982	179	bio1	0.034198	1.046220	3.334119
MGYG000001083__gradient_L4_xos_gapseq	913	982	179	bio1	0.034198	1.011835	3.195457
MGYG000001083__gradient_L5_pectin_gapseq	913	982	179	bio1	0.034198	0.990835	3.167081
MGYG000001083__gradient_L6_resistant_starch_gapseq	913	982	179	bio1	0.034198	1.089171	3.409217
MGYG000001083__gradient_L7_bglucan_gapseq	913	982	179	bio1	0.034198	1.025480	3.211115
MGYG000001083__gradient_L8_hmo_gapseq	913	982	179	bio1	0.034198	1.117663	3.239189
MGYG000001083__gradient_L9_mos_gapseq	913	982	179	bio1	0.034198	0.950519	3.181565
MGYG000001092__gradient_L0_base_gapseq	1194	1343	324	bio1	0.783063	1.359216	5.906252
MGYG000001092__gradient_L1_inulin_gapseq	1194	1343	324	bio1	1.074058	1.348366	5.840681
MGYG000001092__gradient_L2_fos_gapseq	1194	1343	324	bio1	1.074058	1.496301	5.658822
MGYG000001092__gradient_L3_gos_gapseq	1194	1343	324	bio1	1.366382	1.356001	5.838884
MGYG000001092__gradient_L4_xos_gapseq	1194	1343	324	bio1	1.366382	1.479710	5.687228
MGYG000001092__gradient_L5_pectin_gapseq	1194	1343	324	bio1	1.366382	1.472509	5.678847
MGYG000001092__gradient_L6_resistant_starch_gapseq	1194	1343	324	bio1	1.979819	1.333440	5.848070
MGYG000001092__gradient_L7_bglucan_gapseq	1194	1343	324	bio1	1.979819	1.347973	5.655042
MGYG000001092__gradient_L8_hmo_gapseq	1194	1343	324	bio1	1.979819	1.485366	5.644594
MGYG000001092__gradient_L9_mos_gapseq	1194	1343	324	bio1	2.121552	1.385706	5.831662
MGYG000001093__gradient_L0_base_gapseq	1512	1661	370	bio1	0.000000	2.062314	0.086052
MGYG000001093__gradient_L1_inulin_gapseq	1512	1661	370	bio1	0.287305	1.735234	8.631604
MGYG000001093__gradient_L2_fos_gapseq	1512	1661	370	bio1	0.287305	1.770301	8.717349
MGYG000001093__gradient_L3_gos_gapseq	1512	1661	370	bio1	0.287305	1.955496	8.410115
MGYG000001093__gradient_L4_xos_gapseq	1512	1661	370	bio1	0.287305	1.989744	8.530527
MGYG000001093__gradient_L5_pectin_gapseq	1512	1661	370	bio1	0.287305	1.909190	8.534121
MGYG000001093__gradient_L6_resistant_starch_gapseq	1512	1661	370	bio1	0.287305	1.776613	8.784137
MGYG000001093__gradient_L7_bglucan_gapseq	1512	1661	370	bio1	0.287305	1.788961	8.906829
MGYG000001093__gradient_L8_hmo_gapseq	1512	1661	370	bio1	0.287305	1.956587	8.668143
MGYG000001093__gradient_L9_mos_gapseq	1512	1661	370	bio1	0.287305	1.946806	8.453929
MGYG000001096__gradient_L0_base_gapseq	1156	1299	312	bio1	0.790079	1.327261	5.328440
MGYG000001096__gradient_L1_inulin_gapseq	1156	1299	312	bio1	1.080057	1.415721	5.585929
MGYG000001096__gradient_L2_fos_gapseq	1156	1299	312	bio1	1.080057	1.324539	5.336789
MGYG000001096__gradient_L3_gos_gapseq	1156	1299	312	bio1	1.371609	1.548443	5.302185
MGYG000001096__gradient_L4_xos_gapseq	1156	1299	312	bio1	1.371609	1.296688	5.461201
MGYG000001096__gradient_L5_pectin_gapseq	1156	1299	312	bio1	1.371609	1.281365	5.299776
MGYG000001096__gradient_L6_resistant_starch_gapseq	1156	1299	312	bio1	1.983426	1.490947	5.353006
MGYG000001096__gradient_L7_bglucan_gapseq	1156	1299	312	bio1	1.983426	1.322554	5.482282
MGYG000001096__gradient_L8_hmo_gapseq	1156	1299	312	bio1	1.983426	1.365164	5.322808
MGYG000001096__gradient_L9_mos_gapseq	1156	1299	312	bio1	2.124784	1.461248	5.364302
MGYG000001097__gradient_L0_base_gapseq	1228	1401	326	bio1	0.246208	1.802394	6.037730
MGYG000001097__gradient_L1_inulin_gapseq	1228	1401	326	bio1	0.317038	1.412825	6.123601
MGYG000001097__gradient_L2_fos_gapseq	1228	1401	326	bio1	0.317038	1.407662	6.050364
MGYG000001097__gradient_L3_gos_gapseq	1228	1401	326	bio1	0.370161	1.579737	6.019704
MGYG000001097__gradient_L4_xos_gapseq	1228	1401	326	bio1	0.413164	1.454536	6.175936
MGYG000001097__gradient_L5_pectin_gapseq	1228	1401	326	bio1	0.443520	1.463598	6.048306
MGYG000001097__gradient_L6_resistant_starch_gapseq	1228	1401	326	bio1	0.514350	1.550004	6.082793
MGYG000001097__gradient_L7_bglucan_gapseq	1228	1401	326	bio1	0.628184	1.442537	6.338219
MGYG000001097__gradient_L8_hmo_gapseq	1228	1401	326	bio1	0.628184	1.490923	6.231190
MGYG000001097__gradient_L9_mos_gapseq	1228	1401	326	bio1	0.699014	1.656406	6.092451
MGYG000001100__gradient_L0_base_gapseq	1186	1329	292	bio1	0.430542	1.692203	5.453240
MGYG000001100__gradient_L1_inulin_gapseq	1186	1329	292	bio1	0.521665	1.372272	5.564645
MGYG000001100__gradient_L2_fos_gapseq	1186	1329	292	bio1	0.521665	1.371968	5.460638
MGYG000001100__gradient_L3_gos_gapseq	1186	1329	292	bio1	0.521665	1.488660	5.439517
MGYG000001100__gradient_L4_xos_gapseq	1186	1329	292	bio1	0.549001	1.382841	5.584294
MGYG000001100__gradient_L5_pectin_gapseq	1186	1329	292	bio1	0.549001	1.348814	5.427758
MGYG000001100__gradient_L6_resistant_starch_gapseq	1186	1329	292	bio1	0.929672	1.526210	5.446085
MGYG000001100__gradient_L7_bglucan_gapseq	1186	1329	292	bio1	0.929672	1.396192	5.651387
MGYG000001100__gradient_L8_hmo_gapseq	1186	1329	292	bio1	0.929672	1.379630	5.693507
MGYG000001100__gradient_L9_mos_gapseq	1186	1329	292	bio1	1.018637	1.650512	5.442716
MGYG000001115__gradient_L0_base_gapseq	1251	1400	330	bio1	0.000000	1.728308	0.084555
MGYG000001115__gradient_L1_inulin_gapseq	1251	1400	330	bio1	0.000000	1.478689	0.075331
MGYG000001115__gradient_L2_fos_gapseq	1251	1400	330	bio1	0.000000	1.546420	0.077316
MGYG000001115__gradient_L3_gos_gapseq	1251	1400	330	bio1	1.204752	1.402779	6.313749
MGYG000001115__gradient_L4_xos_gapseq	1251	1400	330	bio1	1.277584	1.415783	6.230456
MGYG000001115__gradient_L5_pectin_gapseq	1251	1400	330	bio1	1.277584	1.585226	6.139291
MGYG000001115__gradient_L6_resistant_starch_gapseq	1251	1400	330	bio1	1.826100	1.489385	6.222984
MGYG000001115__gradient_L7_bglucan_gapseq	1251	1400	330	bio1	1.826100	1.454253	6.128564
MGYG000001115__gradient_L8_hmo_gapseq	1251	1400	330	bio1	1.826100	1.594940	6.128737
MGYG000001115__gradient_L9_mos_gapseq	1251	1400	330	bio1	1.826100	1.501633	6.473316
MGYG000001131__gradient_L0_base_gapseq	1264	1459	366	bio1	0.392685	1.468129	6.569539
MGYG000001131__gradient_L1_inulin_gapseq	1264	1459	366	bio1	0.392685	1.593068	6.557971
MGYG000001131__gradient_L2_fos_gapseq	1264	1459	366	bio1	0.392685	1.578391	6.497056
MGYG000001131__gradient_L3_gos_gapseq	1264	1459	366	bio1	0.483412	1.451007	6.725137
MGYG000001131__gradient_L4_xos_gapseq	1264	1459	366	bio1	0.483412	1.446305	6.571533
MGYG000001131__gradient_L5_pectin_gapseq	1264	1459	366	bio1	0.514891	1.695828	6.705590
MGYG000001131__gradient_L6_resistant_starch_gapseq	1264	1459	366	bio1	0.766092	1.517493	6.872151
MGYG000001131__gradient_L7_bglucan_gapseq	1264	1459	366	bio1	0.910423	1.615188	6.766013
MGYG000001131__gradient_L8_hmo_gapseq	1264	1459	366	bio1	0.910423	1.655228	6.642187
MGYG000001131__gradient_L9_mos_gapseq	1264	1459	366	bio1	0.977613	1.618495	6.666999
MGYG000001141__gradient_L0_base_gapseq	1304	1471	371	bio1	0.000000	1.638465	0.069753
MGYG000001141__gradient_L1_inulin_gapseq	1304	1471	371	bio1	0.000000	1.526847	0.095448
MGYG000001141__gradient_L2_fos_gapseq	1304	1471	371	bio1	0.000000	1.659464	0.079303
MGYG000001141__gradient_L3_gos_gapseq	1304	1471	371	bio1	0.682508	1.486844	6.676920
MGYG000001141__gradient_L4_xos_gapseq	1304	1471	371	bio1	0.721245	1.608511	6.642831
MGYG000001141__gradient_L5_pectin_gapseq	1304	1471	371	bio1	0.721245	1.682232	6.722291
MGYG000001141__gradient_L6_resistant_starch_gapseq	1304	1471	371	bio1	1.136795	1.566068	6.808525
MGYG000001141__gradient_L7_bglucan_gapseq	1304	1471	371	bio1	1.283019	1.595051	6.836444
MGYG000001141__gradient_L8_hmo_gapseq	1304	1471	371	bio1	1.283019	1.772579	6.863030
MGYG000001141__gradient_L9_mos_gapseq	1304	1471	371	bio1	1.350781	1.623301	6.738717
MGYG000001153__gradient_L0_base_gapseq	1054	1071	244	bio1	0.000000	1.071224	0.041201
MGYG000001153__gradient_L1_inulin_gapseq	1054	1071	244	bio1	0.094873	1.076534	3.677445
MGYG000001153__gradient_L2_fos_gapseq	1054	1071	244	bio1	0.094873	1.225221	3.670981
MGYG000001153__gradient_L3_gos_gapseq	1054	1071	244	bio1	0.094873	1.123444	3.771375
MGYG000001153__gradient_L4_xos_gapseq	1054	1071	244	bio1	0.094873	1.232793	3.645518
MGYG000001153__gradient_L5_pectin_gapseq	1054	1071	244	bio1	0.094873	1.087131	3.605321
MGYG000001153__gradient_L6_resistant_starch_gapseq	1054	1071	244	bio1	0.094873	1.313732	3.844064
MGYG000001153__gradient_L7_bglucan_gapseq	1054	1071	244	bio1	0.094873	1.086530	3.769770
MGYG000001153__gradient_L8_hmo_gapseq	1054	1071	244	bio1	0.094873	1.257560	3.726654
MGYG000001153__gradient_L9_mos_gapseq	1054	1071	244	bio1	0.094873	1.089223	3.633635
MGYG000001157__gradient_L0_base_gapseq	1275	1452	370	bio1	0.000000	1.530005	0.077463
MGYG000001157__gradient_L1_inulin_gapseq	1275	1452	370	bio1	0.000000	1.589542	0.095926
MGYG000001157__gradient_L2_fos_gapseq	1275	1452	370	bio1	0.000000	1.663447	0.071579
MGYG000001157__gradient_L3_gos_gapseq	1275	1452	370	bio1	1.248280	1.500307	6.843876
MGYG000001157__gradient_L4_xos_gapseq	1275	1452	370	bio1	1.317412	1.531677	6.666092
MGYG000001157__gradient_L5_pectin_gapseq	1275	1452	370	bio1	1.317412	1.719639	6.802921
MGYG000001157__gradient_L6_resistant_starch_gapseq	1275	1452	370	bio1	1.835780	1.518862	6.891305
MGYG000001157__gradient_L7_bglucan_gapseq	1275	1452	370	bio1	2.010078	1.517992	6.618870
MGYG000001157__gradient_L8_hmo_gapseq	1275	1452	370	bio1	2.010078	1.694360	6.668973
MGYG000001157__gradient_L9_mos_gapseq	1275	1452	370	bio1	2.094586	1.658162	6.957696
MGYG000001161__gradient_L0_base_gapseq	1155	1279	302	bio1	0.000000	1.363510	0.062241
MGYG000001161__gradient_L1_inulin_gapseq	1155	1279	302	bio1	0.000000	1.339178	0.068523
MGYG000001161__gradient_L2_fos_gapseq	1155	1279	302	bio1	0.000000	1.320752	0.062732
MGYG000001161__gradient_L3_gos_gapseq	1155	1279	302	bio1	0.000000	1.430358	0.073185
MGYG000001161__gradient_L4_xos_gapseq	1155	1279	302	bio1	0.000000	1.288132	0.066277
MGYG000001161__gradient_L5_pectin_gapseq	1155	1279	302	bio1	0.000000	1.494022	0.062679
MGYG000001161__gradient_L6_resistant_starch_gapseq	1155	1279	302	bio1	0.000000	1.279640	0.061624
MGYG000001161__gradient_L7_bglucan_gapseq	1155	1279	302	bio1	0.000000	1.288466	0.229907
MGYG000001161__gradient_L8_hmo_gapseq	1155	1279	302	bio1	0.000000	1.381304	0.068990
MGYG000001161__gradient_L9_mos_gapseq	1155	1279	302	bio1	0.000000	1.292622	0.060856
MGYG000001166__gradient_L0_base_gapseq	1104	1152	248	bio1	0.000000	1.194580	0.041968
MGYG000001166__gradient_L1_inulin_gapseq	1104	1152	248	bio1	0.000000	1.179929	0.048048
MGYG000001166__gradient_L2_fos_gapseq	1104	1152	248	bio1	0.000000	1.274665	0.051463
MGYG000001166__gradient_L3_gos_gapseq	1104	1152	248	bio1	0.000000	1.171996	0.072960
MGYG000001166__gradient_L4_xos_gapseq	1104	1152	248	bio1	0.000000	1.185542	0.058308
MGYG000001166__gradient_L5_pectin_gapseq	1104	1152	248	bio1	0.000000	1.279808	0.048459
MGYG000001166__gradient_L6_resistant_starch_gapseq	1104	1152	248	bio1	0.000000	1.150733	0.060652
MGYG000001166__gradient_L7_bglucan_gapseq	1104	1152	248	bio1	0.000000	1.341195	0.067084
MGYG000001166__gradient_L8_hmo_gapseq	1104	1152	248	bio1	0.000000	1.159443	0.056611
MGYG000001166__gradient_L9_mos_gapseq	1104	1152	248	bio1	0.000000	1.100707	0.057780
MGYG000001175__gradient_L0_base_gapseq	888	849	89	bio1	0.000000	1.004945	0.037656
MGYG000001175__gradient_L1_inulin_gapseq	888	849	89	bio1	0.000000	0.877355	0.037186
MGYG000001175__gradient_L2_fos_gapseq	888	849	89	bio1	0.000000	0.901479	0.029511
MGYG000001175__gradient_L3_gos_gapseq	888	849	89	bio1	0.000000	0.852222	0.027014
MGYG000001175__gradient_L4_xos_gapseq	888	849	89	bio1	0.000000	1.140577	0.032911
MGYG000001175__gradient_L5_pectin_gapseq	888	849	89	bio1	0.000000	0.919427	0.034841
MGYG000001175__gradient_L6_resistant_starch_gapseq	888	849	89	bio1	0.000000	0.833755	0.027473
MGYG000001175__gradient_L7_bglucan_gapseq	888	849	89	bio1	0.000000	0.869841	0.034454
MGYG000001175__gradient_L8_hmo_gapseq	888	849	89	bio1	0.000000	1.094646	0.038892
MGYG000001175__gradient_L9_mos_gapseq	888	849	89	bio1	0.000000	0.855014	0.030891
MGYG000001179__gradient_L0_base_gapseq	1173	1297	313	bio1	0.497193	1.534692	5.692058
MGYG000001179__gradient_L1_inulin_gapseq	1173	1297	313	bio1	0.720238	1.383226	5.719768
MGYG000001179__gradient_L2_fos_gapseq	1173	1297	313	bio1	0.720238	1.306095	5.320314
MGYG000001179__gradient_L3_gos_gapseq	1173	1297	313	bio1	0.957044	1.450438	5.427488
MGYG000001179__gradient_L4_xos_gapseq	1173	1297	313	bio1	0.957044	1.309568	5.712938
MGYG000001179__gradient_L5_pectin_gapseq	1173	1297	313	bio1	0.957044	1.340165	5.633703
MGYG000001179__gradient_L6_resistant_starch_gapseq	1173	1297	313	bio1	1.436098	1.487967	5.343779
MGYG000001179__gradient_L7_bglucan_gapseq	1173	1297	313	bio1	1.436098	1.346641	5.339615
MGYG000001179__gradient_L8_hmo_gapseq	1173	1297	313	bio1	1.436098	1.515005	5.405766
MGYG000001179__gradient_L9_mos_gapseq	1173	1297	313	bio1	1.548184	1.374506	5.471592
MGYG000001182__gradient_L0_base_gapseq	939	883	122	bio1	0.000000	0.953062	0.034558
MGYG000001182__gradient_L1_inulin_gapseq	939	883	122	bio1	0.000000	1.015030	0.037077
MGYG000001182__gradient_L2_fos_gapseq	939	883	122	bio1	0.000000	1.187916	0.032503
MGYG000001182__gradient_L3_gos_gapseq	939	883	122	bio1	0.000000	0.922002	0.039122
MGYG000001182__gradient_L4_xos_gapseq	939	883	122	bio1	0.000000	0.907356	0.039536
MGYG000001182__gradient_L5_pectin_gapseq	939	883	122	bio1	0.000000	1.058737	0.039262
MGYG000001182__gradient_L6_resistant_starch_gapseq	939	883	122	bio1	0.000000	0.931768	0.039190
MGYG000001182__gradient_L7_bglucan_gapseq	939	883	122	bio1	0.000000	0.889947	0.035421
MGYG000001182__gradient_L8_hmo_gapseq	939	883	122	bio1	0.000000	0.894546	0.038967
MGYG000001182__gradient_L9_mos_gapseq	939	883	122	bio1	0.000000	1.069915	0.041809
MGYG000001184__gradient_L0_base_gapseq	612	557	89	bio1	0.000000	0.594711	0.037812
MGYG000001184__gradient_L1_inulin_gapseq	612	557	89	bio1	0.000000	0.532665	0.022491
MGYG000001184__gradient_L2_fos_gapseq	612	557	89	bio1	0.000000	0.519888	0.027192
MGYG000001184__gradient_L3_gos_gapseq	612	557	89	bio1	0.000000	0.524091	0.023741
MGYG000001184__gradient_L4_xos_gapseq	612	557	89	bio1	0.000000	0.557843	0.017787
MGYG000001184__gradient_L5_pectin_gapseq	612	557	89	bio1	0.000000	0.748622	0.024740
MGYG000001184__gradient_L6_resistant_starch_gapseq	612	557	89	bio1	0.000000	0.528587	0.028003
MGYG000001184__gradient_L7_bglucan_gapseq	612	557	89	bio1	0.000000	0.536354	0.023484
MGYG000001184__gradient_L8_hmo_gapseq	612	557	89	bio1	0.000000	0.545192	0.026477
MGYG000001184__gradient_L9_mos_gapseq	612	557	89	bio1	0.000000	0.571042	0.026112
MGYG000001186__gradient_L0_base_gapseq	1400	1626	447	bio1	0.417429	1.672857	8.449314
MGYG000001186__gradient_L1_inulin_gapseq	1400	1626	447	bio1	0.547950	1.759691	8.096269
MGYG000001186__gradient_L2_fos_gapseq	1400	1626	447	bio1	0.547950	1.713519	8.076415
MGYG000001186__gradient_L3_gos_gapseq	1400	1626	447	bio1	0.826469	2.024705	8.105771
MGYG000001186__gradient_L4_xos_gapseq	1400	1626	447	bio1	0.878329	1.850317	7.926930
MGYG000001186__gradient_L5_pectin_gapseq	1400	1626	447	bio1	0.878329	1.839825	7.959772
MGYG000001186__gradient_L6_resistant_starch_gapseq	1400	1626	447	bio1	1.418728	1.731268	8.078942
MGYG000001186__gradient_L7_bglucan_gapseq	1400	1626	447	bio1	1.599133	1.705892	8.013761
MGYG000001186__gradient_L8_hmo_gapseq	1400	1626	447	bio1	1.599133	1.716876	7.972452
MGYG000001186__gradient_L9_mos_gapseq	1400	1626	447	bio1	1.688221	1.786411	7.993701
MGYG000001188__gradient_L0_base_gapseq	1175	1320	320	bio1	0.781450	1.490875	5.593830
MGYG000001188__gradient_L1_inulin_gapseq	1175	1320	320	bio1	1.087217	1.374128	5.670873
MGYG000001188__gradient_L2_fos_gapseq	1175	1320	320	bio1	1.087217	1.392411	5.558789
MGYG000001188__gradient_L3_gos_gapseq	1175	1320	320	bio1	1.380702	1.533693	5.593395
MGYG000001188__gradient_L4_xos_gapseq	1175	1320	320	bio1	1.440094	1.655427	5.931802
MGYG000001188__gradient_L5_pectin_gapseq	1175	1320	320	bio1	1.440094	1.347098	5.607462
MGYG000001188__gradient_L6_resistant_starch_gapseq	1175	1320	320	bio1	2.058558	1.466486	5.553810
MGYG000001188__gradient_L7_bglucan_gapseq	1175	1320	320	bio1	2.058558	1.386513	5.576608
MGYG000001188__gradient_L8_hmo_gapseq	1175	1320	320	bio1	2.058558	1.528541	5.508678
MGYG000001188__gradient_L9_mos_gapseq	1175	1320	320	bio1	2.201452	1.462608	5.536355
MGYG000001193__gradient_L0_base_gapseq	1165	1198	256	bio1	0.098741	1.294057	4.875426
MGYG000001193__gradient_L1_inulin_gapseq	1165	1198	256	bio1	0.209372	1.473529	4.855689
MGYG000001193__gradient_L2_fos_gapseq	1165	1198	256	bio1	0.209372	1.267520	4.939760
MGYG000001193__gradient_L3_gos_gapseq	1165	1198	256	bio1	0.209372	1.427755	4.904477
MGYG000001193__gradient_L4_xos_gapseq	1165	1198	256	bio1	0.209372	1.247965	5.307451
MGYG000001193__gradient_L5_pectin_gapseq	1165	1198	256	bio1	0.209372	1.273937	4.906268
MGYG000001193__gradient_L6_resistant_starch_gapseq	1165	1198	256	bio1	0.209372	1.366826	4.802740
MGYG000001193__gradient_L7_bglucan_gapseq	1165	1198	256	bio1	0.209372	1.256172	4.943267
MGYG000001193__gradient_L8_hmo_gapseq	1165	1198	256	bio1	0.209372	1.464618	4.838456
MGYG000001193__gradient_L9_mos_gapseq	1165	1198	256	bio1	0.209372	1.258505	4.954151
MGYG000001201__gradient_L0_base_gapseq	802	735	99	bio1	0.000000	0.739450	0.032604
MGYG000001201__gradient_L1_inulin_gapseq	802	735	99	bio1	0.000000	0.736966	0.027502
MGYG000001201__gradient_L2_fos_gapseq	802	735	99	bio1	0.000000	0.894309	0.028699
MGYG000001201__gradient_L3_gos_gapseq	802	735	99	bio1	0.000000	0.746989	0.025194
MGYG000001201__gradient_L4_xos_gapseq	802	735	99	bio1	0.000000	0.730363	0.030080
MGYG000001201__gradient_L5_pectin_gapseq	802	735	99	bio1	0.000000	0.728056	0.029537
MGYG000001201__gradient_L6_resistant_starch_gapseq	802	735	99	bio1	0.000000	0.846734	0.025839
MGYG000001201__gradient_L7_bglucan_gapseq	802	735	99	bio1	0.000000	0.751227	0.024851
MGYG000001201__gradient_L8_hmo_gapseq	802	735	99	bio1	0.000000	0.775298	0.034639
MGYG000001201__gradient_L9_mos_gapseq	802	735	99	bio1	0.000000	0.735565	0.019630
MGYG000001203__gradient_L0_base_gapseq	1170	1256	300	bio1	0.688415	1.312674	4.943719
MGYG000001203__gradient_L1_inulin_gapseq	1170	1256	300	bio1	0.971885	1.475484	4.952996
MGYG000001203__gradient_L2_fos_gapseq	1170	1256	300	bio1	0.971885	1.273191	5.239638
MGYG000001203__gradient_L3_gos_gapseq	1170	1256	300	bio1	0.971885	1.517234	5.264266
MGYG000001203__gradient_L4_xos_gapseq	1170	1256	300	bio1	0.971885	1.496913	4.960012
MGYG000001203__gradient_L5_pectin_gapseq	1170	1256	300	bio1	0.971885	1.313800	5.098547
MGYG000001203__gradient_L6_resistant_starch_gapseq	1170	1256	300	bio1	1.584388	1.261752	4.931807
MGYG000001203__gradient_L7_bglucan_gapseq	1170	1256	300	bio1	1.584388	1.440143	4.985876
MGYG000001203__gradient_L8_hmo_gapseq	1170	1256	300	bio1	1.584388	1.290496	4.951790
MGYG000001203__gradient_L9_mos_gapseq	1170	1256	300	bio1	1.725813	1.419548	5.067815
MGYG000001209__gradient_L0_base_gapseq	1144	1230	247	bio1	0.000000	1.306858	0.223469
MGYG000001209__gradient_L1_inulin_gapseq	1144	1230	247	bio1	0.559010	1.307851	5.010127
MGYG000001209__gradient_L2_fos_gapseq	1144	1230	247	bio1	0.559010	1.334641	5.163067
MGYG000001209__gradient_L3_gos_gapseq	1144	1230	247	bio1	0.559010	1.364221	5.076431
MGYG000001209__gradient_L4_xos_gapseq	1144	1230	247	bio1	0.559010	1.533978	4.904875
MGYG000001209__gradient_L5_pectin_gapseq	1144	1230	247	bio1	0.559010	1.315471	5.067554
MGYG000001209__gradient_L6_resistant_starch_gapseq	1144	1230	247	bio1	0.686222	1.259953	4.909948
MGYG000001209__gradient_L7_bglucan_gapseq	1144	1230	247	bio1	0.686222	1.272057	5.039116
MGYG000001209__gradient_L8_hmo_gapseq	1144	1230	247	bio1	0.686222	1.330007	4.977580
MGYG000001209__gradient_L9_mos_gapseq	1144	1230	247	bio1	0.813435	1.467992	4.859712
MGYG000001212__gradient_L0_base_gapseq	1213	1340	318	bio1	0.000000	1.530808	0.073677
MGYG000001212__gradient_L1_inulin_gapseq	1213	1340	318	bio1	0.000000	1.388526	0.082521
MGYG000001212__gradient_L2_fos_gapseq	1213	1340	318	bio1	0.000000	1.464186	0.090146
MGYG000001212__gradient_L3_gos_gapseq	1213	1340	318	bio1	0.000000	1.387412	0.091431
MGYG000001212__gradient_L4_xos_gapseq	1213	1340	318	bio1	0.441099	1.476271	5.675446
MGYG000001212__gradient_L5_pectin_gapseq	1213	1340	318	bio1	0.474301	1.520606	6.170036
MGYG000001212__gradient_L6_resistant_starch_gapseq	1213	1340	318	bio1	0.922524	1.462730	5.614141
MGYG000001212__gradient_L7_bglucan_gapseq	1213	1340	318	bio1	0.922524	1.503633	5.595905
MGYG000001212__gradient_L8_hmo_gapseq	1213	1340	318	bio1	0.922524	1.397236	5.752101
MGYG000001212__gradient_L9_mos_gapseq	1213	1340	318	bio1	0.998339	1.356918	5.630038
MGYG000001216__gradient_L0_base_gapseq	899	869	149	bio1	0.000000	0.878379	0.036037
MGYG000001216__gradient_L1_inulin_gapseq	899	869	149	bio1	0.000000	0.894416	0.039411
MGYG000001216__gradient_L2_fos_gapseq	899	869	149	bio1	0.000000	1.073866	0.053040
MGYG000001216__gradient_L3_gos_gapseq	899	869	149	bio1	0.000000	0.903683	0.037032
MGYG000001216__gradient_L4_xos_gapseq	899	869	149	bio1	0.000000	0.905947	0.034237
MGYG000001216__gradient_L5_pectin_gapseq	899	869	149	bio1	0.000000	1.024740	0.041639
MGYG000001216__gradient_L6_resistant_starch_gapseq	899	869	149	bio1	0.000000	0.861841	0.037083
MGYG000001216__gradient_L7_bglucan_gapseq	899	869	149	bio1	0.000000	0.926811	0.035780
MGYG000001216__gradient_L8_hmo_gapseq	899	869	149	bio1	0.000000	0.898590	0.040959
MGYG000001216__gradient_L9_mos_gapseq	899	869	149	bio1	0.000000	1.043523	0.037728
MGYG000001225__gradient_L0_base_gapseq	1394	1471	320	bio1	0.000000	1.702703	0.086233
MGYG000001225__gradient_L1_inulin_gapseq	1394	1471	320	bio1	0.000000	1.550336	0.095170
MGYG000001225__gradient_L2_fos_gapseq	1394	1471	320	bio1	0.000000	1.694822	0.104650
MGYG000001225__gradient_L3_gos_gapseq	1394	1471	320	bio1	0.000000	1.551538	0.092524
MGYG000001225__gradient_L4_xos_gapseq	1394	1471	320	bio1	0.000000	1.764708	0.090694
MGYG000001225__gradient_L5_pectin_gapseq	1394	1471	320	bio1	0.000000	1.605990	0.107756
MGYG000001225__gradient_L6_resistant_starch_gapseq	1394	1471	320	bio1	0.000000	1.830867	0.104830
MGYG000001225__gradient_L7_bglucan_gapseq	1394	1471	320	bio1	0.000000	1.586206	0.099023
MGYG000001225__gradient_L8_hmo_gapseq	1394	1471	320	bio1	0.000000	1.815134	0.092703
MGYG000001225__gradient_L9_mos_gapseq	1394	1471	320	bio1	0.000000	1.904809	0.093984
MGYG000001226__gradient_L0_base_gapseq	1209	1325	368	bio1	0.000000	1.590610	0.060524
MGYG000001226__gradient_L1_inulin_gapseq	1209	1325	368	bio1	0.616127	1.390876	5.397486
MGYG000001226__gradient_L2_fos_gapseq	1209	1325	368	bio1	0.616127	1.504047	5.651124
MGYG000001226__gradient_L3_gos_gapseq	1209	1325	368	bio1	0.961873	1.699288	5.459458
MGYG000001226__gradient_L4_xos_gapseq	1209	1325	368	bio1	0.961873	1.414877	5.317170
MGYG000001226__gradient_L5_pectin_gapseq	1209	1325	368	bio1	1.001702	1.549894	5.359745
MGYG000001226__gradient_L6_resistant_starch_gapseq	1209	1325	368	bio1	1.137282	1.434232	5.497137
MGYG000001226__gradient_L7_bglucan_gapseq	1209	1325	368	bio1	1.137282	1.418074	5.405508
MGYG000001226__gradient_L8_hmo_gapseq	1209	1325	368	bio1	1.137282	1.514318	5.373345
MGYG000001226__gradient_L9_mos_gapseq	1209	1325	368	bio1	1.137282	1.392319	5.426807
MGYG000001227__gradient_L0_base_gapseq	1085	1197	279	bio1	0.000000	1.252396	0.072165
MGYG000001227__gradient_L1_inulin_gapseq	1085	1197	279	bio1	0.000000	1.359927	0.052166
MGYG000001227__gradient_L2_fos_gapseq	1085	1197	279	bio1	0.000000	1.215416	0.059468
MGYG000001227__gradient_L3_gos_gapseq	1085	1197	279	bio1	0.000000	1.215803	0.066981
MGYG000001227__gradient_L4_xos_gapseq	1085	1197	279	bio1	0.000000	1.419667	0.053952
MGYG000001227__gradient_L5_pectin_gapseq	1085	1197	279	bio1	0.000000	1.191347	0.061912
MGYG000001227__gradient_L6_resistant_starch_gapseq	1085	1197	279	bio1	0.000000	1.342422	0.058478
MGYG000001227__gradient_L7_bglucan_gapseq	1085	1197	279	bio1	0.000000	1.367778	0.059558
MGYG000001227__gradient_L8_hmo_gapseq	1085	1197	279	bio1	0.000000	1.326193	0.060907
MGYG000001227__gradient_L9_mos_gapseq	1085	1197	279	bio1	0.000000	1.480915	0.056353
MGYG000001238__gradient_L0_base_gapseq	1282	1302	300	bio1	0.000000	1.403947	0.068048
MGYG000001238__gradient_L1_inulin_gapseq	1282	1302	300	bio1	0.000000	1.542143	0.226082
MGYG000001238__gradient_L2_fos_gapseq	1282	1302	300	bio1	0.000000	1.403137	0.066527
MGYG000001238__gradient_L3_gos_gapseq	1282	1302	300	bio1	0.618401	1.416166	6.083718
MGYG000001238__gradient_L4_xos_gapseq	1282	1302	300	bio1	0.618401	1.450347	5.439988
MGYG000001238__gradient_L5_pectin_gapseq	1282	1302	300	bio1	0.618401	1.506003	5.412358
MGYG000001238__gradient_L6_resistant_starch_gapseq	1282	1302	300	bio1	0.725951	1.364906	5.590449
MGYG000001238__gradient_L7_bglucan_gapseq	1282	1302	300	bio1	0.725951	1.407132	5.410221
MGYG000001238__gradient_L8_hmo_gapseq	1282	1302	300	bio1	0.725951	1.507692	5.344006
MGYG000001238__gradient_L9_mos_gapseq	1282	1302	300	bio1	0.725951	1.407717	5.343602
MGYG000001241__gradient_L0_base_gapseq	1064	1171	288	bio1	0.000000	1.523104	0.051978
MGYG000001241__gradient_L1_inulin_gapseq	1064	1171	288	bio1	0.121095	1.240281	4.344397
MGYG000001241__gradient_L2_fos_gapseq	1064	1171	288	bio1	0.121095	1.545827	4.316584
MGYG000001241__gradient_L3_gos_gapseq	1064	1171	288	bio1	0.121095	1.160326	4.319624
MGYG000001241__gradient_L4_xos_gapseq	1064	1171	288	bio1	0.122096	1.430637	4.397998
MGYG000001241__gradient_L5_pectin_gapseq	1064	1171	288	bio1	0.122096	1.177582	4.579420
MGYG000001241__gradient_L6_resistant_starch_gapseq	1064	1171	288	bio1	0.122125	1.187283	4.293384
MGYG000001241__gradient_L7_bglucan_gapseq	1064	1171	288	bio1	0.122125	1.265751	4.438614
MGYG000001241__gradient_L8_hmo_gapseq	1064	1171	288	bio1	0.122125	1.174761	4.331126
MGYG000001241__gradient_L9_mos_gapseq	1064	1171	288	bio1	0.122125	1.322764	4.290694
MGYG000001244__gradient_L0_base_gapseq	1136	1204	232	bio1	0.000000	1.270239	0.068545
MGYG000001244__gradient_L1_inulin_gapseq	1136	1204	232	bio1	0.249963	1.415859	4.477968
MGYG000001244__gradient_L2_fos_gapseq	1136	1204	232	bio1	0.249963	1.276370	4.490573
MGYG000001244__gradient_L3_gos_gapseq	1136	1204	232	bio1	0.513092	1.442933	4.469728
MGYG000001244__gradient_L4_xos_gapseq	1136	1204	232	bio1	0.586486	1.218836	4.738584
MGYG000001244__gradient_L5_pectin_gapseq	1136	1204	232	bio1	0.635734	1.234641	4.583017
MGYG000001244__gradient_L6_resistant_starch_gapseq	1136	1204	232	bio1	0.743184	1.386110	4.475835
MGYG000001244__gradient_L7_bglucan_gapseq	1136	1204	232	bio1	0.951367	1.265378	4.512323
MGYG000001244__gradient_L8_hmo_gapseq	1136	1204	232	bio1	0.951367	1.348470	4.493051
MGYG000001244__gradient_L9_mos_gapseq	1136	1204	232	bio1	1.057677	1.221726	4.602443
MGYG000001246__gradient_L0_base_gapseq	1448	1685	481	bio1	0.000000	1.764845	0.100443
MGYG000001246__gradient_L1_inulin_gapseq	1448	1685	481	bio1	0.000000	1.885605	0.107568
MGYG000001246__gradient_L2_fos_gapseq	1448	1685	481	bio1	0.000000	1.725414	0.284725
MGYG000001246__gradient_L3_gos_gapseq	1448	1685	481	bio1	1.527200	1.754158	8.419970
MGYG000001246__gradient_L4_xos_gapseq	1448	1685	481	bio1	1.527200	2.080040	8.435282
MGYG000001246__gradient_L5_pectin_gapseq	1448	1685	481	bio1	1.527200	1.938588	8.447334
MGYG000001246__gradient_L6_resistant_starch_gapseq	1448	1685	481	bio1	2.065034	1.943182	8.461418
MGYG000001246__gradient_L7_bglucan_gapseq	1448	1685	481	bio1	2.245799	1.841178	8.530731
MGYG000001246__gradient_L8_hmo_gapseq	1448	1685	481	bio1	2.245799	1.727303	8.574064
MGYG000001246__gradient_L9_mos_gapseq	1448	1685	481	bio1	2.370773	1.753200	8.520411
MGYG000001255__gradient_L0_base_gapseq	1347	1530	364	bio1	0.643697	1.612878	7.230357
MGYG000001255__gradient_L1_inulin_gapseq	1347	1530	364	bio1	0.859832	1.698936	7.249338
MGYG000001255__gradient_L2_fos_gapseq	1347	1530	364	bio1	0.859832	1.716752	7.297557
MGYG000001255__gradient_L3_gos_gapseq	1347	1530	364	bio1	1.045514	1.589482	7.630839
MGYG000001255__gradient_L4_xos_gapseq	1347	1530	364	bio1	1.098600	1.589277	7.546973
MGYG000001255__gradient_L5_pectin_gapseq	1347	1530	364	bio1	1.098600	1.552283	7.339613
MGYG000001255__gradient_L6_resistant_starch_gapseq	1347	1530	364	bio1	1.555529	1.959985	7.457796
MGYG000001255__gradient_L7_bglucan_gapseq	1347	1530	364	bio1	1.709393	1.720619	7.419327
MGYG000001255__gradient_L8_hmo_gapseq	1347	1530	364	bio1	1.709393	1.513842	7.518488
MGYG000001255__gradient_L9_mos_gapseq	1347	1530	364	bio1	1.816631	1.531884	7.244763
MGYG000001277__gradient_L0_base_gapseq	1454	1585	490	bio1	0.368139	1.806706	7.633264
MGYG000001277__gradient_L1_inulin_gapseq	1454	1585	490	bio1	0.368139	1.779233	7.602193
MGYG000001277__gradient_L2_fos_gapseq	1454	1585	490	bio1	0.368139	1.677979	7.830413
MGYG000001277__gradient_L3_gos_gapseq	1454	1585	490	bio1	0.368139	1.690215	7.842537
MGYG000001277__gradient_L4_xos_gapseq	1454	1585	490	bio1	0.425342	1.650968	7.722095
MGYG000001277__gradient_L5_pectin_gapseq	1454	1585	490	bio1	0.425342	1.800752	7.875730
MGYG000001277__gradient_L6_resistant_starch_gapseq	1454	1585	490	bio1	0.580713	1.902940	7.989533
MGYG000001277__gradient_L7_bglucan_gapseq	1454	1585	490	bio1	0.580713	1.923279	7.673691
MGYG000001277__gradient_L8_hmo_gapseq	1454	1585	490	bio1	0.580713	1.700068	7.826919
MGYG000001277__gradient_L9_mos_gapseq	1454	1585	490	bio1	0.713458	1.663358	7.721971
MGYG000001280__gradient_L0_base_gapseq	900	955	179	bio1	0.000000	0.906449	0.040633
MGYG000001280__gradient_L1_inulin_gapseq	900	955	179	bio1	0.000000	0.912152	0.039483
MGYG000001280__gradient_L2_fos_gapseq	900	955	179	bio1	0.000000	0.899288	0.039501
MGYG000001280__gradient_L3_gos_gapseq	900	955	179	bio1	0.000000	1.031090	0.041997
MGYG000001280__gradient_L4_xos_gapseq	900	955	179	bio1	0.000000	0.941280	0.044006
MGYG000001280__gradient_L5_pectin_gapseq	900	955	179	bio1	0.000000	0.916132	0.045932
MGYG000001280__gradient_L6_resistant_starch_gapseq	900	955	179	bio1	0.000000	1.073094	0.040230
MGYG000001280__gradient_L7_bglucan_gapseq	900	955	179	bio1	0.000000	0.926368	0.046397
MGYG000001280__gradient_L8_hmo_gapseq	900	955	179	bio1	0.000000	0.914224	0.042900
MGYG000001280__gradient_L9_mos_gapseq	900	955	179	bio1	0.000000	1.028858	0.042862
MGYG000001285__gradient_L0_base_gapseq	1098	1241	281	bio1	0.000000	1.287541	0.071763
MGYG000001285__gradient_L1_inulin_gapseq	1098	1241	281	bio1	0.457332	1.362273	4.703315
MGYG000001285__gradient_L2_fos_gapseq	1098	1241	281	bio1	0.457332	1.246520	4.948588
MGYG000001285__gradient_L3_gos_gapseq	1098	1241	281	bio1	0.519697	1.239423	4.686407
MGYG000001285__gradient_L4_xos_gapseq	1098	1241	281	bio1	0.581582	1.356434	4.702250
MGYG000001285__gradient_L5_pectin_gapseq	1098	1241	281	bio1	0.581582	1.273354	4.658786
MGYG000001285__gradient_L6_resistant_starch_gapseq	1098	1241	281	bio1	0.991610	1.399852	4.670915
MGYG000001285__gradient_L7_bglucan_gapseq	1098	1241	281	bio1	0.991610	1.247278	4.844727
MGYG000001285__gradient_L8_hmo_gapseq	1098	1241	281	bio1	0.991610	1.404065	4.757398
MGYG000001285__gradient_L9_mos_gapseq	1098	1241	281	bio1	1.077838	1.463652	4.829591
MGYG000001287__gradient_L0_base_gapseq	1065	1201	220	bio1	0.000000	1.224236	0.059666
MGYG000001287__gradient_L1_inulin_gapseq	1065	1201	220	bio1	0.000000	1.358588	0.062402
MGYG000001287__gradient_L2_fos_gapseq	1065	1201	220	bio1	0.000000	1.245133	0.062409
MGYG000001287__gradient_L3_gos_gapseq	1065	1201	220	bio1	0.256501	1.203948	4.687299
MGYG000001287__gradient_L4_xos_gapseq	1065	1201	220	bio1	0.256501	1.227978	4.504566
MGYG000001287__gradient_L5_pectin_gapseq	1065	1201	220	bio1	0.256501	1.226666	4.640684
MGYG000001287__gradient_L6_resistant_starch_gapseq	1065	1201	220	bio1	0.631082	1.249453	4.484185
MGYG000001287__gradient_L7_bglucan_gapseq	1065	1201	220	bio1	0.631082	1.323619	4.613175
MGYG000001287__gradient_L8_hmo_gapseq	1065	1201	220	bio1	0.631082	1.211831	4.476418
MGYG000001287__gradient_L9_mos_gapseq	1065	1201	220	bio1	0.631082	1.429194	4.608629
MGYG000001296__gradient_L0_base_gapseq	1451	1675	400	bio1	0.564619	1.726547	8.554539
MGYG000001296__gradient_L1_inulin_gapseq	1451	1675	400	bio1	0.718609	1.772092	8.607329
MGYG000001296__gradient_L2_fos_gapseq	1451	1675	400	bio1	0.718609	1.786139	8.591562
MGYG000001296__gradient_L3_gos_gapseq	1451	1675	400	bio1	0.879598	1.707920	8.519612
MGYG000001296__gradient_L4_xos_gapseq	1451	1675	400	bio1	0.982901	1.970207	8.556017
MGYG000001296__gradient_L5_pectin_gapseq	1451	1675	400	bio1	1.006359	1.951566	8.470953
MGYG000001296__gradient_L6_resistant_starch_gapseq	1451	1675	400	bio1	1.201065	1.922139	8.436232
MGYG000001296__gradient_L7_bglucan_gapseq	1451	1675	400	bio1	1.320703	1.776077	8.637032
MGYG000001296__gradient_L8_hmo_gapseq	1451	1675	400	bio1	1.320703	1.774597	8.623623
MGYG000001296__gradient_L9_mos_gapseq	1451	1675	400	bio1	1.395770	1.748319	8.513655
MGYG000001297__gradient_L0_base_gapseq	1362	1490	385	bio1	0.421398	1.540321	6.997404
MGYG000001297__gradient_L1_inulin_gapseq	1362	1490	385	bio1	0.533775	1.696926	7.098424
MGYG000001297__gradient_L2_fos_gapseq	1362	1490	385	bio1	0.533775	1.526398	7.188577
MGYG000001297__gradient_L3_gos_gapseq	1362	1490	385	bio1	0.533775	1.528399	7.175710
MGYG000001297__gradient_L4_xos_gapseq	1362	1490	385	bio1	0.533775	1.554844	7.120940
MGYG000001297__gradient_L5_pectin_gapseq	1362	1490	385	bio1	0.533775	1.726060	7.163896
MGYG000001297__gradient_L6_resistant_starch_gapseq	1362	1490	385	bio1	0.533775	1.568992	7.068126
MGYG000001297__gradient_L7_bglucan_gapseq	1362	1490	385	bio1	0.533775	1.587527	6.965408
MGYG000001297__gradient_L8_hmo_gapseq	1362	1490	385	bio1	0.533775	1.724792	6.959725
MGYG000001297__gradient_L9_mos_gapseq	1362	1490	385	bio1	0.533775	1.656887	7.091895
MGYG000001300__gradient_L0_base_gapseq	1357	1538	383	bio1	0.764924	1.735432	7.276172
MGYG000001300__gradient_L1_inulin_gapseq	1357	1538	383	bio1	0.894055	1.738565	7.212552
MGYG000001300__gradient_L2_fos_gapseq	1357	1538	383	bio1	0.894055	1.562393	7.491497
MGYG000001300__gradient_L3_gos_gapseq	1357	1538	383	bio1	1.129184	1.672566	7.463410
MGYG000001300__gradient_L4_xos_gapseq	1357	1538	383	bio1	1.195356	1.738853	7.426069
MGYG000001300__gradient_L5_pectin_gapseq	1357	1538	383	bio1	1.231194	1.766132	7.363286
MGYG000001300__gradient_L6_resistant_starch_gapseq	1357	1538	383	bio1	1.744134	1.756623	7.417944
MGYG000001300__gradient_L7_bglucan_gapseq	1357	1538	383	bio1	1.916607	1.606557	7.522146
MGYG000001300__gradient_L8_hmo_gapseq	1357	1538	383	bio1	2.046522	1.621794	7.235152
MGYG000001300__gradient_L9_mos_gapseq	1357	1538	383	bio1	2.130145	1.837615	7.457586
MGYG000001302__gradient_L0_base_gapseq	1200	1273	283	bio1	0.217884	1.298772	5.194183
MGYG000001302__gradient_L1_inulin_gapseq	1200	1273	283	bio1	0.372006	1.511223	5.231281
MGYG000001302__gradient_L2_fos_gapseq	1200	1273	283	bio1	0.372006	1.337667	5.326090
MGYG000001302__gradient_L3_gos_gapseq	1200	1273	283	bio1	0.372006	1.336872	5.194089
MGYG000001302__gradient_L4_xos_gapseq	1200	1273	283	bio1	0.372006	1.437319	5.203250
MGYG000001302__gradient_L5_pectin_gapseq	1200	1273	283	bio1	0.372006	1.402531	5.437408
MGYG000001302__gradient_L6_resistant_starch_gapseq	1200	1273	283	bio1	0.372006	1.540384	5.340988
MGYG000001302__gradient_L7_bglucan_gapseq	1200	1273	283	bio1	0.372006	1.344620	5.358957
MGYG000001302__gradient_L8_hmo_gapseq	1200	1273	283	bio1	0.372006	1.319944	5.280804
MGYG000001302__gradient_L9_mos_gapseq	1200	1273	283	bio1	0.513732	1.522209	5.221010
MGYG000001303__gradient_L0_base_gapseq	1459	1670	499	bio1	0.638334	1.716979	8.594662
MGYG000001303__gradient_L1_inulin_gapseq	1459	1670	499	bio1	0.794260	1.732089	8.587557
MGYG000001303__gradient_L2_fos_gapseq	1459	1670	499	bio1	0.794260	1.802545	8.490313
MGYG000001303__gradient_L3_gos_gapseq	1459	1670	499	bio1	1.129522	2.109999	8.641916
MGYG000001303__gradient_L4_xos_gapseq	1459	1670	499	bio1	1.193286	1.973213	8.545545
MGYG000001303__gradient_L5_pectin_gapseq	1459	1670	499	bio1	1.193286	1.973484	8.528547
MGYG000001303__gradient_L6_resistant_starch_gapseq	1459	1670	499	bio1	1.858252	1.929333	8.496295
MGYG000001303__gradient_L7_bglucan_gapseq	1459	1670	499	bio1	1.858252	1.721306	8.959430
MGYG000001303__gradient_L8_hmo_gapseq	1459	1670	499	bio1	2.003998	1.757494	8.734799
MGYG000001303__gradient_L9_mos_gapseq	1459	1670	499	bio1	2.003998	1.790183	8.808837
MGYG000001306__gradient_L0_base_gapseq	1453	1727	462	bio1	0.000000	1.817304	0.128415
MGYG000001306__gradient_L1_inulin_gapseq	1453	1727	462	bio1	0.000000	1.913691	0.123495
MGYG000001306__gradient_L2_fos_gapseq	1453	1727	462	bio1	0.000000	1.769145	0.128196
MGYG000001306__gradient_L3_gos_gapseq	1453	1727	462	bio1	0.000000	1.892784	0.122828
MGYG000001306__gradient_L4_xos_gapseq	1453	1727	462	bio1	0.000000	1.838939	0.117529
MGYG000001306__gradient_L5_pectin_gapseq	1453	1727	462	bio1	0.000000	1.866155	0.109099
MGYG000001306__gradient_L6_resistant_starch_gapseq	1453	1727	462	bio1	0.000000	1.949533	0.120850
MGYG000001306__gradient_L7_bglucan_gapseq	1453	1727	462	bio1	0.000000	1.823809	0.109535
MGYG000001306__gradient_L8_hmo_gapseq	1453	1727	462	bio1	0.000000	2.023673	0.121163
MGYG000001306__gradient_L9_mos_gapseq	1453	1727	462	bio1	0.000000	1.841395	0.112684
MGYG000001307	0	0	0	NONE	0.000000	0.000000	0.000000
MGYG000001309__gradient_L0_base_gapseq	1700	1995	585	bio1	1.342611	2.344885	12.118222
MGYG000001309__gradient_L1_inulin_gapseq	1700	1995	585	bio1	1.507857	2.372799	12.073652
MGYG000001309__gradient_L2_fos_gapseq	1700	1995	585	bio1	1.507857	2.346584	11.948599
MGYG000001309__gradient_L3_gos_gapseq	1700	1995	585	bio1	1.613201	2.298730	11.948535
MGYG000001309__gradient_L4_xos_gapseq	1700	1995	585	bio1	1.650381	2.459543	12.218610
MGYG000001309__gradient_L5_pectin_gapseq	1700	1995	585	bio1	1.650381	2.343360	12.121986
MGYG000001309__gradient_L6_resistant_starch_gapseq	1700	1995	585	bio1	2.371266	2.122570	12.005948
MGYG000001309__gradient_L7_bglucan_gapseq	1700	1995	585	bio1	2.371266	2.178722	12.131936
MGYG000001309__gradient_L8_hmo_gapseq	1700	1995	585	bio1	2.371266	2.148264	12.365925
MGYG000001309__gradient_L9_mos_gapseq	1700	1995	585	bio1	2.536512	2.161169	12.254659
MGYG000001311__gradient_L0_base_gapseq	1754	2044	894	bio1	1.802274	2.343944	12.867945
MGYG000001311__gradient_L1_inulin_gapseq	1754	2044	894	bio1	2.125795	2.206146	12.629685
MGYG000001311__gradient_L2_fos_gapseq	1754	2044	894	bio1	2.125795	2.372033	12.327734
MGYG000001311__gradient_L3_gos_gapseq	1754	2044	894	bio1	2.459427	2.509205	12.571105
MGYG000001311__gradient_L4_xos_gapseq	1754	2044	894	bio1	2.649495	2.488354	12.377068
MGYG000001311__gradient_L5_pectin_gapseq	1754	2044	894	bio1	2.649495	2.483221	12.309318
MGYG000001311__gradient_L6_resistant_starch_gapseq	1754	2044	894	bio1	3.355176	2.447317	12.297747
MGYG000001311__gradient_L7_bglucan_gapseq	1754	2044	894	bio1	3.591751	2.440340	12.502874
MGYG000001311__gradient_L8_hmo_gapseq	1754	2044	894	bio1	3.757556	2.351398	12.724612
MGYG000001311__gradient_L9_mos_gapseq	1754	2044	894	bio1	3.919317	2.311910	12.613849
MGYG000001312__gradient_L0_base_gapseq	1231	1301	335	bio1	0.000000	1.389260	0.070970
MGYG000001312__gradient_L1_inulin_gapseq	1231	1301	335	bio1	0.000000	1.537852	0.081266
MGYG000001312__gradient_L2_fos_gapseq	1231	1301	335	bio1	0.000000	1.357333	0.065139
MGYG000001312__gradient_L3_gos_gapseq	1231	1301	335	bio1	0.000000	1.511151	0.079604
MGYG000001312__gradient_L4_xos_gapseq	1231	1301	335	bio1	0.000000	1.363543	0.063159
MGYG000001312__gradient_L5_pectin_gapseq	1231	1301	335	bio1	0.000000	1.462067	0.069572
MGYG000001312__gradient_L6_resistant_starch_gapseq	1231	1301	335	bio1	0.000000	1.354128	0.067597
MGYG000001312__gradient_L7_bglucan_gapseq	1231	1301	335	bio1	0.000000	1.363870	0.068513
MGYG000001312__gradient_L8_hmo_gapseq	1231	1301	335	bio1	0.000000	1.475307	0.067472
MGYG000001312__gradient_L9_mos_gapseq	1231	1301	335	bio1	0.000000	1.340502	0.066642
MGYG000001316__gradient_L0_base_gapseq	1555	1814	469	bio1	1.098916	1.934321	9.790223
MGYG000001316__gradient_L1_inulin_gapseq	1555	1814	469	bio1	1.353116	1.931809	9.776786
MGYG000001316__gradient_L2_fos_gapseq	1555	1814	469	bio1	1.353116	1.911143	9.690927
MGYG000001316__gradient_L3_gos_gapseq	1555	1814	469	bio1	1.628826	1.867497	9.781682
MGYG000001316__gradient_L4_xos_gapseq	1555	1814	469	bio1	1.785712	2.085194	9.705334
MGYG000001316__gradient_L5_pectin_gapseq	1555	1814	469	bio1	1.832704	2.051274	9.744592
MGYG000001316__gradient_L6_resistant_starch_gapseq	1555	1814	469	bio1	2.276100	2.046068	9.754346
MGYG000001316__gradient_L7_bglucan_gapseq	1555	1814	469	bio1	2.276100	2.017637	9.707597
MGYG000001316__gradient_L8_hmo_gapseq	1555	1814	469	bio1	2.276100	2.067853	9.600256
MGYG000001316__gradient_L9_mos_gapseq	1555	1814	469	bio1	2.276100	2.158086	9.710638
MGYG000001318__gradient_L0_base_gapseq	2250	2839	1238	bio1	1.570430	3.346523	24.799280
MGYG000001318__gradient_L1_inulin_gapseq	2250	2839	1238	bio1	1.897184	3.305077	24.972281
MGYG000001318__gradient_L2_fos_gapseq	2250	2839	1238	bio1	1.897184	3.272199	24.450742
MGYG000001318__gradient_L3_gos_gapseq	2250	2839	1238	bio1	2.237247	3.304241	24.762809
MGYG000001318__gradient_L4_xos_gapseq	2250	2839	1238	bio1	2.405722	3.351757	24.763322
MGYG000001318__gradient_L5_pectin_gapseq	2250	2839	1238	bio1	2.449022	3.438654	24.756891
MGYG000001318__gradient_L6_resistant_starch_gapseq	2250	2839	1238	bio1	3.116361	3.577450	24.638223
MGYG000001318__gradient_L7_bglucan_gapseq	2250	2839	1238	bio1	3.333933	3.230783	25.017436
MGYG000001318__gradient_L8_hmo_gapseq	2250	2839	1238	bio1	3.333933	3.722180	25.335115
MGYG000001318__gradient_L9_mos_gapseq	2250	2839	1238	bio1	3.473783	3.472713	25.066796
MGYG000001319__gradient_L0_base_gapseq	1273	1419	337	bio1	0.000000	1.494479	0.095195
MGYG000001319__gradient_L1_inulin_gapseq	1273	1419	337	bio1	0.000000	1.626008	0.085708
MGYG000001319__gradient_L2_fos_gapseq	1273	1419	337	bio1	0.000000	1.486626	0.083873
MGYG000001319__gradient_L3_gos_gapseq	1273	1419	337	bio1	0.596845	1.690576	6.286744
MGYG000001319__gradient_L4_xos_gapseq	1273	1419	337	bio1	0.596845	1.510715	6.626913
MGYG000001319__gradient_L5_pectin_gapseq	1273	1419	337	bio1	0.596845	1.597720	6.190204
MGYG000001319__gradient_L6_resistant_starch_gapseq	1273	1419	337	bio1	1.092396	1.644373	6.240942
MGYG000001319__gradient_L7_bglucan_gapseq	1273	1419	337	bio1	1.092396	1.616638	6.334856
MGYG000001319__gradient_L8_hmo_gapseq	1273	1419	337	bio1	1.092396	1.536158	6.332368
MGYG000001319__gradient_L9_mos_gapseq	1273	1419	337	bio1	1.092396	1.449232	6.156628
MGYG000001321__gradient_L0_base_gapseq	1305	1429	392	bio1	0.421406	1.682795	6.650217
MGYG000001321__gradient_L1_inulin_gapseq	1305	1429	392	bio1	0.570812	1.648085	6.738362
MGYG000001321__gradient_L2_fos_gapseq	1305	1429	392	bio1	0.570812	1.561162	6.677960
MGYG000001321__gradient_L3_gos_gapseq	1305	1429	392	bio1	0.570812	1.514950	6.674513
MGYG000001321__gradient_L4_xos_gapseq	1305	1429	392	bio1	0.570812	1.665548	6.667796
MGYG000001321__gradient_L5_pectin_gapseq	1305	1429	392	bio1	0.570812	1.546645	6.731555
MGYG000001321__gradient_L6_resistant_starch_gapseq	1305	1429	392	bio1	0.570812	1.572894	6.686606
MGYG000001321__gradient_L7_bglucan_gapseq	1305	1429	392	bio1	0.570812	1.514668	6.584008
MGYG000001321__gradient_L8_hmo_gapseq	1305	1429	392	bio1	0.570812	1.639710	6.709941
MGYG000001321__gradient_L9_mos_gapseq	1305	1429	392	bio1	0.698881	1.480236	6.960904
MGYG000001323__gradient_L0_base_gapseq	2212	2725	1009	bio1	1.410520	2.901106	22.636521
MGYG000001323__gradient_L1_inulin_gapseq	2212	2725	1009	bio1	1.688962	3.217626	22.028627
MGYG000001323__gradient_L2_fos_gapseq	2212	2725	1009	bio1	1.688962	3.081492	22.112411
MGYG000001323__gradient_L3_gos_gapseq	2212	2725	1009	bio1	1.990382	3.131083	22.446089
MGYG000001323__gradient_L4_xos_gapseq	2212	2725	1009	bio1	2.069228	3.144053	22.370590
MGYG000001323__gradient_L5_pectin_gapseq	2212	2725	1009	bio1	2.113383	3.208709	22.680016
MGYG000001323__gradient_L6_resistant_starch_gapseq	2212	2725	1009	bio1	2.707145	2.981827	22.543135
MGYG000001323__gradient_L7_bglucan_gapseq	2212	2725	1009	bio1	2.905827	3.273937	22.847935
MGYG000001323__gradient_L8_hmo_gapseq	2212	2725	1009	bio1	2.905827	3.413575	22.859911
MGYG000001323__gradient_L9_mos_gapseq	2212	2725	1009	bio1	3.034062	3.078404	23.023684
MGYG000001328__gradient_L0_base_gapseq	1648	1956	586	bio1	1.255353	2.234168	11.751446
MGYG000001328__gradient_L1_inulin_gapseq	1648	1956	586	bio1	1.594640	2.303488	11.756788
MGYG000001328__gradient_L2_fos_gapseq	1648	1956	586	bio1	1.594640	2.193656	11.545426
MGYG000001328__gradient_L3_gos_gapseq	1648	1956	586	bio1	1.944530	2.237672	11.490327
MGYG000001328__gradient_L4_xos_gapseq	1648	1956	586	bio1	2.001785	2.271713	11.569530
MGYG000001328__gradient_L5_pectin_gapseq	1648	1956	586	bio1	2.001785	2.432333	11.807715
MGYG000001328__gradient_L6_resistant_starch_gapseq	1648	1956	586	bio1	2.741856	2.275064	11.488728
MGYG000001328__gradient_L7_bglucan_gapseq	1648	1956	586	bio1	2.989960	2.387210	11.870441
MGYG000001328__gradient_L8_hmo_gapseq	1648	1956	586	bio1	3.163844	2.457243	11.907968
MGYG000001328__gradient_L9_mos_gapseq	1648	1956	586	bio1	3.333488	2.228737	11.741121
MGYG000001331__gradient_L0_base_gapseq	1540	1677	436	bio1	0.388864	1.924402	8.943030
MGYG000001331__gradient_L1_inulin_gapseq	1540	1677	436	bio1	0.487566	1.948151	8.849312
MGYG000001331__gradient_L2_fos_gapseq	1540	1677	436	bio1	0.487566	1.782430	8.976917
MGYG000001331__gradient_L3_gos_gapseq	1540	1677	436	bio1	0.487566	1.768562	8.889595
MGYG000001331__gradient_L4_xos_gapseq	1540	1677	436	bio1	0.487566	1.820166	8.787861
MGYG000001331__gradient_L5_pectin_gapseq	1540	1677	436	bio1	0.487566	1.920039	8.678535
MGYG000001331__gradient_L6_resistant_starch_gapseq	1540	1677	436	bio1	0.717923	2.012139	9.039924
MGYG000001331__gradient_L7_bglucan_gapseq	1540	1677	436	bio1	0.717923	2.020166	9.035847
MGYG000001331__gradient_L8_hmo_gapseq	1540	1677	436	bio1	0.717923	1.942898	9.081635
MGYG000001331__gradient_L9_mos_gapseq	1540	1677	436	bio1	0.717923	1.833779	9.349138
MGYG000001351__gradient_L0_base_gapseq	2072	2525	847	bio1	1.410409	2.690005	19.141775
MGYG000001351__gradient_L1_inulin_gapseq	2072	2525	847	bio1	1.545957	2.774086	19.195416
MGYG000001351__gradient_L2_fos_gapseq	2072	2525	847	bio1	1.545957	2.725137	19.546651
MGYG000001351__gradient_L3_gos_gapseq	2072	2525	847	bio1	1.844009	2.726678	19.195186
MGYG000001351__gradient_L4_xos_gapseq	2072	2525	847	bio1	1.921795	2.821067	19.643386
MGYG000001351__gradient_L5_pectin_gapseq	2072	2525	847	bio1	1.921795	2.666429	19.890905
MGYG000001351__gradient_L6_resistant_starch_gapseq	2072	2525	847	bio1	2.276100	2.710086	19.294393
MGYG000001351__gradient_L7_bglucan_gapseq	2072	2525	847	bio1	2.276100	2.723179	19.141735
MGYG000001351__gradient_L8_hmo_gapseq	2072	2525	847	bio1	2.276100	3.294047	19.724978
MGYG000001351__gradient_L9_mos_gapseq	2072	2525	847	bio1	2.276100	2.778996	20.253942
MGYG000001353__gradient_L0_base_gapseq	1201	1362	336	bio1	0.810620	1.367242	5.678652
MGYG000001353__gradient_L1_inulin_gapseq	1201	1362	336	bio1	1.100633	1.490364	5.857478
MGYG000001353__gradient_L2_fos_gapseq	1201	1362	336	bio1	1.100633	1.371957	5.755395
MGYG000001353__gradient_L3_gos_gapseq	1201	1362	336	bio1	1.392957	1.628865	5.683732
MGYG000001353__gradient_L4_xos_gapseq	1201	1362	336	bio1	1.392957	1.490308	5.772638
MGYG000001353__gradient_L5_pectin_gapseq	1201	1362	336	bio1	1.392957	1.371044	5.633512
MGYG000001353__gradient_L6_resistant_starch_gapseq	1201	1362	336	bio1	2.006394	1.627989	5.953862
MGYG000001353__gradient_L7_bglucan_gapseq	1201	1362	336	bio1	2.006394	1.589542	5.785770
MGYG000001353__gradient_L8_hmo_gapseq	1201	1362	336	bio1	2.006394	1.404898	5.752102
MGYG000001353__gradient_L9_mos_gapseq	1201	1362	336	bio1	2.148127	1.568222	5.682609
MGYG000001357__gradient_L0_base_gapseq	1239	1385	323	bio1	0.267238	1.544628	5.964932
MGYG000001357__gradient_L1_inulin_gapseq	1239	1385	323	bio1	0.342255	1.418051	6.256154
MGYG000001357__gradient_L2_fos_gapseq	1239	1385	323	bio1	0.342255	1.451984	5.866764
MGYG000001357__gradient_L3_gos_gapseq	1239	1385	323	bio1	0.342255	1.515836	6.373961
MGYG000001357__gradient_L4_xos_gapseq	1239	1385	323	bio1	0.342255	1.472995	6.179765
MGYG000001357__gradient_L5_pectin_gapseq	1239	1385	323	bio1	0.342255	1.448306	6.073493
MGYG000001357__gradient_L6_resistant_starch_gapseq	1239	1385	323	bio1	0.407895	1.532929	5.942354
MGYG000001357__gradient_L7_bglucan_gapseq	1239	1385	323	bio1	0.407895	1.411543	6.287731
MGYG000001357__gradient_L8_hmo_gapseq	1239	1385	323	bio1	0.407895	1.475192	6.059718
MGYG000001357__gradient_L9_mos_gapseq	1239	1385	323	bio1	0.473535	1.752937	6.157597
MGYG000001361__gradient_L0_base_gapseq	1356	1480	411	bio1	0.291869	1.579209	6.934858
MGYG000001361__gradient_L1_inulin_gapseq	1356	1480	411	bio1	0.358877	1.777167	6.861846
MGYG000001361__gradient_L2_fos_gapseq	1356	1480	411	bio1	0.358877	1.720630	6.676103
MGYG000001361__gradient_L3_gos_gapseq	1356	1480	411	bio1	0.358877	1.589021	7.121418
MGYG000001361__gradient_L4_xos_gapseq	1356	1480	411	bio1	0.358877	1.586079	7.334488
MGYG000001361__gradient_L5_pectin_gapseq	1356	1480	411	bio1	0.358877	1.678044	6.814834
MGYG000001361__gradient_L6_resistant_starch_gapseq	1356	1480	411	bio1	0.358877	1.800897	6.749540
MGYG000001361__gradient_L7_bglucan_gapseq	1356	1480	411	bio1	0.358877	1.710191	6.984808
MGYG000001361__gradient_L8_hmo_gapseq	1356	1480	411	bio1	0.358877	1.787995	7.129477
MGYG000001361__gradient_L9_mos_gapseq	1356	1480	411	bio1	0.358877	1.566781	6.744942
MGYG000001374__gradient_L0_base_gapseq	1317	1511	391	bio1	0.000000	1.577217	0.273212
MGYG000001374__gradient_L1_inulin_gapseq	1317	1511	391	bio1	0.000000	1.524819	0.080813
MGYG000001374__gradient_L2_fos_gapseq	1317	1511	391	bio1	0.000000	1.626820	0.209860
MGYG000001374__gradient_L3_gos_gapseq	1317	1511	391	bio1	0.000000	1.534530	0.091473
MGYG000001374__gradient_L4_xos_gapseq	1317	1511	391	bio1	1.239547	1.571647	7.191835
MGYG000001374__gradient_L5_pectin_gapseq	1317	1511	391	bio1	1.239547	1.565581	7.291186
MGYG000001374__gradient_L6_resistant_starch_gapseq	1317	1511	391	bio1	1.951224	1.584570	7.183166
MGYG000001374__gradient_L7_bglucan_gapseq	1317	1511	391	bio1	2.201273	1.741392	7.074777
MGYG000001374__gradient_L8_hmo_gapseq	1317	1511	391	bio1	2.376521	1.859728	6.961520
MGYG000001374__gradient_L9_mos_gapseq	1317	1511	391	bio1	2.376521	1.559170	7.389256
MGYG000001375__gradient_L0_base_gapseq	1230	1333	291	bio1	0.000000	1.398787	0.057716
MGYG000001375__gradient_L1_inulin_gapseq	1230	1333	291	bio1	0.000000	1.371722	0.058876
MGYG000001375__gradient_L2_fos_gapseq	1230	1333	291	bio1	0.000000	1.548889	0.063633
MGYG000001375__gradient_L3_gos_gapseq	1230	1333	291	bio1	0.908404	1.373927	5.968352
MGYG000001375__gradient_L4_xos_gapseq	1230	1333	291	bio1	1.013201	1.517250	5.675509
MGYG000001375__gradient_L5_pectin_gapseq	1230	1333	291	bio1	1.013201	1.504830	6.045613
MGYG000001375__gradient_L6_resistant_starch_gapseq	1230	1333	291	bio1	1.740795	1.423074	5.847997
MGYG000001375__gradient_L7_bglucan_gapseq	1230	1333	291	bio1	1.984717	1.510479	5.656576
MGYG000001375__gradient_L8_hmo_gapseq	1230	1333	291	bio1	1.984717	1.532035	5.643526
MGYG000001375__gradient_L9_mos_gapseq	1230	1333	291	bio1	2.118144	1.456257	6.376195
MGYG000001378__gradient_L0_base_gapseq	1559	1896	664	bio1	0.000000	1.988852	0.358554
MGYG000001378__gradient_L1_inulin_gapseq	1559	1896	664	bio1	0.000000	2.180097	0.139949
MGYG000001378__gradient_L2_fos_gapseq	1559	1896	664	bio1	0.000000	2.152808	0.138627
MGYG000001378__gradient_L3_gos_gapseq	1559	1896	664	bio1	0.000000	1.959735	0.308909
MGYG000001378__gradient_L4_xos_gapseq	1559	1896	664	bio1	0.000000	1.971848	0.143122
MGYG000001378__gradient_L5_pectin_gapseq	1559	1896	664	bio1	0.000000	2.178577	0.179510
MGYG000001378__gradient_L6_resistant_starch_gapseq	1559	1896	664	bio1	0.000000	2.160038	0.428491
MGYG000001378__gradient_L7_bglucan_gapseq	1559	1896	664	bio1	0.000000	2.095485	0.133980
MGYG000001378__gradient_L8_hmo_gapseq	1559	1896	664	bio1	0.000000	2.165581	0.145481
MGYG000001378__gradient_L9_mos_gapseq	1559	1896	664	bio1	0.000000	2.037721	0.372285
MGYG000001380__gradient_L0_base_gapseq	1436	1699	503	bio1	0.755395	1.961656	8.721964
MGYG000001380__gradient_L1_inulin_gapseq	1436	1699	503	bio1	0.982016	1.907559	8.942495
MGYG000001380__gradient_L2_fos_gapseq	1436	1699	503	bio1	0.982016	1.812908	9.000499
MGYG000001380__gradient_L3_gos_gapseq	1436	1699	503	bio1	1.175160	1.822435	9.064999
MGYG000001380__gradient_L4_xos_gapseq	1436	1699	503	bio1	1.209589	1.846278	8.878384
MGYG000001380__gradient_L5_pectin_gapseq	1436	1699	503	bio1	1.209589	1.963866	8.558162
MGYG000001380__gradient_L6_resistant_starch_gapseq	1436	1699	503	bio1	1.680116	1.838412	8.752845
MGYG000001380__gradient_L7_bglucan_gapseq	1436	1699	503	bio1	1.838489	2.146546	8.619586
MGYG000001380__gradient_L8_hmo_gapseq	1436	1699	503	bio1	1.953252	1.870158	9.183188
MGYG000001380__gradient_L9_mos_gapseq	1436	1699	503	bio1	1.953252	1.861120	9.387285
MGYG000001381__gradient_L0_base_gapseq	1622	1829	475	bio1	0.410248	2.112725	10.606410
MGYG000001381__gradient_L1_inulin_gapseq	1622	1829	475	bio1	0.626900	1.918846	10.501475
MGYG000001381__gradient_L2_fos_gapseq	1622	1829	475	bio1	0.626900	2.084523	10.621241
MGYG000001381__gradient_L3_gos_gapseq	1622	1829	475	bio1	0.626900	1.933598	10.277466
MGYG000001381__gradient_L4_xos_gapseq	1622	1829	475	bio1	0.626900	1.929139	10.404065
MGYG000001381__gradient_L5_pectin_gapseq	1622	1829	475	bio1	0.626900	2.171657	10.147651
MGYG000001381__gradient_L6_resistant_starch_gapseq	1622	1829	475	bio1	1.111911	2.164863	11.077429
MGYG000001381__gradient_L7_bglucan_gapseq	1622	1829	475	bio1	1.111911	2.131795	10.415139
MGYG000001381__gradient_L8_hmo_gapseq	1622	1829	475	bio1	1.111911	2.262967	10.929181
MGYG000001381__gradient_L9_mos_gapseq	1622	1829	475	bio1	1.111911	2.363484	10.587900
MGYG000001386__gradient_L0_base_gapseq	1682	1969	738	bio1	1.759252	2.310744	11.743425
MGYG000001386__gradient_L1_inulin_gapseq	1682	1969	738	bio1	2.086050	2.330527	12.036663
MGYG000001386__gradient_L2_fos_gapseq	1682	1969	738	bio1	2.086050	2.326868	11.522063
MGYG000001386__gradient_L3_gos_gapseq	1682	1969	738	bio1	2.447570	2.361006	11.755093
MGYG000001386__gradient_L4_xos_gapseq	1682	1969	738	bio1	2.621181	2.327472	11.576072
MGYG000001386__gradient_L5_pectin_gapseq	1682	1969	738	bio1	2.682456	2.377601	12.402757
MGYG000001386__gradient_L6_resistant_starch_gapseq	1682	1969	738	bio1	3.395283	2.401531	11.633315
MGYG000001386__gradient_L7_bglucan_gapseq	1682	1969	738	bio1	3.634254	2.687289	11.996780
MGYG000001386__gradient_L8_hmo_gapseq	1682	1969	738	bio1	3.805823	2.381279	11.844694
MGYG000001386__gradient_L9_mos_gapseq	1682	1969	738	bio1	3.969222	2.487186	11.955990
MGYG000001389__gradient_L0_base_gapseq	1501	1623	527	bio1	0.525255	1.827371	7.999539
MGYG000001389__gradient_L1_inulin_gapseq	1501	1623	527	bio1	0.686461	2.076625	8.398389
MGYG000001389__gradient_L2_fos_gapseq	1501	1623	527	bio1	0.686461	2.148874	8.205494
MGYG000001389__gradient_L3_gos_gapseq	1501	1623	527	bio1	0.686461	1.948258	7.978565
MGYG000001389__gradient_L4_xos_gapseq	1501	1623	527	bio1	0.748331	1.824085	8.343504
MGYG000001389__gradient_L5_pectin_gapseq	1501	1623	527	bio1	0.748331	1.883913	8.263121
MGYG000001389__gradient_L6_resistant_starch_gapseq	1501	1623	527	bio1	0.863234	1.755735	8.194960
MGYG000001389__gradient_L7_bglucan_gapseq	1501	1623	527	bio1	0.863234	1.969680	8.510351
MGYG000001389__gradient_L8_hmo_gapseq	1501	1623	527	bio1	0.863234	1.972054	8.036608
MGYG000001389__gradient_L9_mos_gapseq	1501	1623	527	bio1	0.863234	1.869830	8.474330
MGYG000001390__gradient_L0_base_gapseq	1889	2351	630	bio1	1.147243	2.928731	17.190431
MGYG000001390__gradient_L1_inulin_gapseq	1889	2351	630	bio1	1.400182	2.531777	17.372588
MGYG000001390__gradient_L2_fos_gapseq	1889	2351	630	bio1	1.400182	2.538493	17.681206
MGYG000001390__gradient_L3_gos_gapseq	1889	2351	630	bio1	1.673356	2.609514	17.263287
MGYG000001390__gradient_L4_xos_gapseq	1889	2351	630	bio1	1.737335	2.844752	17.696103
MGYG000001390__gradient_L5_pectin_gapseq	1889	2351	630	bio1	1.775127	2.494374	17.260575
MGYG000001390__gradient_L6_resistant_starch_gapseq	1889	2351	630	bio1	2.363713	2.506358	17.156540
MGYG000001390__gradient_L7_bglucan_gapseq	1889	2351	630	bio1	2.363713	2.519223	17.072338
MGYG000001390__gradient_L8_hmo_gapseq	1889	2351	630	bio1	2.363713	2.546441	17.211819
MGYG000001390__gradient_L9_mos_gapseq	1889	2351	630	bio1	2.457963	2.528668	17.147677
MGYG000001393__gradient_L0_base_gapseq	2265	2842	1164	bio1	1.801374	3.280029	24.161531
MGYG000001393__gradient_L1_inulin_gapseq	2265	2842	1164	bio1	2.142384	3.194125	24.454862
MGYG000001393__gradient_L2_fos_gapseq	2265	2842	1164	bio1	2.142384	3.562809	24.625197
MGYG000001393__gradient_L3_gos_gapseq	2265	2842	1164	bio1	2.486269	3.327217	24.430618
MGYG000001393__gradient_L4_xos_gapseq	2265	2842	1164	bio1	2.663941	3.419058	24.405846
MGYG000001393__gradient_L5_pectin_gapseq	2265	2842	1164	bio1	2.716836	3.261278	23.939734
MGYG000001393__gradient_L6_resistant_starch_gapseq	2265	2842	1164	bio1	3.195793	3.261797	24.191903
MGYG000001393__gradient_L7_bglucan_gapseq	2265	2842	1164	bio1	3.195793	3.140554	24.483719
MGYG000001393__gradient_L8_hmo_gapseq	2265	2842	1164	bio1	3.195793	3.624585	24.230449
MGYG000001393__gradient_L9_mos_gapseq	2265	2842	1164	bio1	3.195793	3.308243	24.062165
MGYG000001403__gradient_L0_base_gapseq	1860	2273	675	bio1	0.721571	2.539479	15.559866
MGYG000001403__gradient_L1_inulin_gapseq	1860	2273	675	bio1	0.925059	2.509741	15.810324
MGYG000001403__gradient_L2_fos_gapseq	1860	2273	675	bio1	0.925059	2.613151	16.363657
MGYG000001403__gradient_L3_gos_gapseq	1860	2273	675	bio1	1.138595	2.597301	15.742900
MGYG000001403__gradient_L4_xos_gapseq	1860	2273	675	bio1	1.192936	2.831450	16.252249
MGYG000001403__gradient_L5_pectin_gapseq	1860	2273	675	bio1	1.192936	2.577487	16.050301
MGYG000001403__gradient_L6_resistant_starch_gapseq	1860	2273	675	bio1	1.640674	2.603087	16.006700
MGYG000001403__gradient_L7_bglucan_gapseq	1860	2273	675	bio1	1.794512	2.642937	15.826754
MGYG000001403__gradient_L8_hmo_gapseq	1860	2273	675	bio1	1.794512	2.572078	15.955696
MGYG000001403__gradient_L9_mos_gapseq	1860	2273	675	bio1	1.892478	2.668814	15.640686
MGYG000001404__gradient_L0_base_gapseq	1655	1960	669	bio1	0.820866	2.196921	11.957574
MGYG000001404__gradient_L1_inulin_gapseq	1655	1960	669	bio1	1.088095	2.312195	12.076928
MGYG000001404__gradient_L2_fos_gapseq	1655	1960	669	bio1	1.088095	2.233880	12.621407
MGYG000001404__gradient_L3_gos_gapseq	1655	1960	669	bio1	1.179078	2.391702	12.205579
MGYG000001404__gradient_L4_xos_gapseq	1655	1960	669	bio1	1.234175	2.155025	12.830113
MGYG000001404__gradient_L5_pectin_gapseq	1655	1960	669	bio1	1.234175	2.063171	12.317896
MGYG000001404__gradient_L6_resistant_starch_gapseq	1655	1960	669	bio1	1.748500	2.118545	12.142698
MGYG000001404__gradient_L7_bglucan_gapseq	1655	1960	669	bio1	1.748500	2.118664	12.059357
MGYG000001404__gradient_L8_hmo_gapseq	1655	1960	669	bio1	1.748500	2.144108	12.414462
MGYG000001404__gradient_L9_mos_gapseq	1655	1960	669	bio1	1.862588	2.060705	12.089051
MGYG000001407__gradient_L0_base_gapseq	1496	1659	453	bio1	0.000000	1.775674	0.113612
MGYG000001407__gradient_L1_inulin_gapseq	1496	1659	453	bio1	0.000000	1.884105	0.093526
MGYG000001407__gradient_L2_fos_gapseq	1496	1659	453	bio1	0.000000	1.822964	0.102365
MGYG000001407__gradient_L3_gos_gapseq	1496	1659	453	bio1	0.000000	1.935277	0.100511
MGYG000001407__gradient_L4_xos_gapseq	1496	1659	453	bio1	0.566289	1.829291	8.645637
MGYG000001407__gradient_L5_pectin_gapseq	1496	1659	453	bio1	0.566289	1.769002	8.323741
MGYG000001407__gradient_L6_resistant_starch_gapseq	1496	1659	453	bio1	0.759072	2.110354	8.898397
MGYG000001407__gradient_L7_bglucan_gapseq	1496	1659	453	bio1	0.759072	1.917021	8.217738
MGYG000001407__gradient_L8_hmo_gapseq	1496	1659	453	bio1	0.759072	2.115787	8.480299
MGYG000001407__gradient_L9_mos_gapseq	1496	1659	453	bio1	0.759072	2.024295	8.562583
MGYG000001408__gradient_L0_base_gapseq	1674	1948	580	bio1	0.210519	2.210030	11.931963
MGYG000001408__gradient_L1_inulin_gapseq	1674	1948	580	bio1	0.292958	2.567204	11.771596
MGYG000001408__gradient_L2_fos_gapseq	1674	1948	580	bio1	0.292958	2.587478	11.521314
MGYG000001408__gradient_L3_gos_gapseq	1674	1948	580	bio1	0.292958	2.460585	11.764578
MGYG000001408__gradient_L4_xos_gapseq	1674	1948	580	bio1	0.334461	2.334881	11.345087
MGYG000001408__gradient_L5_pectin_gapseq	1674	1948	580	bio1	0.334461	2.473100	11.352281
MGYG000001408__gradient_L6_resistant_starch_gapseq	1674	1948	580	bio1	0.646266	2.484919	11.461228
MGYG000001408__gradient_L7_bglucan_gapseq	1674	1948	580	bio1	0.646266	2.382576	11.645752
MGYG000001408__gradient_L8_hmo_gapseq	1674	1948	580	bio1	0.646266	2.409013	11.297636
MGYG000001408__gradient_L9_mos_gapseq	1674	1948	580	bio1	0.710572	2.384118	11.379676
MGYG000001410__gradient_L0_base_gapseq	1299	1390	350	bio1	0.190434	1.679719	6.220826
MGYG000001410__gradient_L1_inulin_gapseq	1299	1390	350	bio1	0.292292	1.464565	6.313360
MGYG000001410__gradient_L2_fos_gapseq	1299	1390	350	bio1	0.292292	1.453485	5.835187
MGYG000001410__gradient_L3_gos_gapseq	1299	1390	350	bio1	0.292292	1.618085	6.159015
MGYG000001410__gradient_L4_xos_gapseq	1299	1390	350	bio1	0.292292	1.513103	6.145790
MGYG000001410__gradient_L5_pectin_gapseq	1299	1390	350	bio1	0.292292	1.465125	5.860783
MGYG000001410__gradient_L6_resistant_starch_gapseq	1299	1390	350	bio1	0.292292	1.552408	6.018053
MGYG000001410__gradient_L7_bglucan_gapseq	1299	1390	350	bio1	0.292292	1.524809	6.189318
MGYG000001410__gradient_L8_hmo_gapseq	1299	1390	350	bio1	0.292292	1.439859	5.836442
MGYG000001410__gradient_L9_mos_gapseq	1299	1390	350	bio1	0.292292	1.630562	5.814035
MGYG000001412__gradient_L0_base_gapseq	2011	2445	907	bio1	1.193783	3.223170	18.175923
MGYG000001412__gradient_L1_inulin_gapseq	2011	2445	907	bio1	1.323346	2.752938	18.121912
MGYG000001412__gradient_L2_fos_gapseq	2011	2445	907	bio1	1.323346	3.046888	17.698342
MGYG000001412__gradient_L3_gos_gapseq	2011	2445	907	bio1	1.582036	2.886517	18.142045
MGYG000001412__gradient_L4_xos_gapseq	2011	2445	907	bio1	1.636750	2.723533	17.960457
MGYG000001412__gradient_L5_pectin_gapseq	2011	2445	907	bio1	1.636750	2.865498	17.913172
MGYG000001412__gradient_L6_resistant_starch_gapseq	2011	2445	907	bio1	2.195711	2.854455	18.412412
MGYG000001412__gradient_L7_bglucan_gapseq	2011	2445	907	bio1	2.383490	2.800689	17.891310
MGYG000001412__gradient_L8_hmo_gapseq	2011	2445	907	bio1	2.383490	2.690872	18.199492
MGYG000001412__gradient_L9_mos_gapseq	2011	2445	907	bio1	2.383490	2.939042	17.708230
MGYG000001420__gradient_L0_base_gapseq	1354	1554	442	bio1	0.000000	1.586999	0.095396
MGYG000001420__gradient_L1_inulin_gapseq	1354	1554	442	bio1	0.000000	1.749479	0.090596
MGYG000001420__gradient_L2_fos_gapseq	1354	1554	442	bio1	0.000000	1.585498	0.099422
MGYG000001420__gradient_L3_gos_gapseq	1354	1554	442	bio1	0.000000	1.787731	0.088403
MGYG000001420__gradient_L4_xos_gapseq	1354	1554	442	bio1	0.000000	1.560256	0.107213
MGYG000001420__gradient_L5_pectin_gapseq	1354	1554	442	bio1	0.000000	1.761333	0.089371
MGYG000001420__gradient_L6_resistant_starch_gapseq	1354	1554	442	bio1	0.000000	1.667300	0.109211
MGYG000001420__gradient_L7_bglucan_gapseq	1354	1554	442	bio1	0.000000	1.762780	0.097971
MGYG000001420__gradient_L8_hmo_gapseq	1354	1554	442	bio1	0.000000	1.795931	0.097595
MGYG000001420__gradient_L9_mos_gapseq	1354	1554	442	bio1	0.000000	1.831667	0.106105
MGYG000001422__gradient_L0_base_gapseq	1540	1879	654	bio1	0.000000	2.198178	0.134201
MGYG000001422__gradient_L1_inulin_gapseq	1540	1879	654	bio1	0.000000	2.011020	0.255032
MGYG000001422__gradient_L2_fos_gapseq	1540	1879	654	bio1	0.000000	1.983437	0.125536
MGYG000001422__gradient_L3_gos_gapseq	1540	1879	654	bio1	1.580349	2.092112	11.157213
MGYG000001422__gradient_L4_xos_gapseq	1540	1879	654	bio1	1.779216	2.174696	10.829137
MGYG000001422__gradient_L5_pectin_gapseq	1540	1879	654	bio1	1.842684	2.229827	10.968351
MGYG000001422__gradient_L6_resistant_starch_gapseq	1540	1879	654	bio1	2.568759	2.227405	10.759888
MGYG000001422__gradient_L7_bglucan_gapseq	1540	1879	654	bio1	2.793831	2.230885	10.879984
MGYG000001422__gradient_L8_hmo_gapseq	1540	1879	654	bio1	2.793831	2.233816	10.911590
MGYG000001422__gradient_L9_mos_gapseq	1540	1879	654	bio1	2.940032	2.206755	10.784505
MGYG000001423__gradient_L0_base_gapseq	1504	1737	484	bio1	0.832580	1.748298	9.637003
MGYG000001423__gradient_L1_inulin_gapseq	1504	1737	484	bio1	1.081610	1.867247	9.187358
MGYG000001423__gradient_L2_fos_gapseq	1504	1737	484	bio1	1.081610	1.995168	9.495986
MGYG000001423__gradient_L3_gos_gapseq	1504	1737	484	bio1	1.303480	1.971520	9.141207
MGYG000001423__gradient_L4_xos_gapseq	1504	1737	484	bio1	1.361592	1.978977	9.353193
MGYG000001423__gradient_L5_pectin_gapseq	1504	1737	484	bio1	1.361592	1.942977	9.305260
MGYG000001423__gradient_L6_resistant_starch_gapseq	1504	1737	484	bio1	1.892983	1.788648	9.362284
MGYG000001423__gradient_L7_bglucan_gapseq	1504	1737	484	bio1	2.069004	1.838778	9.289825
MGYG000001423__gradient_L8_hmo_gapseq	1504	1737	484	bio1	2.069004	1.806740	9.409210
MGYG000001423__gradient_L9_mos_gapseq	1504	1737	484	bio1	2.192527	1.788502	9.094847
MGYG000001424__gradient_L0_base_gapseq	1120	1259	295	bio1	0.000000	1.663099	0.070947
MGYG000001424__gradient_L1_inulin_gapseq	1120	1259	295	bio1	0.000000	1.385401	0.066115
MGYG000001424__gradient_L2_fos_gapseq	1120	1259	295	bio1	0.000000	1.314481	0.078652
MGYG000001424__gradient_L3_gos_gapseq	1120	1259	295	bio1	1.813598	1.449592	5.011161
MGYG000001424__gradient_L4_xos_gapseq	1120	1259	295	bio1	1.813598	1.295684	5.273212
MGYG000001424__gradient_L5_pectin_gapseq	1120	1259	295	bio1	1.813598	1.307343	5.098224
MGYG000001424__gradient_L6_resistant_starch_gapseq	1120	1259	295	bio1	2.558245	1.508368	5.122360
MGYG000001424__gradient_L7_bglucan_gapseq	1120	1259	295	bio1	2.807882	1.315505	5.097604
MGYG000001424__gradient_L8_hmo_gapseq	1120	1259	295	bio1	2.807882	1.318177	5.004816
MGYG000001424__gradient_L9_mos_gapseq	1120	1259	295	bio1	2.978575	1.428089	4.969131
MGYG000001427__gradient_L0_base_gapseq	1191	1375	318	bio1	0.000000	1.435859	0.080285
MGYG000001427__gradient_L1_inulin_gapseq	1191	1375	318	bio1	0.000000	1.615661	0.081795
MGYG000001427__gradient_L2_fos_gapseq	1191	1375	318	bio1	0.000000	1.423205	0.085145
MGYG000001427__gradient_L3_gos_gapseq	1191	1375	318	bio1	0.000000	1.569128	0.105075
MGYG000001427__gradient_L4_xos_gapseq	1191	1375	318	bio1	0.000000	1.420166	0.086924
MGYG000001427__gradient_L5_pectin_gapseq	1191	1375	318	bio1	0.000000	1.578669	0.076682
MGYG000001427__gradient_L6_resistant_starch_gapseq	1191	1375	318	bio1	0.000000	1.401044	0.078218
MGYG000001427__gradient_L7_bglucan_gapseq	1191	1375	318	bio1	0.000000	1.348188	0.072315
MGYG000001427__gradient_L8_hmo_gapseq	1191	1375	318	bio1	0.000000	1.606079	0.086757
MGYG000001427__gradient_L9_mos_gapseq	1191	1375	318	bio1	0.000000	1.346822	0.081238
MGYG000001430__gradient_L0_base_gapseq	1233	1400	367	bio1	0.000000	1.620295	0.080001
MGYG000001430__gradient_L1_inulin_gapseq	1233	1400	367	bio1	0.000000	1.496986	0.075577
MGYG000001430__gradient_L2_fos_gapseq	1233	1400	367	bio1	0.000000	1.498836	0.078148
MGYG000001430__gradient_L3_gos_gapseq	1233	1400	367	bio1	0.000000	1.432158	0.070998
MGYG000001430__gradient_L4_xos_gapseq	1233	1400	367	bio1	0.000000	1.553088	0.069802
MGYG000001430__gradient_L5_pectin_gapseq	1233	1400	367	bio1	0.000000	1.420760	0.070546
MGYG000001430__gradient_L6_resistant_starch_gapseq	1233	1400	367	bio1	0.000000	1.662673	0.083119
MGYG000001430__gradient_L7_bglucan_gapseq	1233	1400	367	bio1	0.000000	1.409623	0.070436
MGYG000001430__gradient_L8_hmo_gapseq	1233	1400	367	bio1	0.000000	1.729458	0.072765
MGYG000001430__gradient_L9_mos_gapseq	1233	1400	367	bio1	0.000000	1.611727	0.077796
MGYG000001433__gradient_L0_base_gapseq	1532	1855	585	bio1	0.000000	2.263775	0.132942
MGYG000001433__gradient_L1_inulin_gapseq	1532	1855	585	bio1	0.000000	2.138950	0.135713
MGYG000001433__gradient_L2_fos_gapseq	1532	1855	585	bio1	0.000000	2.101628	0.133117
MGYG000001433__gradient_L3_gos_gapseq	1532	1855	585	bio1	1.466681	2.326008	10.310777
MGYG000001433__gradient_L4_xos_gapseq	1532	1855	585	bio1	1.651988	2.438716	10.365379
MGYG000001433__gradient_L5_pectin_gapseq	1532	1855	585	bio1	1.711129	2.133424	10.530791
MGYG000001433__gradient_L6_resistant_starch_gapseq	1532	1855	585	bio1	2.403300	2.190693	10.324726
MGYG000001433__gradient_L7_bglucan_gapseq	1532	1855	585	bio1	2.614665	2.085669	10.337289
MGYG000001433__gradient_L8_hmo_gapseq	1532	1855	585	bio1	2.614665	2.206241	10.370201
MGYG000001433__gradient_L9_mos_gapseq	1532	1855	585	bio1	2.751963	2.221973	10.662255
MGYG000001434__gradient_L0_base_gapseq	1427	1657	424	bio1	0.000000	2.054300	0.102883
MGYG000001434__gradient_L1_inulin_gapseq	1427	1657	424	bio1	1.127562	1.750309	8.582900
MGYG000001434__gradient_L2_fos_gapseq	1427	1657	424	bio1	1.127562	1.797535	8.487356
MGYG000001434__gradient_L3_gos_gapseq	1427	1657	424	bio1	1.381954	1.720908	8.564866
MGYG000001434__gradient_L4_xos_gapseq	1427	1657	424	bio1	1.381954	1.972037	8.468784
MGYG000001434__gradient_L5_pectin_gapseq	1427	1657	424	bio1	1.381954	1.969951	8.379720
MGYG000001434__gradient_L6_resistant_starch_gapseq	1427	1657	424	bio1	1.934281	1.944687	8.452813
MGYG000001434__gradient_L7_bglucan_gapseq	1427	1657	424	bio1	2.119918	1.795484	8.572173
MGYG000001434__gradient_L8_hmo_gapseq	1427	1657	424	bio1	2.119918	1.836373	8.609283
MGYG000001434__gradient_L9_mos_gapseq	1427	1657	424	bio1	2.119918	1.885241	8.549703
MGYG000001443__gradient_L0_base_gapseq	2197	2591	1097	bio1	0.971716	3.204450	20.142422
MGYG000001443__gradient_L1_inulin_gapseq	2197	2591	1097	bio1	1.186168	3.024855	19.984038
MGYG000001443__gradient_L2_fos_gapseq	2197	2591	1097	bio1	1.186168	3.156212	20.351853
MGYG000001443__gradient_L3_gos_gapseq	2197	2591	1097	bio1	1.412870	3.137349	20.095390
MGYG000001443__gradient_L4_xos_gapseq	2197	2591	1097	bio1	1.470118	2.952868	20.360816
MGYG000001443__gradient_L5_pectin_gapseq	2197	2591	1097	bio1	1.470118	3.053918	20.091184
MGYG000001443__gradient_L6_resistant_starch_gapseq	2197	2591	1097	bio1	1.969320	3.207050	20.138988
MGYG000001443__gradient_L7_bglucan_gapseq	2197	2591	1097	bio1	2.131904	3.102884	20.055370
MGYG000001443__gradient_L8_hmo_gapseq	2197	2591	1097	bio1	2.131904	3.189582	20.192568
MGYG000001443__gradient_L9_mos_gapseq	2197	2591	1097	bio1	2.226554	3.109814	20.019678
MGYG000001444__gradient_L0_base_gapseq	1312	1423	360	bio1	0.325934	1.518831	6.597626
MGYG000001444__gradient_L1_inulin_gapseq	1312	1423	360	bio1	0.467558	1.778645	6.469938
MGYG000001444__gradient_L2_fos_gapseq	1312	1423	360	bio1	0.467558	1.682025	6.494463
MGYG000001444__gradient_L3_gos_gapseq	1312	1423	360	bio1	0.467558	1.463619	6.670885
MGYG000001444__gradient_L4_xos_gapseq	1312	1423	360	bio1	0.467558	1.501347	6.610899
MGYG000001444__gradient_L5_pectin_gapseq	1312	1423	360	bio1	0.467558	1.662115	6.596905
MGYG000001444__gradient_L6_resistant_starch_gapseq	1312	1423	360	bio1	0.467558	1.482922	6.667565
MGYG000001444__gradient_L7_bglucan_gapseq	1312	1423	360	bio1	0.467558	1.445355	6.790696
MGYG000001444__gradient_L8_hmo_gapseq	1312	1423	360	bio1	0.467558	1.635852	6.493187
MGYG000001444__gradient_L9_mos_gapseq	1312	1423	360	bio1	0.467558	1.638649	6.487511
MGYG000001446__gradient_L0_base_gapseq	1561	1906	477	bio1	0.000000	1.967407	0.108295
MGYG000001446__gradient_L1_inulin_gapseq	1561	1906	477	bio1	0.000000	2.190119	0.137031
MGYG000001446__gradient_L2_fos_gapseq	1561	1906	477	bio1	0.000000	2.193056	0.120796
MGYG000001446__gradient_L3_gos_gapseq	1561	1906	477	bio1	0.000000	2.106550	0.137065
MGYG000001446__gradient_L4_xos_gapseq	1561	1906	477	bio1	0.000000	2.303606	0.128131
MGYG000001446__gradient_L5_pectin_gapseq	1561	1906	477	bio1	0.000000	2.144796	0.122122
MGYG000001446__gradient_L6_resistant_starch_gapseq	1561	1906	477	bio1	2.101153	1.915257	11.279446
MGYG000001446__gradient_L7_bglucan_gapseq	1561	1906	477	bio1	2.302572	2.022947	11.331795
MGYG000001446__gradient_L8_hmo_gapseq	1561	1906	477	bio1	2.302572	2.048788	11.016057
MGYG000001446__gradient_L9_mos_gapseq	1561	1906	477	bio1	2.432346	2.125520	11.125763
MGYG000001448__gradient_L0_base_gapseq	1460	1681	375	bio1	0.000000	1.705301	0.094763
MGYG000001448__gradient_L1_inulin_gapseq	1460	1681	375	bio1	0.000000	1.832292	0.101140
MGYG000001448__gradient_L2_fos_gapseq	1460	1681	375	bio1	0.000000	1.718251	0.098074
MGYG000001448__gradient_L3_gos_gapseq	1460	1681	375	bio1	0.946718	1.824117	8.737591
MGYG000001448__gradient_L4_xos_gapseq	1460	1681	375	bio1	0.989320	1.940768	8.684947
MGYG000001448__gradient_L5_pectin_gapseq	1460	1681	375	bio1	0.989320	1.857767	8.817703
MGYG000001448__gradient_L6_resistant_starch_gapseq	1460	1681	375	bio1	1.502919	1.726653	8.823761
MGYG000001448__gradient_L7_bglucan_gapseq	1460	1681	375	bio1	1.666153	1.710024	8.663278
MGYG000001448__gradient_L8_hmo_gapseq	1460	1681	375	bio1	1.666153	1.690300	8.515037
MGYG000001448__gradient_L9_mos_gapseq	1460	1681	375	bio1	1.765906	1.819184	8.573067
MGYG000001453__gradient_L0_base_gapseq	1993	2301	838	bio1	0.000000	2.904108	0.211225
MGYG000001453__gradient_L1_inulin_gapseq	1993	2301	838	bio1	0.000000	2.861678	0.197547
MGYG000001453__gradient_L2_fos_gapseq	1993	2301	838	bio1	0.000000	2.847097	0.224435
MGYG000001453__gradient_L3_gos_gapseq	1993	2301	838	bio1	0.893145	2.850698	16.746321
MGYG000001453__gradient_L4_xos_gapseq	1993	2301	838	bio1	0.945769	2.838880	16.531713
MGYG000001453__gradient_L5_pectin_gapseq	1993	2301	838	bio1	0.945769	2.708935	16.510371
MGYG000001453__gradient_L6_resistant_starch_gapseq	1993	2301	838	bio1	1.064322	2.734389	16.861675
MGYG000001453__gradient_L7_bglucan_gapseq	1993	2301	838	bio1	1.064322	2.624140	16.834963
MGYG000001453__gradient_L8_hmo_gapseq	1993	2301	838	bio1	1.064322	2.738070	16.940778
MGYG000001453__gradient_L9_mos_gapseq	1993	2301	838	bio1	1.147761	2.623984	16.619437
MGYG000001454__gradient_L0_base_gapseq	1166	1314	310	bio1	0.000000	1.389790	0.102344
MGYG000001454__gradient_L1_inulin_gapseq	1166	1314	310	bio1	0.493812	1.509487	5.584874
MGYG000001454__gradient_L2_fos_gapseq	1166	1314	310	bio1	0.493812	1.458637	5.461585
MGYG000001454__gradient_L3_gos_gapseq	1166	1314	310	bio1	0.607257	1.610438	5.526663
MGYG000001454__gradient_L4_xos_gapseq	1166	1314	310	bio1	0.607257	1.492304	5.854939
MGYG000001454__gradient_L5_pectin_gapseq	1166	1314	310	bio1	0.607257	1.451600	5.462499
MGYG000001454__gradient_L6_resistant_starch_gapseq	1166	1314	310	bio1	1.355306	1.552296	5.430928
MGYG000001454__gradient_L7_bglucan_gapseq	1166	1314	310	bio1	1.602302	1.474725	5.529757
MGYG000001454__gradient_L8_hmo_gapseq	1166	1314	310	bio1	1.602302	1.307209	5.458644
MGYG000001454__gradient_L9_mos_gapseq	1166	1314	310	bio1	1.602302	1.556884	5.366558
MGYG000001455__gradient_L0_base_gapseq	1302	1404	306	bio1	0.645661	1.712859	6.115996
MGYG000001455__gradient_L1_inulin_gapseq	1302	1404	306	bio1	0.924368	1.470612	6.328473
MGYG000001455__gradient_L2_fos_gapseq	1302	1404	306	bio1	0.924368	1.662319	6.506374
MGYG000001455__gradient_L3_gos_gapseq	1302	1404	306	bio1	0.924368	1.656067	6.133187
MGYG000001455__gradient_L4_xos_gapseq	1302	1404	306	bio1	0.924368	1.567601	6.219300
MGYG000001455__gradient_L5_pectin_gapseq	1302	1404	306	bio1	0.924368	1.465431	6.391501
MGYG000001455__gradient_L6_resistant_starch_gapseq	1302	1404	306	bio1	1.052530	1.460442	6.049858
MGYG000001455__gradient_L7_bglucan_gapseq	1302	1404	306	bio1	1.052530	1.596546	6.196533
MGYG000001455__gradient_L8_hmo_gapseq	1302	1404	306	bio1	1.052530	1.545940	6.365210
MGYG000001455__gradient_L9_mos_gapseq	1302	1404	306	bio1	1.187129	1.454492	6.228777
MGYG000001457__gradient_L0_base_gapseq	2226	2654	1093	bio1	0.666261	3.394884	21.212355
MGYG000001457__gradient_L1_inulin_gapseq	2226	2654	1093	bio1	0.808501	2.870847	21.449863
MGYG000001457__gradient_L2_fos_gapseq	2226	2654	1093	bio1	0.808501	3.027812	21.095386
MGYG000001457__gradient_L3_gos_gapseq	2226	2654	1093	bio1	0.808501	3.048487	21.136233
MGYG000001457__gradient_L4_xos_gapseq	2226	2654	1093	bio1	0.896236	3.052625	21.107227
MGYG000001457__gradient_L5_pectin_gapseq	2226	2654	1093	bio1	0.896236	3.128668	21.340968
MGYG000001457__gradient_L6_resistant_starch_gapseq	2226	2654	1093	bio1	1.512886	3.148780	21.161632
MGYG000001457__gradient_L7_bglucan_gapseq	2226	2654	1093	bio1	1.713927	3.161369	21.001139
MGYG000001457__gradient_L8_hmo_gapseq	2226	2654	1093	bio1	1.713927	3.007369	21.236239
MGYG000001457__gradient_L9_mos_gapseq	2226	2654	1093	bio1	1.843354	2.991158	21.401110
MGYG000001458__gradient_L0_base_gapseq	1575	1868	555	bio1	1.172448	2.281345	10.594640
MGYG000001458__gradient_L1_inulin_gapseq	1575	1868	555	bio1	1.172450	2.114443	10.555307
MGYG000001458__gradient_L2_fos_gapseq	1575	1868	555	bio1	1.172450	1.972484	10.747641
MGYG000001458__gradient_L3_gos_gapseq	1575	1868	555	bio1	1.172454	2.029119	10.861379
MGYG000001458__gradient_L4_xos_gapseq	1575	1868	555	bio1	1.172453	2.038271	10.853286
MGYG000001458__gradient_L5_pectin_gapseq	1575	1868	555	bio1	1.172453	1.944990	10.671637
MGYG000001458__gradient_L6_resistant_starch_gapseq	1575	1868	555	bio1	1.172448	1.989490	10.700017
MGYG000001458__gradient_L7_bglucan_gapseq	1575	1868	555	bio1	1.172448	2.004193	10.657758
MGYG000001458__gradient_L8_hmo_gapseq	1575	1868	555	bio1	1.172448	2.080611	10.647934
MGYG000001458__gradient_L9_mos_gapseq	1575	1868	555	bio1	1.172448	1.992836	10.708932
MGYG000001462__gradient_L0_base_gapseq	1307	1379	340	bio1	0.154939	1.789328	6.150954
MGYG000001462__gradient_L1_inulin_gapseq	1307	1379	340	bio1	0.233308	1.606713	6.133728
MGYG000001462__gradient_L2_fos_gapseq	1307	1379	340	bio1	0.233308	1.450535	6.215487
MGYG000001462__gradient_L3_gos_gapseq	1307	1379	340	bio1	0.233308	1.688982	6.139349
MGYG000001462__gradient_L4_xos_gapseq	1307	1379	340	bio1	0.233308	1.533149	6.131179
MGYG000001462__gradient_L5_pectin_gapseq	1307	1379	340	bio1	0.233308	1.507892	6.393487
MGYG000001462__gradient_L6_resistant_starch_gapseq	1307	1379	340	bio1	0.301179	1.463859	6.227212
MGYG000001462__gradient_L7_bglucan_gapseq	1307	1379	340	bio1	0.301179	1.638075	6.142628
MGYG000001462__gradient_L8_hmo_gapseq	1307	1379	340	bio1	0.301179	1.437273	6.295649
MGYG000001462__gradient_L9_mos_gapseq	1307	1379	340	bio1	0.301179	1.489590	6.161157
MGYG000001463__gradient_L0_base_gapseq	1195	1261	328	bio1	0.118279	1.499186	5.154814
MGYG000001463__gradient_L1_inulin_gapseq	1195	1261	328	bio1	0.174999	1.316612	5.375474
MGYG000001463__gradient_L2_fos_gapseq	1195	1261	328	bio1	0.174999	1.308299	5.237844
MGYG000001463__gradient_L3_gos_gapseq	1195	1261	328	bio1	0.174999	1.437328	5.150868
MGYG000001463__gradient_L4_xos_gapseq	1195	1261	328	bio1	0.174999	1.298547	5.320898
MGYG000001463__gradient_L5_pectin_gapseq	1195	1261	328	bio1	0.174999	1.304447	5.351325
MGYG000001463__gradient_L6_resistant_starch_gapseq	1195	1261	328	bio1	0.174999	1.318887	5.454725
MGYG000001463__gradient_L7_bglucan_gapseq	1195	1261	328	bio1	0.174999	1.345201	5.249352
MGYG000001463__gradient_L8_hmo_gapseq	1195	1261	328	bio1	0.174999	1.447521	5.199609
MGYG000001463__gradient_L9_mos_gapseq	1195	1261	328	bio1	0.174999	1.392519	5.418566
MGYG000001465__gradient_L0_base_gapseq	2084	2540	892	bio1	1.227573	2.874642	19.591913
MGYG000001465__gradient_L1_inulin_gapseq	2084	2540	892	bio1	1.509004	2.822222	20.314093
MGYG000001465__gradient_L2_fos_gapseq	2084	2540	892	bio1	1.509004	2.702413	20.068173
MGYG000001465__gradient_L3_gos_gapseq	2084	2540	892	bio1	1.509004	2.726025	20.174390
MGYG000001465__gradient_L4_xos_gapseq	2084	2540	892	bio1	1.588243	2.826821	20.227515
MGYG000001465__gradient_L5_pectin_gapseq	2084	2540	892	bio1	1.588243	2.904926	20.150362
MGYG000001465__gradient_L6_resistant_starch_gapseq	2084	2540	892	bio1	2.214458	2.721261	20.414537
MGYG000001465__gradient_L7_bglucan_gapseq	2084	2540	892	bio1	2.214458	2.694328	20.270571
MGYG000001465__gradient_L8_hmo_gapseq	2084	2540	892	bio1	2.214458	2.744653	20.289405
MGYG000001465__gradient_L9_mos_gapseq	2084	2540	892	bio1	2.347239	2.682119	20.216725
MGYG000001468__gradient_L0_base_gapseq	1784	2047	636	bio1	0.269157	2.414555	12.992639
MGYG000001468__gradient_L1_inulin_gapseq	1784	2047	636	bio1	0.387302	2.391747	12.915684
MGYG000001468__gradient_L2_fos_gapseq	1784	2047	636	bio1	0.387302	2.481605	12.739317
MGYG000001468__gradient_L3_gos_gapseq	1784	2047	636	bio1	0.387302	2.390068	13.005655
MGYG000001468__gradient_L4_xos_gapseq	1784	2047	636	bio1	0.426486	2.211696	12.935807
MGYG000001468__gradient_L5_pectin_gapseq	1784	2047	636	bio1	0.426486	2.441937	13.073157
MGYG000001468__gradient_L6_resistant_starch_gapseq	1784	2047	636	bio1	0.896016	2.264661	13.229868
MGYG000001468__gradient_L7_bglucan_gapseq	1784	2047	636	bio1	1.041941	2.445409	12.877679
MGYG000001468__gradient_L8_hmo_gapseq	1784	2047	636	bio1	1.041941	2.475953	12.892230
MGYG000001468__gradient_L9_mos_gapseq	1784	2047	636	bio1	1.108192	2.418505	12.828529
MGYG000001473__gradient_L0_base_gapseq	1509	1718	517	bio1	0.000000	2.034757	0.120588
MGYG000001473__gradient_L1_inulin_gapseq	1509	1718	517	bio1	0.000000	1.807106	0.114398
MGYG000001473__gradient_L2_fos_gapseq	1509	1718	517	bio1	0.000000	1.894792	0.140708
MGYG000001473__gradient_L3_gos_gapseq	1509	1718	517	bio1	0.000000	1.938442	0.109513
MGYG000001473__gradient_L4_xos_gapseq	1509	1718	517	bio1	0.000000	1.820468	0.104134
MGYG000001473__gradient_L5_pectin_gapseq	1509	1718	517	bio1	0.000000	2.071655	0.112406
MGYG000001473__gradient_L6_resistant_starch_gapseq	1509	1718	517	bio1	0.000000	1.784651	0.127047
MGYG000001473__gradient_L7_bglucan_gapseq	1509	1718	517	bio1	0.000000	1.998327	0.110156
MGYG000001473__gradient_L8_hmo_gapseq	1509	1718	517	bio1	0.000000	1.940949	0.108877
MGYG000001473__gradient_L9_mos_gapseq	1509	1718	517	bio1	0.000000	1.808613	0.117076
MGYG000001482__gradient_L0_base_gapseq	1890	2244	689	bio1	0.798026	2.485487	15.208901
MGYG000001482__gradient_L1_inulin_gapseq	1890	2244	689	bio1	0.892960	2.551191	15.188477
MGYG000001482__gradient_L2_fos_gapseq	1890	2244	689	bio1	0.892960	2.476939	15.132212
MGYG000001482__gradient_L3_gos_gapseq	1890	2244	689	bio1	1.079860	2.595810	15.222909
MGYG000001482__gradient_L4_xos_gapseq	1890	2244	689	bio1	1.132519	2.727792	15.207841
MGYG000001482__gradient_L5_pectin_gapseq	1890	2244	689	bio1	1.132519	2.454213	15.347654
MGYG000001482__gradient_L6_resistant_starch_gapseq	1890	2244	689	bio1	1.586421	2.556678	15.374471
MGYG000001482__gradient_L7_bglucan_gapseq	1890	2244	689	bio1	1.586421	2.567786	15.314309
MGYG000001482__gradient_L8_hmo_gapseq	1890	2244	689	bio1	1.586421	2.605056	15.206515
MGYG000001482__gradient_L9_mos_gapseq	1890	2244	689	bio1	1.672454	2.608187	15.013619
MGYG000001488__gradient_L0_base_gapseq	1782	2087	555	bio1	0.622033	2.430352	13.013901
MGYG000001488__gradient_L1_inulin_gapseq	1782	2087	555	bio1	0.823001	2.445141	13.228948
MGYG000001488__gradient_L2_fos_gapseq	1782	2087	555	bio1	0.823001	2.494279	13.154152
MGYG000001488__gradient_L3_gos_gapseq	1782	2087	555	bio1	0.980904	2.217705	13.392877
MGYG000001488__gradient_L4_xos_gapseq	1782	2087	555	bio1	1.023968	2.315411	13.197522
MGYG000001488__gradient_L5_pectin_gapseq	1782	2087	555	bio1	1.023968	2.265977	13.407665
MGYG000001488__gradient_L6_resistant_starch_gapseq	1782	2087	555	bio1	1.496988	2.479048	13.100480
MGYG000001488__gradient_L7_bglucan_gapseq	1782	2087	555	bio1	1.496988	2.556799	13.111828
MGYG000001488__gradient_L8_hmo_gapseq	1782	2087	555	bio1	1.496988	2.454106	13.127899
MGYG000001488__gradient_L9_mos_gapseq	1782	2087	555	bio1	1.594032	2.530344	13.108285
MGYG000001489__gradient_L0_base_gapseq	1639	1935	603	bio1	0.000000	2.241454	0.151884
MGYG000001489__gradient_L1_inulin_gapseq	1639	1935	603	bio1	0.000000	2.030107	0.153711
MGYG000001489__gradient_L2_fos_gapseq	1639	1935	603	bio1	0.000000	2.193386	0.148809
MGYG000001489__gradient_L3_gos_gapseq	1639	1935	603	bio1	0.000000	2.270932	0.151310
MGYG000001489__gradient_L4_xos_gapseq	1639	1935	603	bio1	0.000000	2.034206	0.392192
MGYG000001489__gradient_L5_pectin_gapseq	1639	1935	603	bio1	0.000000	2.072291	0.159821
MGYG000001489__gradient_L6_resistant_starch_gapseq	1639	1935	603	bio1	2.276100	2.308515	11.341415
MGYG000001489__gradient_L7_bglucan_gapseq	1639	1935	603	bio1	2.276100	2.521482	11.427411
MGYG000001489__gradient_L8_hmo_gapseq	1639	1935	603	bio1	2.276100	2.189397	11.301662
MGYG000001489__gradient_L9_mos_gapseq	1639	1935	603	bio1	2.276100	2.298378	11.519270
MGYG000001515__gradient_L0_base_gapseq	936	1033	270	bio1	0.258048	1.100232	3.352735
MGYG000001515__gradient_L1_inulin_gapseq	936	1033	270	bio1	0.457266	1.006014	3.456440
MGYG000001515__gradient_L2_fos_gapseq	936	1033	270	bio1	0.457266	1.060828	3.356096
MGYG000001515__gradient_L3_gos_gapseq	936	1033	270	bio1	0.457266	1.068559	3.567912
MGYG000001515__gradient_L4_xos_gapseq	936	1033	270	bio1	0.541618	1.028240	3.302921
MGYG000001515__gradient_L5_pectin_gapseq	936	1033	270	bio1	0.541618	1.033254	3.376137
MGYG000001515__gradient_L6_resistant_starch_gapseq	936	1033	270	bio1	0.683684	1.156511	3.406136
MGYG000001515__gradient_L7_bglucan_gapseq	936	1033	270	bio1	0.683684	1.079727	3.269669
MGYG000001515__gradient_L8_hmo_gapseq	936	1033	270	bio1	0.683684	1.146086	3.359026
MGYG000001515__gradient_L9_mos_gapseq	936	1033	270	bio1	0.683684	1.171125	3.410102
MGYG000001528__gradient_L0_base_gapseq	1413	1638	461	bio1	0.000000	1.806795	0.096941
MGYG000001528__gradient_L1_inulin_gapseq	1413	1638	461	bio1	0.000000	1.683588	0.232393
MGYG000001528__gradient_L2_fos_gapseq	1413	1638	461	bio1	0.000000	1.681383	0.110420
MGYG000001528__gradient_L3_gos_gapseq	1413	1638	461	bio1	1.565429	1.866163	8.244756
MGYG000001528__gradient_L4_xos_gapseq	1413	1638	461	bio1	1.645135	1.648431	8.311284
MGYG000001528__gradient_L5_pectin_gapseq	1413	1638	461	bio1	1.645135	1.724248	8.102470
MGYG000001528__gradient_L6_resistant_starch_gapseq	1413	1638	461	bio1	2.393945	1.867118	8.194597
MGYG000001528__gradient_L7_bglucan_gapseq	1413	1638	461	bio1	2.393945	1.938185	8.032543
MGYG000001528__gradient_L8_hmo_gapseq	1413	1638	461	bio1	2.565940	1.793973	8.083395
MGYG000001528__gradient_L9_mos_gapseq	1413	1638	461	bio1	2.565940	1.871285	8.067163
MGYG000001530__gradient_L0_base_gapseq	1139	1315	307	bio1	0.000000	1.430193	0.062935
MGYG000001530__gradient_L1_inulin_gapseq	1139	1315	307	bio1	0.000000	1.333121	0.069144
MGYG000001530__gradient_L2_fos_gapseq	1139	1315	307	bio1	0.000000	1.350085	0.196108
MGYG000001530__gradient_L3_gos_gapseq	1139	1315	307	bio1	0.000000	1.304135	0.066486
MGYG000001530__gradient_L4_xos_gapseq	1139	1315	307	bio1	0.000000	1.269035	0.069400
MGYG000001530__gradient_L5_pectin_gapseq	1139	1315	307	bio1	0.000000	1.423021	0.065278
MGYG000001530__gradient_L6_resistant_starch_gapseq	1139	1315	307	bio1	0.000000	1.346943	0.070511
MGYG000001530__gradient_L7_bglucan_gapseq	1139	1315	307	bio1	0.000000	1.443333	0.066615
MGYG000001530__gradient_L8_hmo_gapseq	1139	1315	307	bio1	0.000000	1.403873	0.071270
MGYG000001530__gradient_L9_mos_gapseq	1139	1315	307	bio1	0.000000	1.315918	0.216311
MGYG000001538__gradient_L0_base_gapseq	1206	1375	363	bio1	0.000000	1.391615	0.074858
MGYG000001538__gradient_L1_inulin_gapseq	1206	1375	363	bio1	0.000000	1.421613	0.076809
MGYG000001538__gradient_L2_fos_gapseq	1206	1375	363	bio1	0.000000	1.613620	0.089059
MGYG000001538__gradient_L3_gos_gapseq	1206	1375	363	bio1	0.000000	1.384502	0.081859
MGYG000001538__gradient_L4_xos_gapseq	1206	1375	363	bio1	1.075560	1.630036	5.997094
MGYG000001538__gradient_L5_pectin_gapseq	1206	1375	363	bio1	1.075560	1.365398	6.358726
MGYG000001538__gradient_L6_resistant_starch_gapseq	1206	1375	363	bio1	1.550758	1.394810	6.205261
MGYG000001538__gradient_L7_bglucan_gapseq	1206	1375	363	bio1	1.550758	1.655246	5.818793
MGYG000001538__gradient_L8_hmo_gapseq	1206	1375	363	bio1	1.550758	1.384791	6.048320
MGYG000001538__gradient_L9_mos_gapseq	1206	1375	363	bio1	1.550758	1.390687	6.102012
MGYG000001543__gradient_L0_base_gapseq	1566	1838	556	bio1	0.000000	1.917115	0.101847
MGYG000001543__gradient_L1_inulin_gapseq	1566	1838	556	bio1	0.000000	2.207378	0.125286
MGYG000001543__gradient_L2_fos_gapseq	1566	1838	556	bio1	0.000000	1.993581	0.354191
MGYG000001543__gradient_L3_gos_gapseq	1566	1838	556	bio1	1.674577	1.956258	10.235265
MGYG000001543__gradient_L4_xos_gapseq	1566	1838	556	bio1	1.832806	2.299832	10.412226
MGYG000001543__gradient_L5_pectin_gapseq	1566	1838	556	bio1	1.895265	2.183144	10.434209
MGYG000001543__gradient_L6_resistant_starch_gapseq	1566	1838	556	bio1	2.588557	2.145964	10.430148
MGYG000001543__gradient_L7_bglucan_gapseq	1566	1838	556	bio1	2.832146	2.151478	10.432352
MGYG000001543__gradient_L8_hmo_gapseq	1566	1838	556	bio1	3.002866	2.117472	10.423232
MGYG000001543__gradient_L9_mos_gapseq	1566	1838	556	bio1	3.136111	2.082585	10.314847
MGYG000001553__gradient_L0_base_gapseq	1502	1712	393	bio1	0.936018	1.994358	8.966476
MGYG000001553__gradient_L1_inulin_gapseq	1502	1712	393	bio1	1.185583	1.988492	8.818062
MGYG000001553__gradient_L2_fos_gapseq	1502	1712	393	bio1	1.185583	1.954275	8.993959
MGYG000001553__gradient_L3_gos_gapseq	1502	1712	393	bio1	1.262805	1.765736	9.194807
MGYG000001553__gradient_L4_xos_gapseq	1502	1712	393	bio1	1.271890	1.740798	9.101617
MGYG000001553__gradient_L5_pectin_gapseq	1502	1712	393	bio1	1.271890	1.834254	8.969797
MGYG000001553__gradient_L6_resistant_starch_gapseq	1502	1712	393	bio1	1.795687	1.734634	8.789809
MGYG000001553__gradient_L7_bglucan_gapseq	1502	1712	393	bio1	1.968129	1.997113	8.893684
MGYG000001553__gradient_L8_hmo_gapseq	1502	1712	393	bio1	1.968129	1.883979	8.933023
MGYG000001553__gradient_L9_mos_gapseq	1502	1712	393	bio1	2.078492	1.999808	8.960982
MGYG000001554__gradient_L0_base_gapseq	1588	1903	473	bio1	0.487852	2.042204	10.840447
MGYG000001554__gradient_L1_inulin_gapseq	1588	1903	473	bio1	0.777010	2.111368	10.833557
MGYG000001554__gradient_L2_fos_gapseq	1588	1903	473	bio1	0.777010	2.175941	10.576814
MGYG000001554__gradient_L3_gos_gapseq	1588	1903	473	bio1	1.056101	2.341872	10.742564
MGYG000001554__gradient_L4_xos_gapseq	1588	1903	473	bio1	1.119682	2.225943	10.740880
MGYG000001554__gradient_L5_pectin_gapseq	1588	1903	473	bio1	1.119682	2.196722	10.832875
MGYG000001554__gradient_L6_resistant_starch_gapseq	1588	1903	473	bio1	1.652662	2.224555	10.899527
MGYG000001554__gradient_L7_bglucan_gapseq	1588	1903	473	bio1	1.652662	2.207019	10.817352
MGYG000001554__gradient_L8_hmo_gapseq	1588	1903	473	bio1	1.652662	2.299449	10.902642
MGYG000001554__gradient_L9_mos_gapseq	1588	1903	473	bio1	1.762942	2.215881	10.760840
MGYG000001555__gradient_L0_base_gapseq	1428	1594	360	bio1	0.000000	1.861746	0.097025
MGYG000001555__gradient_L1_inulin_gapseq	1428	1594	360	bio1	0.000000	1.634025	0.100076
MGYG000001555__gradient_L2_fos_gapseq	1428	1594	360	bio1	0.000000	1.782231	0.100715
MGYG000001555__gradient_L3_gos_gapseq	1428	1594	360	bio1	0.000000	1.596422	0.105262
MGYG000001555__gradient_L4_xos_gapseq	1428	1594	360	bio1	0.000000	1.739108	0.095640
MGYG000001555__gradient_L5_pectin_gapseq	1428	1594	360	bio1	0.000000	1.663711	0.098602
MGYG000001555__gradient_L6_resistant_starch_gapseq	1428	1594	360	bio1	0.000000	1.848943	0.108412
MGYG000001555__gradient_L7_bglucan_gapseq	1428	1594	360	bio1	0.000000	1.717315	0.283399
MGYG000001555__gradient_L8_hmo_gapseq	1428	1594	360	bio1	0.000000	1.632042	0.092574
MGYG000001555__gradient_L9_mos_gapseq	1428	1594	360	bio1	0.000000	1.657985	0.263757
MGYG000001560__gradient_L0_base_gapseq	1209	1315	308	bio1	0.380381	1.606251	5.598579
MGYG000001560__gradient_L1_inulin_gapseq	1209	1315	308	bio1	0.521922	1.366962	5.608175
MGYG000001560__gradient_L2_fos_gapseq	1209	1315	308	bio1	0.521922	1.375888	5.478608
MGYG000001560__gradient_L3_gos_gapseq	1209	1315	308	bio1	0.521922	1.571291	5.504311
MGYG000001560__gradient_L4_xos_gapseq	1209	1315	308	bio1	0.575000	1.380997	5.718713
MGYG000001560__gradient_L5_pectin_gapseq	1209	1315	308	bio1	0.575000	1.353470	5.714297
MGYG000001560__gradient_L6_resistant_starch_gapseq	1209	1315	308	bio1	0.716541	1.519573	5.622535
MGYG000001560__gradient_L7_bglucan_gapseq	1209	1315	308	bio1	0.922218	1.396627	5.729821
MGYG000001560__gradient_L8_hmo_gapseq	1209	1315	308	bio1	0.922218	1.382798	5.607779
MGYG000001560__gradient_L9_mos_gapseq	1209	1315	308	bio1	0.922218	1.487063	5.611730
MGYG000001563__gradient_L0_base_gapseq	1079	1150	248	bio1	0.404355	1.186137	4.290508
MGYG000001563__gradient_L1_inulin_gapseq	1079	1150	248	bio1	0.557731	1.164424	4.508641
MGYG000001563__gradient_L2_fos_gapseq	1079	1150	248	bio1	0.557731	1.179286	4.173977
MGYG000001563__gradient_L3_gos_gapseq	1079	1150	248	bio1	0.731746	1.350507	4.151832
MGYG000001563__gradient_L4_xos_gapseq	1079	1150	248	bio1	0.777481	1.187952	4.406768
MGYG000001563__gradient_L5_pectin_gapseq	1079	1150	248	bio1	0.777481	1.309189	4.238463
MGYG000001563__gradient_L6_resistant_starch_gapseq	1079	1150	248	bio1	0.857795	1.177019	4.317244
MGYG000001563__gradient_L7_bglucan_gapseq	1079	1150	248	bio1	0.857795	1.171418	4.194325
MGYG000001563__gradient_L8_hmo_gapseq	1079	1150	248	bio1	0.857795	1.138973	4.347670
MGYG000001563__gradient_L9_mos_gapseq	1079	1150	248	bio1	0.857795	1.156429	4.164457
MGYG000001567__gradient_L0_base_gapseq	1190	1375	359	bio1	0.393764	1.511575	5.980455
MGYG000001567__gradient_L1_inulin_gapseq	1190	1375	359	bio1	0.547433	1.459662	5.890139
MGYG000001567__gradient_L2_fos_gapseq	1190	1375	359	bio1	0.547433	1.655204	5.857387
MGYG000001567__gradient_L3_gos_gapseq	1190	1375	359	bio1	0.691496	1.429672	5.980539
MGYG000001567__gradient_L4_xos_gapseq	1190	1375	359	bio1	0.691496	1.449876	5.839935
MGYG000001567__gradient_L5_pectin_gapseq	1190	1375	359	bio1	0.691496	1.605319	5.833707
MGYG000001567__gradient_L6_resistant_starch_gapseq	1190	1375	359	bio1	0.854769	1.424120	5.958501
MGYG000001567__gradient_L7_bglucan_gapseq	1190	1375	359	bio1	0.854769	1.487073	5.940174
MGYG000001567__gradient_L8_hmo_gapseq	1190	1375	359	bio1	0.854769	1.642480	5.887645
MGYG000001567__gradient_L9_mos_gapseq	1190	1375	359	bio1	0.931603	1.425097	6.054473
MGYG000001571__gradient_L0_base_gapseq	1662	1969	681	bio1	0.000000	2.122858	0.140011
MGYG000001571__gradient_L1_inulin_gapseq	1662	1969	681	bio1	1.593903	2.282633	11.509731
MGYG000001571__gradient_L2_fos_gapseq	1662	1969	681	bio1	1.593903	2.354607	11.625423
MGYG000001571__gradient_L3_gos_gapseq	1662	1969	681	bio1	1.921938	2.240140	11.540740
MGYG000001571__gradient_L4_xos_gapseq	1662	1969	681	bio1	2.081750	2.373178	11.581922
MGYG000001571__gradient_L5_pectin_gapseq	1662	1969	681	bio1	2.144833	2.225721	11.885930
MGYG000001571__gradient_L6_resistant_starch_gapseq	1662	1969	681	bio1	2.878706	2.068262	11.774292
MGYG000001571__gradient_L7_bglucan_gapseq	1662	1969	681	bio1	2.878706	2.135850	11.640291
MGYG000001571__gradient_L8_hmo_gapseq	1662	1969	681	bio1	3.051111	2.070052	11.679923
MGYG000001571__gradient_L9_mos_gapseq	1662	1969	681	bio1	3.090346	2.073513	11.688690
MGYG000001575__gradient_L0_base_gapseq	1028	1170	268	bio1	0.000000	1.174046	0.263981
MGYG000001575__gradient_L1_inulin_gapseq	1028	1170	268	bio1	0.000000	1.222980	0.058957
MGYG000001575__gradient_L2_fos_gapseq	1028	1170	268	bio1	0.000000	1.186413	0.052231
MGYG000001575__gradient_L3_gos_gapseq	1028	1170	268	bio1	0.000000	1.351697	0.051630
MGYG000001575__gradient_L4_xos_gapseq	1028	1170	268	bio1	0.000000	1.193425	0.054990
MGYG000001575__gradient_L5_pectin_gapseq	1028	1170	268	bio1	0.000000	1.214206	0.064515
MGYG000001575__gradient_L6_resistant_starch_gapseq	1028	1170	268	bio1	0.000000	1.341905	0.066843
MGYG000001575__gradient_L7_bglucan_gapseq	1028	1170	268	bio1	0.000000	1.196383	0.073484
MGYG000001575__gradient_L8_hmo_gapseq	1028	1170	268	bio1	0.000000	1.316960	0.061737
MGYG000001575__gradient_L9_mos_gapseq	1028	1170	268	bio1	0.000000	1.172410	0.054063
MGYG000001585__gradient_L0_base_gapseq	1125	1231	291	bio1	0.000000	1.218396	0.060792
MGYG000001585__gradient_L1_inulin_gapseq	1125	1231	291	bio1	0.000000	1.421522	0.072422
MGYG000001585__gradient_L2_fos_gapseq	1125	1231	291	bio1	0.000000	1.246644	0.063483
MGYG000001585__gradient_L3_gos_gapseq	1125	1231	291	bio1	0.000000	1.400696	0.070883
MGYG000001585__gradient_L4_xos_gapseq	1125	1231	291	bio1	0.000000	1.273422	0.066121
MGYG000001585__gradient_L5_pectin_gapseq	1125	1231	291	bio1	0.000000	1.297380	0.070842
MGYG000001585__gradient_L6_resistant_starch_gapseq	1125	1231	291	bio1	0.000000	1.491209	0.071474
MGYG000001585__gradient_L7_bglucan_gapseq	1125	1231	291	bio1	0.000000	1.265377	0.057604
MGYG000001585__gradient_L8_hmo_gapseq	1125	1231	291	bio1	0.000000	1.454459	0.070165
MGYG000001585__gradient_L9_mos_gapseq	1125	1231	291	bio1	0.000000	1.251948	0.065142
MGYG000001586__gradient_L0_base_gapseq	1152	1273	285	bio1	0.000000	1.440614	0.066406
MGYG000001586__gradient_L1_inulin_gapseq	1152	1273	285	bio1	0.000000	1.277067	0.069390
MGYG000001586__gradient_L2_fos_gapseq	1152	1273	285	bio1	0.000000	1.244121	0.066118
MGYG000001586__gradient_L3_gos_gapseq	1152	1273	285	bio1	1.333798	1.399701	5.236284
MGYG000001586__gradient_L4_xos_gapseq	1152	1273	285	bio1	1.333798	1.248676	5.416576
MGYG000001586__gradient_L5_pectin_gapseq	1152	1273	285	bio1	1.333798	1.281726	5.107695
MGYG000001586__gradient_L6_resistant_starch_gapseq	1152	1273	285	bio1	1.964284	1.468183	5.215636
MGYG000001586__gradient_L7_bglucan_gapseq	1152	1273	285	bio1	1.964284	1.292093	5.290552
MGYG000001586__gradient_L8_hmo_gapseq	1152	1273	285	bio1	1.964284	1.278115	5.195372
MGYG000001586__gradient_L9_mos_gapseq	1152	1273	285	bio1	2.109956	1.254695	5.283368
MGYG000001589__gradient_L0_base_gapseq	1312	1388	381	bio1	0.731796	1.763705	6.170495
MGYG000001589__gradient_L1_inulin_gapseq	1312	1388	381	bio1	0.901343	1.471401	6.061180
MGYG000001589__gradient_L2_fos_gapseq	1312	1388	381	bio1	0.901343	1.500666	5.984453
MGYG000001589__gradient_L3_gos_gapseq	1312	1388	381	bio1	0.901343	1.603579	5.935924
MGYG000001589__gradient_L4_xos_gapseq	1312	1388	381	bio1	0.901343	1.454327	6.209407
MGYG000001589__gradient_L5_pectin_gapseq	1312	1388	381	bio1	0.901343	1.452573	6.025297
MGYG000001589__gradient_L6_resistant_starch_gapseq	1312	1388	381	bio1	1.048945	1.668612	5.975044
MGYG000001589__gradient_L7_bglucan_gapseq	1312	1388	381	bio1	1.048945	1.599259	6.021670
MGYG000001589__gradient_L8_hmo_gapseq	1312	1388	381	bio1	1.048945	1.436222	5.968173
MGYG000001589__gradient_L9_mos_gapseq	1312	1388	381	bio1	1.048945	1.701069	5.934836
MGYG000001601__gradient_L0_base_gapseq	1294	1411	336	bio1	0.256650	1.644105	6.154802
MGYG000001601__gradient_L1_inulin_gapseq	1294	1411	336	bio1	0.332698	1.481065	6.259117
MGYG000001601__gradient_L2_fos_gapseq	1294	1411	336	bio1	0.332698	1.445774	6.328838
MGYG000001601__gradient_L3_gos_gapseq	1294	1411	336	bio1	0.332698	1.739505	6.190215
MGYG000001601__gradient_L4_xos_gapseq	1294	1411	336	bio1	0.346957	1.597990	6.269424
MGYG000001601__gradient_L5_pectin_gapseq	1294	1411	336	bio1	0.346957	1.425521	6.384455
MGYG000001601__gradient_L6_resistant_starch_gapseq	1294	1411	336	bio1	0.696300	1.474470	6.199269
MGYG000001601__gradient_L7_bglucan_gapseq	1294	1411	336	bio1	0.696300	1.618185	6.202643
MGYG000001601__gradient_L8_hmo_gapseq	1294	1411	336	bio1	0.696300	1.460605	6.377816
MGYG000001601__gradient_L9_mos_gapseq	1294	1411	336	bio1	0.696300	1.477723	6.087264
MGYG000001608__gradient_L0_base_gapseq	1326	1462	386	bio1	0.000000	1.524023	0.099131
MGYG000001608__gradient_L1_inulin_gapseq	1326	1462	386	bio1	0.000000	1.680934	0.099493
MGYG000001608__gradient_L2_fos_gapseq	1326	1462	386	bio1	0.000000	1.517795	0.093631
MGYG000001608__gradient_L3_gos_gapseq	1326	1462	386	bio1	1.269873	1.693980	6.707118
MGYG000001608__gradient_L4_xos_gapseq	1326	1462	386	bio1	1.269873	1.707576	7.091554
MGYG000001608__gradient_L5_pectin_gapseq	1326	1462	386	bio1	1.269873	1.523202	6.952994
MGYG000001608__gradient_L6_resistant_starch_gapseq	1326	1462	386	bio1	1.431173	1.541185	6.753675
MGYG000001608__gradient_L7_bglucan_gapseq	1326	1462	386	bio1	1.431173	1.658234	6.853702
MGYG000001608__gradient_L8_hmo_gapseq	1326	1462	386	bio1	1.431173	1.516361	6.990132
MGYG000001608__gradient_L9_mos_gapseq	1326	1462	386	bio1	1.592473	1.564056	6.834551
MGYG000001618__gradient_L0_base_gapseq	1345	1467	342	bio1	0.812194	1.788269	6.734353
MGYG000001618__gradient_L1_inulin_gapseq	1345	1467	342	bio1	0.920941	1.542498	7.180609
MGYG000001618__gradient_L2_fos_gapseq	1345	1467	342	bio1	0.920941	1.523172	6.823121
MGYG000001618__gradient_L3_gos_gapseq	1345	1467	342	bio1	0.920941	1.682222	6.828778
MGYG000001618__gradient_L4_xos_gapseq	1345	1467	342	bio1	0.961712	1.494072	6.847163
MGYG000001618__gradient_L5_pectin_gapseq	1345	1467	342	bio1	0.961712	1.466716	6.745221
MGYG000001618__gradient_L6_resistant_starch_gapseq	1345	1467	342	bio1	1.038037	1.695701	6.764214
MGYG000001618__gradient_L7_bglucan_gapseq	1345	1467	342	bio1	1.038037	1.665467	6.809287
MGYG000001618__gradient_L8_hmo_gapseq	1345	1467	342	bio1	1.038037	1.524440	6.846131
MGYG000001618__gradient_L9_mos_gapseq	1345	1467	342	bio1	1.038037	1.629066	6.787814
MGYG000001622__gradient_L0_base_gapseq	1505	1731	528	bio1	0.799749	1.830265	9.302026
MGYG000001622__gradient_L1_inulin_gapseq	1505	1731	528	bio1	0.936495	1.858896	9.093563
MGYG000001622__gradient_L2_fos_gapseq	1505	1731	528	bio1	0.936495	2.022673	8.913625
MGYG000001622__gradient_L3_gos_gapseq	1505	1731	528	bio1	1.059721	2.018909	9.034021
MGYG000001622__gradient_L4_xos_gapseq	1505	1731	528	bio1	1.102518	1.974285	9.065815
MGYG000001622__gradient_L5_pectin_gapseq	1505	1731	528	bio1	1.102518	1.998668	9.049909
MGYG000001622__gradient_L6_resistant_starch_gapseq	1505	1731	528	bio1	1.402095	2.053766	9.255873
MGYG000001622__gradient_L7_bglucan_gapseq	1505	1731	528	bio1	1.506031	2.047865	9.097110
MGYG000001622__gradient_L8_hmo_gapseq	1505	1731	528	bio1	1.575321	1.968100	9.235824
MGYG000001622__gradient_L9_mos_gapseq	1505	1731	528	bio1	1.640535	1.799647	9.253172
MGYG000001626__gradient_L0_base_gapseq	1419	1518	379	bio1	0.562148	1.611099	7.442119
MGYG000001626__gradient_L1_inulin_gapseq	1419	1518	379	bio1	0.752173	1.726708	7.155382
MGYG000001626__gradient_L2_fos_gapseq	1419	1518	379	bio1	0.752173	1.603001	7.033593
MGYG000001626__gradient_L3_gos_gapseq	1419	1518	379	bio1	0.752173	1.758911	7.030566
MGYG000001626__gradient_L4_xos_gapseq	1419	1518	379	bio1	0.752173	1.745003	7.181328
MGYG000001626__gradient_L5_pectin_gapseq	1419	1518	379	bio1	0.752173	1.656833	7.244481
MGYG000001626__gradient_L6_resistant_starch_gapseq	1419	1518	379	bio1	0.902487	1.648468	6.970325
MGYG000001626__gradient_L7_bglucan_gapseq	1419	1518	379	bio1	0.902487	1.736339	7.345260
MGYG000001626__gradient_L8_hmo_gapseq	1419	1518	379	bio1	0.902487	1.728111	7.199920
MGYG000001626__gradient_L9_mos_gapseq	1419	1518	379	bio1	0.902487	1.685129	7.315489
MGYG000001630__gradient_L0_base_gapseq	1235	1418	318	bio1	0.804714	1.432783	6.366811
MGYG000001630__gradient_L1_inulin_gapseq	1235	1418	318	bio1	0.904173	1.721492	6.341078
MGYG000001630__gradient_L2_fos_gapseq	1235	1418	318	bio1	0.904173	1.467883	6.512153
MGYG000001630__gradient_L3_gos_gapseq	1235	1418	318	bio1	0.965580	1.441176	6.257338
MGYG000001630__gradient_L4_xos_gapseq	1235	1418	318	bio1	0.965580	1.632898	6.364059
MGYG000001630__gradient_L5_pectin_gapseq	1235	1418	318	bio1	0.965580	1.578995	6.255302
MGYG000001630__gradient_L6_resistant_starch_gapseq	1235	1418	318	bio1	1.038063	1.421360	6.493733
MGYG000001630__gradient_L7_bglucan_gapseq	1235	1418	318	bio1	1.038063	1.402421	6.239324
MGYG000001630__gradient_L8_hmo_gapseq	1235	1418	318	bio1	1.038063	1.560968	6.459232
MGYG000001630__gradient_L9_mos_gapseq	1235	1418	318	bio1	1.110546	1.433132	6.373092
MGYG000001631__gradient_L0_base_gapseq	1459	1584	486	bio1	0.714002	1.654851	7.544000
MGYG000001631__gradient_L1_inulin_gapseq	1459	1584	486	bio1	0.876645	1.869081	7.528996
MGYG000001631__gradient_L2_fos_gapseq	1459	1584	486	bio1	0.876645	1.800917	7.634344
MGYG000001631__gradient_L3_gos_gapseq	1459	1584	486	bio1	0.876645	1.820114	7.626489
MGYG000001631__gradient_L4_xos_gapseq	1459	1584	486	bio1	0.876645	1.719331	7.814891
MGYG000001631__gradient_L5_pectin_gapseq	1459	1584	486	bio1	0.876645	1.658018	7.963694
MGYG000001631__gradient_L6_resistant_starch_gapseq	1459	1584	486	bio1	1.036655	1.842337	7.670959
MGYG000001631__gradient_L7_bglucan_gapseq	1459	1584	486	bio1	1.036655	1.866104	7.578311
MGYG000001631__gradient_L8_hmo_gapseq	1459	1584	486	bio1	1.036655	1.990119	7.623985
MGYG000001631__gradient_L9_mos_gapseq	1459	1584	486	bio1	1.178296	1.873008	7.596295
MGYG000001637__gradient_L0_base_gapseq	1398	1587	407	bio1	0.217608	1.638014	7.839552
MGYG000001637__gradient_L1_inulin_gapseq	1398	1587	407	bio1	0.245993	1.883232	7.903431
MGYG000001637__gradient_L2_fos_gapseq	1398	1587	407	bio1	0.245993	1.774505	7.942917
MGYG000001637__gradient_L3_gos_gapseq	1398	1587	407	bio1	0.245993	1.669867	8.052931
MGYG000001637__gradient_L4_xos_gapseq	1398	1587	407	bio1	0.245993	1.638437	7.831903
MGYG000001637__gradient_L5_pectin_gapseq	1398	1587	407	bio1	0.245993	1.983253	8.023364
MGYG000001637__gradient_L6_resistant_starch_gapseq	1398	1587	407	bio1	0.246732	1.872238	7.987594
MGYG000001637__gradient_L7_bglucan_gapseq	1398	1587	407	bio1	0.246732	1.854748	8.033065
MGYG000001637__gradient_L8_hmo_gapseq	1398	1587	407	bio1	0.246732	1.675532	8.057791
MGYG000001637__gradient_L9_mos_gapseq	1398	1587	407	bio1	0.246732	1.582238	7.972990
MGYG000001646__gradient_L0_base_gapseq	885	826	110	bio1	0.000000	0.827988	0.035186
MGYG000001646__gradient_L1_inulin_gapseq	885	826	110	bio1	0.000000	0.819036	0.035225
MGYG000001646__gradient_L2_fos_gapseq	885	826	110	bio1	0.000000	0.846696	0.040098
MGYG000001646__gradient_L3_gos_gapseq	885	826	110	bio1	0.000000	0.964042	0.031529
MGYG000001646__gradient_L4_xos_gapseq	885	826	110	bio1	0.000000	0.845271	0.035386
MGYG000001646__gradient_L5_pectin_gapseq	885	826	110	bio1	0.000000	0.820917	0.035391
MGYG000001646__gradient_L6_resistant_starch_gapseq	885	826	110	bio1	0.000000	0.848529	0.187977
MGYG000001646__gradient_L7_bglucan_gapseq	885	826	110	bio1	0.000000	0.811388	0.047983
MGYG000001646__gradient_L8_hmo_gapseq	885	826	110	bio1	0.000000	0.834001	0.030453
MGYG000001646__gradient_L9_mos_gapseq	885	826	110	bio1	0.000000	0.844815	0.032404
MGYG000001647__gradient_L0_base_gapseq	717	714	97	bio1	0.000000	0.701317	0.234963
MGYG000001647__gradient_L1_inulin_gapseq	717	714	97	bio1	0.000000	0.700779	0.027102
MGYG000001647__gradient_L2_fos_gapseq	717	714	97	bio1	0.000000	0.696032	0.027011
MGYG000001647__gradient_L3_gos_gapseq	717	714	97	bio1	0.000000	0.713643	0.034435
MGYG000001647__gradient_L4_xos_gapseq	717	714	97	bio1	0.000000	0.693251	0.033800
MGYG000001647__gradient_L5_pectin_gapseq	717	714	97	bio1	0.000000	0.788322	0.035188
MGYG000001647__gradient_L6_resistant_starch_gapseq	717	714	97	bio1	0.395272	0.681624	1.772875
MGYG000001647__gradient_L7_bglucan_gapseq	717	714	97	bio1	0.395272	0.696313	1.775525
MGYG000001647__gradient_L8_hmo_gapseq	717	714	97	bio1	0.395272	0.711750	1.985340
MGYG000001647__gradient_L9_mos_gapseq	717	714	97	bio1	0.395272	0.702012	1.819106
MGYG000001653__gradient_L0_base_gapseq	1110	1242	297	bio1	0.000000	1.395915	0.066725
MGYG000001653__gradient_L1_inulin_gapseq	1110	1242	297	bio1	0.000000	1.237596	0.063432
MGYG000001653__gradient_L2_fos_gapseq	1110	1242	297	bio1	0.000000	1.292846	0.224783
MGYG000001653__gradient_L3_gos_gapseq	1110	1242	297	bio1	0.000000	1.243255	0.071361
MGYG000001653__gradient_L4_xos_gapseq	1110	1242	297	bio1	0.000000	1.280188	0.062747
MGYG000001653__gradient_L5_pectin_gapseq	1110	1242	297	bio1	0.000000	1.466219	0.069521
MGYG000001653__gradient_L6_resistant_starch_gapseq	1110	1242	297	bio1	0.000000	1.265424	0.069020
MGYG000001653__gradient_L7_bglucan_gapseq	1110	1242	297	bio1	0.000000	1.417674	0.060830
MGYG000001653__gradient_L8_hmo_gapseq	1110	1242	297	bio1	0.000000	1.263470	0.068107
MGYG000001653__gradient_L9_mos_gapseq	1110	1242	297	bio1	0.000000	1.279186	0.071780
MGYG000001657__gradient_L0_base_gapseq	1058	1175	278	bio1	0.000000	1.144168	0.057822
MGYG000001657__gradient_L1_inulin_gapseq	1058	1175	278	bio1	0.000000	1.266697	0.050352
MGYG000001657__gradient_L2_fos_gapseq	1058	1175	278	bio1	0.000000	1.156683	0.065230
MGYG000001657__gradient_L3_gos_gapseq	1058	1175	278	bio1	0.000000	1.234932	0.053042
MGYG000001657__gradient_L4_xos_gapseq	1058	1175	278	bio1	0.000000	1.296505	0.051909
MGYG000001657__gradient_L5_pectin_gapseq	1058	1175	278	bio1	0.000000	1.169290	0.055389
MGYG000001657__gradient_L6_resistant_starch_gapseq	1058	1175	278	bio1	0.000000	1.181812	0.060140
MGYG000001657__gradient_L7_bglucan_gapseq	1058	1175	278	bio1	0.000000	1.351569	0.052388
MGYG000001657__gradient_L8_hmo_gapseq	1058	1175	278	bio1	0.000000	1.180591	0.066361
MGYG000001657__gradient_L9_mos_gapseq	1058	1175	278	bio1	0.000000	1.302824	0.055567
MGYG000001662__gradient_L0_base_gapseq	729	666	74	bio1	0.000000	0.822543	0.021521
MGYG000001662__gradient_L1_inulin_gapseq	729	666	74	bio1	0.000000	0.658931	0.024344
MGYG000001662__gradient_L2_fos_gapseq	729	666	74	bio1	0.000000	0.673153	0.024782
MGYG000001662__gradient_L3_gos_gapseq	729	666	74	bio1	0.000000	0.648537	0.031818
MGYG000001662__gradient_L4_xos_gapseq	729	666	74	bio1	0.000000	0.658604	0.032243
MGYG000001662__gradient_L5_pectin_gapseq	729	666	74	bio1	0.000000	0.890662	0.022475
MGYG000001662__gradient_L6_resistant_starch_gapseq	729	666	74	bio1	0.000000	0.655932	0.024339
MGYG000001662__gradient_L7_bglucan_gapseq	729	666	74	bio1	0.000000	0.649777	0.032007
MGYG000001662__gradient_L8_hmo_gapseq	729	666	74	bio1	0.000000	0.668644	0.026066
MGYG000001662__gradient_L9_mos_gapseq	729	666	74	bio1	0.000000	0.667801	0.028698
MGYG000001669__gradient_L0_base_gapseq	816	844	130	bio1	0.000000	0.945036	0.033190
MGYG000001669__gradient_L1_inulin_gapseq	816	844	130	bio1	0.253030	0.818247	2.337574
MGYG000001669__gradient_L2_fos_gapseq	816	844	130	bio1	0.253030	0.806534	2.257290
MGYG000001669__gradient_L3_gos_gapseq	816	844	130	bio1	0.456868	0.934754	2.286041
MGYG000001669__gradient_L4_xos_gapseq	816	844	130	bio1	0.499042	0.836963	2.457032
MGYG000001669__gradient_L5_pectin_gapseq	816	844	130	bio1	0.531843	0.863068	2.569073
MGYG000001669__gradient_L6_resistant_starch_gapseq	816	844	130	bio1	1.016422	0.845054	2.336858
MGYG000001669__gradient_L7_bglucan_gapseq	816	844	130	bio1	1.016422	0.817978	2.284239
MGYG000001669__gradient_L8_hmo_gapseq	816	844	130	bio1	1.016422	0.976115	2.373710
MGYG000001669__gradient_L9_mos_gapseq	816	844	130	bio1	1.016422	0.802490	2.302896
MGYG000001672__gradient_L0_base_gapseq	693	645	94	bio1	0.000000	0.846980	0.027078
MGYG000001672__gradient_L1_inulin_gapseq	693	645	94	bio1	0.000000	0.631163	0.024412
MGYG000001672__gradient_L2_fos_gapseq	693	645	94	bio1	0.000000	0.630018	0.022643
MGYG000001672__gradient_L3_gos_gapseq	693	645	94	bio1	0.000000	0.635678	0.025005
MGYG000001672__gradient_L4_xos_gapseq	693	645	94	bio1	0.000000	0.611412	0.023227
MGYG000001672__gradient_L5_pectin_gapseq	693	645	94	bio1	0.000000	0.814200	0.026860
MGYG000001672__gradient_L6_resistant_starch_gapseq	693	645	94	bio1	0.000000	0.642989	0.023922
MGYG000001672__gradient_L7_bglucan_gapseq	693	645	94	bio1	0.000000	0.648164	0.024473
MGYG000001672__gradient_L8_hmo_gapseq	693	645	94	bio1	0.000000	0.609642	0.025557
MGYG000001672__gradient_L9_mos_gapseq	693	645	94	bio1	0.000000	0.651615	0.023586
MGYG000001682__gradient_L0_base_gapseq	1215	1375	306	bio1	0.213148	1.395216	5.769104
MGYG000001682__gradient_L1_inulin_gapseq	1215	1375	306	bio1	0.213148	1.738598	5.989656
MGYG000001682__gradient_L2_fos_gapseq	1215	1375	306	bio1	0.213148	1.395459	6.160120
MGYG000001682__gradient_L3_gos_gapseq	1215	1375	306	bio1	0.291066	1.413340	5.860455
MGYG000001682__gradient_L4_xos_gapseq	1215	1375	306	bio1	0.291066	1.587969	5.808807
MGYG000001682__gradient_L5_pectin_gapseq	1215	1375	306	bio1	0.291066	1.439504	6.057369
MGYG000001682__gradient_L6_resistant_starch_gapseq	1215	1375	306	bio1	0.514790	1.404654	5.849218
MGYG000001682__gradient_L7_bglucan_gapseq	1215	1375	306	bio1	0.648228	1.522794	5.935483
MGYG000001682__gradient_L8_hmo_gapseq	1215	1375	306	bio1	0.648228	1.383520	5.981489
MGYG000001682__gradient_L9_mos_gapseq	1215	1375	306	bio1	0.731106	1.389942	5.852204
MGYG000001687__gradient_L0_base_gapseq	1231	1382	375	bio1	0.000000	1.526069	0.067695
MGYG000001687__gradient_L1_inulin_gapseq	1231	1382	375	bio1	0.000000	1.411205	0.069958
MGYG000001687__gradient_L2_fos_gapseq	1231	1382	375	bio1	0.000000	1.559940	0.072009
MGYG000001687__gradient_L3_gos_gapseq	1231	1382	375	bio1	0.000000	1.422054	0.085420
MGYG000001687__gradient_L4_xos_gapseq	1231	1382	375	bio1	0.907905	1.581146	6.342087
MGYG000001687__gradient_L5_pectin_gapseq	1231	1382	375	bio1	0.907905	1.419607	6.216683
MGYG000001687__gradient_L6_resistant_starch_gapseq	1231	1382	375	bio1	1.435365	1.619005	6.198021
MGYG000001687__gradient_L7_bglucan_gapseq	1231	1382	375	bio1	1.435365	1.602210	6.011929
MGYG000001687__gradient_L8_hmo_gapseq	1231	1382	375	bio1	1.559522	1.451070	5.972514
MGYG000001687__gradient_L9_mos_gapseq	1231	1382	375	bio1	1.559522	1.607011	6.040066
MGYG000001688__gradient_L0_base_gapseq	1537	1834	627	bio1	0.000000	2.264783	0.132448
MGYG000001688__gradient_L1_inulin_gapseq	1537	1834	627	bio1	0.000000	2.382227	0.117360
MGYG000001688__gradient_L2_fos_gapseq	1537	1834	627	bio1	0.000000	1.967967	0.119124
MGYG000001688__gradient_L3_gos_gapseq	1537	1834	627	bio1	1.886903	2.059472	10.224278
MGYG000001688__gradient_L4_xos_gapseq	1537	1834	627	bio1	2.067046	2.175758	10.246024
MGYG000001688__gradient_L5_pectin_gapseq	1537	1834	627	bio1	2.130626	2.194535	10.183890
MGYG000001688__gradient_L6_resistant_starch_gapseq	1537	1834	627	bio1	2.895705	2.096262	10.278020
MGYG000001688__gradient_L7_bglucan_gapseq	1537	1834	627	bio1	3.143667	2.164629	10.000441
MGYG000001688__gradient_L8_hmo_gapseq	1537	1834	627	bio1	3.143667	2.194429	10.227211
MGYG000001688__gradient_L9_mos_gapseq	1537	1834	627	bio1	3.313214	2.238216	10.082307
MGYG000001694__gradient_L0_base_gapseq	1559	1864	536	bio1	0.788791	1.900424	10.664511
MGYG000001694__gradient_L1_inulin_gapseq	1559	1864	536	bio1	1.011511	2.005739	10.591434
MGYG000001694__gradient_L2_fos_gapseq	1559	1864	536	bio1	1.011511	1.961883	10.424426
MGYG000001694__gradient_L3_gos_gapseq	1559	1864	536	bio1	1.234232	1.914473	10.305620
MGYG000001694__gradient_L4_xos_gapseq	1559	1864	536	bio1	1.234232	2.130655	10.181535
MGYG000001694__gradient_L5_pectin_gapseq	1559	1864	536	bio1	1.266712	2.056527	10.548707
MGYG000001694__gradient_L6_resistant_starch_gapseq	1559	1864	536	bio1	1.770152	2.095581	10.202952
MGYG000001694__gradient_L7_bglucan_gapseq	1559	1864	536	bio1	1.770152	2.098324	10.322566
MGYG000001694__gradient_L8_hmo_gapseq	1559	1864	536	bio1	1.770152	2.083777	10.228643
MGYG000001694__gradient_L9_mos_gapseq	1559	1864	536	bio1	1.881512	2.135974	10.253551
MGYG000001695__gradient_L0_base_gapseq	1569	1747	473	bio1	1.030838	2.305466	9.564363
MGYG000001695__gradient_L1_inulin_gapseq	1569	1747	473	bio1	1.161281	2.332673	9.408806
MGYG000001695__gradient_L2_fos_gapseq	1569	1747	473	bio1	1.161281	2.060318	9.293134
MGYG000001695__gradient_L3_gos_gapseq	1569	1747	473	bio1	1.161281	2.006141	9.373603
MGYG000001695__gradient_L4_xos_gapseq	1569	1747	473	bio1	1.236385	1.833403	9.571394
MGYG000001695__gradient_L5_pectin_gapseq	1569	1747	473	bio1	1.273757	1.819371	9.592512
MGYG000001695__gradient_L6_resistant_starch_gapseq	1569	1747	473	bio1	1.869375	1.923620	9.634871
MGYG000001695__gradient_L7_bglucan_gapseq	1569	1747	473	bio1	1.869375	1.867415	9.299436
MGYG000001695__gradient_L8_hmo_gapseq	1569	1747	473	bio1	1.869375	2.017593	9.294905
MGYG000001695__gradient_L9_mos_gapseq	1569	1747	473	bio1	1.869375	1.935036	9.491948
MGYG000001697__gradient_L0_base_gapseq	1318	1539	388	bio1	1.036914	1.727480	7.652351
MGYG000001697__gradient_L1_inulin_gapseq	1318	1539	388	bio1	1.360111	1.730621	7.641952
MGYG000001697__gradient_L2_fos_gapseq	1318	1539	388	bio1	1.360111	1.572982	7.638104
MGYG000001697__gradient_L3_gos_gapseq	1318	1539	388	bio1	1.675228	1.571255	7.566469
MGYG000001697__gradient_L4_xos_gapseq	1318	1539	388	bio1	1.675228	1.634848	7.504110
MGYG000001697__gradient_L5_pectin_gapseq	1318	1539	388	bio1	1.675228	1.747154	7.355245
MGYG000001697__gradient_L6_resistant_starch_gapseq	1318	1539	388	bio1	2.379808	1.705634	7.697548
MGYG000001697__gradient_L7_bglucan_gapseq	1318	1539	388	bio1	2.379808	1.640117	7.621630
MGYG000001697__gradient_L8_hmo_gapseq	1318	1539	388	bio1	2.379808	1.556732	7.505948
MGYG000001697__gradient_L9_mos_gapseq	1318	1539	388	bio1	2.536590	1.594110	7.377854
MGYG000001698__gradient_L0_base_gapseq	1354	1601	533	bio1	0.000000	1.715230	0.093868
MGYG000001698__gradient_L1_inulin_gapseq	1354	1601	533	bio1	0.000000	1.812625	0.105433
MGYG000001698__gradient_L2_fos_gapseq	1354	1601	533	bio1	0.000000	1.717212	0.095393
MGYG000001698__gradient_L3_gos_gapseq	1354	1601	533	bio1	0.000000	1.823303	0.108840
MGYG000001698__gradient_L4_xos_gapseq	1354	1601	533	bio1	1.337067	1.673851	8.014616
MGYG000001698__gradient_L5_pectin_gapseq	1354	1601	533	bio1	1.381195	1.680220	7.953764
MGYG000001698__gradient_L6_resistant_starch_gapseq	1354	1601	533	bio1	1.992367	1.676236	7.919448
MGYG000001698__gradient_L7_bglucan_gapseq	1354	1601	533	bio1	2.197561	1.809484	7.658510
MGYG000001698__gradient_L8_hmo_gapseq	1354	1601	533	bio1	2.343184	1.779033	7.780304
MGYG000001698__gradient_L9_mos_gapseq	1354	1601	533	bio1	2.484393	1.817651	7.832532
MGYG000001700	0	0	0	NONE	0.000000	0.000000	0.000000
MGYG000001703__gradient_L0_base_gapseq	1997	2476	984	bio1	1.170451	2.746951	18.617445
MGYG000001703__gradient_L1_inulin_gapseq	1997	2476	984	bio1	1.448030	2.860434	18.530899
MGYG000001703__gradient_L2_fos_gapseq	1997	2476	984	bio1	1.448030	2.939763	18.730567
MGYG000001703__gradient_L3_gos_gapseq	1997	2476	984	bio1	1.738101	2.643874	18.505352
MGYG000001703__gradient_L4_xos_gapseq	1997	2476	984	bio1	1.883830	2.829277	18.401821
MGYG000001703__gradient_L5_pectin_gapseq	1997	2476	984	bio1	1.883830	2.852784	18.649315
MGYG000001703__gradient_L6_resistant_starch_gapseq	1997	2476	984	bio1	2.477069	2.850893	18.618897
MGYG000001703__gradient_L7_bglucan_gapseq	1997	2476	984	bio1	2.477069	2.991282	18.474841
MGYG000001703__gradient_L8_hmo_gapseq	1997	2476	984	bio1	2.477069	2.866294	18.637209
MGYG000001703__gradient_L9_mos_gapseq	1997	2476	984	bio1	2.570784	2.759998	18.701822
MGYG000001707__gradient_L0_base_gapseq	1434	1605	362	bio1	0.000000	1.669556	0.109924
MGYG000001707__gradient_L1_inulin_gapseq	1434	1605	362	bio1	0.000000	1.785806	0.110818
MGYG000001707__gradient_L2_fos_gapseq	1434	1605	362	bio1	0.000000	1.670235	0.101850
MGYG000001707__gradient_L3_gos_gapseq	1434	1605	362	bio1	0.898835	1.862813	7.916253
MGYG000001707__gradient_L4_xos_gapseq	1434	1605	362	bio1	0.898835	1.869401	7.774698
MGYG000001707__gradient_L5_pectin_gapseq	1434	1605	362	bio1	0.898835	1.754855	8.101286
MGYG000001707__gradient_L6_resistant_starch_gapseq	1434	1605	362	bio1	1.521121	1.679356	8.040471
MGYG000001707__gradient_L7_bglucan_gapseq	1434	1605	362	bio1	1.728751	1.662454	8.052221
MGYG000001707__gradient_L8_hmo_gapseq	1434	1605	362	bio1	1.728751	1.698111	7.814891
MGYG000001707__gradient_L9_mos_gapseq	1434	1605	362	bio1	1.728751	1.809147	7.960518
MGYG000001712__gradient_L0_base_gapseq	2108	2526	921	bio1	1.094560	2.929403	18.906944
MGYG000001712__gradient_L1_inulin_gapseq	2108	2526	921	bio1	1.362181	3.013630	19.158144
MGYG000001712__gradient_L2_fos_gapseq	2108	2526	921	bio1	1.362181	2.838789	19.002707
MGYG000001712__gradient_L3_gos_gapseq	2108	2526	921	bio1	1.362181	2.854804	19.067473
MGYG000001712__gradient_L4_xos_gapseq	2108	2526	921	bio1	1.422396	2.840204	18.980373
MGYG000001712__gradient_L5_pectin_gapseq	2108	2526	921	bio1	1.422396	2.886195	19.294585
MGYG000001712__gradient_L6_resistant_starch_gapseq	2108	2526	921	bio1	2.012029	2.854244	19.002109
MGYG000001712__gradient_L7_bglucan_gapseq	2108	2526	921	bio1	2.012029	2.804907	19.102253
MGYG000001712__gradient_L8_hmo_gapseq	2108	2526	921	bio1	2.012029	2.896017	19.140816
MGYG000001712__gradient_L9_mos_gapseq	2108	2526	921	bio1	2.012029	2.802690	19.429908
MGYG000001713__gradient_L0_base_gapseq	2103	2569	998	bio1	1.325329	3.138410	20.117733
MGYG000001713__gradient_L1_inulin_gapseq	2103	2569	998	bio1	1.604348	3.072735	20.044666
MGYG000001713__gradient_L2_fos_gapseq	2103	2569	998	bio1	1.604348	2.786110	20.452170
MGYG000001713__gradient_L3_gos_gapseq	2103	2569	998	bio1	1.892633	2.857784	20.615595
MGYG000001713__gradient_L4_xos_gapseq	2103	2569	998	bio1	2.052379	2.738650	20.360418
MGYG000001713__gradient_L5_pectin_gapseq	2103	2569	998	bio1	2.095076	2.951261	20.837502
MGYG000001713__gradient_L6_resistant_starch_gapseq	2103	2569	998	bio1	2.663181	2.833352	20.628751
MGYG000001713__gradient_L7_bglucan_gapseq	2103	2569	998	bio1	2.850406	2.834601	20.446878
MGYG000001713__gradient_L8_hmo_gapseq	2103	2569	998	bio1	2.850406	2.869587	20.772401
MGYG000001713__gradient_L9_mos_gapseq	2103	2569	998	bio1	2.979587	2.857992	20.662309
MGYG000001723__gradient_L0_base_gapseq	1114	1240	349	bio1	0.000000	1.476395	0.069171
MGYG000001723__gradient_L1_inulin_gapseq	1114	1240	349	bio1	0.000000	1.236696	0.069694
MGYG000001723__gradient_L2_fos_gapseq	1114	1240	349	bio1	0.000000	1.322816	0.066635
MGYG000001723__gradient_L3_gos_gapseq	1114	1240	349	bio1	0.000000	1.227346	0.065766
MGYG000001723__gradient_L4_xos_gapseq	1114	1240	349	bio1	0.375875	1.244540	4.988857
MGYG000001723__gradient_L5_pectin_gapseq	1114	1240	349	bio1	0.375875	1.265625	4.833082
MGYG000001723__gradient_L6_resistant_starch_gapseq	1114	1240	349	bio1	0.556589	1.526971	4.995344
MGYG000001723__gradient_L7_bglucan_gapseq	1114	1240	349	bio1	0.556589	1.258426	5.028224
MGYG000001723__gradient_L8_hmo_gapseq	1114	1240	349	bio1	0.556589	1.262132	4.844881
MGYG000001723__gradient_L9_mos_gapseq	1114	1240	349	bio1	0.556589	1.365638	4.861719
MGYG000001725__gradient_L0_base_gapseq	1343	1500	387	bio1	0.000000	1.653576	0.080869
MGYG000001725__gradient_L1_inulin_gapseq	1343	1500	387	bio1	0.000000	1.733452	0.085445
MGYG000001725__gradient_L2_fos_gapseq	1343	1500	387	bio1	0.000000	1.826818	0.077329
MGYG000001725__gradient_L3_gos_gapseq	1343	1500	387	bio1	0.642365	1.593137	7.131558
MGYG000001725__gradient_L4_xos_gapseq	1343	1500	387	bio1	0.642365	1.623962	6.968727
MGYG000001725__gradient_L5_pectin_gapseq	1343	1500	387	bio1	0.642365	1.697874	7.085581
MGYG000001725__gradient_L6_resistant_starch_gapseq	1343	1500	387	bio1	1.318377	1.687993	6.978287
MGYG000001725__gradient_L7_bglucan_gapseq	1343	1500	387	bio1	1.318377	1.565427	7.333080
MGYG000001725__gradient_L8_hmo_gapseq	1343	1500	387	bio1	1.318377	1.559704	6.972085
MGYG000001725__gradient_L9_mos_gapseq	1343	1500	387	bio1	1.445069	1.735176	7.126855
MGYG000001733__gradient_L0_base_gapseq	1063	1140	215	bio1	0.000000	1.134345	0.049194
MGYG000001733__gradient_L1_inulin_gapseq	1063	1140	215	bio1	0.381415	1.380183	4.062699
MGYG000001733__gradient_L2_fos_gapseq	1063	1140	215	bio1	0.381415	1.174197	4.074445
MGYG000001733__gradient_L3_gos_gapseq	1063	1140	215	bio1	0.381415	1.306790	4.132826
MGYG000001733__gradient_L4_xos_gapseq	1063	1140	215	bio1	0.381415	1.160501	4.052058
MGYG000001733__gradient_L5_pectin_gapseq	1063	1140	215	bio1	0.381415	1.298795	4.073531
MGYG000001733__gradient_L6_resistant_starch_gapseq	1063	1140	215	bio1	0.381415	1.165237	4.286844
MGYG000001733__gradient_L7_bglucan_gapseq	1063	1140	215	bio1	0.381415	1.184483	4.216410
MGYG000001733__gradient_L8_hmo_gapseq	1063	1140	215	bio1	0.381415	1.171419	4.156697
MGYG000001733__gradient_L9_mos_gapseq	1063	1140	215	bio1	0.381415	1.191729	4.125829
MGYG000001738__gradient_L0_base_gapseq	1333	1517	374	bio1	0.218448	1.747256	7.122416
MGYG000001738__gradient_L1_inulin_gapseq	1333	1517	374	bio1	0.327378	1.532760	7.317973
MGYG000001738__gradient_L2_fos_gapseq	1333	1517	374	bio1	0.327378	1.559491	7.133030
MGYG000001738__gradient_L3_gos_gapseq	1333	1517	374	bio1	0.399403	1.824742	7.193390
MGYG000001738__gradient_L4_xos_gapseq	1333	1517	374	bio1	0.488033	1.721295	7.338374
MGYG000001738__gradient_L5_pectin_gapseq	1333	1517	374	bio1	0.520569	1.568051	7.334329
MGYG000001738__gradient_L6_resistant_starch_gapseq	1333	1517	374	bio1	0.783182	1.542796	7.196284
MGYG000001738__gradient_L7_bglucan_gapseq	1333	1517	374	bio1	0.943539	1.589646	7.148879
MGYG000001738__gradient_L8_hmo_gapseq	1333	1517	374	bio1	0.943539	1.875693	7.214981
MGYG000001738__gradient_L9_mos_gapseq	1333	1517	374	bio1	1.045796	1.567643	7.647363
MGYG000001740__gradient_L0_base_gapseq	1193	1217	271	bio1	0.000000	1.242579	0.061380
MGYG000001740__gradient_L1_inulin_gapseq	1193	1217	271	bio1	0.198138	1.380311	4.777179
MGYG000001740__gradient_L2_fos_gapseq	1193	1217	271	bio1	0.198138	1.299908	4.748134
MGYG000001740__gradient_L3_gos_gapseq	1193	1217	271	bio1	0.198138	1.459184	4.813200
MGYG000001740__gradient_L4_xos_gapseq	1193	1217	271	bio1	0.198138	1.283275	5.058371
MGYG000001740__gradient_L5_pectin_gapseq	1193	1217	271	bio1	0.198138	1.263013	4.800143
MGYG000001740__gradient_L6_resistant_starch_gapseq	1193	1217	271	bio1	0.198138	1.388469	4.995259
MGYG000001740__gradient_L7_bglucan_gapseq	1193	1217	271	bio1	0.198138	1.310216	4.896675
MGYG000001740__gradient_L8_hmo_gapseq	1193	1217	271	bio1	0.198138	1.437303	4.805958
MGYG000001740__gradient_L9_mos_gapseq	1193	1217	271	bio1	0.198138	1.259499	4.925955
MGYG000001745__gradient_L0_base_gapseq	1428	1579	372	bio1	0.000000	1.771803	0.084946
MGYG000001745__gradient_L1_inulin_gapseq	1428	1579	372	bio1	0.000000	1.620125	0.085998
MGYG000001745__gradient_L2_fos_gapseq	1428	1579	372	bio1	0.000000	1.712961	0.090762
MGYG000001745__gradient_L3_gos_gapseq	1428	1579	372	bio1	0.661853	1.676291	7.894811
MGYG000001745__gradient_L4_xos_gapseq	1428	1579	372	bio1	0.661853	1.642300	7.629709
MGYG000001745__gradient_L5_pectin_gapseq	1428	1579	372	bio1	0.661853	1.806491	7.864815
MGYG000001745__gradient_L6_resistant_starch_gapseq	1428	1579	372	bio1	1.181894	1.818995	7.692907
MGYG000001745__gradient_L7_bglucan_gapseq	1428	1579	372	bio1	1.365293	1.767248	7.734512
MGYG000001745__gradient_L8_hmo_gapseq	1428	1579	372	bio1	1.365293	1.652591	8.081084
MGYG000001745__gradient_L9_mos_gapseq	1428	1579	372	bio1	1.455861	1.722091	7.637539
MGYG000001749__gradient_L0_base_gapseq	1408	1570	363	bio1	0.000000	1.890713	0.105681
MGYG000001749__gradient_L1_inulin_gapseq	1408	1570	363	bio1	0.000000	1.617932	0.096386
MGYG000001749__gradient_L2_fos_gapseq	1408	1570	363	bio1	0.000000	1.726183	0.101453
MGYG000001749__gradient_L3_gos_gapseq	1408	1570	363	bio1	0.000000	1.580474	0.106363
MGYG000001749__gradient_L4_xos_gapseq	1408	1570	363	bio1	1.042642	1.747081	7.752196
MGYG000001749__gradient_L5_pectin_gapseq	1408	1570	363	bio1	1.104828	1.836951	7.805324
MGYG000001749__gradient_L6_resistant_starch_gapseq	1408	1570	363	bio1	1.795092	1.587589	7.714038
MGYG000001749__gradient_L7_bglucan_gapseq	1408	1570	363	bio1	2.037618	1.601211	7.622951
MGYG000001749__gradient_L8_hmo_gapseq	1408	1570	363	bio1	2.037618	1.744319	7.885625
MGYG000001749__gradient_L9_mos_gapseq	1408	1570	363	bio1	2.170281	1.864188	7.849740
MGYG000001757__gradient_L0_base_gapseq	1155	1232	309	bio1	0.000000	1.544594	0.056114
MGYG000001757__gradient_L1_inulin_gapseq	1155	1232	309	bio1	0.000000	1.271008	0.068600
MGYG000001757__gradient_L2_fos_gapseq	1155	1232	309	bio1	0.000000	1.273863	0.061962
MGYG000001757__gradient_L3_gos_gapseq	1155	1232	309	bio1	0.000000	1.384530	0.069493
MGYG000001757__gradient_L4_xos_gapseq	1155	1232	309	bio1	0.346197	1.253080	5.020230
MGYG000001757__gradient_L5_pectin_gapseq	1155	1232	309	bio1	0.346197	1.246071	4.991429
MGYG000001757__gradient_L6_resistant_starch_gapseq	1155	1232	309	bio1	0.802142	1.291580	4.970294
MGYG000001757__gradient_L7_bglucan_gapseq	1155	1232	309	bio1	0.966195	1.275574	4.862510
MGYG000001757__gradient_L8_hmo_gapseq	1155	1232	309	bio1	0.966195	1.416835	4.768587
MGYG000001757__gradient_L9_mos_gapseq	1155	1232	309	bio1	1.037156	1.251386	5.005334
MGYG000001760__gradient_L0_base_gapseq	1281	1399	313	bio1	0.000000	1.589350	0.072112
MGYG000001760__gradient_L1_inulin_gapseq	1281	1399	313	bio1	0.000000	1.438750	0.073637
MGYG000001760__gradient_L2_fos_gapseq	1281	1399	313	bio1	0.000000	1.542260	0.078645
MGYG000001760__gradient_L3_gos_gapseq	1281	1399	313	bio1	0.533739	1.493010	6.176768
MGYG000001760__gradient_L4_xos_gapseq	1281	1399	313	bio1	0.612008	1.784726	6.127664
MGYG000001760__gradient_L5_pectin_gapseq	1281	1399	313	bio1	0.676658	1.576055	5.980760
MGYG000001760__gradient_L6_resistant_starch_gapseq	1281	1399	313	bio1	1.020846	1.420912	6.237085
MGYG000001760__gradient_L7_bglucan_gapseq	1281	1399	313	bio1	1.020846	1.407923	6.215541
MGYG000001760__gradient_L8_hmo_gapseq	1281	1399	313	bio1	1.020846	1.610468	6.176472
MGYG000001760__gradient_L9_mos_gapseq	1281	1399	313	bio1	1.020846	1.485272	6.289522
MGYG000001762__gradient_L0_base_gapseq	1369	1433	333	bio1	0.402894	1.842688	6.533667
MGYG000001762__gradient_L1_inulin_gapseq	1369	1433	333	bio1	0.586377	1.589331	6.585129
MGYG000001762__gradient_L2_fos_gapseq	1369	1433	333	bio1	0.586377	1.577270	6.428069
MGYG000001762__gradient_L3_gos_gapseq	1369	1433	333	bio1	0.586377	1.601927	6.459075
MGYG000001762__gradient_L4_xos_gapseq	1369	1433	333	bio1	0.586377	1.727444	6.707429
MGYG000001762__gradient_L5_pectin_gapseq	1369	1433	333	bio1	0.586377	1.487774	6.772171
MGYG000001762__gradient_L6_resistant_starch_gapseq	1369	1433	333	bio1	0.723902	1.517599	6.601030
MGYG000001762__gradient_L7_bglucan_gapseq	1369	1433	333	bio1	0.723902	1.673267	6.587704
MGYG000001762__gradient_L8_hmo_gapseq	1369	1433	333	bio1	0.723902	1.568949	6.729844
MGYG000001762__gradient_L9_mos_gapseq	1369	1433	333	bio1	0.723902	1.520691	6.428844
MGYG000001767__gradient_L0_base_gapseq	1045	1145	222	bio1	0.000000	1.109135	0.058139
MGYG000001767__gradient_L1_inulin_gapseq	1045	1145	222	bio1	0.000000	1.289193	0.063527
MGYG000001767__gradient_L2_fos_gapseq	1045	1145	222	bio1	0.000000	1.159019	0.063411
MGYG000001767__gradient_L3_gos_gapseq	1045	1145	222	bio1	0.523377	1.270341	4.049725
MGYG000001767__gradient_L4_xos_gapseq	1045	1145	222	bio1	0.523377	1.143963	3.996099
MGYG000001767__gradient_L5_pectin_gapseq	1045	1145	222	bio1	0.523377	1.332001	3.994531
MGYG000001767__gradient_L6_resistant_starch_gapseq	1045	1145	222	bio1	0.987949	1.103077	3.986227
MGYG000001767__gradient_L7_bglucan_gapseq	1045	1145	222	bio1	1.113165	1.287165	4.094733
MGYG000001767__gradient_L8_hmo_gapseq	1045	1145	222	bio1	1.113165	1.164495	4.022773
MGYG000001767__gradient_L9_mos_gapseq	1045	1145	222	bio1	1.184818	1.331530	4.126746
MGYG000001776__gradient_L0_base_gapseq	761	716	106	bio1	0.000000	0.712331	0.028981
MGYG000001776__gradient_L1_inulin_gapseq	761	716	106	bio1	0.198001	0.767661	1.752062
MGYG000001776__gradient_L2_fos_gapseq	761	716	106	bio1	0.198001	0.747659	1.783890
MGYG000001776__gradient_L3_gos_gapseq	761	716	106	bio1	0.198001	0.834628	1.790263
MGYG000001776__gradient_L4_xos_gapseq	761	716	106	bio1	0.198001	0.735360	1.751310
MGYG000001776__gradient_L5_pectin_gapseq	761	716	106	bio1	0.198001	0.775962	1.844846
MGYG000001776__gradient_L6_resistant_starch_gapseq	761	716	106	bio1	0.198001	0.883957	1.729215
MGYG000001776__gradient_L7_bglucan_gapseq	761	716	106	bio1	0.198001	0.728528	1.813916
MGYG000001776__gradient_L8_hmo_gapseq	761	716	106	bio1	0.198001	0.747343	1.740298
MGYG000001776__gradient_L9_mos_gapseq	761	716	106	bio1	0.198001	0.820416	1.838626
MGYG000001777__gradient_L0_base_gapseq	1461	1610	393	bio1	0.000000	1.729896	0.096704
MGYG000001777__gradient_L1_inulin_gapseq	1461	1610	393	bio1	0.000000	1.836622	0.102021
MGYG000001777__gradient_L2_fos_gapseq	1461	1610	393	bio1	0.000000	1.845063	0.120558
MGYG000001777__gradient_L3_gos_gapseq	1461	1610	393	bio1	0.672001	1.889369	8.075895
MGYG000001777__gradient_L4_xos_gapseq	1461	1610	393	bio1	0.672001	1.749739	8.320211
MGYG000001777__gradient_L5_pectin_gapseq	1461	1610	393	bio1	0.672001	1.678164	8.160363
MGYG000001777__gradient_L6_resistant_starch_gapseq	1461	1610	393	bio1	0.779643	1.694271	8.181402
MGYG000001777__gradient_L7_bglucan_gapseq	1461	1610	393	bio1	0.988198	1.805246	8.001631
MGYG000001777__gradient_L8_hmo_gapseq	1461	1610	393	bio1	0.988198	1.835889	8.100707
MGYG000001777__gradient_L9_mos_gapseq	1461	1610	393	bio1	1.091461	1.812267	7.975225
MGYG000001785__gradient_L0_base_gapseq	781	776	144	bio1	0.000000	0.971759	0.035784
MGYG000001785__gradient_L1_inulin_gapseq	781	776	144	bio1	0.000000	0.799347	0.023800
MGYG000001785__gradient_L2_fos_gapseq	781	776	144	bio1	0.000000	0.760563	0.040984
MGYG000001785__gradient_L3_gos_gapseq	781	776	144	bio1	0.000000	0.754392	0.033996
MGYG000001785__gradient_L4_xos_gapseq	781	776	144	bio1	0.000000	0.913404	0.028781
MGYG000001785__gradient_L5_pectin_gapseq	781	776	144	bio1	0.000000	0.760916	0.028888
MGYG000001785__gradient_L6_resistant_starch_gapseq	781	776	144	bio1	0.000000	0.743902	0.029074
MGYG000001785__gradient_L7_bglucan_gapseq	781	776	144	bio1	0.000000	0.770215	0.030712
MGYG000001785__gradient_L8_hmo_gapseq	781	776	144	bio1	0.000000	0.866285	0.030070
MGYG000001785__gradient_L9_mos_gapseq	781	776	144	bio1	0.000000	0.761378	0.035289
MGYG000001786__gradient_L0_base_gapseq	535	508	66	bio1	0.000000	0.489733	0.016472
MGYG000001786__gradient_L1_inulin_gapseq	535	508	66	bio1	0.000000	0.449056	0.021031
MGYG000001786__gradient_L2_fos_gapseq	535	508	66	bio1	0.000000	0.467929	0.022215
MGYG000001786__gradient_L3_gos_gapseq	535	508	66	bio1	0.000000	0.460363	0.023107
MGYG000001786__gradient_L4_xos_gapseq	535	508	66	bio1	0.000000	0.464072	0.020705
MGYG000001786__gradient_L5_pectin_gapseq	535	508	66	bio1	0.000000	0.485918	0.132955
MGYG000001786__gradient_L6_resistant_starch_gapseq	535	508	66	bio1	0.000000	0.473177	0.019203
MGYG000001786__gradient_L7_bglucan_gapseq	535	508	66	bio1	0.000000	0.465387	0.020550
MGYG000001786__gradient_L8_hmo_gapseq	535	508	66	bio1	0.000000	0.458324	0.020125
MGYG000001786__gradient_L9_mos_gapseq	535	508	66	bio1	0.000000	0.449058	0.020765
MGYG000001795__gradient_L0_base_gapseq	1223	1376	308	bio1	0.000000	1.435549	0.075676
MGYG000001795__gradient_L1_inulin_gapseq	1223	1376	308	bio1	0.442917	1.551602	5.945513
MGYG000001795__gradient_L2_fos_gapseq	1223	1376	308	bio1	0.442917	1.402065	6.157458
MGYG000001795__gradient_L3_gos_gapseq	1223	1376	308	bio1	0.442917	1.394469	6.037262
MGYG000001795__gradient_L4_xos_gapseq	1223	1376	308	bio1	0.442917	1.537880	6.007557
MGYG000001795__gradient_L5_pectin_gapseq	1223	1376	308	bio1	0.442917	1.412302	6.003719
MGYG000001795__gradient_L6_resistant_starch_gapseq	1223	1376	308	bio1	0.722295	1.403584	5.925267
MGYG000001795__gradient_L7_bglucan_gapseq	1223	1376	308	bio1	0.722295	1.511024	5.882074
MGYG000001795__gradient_L8_hmo_gapseq	1223	1376	308	bio1	0.722295	1.424500	6.070760
MGYG000001795__gradient_L9_mos_gapseq	1223	1376	308	bio1	0.831600	1.402238	5.934177
MGYG000001797__gradient_L0_base_gapseq	1415	1581	386	bio1	0.000000	1.606237	0.269068
MGYG000001797__gradient_L1_inulin_gapseq	1415	1581	386	bio1	0.000000	1.668772	0.088180
MGYG000001797__gradient_L2_fos_gapseq	1415	1581	386	bio1	0.000000	1.789901	0.097843
MGYG000001797__gradient_L3_gos_gapseq	1415	1581	386	bio1	0.840419	1.614964	7.653040
MGYG000001797__gradient_L4_xos_gapseq	1415	1581	386	bio1	0.840419	1.846112	7.684090
MGYG000001797__gradient_L5_pectin_gapseq	1415	1581	386	bio1	0.840419	1.827230	7.518736
MGYG000001797__gradient_L6_resistant_starch_gapseq	1415	1581	386	bio1	1.375345	1.641951	7.760439
MGYG000001797__gradient_L7_bglucan_gapseq	1415	1581	386	bio1	1.553306	1.721660	7.789625
MGYG000001797__gradient_L8_hmo_gapseq	1415	1581	386	bio1	1.553306	1.667010	7.602047
MGYG000001797__gradient_L9_mos_gapseq	1415	1581	386	bio1	1.676341	1.797294	7.704169
MGYG000001804__gradient_L0_base_gapseq	1231	1322	250	bio1	0.000000	1.351586	0.078409
MGYG000001804__gradient_L1_inulin_gapseq	1231	1322	250	bio1	0.000000	1.486340	0.065166
MGYG000001804__gradient_L2_fos_gapseq	1231	1322	250	bio1	0.000000	1.381742	0.070306
MGYG000001804__gradient_L3_gos_gapseq	1231	1322	250	bio1	0.000000	1.530621	0.072007
MGYG000001804__gradient_L4_xos_gapseq	1231	1322	250	bio1	0.000000	1.371935	0.080761
MGYG000001804__gradient_L5_pectin_gapseq	1231	1322	250	bio1	0.000000	1.498806	0.068446
MGYG000001804__gradient_L6_resistant_starch_gapseq	1231	1322	250	bio1	0.000000	1.386651	0.069257
MGYG000001804__gradient_L7_bglucan_gapseq	1231	1322	250	bio1	0.000000	1.355976	0.070770
MGYG000001804__gradient_L8_hmo_gapseq	1231	1322	250	bio1	0.000000	1.572032	0.068632
MGYG000001804__gradient_L9_mos_gapseq	1231	1322	250	bio1	0.000000	1.401015	0.070266
MGYG000001821__gradient_L0_base_gapseq	1101	1228	251	bio1	0.000000	1.221158	0.077931
MGYG000001821__gradient_L1_inulin_gapseq	1101	1228	251	bio1	1.056771	1.379608	4.718661
MGYG000001821__gradient_L2_fos_gapseq	1101	1228	251	bio1	1.056771	1.222755	4.742837
MGYG000001821__gradient_L3_gos_gapseq	1101	1228	251	bio1	1.320967	1.508629	4.756170
MGYG000001821__gradient_L4_xos_gapseq	1101	1228	251	bio1	1.408475	1.247538	4.923044
MGYG000001821__gradient_L5_pectin_gapseq	1101	1228	251	bio1	1.462302	1.203597	4.713019
MGYG000001821__gradient_L6_resistant_starch_gapseq	1101	1228	251	bio1	2.090283	1.237257	4.910261
MGYG000001821__gradient_L7_bglucan_gapseq	1101	1228	251	bio1	2.305593	1.224600	4.727528
MGYG000001821__gradient_L8_hmo_gapseq	1101	1228	251	bio1	2.305593	1.346540	4.779072
MGYG000001821__gradient_L9_mos_gapseq	1101	1228	251	bio1	2.413247	1.211831	4.874139
MGYG000001826__gradient_L0_base_gapseq	1089	1179	263	bio1	0.000000	1.233923	0.048508
MGYG000001826__gradient_L1_inulin_gapseq	1089	1179	263	bio1	0.000000	1.442168	0.060893
MGYG000001826__gradient_L2_fos_gapseq	1089	1179	263	bio1	0.000000	1.213745	0.050053
MGYG000001826__gradient_L3_gos_gapseq	1089	1179	263	bio1	0.000000	1.250168	0.052334
MGYG000001826__gradient_L4_xos_gapseq	1089	1179	263	bio1	0.000000	1.365059	0.059060
MGYG000001826__gradient_L5_pectin_gapseq	1089	1179	263	bio1	0.000000	1.217038	0.052492
MGYG000001826__gradient_L6_resistant_starch_gapseq	1089	1179	263	bio1	0.814279	1.253910	4.640724
MGYG000001826__gradient_L7_bglucan_gapseq	1089	1179	263	bio1	0.814279	1.261679	4.441769
MGYG000001826__gradient_L8_hmo_gapseq	1089	1179	263	bio1	0.814279	1.440670	4.360607
MGYG000001826__gradient_L9_mos_gapseq	1089	1179	263	bio1	0.892062	1.217033	4.369265
MGYG000001827__gradient_L0_base_gapseq	1052	1059	209	bio1	0.725579	1.069689	3.668210
MGYG000001827__gradient_L1_inulin_gapseq	1052	1059	209	bio1	1.086924	1.069701	3.729893
MGYG000001827__gradient_L2_fos_gapseq	1052	1059	209	bio1	1.086924	1.085275	3.624491
MGYG000001827__gradient_L3_gos_gapseq	1052	1059	209	bio1	1.186112	1.064441	3.742114
MGYG000001827__gradient_L4_xos_gapseq	1052	1059	209	bio1	1.264636	1.055545	3.611955
MGYG000001827__gradient_L5_pectin_gapseq	1052	1059	209	bio1	1.326628	1.051044	3.633350
MGYG000001827__gradient_L6_resistant_starch_gapseq	1052	1059	209	bio1	1.610403	1.035571	3.607333
MGYG000001827__gradient_L7_bglucan_gapseq	1052	1059	209	bio1	1.610403	1.060311	3.708310
MGYG000001827__gradient_L8_hmo_gapseq	1052	1059	209	bio1	1.610403	1.072970	3.527419
MGYG000001827__gradient_L9_mos_gapseq	1052	1059	209	bio1	1.610403	1.041760	3.482266
MGYG000001834__gradient_L0_base_gapseq	586	558	62	bio1	0.000000	0.519541	0.018052
MGYG000001834__gradient_L1_inulin_gapseq	586	558	62	bio1	0.000000	0.755901	0.016371
MGYG000001834__gradient_L2_fos_gapseq	586	558	62	bio1	0.000000	0.551043	0.021972
MGYG000001834__gradient_L3_gos_gapseq	586	558	62	bio1	0.000000	0.525844	0.026295
MGYG000001834__gradient_L4_xos_gapseq	586	558	62	bio1	0.000000	0.543408	0.021072
MGYG000001834__gradient_L5_pectin_gapseq	586	558	62	bio1	0.000000	0.519153	0.020995
MGYG000001834__gradient_L6_resistant_starch_gapseq	586	558	62	bio1	0.000000	0.530930	0.021447
MGYG000001834__gradient_L7_bglucan_gapseq	586	558	62	bio1	0.000000	0.721039	0.020733
MGYG000001834__gradient_L8_hmo_gapseq	586	558	62	bio1	0.000000	0.519624	0.020093
MGYG000001834__gradient_L9_mos_gapseq	586	558	62	bio1	0.000000	0.521053	0.014974
MGYG000001835__gradient_L0_base_gapseq	1380	1688	450	bio1	0.000000	1.718569	0.102649
MGYG000001835__gradient_L1_inulin_gapseq	1380	1688	450	bio1	0.000000	1.892908	0.115879
MGYG000001835__gradient_L2_fos_gapseq	1380	1688	450	bio1	0.000000	1.854955	0.105967
MGYG000001835__gradient_L3_gos_gapseq	1380	1688	450	bio1	0.853288	1.737942	8.658854
MGYG000001835__gradient_L4_xos_gapseq	1380	1688	450	bio1	0.935042	2.080653	8.781930
MGYG000001835__gradient_L5_pectin_gapseq	1380	1688	450	bio1	0.978545	1.851651	8.714083
MGYG000001835__gradient_L6_resistant_starch_gapseq	1380	1688	450	bio1	1.111152	1.915649	8.670283
MGYG000001835__gradient_L7_bglucan_gapseq	1380	1688	450	bio1	1.316814	2.040902	8.743456
MGYG000001835__gradient_L8_hmo_gapseq	1380	1688	450	bio1	1.316814	1.819663	8.977954
MGYG000001835__gradient_L9_mos_gapseq	1380	1688	450	bio1	1.449421	1.842078	8.995505
MGYG000001837__gradient_L0_base_gapseq	1121	1222	251	bio1	0.000000	1.357545	0.066155
MGYG000001837__gradient_L1_inulin_gapseq	1121	1222	251	bio1	0.000000	1.243874	0.078355
MGYG000001837__gradient_L2_fos_gapseq	1121	1222	251	bio1	0.000000	1.339522	0.063230
MGYG000001837__gradient_L3_gos_gapseq	1121	1222	251	bio1	1.556502	1.219875	4.737839
MGYG000001837__gradient_L4_xos_gapseq	1121	1222	251	bio1	1.556502	1.420829	4.659304
MGYG000001837__gradient_L5_pectin_gapseq	1121	1222	251	bio1	1.556502	1.232330	4.683890
MGYG000001837__gradient_L6_resistant_starch_gapseq	1121	1222	251	bio1	2.262658	1.335409	4.636253
MGYG000001837__gradient_L7_bglucan_gapseq	1121	1222	251	bio1	2.510767	1.230723	4.883433
MGYG000001837__gradient_L8_hmo_gapseq	1121	1222	251	bio1	2.510767	1.209044	4.912605
MGYG000001837__gradient_L9_mos_gapseq	1121	1222	251	bio1	2.646485	1.458179	4.645412
MGYG000001846__gradient_L0_base_gapseq	894	959	171	bio1	0.000000	1.145612	0.050503
MGYG000001846__gradient_L1_inulin_gapseq	894	959	171	bio1	0.000000	0.939369	0.042257
MGYG000001846__gradient_L2_fos_gapseq	894	959	171	bio1	0.000000	0.933272	0.042143
MGYG000001846__gradient_L3_gos_gapseq	894	959	171	bio1	0.000000	1.034316	0.044755
MGYG000001846__gradient_L4_xos_gapseq	894	959	171	bio1	0.000000	0.964277	0.043578
MGYG000001846__gradient_L5_pectin_gapseq	894	959	171	bio1	0.000000	0.929471	0.043487
MGYG000001846__gradient_L6_resistant_starch_gapseq	894	959	171	bio1	0.000000	1.063922	0.044516
MGYG000001846__gradient_L7_bglucan_gapseq	894	959	171	bio1	0.000000	0.950205	0.062237
MGYG000001846__gradient_L8_hmo_gapseq	894	959	171	bio1	0.000000	0.957567	0.046892
MGYG000001846__gradient_L9_mos_gapseq	894	959	171	bio1	0.000000	0.948919	0.042614
MGYG000001853__gradient_L0_base_gapseq	610	578	68	bio1	0.000000	0.679065	0.022343
MGYG000001853__gradient_L1_inulin_gapseq	610	578	68	bio1	0.000000	0.542586	0.021533
MGYG000001853__gradient_L2_fos_gapseq	610	578	68	bio1	0.000000	0.544604	0.024719
MGYG000001853__gradient_L3_gos_gapseq	610	578	68	bio1	0.000000	0.530841	0.023545
MGYG000001853__gradient_L4_xos_gapseq	610	578	68	bio1	0.000000	0.531575	0.021650
MGYG000001853__gradient_L5_pectin_gapseq	610	578	68	bio1	0.000000	0.539401	0.021119
MGYG000001853__gradient_L6_resistant_starch_gapseq	610	578	68	bio1	0.000000	0.673558	0.018701
MGYG000001853__gradient_L7_bglucan_gapseq	610	578	68	bio1	0.000000	0.553019	0.022921
MGYG000001853__gradient_L8_hmo_gapseq	610	578	68	bio1	0.000000	0.542308	0.022273
MGYG000001853__gradient_L9_mos_gapseq	610	578	68	bio1	0.000000	0.542532	0.023496
MGYG000001858__gradient_L0_base_gapseq	1157	1237	348	bio1	0.080003	1.393914	4.799371
MGYG000001858__gradient_L1_inulin_gapseq	1157	1237	348	bio1	0.179645	1.245455	5.028667
MGYG000001858__gradient_L2_fos_gapseq	1157	1237	348	bio1	0.179645	1.213472	4.838727
MGYG000001858__gradient_L3_gos_gapseq	1157	1237	348	bio1	0.179645	1.415692	5.073724
MGYG000001858__gradient_L4_xos_gapseq	1157	1237	348	bio1	0.179645	1.242394	5.063834
MGYG000001858__gradient_L5_pectin_gapseq	1157	1237	348	bio1	0.179645	1.329436	4.854513
MGYG000001858__gradient_L6_resistant_starch_gapseq	1157	1237	348	bio1	0.247622	1.383104	5.126026
MGYG000001858__gradient_L7_bglucan_gapseq	1157	1237	348	bio1	0.247622	1.289650	4.831867
MGYG000001858__gradient_L8_hmo_gapseq	1157	1237	348	bio1	0.247622	1.445559	5.066411
MGYG000001858__gradient_L9_mos_gapseq	1157	1237	348	bio1	0.247622	1.280132	4.997683
MGYG000001860__gradient_L0_base_gapseq	1153	1225	253	bio1	0.000000	1.264124	0.209582
MGYG000001860__gradient_L1_inulin_gapseq	1153	1225	253	bio1	0.000000	1.249998	0.053849
MGYG000001860__gradient_L2_fos_gapseq	1153	1225	253	bio1	0.000000	1.289650	0.062225
MGYG000001860__gradient_L3_gos_gapseq	1153	1225	253	bio1	0.568313	1.467341	4.734965
MGYG000001860__gradient_L4_xos_gapseq	1153	1225	253	bio1	0.568313	1.240020	4.988236
MGYG000001860__gradient_L5_pectin_gapseq	1153	1225	253	bio1	0.633888	1.268230	4.841785
MGYG000001860__gradient_L6_resistant_starch_gapseq	1153	1225	253	bio1	1.343367	1.312271	4.768648
MGYG000001860__gradient_L7_bglucan_gapseq	1153	1225	253	bio1	1.343367	1.280174	4.882806
MGYG000001860__gradient_L8_hmo_gapseq	1153	1225	253	bio1	1.343367	1.447940	4.748204
MGYG000001860__gradient_L9_mos_gapseq	1153	1225	253	bio1	1.343367	1.383725	4.810499
MGYG000001871__gradient_L0_base_gapseq	1325	1486	342	bio1	0.000000	1.516829	0.085137
MGYG000001871__gradient_L1_inulin_gapseq	1325	1486	342	bio1	0.000000	1.682143	0.089259
MGYG000001871__gradient_L2_fos_gapseq	1325	1486	342	bio1	0.000000	1.496861	0.083792
MGYG000001871__gradient_L3_gos_gapseq	1325	1486	342	bio1	0.000000	1.674987	0.084021
MGYG000001871__gradient_L4_xos_gapseq	1325	1486	342	bio1	0.000000	1.475300	0.086402
MGYG000001871__gradient_L5_pectin_gapseq	1325	1486	342	bio1	0.000000	1.671296	0.088102
MGYG000001871__gradient_L6_resistant_starch_gapseq	1325	1486	342	bio1	0.000000	1.472150	0.085697
MGYG000001871__gradient_L7_bglucan_gapseq	1325	1486	342	bio1	0.000000	1.701005	0.088161
MGYG000001871__gradient_L8_hmo_gapseq	1325	1486	342	bio1	0.000000	1.496693	0.084700
MGYG000001871__gradient_L9_mos_gapseq	1325	1486	342	bio1	0.000000	1.746836	0.102232
MGYG000001874__gradient_L0_base_gapseq	1198	1275	218	bio1	0.000000	1.466926	0.072591
MGYG000001874__gradient_L1_inulin_gapseq	1198	1275	218	bio1	0.289547	1.365267	5.081777
MGYG000001874__gradient_L2_fos_gapseq	1198	1275	218	bio1	0.289547	1.512836	5.265398
MGYG000001874__gradient_L3_gos_gapseq	1198	1275	218	bio1	0.289547	1.375838	5.238293
MGYG000001874__gradient_L4_xos_gapseq	1198	1275	218	bio1	0.304699	1.431445	5.113217
MGYG000001874__gradient_L5_pectin_gapseq	1198	1275	218	bio1	0.304699	1.488549	5.287511
MGYG000001874__gradient_L6_resistant_starch_gapseq	1198	1275	218	bio1	0.624559	1.418086	5.109350
MGYG000001874__gradient_L7_bglucan_gapseq	1198	1275	218	bio1	0.624559	1.543890	5.238726
MGYG000001874__gradient_L8_hmo_gapseq	1198	1275	218	bio1	0.624559	1.337264	5.246706
MGYG000001874__gradient_L9_mos_gapseq	1198	1275	218	bio1	0.691897	1.305655	5.151911
MGYG000001878__gradient_L0_base_gapseq	1507	1707	450	bio1	0.812026	1.763139	9.089433
MGYG000001878__gradient_L1_inulin_gapseq	1507	1707	450	bio1	1.018476	1.974013	9.142767
MGYG000001878__gradient_L2_fos_gapseq	1507	1707	450	bio1	1.018476	2.078562	9.216013
MGYG000001878__gradient_L3_gos_gapseq	1507	1707	450	bio1	1.094174	1.955054	9.202540
MGYG000001878__gradient_L4_xos_gapseq	1507	1707	450	bio1	1.218044	1.862876	9.579450
MGYG000001878__gradient_L5_pectin_gapseq	1507	1707	450	bio1	1.250159	1.796529	9.500705
MGYG000001878__gradient_L6_resistant_starch_gapseq	1507	1707	450	bio1	1.509368	1.794285	9.515761
MGYG000001878__gradient_L7_bglucan_gapseq	1507	1707	450	bio1	1.509368	1.742728	9.117779
MGYG000001878__gradient_L8_hmo_gapseq	1507	1707	450	bio1	1.509368	1.967750	9.037017
MGYG000001878__gradient_L9_mos_gapseq	1507	1707	450	bio1	1.610299	1.939656	9.095788
MGYG000001883__gradient_L0_base_gapseq	746	740	108	bio1	0.000000	0.714421	0.024054
MGYG000001883__gradient_L1_inulin_gapseq	746	740	108	bio1	0.000000	0.877175	0.031130
MGYG000001883__gradient_L2_fos_gapseq	746	740	108	bio1	0.000000	0.727358	0.032613
MGYG000001883__gradient_L3_gos_gapseq	746	740	108	bio1	0.000000	0.749965	0.030359
MGYG000001883__gradient_L4_xos_gapseq	746	740	108	bio1	0.000000	0.704384	0.026572
MGYG000001883__gradient_L5_pectin_gapseq	746	740	108	bio1	0.000000	0.839022	0.034231
MGYG000001883__gradient_L6_resistant_starch_gapseq	746	740	108	bio1	0.000000	0.718603	0.027159
MGYG000001883__gradient_L7_bglucan_gapseq	746	740	108	bio1	0.000000	0.748784	0.042239
MGYG000001883__gradient_L8_hmo_gapseq	746	740	108	bio1	0.000000	0.771321	0.030134
MGYG000001883__gradient_L9_mos_gapseq	746	740	108	bio1	0.000000	1.008105	0.027441
MGYG000001887__gradient_L0_base_gapseq	1220	1365	309	bio1	0.000000	1.672387	0.079567
MGYG000001887__gradient_L1_inulin_gapseq	1220	1365	309	bio1	0.596550	1.443369	5.708193
MGYG000001887__gradient_L2_fos_gapseq	1220	1365	309	bio1	0.596550	1.663750	5.860071
MGYG000001887__gradient_L3_gos_gapseq	1220	1365	309	bio1	0.979442	1.375303	6.096003
MGYG000001887__gradient_L4_xos_gapseq	1220	1365	309	bio1	0.979442	1.378988	5.801957
MGYG000001887__gradient_L5_pectin_gapseq	1220	1365	309	bio1	0.979442	1.741643	5.872371
MGYG000001887__gradient_L6_resistant_starch_gapseq	1220	1365	309	bio1	1.674679	1.402125	6.034497
MGYG000001887__gradient_L7_bglucan_gapseq	1220	1365	309	bio1	1.918687	1.510829	5.733050
MGYG000001887__gradient_L8_hmo_gapseq	1220	1365	309	bio1	1.918687	1.571567	5.832232
MGYG000001887__gradient_L9_mos_gapseq	1220	1365	309	bio1	2.052162	1.407001	6.011203
MGYG000001890__gradient_L0_base_gapseq	1434	1636	443	bio1	0.327550	1.862811	8.558169
MGYG000001890__gradient_L1_inulin_gapseq	1434	1636	443	bio1	0.441484	1.710133	8.399359
MGYG000001890__gradient_L2_fos_gapseq	1434	1636	443	bio1	0.441484	1.827486	8.089630
MGYG000001890__gradient_L3_gos_gapseq	1434	1636	443	bio1	0.519813	2.145637	8.215366
MGYG000001890__gradient_L4_xos_gapseq	1434	1636	443	bio1	0.583901	1.808444	8.387243
MGYG000001890__gradient_L5_pectin_gapseq	1434	1636	443	bio1	0.583901	1.867876	8.309042
MGYG000001890__gradient_L6_resistant_starch_gapseq	1434	1636	443	bio1	1.103724	1.764564	8.523022
MGYG000001890__gradient_L7_bglucan_gapseq	1434	1636	443	bio1	1.103724	1.722108	8.272173
MGYG000001890__gradient_L8_hmo_gapseq	1434	1636	443	bio1	1.103724	1.688967	8.086331
MGYG000001890__gradient_L9_mos_gapseq	1434	1636	443	bio1	1.103724	1.823021	8.161488
MGYG000001894__gradient_L0_base_gapseq	958	987	143	bio1	0.117578	0.993905	3.133518
MGYG000001894__gradient_L1_inulin_gapseq	958	987	143	bio1	0.230463	0.976590	3.181125
MGYG000001894__gradient_L2_fos_gapseq	958	987	143	bio1	0.230463	1.333846	3.221795
MGYG000001894__gradient_L3_gos_gapseq	958	987	143	bio1	0.230463	0.936265	3.165051
MGYG000001894__gradient_L4_xos_gapseq	958	987	143	bio1	0.244573	1.144402	3.264719
MGYG000001894__gradient_L5_pectin_gapseq	958	987	143	bio1	0.244573	1.010401	3.098612
MGYG000001894__gradient_L6_resistant_starch_gapseq	958	987	143	bio1	0.533840	1.126815	3.220428
MGYG000001894__gradient_L7_bglucan_gapseq	958	987	143	bio1	0.533840	1.168663	3.252791
MGYG000001894__gradient_L8_hmo_gapseq	958	987	143	bio1	0.533840	0.982571	3.286678
MGYG000001894__gradient_L9_mos_gapseq	958	987	143	bio1	0.533840	0.984289	3.144208
MGYG000001896__gradient_L0_base_gapseq	1019	1125	245	bio1	0.000000	1.102292	0.059176
MGYG000001896__gradient_L1_inulin_gapseq	1019	1125	245	bio1	0.000000	1.265169	0.049004
MGYG000001896__gradient_L2_fos_gapseq	1019	1125	245	bio1	0.000000	1.209298	0.047568
MGYG000001896__gradient_L3_gos_gapseq	1019	1125	245	bio1	0.000000	1.171493	0.054700
MGYG000001896__gradient_L4_xos_gapseq	1019	1125	245	bio1	0.000000	1.293841	0.053355
MGYG000001896__gradient_L5_pectin_gapseq	1019	1125	245	bio1	0.000000	1.115770	0.058923
MGYG000001896__gradient_L6_resistant_starch_gapseq	1019	1125	245	bio1	0.000000	1.138818	0.052214
MGYG000001896__gradient_L7_bglucan_gapseq	1019	1125	245	bio1	0.000000	1.259620	0.061903
MGYG000001896__gradient_L8_hmo_gapseq	1019	1125	245	bio1	0.000000	1.128028	0.060286
MGYG000001896__gradient_L9_mos_gapseq	1019	1125	245	bio1	0.000000	1.103074	0.062278
MGYG000001898__gradient_L0_base_gapseq	1366	1547	421	bio1	0.000000	1.535845	0.080730
MGYG000001898__gradient_L1_inulin_gapseq	1366	1547	421	bio1	0.000000	1.741413	0.088862
MGYG000001898__gradient_L2_fos_gapseq	1366	1547	421	bio1	0.000000	1.585775	0.094032
MGYG000001898__gradient_L3_gos_gapseq	1366	1547	421	bio1	0.000000	1.957216	0.090139
MGYG000001898__gradient_L4_xos_gapseq	1366	1547	421	bio1	0.000000	1.646196	0.106192
MGYG000001898__gradient_L5_pectin_gapseq	1366	1547	421	bio1	0.000000	1.704813	0.086152
MGYG000001898__gradient_L6_resistant_starch_gapseq	1366	1547	421	bio1	2.119138	1.594181	7.488523
MGYG000001898__gradient_L7_bglucan_gapseq	1366	1547	421	bio1	2.119138	1.932857	7.373866
MGYG000001898__gradient_L8_hmo_gapseq	1366	1547	421	bio1	2.119138	1.778329	7.510493
MGYG000001898__gradient_L9_mos_gapseq	1366	1547	421	bio1	2.280635	1.577282	7.614654
MGYG000001917__gradient_L0_base_gapseq	660	631	81	bio1	0.000000	0.800115	0.032102
MGYG000001917__gradient_L1_inulin_gapseq	660	631	81	bio1	0.000000	0.674609	0.029204
MGYG000001917__gradient_L2_fos_gapseq	660	631	81	bio1	0.000000	0.654629	0.024029
MGYG000001917__gradient_L3_gos_gapseq	660	631	81	bio1	0.000000	0.644181	0.025089
MGYG000001917__gradient_L4_xos_gapseq	660	631	81	bio1	0.000000	0.613993	0.031243
MGYG000001917__gradient_L5_pectin_gapseq	660	631	81	bio1	0.000000	0.802271	0.023387
MGYG000001917__gradient_L6_resistant_starch_gapseq	660	631	81	bio1	0.000000	0.621458	0.028774
MGYG000001917__gradient_L7_bglucan_gapseq	660	631	81	bio1	0.000000	0.624493	0.022425
MGYG000001917__gradient_L8_hmo_gapseq	660	631	81	bio1	0.000000	0.588685	0.028312
MGYG000001917__gradient_L9_mos_gapseq	660	631	81	bio1	0.000000	0.642727	0.026018
MGYG000001925__gradient_L0_base_gapseq	1377	1628	444	bio1	0.000000	1.876929	0.095163
MGYG000001925__gradient_L1_inulin_gapseq	1377	1628	444	bio1	0.000000	1.659389	0.093598
MGYG000001925__gradient_L2_fos_gapseq	1377	1628	444	bio1	0.000000	1.978113	0.112096
MGYG000001925__gradient_L3_gos_gapseq	1377	1628	444	bio1	0.685619	1.732314	8.176044
MGYG000001925__gradient_L4_xos_gapseq	1377	1628	444	bio1	0.750573	1.741237	8.427330
MGYG000001925__gradient_L5_pectin_gapseq	1377	1628	444	bio1	0.750573	1.694148	8.102771
MGYG000001925__gradient_L6_resistant_starch_gapseq	1377	1628	444	bio1	1.234122	1.985171	7.869955
MGYG000001925__gradient_L7_bglucan_gapseq	1377	1628	444	bio1	1.400116	1.812965	8.017131
MGYG000001925__gradient_L8_hmo_gapseq	1377	1628	444	bio1	1.400116	1.868101	7.832512
MGYG000001925__gradient_L9_mos_gapseq	1377	1628	444	bio1	1.505968	1.636142	8.095015
MGYG000001926__gradient_L0_base_gapseq	637	616	88	bio1	0.000000	0.607578	0.025104
MGYG000001926__gradient_L1_inulin_gapseq	637	616	88	bio1	0.000000	0.567625	0.032677
MGYG000001926__gradient_L2_fos_gapseq	637	616	88	bio1	0.000000	0.573769	0.023996
MGYG000001926__gradient_L3_gos_gapseq	637	616	88	bio1	0.000000	0.591399	0.024559
MGYG000001926__gradient_L4_xos_gapseq	637	616	88	bio1	0.000000	0.588870	0.025295
MGYG000001926__gradient_L5_pectin_gapseq	637	616	88	bio1	0.000000	0.722403	0.017395
MGYG000001926__gradient_L6_resistant_starch_gapseq	637	616	88	bio1	0.000000	0.598629	0.033479
MGYG000001926__gradient_L7_bglucan_gapseq	637	616	88	bio1	0.000000	0.636585	0.023838
MGYG000001926__gradient_L8_hmo_gapseq	637	616	88	bio1	0.000000	0.681374	0.026676
MGYG000001926__gradient_L9_mos_gapseq	637	616	88	bio1	0.000000	0.609106	0.022427
MGYG000001929__gradient_L0_base_gapseq	1265	1407	317	bio1	0.140354	1.637316	6.262838
MGYG000001929__gradient_L1_inulin_gapseq	1265	1407	317	bio1	0.140354	1.648894	6.339187
MGYG000001929__gradient_L2_fos_gapseq	1265	1407	317	bio1	0.140354	1.583635	6.484410
MGYG000001929__gradient_L3_gos_gapseq	1265	1407	317	bio1	0.200033	1.458135	6.308463
MGYG000001929__gradient_L4_xos_gapseq	1265	1407	317	bio1	0.200033	1.657983	6.211755
MGYG000001929__gradient_L5_pectin_gapseq	1265	1407	317	bio1	0.200033	1.474289	6.430948
MGYG000001929__gradient_L6_resistant_starch_gapseq	1265	1407	317	bio1	0.267517	1.425150	6.281324
MGYG000001929__gradient_L7_bglucan_gapseq	1265	1407	317	bio1	0.375975	1.580239	6.269066
MGYG000001929__gradient_L8_hmo_gapseq	1265	1407	317	bio1	0.375975	1.616793	6.230597
MGYG000001929__gradient_L9_mos_gapseq	1265	1407	317	bio1	0.443459	1.501622	6.522508
MGYG000001930__gradient_L0_base_gapseq	889	995	172	bio1	0.000000	1.132064	0.045404
MGYG000001930__gradient_L1_inulin_gapseq	889	995	172	bio1	0.291068	0.972366	3.205613
MGYG000001930__gradient_L2_fos_gapseq	889	995	172	bio1	0.291068	1.125067	3.172490
MGYG000001930__gradient_L3_gos_gapseq	889	995	172	bio1	0.591242	0.959945	3.153816
MGYG000001930__gradient_L4_xos_gapseq	889	995	172	bio1	0.591242	0.923680	3.444967
MGYG000001930__gradient_L5_pectin_gapseq	889	995	172	bio1	0.591242	0.948534	3.286657
MGYG000001930__gradient_L6_resistant_starch_gapseq	889	995	172	bio1	0.994383	0.971736	3.159936
MGYG000001930__gradient_L7_bglucan_gapseq	889	995	172	bio1	0.994383	1.180821	3.309951
MGYG000001930__gradient_L8_hmo_gapseq	889	995	172	bio1	0.994383	1.009589	3.212300
MGYG000001930__gradient_L9_mos_gapseq	889	995	172	bio1	0.994383	1.097416	3.282035
MGYG000001934__gradient_L0_base_gapseq	980	1064	243	bio1	0.000000	1.268906	0.049695
MGYG000001934__gradient_L1_inulin_gapseq	980	1064	243	bio1	0.000000	1.056312	0.045662
MGYG000001934__gradient_L2_fos_gapseq	980	1064	243	bio1	0.000000	1.035644	0.051649
MGYG000001934__gradient_L3_gos_gapseq	980	1064	243	bio1	1.068353	1.199882	3.472200
MGYG000001934__gradient_L4_xos_gapseq	980	1064	243	bio1	1.214317	1.120752	3.587672
MGYG000001934__gradient_L5_pectin_gapseq	980	1064	243	bio1	1.214317	1.389729	3.475362
MGYG000001934__gradient_L6_resistant_starch_gapseq	980	1064	243	bio1	1.843968	1.077287	3.554713
MGYG000001934__gradient_L7_bglucan_gapseq	980	1064	243	bio1	1.843968	1.188971	3.609588
MGYG000001934__gradient_L8_hmo_gapseq	980	1064	243	bio1	1.843968	1.084627	3.643660
MGYG000001934__gradient_L9_mos_gapseq	980	1064	243	bio1	1.951909	1.206246	3.545060
MGYG000001936__gradient_L0_base_gapseq	961	1064	235	bio1	0.000000	1.057381	0.055451
MGYG000001936__gradient_L1_inulin_gapseq	961	1064	235	bio1	0.000000	1.087832	0.040347
MGYG000001936__gradient_L2_fos_gapseq	961	1064	235	bio1	0.000000	1.169350	0.063816
MGYG000001936__gradient_L3_gos_gapseq	961	1064	235	bio1	0.000000	1.101418	0.057722
MGYG000001936__gradient_L4_xos_gapseq	961	1064	235	bio1	0.000000	1.094307	0.050898
MGYG000001936__gradient_L5_pectin_gapseq	961	1064	235	bio1	0.000000	1.214837	0.052889
MGYG000001936__gradient_L6_resistant_starch_gapseq	961	1064	235	bio1	0.000000	1.034521	0.047644
MGYG000001936__gradient_L7_bglucan_gapseq	961	1064	235	bio1	0.000000	1.040328	0.042177
MGYG000001936__gradient_L8_hmo_gapseq	961	1064	235	bio1	0.000000	1.153807	0.052480
MGYG000001936__gradient_L9_mos_gapseq	961	1064	235	bio1	0.000000	1.041310	0.051588
MGYG000001937__gradient_L0_base_gapseq	1322	1477	309	bio1	0.066420	1.490889	7.171821
MGYG000001937__gradient_L1_inulin_gapseq	1322	1477	309	bio1	0.167825	1.491760	7.065239
MGYG000001937__gradient_L2_fos_gapseq	1322	1477	309	bio1	0.167825	1.554459	6.805514
MGYG000001937__gradient_L3_gos_gapseq	1322	1477	309	bio1	0.240701	1.604368	6.869228
MGYG000001937__gradient_L4_xos_gapseq	1322	1477	309	bio1	0.240701	1.518997	6.977552
MGYG000001937__gradient_L5_pectin_gapseq	1322	1477	309	bio1	0.268677	1.488686	6.864750
MGYG000001937__gradient_L6_resistant_starch_gapseq	1322	1477	309	bio1	0.486218	1.650098	6.834648
MGYG000001937__gradient_L7_bglucan_gapseq	1322	1477	309	bio1	0.486218	1.712302	6.780224
MGYG000001937__gradient_L8_hmo_gapseq	1322	1477	309	bio1	0.486218	1.507677	6.979370
MGYG000001937__gradient_L9_mos_gapseq	1322	1477	309	bio1	0.568233	1.754905	6.867342
MGYG000001941__gradient_L0_base_gapseq	551	519	66	bio1	0.000000	0.458612	0.013480
MGYG000001941__gradient_L1_inulin_gapseq	551	519	66	bio1	0.000000	0.612218	0.019518
MGYG000001941__gradient_L2_fos_gapseq	551	519	66	bio1	0.000000	0.471474	0.017344
MGYG000001941__gradient_L3_gos_gapseq	551	519	66	bio1	0.000000	0.499663	0.019647
MGYG000001941__gradient_L4_xos_gapseq	551	519	66	bio1	0.000000	0.488402	0.018614
MGYG000001941__gradient_L5_pectin_gapseq	551	519	66	bio1	0.000000	0.511319	0.018959
MGYG000001941__gradient_L6_resistant_starch_gapseq	551	519	66	bio1	0.000000	0.480778	0.021604
MGYG000001941__gradient_L7_bglucan_gapseq	551	519	66	bio1	0.000000	0.480146	0.016905
MGYG000001941__gradient_L8_hmo_gapseq	551	519	66	bio1	0.000000	0.610176	0.020019
MGYG000001941__gradient_L9_mos_gapseq	551	519	66	bio1	0.000000	0.515581	0.024934
MGYG000001947__gradient_L0_base_gapseq	959	1026	245	bio1	0.000000	1.032245	0.045131
MGYG000001947__gradient_L1_inulin_gapseq	959	1026	245	bio1	0.118899	1.176922	3.281053
MGYG000001947__gradient_L2_fos_gapseq	959	1026	245	bio1	0.118899	0.987521	3.465289
MGYG000001947__gradient_L3_gos_gapseq	959	1026	245	bio1	0.118899	1.286098	3.275545
MGYG000001947__gradient_L4_xos_gapseq	959	1026	245	bio1	0.118899	1.027427	3.417839
MGYG000001947__gradient_L5_pectin_gapseq	959	1026	245	bio1	0.129019	1.137250	3.218230
MGYG000001947__gradient_L6_resistant_starch_gapseq	959	1026	245	bio1	0.136609	0.962167	3.339301
MGYG000001947__gradient_L7_bglucan_gapseq	959	1026	245	bio1	0.144199	1.110767	3.190765
MGYG000001947__gradient_L8_hmo_gapseq	959	1026	245	bio1	0.144199	1.019411	3.282046
MGYG000001947__gradient_L9_mos_gapseq	959	1026	245	bio1	0.144199	1.132942	3.301483
MGYG000001956__gradient_L0_base_gapseq	1268	1384	290	bio1	0.367271	1.523687	6.092139
MGYG000001956__gradient_L1_inulin_gapseq	1268	1384	290	bio1	0.556560	1.654603	6.076875
MGYG000001956__gradient_L2_fos_gapseq	1268	1384	290	bio1	0.556560	1.643805	6.045005
MGYG000001956__gradient_L3_gos_gapseq	1268	1384	290	bio1	0.556560	1.524852	6.029432
MGYG000001956__gradient_L4_xos_gapseq	1268	1384	290	bio1	0.556560	1.641630	6.108254
MGYG000001956__gradient_L5_pectin_gapseq	1268	1384	290	bio1	0.556560	1.592139	6.087006
MGYG000001956__gradient_L6_resistant_starch_gapseq	1268	1384	290	bio1	1.240871	1.461162	6.058946
MGYG000001956__gradient_L7_bglucan_gapseq	1268	1384	290	bio1	1.473910	1.690143	6.041987
MGYG000001956__gradient_L8_hmo_gapseq	1268	1384	290	bio1	1.473910	1.632171	6.251674
MGYG000001956__gradient_L9_mos_gapseq	1268	1384	290	bio1	1.601384	1.464680	5.969042
MGYG000001959__gradient_L0_base_gapseq	656	621	87	bio1	0.000000	0.627476	0.021752
MGYG000001959__gradient_L1_inulin_gapseq	656	621	87	bio1	0.000000	0.645654	0.026933
MGYG000001959__gradient_L2_fos_gapseq	656	621	87	bio1	0.000000	0.652585	0.024394
MGYG000001959__gradient_L3_gos_gapseq	656	621	87	bio1	0.000000	0.787880	0.025088
MGYG000001959__gradient_L4_xos_gapseq	656	621	87	bio1	0.000000	0.603661	0.024125
MGYG000001959__gradient_L5_pectin_gapseq	656	621	87	bio1	0.000000	0.613582	0.026582
MGYG000001959__gradient_L6_resistant_starch_gapseq	656	621	87	bio1	0.000000	0.588137	0.024293
MGYG000001959__gradient_L7_bglucan_gapseq	656	621	87	bio1	0.000000	0.617736	0.027971
MGYG000001959__gradient_L8_hmo_gapseq	656	621	87	bio1	0.000000	0.620452	0.030603
MGYG000001959__gradient_L9_mos_gapseq	656	621	87	bio1	0.000000	0.722339	0.022974
MGYG000001966__gradient_L0_base_gapseq	640	596	63	bio1	0.000000	0.552737	0.023056
MGYG000001966__gradient_L1_inulin_gapseq	640	596	63	bio1	0.000000	0.551424	0.022317
MGYG000001966__gradient_L2_fos_gapseq	640	596	63	bio1	0.000000	0.556014	0.021914
MGYG000001966__gradient_L3_gos_gapseq	640	596	63	bio1	0.000000	0.574708	0.022109
MGYG000001966__gradient_L4_xos_gapseq	640	596	63	bio1	0.000000	0.592283	0.022416
MGYG000001966__gradient_L5_pectin_gapseq	640	596	63	bio1	0.000000	0.720342	0.024124
MGYG000001966__gradient_L6_resistant_starch_gapseq	640	596	63	bio1	0.000000	0.573608	0.023188
MGYG000001966__gradient_L7_bglucan_gapseq	640	596	63	bio1	0.000000	0.572510	0.021493
MGYG000001966__gradient_L8_hmo_gapseq	640	596	63	bio1	0.000000	0.574850	0.022074
MGYG000001966__gradient_L9_mos_gapseq	640	596	63	bio1	0.000000	0.566712	0.023353
MGYG000001971__gradient_L0_base_gapseq	1520	1753	511	bio1	0.779134	1.922731	9.287023
MGYG000001971__gradient_L1_inulin_gapseq	1520	1753	511	bio1	1.005581	1.889708	9.020753
MGYG000001971__gradient_L2_fos_gapseq	1520	1753	511	bio1	1.005581	1.994752	9.172530
MGYG000001971__gradient_L3_gos_gapseq	1520	1753	511	bio1	1.221065	2.040871	9.100575
MGYG000001971__gradient_L4_xos_gapseq	1520	1753	511	bio1	1.234967	2.010695	9.481492
MGYG000001971__gradient_L5_pectin_gapseq	1520	1753	511	bio1	1.234967	2.020517	9.121749
MGYG000001971__gradient_L6_resistant_starch_gapseq	1520	1753	511	bio1	1.737762	2.021233	9.073298
MGYG000001971__gradient_L7_bglucan_gapseq	1520	1753	511	bio1	1.737762	2.123222	9.122779
MGYG000001971__gradient_L8_hmo_gapseq	1520	1753	511	bio1	1.737762	1.834624	9.219841
MGYG000001971__gradient_L9_mos_gapseq	1520	1753	511	bio1	1.848980	2.088503	9.323005
MGYG000001972__gradient_L0_base_gapseq	1288	1540	391	bio1	0.443771	1.589893	7.433884
MGYG000001972__gradient_L1_inulin_gapseq	1288	1540	391	bio1	0.566589	1.566268	7.234419
MGYG000001972__gradient_L2_fos_gapseq	1288	1540	391	bio1	0.566589	1.732452	7.231962
MGYG000001972__gradient_L3_gos_gapseq	1288	1540	391	bio1	0.566589	1.793126	7.375186
MGYG000001972__gradient_L4_xos_gapseq	1288	1540	391	bio1	0.669685	1.580668	7.422081
MGYG000001972__gradient_L5_pectin_gapseq	1288	1540	391	bio1	0.669685	1.580066	7.583516
MGYG000001972__gradient_L6_resistant_starch_gapseq	1288	1540	391	bio1	0.971739	1.744625	7.182020
MGYG000001972__gradient_L7_bglucan_gapseq	1288	1540	391	bio1	1.115860	1.718177	7.219881
MGYG000001972__gradient_L8_hmo_gapseq	1288	1540	391	bio1	1.115860	1.540906	7.495604
MGYG000001972__gradient_L9_mos_gapseq	1288	1540	391	bio1	1.207218	1.555584	7.433674
MGYG000001973__gradient_L0_base_gapseq	1038	1108	192	bio1	0.418632	1.101627	3.806349
MGYG000001973__gradient_L1_inulin_gapseq	1038	1108	192	bio1	0.703666	1.258843	3.937639
MGYG000001973__gradient_L2_fos_gapseq	1038	1108	192	bio1	0.703666	1.113691	3.797923
MGYG000001973__gradient_L3_gos_gapseq	1038	1108	192	bio1	0.990926	1.242405	3.905081
MGYG000001973__gradient_L4_xos_gapseq	1038	1108	192	bio1	0.990926	1.074363	3.859579
MGYG000001973__gradient_L5_pectin_gapseq	1038	1108	192	bio1	0.990926	1.242435	3.810441
MGYG000001973__gradient_L6_resistant_starch_gapseq	1038	1108	192	bio1	1.547360	1.123952	3.905993
MGYG000001973__gradient_L7_bglucan_gapseq	1038	1108	192	bio1	1.745576	1.227180	3.862245
MGYG000001973__gradient_L8_hmo_gapseq	1038	1108	192	bio1	1.745576	1.088666	4.006991
MGYG000001973__gradient_L9_mos_gapseq	1038	1108	192	bio1	1.847882	1.077480	3.967031
MGYG000001985__gradient_L0_base_gapseq	1020	1038	163	bio1	0.375847	1.054410	3.398246
MGYG000001985__gradient_L1_inulin_gapseq	1020	1038	163	bio1	0.491496	1.135963	3.583851
MGYG000001985__gradient_L2_fos_gapseq	1020	1038	163	bio1	0.491496	1.059311	3.456642
MGYG000001985__gradient_L3_gos_gapseq	1020	1038	163	bio1	0.491496	1.150927	3.524595
MGYG000001985__gradient_L4_xos_gapseq	1020	1038	163	bio1	0.505952	1.020270	3.566778
MGYG000001985__gradient_L5_pectin_gapseq	1020	1038	163	bio1	0.505952	1.046878	3.675510
MGYG000001985__gradient_L6_resistant_starch_gapseq	1020	1038	163	bio1	0.802301	1.062706	3.500021
MGYG000001985__gradient_L7_bglucan_gapseq	1020	1038	163	bio1	0.802301	1.060020	3.706400
MGYG000001985__gradient_L8_hmo_gapseq	1020	1038	163	bio1	0.802301	1.039883	3.479659
MGYG000001985__gradient_L9_mos_gapseq	1020	1038	163	bio1	0.802301	1.038407	3.634212
MGYG000001987__gradient_L0_base_gapseq	1249	1369	318	bio1	0.000000	1.490069	0.086526
MGYG000001987__gradient_L1_inulin_gapseq	1249	1369	318	bio1	0.000000	1.367233	0.076458
MGYG000001987__gradient_L2_fos_gapseq	1249	1369	318	bio1	0.000000	1.500055	0.075422
MGYG000001987__gradient_L3_gos_gapseq	1249	1369	318	bio1	0.000000	1.402598	0.082142
MGYG000001987__gradient_L4_xos_gapseq	1249	1369	318	bio1	0.586418	1.544346	5.763324
MGYG000001987__gradient_L5_pectin_gapseq	1249	1369	318	bio1	0.586418	1.456060	5.990116
MGYG000001987__gradient_L6_resistant_starch_gapseq	1249	1369	318	bio1	1.062800	1.421780	5.771842
MGYG000001987__gradient_L7_bglucan_gapseq	1249	1369	318	bio1	1.218169	1.570545	5.761597
MGYG000001987__gradient_L8_hmo_gapseq	1249	1369	318	bio1	1.218169	1.395136	5.920248
MGYG000001987__gradient_L9_mos_gapseq	1249	1369	318	bio1	1.290224	1.378924	6.092383
MGYG000001988__gradient_L0_base_gapseq	1281	1561	529	bio1	0.000000	1.582404	0.112902
MGYG000001988__gradient_L1_inulin_gapseq	1281	1561	529	bio1	0.000000	1.778599	0.089874
MGYG000001988__gradient_L2_fos_gapseq	1281	1561	529	bio1	0.000000	1.593008	0.089918
MGYG000001988__gradient_L3_gos_gapseq	1281	1561	529	bio1	0.000000	1.730509	0.091013
MGYG000001988__gradient_L4_xos_gapseq	1281	1561	529	bio1	1.361109	1.627466	7.587993
MGYG000001988__gradient_L5_pectin_gapseq	1281	1561	529	bio1	1.361109	1.642737	7.598224
MGYG000001988__gradient_L6_resistant_starch_gapseq	1281	1561	529	bio1	2.002810	1.891894	7.455296
MGYG000001988__gradient_L7_bglucan_gapseq	1281	1561	529	bio1	2.209310	1.845963	7.383886
MGYG000001988__gradient_L8_hmo_gapseq	1281	1561	529	bio1	2.209310	1.738980	7.396441
MGYG000001988__gradient_L9_mos_gapseq	1281	1561	529	bio1	2.209310	1.812351	7.405023
MGYG000001993__gradient_L0_base_gapseq	1168	1313	313	bio1	0.756275	1.501809	5.556998
MGYG000001993__gradient_L1_inulin_gapseq	1168	1313	313	bio1	1.048512	1.317336	5.440507
MGYG000001993__gradient_L2_fos_gapseq	1168	1313	313	bio1	1.048512	1.499821	5.438905
MGYG000001993__gradient_L3_gos_gapseq	1168	1313	313	bio1	1.341123	1.504189	5.687948
MGYG000001993__gradient_L4_xos_gapseq	1168	1313	313	bio1	1.341123	1.328777	5.484549
MGYG000001993__gradient_L5_pectin_gapseq	1168	1313	313	bio1	1.341123	1.559997	5.388503
MGYG000001993__gradient_L6_resistant_starch_gapseq	1168	1313	313	bio1	1.955162	1.301194	5.593944
MGYG000001993__gradient_L7_bglucan_gapseq	1168	1313	313	bio1	1.955162	1.408100	5.404183
MGYG000001993__gradient_L8_hmo_gapseq	1168	1313	313	bio1	1.955162	1.513837	5.467224
MGYG000001993__gradient_L9_mos_gapseq	1168	1313	313	bio1	2.097034	1.308573	5.578513
MGYG000001995__gradient_L0_base_gapseq	1531	1808	523	bio1	0.000000	2.030086	0.143488
MGYG000001995__gradient_L1_inulin_gapseq	1531	1808	523	bio1	0.000000	1.863865	0.122181
MGYG000001995__gradient_L2_fos_gapseq	1531	1808	523	bio1	0.000000	1.959089	0.118061
MGYG000001995__gradient_L3_gos_gapseq	1531	1808	523	bio1	1.974386	1.995710	9.940129
MGYG000001995__gradient_L4_xos_gapseq	1531	1808	523	bio1	2.072800	2.114230	10.350308
MGYG000001995__gradient_L5_pectin_gapseq	1531	1808	523	bio1	2.126253	1.902329	10.101086
MGYG000001995__gradient_L6_resistant_starch_gapseq	1531	1808	523	bio1	2.276100	1.763193	10.066746
MGYG000001995__gradient_L7_bglucan_gapseq	1531	1808	523	bio1	2.276100	1.815636	10.058253
MGYG000001995__gradient_L8_hmo_gapseq	1531	1808	523	bio1	2.276100	1.865813	10.117763
MGYG000001995__gradient_L9_mos_gapseq	1531	1808	523	bio1	2.276100	2.040927	9.922087
MGYG000001998__gradient_L0_base_gapseq	1209	1335	317	bio1	0.000000	1.367236	0.067284
MGYG000001998__gradient_L1_inulin_gapseq	1209	1335	317	bio1	0.000000	1.533702	0.071540
MGYG000001998__gradient_L2_fos_gapseq	1209	1335	317	bio1	0.000000	1.359078	0.071559
MGYG000001998__gradient_L3_gos_gapseq	1209	1335	317	bio1	0.468971	1.331358	5.711109
MGYG000001998__gradient_L4_xos_gapseq	1209	1335	317	bio1	0.468971	1.365376	5.692576
MGYG000001998__gradient_L5_pectin_gapseq	1209	1335	317	bio1	0.468971	1.853467	5.672303
MGYG000001998__gradient_L6_resistant_starch_gapseq	1209	1335	317	bio1	0.870627	1.351739	5.793601
MGYG000001998__gradient_L7_bglucan_gapseq	1209	1335	317	bio1	0.870627	1.375505	5.525738
MGYG000001998__gradient_L8_hmo_gapseq	1209	1335	317	bio1	0.870627	1.485810	5.495210
MGYG000001998__gradient_L9_mos_gapseq	1209	1335	317	bio1	0.936879	1.399776	5.662616
MGYG000002009__gradient_L0_base_gapseq	1036	1157	206	bio1	0.000000	1.123456	0.048187
MGYG000002009__gradient_L1_inulin_gapseq	1036	1157	206	bio1	0.000000	1.174103	0.053159
MGYG000002009__gradient_L2_fos_gapseq	1036	1157	206	bio1	0.000000	1.298018	0.056216
MGYG000002009__gradient_L3_gos_gapseq	1036	1157	206	bio1	0.000000	1.151770	0.050839
MGYG000002009__gradient_L4_xos_gapseq	1036	1157	206	bio1	0.718737	1.139634	4.496390
MGYG000002009__gradient_L5_pectin_gapseq	1036	1157	206	bio1	0.718737	1.433350	4.332287
MGYG000002009__gradient_L6_resistant_starch_gapseq	1036	1157	206	bio1	0.994383	1.339086	4.311489
MGYG000002009__gradient_L7_bglucan_gapseq	1036	1157	206	bio1	0.994383	1.170266	4.233761
MGYG000002009__gradient_L8_hmo_gapseq	1036	1157	206	bio1	0.994383	1.286248	4.267764
MGYG000002009__gradient_L9_mos_gapseq	1036	1157	206	bio1	0.994383	1.169353	4.254396
MGYG000002025__gradient_L0_base_gapseq	1265	1472	403	bio1	0.000000	1.494928	0.076074
MGYG000002025__gradient_L1_inulin_gapseq	1265	1472	403	bio1	0.000000	1.702045	0.214276
MGYG000002025__gradient_L2_fos_gapseq	1265	1472	403	bio1	0.000000	1.578302	0.091771
MGYG000002025__gradient_L3_gos_gapseq	1265	1472	403	bio1	0.757198	1.438314	6.965740
MGYG000002025__gradient_L4_xos_gapseq	1265	1472	403	bio1	0.757198	1.520994	6.657460
MGYG000002025__gradient_L5_pectin_gapseq	1265	1472	403	bio1	0.757198	1.737486	6.632813
MGYG000002025__gradient_L6_resistant_starch_gapseq	1265	1472	403	bio1	1.083570	1.669510	6.603561
MGYG000002025__gradient_L7_bglucan_gapseq	1265	1472	403	bio1	1.083570	1.540199	6.864372
MGYG000002025__gradient_L8_hmo_gapseq	1265	1472	403	bio1	1.166361	1.506660	6.964463
MGYG000002025__gradient_L9_mos_gapseq	1265	1472	403	bio1	1.166361	1.667779	6.635956
MGYG000002027__gradient_L0_base_gapseq	990	1074	219	bio1	0.000000	1.127702	0.067308
MGYG000002027__gradient_L1_inulin_gapseq	990	1074	219	bio1	0.566738	1.227490	3.767916
MGYG000002027__gradient_L2_fos_gapseq	990	1074	219	bio1	0.566738	1.138103	3.806752
MGYG000002027__gradient_L3_gos_gapseq	990	1074	219	bio1	0.929193	1.196789	3.736578
MGYG000002027__gradient_L4_xos_gapseq	990	1074	219	bio1	0.929193	1.060685	3.715236
MGYG000002027__gradient_L5_pectin_gapseq	990	1074	219	bio1	0.929193	1.173392	3.753482
MGYG000002027__gradient_L6_resistant_starch_gapseq	990	1074	219	bio1	1.619126	1.079736	3.848413
MGYG000002027__gradient_L7_bglucan_gapseq	990	1074	219	bio1	1.859531	1.164962	3.825490
MGYG000002027__gradient_L8_hmo_gapseq	990	1074	219	bio1	1.859531	1.071426	3.793094
MGYG000002027__gradient_L9_mos_gapseq	990	1074	219	bio1	1.991035	1.163597	3.755226
MGYG000002031__gradient_L0_base_gapseq	990	1107	251	bio1	0.000000	1.266199	0.051158
MGYG000002031__gradient_L1_inulin_gapseq	990	1107	251	bio1	0.000000	1.067009	0.055806
MGYG000002031__gradient_L2_fos_gapseq	990	1107	251	bio1	0.000000	1.131323	0.066927
MGYG000002031__gradient_L3_gos_gapseq	990	1107	251	bio1	0.476490	1.222814	3.926617
MGYG000002031__gradient_L4_xos_gapseq	990	1107	251	bio1	0.556466	1.063913	3.838439
MGYG000002031__gradient_L5_pectin_gapseq	990	1107	251	bio1	0.623781	1.245399	3.769368
MGYG000002031__gradient_L6_resistant_starch_gapseq	990	1107	251	bio1	0.994383	1.154243	3.780139
MGYG000002031__gradient_L7_bglucan_gapseq	990	1107	251	bio1	0.994383	1.283331	3.779210
MGYG000002031__gradient_L8_hmo_gapseq	990	1107	251	bio1	0.994383	1.073148	3.934196
MGYG000002031__gradient_L9_mos_gapseq	990	1107	251	bio1	0.994383	1.307467	3.801877
MGYG000002032__gradient_L0_base_gapseq	1180	1334	331	bio1	0.787425	1.498757	5.513360
MGYG000002032__gradient_L1_inulin_gapseq	1180	1334	331	bio1	1.080656	1.368248	5.653867
MGYG000002032__gradient_L2_fos_gapseq	1180	1334	331	bio1	1.080656	1.352506	5.541382
MGYG000002032__gradient_L3_gos_gapseq	1180	1334	331	bio1	1.375383	1.463958	5.530863
MGYG000002032__gradient_L4_xos_gapseq	1180	1334	331	bio1	1.451153	1.392334	5.691486
MGYG000002032__gradient_L5_pectin_gapseq	1180	1334	331	bio1	1.451153	1.409602	5.669342
MGYG000002032__gradient_L6_resistant_starch_gapseq	1180	1334	331	bio1	2.070525	1.566537	5.518501
MGYG000002032__gradient_L7_bglucan_gapseq	1180	1334	331	bio1	2.278473	1.382990	5.716207
MGYG000002032__gradient_L8_hmo_gapseq	1180	1334	331	bio1	2.278473	1.349951	5.508484
MGYG000002032__gradient_L9_mos_gapseq	1180	1334	331	bio1	2.421577	1.482787	5.485706
MGYG000002040__gradient_L0_base_gapseq	1304	1460	356	bio1	0.416661	1.765129	6.512490
MGYG000002040__gradient_L1_inulin_gapseq	1304	1460	356	bio1	0.554026	1.714861	6.554900
MGYG000002040__gradient_L2_fos_gapseq	1304	1460	356	bio1	0.554026	1.636122	6.735462
MGYG000002040__gradient_L3_gos_gapseq	1304	1460	356	bio1	0.787894	1.607108	6.517399
MGYG000002040__gradient_L4_xos_gapseq	1304	1460	356	bio1	0.787894	1.708080	6.785938
MGYG000002040__gradient_L5_pectin_gapseq	1304	1460	356	bio1	0.787894	1.755791	6.569293
MGYG000002040__gradient_L6_resistant_starch_gapseq	1304	1460	356	bio1	0.910525	1.591462	6.740007
MGYG000002040__gradient_L7_bglucan_gapseq	1304	1460	356	bio1	0.910525	1.553559	6.475685
MGYG000002040__gradient_L8_hmo_gapseq	1304	1460	356	bio1	0.910525	1.684012	6.523178
MGYG000002040__gradient_L9_mos_gapseq	1304	1460	356	bio1	0.910525	1.545951	6.891642
MGYG000002041__gradient_L0_base_gapseq	1190	1292	316	bio1	0.572509	1.506963	5.212128
MGYG000002041__gradient_L1_inulin_gapseq	1190	1292	316	bio1	0.687013	1.363634	5.445617
MGYG000002041__gradient_L2_fos_gapseq	1190	1292	316	bio1	0.687013	1.288006	5.278274
MGYG000002041__gradient_L3_gos_gapseq	1190	1292	316	bio1	0.916021	1.467355	5.495796
MGYG000002041__gradient_L4_xos_gapseq	1190	1292	316	bio1	0.958960	1.314461	5.547525
MGYG000002041__gradient_L5_pectin_gapseq	1190	1292	316	bio1	0.958960	1.335211	5.257830
MGYG000002041__gradient_L6_resistant_starch_gapseq	1190	1292	316	bio1	1.435294	1.485375	5.207142
MGYG000002041__gradient_L7_bglucan_gapseq	1190	1292	316	bio1	1.435294	1.309526	5.460328
MGYG000002041__gradient_L8_hmo_gapseq	1190	1292	316	bio1	1.435294	1.301540	5.302746
MGYG000002041__gradient_L9_mos_gapseq	1190	1292	316	bio1	1.546594	1.437358	5.365288
MGYG000002044__gradient_L0_base_gapseq	1149	1233	257	bio1	0.000000	1.291407	0.049253
MGYG000002044__gradient_L1_inulin_gapseq	1149	1233	257	bio1	0.000000	1.284280	0.058476
MGYG000002044__gradient_L2_fos_gapseq	1149	1233	257	bio1	0.000000	1.403647	0.064562
MGYG000002044__gradient_L3_gos_gapseq	1149	1233	257	bio1	0.000000	1.267057	0.060026
MGYG000002044__gradient_L4_xos_gapseq	1149	1233	257	bio1	0.000000	1.394877	0.061485
MGYG000002044__gradient_L5_pectin_gapseq	1149	1233	257	bio1	0.000000	1.280023	0.058819
MGYG000002044__gradient_L6_resistant_starch_gapseq	1149	1233	257	bio1	0.133114	1.294152	5.142365
MGYG000002044__gradient_L7_bglucan_gapseq	1149	1233	257	bio1	0.133114	1.413834	4.897655
MGYG000002044__gradient_L8_hmo_gapseq	1149	1233	257	bio1	0.133114	1.442403	4.891870
MGYG000002044__gradient_L9_mos_gapseq	1149	1233	257	bio1	0.169838	1.269402	4.828979
MGYG000002050__gradient_L0_base_gapseq	1200	1301	322	bio1	0.712898	1.297027	5.247642
MGYG000002050__gradient_L1_inulin_gapseq	1200	1301	322	bio1	1.012724	1.503246	5.215808
MGYG000002050__gradient_L2_fos_gapseq	1200	1301	322	bio1	1.012724	1.503297	5.437233
MGYG000002050__gradient_L3_gos_gapseq	1200	1301	322	bio1	1.316544	1.369246	5.258772
MGYG000002050__gradient_L4_xos_gapseq	1200	1301	322	bio1	1.316544	1.468278	5.247991
MGYG000002050__gradient_L5_pectin_gapseq	1200	1301	322	bio1	1.316544	1.318581	5.280220
MGYG000002050__gradient_L6_resistant_starch_gapseq	1200	1301	322	bio1	1.954107	1.280210	5.198079
MGYG000002050__gradient_L7_bglucan_gapseq	1200	1301	322	bio1	1.954107	1.434871	5.158754
MGYG000002050__gradient_L8_hmo_gapseq	1200	1301	322	bio1	1.954107	1.541936	5.400862
MGYG000002050__gradient_L9_mos_gapseq	1200	1301	322	bio1	2.101413	1.362534	5.313506
MGYG000002054__gradient_L0_base_gapseq	1157	1263	309	bio1	0.404680	1.270874	5.006162
MGYG000002054__gradient_L1_inulin_gapseq	1157	1263	309	bio1	0.501035	1.436810	5.278252
MGYG000002054__gradient_L2_fos_gapseq	1157	1263	309	bio1	0.501035	1.307671	5.083261
MGYG000002054__gradient_L3_gos_gapseq	1157	1263	309	bio1	0.674473	1.491299	4.997065
MGYG000002054__gradient_L4_xos_gapseq	1157	1263	309	bio1	0.703380	1.284962	5.202941
MGYG000002054__gradient_L5_pectin_gapseq	1157	1263	309	bio1	0.703380	1.321434	5.006410
MGYG000002054__gradient_L6_resistant_starch_gapseq	1157	1263	309	bio1	1.108272	1.418039	5.046448
MGYG000002054__gradient_L7_bglucan_gapseq	1157	1263	309	bio1	1.108272	1.283845	5.235585
MGYG000002054__gradient_L8_hmo_gapseq	1157	1263	309	bio1	1.108272	1.478031	5.163678
MGYG000002054__gradient_L9_mos_gapseq	1157	1263	309	bio1	1.202795	1.323695	5.272646
MGYG000002058__gradient_L0_base_gapseq	1158	1283	310	bio1	0.571670	1.331000	5.311692
MGYG000002058__gradient_L1_inulin_gapseq	1158	1283	310	bio1	0.800342	1.482246	5.268491
MGYG000002058__gradient_L2_fos_gapseq	1158	1283	310	bio1	0.800342	1.436228	5.203964
MGYG000002058__gradient_L3_gos_gapseq	1158	1283	310	bio1	1.000261	1.307992	5.160843
MGYG000002058__gradient_L4_xos_gapseq	1158	1283	310	bio1	1.000261	1.493178	5.104810
MGYG000002058__gradient_L5_pectin_gapseq	1158	1283	310	bio1	1.000261	1.320816	5.259790
MGYG000002058__gradient_L6_resistant_starch_gapseq	1158	1283	310	bio1	1.474926	1.324987	5.152906
MGYG000002058__gradient_L7_bglucan_gapseq	1158	1283	310	bio1	1.474926	1.491051	5.408177
MGYG000002058__gradient_L8_hmo_gapseq	1158	1283	310	bio1	1.474926	1.308221	5.325400
MGYG000002058__gradient_L9_mos_gapseq	1158	1283	310	bio1	1.586067	1.267468	5.159048
MGYG000002099__gradient_L0_base_gapseq	1356	1525	386	bio1	0.000000	1.533282	0.085178
MGYG000002099__gradient_L1_inulin_gapseq	1356	1525	386	bio1	0.000000	1.663600	0.097743
MGYG000002099__gradient_L2_fos_gapseq	1356	1525	386	bio1	0.000000	1.799145	0.085303
MGYG000002099__gradient_L3_gos_gapseq	1356	1525	386	bio1	1.133868	1.710508	7.061515
MGYG000002099__gradient_L4_xos_gapseq	1356	1525	386	bio1	1.241258	1.685165	7.143339
MGYG000002099__gradient_L5_pectin_gapseq	1356	1525	386	bio1	1.304912	1.589293	7.383826
MGYG000002099__gradient_L6_resistant_starch_gapseq	1356	1525	386	bio1	2.049673	1.589277	7.273740
MGYG000002099__gradient_L7_bglucan_gapseq	1356	1525	386	bio1	2.310658	1.545403	7.325772
MGYG000002099__gradient_L8_hmo_gapseq	1356	1525	386	bio1	2.310658	1.836654	7.259777
MGYG000002099__gradient_L9_mos_gapseq	1356	1525	386	bio1	2.446454	1.707298	7.264816
MGYG000002110__gradient_L0_base_gapseq	1188	1313	318	bio1	0.805683	1.351665	5.603684
MGYG000002110__gradient_L1_inulin_gapseq	1188	1313	318	bio1	1.099793	1.473213	5.455820
MGYG000002110__gradient_L2_fos_gapseq	1188	1313	318	bio1	1.099793	1.329390	5.550713
MGYG000002110__gradient_L3_gos_gapseq	1188	1313	318	bio1	1.315265	1.363245	5.413863
MGYG000002110__gradient_L4_xos_gapseq	1188	1313	318	bio1	1.315265	1.416420	5.386905
MGYG000002110__gradient_L5_pectin_gapseq	1188	1313	318	bio1	1.315265	1.338593	5.556487
MGYG000002110__gradient_L6_resistant_starch_gapseq	1188	1313	318	bio1	1.936990	1.320441	5.640076
MGYG000002110__gradient_L7_bglucan_gapseq	1188	1313	318	bio1	1.936990	1.545181	5.486819
MGYG000002110__gradient_L8_hmo_gapseq	1188	1313	318	bio1	1.936990	1.363524	5.406470
MGYG000002110__gradient_L9_mos_gapseq	1188	1313	318	bio1	2.080638	1.483584	5.471775
MGYG000002117__gradient_L0_base_gapseq	1151	1286	313	bio1	0.693651	1.451067	5.218279
MGYG000002117__gradient_L1_inulin_gapseq	1151	1286	313	bio1	0.983810	1.314623	5.274826
MGYG000002117__gradient_L2_fos_gapseq	1151	1286	313	bio1	0.983810	1.399545	5.189665
MGYG000002117__gradient_L3_gos_gapseq	1151	1286	313	bio1	1.277867	1.281904	5.359108
MGYG000002117__gradient_L4_xos_gapseq	1151	1286	313	bio1	1.277867	1.317276	5.443512
MGYG000002117__gradient_L5_pectin_gapseq	1151	1286	313	bio1	1.277867	1.486097	5.388862
MGYG000002117__gradient_L6_resistant_starch_gapseq	1151	1286	313	bio1	1.894542	1.341044	5.378470
MGYG000002117__gradient_L7_bglucan_gapseq	1151	1286	313	bio1	1.894542	1.289182	5.343357
MGYG000002117__gradient_L8_hmo_gapseq	1151	1286	313	bio1	1.894542	1.485723	5.393248
MGYG000002117__gradient_L9_mos_gapseq	1151	1286	313	bio1	2.037023	1.289235	5.470332
MGYG000002129__gradient_L0_base_gapseq	1036	1079	246	bio1	0.000000	1.084914	0.052283
MGYG000002129__gradient_L1_inulin_gapseq	1036	1079	246	bio1	0.000000	1.112094	0.051615
MGYG000002129__gradient_L2_fos_gapseq	1036	1079	246	bio1	0.000000	1.248151	0.052092
MGYG000002129__gradient_L3_gos_gapseq	1036	1079	246	bio1	0.000000	1.063265	0.049791
MGYG000002129__gradient_L4_xos_gapseq	1036	1079	246	bio1	0.647737	1.080607	3.763826
MGYG000002129__gradient_L5_pectin_gapseq	1036	1079	246	bio1	0.647737	1.089780	3.529033
MGYG000002129__gradient_L6_resistant_starch_gapseq	1036	1079	246	bio1	1.226538	1.080060	3.746818
MGYG000002129__gradient_L7_bglucan_gapseq	1036	1079	246	bio1	1.226538	1.066575	3.575186
MGYG000002129__gradient_L8_hmo_gapseq	1036	1079	246	bio1	1.226538	1.081577	3.699459
MGYG000002129__gradient_L9_mos_gapseq	1036	1079	246	bio1	1.226538	1.095719	3.744770
MGYG000002131__gradient_L0_base_gapseq	1253	1402	333	bio1	0.139527	1.591012	6.098258
MGYG000002131__gradient_L1_inulin_gapseq	1253	1402	333	bio1	0.139527	1.548048	6.117708
MGYG000002131__gradient_L2_fos_gapseq	1253	1402	333	bio1	0.139527	1.396612	6.396614
MGYG000002131__gradient_L3_gos_gapseq	1253	1402	333	bio1	0.348833	1.460374	6.284922
MGYG000002131__gradient_L4_xos_gapseq	1253	1402	333	bio1	0.389344	1.574224	6.040963
MGYG000002131__gradient_L5_pectin_gapseq	1253	1402	333	bio1	0.389344	1.444422	6.368360
MGYG000002131__gradient_L6_resistant_starch_gapseq	1253	1402	333	bio1	0.814707	1.393908	6.244335
MGYG000002131__gradient_L7_bglucan_gapseq	1253	1402	333	bio1	0.969999	1.567120	6.137413
MGYG000002131__gradient_L8_hmo_gapseq	1253	1402	333	bio1	0.969999	1.469074	6.278492
MGYG000002131__gradient_L9_mos_gapseq	1253	1402	333	bio1	1.041472	1.434084	6.116211
MGYG000002133__gradient_L0_base_gapseq	1381	1581	369	bio1	0.440617	1.766756	7.786850
MGYG000002133__gradient_L1_inulin_gapseq	1381	1581	369	bio1	0.534740	1.668877	7.702617
MGYG000002133__gradient_L2_fos_gapseq	1381	1581	369	bio1	0.534740	1.769031	8.164583
MGYG000002133__gradient_L3_gos_gapseq	1381	1581	369	bio1	0.752906	1.607420	7.824907
MGYG000002133__gradient_L4_xos_gapseq	1381	1581	369	bio1	0.859180	1.754004	7.828867
MGYG000002133__gradient_L5_pectin_gapseq	1381	1581	369	bio1	0.890918	1.693852	7.904838
MGYG000002133__gradient_L6_resistant_starch_gapseq	1381	1581	369	bio1	1.118579	1.833487	7.835645
MGYG000002133__gradient_L7_bglucan_gapseq	1381	1581	369	bio1	1.255363	1.618635	7.893391
MGYG000002133__gradient_L8_hmo_gapseq	1381	1581	369	bio1	1.255363	1.590627	7.760734
MGYG000002133__gradient_L9_mos_gapseq	1381	1581	369	bio1	1.340473	1.704250	7.741082
MGYG000002135__gradient_L0_base_gapseq	1437	1611	372	bio1	0.944922	1.694359	8.119728
MGYG000002135__gradient_L1_inulin_gapseq	1437	1611	372	bio1	1.108577	1.779903	8.612051
MGYG000002135__gradient_L2_fos_gapseq	1437	1611	372	bio1	1.108577	1.765821	7.930833
MGYG000002135__gradient_L3_gos_gapseq	1437	1611	372	bio1	1.423013	1.946297	8.004788
MGYG000002135__gradient_L4_xos_gapseq	1437	1611	372	bio1	1.423013	1.818956	8.164284
MGYG000002135__gradient_L5_pectin_gapseq	1437	1611	372	bio1	1.423013	1.909586	8.023795
MGYG000002135__gradient_L6_resistant_starch_gapseq	1437	1611	372	bio1	2.126462	1.698321	8.231884
MGYG000002135__gradient_L7_bglucan_gapseq	1437	1611	372	bio1	2.362289	1.752304	8.117795
MGYG000002135__gradient_L8_hmo_gapseq	1437	1611	372	bio1	2.362289	1.714790	7.949534
MGYG000002135__gradient_L9_mos_gapseq	1437	1611	372	bio1	2.362289	1.895108	8.239863
MGYG000002139__gradient_L0_base_gapseq	825	765	103	bio1	0.000000	0.818025	0.034335
MGYG000002139__gradient_L1_inulin_gapseq	825	765	103	bio1	0.193947	0.836483	2.118501
MGYG000002139__gradient_L2_fos_gapseq	825	765	103	bio1	0.193947	0.976007	2.042558
MGYG000002139__gradient_L3_gos_gapseq	825	765	103	bio1	0.193947	0.808320	1.987175
MGYG000002139__gradient_L4_xos_gapseq	825	765	103	bio1	0.193947	0.814945	1.961278
MGYG000002139__gradient_L5_pectin_gapseq	825	765	103	bio1	0.193947	0.890651	1.965298
MGYG000002139__gradient_L6_resistant_starch_gapseq	825	765	103	bio1	0.193947	0.807910	2.105239
MGYG000002139__gradient_L7_bglucan_gapseq	825	765	103	bio1	0.193947	0.769786	1.943302
MGYG000002139__gradient_L8_hmo_gapseq	825	765	103	bio1	0.193947	0.906272	2.011467
MGYG000002139__gradient_L9_mos_gapseq	825	765	103	bio1	0.193947	0.794336	2.082859
MGYG000002140__gradient_L0_base_gapseq	1419	1646	418	bio1	0.000000	1.897850	0.104227
MGYG000002140__gradient_L1_inulin_gapseq	1419	1646	418	bio1	0.000000	1.755955	0.105502
MGYG000002140__gradient_L2_fos_gapseq	1419	1646	418	bio1	0.000000	1.749468	0.101363
MGYG000002140__gradient_L3_gos_gapseq	1419	1646	418	bio1	0.806230	1.689360	8.332361
MGYG000002140__gradient_L4_xos_gapseq	1419	1646	418	bio1	0.806230	1.750402	8.192854
MGYG000002140__gradient_L5_pectin_gapseq	1419	1646	418	bio1	0.806230	1.913411	8.233579
MGYG000002140__gradient_L6_resistant_starch_gapseq	1419	1646	418	bio1	1.324941	2.005154	8.166436
MGYG000002140__gradient_L7_bglucan_gapseq	1419	1646	418	bio1	1.501747	1.835239	8.102279
MGYG000002140__gradient_L8_hmo_gapseq	1419	1646	418	bio1	1.632714	1.755334	8.301983
MGYG000002140__gradient_L9_mos_gapseq	1419	1646	418	bio1	1.720026	1.702448	8.370236
MGYG000002146__gradient_L0_base_gapseq	1156	1260	291	bio1	0.000000	1.318061	0.060303
MGYG000002146__gradient_L1_inulin_gapseq	1156	1260	291	bio1	0.508077	1.564181	5.129471
MGYG000002146__gradient_L2_fos_gapseq	1156	1260	291	bio1	0.508077	1.337397	5.355160
MGYG000002146__gradient_L3_gos_gapseq	1156	1260	291	bio1	0.508077	1.330001	5.043647
MGYG000002146__gradient_L4_xos_gapseq	1156	1260	291	bio1	0.528068	1.331355	5.439106
MGYG000002146__gradient_L5_pectin_gapseq	1156	1260	291	bio1	0.528068	1.330446	5.053865
MGYG000002146__gradient_L6_resistant_starch_gapseq	1156	1260	291	bio1	0.694314	1.559080	4.999395
MGYG000002146__gradient_L7_bglucan_gapseq	1156	1260	291	bio1	0.694314	1.278462	5.168245
MGYG000002146__gradient_L8_hmo_gapseq	1156	1260	291	bio1	0.694314	1.291970	5.044802
MGYG000002146__gradient_L9_mos_gapseq	1156	1260	291	bio1	0.694314	1.407824	5.035311
MGYG000002153__gradient_L0_base_gapseq	1201	1281	226	bio1	0.000000	1.449671	0.074073
MGYG000002153__gradient_L1_inulin_gapseq	1201	1281	226	bio1	0.000000	1.267856	0.066329
MGYG000002153__gradient_L2_fos_gapseq	1201	1281	226	bio1	0.000000	1.289716	0.070192
MGYG000002153__gradient_L3_gos_gapseq	1201	1281	226	bio1	0.845453	1.373949	5.155989
MGYG000002153__gradient_L4_xos_gapseq	1201	1281	226	bio1	0.845453	1.269063	5.368210
MGYG000002153__gradient_L5_pectin_gapseq	1201	1281	226	bio1	0.845453	1.359460	5.100143
MGYG000002153__gradient_L6_resistant_starch_gapseq	1201	1281	226	bio1	1.445556	1.432858	5.245310
MGYG000002153__gradient_L7_bglucan_gapseq	1201	1281	226	bio1	1.445556	1.292675	5.286362
MGYG000002153__gradient_L8_hmo_gapseq	1201	1281	226	bio1	1.445556	1.301483	5.012288
MGYG000002153__gradient_L9_mos_gapseq	1201	1281	226	bio1	1.445556	1.329917	5.176823
MGYG000002154__gradient_L0_base_gapseq	1167	1282	355	bio1	0.412444	1.339377	5.192615
MGYG000002154__gradient_L1_inulin_gapseq	1167	1282	355	bio1	0.681884	1.497563	5.175136
MGYG000002154__gradient_L2_fos_gapseq	1167	1282	355	bio1	0.681884	1.349867	5.517943
MGYG000002154__gradient_L3_gos_gapseq	1167	1282	355	bio1	0.910930	1.302425	5.131777
MGYG000002154__gradient_L4_xos_gapseq	1167	1282	355	bio1	0.966139	1.467920	5.127939
MGYG000002154__gradient_L5_pectin_gapseq	1167	1282	355	bio1	0.966139	1.302933	5.115895
MGYG000002154__gradient_L6_resistant_starch_gapseq	1167	1282	355	bio1	1.333654	1.418846	5.174214
MGYG000002154__gradient_L7_bglucan_gapseq	1167	1282	355	bio1	1.333654	1.310555	5.204134
MGYG000002154__gradient_L8_hmo_gapseq	1167	1282	355	bio1	1.333654	1.312065	5.147404
MGYG000002154__gradient_L9_mos_gapseq	1167	1282	355	bio1	1.333654	1.524372	5.146085
MGYG000002156__gradient_L0_base_gapseq	1109	1199	256	bio1	0.000000	1.415670	0.070918
MGYG000002156__gradient_L1_inulin_gapseq	1109	1199	256	bio1	0.000000	1.196628	0.081809
MGYG000002156__gradient_L2_fos_gapseq	1109	1199	256	bio1	0.000000	1.188271	0.066333
MGYG000002156__gradient_L3_gos_gapseq	1109	1199	256	bio1	0.000000	1.373288	0.079110
MGYG000002156__gradient_L4_xos_gapseq	1109	1199	256	bio1	0.000000	1.228261	0.069246
MGYG000002156__gradient_L5_pectin_gapseq	1109	1199	256	bio1	0.000000	1.290555	0.063155
MGYG000002156__gradient_L6_resistant_starch_gapseq	1109	1199	256	bio1	0.000000	1.286969	0.062352
MGYG000002156__gradient_L7_bglucan_gapseq	1109	1199	256	bio1	0.000000	1.233064	0.065864
MGYG000002156__gradient_L8_hmo_gapseq	1109	1199	256	bio1	0.000000	1.492055	0.067802
MGYG000002156__gradient_L9_mos_gapseq	1109	1199	256	bio1	0.000000	1.195670	0.088212
MGYG000002159__gradient_L0_base_gapseq	1230	1381	306	bio1	0.277943	1.401204	6.320242
MGYG000002159__gradient_L1_inulin_gapseq	1230	1381	306	bio1	0.441693	1.496047	5.973404
MGYG000002159__gradient_L2_fos_gapseq	1230	1381	306	bio1	0.441693	1.528696	6.056315
MGYG000002159__gradient_L3_gos_gapseq	1230	1381	306	bio1	0.735403	1.417980	6.216574
MGYG000002159__gradient_L4_xos_gapseq	1230	1381	306	bio1	0.735403	1.359522	6.079629
MGYG000002159__gradient_L5_pectin_gapseq	1230	1381	306	bio1	0.735403	1.528555	6.012838
MGYG000002159__gradient_L6_resistant_starch_gapseq	1230	1381	306	bio1	1.349807	1.397879	6.243364
MGYG000002159__gradient_L7_bglucan_gapseq	1230	1381	306	bio1	1.349807	1.382218	6.066571
MGYG000002159__gradient_L8_hmo_gapseq	1230	1381	306	bio1	1.349807	1.730270	6.266610
MGYG000002159__gradient_L9_mos_gapseq	1230	1381	306	bio1	1.349807	1.455730	6.268708
MGYG000002160__gradient_L0_base_gapseq	881	884	227	bio1	0.000000	0.855323	0.041796
MGYG000002160__gradient_L1_inulin_gapseq	881	884	227	bio1	0.000000	1.015063	0.037792
MGYG000002160__gradient_L2_fos_gapseq	881	884	227	bio1	0.000000	0.898324	0.032088
MGYG000002160__gradient_L3_gos_gapseq	881	884	227	bio1	0.000000	0.900678	0.052557
MGYG000002160__gradient_L4_xos_gapseq	881	884	227	bio1	0.000000	0.887980	0.038223
MGYG000002160__gradient_L5_pectin_gapseq	881	884	227	bio1	0.000000	1.018673	0.050149
MGYG000002160__gradient_L6_resistant_starch_gapseq	881	884	227	bio1	0.000000	0.903593	0.037244
MGYG000002160__gradient_L7_bglucan_gapseq	881	884	227	bio1	0.000000	0.875764	0.036314
MGYG000002160__gradient_L8_hmo_gapseq	881	884	227	bio1	0.000000	0.961230	0.040523
MGYG000002160__gradient_L9_mos_gapseq	881	884	227	bio1	0.000000	0.870023	0.031700
MGYG000002161__gradient_L0_base_gapseq	957	998	309	bio1	0.000000	1.009103	0.063857
MGYG000002161__gradient_L1_inulin_gapseq	957	998	309	bio1	0.538519	1.136350	3.272734
MGYG000002161__gradient_L2_fos_gapseq	957	998	309	bio1	0.538519	0.983053	3.200139
MGYG000002161__gradient_L3_gos_gapseq	957	998	309	bio1	0.538519	1.243933	3.232002
MGYG000002161__gradient_L4_xos_gapseq	957	998	309	bio1	0.538519	0.976245	3.138371
MGYG000002161__gradient_L5_pectin_gapseq	957	998	309	bio1	0.538519	1.169162	3.174861
MGYG000002161__gradient_L6_resistant_starch_gapseq	957	998	309	bio1	0.688371	0.982275	3.155349
MGYG000002161__gradient_L7_bglucan_gapseq	957	998	309	bio1	0.688371	1.022690	3.358636
MGYG000002161__gradient_L8_hmo_gapseq	957	998	309	bio1	0.688371	1.020545	3.103754
MGYG000002161__gradient_L9_mos_gapseq	957	998	309	bio1	0.688371	1.016565	3.348049
MGYG000002162__gradient_L0_base_gapseq	933	940	258	bio1	0.131955	0.922635	3.103733
MGYG000002162__gradient_L1_inulin_gapseq	933	940	258	bio1	0.131955	0.936889	3.062121
MGYG000002162__gradient_L2_fos_gapseq	933	940	258	bio1	0.131955	0.928010	2.940213
MGYG000002162__gradient_L3_gos_gapseq	933	940	258	bio1	0.131955	1.189938	2.973954
MGYG000002162__gradient_L4_xos_gapseq	933	940	258	bio1	0.131955	0.912835	2.960928
MGYG000002162__gradient_L5_pectin_gapseq	933	940	258	bio1	0.131955	1.054590	2.923458
MGYG000002162__gradient_L6_resistant_starch_gapseq	933	940	258	bio1	0.131955	0.933252	2.884278
MGYG000002162__gradient_L7_bglucan_gapseq	933	940	258	bio1	0.131955	0.916895	3.080930
MGYG000002162__gradient_L8_hmo_gapseq	933	940	258	bio1	0.131955	0.926340	2.922565
MGYG000002162__gradient_L9_mos_gapseq	933	940	258	bio1	0.131955	0.924344	2.989090
MGYG000002163__gradient_L0_base_gapseq	982	1041	306	bio1	0.180696	1.002946	3.696507
MGYG000002163__gradient_L1_inulin_gapseq	982	1041	306	bio1	0.352941	1.233294	3.571428
MGYG000002163__gradient_L2_fos_gapseq	982	1041	306	bio1	0.352941	1.007211	3.638607
MGYG000002163__gradient_L3_gos_gapseq	982	1041	306	bio1	0.352941	1.161802	3.573204
MGYG000002163__gradient_L4_xos_gapseq	982	1041	306	bio1	0.352941	1.024557	3.570634
MGYG000002163__gradient_L5_pectin_gapseq	982	1041	306	bio1	0.352941	1.180555	3.527203
MGYG000002163__gradient_L6_resistant_starch_gapseq	982	1041	306	bio1	0.352941	1.035569	3.601219
MGYG000002163__gradient_L7_bglucan_gapseq	982	1041	306	bio1	0.352941	1.189410	3.603710
MGYG000002163__gradient_L8_hmo_gapseq	982	1041	306	bio1	0.352941	1.025802	3.575045
MGYG000002163__gradient_L9_mos_gapseq	982	1041	306	bio1	0.352941	1.230588	3.645196
MGYG000002166__gradient_L0_base_gapseq	649	604	83	bio1	0.000000	0.560342	0.022545
MGYG000002166__gradient_L1_inulin_gapseq	649	604	83	bio1	0.000000	0.547885	0.020596
MGYG000002166__gradient_L2_fos_gapseq	649	604	83	bio1	0.000000	0.586175	0.021016
MGYG000002166__gradient_L3_gos_gapseq	649	604	83	bio1	0.000000	0.612141	0.024793
MGYG000002166__gradient_L4_xos_gapseq	649	604	83	bio1	0.000000	0.621540	0.022355
MGYG000002166__gradient_L5_pectin_gapseq	649	604	83	bio1	0.000000	0.765077	0.021488
MGYG000002166__gradient_L6_resistant_starch_gapseq	649	604	83	bio1	0.000000	0.599294	0.027996
MGYG000002166__gradient_L7_bglucan_gapseq	649	604	83	bio1	0.000000	0.571574	0.016680
MGYG000002166__gradient_L8_hmo_gapseq	649	604	83	bio1	0.000000	0.557052	0.022516
MGYG000002166__gradient_L9_mos_gapseq	649	604	83	bio1	0.000000	0.570736	0.020655
MGYG000002173__gradient_L0_base_gapseq	1026	1065	204	bio1	0.000000	1.183401	0.050408
MGYG000002173__gradient_L1_inulin_gapseq	1026	1065	204	bio1	0.568026	1.092940	3.684478
MGYG000002173__gradient_L2_fos_gapseq	1026	1065	204	bio1	0.568026	1.078802	3.779520
MGYG000002173__gradient_L3_gos_gapseq	1026	1065	204	bio1	0.695498	1.086441	3.660342
MGYG000002173__gradient_L4_xos_gapseq	1026	1065	204	bio1	0.801182	1.073528	3.734507
MGYG000002173__gradient_L5_pectin_gapseq	1026	1065	204	bio1	0.801182	1.092134	3.633192
MGYG000002173__gradient_L6_resistant_starch_gapseq	1026	1065	204	bio1	0.994383	1.076651	3.752147
MGYG000002173__gradient_L7_bglucan_gapseq	1026	1065	204	bio1	0.994383	1.074648	3.675489
MGYG000002173__gradient_L8_hmo_gapseq	1026	1065	204	bio1	0.994383	1.084230	3.810452
MGYG000002173__gradient_L9_mos_gapseq	1026	1065	204	bio1	0.994383	1.113468	3.722312
MGYG000002181__gradient_L0_base_gapseq	1266	1413	301	bio1	0.237417	1.695404	6.201566
MGYG000002181__gradient_L1_inulin_gapseq	1266	1413	301	bio1	0.237417	1.489687	6.221400
MGYG000002181__gradient_L2_fos_gapseq	1266	1413	301	bio1	0.237417	1.408591	6.290798
MGYG000002181__gradient_L3_gos_gapseq	1266	1413	301	bio1	0.316394	1.442983	6.320717
MGYG000002181__gradient_L4_xos_gapseq	1266	1413	301	bio1	0.316394	1.607226	6.303458
MGYG000002181__gradient_L5_pectin_gapseq	1266	1413	301	bio1	0.316394	1.437599	6.312713
MGYG000002181__gradient_L6_resistant_starch_gapseq	1266	1413	301	bio1	0.538987	1.446700	6.068365
MGYG000002181__gradient_L7_bglucan_gapseq	1266	1413	301	bio1	0.538987	1.528894	6.098714
MGYG000002181__gradient_L8_hmo_gapseq	1266	1413	301	bio1	0.538987	1.480407	6.251563
MGYG000002181__gradient_L9_mos_gapseq	1266	1413	301	bio1	0.624082	1.430546	6.083240
MGYG000002187__gradient_L0_base_gapseq	1166	1324	328	bio1	0.730744	1.270624	5.419417
MGYG000002187__gradient_L1_inulin_gapseq	1166	1324	328	bio1	1.024688	1.485376	5.343319
MGYG000002187__gradient_L2_fos_gapseq	1166	1324	328	bio1	1.024688	1.334359	5.500546
MGYG000002187__gradient_L3_gos_gapseq	1166	1324	328	bio1	1.318094	1.369248	5.702931
MGYG000002187__gradient_L4_xos_gapseq	1166	1324	328	bio1	1.318094	1.483212	5.433551
MGYG000002187__gradient_L5_pectin_gapseq	1166	1324	328	bio1	1.318094	1.329528	5.578943
MGYG000002187__gradient_L6_resistant_starch_gapseq	1166	1324	328	bio1	1.933802	1.343427	5.347164
MGYG000002187__gradient_L7_bglucan_gapseq	1166	1324	328	bio1	1.933802	1.448679	5.386832
MGYG000002187__gradient_L8_hmo_gapseq	1166	1324	328	bio1	1.933802	1.364055	5.535402
MGYG000002187__gradient_L9_mos_gapseq	1166	1324	328	bio1	2.076060	1.296474	5.410538
MGYG000002190__gradient_L0_base_gapseq	1308	1549	409	bio1	0.000000	1.574069	0.094365
MGYG000002190__gradient_L1_inulin_gapseq	1308	1549	409	bio1	0.000000	1.758530	0.107090
MGYG000002190__gradient_L2_fos_gapseq	1308	1549	409	bio1	0.000000	1.586771	0.101186
MGYG000002190__gradient_L3_gos_gapseq	1308	1549	409	bio1	0.000000	1.720812	0.093480
MGYG000002190__gradient_L4_xos_gapseq	1308	1549	409	bio1	0.000000	1.592277	0.090796
MGYG000002190__gradient_L5_pectin_gapseq	1308	1549	409	bio1	0.000000	1.670392	0.112464
MGYG000002190__gradient_L6_resistant_starch_gapseq	1308	1549	409	bio1	0.000000	1.591181	0.111357
MGYG000002190__gradient_L7_bglucan_gapseq	1308	1549	409	bio1	0.000000	1.740013	0.090230
MGYG000002190__gradient_L8_hmo_gapseq	1308	1549	409	bio1	0.000000	1.678410	0.102337
MGYG000002190__gradient_L9_mos_gapseq	1308	1549	409	bio1	0.000000	1.806247	0.101214
MGYG000002194__gradient_L0_base_gapseq	1226	1384	310	bio1	0.000000	1.477937	0.080965
MGYG000002194__gradient_L1_inulin_gapseq	1226	1384	310	bio1	0.000000	1.412176	0.179043
MGYG000002194__gradient_L2_fos_gapseq	1226	1384	310	bio1	0.000000	1.446997	0.081528
MGYG000002194__gradient_L3_gos_gapseq	1226	1384	310	bio1	0.000000	1.461193	0.072000
MGYG000002194__gradient_L4_xos_gapseq	1226	1384	310	bio1	1.095426	1.566179	6.034981
MGYG000002194__gradient_L5_pectin_gapseq	1226	1384	310	bio1	1.095426	1.724673	6.225097
MGYG000002194__gradient_L6_resistant_starch_gapseq	1226	1384	310	bio1	1.837771	1.542275	6.240917
MGYG000002194__gradient_L7_bglucan_gapseq	1226	1384	310	bio1	1.837771	1.452259	6.113934
MGYG000002194__gradient_L8_hmo_gapseq	1226	1384	310	bio1	1.837771	1.584227	5.982459
MGYG000002194__gradient_L9_mos_gapseq	1226	1384	310	bio1	1.837771	1.415519	6.157325
MGYG000002196__gradient_L0_base_gapseq	1104	1225	296	bio1	0.000000	1.366266	0.065607
MGYG000002196__gradient_L1_inulin_gapseq	1104	1225	296	bio1	0.000000	1.226761	0.066617
MGYG000002196__gradient_L2_fos_gapseq	1104	1225	296	bio1	0.000000	1.312745	0.061261
MGYG000002196__gradient_L3_gos_gapseq	1104	1225	296	bio1	0.000000	1.236157	0.068091
MGYG000002196__gradient_L4_xos_gapseq	1104	1225	296	bio1	0.000000	1.250691	0.193959
MGYG000002196__gradient_L5_pectin_gapseq	1104	1225	296	bio1	0.000000	1.275100	0.067602
MGYG000002196__gradient_L6_resistant_starch_gapseq	1104	1225	296	bio1	0.000000	1.244169	0.072990
MGYG000002196__gradient_L7_bglucan_gapseq	1104	1225	296	bio1	0.000000	1.360035	0.059563
MGYG000002196__gradient_L8_hmo_gapseq	1104	1225	296	bio1	0.000000	1.305948	0.065192
MGYG000002196__gradient_L9_mos_gapseq	1104	1225	296	bio1	0.000000	1.364662	0.267950
MGYG000002197__gradient_L0_base_gapseq	931	986	218	bio1	0.144402	1.010064	3.244546
MGYG000002197__gradient_L1_inulin_gapseq	931	986	218	bio1	0.282677	0.969249	3.221541
MGYG000002197__gradient_L2_fos_gapseq	931	986	218	bio1	0.282677	1.131674	3.437543
MGYG000002197__gradient_L3_gos_gapseq	931	986	218	bio1	0.282677	0.976174	3.282777
MGYG000002197__gradient_L4_xos_gapseq	931	986	218	bio1	0.302172	1.007512	3.096043
MGYG000002197__gradient_L5_pectin_gapseq	931	986	218	bio1	0.302172	1.126543	3.105693
MGYG000002197__gradient_L6_resistant_starch_gapseq	931	986	218	bio1	0.302172	0.971260	3.121347
MGYG000002197__gradient_L7_bglucan_gapseq	931	986	218	bio1	0.302172	1.098018	3.080155
MGYG000002197__gradient_L8_hmo_gapseq	931	986	218	bio1	0.302172	0.933765	3.163226
MGYG000002197__gradient_L9_mos_gapseq	931	986	218	bio1	0.302172	1.070136	3.178275
MGYG000002227__gradient_L0_base_gapseq	1246	1375	279	bio1	0.000000	1.391759	0.077148
MGYG000002227__gradient_L1_inulin_gapseq	1246	1375	279	bio1	0.537892	1.420484	6.158937
MGYG000002227__gradient_L2_fos_gapseq	1246	1375	279	bio1	0.537892	1.434784	5.844188
MGYG000002227__gradient_L3_gos_gapseq	1246	1375	279	bio1	0.537892	1.532456	5.851422
MGYG000002227__gradient_L4_xos_gapseq	1246	1375	279	bio1	0.537892	1.383289	5.938511
MGYG000002227__gradient_L5_pectin_gapseq	1246	1375	279	bio1	0.537892	1.410205	5.798416
MGYG000002227__gradient_L6_resistant_starch_gapseq	1246	1375	279	bio1	1.249844	1.529401	5.815953
MGYG000002227__gradient_L7_bglucan_gapseq	1246	1375	279	bio1	1.483816	1.414302	5.985061
MGYG000002227__gradient_L8_hmo_gapseq	1246	1375	279	bio1	1.483816	1.433555	5.766802
MGYG000002227__gradient_L9_mos_gapseq	1246	1375	279	bio1	1.611801	1.544325	5.972670
MGYG000002244__gradient_L0_base_gapseq	675	638	54	bio1	0.000000	0.597183	0.013924
MGYG000002244__gradient_L1_inulin_gapseq	675	638	54	bio1	0.000000	0.600068	0.017397
MGYG000002244__gradient_L2_fos_gapseq	675	638	54	bio1	0.000000	0.619195	0.020033
MGYG000002244__gradient_L3_gos_gapseq	675	638	54	bio1	0.000000	0.735910	0.025807
MGYG000002244__gradient_L4_xos_gapseq	675	638	54	bio1	0.000000	0.606447	0.030420
MGYG000002244__gradient_L5_pectin_gapseq	675	638	54	bio1	0.000000	0.647826	0.025599
MGYG000002244__gradient_L6_resistant_starch_gapseq	675	638	54	bio1	0.000000	0.641483	0.024468
MGYG000002244__gradient_L7_bglucan_gapseq	675	638	54	bio1	0.000000	0.715686	0.015530
MGYG000002244__gradient_L8_hmo_gapseq	675	638	54	bio1	0.000000	0.825211	0.022994
MGYG000002244__gradient_L9_mos_gapseq	675	638	54	bio1	0.000000	0.609733	0.021148
MGYG000002248__gradient_L0_base_gapseq	603	551	82	bio1	0.000000	0.521231	0.019771
MGYG000002248__gradient_L1_inulin_gapseq	603	551	82	bio1	0.059932	0.559412	1.152487
MGYG000002248__gradient_L2_fos_gapseq	603	551	82	bio1	0.059932	0.611764	1.426396
MGYG000002248__gradient_L3_gos_gapseq	603	551	82	bio1	0.059932	0.562636	1.151017
MGYG000002248__gradient_L4_xos_gapseq	603	551	82	bio1	0.059932	0.571491	1.137393
MGYG000002248__gradient_L5_pectin_gapseq	603	551	82	bio1	0.059932	0.525857	1.157146
MGYG000002248__gradient_L6_resistant_starch_gapseq	603	551	82	bio1	0.059932	0.557588	1.128202
MGYG000002248__gradient_L7_bglucan_gapseq	603	551	82	bio1	0.059932	0.884823	1.177371
MGYG000002248__gradient_L8_hmo_gapseq	603	551	82	bio1	0.059932	0.515031	1.122563
MGYG000002248__gradient_L9_mos_gapseq	603	551	82	bio1	0.059932	0.528803	1.129340
MGYG000002258__gradient_L0_base_gapseq	1191	1286	293	bio1	0.000000	1.357035	0.064194
MGYG000002258__gradient_L1_inulin_gapseq	1191	1286	293	bio1	0.312471	1.578422	5.355240
MGYG000002258__gradient_L2_fos_gapseq	1191	1286	293	bio1	0.312471	1.318571	5.380346
MGYG000002258__gradient_L3_gos_gapseq	1191	1286	293	bio1	0.399156	1.326352	5.102494
MGYG000002258__gradient_L4_xos_gapseq	1191	1286	293	bio1	0.399156	1.294564	5.248730
MGYG000002258__gradient_L5_pectin_gapseq	1191	1286	293	bio1	0.432029	1.298509	5.146488
MGYG000002258__gradient_L6_resistant_starch_gapseq	1191	1286	293	bio1	0.749013	1.475277	5.160828
MGYG000002258__gradient_L7_bglucan_gapseq	1191	1286	293	bio1	0.868763	1.316876	5.387781
MGYG000002258__gradient_L8_hmo_gapseq	1191	1286	293	bio1	0.868763	1.388542	5.162480
MGYG000002258__gradient_L9_mos_gapseq	1191	1286	293	bio1	0.868763	1.427460	5.228327
MGYG000002271__gradient_L0_base_gapseq	1367	1604	485	bio1	0.000000	1.702099	0.096099
MGYG000002271__gradient_L1_inulin_gapseq	1367	1604	485	bio1	0.000000	1.809361	0.104174
MGYG000002271__gradient_L2_fos_gapseq	1367	1604	485	bio1	0.000000	1.698916	0.103799
MGYG000002271__gradient_L3_gos_gapseq	1367	1604	485	bio1	0.000000	1.918769	0.094764
MGYG000002271__gradient_L4_xos_gapseq	1367	1604	485	bio1	0.667838	1.656834	8.105642
MGYG000002271__gradient_L5_pectin_gapseq	1367	1604	485	bio1	0.703049	1.641663	7.892002
MGYG000002271__gradient_L6_resistant_starch_gapseq	1367	1604	485	bio1	1.222501	1.874385	7.740961
MGYG000002271__gradient_L7_bglucan_gapseq	1367	1604	485	bio1	1.396930	1.801625	7.829730
MGYG000002271__gradient_L8_hmo_gapseq	1367	1604	485	bio1	1.396930	1.784620	7.908501
MGYG000002271__gradient_L9_mos_gapseq	1367	1604	485	bio1	1.481501	1.644615	8.173435
MGYG000002275__gradient_L0_base_gapseq	1346	1614	407	bio1	0.000000	1.705511	0.112075
MGYG000002275__gradient_L1_inulin_gapseq	1346	1614	407	bio1	0.893860	1.769130	8.021203
MGYG000002275__gradient_L2_fos_gapseq	1346	1614	407	bio1	0.893860	1.834584	7.853713
MGYG000002275__gradient_L3_gos_gapseq	1346	1614	407	bio1	0.993709	1.657550	8.090068
MGYG000002275__gradient_L4_xos_gapseq	1346	1614	407	bio1	1.000938	1.716959	8.054018
MGYG000002275__gradient_L5_pectin_gapseq	1346	1614	407	bio1	1.000938	1.652715	7.908741
MGYG000002275__gradient_L6_resistant_starch_gapseq	1346	1614	407	bio1	1.545405	1.766388	7.862362
MGYG000002275__gradient_L7_bglucan_gapseq	1346	1614	407	bio1	1.726558	2.039379	7.984044
MGYG000002275__gradient_L8_hmo_gapseq	1346	1614	407	bio1	1.726558	1.646181	8.140579
MGYG000002275__gradient_L9_mos_gapseq	1346	1614	407	bio1	1.843363	1.646853	8.115595
MGYG000002276__gradient_L0_base_gapseq	1468	1625	485	bio1	0.000000	1.984711	0.116047
MGYG000002276__gradient_L1_inulin_gapseq	1468	1625	485	bio1	0.000000	1.814385	0.107536
MGYG000002276__gradient_L2_fos_gapseq	1468	1625	485	bio1	0.000000	1.893288	0.098452
MGYG000002276__gradient_L3_gos_gapseq	1468	1625	485	bio1	0.000000	1.925239	0.112545
MGYG000002276__gradient_L4_xos_gapseq	1468	1625	485	bio1	0.766416	1.740448	8.232671
MGYG000002276__gradient_L5_pectin_gapseq	1468	1625	485	bio1	0.812656	1.977661	8.118379
MGYG000002276__gradient_L6_resistant_starch_gapseq	1468	1625	485	bio1	1.353101	1.939583	8.209977
MGYG000002276__gradient_L7_bglucan_gapseq	1468	1625	485	bio1	1.533219	1.933250	8.232154
MGYG000002276__gradient_L8_hmo_gapseq	1468	1625	485	bio1	1.533219	1.957619	8.244302
MGYG000002276__gradient_L9_mos_gapseq	1468	1625	485	bio1	1.533219	2.037105	8.582349
MGYG000002277__gradient_L0_base_gapseq	1322	1537	431	bio1	0.000000	1.792874	0.084840
MGYG000002277__gradient_L1_inulin_gapseq	1322	1537	431	bio1	0.000000	1.624327	0.083451
MGYG000002277__gradient_L2_fos_gapseq	1322	1537	431	bio1	0.000000	1.728199	0.095629
MGYG000002277__gradient_L3_gos_gapseq	1322	1537	431	bio1	0.000000	1.604796	0.096973
MGYG000002277__gradient_L4_xos_gapseq	1322	1537	431	bio1	0.866506	1.704909	7.432271
MGYG000002277__gradient_L5_pectin_gapseq	1322	1537	431	bio1	0.866506	1.844352	7.396497
MGYG000002277__gradient_L6_resistant_starch_gapseq	1322	1537	431	bio1	1.480280	1.592261	7.599004
MGYG000002277__gradient_L7_bglucan_gapseq	1322	1537	431	bio1	1.480280	1.614535	7.360312
MGYG000002277__gradient_L8_hmo_gapseq	1322	1537	431	bio1	1.480280	1.777788	7.470382
MGYG000002277__gradient_L9_mos_gapseq	1322	1537	431	bio1	1.480280	1.771052	7.584799
MGYG000002278__gradient_L0_base_gapseq	1561	1815	480	bio1	1.297223	2.005928	10.149691
MGYG000002278__gradient_L1_inulin_gapseq	1561	1815	480	bio1	1.457375	1.983541	10.038159
MGYG000002278__gradient_L2_fos_gapseq	1561	1815	480	bio1	1.457375	2.067494	10.274650
MGYG000002278__gradient_L3_gos_gapseq	1561	1815	480	bio1	1.811712	2.076414	10.413147
MGYG000002278__gradient_L4_xos_gapseq	1561	1815	480	bio1	1.890582	1.942072	10.857481
MGYG000002278__gradient_L5_pectin_gapseq	1561	1815	480	bio1	1.890582	1.918385	10.514734
MGYG000002278__gradient_L6_resistant_starch_gapseq	1561	1815	480	bio1	2.585829	1.936917	10.419850
MGYG000002278__gradient_L7_bglucan_gapseq	1561	1815	480	bio1	2.815202	1.978907	10.268951
MGYG000002278__gradient_L8_hmo_gapseq	1561	1815	480	bio1	2.975960	1.876325	10.560735
MGYG000002278__gradient_L9_mos_gapseq	1561	1815	480	bio1	2.975960	1.920908	10.211855
MGYG000002280__gradient_L0_base_gapseq	1486	1762	505	bio1	0.000000	1.798718	0.121667
MGYG000002280__gradient_L1_inulin_gapseq	1486	1762	505	bio1	0.000000	1.933558	0.116000
MGYG000002280__gradient_L2_fos_gapseq	1486	1762	505	bio1	0.000000	1.793826	0.282248
MGYG000002280__gradient_L3_gos_gapseq	1486	1762	505	bio1	1.702969	1.850474	9.387243
MGYG000002280__gradient_L4_xos_gapseq	1486	1762	505	bio1	1.860167	2.118142	9.428237
MGYG000002280__gradient_L5_pectin_gapseq	1486	1762	505	bio1	1.860167	2.029304	9.564202
MGYG000002280__gradient_L6_resistant_starch_gapseq	1486	1762	505	bio1	2.582037	2.038173	9.655419
MGYG000002280__gradient_L7_bglucan_gapseq	1486	1762	505	bio1	2.582037	2.020859	9.457521
MGYG000002280__gradient_L8_hmo_gapseq	1486	1762	505	bio1	2.582037	2.001920	9.480318
MGYG000002280__gradient_L9_mos_gapseq	1486	1762	505	bio1	2.582037	2.026624	9.465031
MGYG000002291__gradient_L0_base_gapseq	1457	1724	473	bio1	0.867093	1.786231	9.238041
MGYG000002291__gradient_L1_inulin_gapseq	1457	1724	473	bio1	1.031715	1.779661	9.109806
MGYG000002291__gradient_L2_fos_gapseq	1457	1724	473	bio1	1.031715	1.930842	9.380514
MGYG000002291__gradient_L3_gos_gapseq	1457	1724	473	bio1	1.380976	1.993080	9.182085
MGYG000002291__gradient_L4_xos_gapseq	1457	1724	473	bio1	1.569658	1.965394	9.189040
MGYG000002291__gradient_L5_pectin_gapseq	1457	1724	473	bio1	1.629875	1.983153	9.232578
MGYG000002291__gradient_L6_resistant_starch_gapseq	1457	1724	473	bio1	1.999209	1.975510	9.168149
MGYG000002291__gradient_L7_bglucan_gapseq	1457	1724	473	bio1	2.234057	1.760772	9.363785
MGYG000002291__gradient_L8_hmo_gapseq	1457	1724	473	bio1	2.234057	1.974887	9.211769
MGYG000002291__gradient_L9_mos_gapseq	1457	1724	473	bio1	2.276100	1.772821	9.098868
MGYG000002295__gradient_L0_base_gapseq	1281	1393	347	bio1	0.000000	1.437788	0.075548
MGYG000002295__gradient_L1_inulin_gapseq	1281	1393	347	bio1	0.000000	1.506587	0.203243
MGYG000002295__gradient_L2_fos_gapseq	1281	1393	347	bio1	0.000000	1.542909	0.064675
MGYG000002295__gradient_L3_gos_gapseq	1281	1393	347	bio1	0.000000	1.503768	0.075468
MGYG000002295__gradient_L4_xos_gapseq	1281	1393	347	bio1	0.000000	1.677202	0.086901
MGYG000002295__gradient_L5_pectin_gapseq	1281	1393	347	bio1	0.000000	1.471512	0.077993
MGYG000002295__gradient_L6_resistant_starch_gapseq	1281	1393	347	bio1	0.000000	1.660732	0.080527
MGYG000002295__gradient_L7_bglucan_gapseq	1281	1393	347	bio1	0.000000	1.493053	0.077503
MGYG000002295__gradient_L8_hmo_gapseq	1281	1393	347	bio1	0.000000	1.622448	0.077489
MGYG000002295__gradient_L9_mos_gapseq	1281	1393	347	bio1	0.000000	1.508640	0.080929
MGYG000002298__gradient_L0_base_gapseq	1471	1730	546	bio1	1.003893	1.944891	9.030012
MGYG000002298__gradient_L1_inulin_gapseq	1471	1730	546	bio1	1.285690	1.969823	9.312904
MGYG000002298__gradient_L2_fos_gapseq	1471	1730	546	bio1	1.285690	1.925713	9.059615
MGYG000002298__gradient_L3_gos_gapseq	1471	1730	546	bio1	1.569689	1.836731	9.315837
MGYG000002298__gradient_L4_xos_gapseq	1471	1730	546	bio1	1.642340	1.798662	9.195660
MGYG000002298__gradient_L5_pectin_gapseq	1471	1730	546	bio1	1.642340	1.793108	9.037521
MGYG000002298__gradient_L6_resistant_starch_gapseq	1471	1730	546	bio1	2.248885	1.816788	9.152802
MGYG000002298__gradient_L7_bglucan_gapseq	1471	1730	546	bio1	2.450409	1.819801	8.946917
MGYG000002298__gradient_L8_hmo_gapseq	1471	1730	546	bio1	2.596441	1.926577	8.958020
MGYG000002298__gradient_L9_mos_gapseq	1471	1730	546	bio1	2.596441	2.041820	8.885526
MGYG000002299__gradient_L0_base_gapseq	1557	1828	422	bio1	0.466434	2.125044	10.027166
MGYG000002299__gradient_L1_inulin_gapseq	1557	1828	422	bio1	0.626773	1.992641	10.267089
MGYG000002299__gradient_L2_fos_gapseq	1557	1828	422	bio1	0.626773	2.052846	10.019566
MGYG000002299__gradient_L3_gos_gapseq	1557	1828	422	bio1	0.685480	2.070976	10.128493
MGYG000002299__gradient_L4_xos_gapseq	1557	1828	422	bio1	0.737821	2.039526	10.018169
MGYG000002299__gradient_L5_pectin_gapseq	1557	1828	422	bio1	0.737821	2.016706	10.022309
MGYG000002299__gradient_L6_resistant_starch_gapseq	1557	1828	422	bio1	1.090220	2.146398	10.264095
MGYG000002299__gradient_L7_bglucan_gapseq	1557	1828	422	bio1	1.090220	2.011263	10.043110
MGYG000002299__gradient_L8_hmo_gapseq	1557	1828	422	bio1	1.090220	2.116167	10.022206
MGYG000002299__gradient_L9_mos_gapseq	1557	1828	422	bio1	1.165571	2.100224	10.114957
MGYG000002303__gradient_L0_base_gapseq	1138	1281	307	bio1	0.192193	1.536611	5.188390
MGYG000002303__gradient_L1_inulin_gapseq	1138	1281	307	bio1	0.324857	1.354995	5.617944
MGYG000002303__gradient_L2_fos_gapseq	1138	1281	307	bio1	0.324857	1.484094	5.221259
MGYG000002303__gradient_L3_gos_gapseq	1138	1281	307	bio1	0.379764	1.499029	5.122743
MGYG000002303__gradient_L4_xos_gapseq	1138	1281	307	bio1	0.379764	1.328815	5.146625
MGYG000002303__gradient_L5_pectin_gapseq	1138	1281	307	bio1	0.379764	1.497717	5.217053
MGYG000002303__gradient_L6_resistant_starch_gapseq	1138	1281	307	bio1	0.812157	1.377203	5.369371
MGYG000002303__gradient_L7_bglucan_gapseq	1138	1281	307	bio1	0.812157	1.328152	5.141752
MGYG000002303__gradient_L8_hmo_gapseq	1138	1281	307	bio1	0.812157	1.458674	5.195509
MGYG000002303__gradient_L9_mos_gapseq	1138	1281	307	bio1	0.812157	1.376736	5.242174
MGYG000002308__gradient_L0_base_gapseq	1223	1296	338	bio1	0.199489	1.323784	5.519630
MGYG000002308__gradient_L1_inulin_gapseq	1223	1296	338	bio1	0.257152	1.562719	5.423491
MGYG000002308__gradient_L2_fos_gapseq	1223	1296	338	bio1	0.257152	1.491476	5.437038
MGYG000002308__gradient_L3_gos_gapseq	1223	1296	338	bio1	0.257152	1.334880	5.372127
MGYG000002308__gradient_L4_xos_gapseq	1223	1296	338	bio1	0.257152	1.534613	5.542778
MGYG000002308__gradient_L5_pectin_gapseq	1223	1296	338	bio1	0.257152	1.348895	5.503304
MGYG000002308__gradient_L6_resistant_starch_gapseq	1223	1296	338	bio1	0.257152	1.368837	5.396133
MGYG000002308__gradient_L7_bglucan_gapseq	1223	1296	338	bio1	0.257152	1.445149	5.442655
MGYG000002308__gradient_L8_hmo_gapseq	1223	1296	338	bio1	0.257152	1.342724	5.516666
MGYG000002308__gradient_L9_mos_gapseq	1223	1296	338	bio1	0.257152	1.415813	5.480687
MGYG000002309__gradient_L0_base_gapseq	1716	2014	539	bio1	0.000000	2.356566	0.151623
MGYG000002309__gradient_L1_inulin_gapseq	1716	2014	539	bio1	0.000000	2.255293	0.163356
MGYG000002309__gradient_L2_fos_gapseq	1716	2014	539	bio1	0.000000	2.280353	0.152513
MGYG000002309__gradient_L3_gos_gapseq	1716	2014	539	bio1	0.000000	2.247561	0.165289
MGYG000002309__gradient_L4_xos_gapseq	1716	2014	539	bio1	0.000000	2.296314	0.156819
MGYG000002309__gradient_L5_pectin_gapseq	1716	2014	539	bio1	0.000000	2.122506	0.153609
MGYG000002309__gradient_L6_resistant_starch_gapseq	1716	2014	539	bio1	0.000000	2.307626	0.156627
MGYG000002309__gradient_L7_bglucan_gapseq	1716	2014	539	bio1	0.000000	2.314595	0.171103
MGYG000002309__gradient_L8_hmo_gapseq	1716	2014	539	bio1	0.000000	2.119657	0.355039
MGYG000002309__gradient_L9_mos_gapseq	1716	2014	539	bio1	0.000000	2.122273	0.162028
MGYG000002310__gradient_L0_base_gapseq	2100	2477	1248	bio1	0.652054	3.165241	19.129757
MGYG000002310__gradient_L1_inulin_gapseq	2100	2477	1248	bio1	0.652054	3.052751	19.037942
MGYG000002310__gradient_L2_fos_gapseq	2100	2477	1248	bio1	0.652054	3.010618	19.095090
MGYG000002310__gradient_L3_gos_gapseq	2100	2477	1248	bio1	0.652054	3.075612	18.957026
MGYG000002310__gradient_L4_xos_gapseq	2100	2477	1248	bio1	0.724500	2.980137	19.028634
MGYG000002310__gradient_L5_pectin_gapseq	2100	2477	1248	bio1	0.724500	3.050315	19.036244
MGYG000002310__gradient_L6_resistant_starch_gapseq	2100	2477	1248	bio1	1.317566	2.995789	19.305952
MGYG000002310__gradient_L7_bglucan_gapseq	2100	2477	1248	bio1	1.511143	3.056070	19.077114
MGYG000002310__gradient_L8_hmo_gapseq	2100	2477	1248	bio1	1.511143	3.061762	18.933736
MGYG000002310__gradient_L9_mos_gapseq	2100	2477	1248	bio1	1.644358	3.173435	18.953623
MGYG000002313__gradient_L0_base_gapseq	1164	1349	276	bio1	0.289901	1.381429	5.514100
MGYG000002313__gradient_L1_inulin_gapseq	1164	1349	276	bio1	0.370572	1.512703	5.541173
MGYG000002313__gradient_L2_fos_gapseq	1164	1349	276	bio1	0.370572	1.306685	5.619756
MGYG000002313__gradient_L3_gos_gapseq	1164	1349	276	bio1	0.378135	1.425070	5.700039
MGYG000002313__gradient_L4_xos_gapseq	1164	1349	276	bio1	0.408938	1.523380	5.538976
MGYG000002313__gradient_L5_pectin_gapseq	1164	1349	276	bio1	0.408938	1.378863	5.626368
MGYG000002313__gradient_L6_resistant_starch_gapseq	1164	1349	276	bio1	0.562925	1.380488	5.577491
MGYG000002313__gradient_L7_bglucan_gapseq	1164	1349	276	bio1	0.562925	1.463321	5.636561
MGYG000002313__gradient_L8_hmo_gapseq	1164	1349	276	bio1	0.562925	1.484957	5.702307
MGYG000002313__gradient_L9_mos_gapseq	1164	1349	276	bio1	0.603314	1.294127	5.613987
MGYG000002319__gradient_L0_base_gapseq	1460	1748	435	bio1	0.258187	1.814667	9.337149
MGYG000002319__gradient_L1_inulin_gapseq	1460	1748	435	bio1	0.427587	1.806291	9.334441
MGYG000002319__gradient_L2_fos_gapseq	1460	1748	435	bio1	0.427587	1.833222	9.066395
MGYG000002319__gradient_L3_gos_gapseq	1460	1748	435	bio1	0.589699	1.878428	9.192607
MGYG000002319__gradient_L4_xos_gapseq	1460	1748	435	bio1	0.688375	1.934193	9.386404
MGYG000002319__gradient_L5_pectin_gapseq	1460	1748	435	bio1	0.688375	1.991117	9.246129
MGYG000002319__gradient_L6_resistant_starch_gapseq	1460	1748	435	bio1	1.053765	1.941707	9.339641
MGYG000002319__gradient_L7_bglucan_gapseq	1460	1748	435	bio1	1.171363	1.793491	9.328694
MGYG000002319__gradient_L8_hmo_gapseq	1460	1748	435	bio1	1.171363	1.830920	9.176775
MGYG000002319__gradient_L9_mos_gapseq	1460	1748	435	bio1	1.171363	1.806637	9.351690
MGYG000002321__gradient_L0_base_gapseq	1343	1501	331	bio1	0.000000	1.786804	0.078789
MGYG000002321__gradient_L1_inulin_gapseq	1343	1501	331	bio1	0.000000	1.591910	0.087862
MGYG000002321__gradient_L2_fos_gapseq	1343	1501	331	bio1	0.000000	1.783289	0.081350
MGYG000002321__gradient_L3_gos_gapseq	1343	1501	331	bio1	0.000000	1.542452	0.084789
MGYG000002321__gradient_L4_xos_gapseq	1343	1501	331	bio1	0.934241	1.801566	6.701583
MGYG000002321__gradient_L5_pectin_gapseq	1343	1501	331	bio1	0.934241	1.564147	7.001758
MGYG000002321__gradient_L6_resistant_starch_gapseq	1343	1501	331	bio1	1.548564	1.541666	6.727068
MGYG000002321__gradient_L7_bglucan_gapseq	1343	1501	331	bio1	1.754010	1.753875	6.817421
MGYG000002321__gradient_L8_hmo_gapseq	1343	1501	331	bio1	1.754010	1.745972	6.809944
MGYG000002321__gradient_L9_mos_gapseq	1343	1501	331	bio1	1.895392	1.518946	6.895311
MGYG000002322__gradient_L0_base_gapseq	2280	2875	1231	bio1	1.852402	3.296181	24.616853
MGYG000002322__gradient_L1_inulin_gapseq	2280	2875	1231	bio1	2.178960	3.349582	25.044212
MGYG000002322__gradient_L2_fos_gapseq	2280	2875	1231	bio1	2.178960	3.235041	24.471070
MGYG000002322__gradient_L3_gos_gapseq	2280	2875	1231	bio1	2.519184	3.252369	24.800799
MGYG000002322__gradient_L4_xos_gapseq	2280	2875	1231	bio1	2.696120	3.248145	24.759024
MGYG000002322__gradient_L5_pectin_gapseq	2280	2875	1231	bio1	2.748796	3.319484	24.671862
MGYG000002322__gradient_L6_resistant_starch_gapseq	2280	2875	1231	bio1	3.452535	3.376681	24.989611
MGYG000002322__gradient_L7_bglucan_gapseq	2280	2875	1231	bio1	3.684347	3.220406	24.706432
MGYG000002322__gradient_L8_hmo_gapseq	2280	2875	1231	bio1	3.684347	3.226188	24.902874
MGYG000002322__gradient_L9_mos_gapseq	2280	2875	1231	bio1	3.834857	3.278793	24.877464
MGYG000002325__gradient_L0_base_gapseq	1714	2067	641	bio1	0.524104	2.412317	13.003151
MGYG000002325__gradient_L1_inulin_gapseq	1714	2067	641	bio1	0.749681	2.322882	13.162477
MGYG000002325__gradient_L2_fos_gapseq	1714	2067	641	bio1	0.749681	2.390533	13.020062
MGYG000002325__gradient_L3_gos_gapseq	1714	2067	641	bio1	0.749681	2.418145	12.905526
MGYG000002325__gradient_L4_xos_gapseq	1714	2067	641	bio1	0.791851	2.407416	12.957283
MGYG000002325__gradient_L5_pectin_gapseq	1714	2067	641	bio1	0.834021	2.442388	13.056010
MGYG000002325__gradient_L6_resistant_starch_gapseq	1714	2067	641	bio1	1.340362	2.374472	13.209326
MGYG000002325__gradient_L7_bglucan_gapseq	1714	2067	641	bio1	1.340362	2.130780	13.405710
MGYG000002325__gradient_L8_hmo_gapseq	1714	2067	641	bio1	1.340362	2.166020	13.116820
MGYG000002325__gradient_L9_mos_gapseq	1714	2067	641	bio1	1.451417	2.223450	13.148054
MGYG000002331__gradient_L0_base_gapseq	1946	2421	918	bio1	1.120531	2.646324	17.836173
MGYG000002331__gradient_L1_inulin_gapseq	1946	2421	918	bio1	1.259310	2.746762	17.703115
MGYG000002331__gradient_L2_fos_gapseq	1946	2421	918	bio1	1.259310	2.834304	17.659425
MGYG000002331__gradient_L3_gos_gapseq	1946	2421	918	bio1	1.565935	2.632155	17.941779
MGYG000002331__gradient_L4_xos_gapseq	1946	2421	918	bio1	1.708443	2.793331	17.770179
MGYG000002331__gradient_L5_pectin_gapseq	1946	2421	918	bio1	1.708443	2.714771	17.733548
MGYG000002331__gradient_L6_resistant_starch_gapseq	1946	2421	918	bio1	2.305256	2.728317	17.950411
MGYG000002331__gradient_L7_bglucan_gapseq	1946	2421	918	bio1	2.305256	2.897387	17.571116
MGYG000002331__gradient_L8_hmo_gapseq	1946	2421	918	bio1	2.305256	2.814698	17.931506
MGYG000002331__gradient_L9_mos_gapseq	1946	2421	918	bio1	2.399610	2.714259	18.020755
MGYG000002332__gradient_L0_base_gapseq	1185	1314	362	bio1	0.290395	1.521827	5.572837
MGYG000002332__gradient_L1_inulin_gapseq	1185	1314	362	bio1	0.350976	1.335017	5.686880
MGYG000002332__gradient_L2_fos_gapseq	1185	1314	362	bio1	0.350976	1.353584	5.546770
MGYG000002332__gradient_L3_gos_gapseq	1185	1314	362	bio1	0.350976	1.465612	5.489020
MGYG000002332__gradient_L4_xos_gapseq	1185	1314	362	bio1	0.350976	1.352095	5.520792
MGYG000002332__gradient_L5_pectin_gapseq	1185	1314	362	bio1	0.350976	1.535144	5.384529
MGYG000002332__gradient_L6_resistant_starch_gapseq	1185	1314	362	bio1	0.350976	1.328462	5.625875
MGYG000002332__gradient_L7_bglucan_gapseq	1185	1314	362	bio1	0.350976	1.373783	5.671283
MGYG000002332__gradient_L8_hmo_gapseq	1185	1314	362	bio1	0.350976	1.579441	5.531665
MGYG000002332__gradient_L9_mos_gapseq	1185	1314	362	bio1	0.350976	1.342890	5.601236
MGYG000002333__gradient_L0_base_gapseq	1218	1332	367	bio1	0.282614	1.539175	5.521253
MGYG000002333__gradient_L1_inulin_gapseq	1218	1332	367	bio1	0.282614	1.376995	5.727261
MGYG000002333__gradient_L2_fos_gapseq	1218	1332	367	bio1	0.282614	1.365160	5.601924
MGYG000002333__gradient_L3_gos_gapseq	1218	1332	367	bio1	0.282614	1.500074	5.593242
MGYG000002333__gradient_L4_xos_gapseq	1218	1332	367	bio1	0.282614	1.333060	5.538152
MGYG000002333__gradient_L5_pectin_gapseq	1218	1332	367	bio1	0.282614	1.506467	5.535372
MGYG000002333__gradient_L6_resistant_starch_gapseq	1218	1332	367	bio1	0.282614	1.363774	5.751276
MGYG000002333__gradient_L7_bglucan_gapseq	1218	1332	367	bio1	0.282614	1.355714	5.534204
MGYG000002333__gradient_L8_hmo_gapseq	1218	1332	367	bio1	0.282614	1.507257	5.646549
MGYG000002333__gradient_L9_mos_gapseq	1218	1332	367	bio1	0.282614	1.357051	5.769611
MGYG000002335__gradient_L0_base_gapseq	2155	2649	1068	bio1	1.575100	3.089719	21.700744
MGYG000002335__gradient_L1_inulin_gapseq	2155	2649	1068	bio1	1.872434	2.931801	21.855110
MGYG000002335__gradient_L2_fos_gapseq	2155	2649	1068	bio1	1.872434	2.999840	21.381954
MGYG000002335__gradient_L3_gos_gapseq	2155	2649	1068	bio1	2.201789	3.009554	21.615902
MGYG000002335__gradient_L4_xos_gapseq	2155	2649	1068	bio1	2.363813	3.060137	21.523218
MGYG000002335__gradient_L5_pectin_gapseq	2155	2649	1068	bio1	2.363813	3.052060	21.633543
MGYG000002335__gradient_L6_resistant_starch_gapseq	2155	2649	1068	bio1	2.978717	3.060146	21.560511
MGYG000002335__gradient_L7_bglucan_gapseq	2155	2649	1068	bio1	3.187911	2.849805	21.809234
MGYG000002335__gradient_L8_hmo_gapseq	2155	2649	1068	bio1	3.187911	3.002102	21.611848
MGYG000002335__gradient_L9_mos_gapseq	2155	2649	1068	bio1	3.195793	3.140335	21.601808
MGYG000002337__gradient_L0_base_gapseq	1818	2218	572	bio1	1.257562	2.538570	14.863549
MGYG000002337__gradient_L1_inulin_gapseq	1818	2218	572	bio1	1.527445	2.364238	14.613304
MGYG000002337__gradient_L2_fos_gapseq	1818	2218	572	bio1	1.527445	2.520308	15.078914
MGYG000002337__gradient_L3_gos_gapseq	1818	2218	572	bio1	1.734750	2.362857	14.913490
MGYG000002337__gradient_L4_xos_gapseq	1818	2218	572	bio1	1.797551	2.633818	14.872151
MGYG000002337__gradient_L5_pectin_gapseq	1818	2218	572	bio1	1.797551	2.376776	15.055377
MGYG000002337__gradient_L6_resistant_starch_gapseq	1818	2218	572	bio1	2.366538	2.336881	15.191730
MGYG000002337__gradient_L7_bglucan_gapseq	1818	2218	572	bio1	2.557686	2.469717	14.925219
MGYG000002337__gradient_L8_hmo_gapseq	1818	2218	572	bio1	2.557686	2.327607	15.154983
MGYG000002337__gradient_L9_mos_gapseq	1818	2218	572	bio1	2.689573	2.590692	14.852100
MGYG000002340__gradient_L0_base_gapseq	1547	1737	507	bio1	0.656040	1.838223	9.223031
MGYG000002340__gradient_L1_inulin_gapseq	1547	1737	507	bio1	0.656040	1.875817	9.281642
MGYG000002340__gradient_L2_fos_gapseq	1547	1737	507	bio1	0.656040	1.808214	9.037343
MGYG000002340__gradient_L3_gos_gapseq	1547	1737	507	bio1	0.786501	2.069875	9.313507
MGYG000002340__gradient_L4_xos_gapseq	1547	1737	507	bio1	0.786501	2.006023	9.010612
MGYG000002340__gradient_L5_pectin_gapseq	1547	1737	507	bio1	0.786501	2.004512	8.966070
MGYG000002340__gradient_L6_resistant_starch_gapseq	1547	1737	507	bio1	1.484166	1.992131	9.112139
MGYG000002340__gradient_L7_bglucan_gapseq	1547	1737	507	bio1	1.484166	2.037188	9.096521
MGYG000002340__gradient_L8_hmo_gapseq	1547	1737	507	bio1	1.649897	1.926637	9.426198
MGYG000002340__gradient_L9_mos_gapseq	1547	1737	507	bio1	1.649897	1.893972	9.196124
MGYG000002341__gradient_L0_base_gapseq	1829	2050	637	bio1	0.525399	2.497158	12.723826
MGYG000002341__gradient_L1_inulin_gapseq	1829	2050	637	bio1	0.639619	2.393759	12.801919
MGYG000002341__gradient_L2_fos_gapseq	1829	2050	637	bio1	0.639619	2.334231	12.867042
MGYG000002341__gradient_L3_gos_gapseq	1829	2050	637	bio1	0.639619	2.177626	12.959841
MGYG000002341__gradient_L4_xos_gapseq	1829	2050	637	bio1	0.639619	2.216034	12.781792
MGYG000002341__gradient_L5_pectin_gapseq	1829	2050	637	bio1	0.639619	2.196163	12.984610
MGYG000002341__gradient_L6_resistant_starch_gapseq	1829	2050	637	bio1	0.639619	2.318338	12.708761
MGYG000002341__gradient_L7_bglucan_gapseq	1829	2050	637	bio1	0.639619	2.487716	12.735718
MGYG000002341__gradient_L8_hmo_gapseq	1829	2050	637	bio1	0.639619	2.400849	12.719244
MGYG000002341__gradient_L9_mos_gapseq	1829	2050	637	bio1	0.639619	2.360541	12.789701
MGYG000002346__gradient_L0_base_gapseq	2033	2281	777	bio1	0.563956	2.765897	15.901102
MGYG000002346__gradient_L1_inulin_gapseq	2033	2281	777	bio1	0.686430	2.638945	15.714624
MGYG000002346__gradient_L2_fos_gapseq	2033	2281	777	bio1	0.686430	2.529660	15.965210
MGYG000002346__gradient_L3_gos_gapseq	2033	2281	777	bio1	0.686430	2.502640	15.863327
MGYG000002346__gradient_L4_xos_gapseq	2033	2281	777	bio1	0.686430	2.627368	15.477576
MGYG000002346__gradient_L5_pectin_gapseq	2033	2281	777	bio1	0.686430	2.744324	15.649109
MGYG000002346__gradient_L6_resistant_starch_gapseq	2033	2281	777	bio1	0.781620	2.630968	15.963878
MGYG000002346__gradient_L7_bglucan_gapseq	2033	2281	777	bio1	0.781620	2.533104	15.834833
MGYG000002346__gradient_L8_hmo_gapseq	2033	2281	777	bio1	0.781620	2.687644	15.825671
MGYG000002346__gradient_L9_mos_gapseq	2033	2281	777	bio1	0.781620	2.663322	15.698323
MGYG000002348__gradient_L0_base_gapseq	1226	1396	311	bio1	0.367436	1.483657	5.946706
MGYG000002348__gradient_L1_inulin_gapseq	1226	1396	311	bio1	0.526332	1.535772	5.892452
MGYG000002348__gradient_L2_fos_gapseq	1226	1396	311	bio1	0.526332	1.451290	6.084111
MGYG000002348__gradient_L3_gos_gapseq	1226	1396	311	bio1	0.690193	1.483628	5.863688
MGYG000002348__gradient_L4_xos_gapseq	1226	1396	311	bio1	0.690193	1.544667	6.033334
MGYG000002348__gradient_L5_pectin_gapseq	1226	1396	311	bio1	0.690193	1.425240	6.175883
MGYG000002348__gradient_L6_resistant_starch_gapseq	1226	1396	311	bio1	1.049099	1.414078	5.981668
MGYG000002348__gradient_L7_bglucan_gapseq	1226	1396	311	bio1	1.049099	1.595790	6.003143
MGYG000002348__gradient_L8_hmo_gapseq	1226	1396	311	bio1	1.049099	1.594160	5.936292
MGYG000002348__gradient_L9_mos_gapseq	1226	1396	311	bio1	1.126991	1.408851	6.019299
MGYG000002352__gradient_L0_base_gapseq	1343	1445	382	bio1	0.000000	1.518165	0.075479
MGYG000002352__gradient_L1_inulin_gapseq	1343	1445	382	bio1	0.000000	1.627751	0.090786
MGYG000002352__gradient_L2_fos_gapseq	1343	1445	382	bio1	0.000000	1.569478	0.087923
MGYG000002352__gradient_L3_gos_gapseq	1343	1445	382	bio1	0.328441	1.664573	6.538756
MGYG000002352__gradient_L4_xos_gapseq	1343	1445	382	bio1	0.342826	1.542909	6.877720
MGYG000002352__gradient_L5_pectin_gapseq	1343	1445	382	bio1	0.342826	1.495543	6.629173
MGYG000002352__gradient_L6_resistant_starch_gapseq	1343	1445	382	bio1	0.457903	1.664009	6.592030
MGYG000002352__gradient_L7_bglucan_gapseq	1343	1445	382	bio1	0.457903	1.635603	6.698241
MGYG000002352__gradient_L8_hmo_gapseq	1343	1445	382	bio1	0.457903	1.530178	6.720232
MGYG000002352__gradient_L9_mos_gapseq	1343	1445	382	bio1	0.457903	1.488991	6.520343
MGYG000002353__gradient_L0_base_gapseq	1416	1759	499	bio1	0.933620	1.793841	9.407975
MGYG000002353__gradient_L1_inulin_gapseq	1416	1759	499	bio1	1.158915	1.786865	9.272123
MGYG000002353__gradient_L2_fos_gapseq	1416	1759	499	bio1	1.158915	1.820924	9.100986
MGYG000002353__gradient_L3_gos_gapseq	1416	1759	499	bio1	1.406275	2.021836	9.185218
MGYG000002353__gradient_L4_xos_gapseq	1416	1759	499	bio1	1.468114	1.947603	9.293509
MGYG000002353__gradient_L5_pectin_gapseq	1416	1759	499	bio1	1.500180	2.082931	9.099040
MGYG000002353__gradient_L6_resistant_starch_gapseq	1416	1759	499	bio1	2.022383	1.966592	9.235953
MGYG000002353__gradient_L7_bglucan_gapseq	1416	1759	499	bio1	2.194160	2.025607	9.099087
MGYG000002353__gradient_L8_hmo_gapseq	1416	1759	499	bio1	2.194160	1.818061	9.511090
MGYG000002353__gradient_L9_mos_gapseq	1416	1759	499	bio1	2.304098	1.793724	9.365342
MGYG000002359__gradient_L0_base_gapseq	2055	2402	840	bio1	0.277512	2.787656	18.182683
MGYG000002359__gradient_L1_inulin_gapseq	2055	2402	840	bio1	0.392587	2.730108	17.898042
MGYG000002359__gradient_L2_fos_gapseq	2055	2402	840	bio1	0.392587	2.741806	18.155788
MGYG000002359__gradient_L3_gos_gapseq	2055	2402	840	bio1	0.455935	2.759450	18.048040
MGYG000002359__gradient_L4_xos_gapseq	2055	2402	840	bio1	0.517718	2.772717	17.600325
MGYG000002359__gradient_L5_pectin_gapseq	2055	2402	840	bio1	0.517718	2.889296	18.060943
MGYG000002359__gradient_L6_resistant_starch_gapseq	2055	2402	840	bio1	0.980765	2.692963	17.907916
MGYG000002359__gradient_L7_bglucan_gapseq	2055	2402	840	bio1	0.980765	2.770471	17.691852
MGYG000002359__gradient_L8_hmo_gapseq	2055	2402	840	bio1	0.980765	2.991683	17.755884
MGYG000002359__gradient_L9_mos_gapseq	2055	2402	840	bio1	1.069180	2.677625	17.981311
MGYG000002360__gradient_L0_base_gapseq	1168	1360	289	bio1	0.137975	1.287969	5.613893
MGYG000002360__gradient_L1_inulin_gapseq	1168	1360	289	bio1	0.295672	1.636663	5.552856
MGYG000002360__gradient_L2_fos_gapseq	1168	1360	289	bio1	0.295672	1.340801	5.620096
MGYG000002360__gradient_L3_gos_gapseq	1168	1360	289	bio1	0.456724	1.334374	5.543656
MGYG000002360__gradient_L4_xos_gapseq	1168	1360	289	bio1	0.488473	1.494587	5.648934
MGYG000002360__gradient_L5_pectin_gapseq	1168	1360	289	bio1	0.488473	1.335679	5.682538
MGYG000002360__gradient_L6_resistant_starch_gapseq	1168	1360	289	bio1	0.842541	1.371534	5.667729
MGYG000002360__gradient_L7_bglucan_gapseq	1168	1360	289	bio1	0.842541	1.502727	5.728667
MGYG000002360__gradient_L8_hmo_gapseq	1168	1360	289	bio1	0.842541	1.372763	5.721572
MGYG000002360__gradient_L9_mos_gapseq	1168	1360	289	bio1	0.921223	1.365639	5.625135
MGYG000002364__gradient_L0_base_gapseq	1343	1439	390	bio1	0.200142	1.550818	6.709759
MGYG000002364__gradient_L1_inulin_gapseq	1343	1439	390	bio1	0.327512	1.663373	6.380649
MGYG000002364__gradient_L2_fos_gapseq	1343	1439	390	bio1	0.327512	1.521500	6.586986
MGYG000002364__gradient_L3_gos_gapseq	1343	1439	390	bio1	0.327512	1.587528	6.477722
MGYG000002364__gradient_L4_xos_gapseq	1343	1439	390	bio1	0.327512	1.624692	6.320745
MGYG000002364__gradient_L5_pectin_gapseq	1343	1439	390	bio1	0.327512	1.677812	6.542141
MGYG000002364__gradient_L6_resistant_starch_gapseq	1343	1439	390	bio1	0.327512	1.513369	6.599005
MGYG000002364__gradient_L7_bglucan_gapseq	1343	1439	390	bio1	0.327512	1.512569	6.425401
MGYG000002364__gradient_L8_hmo_gapseq	1343	1439	390	bio1	0.327512	1.694772	6.421286
MGYG000002364__gradient_L9_mos_gapseq	1343	1439	390	bio1	0.327512	1.643399	6.493694
MGYG000002383__gradient_L0_base_gapseq	1528	1844	505	bio1	0.874482	2.117964	10.441814
MGYG000002383__gradient_L1_inulin_gapseq	1528	1844	505	bio1	1.101803	2.099789	10.424071
MGYG000002383__gradient_L2_fos_gapseq	1528	1844	505	bio1	1.101803	2.201303	10.183264
MGYG000002383__gradient_L3_gos_gapseq	1528	1844	505	bio1	1.324486	2.143523	10.463109
MGYG000002383__gradient_L4_xos_gapseq	1528	1844	505	bio1	1.449745	2.057014	10.406929
MGYG000002383__gradient_L5_pectin_gapseq	1528	1844	505	bio1	1.482219	2.084889	10.395546
MGYG000002383__gradient_L6_resistant_starch_gapseq	1528	1844	505	bio1	2.011090	2.109685	10.361208
MGYG000002383__gradient_L7_bglucan_gapseq	1528	1844	505	bio1	2.185060	2.085862	10.283804
MGYG000002383__gradient_L8_hmo_gapseq	1528	1844	505	bio1	2.185060	2.166521	10.354560
MGYG000002383__gradient_L9_mos_gapseq	1528	1844	505	bio1	2.296401	2.145009	10.369769
MGYG000002385__gradient_L0_base_gapseq	2051	2431	894	bio1	1.422820	2.579311	18.496918
MGYG000002385__gradient_L1_inulin_gapseq	2051	2431	894	bio1	1.586319	2.724608	18.277055
MGYG000002385__gradient_L2_fos_gapseq	2051	2431	894	bio1	1.586319	2.587896	18.348369
MGYG000002385__gradient_L3_gos_gapseq	2051	2431	894	bio1	1.682667	2.712396	18.531330
MGYG000002385__gradient_L4_xos_gapseq	2051	2431	894	bio1	1.873902	2.760122	18.132720
MGYG000002385__gradient_L5_pectin_gapseq	2051	2431	894	bio1	1.873902	2.814459	18.109021
MGYG000002385__gradient_L6_resistant_starch_gapseq	2051	2431	894	bio1	2.276100	2.597960	18.204782
MGYG000002385__gradient_L7_bglucan_gapseq	2051	2431	894	bio1	2.276100	2.640353	18.356690
MGYG000002385__gradient_L8_hmo_gapseq	2051	2431	894	bio1	2.276100	2.806699	18.488747
MGYG000002385__gradient_L9_mos_gapseq	2051	2431	894	bio1	2.276100	2.713340	18.123886
MGYG000002387__gradient_L0_base_gapseq	1191	1387	316	bio1	0.387535	1.610914	5.748885
MGYG000002387__gradient_L1_inulin_gapseq	1191	1387	316	bio1	0.546528	1.381618	5.981999
MGYG000002387__gradient_L2_fos_gapseq	1191	1387	316	bio1	0.546528	1.388817	5.923492
MGYG000002387__gradient_L3_gos_gapseq	1191	1387	316	bio1	0.665773	1.516654	5.918854
MGYG000002387__gradient_L4_xos_gapseq	1191	1387	316	bio1	0.665773	1.442959	5.967984
MGYG000002387__gradient_L5_pectin_gapseq	1191	1387	316	bio1	0.665773	1.423426	5.850857
MGYG000002387__gradient_L6_resistant_starch_gapseq	1191	1387	316	bio1	1.025071	1.583407	5.783607
MGYG000002387__gradient_L7_bglucan_gapseq	1191	1387	316	bio1	1.025071	1.542613	5.997398
MGYG000002387__gradient_L8_hmo_gapseq	1191	1387	316	bio1	1.025071	1.374271	5.758995
MGYG000002387__gradient_L9_mos_gapseq	1191	1387	316	bio1	1.102254	1.577691	5.809729
MGYG000002389__gradient_L0_base_gapseq	1385	1663	386	bio1	0.671226	1.719031	8.342123
MGYG000002389__gradient_L1_inulin_gapseq	1385	1663	386	bio1	0.830013	1.841159	8.409524
MGYG000002389__gradient_L2_fos_gapseq	1385	1663	386	bio1	0.830013	1.837270	8.400578
MGYG000002389__gradient_L3_gos_gapseq	1385	1663	386	bio1	0.974365	1.885004	8.361711
MGYG000002389__gradient_L4_xos_gapseq	1385	1663	386	bio1	1.024888	1.642094	8.689097
MGYG000002389__gradient_L5_pectin_gapseq	1385	1663	386	bio1	1.024888	1.680782	8.445615
MGYG000002389__gradient_L6_resistant_starch_gapseq	1385	1663	386	bio1	1.378550	1.700917	8.306832
MGYG000002389__gradient_L7_bglucan_gapseq	1385	1663	386	bio1	1.501249	1.810428	8.319251
MGYG000002389__gradient_L8_hmo_gapseq	1385	1663	386	bio1	1.501249	1.863082	8.241300
MGYG000002389__gradient_L9_mos_gapseq	1385	1663	386	bio1	1.578237	1.831510	8.388038
MGYG000002395__gradient_L0_base_gapseq	1233	1517	346	bio1	0.000000	1.510272	0.086844
MGYG000002395__gradient_L1_inulin_gapseq	1233	1517	346	bio1	0.000000	1.577218	0.111339
MGYG000002395__gradient_L2_fos_gapseq	1233	1517	346	bio1	0.000000	1.515425	0.093092
MGYG000002395__gradient_L3_gos_gapseq	1233	1517	346	bio1	0.836133	1.717843	6.816759
MGYG000002395__gradient_L4_xos_gapseq	1233	1517	346	bio1	0.898325	1.504342	7.117778
MGYG000002395__gradient_L5_pectin_gapseq	1233	1517	346	bio1	0.898325	1.558018	6.972013
MGYG000002395__gradient_L6_resistant_starch_gapseq	1233	1517	346	bio1	1.391730	1.505715	6.760202
MGYG000002395__gradient_L7_bglucan_gapseq	1233	1517	346	bio1	1.559815	1.650900	6.972394
MGYG000002395__gradient_L8_hmo_gapseq	1233	1517	346	bio1	1.559815	1.530569	6.972610
MGYG000002395__gradient_L9_mos_gapseq	1233	1517	346	bio1	1.559815	1.514319	6.893624
MGYG000002396__gradient_L0_base_gapseq	1237	1492	326	bio1	0.000000	1.591387	0.090799
MGYG000002396__gradient_L1_inulin_gapseq	1237	1492	326	bio1	0.871351	1.715569	6.699308
MGYG000002396__gradient_L2_fos_gapseq	1237	1492	326	bio1	0.871351	1.559156	6.940762
MGYG000002396__gradient_L3_gos_gapseq	1237	1492	326	bio1	1.079660	1.529423	6.633720
MGYG000002396__gradient_L4_xos_gapseq	1237	1492	326	bio1	1.119240	1.726034	6.671092
MGYG000002396__gradient_L5_pectin_gapseq	1237	1492	326	bio1	1.119240	1.710469	6.813806
MGYG000002396__gradient_L6_resistant_starch_gapseq	1237	1492	326	bio1	1.570019	1.637491	6.851270
MGYG000002396__gradient_L7_bglucan_gapseq	1237	1492	326	bio1	1.570019	1.584163	6.655951
MGYG000002396__gradient_L8_hmo_gapseq	1237	1492	326	bio1	1.679965	1.694852	6.712104
MGYG000002396__gradient_L9_mos_gapseq	1237	1492	326	bio1	1.679965	1.678153	6.815619
MGYG000002399__gradient_L0_base_gapseq	1705	2049	496	bio1	1.107029	2.331035	12.251141
MGYG000002399__gradient_L1_inulin_gapseq	1705	2049	496	bio1	1.370739	2.260088	12.345296
MGYG000002399__gradient_L2_fos_gapseq	1705	2049	496	bio1	1.370739	2.125104	12.532211
MGYG000002399__gradient_L3_gos_gapseq	1705	2049	496	bio1	1.569196	2.114220	12.315437
MGYG000002399__gradient_L4_xos_gapseq	1705	2049	496	bio1	1.650199	2.193227	12.398019
MGYG000002399__gradient_L5_pectin_gapseq	1705	2049	496	bio1	1.650199	2.218297	12.397657
MGYG000002399__gradient_L6_resistant_starch_gapseq	1705	2049	496	bio1	2.233823	2.135209	12.520587
MGYG000002399__gradient_L7_bglucan_gapseq	1705	2049	496	bio1	2.427840	2.181582	12.474162
MGYG000002399__gradient_L8_hmo_gapseq	1705	2049	496	bio1	2.427840	2.332517	12.343713
MGYG000002399__gradient_L9_mos_gapseq	1705	2049	496	bio1	2.552662	2.305150	12.687035
MGYG000002401__gradient_L0_base_gapseq	1562	1840	461	bio1	0.000000	1.924763	0.140530
MGYG000002401__gradient_L1_inulin_gapseq	1562	1840	461	bio1	0.000000	2.079647	0.120351
MGYG000002401__gradient_L2_fos_gapseq	1562	1840	461	bio1	0.000000	1.993887	0.136848
MGYG000002401__gradient_L3_gos_gapseq	1562	1840	461	bio1	0.000000	1.913485	0.128656
MGYG000002401__gradient_L4_xos_gapseq	1562	1840	461	bio1	0.000000	2.088846	0.131608
MGYG000002401__gradient_L5_pectin_gapseq	1562	1840	461	bio1	0.000000	2.046817	0.129106
MGYG000002401__gradient_L6_resistant_starch_gapseq	1562	1840	461	bio1	1.675024	1.934922	10.571925
MGYG000002401__gradient_L7_bglucan_gapseq	1562	1840	461	bio1	1.880214	1.897009	10.026256
MGYG000002401__gradient_L8_hmo_gapseq	1562	1840	461	bio1	1.880214	2.088453	10.094796
MGYG000002401__gradient_L9_mos_gapseq	1562	1840	461	bio1	2.012418	2.116363	10.034715
MGYG000002405__gradient_L0_base_gapseq	1317	1504	338	bio1	0.208851	1.657113	6.878314
MGYG000002405__gradient_L1_inulin_gapseq	1317	1504	338	bio1	0.398725	1.739025	7.047383
MGYG000002405__gradient_L2_fos_gapseq	1317	1504	338	bio1	0.398725	1.593722	7.045439
MGYG000002405__gradient_L3_gos_gapseq	1317	1504	338	bio1	0.555371	1.559633	6.880532
MGYG000002405__gradient_L4_xos_gapseq	1317	1504	338	bio1	0.632536	1.634430	6.932025
MGYG000002405__gradient_L5_pectin_gapseq	1317	1504	338	bio1	0.632536	1.654705	6.896458
MGYG000002405__gradient_L6_resistant_starch_gapseq	1317	1504	338	bio1	1.027346	1.575926	7.090560
MGYG000002405__gradient_L7_bglucan_gapseq	1317	1504	338	bio1	1.027346	1.495283	6.821514
MGYG000002405__gradient_L8_hmo_gapseq	1317	1504	338	bio1	1.027346	1.849250	6.885498
MGYG000002405__gradient_L9_mos_gapseq	1317	1504	338	bio1	1.119485	1.756263	6.865602
MGYG000002406__gradient_L0_base_gapseq	1656	1954	570	bio1	0.378110	2.083623	11.447644
MGYG000002406__gradient_L1_inulin_gapseq	1656	1954	570	bio1	0.611328	2.150031	11.416860
MGYG000002406__gradient_L2_fos_gapseq	1656	1954	570	bio1	0.611328	2.161093	11.453046
MGYG000002406__gradient_L3_gos_gapseq	1656	1954	570	bio1	0.704139	2.115756	11.561588
MGYG000002406__gradient_L4_xos_gapseq	1656	1954	570	bio1	0.763589	2.105455	11.530443
MGYG000002406__gradient_L5_pectin_gapseq	1656	1954	570	bio1	0.763589	2.114210	11.410272
MGYG000002406__gradient_L6_resistant_starch_gapseq	1656	1954	570	bio1	1.254936	2.121273	11.518365
MGYG000002406__gradient_L7_bglucan_gapseq	1656	1954	570	bio1	1.254936	2.235179	11.464537
MGYG000002406__gradient_L8_hmo_gapseq	1656	1954	570	bio1	1.254936	2.126830	11.557084
MGYG000002406__gradient_L9_mos_gapseq	1656	1954	570	bio1	1.356774	2.091288	11.572604
MGYG000002420__gradient_L0_base_gapseq	1403	1575	406	bio1	0.393784	1.769123	7.636297
MGYG000002420__gradient_L1_inulin_gapseq	1403	1575	406	bio1	0.393784	1.663652	7.622710
MGYG000002420__gradient_L2_fos_gapseq	1403	1575	406	bio1	0.393784	1.686523	7.534602
MGYG000002420__gradient_L3_gos_gapseq	1403	1575	406	bio1	0.393784	1.596600	7.529465
MGYG000002420__gradient_L4_xos_gapseq	1403	1575	406	bio1	0.405947	1.703216	7.662104
MGYG000002420__gradient_L5_pectin_gapseq	1403	1575	406	bio1	0.405947	1.804561	7.605802
MGYG000002420__gradient_L6_resistant_starch_gapseq	1403	1575	406	bio1	0.951763	1.641425	7.676878
MGYG000002420__gradient_L7_bglucan_gapseq	1403	1575	406	bio1	1.127090	1.583085	7.501238
MGYG000002420__gradient_L8_hmo_gapseq	1403	1575	406	bio1	1.127090	1.784061	7.806797
MGYG000002420__gradient_L9_mos_gapseq	1403	1575	406	bio1	1.127090	1.815283	7.669819
MGYG000002423	0	0	0	NONE	0.000000	0.000000	0.000000
MGYG000002426__gradient_L0_base_gapseq	1280	1362	346	bio1	0.287388	1.387475	6.001729
MGYG000002426__gradient_L1_inulin_gapseq	1280	1362	346	bio1	0.435422	1.628579	5.885316
MGYG000002426__gradient_L2_fos_gapseq	1280	1362	346	bio1	0.435422	1.445363	6.169401
MGYG000002426__gradient_L3_gos_gapseq	1280	1362	346	bio1	0.435422	1.429146	6.055232
MGYG000002426__gradient_L4_xos_gapseq	1280	1362	346	bio1	0.435422	1.580512	5.920325
MGYG000002426__gradient_L5_pectin_gapseq	1280	1362	346	bio1	0.435422	1.524554	6.313420
MGYG000002426__gradient_L6_resistant_starch_gapseq	1280	1362	346	bio1	0.435422	1.466799	5.952020
MGYG000002426__gradient_L7_bglucan_gapseq	1280	1362	346	bio1	0.435422	1.530398	6.078104
MGYG000002426__gradient_L8_hmo_gapseq	1280	1362	346	bio1	0.435422	1.609133	5.944351
MGYG000002426__gradient_L9_mos_gapseq	1280	1362	346	bio1	0.435422	1.416696	6.208832
MGYG000002431__gradient_L0_base_gapseq	1285	1374	349	bio1	0.287388	1.408593	6.337189
MGYG000002431__gradient_L1_inulin_gapseq	1285	1374	349	bio1	0.435422	1.424730	6.033871
MGYG000002431__gradient_L2_fos_gapseq	1285	1374	349	bio1	0.435422	1.578887	5.945058
MGYG000002431__gradient_L3_gos_gapseq	1285	1374	349	bio1	0.435422	1.468394	6.274333
MGYG000002431__gradient_L4_xos_gapseq	1285	1374	349	bio1	0.435422	1.402673	6.227786
MGYG000002431__gradient_L5_pectin_gapseq	1285	1374	349	bio1	0.435422	1.554742	6.158181
MGYG000002431__gradient_L6_resistant_starch_gapseq	1285	1374	349	bio1	0.435422	1.597907	6.109344
MGYG000002431__gradient_L7_bglucan_gapseq	1285	1374	349	bio1	0.435422	1.407313	6.130255
MGYG000002431__gradient_L8_hmo_gapseq	1285	1374	349	bio1	0.435422	1.612329	6.020435
MGYG000002431__gradient_L9_mos_gapseq	1285	1374	349	bio1	0.435422	1.619322	6.056794
MGYG000002434__gradient_L0_base_gapseq	1255	1334	337	bio1	0.289501	1.575013	5.567979
MGYG000002434__gradient_L1_inulin_gapseq	1255	1334	337	bio1	0.435422	1.382147	5.975668
MGYG000002434__gradient_L2_fos_gapseq	1255	1334	337	bio1	0.435422	1.425190	5.643892
MGYG000002434__gradient_L3_gos_gapseq	1255	1334	337	bio1	0.435422	1.708230	5.649380
MGYG000002434__gradient_L4_xos_gapseq	1255	1334	337	bio1	0.435422	1.388113	5.786561
MGYG000002434__gradient_L5_pectin_gapseq	1255	1334	337	bio1	0.435422	1.348173	5.636756
MGYG000002434__gradient_L6_resistant_starch_gapseq	1255	1334	337	bio1	0.435422	1.561422	5.598298
MGYG000002434__gradient_L7_bglucan_gapseq	1255	1334	337	bio1	0.435422	1.385563	5.811297
MGYG000002434__gradient_L8_hmo_gapseq	1255	1334	337	bio1	0.435422	1.363288	5.821014
MGYG000002434__gradient_L9_mos_gapseq	1255	1334	337	bio1	0.435422	1.728530	5.759972
MGYG000002435__gradient_L0_base_gapseq	1265	1369	343	bio1	0.267979	1.465044	6.098745
MGYG000002435__gradient_L1_inulin_gapseq	1265	1369	343	bio1	0.405279	1.446602	5.916118
MGYG000002435__gradient_L2_fos_gapseq	1265	1369	343	bio1	0.405279	1.541421	6.062656
MGYG000002435__gradient_L3_gos_gapseq	1265	1369	343	bio1	0.405279	1.475890	6.144233
MGYG000002435__gradient_L4_xos_gapseq	1265	1369	343	bio1	0.405279	1.468607	6.006998
MGYG000002435__gradient_L5_pectin_gapseq	1265	1369	343	bio1	0.405279	1.569292	5.937852
MGYG000002435__gradient_L6_resistant_starch_gapseq	1265	1369	343	bio1	0.405279	1.467416	6.049609
MGYG000002435__gradient_L7_bglucan_gapseq	1265	1369	343	bio1	0.405279	1.494147	5.926502
MGYG000002435__gradient_L8_hmo_gapseq	1265	1369	343	bio1	0.405279	1.644593	6.045057
MGYG000002435__gradient_L9_mos_gapseq	1265	1369	343	bio1	0.405279	1.429327	6.174490
MGYG000002447__gradient_L0_base_gapseq	1319	1385	383	bio1	0.229282	1.493787	6.321766
MGYG000002447__gradient_L1_inulin_gapseq	1319	1385	383	bio1	0.296972	1.502806	5.978795
MGYG000002447__gradient_L2_fos_gapseq	1319	1385	383	bio1	0.296972	1.614258	6.057179
MGYG000002447__gradient_L3_gos_gapseq	1319	1385	383	bio1	0.296972	1.491866	6.179218
MGYG000002447__gradient_L4_xos_gapseq	1319	1385	383	bio1	0.296972	1.484083	6.087667
MGYG000002447__gradient_L5_pectin_gapseq	1319	1385	383	bio1	0.296972	1.695600	6.222989
MGYG000002447__gradient_L6_resistant_starch_gapseq	1319	1385	383	bio1	0.324814	1.836262	6.025037
MGYG000002447__gradient_L7_bglucan_gapseq	1319	1385	383	bio1	0.324814	1.480205	6.210465
MGYG000002447__gradient_L8_hmo_gapseq	1319	1385	383	bio1	0.324814	1.512496	5.978005
MGYG000002447__gradient_L9_mos_gapseq	1319	1385	383	bio1	0.324814	1.651085	5.985058
MGYG000002448__gradient_L0_base_gapseq	1379	1488	334	bio1	0.000000	1.560143	0.090354
MGYG000002448__gradient_L1_inulin_gapseq	1379	1488	334	bio1	0.000000	1.710949	0.098301
MGYG000002448__gradient_L2_fos_gapseq	1379	1488	334	bio1	0.000000	1.600053	0.092661
MGYG000002448__gradient_L3_gos_gapseq	1379	1488	334	bio1	0.000000	1.729299	0.093865
MGYG000002448__gradient_L4_xos_gapseq	1379	1488	334	bio1	0.674904	1.599209	7.016786
MGYG000002448__gradient_L5_pectin_gapseq	1379	1488	334	bio1	0.674904	1.588832	6.785983
MGYG000002448__gradient_L6_resistant_starch_gapseq	1379	1488	334	bio1	0.674904	1.772953	6.909434
MGYG000002448__gradient_L7_bglucan_gapseq	1379	1488	334	bio1	0.674904	1.766933	6.833844
MGYG000002448__gradient_L8_hmo_gapseq	1379	1488	334	bio1	0.674904	1.616221	7.009434
MGYG000002448__gradient_L9_mos_gapseq	1379	1488	334	bio1	0.674904	1.671457	6.726237
MGYG000002456__gradient_L0_base_gapseq	821	787	208	bio1	0.000000	0.767304	0.035967
MGYG000002456__gradient_L1_inulin_gapseq	821	787	208	bio1	0.000000	0.766431	0.028766
MGYG000002456__gradient_L2_fos_gapseq	821	787	208	bio1	0.000000	0.760275	0.034150
MGYG000002456__gradient_L3_gos_gapseq	821	787	208	bio1	0.000000	0.763641	0.038100
MGYG000002456__gradient_L4_xos_gapseq	821	787	208	bio1	0.000000	0.946745	0.026542
MGYG000002456__gradient_L5_pectin_gapseq	821	787	208	bio1	0.000000	0.776558	0.036936
MGYG000002456__gradient_L6_resistant_starch_gapseq	821	787	208	bio1	0.000000	0.776895	0.035822
MGYG000002456__gradient_L7_bglucan_gapseq	821	787	208	bio1	0.000000	0.781601	0.026092
MGYG000002456__gradient_L8_hmo_gapseq	821	787	208	bio1	0.000000	0.949213	0.036109
MGYG000002456__gradient_L9_mos_gapseq	821	787	208	bio1	0.000000	0.912616	0.032974
MGYG000002460__gradient_L0_base_gapseq	2222	2784	1124	bio1	1.485533	3.269243	23.802907
MGYG000002460__gradient_L1_inulin_gapseq	2222	2784	1124	bio1	1.819842	3.141493	23.492334
MGYG000002460__gradient_L2_fos_gapseq	2222	2784	1124	bio1	1.819842	3.270690	23.603637
MGYG000002460__gradient_L3_gos_gapseq	2222	2784	1124	bio1	2.159859	3.118834	23.410648
MGYG000002460__gradient_L4_xos_gapseq	2222	2784	1124	bio1	2.276100	3.116687	23.656555
MGYG000002460__gradient_L5_pectin_gapseq	2222	2784	1124	bio1	2.276100	3.186758	23.611934
MGYG000002460__gradient_L6_resistant_starch_gapseq	2222	2784	1124	bio1	2.276100	3.014999	23.689305
MGYG000002460__gradient_L7_bglucan_gapseq	2222	2784	1124	bio1	2.276100	3.171410	23.807449
MGYG000002460__gradient_L8_hmo_gapseq	2222	2784	1124	bio1	2.276100	3.126600	23.513176
MGYG000002460__gradient_L9_mos_gapseq	2222	2784	1124	bio1	2.276100	3.199855	24.066015
MGYG000002461__gradient_L0_base_gapseq	2187	2689	1116	bio1	1.635824	3.051225	22.221437
MGYG000002461__gradient_L1_inulin_gapseq	2187	2689	1116	bio1	1.801917	3.081380	21.794840
MGYG000002461__gradient_L2_fos_gapseq	2187	2689	1116	bio1	1.801917	3.263991	22.166928
MGYG000002461__gradient_L3_gos_gapseq	2187	2689	1116	bio1	2.127371	3.131585	21.918987
MGYG000002461__gradient_L4_xos_gapseq	2187	2689	1116	bio1	2.296482	3.039377	21.926842
MGYG000002461__gradient_L5_pectin_gapseq	2187	2689	1116	bio1	2.296482	3.101622	22.002182
MGYG000002461__gradient_L6_resistant_starch_gapseq	2187	2689	1116	bio1	2.886765	3.037617	21.907666
MGYG000002461__gradient_L7_bglucan_gapseq	2187	2689	1116	bio1	3.084947	2.990836	21.931756
MGYG000002461__gradient_L8_hmo_gapseq	2187	2689	1116	bio1	3.084947	3.190853	22.067121
MGYG000002461__gradient_L9_mos_gapseq	2187	2689	1116	bio1	3.195793	3.013178	22.093286
MGYG000002463__gradient_L0_base_gapseq	2307	2788	1290	bio1	1.161070	3.414776	23.931269
MGYG000002463__gradient_L1_inulin_gapseq	2307	2788	1290	bio1	1.313401	3.338048	23.920979
MGYG000002463__gradient_L2_fos_gapseq	2307	2788	1290	bio1	1.313401	3.358266	24.109216
MGYG000002463__gradient_L3_gos_gapseq	2307	2788	1290	bio1	1.401417	3.317640	23.840046
MGYG000002463__gradient_L4_xos_gapseq	2307	2788	1290	bio1	1.484151	3.198105	24.225472
MGYG000002463__gradient_L5_pectin_gapseq	2307	2788	1290	bio1	1.493343	3.285259	23.884597
MGYG000002463__gradient_L6_resistant_starch_gapseq	2307	2788	1290	bio1	2.104198	3.214907	23.639582
MGYG000002463__gradient_L7_bglucan_gapseq	2307	2788	1290	bio1	2.104198	3.267805	24.230313
MGYG000002463__gradient_L8_hmo_gapseq	2307	2788	1290	bio1	2.104198	3.303306	24.001244
MGYG000002463__gradient_L9_mos_gapseq	2307	2788	1290	bio1	2.210833	3.350112	24.076808
MGYG000002465__gradient_L0_base_gapseq	2209	2760	1154	bio1	1.733204	3.184284	22.550185
MGYG000002465__gradient_L1_inulin_gapseq	2209	2760	1154	bio1	2.058789	3.096444	22.476604
MGYG000002465__gradient_L2_fos_gapseq	2209	2760	1154	bio1	2.058789	3.155817	22.635757
MGYG000002465__gradient_L3_gos_gapseq	2209	2760	1154	bio1	2.404958	2.965723	22.751077
MGYG000002465__gradient_L4_xos_gapseq	2209	2760	1154	bio1	2.576036	3.107228	22.707326
MGYG000002465__gradient_L5_pectin_gapseq	2209	2760	1154	bio1	2.625273	3.150610	22.694645
MGYG000002465__gradient_L6_resistant_starch_gapseq	2209	2760	1154	bio1	3.195793	3.158283	22.546367
MGYG000002465__gradient_L7_bglucan_gapseq	2209	2760	1154	bio1	3.195793	2.940633	22.902517
MGYG000002465__gradient_L8_hmo_gapseq	2209	2760	1154	bio1	3.195793	3.041897	22.677003
MGYG000002465__gradient_L9_mos_gapseq	2209	2760	1154	bio1	3.195793	3.047617	22.992410
MGYG000002470__gradient_L0_base_gapseq	1552	1871	597	bio1	1.005260	2.138816	10.490943
MGYG000002470__gradient_L1_inulin_gapseq	1552	1871	597	bio1	1.178020	2.165899	10.524207
MGYG000002470__gradient_L2_fos_gapseq	1552	1871	597	bio1	1.178020	2.141628	10.368710
MGYG000002470__gradient_L3_gos_gapseq	1552	1871	597	bio1	1.296656	2.156666	10.610331
MGYG000002470__gradient_L4_xos_gapseq	1552	1871	597	bio1	1.492300	2.174013	10.436956
MGYG000002470__gradient_L5_pectin_gapseq	1552	1871	597	bio1	1.554740	2.186608	10.772844
MGYG000002470__gradient_L6_resistant_starch_gapseq	1552	1871	597	bio1	2.295836	1.944575	10.554585
MGYG000002470__gradient_L7_bglucan_gapseq	1552	1871	597	bio1	2.517587	1.962710	10.794159
MGYG000002470__gradient_L8_hmo_gapseq	1552	1871	597	bio1	2.517587	1.923415	10.573703
MGYG000002470__gradient_L9_mos_gapseq	1552	1871	597	bio1	2.661630	2.006022	10.678648
MGYG000002471__gradient_L0_base_gapseq	2165	2668	1074	bio1	1.575100	3.031088	21.319026
MGYG000002471__gradient_L1_inulin_gapseq	2165	2668	1074	bio1	1.872434	3.023114	21.307975
MGYG000002471__gradient_L2_fos_gapseq	2165	2668	1074	bio1	1.872434	2.761621	21.461690
MGYG000002471__gradient_L3_gos_gapseq	2165	2668	1074	bio1	2.194927	2.963071	21.139234
MGYG000002471__gradient_L4_xos_gapseq	2165	2668	1074	bio1	2.357474	2.941285	21.011956
MGYG000002471__gradient_L5_pectin_gapseq	2165	2668	1074	bio1	2.357474	2.916864	21.197109
MGYG000002471__gradient_L6_resistant_starch_gapseq	2165	2668	1074	bio1	2.972378	2.929746	21.082348
MGYG000002471__gradient_L7_bglucan_gapseq	2165	2668	1074	bio1	3.181572	2.916193	21.521454
MGYG000002471__gradient_L8_hmo_gapseq	2165	2668	1074	bio1	3.181572	2.964264	21.301311
MGYG000002471__gradient_L9_mos_gapseq	2165	2668	1074	bio1	3.195793	2.961546	21.450278
MGYG000002475__gradient_L0_base_gapseq	1673	1947	698	bio1	0.000000	2.079037	0.152801
MGYG000002475__gradient_L1_inulin_gapseq	1673	1947	698	bio1	0.000000	2.344181	0.157720
MGYG000002475__gradient_L2_fos_gapseq	1673	1947	698	bio1	0.000000	2.254422	0.157763
MGYG000002475__gradient_L3_gos_gapseq	1673	1947	698	bio1	1.401167	2.116520	11.721047
MGYG000002475__gradient_L4_xos_gapseq	1673	1947	698	bio1	1.516748	2.155730	11.600929
MGYG000002475__gradient_L5_pectin_gapseq	1673	1947	698	bio1	1.516748	2.223360	11.795802
MGYG000002475__gradient_L6_resistant_starch_gapseq	1673	1947	698	bio1	2.094658	2.340653	11.318737
MGYG000002475__gradient_L7_bglucan_gapseq	1673	1947	698	bio1	2.094658	2.373325	11.417842
MGYG000002475__gradient_L8_hmo_gapseq	1673	1947	698	bio1	2.228489	2.321438	11.360971
MGYG000002475__gradient_L9_mos_gapseq	1673	1947	698	bio1	2.228489	2.347513	11.449155
MGYG000002476__gradient_L0_base_gapseq	2163	2648	1038	bio1	1.385577	2.934884	21.928907
MGYG000002476__gradient_L1_inulin_gapseq	2163	2648	1038	bio1	1.643761	2.994124	21.577030
MGYG000002476__gradient_L2_fos_gapseq	2163	2648	1038	bio1	1.643761	2.976214	21.468258
MGYG000002476__gradient_L3_gos_gapseq	2163	2648	1038	bio1	1.925416	2.920485	21.773832
MGYG000002476__gradient_L4_xos_gapseq	2163	2648	1038	bio1	2.075632	2.907492	22.097573
MGYG000002476__gradient_L5_pectin_gapseq	2163	2648	1038	bio1	2.110839	3.049609	21.508586
MGYG000002476__gradient_L6_resistant_starch_gapseq	2163	2648	1038	bio1	2.646688	2.991634	21.731443
MGYG000002476__gradient_L7_bglucan_gapseq	2163	2648	1038	bio1	2.822652	2.865364	21.730293
MGYG000002476__gradient_L8_hmo_gapseq	2163	2648	1038	bio1	2.822652	2.940869	22.025335
MGYG000002476__gradient_L9_mos_gapseq	2163	2648	1038	bio1	2.944306	3.134515	21.751284
MGYG000002479__gradient_L0_base_gapseq	1256	1333	306	bio1	0.226120	1.389931	5.910111
MGYG000002479__gradient_L1_inulin_gapseq	1256	1333	306	bio1	0.226120	1.381685	5.681872
MGYG000002479__gradient_L2_fos_gapseq	1256	1333	306	bio1	0.226120	1.592313	5.947140
MGYG000002479__gradient_L3_gos_gapseq	1256	1333	306	bio1	0.226120	1.372592	6.164381
MGYG000002479__gradient_L4_xos_gapseq	1256	1333	306	bio1	0.226120	1.405367	5.593205
MGYG000002479__gradient_L5_pectin_gapseq	1256	1333	306	bio1	0.226120	1.486055	5.705174
MGYG000002479__gradient_L6_resistant_starch_gapseq	1256	1333	306	bio1	0.226120	1.468639	5.927312
MGYG000002479__gradient_L7_bglucan_gapseq	1256	1333	306	bio1	0.226120	1.400283	5.777663
MGYG000002479__gradient_L8_hmo_gapseq	1256	1333	306	bio1	0.226120	1.485925	5.611079
MGYG000002479__gradient_L9_mos_gapseq	1256	1333	306	bio1	0.226120	1.383882	5.958734
MGYG000002480__gradient_L0_base_gapseq	1199	1243	318	bio1	0.000000	1.459604	0.061950
MGYG000002480__gradient_L1_inulin_gapseq	1199	1243	318	bio1	0.000000	1.352705	0.060903
MGYG000002480__gradient_L2_fos_gapseq	1199	1243	318	bio1	0.000000	1.417266	0.062030
MGYG000002480__gradient_L3_gos_gapseq	1199	1243	318	bio1	0.000000	1.262011	0.065918
MGYG000002480__gradient_L4_xos_gapseq	1199	1243	318	bio1	0.000000	1.260899	0.196516
MGYG000002480__gradient_L5_pectin_gapseq	1199	1243	318	bio1	0.517854	1.280708	4.755499
MGYG000002480__gradient_L6_resistant_starch_gapseq	1199	1243	318	bio1	0.517854	1.459014	5.080684
MGYG000002480__gradient_L7_bglucan_gapseq	1199	1243	318	bio1	0.517854	1.298128	4.864194
MGYG000002480__gradient_L8_hmo_gapseq	1199	1243	318	bio1	0.517854	1.473495	4.889304
MGYG000002480__gradient_L9_mos_gapseq	1199	1243	318	bio1	0.517854	1.273107	4.970653
MGYG000002482__gradient_L0_base_gapseq	1112	1230	292	bio1	0.120224	1.342641	4.859581
MGYG000002482__gradient_L1_inulin_gapseq	1112	1230	292	bio1	0.248691	1.696857	4.901589
MGYG000002482__gradient_L2_fos_gapseq	1112	1230	292	bio1	0.248691	1.314148	5.155890
MGYG000002482__gradient_L3_gos_gapseq	1112	1230	292	bio1	0.326117	1.279340	4.789459
MGYG000002482__gradient_L4_xos_gapseq	1112	1230	292	bio1	0.326117	1.413485	4.827450
MGYG000002482__gradient_L5_pectin_gapseq	1112	1230	292	bio1	0.326117	1.295597	4.913245
MGYG000002482__gradient_L6_resistant_starch_gapseq	1112	1230	292	bio1	0.769557	1.468910	4.861249
MGYG000002482__gradient_L7_bglucan_gapseq	1112	1230	292	bio1	0.769557	1.285786	4.858165
MGYG000002482__gradient_L8_hmo_gapseq	1112	1230	292	bio1	0.769557	1.289109	4.888611
MGYG000002482__gradient_L9_mos_gapseq	1112	1230	292	bio1	0.769557	1.407583	4.879458
MGYG000002484__gradient_L0_base_gapseq	2211	2771	1085	bio1	1.242783	2.996972	22.726029
MGYG000002484__gradient_L1_inulin_gapseq	2211	2771	1085	bio1	1.589534	3.094597	22.663970
MGYG000002484__gradient_L2_fos_gapseq	2211	2771	1085	bio1	1.589534	3.124184	22.697548
MGYG000002484__gradient_L3_gos_gapseq	2211	2771	1085	bio1	1.930545	3.105529	22.679009
MGYG000002484__gradient_L4_xos_gapseq	2211	2771	1085	bio1	2.110025	3.192461	22.844710
MGYG000002484__gradient_L5_pectin_gapseq	2211	2771	1085	bio1	2.156966	3.412046	22.883648
MGYG000002484__gradient_L6_resistant_starch_gapseq	2211	2771	1085	bio1	2.833937	3.020163	23.316321
MGYG000002484__gradient_L7_bglucan_gapseq	2211	2771	1085	bio1	3.054417	3.235055	22.905146
MGYG000002484__gradient_L8_hmo_gapseq	2211	2771	1085	bio1	3.054417	3.127644	23.296019
MGYG000002484__gradient_L9_mos_gapseq	2211	2771	1085	bio1	3.197128	3.751804	24.081678
MGYG000002489__gradient_L0_base_gapseq	1519	1651	433	bio1	0.227797	1.781927	8.672870
MGYG000002489__gradient_L1_inulin_gapseq	1519	1651	433	bio1	0.303732	1.710918	8.435498
MGYG000002489__gradient_L2_fos_gapseq	1519	1651	433	bio1	0.303732	1.872982	8.479304
MGYG000002489__gradient_L3_gos_gapseq	1519	1651	433	bio1	0.303732	2.037394	8.324571
MGYG000002489__gradient_L4_xos_gapseq	1519	1651	433	bio1	0.303732	1.826471	8.464112
MGYG000002489__gradient_L5_pectin_gapseq	1519	1651	433	bio1	0.303732	1.764479	8.797458
MGYG000002489__gradient_L6_resistant_starch_gapseq	1519	1651	433	bio1	0.370176	1.698830	8.573662
MGYG000002489__gradient_L7_bglucan_gapseq	1519	1651	433	bio1	0.370176	1.737565	8.536419
MGYG000002489__gradient_L8_hmo_gapseq	1519	1651	433	bio1	0.370176	1.743551	8.507953
MGYG000002489__gradient_L9_mos_gapseq	1519	1651	433	bio1	0.370176	2.020496	8.668799
MGYG000002494__gradient_L0_base_gapseq	2282	2863	1321	bio1	1.784371	3.356873	24.440815
MGYG000002494__gradient_L1_inulin_gapseq	2282	2863	1321	bio1	2.120052	3.376326	24.737003
MGYG000002494__gradient_L2_fos_gapseq	2282	2863	1321	bio1	2.120052	3.141198	24.831153
MGYG000002494__gradient_L3_gos_gapseq	2282	2863	1321	bio1	2.471451	3.344952	24.799101
MGYG000002494__gradient_L4_xos_gapseq	2282	2863	1321	bio1	2.651703	3.306253	24.935477
MGYG000002494__gradient_L5_pectin_gapseq	2282	2863	1321	bio1	2.705365	3.411481	25.031089
MGYG000002494__gradient_L6_resistant_starch_gapseq	2282	2863	1321	bio1	3.419289	3.188105	25.212484
MGYG000002494__gradient_L7_bglucan_gapseq	2282	2863	1321	bio1	3.652131	4.037458	25.859624
MGYG000002494__gradient_L8_hmo_gapseq	2282	2863	1321	bio1	3.652131	3.526686	25.411567
MGYG000002494__gradient_L9_mos_gapseq	2282	2863	1321	bio1	3.803310	3.394485	24.809302
MGYG000002495__gradient_L0_base_gapseq	2314	2919	1354	bio1	1.801691	3.364051	25.592288
MGYG000002495__gradient_L1_inulin_gapseq	2314	2919	1354	bio1	2.121084	3.294662	25.354993
MGYG000002495__gradient_L2_fos_gapseq	2314	2919	1354	bio1	2.121084	3.315641	25.726472
MGYG000002495__gradient_L3_gos_gapseq	2314	2919	1354	bio1	2.454759	3.263487	25.449305
MGYG000002495__gradient_L4_xos_gapseq	2314	2919	1354	bio1	2.625213	3.362551	25.833800
MGYG000002495__gradient_L5_pectin_gapseq	2314	2919	1354	bio1	2.674031	3.375086	25.550401
MGYG000002495__gradient_L6_resistant_starch_gapseq	2314	2919	1354	bio1	3.355576	3.439127	26.131522
MGYG000002495__gradient_L7_bglucan_gapseq	2314	2919	1354	bio1	3.579836	3.375864	26.818588
MGYG000002495__gradient_L8_hmo_gapseq	2314	2919	1354	bio1	3.579836	3.624844	25.654471
MGYG000002495__gradient_L9_mos_gapseq	2314	2919	1354	bio1	3.725273	3.304138	25.762307
MGYG000002500__gradient_L0_base_gapseq	2290	2896	1298	bio1	1.260111	3.442518	24.845848
MGYG000002500__gradient_L1_inulin_gapseq	2290	2896	1298	bio1	1.595340	3.294082	24.931615
MGYG000002500__gradient_L2_fos_gapseq	2290	2896	1298	bio1	1.595340	3.411618	25.281442
MGYG000002500__gradient_L3_gos_gapseq	2290	2896	1298	bio1	1.935040	3.350240	25.300722
MGYG000002500__gradient_L4_xos_gapseq	2290	2896	1298	bio1	2.113829	3.409006	24.996564
MGYG000002500__gradient_L5_pectin_gapseq	2290	2896	1298	bio1	2.160589	3.333972	25.906771
MGYG000002500__gradient_L6_resistant_starch_gapseq	2290	2896	1298	bio1	2.835920	3.636673	26.471665
MGYG000002500__gradient_L7_bglucan_gapseq	2290	2896	1298	bio1	3.056026	3.333536	25.595357
MGYG000002500__gradient_L8_hmo_gapseq	2290	2896	1298	bio1	3.056026	3.323272	25.718332
MGYG000002500__gradient_L9_mos_gapseq	2290	2896	1298	bio1	3.198469	3.154207	25.499769
MGYG000002505__gradient_L0_base_gapseq	1542	1662	424	bio1	0.219815	1.697500	8.736948
MGYG000002505__gradient_L1_inulin_gapseq	1542	1662	424	bio1	0.320912	1.748194	8.641168
MGYG000002505__gradient_L2_fos_gapseq	1542	1662	424	bio1	0.320912	1.987829	8.703246
MGYG000002505__gradient_L3_gos_gapseq	1542	1662	424	bio1	0.320912	1.852009	8.551996
MGYG000002505__gradient_L4_xos_gapseq	1542	1662	424	bio1	0.320912	1.897470	8.690387
MGYG000002505__gradient_L5_pectin_gapseq	1542	1662	424	bio1	0.320912	1.740167	8.847064
MGYG000002505__gradient_L6_resistant_starch_gapseq	1542	1662	424	bio1	0.693662	1.751983	8.811760
MGYG000002505__gradient_L7_bglucan_gapseq	1542	1662	424	bio1	0.693662	1.725419	8.584626
MGYG000002505__gradient_L8_hmo_gapseq	1542	1662	424	bio1	0.693662	1.961074	8.590760
MGYG000002505__gradient_L9_mos_gapseq	1542	1662	424	bio1	0.693662	1.862329	8.676909
MGYG000002506__gradient_L0_base_gapseq	2344	2930	1347	bio1	1.788566	3.393877	25.895908
MGYG000002506__gradient_L1_inulin_gapseq	2344	2930	1347	bio1	2.105478	3.333631	26.199858
MGYG000002506__gradient_L2_fos_gapseq	2344	2930	1347	bio1	2.105478	3.371266	26.119312
MGYG000002506__gradient_L3_gos_gapseq	2344	2930	1347	bio1	2.439038	3.271647	27.135042
MGYG000002506__gradient_L4_xos_gapseq	2344	2930	1347	bio1	2.609499	3.848864	26.917003
MGYG000002506__gradient_L5_pectin_gapseq	2344	2930	1347	bio1	2.658319	3.470343	25.901619
MGYG000002506__gradient_L6_resistant_starch_gapseq	2344	2930	1347	bio1	3.339970	3.410338	26.180490
MGYG000002506__gradient_L7_bglucan_gapseq	2344	2930	1347	bio1	3.564240	3.207209	26.397504
MGYG000002506__gradient_L8_hmo_gapseq	2344	2930	1347	bio1	3.564240	3.286538	25.768094
MGYG000002506__gradient_L9_mos_gapseq	2344	2930	1347	bio1	3.709682	3.250660	26.097289
MGYG000002507__gradient_L0_base_gapseq	2237	2777	1207	bio1	1.740524	3.291689	23.849185
MGYG000002507__gradient_L1_inulin_gapseq	2237	2777	1207	bio1	1.901676	3.035372	23.920463
MGYG000002507__gradient_L2_fos_gapseq	2237	2777	1207	bio1	1.901676	3.628216	24.198968
MGYG000002507__gradient_L3_gos_gapseq	2237	2777	1207	bio1	2.238368	3.733425	24.456109
MGYG000002507__gradient_L4_xos_gapseq	2237	2777	1207	bio1	2.417641	3.089045	23.698185
MGYG000002507__gradient_L5_pectin_gapseq	2237	2777	1207	bio1	2.417641	3.348771	23.495696
MGYG000002507__gradient_L6_resistant_starch_gapseq	2237	2777	1207	bio1	3.122809	3.226343	23.797847
MGYG000002507__gradient_L7_bglucan_gapseq	2237	2777	1207	bio1	3.355030	3.155474	23.707883
MGYG000002507__gradient_L8_hmo_gapseq	2237	2777	1207	bio1	3.355030	3.154825	23.502998
MGYG000002507__gradient_L9_mos_gapseq	2237	2777	1207	bio1	3.505567	2.982146	23.564783
MGYG000002509__gradient_L0_base_gapseq	1231	1255	302	bio1	0.000000	1.302244	0.056859
MGYG000002509__gradient_L1_inulin_gapseq	1231	1255	302	bio1	0.276430	1.278543	5.169004
MGYG000002509__gradient_L2_fos_gapseq	1231	1255	302	bio1	0.276430	1.293273	5.104797
MGYG000002509__gradient_L3_gos_gapseq	1231	1255	302	bio1	0.276430	1.538047	4.916480
MGYG000002509__gradient_L4_xos_gapseq	1231	1255	302	bio1	0.276430	1.284052	5.210082
MGYG000002509__gradient_L5_pectin_gapseq	1231	1255	302	bio1	0.276430	1.313050	4.922098
MGYG000002509__gradient_L6_resistant_starch_gapseq	1231	1255	302	bio1	0.276430	1.456050	5.038862
MGYG000002509__gradient_L7_bglucan_gapseq	1231	1255	302	bio1	0.276430	1.275586	4.946879
MGYG000002509__gradient_L8_hmo_gapseq	1231	1255	302	bio1	0.276430	1.487424	5.249150
MGYG000002509__gradient_L9_mos_gapseq	1231	1255	302	bio1	0.276430	1.511749	5.433575
MGYG000002512__gradient_L0_base_gapseq	1971	2383	876	bio1	1.516697	2.629153	17.745894
MGYG000002512__gradient_L1_inulin_gapseq	1971	2383	876	bio1	1.668278	2.690674	17.874973
MGYG000002512__gradient_L2_fos_gapseq	1971	2383	876	bio1	1.668278	3.086549	18.039593
MGYG000002512__gradient_L3_gos_gapseq	1971	2383	876	bio1	1.975499	2.669302	18.464730
MGYG000002512__gradient_L4_xos_gapseq	1971	2383	876	bio1	2.043169	2.687804	18.232742
MGYG000002512__gradient_L5_pectin_gapseq	1971	2383	876	bio1	2.043169	2.706085	17.840940
MGYG000002512__gradient_L6_resistant_starch_gapseq	1971	2383	876	bio1	2.194749	2.721974	17.576809
MGYG000002512__gradient_L7_bglucan_gapseq	1971	2383	876	bio1	2.194749	2.655410	17.490332
MGYG000002512__gradient_L8_hmo_gapseq	1971	2383	876	bio1	2.194749	2.532269	17.872806
MGYG000002512__gradient_L9_mos_gapseq	1971	2383	876	bio1	2.341628	2.558633	17.833692
MGYG000002516__gradient_L0_base_gapseq	2073	2534	816	bio1	1.340662	2.907532	19.295639
MGYG000002516__gradient_L1_inulin_gapseq	2073	2534	816	bio1	1.621137	2.681462	19.854158
MGYG000002516__gradient_L2_fos_gapseq	2073	2534	816	bio1	1.621137	2.654249	19.805709
MGYG000002516__gradient_L3_gos_gapseq	2073	2534	816	bio1	1.914233	2.846129	19.327876
MGYG000002516__gradient_L4_xos_gapseq	2073	2534	816	bio1	1.975505	2.737530	19.109107
MGYG000002516__gradient_L5_pectin_gapseq	2073	2534	816	bio1	1.975505	2.738825	19.435945
MGYG000002516__gradient_L6_resistant_starch_gapseq	2073	2534	816	bio1	2.276100	2.847021	19.082570
MGYG000002516__gradient_L7_bglucan_gapseq	2073	2534	816	bio1	2.276100	2.677176	19.493238
MGYG000002516__gradient_L8_hmo_gapseq	2073	2534	816	bio1	2.276100	2.743755	19.065497
MGYG000002516__gradient_L9_mos_gapseq	2073	2534	816	bio1	2.276100	2.851165	19.103085
MGYG000002517__gradient_L0_base_gapseq	1501	1740	455	bio1	0.000000	1.898784	0.114344
MGYG000002517__gradient_L1_inulin_gapseq	1501	1740	455	bio1	0.000000	1.867388	0.110559
MGYG000002517__gradient_L2_fos_gapseq	1501	1740	455	bio1	0.000000	2.028540	0.105397
MGYG000002517__gradient_L3_gos_gapseq	1501	1740	455	bio1	1.156083	1.833687	9.650023
MGYG000002517__gradient_L4_xos_gapseq	1501	1740	455	bio1	1.192671	1.814214	9.728244
MGYG000002517__gradient_L5_pectin_gapseq	1501	1740	455	bio1	1.228609	2.219108	9.285764
MGYG000002517__gradient_L6_resistant_starch_gapseq	1501	1740	455	bio1	1.769920	2.023221	9.577199
MGYG000002517__gradient_L7_bglucan_gapseq	1501	1740	455	bio1	1.951854	2.159806	9.836804
MGYG000002517__gradient_L8_hmo_gapseq	1501	1740	455	bio1	2.086620	2.083534	9.435086
MGYG000002517__gradient_L9_mos_gapseq	1501	1740	455	bio1	2.176464	2.175586	9.489882
MGYG000002524__gradient_L0_base_gapseq	2157	2665	1057	bio1	1.582907	3.060346	22.165883
MGYG000002524__gradient_L1_inulin_gapseq	2157	2665	1057	bio1	1.878836	3.749308	22.651195
MGYG000002524__gradient_L2_fos_gapseq	2157	2665	1057	bio1	1.878836	3.909477	22.342796
MGYG000002524__gradient_L3_gos_gapseq	2157	2665	1057	bio1	2.177078	3.181445	22.157249
MGYG000002524__gradient_L4_xos_gapseq	2157	2665	1057	bio1	2.323414	2.997625	22.235315
MGYG000002524__gradient_L5_pectin_gapseq	2157	2665	1057	bio1	2.323414	2.952597	22.006313
MGYG000002524__gradient_L6_resistant_starch_gapseq	2157	2665	1057	bio1	2.914586	3.076199	22.188966
MGYG000002524__gradient_L7_bglucan_gapseq	2157	2665	1057	bio1	3.113066	3.015218	22.230806
MGYG000002524__gradient_L8_hmo_gapseq	2157	2665	1057	bio1	3.113066	2.971257	22.008546
MGYG000002524__gradient_L9_mos_gapseq	2157	2665	1057	bio1	3.195793	3.029633	21.959275
MGYG000002526__gradient_L0_base_gapseq	1963	2464	941	bio1	1.359848	2.844308	18.444841
MGYG000002526__gradient_L1_inulin_gapseq	1963	2464	941	bio1	1.680667	3.260202	18.998047
MGYG000002526__gradient_L2_fos_gapseq	1963	2464	941	bio1	1.680667	3.222331	18.862226
MGYG000002526__gradient_L3_gos_gapseq	1963	2464	941	bio1	2.003073	2.757745	19.077131
MGYG000002526__gradient_L4_xos_gapseq	1963	2464	941	bio1	2.167198	2.784926	18.535557
MGYG000002526__gradient_L5_pectin_gapseq	1963	2464	941	bio1	2.218459	2.657227	18.503972
MGYG000002526__gradient_L6_resistant_starch_gapseq	1963	2464	941	bio1	2.864741	2.862478	18.294806
MGYG000002526__gradient_L7_bglucan_gapseq	1963	2464	941	bio1	3.079652	2.892599	18.437526
MGYG000002526__gradient_L8_hmo_gapseq	1963	2464	941	bio1	3.079652	2.765415	18.393156
MGYG000002526__gradient_L9_mos_gapseq	1963	2464	941	bio1	3.226512	2.651282	18.325205
MGYG000002530__gradient_L0_base_gapseq	1207	1352	311	bio1	0.000000	1.341137	0.073472
MGYG000002530__gradient_L1_inulin_gapseq	1207	1352	311	bio1	0.584016	1.343161	5.817067
MGYG000002530__gradient_L2_fos_gapseq	1207	1352	311	bio1	0.584016	1.422472	6.002630
MGYG000002530__gradient_L3_gos_gapseq	1207	1352	311	bio1	0.927169	1.695957	6.415378
MGYG000002530__gradient_L4_xos_gapseq	1207	1352	311	bio1	0.927169	1.359313	5.978471
MGYG000002530__gradient_L5_pectin_gapseq	1207	1352	311	bio1	0.927169	1.338750	5.772249
MGYG000002530__gradient_L6_resistant_starch_gapseq	1207	1352	311	bio1	1.625347	1.605484	5.950813
MGYG000002530__gradient_L7_bglucan_gapseq	1207	1352	311	bio1	1.869464	1.453904	5.889066
MGYG000002530__gradient_L8_hmo_gapseq	1207	1352	311	bio1	1.869464	1.398095	5.687418
MGYG000002530__gradient_L9_mos_gapseq	1207	1352	311	bio1	2.002998	1.534288	5.620699
MGYG000002532__gradient_L0_base_gapseq	1886	2279	824	bio1	1.246489	2.516804	16.319412
MGYG000002532__gradient_L1_inulin_gapseq	1886	2279	824	bio1	1.387270	2.725573	15.914764
MGYG000002532__gradient_L2_fos_gapseq	1886	2279	824	bio1	1.387270	2.403265	15.944824
MGYG000002532__gradient_L3_gos_gapseq	1886	2279	824	bio1	1.671031	2.533073	15.806136
MGYG000002532__gradient_L4_xos_gapseq	1886	2279	824	bio1	1.833593	2.507343	15.892284
MGYG000002532__gradient_L5_pectin_gapseq	1886	2279	824	bio1	1.833593	2.443552	16.020469
MGYG000002532__gradient_L6_resistant_starch_gapseq	1886	2279	824	bio1	2.417086	2.555109	15.533999
MGYG000002532__gradient_L7_bglucan_gapseq	1886	2279	824	bio1	2.599399	2.500999	15.899524
MGYG000002532__gradient_L8_hmo_gapseq	1886	2279	824	bio1	2.599399	2.455150	15.833441
MGYG000002532__gradient_L9_mos_gapseq	1886	2279	824	bio1	2.694390	2.503913	15.532374
MGYG000002534	0	0	0	NONE	0.000000	0.000000	0.000000
MGYG000002535__gradient_L0_base_gapseq	2354	2900	1305	bio1	1.856593	3.392691	25.135200
MGYG000002535__gradient_L1_inulin_gapseq	2354	2900	1305	bio1	2.188791	3.284945	24.991098
MGYG000002535__gradient_L2_fos_gapseq	2354	2900	1305	bio1	2.188791	3.239071	24.963214
MGYG000002535__gradient_L3_gos_gapseq	2354	2900	1305	bio1	2.538196	3.226596	25.142925
MGYG000002535__gradient_L4_xos_gapseq	2354	2900	1305	bio1	2.716706	3.427411	24.924593
MGYG000002535__gradient_L5_pectin_gapseq	2354	2900	1305	bio1	2.769850	3.170400	25.291139
MGYG000002535__gradient_L6_resistant_starch_gapseq	2354	2900	1305	bio1	3.477206	3.349626	25.097868
MGYG000002535__gradient_L7_bglucan_gapseq	2354	2900	1305	bio1	3.709005	3.171424	25.365574
MGYG000002535__gradient_L8_hmo_gapseq	2354	2900	1305	bio1	3.709005	3.405053	25.471272
MGYG000002535__gradient_L9_mos_gapseq	2354	2900	1305	bio1	3.859507	3.376952	25.617288
MGYG000002542__gradient_L0_base_gapseq	1525	1823	496	bio1	0.471106	1.899826	9.939842
MGYG000002542__gradient_L1_inulin_gapseq	1525	1823	496	bio1	0.640708	2.235099	10.080676
MGYG000002542__gradient_L2_fos_gapseq	1525	1823	496	bio1	0.640708	2.181770	9.803103
MGYG000002542__gradient_L3_gos_gapseq	1525	1823	496	bio1	0.803243	2.061249	10.128527
MGYG000002542__gradient_L4_xos_gapseq	1525	1823	496	bio1	0.904667	2.263897	10.007106
MGYG000002542__gradient_L5_pectin_gapseq	1525	1823	496	bio1	0.904667	2.125702	9.994551
MGYG000002542__gradient_L6_resistant_starch_gapseq	1525	1823	496	bio1	1.238737	2.130834	10.171118
MGYG000002542__gradient_L7_bglucan_gapseq	1525	1823	496	bio1	1.238737	2.188720	10.064359
MGYG000002542__gradient_L8_hmo_gapseq	1525	1823	496	bio1	1.238737	1.985335	10.067011
MGYG000002542__gradient_L9_mos_gapseq	1525	1823	496	bio1	1.306267	2.184394	9.910191
MGYG000002544__gradient_L0_base_gapseq	1424	1507	424	bio1	0.000000	1.568828	0.087920
MGYG000002544__gradient_L1_inulin_gapseq	1424	1507	424	bio1	0.644501	1.797406	7.193954
MGYG000002544__gradient_L2_fos_gapseq	1424	1507	424	bio1	0.644501	1.598572	7.312720
MGYG000002544__gradient_L3_gos_gapseq	1424	1507	424	bio1	0.777098	1.592836	7.128866
MGYG000002544__gradient_L4_xos_gapseq	1424	1507	424	bio1	0.777098	1.770071	7.095996
MGYG000002544__gradient_L5_pectin_gapseq	1424	1507	424	bio1	0.777098	1.814200	6.956689
MGYG000002544__gradient_L6_resistant_starch_gapseq	1424	1507	424	bio1	0.919604	1.534880	7.198797
MGYG000002544__gradient_L7_bglucan_gapseq	1424	1507	424	bio1	0.919604	1.604941	7.391202
MGYG000002544__gradient_L8_hmo_gapseq	1424	1507	424	bio1	0.919604	1.573431	7.014165
MGYG000002544__gradient_L9_mos_gapseq	1424	1507	424	bio1	0.919604	1.700119	7.114849
MGYG000002547__gradient_L0_base_gapseq	1567	1742	458	bio1	1.111436	1.824481	9.260499
MGYG000002547__gradient_L1_inulin_gapseq	1567	1742	458	bio1	1.243091	2.246775	9.295553
MGYG000002547__gradient_L2_fos_gapseq	1567	1742	458	bio1	1.243091	2.108382	9.234903
MGYG000002547__gradient_L3_gos_gapseq	1567	1742	458	bio1	1.328118	1.987847	9.297261
MGYG000002547__gradient_L4_xos_gapseq	1567	1742	458	bio1	1.405251	2.290936	9.328716
MGYG000002547__gradient_L5_pectin_gapseq	1567	1742	458	bio1	1.405251	2.026065	9.274309
MGYG000002547__gradient_L6_resistant_starch_gapseq	1567	1742	458	bio1	2.007900	1.863769	9.489058
MGYG000002547__gradient_L7_bglucan_gapseq	1567	1742	458	bio1	2.213380	1.841505	9.360489
MGYG000002547__gradient_L8_hmo_gapseq	1567	1742	458	bio1	2.213380	1.768393	9.411838
MGYG000002547__gradient_L9_mos_gapseq	1567	1742	458	bio1	2.213380	1.969742	9.263920
MGYG000002552__gradient_L0_base_gapseq	1338	1454	400	bio1	0.000000	1.525589	0.086037
MGYG000002552__gradient_L1_inulin_gapseq	1338	1454	400	bio1	0.000000	1.656335	0.083290
MGYG000002552__gradient_L2_fos_gapseq	1338	1454	400	bio1	0.000000	1.531626	0.096149
MGYG000002552__gradient_L3_gos_gapseq	1338	1454	400	bio1	0.457398	1.720871	6.705364
MGYG000002552__gradient_L4_xos_gapseq	1338	1454	400	bio1	0.457398	1.527530	6.873387
MGYG000002552__gradient_L5_pectin_gapseq	1338	1454	400	bio1	0.490070	1.506078	6.654969
MGYG000002552__gradient_L6_resistant_starch_gapseq	1338	1454	400	bio1	0.931142	1.761349	6.590039
MGYG000002552__gradient_L7_bglucan_gapseq	1338	1454	400	bio1	0.931142	1.589553	6.596665
MGYG000002552__gradient_L8_hmo_gapseq	1338	1454	400	bio1	0.931142	1.500292	6.806018
MGYG000002552__gradient_L9_mos_gapseq	1338	1454	400	bio1	1.005508	1.718255	6.524748
MGYG000002558__gradient_L0_base_gapseq	1461	1636	380	bio1	0.297075	1.660319	8.252389
MGYG000002558__gradient_L1_inulin_gapseq	1461	1636	380	bio1	0.391798	1.645592	8.132216
MGYG000002558__gradient_L2_fos_gapseq	1461	1636	380	bio1	0.391798	1.811868	7.955532
MGYG000002558__gradient_L3_gos_gapseq	1461	1636	380	bio1	0.462841	1.857819	8.202933
MGYG000002558__gradient_L4_xos_gapseq	1461	1636	380	bio1	0.552363	1.956560	8.117806
MGYG000002558__gradient_L5_pectin_gapseq	1461	1636	380	bio1	0.584318	1.702549	8.179432
MGYG000002558__gradient_L6_resistant_starch_gapseq	1461	1636	380	bio1	0.842244	1.745122	8.373858
MGYG000002558__gradient_L7_bglucan_gapseq	1461	1636	380	bio1	0.999739	1.821712	8.157522
MGYG000002558__gradient_L8_hmo_gapseq	1461	1636	380	bio1	0.999739	1.863504	8.045680
MGYG000002558__gradient_L9_mos_gapseq	1461	1636	380	bio1	1.100170	1.821211	8.247004
MGYG000002579__gradient_L0_base_gapseq	1365	1602	365	bio1	0.491697	1.776403	7.869250
MGYG000002579__gradient_L1_inulin_gapseq	1365	1602	365	bio1	0.649044	1.644136	7.916968
MGYG000002579__gradient_L2_fos_gapseq	1365	1602	365	bio1	0.649044	1.605702	7.857770
MGYG000002579__gradient_L3_gos_gapseq	1365	1602	365	bio1	0.811307	1.664810	7.890795
MGYG000002579__gradient_L4_xos_gapseq	1365	1602	365	bio1	0.811307	1.809818	7.708989
MGYG000002579__gradient_L5_pectin_gapseq	1365	1602	365	bio1	0.811307	1.798851	7.704470
MGYG000002579__gradient_L6_resistant_starch_gapseq	1365	1602	365	bio1	1.134146	1.637442	8.130671
MGYG000002579__gradient_L7_bglucan_gapseq	1365	1602	365	bio1	1.241593	1.612109	8.099901
MGYG000002579__gradient_L8_hmo_gapseq	1365	1602	365	bio1	1.241593	1.628960	7.626132
MGYG000002579__gradient_L9_mos_gapseq	1365	1602	365	bio1	1.241593	1.732829	7.821175
MGYG000002581__gradient_L0_base_gapseq	892	847	130	bio1	0.000000	0.842421	0.037225
MGYG000002581__gradient_L1_inulin_gapseq	892	847	130	bio1	0.000000	0.848985	0.179709
MGYG000002581__gradient_L2_fos_gapseq	892	847	130	bio1	0.000000	0.811512	0.033502
MGYG000002581__gradient_L3_gos_gapseq	892	847	130	bio1	0.000000	0.846880	0.037620
MGYG000002581__gradient_L4_xos_gapseq	892	847	130	bio1	0.000000	0.861419	0.031690
MGYG000002581__gradient_L5_pectin_gapseq	892	847	130	bio1	0.000000	1.007950	0.032016
MGYG000002581__gradient_L6_resistant_starch_gapseq	892	847	130	bio1	0.000000	0.837643	0.036791
MGYG000002581__gradient_L7_bglucan_gapseq	892	847	130	bio1	0.000000	0.840607	0.033325
MGYG000002581__gradient_L8_hmo_gapseq	892	847	130	bio1	0.000000	0.845746	0.034062
MGYG000002581__gradient_L9_mos_gapseq	892	847	130	bio1	0.000000	1.012115	0.035682
MGYG000002582__gradient_L0_base_gapseq	1404	1586	406	bio1	0.273161	1.607328	7.694334
MGYG000002582__gradient_L1_inulin_gapseq	1404	1586	406	bio1	0.393721	1.801713	7.752374
MGYG000002582__gradient_L2_fos_gapseq	1404	1586	406	bio1	0.393721	1.794434	7.818257
MGYG000002582__gradient_L3_gos_gapseq	1404	1586	406	bio1	0.463263	1.779797	7.780954
MGYG000002582__gradient_L4_xos_gapseq	1404	1586	406	bio1	0.575759	1.609345	7.997646
MGYG000002582__gradient_L5_pectin_gapseq	1404	1586	406	bio1	0.606299	1.657889	7.918528
MGYG000002582__gradient_L6_resistant_starch_gapseq	1404	1586	406	bio1	1.070264	1.810164	7.713734
MGYG000002582__gradient_L7_bglucan_gapseq	1404	1586	406	bio1	1.070264	1.771003	7.708857
MGYG000002582__gradient_L8_hmo_gapseq	1404	1586	406	bio1	1.070264	1.790776	7.795960
MGYG000002582__gradient_L9_mos_gapseq	1404	1586	406	bio1	1.070264	1.629413	8.023112
MGYG000002584__gradient_L0_base_gapseq	1313	1466	384	bio1	0.366686	1.531112	6.556904
MGYG000002584__gradient_L1_inulin_gapseq	1313	1466	384	bio1	0.455582	1.693467	6.739258
MGYG000002584__gradient_L2_fos_gapseq	1313	1466	384	bio1	0.455582	1.660096	6.873876
MGYG000002584__gradient_L3_gos_gapseq	1313	1466	384	bio1	0.516004	1.497317	6.865357
MGYG000002584__gradient_L4_xos_gapseq	1313	1466	384	bio1	0.626621	1.452815	6.597709
MGYG000002584__gradient_L5_pectin_gapseq	1313	1466	384	bio1	0.626621	1.649998	6.845926
MGYG000002584__gradient_L6_resistant_starch_gapseq	1313	1466	384	bio1	0.859106	1.732380	6.689570
MGYG000002584__gradient_L7_bglucan_gapseq	1313	1466	384	bio1	0.859106	1.550148	6.803819
MGYG000002584__gradient_L8_hmo_gapseq	1313	1466	384	bio1	0.859106	1.548954	6.609592
MGYG000002584__gradient_L9_mos_gapseq	1313	1466	384	bio1	0.946969	1.619914	6.648796
MGYG000002589__gradient_L0_base_gapseq	1070	1236	299	bio1	0.000000	1.231234	0.071626
MGYG000002589__gradient_L1_inulin_gapseq	1070	1236	299	bio1	0.000000	1.404031	0.075285
MGYG000002589__gradient_L2_fos_gapseq	1070	1236	299	bio1	0.000000	1.265580	0.067296
MGYG000002589__gradient_L3_gos_gapseq	1070	1236	299	bio1	1.062771	1.380280	4.714248
MGYG000002589__gradient_L4_xos_gapseq	1070	1236	299	bio1	1.062771	1.261181	4.955984
MGYG000002589__gradient_L5_pectin_gapseq	1070	1236	299	bio1	1.062771	1.532723	4.797212
MGYG000002589__gradient_L6_resistant_starch_gapseq	1070	1236	299	bio1	1.649210	1.287484	4.840728
MGYG000002589__gradient_L7_bglucan_gapseq	1070	1236	299	bio1	1.649210	1.254720	4.681942
MGYG000002589__gradient_L8_hmo_gapseq	1070	1236	299	bio1	1.797505	1.377088	4.863903
MGYG000002589__gradient_L9_mos_gapseq	1070	1236	299	bio1	1.905356	1.250272	5.228825
MGYG000002591__gradient_L0_base_gapseq	1274	1327	308	bio1	0.197888	1.490893	5.329606
MGYG000002591__gradient_L1_inulin_gapseq	1274	1327	308	bio1	0.267756	1.379534	5.673384
MGYG000002591__gradient_L2_fos_gapseq	1274	1327	308	bio1	0.267756	1.397061	5.415358
MGYG000002591__gradient_L3_gos_gapseq	1274	1327	308	bio1	0.267756	1.553176	5.418851
MGYG000002591__gradient_L4_xos_gapseq	1274	1327	308	bio1	0.267756	1.389322	5.691634
MGYG000002591__gradient_L5_pectin_gapseq	1274	1327	308	bio1	0.267756	1.454341	5.659620
MGYG000002591__gradient_L6_resistant_starch_gapseq	1274	1327	308	bio1	0.267756	1.547789	5.375892
MGYG000002591__gradient_L7_bglucan_gapseq	1274	1327	308	bio1	0.267756	1.384748	5.550900
MGYG000002591__gradient_L8_hmo_gapseq	1274	1327	308	bio1	0.267756	1.389764	5.389706
MGYG000002591__gradient_L9_mos_gapseq	1274	1327	308	bio1	0.267756	1.560268	5.521100
MGYG000002607__gradient_L0_base_gapseq	635	601	76	bio1	0.000000	0.555946	0.023900
MGYG000002607__gradient_L1_inulin_gapseq	635	601	76	bio1	0.000000	0.562291	0.020224
MGYG000002607__gradient_L2_fos_gapseq	635	601	76	bio1	0.000000	0.612876	0.017060
MGYG000002607__gradient_L3_gos_gapseq	635	601	76	bio1	0.000000	0.573598	0.020223
MGYG000002607__gradient_L4_xos_gapseq	635	601	76	bio1	0.000000	0.716338	0.014125
MGYG000002607__gradient_L5_pectin_gapseq	635	601	76	bio1	0.000000	0.554470	0.019722
MGYG000002607__gradient_L6_resistant_starch_gapseq	635	601	76	bio1	0.000000	0.572844	0.018777
MGYG000002607__gradient_L7_bglucan_gapseq	635	601	76	bio1	0.000000	0.591071	0.021010
MGYG000002607__gradient_L8_hmo_gapseq	635	601	76	bio1	0.000000	0.589103	0.022055
MGYG000002607__gradient_L9_mos_gapseq	635	601	76	bio1	0.000000	0.589858	0.179923
MGYG000002620__gradient_L0_base_gapseq	1469	1649	504	bio1	0.574065	1.980910	8.330390
MGYG000002620__gradient_L1_inulin_gapseq	1469	1649	504	bio1	0.749802	2.002161	8.376675
MGYG000002620__gradient_L2_fos_gapseq	1469	1649	504	bio1	0.749802	1.946984	8.616147
MGYG000002620__gradient_L3_gos_gapseq	1469	1649	504	bio1	0.749802	2.062478	8.403960
MGYG000002620__gradient_L4_xos_gapseq	1469	1649	504	bio1	0.820097	1.761704	8.598304
MGYG000002620__gradient_L5_pectin_gapseq	1469	1649	504	bio1	0.820097	1.698205	8.699913
MGYG000002620__gradient_L6_resistant_starch_gapseq	1469	1649	504	bio1	0.972675	1.720268	8.501392
MGYG000002620__gradient_L7_bglucan_gapseq	1469	1649	504	bio1	0.972675	1.817755	8.399783
MGYG000002620__gradient_L8_hmo_gapseq	1469	1649	504	bio1	0.972675	1.986718	8.631955
MGYG000002620__gradient_L9_mos_gapseq	1469	1649	504	bio1	1.119959	1.978859	8.563315
MGYG000002623__gradient_L0_base_gapseq	1425	1649	388	bio1	0.489129	1.694483	8.803654
MGYG000002623__gradient_L1_inulin_gapseq	1425	1649	388	bio1	0.656303	1.667318	8.678998
MGYG000002623__gradient_L2_fos_gapseq	1425	1649	388	bio1	0.656303	1.901400	8.775624
MGYG000002623__gradient_L3_gos_gapseq	1425	1649	388	bio1	0.942511	1.868827	8.615725
MGYG000002623__gradient_L4_xos_gapseq	1425	1649	388	bio1	1.001071	1.820641	8.609088
MGYG000002623__gradient_L5_pectin_gapseq	1425	1649	388	bio1	1.001071	1.713908	8.752017
MGYG000002623__gradient_L6_resistant_starch_gapseq	1425	1649	388	bio1	1.530243	1.712693	8.706652
MGYG000002623__gradient_L7_bglucan_gapseq	1425	1649	388	bio1	1.530243	1.685935	8.851785
MGYG000002623__gradient_L8_hmo_gapseq	1425	1649	388	bio1	1.530243	1.988966	8.633936
MGYG000002623__gradient_L9_mos_gapseq	1425	1649	388	bio1	1.530243	1.867229	8.617178
MGYG000002626__gradient_L0_base_gapseq	1289	1386	348	bio1	0.000000	1.608676	0.082488
MGYG000002626__gradient_L1_inulin_gapseq	1289	1386	348	bio1	0.000000	1.456072	0.081302
MGYG000002626__gradient_L2_fos_gapseq	1289	1386	348	bio1	0.000000	1.580198	0.086516
MGYG000002626__gradient_L3_gos_gapseq	1289	1386	348	bio1	0.664144	1.398055	6.069625
MGYG000002626__gradient_L4_xos_gapseq	1289	1386	348	bio1	0.711256	1.595265	6.283772
MGYG000002626__gradient_L5_pectin_gapseq	1289	1386	348	bio1	0.711256	1.636433	6.134559
MGYG000002626__gradient_L6_resistant_starch_gapseq	1289	1386	348	bio1	0.830758	1.484732	6.228690
MGYG000002626__gradient_L7_bglucan_gapseq	1289	1386	348	bio1	0.830758	1.439030	5.994894
MGYG000002626__gradient_L8_hmo_gapseq	1289	1386	348	bio1	0.830758	1.553292	6.066040
MGYG000002626__gradient_L9_mos_gapseq	1289	1386	348	bio1	0.830758	1.456536	6.375669
MGYG000002631__gradient_L0_base_gapseq	1539	1826	532	bio1	1.048766	2.114499	9.952935
MGYG000002631__gradient_L1_inulin_gapseq	1539	1826	532	bio1	1.270533	1.976426	10.483418
MGYG000002631__gradient_L2_fos_gapseq	1539	1826	532	bio1	1.270533	2.119110	10.075567
MGYG000002631__gradient_L3_gos_gapseq	1539	1826	532	bio1	1.485371	2.062376	10.022437
MGYG000002631__gradient_L4_xos_gapseq	1539	1826	532	bio1	1.485371	2.175601	9.963295
MGYG000002631__gradient_L5_pectin_gapseq	1539	1826	532	bio1	1.485371	2.077402	10.260100
MGYG000002631__gradient_L6_resistant_starch_gapseq	1539	1826	532	bio1	1.958937	2.093750	10.272654
MGYG000002631__gradient_L7_bglucan_gapseq	1539	1826	532	bio1	1.958937	2.049225	10.495067
MGYG000002631__gradient_L8_hmo_gapseq	1539	1826	532	bio1	1.958937	2.061933	10.355238
MGYG000002631__gradient_L9_mos_gapseq	1539	1826	532	bio1	2.069821	2.081345	10.204964
MGYG000002634__gradient_L0_base_gapseq	1527	1822	543	bio1	1.048831	1.891187	9.832913
MGYG000002634__gradient_L1_inulin_gapseq	1527	1822	543	bio1	1.270613	2.061133	9.972024
MGYG000002634__gradient_L2_fos_gapseq	1527	1822	543	bio1	1.270613	2.071149	9.965120
MGYG000002634__gradient_L3_gos_gapseq	1527	1822	543	bio1	1.464672	2.117873	9.981969
MGYG000002634__gradient_L4_xos_gapseq	1527	1822	543	bio1	1.464672	2.173440	10.218707
MGYG000002634__gradient_L5_pectin_gapseq	1527	1822	543	bio1	1.464672	2.078796	10.094621
MGYG000002634__gradient_L6_resistant_starch_gapseq	1527	1822	543	bio1	1.938267	2.131375	10.140558
MGYG000002634__gradient_L7_bglucan_gapseq	1527	1822	543	bio1	1.938267	2.149107	10.110694
MGYG000002634__gradient_L8_hmo_gapseq	1527	1822	543	bio1	1.938267	2.097324	10.315824
MGYG000002634__gradient_L9_mos_gapseq	1527	1822	543	bio1	2.049158	2.050742	10.249108
MGYG000002648__gradient_L0_base_gapseq	1106	1189	226	bio1	0.208479	1.391308	4.478807
MGYG000002648__gradient_L1_inulin_gapseq	1106	1189	226	bio1	0.317255	1.196044	4.447216
MGYG000002648__gradient_L2_fos_gapseq	1106	1189	226	bio1	0.317255	1.505096	4.505841
MGYG000002648__gradient_L3_gos_gapseq	1106	1189	226	bio1	0.317255	1.223411	4.673213
MGYG000002648__gradient_L4_xos_gapseq	1106	1189	226	bio1	0.317255	1.477937	4.449158
MGYG000002648__gradient_L5_pectin_gapseq	1106	1189	226	bio1	0.317255	1.291703	4.823355
MGYG000002648__gradient_L6_resistant_starch_gapseq	1106	1189	226	bio1	0.781822	1.248600	4.491522
MGYG000002648__gradient_L7_bglucan_gapseq	1106	1189	226	bio1	0.781822	1.392278	4.449121
MGYG000002648__gradient_L8_hmo_gapseq	1106	1189	226	bio1	0.781822	1.198797	4.460870
MGYG000002648__gradient_L9_mos_gapseq	1106	1189	226	bio1	0.781822	1.422229	4.472746
MGYG000002653__gradient_L0_base_gapseq	1354	1565	399	bio1	0.408517	1.850526	7.179774
MGYG000002653__gradient_L1_inulin_gapseq	1354	1565	399	bio1	0.520145	1.633356	7.575711
MGYG000002653__gradient_L2_fos_gapseq	1354	1565	399	bio1	0.520145	1.605670	7.431689
MGYG000002653__gradient_L3_gos_gapseq	1354	1565	399	bio1	0.743178	1.817879	7.563111
MGYG000002653__gradient_L4_xos_gapseq	1354	1565	399	bio1	0.804920	1.782370	7.440434
MGYG000002653__gradient_L5_pectin_gapseq	1354	1565	399	bio1	0.804920	1.617539	7.706553
MGYG000002653__gradient_L6_resistant_starch_gapseq	1354	1565	399	bio1	1.264553	1.611223	7.740441
MGYG000002653__gradient_L7_bglucan_gapseq	1354	1565	399	bio1	1.422337	1.573359	7.527119
MGYG000002653__gradient_L8_hmo_gapseq	1354	1565	399	bio1	1.422337	1.950113	7.400284
MGYG000002653__gradient_L9_mos_gapseq	1354	1565	399	bio1	1.522953	1.754692	7.400514
MGYG000002662__gradient_L0_base_gapseq	1096	1146	223	bio1	0.299992	1.151063	4.440169
MGYG000002662__gradient_L1_inulin_gapseq	1096	1146	223	bio1	0.299992	1.157903	4.301535
MGYG000002662__gradient_L2_fos_gapseq	1096	1146	223	bio1	0.299992	1.283368	4.278817
MGYG000002662__gradient_L3_gos_gapseq	1096	1146	223	bio1	0.299992	1.136286	4.354651
MGYG000002662__gradient_L4_xos_gapseq	1096	1146	223	bio1	0.299992	1.513681	4.270601
MGYG000002662__gradient_L5_pectin_gapseq	1096	1146	223	bio1	0.299992	1.291907	4.396990
MGYG000002662__gradient_L6_resistant_starch_gapseq	1096	1146	223	bio1	0.402137	1.399657	4.320626
MGYG000002662__gradient_L7_bglucan_gapseq	1096	1146	223	bio1	0.512482	1.231199	4.455527
MGYG000002662__gradient_L8_hmo_gapseq	1096	1146	223	bio1	0.512482	1.192734	4.370131
MGYG000002662__gradient_L9_mos_gapseq	1096	1146	223	bio1	0.581141	1.192944	4.479648
MGYG000002664__gradient_L0_base_gapseq	1127	1176	220	bio1	0.300638	1.205248	4.704783
MGYG000002664__gradient_L1_inulin_gapseq	1127	1176	220	bio1	0.300638	1.212397	4.597393
MGYG000002664__gradient_L2_fos_gapseq	1127	1176	220	bio1	0.300638	1.188878	4.837644
MGYG000002664__gradient_L3_gos_gapseq	1127	1176	220	bio1	0.300638	1.270109	4.531112
MGYG000002664__gradient_L4_xos_gapseq	1127	1176	220	bio1	0.300638	1.341340	4.819204
MGYG000002664__gradient_L5_pectin_gapseq	1127	1176	220	bio1	0.300638	1.289871	4.549699
MGYG000002664__gradient_L6_resistant_starch_gapseq	1127	1176	220	bio1	0.409373	1.426790	4.538404
MGYG000002664__gradient_L7_bglucan_gapseq	1127	1176	220	bio1	0.409373	1.222902	4.801226
MGYG000002664__gradient_L8_hmo_gapseq	1127	1176	220	bio1	0.409373	1.254137	4.572778
MGYG000002664__gradient_L9_mos_gapseq	1127	1176	220	bio1	0.491978	1.194914	4.881955
MGYG000002672__gradient_L0_base_gapseq	1164	1223	296	bio1	0.000000	1.248366	0.065998
MGYG000002672__gradient_L1_inulin_gapseq	1164	1223	296	bio1	0.000000	1.246179	0.087193
MGYG000002672__gradient_L2_fos_gapseq	1164	1223	296	bio1	0.000000	1.369508	0.069600
MGYG000002672__gradient_L3_gos_gapseq	1164	1223	296	bio1	0.000000	1.306467	0.060286
MGYG000002672__gradient_L4_xos_gapseq	1164	1223	296	bio1	0.000000	1.436720	0.066626
MGYG000002672__gradient_L5_pectin_gapseq	1164	1223	296	bio1	0.000000	1.258498	0.068796
MGYG000002672__gradient_L6_resistant_starch_gapseq	1164	1223	296	bio1	0.507404	1.264875	5.102071
MGYG000002672__gradient_L7_bglucan_gapseq	1164	1223	296	bio1	0.710807	1.434432	4.889133
MGYG000002672__gradient_L8_hmo_gapseq	1164	1223	296	bio1	0.710807	1.550043	4.918720
MGYG000002672__gradient_L9_mos_gapseq	1164	1223	296	bio1	0.815789	1.271268	4.862609
MGYG000002673__gradient_L0_base_gapseq	1311	1435	398	bio1	0.000000	1.455818	0.068955
MGYG000002673__gradient_L1_inulin_gapseq	1311	1435	398	bio1	0.000000	1.614349	0.088704
MGYG000002673__gradient_L2_fos_gapseq	1311	1435	398	bio1	0.000000	1.567747	0.097867
MGYG000002673__gradient_L3_gos_gapseq	1311	1435	398	bio1	0.000000	1.629652	0.095609
MGYG000002673__gradient_L4_xos_gapseq	1311	1435	398	bio1	0.919463	1.594748	6.640748
MGYG000002673__gradient_L5_pectin_gapseq	1311	1435	398	bio1	0.919463	1.848175	6.585621
MGYG000002673__gradient_L6_resistant_starch_gapseq	1311	1435	398	bio1	1.603519	1.491136	6.639300
MGYG000002673__gradient_L7_bglucan_gapseq	1311	1435	398	bio1	1.603519	1.563653	6.570168
MGYG000002673__gradient_L8_hmo_gapseq	1311	1435	398	bio1	1.603519	1.754845	6.619140
MGYG000002673__gradient_L9_mos_gapseq	1311	1435	398	bio1	1.603519	1.697326	6.379439
MGYG000002689__gradient_L0_base_gapseq	986	995	216	bio1	0.000000	1.219300	0.051523
MGYG000002689__gradient_L1_inulin_gapseq	986	995	216	bio1	0.000000	1.016417	0.049571
MGYG000002689__gradient_L2_fos_gapseq	986	995	216	bio1	0.000000	1.008333	0.055095
MGYG000002689__gradient_L3_gos_gapseq	986	995	216	bio1	0.000000	1.139629	0.053982
MGYG000002689__gradient_L4_xos_gapseq	986	995	216	bio1	0.000000	1.074816	0.041572
MGYG000002689__gradient_L5_pectin_gapseq	986	995	216	bio1	0.000000	1.068045	0.059773
MGYG000002689__gradient_L6_resistant_starch_gapseq	986	995	216	bio1	0.000000	1.168254	0.047475
MGYG000002689__gradient_L7_bglucan_gapseq	986	995	216	bio1	0.000000	1.017214	0.066411
MGYG000002689__gradient_L8_hmo_gapseq	986	995	216	bio1	0.000000	1.033974	0.045805
MGYG000002689__gradient_L9_mos_gapseq	986	995	216	bio1	0.000000	1.183407	0.044843
MGYG000002697__gradient_L0_base_gapseq	1074	1223	280	bio1	0.106010	1.224838	5.119804
MGYG000002697__gradient_L1_inulin_gapseq	1074	1223	280	bio1	0.106010	1.269264	4.878239
MGYG000002697__gradient_L2_fos_gapseq	1074	1223	280	bio1	0.106010	1.461936	5.123929
MGYG000002697__gradient_L3_gos_gapseq	1074	1223	280	bio1	0.106010	1.336850	4.964481
MGYG000002697__gradient_L4_xos_gapseq	1074	1223	280	bio1	0.106010	1.286819	5.125183
MGYG000002697__gradient_L5_pectin_gapseq	1074	1223	280	bio1	0.106010	1.317112	5.073031
MGYG000002697__gradient_L6_resistant_starch_gapseq	1074	1223	280	bio1	0.106010	1.227650	4.859095
MGYG000002697__gradient_L7_bglucan_gapseq	1074	1223	280	bio1	0.106010	1.388389	4.945563
MGYG000002697__gradient_L8_hmo_gapseq	1074	1223	280	bio1	0.106010	1.223027	4.936020
MGYG000002697__gradient_L9_mos_gapseq	1074	1223	280	bio1	0.106010	1.264416	4.933035
MGYG000002705__gradient_L0_base_gapseq	1248	1417	325	bio1	0.890304	1.616717	6.745338
MGYG000002705__gradient_L1_inulin_gapseq	1248	1417	325	bio1	1.062951	1.529371	6.510228
MGYG000002705__gradient_L2_fos_gapseq	1248	1417	325	bio1	1.062951	1.645844	6.732413
MGYG000002705__gradient_L3_gos_gapseq	1248	1417	325	bio1	1.398290	1.667643	6.451494
MGYG000002705__gradient_L4_xos_gapseq	1248	1417	325	bio1	1.398290	1.534343	6.534065
MGYG000002705__gradient_L5_pectin_gapseq	1248	1417	325	bio1	1.398290	1.472845	6.470561
MGYG000002705__gradient_L6_resistant_starch_gapseq	1248	1417	325	bio1	2.182857	1.651243	6.635975
MGYG000002705__gradient_L7_bglucan_gapseq	1248	1417	325	bio1	2.442270	1.482718	6.690187
MGYG000002705__gradient_L8_hmo_gapseq	1248	1417	325	bio1	2.442270	1.479515	6.431047
MGYG000002705__gradient_L9_mos_gapseq	1248	1417	325	bio1	2.577249	1.561832	6.451307
MGYG000002715__gradient_L0_base_gapseq	1167	1248	278	bio1	0.000000	1.296793	0.076852
MGYG000002715__gradient_L1_inulin_gapseq	1167	1248	278	bio1	0.000000	1.273403	0.289608
MGYG000002715__gradient_L2_fos_gapseq	1167	1248	278	bio1	0.000000	1.283203	0.071018
MGYG000002715__gradient_L3_gos_gapseq	1167	1248	278	bio1	0.000000	1.344351	0.080442
MGYG000002715__gradient_L4_xos_gapseq	1167	1248	278	bio1	0.000000	1.500882	0.073497
MGYG000002715__gradient_L5_pectin_gapseq	1167	1248	278	bio1	0.000000	1.388554	0.077366
MGYG000002715__gradient_L6_resistant_starch_gapseq	1167	1248	278	bio1	0.000000	1.524184	0.093425
MGYG000002715__gradient_L7_bglucan_gapseq	1167	1248	278	bio1	0.000000	1.372696	0.087347
MGYG000002715__gradient_L8_hmo_gapseq	1167	1248	278	bio1	0.000000	1.307033	0.083185
MGYG000002715__gradient_L9_mos_gapseq	1167	1248	278	bio1	0.000000	1.487303	0.082301
MGYG000002716__gradient_L0_base_gapseq	1174	1207	250	bio1	0.000000	1.287825	0.056141
MGYG000002716__gradient_L1_inulin_gapseq	1174	1207	250	bio1	0.378309	1.253673	4.772496
MGYG000002716__gradient_L2_fos_gapseq	1174	1207	250	bio1	0.378309	1.284675	4.444346
MGYG000002716__gradient_L3_gos_gapseq	1174	1207	250	bio1	0.378309	1.369884	4.652897
MGYG000002716__gradient_L4_xos_gapseq	1174	1207	250	bio1	0.378309	1.293074	4.456402
MGYG000002716__gradient_L5_pectin_gapseq	1174	1207	250	bio1	0.378309	1.389740	4.544994
MGYG000002716__gradient_L6_resistant_starch_gapseq	1174	1207	250	bio1	0.378309	1.260750	4.700249
MGYG000002716__gradient_L7_bglucan_gapseq	1174	1207	250	bio1	0.378309	1.270632	4.451428
MGYG000002716__gradient_L8_hmo_gapseq	1174	1207	250	bio1	0.378309	1.360286	4.530169
MGYG000002716__gradient_L9_mos_gapseq	1174	1207	250	bio1	0.378309	1.292494	4.610759
MGYG000002718__gradient_L0_base_gapseq	1450	1653	437	bio1	0.000000	1.755833	0.107375
MGYG000002718__gradient_L1_inulin_gapseq	1450	1653	437	bio1	0.000000	1.900103	0.096823
MGYG000002718__gradient_L2_fos_gapseq	1450	1653	437	bio1	0.000000	1.868136	0.108896
MGYG000002718__gradient_L3_gos_gapseq	1450	1653	437	bio1	0.000000	1.778272	0.108220
MGYG000002718__gradient_L4_xos_gapseq	1450	1653	437	bio1	0.000000	1.828851	0.121712
MGYG000002718__gradient_L5_pectin_gapseq	1450	1653	437	bio1	0.000000	1.694363	0.135605
MGYG000002718__gradient_L6_resistant_starch_gapseq	1450	1653	437	bio1	0.000000	1.880113	0.110599
MGYG000002718__gradient_L7_bglucan_gapseq	1450	1653	437	bio1	0.000000	1.735826	0.110670
MGYG000002718__gradient_L8_hmo_gapseq	1450	1653	437	bio1	0.000000	2.108598	0.115581
MGYG000002718__gradient_L9_mos_gapseq	1450	1653	437	bio1	0.000000	1.799343	0.329801
MGYG000002722__gradient_L0_base_gapseq	1216	1324	273	bio1	0.464425	1.405009	5.561374
MGYG000002722__gradient_L1_inulin_gapseq	1216	1324	273	bio1	0.464425	1.499383	5.880638
MGYG000002722__gradient_L2_fos_gapseq	1216	1324	273	bio1	0.464425	1.407132	5.958825
MGYG000002722__gradient_L3_gos_gapseq	1216	1324	273	bio1	0.464425	1.439038	5.596116
MGYG000002722__gradient_L4_xos_gapseq	1216	1324	273	bio1	0.464425	1.490375	5.599058
MGYG000002722__gradient_L5_pectin_gapseq	1216	1324	273	bio1	0.490142	1.375786	5.817204
MGYG000002722__gradient_L6_resistant_starch_gapseq	1216	1324	273	bio1	0.716185	1.355014	5.641995
MGYG000002722__gradient_L7_bglucan_gapseq	1216	1324	273	bio1	0.716185	1.488100	5.570140
MGYG000002722__gradient_L8_hmo_gapseq	1216	1324	273	bio1	0.716185	1.432336	5.873152
MGYG000002722__gradient_L9_mos_gapseq	1216	1324	273	bio1	0.716185	1.358025	5.628010
MGYG000002723__gradient_L0_base_gapseq	1065	1117	245	bio1	0.000000	1.115360	0.056795
MGYG000002723__gradient_L1_inulin_gapseq	1065	1117	245	bio1	0.000000	1.137737	0.270878
MGYG000002723__gradient_L2_fos_gapseq	1065	1117	245	bio1	0.000000	1.208981	0.057013
MGYG000002723__gradient_L3_gos_gapseq	1065	1117	245	bio1	0.000000	1.148570	0.053941
MGYG000002723__gradient_L4_xos_gapseq	1065	1117	245	bio1	0.000000	1.445363	0.067957
MGYG000002723__gradient_L5_pectin_gapseq	1065	1117	245	bio1	0.000000	1.289349	0.061103
MGYG000002723__gradient_L6_resistant_starch_gapseq	1065	1117	245	bio1	0.409877	1.163086	4.015564
MGYG000002723__gradient_L7_bglucan_gapseq	1065	1117	245	bio1	0.612631	1.583311	4.007650
MGYG000002723__gradient_L8_hmo_gapseq	1065	1117	245	bio1	0.612631	1.113205	3.923049
MGYG000002723__gradient_L9_mos_gapseq	1065	1117	245	bio1	0.717279	1.287860	3.971779
MGYG000002725__gradient_L0_base_gapseq	1372	1499	329	bio1	0.244276	1.578996	7.325564
MGYG000002725__gradient_L1_inulin_gapseq	1372	1499	329	bio1	0.371151	1.656719	7.044024
MGYG000002725__gradient_L2_fos_gapseq	1372	1499	329	bio1	0.371151	1.742983	6.991741
MGYG000002725__gradient_L3_gos_gapseq	1372	1499	329	bio1	0.455188	1.720148	7.038245
MGYG000002725__gradient_L4_xos_gapseq	1372	1499	329	bio1	0.524051	1.580745	7.247817
MGYG000002725__gradient_L5_pectin_gapseq	1372	1499	329	bio1	0.524051	1.571620	7.007968
MGYG000002725__gradient_L6_resistant_starch_gapseq	1372	1499	329	bio1	0.811176	1.703708	6.954839
MGYG000002725__gradient_L7_bglucan_gapseq	1372	1499	329	bio1	0.986252	1.728538	7.005219
MGYG000002725__gradient_L8_hmo_gapseq	1372	1499	329	bio1	0.986252	1.634620	7.164495
MGYG000002725__gradient_L9_mos_gapseq	1372	1499	329	bio1	1.098300	1.577545	6.886996
MGYG000002734__gradient_L0_base_gapseq	1121	1257	281	bio1	0.792373	1.395353	5.335967
MGYG000002734__gradient_L1_inulin_gapseq	1121	1257	281	bio1	1.079074	1.277627	5.028990
MGYG000002734__gradient_L2_fos_gapseq	1121	1257	281	bio1	1.079074	1.420880	5.027377
MGYG000002734__gradient_L3_gos_gapseq	1121	1257	281	bio1	1.341200	1.321779	4.897608
MGYG000002734__gradient_L4_xos_gapseq	1121	1257	281	bio1	1.341200	1.430789	4.981625
MGYG000002734__gradient_L5_pectin_gapseq	1121	1257	281	bio1	1.341200	1.301998	5.248567
MGYG000002734__gradient_L6_resistant_starch_gapseq	1121	1257	281	bio1	1.946274	1.250369	4.980836
MGYG000002734__gradient_L7_bglucan_gapseq	1121	1257	281	bio1	1.946274	1.343311	5.086074
MGYG000002734__gradient_L8_hmo_gapseq	1121	1257	281	bio1	1.946274	1.219147	4.990182
MGYG000002734__gradient_L9_mos_gapseq	1121	1257	281	bio1	1.946274	1.418840	5.048073
MGYG000002736__gradient_L0_base_gapseq	1150	1238	291	bio1	0.000000	1.283861	0.073565
MGYG000002736__gradient_L1_inulin_gapseq	1150	1238	291	bio1	0.397764	1.318567	5.071329
MGYG000002736__gradient_L2_fos_gapseq	1150	1238	291	bio1	0.397764	1.300800	4.749470
MGYG000002736__gradient_L3_gos_gapseq	1150	1238	291	bio1	0.397764	1.452158	4.807138
MGYG000002736__gradient_L4_xos_gapseq	1150	1238	291	bio1	0.397764	1.300345	4.836201
MGYG000002736__gradient_L5_pectin_gapseq	1150	1238	291	bio1	0.397764	1.536473	4.940781
MGYG000002736__gradient_L6_resistant_starch_gapseq	1150	1238	291	bio1	1.104239	1.315332	4.989131
MGYG000002736__gradient_L7_bglucan_gapseq	1150	1238	291	bio1	1.104239	1.289866	4.830197
MGYG000002736__gradient_L8_hmo_gapseq	1150	1238	291	bio1	1.104239	1.426723	4.916307
MGYG000002736__gradient_L9_mos_gapseq	1150	1238	291	bio1	1.104239	1.324107	4.912556
MGYG000002740__gradient_L0_base_gapseq	1119	1183	278	bio1	0.000000	1.247372	0.064655
MGYG000002740__gradient_L1_inulin_gapseq	1119	1183	278	bio1	0.056636	1.238428	4.788588
MGYG000002740__gradient_L2_fos_gapseq	1119	1183	278	bio1	0.056636	1.247969	4.433785
MGYG000002740__gradient_L3_gos_gapseq	1119	1183	278	bio1	0.056636	1.295510	4.701772
MGYG000002740__gradient_L4_xos_gapseq	1119	1183	278	bio1	0.056636	1.229435	4.482010
MGYG000002740__gradient_L5_pectin_gapseq	1119	1183	278	bio1	0.056636	1.454889	4.561465
MGYG000002740__gradient_L6_resistant_starch_gapseq	1119	1183	278	bio1	0.063717	1.257416	4.529994
MGYG000002740__gradient_L7_bglucan_gapseq	1119	1183	278	bio1	0.063717	1.418091	4.417892
MGYG000002740__gradient_L8_hmo_gapseq	1119	1183	278	bio1	0.063717	1.231733	4.664507
MGYG000002740__gradient_L9_mos_gapseq	1119	1183	278	bio1	0.063717	1.282331	4.411178
MGYG000002741__gradient_L0_base_gapseq	1030	1155	300	bio1	0.807249	1.159540	4.335862
MGYG000002741__gradient_L1_inulin_gapseq	1030	1155	300	bio1	1.094648	1.365578	4.312611
MGYG000002741__gradient_L2_fos_gapseq	1030	1155	300	bio1	1.094648	1.154389	4.535938
MGYG000002741__gradient_L3_gos_gapseq	1030	1155	300	bio1	1.305244	1.159158	4.425124
MGYG000002741__gradient_L4_xos_gapseq	1030	1155	300	bio1	1.305244	1.164589	4.514643
MGYG000002741__gradient_L5_pectin_gapseq	1030	1155	300	bio1	1.305244	1.169715	4.297520
MGYG000002741__gradient_L6_resistant_starch_gapseq	1030	1155	300	bio1	1.912899	1.299137	4.304224
MGYG000002741__gradient_L7_bglucan_gapseq	1030	1155	300	bio1	1.912899	1.166212	4.267228
MGYG000002741__gradient_L8_hmo_gapseq	1030	1155	300	bio1	1.912899	1.456653	4.331635
MGYG000002741__gradient_L9_mos_gapseq	1030	1155	300	bio1	2.053296	1.152602	4.390936
MGYG000002744__gradient_L0_base_gapseq	1176	1304	311	bio1	0.686799	1.347929	5.408045
MGYG000002744__gradient_L1_inulin_gapseq	1176	1304	311	bio1	0.977897	1.312676	5.340514
MGYG000002744__gradient_L2_fos_gapseq	1176	1304	311	bio1	0.977897	1.448893	5.354237
MGYG000002744__gradient_L3_gos_gapseq	1176	1304	311	bio1	1.272994	1.327898	5.283155
MGYG000002744__gradient_L4_xos_gapseq	1176	1304	311	bio1	1.272994	1.503382	5.252745
MGYG000002744__gradient_L5_pectin_gapseq	1176	1304	311	bio1	1.272994	1.321836	5.364439
MGYG000002744__gradient_L6_resistant_starch_gapseq	1176	1304	311	bio1	1.891629	1.360482	5.226929
MGYG000002744__gradient_L7_bglucan_gapseq	1176	1304	311	bio1	1.891629	1.568343	5.302192
MGYG000002744__gradient_L8_hmo_gapseq	1176	1304	311	bio1	1.891629	1.327339	5.410929
MGYG000002744__gradient_L9_mos_gapseq	1176	1304	311	bio1	1.891629	1.358673	5.321814
MGYG000002747__gradient_L0_base_gapseq	1135	1274	307	bio1	0.720031	1.323698	5.360434
MGYG000002747__gradient_L1_inulin_gapseq	1135	1274	307	bio1	1.013599	1.277128	5.158138
MGYG000002747__gradient_L2_fos_gapseq	1135	1274	307	bio1	1.013599	1.368542	5.278435
MGYG000002747__gradient_L3_gos_gapseq	1135	1274	307	bio1	1.303830	1.299089	5.061851
MGYG000002747__gradient_L4_xos_gapseq	1135	1274	307	bio1	1.303830	1.470928	5.036567
MGYG000002747__gradient_L5_pectin_gapseq	1135	1274	307	bio1	1.303830	1.303784	5.259760
MGYG000002747__gradient_L6_resistant_starch_gapseq	1135	1274	307	bio1	1.912875	1.320846	5.117580
MGYG000002747__gradient_L7_bglucan_gapseq	1135	1274	307	bio1	1.912875	1.488320	5.085740
MGYG000002747__gradient_L8_hmo_gapseq	1135	1274	307	bio1	1.912875	1.338467	5.066208
MGYG000002747__gradient_L9_mos_gapseq	1135	1274	307	bio1	2.053593	1.511989	5.161794
MGYG000002748__gradient_L0_base_gapseq	1165	1233	296	bio1	0.179641	1.249640	5.055130
MGYG000002748__gradient_L1_inulin_gapseq	1165	1233	296	bio1	0.299408	1.250493	5.010754
MGYG000002748__gradient_L2_fos_gapseq	1165	1233	296	bio1	0.299408	1.461682	4.903193
MGYG000002748__gradient_L3_gos_gapseq	1165	1233	296	bio1	0.444510	1.246458	4.811735
MGYG000002748__gradient_L4_xos_gapseq	1165	1233	296	bio1	0.444510	1.437121	4.920741
MGYG000002748__gradient_L5_pectin_gapseq	1165	1233	296	bio1	0.444510	1.246354	5.008384
MGYG000002748__gradient_L6_resistant_starch_gapseq	1165	1233	296	bio1	0.755444	1.308671	4.887237
MGYG000002748__gradient_L7_bglucan_gapseq	1165	1233	296	bio1	0.755444	1.482250	4.849255
MGYG000002748__gradient_L8_hmo_gapseq	1165	1233	296	bio1	0.755444	1.285021	4.862327
MGYG000002748__gradient_L9_mos_gapseq	1165	1233	296	bio1	0.764656	1.507268	4.861804
MGYG000002754__gradient_L0_base_gapseq	1159	1290	315	bio1	0.727385	1.367627	5.605834
MGYG000002754__gradient_L1_inulin_gapseq	1159	1290	315	bio1	1.017023	1.321855	5.273827
MGYG000002754__gradient_L2_fos_gapseq	1159	1290	315	bio1	1.017023	1.455699	5.243730
MGYG000002754__gradient_L3_gos_gapseq	1159	1290	315	bio1	1.328491	1.351140	5.547539
MGYG000002754__gradient_L4_xos_gapseq	1159	1290	315	bio1	1.328491	1.349807	5.276636
MGYG000002754__gradient_L5_pectin_gapseq	1159	1290	315	bio1	1.328491	1.471121	5.282131
MGYG000002754__gradient_L6_resistant_starch_gapseq	1159	1290	315	bio1	1.944897	1.354966	5.342161
MGYG000002754__gradient_L7_bglucan_gapseq	1159	1290	315	bio1	1.944897	1.490945	5.228832
MGYG000002754__gradient_L8_hmo_gapseq	1159	1290	315	bio1	1.944897	1.291949	5.545406
MGYG000002754__gradient_L9_mos_gapseq	1159	1290	315	bio1	2.087316	1.301944	5.271123
MGYG000002755__gradient_L0_base_gapseq	1145	1247	305	bio1	0.748612	1.468874	4.913561
MGYG000002755__gradient_L1_inulin_gapseq	1145	1247	305	bio1	1.033802	1.237664	5.119661
MGYG000002755__gradient_L2_fos_gapseq	1145	1247	305	bio1	1.033802	1.272556	4.921135
MGYG000002755__gradient_L3_gos_gapseq	1145	1247	305	bio1	1.327903	1.360961	5.018069
MGYG000002755__gradient_L4_xos_gapseq	1145	1247	305	bio1	1.327903	1.259572	4.962623
MGYG000002755__gradient_L5_pectin_gapseq	1145	1247	305	bio1	1.327903	1.422432	4.941981
MGYG000002755__gradient_L6_resistant_starch_gapseq	1145	1247	305	bio1	1.677706	1.243759	5.028282
MGYG000002755__gradient_L7_bglucan_gapseq	1145	1247	305	bio1	1.677706	1.328788	4.853243
MGYG000002755__gradient_L8_hmo_gapseq	1145	1247	305	bio1	1.677706	1.399840	4.968534
MGYG000002755__gradient_L9_mos_gapseq	1145	1247	305	bio1	1.820301	1.289541	4.810082
MGYG000002762__gradient_L0_base_gapseq	1296	1436	327	bio1	0.000000	1.712075	0.094522
MGYG000002762__gradient_L1_inulin_gapseq	1296	1436	327	bio1	0.000000	1.539608	0.081664
MGYG000002762__gradient_L2_fos_gapseq	1296	1436	327	bio1	0.000000	1.622368	0.088850
MGYG000002762__gradient_L3_gos_gapseq	1296	1436	327	bio1	0.000000	1.475393	0.077623
MGYG000002762__gradient_L4_xos_gapseq	1296	1436	327	bio1	0.657472	1.484305	6.476353
MGYG000002762__gradient_L5_pectin_gapseq	1296	1436	327	bio1	0.657472	1.594835	6.334396
MGYG000002762__gradient_L6_resistant_starch_gapseq	1296	1436	327	bio1	0.744720	1.807533	6.232053
MGYG000002762__gradient_L7_bglucan_gapseq	1296	1436	327	bio1	0.884941	1.695598	6.274667
MGYG000002762__gradient_L8_hmo_gapseq	1296	1436	327	bio1	0.884941	1.497837	6.596295
MGYG000002762__gradient_L9_mos_gapseq	1296	1436	327	bio1	0.972190	1.479430	6.343062
MGYG000002770__gradient_L0_base_gapseq	1333	1495	373	bio1	0.694822	1.744888	7.131091
MGYG000002770__gradient_L1_inulin_gapseq	1333	1495	373	bio1	0.917168	1.605599	7.161620
MGYG000002770__gradient_L2_fos_gapseq	1333	1495	373	bio1	0.917168	1.515713	7.030043
MGYG000002770__gradient_L3_gos_gapseq	1333	1495	373	bio1	1.127601	1.714005	7.049000
MGYG000002770__gradient_L4_xos_gapseq	1333	1495	373	bio1	1.127601	1.699551	7.210880
MGYG000002770__gradient_L5_pectin_gapseq	1333	1495	373	bio1	1.127601	1.529501	7.277315
MGYG000002770__gradient_L6_resistant_starch_gapseq	1333	1495	373	bio1	1.585344	1.553253	7.018255
MGYG000002770__gradient_L7_bglucan_gapseq	1333	1495	373	bio1	1.739414	1.797724	7.193094
MGYG000002770__gradient_L8_hmo_gapseq	1333	1495	373	bio1	1.739414	1.830249	7.545858
MGYG000002770__gradient_L9_mos_gapseq	1333	1495	373	bio1	1.846593	1.650965	7.434524
MGYG000002774__gradient_L0_base_gapseq	1438	1703	466	bio1	0.486059	1.926655	8.844047
MGYG000002774__gradient_L1_inulin_gapseq	1438	1703	466	bio1	0.658293	1.889924	8.770355
MGYG000002774__gradient_L2_fos_gapseq	1438	1703	466	bio1	0.658293	1.760871	8.943540
MGYG000002774__gradient_L3_gos_gapseq	1438	1703	466	bio1	0.803507	1.825190	9.021440
MGYG000002774__gradient_L4_xos_gapseq	1438	1703	466	bio1	0.909706	1.797801	9.041161
MGYG000002774__gradient_L5_pectin_gapseq	1438	1703	466	bio1	0.909706	1.786797	8.877045
MGYG000002774__gradient_L6_resistant_starch_gapseq	1438	1703	466	bio1	1.282850	1.981579	9.148249
MGYG000002774__gradient_L7_bglucan_gapseq	1438	1703	466	bio1	1.404460	2.203094	8.993764
MGYG000002774__gradient_L8_hmo_gapseq	1438	1703	466	bio1	1.485533	2.021426	8.975489
MGYG000002774__gradient_L9_mos_gapseq	1438	1703	466	bio1	1.561837	1.966935	8.897638
MGYG000002782__gradient_L0_base_gapseq	1229	1321	319	bio1	0.558912	1.533392	5.481699
MGYG000002782__gradient_L1_inulin_gapseq	1229	1321	319	bio1	0.774234	1.424886	5.611572
MGYG000002782__gradient_L2_fos_gapseq	1229	1321	319	bio1	0.774234	1.357527	5.340588
MGYG000002782__gradient_L3_gos_gapseq	1229	1321	319	bio1	0.774234	1.513419	5.501961
MGYG000002782__gradient_L4_xos_gapseq	1229	1321	319	bio1	0.774234	1.389544	5.601000
MGYG000002782__gradient_L5_pectin_gapseq	1229	1321	319	bio1	0.774234	1.345502	5.458113
MGYG000002782__gradient_L6_resistant_starch_gapseq	1229	1321	319	bio1	1.237110	1.526681	5.530526
MGYG000002782__gradient_L7_bglucan_gapseq	1229	1321	319	bio1	1.237110	1.425936	5.726238
MGYG000002782__gradient_L8_hmo_gapseq	1229	1321	319	bio1	1.237110	1.364205	5.557322
MGYG000002782__gradient_L9_mos_gapseq	1229	1321	319	bio1	1.344105	1.601727	5.574121
MGYG000002783__gradient_L0_base_gapseq	1192	1294	272	bio1	0.000000	1.299362	0.067661
MGYG000002783__gradient_L1_inulin_gapseq	1192	1294	272	bio1	0.000000	1.441208	0.062267
MGYG000002783__gradient_L2_fos_gapseq	1192	1294	272	bio1	0.000000	1.347086	0.072527
MGYG000002783__gradient_L3_gos_gapseq	1192	1294	272	bio1	0.131110	1.482379	5.397104
MGYG000002783__gradient_L4_xos_gapseq	1192	1294	272	bio1	0.131110	1.420516	5.549756
MGYG000002783__gradient_L5_pectin_gapseq	1192	1294	272	bio1	0.131110	1.392820	5.444496
MGYG000002783__gradient_L6_resistant_starch_gapseq	1192	1294	272	bio1	0.131110	1.499688	5.394871
MGYG000002783__gradient_L7_bglucan_gapseq	1192	1294	272	bio1	0.131110	1.365556	5.414335
MGYG000002783__gradient_L8_hmo_gapseq	1192	1294	272	bio1	0.131110	1.529988	5.529884
MGYG000002783__gradient_L9_mos_gapseq	1192	1294	272	bio1	0.131110	1.362725	5.666076
MGYG000002786__gradient_L0_base_gapseq	880	891	193	bio1	0.000000	1.073897	0.029306
MGYG000002786__gradient_L1_inulin_gapseq	880	891	193	bio1	0.000000	0.901898	0.036366
MGYG000002786__gradient_L2_fos_gapseq	880	891	193	bio1	0.000000	0.906499	0.039918
MGYG000002786__gradient_L3_gos_gapseq	880	891	193	bio1	0.000000	0.985746	0.042156
MGYG000002786__gradient_L4_xos_gapseq	880	891	193	bio1	0.348733	0.953751	2.639253
MGYG000002786__gradient_L5_pectin_gapseq	880	891	193	bio1	0.348733	0.879585	2.665643
MGYG000002786__gradient_L6_resistant_starch_gapseq	880	891	193	bio1	1.061513	1.131236	2.628663
MGYG000002786__gradient_L7_bglucan_gapseq	880	891	193	bio1	1.061513	0.906785	2.673685
MGYG000002786__gradient_L8_hmo_gapseq	880	891	193	bio1	1.061513	0.881130	2.858014
MGYG000002786__gradient_L9_mos_gapseq	880	891	193	bio1	1.191413	0.890467	2.703321
MGYG000002789__gradient_L0_base_gapseq	1192	1371	313	bio1	0.662412	1.529613	5.887423
MGYG000002789__gradient_L1_inulin_gapseq	1192	1371	313	bio1	0.775970	1.397979	6.008893
MGYG000002789__gradient_L2_fos_gapseq	1192	1371	313	bio1	0.775970	1.467035	5.960737
MGYG000002789__gradient_L3_gos_gapseq	1192	1371	313	bio1	0.974696	1.628294	5.972684
MGYG000002789__gradient_L4_xos_gapseq	1192	1371	313	bio1	0.974696	1.465519	6.119932
MGYG000002789__gradient_L5_pectin_gapseq	1192	1371	313	bio1	1.007325	1.476117	5.930577
MGYG000002789__gradient_L6_resistant_starch_gapseq	1192	1371	313	bio1	1.501876	1.642678	6.189937
MGYG000002789__gradient_L7_bglucan_gapseq	1192	1371	313	bio1	1.659129	1.576239	6.310692
MGYG000002789__gradient_L8_hmo_gapseq	1192	1371	313	bio1	1.659129	1.543968	5.880048
MGYG000002789__gradient_L9_mos_gapseq	1192	1371	313	bio1	1.768523	1.637089	6.092651
MGYG000002798__gradient_L0_base_gapseq	922	863	108	bio1	0.000000	0.881485	0.028828
MGYG000002798__gradient_L1_inulin_gapseq	922	863	108	bio1	0.000000	1.054691	0.034646
MGYG000002798__gradient_L2_fos_gapseq	922	863	108	bio1	0.000000	0.884797	0.035361
MGYG000002798__gradient_L3_gos_gapseq	922	863	108	bio1	0.000000	0.876592	0.037092
MGYG000002798__gradient_L4_xos_gapseq	922	863	108	bio1	0.000000	0.890557	0.036584
MGYG000002798__gradient_L5_pectin_gapseq	922	863	108	bio1	0.000000	1.042930	0.033862
MGYG000002798__gradient_L6_resistant_starch_gapseq	922	863	108	bio1	0.000000	0.887534	0.041381
MGYG000002798__gradient_L7_bglucan_gapseq	922	863	108	bio1	0.000000	0.861825	0.040470
MGYG000002798__gradient_L8_hmo_gapseq	922	863	108	bio1	0.000000	0.852139	0.037822
MGYG000002798__gradient_L9_mos_gapseq	922	863	108	bio1	0.000000	1.011314	0.040301
MGYG000002803__gradient_L0_base_gapseq	1131	1199	211	bio1	0.000000	1.357290	0.054465
MGYG000002803__gradient_L1_inulin_gapseq	1131	1199	211	bio1	0.000000	1.232526	0.068923
MGYG000002803__gradient_L2_fos_gapseq	1131	1199	211	bio1	0.000000	1.287247	0.056020
MGYG000002803__gradient_L3_gos_gapseq	1131	1199	211	bio1	0.000000	1.383534	0.054556
MGYG000002803__gradient_L4_xos_gapseq	1131	1199	211	bio1	0.000000	1.193021	0.056534
MGYG000002803__gradient_L5_pectin_gapseq	1131	1199	211	bio1	0.000000	1.298004	0.063711
MGYG000002803__gradient_L6_resistant_starch_gapseq	1131	1199	211	bio1	0.000000	1.253784	0.075142
MGYG000002803__gradient_L7_bglucan_gapseq	1131	1199	211	bio1	0.000000	1.241245	0.054558
MGYG000002803__gradient_L8_hmo_gapseq	1131	1199	211	bio1	0.000000	1.413724	0.061695
MGYG000002803__gradient_L9_mos_gapseq	1131	1199	211	bio1	0.000000	1.198713	0.059975
MGYG000002818__gradient_L0_base_gapseq	1481	1674	564	bio1	0.000000	1.975828	0.105240
MGYG000002818__gradient_L1_inulin_gapseq	1481	1674	564	bio1	1.168584	1.909869	8.727411
MGYG000002818__gradient_L2_fos_gapseq	1481	1674	564	bio1	1.168584	1.859796	8.728043
MGYG000002818__gradient_L3_gos_gapseq	1481	1674	564	bio1	1.168584	2.085321	8.758893
MGYG000002818__gradient_L4_xos_gapseq	1481	1674	564	bio1	1.179569	2.064032	8.813863
MGYG000002818__gradient_L5_pectin_gapseq	1481	1674	564	bio1	1.179569	2.087009	8.977958
MGYG000002818__gradient_L6_resistant_starch_gapseq	1481	1674	564	bio1	1.912045	2.100284	9.013128
MGYG000002818__gradient_L7_bglucan_gapseq	1481	1674	564	bio1	1.912045	1.915573	9.034796
MGYG000002818__gradient_L8_hmo_gapseq	1481	1674	564	bio1	1.912045	1.823337	8.933323
MGYG000002818__gradient_L9_mos_gapseq	1481	1674	564	bio1	1.912045	1.912233	8.569126
MGYG000002831__gradient_L0_base_gapseq	1035	1119	193	bio1	0.000000	1.129203	0.047427
MGYG000002831__gradient_L1_inulin_gapseq	1035	1119	193	bio1	0.541660	1.106275	4.162956
MGYG000002831__gradient_L2_fos_gapseq	1035	1119	193	bio1	0.541660	1.118038	4.043132
MGYG000002831__gradient_L3_gos_gapseq	1035	1119	193	bio1	0.904975	1.141425	4.223334
MGYG000002831__gradient_L4_xos_gapseq	1035	1119	193	bio1	0.904975	1.124209	4.023216
MGYG000002831__gradient_L5_pectin_gapseq	1035	1119	193	bio1	0.904975	1.136614	4.275461
MGYG000002831__gradient_L6_resistant_starch_gapseq	1035	1119	193	bio1	0.994383	1.162483	4.025308
MGYG000002831__gradient_L7_bglucan_gapseq	1035	1119	193	bio1	0.994383	1.304607	4.097710
MGYG000002831__gradient_L8_hmo_gapseq	1035	1119	193	bio1	0.994383	1.142478	4.347450
MGYG000002831__gradient_L9_mos_gapseq	1035	1119	193	bio1	0.994383	1.404397	4.067483
MGYG000002840__gradient_L0_base_gapseq	1189	1321	395	bio1	0.336622	1.338787	5.798922
MGYG000002840__gradient_L1_inulin_gapseq	1189	1321	395	bio1	0.336622	1.390204	5.494420
MGYG000002840__gradient_L2_fos_gapseq	1189	1321	395	bio1	0.336622	1.496325	5.539330
MGYG000002840__gradient_L3_gos_gapseq	1189	1321	395	bio1	0.336622	1.380804	5.877301
MGYG000002840__gradient_L4_xos_gapseq	1189	1321	395	bio1	0.336622	1.432728	5.609636
MGYG000002840__gradient_L5_pectin_gapseq	1189	1321	395	bio1	0.336622	1.639975	5.952784
MGYG000002840__gradient_L6_resistant_starch_gapseq	1189	1321	395	bio1	0.336622	1.431903	5.904510
MGYG000002840__gradient_L7_bglucan_gapseq	1189	1321	395	bio1	0.336622	1.425490	5.666748
MGYG000002840__gradient_L8_hmo_gapseq	1189	1321	395	bio1	0.336622	1.630874	5.707594
MGYG000002840__gradient_L9_mos_gapseq	1189	1321	395	bio1	0.336622	1.488654	5.974718
MGYG000002848__gradient_L0_base_gapseq	1064	1212	264	bio1	0.000000	1.416504	0.059346
MGYG000002848__gradient_L1_inulin_gapseq	1064	1212	264	bio1	0.292657	1.189587	4.717976
MGYG000002848__gradient_L2_fos_gapseq	1064	1212	264	bio1	0.292657	1.204688	4.948945
MGYG000002848__gradient_L3_gos_gapseq	1064	1212	264	bio1	0.369308	1.270749	4.662745
MGYG000002848__gradient_L4_xos_gapseq	1064	1212	264	bio1	0.439718	1.415475	4.721378
MGYG000002848__gradient_L5_pectin_gapseq	1064	1212	264	bio1	0.439718	1.235217	4.735872
MGYG000002848__gradient_L6_resistant_starch_gapseq	1064	1212	264	bio1	0.886539	1.455150	5.050041
MGYG000002848__gradient_L7_bglucan_gapseq	1064	1212	264	bio1	1.048130	1.337444	4.956837
MGYG000002848__gradient_L8_hmo_gapseq	1064	1212	264	bio1	1.048130	1.360335	4.759818
MGYG000002848__gradient_L9_mos_gapseq	1064	1212	264	bio1	1.121684	1.383335	4.873592
MGYG000002851__gradient_L0_base_gapseq	1117	1216	299	bio1	0.361813	1.457459	4.834415
MGYG000002851__gradient_L1_inulin_gapseq	1117	1216	299	bio1	0.660609	1.299083	4.914132
MGYG000002851__gradient_L2_fos_gapseq	1117	1216	299	bio1	0.660609	1.259425	4.775827
MGYG000002851__gradient_L3_gos_gapseq	1117	1216	299	bio1	0.968742	1.400208	4.879375
MGYG000002851__gradient_L4_xos_gapseq	1117	1216	299	bio1	0.968742	1.307150	4.813714
MGYG000002851__gradient_L5_pectin_gapseq	1117	1216	299	bio1	0.968742	1.492383	5.100134
MGYG000002851__gradient_L6_resistant_starch_gapseq	1117	1216	299	bio1	1.592875	1.411786	5.096660
MGYG000002851__gradient_L7_bglucan_gapseq	1117	1216	299	bio1	1.592875	1.311247	4.792404
MGYG000002851__gradient_L8_hmo_gapseq	1117	1216	299	bio1	1.592875	1.427528	4.880996
MGYG000002851__gradient_L9_mos_gapseq	1117	1216	299	bio1	1.736864	1.298953	4.850999
MGYG000002852__gradient_L0_base_gapseq	1137	1284	312	bio1	0.000000	1.494753	0.065255
MGYG000002852__gradient_L1_inulin_gapseq	1137	1284	312	bio1	0.000000	1.314687	0.068833
MGYG000002852__gradient_L2_fos_gapseq	1137	1284	312	bio1	0.000000	1.459954	0.074461
MGYG000002852__gradient_L3_gos_gapseq	1137	1284	312	bio1	0.000000	1.327602	0.065595
MGYG000002852__gradient_L4_xos_gapseq	1137	1284	312	bio1	0.000000	1.493630	0.071361
MGYG000002852__gradient_L5_pectin_gapseq	1137	1284	312	bio1	0.000000	1.304458	0.079066
MGYG000002852__gradient_L6_resistant_starch_gapseq	1137	1284	312	bio1	0.000000	1.349151	0.069302
MGYG000002852__gradient_L7_bglucan_gapseq	1137	1284	312	bio1	0.000000	1.496459	0.066147
MGYG000002852__gradient_L8_hmo_gapseq	1137	1284	312	bio1	0.000000	1.307807	0.078819
MGYG000002852__gradient_L9_mos_gapseq	1137	1284	312	bio1	0.000000	1.505161	0.074697
MGYG000002854__gradient_L0_base_gapseq	1255	1312	315	bio1	0.000000	1.693855	0.061392
MGYG000002854__gradient_L1_inulin_gapseq	1255	1312	315	bio1	0.000000	1.380719	0.062571
MGYG000002854__gradient_L2_fos_gapseq	1255	1312	315	bio1	0.000000	1.483725	0.067892
MGYG000002854__gradient_L3_gos_gapseq	1255	1312	315	bio1	0.000000	1.437248	0.059436
MGYG000002854__gradient_L4_xos_gapseq	1255	1312	315	bio1	0.000000	1.523870	0.245127
MGYG000002854__gradient_L5_pectin_gapseq	1255	1312	315	bio1	0.000000	1.441446	0.068232
MGYG000002854__gradient_L6_resistant_starch_gapseq	1255	1312	315	bio1	0.000000	1.525403	0.063807
MGYG000002854__gradient_L7_bglucan_gapseq	1255	1312	315	bio1	0.000000	1.644745	0.059771
MGYG000002854__gradient_L8_hmo_gapseq	1255	1312	315	bio1	0.000000	1.424679	0.061002
MGYG000002854__gradient_L9_mos_gapseq	1255	1312	315	bio1	0.000000	1.641586	0.064538
MGYG000002858__gradient_L0_base_gapseq	1183	1290	329	bio1	0.704454	1.315533	5.254114
MGYG000002858__gradient_L1_inulin_gapseq	1183	1290	329	bio1	0.992541	1.634289	5.218987
MGYG000002858__gradient_L2_fos_gapseq	1183	1290	329	bio1	0.992541	1.345155	5.643077
MGYG000002858__gradient_L3_gos_gapseq	1183	1290	329	bio1	1.284381	1.508730	5.291748
MGYG000002858__gradient_L4_xos_gapseq	1183	1290	329	bio1	1.284381	1.489216	5.285420
MGYG000002858__gradient_L5_pectin_gapseq	1183	1290	329	bio1	1.284381	1.387626	5.364731
MGYG000002858__gradient_L6_resistant_starch_gapseq	1183	1290	329	bio1	1.896732	1.527029	5.412507
MGYG000002858__gradient_L7_bglucan_gapseq	1183	1290	329	bio1	2.102323	1.518372	5.168486
MGYG000002858__gradient_L8_hmo_gapseq	1183	1290	329	bio1	2.102323	1.327060	5.241386
MGYG000002858__gradient_L9_mos_gapseq	1183	1290	329	bio1	2.243805	1.491430	5.088954
MGYG000002860__gradient_L0_base_gapseq	1116	1232	301	bio1	0.647559	1.268363	4.932257
MGYG000002860__gradient_L1_inulin_gapseq	1116	1232	301	bio1	0.929494	1.449222	4.970703
MGYG000002860__gradient_L2_fos_gapseq	1116	1232	301	bio1	0.929494	1.327946	5.226077
MGYG000002860__gradient_L3_gos_gapseq	1116	1232	301	bio1	1.220239	1.557838	5.117534
MGYG000002860__gradient_L4_xos_gapseq	1116	1232	301	bio1	1.220239	1.402308	5.200727
MGYG000002860__gradient_L5_pectin_gapseq	1116	1232	301	bio1	1.220239	1.252466	4.938289
MGYG000002860__gradient_L6_resistant_starch_gapseq	1116	1232	301	bio1	1.566050	1.403674	5.128543
MGYG000002860__gradient_L7_bglucan_gapseq	1116	1232	301	bio1	1.566050	1.336649	5.237449
MGYG000002860__gradient_L8_hmo_gapseq	1116	1232	301	bio1	1.566050	1.280865	4.907569
MGYG000002860__gradient_L9_mos_gapseq	1116	1232	301	bio1	1.707017	1.567724	4.858269
MGYG000002870__gradient_L0_base_gapseq	727	665	80	bio1	0.000000	0.663979	0.020498
MGYG000002870__gradient_L1_inulin_gapseq	727	665	80	bio1	0.000000	0.707166	0.027342
MGYG000002870__gradient_L2_fos_gapseq	727	665	80	bio1	0.000000	0.684146	0.026869
MGYG000002870__gradient_L3_gos_gapseq	727	665	80	bio1	0.000000	0.978403	0.028819
MGYG000002870__gradient_L4_xos_gapseq	727	665	80	bio1	0.000000	0.672359	0.027849
MGYG000002870__gradient_L5_pectin_gapseq	727	665	80	bio1	0.000000	0.665553	0.030534
MGYG000002870__gradient_L6_resistant_starch_gapseq	727	665	80	bio1	0.000000	0.651064	0.026181
MGYG000002870__gradient_L7_bglucan_gapseq	727	665	80	bio1	0.000000	0.698229	0.046701
MGYG000002870__gradient_L8_hmo_gapseq	727	665	80	bio1	0.000000	1.085282	0.027338
MGYG000002870__gradient_L9_mos_gapseq	727	665	80	bio1	0.000000	0.684337	0.040918
MGYG000002875__gradient_L0_base_gapseq	1142	1251	274	bio1	0.000000	1.328487	0.056594
MGYG000002875__gradient_L1_inulin_gapseq	1142	1251	274	bio1	0.000000	1.388545	0.064339
MGYG000002875__gradient_L2_fos_gapseq	1142	1251	274	bio1	0.000000	1.511762	0.091817
MGYG000002875__gradient_L3_gos_gapseq	1142	1251	274	bio1	0.000000	1.535691	0.070059
MGYG000002875__gradient_L4_xos_gapseq	1142	1251	274	bio1	0.368780	1.349788	5.134805
MGYG000002875__gradient_L5_pectin_gapseq	1142	1251	274	bio1	0.368780	1.563142	5.037120
MGYG000002875__gradient_L6_resistant_starch_gapseq	1142	1251	274	bio1	0.627571	1.349591	5.087677
MGYG000002875__gradient_L7_bglucan_gapseq	1142	1251	274	bio1	0.627571	1.438044	5.144708
MGYG000002875__gradient_L8_hmo_gapseq	1142	1251	274	bio1	0.627571	1.315656	5.214939
MGYG000002875__gradient_L9_mos_gapseq	1142	1251	274	bio1	0.731084	1.251733	5.108317
MGYG000002876__gradient_L0_base_gapseq	1408	1524	343	bio1	0.000000	1.871085	0.090931
MGYG000002876__gradient_L1_inulin_gapseq	1408	1524	343	bio1	0.000000	2.006503	0.084180
MGYG000002876__gradient_L2_fos_gapseq	1408	1524	343	bio1	0.000000	1.704636	0.091550
MGYG000002876__gradient_L3_gos_gapseq	1408	1524	343	bio1	0.000000	2.023496	0.103661
MGYG000002876__gradient_L4_xos_gapseq	1408	1524	343	bio1	0.755239	1.792054	7.798497
MGYG000002876__gradient_L5_pectin_gapseq	1408	1524	343	bio1	0.755239	1.730443	7.279911
MGYG000002876__gradient_L6_resistant_starch_gapseq	1408	1524	343	bio1	0.913748	1.900468	7.168986
MGYG000002876__gradient_L7_bglucan_gapseq	1408	1524	343	bio1	0.913748	1.888880	7.122799
MGYG000002876__gradient_L8_hmo_gapseq	1408	1524	343	bio1	0.913748	1.633192	7.271970
MGYG000002876__gradient_L9_mos_gapseq	1408	1524	343	bio1	0.913748	1.718344	7.176830
MGYG000002882__gradient_L0_base_gapseq	1089	1200	270	bio1	0.000000	1.347659	0.063364
MGYG000002882__gradient_L1_inulin_gapseq	1089	1200	270	bio1	0.000000	1.273961	0.305399
MGYG000002882__gradient_L2_fos_gapseq	1089	1200	270	bio1	0.000000	1.270954	0.069112
MGYG000002882__gradient_L3_gos_gapseq	1089	1200	270	bio1	0.000000	1.256148	0.059037
MGYG000002882__gradient_L4_xos_gapseq	1089	1200	270	bio1	0.000000	1.398468	0.070780
MGYG000002882__gradient_L5_pectin_gapseq	1089	1200	270	bio1	0.000000	1.267797	0.063998
MGYG000002882__gradient_L6_resistant_starch_gapseq	1089	1200	270	bio1	0.000000	1.242960	0.256505
MGYG000002882__gradient_L7_bglucan_gapseq	1089	1200	270	bio1	0.000000	1.231237	0.064682
MGYG000002882__gradient_L8_hmo_gapseq	1089	1200	270	bio1	0.000000	1.278019	0.061819
MGYG000002882__gradient_L9_mos_gapseq	1089	1200	270	bio1	0.000000	1.402188	0.061674
MGYG000002883__gradient_L0_base_gapseq	1126	1183	211	bio1	0.000000	1.215855	0.049358
MGYG000002883__gradient_L1_inulin_gapseq	1126	1183	211	bio1	0.048074	1.228878	4.964742
MGYG000002883__gradient_L2_fos_gapseq	1126	1183	211	bio1	0.048074	1.266203	4.629913
MGYG000002883__gradient_L3_gos_gapseq	1126	1183	211	bio1	0.048074	1.500420	4.768437
MGYG000002883__gradient_L4_xos_gapseq	1126	1183	211	bio1	0.048074	1.214126	4.601290
MGYG000002883__gradient_L5_pectin_gapseq	1126	1183	211	bio1	0.048074	1.426232	4.653460
MGYG000002883__gradient_L6_resistant_starch_gapseq	1126	1183	211	bio1	0.048074	1.203459	4.550060
MGYG000002883__gradient_L7_bglucan_gapseq	1126	1183	211	bio1	0.048074	1.401524	4.541583
MGYG000002883__gradient_L8_hmo_gapseq	1126	1183	211	bio1	0.048074	1.199223	4.701523
MGYG000002883__gradient_L9_mos_gapseq	1126	1183	211	bio1	0.048074	1.197481	4.724722
MGYG000002884__gradient_L0_base_gapseq	1214	1310	238	bio1	0.000000	1.392592	0.084645
MGYG000002884__gradient_L1_inulin_gapseq	1214	1310	238	bio1	0.000000	1.504444	0.081145
MGYG000002884__gradient_L2_fos_gapseq	1214	1310	238	bio1	0.000000	1.432880	0.082825
MGYG000002884__gradient_L3_gos_gapseq	1214	1310	238	bio1	0.911872	1.402840	5.597842
MGYG000002884__gradient_L4_xos_gapseq	1214	1310	238	bio1	0.911872	1.352045	5.481660
MGYG000002884__gradient_L5_pectin_gapseq	1214	1310	238	bio1	0.911872	1.683138	5.231203
MGYG000002884__gradient_L6_resistant_starch_gapseq	1214	1310	238	bio1	1.045615	1.333489	5.582547
MGYG000002884__gradient_L7_bglucan_gapseq	1214	1310	238	bio1	1.045615	1.364972	5.291963
MGYG000002884__gradient_L8_hmo_gapseq	1214	1310	238	bio1	1.045615	1.514159	5.283220
MGYG000002884__gradient_L9_mos_gapseq	1214	1310	238	bio1	1.179357	1.329258	5.496505
MGYG000002888__gradient_L0_base_gapseq	1695	1969	450	bio1	0.864969	2.083480	12.314151
MGYG000002888__gradient_L1_inulin_gapseq	1695	1969	450	bio1	1.068891	2.163476	12.116826
MGYG000002888__gradient_L2_fos_gapseq	1695	1969	450	bio1	1.068891	2.079509	12.083888
MGYG000002888__gradient_L3_gos_gapseq	1695	1969	450	bio1	1.265029	2.039142	12.046489
MGYG000002888__gradient_L4_xos_gapseq	1695	1969	450	bio1	1.320290	2.083534	12.140161
MGYG000002888__gradient_L5_pectin_gapseq	1695	1969	450	bio1	1.320290	2.086507	12.045147
MGYG000002888__gradient_L6_resistant_starch_gapseq	1695	1969	450	bio1	1.597374	2.063136	12.192241
MGYG000002888__gradient_L7_bglucan_gapseq	1695	1969	450	bio1	1.597374	2.329742	12.174902
MGYG000002888__gradient_L8_hmo_gapseq	1695	1969	450	bio1	1.597374	2.125016	12.350083
MGYG000002888__gradient_L9_mos_gapseq	1695	1969	450	bio1	1.696999	2.207519	12.284256
MGYG000002898__gradient_L0_base_gapseq	1534	1873	551	bio1	1.018539	2.245679	10.818471
MGYG000002898__gradient_L1_inulin_gapseq	1534	1873	551	bio1	1.249153	2.220299	10.895506
MGYG000002898__gradient_L2_fos_gapseq	1534	1873	551	bio1	1.249153	2.216348	10.715921
MGYG000002898__gradient_L3_gos_gapseq	1534	1873	551	bio1	1.450941	1.944137	11.028795
MGYG000002898__gradient_L4_xos_gapseq	1534	1873	551	bio1	1.494181	1.916630	11.023862
MGYG000002898__gradient_L5_pectin_gapseq	1534	1873	551	bio1	1.494181	2.007264	11.000796
MGYG000002898__gradient_L6_resistant_starch_gapseq	1534	1873	551	bio1	1.993847	2.057682	10.945264
MGYG000002898__gradient_L7_bglucan_gapseq	1534	1873	551	bio1	1.993847	1.924043	10.970925
MGYG000002898__gradient_L8_hmo_gapseq	1534	1873	551	bio1	1.993847	1.949643	10.875258
MGYG000002898__gradient_L9_mos_gapseq	1534	1873	551	bio1	2.109154	1.943432	11.074566
MGYG000002899__gradient_L0_base_gapseq	1212	1449	294	bio1	0.000000	1.687644	0.075003
MGYG000002899__gradient_L1_inulin_gapseq	1212	1449	294	bio1	0.000000	1.423908	0.082806
MGYG000002899__gradient_L2_fos_gapseq	1212	1449	294	bio1	0.000000	1.517857	0.083402
MGYG000002899__gradient_L3_gos_gapseq	1212	1449	294	bio1	0.692996	1.427218	6.925405
MGYG000002899__gradient_L4_xos_gapseq	1212	1449	294	bio1	0.756683	1.501623	6.375374
MGYG000002899__gradient_L5_pectin_gapseq	1212	1449	294	bio1	0.756683	1.560980	6.445349
MGYG000002899__gradient_L6_resistant_starch_gapseq	1212	1449	294	bio1	1.273253	1.455314	6.670964
MGYG000002899__gradient_L7_bglucan_gapseq	1212	1449	294	bio1	1.273253	1.463825	6.486044
MGYG000002899__gradient_L8_hmo_gapseq	1212	1449	294	bio1	1.273253	1.619899	6.494716
MGYG000002899__gradient_L9_mos_gapseq	1212	1449	294	bio1	1.348734	1.549966	6.480063
MGYG000002903__gradient_L0_base_gapseq	1219	1223	232	bio1	0.036745	1.327593	5.023505
MGYG000002903__gradient_L1_inulin_gapseq	1219	1223	232	bio1	0.122565	1.647408	4.909636
MGYG000002903__gradient_L2_fos_gapseq	1219	1223	232	bio1	0.122565	1.283271	5.232353
MGYG000002903__gradient_L3_gos_gapseq	1219	1223	232	bio1	0.122565	1.252911	5.016422
MGYG000002903__gradient_L4_xos_gapseq	1219	1223	232	bio1	0.122565	1.377073	5.036490
MGYG000002903__gradient_L5_pectin_gapseq	1219	1223	232	bio1	0.122565	1.333557	4.888269
MGYG000002903__gradient_L6_resistant_starch_gapseq	1219	1223	232	bio1	0.204282	1.467615	4.938811
MGYG000002903__gradient_L7_bglucan_gapseq	1219	1223	232	bio1	0.204282	1.344287	5.206246
MGYG000002903__gradient_L8_hmo_gapseq	1219	1223	232	bio1	0.204282	1.306840	5.003033
MGYG000002903__gradient_L9_mos_gapseq	1219	1223	232	bio1	0.204282	1.536964	4.954711
MGYG000002904	0	0	0	NONE	0.000000	0.000000	0.000000
MGYG000002907__gradient_L0_base_gapseq	1686	1943	612	bio1	1.621782	2.251979	11.286819
MGYG000002907__gradient_L1_inulin_gapseq	1686	1943	612	bio1	1.783155	2.318334	11.461319
MGYG000002907__gradient_L2_fos_gapseq	1686	1943	612	bio1	1.783155	2.227994	11.466879
MGYG000002907__gradient_L3_gos_gapseq	1686	1943	612	bio1	1.783155	2.367337	11.593422
MGYG000002907__gradient_L4_xos_gapseq	1686	1943	612	bio1	1.859807	2.321870	11.281477
MGYG000002907__gradient_L5_pectin_gapseq	1686	1943	612	bio1	1.859807	2.277278	11.677425
MGYG000002907__gradient_L6_resistant_starch_gapseq	1686	1943	612	bio1	2.549111	2.415346	11.536106
MGYG000002907__gradient_L7_bglucan_gapseq	1686	1943	612	bio1	2.549111	2.271104	11.513759
MGYG000002907__gradient_L8_hmo_gapseq	1686	1943	612	bio1	2.549111	2.356002	11.681211
MGYG000002907__gradient_L9_mos_gapseq	1686	1943	612	bio1	2.549111	2.469913	11.906846
MGYG000002913__gradient_L0_base_gapseq	1117	1200	227	bio1	0.000000	1.231333	0.053296
MGYG000002913__gradient_L1_inulin_gapseq	1117	1200	227	bio1	0.000000	1.367774	0.062595
MGYG000002913__gradient_L2_fos_gapseq	1117	1200	227	bio1	0.000000	1.265038	0.049381
MGYG000002913__gradient_L3_gos_gapseq	1117	1200	227	bio1	0.350025	1.211048	4.818938
MGYG000002913__gradient_L4_xos_gapseq	1117	1200	227	bio1	0.350025	1.261689	4.495392
MGYG000002913__gradient_L5_pectin_gapseq	1117	1200	227	bio1	0.350025	1.348589	4.589903
MGYG000002913__gradient_L6_resistant_starch_gapseq	1117	1200	227	bio1	0.815966	1.218180	4.510538
MGYG000002913__gradient_L7_bglucan_gapseq	1117	1200	227	bio1	0.815966	1.404514	4.509188
MGYG000002913__gradient_L8_hmo_gapseq	1117	1200	227	bio1	0.931872	1.251696	4.797935
MGYG000002913__gradient_L9_mos_gapseq	1117	1200	227	bio1	0.994383	1.250411	4.590312
MGYG000002917__gradient_L0_base_gapseq	1182	1343	320	bio1	0.598321	1.396956	5.796206
MGYG000002917__gradient_L1_inulin_gapseq	1182	1343	320	bio1	0.828735	1.424866	5.576242
MGYG000002917__gradient_L2_fos_gapseq	1182	1343	320	bio1	0.828735	1.486598	5.591726
MGYG000002917__gradient_L3_gos_gapseq	1182	1343	320	bio1	1.054963	1.353346	5.741561
MGYG000002917__gradient_L4_xos_gapseq	1182	1343	320	bio1	1.096515	1.350900	5.666428
MGYG000002917__gradient_L5_pectin_gapseq	1182	1343	320	bio1	1.096515	1.509254	5.636174
MGYG000002917__gradient_L6_resistant_starch_gapseq	1182	1343	320	bio1	1.569753	1.442238	5.902590
MGYG000002917__gradient_L7_bglucan_gapseq	1182	1343	320	bio1	1.569753	1.372563	5.618597
MGYG000002917__gradient_L8_hmo_gapseq	1182	1343	320	bio1	1.569753	1.550636	5.573355
MGYG000002917__gradient_L9_mos_gapseq	1182	1343	320	bio1	1.680559	1.352649	5.883859
MGYG000002918__gradient_L0_base_gapseq	1135	1279	311	bio1	0.730744	1.486813	5.157144
MGYG000002918__gradient_L1_inulin_gapseq	1135	1279	311	bio1	1.024688	1.278483	5.224434
MGYG000002918__gradient_L2_fos_gapseq	1135	1279	311	bio1	1.024688	1.318773	5.086949
MGYG000002918__gradient_L3_gos_gapseq	1135	1279	311	bio1	1.318094	1.502262	5.079767
MGYG000002918__gradient_L4_xos_gapseq	1135	1279	311	bio1	1.318094	1.324911	5.437234
MGYG000002918__gradient_L5_pectin_gapseq	1135	1279	311	bio1	1.318094	1.326604	5.127716
MGYG000002918__gradient_L6_resistant_starch_gapseq	1135	1279	311	bio1	1.933802	1.558700	5.130185
MGYG000002918__gradient_L7_bglucan_gapseq	1135	1279	311	bio1	1.933802	1.351568	5.099927
MGYG000002918__gradient_L8_hmo_gapseq	1135	1279	311	bio1	1.933802	1.468148	5.108904
MGYG000002918__gradient_L9_mos_gapseq	1135	1279	311	bio1	2.076060	1.301542	5.339582
MGYG000002919__gradient_L0_base_gapseq	1171	1338	332	bio1	0.803620	1.345746	5.431979
MGYG000002919__gradient_L1_inulin_gapseq	1171	1338	332	bio1	1.097899	1.511484	5.538912
MGYG000002919__gradient_L2_fos_gapseq	1171	1338	332	bio1	1.097899	1.403214	5.602316
MGYG000002919__gradient_L3_gos_gapseq	1171	1338	332	bio1	1.394267	1.556804	5.796765
MGYG000002919__gradient_L4_xos_gapseq	1171	1338	332	bio1	1.394267	1.588059	5.672065
MGYG000002919__gradient_L5_pectin_gapseq	1171	1338	332	bio1	1.394267	1.395662	5.610458
MGYG000002919__gradient_L6_resistant_starch_gapseq	1171	1338	332	bio1	2.016191	1.564219	5.598598
MGYG000002919__gradient_L7_bglucan_gapseq	1171	1338	332	bio1	2.016191	1.443446	5.802008
MGYG000002919__gradient_L8_hmo_gapseq	1171	1338	332	bio1	2.016191	1.380093	5.833356
MGYG000002919__gradient_L9_mos_gapseq	1171	1338	332	bio1	2.159885	1.546724	5.551954
MGYG000002926__gradient_L0_base_gapseq	1048	1146	261	bio1	0.000000	1.289692	0.062900
MGYG000002926__gradient_L1_inulin_gapseq	1048	1146	261	bio1	0.000000	1.202830	0.050104
MGYG000002926__gradient_L2_fos_gapseq	1048	1146	261	bio1	0.000000	1.209579	0.051678
MGYG000002926__gradient_L3_gos_gapseq	1048	1146	261	bio1	0.000000	1.237361	0.057151
MGYG000002926__gradient_L4_xos_gapseq	1048	1146	261	bio1	0.000000	1.196126	0.061764
MGYG000002926__gradient_L5_pectin_gapseq	1048	1146	261	bio1	0.000000	1.120284	0.064834
MGYG000002926__gradient_L6_resistant_starch_gapseq	1048	1146	261	bio1	0.000000	1.272237	0.052155
MGYG000002926__gradient_L7_bglucan_gapseq	1048	1146	261	bio1	0.000000	1.173265	0.064717
MGYG000002926__gradient_L8_hmo_gapseq	1048	1146	261	bio1	0.000000	1.190128	0.212420
MGYG000002926__gradient_L9_mos_gapseq	1048	1146	261	bio1	0.000000	1.205255	0.049810
MGYG000002954__gradient_L0_base_gapseq	1378	1482	351	bio1	0.000000	1.580511	0.078121
MGYG000002954__gradient_L1_inulin_gapseq	1378	1482	351	bio1	0.000000	1.668507	0.094035
MGYG000002954__gradient_L2_fos_gapseq	1378	1482	351	bio1	0.000000	1.560714	0.089394
MGYG000002954__gradient_L3_gos_gapseq	1378	1482	351	bio1	0.000000	1.721941	0.106363
MGYG000002954__gradient_L4_xos_gapseq	1378	1482	351	bio1	0.766461	1.591837	6.774985
MGYG000002954__gradient_L5_pectin_gapseq	1378	1482	351	bio1	0.766461	1.816577	6.808180
MGYG000002954__gradient_L6_resistant_starch_gapseq	1378	1482	351	bio1	0.766461	1.781293	6.686603
MGYG000002954__gradient_L7_bglucan_gapseq	1378	1482	351	bio1	0.766461	1.569707	6.906123
MGYG000002954__gradient_L8_hmo_gapseq	1378	1482	351	bio1	0.766461	1.625615	6.706298
MGYG000002954__gradient_L9_mos_gapseq	1378	1482	351	bio1	0.766461	1.975333	6.803079
MGYG000002958__gradient_L0_base_gapseq	1180	1323	331	bio1	0.853855	1.331755	5.820271
MGYG000002958__gradient_L1_inulin_gapseq	1180	1323	331	bio1	1.144458	1.347133	5.758974
MGYG000002958__gradient_L2_fos_gapseq	1180	1323	331	bio1	1.144458	1.512071	5.552539
MGYG000002958__gradient_L3_gos_gapseq	1180	1323	331	bio1	1.438942	1.375894	5.515893
MGYG000002958__gradient_L4_xos_gapseq	1180	1323	331	bio1	1.438942	1.535380	5.628851
MGYG000002958__gradient_L5_pectin_gapseq	1180	1323	331	bio1	1.438942	1.507683	5.512893
MGYG000002958__gradient_L6_resistant_starch_gapseq	1180	1323	331	bio1	2.056910	1.529944	5.482322
MGYG000002958__gradient_L7_bglucan_gapseq	1180	1323	331	bio1	2.264387	1.489452	5.536059
MGYG000002958__gradient_L8_hmo_gapseq	1180	1323	331	bio1	2.264387	1.370331	5.793236
MGYG000002958__gradient_L9_mos_gapseq	1180	1323	331	bio1	2.264387	1.397727	5.544448
MGYG000002959__gradient_L0_base_gapseq	1102	1212	273	bio1	0.347648	1.279902	4.886231
MGYG000002959__gradient_L1_inulin_gapseq	1102	1212	273	bio1	0.499900	1.426249	4.797754
MGYG000002959__gradient_L2_fos_gapseq	1102	1212	273	bio1	0.499900	1.239338	4.963198
MGYG000002959__gradient_L3_gos_gapseq	1102	1212	273	bio1	0.499900	1.274517	4.794826
MGYG000002959__gradient_L4_xos_gapseq	1102	1212	273	bio1	0.499900	1.449403	4.833553
MGYG000002959__gradient_L5_pectin_gapseq	1102	1212	273	bio1	0.499900	1.262686	4.908552
MGYG000002959__gradient_L6_resistant_starch_gapseq	1102	1212	273	bio1	0.499900	1.441404	4.876078
MGYG000002959__gradient_L7_bglucan_gapseq	1102	1212	273	bio1	0.499900	1.226928	4.975419
MGYG000002959__gradient_L8_hmo_gapseq	1102	1212	273	bio1	0.499900	1.287444	4.940816
MGYG000002959__gradient_L9_mos_gapseq	1102	1212	273	bio1	0.499900	1.357759	4.764024
MGYG000002966__gradient_L0_base_gapseq	1512	1756	611	bio1	1.099904	2.096788	9.301532
MGYG000002966__gradient_L1_inulin_gapseq	1512	1756	611	bio1	1.374168	2.082080	9.319914
MGYG000002966__gradient_L2_fos_gapseq	1512	1756	611	bio1	1.374168	2.085301	9.440214
MGYG000002966__gradient_L3_gos_gapseq	1512	1756	611	bio1	1.650575	1.962649	9.493838
MGYG000002966__gradient_L4_xos_gapseq	1512	1756	611	bio1	1.789849	1.932518	9.605977
MGYG000002966__gradient_L5_pectin_gapseq	1512	1756	611	bio1	1.836989	1.862319	9.574984
MGYG000002966__gradient_L6_resistant_starch_gapseq	1512	1756	611	bio1	2.427722	1.855485	9.786449
MGYG000002966__gradient_L7_bglucan_gapseq	1512	1756	611	bio1	2.623187	2.009273	9.619308
MGYG000002966__gradient_L8_hmo_gapseq	1512	1756	611	bio1	2.764828	2.168654	9.904786
MGYG000002966__gradient_L9_mos_gapseq	1512	1756	611	bio1	2.900804	2.041703	9.535563
MGYG000002969__gradient_L0_base_gapseq	1338	1407	338	bio1	0.074961	1.493429	6.196050
MGYG000002969__gradient_L1_inulin_gapseq	1338	1407	338	bio1	0.159663	1.599618	6.096039
MGYG000002969__gradient_L2_fos_gapseq	1338	1407	338	bio1	0.159663	1.607912	6.327703
MGYG000002969__gradient_L3_gos_gapseq	1338	1407	338	bio1	0.159663	1.507421	6.543609
MGYG000002969__gradient_L4_xos_gapseq	1338	1407	338	bio1	0.159663	1.454045	6.116817
MGYG000002969__gradient_L5_pectin_gapseq	1338	1407	338	bio1	0.159663	1.577071	6.314366
MGYG000002969__gradient_L6_resistant_starch_gapseq	1338	1407	338	bio1	0.491469	1.483967	6.542136
MGYG000002969__gradient_L7_bglucan_gapseq	1338	1407	338	bio1	0.491469	1.614583	6.266054
MGYG000002969__gradient_L8_hmo_gapseq	1338	1407	338	bio1	0.491469	1.653947	6.519942
MGYG000002969__gradient_L9_mos_gapseq	1338	1407	338	bio1	0.491469	1.670812	6.552129
MGYG000002986__gradient_L0_base_gapseq	1269	1406	315	bio1	0.792384	1.477456	6.369600
MGYG000002986__gradient_L1_inulin_gapseq	1269	1406	315	bio1	0.950205	1.697828	6.312132
MGYG000002986__gradient_L2_fos_gapseq	1269	1406	315	bio1	0.950205	1.467942	6.457869
MGYG000002986__gradient_L3_gos_gapseq	1269	1406	315	bio1	0.950205	1.454519	6.213267
MGYG000002986__gradient_L4_xos_gapseq	1269	1406	315	bio1	0.969933	1.688451	6.191351
MGYG000002986__gradient_L5_pectin_gapseq	1269	1406	315	bio1	0.969933	1.673859	6.300355
MGYG000002986__gradient_L6_resistant_starch_gapseq	1269	1406	315	bio1	1.047526	1.711197	6.809784
MGYG000002986__gradient_L7_bglucan_gapseq	1269	1406	315	bio1	1.047526	1.505248	6.456949
MGYG000002986__gradient_L8_hmo_gapseq	1269	1406	315	bio1	1.047526	1.702806	6.637879
MGYG000002986__gradient_L9_mos_gapseq	1269	1406	315	bio1	1.124527	1.745687	6.772340
MGYG000002994__gradient_L0_base_gapseq	1561	1724	453	bio1	0.990818	1.857500	9.355075
MGYG000002994__gradient_L1_inulin_gapseq	1561	1724	453	bio1	1.122371	1.847073	8.926926
MGYG000002994__gradient_L2_fos_gapseq	1561	1724	453	bio1	1.122371	1.959760	9.002852
MGYG000002994__gradient_L3_gos_gapseq	1561	1724	453	bio1	1.122371	2.106916	8.997728
MGYG000002994__gradient_L4_xos_gapseq	1561	1724	453	bio1	1.197763	2.206847	9.487181
MGYG000002994__gradient_L5_pectin_gapseq	1561	1724	453	bio1	1.235390	2.026492	9.328397
MGYG000002994__gradient_L6_resistant_starch_gapseq	1561	1724	453	bio1	1.835060	2.013928	9.768065
MGYG000002994__gradient_L7_bglucan_gapseq	1561	1724	453	bio1	1.835060	1.898762	9.327459
MGYG000002994__gradient_L8_hmo_gapseq	1561	1724	453	bio1	1.835060	1.831481	9.450607
MGYG000002994__gradient_L9_mos_gapseq	1561	1724	453	bio1	1.835060	1.847983	9.075590
MGYG000003012__gradient_L0_base_gapseq	1406	1610	464	bio1	0.000000	1.875421	0.110628
MGYG000003012__gradient_L1_inulin_gapseq	1406	1610	464	bio1	0.000000	1.621801	0.103408
MGYG000003012__gradient_L2_fos_gapseq	1406	1610	464	bio1	0.000000	1.807218	0.119470
MGYG000003012__gradient_L3_gos_gapseq	1406	1610	464	bio1	0.000000	1.748357	0.118602
MGYG000003012__gradient_L4_xos_gapseq	1406	1610	464	bio1	0.000000	1.870612	0.121167
MGYG000003012__gradient_L5_pectin_gapseq	1406	1610	464	bio1	0.000000	1.704499	0.101054
MGYG000003012__gradient_L6_resistant_starch_gapseq	1406	1610	464	bio1	0.000000	1.823349	0.108841
MGYG000003012__gradient_L7_bglucan_gapseq	1406	1610	464	bio1	0.000000	1.788856	0.099274
MGYG000003012__gradient_L8_hmo_gapseq	1406	1610	464	bio1	0.000000	1.614125	0.098874
MGYG000003012__gradient_L9_mos_gapseq	1406	1610	464	bio1	0.000000	1.904668	0.115579
MGYG000003022__gradient_L0_base_gapseq	1193	1277	356	bio1	0.240813	1.407031	5.444459
MGYG000003022__gradient_L1_inulin_gapseq	1193	1277	356	bio1	0.344729	1.379691	5.014225
MGYG000003022__gradient_L2_fos_gapseq	1193	1277	356	bio1	0.344729	1.550325	5.186092
MGYG000003022__gradient_L3_gos_gapseq	1193	1277	356	bio1	0.344729	1.372650	5.330827
MGYG000003022__gradient_L4_xos_gapseq	1193	1277	356	bio1	0.344729	1.386380	5.349358
MGYG000003022__gradient_L5_pectin_gapseq	1193	1277	356	bio1	0.344729	1.507870	5.340043
MGYG000003022__gradient_L6_resistant_starch_gapseq	1193	1277	356	bio1	0.344729	1.457666	5.259275
MGYG000003022__gradient_L7_bglucan_gapseq	1193	1277	356	bio1	0.344729	1.725594	5.656067
MGYG000003022__gradient_L8_hmo_gapseq	1193	1277	356	bio1	0.344729	1.562768	5.349540
MGYG000003022__gradient_L9_mos_gapseq	1193	1277	356	bio1	0.344729	1.451578	5.175706
MGYG000003024__gradient_L0_base_gapseq	1114	1246	297	bio1	0.826367	1.302140	4.975015
MGYG000003024__gradient_L1_inulin_gapseq	1114	1246	297	bio1	1.118052	1.544043	4.951495
MGYG000003024__gradient_L2_fos_gapseq	1114	1246	297	bio1	1.118052	1.488296	5.422579
MGYG000003024__gradient_L3_gos_gapseq	1114	1246	297	bio1	1.332292	1.363750	5.229949
MGYG000003024__gradient_L4_xos_gapseq	1114	1246	297	bio1	1.394778	1.465486	5.188485
MGYG000003024__gradient_L5_pectin_gapseq	1114	1246	297	bio1	1.394778	1.361938	5.530969
MGYG000003024__gradient_L6_resistant_starch_gapseq	1114	1246	297	bio1	2.012949	1.346992	5.102269
MGYG000003024__gradient_L7_bglucan_gapseq	1114	1246	297	bio1	2.012949	1.288115	5.287203
MGYG000003024__gradient_L8_hmo_gapseq	1114	1246	297	bio1	2.012949	1.229645	5.174766
MGYG000003024__gradient_L9_mos_gapseq	1114	1246	297	bio1	2.155775	1.468567	5.174475
MGYG000003046__gradient_L0_base_gapseq	1162	1315	310	bio1	0.754411	1.625430	5.541633
MGYG000003046__gradient_L1_inulin_gapseq	1162	1315	310	bio1	1.046019	1.397541	5.930522
MGYG000003046__gradient_L2_fos_gapseq	1162	1315	310	bio1	1.046019	1.482374	5.762946
MGYG000003046__gradient_L3_gos_gapseq	1162	1315	310	bio1	1.337933	1.597253	5.820639
MGYG000003046__gradient_L4_xos_gapseq	1162	1315	310	bio1	1.399855	1.370226	5.987253
MGYG000003046__gradient_L5_pectin_gapseq	1162	1315	310	bio1	1.399855	1.442450	5.837082
MGYG000003046__gradient_L6_resistant_starch_gapseq	1162	1315	310	bio1	2.012434	1.575233	5.573135
MGYG000003046__gradient_L7_bglucan_gapseq	1162	1315	310	bio1	2.012434	1.392443	5.781392
MGYG000003046__gradient_L8_hmo_gapseq	1162	1315	310	bio1	2.012434	1.413747	5.846472
MGYG000003046__gradient_L9_mos_gapseq	1162	1315	310	bio1	2.153968	1.467804	5.679477
MGYG000003052__gradient_L0_base_gapseq	1164	1300	319	bio1	0.734742	1.329255	5.256038
MGYG000003052__gradient_L1_inulin_gapseq	1164	1300	319	bio1	1.030092	1.778026	5.189053
MGYG000003052__gradient_L2_fos_gapseq	1164	1300	319	bio1	1.030092	1.750020	5.719061
MGYG000003052__gradient_L3_gos_gapseq	1164	1300	319	bio1	1.325046	1.423471	5.455422
MGYG000003052__gradient_L4_xos_gapseq	1164	1300	319	bio1	1.325046	1.549203	5.520800
MGYG000003052__gradient_L5_pectin_gapseq	1164	1300	319	bio1	1.325046	1.476161	5.873536
MGYG000003052__gradient_L6_resistant_starch_gapseq	1164	1300	319	bio1	1.944001	1.351673	5.424592
MGYG000003052__gradient_L7_bglucan_gapseq	1164	1300	319	bio1	1.944001	1.526860	5.279646
MGYG000003052__gradient_L8_hmo_gapseq	1164	1300	319	bio1	1.944001	1.336399	5.589796
MGYG000003052__gradient_L9_mos_gapseq	1164	1300	319	bio1	2.087009	1.649226	5.275194
MGYG000003058__gradient_L0_base_gapseq	935	915	157	bio1	0.000000	0.939392	0.030935
MGYG000003058__gradient_L1_inulin_gapseq	935	915	157	bio1	0.000000	0.952102	0.041481
MGYG000003058__gradient_L2_fos_gapseq	935	915	157	bio1	0.000000	0.925551	0.041824
MGYG000003058__gradient_L3_gos_gapseq	935	915	157	bio1	0.000000	1.098015	0.036657
MGYG000003058__gradient_L4_xos_gapseq	935	915	157	bio1	0.000000	0.948601	0.042986
MGYG000003058__gradient_L5_pectin_gapseq	935	915	157	bio1	0.000000	0.938078	0.041610
MGYG000003058__gradient_L6_resistant_starch_gapseq	935	915	157	bio1	0.000000	1.100008	0.042343
MGYG000003058__gradient_L7_bglucan_gapseq	935	915	157	bio1	0.000000	0.925076	0.043377
MGYG000003058__gradient_L8_hmo_gapseq	935	915	157	bio1	0.000000	0.942802	0.045270
MGYG000003058__gradient_L9_mos_gapseq	935	915	157	bio1	0.000000	0.953639	0.226015
MGYG000003059__gradient_L0_base_gapseq	1111	1211	266	bio1	0.000000	1.527538	0.068110
MGYG000003059__gradient_L1_inulin_gapseq	1111	1211	266	bio1	0.424816	1.305336	5.092445
MGYG000003059__gradient_L2_fos_gapseq	1111	1211	266	bio1	0.424816	1.249949	5.037407
MGYG000003059__gradient_L3_gos_gapseq	1111	1211	266	bio1	0.504471	1.257151	5.185728
MGYG000003059__gradient_L4_xos_gapseq	1111	1211	266	bio1	0.578363	1.302517	5.085868
MGYG000003059__gradient_L5_pectin_gapseq	1111	1211	266	bio1	0.578363	1.444681	4.857448
MGYG000003059__gradient_L6_resistant_starch_gapseq	1111	1211	266	bio1	1.165481	1.271337	5.026879
MGYG000003059__gradient_L7_bglucan_gapseq	1111	1211	266	bio1	1.371156	1.220149	4.925260
MGYG000003059__gradient_L8_hmo_gapseq	1111	1211	266	bio1	1.371156	1.251322	4.999617
MGYG000003059__gradient_L9_mos_gapseq	1111	1211	266	bio1	1.473993	1.249662	4.862462
MGYG000003063__gradient_L0_base_gapseq	1471	1695	493	bio1	0.000000	1.847059	0.105620
MGYG000003063__gradient_L1_inulin_gapseq	1471	1695	493	bio1	0.000000	1.970837	0.124977
MGYG000003063__gradient_L2_fos_gapseq	1471	1695	493	bio1	0.000000	1.884374	0.271634
MGYG000003063__gradient_L3_gos_gapseq	1471	1695	493	bio1	0.000000	1.910593	0.111541
MGYG000003063__gradient_L4_xos_gapseq	1471	1695	493	bio1	1.485651	2.097951	9.357327
MGYG000003063__gradient_L5_pectin_gapseq	1471	1695	493	bio1	1.485651	2.012579	9.758225
MGYG000003063__gradient_L6_resistant_starch_gapseq	1471	1695	493	bio1	2.095322	1.872700	9.314929
MGYG000003063__gradient_L7_bglucan_gapseq	1471	1695	493	bio1	2.300013	2.039914	9.523714
MGYG000003063__gradient_L8_hmo_gapseq	1471	1695	493	bio1	2.445277	1.839198	9.117215
MGYG000003063__gradient_L9_mos_gapseq	1471	1695	493	bio1	2.586140	2.049999	8.887799
MGYG000003064__gradient_L0_base_gapseq	1479	1794	517	bio1	0.000000	1.867944	0.106901
MGYG000003064__gradient_L1_inulin_gapseq	1479	1794	517	bio1	0.000000	2.113044	0.116918
MGYG000003064__gradient_L2_fos_gapseq	1479	1794	517	bio1	0.000000	2.014305	0.139196
MGYG000003064__gradient_L3_gos_gapseq	1479	1794	517	bio1	0.000000	2.000835	0.128089
MGYG000003064__gradient_L4_xos_gapseq	1479	1794	517	bio1	0.000000	2.275844	0.129661
MGYG000003064__gradient_L5_pectin_gapseq	1479	1794	517	bio1	0.000000	2.085285	0.150311
MGYG000003064__gradient_L6_resistant_starch_gapseq	1479	1794	517	bio1	1.334180	2.174627	10.310411
MGYG000003064__gradient_L7_bglucan_gapseq	1479	1794	517	bio1	1.500653	2.117487	10.590294
MGYG000003064__gradient_L8_hmo_gapseq	1479	1794	517	bio1	1.500653	2.159132	10.086304
MGYG000003064__gradient_L9_mos_gapseq	1479	1794	517	bio1	1.606809	1.972426	10.041572
MGYG000003065__gradient_L0_base_gapseq	1400	1642	448	bio1	0.744028	1.961761	8.845377
MGYG000003065__gradient_L1_inulin_gapseq	1400	1642	448	bio1	0.970065	1.925814	8.557542
MGYG000003065__gradient_L2_fos_gapseq	1400	1642	448	bio1	0.970065	1.873774	8.369352
MGYG000003065__gradient_L3_gos_gapseq	1400	1642	448	bio1	1.185420	1.761673	8.786815
MGYG000003065__gradient_L4_xos_gapseq	1400	1642	448	bio1	1.220082	1.768815	8.478214
MGYG000003065__gradient_L5_pectin_gapseq	1400	1642	448	bio1	1.220082	1.662839	8.280843
MGYG000003065__gradient_L6_resistant_starch_gapseq	1400	1642	448	bio1	1.693792	1.881956	8.328181
MGYG000003065__gradient_L7_bglucan_gapseq	1400	1642	448	bio1	1.853235	2.119302	8.433393
MGYG000003065__gradient_L8_hmo_gapseq	1400	1642	448	bio1	1.968774	1.915781	8.303063
MGYG000003065__gradient_L9_mos_gapseq	1400	1642	448	bio1	1.968774	1.854565	8.682223
MGYG000003070__gradient_L0_base_gapseq	1083	1146	244	bio1	0.000000	1.200698	0.065361
MGYG000003070__gradient_L1_inulin_gapseq	1083	1146	244	bio1	0.407823	1.226716	4.558758
MGYG000003070__gradient_L2_fos_gapseq	1083	1146	244	bio1	0.407823	1.244804	4.382327
MGYG000003070__gradient_L3_gos_gapseq	1083	1146	244	bio1	0.676723	1.483275	4.462473
MGYG000003070__gradient_L4_xos_gapseq	1083	1146	244	bio1	0.676723	1.230801	4.230716
MGYG000003070__gradient_L5_pectin_gapseq	1083	1146	244	bio1	0.726022	1.410413	4.345935
MGYG000003070__gradient_L6_resistant_starch_gapseq	1083	1146	244	bio1	1.298392	1.193399	4.446613
MGYG000003070__gradient_L7_bglucan_gapseq	1083	1146	244	bio1	1.497981	1.189074	4.289596
MGYG000003070__gradient_L8_hmo_gapseq	1083	1146	244	bio1	1.497981	1.183670	4.408311
MGYG000003070__gradient_L9_mos_gapseq	1083	1146	244	bio1	1.600543	1.188979	4.206405
MGYG000003075__gradient_L0_base_gapseq	1189	1323	339	bio1	0.687246	1.560083	5.709793
MGYG000003075__gradient_L1_inulin_gapseq	1189	1323	339	bio1	0.978534	1.526695	5.884686
MGYG000003075__gradient_L2_fos_gapseq	1189	1323	339	bio1	0.978534	1.361886	5.552575
MGYG000003075__gradient_L3_gos_gapseq	1189	1323	339	bio1	1.273808	1.579528	5.464200
MGYG000003075__gradient_L4_xos_gapseq	1189	1323	339	bio1	1.273808	1.416606	5.738788
MGYG000003075__gradient_L5_pectin_gapseq	1189	1323	339	bio1	1.273808	1.368295	5.346498
MGYG000003075__gradient_L6_resistant_starch_gapseq	1189	1323	339	bio1	1.892839	1.515467	5.499685
MGYG000003075__gradient_L7_bglucan_gapseq	1189	1323	339	bio1	2.100672	1.643889	5.668589
MGYG000003075__gradient_L8_hmo_gapseq	1189	1323	339	bio1	2.100672	1.439759	5.598346
MGYG000003075__gradient_L9_mos_gapseq	1189	1323	339	bio1	2.243697	1.477000	5.386524
MGYG000003079__gradient_L0_base_gapseq	1194	1354	339	bio1	0.798433	1.667004	6.252930
MGYG000003079__gradient_L1_inulin_gapseq	1194	1354	339	bio1	1.094375	1.396964	6.044255
MGYG000003079__gradient_L2_fos_gapseq	1194	1354	339	bio1	1.094375	1.443625	5.794046
MGYG000003079__gradient_L3_gos_gapseq	1194	1354	339	bio1	1.392228	1.535105	5.738169
MGYG000003079__gradient_L4_xos_gapseq	1194	1354	339	bio1	1.475717	1.368645	5.989419
MGYG000003079__gradient_L5_pectin_gapseq	1194	1354	339	bio1	1.475717	1.443686	5.773929
MGYG000003079__gradient_L6_resistant_starch_gapseq	1194	1354	339	bio1	2.100758	1.540965	5.822381
MGYG000003079__gradient_L7_bglucan_gapseq	1194	1354	339	bio1	2.310609	1.443905	6.076670
MGYG000003079__gradient_L8_hmo_gapseq	1194	1354	339	bio1	2.310609	1.401316	5.796241
MGYG000003079__gradient_L9_mos_gapseq	1194	1354	339	bio1	2.310609	1.560542	5.774508
MGYG000003116__gradient_L0_base_gapseq	1489	1663	392	bio1	1.036343	1.756844	8.740062
MGYG000003116__gradient_L1_inulin_gapseq	1489	1663	392	bio1	1.169952	1.706519	8.556553
MGYG000003116__gradient_L2_fos_gapseq	1489	1663	392	bio1	1.169952	1.701010	8.456378
MGYG000003116__gradient_L3_gos_gapseq	1489	1663	392	bio1	1.169952	2.009147	8.617971
MGYG000003116__gradient_L4_xos_gapseq	1489	1663	392	bio1	1.196322	2.082738	8.528184
MGYG000003116__gradient_L5_pectin_gapseq	1489	1663	392	bio1	1.196322	1.917057	8.520698
MGYG000003116__gradient_L6_resistant_starch_gapseq	1489	1663	392	bio1	1.769908	1.993741	8.490619
MGYG000003116__gradient_L7_bglucan_gapseq	1489	1663	392	bio1	1.769908	1.855374	8.679516
MGYG000003116__gradient_L8_hmo_gapseq	1489	1663	392	bio1	1.769908	1.766235	8.732711
MGYG000003116__gradient_L9_mos_gapseq	1489	1663	392	bio1	1.866160	1.756515	8.427849
MGYG000003125__gradient_L0_base_gapseq	1622	1897	469	bio1	0.496449	2.200866	10.516743
MGYG000003125__gradient_L1_inulin_gapseq	1622	1897	469	bio1	0.780347	2.126148	10.599925
MGYG000003125__gradient_L2_fos_gapseq	1622	1897	469	bio1	0.780347	2.242718	10.895066
MGYG000003125__gradient_L3_gos_gapseq	1622	1897	469	bio1	0.878620	2.238181	10.725149
MGYG000003125__gradient_L4_xos_gapseq	1622	1897	469	bio1	0.955054	2.220707	10.704262
MGYG000003125__gradient_L5_pectin_gapseq	1622	1897	469	bio1	0.955054	2.201020	10.620422
MGYG000003125__gradient_L6_resistant_starch_gapseq	1622	1897	469	bio1	1.488206	2.163489	10.663616
MGYG000003125__gradient_L7_bglucan_gapseq	1622	1897	469	bio1	1.488206	2.166587	10.777639
MGYG000003125__gradient_L8_hmo_gapseq	1622	1897	469	bio1	1.488206	2.241201	10.746884
MGYG000003125__gradient_L9_mos_gapseq	1622	1897	469	bio1	1.597365	2.244680	10.719228
MGYG000003131__gradient_L0_base_gapseq	1716	1920	605	bio1	0.688299	2.305020	11.321200
MGYG000003131__gradient_L1_inulin_gapseq	1716	1920	605	bio1	0.867080	2.214664	11.380420
MGYG000003131__gradient_L2_fos_gapseq	1716	1920	605	bio1	0.867080	2.255081	11.625468
MGYG000003131__gradient_L3_gos_gapseq	1716	1920	605	bio1	0.966946	2.393741	11.276152
MGYG000003131__gradient_L4_xos_gapseq	1716	1920	605	bio1	0.966946	2.213800	11.606497
MGYG000003131__gradient_L5_pectin_gapseq	1716	1920	605	bio1	0.966946	2.312841	11.130091
MGYG000003131__gradient_L6_resistant_starch_gapseq	1716	1920	605	bio1	1.137554	2.294849	11.425379
MGYG000003131__gradient_L7_bglucan_gapseq	1716	1920	605	bio1	1.137554	2.304669	11.335582
MGYG000003131__gradient_L8_hmo_gapseq	1716	1920	605	bio1	1.137554	2.287110	11.452655
MGYG000003131__gradient_L9_mos_gapseq	1716	1920	605	bio1	1.242560	2.265448	11.259615
MGYG000003134__gradient_L0_base_gapseq	1389	1634	379	bio1	0.727995	1.704519	8.522659
MGYG000003134__gradient_L1_inulin_gapseq	1389	1634	379	bio1	0.951280	1.677305	8.439876
MGYG000003134__gradient_L2_fos_gapseq	1389	1634	379	bio1	0.951280	1.679495	8.624055
MGYG000003134__gradient_L3_gos_gapseq	1389	1634	379	bio1	1.146656	1.873937	8.582958
MGYG000003134__gradient_L4_xos_gapseq	1389	1634	379	bio1	1.146656	1.852641	8.257034
MGYG000003134__gradient_L5_pectin_gapseq	1389	1634	379	bio1	1.146656	1.716964	8.707861
MGYG000003134__gradient_L6_resistant_starch_gapseq	1389	1634	379	bio1	1.623464	1.694046	8.503159
MGYG000003134__gradient_L7_bglucan_gapseq	1389	1634	379	bio1	1.623464	1.667590	8.213468
MGYG000003134__gradient_L8_hmo_gapseq	1389	1634	379	bio1	1.623464	1.889878	8.207504
MGYG000003134__gradient_L9_mos_gapseq	1389	1634	379	bio1	1.735107	1.894918	8.364359
MGYG000003135__gradient_L0_base_gapseq	1414	1636	373	bio1	0.000000	1.928199	0.099711
MGYG000003135__gradient_L1_inulin_gapseq	1414	1636	373	bio1	0.000000	1.832436	0.093844
MGYG000003135__gradient_L2_fos_gapseq	1414	1636	373	bio1	0.000000	1.636429	0.096618
MGYG000003135__gradient_L3_gos_gapseq	1414	1636	373	bio1	0.728627	1.840332	8.210345
MGYG000003135__gradient_L4_xos_gapseq	1414	1636	373	bio1	0.805526	1.698829	8.581140
MGYG000003135__gradient_L5_pectin_gapseq	1414	1636	373	bio1	0.805526	1.830346	8.477916
MGYG000003135__gradient_L6_resistant_starch_gapseq	1414	1636	373	bio1	1.417805	1.693072	8.060270
MGYG000003135__gradient_L7_bglucan_gapseq	1414	1636	373	bio1	1.417805	1.956255	8.289248
MGYG000003135__gradient_L8_hmo_gapseq	1414	1636	373	bio1	1.417805	1.804936	8.091726
MGYG000003135__gradient_L9_mos_gapseq	1414	1636	373	bio1	1.538816	1.870184	8.033095
MGYG000003138__gradient_L0_base_gapseq	1374	1610	370	bio1	0.000000	1.825565	0.094307
MGYG000003138__gradient_L1_inulin_gapseq	1374	1610	370	bio1	0.000000	1.616183	0.116858
MGYG000003138__gradient_L2_fos_gapseq	1374	1610	370	bio1	0.000000	1.784197	0.105418
MGYG000003138__gradient_L3_gos_gapseq	1374	1610	370	bio1	0.000000	1.594388	0.097576
MGYG000003138__gradient_L4_xos_gapseq	1374	1610	370	bio1	0.000000	1.797751	0.102193
MGYG000003138__gradient_L5_pectin_gapseq	1374	1610	370	bio1	0.000000	1.693311	0.123769
MGYG000003138__gradient_L6_resistant_starch_gapseq	1374	1610	370	bio1	0.000000	1.901766	0.111704
MGYG000003138__gradient_L7_bglucan_gapseq	1374	1610	370	bio1	0.000000	1.878898	0.101925
MGYG000003138__gradient_L8_hmo_gapseq	1374	1610	370	bio1	0.000000	1.822338	0.105536
MGYG000003138__gradient_L9_mos_gapseq	1374	1610	370	bio1	0.000000	1.641053	0.299577
MGYG000003142__gradient_L0_base_gapseq	1504	1652	487	bio1	0.673711	2.069590	8.613903
MGYG000003142__gradient_L1_inulin_gapseq	1504	1652	487	bio1	0.873331	2.232681	8.618762
MGYG000003142__gradient_L2_fos_gapseq	1504	1652	487	bio1	0.873331	1.898493	8.570837
MGYG000003142__gradient_L3_gos_gapseq	1504	1652	487	bio1	0.873331	1.804644	8.954534
MGYG000003142__gradient_L4_xos_gapseq	1504	1652	487	bio1	0.873331	1.845416	8.772237
MGYG000003142__gradient_L5_pectin_gapseq	1504	1652	487	bio1	0.873331	1.767830	8.490559
MGYG000003142__gradient_L6_resistant_starch_gapseq	1504	1652	487	bio1	1.060219	2.008524	8.594460
MGYG000003142__gradient_L7_bglucan_gapseq	1504	1652	487	bio1	1.060219	1.959211	8.677472
MGYG000003142__gradient_L8_hmo_gapseq	1504	1652	487	bio1	1.060219	1.994594	8.717043
MGYG000003142__gradient_L9_mos_gapseq	1504	1652	487	bio1	1.060219	1.928628	8.833151
MGYG000003158__gradient_L0_base_gapseq	1197	1327	272	bio1	0.235766	1.496436	5.863862
MGYG000003158__gradient_L1_inulin_gapseq	1197	1327	272	bio1	0.235766	1.368841	5.770712
MGYG000003158__gradient_L2_fos_gapseq	1197	1327	272	bio1	0.235766	1.489601	5.584235
MGYG000003158__gradient_L3_gos_gapseq	1197	1327	272	bio1	0.235766	1.516445	5.663076
MGYG000003158__gradient_L4_xos_gapseq	1197	1327	272	bio1	0.235766	1.420725	5.798414
MGYG000003158__gradient_L5_pectin_gapseq	1197	1327	272	bio1	0.235766	1.617814	5.772950
MGYG000003158__gradient_L6_resistant_starch_gapseq	1197	1327	272	bio1	0.537563	1.371887	5.686518
MGYG000003158__gradient_L7_bglucan_gapseq	1197	1327	272	bio1	0.537563	1.336878	5.572691
MGYG000003158__gradient_L8_hmo_gapseq	1197	1327	272	bio1	0.537563	1.577286	5.707595
MGYG000003158__gradient_L9_mos_gapseq	1197	1327	272	bio1	0.649753	1.377672	5.868966
MGYG000003174__gradient_L0_base_gapseq	1118	1252	314	bio1	0.760061	1.339862	5.289809
MGYG000003174__gradient_L1_inulin_gapseq	1118	1252	314	bio1	1.053572	1.337441	5.329448
MGYG000003174__gradient_L2_fos_gapseq	1118	1252	314	bio1	1.053572	1.284157	5.106947
MGYG000003174__gradient_L3_gos_gapseq	1118	1252	314	bio1	1.347595	1.463032	5.119689
MGYG000003174__gradient_L4_xos_gapseq	1118	1252	314	bio1	1.347595	1.325240	5.197623
MGYG000003174__gradient_L5_pectin_gapseq	1118	1252	314	bio1	1.347595	1.346746	5.010404
MGYG000003174__gradient_L6_resistant_starch_gapseq	1118	1252	314	bio1	1.964597	1.404462	5.006703
MGYG000003174__gradient_L7_bglucan_gapseq	1118	1252	314	bio1	1.964597	1.281747	5.098722
MGYG000003174__gradient_L8_hmo_gapseq	1118	1252	314	bio1	1.964597	1.550919	5.029526
MGYG000003174__gradient_L9_mos_gapseq	1118	1252	314	bio1	2.107154	1.275922	5.304819
MGYG000003180__gradient_L0_base_gapseq	1149	1278	283	bio1	0.701239	1.381327	5.276512
MGYG000003180__gradient_L1_inulin_gapseq	1149	1278	283	bio1	0.988012	1.549259	5.119285
MGYG000003180__gradient_L2_fos_gapseq	1149	1278	283	bio1	0.988012	1.279191	5.339742
MGYG000003180__gradient_L3_gos_gapseq	1149	1278	283	bio1	1.278623	1.382734	5.106870
MGYG000003180__gradient_L4_xos_gapseq	1149	1278	283	bio1	1.278623	1.486803	5.137685
MGYG000003180__gradient_L5_pectin_gapseq	1149	1278	283	bio1	1.278623	1.351580	5.181218
MGYG000003180__gradient_L6_resistant_starch_gapseq	1149	1278	283	bio1	1.888230	1.331842	5.135275
MGYG000003180__gradient_L7_bglucan_gapseq	1149	1278	283	bio1	1.888230	1.499931	5.103884
MGYG000003180__gradient_L8_hmo_gapseq	1149	1278	283	bio1	1.888230	1.386765	5.110016
MGYG000003180__gradient_L9_mos_gapseq	1149	1278	283	bio1	2.029077	1.523969	5.180500
MGYG000003186__gradient_L0_base_gapseq	1290	1550	308	bio1	0.297406	1.624218	7.470717
MGYG000003186__gradient_L1_inulin_gapseq	1290	1550	308	bio1	0.428114	1.622549	7.224965
MGYG000003186__gradient_L2_fos_gapseq	1290	1550	308	bio1	0.428114	1.718313	7.235668
MGYG000003186__gradient_L3_gos_gapseq	1290	1550	308	bio1	0.651484	1.750403	7.329321
MGYG000003186__gradient_L4_xos_gapseq	1290	1550	308	bio1	0.727053	1.714335	7.346132
MGYG000003186__gradient_L5_pectin_gapseq	1290	1550	308	bio1	0.727053	1.586276	7.485347
MGYG000003186__gradient_L6_resistant_starch_gapseq	1290	1550	308	bio1	1.245707	1.633333	7.362030
MGYG000003186__gradient_L7_bglucan_gapseq	1290	1550	308	bio1	1.245707	1.809608	7.185104
MGYG000003186__gradient_L8_hmo_gapseq	1290	1550	308	bio1	1.245707	1.718671	7.289580
MGYG000003186__gradient_L9_mos_gapseq	1290	1550	308	bio1	1.348990	1.577139	7.390471
MGYG000003188__gradient_L0_base_gapseq	1366	1491	375	bio1	0.375205	1.526292	7.291080
MGYG000003188__gradient_L1_inulin_gapseq	1366	1491	375	bio1	0.525291	1.530120	6.951323
MGYG000003188__gradient_L2_fos_gapseq	1366	1491	375	bio1	0.525291	1.708761	7.037213
MGYG000003188__gradient_L3_gos_gapseq	1366	1491	375	bio1	0.525291	1.778658	6.994878
MGYG000003188__gradient_L4_xos_gapseq	1366	1491	375	bio1	0.525291	1.549744	7.278493
MGYG000003188__gradient_L5_pectin_gapseq	1366	1491	375	bio1	0.525291	1.557350	7.059664
MGYG000003188__gradient_L6_resistant_starch_gapseq	1366	1491	375	bio1	0.525291	1.740157	7.162776
MGYG000003188__gradient_L7_bglucan_gapseq	1366	1491	375	bio1	0.525291	1.675573	6.998823
MGYG000003188__gradient_L8_hmo_gapseq	1366	1491	375	bio1	0.525291	1.557095	7.113941
MGYG000003188__gradient_L9_mos_gapseq	1366	1491	375	bio1	0.525291	1.521954	6.991422
MGYG000003190__gradient_L0_base_gapseq	1295	1453	376	bio1	0.381932	1.447104	6.981051
MGYG000003190__gradient_L1_inulin_gapseq	1295	1453	376	bio1	0.532408	1.513160	6.735952
MGYG000003190__gradient_L2_fos_gapseq	1295	1453	376	bio1	0.532408	1.620183	6.718465
MGYG000003190__gradient_L3_gos_gapseq	1295	1453	376	bio1	0.532408	1.521253	6.913789
MGYG000003190__gradient_L4_xos_gapseq	1295	1453	376	bio1	0.532408	1.558399	6.733650
MGYG000003190__gradient_L5_pectin_gapseq	1295	1453	376	bio1	0.532408	1.692406	6.658209
MGYG000003190__gradient_L6_resistant_starch_gapseq	1295	1453	376	bio1	0.532408	1.590114	6.586227
MGYG000003190__gradient_L7_bglucan_gapseq	1295	1453	376	bio1	0.532408	1.506754	6.669766
MGYG000003190__gradient_L8_hmo_gapseq	1295	1453	376	bio1	0.532408	1.478515	6.648098
MGYG000003190__gradient_L9_mos_gapseq	1295	1453	376	bio1	0.532408	1.676035	6.804303
MGYG000003193__gradient_L0_base_gapseq	1298	1407	287	bio1	0.000000	1.459129	0.078264
MGYG000003193__gradient_L1_inulin_gapseq	1298	1407	287	bio1	0.000000	1.621434	0.083477
MGYG000003193__gradient_L2_fos_gapseq	1298	1407	287	bio1	0.000000	1.477793	0.083770
MGYG000003193__gradient_L3_gos_gapseq	1298	1407	287	bio1	0.000000	1.563748	0.082995
MGYG000003193__gradient_L4_xos_gapseq	1298	1407	287	bio1	0.000000	1.436074	0.078593
MGYG000003193__gradient_L5_pectin_gapseq	1298	1407	287	bio1	0.000000	1.648833	0.077397
MGYG000003193__gradient_L6_resistant_starch_gapseq	1298	1407	287	bio1	0.000000	1.459179	0.079240
MGYG000003193__gradient_L7_bglucan_gapseq	1298	1407	287	bio1	0.000000	1.567104	0.081939
MGYG000003193__gradient_L8_hmo_gapseq	1298	1407	287	bio1	0.000000	1.465519	0.104879
MGYG000003193__gradient_L9_mos_gapseq	1298	1407	287	bio1	0.000000	1.607509	0.079610
MGYG000003196__gradient_L0_base_gapseq	1492	1772	437	bio1	0.505184	1.866881	9.565215
MGYG000003196__gradient_L1_inulin_gapseq	1492	1772	437	bio1	0.752391	1.917040	9.525363
MGYG000003196__gradient_L2_fos_gapseq	1492	1772	437	bio1	0.752391	2.149188	9.286531
MGYG000003196__gradient_L3_gos_gapseq	1492	1772	437	bio1	0.826999	2.047495	9.304952
MGYG000003196__gradient_L4_xos_gapseq	1492	1772	437	bio1	0.888009	1.973619	9.377037
MGYG000003196__gradient_L5_pectin_gapseq	1492	1772	437	bio1	0.888009	2.003315	9.555034
MGYG000003196__gradient_L6_resistant_starch_gapseq	1492	1772	437	bio1	1.369464	2.082174	9.373317
MGYG000003196__gradient_L7_bglucan_gapseq	1492	1772	437	bio1	1.369464	2.053828	9.398493
MGYG000003196__gradient_L8_hmo_gapseq	1492	1772	437	bio1	1.369464	1.888413	9.609250
MGYG000003196__gradient_L9_mos_gapseq	1492	1772	437	bio1	1.467428	1.910515	9.532287
MGYG000003197__gradient_L0_base_gapseq	1177	1309	336	bio1	0.288800	1.509106	5.472283
MGYG000003197__gradient_L1_inulin_gapseq	1177	1309	336	bio1	0.427126	1.339633	5.700044
MGYG000003197__gradient_L2_fos_gapseq	1177	1309	336	bio1	0.427126	1.350276	5.444774
MGYG000003197__gradient_L3_gos_gapseq	1177	1309	336	bio1	0.487428	1.630442	5.596870
MGYG000003197__gradient_L4_xos_gapseq	1177	1309	336	bio1	0.487428	1.338567	5.642354
MGYG000003197__gradient_L5_pectin_gapseq	1177	1309	336	bio1	0.487428	1.301314	5.444079
MGYG000003197__gradient_L6_resistant_starch_gapseq	1177	1309	336	bio1	0.577880	1.448170	5.466938
MGYG000003197__gradient_L7_bglucan_gapseq	1177	1309	336	bio1	0.577880	1.350233	5.583777
MGYG000003197__gradient_L8_hmo_gapseq	1177	1309	336	bio1	0.577880	1.324866	5.558396
MGYG000003197__gradient_L9_mos_gapseq	1177	1309	336	bio1	0.577880	1.605510	5.561249
MGYG000003217__gradient_L0_base_gapseq	968	981	147	bio1	0.252821	0.988354	3.199648
MGYG000003217__gradient_L1_inulin_gapseq	968	981	147	bio1	0.332140	0.990729	3.292904
MGYG000003217__gradient_L2_fos_gapseq	968	981	147	bio1	0.332140	0.966620	3.206902
MGYG000003217__gradient_L3_gos_gapseq	968	981	147	bio1	0.332140	1.052926	3.181549
MGYG000003217__gradient_L4_xos_gapseq	968	981	147	bio1	0.347012	1.106788	3.229859
MGYG000003217__gradient_L5_pectin_gapseq	968	981	147	bio1	0.347012	1.051520	3.122679
MGYG000003217__gradient_L6_resistant_starch_gapseq	968	981	147	bio1	0.552747	1.139095	3.100607
MGYG000003217__gradient_L7_bglucan_gapseq	968	981	147	bio1	0.552747	0.987229	3.199166
MGYG000003217__gradient_L8_hmo_gapseq	968	981	147	bio1	0.552747	0.963872	3.291658
MGYG000003217__gradient_L9_mos_gapseq	968	981	147	bio1	0.552747	0.962139	3.138543
MGYG000003218__gradient_L0_base_gapseq	996	1000	175	bio1	0.000000	0.991694	0.042358
MGYG000003218__gradient_L1_inulin_gapseq	996	1000	175	bio1	0.000000	1.039212	0.043552
MGYG000003218__gradient_L2_fos_gapseq	996	1000	175	bio1	0.000000	1.263020	0.055465
MGYG000003218__gradient_L3_gos_gapseq	996	1000	175	bio1	0.000000	1.073686	0.049611
MGYG000003218__gradient_L4_xos_gapseq	996	1000	175	bio1	0.000000	1.031495	0.046755
MGYG000003218__gradient_L5_pectin_gapseq	996	1000	175	bio1	0.000000	1.205635	0.052705
MGYG000003218__gradient_L6_resistant_starch_gapseq	996	1000	175	bio1	0.000000	1.015631	0.052411
MGYG000003218__gradient_L7_bglucan_gapseq	996	1000	175	bio1	0.000000	1.034113	0.059303
MGYG000003218__gradient_L8_hmo_gapseq	996	1000	175	bio1	0.000000	1.289125	0.048052
MGYG000003218__gradient_L9_mos_gapseq	996	1000	175	bio1	0.000000	1.049603	0.044705
MGYG000003222__gradient_L0_base_gapseq	583	538	70	bio1	0.000000	0.491977	0.022359
MGYG000003222__gradient_L1_inulin_gapseq	583	538	70	bio1	0.287745	0.503594	1.075182
MGYG000003222__gradient_L2_fos_gapseq	583	538	70	bio1	0.287745	0.698175	1.068332
MGYG000003222__gradient_L3_gos_gapseq	583	538	70	bio1	0.287745	0.490061	1.058538
MGYG000003222__gradient_L4_xos_gapseq	583	538	70	bio1	0.287745	0.522002	1.108888
MGYG000003222__gradient_L5_pectin_gapseq	583	538	70	bio1	0.287745	0.499834	1.087502
MGYG000003222__gradient_L6_resistant_starch_gapseq	583	538	70	bio1	0.287745	0.671433	1.069395
MGYG000003222__gradient_L7_bglucan_gapseq	583	538	70	bio1	0.287745	0.520678	1.063785
MGYG000003222__gradient_L8_hmo_gapseq	583	538	70	bio1	0.287745	0.490746	1.051658
MGYG000003222__gradient_L9_mos_gapseq	583	538	70	bio1	0.287745	0.486035	1.090712
MGYG000003226__gradient_L0_base_gapseq	1037	1134	256	bio1	0.000000	1.205644	0.055333
MGYG000003226__gradient_L1_inulin_gapseq	1037	1134	256	bio1	0.000000	1.382719	0.069286
MGYG000003226__gradient_L2_fos_gapseq	1037	1134	256	bio1	0.000000	1.159352	0.049229
MGYG000003226__gradient_L3_gos_gapseq	1037	1134	256	bio1	0.199073	1.124539	4.708316
MGYG000003226__gradient_L4_xos_gapseq	1037	1134	256	bio1	0.199073	1.176100	4.000652
MGYG000003226__gradient_L5_pectin_gapseq	1037	1134	256	bio1	0.222495	1.119433	4.183005
MGYG000003226__gradient_L6_resistant_starch_gapseq	1037	1134	256	bio1	0.559765	1.145960	3.946949
MGYG000003226__gradient_L7_bglucan_gapseq	1037	1134	256	bio1	0.679215	1.133058	4.100922
MGYG000003226__gradient_L8_hmo_gapseq	1037	1134	256	bio1	0.758849	1.126065	4.000766
MGYG000003226__gradient_L9_mos_gapseq	1037	1134	256	bio1	0.758849	1.258959	3.923472
MGYG000003242__gradient_L0_base_gapseq	1190	1332	295	bio1	0.605896	1.417938	5.869443
MGYG000003242__gradient_L1_inulin_gapseq	1190	1332	295	bio1	0.692453	1.449524	5.634114
MGYG000003242__gradient_L2_fos_gapseq	1190	1332	295	bio1	0.692453	1.543086	5.552747
MGYG000003242__gradient_L3_gos_gapseq	1190	1332	295	bio1	0.757370	1.398813	5.715583
MGYG000003242__gradient_L4_xos_gapseq	1190	1332	295	bio1	0.757370	1.381962	5.475673
MGYG000003242__gradient_L5_pectin_gapseq	1190	1332	295	bio1	0.757370	1.572182	5.668094
MGYG000003242__gradient_L6_resistant_starch_gapseq	1190	1332	295	bio1	0.843927	1.502455	5.831903
MGYG000003242__gradient_L7_bglucan_gapseq	1190	1332	295	bio1	0.843927	1.421985	5.605712
MGYG000003242__gradient_L8_hmo_gapseq	1190	1332	295	bio1	0.843927	1.549897	5.729990
MGYG000003242__gradient_L9_mos_gapseq	1190	1332	295	bio1	0.929155	1.380563	5.679087
MGYG000003243__gradient_L0_base_gapseq	1080	1170	243	bio1	0.000000	1.329423	0.051345
MGYG000003243__gradient_L1_inulin_gapseq	1080	1170	243	bio1	0.346623	1.288171	4.446272
MGYG000003243__gradient_L2_fos_gapseq	1080	1170	243	bio1	0.346623	1.325314	4.368973
MGYG000003243__gradient_L3_gos_gapseq	1080	1170	243	bio1	0.477975	1.148296	4.339232
MGYG000003243__gradient_L4_xos_gapseq	1080	1170	243	bio1	0.477975	1.311164	4.421430
MGYG000003243__gradient_L5_pectin_gapseq	1080	1170	243	bio1	0.477975	1.155699	4.528289
MGYG000003243__gradient_L6_resistant_starch_gapseq	1080	1170	243	bio1	0.834643	1.195723	4.362580
MGYG000003243__gradient_L7_bglucan_gapseq	1080	1170	243	bio1	0.958386	1.171728	4.615888
MGYG000003243__gradient_L8_hmo_gapseq	1080	1170	243	bio1	0.958386	1.159550	4.472300
MGYG000003243__gradient_L9_mos_gapseq	1080	1170	243	bio1	0.976176	1.330982	4.548619
MGYG000003246__gradient_L0_base_gapseq	1092	1173	209	bio1	0.131926	1.226878	4.439165
MGYG000003246__gradient_L1_inulin_gapseq	1092	1173	209	bio1	0.271948	1.392180	4.423750
MGYG000003246__gradient_L2_fos_gapseq	1092	1173	209	bio1	0.271948	1.197477	4.640514
MGYG000003246__gradient_L3_gos_gapseq	1092	1173	209	bio1	0.271948	1.207748	4.451062
MGYG000003246__gradient_L4_xos_gapseq	1092	1173	209	bio1	0.405962	1.320723	4.415308
MGYG000003246__gradient_L5_pectin_gapseq	1092	1173	209	bio1	0.453469	1.216639	4.490122
MGYG000003246__gradient_L6_resistant_starch_gapseq	1092	1173	209	bio1	0.565759	1.517246	4.502866
MGYG000003246__gradient_L7_bglucan_gapseq	1092	1173	209	bio1	0.779542	1.237286	4.658994
MGYG000003246__gradient_L8_hmo_gapseq	1092	1173	209	bio1	0.779542	1.182440	4.582238
MGYG000003246__gradient_L9_mos_gapseq	1092	1173	209	bio1	0.883194	1.158397	4.669518
MGYG000003248__gradient_L0_base_gapseq	995	1109	251	bio1	0.184735	1.102214	3.868908
MGYG000003248__gradient_L1_inulin_gapseq	995	1109	251	bio1	0.343612	1.381200	3.792706
MGYG000003248__gradient_L2_fos_gapseq	995	1109	251	bio1	0.343612	1.120374	3.974663
MGYG000003248__gradient_L3_gos_gapseq	995	1109	251	bio1	0.673722	1.066293	3.875885
MGYG000003248__gradient_L4_xos_gapseq	995	1109	251	bio1	0.763226	1.092082	3.900142
MGYG000003248__gradient_L5_pectin_gapseq	995	1109	251	bio1	0.821194	1.092645	3.941047
MGYG000003248__gradient_L6_resistant_starch_gapseq	995	1109	251	bio1	1.508805	1.194998	4.124474
MGYG000003248__gradient_L7_bglucan_gapseq	995	1109	251	bio1	1.742833	1.122361	3.961830
MGYG000003248__gradient_L8_hmo_gapseq	995	1109	251	bio1	1.742833	1.145256	3.991086
MGYG000003248__gradient_L9_mos_gapseq	995	1109	251	bio1	1.864604	1.080553	3.890255
MGYG000003250__gradient_L0_base_gapseq	1002	1008	212	bio1	0.000000	1.219431	0.044567
MGYG000003250__gradient_L1_inulin_gapseq	1002	1008	212	bio1	0.363506	1.060048	3.404655
MGYG000003250__gradient_L2_fos_gapseq	1002	1008	212	bio1	0.363506	1.156027	3.409203
MGYG000003250__gradient_L3_gos_gapseq	1002	1008	212	bio1	0.738382	1.048670	3.424060
MGYG000003250__gradient_L4_xos_gapseq	1002	1008	212	bio1	0.845165	1.181873	3.485585
MGYG000003250__gradient_L5_pectin_gapseq	1002	1008	212	bio1	0.845165	1.076249	3.521454
MGYG000003250__gradient_L6_resistant_starch_gapseq	1002	1008	212	bio1	0.990572	1.188636	3.614090
MGYG000003250__gradient_L7_bglucan_gapseq	1002	1008	212	bio1	0.990572	1.039184	3.430660
MGYG000003250__gradient_L8_hmo_gapseq	1002	1008	212	bio1	0.990572	1.037883	3.656097
MGYG000003250__gradient_L9_mos_gapseq	1002	1008	212	bio1	0.990572	1.048076	3.470959
MGYG000003274__gradient_L0_base_gapseq	1172	1288	329	bio1	0.712228	1.310262	5.460459
MGYG000003274__gradient_L1_inulin_gapseq	1172	1288	329	bio1	0.861193	1.329968	5.268066
MGYG000003274__gradient_L2_fos_gapseq	1172	1288	329	bio1	0.861193	1.460017	5.408442
MGYG000003274__gradient_L3_gos_gapseq	1172	1288	329	bio1	1.165233	1.306108	5.554247
MGYG000003274__gradient_L4_xos_gapseq	1172	1288	329	bio1	1.165233	1.326689	5.285978
MGYG000003274__gradient_L5_pectin_gapseq	1172	1288	329	bio1	1.165233	1.424611	5.434533
MGYG000003274__gradient_L6_resistant_starch_gapseq	1172	1288	329	bio1	1.798120	1.313976	5.459958
MGYG000003274__gradient_L7_bglucan_gapseq	1172	1288	329	bio1	1.798120	1.324557	5.373216
MGYG000003274__gradient_L8_hmo_gapseq	1172	1288	329	bio1	1.798120	1.408600	5.308740
MGYG000003274__gradient_L9_mos_gapseq	1172	1288	329	bio1	1.944347	1.362643	5.282080
MGYG000003277__gradient_L0_base_gapseq	1268	1428	362	bio1	0.333217	1.459113	6.355856
MGYG000003277__gradient_L1_inulin_gapseq	1268	1428	362	bio1	0.437984	1.643155	6.434458
MGYG000003277__gradient_L2_fos_gapseq	1268	1428	362	bio1	0.437984	1.556657	6.499612
MGYG000003277__gradient_L3_gos_gapseq	1268	1428	362	bio1	0.510983	1.477874	6.579371
MGYG000003277__gradient_L4_xos_gapseq	1268	1428	362	bio1	0.605569	1.542263	6.297522
MGYG000003277__gradient_L5_pectin_gapseq	1268	1428	362	bio1	0.638430	1.576085	6.258574
MGYG000003277__gradient_L6_resistant_starch_gapseq	1268	1428	362	bio1	0.903665	1.517049	6.451421
MGYG000003277__gradient_L7_bglucan_gapseq	1268	1428	362	bio1	1.065622	1.480410	6.243813
MGYG000003277__gradient_L8_hmo_gapseq	1268	1428	362	bio1	1.065622	1.582760	6.254545
MGYG000003277__gradient_L9_mos_gapseq	1268	1428	362	bio1	1.168899	1.452308	6.420562
MGYG000003280__gradient_L0_base_gapseq	949	913	140	bio1	0.000000	1.040786	0.031799
MGYG000003280__gradient_L1_inulin_gapseq	949	913	140	bio1	0.000000	0.966709	0.039944
MGYG000003280__gradient_L2_fos_gapseq	949	913	140	bio1	0.000000	0.920466	0.041105
MGYG000003280__gradient_L3_gos_gapseq	949	913	140	bio1	0.000000	1.007423	0.040181
MGYG000003280__gradient_L4_xos_gapseq	949	913	140	bio1	0.000000	0.949007	0.040600
MGYG000003280__gradient_L5_pectin_gapseq	949	913	140	bio1	0.000000	0.939653	0.057278
MGYG000003280__gradient_L6_resistant_starch_gapseq	949	913	140	bio1	0.000000	0.939532	0.041828
MGYG000003280__gradient_L7_bglucan_gapseq	949	913	140	bio1	0.000000	1.076446	0.041724
MGYG000003280__gradient_L8_hmo_gapseq	949	913	140	bio1	0.000000	0.942241	0.037791
MGYG000003280__gradient_L9_mos_gapseq	949	913	140	bio1	0.000000	0.978560	0.053852
MGYG000003283__gradient_L0_base_gapseq	890	913	135	bio1	0.000000	0.905781	0.034788
MGYG000003283__gradient_L1_inulin_gapseq	890	913	135	bio1	0.000000	0.921942	0.035728
MGYG000003283__gradient_L2_fos_gapseq	890	913	135	bio1	0.000000	1.045449	0.036756
MGYG000003283__gradient_L3_gos_gapseq	890	913	135	bio1	0.000000	0.924931	0.036872
MGYG000003283__gradient_L4_xos_gapseq	890	913	135	bio1	0.000000	0.976212	0.032809
MGYG000003283__gradient_L5_pectin_gapseq	890	913	135	bio1	0.000000	0.904680	0.040024
MGYG000003283__gradient_L6_resistant_starch_gapseq	890	913	135	bio1	0.000000	1.022573	0.043013
MGYG000003283__gradient_L7_bglucan_gapseq	890	913	135	bio1	0.000000	1.023698	0.043539
MGYG000003283__gradient_L8_hmo_gapseq	890	913	135	bio1	0.000000	0.894806	0.032387
MGYG000003283__gradient_L9_mos_gapseq	890	913	135	bio1	0.000000	0.901593	0.188707
MGYG000003288__gradient_L0_base_gapseq	1287	1366	345	bio1	0.237587	1.550248	5.945620
MGYG000003288__gradient_L1_inulin_gapseq	1287	1366	345	bio1	0.300726	1.392321	6.034642
MGYG000003288__gradient_L2_fos_gapseq	1287	1366	345	bio1	0.300726	1.440068	5.874085
MGYG000003288__gradient_L3_gos_gapseq	1287	1366	345	bio1	0.300726	1.690382	5.747030
MGYG000003288__gradient_L4_xos_gapseq	1287	1366	345	bio1	0.300726	1.611832	5.738477
MGYG000003288__gradient_L5_pectin_gapseq	1287	1366	345	bio1	0.300726	1.492990	5.982905
MGYG000003288__gradient_L6_resistant_starch_gapseq	1287	1366	345	bio1	0.300726	1.462391	5.759516
MGYG000003288__gradient_L7_bglucan_gapseq	1287	1366	345	bio1	0.300726	1.544092	5.730536
MGYG000003288__gradient_L8_hmo_gapseq	1287	1366	345	bio1	0.300726	1.396446	5.830496
MGYG000003288__gradient_L9_mos_gapseq	1287	1366	345	bio1	0.300726	1.490332	5.715369
MGYG000003293__gradient_L0_base_gapseq	1009	1162	264	bio1	0.375672	1.293117	4.182908
MGYG000003293__gradient_L1_inulin_gapseq	1009	1162	264	bio1	0.538618	1.190318	4.213710
MGYG000003293__gradient_L2_fos_gapseq	1009	1162	264	bio1	0.538618	1.325884	4.174558
MGYG000003293__gradient_L3_gos_gapseq	1009	1162	264	bio1	0.640459	1.175628	4.234308
MGYG000003293__gradient_L4_xos_gapseq	1009	1162	264	bio1	0.719081	1.300548	4.184618
MGYG000003293__gradient_L5_pectin_gapseq	1009	1162	264	bio1	0.719081	1.144484	4.243860
MGYG000003293__gradient_L6_resistant_starch_gapseq	1009	1162	264	bio1	1.420293	1.215019	4.205873
MGYG000003293__gradient_L7_bglucan_gapseq	1009	1162	264	bio1	1.650435	1.146388	4.402758
MGYG000003293__gradient_L8_hmo_gapseq	1009	1162	264	bio1	1.650435	1.177258	4.087373
MGYG000003293__gradient_L9_mos_gapseq	1009	1162	264	bio1	1.650435	1.293376	4.199359
MGYG000003309__gradient_L0_base_gapseq	1199	1258	265	bio1	0.000000	1.289009	0.062593
MGYG000003309__gradient_L1_inulin_gapseq	1199	1258	265	bio1	0.000000	1.340137	0.070111
MGYG000003309__gradient_L2_fos_gapseq	1199	1258	265	bio1	0.000000	1.522870	0.092924
MGYG000003309__gradient_L3_gos_gapseq	1199	1258	265	bio1	0.000000	1.334136	0.076004
MGYG000003309__gradient_L4_xos_gapseq	1199	1258	265	bio1	0.000000	1.434958	0.064044
MGYG000003309__gradient_L5_pectin_gapseq	1199	1258	265	bio1	0.000000	1.331135	0.056264
MGYG000003309__gradient_L6_resistant_starch_gapseq	1199	1258	265	bio1	0.000000	1.330967	0.073467
MGYG000003309__gradient_L7_bglucan_gapseq	1199	1258	265	bio1	0.000000	1.545358	0.071327
MGYG000003309__gradient_L8_hmo_gapseq	1199	1258	265	bio1	0.000000	1.284090	0.062965
MGYG000003309__gradient_L9_mos_gapseq	1199	1258	265	bio1	0.000000	1.451938	0.069239
MGYG000003310__gradient_L0_base_gapseq	890	958	184	bio1	0.000000	0.963952	0.037138
MGYG000003310__gradient_L1_inulin_gapseq	890	958	184	bio1	0.000000	0.944196	0.048701
MGYG000003310__gradient_L2_fos_gapseq	890	958	184	bio1	0.000000	1.081516	0.050373
MGYG000003310__gradient_L3_gos_gapseq	890	958	184	bio1	0.000000	0.925293	0.053074
MGYG000003310__gradient_L4_xos_gapseq	890	958	184	bio1	0.960172	0.919397	2.926180
MGYG000003310__gradient_L5_pectin_gapseq	890	958	184	bio1	0.960172	1.103044	3.048527
MGYG000003310__gradient_L6_resistant_starch_gapseq	890	958	184	bio1	1.066553	0.966603	2.948033
MGYG000003310__gradient_L7_bglucan_gapseq	890	958	184	bio1	1.278103	1.093901	2.838426
MGYG000003310__gradient_L8_hmo_gapseq	890	958	184	bio1	1.419136	0.900503	2.965096
MGYG000003310__gradient_L9_mos_gapseq	890	958	184	bio1	1.524911	0.921882	3.050426
MGYG000003312__gradient_L0_base_gapseq	1521	1813	539	bio1	0.000000	1.849603	0.138174
MGYG000003312__gradient_L1_inulin_gapseq	1521	1813	539	bio1	0.000000	1.997856	0.135993
MGYG000003312__gradient_L2_fos_gapseq	1521	1813	539	bio1	0.000000	2.031613	0.135125
MGYG000003312__gradient_L3_gos_gapseq	1521	1813	539	bio1	0.000000	1.813416	0.132797
MGYG000003312__gradient_L4_xos_gapseq	1521	1813	539	bio1	1.449187	2.176162	10.154995
MGYG000003312__gradient_L5_pectin_gapseq	1521	1813	539	bio1	1.488792	2.061264	10.194122
MGYG000003312__gradient_L6_resistant_starch_gapseq	1521	1813	539	bio1	2.029927	2.105259	10.057234
MGYG000003312__gradient_L7_bglucan_gapseq	1521	1813	539	bio1	2.214610	2.029748	10.085615
MGYG000003312__gradient_L8_hmo_gapseq	1521	1813	539	bio1	2.214610	2.066949	10.134036
MGYG000003312__gradient_L9_mos_gapseq	1521	1813	539	bio1	2.276100	2.104107	10.512301
MGYG000003314__gradient_L0_base_gapseq	1289	1507	328	bio1	0.000000	1.681575	0.083183
MGYG000003314__gradient_L1_inulin_gapseq	1289	1507	328	bio1	0.000000	1.598656	0.099686
MGYG000003314__gradient_L2_fos_gapseq	1289	1507	328	bio1	0.000000	1.664393	0.082377
MGYG000003314__gradient_L3_gos_gapseq	1289	1507	328	bio1	0.548017	1.638972	6.712917
MGYG000003314__gradient_L4_xos_gapseq	1289	1507	328	bio1	0.611311	1.771151	6.725541
MGYG000003314__gradient_L5_pectin_gapseq	1289	1507	328	bio1	0.611311	1.679018	6.614998
MGYG000003314__gradient_L6_resistant_starch_gapseq	1289	1507	328	bio1	1.078027	1.553569	6.958982
MGYG000003314__gradient_L7_bglucan_gapseq	1289	1507	328	bio1	1.078027	1.547355	6.711902
MGYG000003314__gradient_L8_hmo_gapseq	1289	1507	328	bio1	1.078027	1.671644	6.719871
MGYG000003314__gradient_L9_mos_gapseq	1289	1507	328	bio1	1.176730	1.707974	6.833461
MGYG000003326__gradient_L0_base_gapseq	1427	1660	463	bio1	0.000000	1.764472	0.104856
MGYG000003326__gradient_L1_inulin_gapseq	1427	1660	463	bio1	0.000000	1.977759	0.089988
MGYG000003326__gradient_L2_fos_gapseq	1427	1660	463	bio1	0.000000	1.742724	0.103186
MGYG000003326__gradient_L3_gos_gapseq	1427	1660	463	bio1	1.103695	1.939298	8.330477
MGYG000003326__gradient_L4_xos_gapseq	1427	1660	463	bio1	1.177574	2.135522	8.429117
MGYG000003326__gradient_L5_pectin_gapseq	1427	1660	463	bio1	1.177574	1.700561	8.546322
MGYG000003326__gradient_L6_resistant_starch_gapseq	1427	1660	463	bio1	1.788753	1.699788	8.392402
MGYG000003326__gradient_L7_bglucan_gapseq	1427	1660	463	bio1	1.996957	1.641483	8.429009
MGYG000003326__gradient_L8_hmo_gapseq	1427	1660	463	bio1	2.144715	1.703076	8.727375
MGYG000003326__gradient_L9_mos_gapseq	1427	1660	463	bio1	2.144715	1.930609	8.411950
MGYG000003327__gradient_L0_base_gapseq	1367	1473	339	bio1	0.000000	1.557411	0.275311
MGYG000003327__gradient_L1_inulin_gapseq	1367	1473	339	bio1	0.000000	1.512091	0.100241
MGYG000003327__gradient_L2_fos_gapseq	1367	1473	339	bio1	0.000000	1.567628	0.201899
MGYG000003327__gradient_L3_gos_gapseq	1367	1473	339	bio1	0.000000	1.522057	0.092077
MGYG000003327__gradient_L4_xos_gapseq	1367	1473	339	bio1	0.934278	1.552039	6.938342
MGYG000003327__gradient_L5_pectin_gapseq	1367	1473	339	bio1	0.934278	1.664944	6.829366
MGYG000003327__gradient_L6_resistant_starch_gapseq	1367	1473	339	bio1	1.507853	1.715074	6.684015
MGYG000003327__gradient_L7_bglucan_gapseq	1367	1473	339	bio1	1.507853	1.642452	6.670362
MGYG000003327__gradient_L8_hmo_gapseq	1367	1473	339	bio1	1.507853	1.529422	6.959342
MGYG000003327__gradient_L9_mos_gapseq	1367	1473	339	bio1	1.507853	1.524448	6.679467
MGYG000003330__gradient_L0_base_gapseq	1262	1364	346	bio1	0.287388	1.499397	5.980155
MGYG000003330__gradient_L1_inulin_gapseq	1262	1364	346	bio1	0.435422	1.541181	5.931602
MGYG000003330__gradient_L2_fos_gapseq	1262	1364	346	bio1	0.435422	1.398048	6.188657
MGYG000003330__gradient_L3_gos_gapseq	1262	1364	346	bio1	0.435422	1.392732	5.881972
MGYG000003330__gradient_L4_xos_gapseq	1262	1364	346	bio1	0.435422	1.574122	5.932626
MGYG000003330__gradient_L5_pectin_gapseq	1262	1364	346	bio1	0.435422	1.423101	6.143788
MGYG000003330__gradient_L6_resistant_starch_gapseq	1262	1364	346	bio1	0.435422	1.395338	5.915311
MGYG000003330__gradient_L7_bglucan_gapseq	1262	1364	346	bio1	0.435422	1.579880	6.264655
MGYG000003330__gradient_L8_hmo_gapseq	1262	1364	346	bio1	0.435422	1.601320	6.016524
MGYG000003330__gradient_L9_mos_gapseq	1262	1364	346	bio1	0.435422	1.389461	6.122690
MGYG000003339__gradient_L0_base_gapseq	1144	1283	308	bio1	0.403468	1.327362	5.166242
MGYG000003339__gradient_L1_inulin_gapseq	1144	1283	308	bio1	0.595600	1.599087	5.104500
MGYG000003339__gradient_L2_fos_gapseq	1144	1283	308	bio1	0.595600	1.371019	5.113154
MGYG000003339__gradient_L3_gos_gapseq	1144	1283	308	bio1	0.768519	1.487984	5.095533
MGYG000003339__gradient_L4_xos_gapseq	1144	1283	308	bio1	0.768519	1.297510	5.193913
MGYG000003339__gradient_L5_pectin_gapseq	1144	1283	308	bio1	0.768519	1.296707	5.121983
MGYG000003339__gradient_L6_resistant_starch_gapseq	1144	1283	308	bio1	1.170986	1.502624	5.077289
MGYG000003339__gradient_L7_bglucan_gapseq	1144	1283	308	bio1	1.170986	1.377106	5.463239
MGYG000003339__gradient_L8_hmo_gapseq	1144	1283	308	bio1	1.170986	1.538685	5.207927
MGYG000003339__gradient_L9_mos_gapseq	1144	1283	308	bio1	1.265231	1.459141	5.199383
MGYG000003343__gradient_L0_base_gapseq	1434	1625	450	bio1	0.000000	1.730686	0.098020
MGYG000003343__gradient_L1_inulin_gapseq	1434	1625	450	bio1	0.000000	1.761134	0.110349
MGYG000003343__gradient_L2_fos_gapseq	1434	1625	450	bio1	0.000000	1.603768	0.101951
MGYG000003343__gradient_L3_gos_gapseq	1434	1625	450	bio1	0.000000	1.856613	0.112141
MGYG000003343__gradient_L4_xos_gapseq	1434	1625	450	bio1	0.673397	1.692928	8.317852
MGYG000003343__gradient_L5_pectin_gapseq	1434	1625	450	bio1	0.718644	1.671124	8.399280
MGYG000003343__gradient_L6_resistant_starch_gapseq	1434	1625	450	bio1	0.832242	1.646523	8.144347
MGYG000003343__gradient_L7_bglucan_gapseq	1434	1625	450	bio1	0.832242	1.812964	8.517862
MGYG000003343__gradient_L8_hmo_gapseq	1434	1625	450	bio1	0.832242	1.864666	8.214532
MGYG000003343__gradient_L9_mos_gapseq	1434	1625	450	bio1	0.832242	1.833829	8.313018
MGYG000003344__gradient_L0_base_gapseq	1311	1405	351	bio1	0.118747	1.667246	6.162287
MGYG000003344__gradient_L1_inulin_gapseq	1311	1405	351	bio1	0.216598	1.519401	6.078076
MGYG000003344__gradient_L2_fos_gapseq	1311	1405	351	bio1	0.216598	1.500565	6.288233
MGYG000003344__gradient_L3_gos_gapseq	1311	1405	351	bio1	0.216598	1.462000	6.242269
MGYG000003344__gradient_L4_xos_gapseq	1311	1405	351	bio1	0.216598	1.850437	6.212891
MGYG000003344__gradient_L5_pectin_gapseq	1311	1405	351	bio1	0.216598	1.478948	6.370237
MGYG000003344__gradient_L6_resistant_starch_gapseq	1311	1405	351	bio1	0.258187	1.468441	6.103779
MGYG000003344__gradient_L7_bglucan_gapseq	1311	1405	351	bio1	0.258187	1.611508	6.193972
MGYG000003344__gradient_L8_hmo_gapseq	1311	1405	351	bio1	0.258187	1.650916	6.243233
MGYG000003344__gradient_L9_mos_gapseq	1311	1405	351	bio1	0.258187	1.506483	6.301019
MGYG000003355__gradient_L0_base_gapseq	1623	1862	517	bio1	0.975818	1.952924	10.613400
MGYG000003355__gradient_L1_inulin_gapseq	1623	1862	517	bio1	1.307572	1.962386	10.579281
MGYG000003355__gradient_L2_fos_gapseq	1623	1862	517	bio1	1.307572	1.916687	11.013398
MGYG000003355__gradient_L3_gos_gapseq	1623	1862	517	bio1	1.653696	1.954641	10.632034
MGYG000003355__gradient_L4_xos_gapseq	1623	1862	517	bio1	1.752289	2.054293	10.573284
MGYG000003355__gradient_L5_pectin_gapseq	1623	1862	517	bio1	1.815221	2.097977	10.470890
MGYG000003355__gradient_L6_resistant_starch_gapseq	1623	1862	517	bio1	2.538936	2.158051	10.492173
MGYG000003355__gradient_L7_bglucan_gapseq	1623	1862	517	bio1	2.784370	2.324479	10.529943
MGYG000003355__gradient_L8_hmo_gapseq	1623	1862	517	bio1	2.956383	2.158972	10.606273
MGYG000003355__gradient_L9_mos_gapseq	1623	1862	517	bio1	3.090637	2.073029	10.676659
MGYG000003358	0	0	0	NONE	0.000000	0.000000	0.000000
MGYG000003360__gradient_L0_base_gapseq	2243	2805	1219	bio1	1.476681	3.247958	23.796103
MGYG000003360__gradient_L1_inulin_gapseq	2243	2805	1219	bio1	1.789640	3.254800	23.814490
MGYG000003360__gradient_L2_fos_gapseq	2243	2805	1219	bio1	1.789640	3.170792	23.849839
MGYG000003360__gradient_L3_gos_gapseq	2243	2805	1219	bio1	2.136557	3.208180	23.650185
MGYG000003360__gradient_L4_xos_gapseq	2243	2805	1219	bio1	2.312566	3.078874	23.967030
MGYG000003360__gradient_L5_pectin_gapseq	2243	2805	1219	bio1	2.355864	3.379190	23.835567
MGYG000003360__gradient_L6_resistant_starch_gapseq	2243	2805	1219	bio1	3.023149	3.287054	23.615206
MGYG000003360__gradient_L7_bglucan_gapseq	2243	2805	1219	bio1	3.242524	3.199146	23.818697
MGYG000003360__gradient_L8_hmo_gapseq	2243	2805	1219	bio1	3.242524	3.324866	23.540875
MGYG000003360__gradient_L9_mos_gapseq	2243	2805	1219	bio1	3.382364	3.207320	23.528530
MGYG000003366__gradient_L0_base_gapseq	1315	1478	363	bio1	0.000000	1.658909	0.102230
MGYG000003366__gradient_L1_inulin_gapseq	1315	1478	363	bio1	0.000000	1.449685	0.082921
MGYG000003366__gradient_L2_fos_gapseq	1315	1478	363	bio1	0.000000	1.632953	0.093849
MGYG000003366__gradient_L3_gos_gapseq	1315	1478	363	bio1	0.907358	1.485054	7.248410
MGYG000003366__gradient_L4_xos_gapseq	1315	1478	363	bio1	0.972550	1.529769	6.651161
MGYG000003366__gradient_L5_pectin_gapseq	1315	1478	363	bio1	0.972550	1.603714	6.690068
MGYG000003366__gradient_L6_resistant_starch_gapseq	1315	1478	363	bio1	1.454599	1.570562	6.790513
MGYG000003366__gradient_L7_bglucan_gapseq	1315	1478	363	bio1	1.454599	1.555750	6.963117
MGYG000003366__gradient_L8_hmo_gapseq	1315	1478	363	bio1	1.454599	1.574616	6.577971
MGYG000003366__gradient_L9_mos_gapseq	1315	1478	363	bio1	1.454599	1.755275	6.695116
MGYG000003367__gradient_L0_base_gapseq	1531	1831	469	bio1	0.000000	2.046179	0.120477
MGYG000003367__gradient_L1_inulin_gapseq	1531	1831	469	bio1	0.000000	1.945229	0.129501
MGYG000003367__gradient_L2_fos_gapseq	1531	1831	469	bio1	0.000000	2.050054	0.174156
MGYG000003367__gradient_L3_gos_gapseq	1531	1831	469	bio1	0.000000	2.196217	0.117258
MGYG000003367__gradient_L4_xos_gapseq	1531	1831	469	bio1	0.000000	2.012834	0.121015
MGYG000003367__gradient_L5_pectin_gapseq	1531	1831	469	bio1	0.000000	1.943789	0.126655
MGYG000003367__gradient_L6_resistant_starch_gapseq	1531	1831	469	bio1	1.181703	2.030721	10.396086
MGYG000003367__gradient_L7_bglucan_gapseq	1531	1831	469	bio1	1.382239	2.200842	10.332920
MGYG000003367__gradient_L8_hmo_gapseq	1531	1831	469	bio1	1.382239	2.152582	10.324182
MGYG000003367__gradient_L9_mos_gapseq	1531	1831	469	bio1	1.511256	2.202823	10.325870
MGYG000003368__gradient_L0_base_gapseq	1035	1151	267	bio1	0.317909	1.371707	4.178905
MGYG000003368__gradient_L1_inulin_gapseq	1035	1151	267	bio1	0.395372	1.328854	4.115327
MGYG000003368__gradient_L2_fos_gapseq	1035	1151	267	bio1	0.395372	1.126465	4.292627
MGYG000003368__gradient_L3_gos_gapseq	1035	1151	267	bio1	0.395372	1.116379	4.041201
MGYG000003368__gradient_L4_xos_gapseq	1035	1151	267	bio1	0.414737	1.192538	4.126520
MGYG000003368__gradient_L5_pectin_gapseq	1035	1151	267	bio1	0.414737	1.111062	4.232136
MGYG000003368__gradient_L6_resistant_starch_gapseq	1035	1151	267	bio1	0.492200	1.238782	4.072402
MGYG000003368__gradient_L7_bglucan_gapseq	1035	1151	267	bio1	0.492200	1.184836	4.151278
MGYG000003368__gradient_L8_hmo_gapseq	1035	1151	267	bio1	0.492200	1.289179	4.186815
MGYG000003368__gradient_L9_mos_gapseq	1035	1151	267	bio1	0.492200	1.107078	3.949763
MGYG000003370__gradient_L0_base_gapseq	1458	1711	375	bio1	0.496830	1.755472	9.351911
MGYG000003370__gradient_L1_inulin_gapseq	1458	1711	375	bio1	0.650938	1.748905	9.189766
MGYG000003370__gradient_L2_fos_gapseq	1458	1711	375	bio1	0.650938	1.756487	8.982306
MGYG000003370__gradient_L3_gos_gapseq	1458	1711	375	bio1	0.795415	1.946172	9.033275
MGYG000003370__gradient_L4_xos_gapseq	1458	1711	375	bio1	0.814679	1.956736	9.211749
MGYG000003370__gradient_L5_pectin_gapseq	1458	1711	375	bio1	0.814679	1.972504	9.009606
MGYG000003370__gradient_L6_resistant_starch_gapseq	1458	1711	375	bio1	1.134936	1.947231	9.206460
MGYG000003370__gradient_L7_bglucan_gapseq	1458	1711	375	bio1	1.134936	1.793573	9.341091
MGYG000003370__gradient_L8_hmo_gapseq	1458	1711	375	bio1	1.134936	1.793999	9.253745
MGYG000003370__gradient_L9_mos_gapseq	1458	1711	375	bio1	1.211990	1.734166	9.274887
MGYG000003383__gradient_L0_base_gapseq	1296	1575	428	bio1	0.000000	1.683325	0.091367
MGYG000003383__gradient_L1_inulin_gapseq	1296	1575	428	bio1	0.000000	1.905128	0.116451
MGYG000003383__gradient_L2_fos_gapseq	1296	1575	428	bio1	0.000000	1.640780	0.098084
MGYG000003383__gradient_L3_gos_gapseq	1296	1575	428	bio1	1.172193	1.764830	7.391641
MGYG000003383__gradient_L4_xos_gapseq	1296	1575	428	bio1	1.232593	1.873587	7.511178
MGYG000003383__gradient_L5_pectin_gapseq	1296	1575	428	bio1	1.232593	1.920811	7.421656
MGYG000003383__gradient_L6_resistant_starch_gapseq	1296	1575	428	bio1	1.722502	1.724338	7.608153
MGYG000003383__gradient_L7_bglucan_gapseq	1296	1575	428	bio1	1.890279	1.696399	7.705149
MGYG000003383__gradient_L8_hmo_gapseq	1296	1575	428	bio1	2.002131	1.712628	7.350441
MGYG000003383__gradient_L9_mos_gapseq	1296	1575	428	bio1	2.002131	1.919447	7.383742
MGYG000003387__gradient_L0_base_gapseq	2063	2430	915	bio1	0.506941	2.967745	17.795949
MGYG000003387__gradient_L1_inulin_gapseq	2063	2430	915	bio1	0.633030	2.640099	17.860981
MGYG000003387__gradient_L2_fos_gapseq	2063	2430	915	bio1	0.633030	2.729386	17.692439
MGYG000003387__gradient_L3_gos_gapseq	2063	2430	915	bio1	0.633030	2.799671	17.887718
MGYG000003387__gradient_L4_xos_gapseq	2063	2430	915	bio1	0.679092	2.607460	17.829409
MGYG000003387__gradient_L5_pectin_gapseq	2063	2430	915	bio1	0.679092	2.898244	17.830599
MGYG000003387__gradient_L6_resistant_starch_gapseq	2063	2430	915	bio1	1.114811	2.810345	17.695552
MGYG000003387__gradient_L7_bglucan_gapseq	2063	2430	915	bio1	1.114811	2.792980	17.751626
MGYG000003387__gradient_L8_hmo_gapseq	2063	2430	915	bio1	1.114811	2.797946	17.813897
MGYG000003387__gradient_L9_mos_gapseq	2063	2430	915	bio1	1.183290	2.696987	17.799451
MGYG000003391__gradient_L0_base_gapseq	1221	1338	311	bio1	0.837731	1.577991	5.768828
MGYG000003391__gradient_L1_inulin_gapseq	1221	1338	311	bio1	1.047187	1.345925	5.766884
MGYG000003391__gradient_L2_fos_gapseq	1221	1338	311	bio1	1.047187	1.350947	5.797013
MGYG000003391__gradient_L3_gos_gapseq	1221	1338	311	bio1	1.047187	1.563562	5.565800
MGYG000003391__gradient_L4_xos_gapseq	1221	1338	311	bio1	1.047187	1.429659	5.789488
MGYG000003391__gradient_L5_pectin_gapseq	1221	1338	311	bio1	1.047187	1.316293	5.837007
MGYG000003391__gradient_L6_resistant_starch_gapseq	1221	1338	311	bio1	1.150462	1.715433	5.802678
MGYG000003391__gradient_L7_bglucan_gapseq	1221	1338	311	bio1	1.150462	1.385405	5.825536
MGYG000003391__gradient_L8_hmo_gapseq	1221	1338	311	bio1	1.150462	1.364104	5.769816
MGYG000003391__gradient_L9_mos_gapseq	1221	1338	311	bio1	1.253737	1.520787	5.638966
MGYG000003393__gradient_L0_base_gapseq	2257	2787	1155	bio1	1.351241	3.248128	24.002218
MGYG000003393__gradient_L1_inulin_gapseq	2257	2787	1155	bio1	1.648016	2.955003	24.075424
MGYG000003393__gradient_L2_fos_gapseq	2257	2787	1155	bio1	1.648016	3.241939	23.969253
MGYG000003393__gradient_L3_gos_gapseq	2257	2787	1155	bio1	1.961020	3.169154	23.737111
MGYG000003393__gradient_L4_xos_gapseq	2257	2787	1155	bio1	2.127956	3.264678	23.731449
MGYG000003393__gradient_L5_pectin_gapseq	2257	2787	1155	bio1	2.168762	3.203952	23.548205
MGYG000003393__gradient_L6_resistant_starch_gapseq	2257	2787	1155	bio1	2.786047	3.217757	23.822056
MGYG000003393__gradient_L7_bglucan_gapseq	2257	2787	1155	bio1	2.985672	3.064243	23.867058
MGYG000003393__gradient_L8_hmo_gapseq	2257	2787	1155	bio1	2.985672	3.241317	23.621332
MGYG000003393__gradient_L9_mos_gapseq	2257	2787	1155	bio1	3.114406	3.216192	23.363310
MGYG000003399__gradient_L0_base_gapseq	2249	2811	1266	bio1	1.148586	3.158854	24.528076
MGYG000003399__gradient_L1_inulin_gapseq	2249	2811	1266	bio1	1.424841	3.237214	24.578440
MGYG000003399__gradient_L2_fos_gapseq	2249	2811	1266	bio1	1.424841	3.330760	24.436636
MGYG000003399__gradient_L3_gos_gapseq	2249	2811	1266	bio1	1.715322	3.309180	24.144722
MGYG000003399__gradient_L4_xos_gapseq	2249	2811	1266	bio1	1.790894	3.400423	24.429990
MGYG000003399__gradient_L5_pectin_gapseq	2249	2811	1266	bio1	1.790894	3.302484	24.252127
MGYG000003399__gradient_L6_resistant_starch_gapseq	2249	2811	1266	bio1	2.384350	3.325756	24.268867
MGYG000003399__gradient_L7_bglucan_gapseq	2249	2811	1266	bio1	2.574428	3.234535	24.097011
MGYG000003399__gradient_L8_hmo_gapseq	2249	2811	1266	bio1	2.574428	3.277370	24.007159
MGYG000003399__gradient_L9_mos_gapseq	2249	2811	1266	bio1	2.696778	3.264722	24.622125
MGYG000003408__gradient_L0_base_gapseq	527	502	69	bio1	0.000000	0.459974	0.200097
MGYG000003408__gradient_L1_inulin_gapseq	527	502	69	bio1	0.000000	0.501344	0.019036
MGYG000003408__gradient_L2_fos_gapseq	527	502	69	bio1	0.000000	0.487617	0.019876
MGYG000003408__gradient_L3_gos_gapseq	527	502	69	bio1	0.000000	0.485466	0.018691
MGYG000003408__gradient_L4_xos_gapseq	527	502	69	bio1	0.000000	0.453270	0.013952
MGYG000003408__gradient_L5_pectin_gapseq	527	502	69	bio1	0.000000	0.461064	0.018244
MGYG000003408__gradient_L6_resistant_starch_gapseq	527	502	69	bio1	0.000000	0.469889	0.019440
MGYG000003408__gradient_L7_bglucan_gapseq	527	502	69	bio1	0.000000	0.469135	0.017451
MGYG000003408__gradient_L8_hmo_gapseq	527	502	69	bio1	0.000000	0.567116	0.019573
MGYG000003408__gradient_L9_mos_gapseq	527	502	69	bio1	0.000000	0.452787	0.018871
MGYG000003409__gradient_L0_base_gapseq	1026	1203	321	bio1	0.413400	1.211938	4.845101
MGYG000003409__gradient_L1_inulin_gapseq	1026	1203	321	bio1	0.727918	1.312177	4.667085
MGYG000003409__gradient_L2_fos_gapseq	1026	1203	321	bio1	0.727918	1.382840	4.586147
MGYG000003409__gradient_L3_gos_gapseq	1026	1203	321	bio1	1.025068	1.160578	4.699535
MGYG000003409__gradient_L4_xos_gapseq	1026	1203	321	bio1	1.025068	1.430184	4.588666
MGYG000003409__gradient_L5_pectin_gapseq	1026	1203	321	bio1	1.025068	1.232941	4.709354
MGYG000003409__gradient_L6_resistant_starch_gapseq	1026	1203	321	bio1	1.591902	1.199493	4.615420
MGYG000003409__gradient_L7_bglucan_gapseq	1026	1203	321	bio1	1.793877	1.193480	4.860220
MGYG000003409__gradient_L8_hmo_gapseq	1026	1203	321	bio1	1.937214	1.187724	4.646655
MGYG000003409__gradient_L9_mos_gapseq	1026	1203	321	bio1	2.041459	1.404301	4.589266
MGYG000003430__gradient_L0_base_gapseq	1038	1111	240	bio1	0.000000	1.079029	0.054067
MGYG000003430__gradient_L1_inulin_gapseq	1038	1111	240	bio1	0.000000	1.394454	0.066822
MGYG000003430__gradient_L2_fos_gapseq	1038	1111	240	bio1	0.000000	1.199098	0.050497
MGYG000003430__gradient_L3_gos_gapseq	1038	1111	240	bio1	0.000000	1.107495	0.046106
MGYG000003430__gradient_L4_xos_gapseq	1038	1111	240	bio1	0.000000	1.249058	0.050385
MGYG000003430__gradient_L5_pectin_gapseq	1038	1111	240	bio1	0.000000	1.119357	0.051910
MGYG000003430__gradient_L6_resistant_starch_gapseq	1038	1111	240	bio1	0.000000	1.124628	0.192677
MGYG000003430__gradient_L7_bglucan_gapseq	1038	1111	240	bio1	0.000000	1.100782	0.048786
MGYG000003430__gradient_L8_hmo_gapseq	1038	1111	240	bio1	0.000000	1.106778	0.047565
MGYG000003430__gradient_L9_mos_gapseq	1038	1111	240	bio1	0.000000	1.236692	0.046726
MGYG000003432__gradient_L0_base_gapseq	1143	1298	276	bio1	0.000000	1.402675	0.073754
MGYG000003432__gradient_L1_inulin_gapseq	1143	1298	276	bio1	0.322289	1.546950	5.128182
MGYG000003432__gradient_L2_fos_gapseq	1143	1298	276	bio1	0.322289	1.280026	4.917101
MGYG000003432__gradient_L3_gos_gapseq	1143	1298	276	bio1	0.323252	1.529290	5.223931
MGYG000003432__gradient_L4_xos_gapseq	1143	1298	276	bio1	0.323252	1.281828	5.214777
MGYG000003432__gradient_L5_pectin_gapseq	1143	1298	276	bio1	0.327870	1.291609	5.076136
MGYG000003432__gradient_L6_resistant_starch_gapseq	1143	1298	276	bio1	0.399449	1.446107	5.081715
MGYG000003432__gradient_L7_bglucan_gapseq	1143	1298	276	bio1	0.434085	1.294136	5.164512
MGYG000003432__gradient_L8_hmo_gapseq	1143	1298	276	bio1	0.434085	1.336248	5.052307
MGYG000003432__gradient_L9_mos_gapseq	1143	1298	276	bio1	0.434085	1.408550	5.258806
MGYG000003456__gradient_L0_base_gapseq	1018	1094	240	bio1	0.000000	1.068626	0.055730
MGYG000003456__gradient_L1_inulin_gapseq	1018	1094	240	bio1	0.000000	1.091355	0.056578
MGYG000003456__gradient_L2_fos_gapseq	1018	1094	240	bio1	0.000000	1.263506	0.075734
MGYG000003456__gradient_L3_gos_gapseq	1018	1094	240	bio1	0.755314	1.129900	3.914131
MGYG000003456__gradient_L4_xos_gapseq	1018	1094	240	bio1	0.755314	1.115541	4.058517
MGYG000003456__gradient_L5_pectin_gapseq	1018	1094	240	bio1	0.830847	1.119495	3.737692
MGYG000003456__gradient_L6_resistant_starch_gapseq	1018	1094	240	bio1	1.423094	1.122313	4.033405
MGYG000003456__gradient_L7_bglucan_gapseq	1018	1094	240	bio1	1.633924	1.121574	3.866724
MGYG000003456__gradient_L8_hmo_gapseq	1018	1094	240	bio1	1.633924	1.292342	3.844205
MGYG000003456__gradient_L9_mos_gapseq	1018	1094	240	bio1	1.739340	1.123557	3.789152
MGYG000003457__gradient_L0_base_gapseq	1068	1130	233	bio1	0.000000	1.176293	0.251635
MGYG000003457__gradient_L1_inulin_gapseq	1068	1130	233	bio1	0.000000	1.147692	0.047743
MGYG000003457__gradient_L2_fos_gapseq	1068	1130	233	bio1	0.000000	1.158210	0.048134
MGYG000003457__gradient_L3_gos_gapseq	1068	1130	233	bio1	0.000000	1.293062	0.040921
MGYG000003457__gradient_L4_xos_gapseq	1068	1130	233	bio1	0.000000	1.160015	0.065449
MGYG000003457__gradient_L5_pectin_gapseq	1068	1130	233	bio1	0.000000	1.173049	0.050127
MGYG000003457__gradient_L6_resistant_starch_gapseq	1068	1130	233	bio1	0.000000	1.294949	0.052713
MGYG000003457__gradient_L7_bglucan_gapseq	1068	1130	233	bio1	0.000000	1.196567	0.046406
MGYG000003457__gradient_L8_hmo_gapseq	1068	1130	233	bio1	0.000000	1.225526	0.228199
MGYG000003457__gradient_L9_mos_gapseq	1068	1130	233	bio1	0.000000	1.204977	0.054470
MGYG000003462__gradient_L0_base_gapseq	1155	1278	313	bio1	0.000000	1.311812	0.063208
MGYG000003462__gradient_L1_inulin_gapseq	1155	1278	313	bio1	0.000000	1.416161	0.072570
MGYG000003462__gradient_L2_fos_gapseq	1155	1278	313	bio1	0.000000	1.281782	0.076116
MGYG000003462__gradient_L3_gos_gapseq	1155	1278	313	bio1	0.000000	1.502685	0.070523
MGYG000003462__gradient_L4_xos_gapseq	1155	1278	313	bio1	0.000000	1.317970	0.073093
MGYG000003462__gradient_L5_pectin_gapseq	1155	1278	313	bio1	0.000000	1.401020	0.071818
MGYG000003462__gradient_L6_resistant_starch_gapseq	1155	1278	313	bio1	0.000000	1.296857	0.076019
MGYG000003462__gradient_L7_bglucan_gapseq	1155	1278	313	bio1	0.000000	1.347949	0.068529
MGYG000003462__gradient_L8_hmo_gapseq	1155	1278	313	bio1	0.000000	1.474304	0.079467
MGYG000003462__gradient_L9_mos_gapseq	1155	1278	313	bio1	0.000000	1.296591	0.068299
MGYG000003466__gradient_L0_base_gapseq	1128	1219	247	bio1	0.000000	1.287306	0.066394
MGYG000003466__gradient_L1_inulin_gapseq	1128	1219	247	bio1	0.000000	1.430010	0.069419
MGYG000003466__gradient_L2_fos_gapseq	1128	1219	247	bio1	0.000000	1.304561	0.064358
MGYG000003466__gradient_L3_gos_gapseq	1128	1219	247	bio1	0.467480	1.319511	4.967313
MGYG000003466__gradient_L4_xos_gapseq	1128	1219	247	bio1	0.467480	1.322263	4.521580
MGYG000003466__gradient_L5_pectin_gapseq	1128	1219	247	bio1	0.467480	1.546591	4.746302
MGYG000003466__gradient_L6_resistant_starch_gapseq	1128	1219	247	bio1	0.869089	1.287012	4.965699
MGYG000003466__gradient_L7_bglucan_gapseq	1128	1219	247	bio1	0.869089	1.260291	4.641887
MGYG000003466__gradient_L8_hmo_gapseq	1128	1219	247	bio1	0.869089	1.306965	4.793458
MGYG000003466__gradient_L9_mos_gapseq	1128	1219	247	bio1	0.908933	1.270738	4.787912
MGYG000003475__gradient_L0_base_gapseq	1312	1544	412	bio1	1.228537	1.752178	7.277190
MGYG000003475__gradient_L1_inulin_gapseq	1312	1544	412	bio1	1.520362	1.757103	7.304813
MGYG000003475__gradient_L2_fos_gapseq	1312	1544	412	bio1	1.520362	1.628251	7.751446
MGYG000003475__gradient_L3_gos_gapseq	1312	1544	412	bio1	1.822995	1.576130	7.264190
MGYG000003475__gradient_L4_xos_gapseq	1312	1544	412	bio1	2.041878	1.711038	7.290670
MGYG000003475__gradient_L5_pectin_gapseq	1312	1544	412	bio1	2.079523	1.674066	7.316026
MGYG000003475__gradient_L6_resistant_starch_gapseq	1312	1544	412	bio1	2.478977	1.585441	7.517948
MGYG000003475__gradient_L7_bglucan_gapseq	1312	1544	412	bio1	2.685860	1.597799	7.138731
MGYG000003475__gradient_L8_hmo_gapseq	1312	1544	412	bio1	2.685860	1.665654	7.251550
MGYG000003475__gradient_L9_mos_gapseq	1312	1544	412	bio1	2.829971	1.673115	7.417765
MGYG000003476__gradient_L0_base_gapseq	847	851	156	bio1	0.243036	0.796138	2.510375
MGYG000003476__gradient_L1_inulin_gapseq	847	851	156	bio1	0.465828	0.828979	2.358022
MGYG000003476__gradient_L2_fos_gapseq	847	851	156	bio1	0.465828	0.824651	2.290681
MGYG000003476__gradient_L3_gos_gapseq	847	851	156	bio1	0.625326	1.100601	2.284217
MGYG000003476__gradient_L4_xos_gapseq	847	851	156	bio1	0.625326	0.980108	2.355991
MGYG000003476__gradient_L5_pectin_gapseq	847	851	156	bio1	0.660770	0.876816	2.561920
MGYG000003476__gradient_L6_resistant_starch_gapseq	847	851	156	bio1	0.751912	0.839153	2.357680
MGYG000003476__gradient_L7_bglucan_gapseq	847	851	156	bio1	0.751912	0.832928	2.357831
MGYG000003476__gradient_L8_hmo_gapseq	847	851	156	bio1	0.751912	0.938087	2.434582
MGYG000003476__gradient_L9_mos_gapseq	847	851	156	bio1	0.792419	0.823035	2.375046
MGYG000003481__gradient_L0_base_gapseq	867	808	112	bio1	0.000000	0.764941	0.024419
MGYG000003481__gradient_L1_inulin_gapseq	867	808	112	bio1	0.000000	0.973943	0.028444
MGYG000003481__gradient_L2_fos_gapseq	867	808	112	bio1	0.000000	0.809467	0.045928
MGYG000003481__gradient_L3_gos_gapseq	867	808	112	bio1	0.000000	0.824247	0.031539
MGYG000003481__gradient_L4_xos_gapseq	867	808	112	bio1	0.000000	0.822564	0.025515
MGYG000003481__gradient_L5_pectin_gapseq	867	808	112	bio1	0.000000	0.937175	0.031950
MGYG000003481__gradient_L6_resistant_starch_gapseq	867	808	112	bio1	0.000000	0.806612	0.036260
MGYG000003481__gradient_L7_bglucan_gapseq	867	808	112	bio1	0.000000	0.813250	0.025513
MGYG000003481__gradient_L8_hmo_gapseq	867	808	112	bio1	0.000000	0.827263	0.035833
MGYG000003481__gradient_L9_mos_gapseq	867	808	112	bio1	0.000000	1.045886	0.036463
MGYG000003486__gradient_L0_base_gapseq	1309	1513	397	bio1	0.206415	1.573439	7.470136
MGYG000003486__gradient_L1_inulin_gapseq	1309	1513	397	bio1	0.435465	1.577703	7.081962
MGYG000003486__gradient_L2_fos_gapseq	1309	1513	397	bio1	0.435465	1.715309	7.175644
MGYG000003486__gradient_L3_gos_gapseq	1309	1513	397	bio1	0.646850	1.864334	7.110394
MGYG000003486__gradient_L4_xos_gapseq	1309	1513	397	bio1	0.696054	1.586122	7.155184
MGYG000003486__gradient_L5_pectin_gapseq	1309	1513	397	bio1	0.696054	1.632619	6.996299
MGYG000003486__gradient_L6_resistant_starch_gapseq	1309	1513	397	bio1	1.115973	1.673733	7.089525
MGYG000003486__gradient_L7_bglucan_gapseq	1309	1513	397	bio1	1.115973	1.689030	7.292857
MGYG000003486__gradient_L8_hmo_gapseq	1309	1513	397	bio1	1.115973	1.529642	7.125303
MGYG000003486__gradient_L9_mos_gapseq	1309	1513	397	bio1	1.185038	1.561288	6.972532
MGYG000003496__gradient_L0_base_gapseq	1171	1225	246	bio1	0.000000	1.262371	0.051458
MGYG000003496__gradient_L1_inulin_gapseq	1171	1225	246	bio1	0.000000	1.276266	0.247996
MGYG000003496__gradient_L2_fos_gapseq	1171	1225	246	bio1	0.000000	1.339284	0.060774
MGYG000003496__gradient_L3_gos_gapseq	1171	1225	246	bio1	0.298428	1.331123	4.991016
MGYG000003496__gradient_L4_xos_gapseq	1171	1225	246	bio1	0.298428	1.343643	4.963434
MGYG000003496__gradient_L5_pectin_gapseq	1171	1225	246	bio1	0.298428	1.354374	4.863904
MGYG000003496__gradient_L6_resistant_starch_gapseq	1171	1225	246	bio1	0.739090	1.268939	4.802136
MGYG000003496__gradient_L7_bglucan_gapseq	1171	1225	246	bio1	0.739090	1.437831	4.884254
MGYG000003496__gradient_L8_hmo_gapseq	1171	1225	246	bio1	0.739090	1.244588	5.139024
MGYG000003496__gradient_L9_mos_gapseq	1171	1225	246	bio1	0.813700	1.300039	4.728221
MGYG000003500__gradient_L0_base_gapseq	1331	1466	294	bio1	0.000000	1.526228	0.087148
MGYG000003500__gradient_L1_inulin_gapseq	1331	1466	294	bio1	0.000000	1.808810	0.084418
MGYG000003500__gradient_L2_fos_gapseq	1331	1466	294	bio1	0.000000	1.502663	0.096606
MGYG000003500__gradient_L3_gos_gapseq	1331	1466	294	bio1	0.347318	1.646911	6.706633
MGYG000003500__gradient_L4_xos_gapseq	1331	1466	294	bio1	0.347318	1.540315	6.938070
MGYG000003500__gradient_L5_pectin_gapseq	1331	1466	294	bio1	0.347318	1.553925	6.614857
MGYG000003500__gradient_L6_resistant_starch_gapseq	1331	1466	294	bio1	0.811633	1.718827	6.544246
MGYG000003500__gradient_L7_bglucan_gapseq	1331	1466	294	bio1	0.974859	1.757602	6.592123
MGYG000003500__gradient_L8_hmo_gapseq	1331	1466	294	bio1	0.974859	1.512211	6.741980
MGYG000003500__gradient_L9_mos_gapseq	1331	1466	294	bio1	1.047781	1.511217	6.723664
MGYG000003514__gradient_L0_base_gapseq	1039	1114	243	bio1	0.000000	1.369034	0.055760
MGYG000003514__gradient_L1_inulin_gapseq	1039	1114	243	bio1	0.000000	1.156582	0.054533
MGYG000003514__gradient_L2_fos_gapseq	1039	1114	243	bio1	0.000000	1.117141	0.059091
MGYG000003514__gradient_L3_gos_gapseq	1039	1114	243	bio1	0.000000	1.256439	0.047658
MGYG000003514__gradient_L4_xos_gapseq	1039	1114	243	bio1	0.000000	1.108821	0.042649
MGYG000003514__gradient_L5_pectin_gapseq	1039	1114	243	bio1	0.000000	1.232937	0.061645
MGYG000003514__gradient_L6_resistant_starch_gapseq	1039	1114	243	bio1	0.000000	1.151267	0.050526
MGYG000003514__gradient_L7_bglucan_gapseq	1039	1114	243	bio1	0.000000	1.125494	0.047988
MGYG000003514__gradient_L8_hmo_gapseq	1039	1114	243	bio1	0.000000	1.315906	0.059297
MGYG000003514__gradient_L9_mos_gapseq	1039	1114	243	bio1	0.000000	1.154542	0.059318
MGYG000003525__gradient_L0_base_gapseq	1177	1361	312	bio1	0.000000	1.342175	0.080305
MGYG000003525__gradient_L1_inulin_gapseq	1177	1361	312	bio1	0.000000	1.510152	0.091735
MGYG000003525__gradient_L2_fos_gapseq	1177	1361	312	bio1	0.000000	1.389149	0.074687
MGYG000003525__gradient_L3_gos_gapseq	1177	1361	312	bio1	0.723488	1.559381	5.826340
MGYG000003525__gradient_L4_xos_gapseq	1177	1361	312	bio1	0.770811	1.385083	6.099603
MGYG000003525__gradient_L5_pectin_gapseq	1177	1361	312	bio1	0.770811	1.306295	5.807550
MGYG000003525__gradient_L6_resistant_starch_gapseq	1177	1361	312	bio1	1.290225	1.473842	5.646710
MGYG000003525__gradient_L7_bglucan_gapseq	1177	1361	312	bio1	1.465754	1.308607	5.661347
MGYG000003525__gradient_L8_hmo_gapseq	1177	1361	312	bio1	1.465754	1.509266	5.766315
MGYG000003525__gradient_L9_mos_gapseq	1177	1361	312	bio1	1.568645	1.432477	6.050934
MGYG000003529__gradient_L0_base_gapseq	1051	1142	208	bio1	0.192804	1.140766	4.299819
MGYG000003529__gradient_L1_inulin_gapseq	1051	1142	208	bio1	0.192804	1.153741	3.958827
MGYG000003529__gradient_L2_fos_gapseq	1051	1142	208	bio1	0.192804	1.177488	4.132957
MGYG000003529__gradient_L3_gos_gapseq	1051	1142	208	bio1	0.192804	1.126820	3.988776
MGYG000003529__gradient_L4_xos_gapseq	1051	1142	208	bio1	0.192804	1.172395	4.230662
MGYG000003529__gradient_L5_pectin_gapseq	1051	1142	208	bio1	0.192804	1.121327	4.005152
MGYG000003529__gradient_L6_resistant_starch_gapseq	1051	1142	208	bio1	0.194795	1.146293	4.051701
MGYG000003529__gradient_L7_bglucan_gapseq	1051	1142	208	bio1	0.202510	1.146718	4.057763
MGYG000003529__gradient_L8_hmo_gapseq	1051	1142	208	bio1	0.202510	1.103708	4.279147
MGYG000003529__gradient_L9_mos_gapseq	1051	1142	208	bio1	0.202510	1.225819	4.081373
MGYG000003552__gradient_L0_base_gapseq	1370	1521	366	bio1	0.000000	1.790494	0.091186
MGYG000003552__gradient_L1_inulin_gapseq	1370	1521	366	bio1	0.000000	1.632586	0.089530
MGYG000003552__gradient_L2_fos_gapseq	1370	1521	366	bio1	0.000000	1.812124	0.092261
MGYG000003552__gradient_L3_gos_gapseq	1370	1521	366	bio1	0.643614	1.618560	7.164905
MGYG000003552__gradient_L4_xos_gapseq	1370	1521	366	bio1	0.695495	1.728543	7.003430
MGYG000003552__gradient_L5_pectin_gapseq	1370	1521	366	bio1	0.695495	1.810045	7.025336
MGYG000003552__gradient_L6_resistant_starch_gapseq	1370	1521	366	bio1	1.196603	1.799075	7.240526
MGYG000003552__gradient_L7_bglucan_gapseq	1370	1521	366	bio1	1.373690	1.567815	7.188346
MGYG000003552__gradient_L8_hmo_gapseq	1370	1521	366	bio1	1.373690	1.629560	7.152226
MGYG000003552__gradient_L9_mos_gapseq	1370	1521	366	bio1	1.373690	1.742043	6.999978
MGYG000003567__gradient_L0_base_gapseq	1054	1179	281	bio1	0.381567	1.292942	4.283497
MGYG000003567__gradient_L1_inulin_gapseq	1054	1179	281	bio1	0.738124	1.151540	4.501805
MGYG000003567__gradient_L2_fos_gapseq	1054	1179	281	bio1	0.738124	1.359808	4.489464
MGYG000003567__gradient_L3_gos_gapseq	1054	1179	281	bio1	0.738124	1.189412	4.466826
MGYG000003567__gradient_L4_xos_gapseq	1054	1179	281	bio1	0.738124	1.359422	4.350792
MGYG000003567__gradient_L5_pectin_gapseq	1054	1179	281	bio1	0.738124	1.185638	4.471617
MGYG000003567__gradient_L6_resistant_starch_gapseq	1054	1179	281	bio1	0.831167	1.163595	4.582874
MGYG000003567__gradient_L7_bglucan_gapseq	1054	1179	281	bio1	0.831167	1.183757	4.542041
MGYG000003567__gradient_L8_hmo_gapseq	1054	1179	281	bio1	0.831167	1.211800	4.374736
MGYG000003567__gradient_L9_mos_gapseq	1054	1179	281	bio1	0.831167	1.286130	4.425403
MGYG000003597__gradient_L0_base_gapseq	1270	1440	356	bio1	0.000000	1.819456	0.082411
MGYG000003597__gradient_L1_inulin_gapseq	1270	1440	356	bio1	0.000000	1.495532	0.083739
MGYG000003597__gradient_L2_fos_gapseq	1270	1440	356	bio1	0.000000	1.568622	0.088390
MGYG000003597__gradient_L3_gos_gapseq	1270	1440	356	bio1	1.031103	1.448231	6.145148
MGYG000003597__gradient_L4_xos_gapseq	1270	1440	356	bio1	1.073285	1.707279	6.150595
MGYG000003597__gradient_L5_pectin_gapseq	1270	1440	356	bio1	1.073285	1.678409	6.139387
MGYG000003597__gradient_L6_resistant_starch_gapseq	1270	1440	356	bio1	1.553690	1.544087	6.384930
MGYG000003597__gradient_L7_bglucan_gapseq	1270	1440	356	bio1	1.553690	1.523076	6.187965
MGYG000003597__gradient_L8_hmo_gapseq	1270	1440	356	bio1	1.553690	1.580813	6.099482
MGYG000003597__gradient_L9_mos_gapseq	1270	1440	356	bio1	1.628680	1.468373	6.325105
MGYG000003612__gradient_L0_base_gapseq	1395	1575	406	bio1	0.274607	1.600996	7.713177
MGYG000003612__gradient_L1_inulin_gapseq	1395	1575	406	bio1	0.389477	1.612327	7.893056
MGYG000003612__gradient_L2_fos_gapseq	1395	1575	406	bio1	0.389477	1.628513	7.630362
MGYG000003612__gradient_L3_gos_gapseq	1395	1575	406	bio1	0.600892	1.791048	7.590026
MGYG000003612__gradient_L4_xos_gapseq	1395	1575	406	bio1	0.641810	1.781661	7.647327
MGYG000003612__gradient_L5_pectin_gapseq	1395	1575	406	bio1	0.641810	1.666862	7.823148
MGYG000003612__gradient_L6_resistant_starch_gapseq	1395	1575	406	bio1	1.098001	1.674093	7.637864
MGYG000003612__gradient_L7_bglucan_gapseq	1395	1575	406	bio1	1.254535	1.682923	7.562690
MGYG000003612__gradient_L8_hmo_gapseq	1395	1575	406	bio1	1.254535	1.763648	7.860030
MGYG000003612__gradient_L9_mos_gapseq	1395	1575	406	bio1	1.327131	1.793191	7.614438
MGYG000003619__gradient_L0_base_gapseq	1331	1492	366	bio1	0.000000	1.574724	0.102328
MGYG000003619__gradient_L1_inulin_gapseq	1331	1492	366	bio1	0.000000	1.652046	0.084219
MGYG000003619__gradient_L2_fos_gapseq	1331	1492	366	bio1	0.000000	1.572179	0.087562
MGYG000003619__gradient_L3_gos_gapseq	1331	1492	366	bio1	1.104235	1.747539	6.925159
MGYG000003619__gradient_L4_xos_gapseq	1331	1492	366	bio1	1.104235	1.684678	7.121690
MGYG000003619__gradient_L5_pectin_gapseq	1331	1492	366	bio1	1.104235	1.588012	7.178250
MGYG000003619__gradient_L6_resistant_starch_gapseq	1331	1492	366	bio1	1.662983	1.511315	6.942798
MGYG000003619__gradient_L7_bglucan_gapseq	1331	1492	366	bio1	1.662983	1.661874	6.937965
MGYG000003619__gradient_L8_hmo_gapseq	1331	1492	366	bio1	1.662983	1.548722	7.174361
MGYG000003619__gradient_L9_mos_gapseq	1331	1492	366	bio1	1.751322	1.563898	6.906779
MGYG000003622__gradient_L0_base_gapseq	1151	1308	273	bio1	0.481942	1.491346	5.420082
MGYG000003622__gradient_L1_inulin_gapseq	1151	1308	273	bio1	0.614476	1.312447	5.439626
MGYG000003622__gradient_L2_fos_gapseq	1151	1308	273	bio1	0.614476	1.525745	5.369741
MGYG000003622__gradient_L3_gos_gapseq	1151	1308	273	bio1	0.713877	1.288781	5.608624
MGYG000003622__gradient_L4_xos_gapseq	1151	1308	273	bio1	0.713877	1.304264	5.408692
MGYG000003622__gradient_L5_pectin_gapseq	1151	1308	273	bio1	0.713877	1.446692	5.356249
MGYG000003622__gradient_L6_resistant_starch_gapseq	1151	1308	273	bio1	0.846411	1.317939	5.543864
MGYG000003622__gradient_L7_bglucan_gapseq	1151	1308	273	bio1	1.054248	1.276027	5.342410
MGYG000003622__gradient_L8_hmo_gapseq	1151	1308	273	bio1	1.054248	1.460026	5.333774
MGYG000003622__gradient_L9_mos_gapseq	1151	1308	273	bio1	1.186781	1.314686	5.537757
MGYG000003655__gradient_L0_base_gapseq	1470	1707	433	bio1	1.084939	1.909229	8.883123
MGYG000003655__gradient_L1_inulin_gapseq	1470	1707	433	bio1	1.374007	1.821822	8.652987
MGYG000003655__gradient_L2_fos_gapseq	1470	1707	433	bio1	1.374007	1.811099	8.717218
MGYG000003655__gradient_L3_gos_gapseq	1470	1707	433	bio1	1.680826	1.752175	8.944473
MGYG000003655__gradient_L4_xos_gapseq	1470	1707	433	bio1	1.764207	1.823368	8.829375
MGYG000003655__gradient_L5_pectin_gapseq	1470	1707	433	bio1	1.811175	1.747592	8.660688
MGYG000003655__gradient_L6_resistant_starch_gapseq	1470	1707	433	bio1	2.276100	1.971274	8.719442
MGYG000003655__gradient_L7_bglucan_gapseq	1470	1707	433	bio1	2.276100	1.876265	8.648246
MGYG000003655__gradient_L8_hmo_gapseq	1470	1707	433	bio1	2.276100	1.885182	8.711674
MGYG000003655__gradient_L9_mos_gapseq	1470	1707	433	bio1	2.276100	1.865712	8.813196
MGYG000003658__gradient_L0_base_gapseq	1149	1220	275	bio1	0.000000	1.450250	0.055279
MGYG000003658__gradient_L1_inulin_gapseq	1149	1220	275	bio1	0.000000	1.288309	0.060787
MGYG000003658__gradient_L2_fos_gapseq	1149	1220	275	bio1	0.000000	1.308546	0.057540
MGYG000003658__gradient_L3_gos_gapseq	1149	1220	275	bio1	0.000000	1.363245	0.062556
MGYG000003658__gradient_L4_xos_gapseq	1149	1220	275	bio1	0.000000	1.263525	0.063138
MGYG000003658__gradient_L5_pectin_gapseq	1149	1220	275	bio1	0.000000	1.407735	0.065585
MGYG000003658__gradient_L6_resistant_starch_gapseq	1149	1220	275	bio1	0.000000	1.296178	0.068267
MGYG000003658__gradient_L7_bglucan_gapseq	1149	1220	275	bio1	0.000000	1.265461	0.072337
MGYG000003658__gradient_L8_hmo_gapseq	1149	1220	275	bio1	0.000000	1.433833	0.067764
MGYG000003658__gradient_L9_mos_gapseq	1149	1220	275	bio1	0.000000	1.256052	0.065801
MGYG000003662__gradient_L0_base_gapseq	1268	1451	332	bio1	0.348914	1.480278	6.623446
MGYG000003662__gradient_L1_inulin_gapseq	1268	1451	332	bio1	0.458619	1.447585	6.527960
MGYG000003662__gradient_L2_fos_gapseq	1268	1451	332	bio1	0.458619	1.628216	6.599457
MGYG000003662__gradient_L3_gos_gapseq	1268	1451	332	bio1	0.540898	1.645886	6.517869
MGYG000003662__gradient_L4_xos_gapseq	1268	1451	332	bio1	0.605557	1.484365	6.725115
MGYG000003662__gradient_L5_pectin_gapseq	1268	1451	332	bio1	0.605557	1.466383	6.633752
MGYG000003662__gradient_L6_resistant_starch_gapseq	1268	1451	332	bio1	0.704242	1.585311	6.455021
MGYG000003662__gradient_L7_bglucan_gapseq	1268	1451	332	bio1	0.858998	1.498767	6.551131
MGYG000003662__gradient_L8_hmo_gapseq	1268	1451	332	bio1	0.858998	1.455947	6.451740
MGYG000003662__gradient_L9_mos_gapseq	1268	1451	332	bio1	0.957683	1.661280	6.541740
MGYG000003667__gradient_L0_base_gapseq	725	699	111	bio1	0.005221	0.666755	1.625932
MGYG000003667__gradient_L1_inulin_gapseq	725	699	111	bio1	0.083342	0.698179	1.656178
MGYG000003667__gradient_L2_fos_gapseq	725	699	111	bio1	0.083342	0.805353	1.633485
MGYG000003667__gradient_L3_gos_gapseq	725	699	111	bio1	0.083342	0.683742	1.642288
MGYG000003667__gradient_L4_xos_gapseq	725	699	111	bio1	0.083342	0.705076	1.710029
MGYG000003667__gradient_L5_pectin_gapseq	725	699	111	bio1	0.083342	0.825678	1.700695
MGYG000003667__gradient_L6_resistant_starch_gapseq	725	699	111	bio1	0.083763	0.692319	1.630524
MGYG000003667__gradient_L7_bglucan_gapseq	725	699	111	bio1	0.083763	0.663101	1.662756
MGYG000003667__gradient_L8_hmo_gapseq	725	699	111	bio1	0.083763	0.686852	1.742150
MGYG000003667__gradient_L9_mos_gapseq	725	699	111	bio1	0.083763	0.855261	1.623037
MGYG000003669__gradient_L0_base_gapseq	754	750	109	bio1	0.000000	0.903375	0.027888
MGYG000003669__gradient_L1_inulin_gapseq	754	750	109	bio1	0.204243	0.752484	1.924408
MGYG000003669__gradient_L2_fos_gapseq	754	750	109	bio1	0.204243	0.757554	1.919684
MGYG000003669__gradient_L3_gos_gapseq	754	750	109	bio1	0.204243	0.748616	2.199765
MGYG000003669__gradient_L4_xos_gapseq	754	750	109	bio1	0.204243	0.748522	1.924474
MGYG000003669__gradient_L5_pectin_gapseq	754	750	109	bio1	0.204243	0.762710	1.903004
MGYG000003669__gradient_L6_resistant_starch_gapseq	754	750	109	bio1	0.306370	0.748102	2.007366
MGYG000003669__gradient_L7_bglucan_gapseq	754	750	109	bio1	0.306370	0.770740	2.071386
MGYG000003669__gradient_L8_hmo_gapseq	754	750	109	bio1	0.306370	0.770590	1.898990
MGYG000003669__gradient_L9_mos_gapseq	754	750	109	bio1	0.306370	0.739362	2.039177
MGYG000003679__gradient_L0_base_gapseq	1052	1163	245	bio1	0.000000	1.182980	0.064708
MGYG000003679__gradient_L1_inulin_gapseq	1052	1163	245	bio1	0.000000	1.140190	0.242070
MGYG000003679__gradient_L2_fos_gapseq	1052	1163	245	bio1	0.000000	1.247555	0.054815
MGYG000003679__gradient_L3_gos_gapseq	1052	1163	245	bio1	0.412833	1.151092	4.160736
MGYG000003679__gradient_L4_xos_gapseq	1052	1163	245	bio1	0.447092	1.301700	4.294426
MGYG000003679__gradient_L5_pectin_gapseq	1052	1163	245	bio1	0.447092	1.182339	4.420882
MGYG000003679__gradient_L6_resistant_starch_gapseq	1052	1163	245	bio1	0.734516	1.169224	4.324314
MGYG000003679__gradient_L7_bglucan_gapseq	1052	1163	245	bio1	0.845063	1.276123	4.278595
MGYG000003679__gradient_L8_hmo_gapseq	1052	1163	245	bio1	0.845063	1.205769	4.261044
MGYG000003679__gradient_L9_mos_gapseq	1052	1163	245	bio1	0.845063	1.330941	4.121292
MGYG000003681__gradient_L0_base_gapseq	1519	1808	506	bio1	0.000000	1.811565	0.119076
MGYG000003681__gradient_L1_inulin_gapseq	1519	1808	506	bio1	0.000000	1.912353	0.110839
MGYG000003681__gradient_L2_fos_gapseq	1519	1808	506	bio1	0.000000	1.973881	0.144813
MGYG000003681__gradient_L3_gos_gapseq	1519	1808	506	bio1	1.658783	1.790907	9.901175
MGYG000003681__gradient_L4_xos_gapseq	1519	1808	506	bio1	1.736742	2.138149	10.058087
MGYG000003681__gradient_L5_pectin_gapseq	1519	1808	506	bio1	1.778225	2.036016	9.822476
MGYG000003681__gradient_L6_resistant_starch_gapseq	1519	1808	506	bio1	2.372521	1.943725	9.894851
MGYG000003681__gradient_L7_bglucan_gapseq	1519	1808	506	bio1	2.555502	2.009196	9.958051
MGYG000003681__gradient_L8_hmo_gapseq	1519	1808	506	bio1	2.555502	2.123951	9.881241
MGYG000003681__gradient_L9_mos_gapseq	1519	1808	506	bio1	2.673486	2.002073	10.019268
MGYG000003685__gradient_L0_base_gapseq	1174	1321	332	bio1	0.795421	1.357361	5.446470
MGYG000003685__gradient_L1_inulin_gapseq	1174	1321	332	bio1	1.087098	1.479639	5.356622
MGYG000003685__gradient_L2_fos_gapseq	1174	1321	332	bio1	1.087098	1.339228	5.471724
MGYG000003685__gradient_L3_gos_gapseq	1174	1321	332	bio1	1.380550	1.535747	5.378000
MGYG000003685__gradient_L4_xos_gapseq	1174	1321	332	bio1	1.380550	1.387794	5.439098
MGYG000003685__gradient_L5_pectin_gapseq	1174	1321	332	bio1	1.380550	1.402504	5.406004
MGYG000003685__gradient_L6_resistant_starch_gapseq	1174	1321	332	bio1	1.996355	1.563656	5.458134
MGYG000003685__gradient_L7_bglucan_gapseq	1174	1321	332	bio1	2.203106	1.380422	5.704911
MGYG000003685__gradient_L8_hmo_gapseq	1174	1321	332	bio1	2.203106	1.392905	5.460687
MGYG000003685__gradient_L9_mos_gapseq	1174	1321	332	bio1	2.345386	1.578510	5.319706
MGYG000003686__gradient_L0_base_gapseq	1209	1282	324	bio1	0.000000	1.306471	0.073462
MGYG000003686__gradient_L1_inulin_gapseq	1209	1282	324	bio1	0.000000	1.304225	0.067697
MGYG000003686__gradient_L2_fos_gapseq	1209	1282	324	bio1	0.000000	1.462292	0.074851
MGYG000003686__gradient_L3_gos_gapseq	1209	1282	324	bio1	0.000000	1.317930	0.084019
MGYG000003686__gradient_L4_xos_gapseq	1209	1282	324	bio1	0.000000	1.511549	0.089054
MGYG000003686__gradient_L5_pectin_gapseq	1209	1282	324	bio1	0.000000	1.360532	0.080227
MGYG000003686__gradient_L6_resistant_starch_gapseq	1209	1282	324	bio1	0.000000	1.491188	0.072990
MGYG000003686__gradient_L7_bglucan_gapseq	1209	1282	324	bio1	0.000000	1.362443	0.091993
MGYG000003686__gradient_L8_hmo_gapseq	1209	1282	324	bio1	0.000000	1.317008	0.085441
MGYG000003686__gradient_L9_mos_gapseq	1209	1282	324	bio1	0.000000	1.526793	0.070046
MGYG000003687__gradient_L0_base_gapseq	1915	2293	718	bio1	0.833221	2.669937	16.313779
MGYG000003687__gradient_L1_inulin_gapseq	1915	2293	718	bio1	1.065754	2.517136	16.158709
MGYG000003687__gradient_L2_fos_gapseq	1915	2293	718	bio1	1.065754	2.441350	16.254662
MGYG000003687__gradient_L3_gos_gapseq	1915	2293	718	bio1	1.311160	2.393254	16.195188
MGYG000003687__gradient_L4_xos_gapseq	1915	2293	718	bio1	1.374264	2.508214	16.207224
MGYG000003687__gradient_L5_pectin_gapseq	1915	2293	718	bio1	1.406985	2.491599	16.478589
MGYG000003687__gradient_L6_resistant_starch_gapseq	1915	2293	718	bio1	1.918832	2.649631	16.479268
MGYG000003687__gradient_L7_bglucan_gapseq	1915	2293	718	bio1	2.094122	2.469654	16.233731
MGYG000003687__gradient_L8_hmo_gapseq	1915	2293	718	bio1	2.094122	2.434703	16.100997
MGYG000003687__gradient_L9_mos_gapseq	1915	2293	718	bio1	2.206308	2.481854	16.290783
MGYG000003688__gradient_L0_base_gapseq	1184	1322	325	bio1	0.400291	1.340973	5.456588
MGYG000003688__gradient_L1_inulin_gapseq	1184	1322	325	bio1	0.590910	1.467895	5.619099
MGYG000003688__gradient_L2_fos_gapseq	1184	1322	325	bio1	0.590910	1.374539	5.752905
MGYG000003688__gradient_L3_gos_gapseq	1184	1322	325	bio1	0.762468	1.369052	5.512116
MGYG000003688__gradient_L4_xos_gapseq	1184	1322	325	bio1	0.762468	1.456110	5.517569
MGYG000003688__gradient_L5_pectin_gapseq	1184	1322	325	bio1	0.762468	1.367535	5.665589
MGYG000003688__gradient_L6_resistant_starch_gapseq	1184	1322	325	bio1	1.161939	1.530301	5.636078
MGYG000003688__gradient_L7_bglucan_gapseq	1184	1322	325	bio1	1.161939	1.336221	5.746506
MGYG000003688__gradient_L8_hmo_gapseq	1184	1322	325	bio1	1.161939	1.402681	5.494565
MGYG000003688__gradient_L9_mos_gapseq	1184	1322	325	bio1	1.255456	1.566647	5.525431
MGYG000003692__gradient_L0_base_gapseq	1185	1315	319	bio1	0.343821	1.285429	5.323063
MGYG000003692__gradient_L1_inulin_gapseq	1185	1315	319	bio1	0.501000	1.526609	5.398413
MGYG000003692__gradient_L2_fos_gapseq	1185	1315	319	bio1	0.501000	1.330351	5.614208
MGYG000003692__gradient_L3_gos_gapseq	1185	1315	319	bio1	0.648356	1.341392	5.337239
MGYG000003692__gradient_L4_xos_gapseq	1185	1315	319	bio1	0.648356	1.452065	5.412077
MGYG000003692__gradient_L5_pectin_gapseq	1185	1315	319	bio1	0.648356	1.315919	5.388264
MGYG000003692__gradient_L6_resistant_starch_gapseq	1185	1315	319	bio1	0.974995	1.617961	5.422721
MGYG000003692__gradient_L7_bglucan_gapseq	1185	1315	319	bio1	0.974995	1.455516	5.456222
MGYG000003692__gradient_L8_hmo_gapseq	1185	1315	319	bio1	0.974995	1.380314	5.327229
MGYG000003692__gradient_L9_mos_gapseq	1185	1315	319	bio1	1.052438	1.573981	5.425650
MGYG000003696__gradient_L0_base_gapseq	1173	1321	341	bio1	0.795027	1.338317	5.487241
MGYG000003696__gradient_L1_inulin_gapseq	1173	1321	341	bio1	1.086579	1.639138	5.399002
MGYG000003696__gradient_L2_fos_gapseq	1173	1321	341	bio1	1.086579	1.505385	5.503696
MGYG000003696__gradient_L3_gos_gapseq	1173	1321	341	bio1	1.379891	1.311265	5.529339
MGYG000003696__gradient_L4_xos_gapseq	1173	1321	341	bio1	1.379891	1.564807	5.539378
MGYG000003696__gradient_L5_pectin_gapseq	1173	1321	341	bio1	1.379891	1.446071	5.609257
MGYG000003696__gradient_L6_resistant_starch_gapseq	1173	1321	341	bio1	1.995402	1.357752	5.436929
MGYG000003696__gradient_L7_bglucan_gapseq	1173	1321	341	bio1	1.995402	1.526027	5.509429
MGYG000003696__gradient_L8_hmo_gapseq	1173	1321	341	bio1	1.995402	1.329588	5.667788
MGYG000003696__gradient_L9_mos_gapseq	1173	1321	341	bio1	2.137614	1.332880	5.416377
MGYG000003700__gradient_L0_base_gapseq	1189	1292	319	bio1	0.568028	1.304264	5.468131
MGYG000003700__gradient_L1_inulin_gapseq	1189	1292	319	bio1	0.681636	1.320685	5.313772
MGYG000003700__gradient_L2_fos_gapseq	1189	1292	319	bio1	0.681636	1.464019	5.261569
MGYG000003700__gradient_L3_gos_gapseq	1189	1292	319	bio1	0.908851	1.359376	5.254989
MGYG000003700__gradient_L4_xos_gapseq	1189	1292	319	bio1	0.908851	1.536935	5.408299
MGYG000003700__gradient_L5_pectin_gapseq	1189	1292	319	bio1	0.908851	1.295426	5.345182
MGYG000003700__gradient_L6_resistant_starch_gapseq	1189	1292	319	bio1	1.382952	1.343329	5.258518
MGYG000003700__gradient_L7_bglucan_gapseq	1189	1292	319	bio1	1.382952	1.563157	5.294050
MGYG000003700__gradient_L8_hmo_gapseq	1189	1292	319	bio1	1.382952	1.312498	5.411117
MGYG000003700__gradient_L9_mos_gapseq	1189	1292	319	bio1	1.493405	1.321834	5.348296
MGYG000003702__gradient_L0_base_gapseq	1339	1510	421	bio1	0.000000	1.575655	0.092655
MGYG000003702__gradient_L1_inulin_gapseq	1339	1510	421	bio1	0.967491	1.725524	6.983378
MGYG000003702__gradient_L2_fos_gapseq	1339	1510	421	bio1	0.967491	1.742113	7.004400
MGYG000003702__gradient_L3_gos_gapseq	1339	1510	421	bio1	1.213279	1.666488	7.012326
MGYG000003702__gradient_L4_xos_gapseq	1339	1510	421	bio1	1.213279	1.623509	6.948174
MGYG000003702__gradient_L5_pectin_gapseq	1339	1510	421	bio1	1.213279	1.745567	6.874746
MGYG000003702__gradient_L6_resistant_starch_gapseq	1339	1510	421	bio1	1.745889	1.706051	6.974324
MGYG000003702__gradient_L7_bglucan_gapseq	1339	1510	421	bio1	1.924899	1.640416	7.058111
MGYG000003702__gradient_L8_hmo_gapseq	1339	1510	421	bio1	2.057499	1.587510	6.904933
MGYG000003702__gradient_L9_mos_gapseq	1339	1510	421	bio1	2.145899	1.665714	7.166759
MGYG000003703__gradient_L0_base_gapseq	1031	1180	318	bio1	0.399456	1.196863	4.697253
MGYG000003703__gradient_L1_inulin_gapseq	1031	1180	318	bio1	0.589678	1.193918	4.455767
MGYG000003703__gradient_L2_fos_gapseq	1031	1180	318	bio1	0.589678	1.380342	4.503459
MGYG000003703__gradient_L3_gos_gapseq	1031	1180	318	bio1	0.760877	1.217340	4.486370
MGYG000003703__gradient_L4_xos_gapseq	1031	1180	318	bio1	0.760877	1.400529	4.383567
MGYG000003703__gradient_L5_pectin_gapseq	1031	1180	318	bio1	0.760877	1.269004	4.598238
MGYG000003703__gradient_L6_resistant_starch_gapseq	1031	1180	318	bio1	1.159561	1.191941	4.460706
MGYG000003703__gradient_L7_bglucan_gapseq	1031	1180	318	bio1	1.159561	1.286550	4.514740
MGYG000003703__gradient_L8_hmo_gapseq	1031	1180	318	bio1	1.159561	1.127691	4.443237
MGYG000003703__gradient_L9_mos_gapseq	1031	1180	318	bio1	1.252887	1.383741	4.487917
MGYG000003707__gradient_L0_base_gapseq	1188	1302	314	bio1	0.366354	1.479422	5.346903
MGYG000003707__gradient_L1_inulin_gapseq	1188	1302	314	bio1	0.659446	1.307205	5.256007
MGYG000003707__gradient_L2_fos_gapseq	1188	1302	314	bio1	0.659446	1.505973	5.214817
MGYG000003707__gradient_L3_gos_gapseq	1188	1302	314	bio1	0.961697	1.341839	5.462394
MGYG000003707__gradient_L4_xos_gapseq	1188	1302	314	bio1	0.961697	1.318696	5.355271
MGYG000003707__gradient_L5_pectin_gapseq	1188	1302	314	bio1	0.961697	1.479819	5.222899
MGYG000003707__gradient_L6_resistant_starch_gapseq	1188	1302	314	bio1	1.585084	1.294328	5.459270
MGYG000003707__gradient_L7_bglucan_gapseq	1188	1302	314	bio1	1.585084	1.348541	5.359811
MGYG000003707__gradient_L8_hmo_gapseq	1188	1302	314	bio1	1.585084	1.450560	5.523927
MGYG000003707__gradient_L9_mos_gapseq	1188	1302	314	bio1	1.728979	1.311707	5.621694
MGYG000003713__gradient_L0_base_gapseq	1237	1337	324	bio1	0.365371	1.406244	5.994135
MGYG000003713__gradient_L1_inulin_gapseq	1237	1337	324	bio1	0.517820	1.397575	5.699968
MGYG000003713__gradient_L2_fos_gapseq	1237	1337	324	bio1	0.517820	1.561530	5.763629
MGYG000003713__gradient_L3_gos_gapseq	1237	1337	324	bio1	0.517820	1.367599	5.971121
MGYG000003713__gradient_L4_xos_gapseq	1237	1337	324	bio1	0.517820	1.363647	5.689102
MGYG000003713__gradient_L5_pectin_gapseq	1237	1337	324	bio1	0.517820	1.500360	5.781641
MGYG000003713__gradient_L6_resistant_starch_gapseq	1237	1337	324	bio1	0.517820	1.403700	5.893665
MGYG000003713__gradient_L7_bglucan_gapseq	1237	1337	324	bio1	0.517820	1.425324	5.931542
MGYG000003713__gradient_L8_hmo_gapseq	1237	1337	324	bio1	0.517820	1.537217	5.868577
MGYG000003713__gradient_L9_mos_gapseq	1237	1337	324	bio1	0.517820	1.431379	5.932260
MGYG000003715__gradient_L0_base_gapseq	1579	1803	547	bio1	1.134665	2.076999	9.816104
MGYG000003715__gradient_L1_inulin_gapseq	1579	1803	547	bio1	1.455421	2.092238	9.868121
MGYG000003715__gradient_L2_fos_gapseq	1579	1803	547	bio1	1.455421	1.959962	10.172362
MGYG000003715__gradient_L3_gos_gapseq	1579	1803	547	bio1	1.786201	1.916081	10.220597
MGYG000003715__gradient_L4_xos_gapseq	1579	1803	547	bio1	1.956603	1.964596	10.018583
MGYG000003715__gradient_L5_pectin_gapseq	1579	1803	547	bio1	1.956603	1.880346	9.865504
MGYG000003715__gradient_L6_resistant_starch_gapseq	1579	1803	547	bio1	2.647694	1.939559	9.968091
MGYG000003715__gradient_L7_bglucan_gapseq	1579	1803	547	bio1	2.875307	2.002124	9.955265
MGYG000003715__gradient_L8_hmo_gapseq	1579	1803	547	bio1	3.034830	1.866494	9.844511
MGYG000003715__gradient_L9_mos_gapseq	1579	1803	547	bio1	3.190463	2.110024	9.675443
MGYG000003721__gradient_L0_base_gapseq	1033	1068	213	bio1	0.000000	1.135463	0.054250
MGYG000003721__gradient_L1_inulin_gapseq	1033	1068	213	bio1	0.000000	1.100236	0.047936
MGYG000003721__gradient_L2_fos_gapseq	1033	1068	213	bio1	0.000000	1.309051	0.049006
MGYG000003721__gradient_L3_gos_gapseq	1033	1068	213	bio1	0.000000	1.126065	0.048291
MGYG000003721__gradient_L4_xos_gapseq	1033	1068	213	bio1	0.000000	1.199099	0.049605
MGYG000003721__gradient_L5_pectin_gapseq	1033	1068	213	bio1	0.000000	1.330255	0.056512
MGYG000003721__gradient_L6_resistant_starch_gapseq	1033	1068	213	bio1	0.000000	1.122146	0.051285
MGYG000003721__gradient_L7_bglucan_gapseq	1033	1068	213	bio1	0.000000	1.124872	0.070002
MGYG000003721__gradient_L8_hmo_gapseq	1033	1068	213	bio1	0.000000	1.337163	0.059721
MGYG000003721__gradient_L9_mos_gapseq	1033	1068	213	bio1	0.000000	1.138369	0.047821
MGYG000003735__gradient_L0_base_gapseq	1372	1370	287	bio1	0.000000	1.459547	0.211327
MGYG000003735__gradient_L1_inulin_gapseq	1372	1370	287	bio1	0.108967	1.475118	5.993676
MGYG000003735__gradient_L2_fos_gapseq	1372	1370	287	bio1	0.108967	1.590742	6.009495
MGYG000003735__gradient_L3_gos_gapseq	1372	1370	287	bio1	0.108967	1.463735	6.284131
MGYG000003735__gradient_L4_xos_gapseq	1372	1370	287	bio1	0.108967	1.439284	6.138189
MGYG000003735__gradient_L5_pectin_gapseq	1372	1370	287	bio1	0.108967	1.737397	6.062033
MGYG000003735__gradient_L6_resistant_starch_gapseq	1372	1370	287	bio1	0.108967	1.480942	6.223431
MGYG000003735__gradient_L7_bglucan_gapseq	1372	1370	287	bio1	0.108967	1.462629	6.011205
MGYG000003735__gradient_L8_hmo_gapseq	1372	1370	287	bio1	0.108967	1.573129	6.009472
MGYG000003735__gradient_L9_mos_gapseq	1372	1370	287	bio1	0.108967	1.436462	6.058914
MGYG000003737__gradient_L0_base_gapseq	978	1102	220	bio1	0.000000	1.096134	0.049489
MGYG000003737__gradient_L1_inulin_gapseq	978	1102	220	bio1	0.000000	1.240981	0.050024
MGYG000003737__gradient_L2_fos_gapseq	978	1102	220	bio1	0.000000	1.060381	0.050042
MGYG000003737__gradient_L3_gos_gapseq	978	1102	220	bio1	0.476730	1.060883	4.074839
MGYG000003737__gradient_L4_xos_gapseq	978	1102	220	bio1	0.563947	1.061169	3.932863
MGYG000003737__gradient_L5_pectin_gapseq	978	1102	220	bio1	0.563947	1.220220	3.908054
MGYG000003737__gradient_L6_resistant_starch_gapseq	978	1102	220	bio1	1.223515	1.088069	3.964631
MGYG000003737__gradient_L7_bglucan_gapseq	978	1102	220	bio1	1.448244	1.288306	3.881215
MGYG000003737__gradient_L8_hmo_gapseq	978	1102	220	bio1	1.448244	1.079290	4.043285
MGYG000003737__gradient_L9_mos_gapseq	978	1102	220	bio1	1.448244	1.240100	3.922720
MGYG000003739__gradient_L0_base_gapseq	1457	1748	389	bio1	0.490134	1.970969	9.298203
MGYG000003739__gradient_L1_inulin_gapseq	1457	1748	389	bio1	0.646980	2.075656	9.559293
MGYG000003739__gradient_L2_fos_gapseq	1457	1748	389	bio1	0.646980	2.001932	9.911658
MGYG000003739__gradient_L3_gos_gapseq	1457	1748	389	bio1	0.794023	1.826803	9.517474
MGYG000003739__gradient_L4_xos_gapseq	1457	1748	389	bio1	0.794023	1.940286	9.412511
MGYG000003739__gradient_L5_pectin_gapseq	1457	1748	389	bio1	0.794023	1.995536	9.339323
MGYG000003739__gradient_L6_resistant_starch_gapseq	1457	1748	389	bio1	1.117541	1.940026	9.404100
MGYG000003739__gradient_L7_bglucan_gapseq	1457	1748	389	bio1	1.117541	2.010773	9.517674
MGYG000003739__gradient_L8_hmo_gapseq	1457	1748	389	bio1	1.117541	2.070729	9.433024
MGYG000003739__gradient_L9_mos_gapseq	1457	1748	389	bio1	1.194447	1.976775	9.460981
MGYG000003742__gradient_L0_base_gapseq	1235	1394	292	bio1	0.000000	1.389892	0.079530
MGYG000003742__gradient_L1_inulin_gapseq	1235	1394	292	bio1	0.000000	1.608176	0.083687
MGYG000003742__gradient_L2_fos_gapseq	1235	1394	292	bio1	0.000000	1.397083	0.073212
MGYG000003742__gradient_L3_gos_gapseq	1235	1394	292	bio1	0.000000	1.493308	0.085513
MGYG000003742__gradient_L4_xos_gapseq	1235	1394	292	bio1	0.000000	1.425385	0.074960
MGYG000003742__gradient_L5_pectin_gapseq	1235	1394	292	bio1	0.000000	1.558497	0.073291
MGYG000003742__gradient_L6_resistant_starch_gapseq	1235	1394	292	bio1	0.000000	1.389377	0.074946
MGYG000003742__gradient_L7_bglucan_gapseq	1235	1394	292	bio1	0.000000	1.416194	0.276783
MGYG000003742__gradient_L8_hmo_gapseq	1235	1394	292	bio1	0.000000	1.394156	0.077136
MGYG000003742__gradient_L9_mos_gapseq	1235	1394	292	bio1	0.000000	1.395124	0.069834
MGYG000003773__gradient_L0_base_gapseq	1025	1160	301	bio1	0.000000	1.274945	0.064706
MGYG000003773__gradient_L1_inulin_gapseq	1025	1160	301	bio1	0.000000	1.148300	0.066325
MGYG000003773__gradient_L2_fos_gapseq	1025	1160	301	bio1	0.000000	1.142700	0.057586
MGYG000003773__gradient_L3_gos_gapseq	1025	1160	301	bio1	1.052089	1.305117	4.168261
MGYG000003773__gradient_L4_xos_gapseq	1025	1160	301	bio1	1.057839	1.188573	4.350007
MGYG000003773__gradient_L5_pectin_gapseq	1025	1160	301	bio1	1.057839	1.152923	4.285207
MGYG000003773__gradient_L6_resistant_starch_gapseq	1025	1160	301	bio1	1.696540	1.402605	4.406219
MGYG000003773__gradient_L7_bglucan_gapseq	1025	1160	301	bio1	1.916094	1.250630	4.363760
MGYG000003773__gradient_L8_hmo_gapseq	1025	1160	301	bio1	1.916094	1.326958	4.252929
MGYG000003773__gradient_L9_mos_gapseq	1025	1160	301	bio1	2.022544	1.183343	4.216490
MGYG000003788__gradient_L0_base_gapseq	1045	1094	276	bio1	0.415574	1.286749	3.738877
MGYG000003788__gradient_L1_inulin_gapseq	1045	1094	276	bio1	0.451909	1.137070	3.803418
MGYG000003788__gradient_L2_fos_gapseq	1045	1094	276	bio1	0.451909	1.539150	3.740519
MGYG000003788__gradient_L3_gos_gapseq	1045	1094	276	bio1	0.451909	1.135366	3.870565
MGYG000003788__gradient_L4_xos_gapseq	1045	1094	276	bio1	0.451909	1.342566	3.738345
MGYG000003788__gradient_L5_pectin_gapseq	1045	1094	276	bio1	0.451909	1.124572	3.725235
MGYG000003788__gradient_L6_resistant_starch_gapseq	1045	1094	276	bio1	0.488245	1.315055	3.799555
MGYG000003788__gradient_L7_bglucan_gapseq	1045	1094	276	bio1	0.488245	1.142643	3.663481
MGYG000003788__gradient_L8_hmo_gapseq	1045	1094	276	bio1	0.488245	1.254120	3.651024
MGYG000003788__gradient_L9_mos_gapseq	1045	1094	276	bio1	0.488245	1.109067	3.628522
MGYG000003792__gradient_L0_base_gapseq	1406	1545	372	bio1	0.000000	1.675147	0.103630
MGYG000003792__gradient_L1_inulin_gapseq	1406	1545	372	bio1	0.000000	1.822275	0.101714
MGYG000003792__gradient_L2_fos_gapseq	1406	1545	372	bio1	0.000000	1.767266	0.090177
MGYG000003792__gradient_L3_gos_gapseq	1406	1545	372	bio1	0.000000	1.678369	0.091615
MGYG000003792__gradient_L4_xos_gapseq	1406	1545	372	bio1	0.000000	1.800789	0.117975
MGYG000003792__gradient_L5_pectin_gapseq	1406	1545	372	bio1	0.000000	1.925546	0.143911
MGYG000003792__gradient_L6_resistant_starch_gapseq	1406	1545	372	bio1	0.000000	1.917991	0.108049
MGYG000003792__gradient_L7_bglucan_gapseq	1406	1545	372	bio1	0.000000	1.687285	0.104722
MGYG000003792__gradient_L8_hmo_gapseq	1406	1545	372	bio1	0.000000	1.856246	0.102648
MGYG000003792__gradient_L9_mos_gapseq	1406	1545	372	bio1	0.000000	1.673176	0.100916
MGYG000003802__gradient_L0_base_gapseq	1098	1106	225	bio1	0.000000	1.294717	0.060725
MGYG000003802__gradient_L1_inulin_gapseq	1098	1106	225	bio1	0.000000	1.142205	0.050073
MGYG000003802__gradient_L2_fos_gapseq	1098	1106	225	bio1	0.000000	1.155118	0.060030
MGYG000003802__gradient_L3_gos_gapseq	1098	1106	225	bio1	0.000000	1.303876	0.066170
MGYG000003802__gradient_L4_xos_gapseq	1098	1106	225	bio1	0.000000	1.176740	0.056152
MGYG000003802__gradient_L5_pectin_gapseq	1098	1106	225	bio1	0.000000	1.289432	0.355196
MGYG000003802__gradient_L6_resistant_starch_gapseq	1098	1106	225	bio1	0.000000	1.142103	0.060349
MGYG000003802__gradient_L7_bglucan_gapseq	1098	1106	225	bio1	0.000000	1.136567	0.056354
MGYG000003802__gradient_L8_hmo_gapseq	1098	1106	225	bio1	0.000000	1.304037	0.061255
MGYG000003802__gradient_L9_mos_gapseq	1098	1106	225	bio1	0.000000	1.139776	0.054376
MGYG000003813__gradient_L0_base_gapseq	1122	1203	239	bio1	0.000000	1.452551	0.048683
MGYG000003813__gradient_L1_inulin_gapseq	1122	1203	239	bio1	0.208359	1.241320	4.873366
MGYG000003813__gradient_L2_fos_gapseq	1122	1203	239	bio1	0.208359	1.258233	4.955627
MGYG000003813__gradient_L3_gos_gapseq	1122	1203	239	bio1	0.208359	1.226560	4.671918
MGYG000003813__gradient_L4_xos_gapseq	1122	1203	239	bio1	0.208359	1.441280	4.646275
MGYG000003813__gradient_L5_pectin_gapseq	1122	1203	239	bio1	0.208359	1.259465	4.672415
MGYG000003813__gradient_L6_resistant_starch_gapseq	1122	1203	239	bio1	0.322014	1.432117	4.624720
MGYG000003813__gradient_L7_bglucan_gapseq	1122	1203	239	bio1	0.322014	1.236789	4.838497
MGYG000003813__gradient_L8_hmo_gapseq	1122	1203	239	bio1	0.322014	1.272081	4.543602
MGYG000003813__gradient_L9_mos_gapseq	1122	1203	239	bio1	0.322014	1.416961	4.675102
MGYG000003826__gradient_L0_base_gapseq	1151	1214	256	bio1	0.000000	1.233650	0.052717
MGYG000003826__gradient_L1_inulin_gapseq	1151	1214	256	bio1	0.000000	1.436910	0.074336
MGYG000003826__gradient_L2_fos_gapseq	1151	1214	256	bio1	0.000000	1.321420	0.079820
MGYG000003826__gradient_L3_gos_gapseq	1151	1214	256	bio1	0.980439	1.481825	4.658582
MGYG000003826__gradient_L4_xos_gapseq	1151	1214	256	bio1	0.980439	1.229750	4.722648
MGYG000003826__gradient_L5_pectin_gapseq	1151	1214	256	bio1	0.980439	1.722280	4.610266
MGYG000003826__gradient_L6_resistant_starch_gapseq	1151	1214	256	bio1	1.643811	1.308896	4.841960
MGYG000003826__gradient_L7_bglucan_gapseq	1151	1214	256	bio1	1.876653	1.316388	4.596539
MGYG000003826__gradient_L8_hmo_gapseq	1151	1214	256	bio1	1.876653	1.363745	4.689001
MGYG000003826__gradient_L9_mos_gapseq	1151	1214	256	bio1	1.876653	1.241278	4.614575
MGYG000003829__gradient_L0_base_gapseq	1201	1279	217	bio1	0.000000	1.312266	0.086340
MGYG000003829__gradient_L1_inulin_gapseq	1201	1279	217	bio1	0.000000	1.504008	0.078903
MGYG000003829__gradient_L2_fos_gapseq	1201	1279	217	bio1	0.000000	1.316896	0.067269
MGYG000003829__gradient_L3_gos_gapseq	1201	1279	217	bio1	0.785801	1.275501	5.323549
MGYG000003829__gradient_L4_xos_gapseq	1201	1279	217	bio1	0.785803	1.293712	5.138719
MGYG000003829__gradient_L5_pectin_gapseq	1201	1279	217	bio1	0.785803	1.412737	5.147247
MGYG000003829__gradient_L6_resistant_starch_gapseq	1201	1279	217	bio1	1.411364	1.297390	5.082428
MGYG000003829__gradient_L7_bglucan_gapseq	1201	1279	217	bio1	1.411364	1.490792	5.030382
MGYG000003829__gradient_L8_hmo_gapseq	1201	1279	217	bio1	1.411364	1.266817	5.239270
MGYG000003829__gradient_L9_mos_gapseq	1201	1279	217	bio1	1.546955	1.312528	5.130746
MGYG000003832__gradient_L0_base_gapseq	652	638	78	bio1	0.000000	0.814826	0.038473
MGYG000003832__gradient_L1_inulin_gapseq	652	638	78	bio1	0.000000	0.590691	0.027285
MGYG000003832__gradient_L2_fos_gapseq	652	638	78	bio1	0.000000	0.647972	0.023111
MGYG000003832__gradient_L3_gos_gapseq	652	638	78	bio1	0.000000	0.630924	0.025264
MGYG000003832__gradient_L4_xos_gapseq	652	638	78	bio1	0.000000	0.620385	0.024633
MGYG000003832__gradient_L5_pectin_gapseq	652	638	78	bio1	0.000000	0.756802	0.018839
MGYG000003832__gradient_L6_resistant_starch_gapseq	652	638	78	bio1	0.000000	0.654589	0.031505
MGYG000003832__gradient_L7_bglucan_gapseq	652	638	78	bio1	0.000000	0.636339	0.023709
MGYG000003832__gradient_L8_hmo_gapseq	652	638	78	bio1	0.000000	0.622228	0.025738
MGYG000003832__gradient_L9_mos_gapseq	652	638	78	bio1	0.000000	0.642153	0.023296
MGYG000003836__gradient_L0_base_gapseq	1231	1278	316	bio1	0.215065	1.390278	5.101585
MGYG000003836__gradient_L1_inulin_gapseq	1231	1278	316	bio1	0.273722	1.486933	5.112232
MGYG000003836__gradient_L2_fos_gapseq	1231	1278	316	bio1	0.273722	1.371364	4.974224
MGYG000003836__gradient_L3_gos_gapseq	1231	1278	316	bio1	0.273722	1.625041	5.132400
MGYG000003836__gradient_L4_xos_gapseq	1231	1278	316	bio1	0.273722	1.349009	5.086767
MGYG000003836__gradient_L5_pectin_gapseq	1231	1278	316	bio1	0.273722	1.366952	5.028506
MGYG000003836__gradient_L6_resistant_starch_gapseq	1231	1278	316	bio1	0.303051	1.531239	5.040153
MGYG000003836__gradient_L7_bglucan_gapseq	1231	1278	316	bio1	0.303051	1.362711	5.185351
MGYG000003836__gradient_L8_hmo_gapseq	1231	1278	316	bio1	0.303051	1.332350	5.108216
MGYG000003836__gradient_L9_mos_gapseq	1231	1278	316	bio1	0.303051	1.531516	4.998456
MGYG000003838__gradient_L0_base_gapseq	1361	1524	346	bio1	0.000000	1.802876	0.089302
MGYG000003838__gradient_L1_inulin_gapseq	1361	1524	346	bio1	0.000000	1.607562	0.085919
MGYG000003838__gradient_L2_fos_gapseq	1361	1524	346	bio1	0.000000	1.757706	0.088462
MGYG000003838__gradient_L3_gos_gapseq	1361	1524	346	bio1	0.412626	1.575893	7.774372
MGYG000003838__gradient_L4_xos_gapseq	1361	1524	346	bio1	0.492221	1.600396	7.287658
MGYG000003838__gradient_L5_pectin_gapseq	1361	1524	346	bio1	0.492221	1.728325	7.390757
MGYG000003838__gradient_L6_resistant_starch_gapseq	1361	1524	346	bio1	1.186485	1.702455	7.330836
MGYG000003838__gradient_L7_bglucan_gapseq	1361	1524	346	bio1	1.427492	1.590332	7.549857
MGYG000003838__gradient_L8_hmo_gapseq	1361	1524	346	bio1	1.427492	1.688371	7.487657
MGYG000003838__gradient_L9_mos_gapseq	1361	1524	346	bio1	1.427492	1.592935	7.505593
MGYG000003842__gradient_L0_base_gapseq	1218	1323	274	bio1	0.000000	1.364572	0.063473
MGYG000003842__gradient_L1_inulin_gapseq	1218	1323	274	bio1	0.000000	1.348032	0.189360
MGYG000003842__gradient_L2_fos_gapseq	1218	1323	274	bio1	0.000000	1.377511	0.077980
MGYG000003842__gradient_L3_gos_gapseq	1218	1323	274	bio1	0.000000	1.348536	0.072078
MGYG000003842__gradient_L4_xos_gapseq	1218	1323	274	bio1	0.000000	1.462983	0.063604
MGYG000003842__gradient_L5_pectin_gapseq	1218	1323	274	bio1	0.000000	1.342019	0.069209
MGYG000003842__gradient_L6_resistant_starch_gapseq	1218	1323	274	bio1	0.000000	1.479871	0.066891
MGYG000003842__gradient_L7_bglucan_gapseq	1218	1323	274	bio1	0.000000	1.391957	0.063236
MGYG000003842__gradient_L8_hmo_gapseq	1218	1323	274	bio1	0.000000	1.487030	0.065575
MGYG000003842__gradient_L9_mos_gapseq	1218	1323	274	bio1	0.000000	1.323735	0.076774
MGYG000003847__gradient_L0_base_gapseq	1159	1299	322	bio1	0.755645	1.525033	5.256314
MGYG000003847__gradient_L1_inulin_gapseq	1159	1299	322	bio1	1.047669	1.312569	5.376983
MGYG000003847__gradient_L2_fos_gapseq	1159	1299	322	bio1	1.047669	1.335812	5.176403
MGYG000003847__gradient_L3_gos_gapseq	1159	1299	322	bio1	1.340044	1.450558	5.238349
MGYG000003847__gradient_L4_xos_gapseq	1159	1299	322	bio1	1.340044	1.314603	5.368741
MGYG000003847__gradient_L5_pectin_gapseq	1159	1299	322	bio1	1.340044	1.320554	5.253518
MGYG000003847__gradient_L6_resistant_starch_gapseq	1159	1299	322	bio1	1.953589	1.434477	5.391226
MGYG000003847__gradient_L7_bglucan_gapseq	1159	1299	322	bio1	1.953589	1.373735	5.406877
MGYG000003847__gradient_L8_hmo_gapseq	1159	1299	322	bio1	1.953589	1.307504	5.227597
MGYG000003847__gradient_L9_mos_gapseq	1159	1299	322	bio1	2.095347	1.497190	5.330933
MGYG000003849__gradient_L0_base_gapseq	933	1049	189	bio1	0.000000	0.989020	0.044337
MGYG000003849__gradient_L1_inulin_gapseq	933	1049	189	bio1	0.142858	1.167160	3.452876
MGYG000003849__gradient_L2_fos_gapseq	933	1049	189	bio1	0.142858	1.046414	3.540398
MGYG000003849__gradient_L3_gos_gapseq	933	1049	189	bio1	0.437524	1.322977	3.518993
MGYG000003849__gradient_L4_xos_gapseq	933	1049	189	bio1	0.437524	0.992943	3.524926
MGYG000003849__gradient_L5_pectin_gapseq	933	1049	189	bio1	0.437524	1.194944	3.504637
MGYG000003849__gradient_L6_resistant_starch_gapseq	933	1049	189	bio1	0.994383	1.009238	3.458816
MGYG000003849__gradient_L7_bglucan_gapseq	933	1049	189	bio1	0.994383	1.208900	3.708176
MGYG000003849__gradient_L8_hmo_gapseq	933	1049	189	bio1	0.994383	1.011974	3.446063
MGYG000003849__gradient_L9_mos_gapseq	933	1049	189	bio1	0.994383	1.203763	3.506877
MGYG000003852__gradient_L0_base_gapseq	1286	1354	305	bio1	0.193207	1.364545	5.684026
MGYG000003852__gradient_L1_inulin_gapseq	1286	1354	305	bio1	0.307355	1.636970	5.561101
MGYG000003852__gradient_L2_fos_gapseq	1286	1354	305	bio1	0.307355	1.379031	5.861702
MGYG000003852__gradient_L3_gos_gapseq	1286	1354	305	bio1	0.307355	1.395558	5.676469
MGYG000003852__gradient_L4_xos_gapseq	1286	1354	305	bio1	0.307355	1.665978	5.597133
MGYG000003852__gradient_L5_pectin_gapseq	1286	1354	305	bio1	0.307355	1.554661	5.633312
MGYG000003852__gradient_L6_resistant_starch_gapseq	1286	1354	305	bio1	0.390928	1.440890	5.697840
MGYG000003852__gradient_L7_bglucan_gapseq	1286	1354	305	bio1	0.390928	1.624551	5.948103
MGYG000003852__gradient_L8_hmo_gapseq	1286	1354	305	bio1	0.390928	1.662932	5.745792
MGYG000003852__gradient_L9_mos_gapseq	1286	1354	305	bio1	0.390928	1.497738	5.718223
MGYG000003858__gradient_L0_base_gapseq	1251	1411	318	bio1	0.000000	1.600089	0.081905
MGYG000003858__gradient_L1_inulin_gapseq	1251	1411	318	bio1	0.000000	1.421197	0.081755
MGYG000003858__gradient_L2_fos_gapseq	1251	1411	318	bio1	0.000000	1.549293	0.074309
MGYG000003858__gradient_L3_gos_gapseq	1251	1411	318	bio1	0.000000	1.438673	0.075145
MGYG000003858__gradient_L4_xos_gapseq	1251	1411	318	bio1	0.543025	1.621210	6.115995
MGYG000003858__gradient_L5_pectin_gapseq	1251	1411	318	bio1	0.543025	1.472876	6.346282
MGYG000003858__gradient_L6_resistant_starch_gapseq	1251	1411	318	bio1	1.026131	1.492793	6.246388
MGYG000003858__gradient_L7_bglucan_gapseq	1251	1411	318	bio1	1.184528	1.616526	6.151274
MGYG000003858__gradient_L8_hmo_gapseq	1251	1411	318	bio1	1.184528	1.557846	6.355447
MGYG000003858__gradient_L9_mos_gapseq	1251	1411	318	bio1	1.257988	1.470869	6.214829
MGYG000003859__gradient_L0_base_gapseq	973	982	145	bio1	0.098423	1.154794	3.186787
MGYG000003859__gradient_L1_inulin_gapseq	973	982	145	bio1	0.239462	0.976292	3.086787
MGYG000003859__gradient_L2_fos_gapseq	973	982	145	bio1	0.239462	1.077350	3.155914
MGYG000003859__gradient_L3_gos_gapseq	973	982	145	bio1	0.239462	0.963412	3.308592
MGYG000003859__gradient_L4_xos_gapseq	973	982	145	bio1	0.239462	0.977526	3.306966
MGYG000003859__gradient_L5_pectin_gapseq	973	982	145	bio1	0.239462	1.015114	3.149346
MGYG000003859__gradient_L6_resistant_starch_gapseq	973	982	145	bio1	0.572226	0.960091	3.131851
MGYG000003859__gradient_L7_bglucan_gapseq	973	982	145	bio1	0.572226	1.205386	3.188864
MGYG000003859__gradient_L8_hmo_gapseq	973	982	145	bio1	0.572226	0.957609	3.195292
MGYG000003859__gradient_L9_mos_gapseq	973	982	145	bio1	0.572226	1.167080	3.254348
MGYG000003867__gradient_L0_base_gapseq	1444	1655	395	bio1	0.000000	1.829748	0.105115
MGYG000003867__gradient_L1_inulin_gapseq	1444	1655	395	bio1	0.000000	1.680209	0.119986
MGYG000003867__gradient_L2_fos_gapseq	1444	1655	395	bio1	0.000000	1.835122	0.110357
MGYG000003867__gradient_L3_gos_gapseq	1444	1655	395	bio1	0.820547	1.684012	8.668426
MGYG000003867__gradient_L4_xos_gapseq	1444	1655	395	bio1	0.820547	1.689125	8.608765
MGYG000003867__gradient_L5_pectin_gapseq	1444	1655	395	bio1	0.820547	1.694839	8.546896
MGYG000003867__gradient_L6_resistant_starch_gapseq	1444	1655	395	bio1	1.535433	2.001862	8.681623
MGYG000003867__gradient_L7_bglucan_gapseq	1444	1655	395	bio1	1.776894	1.919551	8.365212
MGYG000003867__gradient_L8_hmo_gapseq	1444	1655	395	bio1	1.958505	1.834733	8.304821
MGYG000003867__gradient_L9_mos_gapseq	1444	1655	395	bio1	2.090586	1.831452	8.732675
MGYG000003873__gradient_L0_base_gapseq	1158	1322	315	bio1	0.761896	1.345157	5.360732
MGYG000003873__gradient_L1_inulin_gapseq	1158	1322	315	bio1	1.061624	1.491639	5.315848
MGYG000003873__gradient_L2_fos_gapseq	1158	1322	315	bio1	1.061624	1.345098	5.544310
MGYG000003873__gradient_L3_gos_gapseq	1158	1322	315	bio1	1.366267	1.308594	5.434517
MGYG000003873__gradient_L4_xos_gapseq	1158	1322	315	bio1	1.366267	1.483830	5.487651
MGYG000003873__gradient_L5_pectin_gapseq	1158	1322	315	bio1	1.366267	1.353219	5.767968
MGYG000003873__gradient_L6_resistant_starch_gapseq	1158	1322	315	bio1	2.005555	1.356015	5.485817
MGYG000003873__gradient_L7_bglucan_gapseq	1158	1322	315	bio1	2.005555	1.524021	5.347484
MGYG000003873__gradient_L8_hmo_gapseq	1158	1322	315	bio1	2.005555	1.327069	5.525720
MGYG000003873__gradient_L9_mos_gapseq	1158	1322	315	bio1	2.153261	1.352725	5.564476
MGYG000003876__gradient_L0_base_gapseq	1441	1576	407	bio1	1.305326	1.710339	7.631214
MGYG000003876__gradient_L1_inulin_gapseq	1441	1576	407	bio1	1.470559	1.731383	7.793872
MGYG000003876__gradient_L2_fos_gapseq	1441	1576	407	bio1	1.470559	1.779360	7.623469
MGYG000003876__gradient_L3_gos_gapseq	1441	1576	407	bio1	1.569698	1.884526	7.512669
MGYG000003876__gradient_L4_xos_gapseq	1441	1576	407	bio1	1.569698	1.850693	7.501036
MGYG000003876__gradient_L5_pectin_gapseq	1441	1576	407	bio1	1.569698	1.859181	7.723579
MGYG000003876__gradient_L6_resistant_starch_gapseq	1441	1576	407	bio1	2.290524	1.694348	7.797351
MGYG000003876__gradient_L7_bglucan_gapseq	1441	1576	407	bio1	2.290524	1.712554	7.455162
MGYG000003876__gradient_L8_hmo_gapseq	1441	1576	407	bio1	2.290524	1.894508	7.551082
MGYG000003876__gradient_L9_mos_gapseq	1441	1576	407	bio1	2.422710	1.885022	7.664777
MGYG000003878__gradient_L0_base_gapseq	1236	1402	315	bio1	0.000000	1.421966	0.077047
MGYG000003878__gradient_L1_inulin_gapseq	1236	1402	315	bio1	0.000000	1.499367	0.085226
MGYG000003878__gradient_L2_fos_gapseq	1236	1402	315	bio1	0.000000	1.411471	0.083747
MGYG000003878__gradient_L3_gos_gapseq	1236	1402	315	bio1	0.000000	1.408512	0.265339
MGYG000003878__gradient_L4_xos_gapseq	1236	1402	315	bio1	0.000000	1.400294	0.076105
MGYG000003878__gradient_L5_pectin_gapseq	1236	1402	315	bio1	0.000000	1.340880	0.085240
MGYG000003878__gradient_L6_resistant_starch_gapseq	1236	1402	315	bio1	0.000000	1.553829	0.097579
MGYG000003878__gradient_L7_bglucan_gapseq	1236	1402	315	bio1	0.000000	1.474394	0.083388
MGYG000003878__gradient_L8_hmo_gapseq	1236	1402	315	bio1	0.000000	1.555789	0.089891
MGYG000003878__gradient_L9_mos_gapseq	1236	1402	315	bio1	0.000000	1.474105	0.091573
MGYG000003883__gradient_L0_base_gapseq	2232	2773	1128	bio1	0.000000	3.220354	0.270548
MGYG000003883__gradient_L1_inulin_gapseq	2232	2773	1128	bio1	0.000000	3.195614	0.271523
MGYG000003883__gradient_L2_fos_gapseq	2232	2773	1128	bio1	0.000000	3.196421	0.518219
MGYG000003883__gradient_L3_gos_gapseq	2232	2773	1128	bio1	0.000000	3.082969	0.463263
MGYG000003883__gradient_L4_xos_gapseq	2232	2773	1128	bio1	0.000000	3.150698	0.484507
MGYG000003883__gradient_L5_pectin_gapseq	2232	2773	1128	bio1	0.000000	3.113514	0.448648
MGYG000003883__gradient_L6_resistant_starch_gapseq	2232	2773	1128	bio1	3.033649	3.286143	23.055575
MGYG000003883__gradient_L7_bglucan_gapseq	2232	2773	1128	bio1	3.195793	3.161918	22.894763
MGYG000003883__gradient_L8_hmo_gapseq	2232	2773	1128	bio1	3.195793	3.183402	23.129733
MGYG000003883__gradient_L9_mos_gapseq	2232	2773	1128	bio1	3.195793	2.994021	23.304431
MGYG000003885__gradient_L0_base_gapseq	1160	1292	296	bio1	0.768693	1.428349	5.359961
MGYG000003885__gradient_L1_inulin_gapseq	1160	1292	296	bio1	1.055038	1.330991	5.683087
MGYG000003885__gradient_L2_fos_gapseq	1160	1292	296	bio1	1.055038	1.332878	5.385299
MGYG000003885__gradient_L3_gos_gapseq	1160	1292	296	bio1	1.342186	1.524906	5.299783
MGYG000003885__gradient_L4_xos_gapseq	1160	1292	296	bio1	1.342186	1.335807	5.470862
MGYG000003885__gradient_L5_pectin_gapseq	1160	1292	296	bio1	1.342186	1.303119	5.249213
MGYG000003885__gradient_L6_resistant_starch_gapseq	1160	1292	296	bio1	1.944760	1.419307	5.463904
MGYG000003885__gradient_L7_bglucan_gapseq	1160	1292	296	bio1	1.944760	1.263830	5.281999
MGYG000003885__gradient_L8_hmo_gapseq	1160	1292	296	bio1	1.944760	1.471623	5.275723
MGYG000003885__gradient_L9_mos_gapseq	1160	1292	296	bio1	2.083983	1.322540	5.440113
MGYG000003892__gradient_L0_base_gapseq	1360	1565	437	bio1	0.000000	1.771649	0.088421
MGYG000003892__gradient_L1_inulin_gapseq	1360	1565	437	bio1	0.000000	1.633025	0.095728
MGYG000003892__gradient_L2_fos_gapseq	1360	1565	437	bio1	0.000000	1.768936	0.088524
MGYG000003892__gradient_L3_gos_gapseq	1360	1565	437	bio1	0.000000	1.605196	0.098699
MGYG000003892__gradient_L4_xos_gapseq	1360	1565	437	bio1	0.000000	1.777782	0.093279
MGYG000003892__gradient_L5_pectin_gapseq	1360	1565	437	bio1	0.000000	1.634194	0.260058
MGYG000003892__gradient_L6_resistant_starch_gapseq	1360	1565	437	bio1	0.000000	1.746564	0.101129
MGYG000003892__gradient_L7_bglucan_gapseq	1360	1565	437	bio1	0.000000	1.848727	0.092085
MGYG000003892__gradient_L8_hmo_gapseq	1360	1565	437	bio1	0.000000	1.631476	0.106032
MGYG000003892__gradient_L9_mos_gapseq	1360	1565	437	bio1	0.000000	1.783157	0.098994
MGYG000003894__gradient_L0_base_gapseq	1130	1246	293	bio1	0.000000	1.328804	0.059966
MGYG000003894__gradient_L1_inulin_gapseq	1130	1246	293	bio1	0.684199	1.446831	5.055733
MGYG000003894__gradient_L2_fos_gapseq	1130	1246	293	bio1	0.684199	1.340269	4.993395
MGYG000003894__gradient_L3_gos_gapseq	1130	1246	293	bio1	0.915481	1.530785	4.989198
MGYG000003894__gradient_L4_xos_gapseq	1130	1246	293	bio1	0.915481	1.268863	5.179850
MGYG000003894__gradient_L5_pectin_gapseq	1130	1246	293	bio1	0.915481	1.265218	4.948278
MGYG000003894__gradient_L6_resistant_starch_gapseq	1130	1246	293	bio1	1.398323	1.450072	5.046487
MGYG000003894__gradient_L7_bglucan_gapseq	1130	1246	293	bio1	1.398323	1.264329	5.045623
MGYG000003894__gradient_L8_hmo_gapseq	1130	1246	293	bio1	1.398323	1.459589	4.931893
MGYG000003894__gradient_L9_mos_gapseq	1130	1246	293	bio1	1.510752	1.258837	5.021265
MGYG000003899__gradient_L0_base_gapseq	1307	1463	356	bio1	0.000000	1.589138	0.105666
MGYG000003899__gradient_L1_inulin_gapseq	1307	1463	356	bio1	0.000000	1.714414	0.090497
MGYG000003899__gradient_L2_fos_gapseq	1307	1463	356	bio1	0.000000	1.599857	0.083459
MGYG000003899__gradient_L3_gos_gapseq	1307	1463	356	bio1	0.000000	1.740993	0.093850
MGYG000003899__gradient_L4_xos_gapseq	1307	1463	356	bio1	0.000000	1.608773	0.110815
MGYG000003899__gradient_L5_pectin_gapseq	1307	1463	356	bio1	0.000000	1.795647	0.092265
MGYG000003899__gradient_L6_resistant_starch_gapseq	1307	1463	356	bio1	0.000000	1.550094	0.093459
MGYG000003899__gradient_L7_bglucan_gapseq	1307	1463	356	bio1	0.000000	1.716171	0.099833
MGYG000003899__gradient_L8_hmo_gapseq	1307	1463	356	bio1	0.000000	1.691197	0.102686
MGYG000003899__gradient_L9_mos_gapseq	1307	1463	356	bio1	0.000000	1.773759	0.088550
MGYG000003906__gradient_L0_base_gapseq	1161	1246	297	bio1	0.399932	1.546878	5.075350
MGYG000003906__gradient_L1_inulin_gapseq	1161	1246	297	bio1	0.590381	1.324965	5.210819
MGYG000003906__gradient_L2_fos_gapseq	1161	1246	297	bio1	0.590381	1.345755	4.891217
MGYG000003906__gradient_L3_gos_gapseq	1161	1246	297	bio1	0.761785	1.462765	4.877161
MGYG000003906__gradient_L4_xos_gapseq	1161	1246	297	bio1	0.761785	1.256977	5.148985
MGYG000003906__gradient_L5_pectin_gapseq	1161	1246	297	bio1	0.761785	1.204145	5.071942
MGYG000003906__gradient_L6_resistant_starch_gapseq	1161	1246	297	bio1	1.158058	1.420713	5.009542
MGYG000003906__gradient_L7_bglucan_gapseq	1161	1246	297	bio1	1.158058	1.320278	4.902497
MGYG000003906__gradient_L8_hmo_gapseq	1161	1246	297	bio1	1.158058	1.422959	4.888517
MGYG000003906__gradient_L9_mos_gapseq	1161	1246	297	bio1	1.249726	1.313640	5.097463
MGYG000003925__gradient_L0_base_gapseq	1328	1528	399	bio1	0.202814	1.779333	7.447655
MGYG000003925__gradient_L1_inulin_gapseq	1328	1528	399	bio1	0.308145	1.664934	7.536443
MGYG000003925__gradient_L2_fos_gapseq	1328	1528	399	bio1	0.308145	1.555817	7.322631
MGYG000003925__gradient_L3_gos_gapseq	1328	1528	399	bio1	0.509872	1.546359	7.287878
MGYG000003925__gradient_L4_xos_gapseq	1328	1528	399	bio1	0.585109	1.788023	7.348031
MGYG000003925__gradient_L5_pectin_gapseq	1328	1528	399	bio1	0.618025	1.680486	7.145366
MGYG000003925__gradient_L6_resistant_starch_gapseq	1328	1528	399	bio1	1.027899	1.560923	7.550240
MGYG000003925__gradient_L7_bglucan_gapseq	1328	1528	399	bio1	1.176039	1.576956	7.260659
MGYG000003925__gradient_L8_hmo_gapseq	1328	1528	399	bio1	1.176039	1.702604	7.317544
MGYG000003925__gradient_L9_mos_gapseq	1328	1528	399	bio1	1.242495	1.718389	7.148137
MGYG000003927__gradient_L0_base_gapseq	1242	1374	296	bio1	0.000000	1.511469	0.067094
MGYG000003927__gradient_L1_inulin_gapseq	1242	1374	296	bio1	0.137570	1.579788	6.111251
MGYG000003927__gradient_L2_fos_gapseq	1242	1374	296	bio1	0.137570	1.478138	6.076229
MGYG000003927__gradient_L3_gos_gapseq	1242	1374	296	bio1	0.137570	1.384087	5.840366
MGYG000003927__gradient_L4_xos_gapseq	1242	1374	296	bio1	0.137570	1.540953	5.874338
MGYG000003927__gradient_L5_pectin_gapseq	1242	1374	296	bio1	0.137570	1.541141	6.099324
MGYG000003927__gradient_L6_resistant_starch_gapseq	1242	1374	296	bio1	0.415102	1.399218	5.830031
MGYG000003927__gradient_L7_bglucan_gapseq	1242	1374	296	bio1	0.508332	1.544009	5.883040
MGYG000003927__gradient_L8_hmo_gapseq	1242	1374	296	bio1	0.508332	1.462419	6.004087
MGYG000003927__gradient_L9_mos_gapseq	1242	1374	296	bio1	0.508332	1.429254	5.872102
MGYG000003937__gradient_L0_base_gapseq	1248	1428	377	bio1	0.000000	1.538102	0.106003
MGYG000003937__gradient_L1_inulin_gapseq	1248	1428	377	bio1	0.000000	1.738337	0.080221
MGYG000003937__gradient_L2_fos_gapseq	1248	1428	377	bio1	0.000000	1.476257	0.086043
MGYG000003937__gradient_L3_gos_gapseq	1248	1428	377	bio1	0.000000	1.426683	0.292276
MGYG000003937__gradient_L4_xos_gapseq	1248	1428	377	bio1	0.000000	1.499044	0.088560
MGYG000003937__gradient_L5_pectin_gapseq	1248	1428	377	bio1	0.000000	1.480356	0.080782
MGYG000003937__gradient_L6_resistant_starch_gapseq	1248	1428	377	bio1	0.000000	1.681966	0.085918
MGYG000003937__gradient_L7_bglucan_gapseq	1248	1428	377	bio1	0.000000	1.482583	0.087768
MGYG000003937__gradient_L8_hmo_gapseq	1248	1428	377	bio1	0.000000	1.666391	0.087367
MGYG000003937__gradient_L9_mos_gapseq	1248	1428	377	bio1	0.000000	1.454562	0.088968
MGYG000003938__gradient_L0_base_gapseq	1072	1202	307	bio1	0.225970	1.192468	4.647256
MGYG000003938__gradient_L1_inulin_gapseq	1072	1202	307	bio1	0.225970	1.492979	4.604491
MGYG000003938__gradient_L2_fos_gapseq	1072	1202	307	bio1	0.225970	1.214096	4.691053
MGYG000003938__gradient_L3_gos_gapseq	1072	1202	307	bio1	0.225970	1.426586	4.826176
MGYG000003938__gradient_L4_xos_gapseq	1072	1202	307	bio1	0.225970	1.227442	4.850174
MGYG000003938__gradient_L5_pectin_gapseq	1072	1202	307	bio1	0.225970	1.206079	4.581453
MGYG000003938__gradient_L6_resistant_starch_gapseq	1072	1202	307	bio1	0.225970	1.317923	4.670206
MGYG000003938__gradient_L7_bglucan_gapseq	1072	1202	307	bio1	0.225970	1.220871	4.565283
MGYG000003938__gradient_L8_hmo_gapseq	1072	1202	307	bio1	0.225970	1.464923	4.697673
MGYG000003938__gradient_L9_mos_gapseq	1072	1202	307	bio1	0.225970	1.235515	4.831658
MGYG000003939__gradient_L0_base_gapseq	738	707	104	bio1	0.000000	0.922342	0.029726
MGYG000003939__gradient_L1_inulin_gapseq	738	707	104	bio1	0.000000	0.676022	0.028178
MGYG000003939__gradient_L2_fos_gapseq	738	707	104	bio1	0.000000	0.714022	0.032897
MGYG000003939__gradient_L3_gos_gapseq	738	707	104	bio1	0.000000	0.697950	0.027802
MGYG000003939__gradient_L4_xos_gapseq	738	707	104	bio1	0.000000	0.792590	0.028215
MGYG000003939__gradient_L5_pectin_gapseq	738	707	104	bio1	0.000000	0.705715	0.028969
MGYG000003939__gradient_L6_resistant_starch_gapseq	738	707	104	bio1	0.000000	0.682720	0.032707
MGYG000003939__gradient_L7_bglucan_gapseq	738	707	104	bio1	0.000000	0.729023	0.027091
MGYG000003939__gradient_L8_hmo_gapseq	738	707	104	bio1	0.000000	0.686803	0.030301
MGYG000003939__gradient_L9_mos_gapseq	738	707	104	bio1	0.000000	0.835181	0.028283
MGYG000003945__gradient_L0_base_gapseq	1094	1182	251	bio1	0.000000	1.180224	0.061499
MGYG000003945__gradient_L1_inulin_gapseq	1094	1182	251	bio1	0.000000	1.217789	0.067075
MGYG000003945__gradient_L2_fos_gapseq	1094	1182	251	bio1	0.000000	1.377746	0.060365
MGYG000003945__gradient_L3_gos_gapseq	1094	1182	251	bio1	1.389698	1.230205	4.633854
MGYG000003945__gradient_L4_xos_gapseq	1094	1182	251	bio1	1.470569	1.419106	4.509014
MGYG000003945__gradient_L5_pectin_gapseq	1094	1182	251	bio1	1.470569	1.231109	4.720340
MGYG000003945__gradient_L6_resistant_starch_gapseq	1094	1182	251	bio1	2.217564	1.211894	4.466738
MGYG000003945__gradient_L7_bglucan_gapseq	1094	1182	251	bio1	2.217564	1.275944	4.518799
MGYG000003945__gradient_L8_hmo_gapseq	1094	1182	251	bio1	2.217564	1.166740	4.578512
MGYG000003945__gradient_L9_mos_gapseq	1094	1182	251	bio1	2.217564	1.453277	4.567984
MGYG000003956__gradient_L0_base_gapseq	832	875	161	bio1	0.000000	1.069944	0.033311
MGYG000003956__gradient_L1_inulin_gapseq	832	875	161	bio1	0.000000	0.885331	0.041093
MGYG000003956__gradient_L2_fos_gapseq	832	875	161	bio1	0.000000	0.880220	0.037070
MGYG000003956__gradient_L3_gos_gapseq	832	875	161	bio1	0.580562	0.884053	2.935017
MGYG000003956__gradient_L4_xos_gapseq	832	875	161	bio1	0.580562	0.938206	2.585900
MGYG000003956__gradient_L5_pectin_gapseq	832	875	161	bio1	0.580562	0.882584	2.534853
MGYG000003956__gradient_L6_resistant_starch_gapseq	832	875	161	bio1	1.190100	1.033959	2.519654
MGYG000003956__gradient_L7_bglucan_gapseq	832	875	161	bio1	1.190100	0.847249	2.517172
MGYG000003956__gradient_L8_hmo_gapseq	832	875	161	bio1	1.190100	0.847203	2.643069
MGYG000003956__gradient_L9_mos_gapseq	832	875	161	bio1	1.293401	0.847374	2.499034
MGYG000003957__gradient_L0_base_gapseq	1586	1866	529	bio1	0.000000	2.145949	0.134631
MGYG000003957__gradient_L1_inulin_gapseq	1586	1866	529	bio1	0.000000	2.040544	0.127019
MGYG000003957__gradient_L2_fos_gapseq	1586	1866	529	bio1	0.000000	1.960779	0.120459
MGYG000003957__gradient_L3_gos_gapseq	1586	1866	529	bio1	2.205325	2.107834	10.332744
MGYG000003957__gradient_L4_xos_gapseq	1586	1866	529	bio1	2.397110	2.150535	10.470646
MGYG000003957__gradient_L5_pectin_gapseq	1586	1866	529	bio1	2.456971	2.118785	10.397878
MGYG000003957__gradient_L6_resistant_starch_gapseq	1586	1866	529	bio1	3.145378	2.125927	10.401299
MGYG000003957__gradient_L7_bglucan_gapseq	1586	1866	529	bio1	3.145378	2.112333	10.337347
MGYG000003957__gradient_L8_hmo_gapseq	1586	1866	529	bio1	3.145378	2.130503	10.435709
MGYG000003957__gradient_L9_mos_gapseq	1586	1866	529	bio1	3.295288	2.110976	10.546412
MGYG000003958__gradient_L0_base_gapseq	1207	1336	294	bio1	0.000000	1.329961	0.055877
MGYG000003958__gradient_L1_inulin_gapseq	1207	1336	294	bio1	0.000000	1.464216	0.074700
MGYG000003958__gradient_L2_fos_gapseq	1207	1336	294	bio1	0.000000	1.332247	0.073788
MGYG000003958__gradient_L3_gos_gapseq	1207	1336	294	bio1	0.427265	1.278433	5.650684
MGYG000003958__gradient_L4_xos_gapseq	1207	1336	294	bio1	0.439591	1.312338	5.597627
MGYG000003958__gradient_L5_pectin_gapseq	1207	1336	294	bio1	0.439591	1.543265	5.725773
MGYG000003958__gradient_L6_resistant_starch_gapseq	1207	1336	294	bio1	0.538193	1.332545	5.722281
MGYG000003958__gradient_L7_bglucan_gapseq	1207	1336	294	bio1	0.538193	1.310537	5.666366
MGYG000003958__gradient_L8_hmo_gapseq	1207	1336	294	bio1	0.538193	1.447595	5.572806
MGYG000003958__gradient_L9_mos_gapseq	1207	1336	294	bio1	0.628578	1.361574	5.680923
MGYG000003961__gradient_L0_base_gapseq	1045	1106	257	bio1	0.000000	1.099814	0.051111
MGYG000003961__gradient_L1_inulin_gapseq	1045	1106	257	bio1	0.000000	1.222907	0.051618
MGYG000003961__gradient_L2_fos_gapseq	1045	1106	257	bio1	0.000000	1.130369	0.045000
MGYG000003961__gradient_L3_gos_gapseq	1045	1106	257	bio1	0.000000	1.119993	0.057886
MGYG000003961__gradient_L4_xos_gapseq	1045	1106	257	bio1	0.000000	1.251093	0.058691
MGYG000003961__gradient_L5_pectin_gapseq	1045	1106	257	bio1	0.000000	1.096182	0.053371
MGYG000003961__gradient_L6_resistant_starch_gapseq	1045	1106	257	bio1	0.000000	1.108352	0.075253
MGYG000003961__gradient_L7_bglucan_gapseq	1045	1106	257	bio1	0.000000	1.377245	0.069674
MGYG000003961__gradient_L8_hmo_gapseq	1045	1106	257	bio1	0.000000	1.107058	0.059147
MGYG000003961__gradient_L9_mos_gapseq	1045	1106	257	bio1	0.000000	1.120646	0.192587
MGYG000003963__gradient_L0_base_gapseq	1096	1190	278	bio1	0.000000	1.188591	0.048233
MGYG000003963__gradient_L1_inulin_gapseq	1096	1190	278	bio1	0.880021	1.199028	4.518440
MGYG000003963__gradient_L2_fos_gapseq	1096	1190	278	bio1	0.880021	1.245284	4.467466
MGYG000003963__gradient_L3_gos_gapseq	1096	1190	278	bio1	0.880021	1.361082	4.375541
MGYG000003963__gradient_L4_xos_gapseq	1096	1190	278	bio1	0.927898	1.221348	4.408475
MGYG000003963__gradient_L5_pectin_gapseq	1096	1190	278	bio1	0.996295	1.397121	4.479025
MGYG000003963__gradient_L6_resistant_starch_gapseq	1096	1190	278	bio1	1.020846	1.236676	4.530166
MGYG000003963__gradient_L7_bglucan_gapseq	1096	1190	278	bio1	1.020846	1.211140	4.334523
MGYG000003963__gradient_L8_hmo_gapseq	1096	1190	278	bio1	1.020846	1.394397	4.351325
MGYG000003963__gradient_L9_mos_gapseq	1096	1190	278	bio1	1.020846	1.175196	4.517877
MGYG000003969__gradient_L0_base_gapseq	1229	1270	289	bio1	0.195777	1.343712	5.160291
MGYG000003969__gradient_L1_inulin_gapseq	1229	1270	289	bio1	0.256786	1.584046	5.193444
MGYG000003969__gradient_L2_fos_gapseq	1229	1270	289	bio1	0.256786	1.282110	5.301355
MGYG000003969__gradient_L3_gos_gapseq	1229	1270	289	bio1	0.256786	1.341629	5.192727
MGYG000003969__gradient_L4_xos_gapseq	1229	1270	289	bio1	0.256786	1.450677	5.218688
MGYG000003969__gradient_L5_pectin_gapseq	1229	1270	289	bio1	0.256786	1.330817	5.127882
MGYG000003969__gradient_L6_resistant_starch_gapseq	1229	1270	289	bio1	0.256786	1.515126	5.088150
MGYG000003969__gradient_L7_bglucan_gapseq	1229	1270	289	bio1	0.256786	1.317978	5.243057
MGYG000003969__gradient_L8_hmo_gapseq	1229	1270	289	bio1	0.256786	1.326172	5.143185
MGYG000003969__gradient_L9_mos_gapseq	1229	1270	289	bio1	0.256786	1.557387	5.213121
MGYG000003971__gradient_L0_base_gapseq	1215	1307	311	bio1	0.000000	1.347867	0.067341
MGYG000003971__gradient_L1_inulin_gapseq	1215	1307	311	bio1	0.838057	1.353622	5.472871
MGYG000003971__gradient_L2_fos_gapseq	1215	1307	311	bio1	0.838057	1.346231	5.508010
MGYG000003971__gradient_L3_gos_gapseq	1215	1307	311	bio1	0.958418	1.540774	5.436686
MGYG000003971__gradient_L4_xos_gapseq	1215	1307	311	bio1	0.958418	1.373946	5.588670
MGYG000003971__gradient_L5_pectin_gapseq	1215	1307	311	bio1	0.958418	1.315918	5.414912
MGYG000003971__gradient_L6_resistant_starch_gapseq	1215	1307	311	bio1	1.104569	1.427541	5.340882
MGYG000003971__gradient_L7_bglucan_gapseq	1215	1307	311	bio1	1.104569	1.348213	5.560762
MGYG000003971__gradient_L8_hmo_gapseq	1215	1307	311	bio1	1.104569	1.386904	5.389190
MGYG000003971__gradient_L9_mos_gapseq	1215	1307	311	bio1	1.104569	1.436657	5.447924
MGYG000003972__gradient_L0_base_gapseq	1178	1246	276	bio1	0.000000	1.298522	0.061057
MGYG000003972__gradient_L1_inulin_gapseq	1178	1246	276	bio1	0.000000	1.306970	0.062051
MGYG000003972__gradient_L2_fos_gapseq	1178	1246	276	bio1	0.000000	1.429538	0.058844
MGYG000003972__gradient_L3_gos_gapseq	1178	1246	276	bio1	0.497932	1.319933	5.070134
MGYG000003972__gradient_L4_xos_gapseq	1178	1246	276	bio1	0.497932	1.564948	5.133738
MGYG000003972__gradient_L5_pectin_gapseq	1178	1246	276	bio1	0.497932	1.279804	5.247335
MGYG000003972__gradient_L6_resistant_starch_gapseq	1178	1246	276	bio1	0.632967	1.329637	4.963972
MGYG000003972__gradient_L7_bglucan_gapseq	1178	1246	276	bio1	0.632967	1.385034	5.031655
MGYG000003972__gradient_L8_hmo_gapseq	1178	1246	276	bio1	0.632967	1.276805	5.027132
MGYG000003972__gradient_L9_mos_gapseq	1178	1246	276	bio1	0.632967	1.432849	5.048191
MGYG000003977__gradient_L0_base_gapseq	986	937	123	bio1	0.000000	0.972101	0.043483
MGYG000003977__gradient_L1_inulin_gapseq	986	937	123	bio1	0.000000	1.118431	0.042948
MGYG000003977__gradient_L2_fos_gapseq	986	937	123	bio1	0.000000	0.967043	0.037384
MGYG000003977__gradient_L3_gos_gapseq	986	937	123	bio1	0.000000	0.967841	0.052172
MGYG000003977__gradient_L4_xos_gapseq	986	937	123	bio1	0.000000	0.966730	0.042220
MGYG000003977__gradient_L5_pectin_gapseq	986	937	123	bio1	0.000000	1.093200	0.036872
MGYG000003977__gradient_L6_resistant_starch_gapseq	986	937	123	bio1	0.000000	0.976939	0.041173
MGYG000003977__gradient_L7_bglucan_gapseq	986	937	123	bio1	0.000000	0.999141	0.053517
MGYG000003977__gradient_L8_hmo_gapseq	986	937	123	bio1	0.000000	1.106070	0.043007
MGYG000003977__gradient_L9_mos_gapseq	986	937	123	bio1	0.000000	0.945273	0.044709
MGYG000004021__gradient_L0_base_gapseq	1353	1478	359	bio1	0.141110	1.677103	7.020827
MGYG000004021__gradient_L1_inulin_gapseq	1353	1478	359	bio1	0.224475	1.683468	6.851738
MGYG000004021__gradient_L2_fos_gapseq	1353	1478	359	bio1	0.224475	1.523246	7.051085
MGYG000004021__gradient_L3_gos_gapseq	1353	1478	359	bio1	0.282134	1.525976	6.847771
MGYG000004021__gradient_L4_xos_gapseq	1353	1478	359	bio1	0.395916	1.693838	6.860374
MGYG000004021__gradient_L5_pectin_gapseq	1353	1478	359	bio1	0.426684	1.475078	7.138938
MGYG000004021__gradient_L6_resistant_starch_gapseq	1353	1478	359	bio1	0.507650	1.533044	7.012264
MGYG000004021__gradient_L7_bglucan_gapseq	1353	1478	359	bio1	0.507650	1.525725	6.788558
MGYG000004021__gradient_L8_hmo_gapseq	1353	1478	359	bio1	0.507650	1.652941	6.947173
MGYG000004021__gradient_L9_mos_gapseq	1353	1478	359	bio1	0.588617	1.574444	6.990862
MGYG000004022__gradient_L0_base_gapseq	1208	1356	319	bio1	0.000000	1.376508	0.075351
MGYG000004022__gradient_L1_inulin_gapseq	1208	1356	319	bio1	0.000000	1.435864	0.073569
MGYG000004022__gradient_L2_fos_gapseq	1208	1356	319	bio1	0.000000	1.553554	0.083367
MGYG000004022__gradient_L3_gos_gapseq	1208	1356	319	bio1	0.000000	1.426605	0.075536
MGYG000004022__gradient_L4_xos_gapseq	1208	1356	319	bio1	0.965049	1.516778	5.887780
MGYG000004022__gradient_L5_pectin_gapseq	1208	1356	319	bio1	0.965049	1.405608	6.059748
MGYG000004022__gradient_L6_resistant_starch_gapseq	1208	1356	319	bio1	1.691289	1.431865	5.881886
MGYG000004022__gradient_L7_bglucan_gapseq	1208	1356	319	bio1	1.937411	1.543366	5.903729
MGYG000004022__gradient_L8_hmo_gapseq	1208	1356	319	bio1	1.937411	1.420253	6.175549
MGYG000004022__gradient_L9_mos_gapseq	1208	1356	319	bio1	2.072042	1.421468	5.877679
MGYG000004029__gradient_L0_base_gapseq	961	997	171	bio1	0.000000	1.000852	0.047712
MGYG000004029__gradient_L1_inulin_gapseq	961	997	171	bio1	0.962188	1.148077	3.099531
MGYG000004029__gradient_L2_fos_gapseq	961	997	171	bio1	0.962188	0.995303	3.147205
MGYG000004029__gradient_L3_gos_gapseq	961	997	171	bio1	1.064985	1.158941	3.050566
MGYG000004029__gradient_L4_xos_gapseq	961	997	171	bio1	1.169860	0.999825	3.076149
MGYG000004029__gradient_L5_pectin_gapseq	961	997	171	bio1	1.169860	1.106465	3.092377
MGYG000004029__gradient_L6_resistant_starch_gapseq	961	997	171	bio1	1.888618	0.964019	3.074644
MGYG000004029__gradient_L7_bglucan_gapseq	961	997	171	bio1	2.141155	0.955494	3.212550
MGYG000004029__gradient_L8_hmo_gapseq	961	997	171	bio1	2.141155	0.978617	3.064598
MGYG000004029__gradient_L9_mos_gapseq	961	997	171	bio1	2.279295	1.015382	3.115414
MGYG000004033__gradient_L0_base_gapseq	1104	1164	227	bio1	0.000000	1.190610	0.055303
MGYG000004033__gradient_L1_inulin_gapseq	1104	1164	227	bio1	0.466396	1.325034	4.467902
MGYG000004033__gradient_L2_fos_gapseq	1104	1164	227	bio1	0.466396	1.159900	4.640373
MGYG000004033__gradient_L3_gos_gapseq	1104	1164	227	bio1	0.466396	1.175361	4.455660
MGYG000004033__gradient_L4_xos_gapseq	1104	1164	227	bio1	0.466396	1.175693	4.547925
MGYG000004033__gradient_L5_pectin_gapseq	1104	1164	227	bio1	0.466396	1.197267	4.385493
MGYG000004033__gradient_L6_resistant_starch_gapseq	1104	1164	227	bio1	0.607198	1.381550	4.454198
MGYG000004033__gradient_L7_bglucan_gapseq	1104	1164	227	bio1	0.864601	1.248071	4.529233
MGYG000004033__gradient_L8_hmo_gapseq	1104	1164	227	bio1	0.864601	1.412409	4.386915
MGYG000004033__gradient_L9_mos_gapseq	1104	1164	227	bio1	1.004847	1.190790	4.652927
MGYG000004038__gradient_L0_base_gapseq	658	625	84	bio1	0.000000	0.624530	0.024412
MGYG000004038__gradient_L1_inulin_gapseq	658	625	84	bio1	0.000000	0.606375	0.021505
MGYG000004038__gradient_L2_fos_gapseq	658	625	84	bio1	0.000000	0.757934	0.024374
MGYG000004038__gradient_L3_gos_gapseq	658	625	84	bio1	0.000000	0.606572	0.026954
MGYG000004038__gradient_L4_xos_gapseq	658	625	84	bio1	0.000000	0.592738	0.026351
MGYG000004038__gradient_L5_pectin_gapseq	658	625	84	bio1	0.000000	0.600897	0.021206
MGYG000004038__gradient_L6_resistant_starch_gapseq	658	625	84	bio1	0.000000	0.607516	0.022518
MGYG000004038__gradient_L7_bglucan_gapseq	658	625	84	bio1	0.000000	0.590856	0.022683
MGYG000004038__gradient_L8_hmo_gapseq	658	625	84	bio1	0.000000	0.742897	0.022289
MGYG000004038__gradient_L9_mos_gapseq	658	625	84	bio1	0.000000	0.610342	0.023219
MGYG000004039__gradient_L0_base_gapseq	1422	1571	365	bio1	0.000000	1.658897	0.100065
MGYG000004039__gradient_L1_inulin_gapseq	1422	1571	365	bio1	0.000000	1.721531	0.110561
MGYG000004039__gradient_L2_fos_gapseq	1422	1571	365	bio1	0.000000	1.604025	0.105258
MGYG000004039__gradient_L3_gos_gapseq	1422	1571	365	bio1	0.864816	1.785596	7.546345
MGYG000004039__gradient_L4_xos_gapseq	1422	1571	365	bio1	0.952688	1.690497	7.888150
MGYG000004039__gradient_L5_pectin_gapseq	1422	1571	365	bio1	0.952688	1.622960	7.527589
MGYG000004039__gradient_L6_resistant_starch_gapseq	1422	1571	365	bio1	1.482866	1.817374	7.550683
MGYG000004039__gradient_L7_bglucan_gapseq	1422	1571	365	bio1	1.660811	1.740279	7.630451
MGYG000004039__gradient_L8_hmo_gapseq	1422	1571	365	bio1	1.792623	1.801096	7.465222
MGYG000004039__gradient_L9_mos_gapseq	1422	1571	365	bio1	1.915646	1.650678	7.810479
MGYG000004047__gradient_L0_base_gapseq	982	919	121	bio1	0.000000	0.975359	0.029757
MGYG000004047__gradient_L1_inulin_gapseq	982	919	121	bio1	0.000000	0.928083	0.032343
MGYG000004047__gradient_L2_fos_gapseq	982	919	121	bio1	0.000000	1.065250	0.033530
MGYG000004047__gradient_L3_gos_gapseq	982	919	121	bio1	0.000000	0.948168	0.036224
MGYG000004047__gradient_L4_xos_gapseq	982	919	121	bio1	0.000000	0.909827	0.043296
MGYG000004047__gradient_L5_pectin_gapseq	982	919	121	bio1	0.000000	1.078034	0.041420
MGYG000004047__gradient_L6_resistant_starch_gapseq	982	919	121	bio1	0.000000	0.936242	0.035818
MGYG000004047__gradient_L7_bglucan_gapseq	982	919	121	bio1	0.000000	1.012267	0.037389
MGYG000004047__gradient_L8_hmo_gapseq	982	919	121	bio1	0.000000	0.912891	0.038559
MGYG000004047__gradient_L9_mos_gapseq	982	919	121	bio1	0.000000	1.109101	0.031695
MGYG000004059__gradient_L0_base_gapseq	1110	1183	285	bio1	0.000000	1.348574	0.055163
MGYG000004059__gradient_L1_inulin_gapseq	1110	1183	285	bio1	0.000000	1.191491	0.056291
MGYG000004059__gradient_L2_fos_gapseq	1110	1183	285	bio1	0.000000	1.217879	0.062312
MGYG000004059__gradient_L3_gos_gapseq	1110	1183	285	bio1	0.000000	1.303913	0.056413
MGYG000004059__gradient_L4_xos_gapseq	1110	1183	285	bio1	0.000000	1.191773	0.055689
MGYG000004059__gradient_L5_pectin_gapseq	1110	1183	285	bio1	0.000000	1.331347	0.070689
MGYG000004059__gradient_L6_resistant_starch_gapseq	1110	1183	285	bio1	0.000000	1.201997	0.061657
MGYG000004059__gradient_L7_bglucan_gapseq	1110	1183	285	bio1	0.000000	1.242068	0.057520
MGYG000004059__gradient_L8_hmo_gapseq	1110	1183	285	bio1	0.000000	1.408494	0.064332
MGYG000004059__gradient_L9_mos_gapseq	1110	1183	285	bio1	0.000000	1.199487	0.059526
MGYG000004071__gradient_L0_base_gapseq	1178	1336	298	bio1	0.000000	1.328492	0.072543
MGYG000004071__gradient_L1_inulin_gapseq	1178	1336	298	bio1	0.000000	1.519968	0.077685
MGYG000004071__gradient_L2_fos_gapseq	1178	1336	298	bio1	0.000000	1.387305	0.078993
MGYG000004071__gradient_L3_gos_gapseq	1178	1336	298	bio1	0.720569	1.313599	5.835721
MGYG000004071__gradient_L4_xos_gapseq	1178	1336	298	bio1	0.720569	1.367552	5.451810
MGYG000004071__gradient_L5_pectin_gapseq	1178	1336	298	bio1	0.720569	1.516103	5.400504
MGYG000004071__gradient_L6_resistant_starch_gapseq	1178	1336	298	bio1	1.326294	1.346682	5.589739
MGYG000004071__gradient_L7_bglucan_gapseq	1178	1336	298	bio1	1.326294	1.362949	5.328150
MGYG000004071__gradient_L8_hmo_gapseq	1178	1336	298	bio1	1.326294	1.552856	5.458763
MGYG000004071__gradient_L9_mos_gapseq	1178	1336	298	bio1	1.326294	1.304677	5.636376
MGYG000004078__gradient_L0_base_gapseq	945	882	120	bio1	0.000000	0.874443	0.031175
MGYG000004078__gradient_L1_inulin_gapseq	945	882	120	bio1	0.000000	0.920524	0.042125
MGYG000004078__gradient_L2_fos_gapseq	945	882	120	bio1	0.000000	0.883831	0.037792
MGYG000004078__gradient_L3_gos_gapseq	945	882	120	bio1	0.000000	1.087798	0.045061
MGYG000004078__gradient_L4_xos_gapseq	945	882	120	bio1	0.000000	0.915010	0.039723
MGYG000004078__gradient_L5_pectin_gapseq	945	882	120	bio1	0.000000	0.920816	0.035391
MGYG000004078__gradient_L6_resistant_starch_gapseq	945	882	120	bio1	0.000000	1.069087	0.033941
MGYG000004078__gradient_L7_bglucan_gapseq	945	882	120	bio1	0.000000	0.919954	0.059270
MGYG000004078__gradient_L8_hmo_gapseq	945	882	120	bio1	0.000000	0.901928	0.036023
MGYG000004078__gradient_L9_mos_gapseq	945	882	120	bio1	0.000000	0.897678	0.039455
MGYG000004080__gradient_L0_base_gapseq	1062	1278	265	bio1	0.000000	1.376109	0.071712
MGYG000004080__gradient_L1_inulin_gapseq	1062	1278	265	bio1	0.000000	1.213955	0.077277
MGYG000004080__gradient_L2_fos_gapseq	1062	1278	265	bio1	0.000000	1.335657	0.072058
MGYG000004080__gradient_L3_gos_gapseq	1062	1278	265	bio1	0.846619	1.298658	5.008644
MGYG000004080__gradient_L4_xos_gapseq	1062	1278	265	bio1	0.864761	1.475577	4.983241
MGYG000004080__gradient_L5_pectin_gapseq	1062	1278	265	bio1	0.864761	1.242297	5.194699
MGYG000004080__gradient_L6_resistant_starch_gapseq	1062	1278	265	bio1	1.218439	1.229466	4.934531
MGYG000004080__gradient_L7_bglucan_gapseq	1062	1278	265	bio1	1.218439	1.362276	5.057608
MGYG000004080__gradient_L8_hmo_gapseq	1062	1278	265	bio1	1.218439	1.256228	4.905457
MGYG000004080__gradient_L9_mos_gapseq	1062	1278	265	bio1	1.218439	1.380050	5.031767
MGYG000004082__gradient_L0_base_gapseq	1330	1525	383	bio1	0.000000	1.611086	0.230572
MGYG000004082__gradient_L1_inulin_gapseq	1330	1525	383	bio1	0.000000	1.569650	0.089821
MGYG000004082__gradient_L2_fos_gapseq	1330	1525	383	bio1	0.000000	1.652706	0.088133
MGYG000004082__gradient_L3_gos_gapseq	1330	1525	383	bio1	0.000000	1.549568	0.096771
MGYG000004082__gradient_L4_xos_gapseq	1330	1525	383	bio1	1.190155	1.692876	7.407235
MGYG000004082__gradient_L5_pectin_gapseq	1330	1525	383	bio1	1.223338	1.586817	7.403835
MGYG000004082__gradient_L6_resistant_starch_gapseq	1330	1525	383	bio1	1.721084	1.530978	7.334160
MGYG000004082__gradient_L7_bglucan_gapseq	1330	1525	383	bio1	1.900272	1.703915	7.203750
MGYG000004082__gradient_L8_hmo_gapseq	1330	1525	383	bio1	1.900272	1.720470	7.279477
MGYG000004082__gradient_L9_mos_gapseq	1330	1525	383	bio1	1.988760	1.531174	7.422435
MGYG000004090__gradient_L0_base_gapseq	1212	1357	316	bio1	0.293213	1.537743	5.807591
MGYG000004090__gradient_L1_inulin_gapseq	1212	1357	316	bio1	0.397573	1.357736	6.113091
MGYG000004090__gradient_L2_fos_gapseq	1212	1357	316	bio1	0.397573	1.384459	5.794410
MGYG000004090__gradient_L3_gos_gapseq	1212	1357	316	bio1	0.475670	1.496006	5.945780
MGYG000004090__gradient_L4_xos_gapseq	1212	1357	316	bio1	0.475670	1.387136	5.934358
MGYG000004090__gradient_L5_pectin_gapseq	1212	1357	316	bio1	0.475670	1.355388	5.818254
MGYG000004090__gradient_L6_resistant_starch_gapseq	1212	1357	316	bio1	0.579799	1.521090	5.889481
MGYG000004090__gradient_L7_bglucan_gapseq	1212	1357	316	bio1	0.579799	1.413326	5.917064
MGYG000004090__gradient_L8_hmo_gapseq	1212	1357	316	bio1	0.579799	1.343831	5.753792
MGYG000004090__gradient_L9_mos_gapseq	1212	1357	316	bio1	0.683928	1.513656	5.762259
MGYG000004093__gradient_L0_base_gapseq	1327	1411	346	bio1	0.000000	1.596467	0.067419
MGYG000004093__gradient_L1_inulin_gapseq	1327	1411	346	bio1	0.441146	1.496250	6.388172
MGYG000004093__gradient_L2_fos_gapseq	1327	1411	346	bio1	0.441146	1.423959	6.185165
MGYG000004093__gradient_L3_gos_gapseq	1327	1411	346	bio1	0.441146	1.643272	6.137040
MGYG000004093__gradient_L4_xos_gapseq	1327	1411	346	bio1	0.441146	1.708116	6.129184
MGYG000004093__gradient_L5_pectin_gapseq	1327	1411	346	bio1	0.441146	1.449884	6.488864
MGYG000004093__gradient_L6_resistant_starch_gapseq	1327	1411	346	bio1	0.441146	1.482301	6.347218
MGYG000004093__gradient_L7_bglucan_gapseq	1327	1411	346	bio1	0.441146	1.630477	6.253650
MGYG000004093__gradient_L8_hmo_gapseq	1327	1411	346	bio1	0.441146	1.458527	6.339640
MGYG000004093__gradient_L9_mos_gapseq	1327	1411	346	bio1	0.441146	1.494711	6.166543
MGYG000004097__gradient_L0_base_gapseq	1211	1352	326	bio1	0.721839	1.357336	5.830243
MGYG000004097__gradient_L1_inulin_gapseq	1211	1352	326	bio1	1.012072	1.356679	5.732442
MGYG000004097__gradient_L2_fos_gapseq	1211	1352	326	bio1	1.012072	1.481263	5.778141
MGYG000004097__gradient_L3_gos_gapseq	1211	1352	326	bio1	1.247788	1.371470	5.943369
MGYG000004097__gradient_L4_xos_gapseq	1211	1352	326	bio1	1.259321	1.329121	5.731139
MGYG000004097__gradient_L5_pectin_gapseq	1211	1352	326	bio1	1.259321	1.598512	5.765579
MGYG000004097__gradient_L6_resistant_starch_gapseq	1211	1352	326	bio1	1.893566	1.366282	6.059648
MGYG000004097__gradient_L7_bglucan_gapseq	1211	1352	326	bio1	1.893566	1.388638	5.821320
MGYG000004097__gradient_L8_hmo_gapseq	1211	1352	326	bio1	1.893566	1.485375	5.807803
MGYG000004097__gradient_L9_mos_gapseq	1211	1352	326	bio1	2.040106	1.352508	5.993440
MGYG000004103__gradient_L0_base_gapseq	861	813	113	bio1	0.000000	0.989028	0.033116
MGYG000004103__gradient_L1_inulin_gapseq	861	813	113	bio1	0.000000	0.803281	0.027771
MGYG000004103__gradient_L2_fos_gapseq	861	813	113	bio1	0.000000	0.810036	0.028755
MGYG000004103__gradient_L3_gos_gapseq	861	813	113	bio1	0.000000	0.848789	0.028894
MGYG000004103__gradient_L4_xos_gapseq	861	813	113	bio1	0.000000	0.912724	0.034808
MGYG000004103__gradient_L5_pectin_gapseq	861	813	113	bio1	0.000000	0.870255	0.029218
MGYG000004103__gradient_L6_resistant_starch_gapseq	861	813	113	bio1	0.000000	0.792711	0.040044
MGYG000004103__gradient_L7_bglucan_gapseq	861	813	113	bio1	0.000000	0.817726	0.027963
MGYG000004103__gradient_L8_hmo_gapseq	861	813	113	bio1	0.000000	0.966964	0.030360
MGYG000004103__gradient_L9_mos_gapseq	861	813	113	bio1	0.000000	0.863061	0.029923
MGYG000004105__gradient_L0_base_gapseq	1331	1495	350	bio1	0.336505	1.552382	7.169984
MGYG000004105__gradient_L1_inulin_gapseq	1331	1495	350	bio1	0.476534	1.534204	6.937889
MGYG000004105__gradient_L2_fos_gapseq	1331	1495	350	bio1	0.476534	1.697133	7.129582
MGYG000004105__gradient_L3_gos_gapseq	1331	1495	350	bio1	0.564432	1.662694	6.945526
MGYG000004105__gradient_L4_xos_gapseq	1331	1495	350	bio1	0.572888	1.520289	7.249310
MGYG000004105__gradient_L5_pectin_gapseq	1331	1495	350	bio1	0.608122	1.566409	6.811948
MGYG000004105__gradient_L6_resistant_starch_gapseq	1331	1495	350	bio1	0.723688	1.697173	7.052830
MGYG000004105__gradient_L7_bglucan_gapseq	1331	1495	350	bio1	0.723688	1.568739	7.250421
MGYG000004105__gradient_L8_hmo_gapseq	1331	1495	350	bio1	0.723688	1.526861	7.186808
MGYG000004105__gradient_L9_mos_gapseq	1331	1495	350	bio1	0.839254	1.554911	6.925868
MGYG000004106__gradient_L0_base_gapseq	989	1094	228	bio1	0.332748	1.080864	3.669653
MGYG000004106__gradient_L1_inulin_gapseq	989	1094	228	bio1	0.501232	1.343750	3.635907
MGYG000004106__gradient_L2_fos_gapseq	989	1094	228	bio1	0.501232	1.111464	3.655687
MGYG000004106__gradient_L3_gos_gapseq	989	1094	228	bio1	0.829778	1.223339	3.751157
MGYG000004106__gradient_L4_xos_gapseq	989	1094	228	bio1	0.829778	1.087215	3.560501
MGYG000004106__gradient_L5_pectin_gapseq	989	1094	228	bio1	0.867687	1.191547	3.700290
MGYG000004106__gradient_L6_resistant_starch_gapseq	989	1094	228	bio1	0.994383	1.053905	3.680275
MGYG000004106__gradient_L7_bglucan_gapseq	989	1094	228	bio1	0.994383	1.298803	3.681650
MGYG000004106__gradient_L8_hmo_gapseq	989	1094	228	bio1	0.994383	1.129465	3.628873
MGYG000004106__gradient_L9_mos_gapseq	989	1094	228	bio1	0.994383	1.282665	3.608802
MGYG000004115__gradient_L0_base_gapseq	1180	1216	314	bio1	0.000000	1.263055	0.050733
MGYG000004115__gradient_L1_inulin_gapseq	1180	1216	314	bio1	0.416515	1.282225	5.066853
MGYG000004115__gradient_L2_fos_gapseq	1180	1216	314	bio1	0.416515	1.261775	4.903375
MGYG000004115__gradient_L3_gos_gapseq	1180	1216	314	bio1	0.416515	1.504392	4.934039
MGYG000004115__gradient_L4_xos_gapseq	1180	1216	314	bio1	0.416515	1.266781	4.936823
MGYG000004115__gradient_L5_pectin_gapseq	1180	1216	314	bio1	0.416515	1.518584	4.944047
MGYG000004115__gradient_L6_resistant_starch_gapseq	1180	1216	314	bio1	0.416515	1.280585	5.071355
MGYG000004115__gradient_L7_bglucan_gapseq	1180	1216	314	bio1	0.416515	1.285025	4.981042
MGYG000004115__gradient_L8_hmo_gapseq	1180	1216	314	bio1	0.416515	1.381711	4.910520
MGYG000004115__gradient_L9_mos_gapseq	1180	1216	314	bio1	0.416515	1.338828	4.969198
MGYG000004128__gradient_L0_base_gapseq	1212	1291	274	bio1	0.000000	1.367903	0.061276
MGYG000004128__gradient_L1_inulin_gapseq	1212	1291	274	bio1	0.137880	1.470087	5.382712
MGYG000004128__gradient_L2_fos_gapseq	1212	1291	274	bio1	0.137880	1.348159	5.738079
MGYG000004128__gradient_L3_gos_gapseq	1212	1291	274	bio1	0.285620	1.326921	5.329668
MGYG000004128__gradient_L4_xos_gapseq	1212	1291	274	bio1	0.315168	1.505882	5.475402
MGYG000004128__gradient_L5_pectin_gapseq	1212	1291	274	bio1	0.315168	1.353911	5.615684
MGYG000004128__gradient_L6_resistant_starch_gapseq	1212	1291	274	bio1	0.650044	1.321674	5.411363
MGYG000004128__gradient_L7_bglucan_gapseq	1212	1291	274	bio1	0.650044	1.487872	5.446468
MGYG000004128__gradient_L8_hmo_gapseq	1212	1291	274	bio1	0.650044	1.343351	5.627254
MGYG000004128__gradient_L9_mos_gapseq	1212	1291	274	bio1	0.689441	1.304584	5.430456
MGYG000004130__gradient_L0_base_gapseq	1137	1242	278	bio1	0.000000	1.216516	0.068379
MGYG000004130__gradient_L1_inulin_gapseq	1137	1242	278	bio1	0.000000	1.231294	0.162897
MGYG000004130__gradient_L2_fos_gapseq	1137	1242	278	bio1	0.000000	1.236693	0.060163
MGYG000004130__gradient_L3_gos_gapseq	1137	1242	278	bio1	0.000000	1.273279	0.061790
MGYG000004130__gradient_L4_xos_gapseq	1137	1242	278	bio1	0.000000	1.414603	0.062055
MGYG000004130__gradient_L5_pectin_gapseq	1137	1242	278	bio1	0.000000	1.234480	0.069665
MGYG000004130__gradient_L6_resistant_starch_gapseq	1137	1242	278	bio1	0.000000	1.384852	0.065711
MGYG000004130__gradient_L7_bglucan_gapseq	1137	1242	278	bio1	0.000000	1.245591	0.064433
MGYG000004130__gradient_L8_hmo_gapseq	1137	1242	278	bio1	0.000000	1.233141	0.063396
MGYG000004130__gradient_L9_mos_gapseq	1137	1242	278	bio1	0.000000	1.438268	0.072584
MGYG000004131__gradient_L0_base_gapseq	1103	1229	253	bio1	0.000000	1.236231	0.067178
MGYG000004131__gradient_L1_inulin_gapseq	1103	1229	253	bio1	0.000000	1.272843	0.062414
MGYG000004131__gradient_L2_fos_gapseq	1103	1229	253	bio1	0.000000	1.394291	0.056036
MGYG000004131__gradient_L3_gos_gapseq	1103	1229	253	bio1	0.000000	1.208389	0.063949
MGYG000004131__gradient_L4_xos_gapseq	1103	1229	253	bio1	0.000000	1.358159	0.065696
MGYG000004131__gradient_L5_pectin_gapseq	1103	1229	253	bio1	0.000000	1.256115	0.060086
MGYG000004131__gradient_L6_resistant_starch_gapseq	1103	1229	253	bio1	0.000000	1.239367	0.073131
MGYG000004131__gradient_L7_bglucan_gapseq	1103	1229	253	bio1	0.000000	1.364025	0.070128
MGYG000004131__gradient_L8_hmo_gapseq	1103	1229	253	bio1	0.000000	1.258199	0.065409
MGYG000004131__gradient_L9_mos_gapseq	1103	1229	253	bio1	0.000000	1.356209	0.070000
MGYG000004132__gradient_L0_base_gapseq	1392	1533	334	bio1	0.000000	1.580533	0.089545
MGYG000004132__gradient_L1_inulin_gapseq	1392	1533	334	bio1	0.000000	1.718911	0.084458
MGYG000004132__gradient_L2_fos_gapseq	1392	1533	334	bio1	0.000000	1.643883	0.233370
MGYG000004132__gradient_L3_gos_gapseq	1392	1533	334	bio1	0.221812	1.642473	7.229335
MGYG000004132__gradient_L4_xos_gapseq	1392	1533	334	bio1	0.221812	1.754012	7.249167
MGYG000004132__gradient_L5_pectin_gapseq	1392	1533	334	bio1	0.221812	1.758542	7.127280
MGYG000004132__gradient_L6_resistant_starch_gapseq	1392	1533	334	bio1	0.493220	1.600928	7.433329
MGYG000004132__gradient_L7_bglucan_gapseq	1392	1533	334	bio1	0.574197	1.660100	7.128237
MGYG000004132__gradient_L8_hmo_gapseq	1392	1533	334	bio1	0.574197	1.804248	7.404564
MGYG000004132__gradient_L9_mos_gapseq	1392	1533	334	bio1	0.574197	1.902349	7.083708
MGYG000004133__gradient_L0_base_gapseq	1272	1373	301	bio1	0.000000	1.447713	0.067852
MGYG000004133__gradient_L1_inulin_gapseq	1272	1373	301	bio1	0.000000	1.410845	0.208222
MGYG000004133__gradient_L2_fos_gapseq	1272	1373	301	bio1	0.000000	1.359081	0.082121
MGYG000004133__gradient_L3_gos_gapseq	1272	1373	301	bio1	0.000000	1.389650	0.080697
MGYG000004133__gradient_L4_xos_gapseq	1272	1373	301	bio1	0.673104	1.517566	5.887406
MGYG000004133__gradient_L5_pectin_gapseq	1272	1373	301	bio1	0.673104	1.562539	5.895184
MGYG000004133__gradient_L6_resistant_starch_gapseq	1272	1373	301	bio1	1.250247	1.387965	5.843770
MGYG000004133__gradient_L7_bglucan_gapseq	1272	1373	301	bio1	1.453879	1.634515	5.827382
MGYG000004133__gradient_L8_hmo_gapseq	1272	1373	301	bio1	1.453879	1.584912	5.875448
MGYG000004133__gradient_L9_mos_gapseq	1272	1373	301	bio1	1.558980	1.433904	6.060484
MGYG000004134__gradient_L0_base_gapseq	1169	1245	307	bio1	0.000000	1.287457	0.055312
MGYG000004134__gradient_L1_inulin_gapseq	1169	1245	307	bio1	0.233463	1.452609	5.018763
MGYG000004134__gradient_L2_fos_gapseq	1169	1245	307	bio1	0.233463	1.262003	5.020648
MGYG000004134__gradient_L3_gos_gapseq	1169	1245	307	bio1	0.233463	1.604831	5.043790
MGYG000004134__gradient_L4_xos_gapseq	1169	1245	307	bio1	0.244497	1.295573	5.178935
MGYG000004134__gradient_L5_pectin_gapseq	1169	1245	307	bio1	0.244497	1.263321	5.113782
MGYG000004134__gradient_L6_resistant_starch_gapseq	1169	1245	307	bio1	0.249551	1.509441	4.959816
MGYG000004134__gradient_L7_bglucan_gapseq	1169	1245	307	bio1	0.249551	1.255617	5.144844
MGYG000004134__gradient_L8_hmo_gapseq	1169	1245	307	bio1	0.249551	1.546918	5.065200
MGYG000004134__gradient_L9_mos_gapseq	1169	1245	307	bio1	0.249551	1.329361	5.159795
MGYG000004136__gradient_L0_base_gapseq	1403	1615	463	bio1	0.000000	1.629173	0.105786
MGYG000004136__gradient_L1_inulin_gapseq	1403	1615	463	bio1	0.000000	1.834498	0.109926
MGYG000004136__gradient_L2_fos_gapseq	1403	1615	463	bio1	0.000000	1.722715	0.111509
MGYG000004136__gradient_L3_gos_gapseq	1403	1615	463	bio1	0.000000	1.890901	0.108760
MGYG000004136__gradient_L4_xos_gapseq	1403	1615	463	bio1	1.461240	1.663679	8.356736
MGYG000004136__gradient_L5_pectin_gapseq	1403	1615	463	bio1	1.505386	1.709185	8.159838
MGYG000004136__gradient_L6_resistant_starch_gapseq	1403	1615	463	bio1	2.116816	1.915951	8.066741
MGYG000004136__gradient_L7_bglucan_gapseq	1403	1615	463	bio1	2.116816	1.879274	8.340460
MGYG000004136__gradient_L8_hmo_gapseq	1403	1615	463	bio1	2.262499	1.891294	8.104908
MGYG000004136__gradient_L9_mos_gapseq	1403	1615	463	bio1	2.403530	1.702374	8.330860
MGYG000004137__gradient_L0_base_gapseq	1165	1244	286	bio1	0.000000	1.281869	0.062782
MGYG000004137__gradient_L1_inulin_gapseq	1165	1244	286	bio1	0.370528	1.283834	4.972609
MGYG000004137__gradient_L2_fos_gapseq	1165	1244	286	bio1	0.370528	1.237013	4.894048
MGYG000004137__gradient_L3_gos_gapseq	1165	1244	286	bio1	0.407582	1.446685	4.799662
MGYG000004137__gradient_L4_xos_gapseq	1165	1244	286	bio1	0.427438	1.232498	5.093950
MGYG000004137__gradient_L5_pectin_gapseq	1165	1244	286	bio1	0.427438	1.272247	4.790544
MGYG000004137__gradient_L6_resistant_starch_gapseq	1165	1244	286	bio1	0.716522	1.343083	5.038180
MGYG000004137__gradient_L7_bglucan_gapseq	1165	1244	286	bio1	0.827708	1.295033	4.849685
MGYG000004137__gradient_L8_hmo_gapseq	1165	1244	286	bio1	0.827708	1.524585	4.883163
MGYG000004137__gradient_L9_mos_gapseq	1165	1244	286	bio1	0.827708	1.279790	5.055617
MGYG000004138__gradient_L0_base_gapseq	1153	1163	281	bio1	0.000000	1.275388	0.052763
MGYG000004138__gradient_L1_inulin_gapseq	1153	1163	281	bio1	0.000000	1.309444	0.049391
MGYG000004138__gradient_L2_fos_gapseq	1153	1163	281	bio1	0.000000	1.215627	0.055915
MGYG000004138__gradient_L3_gos_gapseq	1153	1163	281	bio1	0.000000	1.314308	0.048487
MGYG000004138__gradient_L4_xos_gapseq	1153	1163	281	bio1	0.000000	1.210911	0.043973
MGYG000004138__gradient_L5_pectin_gapseq	1153	1163	281	bio1	0.000000	1.215528	0.049732
MGYG000004138__gradient_L6_resistant_starch_gapseq	1153	1163	281	bio1	0.000000	1.369467	0.058379
MGYG000004138__gradient_L7_bglucan_gapseq	1153	1163	281	bio1	0.000000	1.190167	0.052644
MGYG000004138__gradient_L8_hmo_gapseq	1153	1163	281	bio1	0.000000	1.330310	0.056641
MGYG000004138__gradient_L9_mos_gapseq	1153	1163	281	bio1	0.000000	1.220651	0.057637
MGYG000004142__gradient_L0_base_gapseq	1288	1387	353	bio1	0.381971	1.440940	6.185815
MGYG000004142__gradient_L1_inulin_gapseq	1288	1387	353	bio1	0.381971	1.496211	6.000549
MGYG000004142__gradient_L2_fos_gapseq	1288	1387	353	bio1	0.381971	1.540547	5.864116
MGYG000004142__gradient_L3_gos_gapseq	1288	1387	353	bio1	0.477466	1.584131	6.247122
MGYG000004142__gradient_L4_xos_gapseq	1288	1387	353	bio1	0.568334	1.523638	5.860446
MGYG000004142__gradient_L5_pectin_gapseq	1288	1387	353	bio1	0.568334	1.698864	5.931206
MGYG000004142__gradient_L6_resistant_starch_gapseq	1288	1387	353	bio1	0.674898	1.437829	6.042396
MGYG000004142__gradient_L7_bglucan_gapseq	1288	1387	353	bio1	0.674898	1.429548	5.868642
MGYG000004142__gradient_L8_hmo_gapseq	1288	1387	353	bio1	0.674898	1.730448	5.996908
MGYG000004142__gradient_L9_mos_gapseq	1288	1387	353	bio1	0.674898	1.604108	5.940868
MGYG000004143__gradient_L0_base_gapseq	1099	1216	328	bio1	0.484712	1.418191	4.730412
MGYG000004143__gradient_L1_inulin_gapseq	1099	1216	328	bio1	0.659387	1.202912	4.832360
MGYG000004143__gradient_L2_fos_gapseq	1099	1216	328	bio1	0.659387	1.251706	4.663926
MGYG000004143__gradient_L3_gos_gapseq	1099	1216	328	bio1	0.999905	1.370477	4.827073
MGYG000004143__gradient_L4_xos_gapseq	1099	1216	328	bio1	0.999905	1.274677	4.723492
MGYG000004143__gradient_L5_pectin_gapseq	1099	1216	328	bio1	0.999905	1.442085	4.672796
MGYG000004143__gradient_L6_resistant_starch_gapseq	1099	1216	328	bio1	1.774517	1.247549	4.852277
MGYG000004143__gradient_L7_bglucan_gapseq	1099	1216	328	bio1	2.025569	1.270250	4.710152
MGYG000004143__gradient_L8_hmo_gapseq	1099	1216	328	bio1	2.201520	1.427162	4.761808
MGYG000004143__gradient_L9_mos_gapseq	1099	1216	328	bio1	2.201520	1.243402	4.845041
MGYG000004153__gradient_L0_base_gapseq	1258	1378	351	bio1	0.000000	1.458609	0.071096
MGYG000004153__gradient_L1_inulin_gapseq	1258	1378	351	bio1	0.000000	1.642116	0.106252
MGYG000004153__gradient_L2_fos_gapseq	1258	1378	351	bio1	0.000000	1.475671	0.078104
MGYG000004153__gradient_L3_gos_gapseq	1258	1378	351	bio1	0.736509	1.589208	6.044570
MGYG000004153__gradient_L4_xos_gapseq	1258	1378	351	bio1	0.833638	1.413051	6.160386
MGYG000004153__gradient_L5_pectin_gapseq	1258	1378	351	bio1	0.897930	1.436628	6.089286
MGYG000004153__gradient_L6_resistant_starch_gapseq	1258	1378	351	bio1	1.020846	1.702014	5.931468
MGYG000004153__gradient_L7_bglucan_gapseq	1258	1378	351	bio1	1.020846	1.491822	6.049358
MGYG000004153__gradient_L8_hmo_gapseq	1258	1378	351	bio1	1.020846	1.404037	5.910299
MGYG000004153__gradient_L9_mos_gapseq	1258	1378	351	bio1	1.020846	1.664925	5.895134
MGYG000004155__gradient_L0_base_gapseq	749	703	105	bio1	0.000000	0.856205	0.034121
MGYG000004155__gradient_L1_inulin_gapseq	749	703	105	bio1	0.000000	0.713320	0.037695
MGYG000004155__gradient_L2_fos_gapseq	749	703	105	bio1	0.000000	0.690190	0.027244
MGYG000004155__gradient_L3_gos_gapseq	749	703	105	bio1	0.000000	0.709703	0.028786
MGYG000004155__gradient_L4_xos_gapseq	749	703	105	bio1	0.000000	0.666258	0.038440
MGYG000004155__gradient_L5_pectin_gapseq	749	703	105	bio1	0.000000	0.838674	0.027049
MGYG000004155__gradient_L6_resistant_starch_gapseq	749	703	105	bio1	0.000000	0.702131	0.026284
MGYG000004155__gradient_L7_bglucan_gapseq	749	703	105	bio1	0.000000	0.699321	0.024498
MGYG000004155__gradient_L8_hmo_gapseq	749	703	105	bio1	0.000000	0.691745	0.024656
MGYG000004155__gradient_L9_mos_gapseq	749	703	105	bio1	0.000000	0.776926	0.025040
MGYG000004157__gradient_L0_base_gapseq	1224	1322	314	bio1	0.000000	1.373404	0.064225
MGYG000004157__gradient_L1_inulin_gapseq	1224	1322	314	bio1	0.299387	1.533932	5.644459
MGYG000004157__gradient_L2_fos_gapseq	1224	1322	314	bio1	0.299387	1.356949	5.557543
MGYG000004157__gradient_L3_gos_gapseq	1224	1322	314	bio1	0.608140	1.549988	5.833914
MGYG000004157__gradient_L4_xos_gapseq	1224	1322	314	bio1	0.608140	1.515410	5.693202
MGYG000004157__gradient_L5_pectin_gapseq	1224	1322	314	bio1	0.608140	1.369989	5.551755
MGYG000004157__gradient_L6_resistant_starch_gapseq	1224	1322	314	bio1	0.994383	1.566573	5.588879
MGYG000004157__gradient_L7_bglucan_gapseq	1224	1322	314	bio1	0.994383	1.347204	5.767715
MGYG000004157__gradient_L8_hmo_gapseq	1224	1322	314	bio1	0.994383	1.423150	5.582397
MGYG000004157__gradient_L9_mos_gapseq	1224	1322	314	bio1	0.994383	1.569386	5.627383
MGYG000004165__gradient_L0_base_gapseq	1090	1201	277	bio1	0.000000	1.225980	0.209767
MGYG000004165__gradient_L1_inulin_gapseq	1090	1201	277	bio1	0.000000	1.257068	0.062235
MGYG000004165__gradient_L2_fos_gapseq	1090	1201	277	bio1	0.000000	1.224849	0.071753
MGYG000004165__gradient_L3_gos_gapseq	1090	1201	277	bio1	0.000000	1.405432	0.067217
MGYG000004165__gradient_L4_xos_gapseq	1090	1201	277	bio1	0.303375	1.288162	4.524294
MGYG000004165__gradient_L5_pectin_gapseq	1090	1201	277	bio1	0.303375	1.404289	4.613917
MGYG000004165__gradient_L6_resistant_starch_gapseq	1090	1201	277	bio1	0.303375	1.418594	4.573955
MGYG000004165__gradient_L7_bglucan_gapseq	1090	1201	277	bio1	0.303375	1.502222	4.622578
MGYG000004165__gradient_L8_hmo_gapseq	1090	1201	277	bio1	0.303375	1.265523	4.782525
MGYG000004165__gradient_L9_mos_gapseq	1090	1201	277	bio1	0.303375	1.304796	4.611435
MGYG000004168__gradient_L0_base_gapseq	1334	1522	455	bio1	0.000000	1.576214	0.094458
MGYG000004168__gradient_L1_inulin_gapseq	1334	1522	455	bio1	0.000000	1.787643	0.092115
MGYG000004168__gradient_L2_fos_gapseq	1334	1522	455	bio1	0.000000	1.535996	0.087962
MGYG000004168__gradient_L3_gos_gapseq	1334	1522	455	bio1	1.404106	1.699721	7.189174
MGYG000004168__gradient_L4_xos_gapseq	1334	1522	455	bio1	1.481485	1.664581	7.494631
MGYG000004168__gradient_L5_pectin_gapseq	1334	1522	455	bio1	1.481485	1.569522	7.115733
MGYG000004168__gradient_L6_resistant_starch_gapseq	1334	1522	455	bio1	2.240145	1.749596	6.966468
MGYG000004168__gradient_L7_bglucan_gapseq	1334	1522	455	bio1	2.240145	1.754809	7.072124
MGYG000004168__gradient_L8_hmo_gapseq	1334	1522	455	bio1	2.240145	1.824002	7.099202
MGYG000004168__gradient_L9_mos_gapseq	1334	1522	455	bio1	2.375018	1.580475	7.286159
MGYG000004170__gradient_L0_base_gapseq	607	558	83	bio1	0.000000	0.516429	0.019064
MGYG000004170__gradient_L1_inulin_gapseq	607	558	83	bio1	0.307799	0.720384	1.146467
MGYG000004170__gradient_L2_fos_gapseq	607	558	83	bio1	0.307799	0.511817	1.296160
MGYG000004170__gradient_L3_gos_gapseq	607	558	83	bio1	0.307799	0.522534	1.124732
MGYG000004170__gradient_L4_xos_gapseq	607	558	83	bio1	0.307799	0.539478	1.135044
MGYG000004170__gradient_L5_pectin_gapseq	607	558	83	bio1	0.307799	0.530982	1.303530
MGYG000004170__gradient_L6_resistant_starch_gapseq	607	558	83	bio1	0.307799	0.555674	1.181316
MGYG000004170__gradient_L7_bglucan_gapseq	607	558	83	bio1	0.307799	0.519766	1.122440
MGYG000004170__gradient_L8_hmo_gapseq	607	558	83	bio1	0.307799	0.541986	1.117842
MGYG000004170__gradient_L9_mos_gapseq	607	558	83	bio1	0.307799	0.540210	1.109780
MGYG000004173__gradient_L0_base_gapseq	1246	1347	301	bio1	0.000000	1.629902	0.071764
MGYG000004173__gradient_L1_inulin_gapseq	1246	1347	301	bio1	0.638598	1.349927	5.824820
MGYG000004173__gradient_L2_fos_gapseq	1246	1347	301	bio1	0.638598	1.370897	5.608302
MGYG000004173__gradient_L3_gos_gapseq	1246	1347	301	bio1	0.638598	1.551036	5.606582
MGYG000004173__gradient_L4_xos_gapseq	1246	1347	301	bio1	0.648571	1.365481	5.811897
MGYG000004173__gradient_L5_pectin_gapseq	1246	1347	301	bio1	0.648571	1.343997	5.718619
MGYG000004173__gradient_L6_resistant_starch_gapseq	1246	1347	301	bio1	0.808366	1.573945	5.599426
MGYG000004173__gradient_L7_bglucan_gapseq	1246	1347	301	bio1	0.808366	1.377660	5.737228
MGYG000004173__gradient_L8_hmo_gapseq	1246	1347	301	bio1	0.808366	1.361083	5.616006
MGYG000004173__gradient_L9_mos_gapseq	1246	1347	301	bio1	0.808366	1.490168	5.471630
MGYG000004175__gradient_L0_base_gapseq	710	669	94	bio1	0.000000	0.830377	0.022510
MGYG000004175__gradient_L1_inulin_gapseq	710	669	94	bio1	0.000000	0.662509	0.022635
MGYG000004175__gradient_L2_fos_gapseq	710	669	94	bio1	0.000000	0.638728	0.019170
MGYG000004175__gradient_L3_gos_gapseq	710	669	94	bio1	0.000000	0.648078	0.022609
MGYG000004175__gradient_L4_xos_gapseq	710	669	94	bio1	0.000000	0.636802	0.022615
MGYG000004175__gradient_L5_pectin_gapseq	710	669	94	bio1	0.000000	0.790682	0.033699
MGYG000004175__gradient_L6_resistant_starch_gapseq	710	669	94	bio1	0.000000	0.666445	0.023132
MGYG000004175__gradient_L7_bglucan_gapseq	710	669	94	bio1	0.000000	0.629837	0.028668
MGYG000004175__gradient_L8_hmo_gapseq	710	669	94	bio1	0.000000	0.688815	0.022165
MGYG000004175__gradient_L9_mos_gapseq	710	669	94	bio1	0.000000	0.665432	0.021769
MGYG000004178__gradient_L0_base_gapseq	787	779	127	bio1	0.052056	0.752276	2.105280
MGYG000004178__gradient_L1_inulin_gapseq	787	779	127	bio1	0.128926	0.774345	2.157849
MGYG000004178__gradient_L2_fos_gapseq	787	779	127	bio1	0.128926	0.958028	2.074650
MGYG000004178__gradient_L3_gos_gapseq	787	779	127	bio1	0.156555	0.791990	2.102029
MGYG000004178__gradient_L4_xos_gapseq	787	779	127	bio1	0.156555	0.789237	2.127269
MGYG000004178__gradient_L5_pectin_gapseq	787	779	127	bio1	0.156555	0.938724	2.096681
MGYG000004178__gradient_L6_resistant_starch_gapseq	787	779	127	bio1	0.193393	0.786454	2.081098
MGYG000004178__gradient_L7_bglucan_gapseq	787	779	127	bio1	0.193393	0.784156	2.120956
MGYG000004178__gradient_L8_hmo_gapseq	787	779	127	bio1	0.193393	0.967051	2.139345
MGYG000004178__gradient_L9_mos_gapseq	787	779	127	bio1	0.193393	0.779964	2.064516
MGYG000004192__gradient_L0_base_gapseq	800	760	89	bio1	0.000000	0.772908	0.024051
MGYG000004192__gradient_L1_inulin_gapseq	800	760	89	bio1	0.000000	0.753203	0.035681
MGYG000004192__gradient_L2_fos_gapseq	800	760	89	bio1	0.000000	1.003757	0.034560
MGYG000004192__gradient_L3_gos_gapseq	800	760	89	bio1	0.000000	0.782463	0.023914
MGYG000004192__gradient_L4_xos_gapseq	800	760	89	bio1	0.000000	0.750189	0.034150
MGYG000004192__gradient_L5_pectin_gapseq	800	760	89	bio1	0.000000	0.761510	0.030820
MGYG000004192__gradient_L6_resistant_starch_gapseq	800	760	89	bio1	0.000000	0.859983	0.026447
MGYG000004192__gradient_L7_bglucan_gapseq	800	760	89	bio1	0.000000	0.742794	0.032765
MGYG000004192__gradient_L8_hmo_gapseq	800	760	89	bio1	0.000000	0.745818	0.030783
MGYG000004192__gradient_L9_mos_gapseq	800	760	89	bio1	0.000000	0.762189	0.026162
MGYG000004198__gradient_L0_base_gapseq	1292	1373	321	bio1	0.000000	1.432319	0.072573
MGYG000004198__gradient_L1_inulin_gapseq	1292	1373	321	bio1	0.000000	1.420628	0.194695
MGYG000004198__gradient_L2_fos_gapseq	1292	1373	321	bio1	0.000000	1.430330	0.087124
MGYG000004198__gradient_L3_gos_gapseq	1292	1373	321	bio1	0.000000	1.381551	0.083196
MGYG000004198__gradient_L4_xos_gapseq	1292	1373	321	bio1	0.000000	1.595476	0.084725
MGYG000004198__gradient_L5_pectin_gapseq	1292	1373	321	bio1	0.000000	1.457510	0.079647
MGYG000004198__gradient_L6_resistant_starch_gapseq	1292	1373	321	bio1	0.000000	1.624203	0.083719
MGYG000004198__gradient_L7_bglucan_gapseq	1292	1373	321	bio1	0.000000	1.438797	0.082514
MGYG000004198__gradient_L8_hmo_gapseq	1292	1373	321	bio1	0.000000	1.576572	0.089209
MGYG000004198__gradient_L9_mos_gapseq	1292	1373	321	bio1	0.000000	1.423667	0.095046
MGYG000004207__gradient_L0_base_gapseq	1252	1366	287	bio1	0.259610	1.512857	5.871873
MGYG000004207__gradient_L1_inulin_gapseq	1252	1366	287	bio1	0.259610	1.366030	6.074414
MGYG000004207__gradient_L2_fos_gapseq	1252	1366	287	bio1	0.259610	1.359206	5.990691
MGYG000004207__gradient_L3_gos_gapseq	1252	1366	287	bio1	0.309174	1.599465	5.984505
MGYG000004207__gradient_L4_xos_gapseq	1252	1366	287	bio1	0.309174	1.409723	6.073070
MGYG000004207__gradient_L5_pectin_gapseq	1252	1366	287	bio1	0.332776	1.415429	5.837025
MGYG000004207__gradient_L6_resistant_starch_gapseq	1252	1366	287	bio1	0.398861	1.602399	5.906191
MGYG000004207__gradient_L7_bglucan_gapseq	1252	1366	287	bio1	0.505070	1.440887	6.002989
MGYG000004207__gradient_L8_hmo_gapseq	1252	1366	287	bio1	0.505070	1.399390	5.890890
MGYG000004207__gradient_L9_mos_gapseq	1252	1366	287	bio1	0.570152	1.552527	5.896810
MGYG000004208__gradient_L0_base_gapseq	1209	1384	305	bio1	0.000000	1.510107	0.076473
MGYG000004208__gradient_L1_inulin_gapseq	1209	1384	305	bio1	0.000000	1.414670	0.070698
MGYG000004208__gradient_L2_fos_gapseq	1209	1384	305	bio1	0.000000	1.474732	0.074216
MGYG000004208__gradient_L3_gos_gapseq	1209	1384	305	bio1	0.000000	1.346916	0.099588
MGYG000004208__gradient_L4_xos_gapseq	1209	1384	305	bio1	0.275486	1.374749	6.059542
MGYG000004208__gradient_L5_pectin_gapseq	1209	1384	305	bio1	0.275486	1.475403	5.893832
MGYG000004208__gradient_L6_resistant_starch_gapseq	1209	1384	305	bio1	0.341805	1.657560	5.872928
MGYG000004208__gradient_L7_bglucan_gapseq	1209	1384	305	bio1	0.447224	1.389495	6.020318
MGYG000004208__gradient_L8_hmo_gapseq	1209	1384	305	bio1	0.447224	1.394124	5.777218
MGYG000004208__gradient_L9_mos_gapseq	1209	1384	305	bio1	0.511114	1.560803	5.837025
MGYG000004215__gradient_L0_base_gapseq	773	720	92	bio1	0.000000	0.691186	0.029381
MGYG000004215__gradient_L1_inulin_gapseq	773	720	92	bio1	0.000000	0.827112	0.031760
MGYG000004215__gradient_L2_fos_gapseq	773	720	92	bio1	0.000000	0.735147	0.029661
MGYG000004215__gradient_L3_gos_gapseq	773	720	92	bio1	0.000000	0.725563	0.026152
MGYG000004215__gradient_L4_xos_gapseq	773	720	92	bio1	0.000000	0.716232	0.026163
MGYG000004215__gradient_L5_pectin_gapseq	773	720	92	bio1	0.000000	0.703484	0.172931
MGYG000004215__gradient_L6_resistant_starch_gapseq	773	720	92	bio1	0.000000	0.740096	0.034881
MGYG000004215__gradient_L7_bglucan_gapseq	773	720	92	bio1	0.000000	0.761096	0.035050
MGYG000004215__gradient_L8_hmo_gapseq	773	720	92	bio1	0.000000	0.706369	0.031820
MGYG000004215__gradient_L9_mos_gapseq	773	720	92	bio1	0.000000	0.727757	0.041321
MGYG000004216__gradient_L0_base_gapseq	693	665	95	bio1	0.000000	0.628566	0.025058
MGYG000004216__gradient_L1_inulin_gapseq	693	665	95	bio1	0.083432	0.627058	1.634920
MGYG000004216__gradient_L2_fos_gapseq	693	665	95	bio1	0.083432	0.617960	1.541375
MGYG000004216__gradient_L3_gos_gapseq	693	665	95	bio1	0.083432	0.879998	1.543249
MGYG000004216__gradient_L4_xos_gapseq	693	665	95	bio1	0.083432	0.618063	1.596868
MGYG000004216__gradient_L5_pectin_gapseq	693	665	95	bio1	0.083432	0.627528	1.602058
MGYG000004216__gradient_L6_resistant_starch_gapseq	693	665	95	bio1	0.083432	0.653611	1.694092
MGYG000004216__gradient_L7_bglucan_gapseq	693	665	95	bio1	0.083432	0.657258	1.572107
MGYG000004216__gradient_L8_hmo_gapseq	693	665	95	bio1	0.083432	0.648571	1.540463
MGYG000004216__gradient_L9_mos_gapseq	693	665	95	bio1	0.083432	0.653052	1.585694
MGYG000004219__gradient_L0_base_gapseq	1238	1379	304	bio1	0.000000	1.561967	0.078754
MGYG000004219__gradient_L1_inulin_gapseq	1238	1379	304	bio1	0.000000	1.392707	0.083974
MGYG000004219__gradient_L2_fos_gapseq	1238	1379	304	bio1	0.000000	1.509658	0.077651
MGYG000004219__gradient_L3_gos_gapseq	1238	1379	304	bio1	0.000000	1.482838	0.073375
MGYG000004219__gradient_L4_xos_gapseq	1238	1379	304	bio1	0.000000	1.556012	0.070620
MGYG000004219__gradient_L5_pectin_gapseq	1238	1379	304	bio1	0.000000	1.448368	0.078687
MGYG000004219__gradient_L6_resistant_starch_gapseq	1238	1379	304	bio1	0.000000	1.443138	0.080261
MGYG000004219__gradient_L7_bglucan_gapseq	1238	1379	304	bio1	0.000000	1.621493	0.084967
MGYG000004219__gradient_L8_hmo_gapseq	1238	1379	304	bio1	0.000000	1.442612	0.072869
MGYG000004219__gradient_L9_mos_gapseq	1238	1379	304	bio1	0.000000	1.555873	0.075959
MGYG000004221__gradient_L0_base_gapseq	869	969	203	bio1	0.262231	0.949137	3.419076
MGYG000004221__gradient_L1_inulin_gapseq	869	969	203	bio1	0.439383	0.932323	3.042287
MGYG000004221__gradient_L2_fos_gapseq	869	969	203	bio1	0.439383	0.990234	3.044304
MGYG000004221__gradient_L3_gos_gapseq	869	969	203	bio1	0.439383	1.087674	3.013296
MGYG000004221__gradient_L4_xos_gapseq	869	969	203	bio1	0.530369	0.938013	3.049724
MGYG000004221__gradient_L5_pectin_gapseq	869	969	203	bio1	0.530369	1.057560	3.063836
MGYG000004221__gradient_L6_resistant_starch_gapseq	869	969	203	bio1	1.020846	0.949836	3.069982
MGYG000004221__gradient_L7_bglucan_gapseq	869	969	203	bio1	1.020846	0.966800	3.179564
MGYG000004221__gradient_L8_hmo_gapseq	869	969	203	bio1	1.020846	0.926259	2.972833
MGYG000004221__gradient_L9_mos_gapseq	869	969	203	bio1	1.020846	0.935628	3.179903
MGYG000004222__gradient_L0_base_gapseq	905	850	139	bio1	0.000000	0.868323	0.035218
MGYG000004222__gradient_L1_inulin_gapseq	905	850	139	bio1	0.000000	1.073361	0.035542
MGYG000004222__gradient_L2_fos_gapseq	905	850	139	bio1	0.000000	0.889926	0.034969
MGYG000004222__gradient_L3_gos_gapseq	905	850	139	bio1	0.000000	0.902030	0.041712
MGYG000004222__gradient_L4_xos_gapseq	905	850	139	bio1	0.000000	0.867128	0.036236
MGYG000004222__gradient_L5_pectin_gapseq	905	850	139	bio1	0.000000	1.022545	0.032276
MGYG000004222__gradient_L6_resistant_starch_gapseq	905	850	139	bio1	0.000000	0.856202	0.042059
MGYG000004222__gradient_L7_bglucan_gapseq	905	850	139	bio1	0.000000	0.898693	0.031194
MGYG000004222__gradient_L8_hmo_gapseq	905	850	139	bio1	0.000000	0.849128	0.035185
MGYG000004222__gradient_L9_mos_gapseq	905	850	139	bio1	0.000000	1.050903	0.044965
MGYG000004223__gradient_L0_base_gapseq	1185	1277	304	bio1	0.000000	1.292653	0.063564
MGYG000004223__gradient_L1_inulin_gapseq	1185	1277	304	bio1	0.000000	1.291277	0.071862
MGYG000004223__gradient_L2_fos_gapseq	1185	1277	304	bio1	0.000000	1.430909	0.066114
MGYG000004223__gradient_L3_gos_gapseq	1185	1277	304	bio1	0.940680	1.295949	5.237790
MGYG000004223__gradient_L4_xos_gapseq	1185	1277	304	bio1	0.940680	1.442748	5.172139
MGYG000004223__gradient_L5_pectin_gapseq	1185	1277	304	bio1	0.940680	1.317036	5.355990
MGYG000004223__gradient_L6_resistant_starch_gapseq	1185	1277	304	bio1	1.669962	1.326026	5.095970
MGYG000004223__gradient_L7_bglucan_gapseq	1185	1277	304	bio1	1.669962	1.411348	5.217397
MGYG000004223__gradient_L8_hmo_gapseq	1185	1277	304	bio1	1.669962	1.350872	5.126041
MGYG000004223__gradient_L9_mos_gapseq	1185	1277	304	bio1	1.805080	1.458811	5.169947
MGYG000004228__gradient_L0_base_gapseq	720	675	97	bio1	0.000000	0.678247	0.021490
MGYG000004228__gradient_L1_inulin_gapseq	720	675	97	bio1	0.000000	0.661383	0.026682
MGYG000004228__gradient_L2_fos_gapseq	720	675	97	bio1	0.000000	0.798772	0.023429
MGYG000004228__gradient_L3_gos_gapseq	720	675	97	bio1	0.000000	0.675739	0.036557
MGYG000004228__gradient_L4_xos_gapseq	720	675	97	bio1	0.000000	0.672296	0.026766
MGYG000004228__gradient_L5_pectin_gapseq	720	675	97	bio1	0.000000	0.645420	0.032670
MGYG000004228__gradient_L6_resistant_starch_gapseq	720	675	97	bio1	0.000000	0.652682	0.018066
MGYG000004228__gradient_L7_bglucan_gapseq	720	675	97	bio1	0.000000	0.804994	0.023449
MGYG000004228__gradient_L8_hmo_gapseq	720	675	97	bio1	0.000000	0.665574	0.024496
MGYG000004228__gradient_L9_mos_gapseq	720	675	97	bio1	0.000000	0.661838	0.025185
MGYG000004230__gradient_L0_base_gapseq	1628	1879	515	bio1	1.227249	1.987055	10.823454
MGYG000004230__gradient_L1_inulin_gapseq	1628	1879	515	bio1	1.565027	1.983890	10.770529
MGYG000004230__gradient_L2_fos_gapseq	1628	1879	515	bio1	1.565027	2.005896	10.707705
MGYG000004230__gradient_L3_gos_gapseq	1628	1879	515	bio1	1.894360	2.010693	10.808221
MGYG000004230__gradient_L4_xos_gapseq	1628	1879	515	bio1	1.993582	2.068405	10.576263
MGYG000004230__gradient_L5_pectin_gapseq	1628	1879	515	bio1	1.993582	2.200586	10.820784
MGYG000004230__gradient_L6_resistant_starch_gapseq	1628	1879	515	bio1	2.730360	2.369702	10.716445
MGYG000004230__gradient_L7_bglucan_gapseq	1628	1879	515	bio1	2.976679	2.278932	10.775819
MGYG000004230__gradient_L8_hmo_gapseq	1628	1879	515	bio1	3.147809	2.283391	10.561157
MGYG000004230__gradient_L9_mos_gapseq	1628	1879	515	bio1	3.314766	2.151517	10.569544
MGYG000004232__gradient_L0_base_gapseq	1257	1431	420	bio1	1.333947	1.434514	6.607811
MGYG000004232__gradient_L1_inulin_gapseq	1257	1431	420	bio1	1.688814	1.492116	6.505756
MGYG000004232__gradient_L2_fos_gapseq	1257	1431	420	bio1	1.688814	1.613344	6.387784
MGYG000004232__gradient_L3_gos_gapseq	1257	1431	420	bio1	2.060782	1.567524	6.399478
MGYG000004232__gradient_L4_xos_gapseq	1257	1431	420	bio1	2.060782	1.423810	6.433564
MGYG000004232__gradient_L5_pectin_gapseq	1257	1431	420	bio1	2.060782	1.447868	6.452188
MGYG000004232__gradient_L6_resistant_starch_gapseq	1257	1431	420	bio1	2.231802	1.614417	6.443275
MGYG000004232__gradient_L7_bglucan_gapseq	1257	1431	420	bio1	2.481919	1.436600	6.712851
MGYG000004232__gradient_L8_hmo_gapseq	1257	1431	420	bio1	2.481919	1.464171	6.401746
MGYG000004232__gradient_L9_mos_gapseq	1257	1431	420	bio1	2.652939	1.670491	6.556433
MGYG000004234__gradient_L0_base_gapseq	1210	1361	315	bio1	0.381776	1.418516	6.152056
MGYG000004234__gradient_L1_inulin_gapseq	1210	1361	315	bio1	0.553365	1.451034	5.842010
MGYG000004234__gradient_L2_fos_gapseq	1210	1361	315	bio1	0.553365	1.506979	5.841097
MGYG000004234__gradient_L3_gos_gapseq	1210	1361	315	bio1	0.887963	1.426570	6.013121
MGYG000004234__gradient_L4_xos_gapseq	1210	1361	315	bio1	0.887963	1.401320	5.846171
MGYG000004234__gradient_L5_pectin_gapseq	1210	1361	315	bio1	0.887963	1.497628	5.726538
MGYG000004234__gradient_L6_resistant_starch_gapseq	1210	1361	315	bio1	1.599948	1.469721	6.132070
MGYG000004234__gradient_L7_bglucan_gapseq	1210	1361	315	bio1	1.599948	1.379263	5.886567
MGYG000004234__gradient_L8_hmo_gapseq	1210	1361	315	bio1	1.765809	1.550531	5.909897
MGYG000004234__gradient_L9_mos_gapseq	1210	1361	315	bio1	1.927625	1.432305	5.989919
MGYG000004246__gradient_L0_base_gapseq	1326	1412	297	bio1	0.000000	1.563306	0.080374
MGYG000004246__gradient_L1_inulin_gapseq	1326	1412	297	bio1	0.000000	1.409126	0.083996
MGYG000004246__gradient_L2_fos_gapseq	1326	1412	297	bio1	0.000000	1.518536	0.077769
MGYG000004246__gradient_L3_gos_gapseq	1326	1412	297	bio1	0.620862	1.460891	6.381776
MGYG000004246__gradient_L4_xos_gapseq	1326	1412	297	bio1	0.684542	1.432325	6.214957
MGYG000004246__gradient_L5_pectin_gapseq	1326	1412	297	bio1	0.684542	1.566370	6.235696
MGYG000004246__gradient_L6_resistant_starch_gapseq	1326	1412	297	bio1	1.326626	1.417446	6.303202
MGYG000004246__gradient_L7_bglucan_gapseq	1326	1412	297	bio1	1.534332	1.423622	6.104801
MGYG000004246__gradient_L8_hmo_gapseq	1326	1412	297	bio1	1.534332	1.582620	6.281859
MGYG000004246__gradient_L9_mos_gapseq	1326	1412	297	bio1	1.641535	1.530187	6.231830
MGYG000004249__gradient_L0_base_gapseq	758	687	102	bio1	0.000000	0.659196	0.025140
MGYG000004249__gradient_L1_inulin_gapseq	758	687	102	bio1	0.000000	0.682638	0.027331
MGYG000004249__gradient_L2_fos_gapseq	758	687	102	bio1	0.000000	0.821018	0.026650
MGYG000004249__gradient_L3_gos_gapseq	758	687	102	bio1	0.000000	0.691989	0.033640
MGYG000004249__gradient_L4_xos_gapseq	758	687	102	bio1	0.000000	0.680939	0.021205
MGYG000004249__gradient_L5_pectin_gapseq	758	687	102	bio1	0.000000	0.677430	0.025933
MGYG000004249__gradient_L6_resistant_starch_gapseq	758	687	102	bio1	0.000000	0.844758	0.028070
MGYG000004249__gradient_L7_bglucan_gapseq	758	687	102	bio1	0.000000	0.694074	0.028173
MGYG000004249__gradient_L8_hmo_gapseq	758	687	102	bio1	0.000000	0.682666	0.026479
MGYG000004249__gradient_L9_mos_gapseq	758	687	102	bio1	0.000000	0.668021	0.026053
MGYG000004250__gradient_L0_base_gapseq	1438	1659	426	bio1	0.846725	1.744868	8.403189
MGYG000004250__gradient_L1_inulin_gapseq	1438	1659	426	bio1	1.094837	1.755442	8.225838
MGYG000004250__gradient_L2_fos_gapseq	1438	1659	426	bio1	1.094837	1.934900	8.205617
MGYG000004250__gradient_L3_gos_gapseq	1438	1659	426	bio1	1.370792	1.823662	8.231174
MGYG000004250__gradient_L4_xos_gapseq	1438	1659	426	bio1	1.442585	1.910174	8.365172
MGYG000004250__gradient_L5_pectin_gapseq	1438	1659	426	bio1	1.442585	1.873495	8.453427
MGYG000004250__gradient_L6_resistant_starch_gapseq	1438	1659	426	bio1	1.983278	1.719308	8.559967
MGYG000004250__gradient_L7_bglucan_gapseq	1438	1659	426	bio1	2.165004	1.789470	8.472677
MGYG000004250__gradient_L8_hmo_gapseq	1438	1659	426	bio1	2.299617	1.747596	8.379930
MGYG000004250__gradient_L9_mos_gapseq	1438	1659	426	bio1	2.389358	1.905866	8.431979
MGYG000004252__gradient_L0_base_gapseq	1344	1477	326	bio1	0.000000	1.499151	0.081220
MGYG000004252__gradient_L1_inulin_gapseq	1344	1477	326	bio1	0.457299	1.642774	6.654232
MGYG000004252__gradient_L2_fos_gapseq	1344	1477	326	bio1	0.457299	1.508007	6.695591
MGYG000004252__gradient_L3_gos_gapseq	1344	1477	326	bio1	0.457299	1.545800	6.573367
MGYG000004252__gradient_L4_xos_gapseq	1344	1477	326	bio1	0.457299	1.692401	6.537709
MGYG000004252__gradient_L5_pectin_gapseq	1344	1477	326	bio1	0.457299	1.532326	6.762849
MGYG000004252__gradient_L6_resistant_starch_gapseq	1344	1477	326	bio1	0.550627	1.562515	6.597921
MGYG000004252__gradient_L7_bglucan_gapseq	1344	1477	326	bio1	0.550627	1.712560	6.546042
MGYG000004252__gradient_L8_hmo_gapseq	1344	1477	326	bio1	0.550627	1.677438	6.618682
MGYG000004252__gradient_L9_mos_gapseq	1344	1477	326	bio1	0.550627	1.672558	6.852114
MGYG000004253__gradient_L0_base_gapseq	1260	1375	388	bio1	0.558902	1.526250	6.058177
MGYG000004253__gradient_L1_inulin_gapseq	1260	1375	388	bio1	0.744297	1.426730	6.324809
MGYG000004253__gradient_L2_fos_gapseq	1260	1375	388	bio1	0.744297	1.432065	5.970928
MGYG000004253__gradient_L3_gos_gapseq	1260	1375	388	bio1	0.744297	1.582435	5.959050
MGYG000004253__gradient_L4_xos_gapseq	1260	1375	388	bio1	0.744297	1.424171	6.277565
MGYG000004253__gradient_L5_pectin_gapseq	1260	1375	388	bio1	0.744297	1.510634	6.062271
MGYG000004253__gradient_L6_resistant_starch_gapseq	1260	1375	388	bio1	0.744297	1.657796	5.996287
MGYG000004253__gradient_L7_bglucan_gapseq	1260	1375	388	bio1	0.744297	1.470263	6.149746
MGYG000004253__gradient_L8_hmo_gapseq	1260	1375	388	bio1	0.744297	1.407638	6.196184
MGYG000004253__gradient_L9_mos_gapseq	1260	1375	388	bio1	0.905240	1.580806	6.054208
MGYG000004255__gradient_L0_base_gapseq	1102	1210	250	bio1	0.314252	1.216484	4.662501
MGYG000004255__gradient_L1_inulin_gapseq	1102	1210	250	bio1	0.452236	1.412220	4.643504
MGYG000004255__gradient_L2_fos_gapseq	1102	1210	250	bio1	0.452236	1.183074	4.865325
MGYG000004255__gradient_L3_gos_gapseq	1102	1210	250	bio1	0.452236	1.217054	4.602918
MGYG000004255__gradient_L4_xos_gapseq	1102	1210	250	bio1	0.452236	1.237411	5.044904
MGYG000004255__gradient_L5_pectin_gapseq	1102	1210	250	bio1	0.452236	1.262299	4.657992
MGYG000004255__gradient_L6_resistant_starch_gapseq	1102	1210	250	bio1	0.758958	1.376662	4.666743
MGYG000004255__gradient_L7_bglucan_gapseq	1102	1210	250	bio1	0.758958	1.228867	4.678071
MGYG000004255__gradient_L8_hmo_gapseq	1102	1210	250	bio1	0.758958	1.333266	4.653104
MGYG000004255__gradient_L9_mos_gapseq	1102	1210	250	bio1	0.878960	1.316539	4.858992
MGYG000004258__gradient_L0_base_gapseq	1134	1251	311	bio1	0.403790	1.294429	4.965588
MGYG000004258__gradient_L1_inulin_gapseq	1134	1251	311	bio1	0.619218	1.252717	4.872337
MGYG000004258__gradient_L2_fos_gapseq	1134	1251	311	bio1	0.619218	1.395955	4.864991
MGYG000004258__gradient_L3_gos_gapseq	1134	1251	311	bio1	0.797975	1.258493	5.087733
MGYG000004258__gradient_L4_xos_gapseq	1134	1251	311	bio1	0.797975	1.254488	4.937696
MGYG000004258__gradient_L5_pectin_gapseq	1134	1251	311	bio1	0.797975	1.255387	5.082645
MGYG000004258__gradient_L6_resistant_starch_gapseq	1134	1251	311	bio1	1.200199	1.284981	4.855396
MGYG000004258__gradient_L7_bglucan_gapseq	1134	1251	311	bio1	1.200199	1.421465	5.063036
MGYG000004258__gradient_L8_hmo_gapseq	1134	1251	311	bio1	1.200199	1.337003	5.084092
MGYG000004258__gradient_L9_mos_gapseq	1134	1251	311	bio1	1.294518	1.282003	4.819656
MGYG000004271__gradient_L0_base_gapseq	1550	1794	454	bio1	0.000000	1.804118	0.132337
MGYG000004271__gradient_L1_inulin_gapseq	1550	1794	454	bio1	0.000000	1.904563	0.118980
MGYG000004271__gradient_L2_fos_gapseq	1550	1794	454	bio1	0.000000	1.861850	0.133817
MGYG000004271__gradient_L3_gos_gapseq	1550	1794	454	bio1	1.168359	2.013568	9.777906
MGYG000004271__gradient_L4_xos_gapseq	1550	1794	454	bio1	1.214220	2.084233	9.833601
MGYG000004271__gradient_L5_pectin_gapseq	1550	1794	454	bio1	1.249162	2.022386	9.863765
MGYG000004271__gradient_L6_resistant_starch_gapseq	1550	1794	454	bio1	1.801680	2.060476	10.127523
MGYG000004271__gradient_L7_bglucan_gapseq	1550	1794	454	bio1	1.978573	1.823353	10.024108
MGYG000004271__gradient_L8_hmo_gapseq	1550	1794	454	bio1	2.109605	1.854041	10.279956
MGYG000004271__gradient_L9_mos_gapseq	1550	1794	454	bio1	2.196960	1.867486	9.833417
MGYG000004274__gradient_L0_base_gapseq	1157	1300	301	bio1	0.563591	1.282020	5.484228
MGYG000004274__gradient_L1_inulin_gapseq	1157	1300	301	bio1	0.792852	1.333061	5.377178
MGYG000004274__gradient_L2_fos_gapseq	1157	1300	301	bio1	0.792852	1.442560	5.422876
MGYG000004274__gradient_L3_gos_gapseq	1157	1300	301	bio1	1.021337	1.345721	5.599130
MGYG000004274__gradient_L4_xos_gapseq	1157	1300	301	bio1	1.021337	1.278083	5.309921
MGYG000004274__gradient_L5_pectin_gapseq	1157	1300	301	bio1	1.021337	1.559999	5.353051
MGYG000004274__gradient_L6_resistant_starch_gapseq	1157	1300	301	bio1	1.497192	1.314727	5.529691
MGYG000004274__gradient_L7_bglucan_gapseq	1157	1300	301	bio1	1.497192	1.377917	5.234933
MGYG000004274__gradient_L8_hmo_gapseq	1157	1300	301	bio1	1.497192	1.456926	5.377995
MGYG000004274__gradient_L9_mos_gapseq	1157	1300	301	bio1	1.608611	1.407404	5.413860
MGYG000004277__gradient_L0_base_gapseq	1321	1438	339	bio1	0.319136	1.503346	6.659817
MGYG000004277__gradient_L1_inulin_gapseq	1321	1438	339	bio1	0.455659	1.532523	6.488397
MGYG000004277__gradient_L2_fos_gapseq	1321	1438	339	bio1	0.455659	1.728860	6.600492
MGYG000004277__gradient_L3_gos_gapseq	1321	1438	339	bio1	0.455659	1.642526	6.622650
MGYG000004277__gradient_L4_xos_gapseq	1321	1438	339	bio1	0.455659	1.546144	6.782085
MGYG000004277__gradient_L5_pectin_gapseq	1321	1438	339	bio1	0.455659	1.492679	6.533069
MGYG000004277__gradient_L6_resistant_starch_gapseq	1321	1438	339	bio1	0.455659	1.687774	6.513142
MGYG000004277__gradient_L7_bglucan_gapseq	1321	1438	339	bio1	0.455659	1.668446	6.552712
MGYG000004277__gradient_L8_hmo_gapseq	1321	1438	339	bio1	0.455659	1.511171	6.593075
MGYG000004277__gradient_L9_mos_gapseq	1321	1438	339	bio1	0.455659	1.496633	6.569832
MGYG000004278__gradient_L0_base_gapseq	1166	1199	277	bio1	0.000000	1.231176	0.057801
MGYG000004278__gradient_L1_inulin_gapseq	1166	1199	277	bio1	0.000000	1.302307	0.060508
MGYG000004278__gradient_L2_fos_gapseq	1166	1199	277	bio1	0.000000	1.226080	0.067854
MGYG000004278__gradient_L3_gos_gapseq	1166	1199	277	bio1	0.000000	1.320977	0.061937
MGYG000004278__gradient_L4_xos_gapseq	1166	1199	277	bio1	0.300212	1.407227	4.572902
MGYG000004278__gradient_L5_pectin_gapseq	1166	1199	277	bio1	0.300212	1.213099	5.071804
MGYG000004278__gradient_L6_resistant_starch_gapseq	1166	1199	277	bio1	0.314016	1.258327	4.684867
MGYG000004278__gradient_L7_bglucan_gapseq	1166	1199	277	bio1	0.314016	1.244691	4.814532
MGYG000004278__gradient_L8_hmo_gapseq	1166	1199	277	bio1	0.314016	1.301975	4.537122
MGYG000004278__gradient_L9_mos_gapseq	1166	1199	277	bio1	0.314016	1.447718	4.609564
MGYG000004284__gradient_L0_base_gapseq	1192	1327	306	bio1	0.351614	1.438109	5.611783
MGYG000004284__gradient_L1_inulin_gapseq	1192	1327	306	bio1	0.512356	1.497175	5.564176
MGYG000004284__gradient_L2_fos_gapseq	1192	1327	306	bio1	0.512356	1.443639	5.613212
MGYG000004284__gradient_L3_gos_gapseq	1192	1327	306	bio1	0.663052	1.605927	5.742580
MGYG000004284__gradient_L4_xos_gapseq	1192	1327	306	bio1	0.663052	1.408357	5.818180
MGYG000004284__gradient_L5_pectin_gapseq	1192	1327	306	bio1	0.663052	1.328077	5.545214
MGYG000004284__gradient_L6_resistant_starch_gapseq	1192	1327	306	bio1	0.997068	1.522412	5.611306
MGYG000004284__gradient_L7_bglucan_gapseq	1192	1327	306	bio1	1.108960	1.347855	5.782952
MGYG000004284__gradient_L8_hmo_gapseq	1192	1327	306	bio1	1.108960	1.364735	5.827469
MGYG000004284__gradient_L9_mos_gapseq	1192	1327	306	bio1	1.188527	1.581879	5.672063
MGYG000004289__gradient_L0_base_gapseq	1310	1383	314	bio1	0.000000	1.620707	0.080115
MGYG000004289__gradient_L1_inulin_gapseq	1310	1383	314	bio1	0.486508	1.495401	6.153249
MGYG000004289__gradient_L2_fos_gapseq	1310	1383	314	bio1	0.486508	1.631098	6.076612
MGYG000004289__gradient_L3_gos_gapseq	1310	1383	314	bio1	0.486508	1.476628	6.522029
MGYG000004289__gradient_L4_xos_gapseq	1310	1383	314	bio1	0.500959	1.422183	6.282986
MGYG000004289__gradient_L5_pectin_gapseq	1310	1383	314	bio1	0.500959	1.633402	6.142333
MGYG000004289__gradient_L6_resistant_starch_gapseq	1310	1383	314	bio1	0.635835	1.553258	6.118350
MGYG000004289__gradient_L7_bglucan_gapseq	1310	1383	314	bio1	0.635835	1.504970	6.084355
MGYG000004289__gradient_L8_hmo_gapseq	1310	1383	314	bio1	0.635835	1.889812	6.193248
MGYG000004289__gradient_L9_mos_gapseq	1310	1383	314	bio1	0.635835	1.618745	6.291813
MGYG000004295	0	0	0	NONE	0.000000	0.000000	0.000000
MGYG000004298__gradient_L0_base_gapseq	1180	1297	274	bio1	0.349957	1.289545	5.206233
MGYG000004298__gradient_L1_inulin_gapseq	1180	1297	274	bio1	0.493531	1.498252	5.201518
MGYG000004298__gradient_L2_fos_gapseq	1180	1297	274	bio1	0.493531	1.388353	5.419989
MGYG000004298__gradient_L3_gos_gapseq	1180	1297	274	bio1	0.493531	1.388501	5.226801
MGYG000004298__gradient_L4_xos_gapseq	1180	1297	274	bio1	0.493531	1.447659	5.150637
MGYG000004298__gradient_L5_pectin_gapseq	1180	1297	274	bio1	0.493531	1.290764	5.086782
MGYG000004298__gradient_L6_resistant_starch_gapseq	1180	1297	274	bio1	1.146327	1.428081	5.277904
MGYG000004298__gradient_L7_bglucan_gapseq	1180	1297	274	bio1	1.146327	1.305917	5.420700
MGYG000004298__gradient_L8_hmo_gapseq	1180	1297	274	bio1	1.146327	1.388657	5.179382
MGYG000004298__gradient_L9_mos_gapseq	1180	1297	274	bio1	1.146327	1.464330	5.163783
MGYG000004308__gradient_L0_base_gapseq	1102	1178	272	bio1	0.000000	1.223177	0.212133
MGYG000004308__gradient_L1_inulin_gapseq	1102	1178	272	bio1	0.000000	1.292727	0.058538
MGYG000004308__gradient_L2_fos_gapseq	1102	1178	272	bio1	0.000000	1.208109	0.053225
MGYG000004308__gradient_L3_gos_gapseq	1102	1178	272	bio1	0.000000	1.269041	0.061459
MGYG000004308__gradient_L4_xos_gapseq	1102	1178	272	bio1	0.000000	1.204024	0.061539
MGYG000004308__gradient_L5_pectin_gapseq	1102	1178	272	bio1	0.000000	1.195508	0.053580
MGYG000004308__gradient_L6_resistant_starch_gapseq	1102	1178	272	bio1	0.000000	1.420681	0.073567
MGYG000004308__gradient_L7_bglucan_gapseq	1102	1178	272	bio1	0.000000	1.272918	0.069751
MGYG000004308__gradient_L8_hmo_gapseq	1102	1178	272	bio1	0.000000	1.323713	0.057290
MGYG000004308__gradient_L9_mos_gapseq	1102	1178	272	bio1	0.000000	1.206503	0.061332
MGYG000004323__gradient_L0_base_gapseq	1274	1406	304	bio1	0.000000	1.539316	0.063500
MGYG000004323__gradient_L1_inulin_gapseq	1274	1406	304	bio1	0.000000	1.391245	0.069956
MGYG000004323__gradient_L2_fos_gapseq	1274	1406	304	bio1	0.000000	1.482605	0.078538
MGYG000004323__gradient_L3_gos_gapseq	1274	1406	304	bio1	0.000000	1.456586	0.085716
MGYG000004323__gradient_L4_xos_gapseq	1274	1406	304	bio1	1.098815	1.408657	6.255638
MGYG000004323__gradient_L5_pectin_gapseq	1274	1406	304	bio1	1.098815	1.485582	6.077091
MGYG000004323__gradient_L6_resistant_starch_gapseq	1274	1406	304	bio1	1.801135	1.644229	5.994364
MGYG000004323__gradient_L7_bglucan_gapseq	1274	1406	304	bio1	2.047896	1.560452	5.981614
MGYG000004323__gradient_L8_hmo_gapseq	1274	1406	304	bio1	2.047896	1.436276	5.908482
MGYG000004323__gradient_L9_mos_gapseq	1274	1406	304	bio1	2.182876	1.589911	6.196922
MGYG000004329__gradient_L0_base_gapseq	1308	1495	329	bio1	0.769920	1.529135	7.368291
MGYG000004329__gradient_L1_inulin_gapseq	1308	1495	329	bio1	0.874478	1.563880	6.936316
MGYG000004329__gradient_L2_fos_gapseq	1308	1495	329	bio1	0.874478	1.657783	6.871342
MGYG000004329__gradient_L3_gos_gapseq	1308	1495	329	bio1	0.952897	1.705068	6.940288
MGYG000004329__gradient_L4_xos_gapseq	1308	1495	329	bio1	0.952897	1.659149	7.205036
MGYG000004329__gradient_L5_pectin_gapseq	1308	1495	329	bio1	0.952897	1.491072	6.953681
MGYG000004329__gradient_L6_resistant_starch_gapseq	1308	1495	329	bio1	1.057458	1.659730	6.980767
MGYG000004329__gradient_L7_bglucan_gapseq	1308	1495	329	bio1	1.057458	1.610864	7.054864
MGYG000004329__gradient_L8_hmo_gapseq	1308	1495	329	bio1	1.057458	1.555716	7.125196
MGYG000004329__gradient_L9_mos_gapseq	1308	1495	329	bio1	1.153253	1.510657	6.922650
MGYG000004335__gradient_L0_base_gapseq	1149	1311	322	bio1	0.790848	1.388750	5.696200
MGYG000004335__gradient_L1_inulin_gapseq	1149	1311	322	bio1	1.085263	1.322990	5.249379
MGYG000004335__gradient_L2_fos_gapseq	1149	1311	322	bio1	1.085263	1.434181	5.275243
MGYG000004335__gradient_L3_gos_gapseq	1149	1311	322	bio1	1.380636	1.304956	5.411129
MGYG000004335__gradient_L4_xos_gapseq	1149	1311	322	bio1	1.380636	1.542419	5.331309
MGYG000004335__gradient_L5_pectin_gapseq	1149	1311	322	bio1	1.380636	1.540787	5.401942
MGYG000004335__gradient_L6_resistant_starch_gapseq	1149	1311	322	bio1	2.000472	1.320138	5.384989
MGYG000004335__gradient_L7_bglucan_gapseq	1149	1311	322	bio1	2.000472	1.474756	5.467609
MGYG000004335__gradient_L8_hmo_gapseq	1149	1311	322	bio1	2.000472	1.304105	5.466039
MGYG000004335__gradient_L9_mos_gapseq	1149	1311	322	bio1	2.143683	1.332343	5.421667
MGYG000004337__gradient_L0_base_gapseq	1327	1398	340	bio1	0.418021	1.603824	6.077591
MGYG000004337__gradient_L1_inulin_gapseq	1327	1398	340	bio1	0.566651	1.497382	6.105297
MGYG000004337__gradient_L2_fos_gapseq	1327	1398	340	bio1	0.566651	1.495178	6.140902
MGYG000004337__gradient_L3_gos_gapseq	1327	1398	340	bio1	0.566651	1.566784	6.239130
MGYG000004337__gradient_L4_xos_gapseq	1327	1398	340	bio1	0.566651	1.461329	6.198033
MGYG000004337__gradient_L5_pectin_gapseq	1327	1398	340	bio1	0.566651	1.473382	6.110210
MGYG000004337__gradient_L6_resistant_starch_gapseq	1327	1398	340	bio1	0.683582	1.647489	6.021772
MGYG000004337__gradient_L7_bglucan_gapseq	1327	1398	340	bio1	0.683582	1.632593	6.039042
MGYG000004337__gradient_L8_hmo_gapseq	1327	1398	340	bio1	0.683582	1.504287	6.309510
MGYG000004337__gradient_L9_mos_gapseq	1327	1398	340	bio1	0.683582	1.500427	6.084311
MGYG000004341__gradient_L0_base_gapseq	1169	1232	277	bio1	0.000000	1.476689	0.064043
MGYG000004341__gradient_L1_inulin_gapseq	1169	1232	277	bio1	0.000000	1.285018	0.062555
MGYG000004341__gradient_L2_fos_gapseq	1169	1232	277	bio1	0.000000	1.376102	0.064380
MGYG000004341__gradient_L3_gos_gapseq	1169	1232	277	bio1	0.000000	1.246203	0.064077
MGYG000004341__gradient_L4_xos_gapseq	1169	1232	277	bio1	0.341771	1.242672	4.955358
MGYG000004341__gradient_L5_pectin_gapseq	1169	1232	277	bio1	0.341771	1.253300	4.815477
MGYG000004341__gradient_L6_resistant_starch_gapseq	1169	1232	277	bio1	0.377624	1.486412	4.777592
MGYG000004341__gradient_L7_bglucan_gapseq	1169	1232	277	bio1	0.379828	1.262898	4.973285
MGYG000004341__gradient_L8_hmo_gapseq	1169	1232	277	bio1	0.379828	1.416203	4.746469
MGYG000004341__gradient_L9_mos_gapseq	1169	1232	277	bio1	0.379828	1.279058	5.037776
MGYG000004356__gradient_L0_base_gapseq	1173	1313	324	bio1	0.775170	1.287989	5.458587
MGYG000004356__gradient_L1_inulin_gapseq	1173	1313	324	bio1	1.066916	1.437441	5.553427
MGYG000004356__gradient_L2_fos_gapseq	1173	1313	324	bio1	1.066916	1.301650	5.798024
MGYG000004356__gradient_L3_gos_gapseq	1173	1313	324	bio1	1.359710	1.340763	5.424267
MGYG000004356__gradient_L4_xos_gapseq	1173	1313	324	bio1	1.359710	1.447780	5.527069
MGYG000004356__gradient_L5_pectin_gapseq	1173	1313	324	bio1	1.359710	1.311374	5.528068
MGYG000004356__gradient_L6_resistant_starch_gapseq	1173	1313	324	bio1	1.974136	1.484395	5.436030
MGYG000004356__gradient_L7_bglucan_gapseq	1173	1313	324	bio1	1.974136	1.518544	5.452413
MGYG000004356__gradient_L8_hmo_gapseq	1173	1313	324	bio1	1.974136	1.343553	5.375314
MGYG000004356__gradient_L9_mos_gapseq	1173	1313	324	bio1	2.116097	1.461951	5.453454
MGYG000004359__gradient_L0_base_gapseq	1492	1627	432	bio1	0.790984	1.942708	8.347418
MGYG000004359__gradient_L1_inulin_gapseq	1492	1627	432	bio1	1.043099	1.877094	8.289424
MGYG000004359__gradient_L2_fos_gapseq	1492	1627	432	bio1	1.043099	1.683674	8.471727
MGYG000004359__gradient_L3_gos_gapseq	1492	1627	432	bio1	1.043099	1.728607	8.432267
MGYG000004359__gradient_L4_xos_gapseq	1492	1627	432	bio1	1.080358	1.739380	8.347143
MGYG000004359__gradient_L5_pectin_gapseq	1492	1627	432	bio1	1.080358	1.779129	8.184778
MGYG000004359__gradient_L6_resistant_starch_gapseq	1492	1627	432	bio1	1.384281	1.889767	8.245550
MGYG000004359__gradient_L7_bglucan_gapseq	1492	1627	432	bio1	1.384281	2.172595	8.334921
MGYG000004359__gradient_L8_hmo_gapseq	1492	1627	432	bio1	1.384281	1.878892	8.269193
MGYG000004359__gradient_L9_mos_gapseq	1492	1627	432	bio1	1.508512	1.739917	8.254503
MGYG000004366__gradient_L0_base_gapseq	1170	1322	319	bio1	0.760201	1.483266	5.493242
MGYG000004366__gradient_L1_inulin_gapseq	1170	1322	319	bio1	1.053759	1.378217	5.701745
MGYG000004366__gradient_L2_fos_gapseq	1170	1322	319	bio1	1.053759	1.370962	5.472233
MGYG000004366__gradient_L3_gos_gapseq	1170	1322	319	bio1	1.347834	1.494315	5.539595
MGYG000004366__gradient_L4_xos_gapseq	1170	1322	319	bio1	1.403318	1.348210	5.579236
MGYG000004366__gradient_L5_pectin_gapseq	1170	1322	319	bio1	1.403318	1.338196	5.543746
MGYG000004366__gradient_L6_resistant_starch_gapseq	1170	1322	319	bio1	2.021318	1.481639	5.463266
MGYG000004366__gradient_L7_bglucan_gapseq	1170	1322	319	bio1	2.021318	1.385216	5.668036
MGYG000004366__gradient_L8_hmo_gapseq	1170	1322	319	bio1	2.021318	1.347427	5.446906
MGYG000004366__gradient_L9_mos_gapseq	1170	1322	319	bio1	2.164105	1.522607	5.468969
MGYG000004369__gradient_L0_base_gapseq	1341	1550	393	bio1	0.166964	1.708307	7.378138
MGYG000004369__gradient_L1_inulin_gapseq	1341	1550	393	bio1	0.275271	1.595221	7.619604
MGYG000004369__gradient_L2_fos_gapseq	1341	1550	393	bio1	0.275271	1.609267	7.574399
MGYG000004369__gradient_L3_gos_gapseq	1341	1550	393	bio1	0.485117	1.627735	7.275725
MGYG000004369__gradient_L4_xos_gapseq	1341	1550	393	bio1	0.546039	1.642602	7.360218
MGYG000004369__gradient_L5_pectin_gapseq	1341	1550	393	bio1	0.577629	1.752643	7.384420
MGYG000004369__gradient_L6_resistant_starch_gapseq	1341	1550	393	bio1	1.003832	1.623088	7.717994
MGYG000004369__gradient_L7_bglucan_gapseq	1341	1550	393	bio1	1.155397	1.552493	7.327275
MGYG000004369__gradient_L8_hmo_gapseq	1341	1550	393	bio1	1.155397	1.717994	7.396696
MGYG000004369__gradient_L9_mos_gapseq	1341	1550	393	bio1	1.225687	1.714153	7.493227
MGYG000004370__gradient_L0_base_gapseq	1134	1198	210	bio1	0.000000	1.229389	0.056446
MGYG000004370__gradient_L1_inulin_gapseq	1134	1198	210	bio1	0.000000	1.377606	0.056974
MGYG000004370__gradient_L2_fos_gapseq	1134	1198	210	bio1	0.000000	1.219176	0.058714
MGYG000004370__gradient_L3_gos_gapseq	1134	1198	210	bio1	0.000000	1.330753	0.065949
MGYG000004370__gradient_L4_xos_gapseq	1134	1198	210	bio1	0.000000	1.266661	0.071313
MGYG000004370__gradient_L5_pectin_gapseq	1134	1198	210	bio1	0.000000	1.256674	0.065997
MGYG000004370__gradient_L6_resistant_starch_gapseq	1134	1198	210	bio1	0.000000	1.389579	0.064978
MGYG000004370__gradient_L7_bglucan_gapseq	1134	1198	210	bio1	0.000000	1.211527	0.066099
MGYG000004370__gradient_L8_hmo_gapseq	1134	1198	210	bio1	0.000000	1.235891	0.060161
MGYG000004370__gradient_L9_mos_gapseq	1134	1198	210	bio1	0.000000	1.410160	0.057576
MGYG000004376__gradient_L0_base_gapseq	1130	1271	283	bio1	0.000000	1.293476	0.072470
MGYG000004376__gradient_L1_inulin_gapseq	1130	1271	283	bio1	0.000000	1.440914	0.070794
MGYG000004376__gradient_L2_fos_gapseq	1130	1271	283	bio1	0.000000	1.324012	0.070426
MGYG000004376__gradient_L3_gos_gapseq	1130	1271	283	bio1	0.771245	1.428031	5.036566
MGYG000004376__gradient_L4_xos_gapseq	1130	1271	283	bio1	0.871850	1.315087	4.933033
MGYG000004376__gradient_L5_pectin_gapseq	1130	1271	283	bio1	0.871850	1.517370	5.024461
MGYG000004376__gradient_L6_resistant_starch_gapseq	1130	1271	283	bio1	0.981117	1.354657	5.105644
MGYG000004376__gradient_L7_bglucan_gapseq	1130	1271	283	bio1	0.981117	1.311785	4.978381
MGYG000004376__gradient_L8_hmo_gapseq	1130	1271	283	bio1	0.981117	1.458721	4.949700
MGYG000004376__gradient_L9_mos_gapseq	1130	1271	283	bio1	0.981117	1.272667	5.077465
MGYG000004380__gradient_L0_base_gapseq	1388	1526	354	bio1	0.000000	1.613040	0.080036
MGYG000004380__gradient_L1_inulin_gapseq	1388	1526	354	bio1	0.000000	1.793420	0.098504
MGYG000004380__gradient_L2_fos_gapseq	1388	1526	354	bio1	0.000000	1.590803	0.094280
MGYG000004380__gradient_L3_gos_gapseq	1388	1526	354	bio1	0.855061	1.776481	7.185522
MGYG000004380__gradient_L4_xos_gapseq	1388	1526	354	bio1	0.855061	1.763658	7.388579
MGYG000004380__gradient_L5_pectin_gapseq	1388	1526	354	bio1	0.855061	1.606918	7.415946
MGYG000004380__gradient_L6_resistant_starch_gapseq	1388	1526	354	bio1	1.393218	1.601301	7.394646
MGYG000004380__gradient_L7_bglucan_gapseq	1388	1526	354	bio1	1.393218	1.629136	7.413834
MGYG000004380__gradient_L8_hmo_gapseq	1388	1526	354	bio1	1.393218	1.799551	7.223169
MGYG000004380__gradient_L9_mos_gapseq	1388	1526	354	bio1	1.393218	1.725124	7.274929
MGYG000004382__gradient_L0_base_gapseq	1348	1473	380	bio1	0.000000	1.561124	0.097525
MGYG000004382__gradient_L1_inulin_gapseq	1348	1473	380	bio1	0.000000	1.686614	0.089156
MGYG000004382__gradient_L2_fos_gapseq	1348	1473	380	bio1	0.000000	1.559594	0.079480
MGYG000004382__gradient_L3_gos_gapseq	1348	1473	380	bio1	0.724615	1.634598	6.789918
MGYG000004382__gradient_L4_xos_gapseq	1348	1473	380	bio1	0.724615	1.562497	7.223512
MGYG000004382__gradient_L5_pectin_gapseq	1348	1473	380	bio1	0.724615	1.545647	6.847548
MGYG000004382__gradient_L6_resistant_starch_gapseq	1348	1473	380	bio1	1.224751	1.686617	6.933221
MGYG000004382__gradient_L7_bglucan_gapseq	1348	1473	380	bio1	1.224751	1.630046	7.117401
MGYG000004382__gradient_L8_hmo_gapseq	1348	1473	380	bio1	1.224751	1.610635	7.016791
MGYG000004382__gradient_L9_mos_gapseq	1348	1473	380	bio1	1.224751	1.528832	6.831577
MGYG000004387__gradient_L0_base_gapseq	1168	1269	316	bio1	0.814736	1.289738	5.048821
MGYG000004387__gradient_L1_inulin_gapseq	1168	1269	316	bio1	1.105032	1.508998	5.178851
MGYG000004387__gradient_L2_fos_gapseq	1168	1269	316	bio1	1.105032	1.269037	5.237398
MGYG000004387__gradient_L3_gos_gapseq	1168	1269	316	bio1	1.396181	1.291741	5.146235
MGYG000004387__gradient_L4_xos_gapseq	1168	1269	316	bio1	1.396181	1.443817	5.123762
MGYG000004387__gradient_L5_pectin_gapseq	1168	1269	316	bio1	1.396181	1.330735	5.349072
MGYG000004387__gradient_L6_resistant_starch_gapseq	1168	1269	316	bio1	2.007152	1.508708	5.060525
MGYG000004387__gradient_L7_bglucan_gapseq	1168	1269	316	bio1	2.007152	1.428852	5.122293
MGYG000004387__gradient_L8_hmo_gapseq	1168	1269	316	bio1	2.007152	1.271530	5.071262
MGYG000004387__gradient_L9_mos_gapseq	1168	1269	316	bio1	2.148315	1.428192	5.081318
MGYG000004393__gradient_L0_base_gapseq	648	633	83	bio1	0.000000	0.777240	0.023419
MGYG000004393__gradient_L1_inulin_gapseq	648	633	83	bio1	0.000000	0.603927	0.021455
MGYG000004393__gradient_L2_fos_gapseq	648	633	83	bio1	0.000000	0.606520	0.028733
MGYG000004393__gradient_L3_gos_gapseq	648	633	83	bio1	0.000000	0.613670	0.024544
MGYG000004393__gradient_L4_xos_gapseq	648	633	83	bio1	0.000000	0.581937	0.028386
MGYG000004393__gradient_L5_pectin_gapseq	648	633	83	bio1	0.000000	0.596757	0.028911
MGYG000004393__gradient_L6_resistant_starch_gapseq	648	633	83	bio1	0.000000	0.730133	0.023524
MGYG000004393__gradient_L7_bglucan_gapseq	648	633	83	bio1	0.000000	0.608021	0.022077
MGYG000004393__gradient_L8_hmo_gapseq	648	633	83	bio1	0.000000	0.605111	0.027747
MGYG000004393__gradient_L9_mos_gapseq	648	633	83	bio1	0.000000	0.608280	0.027970
MGYG000004416__gradient_L0_base_gapseq	1104	1180	206	bio1	0.000000	1.308866	0.065108
MGYG000004416__gradient_L1_inulin_gapseq	1104	1180	206	bio1	0.136901	1.184032	4.431873
MGYG000004416__gradient_L2_fos_gapseq	1104	1180	206	bio1	0.136901	1.203690	4.857864
MGYG000004416__gradient_L3_gos_gapseq	1104	1180	206	bio1	0.136901	1.205579	4.532020
MGYG000004416__gradient_L4_xos_gapseq	1104	1180	206	bio1	0.136901	1.414607	4.563763
MGYG000004416__gradient_L5_pectin_gapseq	1104	1180	206	bio1	0.136901	1.209745	4.456809
MGYG000004416__gradient_L6_resistant_starch_gapseq	1104	1180	206	bio1	0.176018	1.379812	4.546328
MGYG000004416__gradient_L7_bglucan_gapseq	1104	1180	206	bio1	0.176018	1.196017	4.578707
MGYG000004416__gradient_L8_hmo_gapseq	1104	1180	206	bio1	0.176018	1.219163	4.540573
MGYG000004416__gradient_L9_mos_gapseq	1104	1180	206	bio1	0.215136	1.195424	4.545413
MGYG000004424__gradient_L0_base_gapseq	941	1097	253	bio1	0.290025	1.210674	3.769931
MGYG000004424__gradient_L1_inulin_gapseq	941	1097	253	bio1	0.400514	1.063250	3.722477
MGYG000004424__gradient_L2_fos_gapseq	941	1097	253	bio1	0.400514	1.250602	3.699937
MGYG000004424__gradient_L3_gos_gapseq	941	1097	253	bio1	0.400514	1.225190	3.789052
MGYG000004424__gradient_L4_xos_gapseq	941	1097	253	bio1	0.441947	1.267876	3.750381
MGYG000004424__gradient_L5_pectin_gapseq	941	1097	253	bio1	0.441947	1.116841	3.762723
MGYG000004424__gradient_L6_resistant_starch_gapseq	941	1097	253	bio1	0.707453	1.200573	3.683573
MGYG000004424__gradient_L7_bglucan_gapseq	941	1097	253	bio1	0.707453	1.045899	3.745787
MGYG000004424__gradient_L8_hmo_gapseq	941	1097	253	bio1	0.707453	1.214497	3.700735
MGYG000004424__gradient_L9_mos_gapseq	941	1097	253	bio1	0.707453	1.045602	3.776619
MGYG000004425__gradient_L0_base_gapseq	874	960	174	bio1	0.000000	1.079038	0.042621
MGYG000004425__gradient_L1_inulin_gapseq	874	960	174	bio1	0.000000	0.923593	0.039050
MGYG000004425__gradient_L2_fos_gapseq	874	960	174	bio1	0.000000	0.951707	0.050736
MGYG000004425__gradient_L3_gos_gapseq	874	960	174	bio1	0.423509	1.016117	2.960121
MGYG000004425__gradient_L4_xos_gapseq	874	960	174	bio1	0.423509	0.929933	2.995741
MGYG000004425__gradient_L5_pectin_gapseq	874	960	174	bio1	0.473069	1.097849	3.340251
MGYG000004425__gradient_L6_resistant_starch_gapseq	874	960	174	bio1	1.083716	0.943379	2.955801
MGYG000004425__gradient_L7_bglucan_gapseq	874	960	174	bio1	1.083716	0.939094	2.992799
MGYG000004425__gradient_L8_hmo_gapseq	874	960	174	bio1	1.083716	1.033144	2.978174
MGYG000004425__gradient_L9_mos_gapseq	874	960	174	bio1	1.186316	0.918429	2.979398
MGYG000004435__gradient_L0_base_gapseq	840	876	188	bio1	0.000000	0.875157	0.036501
MGYG000004435__gradient_L1_inulin_gapseq	840	876	188	bio1	0.000000	0.966818	0.040529
MGYG000004435__gradient_L2_fos_gapseq	840	876	188	bio1	0.000000	0.829961	0.035428
MGYG000004435__gradient_L3_gos_gapseq	840	876	188	bio1	0.033653	0.832767	2.567423
MGYG000004435__gradient_L4_xos_gapseq	840	876	188	bio1	0.033653	1.043007	2.547901
MGYG000004435__gradient_L5_pectin_gapseq	840	876	188	bio1	0.047117	0.863757	2.622233
MGYG000004435__gradient_L6_resistant_starch_gapseq	840	876	188	bio1	0.047117	0.893263	2.475983
MGYG000004435__gradient_L7_bglucan_gapseq	840	876	188	bio1	0.047117	1.012630	2.543731
MGYG000004435__gradient_L8_hmo_gapseq	840	876	188	bio1	0.047558	0.846924	2.567456
MGYG000004435__gradient_L9_mos_gapseq	840	876	188	bio1	0.047558	0.834099	2.655581
MGYG000004439__gradient_L0_base_gapseq	1169	1285	260	bio1	0.000000	1.477246	0.067097
MGYG000004439__gradient_L1_inulin_gapseq	1169	1285	260	bio1	0.000000	1.342005	0.063681
MGYG000004439__gradient_L2_fos_gapseq	1169	1285	260	bio1	0.000000	1.443209	0.055462
MGYG000004439__gradient_L3_gos_gapseq	1169	1285	260	bio1	0.776885	1.331784	5.031988
MGYG000004439__gradient_L4_xos_gapseq	1169	1285	260	bio1	0.833706	1.470892	4.982036
MGYG000004439__gradient_L5_pectin_gapseq	1169	1285	260	bio1	0.833706	1.316299	5.247016
MGYG000004439__gradient_L6_resistant_starch_gapseq	1169	1285	260	bio1	1.136893	1.306983	4.901675
MGYG000004439__gradient_L7_bglucan_gapseq	1169	1285	260	bio1	1.136893	1.431186	5.083663
MGYG000004439__gradient_L8_hmo_gapseq	1169	1285	260	bio1	1.136893	1.333343	5.080132
MGYG000004439__gradient_L9_mos_gapseq	1169	1285	260	bio1	1.210989	1.473695	5.056212
MGYG000004445__gradient_L0_base_gapseq	893	897	192	bio1	0.000000	1.010610	0.036376
MGYG000004445__gradient_L1_inulin_gapseq	893	897	192	bio1	0.000000	0.924918	0.044339
MGYG000004445__gradient_L2_fos_gapseq	893	897	192	bio1	0.000000	1.098534	0.045319
MGYG000004445__gradient_L3_gos_gapseq	893	897	192	bio1	0.000000	0.942259	0.044074
MGYG000004445__gradient_L4_xos_gapseq	893	897	192	bio1	0.000000	0.897537	0.038162
MGYG000004445__gradient_L5_pectin_gapseq	893	897	192	bio1	0.000000	0.985570	0.035984
MGYG000004445__gradient_L6_resistant_starch_gapseq	893	897	192	bio1	0.000000	0.916226	0.042496
MGYG000004445__gradient_L7_bglucan_gapseq	893	897	192	bio1	0.000000	0.885518	0.044400
MGYG000004445__gradient_L8_hmo_gapseq	893	897	192	bio1	0.000000	0.935443	0.054233
MGYG000004445__gradient_L9_mos_gapseq	893	897	192	bio1	0.000000	0.999767	0.039230
MGYG000004447__gradient_L0_base_gapseq	651	635	79	bio1	0.000000	0.602124	0.018287
MGYG000004447__gradient_L1_inulin_gapseq	651	635	79	bio1	0.000000	0.633689	0.031411
MGYG000004447__gradient_L2_fos_gapseq	651	635	79	bio1	0.000000	0.589298	0.019756
MGYG000004447__gradient_L3_gos_gapseq	651	635	79	bio1	0.000000	0.585509	0.021957
MGYG000004447__gradient_L4_xos_gapseq	651	635	79	bio1	0.000000	0.767252	0.023588
MGYG000004447__gradient_L5_pectin_gapseq	651	635	79	bio1	0.000000	0.597879	0.023161
MGYG000004447__gradient_L6_resistant_starch_gapseq	651	635	79	bio1	0.000000	0.600677	0.027871
MGYG000004447__gradient_L7_bglucan_gapseq	651	635	79	bio1	0.000000	0.622771	0.022423
MGYG000004447__gradient_L8_hmo_gapseq	651	635	79	bio1	0.000000	0.605677	0.023621
MGYG000004447__gradient_L9_mos_gapseq	651	635	79	bio1	0.000000	0.600720	0.029601
MGYG000004456__gradient_L0_base_gapseq	1360	1612	421	bio1	0.000000	1.596088	0.092902
MGYG000004456__gradient_L1_inulin_gapseq	1360	1612	421	bio1	0.000000	1.658345	0.110277
MGYG000004456__gradient_L2_fos_gapseq	1360	1612	421	bio1	0.000000	1.679952	0.102289
MGYG000004456__gradient_L3_gos_gapseq	1360	1612	421	bio1	0.889086	1.720420	7.816174
MGYG000004456__gradient_L4_xos_gapseq	1360	1612	421	bio1	0.951764	1.641314	8.226636
MGYG000004456__gradient_L5_pectin_gapseq	1360	1612	421	bio1	0.984263	1.638912	8.125846
MGYG000004456__gradient_L6_resistant_starch_gapseq	1360	1612	421	bio1	1.450865	1.616296	8.101318
MGYG000004456__gradient_L7_bglucan_gapseq	1360	1612	421	bio1	1.611041	1.779349	7.906006
MGYG000004456__gradient_L8_hmo_gapseq	1360	1612	421	bio1	1.611041	1.779065	7.695219
MGYG000004456__gradient_L9_mos_gapseq	1360	1612	421	bio1	1.713183	1.632365	7.961997
MGYG000004463__gradient_L0_base_gapseq	1178	1289	308	bio1	0.000000	1.510962	0.062628
MGYG000004463__gradient_L1_inulin_gapseq	1178	1289	308	bio1	0.000000	1.342082	0.070843
MGYG000004463__gradient_L2_fos_gapseq	1178	1289	308	bio1	0.000000	1.489548	0.077341
MGYG000004463__gradient_L3_gos_gapseq	1178	1289	308	bio1	0.000000	1.310173	0.077678
MGYG000004463__gradient_L4_xos_gapseq	1178	1289	308	bio1	0.000000	1.485634	0.070803
MGYG000004463__gradient_L5_pectin_gapseq	1178	1289	308	bio1	0.000000	1.368146	0.068589
MGYG000004463__gradient_L6_resistant_starch_gapseq	1178	1289	308	bio1	0.000000	1.309197	0.079760
MGYG000004463__gradient_L7_bglucan_gapseq	1178	1289	308	bio1	0.000000	1.539458	0.075206
MGYG000004463__gradient_L8_hmo_gapseq	1178	1289	308	bio1	0.000000	1.333374	0.085256
MGYG000004463__gradient_L9_mos_gapseq	1178	1289	308	bio1	0.000000	1.588578	0.082153
MGYG000004464__gradient_L0_base_gapseq	1227	1365	304	bio1	0.000000	1.532566	0.080512
MGYG000004464__gradient_L1_inulin_gapseq	1227	1365	304	bio1	0.000000	1.395448	0.084977
MGYG000004464__gradient_L2_fos_gapseq	1227	1365	304	bio1	0.000000	1.488497	0.079577
MGYG000004464__gradient_L3_gos_gapseq	1227	1365	304	bio1	0.000000	1.384474	0.081364
MGYG000004464__gradient_L4_xos_gapseq	1227	1365	304	bio1	0.527991	1.495645	5.954083
MGYG000004464__gradient_L5_pectin_gapseq	1227	1365	304	bio1	0.527991	1.381968	5.975454
MGYG000004464__gradient_L6_resistant_starch_gapseq	1227	1365	304	bio1	0.788588	1.668559	6.023072
MGYG000004464__gradient_L7_bglucan_gapseq	1227	1365	304	bio1	0.788588	1.412463	6.308985
MGYG000004464__gradient_L8_hmo_gapseq	1227	1365	304	bio1	0.788588	1.471077	5.988971
MGYG000004464__gradient_L9_mos_gapseq	1227	1365	304	bio1	0.882357	1.555603	5.837823
MGYG000004468__gradient_L0_base_gapseq	1287	1437	336	bio1	0.426446	1.609365	6.434127
MGYG000004468__gradient_L1_inulin_gapseq	1287	1437	336	bio1	0.528425	1.436648	6.652273
MGYG000004468__gradient_L2_fos_gapseq	1287	1437	336	bio1	0.528425	1.457312	6.476638
MGYG000004468__gradient_L3_gos_gapseq	1287	1437	336	bio1	0.604909	1.565645	6.459637
MGYG000004468__gradient_L4_xos_gapseq	1287	1437	336	bio1	0.667487	1.577054	6.825961
MGYG000004468__gradient_L5_pectin_gapseq	1287	1437	336	bio1	0.699934	1.437194	6.651086
MGYG000004468__gradient_L6_resistant_starch_gapseq	1287	1437	336	bio1	0.801913	1.456335	6.373759
MGYG000004468__gradient_L7_bglucan_gapseq	1287	1437	336	bio1	0.801913	1.525086	6.472387
MGYG000004468__gradient_L8_hmo_gapseq	1287	1437	336	bio1	0.801913	1.476493	6.644897
MGYG000004468__gradient_L9_mos_gapseq	1287	1437	336	bio1	0.903892	1.517611	6.397145
MGYG000004476__gradient_L0_base_gapseq	1005	1057	218	bio1	0.000000	1.058880	0.053315
MGYG000004476__gradient_L1_inulin_gapseq	1005	1057	218	bio1	0.573897	1.050589	3.768290
MGYG000004476__gradient_L2_fos_gapseq	1005	1057	218	bio1	0.573897	1.055472	3.532193
MGYG000004476__gradient_L3_gos_gapseq	1005	1057	218	bio1	0.679849	1.082619	3.780720
MGYG000004476__gradient_L4_xos_gapseq	1005	1057	218	bio1	0.679849	1.110254	3.625820
MGYG000004476__gradient_L5_pectin_gapseq	1005	1057	218	bio1	0.679849	1.072773	3.795212
MGYG000004476__gradient_L6_resistant_starch_gapseq	1005	1057	218	bio1	1.431344	1.039417	3.709272
MGYG000004476__gradient_L7_bglucan_gapseq	1005	1057	218	bio1	1.431344	1.036387	3.958644
MGYG000004476__gradient_L8_hmo_gapseq	1005	1057	218	bio1	1.431344	1.117928	3.672162
MGYG000004476__gradient_L9_mos_gapseq	1005	1057	218	bio1	1.565468	1.088493	3.749024
MGYG000004478__gradient_L0_base_gapseq	1162	1252	258	bio1	0.278374	1.284669	5.108989
MGYG000004478__gradient_L1_inulin_gapseq	1162	1252	258	bio1	0.422054	1.276792	5.046469
MGYG000004478__gradient_L2_fos_gapseq	1162	1252	258	bio1	0.422054	1.492931	5.008620
MGYG000004478__gradient_L3_gos_gapseq	1162	1252	258	bio1	0.422054	1.290113	5.047374
MGYG000004478__gradient_L4_xos_gapseq	1162	1252	258	bio1	0.422054	1.513088	5.173355
MGYG000004478__gradient_L5_pectin_gapseq	1162	1252	258	bio1	0.422054	1.347220	5.199034
MGYG000004478__gradient_L6_resistant_starch_gapseq	1162	1252	258	bio1	1.043910	1.258423	5.015504
MGYG000004478__gradient_L7_bglucan_gapseq	1162	1252	258	bio1	1.043910	1.452317	4.918082
MGYG000004478__gradient_L8_hmo_gapseq	1162	1252	258	bio1	1.043910	1.285321	5.019569
MGYG000004478__gradient_L9_mos_gapseq	1162	1252	258	bio1	1.043910	1.431925	5.005457
MGYG000004480__gradient_L0_base_gapseq	1078	1214	317	bio1	0.734175	1.236230	4.627942
MGYG000004480__gradient_L1_inulin_gapseq	1078	1214	317	bio1	1.022814	1.375117	4.648091
MGYG000004480__gradient_L2_fos_gapseq	1078	1214	317	bio1	1.022814	1.208033	4.619375
MGYG000004480__gradient_L3_gos_gapseq	1078	1214	317	bio1	1.315684	1.453831	4.680781
MGYG000004480__gradient_L4_xos_gapseq	1078	1214	317	bio1	1.315684	1.401059	4.882418
MGYG000004480__gradient_L5_pectin_gapseq	1078	1214	317	bio1	1.315684	1.289028	4.598008
MGYG000004480__gradient_L6_resistant_starch_gapseq	1078	1214	317	bio1	1.930266	1.377484	4.615373
MGYG000004480__gradient_L7_bglucan_gapseq	1078	1214	317	bio1	1.930266	1.195050	4.600148
MGYG000004480__gradient_L8_hmo_gapseq	1078	1214	317	bio1	1.930266	1.342019	4.671795
MGYG000004480__gradient_L9_mos_gapseq	1078	1214	317	bio1	2.072263	1.246845	4.774341
MGYG000004481__gradient_L0_base_gapseq	1383	1468	322	bio1	0.000000	1.581809	0.094015
MGYG000004481__gradient_L1_inulin_gapseq	1383	1468	322	bio1	0.000000	1.658942	0.090387
MGYG000004481__gradient_L2_fos_gapseq	1383	1468	322	bio1	0.000000	1.555420	0.109117
MGYG000004481__gradient_L3_gos_gapseq	1383	1468	322	bio1	0.000000	1.714518	0.094674
MGYG000004481__gradient_L4_xos_gapseq	1383	1468	322	bio1	0.000000	1.556340	0.096909
MGYG000004481__gradient_L5_pectin_gapseq	1383	1468	322	bio1	0.000000	1.723040	0.090590
MGYG000004481__gradient_L6_resistant_starch_gapseq	1383	1468	322	bio1	0.000000	1.510187	0.093107
MGYG000004481__gradient_L7_bglucan_gapseq	1383	1468	322	bio1	0.000000	1.675518	0.095110
MGYG000004481__gradient_L8_hmo_gapseq	1383	1468	322	bio1	0.000000	1.610013	0.107318
MGYG000004481__gradient_L9_mos_gapseq	1383	1468	322	bio1	0.000000	1.764332	0.111586
MGYG000004485__gradient_L0_base_gapseq	1021	1117	248	bio1	0.353209	1.145143	3.995462
MGYG000004485__gradient_L1_inulin_gapseq	1021	1117	248	bio1	0.503911	1.539005	3.933408
MGYG000004485__gradient_L2_fos_gapseq	1021	1117	248	bio1	0.503911	1.184015	3.937711
MGYG000004485__gradient_L3_gos_gapseq	1021	1117	248	bio1	0.503911	1.348732	4.011982
MGYG000004485__gradient_L4_xos_gapseq	1021	1117	248	bio1	0.503911	1.252985	3.937304
MGYG000004485__gradient_L5_pectin_gapseq	1021	1117	248	bio1	0.503911	1.301687	3.990033
MGYG000004485__gradient_L6_resistant_starch_gapseq	1021	1117	248	bio1	1.185680	1.148442	3.910565
MGYG000004485__gradient_L7_bglucan_gapseq	1021	1117	248	bio1	1.185680	1.293635	3.929596
MGYG000004485__gradient_L8_hmo_gapseq	1021	1117	248	bio1	1.185680	1.147264	3.890740
MGYG000004485__gradient_L9_mos_gapseq	1021	1117	248	bio1	1.185680	1.294301	3.925990
MGYG000004487__gradient_L0_base_gapseq	1133	1250	280	bio1	0.000000	1.281120	0.076698
MGYG000004487__gradient_L1_inulin_gapseq	1133	1250	280	bio1	0.000000	1.465777	0.088075
MGYG000004487__gradient_L2_fos_gapseq	1133	1250	280	bio1	0.000000	1.270731	0.084112
MGYG000004487__gradient_L3_gos_gapseq	1133	1250	280	bio1	0.000000	1.392772	0.081651
MGYG000004487__gradient_L4_xos_gapseq	1133	1250	280	bio1	0.000000	1.267900	0.077195
MGYG000004487__gradient_L5_pectin_gapseq	1133	1250	280	bio1	0.000000	1.299479	0.066141
MGYG000004487__gradient_L6_resistant_starch_gapseq	1133	1250	280	bio1	0.000000	1.430942	0.077835
MGYG000004487__gradient_L7_bglucan_gapseq	1133	1250	280	bio1	0.000000	1.262226	0.072765
MGYG000004487__gradient_L8_hmo_gapseq	1133	1250	280	bio1	0.000000	1.421722	0.078218
MGYG000004487__gradient_L9_mos_gapseq	1133	1250	280	bio1	0.000000	1.307974	0.072218
MGYG000004489__gradient_L0_base_gapseq	1076	1123	280	bio1	0.000000	1.283029	0.049793
MGYG000004489__gradient_L1_inulin_gapseq	1076	1123	280	bio1	0.000000	1.175939	0.064186
MGYG000004489__gradient_L2_fos_gapseq	1076	1123	280	bio1	0.000000	1.199673	0.062516
MGYG000004489__gradient_L3_gos_gapseq	1076	1123	280	bio1	0.000000	1.301911	0.069308
MGYG000004489__gradient_L4_xos_gapseq	1076	1123	280	bio1	0.000000	1.213440	0.049648
MGYG000004489__gradient_L5_pectin_gapseq	1076	1123	280	bio1	0.000000	1.301973	0.051670
MGYG000004489__gradient_L6_resistant_starch_gapseq	1076	1123	280	bio1	0.000000	1.188372	0.058939
MGYG000004489__gradient_L7_bglucan_gapseq	1076	1123	280	bio1	0.000000	1.190907	0.053949
MGYG000004489__gradient_L8_hmo_gapseq	1076	1123	280	bio1	0.000000	1.300121	0.052029
MGYG000004489__gradient_L9_mos_gapseq	1076	1123	280	bio1	0.000000	1.142483	0.062901
MGYG000004490__gradient_L0_base_gapseq	1337	1532	405	bio1	0.256639	1.587988	7.668415
MGYG000004490__gradient_L1_inulin_gapseq	1337	1532	405	bio1	0.366119	1.622817	7.503041
MGYG000004490__gradient_L2_fos_gapseq	1337	1532	405	bio1	0.366119	1.593081	7.190343
MGYG000004490__gradient_L3_gos_gapseq	1337	1532	405	bio1	0.436365	1.742089	7.167927
MGYG000004490__gradient_L4_xos_gapseq	1337	1532	405	bio1	0.528801	1.738881	7.217295
MGYG000004490__gradient_L5_pectin_gapseq	1337	1532	405	bio1	0.560712	1.605141	7.259434
MGYG000004490__gradient_L6_resistant_starch_gapseq	1337	1532	405	bio1	0.818279	1.538160	7.222534
MGYG000004490__gradient_L7_bglucan_gapseq	1337	1532	405	bio1	0.975555	1.774736	7.217467
MGYG000004490__gradient_L8_hmo_gapseq	1337	1532	405	bio1	0.975555	1.725310	7.179085
MGYG000004490__gradient_L9_mos_gapseq	1337	1532	405	bio1	1.075847	1.570018	7.287793
MGYG000004495__gradient_L0_base_gapseq	1441	1693	398	bio1	0.000000	1.926227	0.119056
MGYG000004495__gradient_L1_inulin_gapseq	1441	1693	398	bio1	0.000000	1.715379	0.116183
MGYG000004495__gradient_L2_fos_gapseq	1441	1693	398	bio1	0.000000	1.919311	0.103581
MGYG000004495__gradient_L3_gos_gapseq	1441	1693	398	bio1	0.000000	1.822019	0.124859
MGYG000004495__gradient_L4_xos_gapseq	1441	1693	398	bio1	0.000000	1.933061	0.108150
MGYG000004495__gradient_L5_pectin_gapseq	1441	1693	398	bio1	0.000000	1.760491	0.336189
MGYG000004495__gradient_L6_resistant_starch_gapseq	1441	1693	398	bio1	1.094486	1.777658	8.704666
MGYG000004495__gradient_L7_bglucan_gapseq	1441	1693	398	bio1	1.280772	2.052554	8.679895
MGYG000004495__gradient_L8_hmo_gapseq	1441	1693	398	bio1	1.280772	1.846655	8.751133
MGYG000004495__gradient_L9_mos_gapseq	1441	1693	398	bio1	1.398757	1.902458	8.911908
MGYG000004498__gradient_L0_base_gapseq	821	866	152	bio1	0.042507	0.859155	2.379003
MGYG000004498__gradient_L1_inulin_gapseq	821	866	152	bio1	0.163882	0.838654	2.824910
MGYG000004498__gradient_L2_fos_gapseq	821	866	152	bio1	0.163882	0.865220	2.378891
MGYG000004498__gradient_L3_gos_gapseq	821	866	152	bio1	0.220073	0.839888	2.465737
MGYG000004498__gradient_L4_xos_gapseq	821	866	152	bio1	0.220073	0.946099	2.363835
MGYG000004498__gradient_L5_pectin_gapseq	821	866	152	bio1	0.220073	0.824050	2.402259
MGYG000004498__gradient_L6_resistant_starch_gapseq	821	866	152	bio1	0.220073	0.835232	2.464349
MGYG000004498__gradient_L7_bglucan_gapseq	821	866	152	bio1	0.220073	0.991861	2.459202
MGYG000004498__gradient_L8_hmo_gapseq	821	866	152	bio1	0.220073	0.831221	2.358627
MGYG000004498__gradient_L9_mos_gapseq	821	866	152	bio1	0.220073	0.809017	2.541786
MGYG000004501__gradient_L0_base_gapseq	1161	1280	286	bio1	0.000000	1.242068	0.184094
MGYG000004501__gradient_L1_inulin_gapseq	1161	1280	286	bio1	0.000000	1.288729	0.070511
MGYG000004501__gradient_L2_fos_gapseq	1161	1280	286	bio1	0.000000	1.329206	0.066875
MGYG000004501__gradient_L3_gos_gapseq	1161	1280	286	bio1	0.477433	1.586800	5.248123
MGYG000004501__gradient_L4_xos_gapseq	1161	1280	286	bio1	0.490454	1.256322	5.292759
MGYG000004501__gradient_L5_pectin_gapseq	1161	1280	286	bio1	0.490454	1.273462	5.141262
MGYG000004501__gradient_L6_resistant_starch_gapseq	1161	1280	286	bio1	0.594624	1.369725	5.095552
MGYG000004501__gradient_L7_bglucan_gapseq	1161	1280	286	bio1	0.594624	1.275955	5.166626
MGYG000004501__gradient_L8_hmo_gapseq	1161	1280	286	bio1	0.594624	1.448976	5.290745
MGYG000004501__gradient_L9_mos_gapseq	1161	1280	286	bio1	0.594624	1.286223	5.274472
MGYG000004509__gradient_L0_base_gapseq	789	743	100	bio1	0.000000	0.738609	0.021358
MGYG000004509__gradient_L1_inulin_gapseq	789	743	100	bio1	0.152238	0.731131	1.927305
MGYG000004509__gradient_L2_fos_gapseq	789	743	100	bio1	0.152238	0.744159	1.899569
MGYG000004509__gradient_L3_gos_gapseq	789	743	100	bio1	0.152238	0.885824	1.929517
MGYG000004509__gradient_L4_xos_gapseq	789	743	100	bio1	0.152238	0.763059	1.908763
MGYG000004509__gradient_L5_pectin_gapseq	789	743	100	bio1	0.152238	0.745839	1.911110
MGYG000004509__gradient_L6_resistant_starch_gapseq	789	743	100	bio1	0.152238	0.900926	1.915346
MGYG000004509__gradient_L7_bglucan_gapseq	789	743	100	bio1	0.152238	0.749999	1.957810
MGYG000004509__gradient_L8_hmo_gapseq	789	743	100	bio1	0.152238	0.710291	1.902378
MGYG000004509__gradient_L9_mos_gapseq	789	743	100	bio1	0.152238	0.870007	1.916638
MGYG000004512__gradient_L0_base_gapseq	597	568	68	bio1	0.000000	0.533953	0.021002
MGYG000004512__gradient_L1_inulin_gapseq	597	568	68	bio1	0.000000	0.536615	0.023094
MGYG000004512__gradient_L2_fos_gapseq	597	568	68	bio1	0.000000	0.683787	0.017973
MGYG000004512__gradient_L3_gos_gapseq	597	568	68	bio1	0.000000	0.539415	0.021197
MGYG000004512__gradient_L4_xos_gapseq	597	568	68	bio1	0.000000	0.575553	0.018572
MGYG000004512__gradient_L5_pectin_gapseq	597	568	68	bio1	0.000000	0.543740	0.021101
MGYG000004512__gradient_L6_resistant_starch_gapseq	597	568	68	bio1	0.000000	0.538498	0.023551
MGYG000004512__gradient_L7_bglucan_gapseq	597	568	68	bio1	0.000000	0.538043	0.021635
MGYG000004512__gradient_L8_hmo_gapseq	597	568	68	bio1	0.000000	0.705974	0.025212
MGYG000004512__gradient_L9_mos_gapseq	597	568	68	bio1	0.000000	0.532029	0.021056
MGYG000004515__gradient_L0_base_gapseq	766	731	101	bio1	0.000000	0.706003	0.029436
MGYG000004515__gradient_L1_inulin_gapseq	766	731	101	bio1	0.000000	0.710751	0.023545
MGYG000004515__gradient_L2_fos_gapseq	766	731	101	bio1	0.000000	0.731014	0.025279
MGYG000004515__gradient_L3_gos_gapseq	766	731	101	bio1	0.000000	0.847878	0.022751
MGYG000004515__gradient_L4_xos_gapseq	766	731	101	bio1	0.000000	0.730552	0.038359
MGYG000004515__gradient_L5_pectin_gapseq	766	731	101	bio1	0.000000	0.750967	0.030432
MGYG000004515__gradient_L6_resistant_starch_gapseq	766	731	101	bio1	0.000000	0.737201	0.026117
MGYG000004515__gradient_L7_bglucan_gapseq	766	731	101	bio1	0.000000	0.847616	0.033153
MGYG000004515__gradient_L8_hmo_gapseq	766	731	101	bio1	0.000000	0.740633	0.025138
MGYG000004515__gradient_L9_mos_gapseq	766	731	101	bio1	0.000000	0.731741	0.029014
MGYG000004516__gradient_L0_base_gapseq	1006	1079	195	bio1	0.293061	1.054608	3.699942
MGYG000004516__gradient_L1_inulin_gapseq	1006	1079	195	bio1	0.369932	1.107370	3.800763
MGYG000004516__gradient_L2_fos_gapseq	1006	1079	195	bio1	0.369932	1.131986	3.636673
MGYG000004516__gradient_L3_gos_gapseq	1006	1079	195	bio1	0.369932	1.082715	3.870491
MGYG000004516__gradient_L4_xos_gapseq	1006	1079	195	bio1	0.369932	1.074160	3.642922
MGYG000004516__gradient_L5_pectin_gapseq	1006	1079	195	bio1	0.369932	1.112285	3.969778
MGYG000004516__gradient_L6_resistant_starch_gapseq	1006	1079	195	bio1	0.446803	1.056503	3.629627
MGYG000004516__gradient_L7_bglucan_gapseq	1006	1079	195	bio1	0.554900	1.081027	3.967662
MGYG000004516__gradient_L8_hmo_gapseq	1006	1079	195	bio1	0.554900	1.089320	3.806101
MGYG000004516__gradient_L9_mos_gapseq	1006	1079	195	bio1	0.631771	1.076948	3.743532
MGYG000004518__gradient_L0_base_gapseq	1184	1262	217	bio1	0.000000	1.306361	0.070236
MGYG000004518__gradient_L1_inulin_gapseq	1184	1262	217	bio1	0.000000	1.462891	0.068124
MGYG000004518__gradient_L2_fos_gapseq	1184	1262	217	bio1	0.000000	1.268877	0.064022
MGYG000004518__gradient_L3_gos_gapseq	1184	1262	217	bio1	0.000000	1.408333	0.059131
MGYG000004518__gradient_L4_xos_gapseq	1184	1262	217	bio1	0.000000	1.255059	0.059339
MGYG000004518__gradient_L5_pectin_gapseq	1184	1262	217	bio1	0.000000	1.290632	0.062969
MGYG000004518__gradient_L6_resistant_starch_gapseq	1184	1262	217	bio1	0.000000	1.503352	0.062858
MGYG000004518__gradient_L7_bglucan_gapseq	1184	1262	217	bio1	0.000000	1.260764	0.062243
MGYG000004518__gradient_L8_hmo_gapseq	1184	1262	217	bio1	0.000000	1.444212	0.066008
MGYG000004518__gradient_L9_mos_gapseq	1184	1262	217	bio1	0.000000	1.284472	0.064439
MGYG000004525__gradient_L0_base_gapseq	1160	1314	287	bio1	0.000000	1.369348	0.079967
MGYG000004525__gradient_L1_inulin_gapseq	1160	1314	287	bio1	0.000000	1.433393	0.095764
MGYG000004525__gradient_L2_fos_gapseq	1160	1314	287	bio1	0.000000	1.361345	0.092362
MGYG000004525__gradient_L3_gos_gapseq	1160	1314	287	bio1	0.000000	1.510666	0.089746
MGYG000004525__gradient_L4_xos_gapseq	1160	1314	287	bio1	0.847724	1.384558	5.322032
MGYG000004525__gradient_L5_pectin_gapseq	1160	1314	287	bio1	0.847724	1.508198	5.376441
MGYG000004525__gradient_L6_resistant_starch_gapseq	1160	1314	287	bio1	1.404565	1.362672	5.666071
MGYG000004525__gradient_L7_bglucan_gapseq	1160	1314	287	bio1	1.404565	1.358478	5.373836
MGYG000004525__gradient_L8_hmo_gapseq	1160	1314	287	bio1	1.404565	1.713745	5.457625
MGYG000004525__gradient_L9_mos_gapseq	1160	1314	287	bio1	1.404565	1.335958	5.306563
MGYG000004527__gradient_L0_base_gapseq	728	672	93	bio1	0.000000	0.665215	0.024636
MGYG000004527__gradient_L1_inulin_gapseq	728	672	93	bio1	0.000000	0.664171	0.027002
MGYG000004527__gradient_L2_fos_gapseq	728	672	93	bio1	0.000000	0.655409	0.024353
MGYG000004527__gradient_L3_gos_gapseq	728	672	93	bio1	0.000000	0.855303	0.023621
MGYG000004527__gradient_L4_xos_gapseq	728	672	93	bio1	0.000000	0.700473	0.032741
MGYG000004527__gradient_L5_pectin_gapseq	728	672	93	bio1	0.000000	0.693008	0.031849
MGYG000004527__gradient_L6_resistant_starch_gapseq	728	672	93	bio1	0.000000	0.685551	0.024510
MGYG000004527__gradient_L7_bglucan_gapseq	728	672	93	bio1	0.000000	0.658432	0.026083
MGYG000004527__gradient_L8_hmo_gapseq	728	672	93	bio1	0.000000	0.784259	0.025490
MGYG000004527__gradient_L9_mos_gapseq	728	672	93	bio1	0.000000	0.656171	0.031925
MGYG000004529__gradient_L0_base_gapseq	1120	1197	219	bio1	0.000000	1.246836	0.055299
MGYG000004529__gradient_L1_inulin_gapseq	1120	1197	219	bio1	0.136333	1.264726	4.717812
MGYG000004529__gradient_L2_fos_gapseq	1120	1197	219	bio1	0.136333	1.246916	4.635041
MGYG000004529__gradient_L3_gos_gapseq	1120	1197	219	bio1	0.136333	1.346733	4.676407
MGYG000004529__gradient_L4_xos_gapseq	1120	1197	219	bio1	0.136333	1.284948	4.637051
MGYG000004529__gradient_L5_pectin_gapseq	1120	1197	219	bio1	0.136333	1.381084	4.678122
MGYG000004529__gradient_L6_resistant_starch_gapseq	1120	1197	219	bio1	0.175288	1.174727	4.660817
MGYG000004529__gradient_L7_bglucan_gapseq	1120	1197	219	bio1	0.175288	1.395755	4.506473
MGYG000004529__gradient_L8_hmo_gapseq	1120	1197	219	bio1	0.175288	1.202371	4.771334
MGYG000004529__gradient_L9_mos_gapseq	1120	1197	219	bio1	0.214243	1.271003	4.630494
MGYG000004532__gradient_L0_base_gapseq	1273	1359	294	bio1	0.000000	1.412815	0.070447
MGYG000004532__gradient_L1_inulin_gapseq	1273	1359	294	bio1	0.000000	1.520591	0.058046
MGYG000004532__gradient_L2_fos_gapseq	1273	1359	294	bio1	0.000000	1.400450	0.065719
MGYG000004532__gradient_L3_gos_gapseq	1273	1359	294	bio1	0.646879	1.384324	6.143364
MGYG000004532__gradient_L4_xos_gapseq	1273	1359	294	bio1	0.646879	1.457424	5.962991
MGYG000004532__gradient_L5_pectin_gapseq	1273	1359	294	bio1	0.646879	1.681779	5.982339
MGYG000004532__gradient_L6_resistant_starch_gapseq	1273	1359	294	bio1	0.712744	1.626899	6.207957
MGYG000004532__gradient_L7_bglucan_gapseq	1273	1359	294	bio1	0.712744	1.385504	5.928139
MGYG000004532__gradient_L8_hmo_gapseq	1273	1359	294	bio1	0.712744	1.495479	5.934838
MGYG000004532__gradient_L9_mos_gapseq	1273	1359	294	bio1	0.712744	1.359542	6.075621
MGYG000004533__gradient_L0_base_gapseq	1086	1107	169	bio1	0.000000	1.130243	0.045118
MGYG000004533__gradient_L1_inulin_gapseq	1086	1107	169	bio1	0.278071	1.310464	3.994835
MGYG000004533__gradient_L2_fos_gapseq	1086	1107	169	bio1	0.278071	1.131416	3.985257
MGYG000004533__gradient_L3_gos_gapseq	1086	1107	169	bio1	0.278071	1.393066	3.976332
MGYG000004533__gradient_L4_xos_gapseq	1086	1107	169	bio1	0.278071	1.127574	4.040874
MGYG000004533__gradient_L5_pectin_gapseq	1086	1107	169	bio1	0.278071	1.265783	3.929992
MGYG000004533__gradient_L6_resistant_starch_gapseq	1086	1107	169	bio1	0.733316	1.352518	3.951777
MGYG000004533__gradient_L7_bglucan_gapseq	1086	1107	169	bio1	0.733316	1.291286	3.973700
MGYG000004533__gradient_L8_hmo_gapseq	1086	1107	169	bio1	0.733316	1.129404	3.976696
MGYG000004533__gradient_L9_mos_gapseq	1086	1107	169	bio1	0.733316	1.273037	3.955842
MGYG000004535__gradient_L0_base_gapseq	933	1015	202	bio1	0.382605	1.015202	3.354171
MGYG000004535__gradient_L1_inulin_gapseq	933	1015	202	bio1	0.528363	1.195745	3.478823
MGYG000004535__gradient_L2_fos_gapseq	933	1015	202	bio1	0.528363	0.992320	3.334291
MGYG000004535__gradient_L3_gos_gapseq	933	1015	202	bio1	0.828989	1.105699	3.567762
MGYG000004535__gradient_L4_xos_gapseq	933	1015	202	bio1	0.828989	0.992024	3.481498
MGYG000004535__gradient_L5_pectin_gapseq	933	1015	202	bio1	0.883648	1.054845	3.457771
MGYG000004535__gradient_L6_resistant_starch_gapseq	933	1015	202	bio1	0.992967	0.993611	3.328282
MGYG000004535__gradient_L7_bglucan_gapseq	933	1015	202	bio1	0.992967	0.989260	3.484997
MGYG000004535__gradient_L8_hmo_gapseq	933	1015	202	bio1	0.994383	0.994182	3.293742
MGYG000004535__gradient_L9_mos_gapseq	933	1015	202	bio1	0.994383	0.994374	3.298968
MGYG000004537__gradient_L0_base_gapseq	956	953	138	bio1	0.000000	0.971391	0.028679
MGYG000004537__gradient_L1_inulin_gapseq	956	953	138	bio1	0.000000	1.202965	0.043723
MGYG000004537__gradient_L2_fos_gapseq	956	953	138	bio1	0.000000	0.966168	0.043616
MGYG000004537__gradient_L3_gos_gapseq	956	953	138	bio1	0.000000	0.963155	0.033560
MGYG000004537__gradient_L4_xos_gapseq	956	953	138	bio1	0.000000	1.302671	0.037367
MGYG000004537__gradient_L5_pectin_gapseq	956	953	138	bio1	0.000000	0.958231	0.042399
MGYG000004537__gradient_L6_resistant_starch_gapseq	956	953	138	bio1	0.000000	1.000310	0.032474
MGYG000004537__gradient_L7_bglucan_gapseq	956	953	138	bio1	0.000000	0.990259	0.261863
MGYG000004537__gradient_L8_hmo_gapseq	956	953	138	bio1	0.000000	0.989888	0.030034
MGYG000004537__gradient_L9_mos_gapseq	956	953	138	bio1	0.000000	0.958501	0.034032
MGYG000004541__gradient_L0_base_gapseq	1790	2096	639	bio1	0.000000	2.325265	0.157798
MGYG000004541__gradient_L1_inulin_gapseq	1790	2096	639	bio1	0.000000	2.426462	0.147506
MGYG000004541__gradient_L2_fos_gapseq	1790	2096	639	bio1	0.000000	2.446515	0.158207
MGYG000004541__gradient_L3_gos_gapseq	1790	2096	639	bio1	0.448398	2.498038	13.282290
MGYG000004541__gradient_L4_xos_gapseq	1790	2096	639	bio1	0.488973	2.568588	13.141999
MGYG000004541__gradient_L5_pectin_gapseq	1790	2096	639	bio1	0.488973	2.491723	13.072595
MGYG000004541__gradient_L6_resistant_starch_gapseq	1790	2096	639	bio1	0.591971	2.474365	13.424093
MGYG000004541__gradient_L7_bglucan_gapseq	1790	2096	639	bio1	0.591971	2.289103	13.546555
MGYG000004541__gradient_L8_hmo_gapseq	1790	2096	639	bio1	0.591971	2.276627	13.417794
MGYG000004541__gradient_L9_mos_gapseq	1790	2096	639	bio1	0.591971	2.535962	13.263358
MGYG000004542__gradient_L0_base_gapseq	1177	1318	336	bio1	0.830899	1.522407	5.493040
MGYG000004542__gradient_L1_inulin_gapseq	1177	1318	336	bio1	1.123964	1.354406	5.650492
MGYG000004542__gradient_L2_fos_gapseq	1177	1318	336	bio1	1.123964	1.314539	5.593041
MGYG000004542__gradient_L3_gos_gapseq	1177	1318	336	bio1	1.420100	1.519779	5.535646
MGYG000004542__gradient_L4_xos_gapseq	1177	1318	336	bio1	1.420100	1.325239	5.562268
MGYG000004542__gradient_L5_pectin_gapseq	1177	1318	336	bio1	1.420100	1.342453	5.475768
MGYG000004542__gradient_L6_resistant_starch_gapseq	1177	1318	336	bio1	2.041539	1.425460	5.436608
MGYG000004542__gradient_L7_bglucan_gapseq	1177	1318	336	bio1	2.041539	1.342234	5.577450
MGYG000004542__gradient_L8_hmo_gapseq	1177	1318	336	bio1	2.041539	1.337222	5.457917
MGYG000004542__gradient_L9_mos_gapseq	1177	1318	336	bio1	2.185120	1.420856	5.403026
MGYG000004545__gradient_L0_base_gapseq	877	921	170	bio1	0.000000	0.933624	0.046965
MGYG000004545__gradient_L1_inulin_gapseq	877	921	170	bio1	0.000000	0.940952	0.049100
MGYG000004545__gradient_L2_fos_gapseq	877	921	170	bio1	0.000000	1.064423	0.055304
MGYG000004545__gradient_L3_gos_gapseq	877	921	170	bio1	0.000000	0.916206	0.051496
MGYG000004545__gradient_L4_xos_gapseq	877	921	170	bio1	0.000000	0.920751	0.045734
MGYG000004545__gradient_L5_pectin_gapseq	877	921	170	bio1	0.000000	1.010397	0.045262
MGYG000004545__gradient_L6_resistant_starch_gapseq	877	921	170	bio1	0.000000	0.953292	0.049108
MGYG000004545__gradient_L7_bglucan_gapseq	877	921	170	bio1	0.000000	0.980362	0.049522
MGYG000004545__gradient_L8_hmo_gapseq	877	921	170	bio1	0.000000	0.926568	0.045228
MGYG000004545__gradient_L9_mos_gapseq	877	921	170	bio1	0.000000	1.048413	0.046146
MGYG000004553__gradient_L0_base_gapseq	1149	1299	311	bio1	0.397554	1.292230	5.325708
MGYG000004553__gradient_L1_inulin_gapseq	1149	1299	311	bio1	0.555265	1.622794	5.247891
MGYG000004553__gradient_L2_fos_gapseq	1149	1299	311	bio1	0.555265	1.306010	5.441825
MGYG000004553__gradient_L3_gos_gapseq	1149	1299	311	bio1	0.703120	1.491557	5.333401
MGYG000004553__gradient_L4_xos_gapseq	1149	1299	311	bio1	0.703120	1.299304	5.433046
MGYG000004553__gradient_L5_pectin_gapseq	1149	1299	311	bio1	0.703120	1.298219	5.338408
MGYG000004553__gradient_L6_resistant_starch_gapseq	1149	1299	311	bio1	1.029289	1.466270	5.285959
MGYG000004553__gradient_L7_bglucan_gapseq	1149	1299	311	bio1	1.133482	1.297753	5.422386
MGYG000004553__gradient_L8_hmo_gapseq	1149	1299	311	bio1	1.133482	1.310129	5.223529
MGYG000004553__gradient_L9_mos_gapseq	1149	1299	311	bio1	1.209259	1.458465	5.253202
MGYG000004557__gradient_L0_base_gapseq	1193	1332	377	bio1	0.000000	1.780178	0.081032
MGYG000004557__gradient_L1_inulin_gapseq	1193	1332	377	bio1	0.000000	1.433452	0.064704
MGYG000004557__gradient_L2_fos_gapseq	1193	1332	377	bio1	0.000000	1.385350	0.069185
MGYG000004557__gradient_L3_gos_gapseq	1193	1332	377	bio1	0.000000	1.608971	0.073577
MGYG000004557__gradient_L4_xos_gapseq	1193	1332	377	bio1	0.288870	1.393091	6.212784
MGYG000004557__gradient_L5_pectin_gapseq	1193	1332	377	bio1	0.288870	1.405094	5.627895
MGYG000004557__gradient_L6_resistant_starch_gapseq	1193	1332	377	bio1	0.288870	1.442029	5.540587
MGYG000004557__gradient_L7_bglucan_gapseq	1193	1332	377	bio1	0.288870	1.392212	5.792088
MGYG000004557__gradient_L8_hmo_gapseq	1193	1332	377	bio1	0.288870	1.303997	5.503250
MGYG000004557__gradient_L9_mos_gapseq	1193	1332	377	bio1	0.288870	1.488984	5.593475
MGYG000004558__gradient_L0_base_gapseq	1500	1755	498	bio1	1.067766	1.847862	9.699085
MGYG000004558__gradient_L1_inulin_gapseq	1500	1755	498	bio1	1.403193	1.829934	9.293285
MGYG000004558__gradient_L2_fos_gapseq	1500	1755	498	bio1	1.403193	1.830757	9.236584
MGYG000004558__gradient_L3_gos_gapseq	1500	1755	498	bio1	1.774259	2.047177	9.196103
MGYG000004558__gradient_L4_xos_gapseq	1500	1755	498	bio1	1.952454	1.934640	9.229288
MGYG000004558__gradient_L5_pectin_gapseq	1500	1755	498	bio1	1.952454	2.016169	9.499478
MGYG000004558__gradient_L6_resistant_starch_gapseq	1500	1755	498	bio1	2.709261	2.093430	9.383499
MGYG000004558__gradient_L7_bglucan_gapseq	1500	1755	498	bio1	2.954542	2.068749	9.362610
MGYG000004558__gradient_L8_hmo_gapseq	1500	1755	498	bio1	3.126448	2.031075	9.455806
MGYG000004558__gradient_L9_mos_gapseq	1500	1755	498	bio1	3.126448	1.879272	9.411717
MGYG000004559__gradient_L0_base_gapseq	1251	1376	262	bio1	0.786679	1.429043	5.856831
MGYG000004559__gradient_L1_inulin_gapseq	1251	1376	262	bio1	0.959381	1.533101	5.808799
MGYG000004559__gradient_L2_fos_gapseq	1251	1376	262	bio1	0.959381	1.412992	5.906291
MGYG000004559__gradient_L3_gos_gapseq	1251	1376	262	bio1	1.084806	1.392168	5.806319
MGYG000004559__gradient_L4_xos_gapseq	1251	1376	262	bio1	1.084806	1.517612	5.769360
MGYG000004559__gradient_L5_pectin_gapseq	1251	1376	262	bio1	1.084806	1.412566	6.150982
MGYG000004559__gradient_L6_resistant_starch_gapseq	1251	1376	262	bio1	1.509491	1.416093	6.023389
MGYG000004559__gradient_L7_bglucan_gapseq	1251	1376	262	bio1	1.509491	1.646854	5.978971
MGYG000004559__gradient_L8_hmo_gapseq	1251	1376	262	bio1	1.509491	1.420748	6.016684
MGYG000004559__gradient_L9_mos_gapseq	1251	1376	262	bio1	1.676724	1.421282	5.860683
MGYG000004563__gradient_L0_base_gapseq	982	910	304	bio1	0.000000	1.148077	0.028075
MGYG000004563__gradient_L1_inulin_gapseq	982	910	304	bio1	0.000000	0.948213	0.030452
MGYG000004563__gradient_L2_fos_gapseq	982	910	304	bio1	0.000000	0.966971	0.025669
MGYG000004563__gradient_L3_gos_gapseq	982	910	304	bio1	0.000000	1.048031	0.034901
MGYG000004563__gradient_L4_xos_gapseq	982	910	304	bio1	0.000000	0.938093	0.027737
MGYG000004563__gradient_L5_pectin_gapseq	982	910	304	bio1	0.000000	0.966440	0.042208
MGYG000004563__gradient_L6_resistant_starch_gapseq	982	910	304	bio1	0.000000	1.090999	0.041145
MGYG000004563__gradient_L7_bglucan_gapseq	982	910	304	bio1	0.000000	0.973042	0.028944
MGYG000004563__gradient_L8_hmo_gapseq	982	910	304	bio1	0.000000	0.970082	0.028210
MGYG000004563__gradient_L9_mos_gapseq	982	910	304	bio1	0.000000	1.100194	0.027809
MGYG000004565__gradient_L0_base_gapseq	1105	1213	288	bio1	0.247282	1.225141	4.595272
MGYG000004565__gradient_L1_inulin_gapseq	1105	1213	288	bio1	0.326415	1.351299	4.581440
MGYG000004565__gradient_L2_fos_gapseq	1105	1213	288	bio1	0.326415	1.194093	4.727531
MGYG000004565__gradient_L3_gos_gapseq	1105	1213	288	bio1	0.326415	1.255066	4.564371
MGYG000004565__gradient_L4_xos_gapseq	1105	1213	288	bio1	0.326415	1.214469	4.724131
MGYG000004565__gradient_L5_pectin_gapseq	1105	1213	288	bio1	0.326415	1.218305	4.630352
MGYG000004565__gradient_L6_resistant_starch_gapseq	1105	1213	288	bio1	0.684989	1.391124	4.574586
MGYG000004565__gradient_L7_bglucan_gapseq	1105	1213	288	bio1	0.684989	1.326617	4.712766
MGYG000004565__gradient_L8_hmo_gapseq	1105	1213	288	bio1	0.684989	1.583971	4.635781
MGYG000004565__gradient_L9_mos_gapseq	1105	1213	288	bio1	0.684989	1.244550	4.749775
MGYG000004569__gradient_L0_base_gapseq	1093	1191	233	bio1	0.000000	1.199349	0.050191
MGYG000004569__gradient_L1_inulin_gapseq	1093	1191	233	bio1	0.000000	1.342767	0.054027
MGYG000004569__gradient_L2_fos_gapseq	1093	1191	233	bio1	0.000000	1.202321	0.051521
MGYG000004569__gradient_L3_gos_gapseq	1093	1191	233	bio1	0.363337	1.188640	4.784542
MGYG000004569__gradient_L4_xos_gapseq	1093	1191	233	bio1	0.363337	1.216302	4.521498
MGYG000004569__gradient_L5_pectin_gapseq	1093	1191	233	bio1	0.363337	1.403452	4.622394
MGYG000004569__gradient_L6_resistant_starch_gapseq	1093	1191	233	bio1	0.426527	1.209721	4.508722
MGYG000004569__gradient_L7_bglucan_gapseq	1093	1191	233	bio1	0.578181	1.332790	4.657587
MGYG000004569__gradient_L8_hmo_gapseq	1093	1191	233	bio1	0.578181	1.206222	4.790772
MGYG000004569__gradient_L9_mos_gapseq	1093	1191	233	bio1	0.679274	1.302733	4.743002
MGYG000004576__gradient_L0_base_gapseq	1047	1178	218	bio1	0.000000	1.302948	0.063914
MGYG000004576__gradient_L1_inulin_gapseq	1047	1178	218	bio1	0.000000	1.160533	0.051809
MGYG000004576__gradient_L2_fos_gapseq	1047	1178	218	bio1	0.000000	1.282229	0.053284
MGYG000004576__gradient_L3_gos_gapseq	1047	1178	218	bio1	0.000000	1.169939	0.052072
MGYG000004576__gradient_L4_xos_gapseq	1047	1178	218	bio1	0.883319	1.157675	4.563082
MGYG000004576__gradient_L5_pectin_gapseq	1047	1178	218	bio1	0.883319	1.195351	4.419901
MGYG000004576__gradient_L6_resistant_starch_gapseq	1047	1178	218	bio1	0.994383	1.232883	4.345565
MGYG000004576__gradient_L7_bglucan_gapseq	1047	1178	218	bio1	0.994383	1.182541	4.422334
MGYG000004576__gradient_L8_hmo_gapseq	1047	1178	218	bio1	0.994383	1.345649	4.455629
MGYG000004576__gradient_L9_mos_gapseq	1047	1178	218	bio1	0.994383	1.178761	4.485733
MGYG000004584__gradient_L0_base_gapseq	1080	1228	274	bio1	0.454435	1.214602	4.695302
MGYG000004584__gradient_L1_inulin_gapseq	1080	1228	274	bio1	0.635285	1.219624	4.868452
MGYG000004584__gradient_L2_fos_gapseq	1080	1228	274	bio1	0.635285	1.240556	4.661985
MGYG000004584__gradient_L3_gos_gapseq	1080	1228	274	bio1	0.635285	1.375607	4.715803
MGYG000004584__gradient_L4_xos_gapseq	1080	1228	274	bio1	0.663108	1.214391	4.832318
MGYG000004584__gradient_L5_pectin_gapseq	1080	1228	274	bio1	0.663108	1.212068	4.775244
MGYG000004584__gradient_L6_resistant_starch_gapseq	1080	1228	274	bio1	1.053551	1.322167	5.023613
MGYG000004584__gradient_L7_bglucan_gapseq	1080	1228	274	bio1	1.053551	1.347045	4.735747
MGYG000004584__gradient_L8_hmo_gapseq	1080	1228	274	bio1	1.053551	1.373593	4.759358
MGYG000004584__gradient_L9_mos_gapseq	1080	1228	274	bio1	1.143791	1.240360	4.826733
MGYG000004588__gradient_L0_base_gapseq	1330	1581	402	bio1	0.508315	1.740070	7.585226
MGYG000004588__gradient_L1_inulin_gapseq	1330	1581	402	bio1	0.630017	1.610032	7.760766
MGYG000004588__gradient_L2_fos_gapseq	1330	1581	402	bio1	0.630017	1.635864	7.915912
MGYG000004588__gradient_L3_gos_gapseq	1330	1581	402	bio1	0.630017	1.617575	7.677913
MGYG000004588__gradient_L4_xos_gapseq	1330	1581	402	bio1	0.633956	1.824966	7.776497
MGYG000004588__gradient_L5_pectin_gapseq	1330	1581	402	bio1	0.674226	1.819008	7.676463
MGYG000004588__gradient_L6_resistant_starch_gapseq	1330	1581	402	bio1	0.972335	1.615998	7.967616
MGYG000004588__gradient_L7_bglucan_gapseq	1330	1581	402	bio1	1.149710	1.678560	7.705350
MGYG000004588__gradient_L8_hmo_gapseq	1330	1581	402	bio1	1.149710	1.624242	7.576752
MGYG000004588__gradient_L9_mos_gapseq	1330	1581	402	bio1	1.252824	1.716550	7.569757
MGYG000004589__gradient_L0_base_gapseq	1180	1358	355	bio1	0.000000	1.352289	0.066081
MGYG000004589__gradient_L1_inulin_gapseq	1180	1358	355	bio1	0.000000	1.350511	0.188297
MGYG000004589__gradient_L2_fos_gapseq	1180	1358	355	bio1	0.000000	1.389148	0.067279
MGYG000004589__gradient_L3_gos_gapseq	1180	1358	355	bio1	0.000000	1.392472	0.077086
MGYG000004589__gradient_L4_xos_gapseq	1180	1358	355	bio1	0.590858	1.509250	5.794165
MGYG000004589__gradient_L5_pectin_gapseq	1180	1358	355	bio1	0.590858	1.376538	5.935147
MGYG000004589__gradient_L6_resistant_starch_gapseq	1180	1358	355	bio1	1.180866	1.384551	5.921179
MGYG000004589__gradient_L7_bglucan_gapseq	1180	1358	355	bio1	1.385376	1.569410	6.045939
MGYG000004589__gradient_L8_hmo_gapseq	1180	1358	355	bio1	1.385376	1.463068	6.116174
MGYG000004589__gradient_L9_mos_gapseq	1180	1358	355	bio1	1.385376	1.392612	5.750407
MGYG000004590__gradient_L0_base_gapseq	1160	1305	292	bio1	0.000000	1.285959	0.070880
MGYG000004590__gradient_L1_inulin_gapseq	1160	1305	292	bio1	0.000000	1.410629	0.078809
MGYG000004590__gradient_L2_fos_gapseq	1160	1305	292	bio1	0.000000	1.279470	0.062101
MGYG000004590__gradient_L3_gos_gapseq	1160	1305	292	bio1	0.000000	1.393656	0.062757
MGYG000004590__gradient_L4_xos_gapseq	1160	1305	292	bio1	0.000000	1.307639	0.063343
MGYG000004590__gradient_L5_pectin_gapseq	1160	1305	292	bio1	0.000000	1.307617	0.077758
MGYG000004590__gradient_L6_resistant_starch_gapseq	1160	1305	292	bio1	0.000000	1.456852	0.064682
MGYG000004590__gradient_L7_bglucan_gapseq	1160	1305	292	bio1	0.000000	1.308618	0.066630
MGYG000004590__gradient_L8_hmo_gapseq	1160	1305	292	bio1	0.000000	1.452521	0.070928
MGYG000004590__gradient_L9_mos_gapseq	1160	1305	292	bio1	0.000000	1.353386	0.062314
MGYG000004591__gradient_L0_base_gapseq	930	1031	224	bio1	0.000000	1.030860	0.051257
MGYG000004591__gradient_L1_inulin_gapseq	930	1031	224	bio1	0.000000	1.101236	0.046553
MGYG000004591__gradient_L2_fos_gapseq	930	1031	224	bio1	0.000000	1.072422	0.046174
MGYG000004591__gradient_L3_gos_gapseq	930	1031	224	bio1	0.000000	1.006023	0.055137
MGYG000004591__gradient_L4_xos_gapseq	930	1031	224	bio1	0.000000	1.143636	0.053453
MGYG000004591__gradient_L5_pectin_gapseq	930	1031	224	bio1	0.000000	1.017553	0.054642
MGYG000004591__gradient_L6_resistant_starch_gapseq	930	1031	224	bio1	0.000000	1.008920	0.049837
MGYG000004591__gradient_L7_bglucan_gapseq	930	1031	224	bio1	0.000000	1.118530	0.203207
MGYG000004591__gradient_L8_hmo_gapseq	930	1031	224	bio1	0.000000	1.086958	0.056684
MGYG000004591__gradient_L9_mos_gapseq	930	1031	224	bio1	0.000000	0.994164	0.045816
MGYG000004592__gradient_L0_base_gapseq	1229	1256	262	bio1	0.000000	1.280111	0.060844
MGYG000004592__gradient_L1_inulin_gapseq	1229	1256	262	bio1	0.000000	1.486955	0.062596
MGYG000004592__gradient_L2_fos_gapseq	1229	1256	262	bio1	0.000000	1.324220	0.085578
MGYG000004592__gradient_L3_gos_gapseq	1229	1256	262	bio1	0.000000	1.403763	0.067990
MGYG000004592__gradient_L4_xos_gapseq	1229	1256	262	bio1	0.000000	1.269449	0.059199
MGYG000004592__gradient_L5_pectin_gapseq	1229	1256	262	bio1	0.000000	1.327678	0.061076
MGYG000004592__gradient_L6_resistant_starch_gapseq	1229	1256	262	bio1	0.357703	1.535824	5.260755
MGYG000004592__gradient_L7_bglucan_gapseq	1229	1256	262	bio1	0.548326	1.316836	5.241965
MGYG000004592__gradient_L8_hmo_gapseq	1229	1256	262	bio1	0.548326	1.346629	5.052738
MGYG000004592__gradient_L9_mos_gapseq	1229	1256	262	bio1	0.548326	1.447443	5.193713
MGYG000004599__gradient_L0_base_gapseq	1427	1616	448	bio1	0.801600	1.889678	8.242733
MGYG000004599__gradient_L1_inulin_gapseq	1427	1616	448	bio1	0.907837	1.815011	8.355620
MGYG000004599__gradient_L2_fos_gapseq	1427	1616	448	bio1	0.907837	1.678665	8.110680
MGYG000004599__gradient_L3_gos_gapseq	1427	1616	448	bio1	0.987515	1.881639	8.020296
MGYG000004599__gradient_L4_xos_gapseq	1427	1616	448	bio1	1.002002	1.846141	7.992680
MGYG000004599__gradient_L5_pectin_gapseq	1427	1616	448	bio1	1.035805	1.831271	8.053914
MGYG000004599__gradient_L6_resistant_starch_gapseq	1427	1616	448	bio1	1.440533	1.798013	8.125070
MGYG000004599__gradient_L7_bglucan_gapseq	1427	1616	448	bio1	1.569436	1.744350	8.236786
MGYG000004599__gradient_L8_hmo_gapseq	1427	1616	448	bio1	1.569436	1.651891	7.859682
MGYG000004599__gradient_L9_mos_gapseq	1427	1616	448	bio1	1.650848	1.854727	8.097435
MGYG000004603__gradient_L0_base_gapseq	1488	1773	392	bio1	0.529353	2.015516	9.682172
MGYG000004603__gradient_L1_inulin_gapseq	1488	1773	392	bio1	0.682653	1.980058	9.537848
MGYG000004603__gradient_L2_fos_gapseq	1488	1773	392	bio1	0.682653	2.070293	9.656967
MGYG000004603__gradient_L3_gos_gapseq	1488	1773	392	bio1	0.826372	1.991287	9.532813
MGYG000004603__gradient_L4_xos_gapseq	1488	1773	392	bio1	0.855116	1.929318	9.826555
MGYG000004603__gradient_L5_pectin_gapseq	1488	1773	392	bio1	0.855116	1.766998	10.020706
MGYG000004603__gradient_L6_resistant_starch_gapseq	1488	1773	392	bio1	1.173692	1.789371	9.635816
MGYG000004603__gradient_L7_bglucan_gapseq	1488	1773	392	bio1	1.173692	1.793266	9.808165
MGYG000004603__gradient_L8_hmo_gapseq	1488	1773	392	bio1	1.173692	1.772353	9.582634
MGYG000004603__gradient_L9_mos_gapseq	1488	1773	392	bio1	1.250342	1.963312	9.655222
MGYG000004612__gradient_L0_base_gapseq	1308	1467	339	bio1	0.000000	1.766807	0.076227
MGYG000004612__gradient_L1_inulin_gapseq	1308	1467	339	bio1	0.000000	1.635515	0.077852
MGYG000004612__gradient_L2_fos_gapseq	1308	1467	339	bio1	0.000000	1.733829	0.070240
MGYG000004612__gradient_L3_gos_gapseq	1308	1467	339	bio1	0.000000	1.523276	0.078370
MGYG000004612__gradient_L4_xos_gapseq	1308	1467	339	bio1	1.066317	1.664906	6.584204
MGYG000004612__gradient_L5_pectin_gapseq	1308	1467	339	bio1	1.066317	1.504244	6.949854
MGYG000004612__gradient_L6_resistant_starch_gapseq	1308	1467	339	bio1	1.794591	1.556488	6.560573
MGYG000004612__gradient_L7_bglucan_gapseq	1308	1467	339	bio1	2.038740	1.656156	6.519634
MGYG000004612__gradient_L8_hmo_gapseq	1308	1467	339	bio1	2.038740	1.644029	6.600501
MGYG000004612__gradient_L9_mos_gapseq	1308	1467	339	bio1	2.172292	1.488837	6.754499
MGYG000004616__gradient_L0_base_gapseq	1201	1336	291	bio1	0.000000	1.660335	0.068743
MGYG000004616__gradient_L1_inulin_gapseq	1201	1336	291	bio1	0.000000	1.396803	0.062269
MGYG000004616__gradient_L2_fos_gapseq	1201	1336	291	bio1	0.000000	1.365559	0.062202
MGYG000004616__gradient_L3_gos_gapseq	1201	1336	291	bio1	0.349589	1.493877	5.620531
MGYG000004616__gradient_L4_xos_gapseq	1201	1336	291	bio1	0.349589	1.359246	5.888701
MGYG000004616__gradient_L5_pectin_gapseq	1201	1336	291	bio1	0.349589	1.436116	5.647162
MGYG000004616__gradient_L6_resistant_starch_gapseq	1201	1336	291	bio1	0.349650	1.576691	5.619080
MGYG000004616__gradient_L7_bglucan_gapseq	1201	1336	291	bio1	0.349650	1.381598	5.817239
MGYG000004616__gradient_L8_hmo_gapseq	1201	1336	291	bio1	0.349650	1.377298	5.671514
MGYG000004616__gradient_L9_mos_gapseq	1201	1336	291	bio1	0.349650	1.504806	5.712031
MGYG000004617__gradient_L0_base_gapseq	1153	1328	302	bio1	0.200677	1.340958	5.239784
MGYG000004617__gradient_L1_inulin_gapseq	1153	1328	302	bio1	0.407839	1.566523	5.340702
MGYG000004617__gradient_L2_fos_gapseq	1153	1328	302	bio1	0.407839	1.341018	5.589987
MGYG000004617__gradient_L3_gos_gapseq	1153	1328	302	bio1	0.582631	1.351302	5.290877
MGYG000004617__gradient_L4_xos_gapseq	1153	1328	302	bio1	0.582631	1.486053	5.308667
MGYG000004617__gradient_L5_pectin_gapseq	1153	1328	302	bio1	0.582631	1.344971	5.335458
MGYG000004617__gradient_L6_resistant_starch_gapseq	1153	1328	302	bio1	0.997243	1.429299	5.368798
MGYG000004617__gradient_L7_bglucan_gapseq	1153	1328	302	bio1	0.997243	1.501159	5.237530
MGYG000004617__gradient_L8_hmo_gapseq	1153	1328	302	bio1	0.997243	1.340927	5.498288
MGYG000004617__gradient_L9_mos_gapseq	1153	1328	302	bio1	1.091994	1.348674	5.332122
MGYG000004618__gradient_L0_base_gapseq	1514	1680	482	bio1	1.314695	2.056149	8.826058
MGYG000004618__gradient_L1_inulin_gapseq	1514	1680	482	bio1	1.476671	1.982630	8.697008
MGYG000004618__gradient_L2_fos_gapseq	1514	1680	482	bio1	1.476671	1.908659	8.668149
MGYG000004618__gradient_L3_gos_gapseq	1514	1680	482	bio1	1.573856	1.901816	8.994716
MGYG000004618__gradient_L4_xos_gapseq	1514	1680	482	bio1	1.669017	1.872929	8.940003
MGYG000004618__gradient_L5_pectin_gapseq	1514	1680	482	bio1	1.669017	1.801068	8.846249
MGYG000004618__gradient_L6_resistant_starch_gapseq	1514	1680	482	bio1	2.375637	1.797086	8.806174
MGYG000004618__gradient_L7_bglucan_gapseq	1514	1680	482	bio1	2.612527	1.842500	8.795553
MGYG000004618__gradient_L8_hmo_gapseq	1514	1680	482	bio1	2.612527	1.962688	8.694015
MGYG000004618__gradient_L9_mos_gapseq	1514	1680	482	bio1	2.774503	2.010555	8.833259
MGYG000004619__gradient_L0_base_gapseq	1172	1306	323	bio1	0.779088	1.435331	5.266970
MGYG000004619__gradient_L1_inulin_gapseq	1172	1306	323	bio1	1.072115	1.536504	5.366491
MGYG000004619__gradient_L2_fos_gapseq	1172	1306	323	bio1	1.072115	1.341546	5.306962
MGYG000004619__gradient_L3_gos_gapseq	1172	1306	323	bio1	1.366337	1.479965	5.279680
MGYG000004619__gradient_L4_xos_gapseq	1172	1306	323	bio1	1.366337	1.316367	5.366453
MGYG000004619__gradient_L5_pectin_gapseq	1172	1306	323	bio1	1.366337	1.419371	5.413107
MGYG000004619__gradient_L6_resistant_starch_gapseq	1172	1306	323	bio1	1.983756	1.472988	5.369305
MGYG000004619__gradient_L7_bglucan_gapseq	1172	1306	323	bio1	1.983756	1.335868	5.435410
MGYG000004619__gradient_L8_hmo_gapseq	1172	1306	323	bio1	1.983756	1.331315	5.206260
MGYG000004619__gradient_L9_mos_gapseq	1172	1306	323	bio1	2.126409	1.472501	5.306390
MGYG000004633__gradient_L0_base_gapseq	1263	1434	374	bio1	0.652428	1.688618	6.464077
MGYG000004633__gradient_L1_inulin_gapseq	1263	1434	374	bio1	0.936482	1.451524	6.538773
MGYG000004633__gradient_L2_fos_gapseq	1263	1434	374	bio1	0.936482	1.480368	6.433449
MGYG000004633__gradient_L3_gos_gapseq	1263	1434	374	bio1	1.193879	1.610412	6.460875
MGYG000004633__gradient_L4_xos_gapseq	1263	1434	374	bio1	1.193879	1.650903	6.592856
MGYG000004633__gradient_L5_pectin_gapseq	1263	1434	374	bio1	1.193879	1.507100	6.577785
MGYG000004633__gradient_L6_resistant_starch_gapseq	1263	1434	374	bio1	1.782326	1.477781	6.366691
MGYG000004633__gradient_L7_bglucan_gapseq	1263	1434	374	bio1	1.782326	1.621040	6.475545
MGYG000004633__gradient_L8_hmo_gapseq	1263	1434	374	bio1	1.782326	1.532258	6.757221
MGYG000004633__gradient_L9_mos_gapseq	1263	1434	374	bio1	1.918285	1.494080	6.429593
MGYG000004637__gradient_L0_base_gapseq	1072	1117	255	bio1	0.043338	1.169354	3.786280
MGYG000004637__gradient_L1_inulin_gapseq	1072	1117	255	bio1	0.083928	1.328853	3.820165
MGYG000004637__gradient_L2_fos_gapseq	1072	1117	255	bio1	0.083928	1.141524	3.852542
MGYG000004637__gradient_L3_gos_gapseq	1072	1117	255	bio1	0.083928	1.251265	3.814147
MGYG000004637__gradient_L4_xos_gapseq	1072	1117	255	bio1	0.083928	1.133859	3.993280
MGYG000004637__gradient_L5_pectin_gapseq	1072	1117	255	bio1	0.083928	1.140000	3.742276
MGYG000004637__gradient_L6_resistant_starch_gapseq	1072	1117	255	bio1	0.083928	1.136846	4.196943
MGYG000004637__gradient_L7_bglucan_gapseq	1072	1117	255	bio1	0.083928	1.183622	3.928247
MGYG000004637__gradient_L8_hmo_gapseq	1072	1117	255	bio1	0.083928	1.117075	3.894388
MGYG000004637__gradient_L9_mos_gapseq	1072	1117	255	bio1	0.083928	1.158254	3.767272
MGYG000004645__gradient_L0_base_gapseq	973	1094	258	bio1	0.334417	1.110297	3.976837
MGYG000004645__gradient_L1_inulin_gapseq	973	1094	258	bio1	0.528118	1.072697	3.730926
MGYG000004645__gradient_L2_fos_gapseq	973	1094	258	bio1	0.528118	1.062116	3.946467
MGYG000004645__gradient_L3_gos_gapseq	973	1094	258	bio1	0.872267	1.067867	3.776290
MGYG000004645__gradient_L4_xos_gapseq	973	1094	258	bio1	0.978063	1.073085	4.024059
MGYG000004645__gradient_L5_pectin_gapseq	973	1094	258	bio1	0.978063	1.156745	3.831578
MGYG000004645__gradient_L6_resistant_starch_gapseq	973	1094	258	bio1	1.717806	1.053507	3.880043
MGYG000004645__gradient_L7_bglucan_gapseq	973	1094	258	bio1	1.976741	1.069327	3.715391
MGYG000004645__gradient_L8_hmo_gapseq	973	1094	258	bio1	1.976741	1.094462	3.866324
MGYG000004645__gradient_L9_mos_gapseq	973	1094	258	bio1	1.976741	1.076882	3.657056
MGYG000004652__gradient_L0_base_gapseq	1396	1665	371	bio1	0.239421	1.692033	8.338391
MGYG000004652__gradient_L1_inulin_gapseq	1396	1665	371	bio1	0.445989	1.738444	8.345222
MGYG000004652__gradient_L2_fos_gapseq	1396	1665	371	bio1	0.445989	1.814306	8.305531
MGYG000004652__gradient_L3_gos_gapseq	1396	1665	371	bio1	0.650210	1.805162	8.200930
MGYG000004652__gradient_L4_xos_gapseq	1396	1665	371	bio1	0.746688	1.797217	8.361501
MGYG000004652__gradient_L5_pectin_gapseq	1396	1665	371	bio1	0.746688	1.762715	8.521662
MGYG000004652__gradient_L6_resistant_starch_gapseq	1396	1665	371	bio1	1.194376	1.674712	8.470517
MGYG000004652__gradient_L7_bglucan_gapseq	1396	1665	371	bio1	1.340070	1.807610	8.311610
MGYG000004652__gradient_L8_hmo_gapseq	1396	1665	371	bio1	1.340070	1.847613	8.233553
MGYG000004652__gradient_L9_mos_gapseq	1396	1665	371	bio1	1.431129	1.867995	8.310059
MGYG000004655__gradient_L0_base_gapseq	1273	1414	335	bio1	0.301778	1.438762	6.289216
MGYG000004655__gradient_L1_inulin_gapseq	1273	1414	335	bio1	0.377819	1.606434	6.252612
MGYG000004655__gradient_L2_fos_gapseq	1273	1414	335	bio1	0.377819	1.450536	6.277099
MGYG000004655__gradient_L3_gos_gapseq	1273	1414	335	bio1	0.434850	1.436063	6.238800
MGYG000004655__gradient_L4_xos_gapseq	1273	1414	335	bio1	0.454454	1.612065	6.214898
MGYG000004655__gradient_L5_pectin_gapseq	1273	1414	335	bio1	0.454454	1.601817	6.210678
MGYG000004655__gradient_L6_resistant_starch_gapseq	1273	1414	335	bio1	0.651685	1.488304	6.349181
MGYG000004655__gradient_L7_bglucan_gapseq	1273	1414	335	bio1	0.772876	1.404713	6.364487
MGYG000004655__gradient_L8_hmo_gapseq	1273	1414	335	bio1	0.772876	1.643626	6.248923
MGYG000004655__gradient_L9_mos_gapseq	1273	1414	335	bio1	0.848917	1.420263	6.435001
MGYG000004663__gradient_L0_base_gapseq	1293	1389	359	bio1	0.000000	1.606852	0.090175
MGYG000004663__gradient_L1_inulin_gapseq	1293	1389	359	bio1	0.000000	1.559729	0.093513
MGYG000004663__gradient_L2_fos_gapseq	1293	1389	359	bio1	0.000000	1.506174	0.210982
MGYG000004663__gradient_L3_gos_gapseq	1293	1389	359	bio1	0.000000	1.469081	0.095894
MGYG000004663__gradient_L4_xos_gapseq	1293	1389	359	bio1	0.000000	1.456697	0.079680
MGYG000004663__gradient_L5_pectin_gapseq	1293	1389	359	bio1	0.000000	1.584441	0.088556
MGYG000004663__gradient_L6_resistant_starch_gapseq	1293	1389	359	bio1	0.000000	1.410447	0.097743
MGYG000004663__gradient_L7_bglucan_gapseq	1293	1389	359	bio1	0.000000	1.624851	0.092908
MGYG000004663__gradient_L8_hmo_gapseq	1293	1389	359	bio1	0.000000	1.508509	0.089969
MGYG000004663__gradient_L9_mos_gapseq	1293	1389	359	bio1	0.000000	1.605098	0.090459
MGYG000004666__gradient_L0_base_gapseq	1185	1298	339	bio1	0.712270	1.340707	5.560666
MGYG000004666__gradient_L1_inulin_gapseq	1185	1298	339	bio1	0.860276	1.375996	5.328551
MGYG000004666__gradient_L2_fos_gapseq	1185	1298	339	bio1	0.860276	1.469580	5.237126
MGYG000004666__gradient_L3_gos_gapseq	1185	1298	339	bio1	1.162412	1.364903	5.468913
MGYG000004666__gradient_L4_xos_gapseq	1185	1298	339	bio1	1.162412	1.300119	5.461765
MGYG000004666__gradient_L5_pectin_gapseq	1185	1298	339	bio1	1.162412	1.442556	5.368931
MGYG000004666__gradient_L6_resistant_starch_gapseq	1185	1298	339	bio1	1.791301	1.338466	5.534997
MGYG000004666__gradient_L7_bglucan_gapseq	1185	1298	339	bio1	1.791301	1.342572	5.276469
MGYG000004666__gradient_L8_hmo_gapseq	1185	1298	339	bio1	1.791301	1.491510	5.470619
MGYG000004666__gradient_L9_mos_gapseq	1185	1298	339	bio1	1.936604	1.390639	5.273613
MGYG000004685__gradient_L0_base_gapseq	766	737	100	bio1	0.000000	0.696769	0.023293
MGYG000004685__gradient_L1_inulin_gapseq	766	737	100	bio1	0.000000	0.722232	0.036508
MGYG000004685__gradient_L2_fos_gapseq	766	737	100	bio1	0.000000	0.732547	0.027449
MGYG000004685__gradient_L3_gos_gapseq	766	737	100	bio1	0.000000	0.906782	0.030597
MGYG000004685__gradient_L4_xos_gapseq	766	737	100	bio1	0.000000	0.730744	0.033846
MGYG000004685__gradient_L5_pectin_gapseq	766	737	100	bio1	0.000000	0.722538	0.030454
MGYG000004685__gradient_L6_resistant_starch_gapseq	766	737	100	bio1	0.000000	0.716283	0.027594
MGYG000004685__gradient_L7_bglucan_gapseq	766	737	100	bio1	0.000000	0.936275	0.027272
MGYG000004685__gradient_L8_hmo_gapseq	766	737	100	bio1	0.000000	0.720419	0.028980
MGYG000004685__gradient_L9_mos_gapseq	766	737	100	bio1	0.000000	0.748462	0.028087
MGYG000004687__gradient_L0_base_gapseq	1605	1835	518	bio1	0.970057	2.036242	10.080637
MGYG000004687__gradient_L1_inulin_gapseq	1605	1835	518	bio1	1.200567	2.041006	10.126099
MGYG000004687__gradient_L2_fos_gapseq	1605	1835	518	bio1	1.200567	2.066094	10.142017
MGYG000004687__gradient_L3_gos_gapseq	1605	1835	518	bio1	1.279806	2.054864	10.347689
MGYG000004687__gradient_L4_xos_gapseq	1605	1835	518	bio1	1.279806	1.899357	10.410723
MGYG000004687__gradient_L5_pectin_gapseq	1605	1835	518	bio1	1.279806	1.878009	10.204223
MGYG000004687__gradient_L6_resistant_starch_gapseq	1605	1835	518	bio1	1.772042	1.959656	10.154859
MGYG000004687__gradient_L7_bglucan_gapseq	1605	1835	518	bio1	1.772042	2.020966	10.327609
MGYG000004687__gradient_L8_hmo_gapseq	1605	1835	518	bio1	1.772042	1.872507	10.398247
MGYG000004687__gradient_L9_mos_gapseq	1605	1835	518	bio1	1.772042	1.931091	10.158852
MGYG000004722__gradient_L0_base_gapseq	1005	1027	203	bio1	0.000000	1.026022	0.056658
MGYG000004722__gradient_L1_inulin_gapseq	1005	1027	203	bio1	0.000000	1.200319	0.048151
MGYG000004722__gradient_L2_fos_gapseq	1005	1027	203	bio1	0.000000	1.039249	0.046812
MGYG000004722__gradient_L3_gos_gapseq	1005	1027	203	bio1	0.846613	1.068291	3.748058
MGYG000004722__gradient_L4_xos_gapseq	1005	1027	203	bio1	0.846613	1.033883	3.408140
MGYG000004722__gradient_L5_pectin_gapseq	1005	1027	203	bio1	0.846613	1.034343	3.496233
MGYG000004722__gradient_L6_resistant_starch_gapseq	1005	1027	203	bio1	0.994383	1.023842	3.322248
MGYG000004722__gradient_L7_bglucan_gapseq	1005	1027	203	bio1	0.994383	1.049566	3.341623
MGYG000004722__gradient_L8_hmo_gapseq	1005	1027	203	bio1	0.994383	1.153725	3.341466
MGYG000004722__gradient_L9_mos_gapseq	1005	1027	203	bio1	0.994383	1.051445	3.383883
MGYG000004727__gradient_L0_base_gapseq	1252	1308	300	bio1	0.000000	1.477744	0.055014
MGYG000004727__gradient_L1_inulin_gapseq	1252	1308	300	bio1	0.000000	1.326388	0.063539
MGYG000004727__gradient_L2_fos_gapseq	1252	1308	300	bio1	0.000000	1.481175	0.064021
MGYG000004727__gradient_L3_gos_gapseq	1252	1308	300	bio1	0.000000	1.388908	0.066494
MGYG000004727__gradient_L4_xos_gapseq	1252	1308	300	bio1	0.000000	1.399693	0.058672
MGYG000004727__gradient_L5_pectin_gapseq	1252	1308	300	bio1	0.000000	1.544925	0.058087
MGYG000004727__gradient_L6_resistant_starch_gapseq	1252	1308	300	bio1	0.000000	1.354779	0.067267
MGYG000004727__gradient_L7_bglucan_gapseq	1252	1308	300	bio1	0.000000	1.471705	0.063074
MGYG000004727__gradient_L8_hmo_gapseq	1252	1308	300	bio1	0.000000	1.325869	0.063217
MGYG000004727__gradient_L9_mos_gapseq	1252	1308	300	bio1	0.000000	1.537676	0.063803
MGYG000004733__gradient_L0_base_gapseq	1460	1699	512	bio1	0.985345	1.886785	8.688087
MGYG000004733__gradient_L1_inulin_gapseq	1460	1699	512	bio1	1.270047	1.799933	8.811269
MGYG000004733__gradient_L2_fos_gapseq	1460	1699	512	bio1	1.270047	1.743989	8.980089
MGYG000004733__gradient_L3_gos_gapseq	1460	1699	512	bio1	1.583485	1.858754	8.940708
MGYG000004733__gradient_L4_xos_gapseq	1460	1699	512	bio1	1.630168	1.749861	8.682653
MGYG000004733__gradient_L5_pectin_gapseq	1460	1699	512	bio1	1.630168	1.892671	8.494620
MGYG000004733__gradient_L6_resistant_starch_gapseq	1460	1699	512	bio1	2.245930	1.890465	8.569612
MGYG000004733__gradient_L7_bglucan_gapseq	1460	1699	512	bio1	2.452666	1.974938	8.691064
MGYG000004733__gradient_L8_hmo_gapseq	1460	1699	512	bio1	2.599382	1.957461	8.700244
MGYG000004733__gradient_L9_mos_gapseq	1460	1699	512	bio1	2.706085	1.745138	8.837676
MGYG000004736__gradient_L0_base_gapseq	1321	1439	285	bio1	0.000000	1.553820	0.074371
MGYG000004736__gradient_L1_inulin_gapseq	1321	1439	285	bio1	0.000000	1.626596	0.075069
MGYG000004736__gradient_L2_fos_gapseq	1321	1439	285	bio1	0.000000	1.537053	0.072232
MGYG000004736__gradient_L3_gos_gapseq	1321	1439	285	bio1	0.843308	1.605035	6.427622
MGYG000004736__gradient_L4_xos_gapseq	1321	1439	285	bio1	0.843308	1.657448	6.421917
MGYG000004736__gradient_L5_pectin_gapseq	1321	1439	285	bio1	0.843308	1.499405	6.858094
MGYG000004736__gradient_L6_resistant_starch_gapseq	1321	1439	285	bio1	1.564944	1.550995	6.517991
MGYG000004736__gradient_L7_bglucan_gapseq	1321	1439	285	bio1	1.564944	1.653093	6.390150
MGYG000004736__gradient_L8_hmo_gapseq	1321	1439	285	bio1	1.564944	1.541127	6.603880
MGYG000004736__gradient_L9_mos_gapseq	1321	1439	285	bio1	1.564944	1.483582	6.402290
MGYG000004737__gradient_L0_base_gapseq	1133	1302	314	bio1	0.000000	1.514564	0.084632
MGYG000004737__gradient_L1_inulin_gapseq	1133	1302	314	bio1	0.000000	1.272733	0.075587
MGYG000004737__gradient_L2_fos_gapseq	1133	1302	314	bio1	0.000000	1.430392	0.072281
MGYG000004737__gradient_L3_gos_gapseq	1133	1302	314	bio1	0.000000	1.357465	0.078004
MGYG000004737__gradient_L4_xos_gapseq	1133	1302	314	bio1	0.639222	1.271761	5.441334
MGYG000004737__gradient_L5_pectin_gapseq	1133	1302	314	bio1	0.639222	1.324549	5.263525
MGYG000004737__gradient_L6_resistant_starch_gapseq	1133	1302	314	bio1	0.961972	1.440285	5.402842
MGYG000004737__gradient_L7_bglucan_gapseq	1133	1302	314	bio1	0.961972	1.445356	5.662718
MGYG000004737__gradient_L8_hmo_gapseq	1133	1302	314	bio1	0.961972	1.325040	5.461375
MGYG000004737__gradient_L9_mos_gapseq	1133	1302	314	bio1	1.038697	1.436972	5.282047
MGYG000004739__gradient_L0_base_gapseq	1337	1596	360	bio1	0.000000	1.614647	0.101730
MGYG000004739__gradient_L1_inulin_gapseq	1337	1596	360	bio1	0.000000	1.807242	0.089157
MGYG000004739__gradient_L2_fos_gapseq	1337	1596	360	bio1	0.000000	1.605380	0.086578
MGYG000004739__gradient_L3_gos_gapseq	1337	1596	360	bio1	1.021458	1.842535	7.564924
MGYG000004739__gradient_L4_xos_gapseq	1337	1596	360	bio1	1.066025	1.903352	7.656770
MGYG000004739__gradient_L5_pectin_gapseq	1337	1596	360	bio1	1.066025	1.682443	7.901314
MGYG000004739__gradient_L6_resistant_starch_gapseq	1337	1596	360	bio1	1.421371	1.617748	7.672460
MGYG000004739__gradient_L7_bglucan_gapseq	1337	1596	360	bio1	1.537541	1.588040	7.471519
MGYG000004739__gradient_L8_hmo_gapseq	1337	1596	360	bio1	1.537541	1.801015	7.383341
MGYG000004739__gradient_L9_mos_gapseq	1337	1596	360	bio1	1.610432	1.826834	7.541322
MGYG000004744__gradient_L0_base_gapseq	1298	1476	377	bio1	0.560200	1.714930	6.582974
MGYG000004744__gradient_L1_inulin_gapseq	1298	1476	377	bio1	0.795790	1.644251	6.792082
MGYG000004744__gradient_L2_fos_gapseq	1298	1476	377	bio1	0.795790	1.467815	6.935639
MGYG000004744__gradient_L3_gos_gapseq	1298	1476	377	bio1	1.029202	1.462297	6.481248
MGYG000004744__gradient_L4_xos_gapseq	1298	1476	377	bio1	1.029202	1.595284	6.461537
MGYG000004744__gradient_L5_pectin_gapseq	1298	1476	377	bio1	1.029202	1.563059	6.613156
MGYG000004744__gradient_L6_resistant_starch_gapseq	1298	1476	377	bio1	1.490572	1.527127	6.750622
MGYG000004744__gradient_L7_bglucan_gapseq	1298	1476	377	bio1	1.649095	1.509552	6.630564
MGYG000004744__gradient_L8_hmo_gapseq	1298	1476	377	bio1	1.649095	1.664967	6.715722
MGYG000004744__gradient_L9_mos_gapseq	1298	1476	377	bio1	1.649095	1.581288	6.703374
MGYG000004763__gradient_L0_base_gapseq	1421	1630	443	bio1	0.579456	1.895835	8.316973
MGYG000004763__gradient_L1_inulin_gapseq	1421	1630	443	bio1	0.681712	1.825497	8.271408
MGYG000004763__gradient_L2_fos_gapseq	1421	1630	443	bio1	0.681712	1.668031	8.452905
MGYG000004763__gradient_L3_gos_gapseq	1421	1630	443	bio1	0.757205	1.684802	8.488035
MGYG000004763__gradient_L4_xos_gapseq	1421	1630	443	bio1	0.818972	1.630072	8.248221
MGYG000004763__gradient_L5_pectin_gapseq	1421	1630	443	bio1	0.850999	1.880821	8.223410
MGYG000004763__gradient_L6_resistant_starch_gapseq	1421	1630	443	bio1	1.109504	1.822039	8.400899
MGYG000004763__gradient_L7_bglucan_gapseq	1421	1630	443	bio1	1.267353	1.872308	8.320875
MGYG000004763__gradient_L8_hmo_gapseq	1421	1630	443	bio1	1.267353	1.706099	8.422522
MGYG000004763__gradient_L9_mos_gapseq	1421	1630	443	bio1	1.368010	1.686011	8.408160
MGYG000004770__gradient_L0_base_gapseq	1486	1724	383	bio1	0.448136	2.072196	9.200101
MGYG000004770__gradient_L1_inulin_gapseq	1486	1724	383	bio1	0.526643	1.873886	8.884666
MGYG000004770__gradient_L2_fos_gapseq	1486	1724	383	bio1	0.526643	1.939279	8.913890
MGYG000004770__gradient_L3_gos_gapseq	1486	1724	383	bio1	0.585524	1.942281	8.912298
MGYG000004770__gradient_L4_xos_gapseq	1486	1724	383	bio1	0.585524	1.795718	9.241972
MGYG000004770__gradient_L5_pectin_gapseq	1486	1724	383	bio1	0.585524	1.820747	9.105313
MGYG000004770__gradient_L6_resistant_starch_gapseq	1486	1724	383	bio1	0.735178	1.805134	9.080189
MGYG000004770__gradient_L7_bglucan_gapseq	1486	1724	383	bio1	0.735178	1.838036	8.890005
MGYG000004770__gradient_L8_hmo_gapseq	1486	1724	383	bio1	0.735178	1.969037	8.913310
MGYG000004770__gradient_L9_mos_gapseq	1486	1724	383	bio1	0.774432	1.931335	8.931212
MGYG000004781__gradient_L0_base_gapseq	1669	1967	546	bio1	0.000000	2.269565	0.134158
MGYG000004781__gradient_L1_inulin_gapseq	1669	1967	546	bio1	0.000000	2.045597	0.261021
MGYG000004781__gradient_L2_fos_gapseq	1669	1967	546	bio1	0.000000	2.064109	0.136424
MGYG000004781__gradient_L3_gos_gapseq	1669	1967	546	bio1	0.000000	2.153296	0.138166
MGYG000004781__gradient_L4_xos_gapseq	1669	1967	546	bio1	1.911469	2.008151	12.019129
MGYG000004781__gradient_L5_pectin_gapseq	1669	1967	546	bio1	1.911469	2.068758	12.105172
MGYG000004781__gradient_L6_resistant_starch_gapseq	1669	1967	546	bio1	2.629517	2.314827	11.928166
MGYG000004781__gradient_L7_bglucan_gapseq	1669	1967	546	bio1	2.862236	2.326199	11.927847
MGYG000004781__gradient_L8_hmo_gapseq	1669	1967	546	bio1	2.862236	2.252220	11.936210
MGYG000004781__gradient_L9_mos_gapseq	1669	1967	546	bio1	3.021360	2.300145	11.879947
MGYG000004783__gradient_L0_base_gapseq	1172	1285	269	bio1	0.000000	1.553209	0.068666
MGYG000004783__gradient_L1_inulin_gapseq	1172	1285	269	bio1	0.302240	1.323343	5.226968
MGYG000004783__gradient_L2_fos_gapseq	1172	1285	269	bio1	0.302240	1.443916	5.244937
MGYG000004783__gradient_L3_gos_gapseq	1172	1285	269	bio1	0.302240	1.321373	5.275570
MGYG000004783__gradient_L4_xos_gapseq	1172	1285	269	bio1	0.302240	1.365866	5.208218
MGYG000004783__gradient_L5_pectin_gapseq	1172	1285	269	bio1	0.302240	1.481216	5.099888
MGYG000004783__gradient_L6_resistant_starch_gapseq	1172	1285	269	bio1	0.888959	1.388750	5.456158
MGYG000004783__gradient_L7_bglucan_gapseq	1172	1285	269	bio1	0.888959	1.316760	5.316634
MGYG000004783__gradient_L8_hmo_gapseq	1172	1285	269	bio1	0.888959	1.461704	5.254754
MGYG000004783__gradient_L9_mos_gapseq	1172	1285	269	bio1	0.994383	1.368001	5.500806
MGYG000004786__gradient_L0_base_gapseq	1129	1253	308	bio1	0.000000	1.283739	0.062414
MGYG000004786__gradient_L1_inulin_gapseq	1129	1253	308	bio1	0.000000	1.308941	0.060231
MGYG000004786__gradient_L2_fos_gapseq	1129	1253	308	bio1	0.000000	1.425955	0.055750
MGYG000004786__gradient_L3_gos_gapseq	1129	1253	308	bio1	0.958625	1.291409	4.835830
MGYG000004786__gradient_L4_xos_gapseq	1129	1253	308	bio1	0.963686	1.451668	4.836318
MGYG000004786__gradient_L5_pectin_gapseq	1129	1253	308	bio1	0.963686	1.285944	4.961126
MGYG000004786__gradient_L6_resistant_starch_gapseq	1129	1253	308	bio1	1.599703	1.296066	4.958086
MGYG000004786__gradient_L7_bglucan_gapseq	1129	1253	308	bio1	1.818147	1.497817	4.835658
MGYG000004786__gradient_L8_hmo_gapseq	1129	1253	308	bio1	1.818147	1.285781	5.044326
MGYG000004786__gradient_L9_mos_gapseq	1129	1253	308	bio1	1.924059	1.298549	4.885700
MGYG000004789__gradient_L0_base_gapseq	1512	1804	397	bio1	0.739542	1.781773	9.984650
MGYG000004789__gradient_L1_inulin_gapseq	1512	1804	397	bio1	0.967097	1.956950	9.979051
MGYG000004789__gradient_L2_fos_gapseq	1512	1804	397	bio1	0.967097	1.936046	10.026949
MGYG000004789__gradient_L3_gos_gapseq	1512	1804	397	bio1	1.204860	1.804797	10.012959
MGYG000004789__gradient_L4_xos_gapseq	1512	1804	397	bio1	1.204860	2.034302	9.925521
MGYG000004789__gradient_L5_pectin_gapseq	1512	1804	397	bio1	1.204860	2.032294	10.001316
MGYG000004789__gradient_L6_resistant_starch_gapseq	1512	1804	397	bio1	1.679055	1.959942	9.916086
MGYG000004789__gradient_L7_bglucan_gapseq	1512	1804	397	bio1	1.835318	1.990243	9.815419
MGYG000004789__gradient_L8_hmo_gapseq	1512	1804	397	bio1	1.835318	1.962870	10.046571
MGYG000004789__gradient_L9_mos_gapseq	1512	1804	397	bio1	1.945622	1.998861	9.882768
MGYG000004790__gradient_L0_base_gapseq	1067	1172	225	bio1	0.000000	1.118533	0.218837
MGYG000004790__gradient_L1_inulin_gapseq	1067	1172	225	bio1	0.229044	1.118764	4.243692
MGYG000004790__gradient_L2_fos_gapseq	1067	1172	225	bio1	0.229044	1.142866	4.355504
MGYG000004790__gradient_L3_gos_gapseq	1067	1172	225	bio1	0.229044	1.151140	4.418837
MGYG000004790__gradient_L4_xos_gapseq	1067	1172	225	bio1	0.229044	1.328836	4.265251
MGYG000004790__gradient_L5_pectin_gapseq	1067	1172	225	bio1	0.229044	1.221435	4.304221
MGYG000004790__gradient_L6_resistant_starch_gapseq	1067	1172	225	bio1	0.229044	1.360657	4.313471
MGYG000004790__gradient_L7_bglucan_gapseq	1067	1172	225	bio1	0.229044	1.157294	4.363393
MGYG000004790__gradient_L8_hmo_gapseq	1067	1172	225	bio1	0.229044	1.323072	4.208027
MGYG000004790__gradient_L9_mos_gapseq	1067	1172	225	bio1	0.229044	1.145519	4.585015
MGYG000004792__gradient_L0_base_gapseq	1383	1657	395	bio1	0.000000	1.867095	0.090345
MGYG000004792__gradient_L1_inulin_gapseq	1383	1657	395	bio1	0.456799	1.723515	8.414033
MGYG000004792__gradient_L2_fos_gapseq	1383	1657	395	bio1	0.456799	1.707314	8.402361
MGYG000004792__gradient_L3_gos_gapseq	1383	1657	395	bio1	0.533710	1.721192	8.361120
MGYG000004792__gradient_L4_xos_gapseq	1383	1657	395	bio1	0.631598	1.719816	8.136446
MGYG000004792__gradient_L5_pectin_gapseq	1383	1657	395	bio1	0.631598	1.886757	8.117211
MGYG000004792__gradient_L6_resistant_starch_gapseq	1383	1657	395	bio1	1.064443	1.898556	8.157923
MGYG000004792__gradient_L7_bglucan_gapseq	1383	1657	395	bio1	1.209911	1.808732	8.286437
MGYG000004792__gradient_L8_hmo_gapseq	1383	1657	395	bio1	1.209911	1.687324	8.436828
MGYG000004792__gradient_L9_mos_gapseq	1383	1657	395	bio1	1.274563	1.679167	8.531671
MGYG000004797__gradient_L0_base_gapseq	1513	1809	564	bio1	0.958169	2.058880	9.785390
MGYG000004797__gradient_L1_inulin_gapseq	1513	1809	564	bio1	1.063569	1.893029	9.778945
MGYG000004797__gradient_L2_fos_gapseq	1513	1809	564	bio1	1.063569	1.845758	9.856177
MGYG000004797__gradient_L3_gos_gapseq	1513	1809	564	bio1	1.142619	1.968965	9.778806
MGYG000004797__gradient_L4_xos_gapseq	1513	1809	564	bio1	1.207296	1.843960	9.839463
MGYG000004797__gradient_L5_pectin_gapseq	1513	1809	564	bio1	1.240832	1.945235	9.847821
MGYG000004797__gradient_L6_resistant_starch_gapseq	1513	1809	564	bio1	1.722317	1.915814	9.668836
MGYG000004797__gradient_L7_bglucan_gapseq	1513	1809	564	bio1	1.887590	2.055839	9.526094
MGYG000004797__gradient_L8_hmo_gapseq	1513	1809	564	bio1	1.887590	1.984647	9.651074
MGYG000004797__gradient_L9_mos_gapseq	1513	1809	564	bio1	1.988179	2.052762	9.606816
MGYG000004798__gradient_L0_base_gapseq	1526	1820	472	bio1	0.998569	2.090509	9.947483
MGYG000004798__gradient_L1_inulin_gapseq	1526	1820	472	bio1	1.218440	2.049830	9.992332
MGYG000004798__gradient_L2_fos_gapseq	1526	1820	472	bio1	1.218440	2.061798	9.873618
MGYG000004798__gradient_L3_gos_gapseq	1526	1820	472	bio1	1.458923	2.072775	9.844331
MGYG000004798__gradient_L4_xos_gapseq	1526	1820	472	bio1	1.500149	2.040104	10.071058
MGYG000004798__gradient_L5_pectin_gapseq	1526	1820	472	bio1	1.500149	1.854377	10.216281
MGYG000004798__gradient_L6_resistant_starch_gapseq	1526	1820	472	bio1	1.997148	1.872724	9.976793
MGYG000004798__gradient_L7_bglucan_gapseq	1526	1820	472	bio1	2.152580	1.914054	10.112398
MGYG000004798__gradient_L8_hmo_gapseq	1526	1820	472	bio1	2.152580	1.925221	10.049630
MGYG000004798__gradient_L9_mos_gapseq	1526	1820	472	bio1	2.261649	1.828027	10.309749
MGYG000004799__gradient_L0_base_gapseq	1277	1452	383	bio1	0.728364	1.473375	6.727603
MGYG000004799__gradient_L1_inulin_gapseq	1277	1452	383	bio1	0.843371	1.406655	6.570207
MGYG000004799__gradient_L2_fos_gapseq	1277	1452	383	bio1	0.843371	1.640367	6.524569
MGYG000004799__gradient_L3_gos_gapseq	1277	1452	383	bio1	1.071889	1.440982	6.641044
MGYG000004799__gradient_L4_xos_gapseq	1277	1452	383	bio1	1.128305	1.435374	6.521030
MGYG000004799__gradient_L5_pectin_gapseq	1277	1452	383	bio1	1.128305	1.601413	6.515759
MGYG000004799__gradient_L6_resistant_starch_gapseq	1277	1452	383	bio1	1.617242	1.776134	6.557825
MGYG000004799__gradient_L7_bglucan_gapseq	1277	1452	383	bio1	1.786489	1.493730	6.674222
MGYG000004799__gradient_L8_hmo_gapseq	1277	1452	383	bio1	1.899321	1.475852	6.490882
MGYG000004799__gradient_L9_mos_gapseq	1277	1452	383	bio1	1.899321	1.563709	6.489989
MGYG000004801__gradient_L0_base_gapseq	1570	1749	471	bio1	0.995622	1.832329	9.511804
MGYG000004801__gradient_L1_inulin_gapseq	1570	1749	471	bio1	1.124685	2.042127	9.435424
MGYG000004801__gradient_L2_fos_gapseq	1570	1749	471	bio1	1.124685	2.027517	9.456117
MGYG000004801__gradient_L3_gos_gapseq	1570	1749	471	bio1	1.124685	2.013348	9.394293
MGYG000004801__gradient_L4_xos_gapseq	1570	1749	471	bio1	1.205182	1.979405	9.692664
MGYG000004801__gradient_L5_pectin_gapseq	1570	1749	471	bio1	1.205182	2.052632	9.397346
MGYG000004801__gradient_L6_resistant_starch_gapseq	1570	1749	471	bio1	1.795353	1.843560	9.510533
MGYG000004801__gradient_L7_bglucan_gapseq	1570	1749	471	bio1	1.795353	1.910564	9.611372
MGYG000004801__gradient_L8_hmo_gapseq	1570	1749	471	bio1	1.795353	1.895008	9.579535
MGYG000004801__gradient_L9_mos_gapseq	1570	1749	471	bio1	1.795353	1.893620	9.531029
MGYG000004807__gradient_L0_base_gapseq	1254	1374	326	bio1	0.000000	1.395495	0.071180
MGYG000004807__gradient_L1_inulin_gapseq	1254	1374	326	bio1	0.000000	1.615855	0.078170
MGYG000004807__gradient_L2_fos_gapseq	1254	1374	326	bio1	0.000000	1.370029	0.080066
MGYG000004807__gradient_L3_gos_gapseq	1254	1374	326	bio1	0.000000	1.600392	0.076292
MGYG000004807__gradient_L4_xos_gapseq	1254	1374	326	bio1	0.608205	1.400545	5.706109
MGYG000004807__gradient_L5_pectin_gapseq	1254	1374	326	bio1	0.608205	1.652951	5.844037
MGYG000004807__gradient_L6_resistant_starch_gapseq	1254	1374	326	bio1	1.263815	1.423348	6.030743
MGYG000004807__gradient_L7_bglucan_gapseq	1254	1374	326	bio1	1.489114	1.370969	5.786781
MGYG000004807__gradient_L8_hmo_gapseq	1254	1374	326	bio1	1.489114	1.562333	5.720433
MGYG000004807__gradient_L9_mos_gapseq	1254	1374	326	bio1	1.609274	1.643058	5.915060
MGYG000004812__gradient_L0_base_gapseq	1278	1341	301	bio1	0.042758	1.618800	5.548030
MGYG000004812__gradient_L1_inulin_gapseq	1278	1341	301	bio1	0.132822	1.477273	5.616225
MGYG000004812__gradient_L2_fos_gapseq	1278	1341	301	bio1	0.132822	1.361788	5.792436
MGYG000004812__gradient_L3_gos_gapseq	1278	1341	301	bio1	0.132822	1.409903	5.569922
MGYG000004812__gradient_L4_xos_gapseq	1278	1341	301	bio1	0.132822	1.452774	5.511628
MGYG000004812__gradient_L5_pectin_gapseq	1278	1341	301	bio1	0.132822	1.400230	5.920966
MGYG000004812__gradient_L6_resistant_starch_gapseq	1278	1341	301	bio1	0.217831	1.435741	5.678922
MGYG000004812__gradient_L7_bglucan_gapseq	1278	1341	301	bio1	0.217831	1.490365	5.592174
MGYG000004812__gradient_L8_hmo_gapseq	1278	1341	301	bio1	0.217831	1.369111	5.824936
MGYG000004812__gradient_L9_mos_gapseq	1278	1341	301	bio1	0.217831	1.376051	5.634156
MGYG000004819__gradient_L0_base_gapseq	1426	1681	405	bio1	0.390367	1.689447	8.339728
MGYG000004819__gradient_L1_inulin_gapseq	1426	1681	405	bio1	0.561752	1.769646	8.395762
MGYG000004819__gradient_L2_fos_gapseq	1426	1681	405	bio1	0.561752	1.877957	8.334013
MGYG000004819__gradient_L3_gos_gapseq	1426	1681	405	bio1	0.725996	1.878104	8.593639
MGYG000004819__gradient_L4_xos_gapseq	1426	1681	405	bio1	0.833236	1.874373	8.519538
MGYG000004819__gradient_L5_pectin_gapseq	1426	1681	405	bio1	0.833236	1.699661	8.508437
MGYG000004819__gradient_L6_resistant_starch_gapseq	1426	1681	405	bio1	1.202264	1.727056	8.451104
MGYG000004819__gradient_L7_bglucan_gapseq	1426	1681	405	bio1	1.202264	1.704944	8.382624
MGYG000004819__gradient_L8_hmo_gapseq	1426	1681	405	bio1	1.202264	1.822154	8.329516
MGYG000004819__gradient_L9_mos_gapseq	1426	1681	405	bio1	1.276969	1.863115	8.598242
MGYG000004832__gradient_L0_base_gapseq	1289	1360	334	bio1	0.000000	1.404986	0.066993
MGYG000004832__gradient_L1_inulin_gapseq	1289	1360	334	bio1	0.000000	1.406090	0.191062
MGYG000004832__gradient_L2_fos_gapseq	1289	1360	334	bio1	0.000000	1.422801	0.067061
MGYG000004832__gradient_L3_gos_gapseq	1289	1360	334	bio1	0.000000	1.406567	0.067623
MGYG000004832__gradient_L4_xos_gapseq	1289	1360	334	bio1	0.288044	1.510790	5.888276
MGYG000004832__gradient_L5_pectin_gapseq	1289	1360	334	bio1	0.288044	1.557295	6.014131
MGYG000004832__gradient_L6_resistant_starch_gapseq	1289	1360	334	bio1	0.583678	1.402925	6.237490
MGYG000004832__gradient_L7_bglucan_gapseq	1289	1360	334	bio1	0.583678	1.433504	5.862744
MGYG000004832__gradient_L8_hmo_gapseq	1289	1360	334	bio1	0.583678	1.529923	5.866683
MGYG000004832__gradient_L9_mos_gapseq	1289	1360	334	bio1	0.583678	1.425731	5.878948
MGYG000004834__gradient_L0_base_gapseq	1224	1381	325	bio1	0.425267	1.378887	6.222757
MGYG000004834__gradient_L1_inulin_gapseq	1224	1381	325	bio1	0.776010	1.421440	5.982954
MGYG000004834__gradient_L2_fos_gapseq	1224	1381	325	bio1	0.776010	1.573087	6.088188
MGYG000004834__gradient_L3_gos_gapseq	1224	1381	325	bio1	1.110800	1.403308	6.241018
MGYG000004834__gradient_L4_xos_gapseq	1224	1381	325	bio1	1.189258	1.439694	5.940032
MGYG000004834__gradient_L5_pectin_gapseq	1224	1381	325	bio1	1.189258	1.567274	5.955337
MGYG000004834__gradient_L6_resistant_starch_gapseq	1224	1381	325	bio1	1.909839	1.394031	6.237825
MGYG000004834__gradient_L7_bglucan_gapseq	1224	1381	325	bio1	1.909839	1.400667	5.990326
MGYG000004834__gradient_L8_hmo_gapseq	1224	1381	325	bio1	1.909839	1.580978	5.977839
MGYG000004834__gradient_L9_mos_gapseq	1224	1381	325	bio1	2.075015	1.537992	6.004685
MGYG000004840__gradient_L0_base_gapseq	1286	1476	311	bio1	0.089203	1.693992	6.553437
MGYG000004840__gradient_L1_inulin_gapseq	1286	1476	311	bio1	0.291107	1.699230	6.781521
MGYG000004840__gradient_L2_fos_gapseq	1286	1476	311	bio1	0.291107	1.537681	6.531968
MGYG000004840__gradient_L3_gos_gapseq	1286	1476	311	bio1	0.488316	1.668963	6.577773
MGYG000004840__gradient_L4_xos_gapseq	1286	1476	311	bio1	0.488316	1.613346	6.570872
MGYG000004840__gradient_L5_pectin_gapseq	1286	1476	311	bio1	0.488316	1.516998	6.754266
MGYG000004840__gradient_L6_resistant_starch_gapseq	1286	1476	311	bio1	0.898919	1.482651	6.572636
MGYG000004840__gradient_L7_bglucan_gapseq	1286	1476	311	bio1	0.898919	1.643554	6.601914
MGYG000004840__gradient_L8_hmo_gapseq	1286	1476	311	bio1	0.898919	1.689159	6.787045
MGYG000004840__gradient_L9_mos_gapseq	1286	1476	311	bio1	0.898919	1.544206	5.915349
MGYG000004843__gradient_L0_base_gapseq	1165	1268	327	bio1	0.325707	1.260336	5.007499
MGYG000004843__gradient_L1_inulin_gapseq	1165	1268	327	bio1	0.404669	1.389858	4.978314
MGYG000004843__gradient_L2_fos_gapseq	1165	1268	327	bio1	0.404669	1.278093	5.073222
MGYG000004843__gradient_L3_gos_gapseq	1165	1268	327	bio1	0.552722	1.243807	4.926637
MGYG000004843__gradient_L4_xos_gapseq	1165	1268	327	bio1	0.552722	1.430036	4.975786
MGYG000004843__gradient_L5_pectin_gapseq	1165	1268	327	bio1	0.552722	1.289779	4.991323
MGYG000004843__gradient_L6_resistant_starch_gapseq	1165	1268	327	bio1	0.880907	1.437990	5.034713
MGYG000004843__gradient_L7_bglucan_gapseq	1165	1268	327	bio1	0.880907	1.302053	5.069686
MGYG000004843__gradient_L8_hmo_gapseq	1165	1268	327	bio1	0.880907	1.296077	5.115113
MGYG000004843__gradient_L9_mos_gapseq	1165	1268	327	bio1	0.959869	1.449274	4.662294
MGYG000004846__gradient_L0_base_gapseq	1183	1319	333	bio1	0.826138	1.396391	5.380336
MGYG000004846__gradient_L1_inulin_gapseq	1183	1319	333	bio1	1.117754	1.451765	5.429434
MGYG000004846__gradient_L2_fos_gapseq	1183	1319	333	bio1	1.117754	1.369309	5.548522
MGYG000004846__gradient_L3_gos_gapseq	1183	1319	333	bio1	1.412254	1.345671	5.406163
MGYG000004846__gradient_L4_xos_gapseq	1183	1319	333	bio1	1.412254	1.463095	5.329371
MGYG000004846__gradient_L5_pectin_gapseq	1183	1319	333	bio1	1.412254	1.327989	5.520502
MGYG000004846__gradient_L6_resistant_starch_gapseq	1183	1319	333	bio1	2.030259	1.330037	5.403137
MGYG000004846__gradient_L7_bglucan_gapseq	1183	1319	333	bio1	2.030259	1.504956	5.546078
MGYG000004846__gradient_L8_hmo_gapseq	1183	1319	333	bio1	2.030259	1.332746	5.162414
MGYG000004846__gradient_L9_mos_gapseq	1183	1319	333	bio1	2.173047	1.326430	4.282214
MGYG000004852__gradient_L0_base_gapseq	1367	1559	359	bio1	0.666604	1.624368	7.699290
MGYG000004852__gradient_L1_inulin_gapseq	1367	1559	359	bio1	0.911607	1.622230	7.704802
MGYG000004852__gradient_L2_fos_gapseq	1367	1559	359	bio1	0.911607	1.627596	7.434637
MGYG000004852__gradient_L3_gos_gapseq	1367	1559	359	bio1	0.980167	1.855191	7.525372
MGYG000004852__gradient_L4_xos_gapseq	1367	1559	359	bio1	1.041985	1.780155	7.856470
MGYG000004852__gradient_L5_pectin_gapseq	1367	1559	359	bio1	1.041985	1.453935	6.328299
MGYG000004852__gradient_L6_resistant_starch_gapseq	1367	1559	359	bio1	1.508380	1.148101	5.119496
MGYG000004852__gradient_L7_bglucan_gapseq	1367	1559	359	bio1	1.665362	1.155440	5.069319
MGYG000004852__gradient_L8_hmo_gapseq	1367	1559	359	bio1	1.665362	1.233493	5.052859
MGYG000004852__gradient_L9_mos_gapseq	1367	1559	359	bio1	1.774567	1.256531	5.033237
MGYG000004855__gradient_L0_base_gapseq	1388	1630	484	bio1	0.000000	1.690591	0.105770
MGYG000004855__gradient_L1_inulin_gapseq	1388	1630	484	bio1	0.000000	1.808789	0.111303
MGYG000004855__gradient_L2_fos_gapseq	1388	1630	484	bio1	0.000000	1.656575	0.098843
MGYG000004855__gradient_L3_gos_gapseq	1388	1630	484	bio1	1.680999	1.814673	8.082290
MGYG000004855__gradient_L4_xos_gapseq	1388	1630	484	bio1	1.680999	1.846425	8.036183
MGYG000004855__gradient_L5_pectin_gapseq	1388	1630	484	bio1	1.680999	1.738440	8.452881
MGYG000004855__gradient_L6_resistant_starch_gapseq	1388	1630	484	bio1	2.409482	1.536426	6.726389
MGYG000004855__gradient_L7_bglucan_gapseq	1388	1630	484	bio1	2.653702	1.201851	5.318224
MGYG000004855__gradient_L8_hmo_gapseq	1388	1630	484	bio1	2.653702	1.304730	5.309537
MGYG000004855__gradient_L9_mos_gapseq	1388	1630	484	bio1	2.787292	1.267219	5.373299
MGYG000004864__gradient_L0_base_gapseq	1346	1467	414	bio1	0.533236	1.701216	6.746019
MGYG000004864__gradient_L1_inulin_gapseq	1346	1467	414	bio1	0.722514	1.558323	6.795001
MGYG000004864__gradient_L2_fos_gapseq	1346	1467	414	bio1	0.722514	1.526025	6.691795
MGYG000004864__gradient_L3_gos_gapseq	1346	1467	414	bio1	0.722514	1.682390	6.832531
MGYG000004864__gradient_L4_xos_gapseq	1346	1467	414	bio1	0.722514	1.631649	5.734205
MGYG000004864__gradient_L5_pectin_gapseq	1346	1467	414	bio1	0.722514	1.229693	4.625666
MGYG000004864__gradient_L6_resistant_starch_gapseq	1346	1467	414	bio1	0.722514	1.103547	4.441893
MGYG000004864__gradient_L7_bglucan_gapseq	1346	1467	414	bio1	0.722514	1.155541	4.499371
MGYG000004864__gradient_L8_hmo_gapseq	1346	1467	414	bio1	0.722514	1.194715	4.474809
MGYG000004864__gradient_L9_mos_gapseq	1346	1467	414	bio1	0.722514	1.105098	4.523289
MGYG000004865__gradient_L0_base_gapseq	1115	1254	339	bio1	0.000000	1.409462	0.053956
MGYG000004865__gradient_L1_inulin_gapseq	1115	1254	339	bio1	0.000000	1.265125	0.056616
MGYG000004865__gradient_L2_fos_gapseq	1115	1254	339	bio1	0.000000	1.237728	0.061937
MGYG000004865__gradient_L3_gos_gapseq	1115	1254	339	bio1	0.000000	1.366506	0.061331
MGYG000004865__gradient_L4_xos_gapseq	1115	1254	339	bio1	0.644173	1.240953	4.819610
MGYG000004865__gradient_L5_pectin_gapseq	1115	1254	339	bio1	0.715223	1.443178	4.958395
MGYG000004865__gradient_L6_resistant_starch_gapseq	1115	1254	339	bio1	1.503874	1.252974	4.998120
MGYG000004865__gradient_L7_bglucan_gapseq	1115	1254	339	bio1	1.780967	1.272812	4.970220
MGYG000004865__gradient_L8_hmo_gapseq	1115	1254	339	bio1	1.780967	1.437459	4.667516
MGYG000004865__gradient_L9_mos_gapseq	1115	1254	339	bio1	1.932540	1.125395	4.075126
MGYG000004872__gradient_L0_base_gapseq	1385	1636	471	bio1	1.063084	1.847195	8.145990
MGYG000004872__gradient_L1_inulin_gapseq	1385	1636	471	bio1	1.397040	2.035889	7.799700
MGYG000004872__gradient_L2_fos_gapseq	1385	1636	471	bio1	1.397040	1.585124	5.957119
MGYG000004872__gradient_L3_gos_gapseq	1385	1636	471	bio1	1.766479	1.207529	5.462927
MGYG000004872__gradient_L4_xos_gapseq	1385	1636	471	bio1	1.864579	1.218937	5.435860
MGYG000004872__gradient_L5_pectin_gapseq	1385	1636	471	bio1	1.927195	1.223381	5.362388
MGYG000004872__gradient_L6_resistant_starch_gapseq	1385	1636	471	bio1	2.655637	1.385098	5.294693
MGYG000004872__gradient_L7_bglucan_gapseq	1385	1636	471	bio1	2.899843	1.284693	5.246722
MGYG000004872__gradient_L8_hmo_gapseq	1385	1636	471	bio1	3.074938	1.261953	5.139384
MGYG000004872__gradient_L9_mos_gapseq	1385	1636	471	bio1	3.240555	1.225657	5.055371
MGYG000004882__gradient_L0_base_gapseq	524	497	56	bio1	0.000000	0.475919	0.011841
MGYG000004882__gradient_L1_inulin_gapseq	524	497	56	bio1	0.000000	0.461351	0.017694
MGYG000004882__gradient_L2_fos_gapseq	524	497	56	bio1	0.000000	0.432044	0.019771
MGYG000004882__gradient_L3_gos_gapseq	524	497	56	bio1	0.000000	0.460139	0.021861
MGYG000004882__gradient_L4_xos_gapseq	524	497	56	bio1	0.000000	0.603061	0.015818
MGYG000004882__gradient_L5_pectin_gapseq	524	497	56	bio1	0.000000	0.616694	0.019056
MGYG000004882__gradient_L6_resistant_starch_gapseq	524	497	56	bio1	0.000000	0.446617	0.023498
MGYG000004882__gradient_L7_bglucan_gapseq	524	497	56	bio1	0.000000	0.457453	0.022608
MGYG000004882__gradient_L8_hmo_gapseq	524	497	56	bio1	0.000000	0.450087	0.020117
MGYG000004882__gradient_L9_mos_gapseq	524	497	56	bio1	0.000000	0.453631	0.018835
MGYG000004884__gradient_L0_base_gapseq	1330	1485	360	bio1	0.000000	1.629235	0.072286
MGYG000004884__gradient_L1_inulin_gapseq	1330	1485	360	bio1	0.000000	1.527444	0.079176
MGYG000004884__gradient_L2_fos_gapseq	1330	1485	360	bio1	0.000000	1.492849	0.086015
MGYG000004884__gradient_L3_gos_gapseq	1330	1485	360	bio1	0.491578	1.363430	5.553175
MGYG000004884__gradient_L4_xos_gapseq	1330	1485	360	bio1	0.528195	1.211725	4.570871
MGYG000004884__gradient_L5_pectin_gapseq	1330	1485	360	bio1	0.528195	1.148919	4.544156
MGYG000004884__gradient_L6_resistant_starch_gapseq	1330	1485	360	bio1	0.783571	1.055329	4.714282
MGYG000004884__gradient_L7_bglucan_gapseq	1330	1485	360	bio1	0.826376	1.055301	4.582810
MGYG000004884__gradient_L8_hmo_gapseq	1330	1485	360	bio1	0.826376	1.189350	4.519189
MGYG000004884__gradient_L9_mos_gapseq	1330	1485	360	bio1	0.826376	1.072444	4.579793
MGYG000004891__gradient_L0_base_gapseq	1527	1743	500	bio1	0.000000	1.979878	0.100398
MGYG000004891__gradient_L1_inulin_gapseq	1527	1743	500	bio1	0.000000	1.587587	0.091786
MGYG000004891__gradient_L2_fos_gapseq	1527	1743	500	bio1	0.000000	1.749879	0.091493
MGYG000004891__gradient_L3_gos_gapseq	1527	1743	500	bio1	0.000000	1.517672	0.222608
MGYG000004891__gradient_L4_xos_gapseq	1527	1743	500	bio1	1.101172	1.446704	6.135234
MGYG000004891__gradient_L5_pectin_gapseq	1527	1743	500	bio1	1.132763	1.389684	6.033917
MGYG000004891__gradient_L6_resistant_starch_gapseq	1527	1743	500	bio1	1.599863	1.337404	6.056220
MGYG000004891__gradient_L7_bglucan_gapseq	1527	1743	500	bio1	1.769102	1.348295	5.973208
MGYG000004891__gradient_L8_hmo_gapseq	1527	1743	500	bio1	1.769102	1.317094	5.911511
MGYG000004891__gradient_L9_mos_gapseq	1527	1743	500	bio1	1.841311	1.294294	5.726381
