Read 100 model paths from /Users/jingyi/fast-mic/benchmark/benchmark_results/thread_scaling/model_list_n100.txt
  Medium CSV: 81 compounds loaded from '/Users/jingyi/fast-mic/media/gradient_L0_base_gapseq.csv'
  Medium CSV: 83 compounds loaded from '/Users/jingyi/fast-mic/media/gradient_L1_inulin_gapseq.csv'
  Medium CSV: 84 compounds loaded from '/Users/jingyi/fast-mic/media/gradient_L2_fos_gapseq.csv'
  Medium CSV: 87 compounds loaded from '/Users/jingyi/fast-mic/media/gradient_L3_gos_gapseq.csv'
  Medium CSV: 89 compounds loaded from '/Users/jingyi/fast-mic/media/gradient_L4_xos_gapseq.csv'
  Medium CSV: 91 compounds loaded from '/Users/jingyi/fast-mic/media/gradient_L5_pectin_gapseq.csv'
  Medium CSV: 94 compounds loaded from '/Users/jingyi/fast-mic/media/gradient_L6_resistant_starch_gapseq.csv'
  Medium CSV: 95 compounds loaded from '/Users/jingyi/fast-mic/media/gradient_L7_bglucan_gapseq.csv'
  Medium CSV: 96 compounds loaded from '/Users/jingyi/fast-mic/media/gradient_L8_hmo_gapseq.csv'
  Medium CSV: 98 compounds loaded from '/Users/jingyi/fast-mic/media/gradient_L9_mos_gapseq.csv'
Media: 10 (per-model loop): gradient_L0_base_gapseq, gradient_L1_inulin_gapseq, gradient_L2_fos_gapseq, gradient_L3_gos_gapseq, gradient_L4_xos_gapseq, gradient_L5_pectin_gapseq, gradient_L6_resistant_starch_gapseq, gradient_L7_bglucan_gapseq, gradient_L8_hmo_gapseq, gradient_L9_mos_gapseq
Uptake limits: carbon=10.00  aa=1.00  nucleobase=0.50  cofactor=0.10
Models: 100  ×  10 media
Threads: 2 (user-specified)

  SBML: 69 parameters, 204 genes, 1 objectives, 1026 metabolites (0 boundary, 0 EX added), 1065 reactions (131 exchange, 672 with genes), biomass: Some("R_EX_cpd11416_c0")
  Medium: 130 exchanges found, 59 opened, 71 closed (81 compounds → 486 expanded IDs)
  SBML: 71 parameters, 372 genes, 1 objectives, 1329 metabolites (0 boundary, 0 EX added), 1501 reactions (142 exchange, 1077 with genes), biomass: Some("R_EX_cpd11416_c0")
  Medium: 141 exchanges found, 58 opened, 83 closed (81 compounds → 486 expanded IDs)
  Medium: 130 exchanges found, 61 opened, 69 closed (83 compounds → 498 expanded IDs)
  Medium: 141 exchanges found, 60 opened, 81 closed (83 compounds → 498 expanded IDs)
  Medium: 130 exchanges found, 61 opened, 69 closed (84 compounds → 504 expanded IDs)
  Medium: 141 exchanges found, 60 opened, 81 closed (84 compounds → 504 expanded IDs)
  Medium: 141 exchanges found, 62 opened, 79 closed (87 compounds → 522 expanded IDs)
  Medium: 130 exchanges found, 63 opened, 67 closed (87 compounds → 522 expanded IDs)
  Medium: 130 exchanges found, 65 opened, 65 closed (89 compounds → 534 expanded IDs)
  Medium: 141 exchanges found, 64 opened, 77 closed (89 compounds → 534 expanded IDs)
  Medium: 130 exchanges found, 65 opened, 65 closed (91 compounds → 546 expanded IDs)
  Medium: 141 exchanges found, 65 opened, 76 closed (91 compounds → 546 expanded IDs)
  Medium: 130 exchanges found, 68 opened, 62 closed (94 compounds → 564 expanded IDs)
  Medium: 130 exchanges found, 68 opened, 62 closed (95 compounds → 570 expanded IDs)
  Medium: 141 exchanges found, 68 opened, 73 closed (94 compounds → 564 expanded IDs)
  Medium: 130 exchanges found, 69 opened, 61 closed (96 compounds → 576 expanded IDs)
  Medium: 141 exchanges found, 69 opened, 72 closed (95 compounds → 570 expanded IDs)
  Medium: 130 exchanges found, 69 opened, 61 closed (98 compounds → 588 expanded IDs)
  Medium: 141 exchanges found, 70 opened, 71 closed (96 compounds → 576 expanded IDs)
  SBML: 73 parameters, 328 genes, 1 objectives, 1166 metabolites (0 boundary, 0 EX added), 1324 reactions (141 exchange, 876 with genes), biomass: Some("R_EX_cpd11416_c0")
  Medium: 140 exchanges found, 58 opened, 82 closed (81 compounds → 486 expanded IDs)
  Medium: 141 exchanges found, 71 opened, 70 closed (98 compounds → 588 expanded IDs)
  Medium: 140 exchanges found, 60 opened, 80 closed (83 compounds → 498 expanded IDs)
  Medium: 140 exchanges found, 60 opened, 80 closed (84 compounds → 504 expanded IDs)
  SBML: 60 parameters, 314 genes, 1 objectives, 1263 metabolites (0 boundary, 0 EX added), 1324 reactions (119 exchange, 943 with genes), biomass: Some("R_EX_cpd11416_c0")
  Medium: 118 exchanges found, 49 opened, 69 closed (81 compounds → 486 expanded IDs)
  Medium: 140 exchanges found, 62 opened, 78 closed (87 compounds → 522 expanded IDs)
  Medium: 118 exchanges found, 50 opened, 68 closed (83 compounds → 498 expanded IDs)
  Medium: 140 exchanges found, 64 opened, 76 closed (89 compounds → 534 expanded IDs)
  Medium: 118 exchanges found, 50 opened, 68 closed (84 compounds → 504 expanded IDs)
  Medium: 140 exchanges found, 65 opened, 75 closed (91 compounds → 546 expanded IDs)
  Medium: 118 exchanges found, 52 opened, 66 closed (87 compounds → 522 expanded IDs)
  Medium: 140 exchanges found, 68 opened, 72 closed (94 compounds → 564 expanded IDs)
  Medium: 118 exchanges found, 54 opened, 64 closed (89 compounds → 534 expanded IDs)
  Medium: 140 exchanges found, 69 opened, 71 closed (95 compounds → 570 expanded IDs)
  Medium: 118 exchanges found, 54 opened, 64 closed (91 compounds → 546 expanded IDs)
  Medium: 140 exchanges found, 70 opened, 70 closed (96 compounds → 576 expanded IDs)
  Medium: 118 exchanges found, 57 opened, 61 closed (94 compounds → 564 expanded IDs)
  Medium: 140 exchanges found, 71 opened, 69 closed (98 compounds → 588 expanded IDs)
  Medium: 118 exchanges found, 58 opened, 60 closed (95 compounds → 570 expanded IDs)
  Medium: 118 exchanges found, 59 opened, 59 closed (96 compounds → 576 expanded IDs)
  SBML: 76 parameters, 331 genes, 1 objectives, 1343 metabolites (0 boundary, 0 EX added), 1501 reactions (155 exchange, 1088 with genes), biomass: Some("R_EX_cpd11416_c0")
  Medium: 154 exchanges found, 63 opened, 91 closed (81 compounds → 486 expanded IDs)
  Medium: 118 exchanges found, 60 opened, 58 closed (98 compounds → 588 expanded IDs)
  Medium: 154 exchanges found, 65 opened, 89 closed (83 compounds → 498 expanded IDs)
  Medium: 154 exchanges found, 65 opened, 89 closed (84 compounds → 504 expanded IDs)
  Medium: 154 exchanges found, 67 opened, 87 closed (87 compounds → 522 expanded IDs)
  SBML: 67 parameters, 380 genes, 1 objectives, 1345 metabolites (0 boundary, 0 EX added), 1481 reactions (141 exchange, 1061 with genes), biomass: Some("R_EX_cpd11416_c0")
  Medium: 140 exchanges found, 56 opened, 84 closed (81 compounds → 486 expanded IDs)
  Medium: 154 exchanges found, 69 opened, 85 closed (89 compounds → 534 expanded IDs)
  Medium: 140 exchanges found, 57 opened, 83 closed (83 compounds → 498 expanded IDs)
  Medium: 140 exchanges found, 57 opened, 83 closed (84 compounds → 504 expanded IDs)
  Medium: 154 exchanges found, 70 opened, 84 closed (91 compounds → 546 expanded IDs)
  Medium: 140 exchanges found, 59 opened, 81 closed (87 compounds → 522 expanded IDs)
  Medium: 154 exchanges found, 73 opened, 81 closed (94 compounds → 564 expanded IDs)
  Medium: 140 exchanges found, 61 opened, 79 closed (89 compounds → 534 expanded IDs)
  Medium: 154 exchanges found, 74 opened, 80 closed (95 compounds → 570 expanded IDs)
  Medium: 140 exchanges found, 61 opened, 79 closed (91 compounds → 546 expanded IDs)
  Medium: 140 exchanges found, 64 opened, 76 closed (94 compounds → 564 expanded IDs)
  Medium: 154 exchanges found, 75 opened, 79 closed (96 compounds → 576 expanded IDs)
  Medium: 140 exchanges found, 64 opened, 76 closed (95 compounds → 570 expanded IDs)
  Medium: 154 exchanges found, 76 opened, 78 closed (98 compounds → 588 expanded IDs)
  Medium: 140 exchanges found, 65 opened, 75 closed (96 compounds → 576 expanded IDs)
  SBML: 67 parameters, 390 genes, 1 objectives, 1343 metabolites (0 boundary, 0 EX added), 1439 reactions (144 exchange, 1013 with genes), biomass: Some("R_EX_cpd11416_c0")
  Medium: 143 exchanges found, 59 opened, 84 closed (81 compounds → 486 expanded IDs)
  Medium: 140 exchanges found, 66 opened, 74 closed (98 compounds → 588 expanded IDs)
  Medium: 143 exchanges found, 60 opened, 83 closed (83 compounds → 498 expanded IDs)
  SBML: 78 parameters, 398 genes, 1 objectives, 1472 metabolites (0 boundary, 0 EX added), 1756 reactions (160 exchange, 1295 with genes), biomass: Some("R_EX_cpd11416_c0")
  Medium: 159 exchanges found, 65 opened, 94 closed (81 compounds → 486 expanded IDs)
  Medium: 143 exchanges found, 60 opened, 83 closed (84 compounds → 504 expanded IDs)
  Medium: 143 exchanges found, 62 opened, 81 closed (87 compounds → 522 expanded IDs)
  Medium: 159 exchanges found, 67 opened, 92 closed (83 compounds → 498 expanded IDs)
  Medium: 143 exchanges found, 63 opened, 80 closed (89 compounds → 534 expanded IDs)
  Medium: 159 exchanges found, 67 opened, 92 closed (84 compounds → 504 expanded IDs)
  Medium: 143 exchanges found, 63 opened, 80 closed (91 compounds → 546 expanded IDs)
  Medium: 159 exchanges found, 69 opened, 90 closed (87 compounds → 522 expanded IDs)
  Medium: 143 exchanges found, 65 opened, 78 closed (94 compounds → 564 expanded IDs)
  Medium: 159 exchanges found, 71 opened, 88 closed (89 compounds → 534 expanded IDs)
  Medium: 143 exchanges found, 65 opened, 78 closed (95 compounds → 570 expanded IDs)
  Medium: 159 exchanges found, 72 opened, 87 closed (91 compounds → 546 expanded IDs)
  Medium: 143 exchanges found, 66 opened, 77 closed (96 compounds → 576 expanded IDs)
  Medium: 159 exchanges found, 75 opened, 84 closed (94 compounds → 564 expanded IDs)
  Medium: 143 exchanges found, 67 opened, 76 closed (98 compounds → 588 expanded IDs)
  Medium: 159 exchanges found, 76 opened, 83 closed (95 compounds → 570 expanded IDs)
  SBML: 81 parameters, 505 genes, 1 objectives, 1528 metabolites (0 boundary, 0 EX added), 1844 reactions (165 exchange, 1359 with genes), biomass: Some("R_EX_cpd11416_c0")
  Medium: 164 exchanges found, 66 opened, 98 closed (81 compounds → 486 expanded IDs)
  Medium: 159 exchanges found, 77 opened, 82 closed (96 compounds → 576 expanded IDs)
  Medium: 164 exchanges found, 68 opened, 96 closed (83 compounds → 498 expanded IDs)
  Medium: 159 exchanges found, 78 opened, 81 closed (98 compounds → 588 expanded IDs)
  Medium: 164 exchanges found, 68 opened, 96 closed (84 compounds → 504 expanded IDs)
  Medium: 164 exchanges found, 70 opened, 94 closed (87 compounds → 522 expanded IDs)
  SBML: 61 parameters, 270 genes, 1 objectives, 1104 metabolites (0 boundary, 0 EX added), 1181 reactions (125 exchange, 814 with genes), biomass: Some("R_EX_cpd11416_c0")
  Medium: 124 exchanges found, 55 opened, 69 closed (81 compounds → 486 expanded IDs)
  Medium: 124 exchanges found, 56 opened, 68 closed (83 compounds → 498 expanded IDs)
  Medium: 164 exchanges found, 72 opened, 92 closed (89 compounds → 534 expanded IDs)
  Medium: 124 exchanges found, 56 opened, 68 closed (84 compounds → 504 expanded IDs)
  Medium: 124 exchanges found, 57 opened, 67 closed (87 compounds → 522 expanded IDs)
  Medium: 164 exchanges found, 73 opened, 91 closed (91 compounds → 546 expanded IDs)
  Medium: 124 exchanges found, 58 opened, 66 closed (89 compounds → 534 expanded IDs)
  Medium: 124 exchanges found, 58 opened, 66 closed (91 compounds → 546 expanded IDs)
  Medium: 164 exchanges found, 76 opened, 88 closed (94 compounds → 564 expanded IDs)
  Medium: 124 exchanges found, 60 opened, 64 closed (94 compounds → 564 expanded IDs)
  Medium: 124 exchanges found, 60 opened, 64 closed (95 compounds → 570 expanded IDs)
  Medium: 164 exchanges found, 77 opened, 87 closed (95 compounds → 570 expanded IDs)
  Medium: 124 exchanges found, 60 opened, 64 closed (96 compounds → 576 expanded IDs)
  Medium: 124 exchanges found, 61 opened, 63 closed (98 compounds → 588 expanded IDs)
  Medium: 164 exchanges found, 78 opened, 86 closed (96 compounds → 576 expanded IDs)
  SBML: 75 parameters, 670 genes, 1 objectives, 1657 metabolites (0 boundary, 0 EX added), 1946 reactions (158 exchange, 1488 with genes), biomass: Some("R_EX_cpd11416_c0")
  Medium: 157 exchanges found, 60 opened, 97 closed (81 compounds → 486 expanded IDs)
  Medium: 164 exchanges found, 79 opened, 85 closed (98 compounds → 588 expanded IDs)
  Medium: 157 exchanges found, 62 opened, 95 closed (83 compounds → 498 expanded IDs)
  Medium: 157 exchanges found, 62 opened, 95 closed (84 compounds → 504 expanded IDs)
  Medium: 157 exchanges found, 64 opened, 93 closed (87 compounds → 522 expanded IDs)
  SBML: 60 parameters, 346 genes, 1 objectives, 1280 metabolites (0 boundary, 0 EX added), 1362 reactions (127 exchange, 995 with genes), biomass: Some("R_EX_cpd11416_c0")
  Medium: 126 exchanges found, 56 opened, 70 closed (81 compounds → 486 expanded IDs)
  Medium: 157 exchanges found, 66 opened, 91 closed (89 compounds → 534 expanded IDs)
  Medium: 126 exchanges found, 57 opened, 69 closed (83 compounds → 498 expanded IDs)
  Medium: 157 exchanges found, 67 opened, 90 closed (91 compounds → 546 expanded IDs)
  Medium: 157 exchanges found, 70 opened, 87 closed (94 compounds → 564 expanded IDs)
  Medium: 126 exchanges found, 57 opened, 69 closed (84 compounds → 504 expanded IDs)
  Medium: 157 exchanges found, 71 opened, 86 closed (95 compounds → 570 expanded IDs)
  Medium: 157 exchanges found, 72 opened, 85 closed (96 compounds → 576 expanded IDs)
  Medium: 126 exchanges found, 57 opened, 69 closed (87 compounds → 522 expanded IDs)
  Medium: 157 exchanges found, 73 opened, 84 closed (98 compounds → 588 expanded IDs)
  Medium: 126 exchanges found, 58 opened, 68 closed (89 compounds → 534 expanded IDs)
  Medium: 126 exchanges found, 58 opened, 68 closed (91 compounds → 546 expanded IDs)
  SBML: 77 parameters, 811 genes, 1 objectives, 1715 metabolites (0 boundary, 0 EX added), 1994 reactions (168 exchange, 1540 with genes), biomass: Some("R_EX_cpd11416_c0")
  Medium: 167 exchanges found, 62 opened, 105 closed (81 compounds → 486 expanded IDs)
  Medium: 126 exchanges found, 59 opened, 67 closed (94 compounds → 564 expanded IDs)
  Medium: 126 exchanges found, 59 opened, 67 closed (95 compounds → 570 expanded IDs)
  Medium: 167 exchanges found, 64 opened, 103 closed (83 compounds → 498 expanded IDs)
  Medium: 126 exchanges found, 59 opened, 67 closed (96 compounds → 576 expanded IDs)
  Medium: 167 exchanges found, 64 opened, 103 closed (84 compounds → 504 expanded IDs)
  Medium: 126 exchanges found, 59 opened, 67 closed (98 compounds → 588 expanded IDs)
  Medium: 167 exchanges found, 66 opened, 101 closed (87 compounds → 522 expanded IDs)
  SBML: 34 parameters, 208 genes, 1 objectives, 821 metabolites (0 boundary, 0 EX added), 787 reactions (99 exchange, 428 with genes), biomass: Some("R_EX_cpd11416_c0")
  Medium: 98 exchanges found, 44 opened, 54 closed (81 compounds → 486 expanded IDs)
  Medium: 98 exchanges found, 45 opened, 53 closed (83 compounds → 498 expanded IDs)
  Medium: 98 exchanges found, 45 opened, 53 closed (84 compounds → 504 expanded IDs)
  Medium: 98 exchanges found, 45 opened, 53 closed (87 compounds → 522 expanded IDs)
  Medium: 98 exchanges found, 46 opened, 52 closed (89 compounds → 534 expanded IDs)
  Medium: 98 exchanges found, 46 opened, 52 closed (91 compounds → 546 expanded IDs)
  Medium: 98 exchanges found, 49 opened, 49 closed (94 compounds → 564 expanded IDs)
  Medium: 98 exchanges found, 49 opened, 49 closed (95 compounds → 570 expanded IDs)
  Medium: 98 exchanges found, 49 opened, 49 closed (96 compounds → 576 expanded IDs)
  Medium: 167 exchanges found, 68 opened, 99 closed (89 compounds → 534 expanded IDs)
  Medium: 98 exchanges found, 50 opened, 48 closed (98 compounds → 588 expanded IDs)
  Medium: 167 exchanges found, 69 opened, 98 closed (91 compounds → 546 expanded IDs)
  SBML: 79 parameters, 1290 genes, 1 objectives, 2307 metabolites (0 boundary, 0 EX added), 2788 reactions (192 exchange, 2328 with genes), biomass: Some("R_EX_cpd11416_c0")
  Medium: 191 exchanges found, 66 opened, 125 closed (81 compounds → 486 expanded IDs)
  Medium: 167 exchanges found, 72 opened, 95 closed (94 compounds → 564 expanded IDs)
  Medium: 191 exchanges found, 67 opened, 124 closed (83 compounds → 498 expanded IDs)
  Medium: 167 exchanges found, 73 opened, 94 closed (95 compounds → 570 expanded IDs)
  Medium: 167 exchanges found, 74 opened, 93 closed (96 compounds → 576 expanded IDs)
  Medium: 191 exchanges found, 67 opened, 124 closed (84 compounds → 504 expanded IDs)
  Medium: 167 exchanges found, 75 opened, 92 closed (98 compounds → 588 expanded IDs)
  Medium: 191 exchanges found, 69 opened, 122 closed (87 compounds → 522 expanded IDs)
  SBML: 71 parameters, 429 genes, 1 objectives, 1362 metabolites (0 boundary, 0 EX added), 1585 reactions (141 exchange, 1149 with genes), biomass: Some("R_EX_cpd11416_c0")
  Medium: 140 exchanges found, 59 opened, 81 closed (81 compounds → 486 expanded IDs)
  Medium: 140 exchanges found, 60 opened, 80 closed (83 compounds → 498 expanded IDs)
  Medium: 191 exchanges found, 71 opened, 120 closed (89 compounds → 534 expanded IDs)
  Medium: 140 exchanges found, 60 opened, 80 closed (84 compounds → 504 expanded IDs)
  Medium: 140 exchanges found, 62 opened, 78 closed (87 compounds → 522 expanded IDs)
  Medium: 140 exchanges found, 64 opened, 76 closed (89 compounds → 534 expanded IDs)
  Medium: 191 exchanges found, 72 opened, 119 closed (91 compounds → 546 expanded IDs)
  Medium: 140 exchanges found, 65 opened, 75 closed (91 compounds → 546 expanded IDs)
  Medium: 140 exchanges found, 68 opened, 72 closed (94 compounds → 564 expanded IDs)
  Medium: 191 exchanges found, 75 opened, 116 closed (94 compounds → 564 expanded IDs)
  Medium: 140 exchanges found, 69 opened, 71 closed (95 compounds → 570 expanded IDs)
  Medium: 140 exchanges found, 70 opened, 70 closed (96 compounds → 576 expanded IDs)
  Medium: 140 exchanges found, 71 opened, 69 closed (98 compounds → 588 expanded IDs)
  Medium: 191 exchanges found, 75 opened, 116 closed (95 compounds → 570 expanded IDs)
  SBML: 74 parameters, 333 genes, 1 objectives, 1165 metabolites (0 boundary, 0 EX added), 1318 reactions (141 exchange, 866 with genes), biomass: Some("R_EX_cpd11416_c0")
  Medium: 140 exchanges found, 59 opened, 81 closed (81 compounds → 486 expanded IDs)
  Medium: 140 exchanges found, 61 opened, 79 closed (83 compounds → 498 expanded IDs)
  Medium: 191 exchanges found, 76 opened, 115 closed (96 compounds → 576 expanded IDs)
  Medium: 140 exchanges found, 61 opened, 79 closed (84 compounds → 504 expanded IDs)
  Medium: 140 exchanges found, 63 opened, 77 closed (87 compounds → 522 expanded IDs)
  Medium: 140 exchanges found, 65 opened, 75 closed (89 compounds → 534 expanded IDs)
  Medium: 191 exchanges found, 77 opened, 114 closed (98 compounds → 588 expanded IDs)
  Medium: 140 exchanges found, 66 opened, 74 closed (91 compounds → 546 expanded IDs)
  Medium: 140 exchanges found, 69 opened, 71 closed (94 compounds → 564 expanded IDs)
  Medium: 140 exchanges found, 70 opened, 70 closed (95 compounds → 570 expanded IDs)
  Medium: 140 exchanges found, 71 opened, 69 closed (96 compounds → 576 expanded IDs)
  SBML: 57 parameters, 306 genes, 1 objectives, 1256 metabolites (0 boundary, 0 EX added), 1333 reactions (118 exchange, 912 with genes), biomass: Some("R_EX_cpd11416_c0")
  Medium: 117 exchanges found, 57 opened, 60 closed (81 compounds → 486 expanded IDs)
  Medium: 140 exchanges found, 72 opened, 68 closed (98 compounds → 588 expanded IDs)
  Medium: 117 exchanges found, 57 opened, 60 closed (83 compounds → 498 expanded IDs)
  Medium: 117 exchanges found, 57 opened, 60 closed (84 compounds → 504 expanded IDs)
  SBML: 72 parameters, 331 genes, 1 objectives, 1167 metabolites (0 boundary, 0 EX added), 1277 reactions (139 exchange, 860 with genes), biomass: Some("R_EX_cpd11416_c0")
  Medium: 138 exchanges found, 57 opened, 81 closed (81 compounds → 486 expanded IDs)
  Medium: 117 exchanges found, 57 opened, 60 closed (87 compounds → 522 expanded IDs)
  Medium: 138 exchanges found, 59 opened, 79 closed (83 compounds → 498 expanded IDs)
  Medium: 138 exchanges found, 59 opened, 79 closed (84 compounds → 504 expanded IDs)
  Medium: 117 exchanges found, 57 opened, 60 closed (89 compounds → 534 expanded IDs)
  Medium: 138 exchanges found, 61 opened, 77 closed (87 compounds → 522 expanded IDs)
  Medium: 117 exchanges found, 57 opened, 60 closed (91 compounds → 546 expanded IDs)
  Medium: 138 exchanges found, 63 opened, 75 closed (89 compounds → 534 expanded IDs)
  Medium: 117 exchanges found, 57 opened, 60 closed (94 compounds → 564 expanded IDs)
  Medium: 138 exchanges found, 64 opened, 74 closed (91 compounds → 546 expanded IDs)
  Medium: 117 exchanges found, 57 opened, 60 closed (95 compounds → 570 expanded IDs)
  Medium: 138 exchanges found, 67 opened, 71 closed (94 compounds → 564 expanded IDs)
  Medium: 117 exchanges found, 57 opened, 60 closed (96 compounds → 576 expanded IDs)
  Medium: 138 exchanges found, 68 opened, 70 closed (95 compounds → 570 expanded IDs)
  Medium: 117 exchanges found, 57 opened, 60 closed (98 compounds → 588 expanded IDs)
  Medium: 138 exchanges found, 69 opened, 69 closed (96 compounds → 576 expanded IDs)
  Medium: 138 exchanges found, 70 opened, 68 closed (98 compounds → 588 expanded IDs)
  SBML: 80 parameters, 496 genes, 1 objectives, 1525 metabolites (0 boundary, 0 EX added), 1823 reactions (172 exchange, 1344 with genes), biomass: Some("R_EX_cpd11416_c0")
  Medium: 171 exchanges found, 65 opened, 106 closed (81 compounds → 486 expanded IDs)
  SBML: 70 parameters, 222 genes, 1 objectives, 1240 metabolites (0 boundary, 0 EX added), 1313 reactions (139 exchange, 842 with genes), biomass: Some("R_EX_cpd11416_c0")
  Medium: 138 exchanges found, 58 opened, 80 closed (81 compounds → 486 expanded IDs)
  Medium: 138 exchanges found, 60 opened, 78 closed (83 compounds → 498 expanded IDs)
  Medium: 171 exchanges found, 67 opened, 104 closed (83 compounds → 498 expanded IDs)
  Medium: 138 exchanges found, 60 opened, 78 closed (84 compounds → 504 expanded IDs)
  Medium: 138 exchanges found, 62 opened, 76 closed (87 compounds → 522 expanded IDs)
  Medium: 171 exchanges found, 67 opened, 104 closed (84 compounds → 504 expanded IDs)
  Medium: 138 exchanges found, 63 opened, 75 closed (89 compounds → 534 expanded IDs)
  Medium: 138 exchanges found, 64 opened, 74 closed (91 compounds → 546 expanded IDs)
  Medium: 171 exchanges found, 69 opened, 102 closed (87 compounds → 522 expanded IDs)
  Medium: 138 exchanges found, 67 opened, 71 closed (94 compounds → 564 expanded IDs)
  Medium: 138 exchanges found, 68 opened, 70 closed (95 compounds → 570 expanded IDs)
  Medium: 171 exchanges found, 71 opened, 100 closed (89 compounds → 534 expanded IDs)
  Medium: 138 exchanges found, 69 opened, 69 closed (96 compounds → 576 expanded IDs)
  Medium: 171 exchanges found, 72 opened, 99 closed (91 compounds → 546 expanded IDs)
  Medium: 138 exchanges found, 70 opened, 68 closed (98 compounds → 588 expanded IDs)
  Medium: 171 exchanges found, 75 opened, 96 closed (94 compounds → 564 expanded IDs)
  SBML: 69 parameters, 405 genes, 1 objectives, 1372 metabolites (0 boundary, 0 EX added), 1592 reactions (140 exchange, 1141 with genes), biomass: Some("R_EX_cpd11416_c0")
  Medium: 139 exchanges found, 55 opened, 84 closed (81 compounds → 486 expanded IDs)
  Medium: 139 exchanges found, 57 opened, 82 closed (83 compounds → 498 expanded IDs)
  Medium: 171 exchanges found, 76 opened, 95 closed (95 compounds → 570 expanded IDs)
  Medium: 139 exchanges found, 57 opened, 82 closed (84 compounds → 504 expanded IDs)
  Medium: 171 exchanges found, 77 opened, 94 closed (96 compounds → 576 expanded IDs)
  Medium: 139 exchanges found, 59 opened, 80 closed (87 compounds → 522 expanded IDs)
  Medium: 171 exchanges found, 78 opened, 93 closed (98 compounds → 588 expanded IDs)
  Medium: 139 exchanges found, 61 opened, 78 closed (89 compounds → 534 expanded IDs)
  Medium: 139 exchanges found, 62 opened, 77 closed (91 compounds → 546 expanded IDs)
  SBML: 68 parameters, 388 genes, 1 objectives, 1425 metabolites (0 boundary, 0 EX added), 1649 reactions (146 exchange, 1192 with genes), biomass: Some("R_EX_cpd11416_c0")
  Medium: 145 exchanges found, 58 opened, 87 closed (81 compounds → 486 expanded IDs)
  Medium: 139 exchanges found, 65 opened, 74 closed (94 compounds → 564 expanded IDs)
  Medium: 145 exchanges found, 59 opened, 86 closed (83 compounds → 498 expanded IDs)
  Medium: 139 exchanges found, 66 opened, 73 closed (95 compounds → 570 expanded IDs)
  Medium: 145 exchanges found, 59 opened, 86 closed (84 compounds → 504 expanded IDs)
  Medium: 139 exchanges found, 67 opened, 72 closed (96 compounds → 576 expanded IDs)
  Medium: 145 exchanges found, 61 opened, 84 closed (87 compounds → 522 expanded IDs)
  Medium: 139 exchanges found, 68 opened, 71 closed (98 compounds → 588 expanded IDs)
  Medium: 145 exchanges found, 63 opened, 82 closed (89 compounds → 534 expanded IDs)
  SBML: 73 parameters, 224 genes, 1 objectives, 1207 metabolites (0 boundary, 0 EX added), 1284 reactions (139 exchange, 785 with genes), biomass: Some("R_EX_cpd11416_c0")
  Medium: 138 exchanges found, 59 opened, 79 closed (81 compounds → 486 expanded IDs)
  Medium: 138 exchanges found, 61 opened, 77 closed (83 compounds → 498 expanded IDs)
  Medium: 145 exchanges found, 63 opened, 82 closed (91 compounds → 546 expanded IDs)
  Medium: 138 exchanges found, 61 opened, 77 closed (84 compounds → 504 expanded IDs)
  Medium: 138 exchanges found, 63 opened, 75 closed (87 compounds → 522 expanded IDs)
  Medium: 145 exchanges found, 66 opened, 79 closed (94 compounds → 564 expanded IDs)
  Medium: 138 exchanges found, 65 opened, 73 closed (89 compounds → 534 expanded IDs)
  Medium: 138 exchanges found, 66 opened, 72 closed (91 compounds → 546 expanded IDs)
  Medium: 145 exchanges found, 66 opened, 79 closed (95 compounds → 570 expanded IDs)
  Medium: 138 exchanges found, 69 opened, 69 closed (94 compounds → 564 expanded IDs)
  Medium: 145 exchanges found, 67 opened, 78 closed (96 compounds → 576 expanded IDs)
  Medium: 138 exchanges found, 70 opened, 68 closed (95 compounds → 570 expanded IDs)
  Medium: 138 exchanges found, 71 opened, 67 closed (96 compounds → 576 expanded IDs)
  Medium: 145 exchanges found, 68 opened, 77 closed (98 compounds → 588 expanded IDs)
  Medium: 138 exchanges found, 72 opened, 66 closed (98 compounds → 588 expanded IDs)
  SBML: 80 parameters, 543 genes, 1 objectives, 1527 metabolites (0 boundary, 0 EX added), 1822 reactions (165 exchange, 1446 with genes), biomass: Some("R_EX_cpd11416_c0")
  Medium: 164 exchanges found, 66 opened, 98 closed (81 compounds → 486 expanded IDs)
  SBML: 78 parameters, 386 genes, 1 objectives, 1343 metabolites (0 boundary, 0 EX added), 1603 reactions (163 exchange, 1175 with genes), biomass: Some("R_EX_cpd11416_c0")
  Medium: 162 exchanges found, 64 opened, 98 closed (81 compounds → 486 expanded IDs)
  Medium: 162 exchanges found, 66 opened, 96 closed (83 compounds → 498 expanded IDs)
  Medium: 164 exchanges found, 68 opened, 96 closed (83 compounds → 498 expanded IDs)
  Medium: 162 exchanges found, 66 opened, 96 closed (84 compounds → 504 expanded IDs)
  Medium: 164 exchanges found, 68 opened, 96 closed (84 compounds → 504 expanded IDs)
  Medium: 162 exchanges found, 68 opened, 94 closed (87 compounds → 522 expanded IDs)
  Medium: 164 exchanges found, 70 opened, 94 closed (87 compounds → 522 expanded IDs)
  Medium: 162 exchanges found, 70 opened, 92 closed (89 compounds → 534 expanded IDs)
  Medium: 164 exchanges found, 72 opened, 92 closed (89 compounds → 534 expanded IDs)
  Medium: 162 exchanges found, 71 opened, 91 closed (91 compounds → 546 expanded IDs)
  Medium: 164 exchanges found, 73 opened, 91 closed (91 compounds → 546 expanded IDs)
  Medium: 162 exchanges found, 74 opened, 88 closed (94 compounds → 564 expanded IDs)
  Medium: 162 exchanges found, 75 opened, 87 closed (95 compounds → 570 expanded IDs)
  Medium: 164 exchanges found, 76 opened, 88 closed (94 compounds → 564 expanded IDs)
  Medium: 162 exchanges found, 76 opened, 86 closed (96 compounds → 576 expanded IDs)
  Medium: 164 exchanges found, 77 opened, 87 closed (95 compounds → 570 expanded IDs)
  Medium: 162 exchanges found, 77 opened, 85 closed (98 compounds → 588 expanded IDs)
  Medium: 164 exchanges found, 78 opened, 86 closed (96 compounds → 576 expanded IDs)
  SBML: 72 parameters, 333 genes, 1 objectives, 1219 metabolites (0 boundary, 0 EX added), 1363 reactions (150 exchange, 913 with genes), biomass: Some("R_EX_cpd11416_c0")
  Medium: 149 exchanges found, 63 opened, 86 closed (81 compounds → 486 expanded IDs)
  Medium: 164 exchanges found, 79 opened, 85 closed (98 compounds → 588 expanded IDs)
  Medium: 149 exchanges found, 64 opened, 85 closed (83 compounds → 498 expanded IDs)
  Medium: 149 exchanges found, 64 opened, 85 closed (84 compounds → 504 expanded IDs)
  SBML: 78 parameters, 278 genes, 1 objectives, 1167 metabolites (0 boundary, 0 EX added), 1248 reactions (156 exchange, 806 with genes), biomass: Some("R_EX_cpd11416_c0")
  Medium: 155 exchanges found, 64 opened, 91 closed (81 compounds → 486 expanded IDs)
  Medium: 155 exchanges found, 66 opened, 89 closed (83 compounds → 498 expanded IDs)
  Medium: 149 exchanges found, 65 opened, 84 closed (87 compounds → 522 expanded IDs)
  Medium: 155 exchanges found, 66 opened, 89 closed (84 compounds → 504 expanded IDs)
  Medium: 155 exchanges found, 68 opened, 87 closed (87 compounds → 522 expanded IDs)
  Medium: 155 exchanges found, 70 opened, 85 closed (89 compounds → 534 expanded IDs)
  Medium: 149 exchanges found, 67 opened, 82 closed (89 compounds → 534 expanded IDs)
  Medium: 155 exchanges found, 71 opened, 84 closed (91 compounds → 546 expanded IDs)
  Medium: 155 exchanges found, 74 opened, 81 closed (94 compounds → 564 expanded IDs)
  Medium: 149 exchanges found, 67 opened, 82 closed (91 compounds → 546 expanded IDs)
  Medium: 155 exchanges found, 75 opened, 80 closed (95 compounds → 570 expanded IDs)
  Medium: 155 exchanges found, 76 opened, 79 closed (96 compounds → 576 expanded IDs)
  Medium: 155 exchanges found, 77 opened, 78 closed (98 compounds → 588 expanded IDs)
  Medium: 149 exchanges found, 69 opened, 80 closed (94 compounds → 564 expanded IDs)
  SBML: 74 parameters, 307 genes, 1 objectives, 1135 metabolites (0 boundary, 0 EX added), 1274 reactions (141 exchange, 819 with genes), biomass: Some("R_EX_cpd11416_c0")
  Medium: 140 exchanges found, 59 opened, 81 closed (81 compounds → 486 expanded IDs)
  Medium: 149 exchanges found, 69 opened, 80 closed (95 compounds → 570 expanded IDs)
  Medium: 140 exchanges found, 61 opened, 79 closed (83 compounds → 498 expanded IDs)
  Medium: 149 exchanges found, 69 opened, 80 closed (96 compounds → 576 expanded IDs)
  Medium: 140 exchanges found, 61 opened, 79 closed (84 compounds → 504 expanded IDs)
  Medium: 149 exchanges found, 70 opened, 79 closed (98 compounds → 588 expanded IDs)
  Medium: 140 exchanges found, 63 opened, 77 closed (87 compounds → 522 expanded IDs)
  Medium: 140 exchanges found, 65 opened, 75 closed (89 compounds → 534 expanded IDs)
  SBML: 76 parameters, 342 genes, 1 objectives, 1140 metabolites (0 boundary, 0 EX added), 1281 reactions (143 exchange, 878 with genes), biomass: Some("R_EX_cpd11416_c0")
  Medium: 142 exchanges found, 61 opened, 81 closed (81 compounds → 486 expanded IDs)
  Medium: 140 exchanges found, 66 opened, 74 closed (91 compounds → 546 expanded IDs)
  Medium: 142 exchanges found, 63 opened, 79 closed (83 compounds → 498 expanded IDs)
  Medium: 140 exchanges found, 69 opened, 71 closed (94 compounds → 564 expanded IDs)
  Medium: 142 exchanges found, 63 opened, 79 closed (84 compounds → 504 expanded IDs)
  Medium: 142 exchanges found, 65 opened, 77 closed (87 compounds → 522 expanded IDs)
  Medium: 140 exchanges found, 70 opened, 70 closed (95 compounds → 570 expanded IDs)
  Medium: 140 exchanges found, 71 opened, 69 closed (96 compounds → 576 expanded IDs)
  Medium: 142 exchanges found, 67 opened, 75 closed (89 compounds → 534 expanded IDs)
  Medium: 140 exchanges found, 72 opened, 68 closed (98 compounds → 588 expanded IDs)
  Medium: 142 exchanges found, 68 opened, 74 closed (91 compounds → 546 expanded IDs)
  Medium: 142 exchanges found, 71 opened, 71 closed (94 compounds → 564 expanded IDs)
  SBML: 76 parameters, 373 genes, 1 objectives, 1333 metabolites (0 boundary, 0 EX added), 1495 reactions (152 exchange, 1025 with genes), biomass: Some("R_EX_cpd11416_c0")
  Medium: 151 exchanges found, 61 opened, 90 closed (81 compounds → 486 expanded IDs)
  Medium: 142 exchanges found, 72 opened, 70 closed (95 compounds → 570 expanded IDs)
  Medium: 151 exchanges found, 63 opened, 88 closed (83 compounds → 498 expanded IDs)
  Medium: 142 exchanges found, 73 opened, 69 closed (96 compounds → 576 expanded IDs)
  Medium: 142 exchanges found, 74 opened, 68 closed (98 compounds → 588 expanded IDs)
  Medium: 151 exchanges found, 63 opened, 88 closed (84 compounds → 504 expanded IDs)
  Medium: 151 exchanges found, 65 opened, 86 closed (87 compounds → 522 expanded IDs)
  SBML: 69 parameters, 450 genes, 1 objectives, 1350 metabolites (0 boundary, 0 EX added), 1551 reactions (142 exchange, 1135 with genes), biomass: Some("R_EX_cpd11416_c0")
  Medium: 141 exchanges found, 57 opened, 84 closed (81 compounds → 486 expanded IDs)
  Medium: 151 exchanges found, 67 opened, 84 closed (89 compounds → 534 expanded IDs)
  Medium: 141 exchanges found, 58 opened, 83 closed (83 compounds → 498 expanded IDs)
  Medium: 151 exchanges found, 68 opened, 83 closed (91 compounds → 546 expanded IDs)
  Medium: 141 exchanges found, 58 opened, 83 closed (84 compounds → 504 expanded IDs)
  Medium: 151 exchanges found, 71 opened, 80 closed (94 compounds → 564 expanded IDs)
  Medium: 141 exchanges found, 60 opened, 81 closed (87 compounds → 522 expanded IDs)
  Medium: 151 exchanges found, 72 opened, 79 closed (95 compounds → 570 expanded IDs)
  Medium: 141 exchanges found, 62 opened, 79 closed (89 compounds → 534 expanded IDs)
  Medium: 151 exchanges found, 73 opened, 78 closed (96 compounds → 576 expanded IDs)
  Medium: 141 exchanges found, 63 opened, 78 closed (91 compounds → 546 expanded IDs)
  Medium: 151 exchanges found, 74 opened, 77 closed (98 compounds → 588 expanded IDs)
  Medium: 141 exchanges found, 66 opened, 75 closed (94 compounds → 564 expanded IDs)
  SBML: 76 parameters, 395 genes, 1 objectives, 1189 metabolites (0 boundary, 0 EX added), 1321 reactions (143 exchange, 924 with genes), biomass: Some("R_EX_cpd11416_c0")
  Medium: 142 exchanges found, 63 opened, 79 closed (81 compounds → 486 expanded IDs)
  Medium: 141 exchanges found, 67 opened, 74 closed (95 compounds → 570 expanded IDs)
  Medium: 142 exchanges found, 64 opened, 78 closed (83 compounds → 498 expanded IDs)
  Medium: 141 exchanges found, 68 opened, 73 closed (96 compounds → 576 expanded IDs)
  Medium: 142 exchanges found, 64 opened, 78 closed (84 compounds → 504 expanded IDs)
  Medium: 141 exchanges found, 69 opened, 72 closed (98 compounds → 588 expanded IDs)
  Medium: 142 exchanges found, 66 opened, 76 closed (87 compounds → 522 expanded IDs)
  Medium: 142 exchanges found, 68 opened, 74 closed (89 compounds → 534 expanded IDs)
  SBML: 71 parameters, 183 genes, 1 objectives, 887 metabolites (0 boundary, 0 EX added), 934 reactions (131 exchange, 550 with genes), biomass: Some("R_EX_cpd11416_c0")
  Medium: 130 exchanges found, 58 opened, 72 closed (81 compounds → 486 expanded IDs)
  Medium: 130 exchanges found, 60 opened, 70 closed (83 compounds → 498 expanded IDs)
  Medium: 142 exchanges found, 69 opened, 73 closed (91 compounds → 546 expanded IDs)
  Medium: 130 exchanges found, 60 opened, 70 closed (84 compounds → 504 expanded IDs)
  Medium: 130 exchanges found, 62 opened, 68 closed (87 compounds → 522 expanded IDs)
  Medium: 130 exchanges found, 64 opened, 66 closed (89 compounds → 534 expanded IDs)
  Medium: 142 exchanges found, 72 opened, 70 closed (94 compounds → 564 expanded IDs)
  Medium: 130 exchanges found, 65 opened, 65 closed (91 compounds → 546 expanded IDs)
  Medium: 130 exchanges found, 68 opened, 62 closed (94 compounds → 564 expanded IDs)
  Medium: 130 exchanges found, 69 opened, 61 closed (95 compounds → 570 expanded IDs)
  Medium: 130 exchanges found, 70 opened, 60 closed (96 compounds → 576 expanded IDs)
  Medium: 142 exchanges found, 73 opened, 69 closed (95 compounds → 570 expanded IDs)
  Medium: 130 exchanges found, 71 opened, 59 closed (98 compounds → 588 expanded IDs)
  Medium: 142 exchanges found, 74 opened, 68 closed (96 compounds → 576 expanded IDs)
  SBML: 74 parameters, 278 genes, 1 objectives, 1047 metabolites (0 boundary, 0 EX added), 1167 reactions (132 exchange, 727 with genes), biomass: Some("R_EX_cpd11416_c0")
  Medium: 131 exchanges found, 59 opened, 72 closed (81 compounds → 486 expanded IDs)
  Medium: 142 exchanges found, 75 opened, 67 closed (98 compounds → 588 expanded IDs)
  Medium: 131 exchanges found, 61 opened, 70 closed (83 compounds → 498 expanded IDs)
  Medium: 131 exchanges found, 61 opened, 70 closed (84 compounds → 504 expanded IDs)
  SBML: 73 parameters, 329 genes, 1 objectives, 1183 metabolites (0 boundary, 0 EX added), 1290 reactions (143 exchange, 870 with genes), biomass: Some("R_EX_cpd11416_c0")
  Medium: 142 exchanges found, 58 opened, 84 closed (81 compounds → 486 expanded IDs)
  Medium: 131 exchanges found, 63 opened, 68 closed (87 compounds → 522 expanded IDs)
  Medium: 142 exchanges found, 60 opened, 82 closed (83 compounds → 498 expanded IDs)
  Medium: 131 exchanges found, 65 opened, 66 closed (89 compounds → 534 expanded IDs)
  Medium: 131 exchanges found, 66 opened, 65 closed (91 compounds → 546 expanded IDs)
  Medium: 142 exchanges found, 60 opened, 82 closed (84 compounds → 504 expanded IDs)
  Medium: 131 exchanges found, 69 opened, 62 closed (94 compounds → 564 expanded IDs)
  Medium: 142 exchanges found, 62 opened, 80 closed (87 compounds → 522 expanded IDs)
  Medium: 131 exchanges found, 70 opened, 61 closed (95 compounds → 570 expanded IDs)
  Medium: 142 exchanges found, 64 opened, 78 closed (89 compounds → 534 expanded IDs)
  Medium: 131 exchanges found, 71 opened, 60 closed (96 compounds → 576 expanded IDs)
  Medium: 142 exchanges found, 65 opened, 77 closed (91 compounds → 546 expanded IDs)
  Medium: 131 exchanges found, 72 opened, 59 closed (98 compounds → 588 expanded IDs)
  Medium: 142 exchanges found, 68 opened, 74 closed (94 compounds → 564 expanded IDs)
  Medium: 142 exchanges found, 69 opened, 73 closed (95 compounds → 570 expanded IDs)
  SBML: 66 parameters, 253 genes, 1 objectives, 1051 metabolites (0 boundary, 0 EX added), 1154 reactions (125 exchange, 770 with genes), biomass: Some("R_EX_cpd11416_c0")
  Medium: 124 exchanges found, 55 opened, 69 closed (81 compounds → 486 expanded IDs)
  Medium: 142 exchanges found, 70 opened, 72 closed (96 compounds → 576 expanded IDs)
  Medium: 124 exchanges found, 56 opened, 68 closed (83 compounds → 498 expanded IDs)
  Medium: 142 exchanges found, 71 opened, 71 closed (98 compounds → 588 expanded IDs)
  Medium: 124 exchanges found, 56 opened, 68 closed (84 compounds → 504 expanded IDs)
  Medium: 124 exchanges found, 58 opened, 66 closed (87 compounds → 522 expanded IDs)
  SBML: 69 parameters, 211 genes, 1 objectives, 1126 metabolites (0 boundary, 0 EX added), 1183 reactions (131 exchange, 724 with genes), biomass: Some("R_EX_cpd11416_c0")
  Medium: 130 exchanges found, 57 opened, 73 closed (81 compounds → 486 expanded IDs)
  Medium: 124 exchanges found, 60 opened, 64 closed (89 compounds → 534 expanded IDs)
  Medium: 130 exchanges found, 58 opened, 72 closed (83 compounds → 498 expanded IDs)
  Medium: 124 exchanges found, 60 opened, 64 closed (91 compounds → 546 expanded IDs)
  Medium: 130 exchanges found, 58 opened, 72 closed (84 compounds → 504 expanded IDs)
  Medium: 124 exchanges found, 63 opened, 61 closed (94 compounds → 564 expanded IDs)
  Medium: 130 exchanges found, 60 opened, 70 closed (87 compounds → 522 expanded IDs)
  Medium: 124 exchanges found, 64 opened, 60 closed (95 compounds → 570 expanded IDs)
  Medium: 130 exchanges found, 62 opened, 68 closed (89 compounds → 534 expanded IDs)
  Medium: 130 exchanges found, 63 opened, 67 closed (91 compounds → 546 expanded IDs)
  Medium: 124 exchanges found, 65 opened, 59 closed (96 compounds → 576 expanded IDs)
  Medium: 130 exchanges found, 66 opened, 64 closed (94 compounds → 564 expanded IDs)
  Medium: 124 exchanges found, 66 opened, 58 closed (98 compounds → 588 expanded IDs)
  Medium: 130 exchanges found, 67 opened, 63 closed (95 compounds → 570 expanded IDs)
  SBML: 71 parameters, 246 genes, 1 objectives, 1172 metabolites (0 boundary, 0 EX added), 1264 reactions (136 exchange, 809 with genes), biomass: Some("R_EX_cpd11416_c0")
  Medium: 135 exchanges found, 61 opened, 74 closed (81 compounds → 486 expanded IDs)
  Medium: 130 exchanges found, 68 opened, 62 closed (96 compounds → 576 expanded IDs)
  Medium: 135 exchanges found, 62 opened, 73 closed (83 compounds → 498 expanded IDs)
  Medium: 130 exchanges found, 69 opened, 61 closed (98 compounds → 588 expanded IDs)
  Medium: 135 exchanges found, 62 opened, 73 closed (84 compounds → 504 expanded IDs)
  SBML: 66 parameters, 232 genes, 1 objectives, 1219 metabolites (0 boundary, 0 EX added), 1223 reactions (124 exchange, 807 with genes), biomass: Some("R_EX_cpd11416_c0")
  Medium: 123 exchanges found, 61 opened, 62 closed (81 compounds → 486 expanded IDs)
  Medium: 135 exchanges found, 64 opened, 71 closed (87 compounds → 522 expanded IDs)
  Medium: 123 exchanges found, 62 opened, 61 closed (83 compounds → 498 expanded IDs)
  Medium: 135 exchanges found, 65 opened, 70 closed (89 compounds → 534 expanded IDs)
  Medium: 123 exchanges found, 62 opened, 61 closed (84 compounds → 504 expanded IDs)
  Medium: 135 exchanges found, 66 opened, 69 closed (91 compounds → 546 expanded IDs)
  Medium: 123 exchanges found, 63 opened, 60 closed (87 compounds → 522 expanded IDs)
  Medium: 135 exchanges found, 69 opened, 66 closed (94 compounds → 564 expanded IDs)
  Medium: 123 exchanges found, 65 opened, 58 closed (89 compounds → 534 expanded IDs)
  Medium: 135 exchanges found, 69 opened, 66 closed (95 compounds → 570 expanded IDs)
  Medium: 123 exchanges found, 65 opened, 58 closed (91 compounds → 546 expanded IDs)
  Medium: 135 exchanges found, 69 opened, 66 closed (96 compounds → 576 expanded IDs)
  Medium: 123 exchanges found, 66 opened, 57 closed (94 compounds → 564 expanded IDs)
  Medium: 135 exchanges found, 70 opened, 65 closed (98 compounds → 588 expanded IDs)
  Medium: 123 exchanges found, 66 opened, 57 closed (95 compounds → 570 expanded IDs)
  Medium: 123 exchanges found, 66 opened, 57 closed (96 compounds → 576 expanded IDs)
  SBML: 74 parameters, 265 genes, 1 objectives, 1055 metabolites (0 boundary, 0 EX added), 1164 reactions (143 exchange, 755 with genes), biomass: Some("R_EX_cpd11416_c0")
  Medium: 142 exchanges found, 60 opened, 82 closed (81 compounds → 486 expanded IDs)
  Medium: 142 exchanges found, 62 opened, 80 closed (83 compounds → 498 expanded IDs)
  Medium: 123 exchanges found, 66 opened, 57 closed (98 compounds → 588 expanded IDs)
  Medium: 142 exchanges found, 62 opened, 80 closed (84 compounds → 504 expanded IDs)
  Medium: 142 exchanges found, 64 opened, 78 closed (87 compounds → 522 expanded IDs)
  Medium: 142 exchanges found, 66 opened, 76 closed (89 compounds → 534 expanded IDs)
  Medium: 142 exchanges found, 67 opened, 75 closed (91 compounds → 546 expanded IDs)
  SBML: 75 parameters, 261 genes, 1 objectives, 1048 metabolites (0 boundary, 0 EX added), 1146 reactions (141 exchange, 747 with genes), biomass: Some("R_EX_cpd11416_c0")
  Medium: 140 exchanges found, 62 opened, 78 closed (81 compounds → 486 expanded IDs)
  Medium: 142 exchanges found, 70 opened, 72 closed (94 compounds → 564 expanded IDs)
  Medium: 140 exchanges found, 63 opened, 77 closed (83 compounds → 498 expanded IDs)
  Medium: 142 exchanges found, 71 opened, 71 closed (95 compounds → 570 expanded IDs)
  Medium: 140 exchanges found, 63 opened, 77 closed (84 compounds → 504 expanded IDs)
  Medium: 142 exchanges found, 72 opened, 70 closed (96 compounds → 576 expanded IDs)
  Medium: 140 exchanges found, 65 opened, 75 closed (87 compounds → 522 expanded IDs)
  Medium: 142 exchanges found, 73 opened, 69 closed (98 compounds → 588 expanded IDs)
  Medium: 140 exchanges found, 67 opened, 73 closed (89 compounds → 534 expanded IDs)
  Medium: 140 exchanges found, 68 opened, 72 closed (91 compounds → 546 expanded IDs)
  Medium: 140 exchanges found, 71 opened, 69 closed (94 compounds → 564 expanded IDs)
  SBML: 73 parameters, 338 genes, 1 objectives, 1287 metabolites (0 boundary, 0 EX added), 1390 reactions (142 exchange, 982 with genes), biomass: Some("R_EX_cpd11416_c0")
  Medium: 141 exchanges found, 61 opened, 80 closed (81 compounds → 486 expanded IDs)
  Medium: 140 exchanges found, 72 opened, 68 closed (95 compounds → 570 expanded IDs)
  Medium: 140 exchanges found, 73 opened, 67 closed (96 compounds → 576 expanded IDs)
  Medium: 140 exchanges found, 74 opened, 66 closed (98 compounds → 588 expanded IDs)
  Medium: 141 exchanges found, 62 opened, 79 closed (83 compounds → 498 expanded IDs)
  SBML: 69 parameters, 273 genes, 1 objectives, 1102 metabolites (0 boundary, 0 EX added), 1212 reactions (129 exchange, 831 with genes), biomass: Some("R_EX_cpd11416_c0")
  Medium: 128 exchanges found, 57 opened, 71 closed (81 compounds → 486 expanded IDs)
  Medium: 141 exchanges found, 62 opened, 79 closed (84 compounds → 504 expanded IDs)
  Medium: 128 exchanges found, 58 opened, 70 closed (83 compounds → 498 expanded IDs)
  Medium: 141 exchanges found, 64 opened, 77 closed (87 compounds → 522 expanded IDs)
  Medium: 128 exchanges found, 58 opened, 70 closed (84 compounds → 504 expanded IDs)
  Medium: 128 exchanges found, 60 opened, 68 closed (87 compounds → 522 expanded IDs)
  Medium: 141 exchanges found, 66 opened, 75 closed (89 compounds → 534 expanded IDs)
  Medium: 128 exchanges found, 62 opened, 66 closed (89 compounds → 534 expanded IDs)
  Medium: 141 exchanges found, 67 opened, 74 closed (91 compounds → 546 expanded IDs)
  Medium: 128 exchanges found, 63 opened, 65 closed (91 compounds → 546 expanded IDs)
  Medium: 141 exchanges found, 70 opened, 71 closed (94 compounds → 564 expanded IDs)
  Medium: 128 exchanges found, 66 opened, 62 closed (94 compounds → 564 expanded IDs)
  Medium: 141 exchanges found, 70 opened, 71 closed (95 compounds → 570 expanded IDs)
  Medium: 128 exchanges found, 67 opened, 61 closed (95 compounds → 570 expanded IDs)
  Medium: 141 exchanges found, 71 opened, 70 closed (96 compounds → 576 expanded IDs)
  Medium: 128 exchanges found, 68 opened, 60 closed (96 compounds → 576 expanded IDs)
  Medium: 141 exchanges found, 72 opened, 69 closed (98 compounds → 588 expanded IDs)
  Medium: 128 exchanges found, 69 opened, 59 closed (98 compounds → 588 expanded IDs)
  SBML: 69 parameters, 369 genes, 1 objectives, 1285 metabolites (0 boundary, 0 EX added), 1439 reactions (142 exchange, 999 with genes), biomass: Some("R_EX_cpd11416_c0")
  Medium: 141 exchanges found, 60 opened, 81 closed (81 compounds → 486 expanded IDs)
  SBML: 78 parameters, 469 genes, 1 objectives, 1622 metabolites (0 boundary, 0 EX added), 1897 reactions (176 exchange, 1487 with genes), biomass: Some("R_EX_cpd11416_c0")
  Medium: 175 exchanges found, 65 opened, 110 closed (81 compounds → 486 expanded IDs)
  Medium: 141 exchanges found, 61 opened, 80 closed (83 compounds → 498 expanded IDs)
  Medium: 141 exchanges found, 61 opened, 80 closed (84 compounds → 504 expanded IDs)
  Medium: 141 exchanges found, 63 opened, 78 closed (87 compounds → 522 expanded IDs)
  Medium: 175 exchanges found, 67 opened, 108 closed (83 compounds → 498 expanded IDs)
  Medium: 141 exchanges found, 65 opened, 76 closed (89 compounds → 534 expanded IDs)
  Medium: 175 exchanges found, 67 opened, 108 closed (84 compounds → 504 expanded IDs)
  Medium: 141 exchanges found, 66 opened, 75 closed (91 compounds → 546 expanded IDs)
  Medium: 141 exchanges found, 68 opened, 73 closed (94 compounds → 564 expanded IDs)
  Medium: 175 exchanges found, 69 opened, 106 closed (87 compounds → 522 expanded IDs)
  Medium: 141 exchanges found, 68 opened, 73 closed (95 compounds → 570 expanded IDs)
  Medium: 175 exchanges found, 71 opened, 104 closed (89 compounds → 534 expanded IDs)
  Medium: 141 exchanges found, 68 opened, 73 closed (96 compounds → 576 expanded IDs)
  Medium: 175 exchanges found, 72 opened, 103 closed (91 compounds → 546 expanded IDs)
  Medium: 141 exchanges found, 69 opened, 72 closed (98 compounds → 588 expanded IDs)
  Medium: 175 exchanges found, 75 opened, 100 closed (94 compounds → 564 expanded IDs)
  SBML: 71 parameters, 314 genes, 1 objectives, 1216 metabolites (0 boundary, 0 EX added), 1377 reactions (150 exchange, 942 with genes), biomass: Some("R_EX_cpd11416_c0")
  Medium: 149 exchanges found, 63 opened, 86 closed (81 compounds → 486 expanded IDs)
  Medium: 149 exchanges found, 64 opened, 85 closed (83 compounds → 498 expanded IDs)
  Medium: 149 exchanges found, 64 opened, 85 closed (84 compounds → 504 expanded IDs)
  Medium: 149 exchanges found, 65 opened, 84 closed (87 compounds → 522 expanded IDs)
  Medium: 175 exchanges found, 75 opened, 100 closed (95 compounds → 570 expanded IDs)
  Medium: 149 exchanges found, 67 opened, 82 closed (89 compounds → 534 expanded IDs)
  Medium: 149 exchanges found, 67 opened, 82 closed (91 compounds → 546 expanded IDs)
  Medium: 175 exchanges found, 76 opened, 99 closed (96 compounds → 576 expanded IDs)
  Medium: 149 exchanges found, 69 opened, 80 closed (94 compounds → 564 expanded IDs)
  Medium: 149 exchanges found, 69 opened, 80 closed (95 compounds → 570 expanded IDs)
  Medium: 175 exchanges found, 77 opened, 98 closed (98 compounds → 588 expanded IDs)
  Medium: 149 exchanges found, 69 opened, 80 closed (96 compounds → 576 expanded IDs)
  Medium: 149 exchanges found, 70 opened, 79 closed (98 compounds → 588 expanded IDs)
  SBML: 68 parameters, 256 genes, 1 objectives, 1037 metabolites (0 boundary, 0 EX added), 1134 reactions (135 exchange, 756 with genes), biomass: Some("R_EX_cpd11416_c0")
  Medium: 134 exchanges found, 56 opened, 78 closed (81 compounds → 486 expanded IDs)
  Medium: 134 exchanges found, 57 opened, 77 closed (83 compounds → 498 expanded IDs)
  Medium: 134 exchanges found, 57 opened, 77 closed (84 compounds → 504 expanded IDs)
  Medium: 134 exchanges found, 59 opened, 75 closed (87 compounds → 522 expanded IDs)
  SBML: 74 parameters, 566 genes, 1 objectives, 1469 metabolites (0 boundary, 0 EX added), 1720 reactions (158 exchange, 1294 with genes), biomass: Some("R_EX_cpd11416_c0")
  Medium: 157 exchanges found, 59 opened, 98 closed (81 compounds → 486 expanded IDs)
  Medium: 134 exchanges found, 61 opened, 73 closed (89 compounds → 534 expanded IDs)
  Medium: 134 exchanges found, 62 opened, 72 closed (91 compounds → 546 expanded IDs)
  Medium: 157 exchanges found, 61 opened, 96 closed (83 compounds → 498 expanded IDs)
  Medium: 134 exchanges found, 65 opened, 69 closed (94 compounds → 564 expanded IDs)
  Medium: 157 exchanges found, 61 opened, 96 closed (84 compounds → 504 expanded IDs)
  Medium: 134 exchanges found, 66 opened, 68 closed (95 compounds → 570 expanded IDs)
  Medium: 134 exchanges found, 67 opened, 67 closed (96 compounds → 576 expanded IDs)
  Medium: 157 exchanges found, 63 opened, 94 closed (87 compounds → 522 expanded IDs)
  Medium: 134 exchanges found, 68 opened, 66 closed (98 compounds → 588 expanded IDs)
  Medium: 157 exchanges found, 65 opened, 92 closed (89 compounds → 534 expanded IDs)
  SBML: 81 parameters, 1271 genes, 1 objectives, 2319 metabolites (0 boundary, 0 EX added), 2886 reactions (194 exchange, 2459 with genes), biomass: Some("R_EX_cpd11416_c0")
  Medium: 193 exchanges found, 66 opened, 127 closed (81 compounds → 486 expanded IDs)
  Medium: 157 exchanges found, 66 opened, 91 closed (91 compounds → 546 expanded IDs)
  Medium: 157 exchanges found, 69 opened, 88 closed (94 compounds → 564 expanded IDs)
  Medium: 193 exchanges found, 68 opened, 125 closed (83 compounds → 498 expanded IDs)
  Medium: 157 exchanges found, 70 opened, 87 closed (95 compounds → 570 expanded IDs)
  Medium: 157 exchanges found, 71 opened, 86 closed (96 compounds → 576 expanded IDs)
  Medium: 193 exchanges found, 68 opened, 125 closed (84 compounds → 504 expanded IDs)
  Medium: 157 exchanges found, 72 opened, 85 closed (98 compounds → 588 expanded IDs)
  SBML: 72 parameters, 348 genes, 1 objectives, 1273 metabolites (0 boundary, 0 EX added), 1434 reactions (136 exchange, 986 with genes), biomass: Some("R_EX_cpd11416_c0")
  Medium: 135 exchanges found, 59 opened, 76 closed (81 compounds → 486 expanded IDs)
  Medium: 135 exchanges found, 61 opened, 74 closed (83 compounds → 498 expanded IDs)
  Medium: 193 exchanges found, 70 opened, 123 closed (87 compounds → 522 expanded IDs)
  Medium: 135 exchanges found, 61 opened, 74 closed (84 compounds → 504 expanded IDs)
  Medium: 135 exchanges found, 63 opened, 72 closed (87 compounds → 522 expanded IDs)
  Medium: 135 exchanges found, 65 opened, 70 closed (89 compounds → 534 expanded IDs)
  Medium: 193 exchanges found, 72 opened, 121 closed (89 compounds → 534 expanded IDs)
  Medium: 135 exchanges found, 66 opened, 69 closed (91 compounds → 546 expanded IDs)
  Medium: 135 exchanges found, 69 opened, 66 closed (94 compounds → 564 expanded IDs)
  Medium: 193 exchanges found, 73 opened, 120 closed (91 compounds → 546 expanded IDs)
  Medium: 135 exchanges found, 70 opened, 65 closed (95 compounds → 570 expanded IDs)
  Medium: 135 exchanges found, 71 opened, 64 closed (96 compounds → 576 expanded IDs)
  Medium: 135 exchanges found, 72 opened, 63 closed (98 compounds → 588 expanded IDs)
  Medium: 193 exchanges found, 76 opened, 117 closed (94 compounds → 564 expanded IDs)
  SBML: 70 parameters, 158 genes, 1 objectives, 981 metabolites (0 boundary, 0 EX added), 977 reactions (134 exchange, 574 with genes), biomass: Some("R_EX_cpd11416_c0")
  Medium: 133 exchanges found, 57 opened, 76 closed (81 compounds → 486 expanded IDs)
  Medium: 133 exchanges found, 59 opened, 74 closed (83 compounds → 498 expanded IDs)
  Medium: 133 exchanges found, 59 opened, 74 closed (84 compounds → 504 expanded IDs)
  Medium: 133 exchanges found, 61 opened, 72 closed (87 compounds → 522 expanded IDs)
  Medium: 133 exchanges found, 63 opened, 70 closed (89 compounds → 534 expanded IDs)
  Medium: 133 exchanges found, 64 opened, 69 closed (91 compounds → 546 expanded IDs)
  Medium: 133 exchanges found, 67 opened, 66 closed (94 compounds → 564 expanded IDs)
  Medium: 133 exchanges found, 67 opened, 66 closed (95 compounds → 570 expanded IDs)
  Medium: 133 exchanges found, 68 opened, 65 closed (96 compounds → 576 expanded IDs)
  Medium: 193 exchanges found, 77 opened, 116 closed (95 compounds → 570 expanded IDs)
  Medium: 133 exchanges found, 69 opened, 64 closed (98 compounds → 588 expanded IDs)
  SBML: 70 parameters, 371 genes, 1 objectives, 1304 metabolites (0 boundary, 0 EX added), 1471 reactions (150 exchange, 1066 with genes), biomass: Some("R_EX_cpd11416_c0")
  Medium: 149 exchanges found, 59 opened, 90 closed (81 compounds → 486 expanded IDs)
  Medium: 149 exchanges found, 60 opened, 89 closed (83 compounds → 498 expanded IDs)
  Medium: 149 exchanges found, 60 opened, 89 closed (84 compounds → 504 expanded IDs)
  Medium: 149 exchanges found, 62 opened, 87 closed (87 compounds → 522 expanded IDs)
  Medium: 193 exchanges found, 78 opened, 115 closed (96 compounds → 576 expanded IDs)
  Medium: 149 exchanges found, 64 opened, 85 closed (89 compounds → 534 expanded IDs)
  Medium: 149 exchanges found, 64 opened, 85 closed (91 compounds → 546 expanded IDs)
  Medium: 149 exchanges found, 67 opened, 82 closed (94 compounds → 564 expanded IDs)
  Medium: 193 exchanges found, 79 opened, 114 closed (98 compounds → 588 expanded IDs)
  Medium: 149 exchanges found, 68 opened, 81 closed (95 compounds → 570 expanded IDs)
  Medium: 149 exchanges found, 69 opened, 80 closed (96 compounds → 576 expanded IDs)
  Medium: 149 exchanges found, 70 opened, 79 closed (98 compounds → 588 expanded IDs)
  SBML: 70 parameters, 156 genes, 1 objectives, 847 metabolites (0 boundary, 0 EX added), 851 reactions (137 exchange, 436 with genes), biomass: Some("R_EX_cpd11416_c0")
  Medium: 136 exchanges found, 57 opened, 79 closed (81 compounds → 486 expanded IDs)
  Medium: 136 exchanges found, 59 opened, 77 closed (83 compounds → 498 expanded IDs)
  SBML: 73 parameters, 313 genes, 1 objectives, 1173 metabolites (0 boundary, 0 EX added), 1297 reactions (140 exchange, 846 with genes), biomass: Some("R_EX_cpd11416_c0")
  Medium: 136 exchanges found, 59 opened, 77 closed (84 compounds → 504 expanded IDs)
  Medium: 139 exchanges found, 58 opened, 81 closed (81 compounds → 486 expanded IDs)
  Medium: 136 exchanges found, 61 opened, 75 closed (87 compounds → 522 expanded IDs)
  Medium: 139 exchanges found, 60 opened, 79 closed (83 compounds → 498 expanded IDs)
  Medium: 136 exchanges found, 63 opened, 73 closed (89 compounds → 534 expanded IDs)
  Medium: 136 exchanges found, 64 opened, 72 closed (91 compounds → 546 expanded IDs)
  Medium: 139 exchanges found, 60 opened, 79 closed (84 compounds → 504 expanded IDs)
  Medium: 136 exchanges found, 67 opened, 69 closed (94 compounds → 564 expanded IDs)
  Medium: 139 exchanges found, 62 opened, 77 closed (87 compounds → 522 expanded IDs)
  Medium: 136 exchanges found, 67 opened, 69 closed (95 compounds → 570 expanded IDs)
  Medium: 136 exchanges found, 68 opened, 68 closed (96 compounds → 576 expanded IDs)
  Medium: 139 exchanges found, 64 opened, 75 closed (89 compounds → 534 expanded IDs)
  Medium: 136 exchanges found, 69 opened, 67 closed (98 compounds → 588 expanded IDs)
  Medium: 139 exchanges found, 65 opened, 74 closed (91 compounds → 546 expanded IDs)
  SBML: 74 parameters, 324 genes, 1 objectives, 1209 metabolites (0 boundary, 0 EX added), 1282 reactions (154 exchange, 857 with genes), biomass: Some("R_EX_cpd11416_c0")
  Medium: 153 exchanges found, 62 opened, 91 closed (81 compounds → 486 expanded IDs)
  Medium: 139 exchanges found, 68 opened, 71 closed (94 compounds → 564 expanded IDs)
  Medium: 153 exchanges found, 63 opened, 90 closed (83 compounds → 498 expanded IDs)
  Medium: 153 exchanges found, 63 opened, 90 closed (84 compounds → 504 expanded IDs)
  Medium: 139 exchanges found, 69 opened, 70 closed (95 compounds → 570 expanded IDs)
  Medium: 153 exchanges found, 65 opened, 88 closed (87 compounds → 522 expanded IDs)
  Medium: 153 exchanges found, 67 opened, 86 closed (89 compounds → 534 expanded IDs)
  Medium: 153 exchanges found, 68 opened, 85 closed (91 compounds → 546 expanded IDs)
  Medium: 139 exchanges found, 70 opened, 69 closed (96 compounds → 576 expanded IDs)
  Medium: 153 exchanges found, 71 opened, 82 closed (94 compounds → 564 expanded IDs)
  Medium: 153 exchanges found, 72 opened, 81 closed (95 compounds → 570 expanded IDs)
  Medium: 139 exchanges found, 71 opened, 68 closed (98 compounds → 588 expanded IDs)
  Medium: 153 exchanges found, 73 opened, 80 closed (96 compounds → 576 expanded IDs)
  Medium: 153 exchanges found, 74 opened, 79 closed (98 compounds → 588 expanded IDs)
  SBML: 70 parameters, 300 genes, 1 objectives, 1170 metabolites (0 boundary, 0 EX added), 1256 reactions (139 exchange, 855 with genes), biomass: Some("R_EX_cpd11416_c0")
  Medium: 138 exchanges found, 58 opened, 80 closed (81 compounds → 486 expanded IDs)
  SBML: 60 parameters, 324 genes, 1 objectives, 1237 metabolites (0 boundary, 0 EX added), 1337 reactions (120 exchange, 924 with genes), biomass: Some("R_EX_cpd11416_c0")
  Medium: 119 exchanges found, 56 opened, 63 closed (81 compounds → 486 expanded IDs)
  Medium: 138 exchanges found, 60 opened, 78 closed (83 compounds → 498 expanded IDs)
  Medium: 119 exchanges found, 57 opened, 62 closed (83 compounds → 498 expanded IDs)
  Medium: 138 exchanges found, 60 opened, 78 closed (84 compounds → 504 expanded IDs)
  Medium: 119 exchanges found, 57 opened, 62 closed (84 compounds → 504 expanded IDs)
  Medium: 138 exchanges found, 61 opened, 77 closed (87 compounds → 522 expanded IDs)
  Medium: 119 exchanges found, 57 opened, 62 closed (87 compounds → 522 expanded IDs)
  Medium: 138 exchanges found, 63 opened, 75 closed (89 compounds → 534 expanded IDs)
  Medium: 138 exchanges found, 64 opened, 74 closed (91 compounds → 546 expanded IDs)
  Medium: 119 exchanges found, 58 opened, 61 closed (89 compounds → 534 expanded IDs)
  Medium: 138 exchanges found, 67 opened, 71 closed (94 compounds → 564 expanded IDs)
  Medium: 119 exchanges found, 58 opened, 61 closed (91 compounds → 546 expanded IDs)
  Medium: 138 exchanges found, 67 opened, 71 closed (95 compounds → 570 expanded IDs)
  Medium: 119 exchanges found, 59 opened, 60 closed (94 compounds → 564 expanded IDs)
  Medium: 138 exchanges found, 68 opened, 70 closed (96 compounds → 576 expanded IDs)
  Medium: 138 exchanges found, 69 opened, 69 closed (98 compounds → 588 expanded IDs)
  Medium: 119 exchanges found, 59 opened, 60 closed (95 compounds → 570 expanded IDs)
  Medium: 119 exchanges found, 59 opened, 60 closed (96 compounds → 576 expanded IDs)
  SBML: 81 parameters, 469 genes, 1 objectives, 1555 metabolites (0 boundary, 0 EX added), 1814 reactions (179 exchange, 1350 with genes), biomass: Some("R_EX_cpd11416_c0")
  Medium: 178 exchanges found, 66 opened, 112 closed (81 compounds → 486 expanded IDs)
  Medium: 119 exchanges found, 59 opened, 60 closed (98 compounds → 588 expanded IDs)
  Medium: 178 exchanges found, 68 opened, 110 closed (83 compounds → 498 expanded IDs)
  SBML: 76 parameters, 389 genes, 1 objectives, 1457 metabolites (0 boundary, 0 EX added), 1748 reactions (161 exchange, 1292 with genes), biomass: Some("R_EX_cpd11416_c0")
  Medium: 160 exchanges found, 63 opened, 97 closed (81 compounds → 486 expanded IDs)
  Medium: 178 exchanges found, 68 opened, 110 closed (84 compounds → 504 expanded IDs)
  Medium: 160 exchanges found, 65 opened, 95 closed (83 compounds → 498 expanded IDs)
  Medium: 178 exchanges found, 70 opened, 108 closed (87 compounds → 522 expanded IDs)
  Medium: 160 exchanges found, 65 opened, 95 closed (84 compounds → 504 expanded IDs)
  Medium: 178 exchanges found, 72 opened, 106 closed (89 compounds → 534 expanded IDs)
  Medium: 160 exchanges found, 67 opened, 93 closed (87 compounds → 522 expanded IDs)
  Medium: 178 exchanges found, 73 opened, 105 closed (91 compounds → 546 expanded IDs)
  Medium: 160 exchanges found, 69 opened, 91 closed (89 compounds → 534 expanded IDs)
  Medium: 178 exchanges found, 76 opened, 102 closed (94 compounds → 564 expanded IDs)
  Medium: 160 exchanges found, 70 opened, 90 closed (91 compounds → 546 expanded IDs)
  Medium: 160 exchanges found, 73 opened, 87 closed (94 compounds → 564 expanded IDs)
  Medium: 178 exchanges found, 77 opened, 101 closed (95 compounds → 570 expanded IDs)
  Medium: 160 exchanges found, 74 opened, 86 closed (95 compounds → 570 expanded IDs)
  Medium: 178 exchanges found, 77 opened, 101 closed (96 compounds → 576 expanded IDs)
  Medium: 160 exchanges found, 75 opened, 85 closed (96 compounds → 576 expanded IDs)
  Medium: 178 exchanges found, 78 opened, 100 closed (98 compounds → 588 expanded IDs)
  Medium: 160 exchanges found, 76 opened, 84 closed (98 compounds → 588 expanded IDs)
  SBML: 68 parameters, 337 genes, 1 objectives, 1273 metabolites (0 boundary, 0 EX added), 1419 reactions (141 exchange, 994 with genes), biomass: Some("R_EX_cpd11416_c0")
  Medium: 140 exchanges found, 58 opened, 82 closed (81 compounds → 486 expanded IDs)
  Medium: 140 exchanges found, 59 opened, 81 closed (83 compounds → 498 expanded IDs)
  Medium: 140 exchanges found, 59 opened, 81 closed (84 compounds → 504 expanded IDs)
  SBML: 72 parameters, 316 genes, 1 objectives, 1231 metabolites (0 boundary, 0 EX added), 1278 reactions (143 exchange, 901 with genes), biomass: Some("R_EX_cpd11416_c0")
  Medium: 142 exchanges found, 62 opened, 80 closed (81 compounds → 486 expanded IDs)
  Medium: 140 exchanges found, 61 opened, 79 closed (87 compounds → 522 expanded IDs)
  Medium: 142 exchanges found, 63 opened, 79 closed (83 compounds → 498 expanded IDs)
  Medium: 140 exchanges found, 63 opened, 77 closed (89 compounds → 534 expanded IDs)
  Medium: 142 exchanges found, 63 opened, 79 closed (84 compounds → 504 expanded IDs)
  Medium: 140 exchanges found, 63 opened, 77 closed (91 compounds → 546 expanded IDs)
  Medium: 142 exchanges found, 64 opened, 78 closed (87 compounds → 522 expanded IDs)
  Medium: 140 exchanges found, 66 opened, 74 closed (94 compounds → 564 expanded IDs)
  Medium: 142 exchanges found, 65 opened, 77 closed (89 compounds → 534 expanded IDs)
  Medium: 140 exchanges found, 66 opened, 74 closed (95 compounds → 570 expanded IDs)
  Medium: 142 exchanges found, 66 opened, 76 closed (91 compounds → 546 expanded IDs)
  Medium: 140 exchanges found, 67 opened, 73 closed (96 compounds → 576 expanded IDs)
  Medium: 142 exchanges found, 68 opened, 74 closed (94 compounds → 564 expanded IDs)
  Medium: 140 exchanges found, 68 opened, 72 closed (98 compounds → 588 expanded IDs)
  Medium: 142 exchanges found, 68 opened, 74 closed (95 compounds → 570 expanded IDs)
  Medium: 142 exchanges found, 69 opened, 73 closed (96 compounds → 576 expanded IDs)
  SBML: 72 parameters, 291 genes, 1 objectives, 1230 metabolites (0 boundary, 0 EX added), 1333 reactions (130 exchange, 915 with genes), biomass: Some("R_EX_cpd11416_c0")
  Medium: 129 exchanges found, 61 opened, 68 closed (81 compounds → 486 expanded IDs)
  Medium: 142 exchanges found, 70 opened, 72 closed (98 compounds → 588 expanded IDs)
  Medium: 129 exchanges found, 62 opened, 67 closed (83 compounds → 498 expanded IDs)
  Medium: 129 exchanges found, 62 opened, 67 closed (84 compounds → 504 expanded IDs)
  Medium: 129 exchanges found, 64 opened, 65 closed (87 compounds → 522 expanded IDs)
  Medium: 129 exchanges found, 66 opened, 63 closed (89 compounds → 534 expanded IDs)
  SBML: 81 parameters, 1128 genes, 1 objectives, 2232 metabolites (0 boundary, 0 EX added), 2773 reactions (199 exchange, 2362 with genes), biomass: Some("R_EX_cpd11416_c0")
  Medium: 198 exchanges found, 66 opened, 132 closed (81 compounds → 486 expanded IDs)
  Medium: 129 exchanges found, 66 opened, 63 closed (91 compounds → 546 expanded IDs)
  Medium: 198 exchanges found, 68 opened, 130 closed (83 compounds → 498 expanded IDs)
  Medium: 129 exchanges found, 69 opened, 60 closed (94 compounds → 564 expanded IDs)
  Medium: 129 exchanges found, 70 opened, 59 closed (95 compounds → 570 expanded IDs)
  Medium: 198 exchanges found, 68 opened, 130 closed (84 compounds → 504 expanded IDs)
  Medium: 129 exchanges found, 71 opened, 58 closed (96 compounds → 576 expanded IDs)
  Medium: 198 exchanges found, 70 opened, 128 closed (87 compounds → 522 expanded IDs)
  Medium: 129 exchanges found, 72 opened, 57 closed (98 compounds → 588 expanded IDs)
  Medium: 198 exchanges found, 72 opened, 126 closed (89 compounds → 534 expanded IDs)
  Medium: 198 exchanges found, 73 opened, 125 closed (91 compounds → 546 expanded IDs)
  SBML: 79 parameters, 630 genes, 1 objectives, 1889 metabolites (0 boundary, 0 EX added), 2351 reactions (181 exchange, 1923 with genes), biomass: Some("R_EX_cpd11416_c0")
  Medium: 180 exchanges found, 66 opened, 114 closed (81 compounds → 486 expanded IDs)
  Medium: 198 exchanges found, 76 opened, 122 closed (94 compounds → 564 expanded IDs)
  Medium: 180 exchanges found, 68 opened, 112 closed (83 compounds → 498 expanded IDs)
  Medium: 198 exchanges found, 77 opened, 121 closed (95 compounds → 570 expanded IDs)
  Medium: 180 exchanges found, 68 opened, 112 closed (84 compounds → 504 expanded IDs)
  Medium: 198 exchanges found, 78 opened, 120 closed (96 compounds → 576 expanded IDs)
  Medium: 180 exchanges found, 70 opened, 110 closed (87 compounds → 522 expanded IDs)
  Medium: 180 exchanges found, 72 opened, 108 closed (89 compounds → 534 expanded IDs)
  Medium: 198 exchanges found, 79 opened, 119 closed (98 compounds → 588 expanded IDs)
  Medium: 180 exchanges found, 73 opened, 107 closed (91 compounds → 546 expanded IDs)
  SBML: 74 parameters, 307 genes, 1 objectives, 1072 metabolites (0 boundary, 0 EX added), 1202 reactions (141 exchange, 807 with genes), biomass: Some("R_EX_cpd11416_c0")
  Medium: 140 exchanges found, 61 opened, 79 closed (81 compounds → 486 expanded IDs)
  Medium: 140 exchanges found, 63 opened, 77 closed (83 compounds → 498 expanded IDs)
  Medium: 180 exchanges found, 76 opened, 104 closed (94 compounds → 564 expanded IDs)
  Medium: 140 exchanges found, 63 opened, 77 closed (84 compounds → 504 expanded IDs)
  Medium: 140 exchanges found, 65 opened, 75 closed (87 compounds → 522 expanded IDs)
  Medium: 140 exchanges found, 67 opened, 73 closed (89 compounds → 534 expanded IDs)
  Medium: 180 exchanges found, 76 opened, 104 closed (95 compounds → 570 expanded IDs)
  Medium: 140 exchanges found, 68 opened, 72 closed (91 compounds → 546 expanded IDs)
  Medium: 140 exchanges found, 71 opened, 69 closed (94 compounds → 564 expanded IDs)
  Medium: 140 exchanges found, 71 opened, 69 closed (95 compounds → 570 expanded IDs)
  Medium: 180 exchanges found, 77 opened, 103 closed (96 compounds → 576 expanded IDs)
  Medium: 140 exchanges found, 72 opened, 68 closed (96 compounds → 576 expanded IDs)
  Medium: 140 exchanges found, 73 opened, 67 closed (98 compounds → 588 expanded IDs)
  Medium: 180 exchanges found, 78 opened, 102 closed (98 compounds → 588 expanded IDs)
  SBML: 76 parameters, 298 genes, 1 objectives, 1178 metabolites (0 boundary, 0 EX added), 1336 reactions (163 exchange, 893 with genes), biomass: Some("R_EX_cpd11416_c0")
  Medium: 162 exchanges found, 64 opened, 98 closed (81 compounds → 486 expanded IDs)
  Medium: 162 exchanges found, 65 opened, 97 closed (83 compounds → 498 expanded IDs)
  Medium: 162 exchanges found, 65 opened, 97 closed (84 compounds → 504 expanded IDs)
  Medium: 162 exchanges found, 67 opened, 95 closed (87 compounds → 522 expanded IDs)
  Medium: 162 exchanges found, 69 opened, 93 closed (89 compounds → 534 expanded IDs)
  Medium: 162 exchanges found, 70 opened, 92 closed (91 compounds → 546 expanded IDs)
  SBML: 80 parameters, 675 genes, 1 objectives, 1860 metabolites (0 boundary, 0 EX added), 2273 reactions (184 exchange, 1848 with genes), biomass: Some("R_EX_cpd11416_c0")
  Medium: 183 exchanges found, 66 opened, 117 closed (81 compounds → 486 expanded IDs)
  Medium: 162 exchanges found, 73 opened, 89 closed (94 compounds → 564 expanded IDs)
  Medium: 162 exchanges found, 74 opened, 88 closed (95 compounds → 570 expanded IDs)
  Medium: 162 exchanges found, 75 opened, 87 closed (96 compounds → 576 expanded IDs)
  Medium: 183 exchanges found, 68 opened, 115 closed (83 compounds → 498 expanded IDs)
  Medium: 162 exchanges found, 76 opened, 86 closed (98 compounds → 588 expanded IDs)
  SBML: 69 parameters, 316 genes, 1 objectives, 1212 metabolites (0 boundary, 0 EX added), 1357 reactions (137 exchange, 931 with genes), biomass: Some("R_EX_cpd11416_c0")
  Medium: 136 exchanges found, 62 opened, 74 closed (81 compounds → 486 expanded IDs)
  Medium: 183 exchanges found, 68 opened, 115 closed (84 compounds → 504 expanded IDs)
  Medium: 136 exchanges found, 63 opened, 73 closed (83 compounds → 498 expanded IDs)
  Medium: 136 exchanges found, 63 opened, 73 closed (84 compounds → 504 expanded IDs)
  Medium: 183 exchanges found, 70 opened, 113 closed (87 compounds → 522 expanded IDs)
  Medium: 136 exchanges found, 64 opened, 72 closed (87 compounds → 522 expanded IDs)
  Medium: 136 exchanges found, 66 opened, 70 closed (89 compounds → 534 expanded IDs)
  Medium: 136 exchanges found, 66 opened, 70 closed (91 compounds → 546 expanded IDs)
  Medium: 183 exchanges found, 72 opened, 111 closed (89 compounds → 534 expanded IDs)
  Medium: 136 exchanges found, 68 opened, 68 closed (94 compounds → 564 expanded IDs)
  Medium: 136 exchanges found, 68 opened, 68 closed (95 compounds → 570 expanded IDs)
  Medium: 183 exchanges found, 73 opened, 110 closed (91 compounds → 546 expanded IDs)
  Medium: 136 exchanges found, 68 opened, 68 closed (96 compounds → 576 expanded IDs)
  Medium: 136 exchanges found, 69 opened, 67 closed (98 compounds → 588 expanded IDs)
  Medium: 183 exchanges found, 76 opened, 107 closed (94 compounds → 564 expanded IDs)
  SBML: 60 parameters, 113 genes, 1 objectives, 861 metabolites (0 boundary, 0 EX added), 813 reactions (113 exchange, 370 with genes), biomass: Some("R_EX_cpd11416_c0")
  Medium: 112 exchanges found, 58 opened, 54 closed (81 compounds → 486 expanded IDs)
  Medium: 112 exchanges found, 59 opened, 53 closed (83 compounds → 498 expanded IDs)
  Medium: 112 exchanges found, 59 opened, 53 closed (84 compounds → 504 expanded IDs)
  Medium: 112 exchanges found, 59 opened, 53 closed (87 compounds → 522 expanded IDs)
  Medium: 112 exchanges found, 59 opened, 53 closed (89 compounds → 534 expanded IDs)
  Medium: 112 exchanges found, 59 opened, 53 closed (91 compounds → 546 expanded IDs)
  Medium: 112 exchanges found, 59 opened, 53 closed (94 compounds → 564 expanded IDs)
  Medium: 112 exchanges found, 59 opened, 53 closed (95 compounds → 570 expanded IDs)
  Medium: 112 exchanges found, 59 opened, 53 closed (96 compounds → 576 expanded IDs)
  Medium: 112 exchanges found, 60 opened, 52 closed (98 compounds → 588 expanded IDs)
  Medium: 183 exchanges found, 77 opened, 106 closed (95 compounds → 570 expanded IDs)
  SBML: 66 parameters, 307 genes, 1 objectives, 1169 metabolites (0 boundary, 0 EX added), 1245 reactions (128 exchange, 798 with genes), biomass: Some("R_EX_cpd11416_c0")
  Medium: 127 exchanges found, 60 opened, 67 closed (81 compounds → 486 expanded IDs)
  Medium: 127 exchanges found, 62 opened, 65 closed (83 compounds → 498 expanded IDs)
  Medium: 127 exchanges found, 62 opened, 65 closed (84 compounds → 504 expanded IDs)
  Medium: 127 exchanges found, 62 opened, 65 closed (87 compounds → 522 expanded IDs)
  Medium: 183 exchanges found, 78 opened, 105 closed (96 compounds → 576 expanded IDs)
  Medium: 127 exchanges found, 64 opened, 63 closed (89 compounds → 534 expanded IDs)
  Medium: 127 exchanges found, 64 opened, 63 closed (91 compounds → 546 expanded IDs)
  Medium: 183 exchanges found, 79 opened, 104 closed (98 compounds → 588 expanded IDs)
  Medium: 127 exchanges found, 65 opened, 62 closed (94 compounds → 564 expanded IDs)
  Medium: 127 exchanges found, 65 opened, 62 closed (95 compounds → 570 expanded IDs)
  Medium: 127 exchanges found, 65 opened, 62 closed (96 compounds → 576 expanded IDs)
  Medium: 127 exchanges found, 65 opened, 62 closed (98 compounds → 588 expanded IDs)
  SBML: 80 parameters, 1097 genes, 1 objectives, 2197 metabolites (0 boundary, 0 EX added), 2591 reactions (190 exchange, 2100 with genes), biomass: Some("R_EX_cpd11416_c0")
  Medium: 189 exchanges found, 65 opened, 124 closed (81 compounds → 486 expanded IDs)
  SBML: 60 parameters, 94 genes, 1 objectives, 710 metabolites (0 boundary, 0 EX added), 669 reactions (106 exchange, 284 with genes), biomass: Some("R_EX_cpd11416_c0")
  Medium: 105 exchanges found, 59 opened, 46 closed (81 compounds → 486 expanded IDs)
  Medium: 105 exchanges found, 60 opened, 45 closed (83 compounds → 498 expanded IDs)
  Medium: 105 exchanges found, 60 opened, 45 closed (84 compounds → 504 expanded IDs)
  Medium: 105 exchanges found, 60 opened, 45 closed (87 compounds → 522 expanded IDs)
  Medium: 105 exchanges found, 60 opened, 45 closed (89 compounds → 534 expanded IDs)
  Medium: 105 exchanges found, 60 opened, 45 closed (91 compounds → 546 expanded IDs)
  Medium: 105 exchanges found, 60 opened, 45 closed (94 compounds → 564 expanded IDs)
  Medium: 105 exchanges found, 60 opened, 45 closed (95 compounds → 570 expanded IDs)
  Medium: 105 exchanges found, 60 opened, 45 closed (96 compounds → 576 expanded IDs)
  Medium: 105 exchanges found, 60 opened, 45 closed (98 compounds → 588 expanded IDs)
  SBML: 68 parameters, 305 genes, 1 objectives, 1209 metabolites (0 boundary, 0 EX added), 1384 reactions (153 exchange, 969 with genes), biomass: Some("R_EX_cpd11416_c0")
  Medium: 152 exchanges found, 59 opened, 93 closed (81 compounds → 486 expanded IDs)
  Medium: 189 exchanges found, 67 opened, 122 closed (83 compounds → 498 expanded IDs)
  Medium: 152 exchanges found, 60 opened, 92 closed (83 compounds → 498 expanded IDs)
  Medium: 152 exchanges found, 60 opened, 92 closed (84 compounds → 504 expanded IDs)
  Medium: 152 exchanges found, 61 opened, 91 closed (87 compounds → 522 expanded IDs)
  Medium: 152 exchanges found, 63 opened, 89 closed (89 compounds → 534 expanded IDs)
  Medium: 152 exchanges found, 63 opened, 89 closed (91 compounds → 546 expanded IDs)
  Medium: 189 exchanges found, 67 opened, 122 closed (84 compounds → 504 expanded IDs)
  Medium: 152 exchanges found, 65 opened, 87 closed (94 compounds → 564 expanded IDs)
  Medium: 152 exchanges found, 66 opened, 86 closed (95 compounds → 570 expanded IDs)
  Medium: 152 exchanges found, 66 opened, 86 closed (96 compounds → 576 expanded IDs)
  Medium: 189 exchanges found, 69 opened, 120 closed (87 compounds → 522 expanded IDs)
  Medium: 152 exchanges found, 67 opened, 85 closed (98 compounds → 588 expanded IDs)
  SBML: 65 parameters, 304 genes, 1 objectives, 1238 metabolites (0 boundary, 0 EX added), 1379 reactions (142 exchange, 952 with genes), biomass: Some("R_EX_cpd11416_c0")
  Medium: 141 exchanges found, 58 opened, 83 closed (81 compounds → 486 expanded IDs)
  Medium: 189 exchanges found, 71 opened, 118 closed (89 compounds → 534 expanded IDs)
  Medium: 141 exchanges found, 59 opened, 82 closed (83 compounds → 498 expanded IDs)
  Medium: 141 exchanges found, 59 opened, 82 closed (84 compounds → 504 expanded IDs)
  Medium: 141 exchanges found, 60 opened, 81 closed (87 compounds → 522 expanded IDs)
  Medium: 141 exchanges found, 62 opened, 79 closed (89 compounds → 534 expanded IDs)
  Medium: 141 exchanges found, 62 opened, 79 closed (91 compounds → 546 expanded IDs)
  Medium: 141 exchanges found, 63 opened, 78 closed (94 compounds → 564 expanded IDs)
  Medium: 141 exchanges found, 63 opened, 78 closed (95 compounds → 570 expanded IDs)
  Medium: 189 exchanges found, 72 opened, 117 closed (91 compounds → 546 expanded IDs)
  Medium: 141 exchanges found, 63 opened, 78 closed (96 compounds → 576 expanded IDs)
  Medium: 141 exchanges found, 64 opened, 77 closed (98 compounds → 588 expanded IDs)
  SBML: 73 parameters, 340 genes, 1 objectives, 1327 metabolites (0 boundary, 0 EX added), 1398 reactions (137 exchange, 1015 with genes), biomass: Some("R_EX_cpd11416_c0")
  Medium: 136 exchanges found, 60 opened, 76 closed (81 compounds → 486 expanded IDs)
  Medium: 189 exchanges found, 75 opened, 114 closed (94 compounds → 564 expanded IDs)
  Medium: 136 exchanges found, 61 opened, 75 closed (83 compounds → 498 expanded IDs)
  Medium: 136 exchanges found, 61 opened, 75 closed (84 compounds → 504 expanded IDs)
  Medium: 136 exchanges found, 63 opened, 73 closed (87 compounds → 522 expanded IDs)
  Medium: 189 exchanges found, 76 opened, 113 closed (95 compounds → 570 expanded IDs)
  Medium: 136 exchanges found, 65 opened, 71 closed (89 compounds → 534 expanded IDs)
  Medium: 136 exchanges found, 66 opened, 70 closed (91 compounds → 546 expanded IDs)
  Medium: 189 exchanges found, 77 opened, 112 closed (96 compounds → 576 expanded IDs)
  Medium: 136 exchanges found, 69 opened, 67 closed (94 compounds → 564 expanded IDs)
  Medium: 136 exchanges found, 70 opened, 66 closed (95 compounds → 570 expanded IDs)
  Medium: 136 exchanges found, 71 opened, 65 closed (96 compounds → 576 expanded IDs)
  Medium: 189 exchanges found, 78 opened, 111 closed (98 compounds → 588 expanded IDs)
  Medium: 136 exchanges found, 72 opened, 64 closed (98 compounds → 588 expanded IDs)
  SBML: 70 parameters, 210 genes, 1 objectives, 1134 metabolites (0 boundary, 0 EX added), 1198 reactions (139 exchange, 783 with genes), biomass: Some("R_EX_cpd11416_c0")
  Medium: 138 exchanges found, 57 opened, 81 closed (81 compounds → 486 expanded IDs)
  Medium: 138 exchanges found, 59 opened, 79 closed (83 compounds → 498 expanded IDs)
  Medium: 138 exchanges found, 59 opened, 79 closed (84 compounds → 504 expanded IDs)
  SBML: 76 parameters, 360 genes, 1 objectives, 1428 metabolites (0 boundary, 0 EX added), 1594 reactions (156 exchange, 1171 with genes), biomass: Some("R_EX_cpd11416_c0")
  Medium: 155 exchanges found, 64 opened, 91 closed (81 compounds → 486 expanded IDs)
  Medium: 138 exchanges found, 61 opened, 77 closed (87 compounds → 522 expanded IDs)
  Medium: 155 exchanges found, 65 opened, 90 closed (83 compounds → 498 expanded IDs)
  Medium: 138 exchanges found, 63 opened, 75 closed (89 compounds → 534 expanded IDs)
  Medium: 138 exchanges found, 64 opened, 74 closed (91 compounds → 546 expanded IDs)
  Medium: 155 exchanges found, 65 opened, 90 closed (84 compounds → 504 expanded IDs)
  Medium: 138 exchanges found, 67 opened, 71 closed (94 compounds → 564 expanded IDs)
  Medium: 155 exchanges found, 67 opened, 88 closed (87 compounds → 522 expanded IDs)
  Medium: 138 exchanges found, 67 opened, 71 closed (95 compounds → 570 expanded IDs)
  Medium: 138 exchanges found, 68 opened, 70 closed (96 compounds → 576 expanded IDs)
  Medium: 155 exchanges found, 69 opened, 86 closed (89 compounds → 534 expanded IDs)
  Medium: 138 exchanges found, 69 opened, 69 closed (98 compounds → 588 expanded IDs)
  Medium: 155 exchanges found, 70 opened, 85 closed (91 compounds → 546 expanded IDs)
  Medium: 155 exchanges found, 73 opened, 82 closed (94 compounds → 564 expanded IDs)
  SBML: 72 parameters, 354 genes, 1 objectives, 1388 metabolites (0 boundary, 0 EX added), 1526 reactions (156 exchange, 1105 with genes), biomass: Some("R_EX_cpd11416_c0")
  Medium: 155 exchanges found, 61 opened, 94 closed (81 compounds → 486 expanded IDs)
  Medium: 155 exchanges found, 73 opened, 82 closed (95 compounds → 570 expanded IDs)
  Medium: 155 exchanges found, 63 opened, 92 closed (83 compounds → 498 expanded IDs)
  Medium: 155 exchanges found, 74 opened, 81 closed (96 compounds → 576 expanded IDs)
  Medium: 155 exchanges found, 63 opened, 92 closed (84 compounds → 504 expanded IDs)
  Medium: 155 exchanges found, 75 opened, 80 closed (98 compounds → 588 expanded IDs)
  Medium: 155 exchanges found, 65 opened, 90 closed (87 compounds → 522 expanded IDs)
  SBML: 69 parameters, 386 genes, 1 objectives, 1326 metabolites (0 boundary, 0 EX added), 1462 reactions (134 exchange, 1031 with genes), biomass: Some("R_EX_cpd11416_c0")
  Medium: 155 exchanges found, 67 opened, 88 closed (89 compounds → 534 expanded IDs)
  Medium: 133 exchanges found, 64 opened, 69 closed (81 compounds → 486 expanded IDs)
  Medium: 133 exchanges found, 65 opened, 68 closed (83 compounds → 498 expanded IDs)
  Medium: 133 exchanges found, 65 opened, 68 closed (84 compounds → 504 expanded IDs)
  Medium: 155 exchanges found, 67 opened, 88 closed (91 compounds → 546 expanded IDs)
  Medium: 133 exchanges found, 66 opened, 67 closed (87 compounds → 522 expanded IDs)
  Medium: 155 exchanges found, 70 opened, 85 closed (94 compounds → 564 expanded IDs)
  Medium: 133 exchanges found, 67 opened, 66 closed (89 compounds → 534 expanded IDs)
  Medium: 155 exchanges found, 70 opened, 85 closed (95 compounds → 570 expanded IDs)
  Medium: 133 exchanges found, 67 opened, 66 closed (91 compounds → 546 expanded IDs)
  Medium: 155 exchanges found, 71 opened, 84 closed (96 compounds → 576 expanded IDs)
  Medium: 133 exchanges found, 68 opened, 65 closed (94 compounds → 564 expanded IDs)
  Medium: 155 exchanges found, 72 opened, 83 closed (98 compounds → 588 expanded IDs)
  Medium: 133 exchanges found, 68 opened, 65 closed (95 compounds → 570 expanded IDs)
  SBML: 66 parameters, 174 genes, 1 objectives, 874 metabolites (0 boundary, 0 EX added), 960 reactions (123 exchange, 574 with genes), biomass: Some("R_EX_cpd11416_c0")
  Medium: 122 exchanges found, 55 opened, 67 closed (81 compounds → 486 expanded IDs)
  Medium: 122 exchanges found, 56 opened, 66 closed (83 compounds → 498 expanded IDs)
  Medium: 122 exchanges found, 56 opened, 66 closed (84 compounds → 504 expanded IDs)
  Medium: 133 exchanges found, 68 opened, 65 closed (96 compounds → 576 expanded IDs)
  Medium: 122 exchanges found, 58 opened, 64 closed (87 compounds → 522 expanded IDs)
  Medium: 122 exchanges found, 60 opened, 62 closed (89 compounds → 534 expanded IDs)
  Medium: 133 exchanges found, 69 opened, 64 closed (98 compounds → 588 expanded IDs)
  Medium: 122 exchanges found, 61 opened, 61 closed (91 compounds → 546 expanded IDs)
  Medium: 122 exchanges found, 64 opened, 58 closed (94 compounds → 564 expanded IDs)
  Medium: 122 exchanges found, 64 opened, 58 closed (95 compounds → 570 expanded IDs)
  Medium: 122 exchanges found, 65 opened, 57 closed (96 compounds → 576 expanded IDs)
  SBML: 81 parameters, 536 genes, 1 objectives, 1559 metabolites (0 boundary, 0 EX added), 1864 reactions (175 exchange, 1416 with genes), biomass: Some("R_EX_cpd11416_c0")
  Medium: 174 exchanges found, 67 opened, 107 closed (81 compounds → 486 expanded IDs)
  Medium: 122 exchanges found, 66 opened, 56 closed (98 compounds → 588 expanded IDs)
  SBML: 68 parameters, 286 genes, 1 objectives, 1161 metabolites (0 boundary, 0 EX added), 1280 reactions (137 exchange, 816 with genes), biomass: Some("R_EX_cpd11416_c0")
  Medium: 136 exchanges found, 58 opened, 78 closed (81 compounds → 486 expanded IDs)
  Medium: 174 exchanges found, 69 opened, 105 closed (83 compounds → 498 expanded IDs)
  Medium: 136 exchanges found, 59 opened, 77 closed (83 compounds → 498 expanded IDs)
  Medium: 136 exchanges found, 59 opened, 77 closed (84 compounds → 504 expanded IDs)
  Medium: 136 exchanges found, 61 opened, 75 closed (87 compounds → 522 expanded IDs)
  Medium: 174 exchanges found, 69 opened, 105 closed (84 compounds → 504 expanded IDs)
  Medium: 136 exchanges found, 63 opened, 73 closed (89 compounds → 534 expanded IDs)
  Medium: 174 exchanges found, 71 opened, 103 closed (87 compounds → 522 expanded IDs)
  Medium: 136 exchanges found, 64 opened, 72 closed (91 compounds → 546 expanded IDs)
  Medium: 136 exchanges found, 67 opened, 69 closed (94 compounds → 564 expanded IDs)
  Medium: 174 exchanges found, 73 opened, 101 closed (89 compounds → 534 expanded IDs)
  Medium: 136 exchanges found, 67 opened, 69 closed (95 compounds → 570 expanded IDs)
  Medium: 174 exchanges found, 74 opened, 100 closed (91 compounds → 546 expanded IDs)
  Medium: 136 exchanges found, 67 opened, 69 closed (96 compounds → 576 expanded IDs)
  Medium: 136 exchanges found, 68 opened, 68 closed (98 compounds → 588 expanded IDs)
  Medium: 174 exchanges found, 77 opened, 97 closed (94 compounds → 564 expanded IDs)
  SBML: 61 parameters, 93 genes, 1 objectives, 728 metabolites (0 boundary, 0 EX added), 672 reactions (107 exchange, 299 with genes), biomass: Some("R_EX_cpd11416_c0")
  Medium: 106 exchanges found, 61 opened, 45 closed (81 compounds → 486 expanded IDs)
  Medium: 106 exchanges found, 61 opened, 45 closed (83 compounds → 498 expanded IDs)
  Medium: 106 exchanges found, 61 opened, 45 closed (84 compounds → 504 expanded IDs)
  Medium: 106 exchanges found, 61 opened, 45 closed (87 compounds → 522 expanded IDs)
  Medium: 174 exchanges found, 78 opened, 96 closed (95 compounds → 570 expanded IDs)
  Medium: 106 exchanges found, 61 opened, 45 closed (89 compounds → 534 expanded IDs)
  Medium: 106 exchanges found, 61 opened, 45 closed (91 compounds → 546 expanded IDs)
  Medium: 106 exchanges found, 61 opened, 45 closed (94 compounds → 564 expanded IDs)
  Medium: 106 exchanges found, 61 opened, 45 closed (95 compounds → 570 expanded IDs)
  Medium: 106 exchanges found, 61 opened, 45 closed (96 compounds → 576 expanded IDs)
  Medium: 106 exchanges found, 61 opened, 45 closed (98 compounds → 588 expanded IDs)
  SBML: 65 parameters, 262 genes, 1 objectives, 1229 metabolites (0 boundary, 0 EX added), 1256 reactions (128 exchange, 853 with genes), biomass: Some("R_EX_cpd11416_c0")
  Medium: 127 exchanges found, 59 opened, 68 closed (81 compounds → 486 expanded IDs)
  Medium: 174 exchanges found, 79 opened, 95 closed (96 compounds → 576 expanded IDs)
  Medium: 127 exchanges found, 59 opened, 68 closed (83 compounds → 498 expanded IDs)
  Medium: 127 exchanges found, 59 opened, 68 closed (84 compounds → 504 expanded IDs)
  Medium: 127 exchanges found, 59 opened, 68 closed (87 compounds → 522 expanded IDs)
  Medium: 127 exchanges found, 60 opened, 67 closed (89 compounds → 534 expanded IDs)
  Medium: 174 exchanges found, 80 opened, 94 closed (98 compounds → 588 expanded IDs)
  Medium: 127 exchanges found, 61 opened, 66 closed (91 compounds → 546 expanded IDs)
  Medium: 127 exchanges found, 62 opened, 65 closed (94 compounds → 564 expanded IDs)
  Medium: 127 exchanges found, 63 opened, 64 closed (95 compounds → 570 expanded IDs)
  Medium: 127 exchanges found, 63 opened, 64 closed (96 compounds → 576 expanded IDs)
  SBML: 77 parameters, 473 genes, 1 objectives, 1569 metabolites (0 boundary, 0 EX added), 1747 reactions (161 exchange, 1323 with genes), biomass: Some("R_EX_cpd11416_c0")
  Medium: 160 exchanges found, 62 opened, 98 closed (81 compounds → 486 expanded IDs)
  Medium: 127 exchanges found, 64 opened, 63 closed (98 compounds → 588 expanded IDs)
  Medium: 160 exchanges found, 64 opened, 96 closed (83 compounds → 498 expanded IDs)
  SBML: 70 parameters, 374 genes, 1 objectives, 1263 metabolites (0 boundary, 0 EX added), 1434 reactions (130 exchange, 1023 with genes), biomass: Some("R_EX_cpd11416_c0")
  Medium: 129 exchanges found, 56 opened, 73 closed (81 compounds → 486 expanded IDs)
  Medium: 160 exchanges found, 64 opened, 96 closed (84 compounds → 504 expanded IDs)
  Medium: 129 exchanges found, 58 opened, 71 closed (83 compounds → 498 expanded IDs)
  Medium: 129 exchanges found, 58 opened, 71 closed (84 compounds → 504 expanded IDs)
  Medium: 160 exchanges found, 66 opened, 94 closed (87 compounds → 522 expanded IDs)
  Medium: 129 exchanges found, 60 opened, 69 closed (87 compounds → 522 expanded IDs)
  Medium: 160 exchanges found, 68 opened, 92 closed (89 compounds → 534 expanded IDs)
  Medium: 129 exchanges found, 62 opened, 67 closed (89 compounds → 534 expanded IDs)
  Medium: 129 exchanges found, 63 opened, 66 closed (91 compounds → 546 expanded IDs)
  Medium: 160 exchanges found, 69 opened, 91 closed (91 compounds → 546 expanded IDs)
  Medium: 129 exchanges found, 66 opened, 63 closed (94 compounds → 564 expanded IDs)
  Medium: 160 exchanges found, 72 opened, 88 closed (94 compounds → 564 expanded IDs)
  Medium: 129 exchanges found, 67 opened, 62 closed (95 compounds → 570 expanded IDs)
  Medium: 160 exchanges found, 73 opened, 87 closed (95 compounds → 570 expanded IDs)
  Medium: 129 exchanges found, 68 opened, 61 closed (96 compounds → 576 expanded IDs)
  Medium: 129 exchanges found, 69 opened, 60 closed (98 compounds → 588 expanded IDs)
  Medium: 160 exchanges found, 74 opened, 86 closed (96 compounds → 576 expanded IDs)
  SBML: 72 parameters, 255 genes, 1 objectives, 1072 metabolites (0 boundary, 0 EX added), 1117 reactions (142 exchange, 705 with genes), biomass: Some("R_EX_cpd11416_c0")
  Medium: 141 exchanges found, 60 opened, 81 closed (81 compounds → 486 expanded IDs)
  Medium: 160 exchanges found, 75 opened, 85 closed (98 compounds → 588 expanded IDs)
  Medium: 141 exchanges found, 61 opened, 80 closed (83 compounds → 498 expanded IDs)
  Medium: 141 exchanges found, 61 opened, 80 closed (84 compounds → 504 expanded IDs)
  Medium: 141 exchanges found, 63 opened, 78 closed (87 compounds → 522 expanded IDs)
  SBML: 76 parameters, 533 genes, 1 objectives, 1354 metabolites (0 boundary, 0 EX added), 1601 reactions (153 exchange, 1200 with genes), biomass: Some("R_EX_cpd11416_c0")
  Medium: 152 exchanges found, 61 opened, 91 closed (81 compounds → 486 expanded IDs)
  Medium: 141 exchanges found, 65 opened, 76 closed (89 compounds → 534 expanded IDs)
  Medium: 152 exchanges found, 63 opened, 89 closed (83 compounds → 498 expanded IDs)
  Medium: 141 exchanges found, 66 opened, 75 closed (91 compounds → 546 expanded IDs)
  Medium: 152 exchanges found, 63 opened, 89 closed (84 compounds → 504 expanded IDs)
  Medium: 152 exchanges found, 65 opened, 87 closed (87 compounds → 522 expanded IDs)
  Medium: 141 exchanges found, 69 opened, 72 closed (94 compounds → 564 expanded IDs)
  Medium: 152 exchanges found, 67 opened, 85 closed (89 compounds → 534 expanded IDs)
  Medium: 141 exchanges found, 69 opened, 72 closed (95 compounds → 570 expanded IDs)
  Medium: 141 exchanges found, 70 opened, 71 closed (96 compounds → 576 expanded IDs)
  Medium: 152 exchanges found, 68 opened, 84 closed (91 compounds → 546 expanded IDs)
  Medium: 141 exchanges found, 71 opened, 70 closed (98 compounds → 588 expanded IDs)
  Medium: 152 exchanges found, 71 opened, 81 closed (94 compounds → 564 expanded IDs)
  SBML: 77 parameters, 360 genes, 1 objectives, 1337 metabolites (0 boundary, 0 EX added), 1596 reactions (169 exchange, 1134 with genes), biomass: Some("R_EX_cpd11416_c0")
  Medium: 168 exchanges found, 64 opened, 104 closed (81 compounds → 486 expanded IDs)
  Medium: 152 exchanges found, 72 opened, 80 closed (95 compounds → 570 expanded IDs)
  Medium: 168 exchanges found, 66 opened, 102 closed (83 compounds → 498 expanded IDs)
  Medium: 168 exchanges found, 66 opened, 102 closed (84 compounds → 504 expanded IDs)
  Medium: 152 exchanges found, 73 opened, 79 closed (96 compounds → 576 expanded IDs)
  Medium: 168 exchanges found, 68 opened, 100 closed (87 compounds → 522 expanded IDs)
  Medium: 152 exchanges found, 74 opened, 78 closed (98 compounds → 588 expanded IDs)
  Medium: 168 exchanges found, 70 opened, 98 closed (89 compounds → 534 expanded IDs)
  Medium: 168 exchanges found, 71 opened, 97 closed (91 compounds → 546 expanded IDs)
  SBML: 72 parameters, 363 genes, 1 objectives, 1408 metabolites (0 boundary, 0 EX added), 1570 reactions (138 exchange, 1124 with genes), biomass: Some("R_EX_cpd11416_c0")
  Medium: 137 exchanges found, 59 opened, 78 closed (81 compounds → 486 expanded IDs)
  Medium: 137 exchanges found, 60 opened, 77 closed (83 compounds → 498 expanded IDs)
  Medium: 168 exchanges found, 74 opened, 94 closed (94 compounds → 564 expanded IDs)
  Medium: 137 exchanges found, 60 opened, 77 closed (84 compounds → 504 expanded IDs)
  Medium: 137 exchanges found, 62 opened, 75 closed (87 compounds → 522 expanded IDs)
  Medium: 137 exchanges found, 64 opened, 73 closed (89 compounds → 534 expanded IDs)
  Medium: 168 exchanges found, 75 opened, 93 closed (95 compounds → 570 expanded IDs)
  Medium: 137 exchanges found, 65 opened, 72 closed (91 compounds → 546 expanded IDs)
  Medium: 168 exchanges found, 76 opened, 92 closed (96 compounds → 576 expanded IDs)
  Medium: 137 exchanges found, 68 opened, 69 closed (94 compounds → 564 expanded IDs)
  Medium: 168 exchanges found, 77 opened, 91 closed (98 compounds → 588 expanded IDs)
  Medium: 137 exchanges found, 69 opened, 68 closed (95 compounds → 570 expanded IDs)
  Medium: 137 exchanges found, 70 opened, 67 closed (96 compounds → 576 expanded IDs)
  SBML: 75 parameters, 564 genes, 1 objectives, 1513 metabolites (0 boundary, 0 EX added), 1809 reactions (171 exchange, 1336 with genes), biomass: Some("R_EX_cpd11416_c0")
  Medium: 170 exchanges found, 63 opened, 107 closed (81 compounds → 486 expanded IDs)
  Medium: 137 exchanges found, 71 opened, 66 closed (98 compounds → 588 expanded IDs)
  Medium: 170 exchanges found, 64 opened, 106 closed (83 compounds → 498 expanded IDs)
  SBML: 70 parameters, 222 genes, 1 objectives, 1045 metabolites (0 boundary, 0 EX added), 1145 reactions (146 exchange, 688 with genes), biomass: Some("R_EX_cpd11416_c0")
  Medium: 145 exchanges found, 58 opened, 87 closed (81 compounds → 486 expanded IDs)
  Medium: 145 exchanges found, 59 opened, 86 closed (83 compounds → 498 expanded IDs)
  Medium: 170 exchanges found, 64 opened, 106 closed (84 compounds → 504 expanded IDs)
  Medium: 145 exchanges found, 59 opened, 86 closed (84 compounds → 504 expanded IDs)
  Medium: 145 exchanges found, 61 opened, 84 closed (87 compounds → 522 expanded IDs)
  Medium: 145 exchanges found, 63 opened, 82 closed (89 compounds → 534 expanded IDs)
  Medium: 170 exchanges found, 65 opened, 105 closed (87 compounds → 522 expanded IDs)
  Medium: 145 exchanges found, 63 opened, 82 closed (91 compounds → 546 expanded IDs)
  Medium: 145 exchanges found, 66 opened, 79 closed (94 compounds → 564 expanded IDs)
  Medium: 170 exchanges found, 67 opened, 103 closed (89 compounds → 534 expanded IDs)
  Medium: 145 exchanges found, 67 opened, 78 closed (95 compounds → 570 expanded IDs)
  Medium: 145 exchanges found, 68 opened, 77 closed (96 compounds → 576 expanded IDs)
  Medium: 170 exchanges found, 68 opened, 102 closed (91 compounds → 546 expanded IDs)
  Medium: 145 exchanges found, 69 opened, 76 closed (98 compounds → 588 expanded IDs)
  Medium: 170 exchanges found, 71 opened, 99 closed (94 compounds → 564 expanded IDs)
  SBML: 70 parameters, 263 genes, 1 objectives, 1089 metabolites (0 boundary, 0 EX added), 1179 reactions (142 exchange, 772 with genes), biomass: Some("R_EX_cpd11416_c0")
  Medium: 141 exchanges found, 58 opened, 83 closed (81 compounds → 486 expanded IDs)
  Medium: 141 exchanges found, 59 opened, 82 closed (83 compounds → 498 expanded IDs)
  Medium: 141 exchanges found, 59 opened, 82 closed (84 compounds → 504 expanded IDs)
  Medium: 141 exchanges found, 61 opened, 80 closed (87 compounds → 522 expanded IDs)
  Medium: 141 exchanges found, 63 opened, 78 closed (89 compounds → 534 expanded IDs)
  Medium: 170 exchanges found, 72 opened, 98 closed (95 compounds → 570 expanded IDs)
  Medium: 141 exchanges found, 64 opened, 77 closed (91 compounds → 546 expanded IDs)
  Medium: 141 exchanges found, 67 opened, 74 closed (94 compounds → 564 expanded IDs)
  Medium: 141 exchanges found, 68 opened, 73 closed (95 compounds → 570 expanded IDs)
  Medium: 170 exchanges found, 72 opened, 98 closed (96 compounds → 576 expanded IDs)
  Medium: 141 exchanges found, 69 opened, 72 closed (96 compounds → 576 expanded IDs)
  Medium: 141 exchanges found, 70 opened, 71 closed (98 compounds → 588 expanded IDs)
  Medium: 170 exchanges found, 73 opened, 97 closed (98 compounds → 588 expanded IDs)
  SBML: 58 parameters, 62 genes, 1 objectives, 586 metabolites (0 boundary, 0 EX added), 558 reactions (96 exchange, 193 with genes), biomass: Some("R_EX_cpd11416_c0")
  Medium: 95 exchanges found, 56 opened, 39 closed (81 compounds → 486 expanded IDs)
  Medium: 95 exchanges found, 58 opened, 37 closed (83 compounds → 498 expanded IDs)
  Medium: 95 exchanges found, 58 opened, 37 closed (84 compounds → 504 expanded IDs)
  Medium: 95 exchanges found, 58 opened, 37 closed (87 compounds → 522 expanded IDs)
  Medium: 95 exchanges found, 58 opened, 37 closed (89 compounds → 534 expanded IDs)
  Medium: 95 exchanges found, 58 opened, 37 closed (91 compounds → 546 expanded IDs)
  Medium: 95 exchanges found, 58 opened, 37 closed (94 compounds → 564 expanded IDs)
  Medium: 95 exchanges found, 58 opened, 37 closed (95 compounds → 570 expanded IDs)
  Medium: 95 exchanges found, 58 opened, 37 closed (96 compounds → 576 expanded IDs)
  Medium: 95 exchanges found, 58 opened, 37 closed (98 compounds → 588 expanded IDs)
  SBML: 78 parameters, 484 genes, 1 objectives, 1388 metabolites (0 boundary, 0 EX added), 1630 reactions (167 exchange, 1193 with genes), biomass: Some("R_EX_cpd11416_c0")
  Medium: 166 exchanges found, 65 opened, 101 closed (81 compounds → 486 expanded IDs)
  SBML: 71 parameters, 172 genes, 1 objectives, 889 metabolites (0 boundary, 0 EX added), 995 reactions (132 exchange, 603 with genes), biomass: Some("R_EX_cpd11416_c0")
  Medium: 131 exchanges found, 57 opened, 74 closed (81 compounds → 486 expanded IDs)
  Medium: 131 exchanges found, 59 opened, 72 closed (83 compounds → 498 expanded IDs)
  Medium: 166 exchanges found, 66 opened, 100 closed (83 compounds → 498 expanded IDs)
  Medium: 131 exchanges found, 59 opened, 72 closed (84 compounds → 504 expanded IDs)
  Medium: 166 exchanges found, 66 opened, 100 closed (84 compounds → 504 expanded IDs)
  Medium: 166 exchanges found, 68 opened, 98 closed (87 compounds → 522 expanded IDs)
  Medium: 131 exchanges found, 61 opened, 70 closed (87 compounds → 522 expanded IDs)
  Medium: 131 exchanges found, 63 opened, 68 closed (89 compounds → 534 expanded IDs)
  Medium: 166 exchanges found, 70 opened, 96 closed (89 compounds → 534 expanded IDs)
  Medium: 131 exchanges found, 64 opened, 67 closed (91 compounds → 546 expanded IDs)
  Medium: 131 exchanges found, 67 opened, 64 closed (94 compounds → 564 expanded IDs)
  Medium: 166 exchanges found, 71 opened, 95 closed (91 compounds → 546 expanded IDs)
  Medium: 131 exchanges found, 68 opened, 63 closed (95 compounds → 570 expanded IDs)
  Medium: 131 exchanges found, 69 opened, 62 closed (96 compounds → 576 expanded IDs)
  Medium: 166 exchanges found, 74 opened, 92 closed (94 compounds → 564 expanded IDs)
  Medium: 131 exchanges found, 70 opened, 61 closed (98 compounds → 588 expanded IDs)
  Medium: 166 exchanges found, 75 opened, 91 closed (95 compounds → 570 expanded IDs)
  SBML: 81 parameters, 511 genes, 1 objectives, 1520 metabolites (0 boundary, 0 EX added), 1753 reactions (170 exchange, 1255 with genes), biomass: Some("R_EX_cpd11416_c0")
  Medium: 169 exchanges found, 67 opened, 102 closed (81 compounds → 486 expanded IDs)
  Medium: 166 exchanges found, 76 opened, 90 closed (96 compounds → 576 expanded IDs)
  Medium: 169 exchanges found, 69 opened, 100 closed (83 compounds → 498 expanded IDs)
  Medium: 166 exchanges found, 77 opened, 89 closed (98 compounds → 588 expanded IDs)
  Medium: 169 exchanges found, 69 opened, 100 closed (84 compounds → 504 expanded IDs)
  Medium: 169 exchanges found, 71 opened, 98 closed (87 compounds → 522 expanded IDs)
  Medium: 169 exchanges found, 73 opened, 96 closed (89 compounds → 534 expanded IDs)
  Medium: 169 exchanges found, 74 opened, 95 closed (91 compounds → 546 expanded IDs)
  Medium: 169 exchanges found, 77 opened, 92 closed (94 compounds → 564 expanded IDs)
  Medium: 169 exchanges found, 78 opened, 91 closed (95 compounds → 570 expanded IDs)
  Medium: 169 exchanges found, 79 opened, 90 closed (96 compounds → 576 expanded IDs)
  Medium: 169 exchanges found, 80 opened, 89 closed (98 compounds → 588 expanded IDs)
  SBML: 67 parameters, 369 genes, 1 objectives, 1381 metabolites (0 boundary, 0 EX added), 1581 reactions (143 exchange, 1145 with genes), biomass: Some("R_EX_cpd11416_c0")
  Medium: 142 exchanges found, 55 opened, 87 closed (81 compounds → 486 expanded IDs)
  Medium: 142 exchanges found, 56 opened, 86 closed (83 compounds → 498 expanded IDs)
  Medium: 142 exchanges found, 56 opened, 86 closed (84 compounds → 504 expanded IDs)
  Medium: 142 exchanges found, 58 opened, 84 closed (87 compounds → 522 expanded IDs)
  Medium: 142 exchanges found, 60 opened, 82 closed (89 compounds → 534 expanded IDs)
  Medium: 142 exchanges found, 61 opened, 81 closed (91 compounds → 546 expanded IDs)
  Medium: 142 exchanges found, 63 opened, 79 closed (94 compounds → 564 expanded IDs)
  Medium: 142 exchanges found, 64 opened, 78 closed (95 compounds → 570 expanded IDs)
  Medium: 142 exchanges found, 64 opened, 78 closed (96 compounds → 576 expanded IDs)
  Medium: 142 exchanges found, 65 opened, 77 closed (98 compounds → 588 expanded IDs)
  SBML: 34 parameters, 258 genes, 1 objectives, 933 metabolites (0 boundary, 0 EX added), 940 reactions (103 exchange, 602 with genes), biomass: Some("R_EX_cpd11416_c0")
  Medium: 102 exchanges found, 55 opened, 47 closed (81 compounds → 486 expanded IDs)
  Medium: 102 exchanges found, 55 opened, 47 closed (83 compounds → 498 expanded IDs)
  Medium: 102 exchanges found, 55 opened, 47 closed (84 compounds → 504 expanded IDs)
  Medium: 102 exchanges found, 55 opened, 47 closed (87 compounds → 522 expanded IDs)
  Medium: 102 exchanges found, 55 opened, 47 closed (89 compounds → 534 expanded IDs)
  Medium: 102 exchanges found, 55 opened, 47 closed (91 compounds → 546 expanded IDs)
  Medium: 102 exchanges found, 55 opened, 47 closed (94 compounds → 564 expanded IDs)
  Medium: 102 exchanges found, 55 opened, 47 closed (95 compounds → 570 expanded IDs)
  Medium: 102 exchanges found, 55 opened, 47 closed (96 compounds → 576 expanded IDs)
  Medium: 102 exchanges found, 55 opened, 47 closed (98 compounds → 588 expanded IDs)

========================================
  fast-mic Single-Species pFBA Benchmark
========================================
Models:              1000
Total load time:     15.2790 s  (0.0153 s/model)
Total pFBA time:     20.0183 s  (0.0200 s/model)
Total wall time:     11.2601 s  (0.0113 s/model)
Peak memory:         152.3 MB
RSS delta:           148.3 MB
