model_id	n_metabolites	n_reactions	n_genes	biomass_rxn	growth_rate	load_time_s	fba_time_s
MGYG000000002__gradient_L0_base_gapseq	1401	1622	530	R_EX_cpd11416_c0	0.428154	0.024367	0.031154
MGYG000000002__gradient_L1_inulin_gapseq	1401	1622	530	R_EX_cpd11416_c0	0.595638	0.024367	0.026712
MGYG000000002__gradient_L2_fos_gapseq	1401	1622	530	R_EX_cpd11416_c0	0.595638	0.024367	0.033615
MGYG000000002__gradient_L3_gos_gapseq	1401	1622	530	R_EX_cpd11416_c0	0.891223	0.024367	0.029825
MGYG000000002__gradient_L4_xos_gapseq	1401	1622	530	R_EX_cpd11416_c0	0.951684	0.024367	0.026524
MGYG000000002__gradient_L5_pectin_gapseq	1401	1622	530	R_EX_cpd11416_c0	0.951684	0.024367	0.036342
MGYG000000002__gradient_L6_resistant_starch_gapseq	1401	1622	530	R_EX_cpd11416_c0	1.515032	0.024367	0.033085
MGYG000000002__gradient_L7_bglucan_gapseq	1401	1622	530	R_EX_cpd11416_c0	1.715172	0.024367	0.028742
MGYG000000002__gradient_L8_hmo_gapseq	1401	1622	530	R_EX_cpd11416_c0	1.857208	0.024367	0.039640
MGYG000000002__gradient_L9_mos_gapseq	1401	1622	530	R_EX_cpd11416_c0	1.857208	0.024367	0.034153
MGYG000000014__gradient_L0_base_gapseq	1784	2176	727	R_EX_cpd11416_c0	1.360836	0.023061	0.047441
MGYG000000014__gradient_L1_inulin_gapseq	1784	2176	727	R_EX_cpd11416_c0	1.654639	0.023061	0.049978
MGYG000000014__gradient_L2_fos_gapseq	1784	2176	727	R_EX_cpd11416_c0	1.654639	0.023061	0.050129
MGYG000000014__gradient_L3_gos_gapseq	1784	2176	727	R_EX_cpd11416_c0	1.963789	0.023061	0.053871
MGYG000000014__gradient_L4_xos_gapseq	1784	2176	727	R_EX_cpd11416_c0	2.122634	0.023061	0.055658
MGYG000000014__gradient_L5_pectin_gapseq	1784	2176	727	R_EX_cpd11416_c0	2.122634	0.023061	0.055800
MGYG000000014__gradient_L6_resistant_starch_gapseq	1784	2176	727	R_EX_cpd11416_c0	2.720846	0.023061	0.053762
MGYG000000014__gradient_L7_bglucan_gapseq	1784	2176	727	R_EX_cpd11416_c0	2.920251	0.023061	0.057916
MGYG000000014__gradient_L8_hmo_gapseq	1784	2176	727	R_EX_cpd11416_c0	3.070526	0.023061	0.053800
MGYG000000014__gradient_L9_mos_gapseq	1784	2176	727	R_EX_cpd11416_c0	3.209242	0.023061	0.050407
MGYG000000030__gradient_L0_base_gapseq	1329	1501	372	R_EX_cpd11416_c0	-0.000000	0.016157	0.009284
MGYG000000030__gradient_L1_inulin_gapseq	1329	1501	372	R_EX_cpd11416_c0	-0.000000	0.016157	0.011485
MGYG000000030__gradient_L2_fos_gapseq	1329	1501	372	R_EX_cpd11416_c0	-0.000000	0.016157	0.009905
MGYG000000030__gradient_L3_gos_gapseq	1329	1501	372	R_EX_cpd11416_c0	0.864462	0.016157	0.029842
MGYG000000030__gradient_L4_xos_gapseq	1329	1501	372	R_EX_cpd11416_c0	0.864462	0.016157	0.027505
MGYG000000030__gradient_L5_pectin_gapseq	1329	1501	372	R_EX_cpd11416_c0	0.864462	0.016157	0.024131
MGYG000000030__gradient_L6_resistant_starch_gapseq	1329	1501	372	R_EX_cpd11416_c0	1.372079	0.016157	0.027954
MGYG000000030__gradient_L7_bglucan_gapseq	1329	1501	372	R_EX_cpd11416_c0	1.553976	0.016157	0.028513
MGYG000000030__gradient_L8_hmo_gapseq	1329	1501	372	R_EX_cpd11416_c0	1.553976	0.016157	0.029628
MGYG000000030__gradient_L9_mos_gapseq	1329	1501	372	R_EX_cpd11416_c0	1.553976	0.016157	0.026617
MGYG000000040__gradient_L0_base_gapseq	1293	1415	361	R_EX_cpd11416_c0	-0.000000	0.021091	0.009490
MGYG000000040__gradient_L1_inulin_gapseq	1293	1415	361	R_EX_cpd11416_c0	-0.000000	0.021091	0.013609
MGYG000000040__gradient_L2_fos_gapseq	1293	1415	361	R_EX_cpd11416_c0	-0.000000	0.021091	0.011153
MGYG000000040__gradient_L3_gos_gapseq	1293	1415	361	R_EX_cpd11416_c0	-0.000000	0.021091	0.010470
MGYG000000040__gradient_L4_xos_gapseq	1293	1415	361	R_EX_cpd11416_c0	-0.000000	0.021091	0.014727
MGYG000000040__gradient_L5_pectin_gapseq	1293	1415	361	R_EX_cpd11416_c0	-0.000000	0.021091	0.012400
MGYG000000040__gradient_L6_resistant_starch_gapseq	1293	1415	361	R_EX_cpd11416_c0	-0.000000	0.021091	0.011048
MGYG000000040__gradient_L7_bglucan_gapseq	1293	1415	361	R_EX_cpd11416_c0	-0.000000	0.021091	0.011568
MGYG000000040__gradient_L8_hmo_gapseq	1293	1415	361	R_EX_cpd11416_c0	-0.000000	0.021091	0.013500
MGYG000000040__gradient_L9_mos_gapseq	1293	1415	361	R_EX_cpd11416_c0	-0.000000	0.021091	0.010308
MGYG000000045__gradient_L0_base_gapseq	1295	1489	385	R_EX_cpd11416_c0	0.648042	0.016156	0.027123
MGYG000000045__gradient_L1_inulin_gapseq	1295	1489	385	R_EX_cpd11416_c0	0.870232	0.016156	0.030291
MGYG000000045__gradient_L2_fos_gapseq	1295	1489	385	R_EX_cpd11416_c0	0.870232	0.016156	0.028554
MGYG000000045__gradient_L3_gos_gapseq	1295	1489	385	R_EX_cpd11416_c0	1.062738	0.016156	0.030234
MGYG000000045__gradient_L4_xos_gapseq	1295	1489	385	R_EX_cpd11416_c0	1.062738	0.016156	0.027340
MGYG000000045__gradient_L5_pectin_gapseq	1295	1489	385	R_EX_cpd11416_c0	1.062738	0.016156	0.028999
MGYG000000045__gradient_L6_resistant_starch_gapseq	1295	1489	385	R_EX_cpd11416_c0	1.524313	0.016156	0.027815
MGYG000000045__gradient_L7_bglucan_gapseq	1295	1489	385	R_EX_cpd11416_c0	1.679672	0.016156	0.028518
MGYG000000045__gradient_L8_hmo_gapseq	1295	1489	385	R_EX_cpd11416_c0	1.679672	0.016156	0.023724
MGYG000000045__gradient_L9_mos_gapseq	1295	1489	385	R_EX_cpd11416_c0	1.787748	0.016156	0.028650
MGYG000000054__gradient_L0_base_gapseq	1395	1680	514	R_EX_cpd11416_c0	1.440287	0.018550	0.033837
MGYG000000054__gradient_L1_inulin_gapseq	1395	1680	514	R_EX_cpd11416_c0	1.588210	0.018550	0.034860
MGYG000000054__gradient_L2_fos_gapseq	1395	1680	514	R_EX_cpd11416_c0	1.588210	0.018550	0.038508
MGYG000000054__gradient_L3_gos_gapseq	1395	1680	514	R_EX_cpd11416_c0	1.699152	0.018550	0.028591
MGYG000000054__gradient_L4_xos_gapseq	1395	1680	514	R_EX_cpd11416_c0	1.790630	0.018550	0.035210
MGYG000000054__gradient_L5_pectin_gapseq	1395	1680	514	R_EX_cpd11416_c0	1.849020	0.018550	0.033189
MGYG000000054__gradient_L6_resistant_starch_gapseq	1395	1680	514	R_EX_cpd11416_c0	2.499963	0.018550	0.033843
MGYG000000054__gradient_L7_bglucan_gapseq	1395	1680	514	R_EX_cpd11416_c0	2.708542	0.018550	0.033649
MGYG000000054__gradient_L8_hmo_gapseq	1395	1680	514	R_EX_cpd11416_c0	2.708542	0.018550	0.031131
MGYG000000054__gradient_L9_mos_gapseq	1395	1680	514	R_EX_cpd11416_c0	2.844029	0.018550	0.032266
MGYG000000055__gradient_L0_base_gapseq	1288	1495	375	R_EX_cpd11416_c0	-0.000000	0.019870	0.010455
MGYG000000055__gradient_L1_inulin_gapseq	1288	1495	375	R_EX_cpd11416_c0	-0.000000	0.019870	0.009620
MGYG000000055__gradient_L2_fos_gapseq	1288	1495	375	R_EX_cpd11416_c0	-0.000000	0.019870	0.010039
MGYG000000055__gradient_L3_gos_gapseq	1288	1495	375	R_EX_cpd11416_c0	-0.000000	0.019870	0.009853
MGYG000000055__gradient_L4_xos_gapseq	1288	1495	375	R_EX_cpd11416_c0	-0.000000	0.019870	0.009876
MGYG000000055__gradient_L5_pectin_gapseq	1288	1495	375	R_EX_cpd11416_c0	-0.000000	0.019870	0.009656
MGYG000000055__gradient_L6_resistant_starch_gapseq	1288	1495	375	R_EX_cpd11416_c0	-0.000000	0.019870	0.015196
MGYG000000055__gradient_L7_bglucan_gapseq	1288	1495	375	R_EX_cpd11416_c0	-0.000000	0.019870	0.009672
MGYG000000055__gradient_L8_hmo_gapseq	1288	1495	375	R_EX_cpd11416_c0	-0.000000	0.019870	0.009863
MGYG000000055__gradient_L9_mos_gapseq	1288	1495	375	R_EX_cpd11416_c0	-0.000000	0.019870	0.010008
MGYG000000059__gradient_L0_base_gapseq	1359	1483	384	R_EX_cpd11416_c0	-0.000000	0.016347	0.010412
MGYG000000059__gradient_L1_inulin_gapseq	1359	1483	384	R_EX_cpd11416_c0	-0.000000	0.016347	0.010498
MGYG000000059__gradient_L2_fos_gapseq	1359	1483	384	R_EX_cpd11416_c0	-0.000000	0.016347	0.013824
MGYG000000059__gradient_L3_gos_gapseq	1359	1483	384	R_EX_cpd11416_c0	-0.000000	0.016347	0.011775
MGYG000000059__gradient_L4_xos_gapseq	1359	1483	384	R_EX_cpd11416_c0	0.852436	0.016347	0.030852
MGYG000000059__gradient_L5_pectin_gapseq	1359	1483	384	R_EX_cpd11416_c0	0.852436	0.016347	0.025595
MGYG000000059__gradient_L6_resistant_starch_gapseq	1359	1483	384	R_EX_cpd11416_c0	0.989840	0.016347	0.032800
MGYG000000059__gradient_L7_bglucan_gapseq	1359	1483	384	R_EX_cpd11416_c0	0.989840	0.016347	0.026635
MGYG000000059__gradient_L8_hmo_gapseq	1359	1483	384	R_EX_cpd11416_c0	0.989840	0.016347	0.025948
MGYG000000059__gradient_L9_mos_gapseq	1359	1483	384	R_EX_cpd11416_c0	0.989840	0.016347	0.035122
MGYG000000062__gradient_L0_base_gapseq	1370	1580	463	R_EX_cpd11416_c0	0.720512	0.017995	0.030537
MGYG000000062__gradient_L1_inulin_gapseq	1370	1580	463	R_EX_cpd11416_c0	1.083418	0.017995	0.038397
MGYG000000062__gradient_L2_fos_gapseq	1370	1580	463	R_EX_cpd11416_c0	1.083418	0.017995	0.027476
MGYG000000062__gradient_L3_gos_gapseq	1370	1580	463	R_EX_cpd11416_c0	1.190639	0.017995	0.037445
MGYG000000062__gradient_L4_xos_gapseq	1370	1580	463	R_EX_cpd11416_c0	1.190639	0.017995	0.027537
MGYG000000062__gradient_L5_pectin_gapseq	1370	1580	463	R_EX_cpd11416_c0	1.190639	0.017995	0.031036
MGYG000000062__gradient_L6_resistant_starch_gapseq	1370	1580	463	R_EX_cpd11416_c0	1.358830	0.017995	0.031635
MGYG000000062__gradient_L7_bglucan_gapseq	1370	1580	463	R_EX_cpd11416_c0	1.604809	0.017995	0.037052
MGYG000000062__gradient_L8_hmo_gapseq	1370	1580	463	R_EX_cpd11416_c0	1.604809	0.017995	0.026493
MGYG000000062__gradient_L9_mos_gapseq	1370	1580	463	R_EX_cpd11416_c0	1.772999	0.017995	0.035457
MGYG000000072__gradient_L0_base_gapseq	1263	1324	314	R_EX_cpd11416_c0	0.379587	0.014412	0.020899
MGYG000000072__gradient_L1_inulin_gapseq	1263	1324	314	R_EX_cpd11416_c0	0.534524	0.014412	0.021144
MGYG000000072__gradient_L2_fos_gapseq	1263	1324	314	R_EX_cpd11416_c0	0.534524	0.014412	0.023794
MGYG000000072__gradient_L3_gos_gapseq	1263	1324	314	R_EX_cpd11416_c0	0.836652	0.014412	0.018412
MGYG000000072__gradient_L4_xos_gapseq	1263	1324	314	R_EX_cpd11416_c0	0.836652	0.014412	0.023884
MGYG000000072__gradient_L5_pectin_gapseq	1263	1324	314	R_EX_cpd11416_c0	0.836652	0.014412	0.021496
MGYG000000072__gradient_L6_resistant_starch_gapseq	1263	1324	314	R_EX_cpd11416_c0	0.991590	0.014412	0.021443
MGYG000000072__gradient_L7_bglucan_gapseq	1263	1324	314	R_EX_cpd11416_c0	1.208192	0.014412	0.024242
MGYG000000072__gradient_L8_hmo_gapseq	1263	1324	314	R_EX_cpd11416_c0	1.208192	0.014412	0.019394
MGYG000000072__gradient_L9_mos_gapseq	1263	1324	314	R_EX_cpd11416_c0	1.208192	0.014412	0.025872
MGYG000000077__gradient_L0_base_gapseq	1443	1619	435	R_EX_cpd11416_c0	-0.000000	0.017951	0.010647
MGYG000000077__gradient_L1_inulin_gapseq	1443	1619	435	R_EX_cpd11416_c0	-0.000000	0.017951	0.014861
MGYG000000077__gradient_L2_fos_gapseq	1443	1619	435	R_EX_cpd11416_c0	-0.000000	0.017951	0.021342
MGYG000000077__gradient_L3_gos_gapseq	1443	1619	435	R_EX_cpd11416_c0	0.975911	0.017951	0.025772
MGYG000000077__gradient_L4_xos_gapseq	1443	1619	435	R_EX_cpd11416_c0	0.975911	0.017951	0.032008
MGYG000000077__gradient_L5_pectin_gapseq	1443	1619	435	R_EX_cpd11416_c0	0.975911	0.017951	0.031387
MGYG000000077__gradient_L6_resistant_starch_gapseq	1443	1619	435	R_EX_cpd11416_c0	1.121214	0.017951	0.029031
MGYG000000077__gradient_L7_bglucan_gapseq	1443	1619	435	R_EX_cpd11416_c0	1.121214	0.017951	0.030268
MGYG000000077__gradient_L8_hmo_gapseq	1443	1619	435	R_EX_cpd11416_c0	1.121214	0.017951	0.028808
MGYG000000077__gradient_L9_mos_gapseq	1443	1619	435	R_EX_cpd11416_c0	1.266180	0.017951	0.032026
MGYG000000078__gradient_L0_base_gapseq	1345	1481	380	R_EX_cpd11416_c0	-0.000000	0.016262	0.014008
MGYG000000078__gradient_L1_inulin_gapseq	1345	1481	380	R_EX_cpd11416_c0	-0.000000	0.016262	0.009360
MGYG000000078__gradient_L2_fos_gapseq	1345	1481	380	R_EX_cpd11416_c0	-0.000000	0.016262	0.009013
MGYG000000078__gradient_L3_gos_gapseq	1345	1481	380	R_EX_cpd11416_c0	0.573378	0.016262	0.023243
MGYG000000078__gradient_L4_xos_gapseq	1345	1481	380	R_EX_cpd11416_c0	0.573378	0.016262	0.026909
MGYG000000078__gradient_L5_pectin_gapseq	1345	1481	380	R_EX_cpd11416_c0	0.573378	0.016262	0.022515
MGYG000000078__gradient_L6_resistant_starch_gapseq	1345	1481	380	R_EX_cpd11416_c0	1.001525	0.016262	0.029647
MGYG000000078__gradient_L7_bglucan_gapseq	1345	1481	380	R_EX_cpd11416_c0	1.001525	0.016262	0.027904
MGYG000000078__gradient_L8_hmo_gapseq	1345	1481	380	R_EX_cpd11416_c0	1.001525	0.016262	0.030790
MGYG000000078__gradient_L9_mos_gapseq	1345	1481	380	R_EX_cpd11416_c0	1.072117	0.016262	0.021972
MGYG000000082__gradient_L0_base_gapseq	1761	1936	592	R_EX_cpd11416_c0	0.421917	0.022200	0.039607
MGYG000000082__gradient_L1_inulin_gapseq	1761	1936	592	R_EX_cpd11416_c0	0.546649	0.022200	0.044931
MGYG000000082__gradient_L2_fos_gapseq	1761	1936	592	R_EX_cpd11416_c0	0.546649	0.022200	0.046653
MGYG000000082__gradient_L3_gos_gapseq	1761	1936	592	R_EX_cpd11416_c0	0.546649	0.022200	0.044237
MGYG000000082__gradient_L4_xos_gapseq	1761	1936	592	R_EX_cpd11416_c0	0.546649	0.022200	0.050163
MGYG000000082__gradient_L5_pectin_gapseq	1761	1936	592	R_EX_cpd11416_c0	0.546649	0.022200	0.045710
MGYG000000082__gradient_L6_resistant_starch_gapseq	1761	1936	592	R_EX_cpd11416_c0	0.642744	0.022200	0.045177
MGYG000000082__gradient_L7_bglucan_gapseq	1761	1936	592	R_EX_cpd11416_c0	0.642744	0.022200	0.044104
MGYG000000082__gradient_L8_hmo_gapseq	1761	1936	592	R_EX_cpd11416_c0	0.642744	0.022200	0.044298
MGYG000000082__gradient_L9_mos_gapseq	1761	1936	592	R_EX_cpd11416_c0	0.642744	0.022200	0.043935
MGYG000000088__gradient_L0_base_gapseq	1472	1756	398	R_EX_cpd11416_c0	0.656396	0.021920	0.031622
MGYG000000088__gradient_L1_inulin_gapseq	1472	1756	398	R_EX_cpd11416_c0	0.872200	0.021920	0.030622
MGYG000000088__gradient_L2_fos_gapseq	1472	1756	398	R_EX_cpd11416_c0	0.872200	0.021920	0.035275
MGYG000000088__gradient_L3_gos_gapseq	1472	1756	398	R_EX_cpd11416_c0	1.086342	0.021920	0.031605
MGYG000000088__gradient_L4_xos_gapseq	1472	1756	398	R_EX_cpd11416_c0	1.086342	0.021920	0.036275
MGYG000000088__gradient_L5_pectin_gapseq	1472	1756	398	R_EX_cpd11416_c0	1.086342	0.021920	0.036070
MGYG000000088__gradient_L6_resistant_starch_gapseq	1472	1756	398	R_EX_cpd11416_c0	1.538988	0.021920	0.037741
MGYG000000088__gradient_L7_bglucan_gapseq	1472	1756	398	R_EX_cpd11416_c0	1.538988	0.021920	0.034533
MGYG000000088__gradient_L8_hmo_gapseq	1472	1756	398	R_EX_cpd11416_c0	1.538988	0.021920	0.044889
MGYG000000088__gradient_L9_mos_gapseq	1472	1756	398	R_EX_cpd11416_c0	1.644974	0.021920	0.037616
MGYG000000092__gradient_L0_base_gapseq	1395	1626	469	R_EX_cpd11416_c0	-0.000000	0.017966	0.011487
MGYG000000092__gradient_L1_inulin_gapseq	1395	1626	469	R_EX_cpd11416_c0	-0.000000	0.017966	0.011274
MGYG000000092__gradient_L2_fos_gapseq	1395	1626	469	R_EX_cpd11416_c0	-0.000000	0.017966	0.010915
MGYG000000092__gradient_L3_gos_gapseq	1395	1626	469	R_EX_cpd11416_c0	-0.000000	0.017966	0.012188
MGYG000000092__gradient_L4_xos_gapseq	1395	1626	469	R_EX_cpd11416_c0	1.389448	0.017966	0.027262
MGYG000000092__gradient_L5_pectin_gapseq	1395	1626	469	R_EX_cpd11416_c0	1.389448	0.017966	0.032306
MGYG000000092__gradient_L6_resistant_starch_gapseq	1395	1626	469	R_EX_cpd11416_c0	1.989884	0.017966	0.028091
MGYG000000092__gradient_L7_bglucan_gapseq	1395	1626	469	R_EX_cpd11416_c0	2.191475	0.017966	0.028125
MGYG000000092__gradient_L8_hmo_gapseq	1395	1626	469	R_EX_cpd11416_c0	2.334539	0.017966	0.031120
MGYG000000092__gradient_L9_mos_gapseq	1395	1626	469	R_EX_cpd11416_c0	2.334539	0.017966	0.027343
MGYG000000100__gradient_L0_base_gapseq	1374	1529	436	R_EX_cpd11416_c0	0.799313	0.016502	0.032248
MGYG000000100__gradient_L1_inulin_gapseq	1374	1529	436	R_EX_cpd11416_c0	0.982234	0.016502	0.031339
MGYG000000100__gradient_L2_fos_gapseq	1374	1529	436	R_EX_cpd11416_c0	0.982234	0.016502	0.027299
MGYG000000100__gradient_L3_gos_gapseq	1374	1529	436	R_EX_cpd11416_c0	0.982234	0.016502	0.031845
MGYG000000100__gradient_L4_xos_gapseq	1374	1529	436	R_EX_cpd11416_c0	0.982234	0.016502	0.027045
MGYG000000100__gradient_L5_pectin_gapseq	1374	1529	436	R_EX_cpd11416_c0	0.982234	0.016502	0.027086
MGYG000000100__gradient_L6_resistant_starch_gapseq	1374	1529	436	R_EX_cpd11416_c0	1.147671	0.016502	0.035198
MGYG000000100__gradient_L7_bglucan_gapseq	1374	1529	436	R_EX_cpd11416_c0	1.147671	0.016502	0.031787
MGYG000000100__gradient_L8_hmo_gapseq	1374	1529	436	R_EX_cpd11416_c0	1.147671	0.016502	0.031180
MGYG000000100__gradient_L9_mos_gapseq	1374	1529	436	R_EX_cpd11416_c0	1.312805	0.016502	0.027582
MGYG000000109__gradient_L0_base_gapseq	1405	1650	395	R_EX_cpd11416_c0	0.511984	0.016908	0.031436
MGYG000000109__gradient_L1_inulin_gapseq	1405	1650	395	R_EX_cpd11416_c0	0.697322	0.016908	0.028453
MGYG000000109__gradient_L2_fos_gapseq	1405	1650	395	R_EX_cpd11416_c0	0.697322	0.016908	0.033256
MGYG000000109__gradient_L3_gos_gapseq	1405	1650	395	R_EX_cpd11416_c0	0.864125	0.016908	0.032729
MGYG000000109__gradient_L4_xos_gapseq	1405	1650	395	R_EX_cpd11416_c0	0.891926	0.016908	0.033493
MGYG000000109__gradient_L5_pectin_gapseq	1405	1650	395	R_EX_cpd11416_c0	0.891926	0.016908	0.030434
MGYG000000109__gradient_L6_resistant_starch_gapseq	1405	1650	395	R_EX_cpd11416_c0	1.283451	0.016908	0.028193
MGYG000000109__gradient_L7_bglucan_gapseq	1405	1650	395	R_EX_cpd11416_c0	1.283451	0.016908	0.039981
MGYG000000109__gradient_L8_hmo_gapseq	1405	1650	395	R_EX_cpd11416_c0	1.283451	0.016908	0.033849
MGYG000000109__gradient_L9_mos_gapseq	1405	1650	395	R_EX_cpd11416_c0	1.376120	0.016908	0.030259
MGYG000000128__gradient_L0_base_gapseq	1104	1181	270	R_EX_cpd11416_c0	0.205899	0.013877	0.025782
MGYG000000128__gradient_L1_inulin_gapseq	1104	1181	270	R_EX_cpd11416_c0	0.360524	0.013877	0.017890
MGYG000000128__gradient_L2_fos_gapseq	1104	1181	270	R_EX_cpd11416_c0	0.360524	0.013877	0.017885
MGYG000000128__gradient_L3_gos_gapseq	1104	1181	270	R_EX_cpd11416_c0	0.468684	0.013877	0.017875
MGYG000000128__gradient_L4_xos_gapseq	1104	1181	270	R_EX_cpd11416_c0	0.468684	0.013877	0.016967
MGYG000000128__gradient_L5_pectin_gapseq	1104	1181	270	R_EX_cpd11416_c0	0.468684	0.013877	0.017830
MGYG000000128__gradient_L6_resistant_starch_gapseq	1104	1181	270	R_EX_cpd11416_c0	0.612898	0.013877	0.020931
MGYG000000128__gradient_L7_bglucan_gapseq	1104	1181	270	R_EX_cpd11416_c0	0.612898	0.013877	0.016902
MGYG000000128__gradient_L8_hmo_gapseq	1104	1181	270	R_EX_cpd11416_c0	0.612898	0.013877	0.021586
MGYG000000128__gradient_L9_mos_gapseq	1104	1181	270	R_EX_cpd11416_c0	0.757111	0.013877	0.018123
MGYG000000137__gradient_L0_base_gapseq	1371	1616	496	R_EX_cpd11416_c0	-0.000000	0.018635	0.011407
MGYG000000137__gradient_L1_inulin_gapseq	1371	1616	496	R_EX_cpd11416_c0	-0.000000	0.018635	0.016522
MGYG000000137__gradient_L2_fos_gapseq	1371	1616	496	R_EX_cpd11416_c0	-0.000000	0.018635	0.011025
MGYG000000137__gradient_L3_gos_gapseq	1371	1616	496	R_EX_cpd11416_c0	1.389609	0.018635	0.026707
MGYG000000137__gradient_L4_xos_gapseq	1371	1616	496	R_EX_cpd11416_c0	1.409397	0.018635	0.031986
MGYG000000137__gradient_L5_pectin_gapseq	1371	1616	496	R_EX_cpd11416_c0	1.409397	0.018635	0.033027
MGYG000000137__gradient_L6_resistant_starch_gapseq	1371	1616	496	R_EX_cpd11416_c0	2.021319	0.018635	0.034741
MGYG000000137__gradient_L7_bglucan_gapseq	1371	1616	496	R_EX_cpd11416_c0	2.226765	0.018635	0.032323
MGYG000000137__gradient_L8_hmo_gapseq	1371	1616	496	R_EX_cpd11416_c0	2.226765	0.018635	0.027141
MGYG000000137__gradient_L9_mos_gapseq	1371	1616	496	R_EX_cpd11416_c0	2.226765	0.018635	0.033704
MGYG000000143__gradient_L0_base_gapseq	1288	1543	435	R_EX_cpd11416_c0	0.990544	0.016512	0.031178
MGYG000000143__gradient_L1_inulin_gapseq	1288	1543	435	R_EX_cpd11416_c0	1.328319	0.016512	0.029814
MGYG000000143__gradient_L2_fos_gapseq	1288	1543	435	R_EX_cpd11416_c0	1.328319	0.016512	0.030288
MGYG000000143__gradient_L3_gos_gapseq	1288	1543	435	R_EX_cpd11416_c0	1.676582	0.016512	0.029653
MGYG000000143__gradient_L4_xos_gapseq	1288	1543	435	R_EX_cpd11416_c0	1.676582	0.016512	0.024677
MGYG000000143__gradient_L5_pectin_gapseq	1288	1543	435	R_EX_cpd11416_c0	1.676582	0.016512	0.034692
MGYG000000143__gradient_L6_resistant_starch_gapseq	1288	1543	435	R_EX_cpd11416_c0	2.413212	0.016512	0.024585
MGYG000000143__gradient_L7_bglucan_gapseq	1288	1543	435	R_EX_cpd11416_c0	2.660163	0.016512	0.032757
MGYG000000143__gradient_L8_hmo_gapseq	1288	1543	435	R_EX_cpd11416_c0	2.837460	0.016512	0.033993
MGYG000000143__gradient_L9_mos_gapseq	1288	1543	435	R_EX_cpd11416_c0	3.006048	0.016512	0.031796
MGYG000000148__gradient_L0_base_gapseq	1391	1624	433	R_EX_cpd11416_c0	-0.000000	0.018036	0.011173
MGYG000000148__gradient_L1_inulin_gapseq	1391	1624	433	R_EX_cpd11416_c0	-0.000000	0.018036	0.011243
MGYG000000148__gradient_L2_fos_gapseq	1391	1624	433	R_EX_cpd11416_c0	-0.000000	0.018036	0.010989
MGYG000000148__gradient_L3_gos_gapseq	1391	1624	433	R_EX_cpd11416_c0	1.816215	0.018036	0.028951
MGYG000000148__gradient_L4_xos_gapseq	1391	1624	433	R_EX_cpd11416_c0	1.854406	0.018036	0.031666
MGYG000000148__gradient_L5_pectin_gapseq	1391	1624	433	R_EX_cpd11416_c0	1.854406	0.018036	0.032296
MGYG000000148__gradient_L6_resistant_starch_gapseq	1391	1624	433	R_EX_cpd11416_c0	2.585499	0.018036	0.036860
MGYG000000148__gradient_L7_bglucan_gapseq	1391	1624	433	R_EX_cpd11416_c0	2.823504	0.018036	0.041310
MGYG000000148__gradient_L8_hmo_gapseq	1391	1624	433	R_EX_cpd11416_c0	2.990311	0.018036	0.028636
MGYG000000148__gradient_L9_mos_gapseq	1391	1624	433	R_EX_cpd11416_c0	2.990311	0.018036	0.041734
MGYG000000157__gradient_L0_base_gapseq	1412	1667	499	R_EX_cpd11416_c0	1.621030	0.018334	0.034417
MGYG000000157__gradient_L1_inulin_gapseq	1412	1667	499	R_EX_cpd11416_c0	1.789888	0.018334	0.035354
MGYG000000157__gradient_L2_fos_gapseq	1412	1667	499	R_EX_cpd11416_c0	1.789888	0.018334	0.029665
MGYG000000157__gradient_L3_gos_gapseq	1412	1667	499	R_EX_cpd11416_c0	2.138158	0.018334	0.033575
MGYG000000157__gradient_L4_xos_gapseq	1412	1667	499	R_EX_cpd11416_c0	2.176151	0.018334	0.035140
MGYG000000157__gradient_L5_pectin_gapseq	1412	1667	499	R_EX_cpd11416_c0	2.176151	0.018334	0.029604
MGYG000000157__gradient_L6_resistant_starch_gapseq	1412	1667	499	R_EX_cpd11416_c0	2.912796	0.018334	0.035601
MGYG000000157__gradient_L7_bglucan_gapseq	1412	1667	499	R_EX_cpd11416_c0	2.912796	0.018334	0.029847
MGYG000000157__gradient_L8_hmo_gapseq	1412	1667	499	R_EX_cpd11416_c0	2.912796	0.018334	0.034656
MGYG000000157__gradient_L9_mos_gapseq	1412	1667	499	R_EX_cpd11416_c0	2.912796	0.018334	0.028710
MGYG000000161__gradient_L0_base_gapseq	1236	1431	330	R_EX_cpd11416_c0	0.387044	0.015095	0.026579
MGYG000000161__gradient_L1_inulin_gapseq	1236	1431	330	R_EX_cpd11416_c0	0.545836	0.015095	0.026317
MGYG000000161__gradient_L2_fos_gapseq	1236	1431	330	R_EX_cpd11416_c0	0.545836	0.015095	0.021644
MGYG000000161__gradient_L3_gos_gapseq	1236	1431	330	R_EX_cpd11416_c0	0.709590	0.015095	0.022099
MGYG000000161__gradient_L4_xos_gapseq	1236	1431	330	R_EX_cpd11416_c0	0.709590	0.015095	0.025743
MGYG000000161__gradient_L5_pectin_gapseq	1236	1431	330	R_EX_cpd11416_c0	0.709590	0.015095	0.027264
MGYG000000161__gradient_L6_resistant_starch_gapseq	1236	1431	330	R_EX_cpd11416_c0	1.067172	0.015095	0.022535
MGYG000000161__gradient_L7_bglucan_gapseq	1236	1431	330	R_EX_cpd11416_c0	1.067172	0.015095	0.029015
MGYG000000161__gradient_L8_hmo_gapseq	1236	1431	330	R_EX_cpd11416_c0	1.067172	0.015095	0.028206
MGYG000000161__gradient_L9_mos_gapseq	1236	1431	330	R_EX_cpd11416_c0	1.144260	0.015095	0.026864
MGYG000000163__gradient_L0_base_gapseq	1487	1779	439	R_EX_cpd11416_c0	0.701155	0.023599	0.038101
MGYG000000163__gradient_L1_inulin_gapseq	1487	1779	439	R_EX_cpd11416_c0	0.917481	0.023599	0.036810
MGYG000000163__gradient_L2_fos_gapseq	1487	1779	439	R_EX_cpd11416_c0	0.917481	0.023599	0.032201
MGYG000000163__gradient_L3_gos_gapseq	1487	1779	439	R_EX_cpd11416_c0	1.103975	0.023599	0.036836
MGYG000000163__gradient_L4_xos_gapseq	1487	1779	439	R_EX_cpd11416_c0	1.117223	0.023599	0.032064
MGYG000000163__gradient_L5_pectin_gapseq	1487	1779	439	R_EX_cpd11416_c0	1.117223	0.023599	0.032601
MGYG000000163__gradient_L6_resistant_starch_gapseq	1487	1779	439	R_EX_cpd11416_c0	1.596352	0.023599	0.036560
MGYG000000163__gradient_L7_bglucan_gapseq	1487	1779	439	R_EX_cpd11416_c0	1.748702	0.023599	0.037611
MGYG000000163__gradient_L8_hmo_gapseq	1487	1779	439	R_EX_cpd11416_c0	1.748702	0.023599	0.040294
MGYG000000163__gradient_L9_mos_gapseq	1487	1779	439	R_EX_cpd11416_c0	1.854685	0.023599	0.037064
MGYG000000167__gradient_L0_base_gapseq	1158	1295	322	R_EX_cpd11416_c0	0.382421	0.013846	0.019591
MGYG000000167__gradient_L1_inulin_gapseq	1158	1295	322	R_EX_cpd11416_c0	0.573637	0.013846	0.025901
MGYG000000167__gradient_L2_fos_gapseq	1158	1295	322	R_EX_cpd11416_c0	0.573637	0.013846	0.020194
MGYG000000167__gradient_L3_gos_gapseq	1158	1295	322	R_EX_cpd11416_c0	0.745731	0.013846	0.025180
MGYG000000167__gradient_L4_xos_gapseq	1158	1295	322	R_EX_cpd11416_c0	0.745731	0.013846	0.020753
MGYG000000167__gradient_L5_pectin_gapseq	1158	1295	322	R_EX_cpd11416_c0	0.745731	0.013846	0.025285
MGYG000000167__gradient_L6_resistant_starch_gapseq	1158	1295	322	R_EX_cpd11416_c0	1.146745	0.013846	0.022693
MGYG000000167__gradient_L7_bglucan_gapseq	1158	1295	322	R_EX_cpd11416_c0	1.146745	0.013846	0.030259
MGYG000000167__gradient_L8_hmo_gapseq	1158	1295	322	R_EX_cpd11416_c0	1.146745	0.013846	0.019985
MGYG000000167__gradient_L9_mos_gapseq	1158	1295	322	R_EX_cpd11416_c0	1.240549	0.013846	0.025117
MGYG000000171__gradient_L0_base_gapseq	1416	1671	485	R_EX_cpd11416_c0	0.974537	0.018243	0.034704
MGYG000000171__gradient_L1_inulin_gapseq	1416	1671	485	R_EX_cpd11416_c0	1.117935	0.018243	0.034471
MGYG000000171__gradient_L2_fos_gapseq	1416	1671	485	R_EX_cpd11416_c0	1.117935	0.018243	0.034635
MGYG000000171__gradient_L3_gos_gapseq	1416	1671	485	R_EX_cpd11416_c0	1.431108	0.018243	0.033713
MGYG000000171__gradient_L4_xos_gapseq	1416	1671	485	R_EX_cpd11416_c0	1.484414	0.018243	0.029657
MGYG000000171__gradient_L5_pectin_gapseq	1416	1671	485	R_EX_cpd11416_c0	1.484414	0.018243	0.038702
MGYG000000171__gradient_L6_resistant_starch_gapseq	1416	1671	485	R_EX_cpd11416_c0	2.099655	0.018243	0.035728
MGYG000000171__gradient_L7_bglucan_gapseq	1416	1671	485	R_EX_cpd11416_c0	2.306215	0.018243	0.034403
MGYG000000171__gradient_L8_hmo_gapseq	1416	1671	485	R_EX_cpd11416_c0	2.452807	0.018243	0.035172
MGYG000000171__gradient_L9_mos_gapseq	1416	1671	485	R_EX_cpd11416_c0	2.452807	0.018243	0.036066
MGYG000000175__gradient_L0_base_gapseq	1657	1946	670	R_EX_cpd11416_c0	-0.000000	0.021912	0.020515
MGYG000000175__gradient_L1_inulin_gapseq	1657	1946	670	R_EX_cpd11416_c0	-0.000000	0.021912	0.014765
MGYG000000175__gradient_L2_fos_gapseq	1657	1946	670	R_EX_cpd11416_c0	-0.000000	0.021912	0.019212
MGYG000000175__gradient_L3_gos_gapseq	1657	1946	670	R_EX_cpd11416_c0	-0.000000	0.021912	0.014043
MGYG000000175__gradient_L4_xos_gapseq	1657	1946	670	R_EX_cpd11416_c0	-0.000000	0.021912	0.017626
MGYG000000175__gradient_L5_pectin_gapseq	1657	1946	670	R_EX_cpd11416_c0	-0.000000	0.021912	0.026539
MGYG000000175__gradient_L6_resistant_starch_gapseq	1657	1946	670	R_EX_cpd11416_c0	-0.000000	0.021912	0.019188
MGYG000000175__gradient_L7_bglucan_gapseq	1657	1946	670	R_EX_cpd11416_c0	-0.000000	0.021912	0.018093
MGYG000000175__gradient_L8_hmo_gapseq	1657	1946	670	R_EX_cpd11416_c0	-0.000000	0.021912	0.014695
MGYG000000175__gradient_L9_mos_gapseq	1657	1946	670	R_EX_cpd11416_c0	-0.000000	0.021912	0.014887
MGYG000000176__gradient_L0_base_gapseq	1715	1994	811	R_EX_cpd11416_c0	1.530278	0.022385	0.041735
MGYG000000176__gradient_L1_inulin_gapseq	1715	1994	811	R_EX_cpd11416_c0	1.868850	0.022385	0.040655
MGYG000000176__gradient_L2_fos_gapseq	1715	1994	811	R_EX_cpd11416_c0	1.868850	0.022385	0.036711
MGYG000000176__gradient_L3_gos_gapseq	1715	1994	811	R_EX_cpd11416_c0	2.201375	0.022385	0.046331
MGYG000000176__gradient_L4_xos_gapseq	1715	1994	811	R_EX_cpd11416_c0	2.390106	0.022385	0.035966
MGYG000000176__gradient_L5_pectin_gapseq	1715	1994	811	R_EX_cpd11416_c0	2.390106	0.022385	0.040341
MGYG000000176__gradient_L6_resistant_starch_gapseq	1715	1994	811	R_EX_cpd11416_c0	3.095995	0.022385	0.039434
MGYG000000176__gradient_L7_bglucan_gapseq	1715	1994	811	R_EX_cpd11416_c0	3.324773	0.022385	0.043421
MGYG000000176__gradient_L8_hmo_gapseq	1715	1994	811	R_EX_cpd11416_c0	3.485113	0.022385	0.046634
MGYG000000176__gradient_L9_mos_gapseq	1715	1994	811	R_EX_cpd11416_c0	3.641543	0.022385	0.041633
MGYG000000187__gradient_L0_base_gapseq	1332	1460	374	R_EX_cpd11416_c0	-0.000000	0.016088	0.008607
MGYG000000187__gradient_L1_inulin_gapseq	1332	1460	374	R_EX_cpd11416_c0	-0.000000	0.016088	0.013636
MGYG000000187__gradient_L2_fos_gapseq	1332	1460	374	R_EX_cpd11416_c0	-0.000000	0.016088	0.013955
MGYG000000187__gradient_L3_gos_gapseq	1332	1460	374	R_EX_cpd11416_c0	0.856756	0.016088	0.030896
MGYG000000187__gradient_L4_xos_gapseq	1332	1460	374	R_EX_cpd11416_c0	0.856756	0.016088	0.027122
MGYG000000187__gradient_L5_pectin_gapseq	1332	1460	374	R_EX_cpd11416_c0	0.888827	0.016088	0.024122
MGYG000000187__gradient_L6_resistant_starch_gapseq	1332	1460	374	R_EX_cpd11416_c0	1.348651	0.016088	0.027655
MGYG000000187__gradient_L7_bglucan_gapseq	1332	1460	374	R_EX_cpd11416_c0	1.502465	0.016088	0.028908
MGYG000000187__gradient_L8_hmo_gapseq	1332	1460	374	R_EX_cpd11416_c0	1.502465	0.016088	0.022763
MGYG000000187__gradient_L9_mos_gapseq	1332	1460	374	R_EX_cpd11416_c0	1.573800	0.016088	0.027155
MGYG000000189__gradient_L0_base_gapseq	1433	1605	359	R_EX_cpd11416_c0	-0.000000	0.017026	0.011307
MGYG000000189__gradient_L1_inulin_gapseq	1433	1605	359	R_EX_cpd11416_c0	-0.000000	0.017026	0.010412
MGYG000000189__gradient_L2_fos_gapseq	1433	1605	359	R_EX_cpd11416_c0	-0.000000	0.017026	0.013091
MGYG000000189__gradient_L3_gos_gapseq	1433	1605	359	R_EX_cpd11416_c0	0.898835	0.017026	0.033345
MGYG000000189__gradient_L4_xos_gapseq	1433	1605	359	R_EX_cpd11416_c0	0.898835	0.017026	0.026998
MGYG000000189__gradient_L5_pectin_gapseq	1433	1605	359	R_EX_cpd11416_c0	0.898835	0.017026	0.028064
MGYG000000189__gradient_L6_resistant_starch_gapseq	1433	1605	359	R_EX_cpd11416_c0	1.521121	0.017026	0.032503
MGYG000000189__gradient_L7_bglucan_gapseq	1433	1605	359	R_EX_cpd11416_c0	1.728751	0.017026	0.025897
MGYG000000189__gradient_L8_hmo_gapseq	1433	1605	359	R_EX_cpd11416_c0	1.728751	0.017026	0.032217
MGYG000000189__gradient_L9_mos_gapseq	1433	1605	359	R_EX_cpd11416_c0	1.728751	0.017026	0.031965
MGYG000000191__gradient_L0_base_gapseq	1870	2322	639	R_EX_cpd11416_c0	1.066132	0.030551	0.067345
MGYG000000191__gradient_L1_inulin_gapseq	1870	2322	639	R_EX_cpd11416_c0	1.334226	0.030551	0.066609
MGYG000000191__gradient_L2_fos_gapseq	1870	2322	639	R_EX_cpd11416_c0	1.334226	0.030551	0.071668
MGYG000000191__gradient_L3_gos_gapseq	1870	2322	639	R_EX_cpd11416_c0	1.431756	0.030551	0.067055
MGYG000000191__gradient_L4_xos_gapseq	1870	2322	639	R_EX_cpd11416_c0	1.511917	0.030551	0.068543
MGYG000000191__gradient_L5_pectin_gapseq	1870	2322	639	R_EX_cpd11416_c0	1.511917	0.030551	0.062642
MGYG000000191__gradient_L6_resistant_starch_gapseq	1870	2322	639	R_EX_cpd11416_c0	2.137173	0.030551	0.061577
MGYG000000191__gradient_L7_bglucan_gapseq	1870	2322	639	R_EX_cpd11416_c0	2.341584	0.030551	0.061068
MGYG000000191__gradient_L8_hmo_gapseq	1870	2322	639	R_EX_cpd11416_c0	2.341584	0.030551	0.073364
MGYG000000191__gradient_L9_mos_gapseq	1870	2322	639	R_EX_cpd11416_c0	2.473404	0.030551	0.063588
MGYG000000193__gradient_L0_base_gapseq	1362	1585	429	R_EX_cpd11416_c0	0.674146	0.023134	0.032223
MGYG000000193__gradient_L1_inulin_gapseq	1362	1585	429	R_EX_cpd11416_c0	0.781567	0.023134	0.030367
MGYG000000193__gradient_L2_fos_gapseq	1362	1585	429	R_EX_cpd11416_c0	0.781567	0.023134	0.025772
MGYG000000193__gradient_L3_gos_gapseq	1362	1585	429	R_EX_cpd11416_c0	0.998189	0.023134	0.028998
MGYG000000193__gradient_L4_xos_gapseq	1362	1585	429	R_EX_cpd11416_c0	1.074554	0.023134	0.027448
MGYG000000193__gradient_L5_pectin_gapseq	1362	1585	429	R_EX_cpd11416_c0	1.074554	0.023134	0.032273
MGYG000000193__gradient_L6_resistant_starch_gapseq	1362	1585	429	R_EX_cpd11416_c0	1.524107	0.023134	0.032166
MGYG000000193__gradient_L7_bglucan_gapseq	1362	1585	429	R_EX_cpd11416_c0	1.675473	0.023134	0.026252
MGYG000000193__gradient_L8_hmo_gapseq	1362	1585	429	R_EX_cpd11416_c0	1.785475	0.023134	0.033938
MGYG000000193__gradient_L9_mos_gapseq	1362	1585	429	R_EX_cpd11416_c0	1.854567	0.023134	0.029875
MGYG000000201__gradient_L0_base_gapseq	1485	1742	553	R_EX_cpd11416_c0	-0.000000	0.018394	0.017470
MGYG000000201__gradient_L1_inulin_gapseq	1485	1742	553	R_EX_cpd11416_c0	-0.000000	0.018394	0.012589
MGYG000000201__gradient_L2_fos_gapseq	1485	1742	553	R_EX_cpd11416_c0	-0.000000	0.018394	0.012297
MGYG000000201__gradient_L3_gos_gapseq	1485	1742	553	R_EX_cpd11416_c0	1.300001	0.018394	0.039375
MGYG000000201__gradient_L4_xos_gapseq	1485	1742	553	R_EX_cpd11416_c0	1.487167	0.018394	0.030956
MGYG000000201__gradient_L5_pectin_gapseq	1485	1742	553	R_EX_cpd11416_c0	1.487167	0.018394	0.035690
MGYG000000201__gradient_L6_resistant_starch_gapseq	1485	1742	553	R_EX_cpd11416_c0	2.078727	0.018394	0.038864
MGYG000000201__gradient_L7_bglucan_gapseq	1485	1742	553	R_EX_cpd11416_c0	2.277113	0.018394	0.036141
MGYG000000201__gradient_L8_hmo_gapseq	1485	1742	553	R_EX_cpd11416_c0	2.420871	0.018394	0.037851
MGYG000000201__gradient_L9_mos_gapseq	1485	1742	553	R_EX_cpd11416_c0	2.524377	0.018394	0.038621
MGYG000000202__gradient_L0_base_gapseq	1586	1807	517	R_EX_cpd11416_c0	0.675504	0.019683	0.035128
MGYG000000202__gradient_L1_inulin_gapseq	1586	1807	517	R_EX_cpd11416_c0	1.001992	0.019683	0.029319
MGYG000000202__gradient_L2_fos_gapseq	1586	1807	517	R_EX_cpd11416_c0	1.001992	0.019683	0.030397
MGYG000000202__gradient_L3_gos_gapseq	1586	1807	517	R_EX_cpd11416_c0	1.327384	0.019683	0.038469
MGYG000000202__gradient_L4_xos_gapseq	1586	1807	517	R_EX_cpd11416_c0	1.474585	0.019683	0.036390
MGYG000000202__gradient_L5_pectin_gapseq	1586	1807	517	R_EX_cpd11416_c0	1.532691	0.019683	0.034345
MGYG000000202__gradient_L6_resistant_starch_gapseq	1586	1807	517	R_EX_cpd11416_c0	2.224149	0.019683	0.030221
MGYG000000202__gradient_L7_bglucan_gapseq	1586	1807	517	R_EX_cpd11416_c0	2.448365	0.019683	0.035884
MGYG000000202__gradient_L8_hmo_gapseq	1586	1807	517	R_EX_cpd11416_c0	2.602643	0.019683	0.040478
MGYG000000202__gradient_L9_mos_gapseq	1586	1807	517	R_EX_cpd11416_c0	2.753157	0.019683	0.034983
MGYG000000213__gradient_L0_base_gapseq	1429	1656	463	R_EX_cpd11416_c0	0.825660	0.017780	0.027172
MGYG000000213__gradient_L1_inulin_gapseq	1429	1656	463	R_EX_cpd11416_c0	1.103866	0.017780	0.026811
MGYG000000213__gradient_L2_fos_gapseq	1429	1656	463	R_EX_cpd11416_c0	1.103866	0.017780	0.031663
MGYG000000213__gradient_L3_gos_gapseq	1429	1656	463	R_EX_cpd11416_c0	1.403187	0.017780	0.028656
MGYG000000213__gradient_L4_xos_gapseq	1429	1656	463	R_EX_cpd11416_c0	1.543294	0.017780	0.029326
MGYG000000213__gradient_L5_pectin_gapseq	1429	1656	463	R_EX_cpd11416_c0	1.543294	0.017780	0.042684
MGYG000000213__gradient_L6_resistant_starch_gapseq	1429	1656	463	R_EX_cpd11416_c0	2.131321	0.017780	0.032258
MGYG000000213__gradient_L7_bglucan_gapseq	1429	1656	463	R_EX_cpd11416_c0	2.328745	0.017780	0.027278
MGYG000000213__gradient_L8_hmo_gapseq	1429	1656	463	R_EX_cpd11416_c0	2.328745	0.017780	0.027457
MGYG000000213__gradient_L9_mos_gapseq	1429	1656	463	R_EX_cpd11416_c0	2.464606	0.017780	0.033541
MGYG000000231__gradient_L0_base_gapseq	1425	1587	387	R_EX_cpd11416_c0	-0.000000	0.021905	0.010144
MGYG000000231__gradient_L1_inulin_gapseq	1425	1587	387	R_EX_cpd11416_c0	-0.000000	0.021905	0.010235
MGYG000000231__gradient_L2_fos_gapseq	1425	1587	387	R_EX_cpd11416_c0	-0.000000	0.021905	0.011838
MGYG000000231__gradient_L3_gos_gapseq	1425	1587	387	R_EX_cpd11416_c0	0.665982	0.021905	0.030529
MGYG000000231__gradient_L4_xos_gapseq	1425	1587	387	R_EX_cpd11416_c0	0.665982	0.021905	0.029603
MGYG000000231__gradient_L5_pectin_gapseq	1425	1587	387	R_EX_cpd11416_c0	0.665982	0.021905	0.032755
MGYG000000231__gradient_L6_resistant_starch_gapseq	1425	1587	387	R_EX_cpd11416_c0	1.181973	0.021905	0.030758
MGYG000000231__gradient_L7_bglucan_gapseq	1425	1587	387	R_EX_cpd11416_c0	1.363989	0.021905	0.031736
MGYG000000231__gradient_L8_hmo_gapseq	1425	1587	387	R_EX_cpd11416_c0	1.363989	0.021905	0.032319
MGYG000000231__gradient_L9_mos_gapseq	1425	1587	387	R_EX_cpd11416_c0	1.453873	0.021905	0.032641
MGYG000000249__gradient_L0_base_gapseq	1405	1623	482	R_EX_cpd11416_c0	0.996483	0.017769	0.031498
MGYG000000249__gradient_L1_inulin_gapseq	1405	1623	482	R_EX_cpd11416_c0	1.278001	0.017769	0.031950
MGYG000000249__gradient_L2_fos_gapseq	1405	1623	482	R_EX_cpd11416_c0	1.278001	0.017769	0.026184
MGYG000000249__gradient_L3_gos_gapseq	1405	1623	482	R_EX_cpd11416_c0	1.561271	0.017769	0.032144
MGYG000000249__gradient_L4_xos_gapseq	1405	1623	482	R_EX_cpd11416_c0	1.631114	0.017769	0.033852
MGYG000000249__gradient_L5_pectin_gapseq	1405	1623	482	R_EX_cpd11416_c0	1.674708	0.017769	0.035112
MGYG000000249__gradient_L6_resistant_starch_gapseq	1405	1623	482	R_EX_cpd11416_c0	2.278657	0.017769	0.027604
MGYG000000249__gradient_L7_bglucan_gapseq	1405	1623	482	R_EX_cpd11416_c0	2.479973	0.017769	0.032856
MGYG000000249__gradient_L8_hmo_gapseq	1405	1623	482	R_EX_cpd11416_c0	2.479973	0.017769	0.033203
MGYG000000249__gradient_L9_mos_gapseq	1405	1623	482	R_EX_cpd11416_c0	2.479973	0.017769	0.032088
MGYG000000257__gradient_L0_base_gapseq	1165	1318	333	R_EX_cpd11416_c0	0.749695	0.013717	0.018956
MGYG000000257__gradient_L1_inulin_gapseq	1165	1318	333	R_EX_cpd11416_c0	1.040528	0.013717	0.023768
MGYG000000257__gradient_L2_fos_gapseq	1165	1318	333	R_EX_cpd11416_c0	1.040528	0.013717	0.023033
MGYG000000257__gradient_L3_gos_gapseq	1165	1318	333	R_EX_cpd11416_c0	1.335906	0.013717	0.020231
MGYG000000257__gradient_L4_xos_gapseq	1165	1318	333	R_EX_cpd11416_c0	1.335906	0.013717	0.019748
MGYG000000257__gradient_L5_pectin_gapseq	1165	1318	333	R_EX_cpd11416_c0	1.335906	0.013717	0.020536
MGYG000000257__gradient_L6_resistant_starch_gapseq	1165	1318	333	R_EX_cpd11416_c0	1.955753	0.013717	0.019368
MGYG000000257__gradient_L7_bglucan_gapseq	1165	1318	333	R_EX_cpd11416_c0	1.955753	0.013717	0.025419
MGYG000000257__gradient_L8_hmo_gapseq	1165	1318	333	R_EX_cpd11416_c0	1.955753	0.013717	0.019764
MGYG000000257__gradient_L9_mos_gapseq	1165	1318	333	R_EX_cpd11416_c0	2.098967	0.013717	0.025350
MGYG000000260__gradient_L0_base_gapseq	1066	1179	321	R_EX_cpd11416_c0	0.402733	0.012656	0.016345
MGYG000000260__gradient_L1_inulin_gapseq	1066	1179	321	R_EX_cpd11416_c0	0.498624	0.012656	0.023548
MGYG000000260__gradient_L2_fos_gapseq	1066	1179	321	R_EX_cpd11416_c0	0.498624	0.012656	0.022123
MGYG000000260__gradient_L3_gos_gapseq	1066	1179	321	R_EX_cpd11416_c0	0.671228	0.012656	0.018034
MGYG000000260__gradient_L4_xos_gapseq	1066	1179	321	R_EX_cpd11416_c0	0.671228	0.012656	0.016876
MGYG000000260__gradient_L5_pectin_gapseq	1066	1179	321	R_EX_cpd11416_c0	0.671228	0.012656	0.025904
MGYG000000260__gradient_L6_resistant_starch_gapseq	1066	1179	321	R_EX_cpd11416_c0	1.074817	0.012656	0.022286
MGYG000000260__gradient_L7_bglucan_gapseq	1066	1179	321	R_EX_cpd11416_c0	1.074817	0.012656	0.016549
MGYG000000260__gradient_L8_hmo_gapseq	1066	1179	321	R_EX_cpd11416_c0	1.074817	0.012656	0.023084
MGYG000000260__gradient_L9_mos_gapseq	1066	1179	321	R_EX_cpd11416_c0	1.168894	0.012656	0.021580
MGYG000000266__gradient_L0_base_gapseq	1159	1315	334	R_EX_cpd11416_c0	0.800235	0.013704	0.019238
MGYG000000266__gradient_L1_inulin_gapseq	1159	1315	334	R_EX_cpd11416_c0	1.093441	0.013704	0.019024
MGYG000000266__gradient_L2_fos_gapseq	1159	1315	334	R_EX_cpd11416_c0	1.093441	0.013704	0.023032
MGYG000000266__gradient_L3_gos_gapseq	1159	1315	334	R_EX_cpd11416_c0	1.388606	0.013704	0.026797
MGYG000000266__gradient_L4_xos_gapseq	1159	1315	334	R_EX_cpd11416_c0	1.388606	0.013704	0.023197
MGYG000000266__gradient_L5_pectin_gapseq	1159	1315	334	R_EX_cpd11416_c0	1.388606	0.013704	0.029491
MGYG000000266__gradient_L6_resistant_starch_gapseq	1159	1315	334	R_EX_cpd11416_c0	2.008004	0.013704	0.019961
MGYG000000266__gradient_L7_bglucan_gapseq	1159	1315	334	R_EX_cpd11416_c0	2.008004	0.013704	0.025579
MGYG000000266__gradient_L8_hmo_gapseq	1159	1315	334	R_EX_cpd11416_c0	2.008004	0.013704	0.019348
MGYG000000266__gradient_L9_mos_gapseq	1159	1315	334	R_EX_cpd11416_c0	2.151114	0.013704	0.027148
MGYG000000275__gradient_L0_base_gapseq	1167	1277	331	R_EX_cpd11416_c0	0.759900	0.014191	0.028465
MGYG000000275__gradient_L1_inulin_gapseq	1167	1277	331	R_EX_cpd11416_c0	0.907724	0.014191	0.018269
MGYG000000275__gradient_L2_fos_gapseq	1167	1277	331	R_EX_cpd11416_c0	0.907724	0.014191	0.019521
MGYG000000275__gradient_L3_gos_gapseq	1167	1277	331	R_EX_cpd11416_c0	1.204792	0.014191	0.026286
MGYG000000275__gradient_L4_xos_gapseq	1167	1277	331	R_EX_cpd11416_c0	1.204792	0.014191	0.022357
MGYG000000275__gradient_L5_pectin_gapseq	1167	1277	331	R_EX_cpd11416_c0	1.204792	0.014191	0.024253
MGYG000000275__gradient_L6_resistant_starch_gapseq	1167	1277	331	R_EX_cpd11416_c0	1.821669	0.014191	0.019134
MGYG000000275__gradient_L7_bglucan_gapseq	1167	1277	331	R_EX_cpd11416_c0	1.821669	0.014191	0.018911
MGYG000000275__gradient_L8_hmo_gapseq	1167	1277	331	R_EX_cpd11416_c0	1.821669	0.014191	0.024897
MGYG000000275__gradient_L9_mos_gapseq	1167	1277	331	R_EX_cpd11416_c0	1.964196	0.014191	0.025584
MGYG000000279__gradient_L0_base_gapseq	1299	1421	333	R_EX_cpd11416_c0	0.427779	0.019776	0.023904
MGYG000000279__gradient_L1_inulin_gapseq	1299	1421	333	R_EX_cpd11416_c0	0.557482	0.019776	0.030319
MGYG000000279__gradient_L2_fos_gapseq	1299	1421	333	R_EX_cpd11416_c0	0.557482	0.019776	0.024733
MGYG000000279__gradient_L3_gos_gapseq	1299	1421	333	R_EX_cpd11416_c0	0.557482	0.019776	0.029004
MGYG000000279__gradient_L4_xos_gapseq	1299	1421	333	R_EX_cpd11416_c0	0.557482	0.019776	0.029111
MGYG000000279__gradient_L5_pectin_gapseq	1299	1421	333	R_EX_cpd11416_c0	0.557482	0.019776	0.031245
MGYG000000279__gradient_L6_resistant_starch_gapseq	1299	1421	333	R_EX_cpd11416_c0	0.557482	0.019776	0.028167
MGYG000000279__gradient_L7_bglucan_gapseq	1299	1421	333	R_EX_cpd11416_c0	0.557482	0.019776	0.030768
MGYG000000279__gradient_L8_hmo_gapseq	1299	1421	333	R_EX_cpd11416_c0	0.557482	0.019776	0.029917
MGYG000000279__gradient_L9_mos_gapseq	1299	1421	333	R_EX_cpd11416_c0	0.557482	0.019776	0.029558
MGYG000000281__gradient_L0_base_gapseq	1509	1734	550	R_EX_cpd11416_c0	-0.000000	0.023212	0.013186
MGYG000000281__gradient_L1_inulin_gapseq	1509	1734	550	R_EX_cpd11416_c0	-0.000000	0.023212	0.023770
MGYG000000281__gradient_L2_fos_gapseq	1509	1734	550	R_EX_cpd11416_c0	-0.000000	0.023212	0.017873
MGYG000000281__gradient_L3_gos_gapseq	1509	1734	550	R_EX_cpd11416_c0	1.567308	0.023212	0.038496
MGYG000000281__gradient_L4_xos_gapseq	1509	1734	550	R_EX_cpd11416_c0	1.719831	0.023212	0.038497
MGYG000000281__gradient_L5_pectin_gapseq	1509	1734	550	R_EX_cpd11416_c0	1.719831	0.023212	0.037709
MGYG000000281__gradient_L6_resistant_starch_gapseq	1509	1734	550	R_EX_cpd11416_c0	2.466379	0.023212	0.034022
MGYG000000281__gradient_L7_bglucan_gapseq	1509	1734	550	R_EX_cpd11416_c0	2.716654	0.023212	0.041471
MGYG000000281__gradient_L8_hmo_gapseq	1509	1734	550	R_EX_cpd11416_c0	2.716654	0.023212	0.037403
MGYG000000281__gradient_L9_mos_gapseq	1509	1734	550	R_EX_cpd11416_c0	2.853557	0.023212	0.033102
MGYG000000288__gradient_L0_base_gapseq	1137	1273	308	R_EX_cpd11416_c0	0.729892	0.013713	0.017588
MGYG000000288__gradient_L1_inulin_gapseq	1137	1273	308	R_EX_cpd11416_c0	1.019580	0.013713	0.024457
MGYG000000288__gradient_L2_fos_gapseq	1137	1273	308	R_EX_cpd11416_c0	1.019580	0.013713	0.018676
MGYG000000288__gradient_L3_gos_gapseq	1137	1273	308	R_EX_cpd11416_c0	1.313436	0.013713	0.019195
MGYG000000288__gradient_L4_xos_gapseq	1137	1273	308	R_EX_cpd11416_c0	1.348994	0.013713	0.022825
MGYG000000288__gradient_L5_pectin_gapseq	1137	1273	308	R_EX_cpd11416_c0	1.348994	0.013713	0.022803
MGYG000000288__gradient_L6_resistant_starch_gapseq	1137	1273	308	R_EX_cpd11416_c0	1.982340	0.013713	0.020913
MGYG000000288__gradient_L7_bglucan_gapseq	1137	1273	308	R_EX_cpd11416_c0	1.982340	0.013713	0.024989
MGYG000000288__gradient_L8_hmo_gapseq	1137	1273	308	R_EX_cpd11416_c0	1.982340	0.013713	0.018815
MGYG000000288__gradient_L9_mos_gapseq	1137	1273	308	R_EX_cpd11416_c0	2.128673	0.013713	0.025077
MGYG000000296__gradient_L0_base_gapseq	1300	1444	299	R_EX_cpd11416_c0	-0.000000	0.015729	0.008648
MGYG000000296__gradient_L1_inulin_gapseq	1300	1444	299	R_EX_cpd11416_c0	-0.000000	0.015729	0.008696
MGYG000000296__gradient_L2_fos_gapseq	1300	1444	299	R_EX_cpd11416_c0	-0.000000	0.015729	0.008491
MGYG000000296__gradient_L3_gos_gapseq	1300	1444	299	R_EX_cpd11416_c0	1.021753	0.015729	0.023659
MGYG000000296__gradient_L4_xos_gapseq	1300	1444	299	R_EX_cpd11416_c0	1.063176	0.015729	0.025287
MGYG000000296__gradient_L5_pectin_gapseq	1300	1444	299	R_EX_cpd11416_c0	1.063176	0.015729	0.027162
MGYG000000296__gradient_L6_resistant_starch_gapseq	1300	1444	299	R_EX_cpd11416_c0	1.562551	0.015729	0.026519
MGYG000000296__gradient_L7_bglucan_gapseq	1300	1444	299	R_EX_cpd11416_c0	1.562551	0.015729	0.021778
MGYG000000296__gradient_L8_hmo_gapseq	1300	1444	299	R_EX_cpd11416_c0	1.562551	0.015729	0.027174
MGYG000000296__gradient_L9_mos_gapseq	1300	1444	299	R_EX_cpd11416_c0	1.562551	0.015729	0.026836
MGYG000000303__gradient_L0_base_gapseq	1289	1525	328	R_EX_cpd11416_c0	-0.000000	0.016153	0.010770
MGYG000000303__gradient_L1_inulin_gapseq	1289	1525	328	R_EX_cpd11416_c0	-0.000000	0.016153	0.016742
MGYG000000303__gradient_L2_fos_gapseq	1289	1525	328	R_EX_cpd11416_c0	-0.000000	0.016153	0.011477
MGYG000000303__gradient_L3_gos_gapseq	1289	1525	328	R_EX_cpd11416_c0	0.707193	0.016153	0.033953
MGYG000000303__gradient_L4_xos_gapseq	1289	1525	328	R_EX_cpd11416_c0	0.770884	0.016153	0.031611
MGYG000000303__gradient_L5_pectin_gapseq	1289	1525	328	R_EX_cpd11416_c0	0.770884	0.016153	0.031284
MGYG000000303__gradient_L6_resistant_starch_gapseq	1289	1525	328	R_EX_cpd11416_c0	1.287487	0.016153	0.028923
MGYG000000303__gradient_L7_bglucan_gapseq	1289	1525	328	R_EX_cpd11416_c0	1.287487	0.016153	0.035429
MGYG000000303__gradient_L8_hmo_gapseq	1289	1525	328	R_EX_cpd11416_c0	1.287487	0.016153	0.032123
MGYG000000303__gradient_L9_mos_gapseq	1289	1525	328	R_EX_cpd11416_c0	1.391279	0.016153	0.044537
MGYG000000319__gradient_L0_base_gapseq	1140	1260	304	R_EX_cpd11416_c0	0.665692	0.013250	0.018840
MGYG000000319__gradient_L1_inulin_gapseq	1140	1260	304	R_EX_cpd11416_c0	0.857902	0.013250	0.024949
MGYG000000319__gradient_L2_fos_gapseq	1140	1260	304	R_EX_cpd11416_c0	0.857902	0.013250	0.019515
MGYG000000319__gradient_L3_gos_gapseq	1140	1260	304	R_EX_cpd11416_c0	1.047578	0.013250	0.024267
MGYG000000319__gradient_L4_xos_gapseq	1140	1260	304	R_EX_cpd11416_c0	1.047578	0.013250	0.023414
MGYG000000319__gradient_L5_pectin_gapseq	1140	1260	304	R_EX_cpd11416_c0	1.047578	0.013250	0.026743
MGYG000000319__gradient_L6_resistant_starch_gapseq	1140	1260	304	R_EX_cpd11416_c0	1.443646	0.013250	0.026287
MGYG000000319__gradient_L7_bglucan_gapseq	1140	1260	304	R_EX_cpd11416_c0	1.443646	0.013250	0.023517
MGYG000000319__gradient_L8_hmo_gapseq	1140	1260	304	R_EX_cpd11416_c0	1.443646	0.013250	0.024423
MGYG000000319__gradient_L9_mos_gapseq	1140	1260	304	R_EX_cpd11416_c0	1.443646	0.013250	0.019210
MGYG000000322__gradient_L0_base_gapseq	1371	1580	411	R_EX_cpd11416_c0	-0.000000	0.016740	0.011284
MGYG000000322__gradient_L1_inulin_gapseq	1371	1580	411	R_EX_cpd11416_c0	-0.000000	0.016740	0.011188
MGYG000000322__gradient_L2_fos_gapseq	1371	1580	411	R_EX_cpd11416_c0	-0.000000	0.016740	0.011394
MGYG000000322__gradient_L3_gos_gapseq	1371	1580	411	R_EX_cpd11416_c0	1.366314	0.016740	0.033073
MGYG000000322__gradient_L4_xos_gapseq	1371	1580	411	R_EX_cpd11416_c0	1.366314	0.016740	0.030078
MGYG000000322__gradient_L5_pectin_gapseq	1371	1580	411	R_EX_cpd11416_c0	1.366314	0.016740	0.034307
MGYG000000322__gradient_L6_resistant_starch_gapseq	1371	1580	411	R_EX_cpd11416_c0	2.090402	0.016740	0.035419
MGYG000000322__gradient_L7_bglucan_gapseq	1371	1580	411	R_EX_cpd11416_c0	2.276100	0.016740	0.035144
MGYG000000322__gradient_L8_hmo_gapseq	1371	1580	411	R_EX_cpd11416_c0	2.276100	0.016740	0.032618
MGYG000000322__gradient_L9_mos_gapseq	1371	1580	411	R_EX_cpd11416_c0	2.276100	0.016740	0.035089
MGYG000000337__gradient_L0_base_gapseq	1929	2341	750	R_EX_cpd11416_c0	0.938823	0.028221	0.053182
MGYG000000337__gradient_L1_inulin_gapseq	1929	2341	750	R_EX_cpd11416_c0	1.169921	0.028221	0.060253
MGYG000000337__gradient_L2_fos_gapseq	1929	2341	750	R_EX_cpd11416_c0	1.169921	0.028221	0.058598
MGYG000000337__gradient_L3_gos_gapseq	1929	2341	750	R_EX_cpd11416_c0	1.393796	0.028221	0.051664
MGYG000000337__gradient_L4_xos_gapseq	1929	2341	750	R_EX_cpd11416_c0	1.437127	0.028221	0.058479
MGYG000000337__gradient_L5_pectin_gapseq	1929	2341	750	R_EX_cpd11416_c0	1.437127	0.028221	0.055882
MGYG000000337__gradient_L6_resistant_starch_gapseq	1929	2341	750	R_EX_cpd11416_c0	1.747664	0.028221	0.060880
MGYG000000337__gradient_L7_bglucan_gapseq	1929	2341	750	R_EX_cpd11416_c0	1.747664	0.028221	0.052926
MGYG000000337__gradient_L8_hmo_gapseq	1929	2341	750	R_EX_cpd11416_c0	1.747664	0.028221	0.055495
MGYG000000337__gradient_L9_mos_gapseq	1929	2341	750	R_EX_cpd11416_c0	1.863213	0.028221	0.066971
MGYG000000363__gradient_L0_base_gapseq	1240	1313	222	R_EX_cpd11416_c0	-0.000000	0.019308	0.012932
MGYG000000363__gradient_L1_inulin_gapseq	1240	1313	222	R_EX_cpd11416_c0	-0.000000	0.019308	0.008105
MGYG000000363__gradient_L2_fos_gapseq	1240	1313	222	R_EX_cpd11416_c0	-0.000000	0.019308	0.007603
MGYG000000363__gradient_L3_gos_gapseq	1240	1313	222	R_EX_cpd11416_c0	0.352164	0.019308	0.020447
MGYG000000363__gradient_L4_xos_gapseq	1240	1313	222	R_EX_cpd11416_c0	0.352164	0.019308	0.020746
MGYG000000363__gradient_L5_pectin_gapseq	1240	1313	222	R_EX_cpd11416_c0	0.352164	0.019308	0.026015
MGYG000000363__gradient_L6_resistant_starch_gapseq	1240	1313	222	R_EX_cpd11416_c0	0.730044	0.019308	0.020025
MGYG000000363__gradient_L7_bglucan_gapseq	1240	1313	222	R_EX_cpd11416_c0	0.730044	0.019308	0.034706
MGYG000000363__gradient_L8_hmo_gapseq	1240	1313	222	R_EX_cpd11416_c0	0.730044	0.019308	0.019929
MGYG000000363__gradient_L9_mos_gapseq	1240	1313	222	R_EX_cpd11416_c0	0.771174	0.019308	0.020601
MGYG000000364__gradient_L0_base_gapseq	1319	1487	386	R_EX_cpd11416_c0	-0.000000	0.015892	0.009430
MGYG000000364__gradient_L1_inulin_gapseq	1319	1487	386	R_EX_cpd11416_c0	-0.000000	0.015892	0.009568
MGYG000000364__gradient_L2_fos_gapseq	1319	1487	386	R_EX_cpd11416_c0	-0.000000	0.015892	0.014957
MGYG000000364__gradient_L3_gos_gapseq	1319	1487	386	R_EX_cpd11416_c0	0.567272	0.015892	0.022946
MGYG000000364__gradient_L4_xos_gapseq	1319	1487	386	R_EX_cpd11416_c0	0.567272	0.015892	0.028408
MGYG000000364__gradient_L5_pectin_gapseq	1319	1487	386	R_EX_cpd11416_c0	0.567272	0.015892	0.029167
MGYG000000364__gradient_L6_resistant_starch_gapseq	1319	1487	386	R_EX_cpd11416_c0	1.017450	0.015892	0.022549
MGYG000000364__gradient_L7_bglucan_gapseq	1319	1487	386	R_EX_cpd11416_c0	1.176284	0.015892	0.031571
MGYG000000364__gradient_L8_hmo_gapseq	1319	1487	386	R_EX_cpd11416_c0	1.176284	0.015892	0.039962
MGYG000000364__gradient_L9_mos_gapseq	1319	1487	386	R_EX_cpd11416_c0	1.249946	0.015892	0.022621
MGYG000000375__gradient_L0_base_gapseq	975	924	131	R_EX_cpd11416_c0	-0.000000	0.010336	0.004190
MGYG000000375__gradient_L1_inulin_gapseq	975	924	131	R_EX_cpd11416_c0	-0.000000	0.010336	0.004464
MGYG000000375__gradient_L2_fos_gapseq	975	924	131	R_EX_cpd11416_c0	-0.000000	0.010336	0.004576
MGYG000000375__gradient_L3_gos_gapseq	975	924	131	R_EX_cpd11416_c0	-0.000000	0.010336	0.009830
MGYG000000375__gradient_L4_xos_gapseq	975	924	131	R_EX_cpd11416_c0	-0.000000	0.010336	0.004674
MGYG000000375__gradient_L5_pectin_gapseq	975	924	131	R_EX_cpd11416_c0	-0.000000	0.010336	0.004433
MGYG000000375__gradient_L6_resistant_starch_gapseq	975	924	131	R_EX_cpd11416_c0	-0.000000	0.010336	0.004760
MGYG000000375__gradient_L7_bglucan_gapseq	975	924	131	R_EX_cpd11416_c0	-0.000000	0.010336	0.004597
MGYG000000375__gradient_L8_hmo_gapseq	975	924	131	R_EX_cpd11416_c0	-0.000000	0.010336	0.006676
MGYG000000375__gradient_L9_mos_gapseq	975	924	131	R_EX_cpd11416_c0	-0.000000	0.010336	0.007743
MGYG000000377__gradient_L0_base_gapseq	1297	1414	332	R_EX_cpd11416_c0	-0.000000	0.015580	0.013296
MGYG000000377__gradient_L1_inulin_gapseq	1297	1414	332	R_EX_cpd11416_c0	-0.000000	0.015580	0.008672
MGYG000000377__gradient_L2_fos_gapseq	1297	1414	332	R_EX_cpd11416_c0	-0.000000	0.015580	0.008780
MGYG000000377__gradient_L3_gos_gapseq	1297	1414	332	R_EX_cpd11416_c0	-0.000000	0.015580	0.008907
MGYG000000377__gradient_L4_xos_gapseq	1297	1414	332	R_EX_cpd11416_c0	0.621660	0.015580	0.022434
MGYG000000377__gradient_L5_pectin_gapseq	1297	1414	332	R_EX_cpd11416_c0	0.621660	0.015580	0.023298
MGYG000000377__gradient_L6_resistant_starch_gapseq	1297	1414	332	R_EX_cpd11416_c0	0.748370	0.015580	0.023661
MGYG000000377__gradient_L7_bglucan_gapseq	1297	1414	332	R_EX_cpd11416_c0	0.930362	0.015580	0.039089
MGYG000000377__gradient_L8_hmo_gapseq	1297	1414	332	R_EX_cpd11416_c0	0.930362	0.015580	0.021445
MGYG000000377__gradient_L9_mos_gapseq	1297	1414	332	R_EX_cpd11416_c0	0.930362	0.015580	0.026177
MGYG000000398__gradient_L0_base_gapseq	1515	1668	402	R_EX_cpd11416_c0	-0.000000	0.017701	0.011030
MGYG000000398__gradient_L1_inulin_gapseq	1515	1668	402	R_EX_cpd11416_c0	-0.000000	0.017701	0.015473
MGYG000000398__gradient_L2_fos_gapseq	1515	1668	402	R_EX_cpd11416_c0	-0.000000	0.017701	0.011463
MGYG000000398__gradient_L3_gos_gapseq	1515	1668	402	R_EX_cpd11416_c0	0.975661	0.017701	0.037222
MGYG000000398__gradient_L4_xos_gapseq	1515	1668	402	R_EX_cpd11416_c0	0.975661	0.017701	0.028424
MGYG000000398__gradient_L5_pectin_gapseq	1515	1668	402	R_EX_cpd11416_c0	0.975661	0.017701	0.048703
MGYG000000398__gradient_L6_resistant_starch_gapseq	1515	1668	402	R_EX_cpd11416_c0	1.565030	0.017701	0.030932
MGYG000000398__gradient_L7_bglucan_gapseq	1515	1668	402	R_EX_cpd11416_c0	1.762518	0.017701	0.038556
MGYG000000398__gradient_L8_hmo_gapseq	1515	1668	402	R_EX_cpd11416_c0	1.762518	0.017701	0.033602
MGYG000000398__gradient_L9_mos_gapseq	1515	1668	402	R_EX_cpd11416_c0	1.762518	0.017701	0.033984
MGYG000000416__gradient_L0_base_gapseq	1056	1090	218	R_EX_cpd11416_c0	-0.000000	0.011924	0.006472
MGYG000000416__gradient_L1_inulin_gapseq	1056	1090	218	R_EX_cpd11416_c0	-0.000000	0.011924	0.005929
MGYG000000416__gradient_L2_fos_gapseq	1056	1090	218	R_EX_cpd11416_c0	-0.000000	0.011924	0.006062
MGYG000000416__gradient_L3_gos_gapseq	1056	1090	218	R_EX_cpd11416_c0	0.229929	0.011924	0.017818
MGYG000000416__gradient_L4_xos_gapseq	1056	1090	218	R_EX_cpd11416_c0	0.229929	0.011924	0.020642
MGYG000000416__gradient_L5_pectin_gapseq	1056	1090	218	R_EX_cpd11416_c0	0.229929	0.011924	0.015488
MGYG000000416__gradient_L6_resistant_starch_gapseq	1056	1090	218	R_EX_cpd11416_c0	0.229929	0.011924	0.015140
MGYG000000416__gradient_L7_bglucan_gapseq	1056	1090	218	R_EX_cpd11416_c0	0.229929	0.011924	0.015058
MGYG000000416__gradient_L8_hmo_gapseq	1056	1090	218	R_EX_cpd11416_c0	0.229929	0.011924	0.020920
MGYG000000416__gradient_L9_mos_gapseq	1056	1090	218	R_EX_cpd11416_c0	0.229929	0.011924	0.014813
MGYG000000435__gradient_L0_base_gapseq	912	974	206	R_EX_cpd11416_c0	-0.000000	0.011043	0.005304
MGYG000000435__gradient_L1_inulin_gapseq	912	974	206	R_EX_cpd11416_c0	0.335857	0.011043	0.012508
MGYG000000435__gradient_L2_fos_gapseq	912	974	206	R_EX_cpd11416_c0	0.335857	0.011043	0.012414
MGYG000000435__gradient_L3_gos_gapseq	912	974	206	R_EX_cpd11416_c0	0.614984	0.011043	0.018739
MGYG000000435__gradient_L4_xos_gapseq	912	974	206	R_EX_cpd11416_c0	0.678526	0.011043	0.012964
MGYG000000435__gradient_L5_pectin_gapseq	912	974	206	R_EX_cpd11416_c0	0.728451	0.011043	0.014659
MGYG000000435__gradient_L6_resistant_starch_gapseq	912	974	206	R_EX_cpd11416_c0	1.343733	0.011043	0.016531
MGYG000000435__gradient_L7_bglucan_gapseq	912	974	206	R_EX_cpd11416_c0	1.556922	0.011043	0.013604
MGYG000000435__gradient_L8_hmo_gapseq	912	974	206	R_EX_cpd11416_c0	1.556922	0.011043	0.018250
MGYG000000435__gradient_L9_mos_gapseq	912	974	206	R_EX_cpd11416_c0	1.660287	0.011043	0.013263
MGYG000000442__gradient_L0_base_gapseq	1390	1512	419	R_EX_cpd11416_c0	0.484874	0.020893	0.024605
MGYG000000442__gradient_L1_inulin_gapseq	1390	1512	419	R_EX_cpd11416_c0	0.484874	0.020893	0.035820
MGYG000000442__gradient_L2_fos_gapseq	1390	1512	419	R_EX_cpd11416_c0	0.484874	0.020893	0.029484
MGYG000000442__gradient_L3_gos_gapseq	1390	1512	419	R_EX_cpd11416_c0	0.561070	0.020893	0.030093
MGYG000000442__gradient_L4_xos_gapseq	1390	1512	419	R_EX_cpd11416_c0	0.561070	0.020893	0.024526
MGYG000000442__gradient_L5_pectin_gapseq	1390	1512	419	R_EX_cpd11416_c0	0.593396	0.020893	0.029105
MGYG000000442__gradient_L6_resistant_starch_gapseq	1390	1512	419	R_EX_cpd11416_c0	0.667283	0.020893	0.029814
MGYG000000442__gradient_L7_bglucan_gapseq	1390	1512	419	R_EX_cpd11416_c0	0.667283	0.020893	0.024836
MGYG000000442__gradient_L8_hmo_gapseq	1390	1512	419	R_EX_cpd11416_c0	0.667283	0.020893	0.029660
MGYG000000442__gradient_L9_mos_gapseq	1390	1512	419	R_EX_cpd11416_c0	0.667283	0.020893	0.031001
MGYG000000462__gradient_L0_base_gapseq	1126	1225	253	R_EX_cpd11416_c0	-0.000000	0.013809	0.010971
MGYG000000462__gradient_L1_inulin_gapseq	1126	1225	253	R_EX_cpd11416_c0	0.098335	0.013809	0.018817
MGYG000000462__gradient_L2_fos_gapseq	1126	1225	253	R_EX_cpd11416_c0	0.098335	0.013809	0.018674
MGYG000000462__gradient_L3_gos_gapseq	1126	1225	253	R_EX_cpd11416_c0	0.098335	0.013809	0.018682
MGYG000000462__gradient_L4_xos_gapseq	1126	1225	253	R_EX_cpd11416_c0	0.098335	0.013809	0.023004
MGYG000000462__gradient_L5_pectin_gapseq	1126	1225	253	R_EX_cpd11416_c0	0.098335	0.013809	0.019049
MGYG000000462__gradient_L6_resistant_starch_gapseq	1126	1225	253	R_EX_cpd11416_c0	0.098335	0.013809	0.025128
MGYG000000462__gradient_L7_bglucan_gapseq	1126	1225	253	R_EX_cpd11416_c0	0.098335	0.013809	0.018783
MGYG000000462__gradient_L8_hmo_gapseq	1126	1225	253	R_EX_cpd11416_c0	0.098335	0.013809	0.019104
MGYG000000462__gradient_L9_mos_gapseq	1126	1225	253	R_EX_cpd11416_c0	0.098335	0.013809	0.023912
MGYG000000464__gradient_L0_base_gapseq	1056	1069	184	R_EX_cpd11416_c0	-0.000000	0.011456	0.006566
MGYG000000464__gradient_L1_inulin_gapseq	1056	1069	184	R_EX_cpd11416_c0	0.279341	0.011456	0.017609
MGYG000000464__gradient_L2_fos_gapseq	1056	1069	184	R_EX_cpd11416_c0	0.279341	0.011456	0.019524
MGYG000000464__gradient_L3_gos_gapseq	1056	1069	184	R_EX_cpd11416_c0	0.279341	0.011456	0.021381
MGYG000000464__gradient_L4_xos_gapseq	1056	1069	184	R_EX_cpd11416_c0	0.279341	0.011456	0.015680
MGYG000000464__gradient_L5_pectin_gapseq	1056	1069	184	R_EX_cpd11416_c0	0.279341	0.011456	0.016063
MGYG000000464__gradient_L6_resistant_starch_gapseq	1056	1069	184	R_EX_cpd11416_c0	0.419659	0.011456	0.021810
MGYG000000464__gradient_L7_bglucan_gapseq	1056	1069	184	R_EX_cpd11416_c0	0.419659	0.011456	0.016970
MGYG000000464__gradient_L8_hmo_gapseq	1056	1069	184	R_EX_cpd11416_c0	0.419659	0.011456	0.021228
MGYG000000464__gradient_L9_mos_gapseq	1056	1069	184	R_EX_cpd11416_c0	0.534115	0.011456	0.016520
MGYG000000482__gradient_L0_base_gapseq	692	652	93	R_EX_cpd11416_c0	-0.000000	0.007747	0.002962
MGYG000000482__gradient_L1_inulin_gapseq	692	652	93	R_EX_cpd11416_c0	-0.000000	0.007747	0.003620
MGYG000000482__gradient_L2_fos_gapseq	692	652	93	R_EX_cpd11416_c0	-0.000000	0.007747	0.003385
MGYG000000482__gradient_L3_gos_gapseq	692	652	93	R_EX_cpd11416_c0	-0.000000	0.007747	0.003226
MGYG000000482__gradient_L4_xos_gapseq	692	652	93	R_EX_cpd11416_c0	-0.000000	0.007747	0.003058
MGYG000000482__gradient_L5_pectin_gapseq	692	652	93	R_EX_cpd11416_c0	-0.000000	0.007747	0.002987
MGYG000000482__gradient_L6_resistant_starch_gapseq	692	652	93	R_EX_cpd11416_c0	-0.000000	0.007747	0.003720
MGYG000000482__gradient_L7_bglucan_gapseq	692	652	93	R_EX_cpd11416_c0	-0.000000	0.007747	0.007128
MGYG000000482__gradient_L8_hmo_gapseq	692	652	93	R_EX_cpd11416_c0	-0.000000	0.007747	0.003971
MGYG000000482__gradient_L9_mos_gapseq	692	652	93	R_EX_cpd11416_c0	-0.000000	0.007747	0.007312
MGYG000000489__gradient_L0_base_gapseq	1372	1592	405	R_EX_cpd11416_c0	0.250295	0.017033	0.033342
MGYG000000489__gradient_L1_inulin_gapseq	1372	1592	405	R_EX_cpd11416_c0	0.520901	0.017033	0.032639
MGYG000000489__gradient_L2_fos_gapseq	1372	1592	405	R_EX_cpd11416_c0	0.520901	0.017033	0.027757
MGYG000000489__gradient_L3_gos_gapseq	1372	1592	405	R_EX_cpd11416_c0	0.765237	0.017033	0.038835
MGYG000000489__gradient_L4_xos_gapseq	1372	1592	405	R_EX_cpd11416_c0	0.884468	0.017033	0.027336
MGYG000000489__gradient_L5_pectin_gapseq	1372	1592	405	R_EX_cpd11416_c0	0.884468	0.017033	0.031624
MGYG000000489__gradient_L6_resistant_starch_gapseq	1372	1592	405	R_EX_cpd11416_c0	1.368966	0.017033	0.031497
MGYG000000489__gradient_L7_bglucan_gapseq	1372	1592	405	R_EX_cpd11416_c0	1.543043	0.017033	0.027536
MGYG000000489__gradient_L8_hmo_gapseq	1372	1592	405	R_EX_cpd11416_c0	1.543043	0.017033	0.028401
MGYG000000489__gradient_L9_mos_gapseq	1372	1592	405	R_EX_cpd11416_c0	1.543043	0.017033	0.030424
MGYG000000515__gradient_L0_base_gapseq	1359	1522	368	R_EX_cpd11416_c0	-0.000000	0.016273	0.010792
MGYG000000515__gradient_L1_inulin_gapseq	1359	1522	368	R_EX_cpd11416_c0	-0.000000	0.016273	0.010309
MGYG000000515__gradient_L2_fos_gapseq	1359	1522	368	R_EX_cpd11416_c0	-0.000000	0.016273	0.015937
MGYG000000515__gradient_L3_gos_gapseq	1359	1522	368	R_EX_cpd11416_c0	-0.000000	0.016273	0.010801
MGYG000000515__gradient_L4_xos_gapseq	1359	1522	368	R_EX_cpd11416_c0	0.640821	0.016273	0.032701
MGYG000000515__gradient_L5_pectin_gapseq	1359	1522	368	R_EX_cpd11416_c0	0.640821	0.016273	0.030634
MGYG000000515__gradient_L6_resistant_starch_gapseq	1359	1522	368	R_EX_cpd11416_c0	1.152857	0.016273	0.030396
MGYG000000515__gradient_L7_bglucan_gapseq	1359	1522	368	R_EX_cpd11416_c0	1.334889	0.016273	0.033621
MGYG000000515__gradient_L8_hmo_gapseq	1359	1522	368	R_EX_cpd11416_c0	1.334889	0.016273	0.034081
MGYG000000515__gradient_L9_mos_gapseq	1359	1522	368	R_EX_cpd11416_c0	1.424781	0.016273	0.035850
MGYG000000519__gradient_L0_base_gapseq	1033	1050	189	R_EX_cpd11416_c0	-0.000000	0.014521	0.009222
MGYG000000519__gradient_L1_inulin_gapseq	1033	1050	189	R_EX_cpd11416_c0	1.080395	0.014521	0.014438
MGYG000000519__gradient_L2_fos_gapseq	1033	1050	189	R_EX_cpd11416_c0	1.080395	0.014521	0.016869
MGYG000000519__gradient_L3_gos_gapseq	1033	1050	189	R_EX_cpd11416_c0	1.183692	0.014521	0.015027
MGYG000000519__gradient_L4_xos_gapseq	1033	1050	189	R_EX_cpd11416_c0	1.183692	0.014521	0.020973
MGYG000000519__gradient_L5_pectin_gapseq	1033	1050	189	R_EX_cpd11416_c0	1.183692	0.014521	0.015090
MGYG000000519__gradient_L6_resistant_starch_gapseq	1033	1050	189	R_EX_cpd11416_c0	1.330602	0.014521	0.019649
MGYG000000519__gradient_L7_bglucan_gapseq	1033	1050	189	R_EX_cpd11416_c0	1.330602	0.014521	0.014251
MGYG000000519__gradient_L8_hmo_gapseq	1033	1050	189	R_EX_cpd11416_c0	1.330602	0.014521	0.019877
MGYG000000519__gradient_L9_mos_gapseq	1033	1050	189	R_EX_cpd11416_c0	1.330602	0.014521	0.014515
MGYG000000524__gradient_L0_base_gapseq	1037	1039	212	R_EX_cpd11416_c0	-0.000000	0.011194	0.005189
MGYG000000524__gradient_L1_inulin_gapseq	1037	1039	212	R_EX_cpd11416_c0	-0.000000	0.011194	0.005395
MGYG000000524__gradient_L2_fos_gapseq	1037	1039	212	R_EX_cpd11416_c0	-0.000000	0.011194	0.005736
MGYG000000524__gradient_L3_gos_gapseq	1037	1039	212	R_EX_cpd11416_c0	-0.000000	0.011194	0.005373
MGYG000000524__gradient_L4_xos_gapseq	1037	1039	212	R_EX_cpd11416_c0	0.538874	0.011194	0.012130
MGYG000000524__gradient_L5_pectin_gapseq	1037	1039	212	R_EX_cpd11416_c0	0.572109	0.011194	0.012253
MGYG000000524__gradient_L6_resistant_starch_gapseq	1037	1039	212	R_EX_cpd11416_c0	1.234433	0.011194	0.017410
MGYG000000524__gradient_L7_bglucan_gapseq	1037	1039	212	R_EX_cpd11416_c0	1.469452	0.011194	0.012518
MGYG000000524__gradient_L8_hmo_gapseq	1037	1039	212	R_EX_cpd11416_c0	1.469452	0.011194	0.012825
MGYG000000524__gradient_L9_mos_gapseq	1037	1039	212	R_EX_cpd11416_c0	1.469452	0.011194	0.019272
MGYG000000542__gradient_L0_base_gapseq	1207	1284	224	R_EX_cpd11416_c0	-0.000000	0.013691	0.007426
MGYG000000542__gradient_L1_inulin_gapseq	1207	1284	224	R_EX_cpd11416_c0	-0.000000	0.013691	0.010012
MGYG000000542__gradient_L2_fos_gapseq	1207	1284	224	R_EX_cpd11416_c0	-0.000000	0.013691	0.010139
MGYG000000542__gradient_L3_gos_gapseq	1207	1284	224	R_EX_cpd11416_c0	0.845900	0.013691	0.025279
MGYG000000542__gradient_L4_xos_gapseq	1207	1284	224	R_EX_cpd11416_c0	0.845900	0.013691	0.019105
MGYG000000542__gradient_L5_pectin_gapseq	1207	1284	224	R_EX_cpd11416_c0	0.845900	0.013691	0.024450
MGYG000000542__gradient_L6_resistant_starch_gapseq	1207	1284	224	R_EX_cpd11416_c0	1.448123	0.013691	0.021404
MGYG000000542__gradient_L7_bglucan_gapseq	1207	1284	224	R_EX_cpd11416_c0	1.448123	0.013691	0.024215
MGYG000000542__gradient_L8_hmo_gapseq	1207	1284	224	R_EX_cpd11416_c0	1.448123	0.013691	0.022571
MGYG000000542__gradient_L9_mos_gapseq	1207	1284	224	R_EX_cpd11416_c0	1.557188	0.013691	0.022846
MGYG000000544__gradient_L0_base_gapseq	1040	1077	192	R_EX_cpd11416_c0	-0.000000	0.012136	0.005697
MGYG000000544__gradient_L1_inulin_gapseq	1040	1077	192	R_EX_cpd11416_c0	-0.000000	0.012136	0.005528
MGYG000000544__gradient_L2_fos_gapseq	1040	1077	192	R_EX_cpd11416_c0	-0.000000	0.012136	0.005617
MGYG000000544__gradient_L3_gos_gapseq	1040	1077	192	R_EX_cpd11416_c0	-0.000000	0.012136	0.006178
MGYG000000544__gradient_L4_xos_gapseq	1040	1077	192	R_EX_cpd11416_c0	-0.000000	0.012136	0.007810
MGYG000000544__gradient_L5_pectin_gapseq	1040	1077	192	R_EX_cpd11416_c0	-0.000000	0.012136	0.010673
MGYG000000544__gradient_L6_resistant_starch_gapseq	1040	1077	192	R_EX_cpd11416_c0	-0.000000	0.012136	0.006600
MGYG000000544__gradient_L7_bglucan_gapseq	1040	1077	192	R_EX_cpd11416_c0	-0.000000	0.012136	0.006510
MGYG000000544__gradient_L8_hmo_gapseq	1040	1077	192	R_EX_cpd11416_c0	-0.000000	0.012136	0.006674
MGYG000000544__gradient_L9_mos_gapseq	1040	1077	192	R_EX_cpd11416_c0	-0.000000	0.012136	0.008526
MGYG000000549__gradient_L0_base_gapseq	1133	1196	206	R_EX_cpd11416_c0	-0.000000	0.013557	0.007454
MGYG000000549__gradient_L1_inulin_gapseq	1133	1196	206	R_EX_cpd11416_c0	0.149458	0.013557	0.017085
MGYG000000549__gradient_L2_fos_gapseq	1133	1196	206	R_EX_cpd11416_c0	0.149458	0.013557	0.022518
MGYG000000549__gradient_L3_gos_gapseq	1133	1196	206	R_EX_cpd11416_c0	0.149458	0.013557	0.022863
MGYG000000549__gradient_L4_xos_gapseq	1133	1196	206	R_EX_cpd11416_c0	0.149458	0.013557	0.017312
MGYG000000549__gradient_L5_pectin_gapseq	1133	1196	206	R_EX_cpd11416_c0	0.149458	0.013557	0.018235
MGYG000000549__gradient_L6_resistant_starch_gapseq	1133	1196	206	R_EX_cpd11416_c0	0.216919	0.013557	0.022363
MGYG000000549__gradient_L7_bglucan_gapseq	1133	1196	206	R_EX_cpd11416_c0	0.216919	0.013557	0.020680
MGYG000000549__gradient_L8_hmo_gapseq	1133	1196	206	R_EX_cpd11416_c0	0.216919	0.013557	0.024447
MGYG000000549__gradient_L9_mos_gapseq	1133	1196	206	R_EX_cpd11416_c0	0.282655	0.013557	0.017606
MGYG000000563__gradient_L0_base_gapseq	1109	1210	304	R_EX_cpd11416_c0	0.523107	0.012787	0.019074
MGYG000000563__gradient_L1_inulin_gapseq	1109	1210	304	R_EX_cpd11416_c0	0.638920	0.012787	0.018507
MGYG000000563__gradient_L2_fos_gapseq	1109	1210	304	R_EX_cpd11416_c0	0.638920	0.012787	0.021202
MGYG000000563__gradient_L3_gos_gapseq	1109	1210	304	R_EX_cpd11416_c0	0.863599	0.012787	0.029958
MGYG000000563__gradient_L4_xos_gapseq	1109	1210	304	R_EX_cpd11416_c0	0.863599	0.012787	0.020006
MGYG000000563__gradient_L5_pectin_gapseq	1109	1210	304	R_EX_cpd11416_c0	0.863599	0.012787	0.023691
MGYG000000563__gradient_L6_resistant_starch_gapseq	1109	1210	304	R_EX_cpd11416_c0	1.334429	0.012787	0.018511
MGYG000000563__gradient_L7_bglucan_gapseq	1109	1210	304	R_EX_cpd11416_c0	1.334429	0.012787	0.018671
MGYG000000563__gradient_L8_hmo_gapseq	1109	1210	304	R_EX_cpd11416_c0	1.334429	0.012787	0.023404
MGYG000000563__gradient_L9_mos_gapseq	1109	1210	304	R_EX_cpd11416_c0	1.443734	0.012787	0.023834
MGYG000000572__gradient_L0_base_gapseq	1141	1197	208	R_EX_cpd11416_c0	-0.000000	0.017265	0.007414
MGYG000000572__gradient_L1_inulin_gapseq	1141	1197	208	R_EX_cpd11416_c0	-0.000000	0.017265	0.007501
MGYG000000572__gradient_L2_fos_gapseq	1141	1197	208	R_EX_cpd11416_c0	-0.000000	0.017265	0.007374
MGYG000000572__gradient_L3_gos_gapseq	1141	1197	208	R_EX_cpd11416_c0	-0.000000	0.017265	0.008167
MGYG000000572__gradient_L4_xos_gapseq	1141	1197	208	R_EX_cpd11416_c0	-0.000000	0.017265	0.011777
MGYG000000572__gradient_L5_pectin_gapseq	1141	1197	208	R_EX_cpd11416_c0	-0.000000	0.017265	0.007130
MGYG000000572__gradient_L6_resistant_starch_gapseq	1141	1197	208	R_EX_cpd11416_c0	-0.000000	0.017265	0.007472
MGYG000000572__gradient_L7_bglucan_gapseq	1141	1197	208	R_EX_cpd11416_c0	-0.000000	0.017265	0.007738
MGYG000000572__gradient_L8_hmo_gapseq	1141	1197	208	R_EX_cpd11416_c0	-0.000000	0.017265	0.007612
MGYG000000572__gradient_L9_mos_gapseq	1141	1197	208	R_EX_cpd11416_c0	-0.000000	0.017265	0.013036
MGYG000000582__gradient_L0_base_gapseq	1343	1603	386	R_EX_cpd11416_c0	0.776199	0.017440	0.026407
MGYG000000582__gradient_L1_inulin_gapseq	1343	1603	386	R_EX_cpd11416_c0	0.999233	0.017440	0.034294
MGYG000000582__gradient_L2_fos_gapseq	1343	1603	386	R_EX_cpd11416_c0	0.999233	0.017440	0.035135
MGYG000000582__gradient_L3_gos_gapseq	1343	1603	386	R_EX_cpd11416_c0	1.239877	0.017440	0.026284
MGYG000000582__gradient_L4_xos_gapseq	1343	1603	386	R_EX_cpd11416_c0	1.281130	0.017440	0.029919
MGYG000000582__gradient_L5_pectin_gapseq	1343	1603	386	R_EX_cpd11416_c0	1.281130	0.017440	0.032657
MGYG000000582__gradient_L6_resistant_starch_gapseq	1343	1603	386	R_EX_cpd11416_c0	1.778459	0.017440	0.029622
MGYG000000582__gradient_L7_bglucan_gapseq	1343	1603	386	R_EX_cpd11416_c0	1.778459	0.017440	0.029380
MGYG000000582__gradient_L8_hmo_gapseq	1343	1603	386	R_EX_cpd11416_c0	1.778459	0.017440	0.033359
MGYG000000582__gradient_L9_mos_gapseq	1343	1603	386	R_EX_cpd11416_c0	1.888468	0.017440	0.034457
MGYG000000604__gradient_L0_base_gapseq	1263	1421	350	R_EX_cpd11416_c0	-0.000000	0.015054	0.009702
MGYG000000604__gradient_L1_inulin_gapseq	1263	1421	350	R_EX_cpd11416_c0	-0.000000	0.015054	0.009359
MGYG000000604__gradient_L2_fos_gapseq	1263	1421	350	R_EX_cpd11416_c0	-0.000000	0.015054	0.013373
MGYG000000604__gradient_L3_gos_gapseq	1263	1421	350	R_EX_cpd11416_c0	0.809075	0.015054	0.024560
MGYG000000604__gradient_L4_xos_gapseq	1263	1421	350	R_EX_cpd11416_c0	0.937653	0.015054	0.029718
MGYG000000604__gradient_L5_pectin_gapseq	1263	1421	350	R_EX_cpd11416_c0	0.937653	0.015054	0.031703
MGYG000000604__gradient_L6_resistant_starch_gapseq	1263	1421	350	R_EX_cpd11416_c0	1.711562	0.015054	0.025993
MGYG000000604__gradient_L7_bglucan_gapseq	1263	1421	350	R_EX_cpd11416_c0	1.974017	0.015054	0.028326
MGYG000000604__gradient_L8_hmo_gapseq	1263	1421	350	R_EX_cpd11416_c0	1.974017	0.015054	0.023653
MGYG000000604__gradient_L9_mos_gapseq	1263	1421	350	R_EX_cpd11416_c0	2.117583	0.015054	0.029754
MGYG000000606__gradient_L0_base_gapseq	1219	1363	333	R_EX_cpd11416_c0	0.740023	0.014730	0.024770
MGYG000000606__gradient_L1_inulin_gapseq	1219	1363	333	R_EX_cpd11416_c0	0.847133	0.014730	0.020160
MGYG000000606__gradient_L2_fos_gapseq	1219	1363	333	R_EX_cpd11416_c0	0.847133	0.014730	0.025558
MGYG000000606__gradient_L3_gos_gapseq	1219	1363	333	R_EX_cpd11416_c0	0.927466	0.014730	0.022910
MGYG000000606__gradient_L4_xos_gapseq	1219	1363	333	R_EX_cpd11416_c0	0.927466	0.014730	0.021875
MGYG000000606__gradient_L5_pectin_gapseq	1219	1363	333	R_EX_cpd11416_c0	0.927466	0.014730	0.025967
MGYG000000606__gradient_L6_resistant_starch_gapseq	1219	1363	333	R_EX_cpd11416_c0	1.146465	0.014730	0.025855
MGYG000000606__gradient_L7_bglucan_gapseq	1219	1363	333	R_EX_cpd11416_c0	1.146465	0.014730	0.019795
MGYG000000606__gradient_L8_hmo_gapseq	1219	1363	333	R_EX_cpd11416_c0	1.146465	0.014730	0.023505
MGYG000000606__gradient_L9_mos_gapseq	1219	1363	333	R_EX_cpd11416_c0	1.219092	0.014730	0.021716
MGYG000000616__gradient_L0_base_gapseq	1186	1244	281	R_EX_cpd11416_c0	-0.000000	0.013465	0.007747
MGYG000000616__gradient_L1_inulin_gapseq	1186	1244	281	R_EX_cpd11416_c0	-0.000000	0.013465	0.007302
MGYG000000616__gradient_L2_fos_gapseq	1186	1244	281	R_EX_cpd11416_c0	-0.000000	0.013465	0.014781
MGYG000000616__gradient_L3_gos_gapseq	1186	1244	281	R_EX_cpd11416_c0	-0.000000	0.013465	0.010531
MGYG000000616__gradient_L4_xos_gapseq	1186	1244	281	R_EX_cpd11416_c0	-0.000000	0.013465	0.007611
MGYG000000616__gradient_L5_pectin_gapseq	1186	1244	281	R_EX_cpd11416_c0	0.289861	0.013465	0.022445
MGYG000000616__gradient_L6_resistant_starch_gapseq	1186	1244	281	R_EX_cpd11416_c0	0.289861	0.013465	0.025316
MGYG000000616__gradient_L7_bglucan_gapseq	1186	1244	281	R_EX_cpd11416_c0	0.289861	0.013465	0.019754
MGYG000000616__gradient_L8_hmo_gapseq	1186	1244	281	R_EX_cpd11416_c0	0.289861	0.013465	0.025029
MGYG000000616__gradient_L9_mos_gapseq	1186	1244	281	R_EX_cpd11416_c0	0.289861	0.013465	0.018750
MGYG000000620__gradient_L0_base_gapseq	1140	1281	342	R_EX_cpd11416_c0	0.601525	0.013591	0.019259
MGYG000000620__gradient_L1_inulin_gapseq	1140	1281	342	R_EX_cpd11416_c0	0.714313	0.013591	0.024858
MGYG000000620__gradient_L2_fos_gapseq	1140	1281	342	R_EX_cpd11416_c0	0.714313	0.013591	0.019246
MGYG000000620__gradient_L3_gos_gapseq	1140	1281	342	R_EX_cpd11416_c0	0.932839	0.013591	0.025503
MGYG000000620__gradient_L4_xos_gapseq	1140	1281	342	R_EX_cpd11416_c0	0.932839	0.013591	0.026175
MGYG000000620__gradient_L5_pectin_gapseq	1140	1281	342	R_EX_cpd11416_c0	0.932839	0.013591	0.020164
MGYG000000620__gradient_L6_resistant_starch_gapseq	1140	1281	342	R_EX_cpd11416_c0	1.043760	0.013591	0.024889
MGYG000000620__gradient_L7_bglucan_gapseq	1140	1281	342	R_EX_cpd11416_c0	1.043760	0.013591	0.019362
MGYG000000620__gradient_L8_hmo_gapseq	1140	1281	342	R_EX_cpd11416_c0	1.043760	0.013591	0.019792
MGYG000000620__gradient_L9_mos_gapseq	1140	1281	342	R_EX_cpd11416_c0	1.152439	0.013591	0.024712
MGYG000000623__gradient_L0_base_gapseq	1350	1551	450	R_EX_cpd11416_c0	0.323235	0.016901	0.025405
MGYG000000623__gradient_L1_inulin_gapseq	1350	1551	450	R_EX_cpd11416_c0	0.495632	0.016901	0.025605
MGYG000000623__gradient_L2_fos_gapseq	1350	1551	450	R_EX_cpd11416_c0	0.495632	0.016901	0.034967
MGYG000000623__gradient_L3_gos_gapseq	1350	1551	450	R_EX_cpd11416_c0	0.793849	0.016901	0.024166
MGYG000000623__gradient_L4_xos_gapseq	1350	1551	450	R_EX_cpd11416_c0	0.827487	0.016901	0.031070
MGYG000000623__gradient_L5_pectin_gapseq	1350	1551	450	R_EX_cpd11416_c0	0.827487	0.016901	0.038447
MGYG000000623__gradient_L6_resistant_starch_gapseq	1350	1551	450	R_EX_cpd11416_c0	1.395498	0.016901	0.030179
MGYG000000623__gradient_L7_bglucan_gapseq	1350	1551	450	R_EX_cpd11416_c0	1.593337	0.016901	0.028206
MGYG000000623__gradient_L8_hmo_gapseq	1350	1551	450	R_EX_cpd11416_c0	1.733739	0.016901	0.034178
MGYG000000623__gradient_L9_mos_gapseq	1350	1551	450	R_EX_cpd11416_c0	1.733739	0.016901	0.026629
MGYG000000627__gradient_L0_base_gapseq	1336	1492	329	R_EX_cpd11416_c0	0.350046	0.015535	0.031133
MGYG000000627__gradient_L1_inulin_gapseq	1336	1492	329	R_EX_cpd11416_c0	0.461051	0.015535	0.025883
MGYG000000627__gradient_L2_fos_gapseq	1336	1492	329	R_EX_cpd11416_c0	0.461051	0.015535	0.028926
MGYG000000627__gradient_L3_gos_gapseq	1336	1492	329	R_EX_cpd11416_c0	0.639584	0.015535	0.025893
MGYG000000627__gradient_L4_xos_gapseq	1336	1492	329	R_EX_cpd11416_c0	0.639584	0.015535	0.030898
MGYG000000627__gradient_L5_pectin_gapseq	1336	1492	329	R_EX_cpd11416_c0	0.639584	0.015535	0.031570
MGYG000000627__gradient_L6_resistant_starch_gapseq	1336	1492	329	R_EX_cpd11416_c0	0.978123	0.015535	0.025382
MGYG000000627__gradient_L7_bglucan_gapseq	1336	1492	329	R_EX_cpd11416_c0	0.994383	0.015535	0.031537
MGYG000000627__gradient_L8_hmo_gapseq	1336	1492	329	R_EX_cpd11416_c0	0.994383	0.015535	0.028909
MGYG000000627__gradient_L9_mos_gapseq	1336	1492	329	R_EX_cpd11416_c0	0.994383	0.015535	0.027119
MGYG000000630__gradient_L0_base_gapseq	1233	1332	323	R_EX_cpd11416_c0	0.077642	0.014652	0.027038
MGYG000000630__gradient_L1_inulin_gapseq	1233	1332	323	R_EX_cpd11416_c0	0.176641	0.014652	0.024580
MGYG000000630__gradient_L2_fos_gapseq	1233	1332	323	R_EX_cpd11416_c0	0.176641	0.014652	0.025221
MGYG000000630__gradient_L3_gos_gapseq	1233	1332	323	R_EX_cpd11416_c0	0.176641	0.014652	0.025354
MGYG000000630__gradient_L4_xos_gapseq	1233	1332	323	R_EX_cpd11416_c0	0.176641	0.014652	0.026515
MGYG000000630__gradient_L5_pectin_gapseq	1233	1332	323	R_EX_cpd11416_c0	0.176641	0.014652	0.025863
MGYG000000630__gradient_L6_resistant_starch_gapseq	1233	1332	323	R_EX_cpd11416_c0	0.176641	0.014652	0.024395
MGYG000000630__gradient_L7_bglucan_gapseq	1233	1332	323	R_EX_cpd11416_c0	0.176641	0.014652	0.022369
MGYG000000630__gradient_L8_hmo_gapseq	1233	1332	323	R_EX_cpd11416_c0	0.176641	0.014652	0.021613
MGYG000000630__gradient_L9_mos_gapseq	1233	1332	323	R_EX_cpd11416_c0	0.176641	0.014652	0.040302
MGYG000000631__gradient_L0_base_gapseq	1258	1439	339	R_EX_cpd11416_c0	0.787844	0.016545	0.028367
MGYG000000631__gradient_L1_inulin_gapseq	1258	1439	339	R_EX_cpd11416_c0	0.886889	0.016545	0.028432
MGYG000000631__gradient_L2_fos_gapseq	1258	1439	339	R_EX_cpd11416_c0	0.886889	0.016545	0.022457
MGYG000000631__gradient_L3_gos_gapseq	1258	1439	339	R_EX_cpd11416_c0	0.961172	0.016545	0.028495
MGYG000000631__gradient_L4_xos_gapseq	1258	1439	339	R_EX_cpd11416_c0	0.974678	0.016545	0.027338
MGYG000000631__gradient_L5_pectin_gapseq	1258	1439	339	R_EX_cpd11416_c0	0.974678	0.016545	0.023929
MGYG000000631__gradient_L6_resistant_starch_gapseq	1258	1439	339	R_EX_cpd11416_c0	1.215536	0.016545	0.026737
MGYG000000631__gradient_L7_bglucan_gapseq	1258	1439	339	R_EX_cpd11416_c0	1.215536	0.016545	0.028004
MGYG000000631__gradient_L8_hmo_gapseq	1258	1439	339	R_EX_cpd11416_c0	1.215536	0.016545	0.026673
MGYG000000631__gradient_L9_mos_gapseq	1258	1439	339	R_EX_cpd11416_c0	1.304380	0.016545	0.028290
MGYG000000643__gradient_L0_base_gapseq	1136	1185	279	R_EX_cpd11416_c0	-0.000000	0.013005	0.012616
MGYG000000643__gradient_L1_inulin_gapseq	1136	1185	279	R_EX_cpd11416_c0	-0.000000	0.013005	0.007722
MGYG000000643__gradient_L2_fos_gapseq	1136	1185	279	R_EX_cpd11416_c0	-0.000000	0.013005	0.007467
MGYG000000643__gradient_L3_gos_gapseq	1136	1185	279	R_EX_cpd11416_c0	-0.000000	0.013005	0.008969
MGYG000000643__gradient_L4_xos_gapseq	1136	1185	279	R_EX_cpd11416_c0	-0.000000	0.013005	0.010971
MGYG000000643__gradient_L5_pectin_gapseq	1136	1185	279	R_EX_cpd11416_c0	0.302330	0.013005	0.022277
MGYG000000643__gradient_L6_resistant_starch_gapseq	1136	1185	279	R_EX_cpd11416_c0	0.302330	0.013005	0.016994
MGYG000000643__gradient_L7_bglucan_gapseq	1136	1185	279	R_EX_cpd11416_c0	0.302330	0.013005	0.023329
MGYG000000643__gradient_L8_hmo_gapseq	1136	1185	279	R_EX_cpd11416_c0	0.302330	0.013005	0.017916
MGYG000000643__gradient_L9_mos_gapseq	1136	1185	279	R_EX_cpd11416_c0	0.302330	0.013005	0.024076
MGYG000000644__gradient_L0_base_gapseq	1343	1599	417	R_EX_cpd11416_c0	-0.000000	0.017055	0.011846
MGYG000000644__gradient_L1_inulin_gapseq	1343	1599	417	R_EX_cpd11416_c0	-0.000000	0.017055	0.017085
MGYG000000644__gradient_L2_fos_gapseq	1343	1599	417	R_EX_cpd11416_c0	-0.000000	0.017055	0.022706
MGYG000000644__gradient_L3_gos_gapseq	1343	1599	417	R_EX_cpd11416_c0	0.803665	0.017055	0.034518
MGYG000000644__gradient_L4_xos_gapseq	1343	1599	417	R_EX_cpd11416_c0	0.865840	0.017055	0.033255
MGYG000000644__gradient_L5_pectin_gapseq	1343	1599	417	R_EX_cpd11416_c0	0.898079	0.017055	0.029206
MGYG000000644__gradient_L6_resistant_starch_gapseq	1343	1599	417	R_EX_cpd11416_c0	1.360941	0.017055	0.037247
MGYG000000644__gradient_L7_bglucan_gapseq	1343	1599	417	R_EX_cpd11416_c0	1.519833	0.017055	0.031934
MGYG000000644__gradient_L8_hmo_gapseq	1343	1599	417	R_EX_cpd11416_c0	1.519833	0.017055	0.032593
MGYG000000644__gradient_L9_mos_gapseq	1343	1599	417	R_EX_cpd11416_c0	1.621156	0.017055	0.037105
MGYG000000654__gradient_L0_base_gapseq	827	825	176	R_EX_cpd11416_c0	-0.000000	0.008713	0.004867
MGYG000000654__gradient_L1_inulin_gapseq	827	825	176	R_EX_cpd11416_c0	-0.000000	0.008713	0.004631
MGYG000000654__gradient_L2_fos_gapseq	827	825	176	R_EX_cpd11416_c0	-0.000000	0.008713	0.005488
MGYG000000654__gradient_L3_gos_gapseq	827	825	176	R_EX_cpd11416_c0	-0.000000	0.008713	0.008531
MGYG000000654__gradient_L4_xos_gapseq	827	825	176	R_EX_cpd11416_c0	-0.000000	0.008713	0.004802
MGYG000000654__gradient_L5_pectin_gapseq	827	825	176	R_EX_cpd11416_c0	-0.000000	0.008713	0.004481
MGYG000000654__gradient_L6_resistant_starch_gapseq	827	825	176	R_EX_cpd11416_c0	-0.000000	0.008713	0.004370
MGYG000000654__gradient_L7_bglucan_gapseq	827	825	176	R_EX_cpd11416_c0	-0.000000	0.008713	0.004551
MGYG000000654__gradient_L8_hmo_gapseq	827	825	176	R_EX_cpd11416_c0	-0.000000	0.008713	0.004584
MGYG000000654__gradient_L9_mos_gapseq	827	825	176	R_EX_cpd11416_c0	-0.000000	0.008713	0.004378
MGYG000000659__gradient_L0_base_gapseq	887	934	183	R_EX_cpd11416_c0	-0.000000	0.009962	0.005299
MGYG000000659__gradient_L1_inulin_gapseq	887	934	183	R_EX_cpd11416_c0	-0.000000	0.009962	0.010153
MGYG000000659__gradient_L2_fos_gapseq	887	934	183	R_EX_cpd11416_c0	-0.000000	0.009962	0.005098
MGYG000000659__gradient_L3_gos_gapseq	887	934	183	R_EX_cpd11416_c0	-0.000000	0.009962	0.005200
MGYG000000659__gradient_L4_xos_gapseq	887	934	183	R_EX_cpd11416_c0	-0.000000	0.009962	0.005125
MGYG000000659__gradient_L5_pectin_gapseq	887	934	183	R_EX_cpd11416_c0	-0.000000	0.009962	0.005296
MGYG000000659__gradient_L6_resistant_starch_gapseq	887	934	183	R_EX_cpd11416_c0	-0.000000	0.009962	0.005401
MGYG000000659__gradient_L7_bglucan_gapseq	887	934	183	R_EX_cpd11416_c0	-0.000000	0.009962	0.008006
MGYG000000659__gradient_L8_hmo_gapseq	887	934	183	R_EX_cpd11416_c0	-0.000000	0.009962	0.007802
MGYG000000659__gradient_L9_mos_gapseq	887	934	183	R_EX_cpd11416_c0	-0.000000	0.009962	0.005476
MGYG000000660__gradient_L0_base_gapseq	1047	1167	278	R_EX_cpd11416_c0	0.526725	0.012485	0.017065
MGYG000000660__gradient_L1_inulin_gapseq	1047	1167	278	R_EX_cpd11416_c0	0.756574	0.012485	0.021945
MGYG000000660__gradient_L2_fos_gapseq	1047	1167	278	R_EX_cpd11416_c0	0.756574	0.012485	0.016554
MGYG000000660__gradient_L3_gos_gapseq	1047	1167	278	R_EX_cpd11416_c0	0.986422	0.012485	0.022726
MGYG000000660__gradient_L4_xos_gapseq	1047	1167	278	R_EX_cpd11416_c0	0.986422	0.012485	0.017667
MGYG000000660__gradient_L5_pectin_gapseq	1047	1167	278	R_EX_cpd11416_c0	0.986422	0.012485	0.019401
MGYG000000660__gradient_L6_resistant_starch_gapseq	1047	1167	278	R_EX_cpd11416_c0	1.463684	0.012485	0.017089
MGYG000000660__gradient_L7_bglucan_gapseq	1047	1167	278	R_EX_cpd11416_c0	1.463684	0.012485	0.023299
MGYG000000660__gradient_L8_hmo_gapseq	1047	1167	278	R_EX_cpd11416_c0	1.463684	0.012485	0.016936
MGYG000000660__gradient_L9_mos_gapseq	1047	1167	278	R_EX_cpd11416_c0	1.575381	0.012485	0.022323
MGYG000000672__gradient_L0_base_gapseq	1215	1353	313	R_EX_cpd11416_c0	0.335139	0.014327	0.019790
MGYG000000672__gradient_L1_inulin_gapseq	1215	1353	313	R_EX_cpd11416_c0	0.459033	0.014327	0.023561
MGYG000000672__gradient_L2_fos_gapseq	1215	1353	313	R_EX_cpd11416_c0	0.459033	0.014327	0.020871
MGYG000000672__gradient_L3_gos_gapseq	1215	1353	313	R_EX_cpd11416_c0	0.539610	0.014327	0.024528
MGYG000000672__gradient_L4_xos_gapseq	1215	1353	313	R_EX_cpd11416_c0	0.539610	0.014327	0.025284
MGYG000000672__gradient_L5_pectin_gapseq	1215	1353	313	R_EX_cpd11416_c0	0.539610	0.014327	0.025457
MGYG000000672__gradient_L6_resistant_starch_gapseq	1215	1353	313	R_EX_cpd11416_c0	0.815524	0.014327	0.019722
MGYG000000672__gradient_L7_bglucan_gapseq	1215	1353	313	R_EX_cpd11416_c0	0.815524	0.014327	0.027291
MGYG000000672__gradient_L8_hmo_gapseq	1215	1353	313	R_EX_cpd11416_c0	0.815524	0.014327	0.019549
MGYG000000672__gradient_L9_mos_gapseq	1215	1353	313	R_EX_cpd11416_c0	0.922959	0.014327	0.025519
MGYG000000676__gradient_L0_base_gapseq	1051	1154	253	R_EX_cpd11416_c0	0.275536	0.012496	0.023476
MGYG000000676__gradient_L1_inulin_gapseq	1051	1154	253	R_EX_cpd11416_c0	0.458568	0.012496	0.018475
MGYG000000676__gradient_L2_fos_gapseq	1051	1154	253	R_EX_cpd11416_c0	0.458568	0.012496	0.022447
MGYG000000676__gradient_L3_gos_gapseq	1051	1154	253	R_EX_cpd11416_c0	0.789995	0.012496	0.024683
MGYG000000676__gradient_L4_xos_gapseq	1051	1154	253	R_EX_cpd11416_c0	0.888293	0.012496	0.018824
MGYG000000676__gradient_L5_pectin_gapseq	1051	1154	253	R_EX_cpd11416_c0	0.888293	0.012496	0.023429
MGYG000000676__gradient_L6_resistant_starch_gapseq	1051	1154	253	R_EX_cpd11416_c0	1.604626	0.012496	0.018955
MGYG000000676__gradient_L7_bglucan_gapseq	1051	1154	253	R_EX_cpd11416_c0	1.853830	0.012496	0.024124
MGYG000000676__gradient_L8_hmo_gapseq	1051	1154	253	R_EX_cpd11416_c0	1.853830	0.012496	0.024272
MGYG000000676__gradient_L9_mos_gapseq	1051	1154	253	R_EX_cpd11416_c0	1.983498	0.012496	0.018688
MGYG000000683__gradient_L0_base_gapseq	1172	1264	246	R_EX_cpd11416_c0	0.380654	0.014365	0.019707
MGYG000000683__gradient_L1_inulin_gapseq	1172	1264	246	R_EX_cpd11416_c0	0.523962	0.014365	0.025023
MGYG000000683__gradient_L2_fos_gapseq	1172	1264	246	R_EX_cpd11416_c0	0.523962	0.014365	0.022598
MGYG000000683__gradient_L3_gos_gapseq	1172	1264	246	R_EX_cpd11416_c0	0.523962	0.014365	0.021909
MGYG000000683__gradient_L4_xos_gapseq	1172	1264	246	R_EX_cpd11416_c0	0.523962	0.014365	0.019923
MGYG000000683__gradient_L5_pectin_gapseq	1172	1264	246	R_EX_cpd11416_c0	0.523962	0.014365	0.025711
MGYG000000683__gradient_L6_resistant_starch_gapseq	1172	1264	246	R_EX_cpd11416_c0	1.175564	0.014365	0.021587
MGYG000000683__gradient_L7_bglucan_gapseq	1172	1264	246	R_EX_cpd11416_c0	1.175564	0.014365	0.024408
MGYG000000683__gradient_L8_hmo_gapseq	1172	1264	246	R_EX_cpd11416_c0	1.175564	0.014365	0.025030
MGYG000000683__gradient_L9_mos_gapseq	1172	1264	246	R_EX_cpd11416_c0	1.175564	0.014365	0.023013
MGYG000000684__gradient_L0_base_gapseq	1167	1290	313	R_EX_cpd11416_c0	0.555700	0.013551	0.018571
MGYG000000684__gradient_L1_inulin_gapseq	1167	1290	313	R_EX_cpd11416_c0	0.770814	0.013551	0.024912
MGYG000000684__gradient_L2_fos_gapseq	1167	1290	313	R_EX_cpd11416_c0	0.770814	0.013551	0.018776
MGYG000000684__gradient_L3_gos_gapseq	1167	1290	313	R_EX_cpd11416_c0	0.985927	0.013551	0.019693
MGYG000000684__gradient_L4_xos_gapseq	1167	1290	313	R_EX_cpd11416_c0	1.043886	0.013551	0.018761
MGYG000000684__gradient_L5_pectin_gapseq	1167	1290	313	R_EX_cpd11416_c0	1.043886	0.013551	0.023689
MGYG000000684__gradient_L6_resistant_starch_gapseq	1167	1290	313	R_EX_cpd11416_c0	1.310558	0.013551	0.019032
MGYG000000684__gradient_L7_bglucan_gapseq	1167	1290	313	R_EX_cpd11416_c0	1.310558	0.013551	0.025421
MGYG000000684__gradient_L8_hmo_gapseq	1167	1290	313	R_EX_cpd11416_c0	1.310558	0.013551	0.019217
MGYG000000684__gradient_L9_mos_gapseq	1167	1290	313	R_EX_cpd11416_c0	1.419962	0.013551	0.027027
MGYG000000693__gradient_L0_base_gapseq	1164	1312	317	R_EX_cpd11416_c0	0.779040	0.013981	0.025389
MGYG000000693__gradient_L1_inulin_gapseq	1164	1312	317	R_EX_cpd11416_c0	1.072052	0.013981	0.025247
MGYG000000693__gradient_L2_fos_gapseq	1164	1312	317	R_EX_cpd11416_c0	1.072052	0.013981	0.024368
MGYG000000693__gradient_L3_gos_gapseq	1164	1312	317	R_EX_cpd11416_c0	1.366256	0.013981	0.020252
MGYG000000693__gradient_L4_xos_gapseq	1164	1312	317	R_EX_cpd11416_c0	1.366256	0.013981	0.030377
MGYG000000693__gradient_L5_pectin_gapseq	1164	1312	317	R_EX_cpd11416_c0	1.366256	0.013981	0.020176
MGYG000000693__gradient_L6_resistant_starch_gapseq	1164	1312	317	R_EX_cpd11416_c0	1.983638	0.013981	0.021072
MGYG000000693__gradient_L7_bglucan_gapseq	1164	1312	317	R_EX_cpd11416_c0	1.983638	0.013981	0.032039
MGYG000000693__gradient_L8_hmo_gapseq	1164	1312	317	R_EX_cpd11416_c0	1.983638	0.013981	0.020987
MGYG000000693__gradient_L9_mos_gapseq	1164	1312	317	R_EX_cpd11416_c0	2.126283	0.013981	0.027944
MGYG000000694__gradient_L0_base_gapseq	1168	1302	293	R_EX_cpd11416_c0	-0.000000	0.013851	0.007597
MGYG000000694__gradient_L1_inulin_gapseq	1168	1302	293	R_EX_cpd11416_c0	-0.000000	0.013851	0.007765
MGYG000000694__gradient_L2_fos_gapseq	1168	1302	293	R_EX_cpd11416_c0	-0.000000	0.013851	0.013170
MGYG000000694__gradient_L3_gos_gapseq	1168	1302	293	R_EX_cpd11416_c0	-0.000000	0.013851	0.007836
MGYG000000694__gradient_L4_xos_gapseq	1168	1302	293	R_EX_cpd11416_c0	-0.000000	0.013851	0.008041
MGYG000000694__gradient_L5_pectin_gapseq	1168	1302	293	R_EX_cpd11416_c0	-0.000000	0.013851	0.013772
MGYG000000694__gradient_L6_resistant_starch_gapseq	1168	1302	293	R_EX_cpd11416_c0	-0.000000	0.013851	0.008068
MGYG000000694__gradient_L7_bglucan_gapseq	1168	1302	293	R_EX_cpd11416_c0	-0.000000	0.013851	0.007859
MGYG000000694__gradient_L8_hmo_gapseq	1168	1302	293	R_EX_cpd11416_c0	-0.000000	0.013851	0.008120
MGYG000000694__gradient_L9_mos_gapseq	1168	1302	293	R_EX_cpd11416_c0	-0.000000	0.013851	0.008379
MGYG000000696__gradient_L0_base_gapseq	1378	1611	432	R_EX_cpd11416_c0	-0.000000	0.016543	0.012045
MGYG000000696__gradient_L1_inulin_gapseq	1378	1611	432	R_EX_cpd11416_c0	1.386182	0.016543	0.031389
MGYG000000696__gradient_L2_fos_gapseq	1378	1611	432	R_EX_cpd11416_c0	1.386182	0.016543	0.031794
MGYG000000696__gradient_L3_gos_gapseq	1378	1611	432	R_EX_cpd11416_c0	1.687729	0.016543	0.030152
MGYG000000696__gradient_L4_xos_gapseq	1378	1611	432	R_EX_cpd11416_c0	1.687729	0.016543	0.035218
MGYG000000696__gradient_L5_pectin_gapseq	1378	1611	432	R_EX_cpd11416_c0	1.687729	0.016543	0.034086
MGYG000000696__gradient_L6_resistant_starch_gapseq	1378	1611	432	R_EX_cpd11416_c0	2.272718	0.016543	0.031717
MGYG000000696__gradient_L7_bglucan_gapseq	1378	1611	432	R_EX_cpd11416_c0	2.272718	0.016543	0.029360
MGYG000000696__gradient_L8_hmo_gapseq	1378	1611	432	R_EX_cpd11416_c0	2.272718	0.016543	0.029101
MGYG000000696__gradient_L9_mos_gapseq	1378	1611	432	R_EX_cpd11416_c0	2.276100	0.016543	0.033727
MGYG000000719__gradient_L0_base_gapseq	946	1014	202	R_EX_cpd11416_c0	-0.000000	0.010805	0.006539
MGYG000000719__gradient_L1_inulin_gapseq	946	1014	202	R_EX_cpd11416_c0	-0.000000	0.010805	0.006413
MGYG000000719__gradient_L2_fos_gapseq	946	1014	202	R_EX_cpd11416_c0	-0.000000	0.010805	0.006345
MGYG000000719__gradient_L3_gos_gapseq	946	1014	202	R_EX_cpd11416_c0	-0.000000	0.010805	0.006520
MGYG000000719__gradient_L4_xos_gapseq	946	1014	202	R_EX_cpd11416_c0	1.134891	0.010805	0.015718
MGYG000000719__gradient_L5_pectin_gapseq	946	1014	202	R_EX_cpd11416_c0	1.134891	0.010805	0.020766
MGYG000000719__gradient_L6_resistant_starch_gapseq	946	1014	202	R_EX_cpd11416_c0	1.276753	0.010805	0.015885
MGYG000000719__gradient_L7_bglucan_gapseq	946	1014	202	R_EX_cpd11416_c0	1.276753	0.010805	0.020394
MGYG000000719__gradient_L8_hmo_gapseq	946	1014	202	R_EX_cpd11416_c0	1.276753	0.010805	0.015743
MGYG000000719__gradient_L9_mos_gapseq	946	1014	202	R_EX_cpd11416_c0	1.276753	0.010805	0.024463
MGYG000000722__gradient_L0_base_gapseq	1069	1164	255	R_EX_cpd11416_c0	-0.000000	0.012237	0.011621
MGYG000000722__gradient_L1_inulin_gapseq	1069	1164	255	R_EX_cpd11416_c0	-0.000000	0.012237	0.006285
MGYG000000722__gradient_L2_fos_gapseq	1069	1164	255	R_EX_cpd11416_c0	-0.000000	0.012237	0.006385
MGYG000000722__gradient_L3_gos_gapseq	1069	1164	255	R_EX_cpd11416_c0	0.527176	0.012237	0.015646
MGYG000000722__gradient_L4_xos_gapseq	1069	1164	255	R_EX_cpd11416_c0	0.527176	0.012237	0.021915
MGYG000000722__gradient_L5_pectin_gapseq	1069	1164	255	R_EX_cpd11416_c0	0.527176	0.012237	0.016200
MGYG000000722__gradient_L6_resistant_starch_gapseq	1069	1164	255	R_EX_cpd11416_c0	0.633095	0.012237	0.022840
MGYG000000722__gradient_L7_bglucan_gapseq	1069	1164	255	R_EX_cpd11416_c0	0.633095	0.012237	0.016318
MGYG000000722__gradient_L8_hmo_gapseq	1069	1164	255	R_EX_cpd11416_c0	0.633095	0.012237	0.022428
MGYG000000722__gradient_L9_mos_gapseq	1069	1164	255	R_EX_cpd11416_c0	0.739013	0.012237	0.016278
MGYG000000773__gradient_L0_base_gapseq	1055	1164	265	R_EX_cpd11416_c0	-0.000000	0.012765	0.007042
MGYG000000773__gradient_L1_inulin_gapseq	1055	1164	265	R_EX_cpd11416_c0	-0.000000	0.012765	0.007337
MGYG000000773__gradient_L2_fos_gapseq	1055	1164	265	R_EX_cpd11416_c0	-0.000000	0.012765	0.007199
MGYG000000773__gradient_L3_gos_gapseq	1055	1164	265	R_EX_cpd11416_c0	-0.000000	0.012765	0.012888
MGYG000000773__gradient_L4_xos_gapseq	1055	1164	265	R_EX_cpd11416_c0	-0.000000	0.012765	0.007457
MGYG000000773__gradient_L5_pectin_gapseq	1055	1164	265	R_EX_cpd11416_c0	-0.000000	0.012765	0.007421
MGYG000000773__gradient_L6_resistant_starch_gapseq	1055	1164	265	R_EX_cpd11416_c0	-0.000000	0.012765	0.007486
MGYG000000773__gradient_L7_bglucan_gapseq	1055	1164	265	R_EX_cpd11416_c0	-0.000000	0.012765	0.009840
MGYG000000773__gradient_L8_hmo_gapseq	1055	1164	265	R_EX_cpd11416_c0	-0.000000	0.012765	0.010201
MGYG000000773__gradient_L9_mos_gapseq	1055	1164	265	R_EX_cpd11416_c0	-0.000000	0.012765	0.010989
MGYG000000782__gradient_L0_base_gapseq	1287	1390	338	R_EX_cpd11416_c0	0.383244	0.019467	0.029731
MGYG000000782__gradient_L1_inulin_gapseq	1287	1390	338	R_EX_cpd11416_c0	0.537379	0.019467	0.028108
MGYG000000782__gradient_L2_fos_gapseq	1287	1390	338	R_EX_cpd11416_c0	0.537379	0.019467	0.027886
MGYG000000782__gradient_L3_gos_gapseq	1287	1390	338	R_EX_cpd11416_c0	0.537379	0.019467	0.028115
MGYG000000782__gradient_L4_xos_gapseq	1287	1390	338	R_EX_cpd11416_c0	0.599385	0.019467	0.023227
MGYG000000782__gradient_L5_pectin_gapseq	1287	1390	338	R_EX_cpd11416_c0	0.599385	0.019467	0.028678
MGYG000000782__gradient_L6_resistant_starch_gapseq	1287	1390	338	R_EX_cpd11416_c0	0.714540	0.019467	0.028016
MGYG000000782__gradient_L7_bglucan_gapseq	1287	1390	338	R_EX_cpd11416_c0	0.714540	0.019467	0.023758
MGYG000000782__gradient_L8_hmo_gapseq	1287	1390	338	R_EX_cpd11416_c0	0.714540	0.019467	0.023851
MGYG000000782__gradient_L9_mos_gapseq	1287	1390	338	R_EX_cpd11416_c0	0.714540	0.019467	0.029006
MGYG000000783__gradient_L0_base_gapseq	1331	1484	389	R_EX_cpd11416_c0	0.487625	0.016005	0.035986
MGYG000000783__gradient_L1_inulin_gapseq	1331	1484	389	R_EX_cpd11416_c0	0.618534	0.016005	0.030829
MGYG000000783__gradient_L2_fos_gapseq	1331	1484	389	R_EX_cpd11416_c0	0.618534	0.016005	0.025143
MGYG000000783__gradient_L3_gos_gapseq	1331	1484	389	R_EX_cpd11416_c0	0.709352	0.016005	0.024941
MGYG000000783__gradient_L4_xos_gapseq	1331	1484	389	R_EX_cpd11416_c0	0.709352	0.016005	0.035325
MGYG000000783__gradient_L5_pectin_gapseq	1331	1484	389	R_EX_cpd11416_c0	0.724079	0.016005	0.029545
MGYG000000783__gradient_L6_resistant_starch_gapseq	1331	1484	389	R_EX_cpd11416_c0	0.724079	0.016005	0.024982
MGYG000000783__gradient_L7_bglucan_gapseq	1331	1484	389	R_EX_cpd11416_c0	0.724079	0.016005	0.027694
MGYG000000783__gradient_L8_hmo_gapseq	1331	1484	389	R_EX_cpd11416_c0	0.724079	0.016005	0.031500
MGYG000000783__gradient_L9_mos_gapseq	1331	1484	389	R_EX_cpd11416_c0	0.724079	0.016005	0.025530
MGYG000000821__gradient_L0_base_gapseq	1282	1348	334	R_EX_cpd11416_c0	-0.000000	0.014701	0.009111
MGYG000000821__gradient_L1_inulin_gapseq	1282	1348	334	R_EX_cpd11416_c0	-0.000000	0.014701	0.009802
MGYG000000821__gradient_L2_fos_gapseq	1282	1348	334	R_EX_cpd11416_c0	-0.000000	0.014701	0.014100
MGYG000000821__gradient_L3_gos_gapseq	1282	1348	334	R_EX_cpd11416_c0	-0.000000	0.014701	0.009228
MGYG000000821__gradient_L4_xos_gapseq	1282	1348	334	R_EX_cpd11416_c0	-0.000000	0.014701	0.009389
MGYG000000821__gradient_L5_pectin_gapseq	1282	1348	334	R_EX_cpd11416_c0	-0.000000	0.014701	0.009109
MGYG000000821__gradient_L6_resistant_starch_gapseq	1282	1348	334	R_EX_cpd11416_c0	-0.000000	0.014701	0.015392
MGYG000000821__gradient_L7_bglucan_gapseq	1282	1348	334	R_EX_cpd11416_c0	-0.000000	0.014701	0.009127
MGYG000000821__gradient_L8_hmo_gapseq	1282	1348	334	R_EX_cpd11416_c0	-0.000000	0.014701	0.009828
MGYG000000821__gradient_L9_mos_gapseq	1282	1348	334	R_EX_cpd11416_c0	-0.000000	0.014701	0.012239
MGYG000000822__gradient_L0_base_gapseq	1330	1584	437	R_EX_cpd11416_c0	0.569729	0.016728	0.026482
MGYG000000822__gradient_L1_inulin_gapseq	1330	1584	437	R_EX_cpd11416_c0	0.725555	0.016728	0.032599
MGYG000000822__gradient_L2_fos_gapseq	1330	1584	437	R_EX_cpd11416_c0	0.725555	0.016728	0.030678
MGYG000000822__gradient_L3_gos_gapseq	1330	1584	437	R_EX_cpd11416_c0	0.842425	0.016728	0.030390
MGYG000000822__gradient_L4_xos_gapseq	1330	1584	437	R_EX_cpd11416_c0	0.894689	0.016728	0.025581
MGYG000000822__gradient_L5_pectin_gapseq	1330	1584	437	R_EX_cpd11416_c0	0.894689	0.016728	0.025682
MGYG000000822__gradient_L6_resistant_starch_gapseq	1330	1584	437	R_EX_cpd11416_c0	1.248180	0.016728	0.031528
MGYG000000822__gradient_L7_bglucan_gapseq	1330	1584	437	R_EX_cpd11416_c0	1.357684	0.016728	0.027259
MGYG000000822__gradient_L8_hmo_gapseq	1330	1584	437	R_EX_cpd11416_c0	1.357684	0.016728	0.032495
MGYG000000822__gradient_L9_mos_gapseq	1330	1584	437	R_EX_cpd11416_c0	1.434716	0.016728	0.027403
MGYG000000835__gradient_L0_base_gapseq	1148	1260	325	R_EX_cpd11416_c0	0.595974	0.013757	0.018335
MGYG000000835__gradient_L1_inulin_gapseq	1148	1260	325	R_EX_cpd11416_c0	0.707721	0.013757	0.023317
MGYG000000835__gradient_L2_fos_gapseq	1148	1260	325	R_EX_cpd11416_c0	0.707721	0.013757	0.018345
MGYG000000835__gradient_L3_gos_gapseq	1148	1260	325	R_EX_cpd11416_c0	0.931216	0.013757	0.023216
MGYG000000835__gradient_L4_xos_gapseq	1148	1260	325	R_EX_cpd11416_c0	0.990496	0.013757	0.022918
MGYG000000835__gradient_L5_pectin_gapseq	1148	1260	325	R_EX_cpd11416_c0	0.990496	0.013757	0.017426
MGYG000000835__gradient_L6_resistant_starch_gapseq	1148	1260	325	R_EX_cpd11416_c0	1.462873	0.013757	0.024193
MGYG000000835__gradient_L7_bglucan_gapseq	1148	1260	325	R_EX_cpd11416_c0	1.462873	0.013757	0.027677
MGYG000000835__gradient_L8_hmo_gapseq	1148	1260	325	R_EX_cpd11416_c0	1.462873	0.013757	0.028344
MGYG000000835__gradient_L9_mos_gapseq	1148	1260	325	R_EX_cpd11416_c0	1.573453	0.013757	0.021120
MGYG000000847__gradient_L0_base_gapseq	1428	1560	397	R_EX_cpd11416_c0	0.492118	0.016838	0.033166
MGYG000000847__gradient_L1_inulin_gapseq	1428	1560	397	R_EX_cpd11416_c0	0.654345	0.016838	0.030813
MGYG000000847__gradient_L2_fos_gapseq	1428	1560	397	R_EX_cpd11416_c0	0.654345	0.016838	0.026761
MGYG000000847__gradient_L3_gos_gapseq	1428	1560	397	R_EX_cpd11416_c0	0.654345	0.016838	0.030124
MGYG000000847__gradient_L4_xos_gapseq	1428	1560	397	R_EX_cpd11416_c0	0.654345	0.016838	0.032447
MGYG000000847__gradient_L5_pectin_gapseq	1428	1560	397	R_EX_cpd11416_c0	0.654345	0.016838	0.038600
MGYG000000847__gradient_L6_resistant_starch_gapseq	1428	1560	397	R_EX_cpd11416_c0	0.786148	0.016838	0.026241
MGYG000000847__gradient_L7_bglucan_gapseq	1428	1560	397	R_EX_cpd11416_c0	0.786148	0.016838	0.030502
MGYG000000847__gradient_L8_hmo_gapseq	1428	1560	397	R_EX_cpd11416_c0	0.786148	0.016838	0.031567
MGYG000000847__gradient_L9_mos_gapseq	1428	1560	397	R_EX_cpd11416_c0	0.786148	0.016838	0.025427
MGYG000000858__gradient_L0_base_gapseq	1040	1147	297	R_EX_cpd11416_c0	0.219886	0.012476	0.018046
MGYG000000858__gradient_L1_inulin_gapseq	1040	1147	297	R_EX_cpd11416_c0	0.256921	0.012476	0.021579
MGYG000000858__gradient_L2_fos_gapseq	1040	1147	297	R_EX_cpd11416_c0	0.256921	0.012476	0.016468
MGYG000000858__gradient_L3_gos_gapseq	1040	1147	297	R_EX_cpd11416_c0	0.256921	0.012476	0.022148
MGYG000000858__gradient_L4_xos_gapseq	1040	1147	297	R_EX_cpd11416_c0	0.256921	0.012476	0.016863
MGYG000000858__gradient_L5_pectin_gapseq	1040	1147	297	R_EX_cpd11416_c0	0.256921	0.012476	0.016589
MGYG000000858__gradient_L6_resistant_starch_gapseq	1040	1147	297	R_EX_cpd11416_c0	0.256921	0.012476	0.022363
MGYG000000858__gradient_L7_bglucan_gapseq	1040	1147	297	R_EX_cpd11416_c0	0.256921	0.012476	0.017000
MGYG000000858__gradient_L8_hmo_gapseq	1040	1147	297	R_EX_cpd11416_c0	0.256921	0.012476	0.022307
MGYG000000858__gradient_L9_mos_gapseq	1040	1147	297	R_EX_cpd11416_c0	0.256921	0.012476	0.017052
MGYG000000862__gradient_L0_base_gapseq	1229	1335	323	R_EX_cpd11416_c0	0.403704	0.014717	0.024519
MGYG000000862__gradient_L1_inulin_gapseq	1229	1335	323	R_EX_cpd11416_c0	0.499826	0.014717	0.019252
MGYG000000862__gradient_L2_fos_gapseq	1229	1335	323	R_EX_cpd11416_c0	0.499826	0.014717	0.024225
MGYG000000862__gradient_L3_gos_gapseq	1229	1335	323	R_EX_cpd11416_c0	0.672846	0.014717	0.025698
MGYG000000862__gradient_L4_xos_gapseq	1229	1335	323	R_EX_cpd11416_c0	0.672846	0.014717	0.020064
MGYG000000862__gradient_L5_pectin_gapseq	1229	1335	323	R_EX_cpd11416_c0	0.672846	0.014717	0.025201
MGYG000000862__gradient_L6_resistant_starch_gapseq	1229	1335	323	R_EX_cpd11416_c0	1.077359	0.014717	0.023077
MGYG000000862__gradient_L7_bglucan_gapseq	1229	1335	323	R_EX_cpd11416_c0	1.077359	0.014717	0.020213
MGYG000000862__gradient_L8_hmo_gapseq	1229	1335	323	R_EX_cpd11416_c0	1.077359	0.014717	0.025204
MGYG000000862__gradient_L9_mos_gapseq	1229	1335	323	R_EX_cpd11416_c0	1.171658	0.014717	0.020595
MGYG000000863__gradient_L0_base_gapseq	1180	1306	292	R_EX_cpd11416_c0	-0.000000	0.013717	0.010029
MGYG000000863__gradient_L1_inulin_gapseq	1180	1306	292	R_EX_cpd11416_c0	-0.000000	0.013717	0.014067
MGYG000000863__gradient_L2_fos_gapseq	1180	1306	292	R_EX_cpd11416_c0	-0.000000	0.013717	0.008499
MGYG000000863__gradient_L3_gos_gapseq	1180	1306	292	R_EX_cpd11416_c0	0.655839	0.013717	0.026112
MGYG000000863__gradient_L4_xos_gapseq	1180	1306	292	R_EX_cpd11416_c0	0.800857	0.013717	0.026320
MGYG000000863__gradient_L5_pectin_gapseq	1180	1306	292	R_EX_cpd11416_c0	0.800857	0.013717	0.021626
MGYG000000863__gradient_L6_resistant_starch_gapseq	1180	1306	292	R_EX_cpd11416_c0	0.926279	0.013717	0.022126
MGYG000000863__gradient_L7_bglucan_gapseq	1180	1306	292	R_EX_cpd11416_c0	0.926279	0.013717	0.025947
MGYG000000863__gradient_L8_hmo_gapseq	1180	1306	292	R_EX_cpd11416_c0	0.926279	0.013717	0.022642
MGYG000000863__gradient_L9_mos_gapseq	1180	1306	292	R_EX_cpd11416_c0	1.043388	0.013717	0.025283
MGYG000000870__gradient_L0_base_gapseq	1285	1439	369	R_EX_cpd11416_c0	-0.000000	0.015687	0.010125
MGYG000000870__gradient_L1_inulin_gapseq	1285	1439	369	R_EX_cpd11416_c0	-0.000000	0.015687	0.010306
MGYG000000870__gradient_L2_fos_gapseq	1285	1439	369	R_EX_cpd11416_c0	-0.000000	0.015687	0.011726
MGYG000000870__gradient_L3_gos_gapseq	1285	1439	369	R_EX_cpd11416_c0	0.705950	0.015687	0.033888
MGYG000000870__gradient_L4_xos_gapseq	1285	1439	369	R_EX_cpd11416_c0	0.850373	0.015687	0.030316
MGYG000000870__gradient_L5_pectin_gapseq	1285	1439	369	R_EX_cpd11416_c0	0.850373	0.015687	0.024721
MGYG000000870__gradient_L6_resistant_starch_gapseq	1285	1439	369	R_EX_cpd11416_c0	1.132307	0.015687	0.030182
MGYG000000870__gradient_L7_bglucan_gapseq	1285	1439	369	R_EX_cpd11416_c0	1.132307	0.015687	0.025104
MGYG000000870__gradient_L8_hmo_gapseq	1285	1439	369	R_EX_cpd11416_c0	1.132307	0.015687	0.035919
MGYG000000870__gradient_L9_mos_gapseq	1285	1439	369	R_EX_cpd11416_c0	1.233161	0.015687	0.023418
MGYG000000872__gradient_L0_base_gapseq	1216	1377	314	R_EX_cpd11416_c0	-0.000000	0.014388	0.008617
MGYG000000872__gradient_L1_inulin_gapseq	1216	1377	314	R_EX_cpd11416_c0	-0.000000	0.014388	0.008689
MGYG000000872__gradient_L2_fos_gapseq	1216	1377	314	R_EX_cpd11416_c0	-0.000000	0.014388	0.009498
MGYG000000872__gradient_L3_gos_gapseq	1216	1377	314	R_EX_cpd11416_c0	-0.000000	0.014388	0.013492
MGYG000000872__gradient_L4_xos_gapseq	1216	1377	314	R_EX_cpd11416_c0	0.680846	0.014388	0.019968
MGYG000000872__gradient_L5_pectin_gapseq	1216	1377	314	R_EX_cpd11416_c0	0.680846	0.014388	0.026017
MGYG000000872__gradient_L6_resistant_starch_gapseq	1216	1377	314	R_EX_cpd11416_c0	0.988084	0.014388	0.023008
MGYG000000872__gradient_L7_bglucan_gapseq	1216	1377	314	R_EX_cpd11416_c0	0.988084	0.014388	0.020440
MGYG000000872__gradient_L8_hmo_gapseq	1216	1377	314	R_EX_cpd11416_c0	0.988084	0.014388	0.026416
MGYG000000872__gradient_L9_mos_gapseq	1216	1377	314	R_EX_cpd11416_c0	1.108288	0.014388	0.024912
MGYG000000877__gradient_L0_base_gapseq	1115	1208	257	R_EX_cpd11416_c0	-0.000000	0.012627	0.006689
MGYG000000877__gradient_L1_inulin_gapseq	1115	1208	257	R_EX_cpd11416_c0	-0.000000	0.012627	0.006661
MGYG000000877__gradient_L2_fos_gapseq	1115	1208	257	R_EX_cpd11416_c0	-0.000000	0.012627	0.009247
MGYG000000877__gradient_L3_gos_gapseq	1115	1208	257	R_EX_cpd11416_c0	1.022830	0.012627	0.017281
MGYG000000877__gradient_L4_xos_gapseq	1115	1208	257	R_EX_cpd11416_c0	1.022830	0.012627	0.022081
MGYG000000877__gradient_L5_pectin_gapseq	1115	1208	257	R_EX_cpd11416_c0	1.022830	0.012627	0.016679
MGYG000000877__gradient_L6_resistant_starch_gapseq	1115	1208	257	R_EX_cpd11416_c0	1.130028	0.012627	0.019641
MGYG000000877__gradient_L7_bglucan_gapseq	1115	1208	257	R_EX_cpd11416_c0	1.130028	0.012627	0.016928
MGYG000000877__gradient_L8_hmo_gapseq	1115	1208	257	R_EX_cpd11416_c0	1.130028	0.012627	0.022813
MGYG000000877__gradient_L9_mos_gapseq	1115	1208	257	R_EX_cpd11416_c0	1.130028	0.012627	0.016953
MGYG000000909__gradient_L0_base_gapseq	1458	1697	459	R_EX_cpd11416_c0	1.237465	0.022589	0.028121
MGYG000000909__gradient_L1_inulin_gapseq	1458	1697	459	R_EX_cpd11416_c0	1.396797	0.022589	0.032801
MGYG000000909__gradient_L2_fos_gapseq	1458	1697	459	R_EX_cpd11416_c0	1.396797	0.022589	0.028197
MGYG000000909__gradient_L3_gos_gapseq	1458	1697	459	R_EX_cpd11416_c0	1.707493	0.022589	0.032498
MGYG000000909__gradient_L4_xos_gapseq	1458	1697	459	R_EX_cpd11416_c0	1.707493	0.022589	0.033456
MGYG000000909__gradient_L5_pectin_gapseq	1458	1697	459	R_EX_cpd11416_c0	1.707493	0.022589	0.032228
MGYG000000909__gradient_L6_resistant_starch_gapseq	1458	1697	459	R_EX_cpd11416_c0	2.402577	0.022589	0.032665
MGYG000000909__gradient_L7_bglucan_gapseq	1458	1697	459	R_EX_cpd11416_c0	2.635600	0.022589	0.032522
MGYG000000909__gradient_L8_hmo_gapseq	1458	1697	459	R_EX_cpd11416_c0	2.635600	0.022589	0.029403
MGYG000000909__gradient_L9_mos_gapseq	1458	1697	459	R_EX_cpd11416_c0	2.635600	0.022589	0.038138
MGYG000000914__gradient_L0_base_gapseq	1331	1518	390	R_EX_cpd11416_c0	1.022073	0.017298	0.031876
MGYG000000914__gradient_L1_inulin_gapseq	1331	1518	390	R_EX_cpd11416_c0	1.152156	0.017298	0.025223
MGYG000000914__gradient_L2_fos_gapseq	1331	1518	390	R_EX_cpd11416_c0	1.152156	0.017298	0.030309
MGYG000000914__gradient_L3_gos_gapseq	1331	1518	390	R_EX_cpd11416_c0	1.341854	0.017298	0.028822
MGYG000000914__gradient_L4_xos_gapseq	1331	1518	390	R_EX_cpd11416_c0	1.341854	0.017298	0.031087
MGYG000000914__gradient_L5_pectin_gapseq	1331	1518	390	R_EX_cpd11416_c0	1.341854	0.017298	0.026789
MGYG000000914__gradient_L6_resistant_starch_gapseq	1331	1518	390	R_EX_cpd11416_c0	1.341853	0.017298	0.029946
MGYG000000914__gradient_L7_bglucan_gapseq	1331	1518	390	R_EX_cpd11416_c0	1.341853	0.017298	0.026029
MGYG000000914__gradient_L8_hmo_gapseq	1331	1518	390	R_EX_cpd11416_c0	1.341853	0.017298	0.031810
MGYG000000914__gradient_L9_mos_gapseq	1331	1518	390	R_EX_cpd11416_c0	1.341852	0.017298	0.037240
MGYG000000919__gradient_L0_base_gapseq	1469	1720	566	R_EX_cpd11416_c0	1.266837	0.023510	0.031778
MGYG000000919__gradient_L1_inulin_gapseq	1469	1720	566	R_EX_cpd11416_c0	1.606171	0.023510	0.036910
MGYG000000919__gradient_L2_fos_gapseq	1469	1720	566	R_EX_cpd11416_c0	1.606171	0.023510	0.035212
MGYG000000919__gradient_L3_gos_gapseq	1469	1720	566	R_EX_cpd11416_c0	1.937022	0.023510	0.035489
MGYG000000919__gradient_L4_xos_gapseq	1469	1720	566	R_EX_cpd11416_c0	2.098205	0.023510	0.034330
MGYG000000919__gradient_L5_pectin_gapseq	1469	1720	566	R_EX_cpd11416_c0	2.098205	0.023510	0.030048
MGYG000000919__gradient_L6_resistant_starch_gapseq	1469	1720	566	R_EX_cpd11416_c0	2.838378	0.023510	0.036071
MGYG000000919__gradient_L7_bglucan_gapseq	1469	1720	566	R_EX_cpd11416_c0	3.086516	0.023510	0.032608
MGYG000000919__gradient_L8_hmo_gapseq	1469	1720	566	R_EX_cpd11416_c0	3.260424	0.023510	0.039284
MGYG000000919__gradient_L9_mos_gapseq	1469	1720	566	R_EX_cpd11416_c0	3.430091	0.023510	0.034355
MGYG000000920__gradient_L0_base_gapseq	1273	1434	348	R_EX_cpd11416_c0	-0.000000	0.015683	0.008709
MGYG000000920__gradient_L1_inulin_gapseq	1273	1434	348	R_EX_cpd11416_c0	0.945583	0.015683	0.028410
MGYG000000920__gradient_L2_fos_gapseq	1273	1434	348	R_EX_cpd11416_c0	0.945583	0.015683	0.030279
MGYG000000920__gradient_L3_gos_gapseq	1273	1434	348	R_EX_cpd11416_c0	1.162585	0.015683	0.026408
MGYG000000920__gradient_L4_xos_gapseq	1273	1434	348	R_EX_cpd11416_c0	1.216520	0.015683	0.029259
MGYG000000920__gradient_L5_pectin_gapseq	1273	1434	348	R_EX_cpd11416_c0	1.216520	0.015683	0.026573
MGYG000000920__gradient_L6_resistant_starch_gapseq	1273	1434	348	R_EX_cpd11416_c0	1.731148	0.015683	0.023672
MGYG000000920__gradient_L7_bglucan_gapseq	1273	1434	348	R_EX_cpd11416_c0	1.904189	0.015683	0.029929
MGYG000000920__gradient_L8_hmo_gapseq	1273	1434	348	R_EX_cpd11416_c0	2.034532	0.015683	0.028924
MGYG000000920__gradient_L9_mos_gapseq	1273	1434	348	R_EX_cpd11416_c0	2.154387	0.015683	0.028320
MGYG000000952__gradient_L0_base_gapseq	981	977	158	R_EX_cpd11416_c0	-0.000000	0.010598	0.005143
MGYG000000952__gradient_L1_inulin_gapseq	981	977	158	R_EX_cpd11416_c0	-0.000000	0.010598	0.007168
MGYG000000952__gradient_L2_fos_gapseq	981	977	158	R_EX_cpd11416_c0	-0.000000	0.010598	0.008798
MGYG000000952__gradient_L3_gos_gapseq	981	977	158	R_EX_cpd11416_c0	-0.000000	0.010598	0.005109
MGYG000000952__gradient_L4_xos_gapseq	981	977	158	R_EX_cpd11416_c0	-0.000000	0.010598	0.005122
MGYG000000952__gradient_L5_pectin_gapseq	981	977	158	R_EX_cpd11416_c0	-0.000000	0.010598	0.005124
MGYG000000952__gradient_L6_resistant_starch_gapseq	981	977	158	R_EX_cpd11416_c0	-0.000000	0.010598	0.006393
MGYG000000952__gradient_L7_bglucan_gapseq	981	977	158	R_EX_cpd11416_c0	-0.000000	0.010598	0.007890
MGYG000000952__gradient_L8_hmo_gapseq	981	977	158	R_EX_cpd11416_c0	-0.000000	0.010598	0.009838
MGYG000000952__gradient_L9_mos_gapseq	981	977	158	R_EX_cpd11416_c0	-0.000000	0.010598	0.005502
MGYG000000965__gradient_L0_base_gapseq	1047	1073	217	R_EX_cpd11416_c0	-0.000000	0.015182	0.007276
MGYG000000965__gradient_L1_inulin_gapseq	1047	1073	217	R_EX_cpd11416_c0	-0.000000	0.015182	0.012797
MGYG000000965__gradient_L2_fos_gapseq	1047	1073	217	R_EX_cpd11416_c0	-0.000000	0.015182	0.009465
MGYG000000965__gradient_L3_gos_gapseq	1047	1073	217	R_EX_cpd11416_c0	-0.000000	0.015182	0.005902
MGYG000000965__gradient_L4_xos_gapseq	1047	1073	217	R_EX_cpd11416_c0	-0.000000	0.015182	0.005809
MGYG000000965__gradient_L5_pectin_gapseq	1047	1073	217	R_EX_cpd11416_c0	-0.000000	0.015182	0.005743
MGYG000000965__gradient_L6_resistant_starch_gapseq	1047	1073	217	R_EX_cpd11416_c0	-0.000000	0.015182	0.009820
MGYG000000965__gradient_L7_bglucan_gapseq	1047	1073	217	R_EX_cpd11416_c0	-0.000000	0.015182	0.007091
MGYG000000965__gradient_L8_hmo_gapseq	1047	1073	217	R_EX_cpd11416_c0	-0.000000	0.015182	0.005597
MGYG000000965__gradient_L9_mos_gapseq	1047	1073	217	R_EX_cpd11416_c0	-0.000000	0.015182	0.005749
MGYG000000968__gradient_L0_base_gapseq	1324	1487	418	R_EX_cpd11416_c0	0.505460	0.019259	0.038244
MGYG000000968__gradient_L1_inulin_gapseq	1324	1487	418	R_EX_cpd11416_c0	0.630457	0.019259	0.027577
MGYG000000968__gradient_L2_fos_gapseq	1324	1487	418	R_EX_cpd11416_c0	0.630457	0.019259	0.040486
MGYG000000968__gradient_L3_gos_gapseq	1324	1487	418	R_EX_cpd11416_c0	0.711098	0.019259	0.025523
MGYG000000968__gradient_L4_xos_gapseq	1324	1487	418	R_EX_cpd11416_c0	0.725760	0.019259	0.031349
MGYG000000968__gradient_L5_pectin_gapseq	1324	1487	418	R_EX_cpd11416_c0	0.725760	0.019259	0.025758
MGYG000000968__gradient_L6_resistant_starch_gapseq	1324	1487	418	R_EX_cpd11416_c0	0.832086	0.019259	0.028989
MGYG000000968__gradient_L7_bglucan_gapseq	1324	1487	418	R_EX_cpd11416_c0	0.832086	0.019259	0.033023
MGYG000000968__gradient_L8_hmo_gapseq	1324	1487	418	R_EX_cpd11416_c0	0.832086	0.019259	0.027013
MGYG000000968__gradient_L9_mos_gapseq	1324	1487	418	R_EX_cpd11416_c0	0.832086	0.019259	0.031851
MGYG000000974__gradient_L0_base_gapseq	877	911	165	R_EX_cpd11416_c0	-0.000000	0.009383	0.004540
MGYG000000974__gradient_L1_inulin_gapseq	877	911	165	R_EX_cpd11416_c0	-0.000000	0.009383	0.004669
MGYG000000974__gradient_L2_fos_gapseq	877	911	165	R_EX_cpd11416_c0	-0.000000	0.009383	0.008460
MGYG000000974__gradient_L3_gos_gapseq	877	911	165	R_EX_cpd11416_c0	-0.000000	0.009383	0.006330
MGYG000000974__gradient_L4_xos_gapseq	877	911	165	R_EX_cpd11416_c0	-0.000000	0.009383	0.004561
MGYG000000974__gradient_L5_pectin_gapseq	877	911	165	R_EX_cpd11416_c0	-0.000000	0.009383	0.004670
MGYG000000974__gradient_L6_resistant_starch_gapseq	877	911	165	R_EX_cpd11416_c0	-0.000000	0.009383	0.004656
MGYG000000974__gradient_L7_bglucan_gapseq	877	911	165	R_EX_cpd11416_c0	-0.000000	0.009383	0.008308
MGYG000000974__gradient_L8_hmo_gapseq	877	911	165	R_EX_cpd11416_c0	-0.000000	0.009383	0.006524
MGYG000000974__gradient_L9_mos_gapseq	877	911	165	R_EX_cpd11416_c0	-0.000000	0.009383	0.004844
MGYG000000990__gradient_L0_base_gapseq	1409	1635	413	R_EX_cpd11416_c0	-0.000000	0.016768	0.010893
MGYG000000990__gradient_L1_inulin_gapseq	1409	1635	413	R_EX_cpd11416_c0	-0.000000	0.016768	0.013181
MGYG000000990__gradient_L2_fos_gapseq	1409	1635	413	R_EX_cpd11416_c0	-0.000000	0.016768	0.010698
MGYG000000990__gradient_L3_gos_gapseq	1409	1635	413	R_EX_cpd11416_c0	-0.000000	0.016768	0.013232
MGYG000000990__gradient_L4_xos_gapseq	1409	1635	413	R_EX_cpd11416_c0	1.383780	0.016768	0.029042
MGYG000000990__gradient_L5_pectin_gapseq	1409	1635	413	R_EX_cpd11416_c0	1.383780	0.016768	0.032331
MGYG000000990__gradient_L6_resistant_starch_gapseq	1409	1635	413	R_EX_cpd11416_c0	2.006036	0.016768	0.028085
MGYG000000990__gradient_L7_bglucan_gapseq	1409	1635	413	R_EX_cpd11416_c0	2.214952	0.016768	0.027130
MGYG000000990__gradient_L8_hmo_gapseq	1409	1635	413	R_EX_cpd11416_c0	2.363216	0.016768	0.031908
MGYG000000990__gradient_L9_mos_gapseq	1409	1635	413	R_EX_cpd11416_c0	2.467977	0.016768	0.031809
MGYG000000994__gradient_L0_base_gapseq	1226	1250	264	R_EX_cpd11416_c0	0.019283	0.013619	0.018184
MGYG000000994__gradient_L1_inulin_gapseq	1226	1250	264	R_EX_cpd11416_c0	0.107165	0.013619	0.032719
MGYG000000994__gradient_L2_fos_gapseq	1226	1250	264	R_EX_cpd11416_c0	0.107165	0.013619	0.021226
MGYG000000994__gradient_L3_gos_gapseq	1226	1250	264	R_EX_cpd11416_c0	0.107165	0.013619	0.017574
MGYG000000994__gradient_L4_xos_gapseq	1226	1250	264	R_EX_cpd11416_c0	0.107165	0.013619	0.022380
MGYG000000994__gradient_L5_pectin_gapseq	1226	1250	264	R_EX_cpd11416_c0	0.107165	0.013619	0.022384
MGYG000000994__gradient_L6_resistant_starch_gapseq	1226	1250	264	R_EX_cpd11416_c0	0.160752	0.013619	0.017504
MGYG000000994__gradient_L7_bglucan_gapseq	1226	1250	264	R_EX_cpd11416_c0	0.160752	0.013619	0.023204
MGYG000000994__gradient_L8_hmo_gapseq	1226	1250	264	R_EX_cpd11416_c0	0.160752	0.013619	0.020108
MGYG000000994__gradient_L9_mos_gapseq	1226	1250	264	R_EX_cpd11416_c0	0.160752	0.013619	0.028931
MGYG000001004__gradient_L0_base_gapseq	1333	1503	390	R_EX_cpd11416_c0	-0.000000	0.020908	0.009092
MGYG000001004__gradient_L1_inulin_gapseq	1333	1503	390	R_EX_cpd11416_c0	-0.000000	0.020908	0.009369
MGYG000001004__gradient_L2_fos_gapseq	1333	1503	390	R_EX_cpd11416_c0	-0.000000	0.020908	0.009115
MGYG000001004__gradient_L3_gos_gapseq	1333	1503	390	R_EX_cpd11416_c0	-0.000000	0.020908	0.011909
MGYG000001004__gradient_L4_xos_gapseq	1333	1503	390	R_EX_cpd11416_c0	1.250945	0.020908	0.027170
MGYG000001004__gradient_L5_pectin_gapseq	1333	1503	390	R_EX_cpd11416_c0	1.250945	0.020908	0.024733
MGYG000001004__gradient_L6_resistant_starch_gapseq	1333	1503	390	R_EX_cpd11416_c0	1.870828	0.020908	0.032043
MGYG000001004__gradient_L7_bglucan_gapseq	1333	1503	390	R_EX_cpd11416_c0	2.078948	0.020908	0.029962
MGYG000001004__gradient_L8_hmo_gapseq	1333	1503	390	R_EX_cpd11416_c0	2.226646	0.020908	0.027499
MGYG000001004__gradient_L9_mos_gapseq	1333	1503	390	R_EX_cpd11416_c0	2.226646	0.020908	0.029703
MGYG000001007__gradient_L0_base_gapseq	1380	1599	468	R_EX_cpd11416_c0	0.700884	0.016887	0.037180
MGYG000001007__gradient_L1_inulin_gapseq	1380	1599	468	R_EX_cpd11416_c0	0.997860	0.016887	0.033935
MGYG000001007__gradient_L2_fos_gapseq	1380	1599	468	R_EX_cpd11416_c0	0.997860	0.016887	0.034981
MGYG000001007__gradient_L3_gos_gapseq	1380	1599	468	R_EX_cpd11416_c0	1.274725	0.016887	0.034429
MGYG000001007__gradient_L4_xos_gapseq	1380	1599	468	R_EX_cpd11416_c0	1.274725	0.016887	0.033794
MGYG000001007__gradient_L5_pectin_gapseq	1380	1599	468	R_EX_cpd11416_c0	1.274725	0.016887	0.033093
MGYG000001007__gradient_L6_resistant_starch_gapseq	1380	1599	468	R_EX_cpd11416_c0	1.413158	0.016887	0.032206
MGYG000001007__gradient_L7_bglucan_gapseq	1380	1599	468	R_EX_cpd11416_c0	1.612155	0.016887	0.034547
MGYG000001007__gradient_L8_hmo_gapseq	1380	1599	468	R_EX_cpd11416_c0	1.612155	0.016887	0.034262
MGYG000001007__gradient_L9_mos_gapseq	1380	1599	468	R_EX_cpd11416_c0	1.750588	0.016887	0.033791
MGYG000001023__gradient_L0_base_gapseq	1175	1245	323	R_EX_cpd11416_c0	-0.000000	0.016220	0.009195
MGYG000001023__gradient_L1_inulin_gapseq	1175	1245	323	R_EX_cpd11416_c0	-0.000000	0.016220	0.012514
MGYG000001023__gradient_L2_fos_gapseq	1175	1245	323	R_EX_cpd11416_c0	-0.000000	0.016220	0.012159
MGYG000001023__gradient_L3_gos_gapseq	1175	1245	323	R_EX_cpd11416_c0	-0.000000	0.016220	0.009378
MGYG000001023__gradient_L4_xos_gapseq	1175	1245	323	R_EX_cpd11416_c0	0.510917	0.016220	0.024362
MGYG000001023__gradient_L5_pectin_gapseq	1175	1245	323	R_EX_cpd11416_c0	0.510917	0.016220	0.020009
MGYG000001023__gradient_L6_resistant_starch_gapseq	1175	1245	323	R_EX_cpd11416_c0	0.594523	0.016220	0.027101
MGYG000001023__gradient_L7_bglucan_gapseq	1175	1245	323	R_EX_cpd11416_c0	0.594523	0.016220	0.019287
MGYG000001023__gradient_L8_hmo_gapseq	1175	1245	323	R_EX_cpd11416_c0	0.594523	0.016220	0.024366
MGYG000001023__gradient_L9_mos_gapseq	1175	1245	323	R_EX_cpd11416_c0	0.594523	0.016220	0.025051
MGYG000001027__gradient_L0_base_gapseq	1298	1438	374	R_EX_cpd11416_c0	-0.000000	0.015346	0.008663
MGYG000001027__gradient_L1_inulin_gapseq	1298	1438	374	R_EX_cpd11416_c0	-0.000000	0.015346	0.008756
MGYG000001027__gradient_L2_fos_gapseq	1298	1438	374	R_EX_cpd11416_c0	-0.000000	0.015346	0.011543
MGYG000001027__gradient_L3_gos_gapseq	1298	1438	374	R_EX_cpd11416_c0	-0.000000	0.015346	0.011430
MGYG000001027__gradient_L4_xos_gapseq	1298	1438	374	R_EX_cpd11416_c0	-0.000000	0.015346	0.009794
MGYG000001027__gradient_L5_pectin_gapseq	1298	1438	374	R_EX_cpd11416_c0	-0.000000	0.015346	0.009544
MGYG000001027__gradient_L6_resistant_starch_gapseq	1298	1438	374	R_EX_cpd11416_c0	-0.000000	0.015346	0.010648
MGYG000001027__gradient_L7_bglucan_gapseq	1298	1438	374	R_EX_cpd11416_c0	-0.000000	0.015346	0.013226
MGYG000001027__gradient_L8_hmo_gapseq	1298	1438	374	R_EX_cpd11416_c0	-0.000000	0.015346	0.014135
MGYG000001027__gradient_L9_mos_gapseq	1298	1438	374	R_EX_cpd11416_c0	-0.000000	0.015346	0.009281
MGYG000001029__gradient_L0_base_gapseq	1114	1243	286	R_EX_cpd11416_c0	-0.000000	0.012903	0.007567
MGYG000001029__gradient_L1_inulin_gapseq	1114	1243	286	R_EX_cpd11416_c0	0.284529	0.012903	0.024665
MGYG000001029__gradient_L2_fos_gapseq	1114	1243	286	R_EX_cpd11416_c0	0.284529	0.012903	0.024680
MGYG000001029__gradient_L3_gos_gapseq	1114	1243	286	R_EX_cpd11416_c0	0.494545	0.012903	0.019473
MGYG000001029__gradient_L4_xos_gapseq	1114	1243	286	R_EX_cpd11416_c0	0.494545	0.012903	0.029280
MGYG000001029__gradient_L5_pectin_gapseq	1114	1243	286	R_EX_cpd11416_c0	0.494545	0.012903	0.020732
MGYG000001029__gradient_L6_resistant_starch_gapseq	1114	1243	286	R_EX_cpd11416_c0	0.921353	0.012903	0.020487
MGYG000001029__gradient_L7_bglucan_gapseq	1114	1243	286	R_EX_cpd11416_c0	1.074976	0.012903	0.028910
MGYG000001029__gradient_L8_hmo_gapseq	1114	1243	286	R_EX_cpd11416_c0	1.184893	0.012903	0.018863
MGYG000001029__gradient_L9_mos_gapseq	1114	1243	286	R_EX_cpd11416_c0	1.255239	0.012903	0.019255
MGYG000001030__gradient_L0_base_gapseq	1307	1450	338	R_EX_cpd11416_c0	-0.000000	0.015308	0.009256
MGYG000001030__gradient_L1_inulin_gapseq	1307	1450	338	R_EX_cpd11416_c0	-0.000000	0.015308	0.009170
MGYG000001030__gradient_L2_fos_gapseq	1307	1450	338	R_EX_cpd11416_c0	-0.000000	0.015308	0.013628
MGYG000001030__gradient_L3_gos_gapseq	1307	1450	338	R_EX_cpd11416_c0	-0.000000	0.015308	0.009843
MGYG000001030__gradient_L4_xos_gapseq	1307	1450	338	R_EX_cpd11416_c0	0.322142	0.015308	0.021840
MGYG000001030__gradient_L5_pectin_gapseq	1307	1450	338	R_EX_cpd11416_c0	0.322142	0.015308	0.020960
MGYG000001030__gradient_L6_resistant_starch_gapseq	1307	1450	338	R_EX_cpd11416_c0	0.410575	0.015308	0.025635
MGYG000001030__gradient_L7_bglucan_gapseq	1307	1450	338	R_EX_cpd11416_c0	0.552701	0.015308	0.026694
MGYG000001030__gradient_L8_hmo_gapseq	1307	1450	338	R_EX_cpd11416_c0	0.552701	0.015308	0.028377
MGYG000001030__gradient_L9_mos_gapseq	1307	1450	338	R_EX_cpd11416_c0	0.641135	0.015308	0.026557
MGYG000001062__gradient_L0_base_gapseq	1120	1130	268	R_EX_cpd11416_c0	-0.000000	0.012294	0.006478
MGYG000001062__gradient_L1_inulin_gapseq	1120	1130	268	R_EX_cpd11416_c0	-0.000000	0.012294	0.009155
MGYG000001062__gradient_L2_fos_gapseq	1120	1130	268	R_EX_cpd11416_c0	-0.000000	0.012294	0.006465
MGYG000001062__gradient_L3_gos_gapseq	1120	1130	268	R_EX_cpd11416_c0	-0.000000	0.012294	0.006282
MGYG000001062__gradient_L4_xos_gapseq	1120	1130	268	R_EX_cpd11416_c0	-0.000000	0.012294	0.007068
MGYG000001062__gradient_L5_pectin_gapseq	1120	1130	268	R_EX_cpd11416_c0	-0.000000	0.012294	0.006723
MGYG000001062__gradient_L6_resistant_starch_gapseq	1120	1130	268	R_EX_cpd11416_c0	-0.000000	0.012294	0.006781
MGYG000001062__gradient_L7_bglucan_gapseq	1120	1130	268	R_EX_cpd11416_c0	-0.000000	0.012294	0.009326
MGYG000001062__gradient_L8_hmo_gapseq	1120	1130	268	R_EX_cpd11416_c0	-0.000000	0.012294	0.009163
MGYG000001062__gradient_L9_mos_gapseq	1120	1130	268	R_EX_cpd11416_c0	-0.000000	0.012294	0.006449
MGYG000001066__gradient_L0_base_gapseq	1194	1316	329	R_EX_cpd11416_c0	0.292441	0.018434	0.021308
MGYG000001066__gradient_L1_inulin_gapseq	1194	1316	329	R_EX_cpd11416_c0	0.431131	0.018434	0.037884
MGYG000001066__gradient_L2_fos_gapseq	1194	1316	329	R_EX_cpd11416_c0	0.431131	0.018434	0.027690
MGYG000001066__gradient_L3_gos_gapseq	1194	1316	329	R_EX_cpd11416_c0	0.491760	0.018434	0.035918
MGYG000001066__gradient_L4_xos_gapseq	1194	1316	329	R_EX_cpd11416_c0	0.491760	0.018434	0.022012
MGYG000001066__gradient_L5_pectin_gapseq	1194	1316	329	R_EX_cpd11416_c0	0.491760	0.018434	0.024903
MGYG000001066__gradient_L6_resistant_starch_gapseq	1194	1316	329	R_EX_cpd11416_c0	0.582704	0.018434	0.024512
MGYG000001066__gradient_L7_bglucan_gapseq	1194	1316	329	R_EX_cpd11416_c0	0.582704	0.018434	0.027351
MGYG000001066__gradient_L8_hmo_gapseq	1194	1316	329	R_EX_cpd11416_c0	0.582704	0.018434	0.028092
MGYG000001066__gradient_L9_mos_gapseq	1194	1316	329	R_EX_cpd11416_c0	0.582704	0.018434	0.022125
MGYG000001068__gradient_L0_base_gapseq	1424	1700	403	R_EX_cpd11416_c0	0.504344	0.017549	0.034549
MGYG000001068__gradient_L1_inulin_gapseq	1424	1700	403	R_EX_cpd11416_c0	0.661545	0.017549	0.040198
MGYG000001068__gradient_L2_fos_gapseq	1424	1700	403	R_EX_cpd11416_c0	0.661545	0.017549	0.037395
MGYG000001068__gradient_L3_gos_gapseq	1424	1700	403	R_EX_cpd11416_c0	0.823659	0.017549	0.034342
MGYG000001068__gradient_L4_xos_gapseq	1424	1700	403	R_EX_cpd11416_c0	0.823659	0.017549	0.034335
MGYG000001068__gradient_L5_pectin_gapseq	1424	1700	403	R_EX_cpd11416_c0	0.823659	0.017549	0.031330
MGYG000001068__gradient_L6_resistant_starch_gapseq	1424	1700	403	R_EX_cpd11416_c0	0.902260	0.017549	0.037008
MGYG000001068__gradient_L7_bglucan_gapseq	1424	1700	403	R_EX_cpd11416_c0	1.012435	0.017549	0.037078
MGYG000001068__gradient_L8_hmo_gapseq	1424	1700	403	R_EX_cpd11416_c0	1.012435	0.017549	0.036451
MGYG000001068__gradient_L9_mos_gapseq	1424	1700	403	R_EX_cpd11416_c0	1.089513	0.017549	0.042395
MGYG000001093__gradient_L0_base_gapseq	1512	1661	370	R_EX_cpd11416_c0	-0.000000	0.020237	0.011934
MGYG000001093__gradient_L1_inulin_gapseq	1512	1661	370	R_EX_cpd11416_c0	0.287305	0.020237	0.032271
MGYG000001093__gradient_L2_fos_gapseq	1512	1661	370	R_EX_cpd11416_c0	0.287305	0.020237	0.030831
MGYG000001093__gradient_L3_gos_gapseq	1512	1661	370	R_EX_cpd11416_c0	0.287305	0.020237	0.036083
MGYG000001093__gradient_L4_xos_gapseq	1512	1661	370	R_EX_cpd11416_c0	0.287305	0.020237	0.034706
MGYG000001093__gradient_L5_pectin_gapseq	1512	1661	370	R_EX_cpd11416_c0	0.287305	0.020237	0.041262
MGYG000001093__gradient_L6_resistant_starch_gapseq	1512	1661	370	R_EX_cpd11416_c0	0.287305	0.020237	0.034680
MGYG000001093__gradient_L7_bglucan_gapseq	1512	1661	370	R_EX_cpd11416_c0	0.287305	0.020237	0.029687
MGYG000001093__gradient_L8_hmo_gapseq	1512	1661	370	R_EX_cpd11416_c0	0.287305	0.020237	0.040048
MGYG000001093__gradient_L9_mos_gapseq	1512	1661	370	R_EX_cpd11416_c0	0.287305	0.020237	0.029672
MGYG000001096__gradient_L0_base_gapseq	1156	1299	312	R_EX_cpd11416_c0	0.790079	0.016642	0.021351
MGYG000001096__gradient_L1_inulin_gapseq	1156	1299	312	R_EX_cpd11416_c0	1.080057	0.016642	0.019002
MGYG000001096__gradient_L2_fos_gapseq	1156	1299	312	R_EX_cpd11416_c0	1.080057	0.016642	0.024915
MGYG000001096__gradient_L3_gos_gapseq	1156	1299	312	R_EX_cpd11416_c0	1.371609	0.016642	0.019083
MGYG000001096__gradient_L4_xos_gapseq	1156	1299	312	R_EX_cpd11416_c0	1.371609	0.016642	0.030138
MGYG000001096__gradient_L5_pectin_gapseq	1156	1299	312	R_EX_cpd11416_c0	1.371609	0.016642	0.019200
MGYG000001096__gradient_L6_resistant_starch_gapseq	1156	1299	312	R_EX_cpd11416_c0	1.983426	0.016642	0.023870
MGYG000001096__gradient_L7_bglucan_gapseq	1156	1299	312	R_EX_cpd11416_c0	1.983426	0.016642	0.020439
MGYG000001096__gradient_L8_hmo_gapseq	1156	1299	312	R_EX_cpd11416_c0	1.983426	0.016642	0.022941
MGYG000001096__gradient_L9_mos_gapseq	1156	1299	312	R_EX_cpd11416_c0	2.124784	0.016642	0.020119
MGYG000001115__gradient_L0_base_gapseq	1251	1400	330	R_EX_cpd11416_c0	-0.000000	0.016001	0.008965
MGYG000001115__gradient_L1_inulin_gapseq	1251	1400	330	R_EX_cpd11416_c0	-0.000000	0.016001	0.008809
MGYG000001115__gradient_L2_fos_gapseq	1251	1400	330	R_EX_cpd11416_c0	-0.000000	0.016001	0.010529
MGYG000001115__gradient_L3_gos_gapseq	1251	1400	330	R_EX_cpd11416_c0	1.204752	0.016001	0.025240
MGYG000001115__gradient_L4_xos_gapseq	1251	1400	330	R_EX_cpd11416_c0	1.277584	0.016001	0.024108
MGYG000001115__gradient_L5_pectin_gapseq	1251	1400	330	R_EX_cpd11416_c0	1.277584	0.016001	0.022149
MGYG000001115__gradient_L6_resistant_starch_gapseq	1251	1400	330	R_EX_cpd11416_c0	1.826100	0.016001	0.027980
MGYG000001115__gradient_L7_bglucan_gapseq	1251	1400	330	R_EX_cpd11416_c0	1.826100	0.016001	0.023101
MGYG000001115__gradient_L8_hmo_gapseq	1251	1400	330	R_EX_cpd11416_c0	1.826100	0.016001	0.028528
MGYG000001115__gradient_L9_mos_gapseq	1251	1400	330	R_EX_cpd11416_c0	1.826100	0.016001	0.027294
MGYG000001141__gradient_L0_base_gapseq	1304	1471	371	R_EX_cpd11416_c0	-0.000000	0.015713	0.008771
MGYG000001141__gradient_L1_inulin_gapseq	1304	1471	371	R_EX_cpd11416_c0	-0.000000	0.015713	0.011219
MGYG000001141__gradient_L2_fos_gapseq	1304	1471	371	R_EX_cpd11416_c0	-0.000000	0.015713	0.010116
MGYG000001141__gradient_L3_gos_gapseq	1304	1471	371	R_EX_cpd11416_c0	0.682508	0.015713	0.027323
MGYG000001141__gradient_L4_xos_gapseq	1304	1471	371	R_EX_cpd11416_c0	0.721245	0.015713	0.026631
MGYG000001141__gradient_L5_pectin_gapseq	1304	1471	371	R_EX_cpd11416_c0	0.721245	0.015713	0.025153
MGYG000001141__gradient_L6_resistant_starch_gapseq	1304	1471	371	R_EX_cpd11416_c0	1.136795	0.015713	0.028044
MGYG000001141__gradient_L7_bglucan_gapseq	1304	1471	371	R_EX_cpd11416_c0	1.283019	0.015713	0.026678
MGYG000001141__gradient_L8_hmo_gapseq	1304	1471	371	R_EX_cpd11416_c0	1.283019	0.015713	0.022724
MGYG000001141__gradient_L9_mos_gapseq	1304	1471	371	R_EX_cpd11416_c0	1.350781	0.015713	0.027793
MGYG000001153__gradient_L0_base_gapseq	1054	1071	244	R_EX_cpd11416_c0	-0.000000	0.014025	0.006495
MGYG000001153__gradient_L1_inulin_gapseq	1054	1071	244	R_EX_cpd11416_c0	0.094873	0.014025	0.019657
MGYG000001153__gradient_L2_fos_gapseq	1054	1071	244	R_EX_cpd11416_c0	0.094873	0.014025	0.014768
MGYG000001153__gradient_L3_gos_gapseq	1054	1071	244	R_EX_cpd11416_c0	0.094873	0.014025	0.016761
MGYG000001153__gradient_L4_xos_gapseq	1054	1071	244	R_EX_cpd11416_c0	0.094873	0.014025	0.017851
MGYG000001153__gradient_L5_pectin_gapseq	1054	1071	244	R_EX_cpd11416_c0	0.094873	0.014025	0.020288
MGYG000001153__gradient_L6_resistant_starch_gapseq	1054	1071	244	R_EX_cpd11416_c0	0.094873	0.014025	0.014720
MGYG000001153__gradient_L7_bglucan_gapseq	1054	1071	244	R_EX_cpd11416_c0	0.094873	0.014025	0.019730
MGYG000001153__gradient_L8_hmo_gapseq	1054	1071	244	R_EX_cpd11416_c0	0.094873	0.014025	0.014387
MGYG000001153__gradient_L9_mos_gapseq	1054	1071	244	R_EX_cpd11416_c0	0.094873	0.014025	0.016087
MGYG000001157__gradient_L0_base_gapseq	1275	1452	370	R_EX_cpd11416_c0	-0.000000	0.015695	0.014452
MGYG000001157__gradient_L1_inulin_gapseq	1275	1452	370	R_EX_cpd11416_c0	-0.000000	0.015695	0.012670
MGYG000001157__gradient_L2_fos_gapseq	1275	1452	370	R_EX_cpd11416_c0	-0.000000	0.015695	0.010440
MGYG000001157__gradient_L3_gos_gapseq	1275	1452	370	R_EX_cpd11416_c0	1.248280	0.015695	0.026870
MGYG000001157__gradient_L4_xos_gapseq	1275	1452	370	R_EX_cpd11416_c0	1.317412	0.015695	0.025612
MGYG000001157__gradient_L5_pectin_gapseq	1275	1452	370	R_EX_cpd11416_c0	1.317412	0.015695	0.029217
MGYG000001157__gradient_L6_resistant_starch_gapseq	1275	1452	370	R_EX_cpd11416_c0	1.835780	0.015695	0.028171
MGYG000001157__gradient_L7_bglucan_gapseq	1275	1452	370	R_EX_cpd11416_c0	2.010078	0.015695	0.029567
MGYG000001157__gradient_L8_hmo_gapseq	1275	1452	370	R_EX_cpd11416_c0	2.010078	0.015695	0.029895
MGYG000001157__gradient_L9_mos_gapseq	1275	1452	370	R_EX_cpd11416_c0	2.094586	0.015695	0.025442
MGYG000001175__gradient_L0_base_gapseq	888	849	89	R_EX_cpd11416_c0	-0.000000	0.009433	0.003801
MGYG000001175__gradient_L1_inulin_gapseq	888	849	89	R_EX_cpd11416_c0	-0.000000	0.009433	0.003685
MGYG000001175__gradient_L2_fos_gapseq	888	849	89	R_EX_cpd11416_c0	-0.000000	0.009433	0.003686
MGYG000001175__gradient_L3_gos_gapseq	888	849	89	R_EX_cpd11416_c0	-0.000000	0.009433	0.003640
MGYG000001175__gradient_L4_xos_gapseq	888	849	89	R_EX_cpd11416_c0	-0.000000	0.009433	0.006380
MGYG000001175__gradient_L5_pectin_gapseq	888	849	89	R_EX_cpd11416_c0	-0.000000	0.009433	0.003777
MGYG000001175__gradient_L6_resistant_starch_gapseq	888	849	89	R_EX_cpd11416_c0	-0.000000	0.009433	0.003717
MGYG000001175__gradient_L7_bglucan_gapseq	888	849	89	R_EX_cpd11416_c0	-0.000000	0.009433	0.005923
MGYG000001175__gradient_L8_hmo_gapseq	888	849	89	R_EX_cpd11416_c0	-0.000000	0.009433	0.007398
MGYG000001175__gradient_L9_mos_gapseq	888	849	89	R_EX_cpd11416_c0	-0.000000	0.009433	0.004028
MGYG000001179__gradient_L0_base_gapseq	1173	1297	313	R_EX_cpd11416_c0	0.497193	0.017505	0.021758
MGYG000001179__gradient_L1_inulin_gapseq	1173	1297	313	R_EX_cpd11416_c0	0.720238	0.017505	0.022314
MGYG000001179__gradient_L2_fos_gapseq	1173	1297	313	R_EX_cpd11416_c0	0.720238	0.017505	0.020792
MGYG000001179__gradient_L3_gos_gapseq	1173	1297	313	R_EX_cpd11416_c0	0.957044	0.017505	0.021504
MGYG000001179__gradient_L4_xos_gapseq	1173	1297	313	R_EX_cpd11416_c0	0.957044	0.017505	0.026252
MGYG000001179__gradient_L5_pectin_gapseq	1173	1297	313	R_EX_cpd11416_c0	0.957044	0.017505	0.019920
MGYG000001179__gradient_L6_resistant_starch_gapseq	1173	1297	313	R_EX_cpd11416_c0	1.436098	0.017505	0.018487
MGYG000001179__gradient_L7_bglucan_gapseq	1173	1297	313	R_EX_cpd11416_c0	1.436098	0.017505	0.025486
MGYG000001179__gradient_L8_hmo_gapseq	1173	1297	313	R_EX_cpd11416_c0	1.436098	0.017505	0.018159
MGYG000001179__gradient_L9_mos_gapseq	1173	1297	313	R_EX_cpd11416_c0	1.548184	0.017505	0.019653
MGYG000001182__gradient_L0_base_gapseq	939	883	122	R_EX_cpd11416_c0	-0.000000	0.009686	0.003922
MGYG000001182__gradient_L1_inulin_gapseq	939	883	122	R_EX_cpd11416_c0	-0.000000	0.009686	0.004165
MGYG000001182__gradient_L2_fos_gapseq	939	883	122	R_EX_cpd11416_c0	-0.000000	0.009686	0.004154
MGYG000001182__gradient_L3_gos_gapseq	939	883	122	R_EX_cpd11416_c0	-0.000000	0.009686	0.004162
MGYG000001182__gradient_L4_xos_gapseq	939	883	122	R_EX_cpd11416_c0	-0.000000	0.009686	0.004509
MGYG000001182__gradient_L5_pectin_gapseq	939	883	122	R_EX_cpd11416_c0	-0.000000	0.009686	0.009207
MGYG000001182__gradient_L6_resistant_starch_gapseq	939	883	122	R_EX_cpd11416_c0	-0.000000	0.009686	0.004522
MGYG000001182__gradient_L7_bglucan_gapseq	939	883	122	R_EX_cpd11416_c0	-0.000000	0.009686	0.004303
MGYG000001182__gradient_L8_hmo_gapseq	939	883	122	R_EX_cpd11416_c0	-0.000000	0.009686	0.004241
MGYG000001182__gradient_L9_mos_gapseq	939	883	122	R_EX_cpd11416_c0	-0.000000	0.009686	0.007394
MGYG000001186__gradient_L0_base_gapseq	1400	1626	447	R_EX_cpd11416_c0	0.417429	0.017471	0.031958
MGYG000001186__gradient_L1_inulin_gapseq	1400	1626	447	R_EX_cpd11416_c0	0.547950	0.017471	0.030194
MGYG000001186__gradient_L2_fos_gapseq	1400	1626	447	R_EX_cpd11416_c0	0.547950	0.017471	0.035776
MGYG000001186__gradient_L3_gos_gapseq	1400	1626	447	R_EX_cpd11416_c0	0.826469	0.017471	0.026244
MGYG000001186__gradient_L4_xos_gapseq	1400	1626	447	R_EX_cpd11416_c0	0.878329	0.017471	0.033354
MGYG000001186__gradient_L5_pectin_gapseq	1400	1626	447	R_EX_cpd11416_c0	0.878329	0.017471	0.030470
MGYG000001186__gradient_L6_resistant_starch_gapseq	1400	1626	447	R_EX_cpd11416_c0	1.418728	0.017471	0.035487
MGYG000001186__gradient_L7_bglucan_gapseq	1400	1626	447	R_EX_cpd11416_c0	1.599133	0.017471	0.030259
MGYG000001186__gradient_L8_hmo_gapseq	1400	1626	447	R_EX_cpd11416_c0	1.599133	0.017471	0.030358
MGYG000001186__gradient_L9_mos_gapseq	1400	1626	447	R_EX_cpd11416_c0	1.688221	0.017471	0.031978
MGYG000001193__gradient_L0_base_gapseq	1165	1198	256	R_EX_cpd11416_c0	0.098741	0.013272	0.017658
MGYG000001193__gradient_L1_inulin_gapseq	1165	1198	256	R_EX_cpd11416_c0	0.209372	0.013272	0.023605
MGYG000001193__gradient_L2_fos_gapseq	1165	1198	256	R_EX_cpd11416_c0	0.209372	0.013272	0.017273
MGYG000001193__gradient_L3_gos_gapseq	1165	1198	256	R_EX_cpd11416_c0	0.209372	0.013272	0.022925
MGYG000001193__gradient_L4_xos_gapseq	1165	1198	256	R_EX_cpd11416_c0	0.209372	0.013272	0.023145
MGYG000001193__gradient_L5_pectin_gapseq	1165	1198	256	R_EX_cpd11416_c0	0.209372	0.013272	0.017702
MGYG000001193__gradient_L6_resistant_starch_gapseq	1165	1198	256	R_EX_cpd11416_c0	0.209372	0.013272	0.023013
MGYG000001193__gradient_L7_bglucan_gapseq	1165	1198	256	R_EX_cpd11416_c0	0.209372	0.013272	0.017760
MGYG000001193__gradient_L8_hmo_gapseq	1165	1198	256	R_EX_cpd11416_c0	0.209372	0.013272	0.023550
MGYG000001193__gradient_L9_mos_gapseq	1165	1198	256	R_EX_cpd11416_c0	0.209372	0.013272	0.017828
MGYG000001203__gradient_L0_base_gapseq	1170	1256	300	R_EX_cpd11416_c0	0.688415	0.014331	0.018454
MGYG000001203__gradient_L1_inulin_gapseq	1170	1256	300	R_EX_cpd11416_c0	0.971885	0.014331	0.017828
MGYG000001203__gradient_L2_fos_gapseq	1170	1256	300	R_EX_cpd11416_c0	0.971885	0.014331	0.022721
MGYG000001203__gradient_L3_gos_gapseq	1170	1256	300	R_EX_cpd11416_c0	0.971885	0.014331	0.017672
MGYG000001203__gradient_L4_xos_gapseq	1170	1256	300	R_EX_cpd11416_c0	0.971885	0.014331	0.019352
MGYG000001203__gradient_L5_pectin_gapseq	1170	1256	300	R_EX_cpd11416_c0	0.971885	0.014331	0.021112
MGYG000001203__gradient_L6_resistant_starch_gapseq	1170	1256	300	R_EX_cpd11416_c0	1.584388	0.014331	0.020141
MGYG000001203__gradient_L7_bglucan_gapseq	1170	1256	300	R_EX_cpd11416_c0	1.584388	0.014331	0.019856
MGYG000001203__gradient_L8_hmo_gapseq	1170	1256	300	R_EX_cpd11416_c0	1.584388	0.014331	0.020845
MGYG000001203__gradient_L9_mos_gapseq	1170	1256	300	R_EX_cpd11416_c0	1.725813	0.014331	0.022451
MGYG000001209__gradient_L0_base_gapseq	1144	1230	247	R_EX_cpd11416_c0	-0.000000	0.013504	0.012471
MGYG000001209__gradient_L1_inulin_gapseq	1144	1230	247	R_EX_cpd11416_c0	0.559010	0.013504	0.020067
MGYG000001209__gradient_L2_fos_gapseq	1144	1230	247	R_EX_cpd11416_c0	0.559010	0.013504	0.019763
MGYG000001209__gradient_L3_gos_gapseq	1144	1230	247	R_EX_cpd11416_c0	0.559010	0.013504	0.022061
MGYG000001209__gradient_L4_xos_gapseq	1144	1230	247	R_EX_cpd11416_c0	0.559010	0.013504	0.023347
MGYG000001209__gradient_L5_pectin_gapseq	1144	1230	247	R_EX_cpd11416_c0	0.559010	0.013504	0.020425
MGYG000001209__gradient_L6_resistant_starch_gapseq	1144	1230	247	R_EX_cpd11416_c0	0.686222	0.013504	0.026717
MGYG000001209__gradient_L7_bglucan_gapseq	1144	1230	247	R_EX_cpd11416_c0	0.686222	0.013504	0.020527
MGYG000001209__gradient_L8_hmo_gapseq	1144	1230	247	R_EX_cpd11416_c0	0.686222	0.013504	0.023145
MGYG000001209__gradient_L9_mos_gapseq	1144	1230	247	R_EX_cpd11416_c0	0.813435	0.013504	0.025351
MGYG000001216__gradient_L0_base_gapseq	899	869	149	R_EX_cpd11416_c0	-0.000000	0.009673	0.007997
MGYG000001216__gradient_L1_inulin_gapseq	899	869	149	R_EX_cpd11416_c0	-0.000000	0.009673	0.005788
MGYG000001216__gradient_L2_fos_gapseq	899	869	149	R_EX_cpd11416_c0	-0.000000	0.009673	0.004192
MGYG000001216__gradient_L3_gos_gapseq	899	869	149	R_EX_cpd11416_c0	-0.000000	0.009673	0.004238
MGYG000001216__gradient_L4_xos_gapseq	899	869	149	R_EX_cpd11416_c0	-0.000000	0.009673	0.004084
MGYG000001216__gradient_L5_pectin_gapseq	899	869	149	R_EX_cpd11416_c0	-0.000000	0.009673	0.004152
MGYG000001216__gradient_L6_resistant_starch_gapseq	899	869	149	R_EX_cpd11416_c0	-0.000000	0.009673	0.004164
MGYG000001216__gradient_L7_bglucan_gapseq	899	869	149	R_EX_cpd11416_c0	-0.000000	0.009673	0.009721
MGYG000001216__gradient_L8_hmo_gapseq	899	869	149	R_EX_cpd11416_c0	-0.000000	0.009673	0.004491
MGYG000001216__gradient_L9_mos_gapseq	899	869	149	R_EX_cpd11416_c0	-0.000000	0.009673	0.004431
MGYG000001227__gradient_L0_base_gapseq	1085	1197	279	R_EX_cpd11416_c0	-0.000000	0.012725	0.007134
MGYG000001227__gradient_L1_inulin_gapseq	1085	1197	279	R_EX_cpd11416_c0	-0.000000	0.012725	0.007101
MGYG000001227__gradient_L2_fos_gapseq	1085	1197	279	R_EX_cpd11416_c0	-0.000000	0.012725	0.007122
MGYG000001227__gradient_L3_gos_gapseq	1085	1197	279	R_EX_cpd11416_c0	-0.000000	0.012725	0.007437
MGYG000001227__gradient_L4_xos_gapseq	1085	1197	279	R_EX_cpd11416_c0	-0.000000	0.012725	0.007106
MGYG000001227__gradient_L5_pectin_gapseq	1085	1197	279	R_EX_cpd11416_c0	-0.000000	0.012725	0.007277
MGYG000001227__gradient_L6_resistant_starch_gapseq	1085	1197	279	R_EX_cpd11416_c0	-0.000000	0.012725	0.011700
MGYG000001227__gradient_L7_bglucan_gapseq	1085	1197	279	R_EX_cpd11416_c0	-0.000000	0.012725	0.007643
MGYG000001227__gradient_L8_hmo_gapseq	1085	1197	279	R_EX_cpd11416_c0	-0.000000	0.012725	0.007424
MGYG000001227__gradient_L9_mos_gapseq	1085	1197	279	R_EX_cpd11416_c0	-0.000000	0.012725	0.007509
MGYG000001238__gradient_L0_base_gapseq	1282	1302	300	R_EX_cpd11416_c0	-0.000000	0.017646	0.015824
MGYG000001238__gradient_L1_inulin_gapseq	1282	1302	300	R_EX_cpd11416_c0	-0.000000	0.017646	0.013249
MGYG000001238__gradient_L2_fos_gapseq	1282	1302	300	R_EX_cpd11416_c0	-0.000000	0.017646	0.009671
MGYG000001238__gradient_L3_gos_gapseq	1282	1302	300	R_EX_cpd11416_c0	0.618401	0.017646	0.021952
MGYG000001238__gradient_L4_xos_gapseq	1282	1302	300	R_EX_cpd11416_c0	0.618401	0.017646	0.024359
MGYG000001238__gradient_L5_pectin_gapseq	1282	1302	300	R_EX_cpd11416_c0	0.618401	0.017646	0.020981
MGYG000001238__gradient_L6_resistant_starch_gapseq	1282	1302	300	R_EX_cpd11416_c0	0.725951	0.017646	0.022119
MGYG000001238__gradient_L7_bglucan_gapseq	1282	1302	300	R_EX_cpd11416_c0	0.725951	0.017646	0.022736
MGYG000001238__gradient_L8_hmo_gapseq	1282	1302	300	R_EX_cpd11416_c0	0.725951	0.017646	0.024266
MGYG000001238__gradient_L9_mos_gapseq	1282	1302	300	R_EX_cpd11416_c0	0.725951	0.017646	0.021950
MGYG000001241__gradient_L0_base_gapseq	1064	1171	288	R_EX_cpd11416_c0	-0.000000	0.013119	0.006814
MGYG000001241__gradient_L1_inulin_gapseq	1064	1171	288	R_EX_cpd11416_c0	0.121095	0.013119	0.024264
MGYG000001241__gradient_L2_fos_gapseq	1064	1171	288	R_EX_cpd11416_c0	0.121095	0.013119	0.017513
MGYG000001241__gradient_L3_gos_gapseq	1064	1171	288	R_EX_cpd11416_c0	0.121095	0.013119	0.024143
MGYG000001241__gradient_L4_xos_gapseq	1064	1171	288	R_EX_cpd11416_c0	0.122096	0.013119	0.018147
MGYG000001241__gradient_L5_pectin_gapseq	1064	1171	288	R_EX_cpd11416_c0	0.122096	0.013119	0.023365
MGYG000001241__gradient_L6_resistant_starch_gapseq	1064	1171	288	R_EX_cpd11416_c0	0.122125	0.013119	0.019640
MGYG000001241__gradient_L7_bglucan_gapseq	1064	1171	288	R_EX_cpd11416_c0	0.122125	0.013119	0.017562
MGYG000001241__gradient_L8_hmo_gapseq	1064	1171	288	R_EX_cpd11416_c0	0.122125	0.013119	0.022967
MGYG000001241__gradient_L9_mos_gapseq	1064	1171	288	R_EX_cpd11416_c0	0.122125	0.013119	0.018381
MGYG000001246__gradient_L0_base_gapseq	1448	1685	481	R_EX_cpd11416_c0	-0.000000	0.018395	0.011282
MGYG000001246__gradient_L1_inulin_gapseq	1448	1685	481	R_EX_cpd11416_c0	-0.000000	0.018395	0.011112
MGYG000001246__gradient_L2_fos_gapseq	1448	1685	481	R_EX_cpd11416_c0	-0.000000	0.018395	0.011489
MGYG000001246__gradient_L3_gos_gapseq	1448	1685	481	R_EX_cpd11416_c0	1.527200	0.018395	0.035427
MGYG000001246__gradient_L4_xos_gapseq	1448	1685	481	R_EX_cpd11416_c0	1.527200	0.018395	0.030145
MGYG000001246__gradient_L5_pectin_gapseq	1448	1685	481	R_EX_cpd11416_c0	1.527200	0.018395	0.034237
MGYG000001246__gradient_L6_resistant_starch_gapseq	1448	1685	481	R_EX_cpd11416_c0	2.065034	0.018395	0.034209
MGYG000001246__gradient_L7_bglucan_gapseq	1448	1685	481	R_EX_cpd11416_c0	2.245799	0.018395	0.029306
MGYG000001246__gradient_L8_hmo_gapseq	1448	1685	481	R_EX_cpd11416_c0	2.245799	0.018395	0.034331
MGYG000001246__gradient_L9_mos_gapseq	1448	1685	481	R_EX_cpd11416_c0	2.370773	0.018395	0.036318
MGYG000001277__gradient_L0_base_gapseq	1454	1585	490	R_EX_cpd11416_c0	0.368139	0.018503	0.039443
MGYG000001277__gradient_L1_inulin_gapseq	1454	1585	490	R_EX_cpd11416_c0	0.368139	0.018503	0.034157
MGYG000001277__gradient_L2_fos_gapseq	1454	1585	490	R_EX_cpd11416_c0	0.368139	0.018503	0.029555
MGYG000001277__gradient_L3_gos_gapseq	1454	1585	490	R_EX_cpd11416_c0	0.368139	0.018503	0.035012
MGYG000001277__gradient_L4_xos_gapseq	1454	1585	490	R_EX_cpd11416_c0	0.425342	0.018503	0.030645
MGYG000001277__gradient_L5_pectin_gapseq	1454	1585	490	R_EX_cpd11416_c0	0.425342	0.018503	0.030120
MGYG000001277__gradient_L6_resistant_starch_gapseq	1454	1585	490	R_EX_cpd11416_c0	0.580713	0.018503	0.034659
MGYG000001277__gradient_L7_bglucan_gapseq	1454	1585	490	R_EX_cpd11416_c0	0.580713	0.018503	0.032356
MGYG000001277__gradient_L8_hmo_gapseq	1454	1585	490	R_EX_cpd11416_c0	0.580713	0.018503	0.034801
MGYG000001277__gradient_L9_mos_gapseq	1454	1585	490	R_EX_cpd11416_c0	0.713458	0.018503	0.035135
MGYG000001280__gradient_L0_base_gapseq	900	955	179	R_EX_cpd11416_c0	-0.000000	0.010062	0.004849
MGYG000001280__gradient_L1_inulin_gapseq	900	955	179	R_EX_cpd11416_c0	-0.000000	0.010062	0.010382
MGYG000001280__gradient_L2_fos_gapseq	900	955	179	R_EX_cpd11416_c0	-0.000000	0.010062	0.005310
MGYG000001280__gradient_L3_gos_gapseq	900	955	179	R_EX_cpd11416_c0	-0.000000	0.010062	0.005104
MGYG000001280__gradient_L4_xos_gapseq	900	955	179	R_EX_cpd11416_c0	-0.000000	0.010062	0.005073
MGYG000001280__gradient_L5_pectin_gapseq	900	955	179	R_EX_cpd11416_c0	-0.000000	0.010062	0.005246
MGYG000001280__gradient_L6_resistant_starch_gapseq	900	955	179	R_EX_cpd11416_c0	-0.000000	0.010062	0.005360
MGYG000001280__gradient_L7_bglucan_gapseq	900	955	179	R_EX_cpd11416_c0	-0.000000	0.010062	0.008394
MGYG000001280__gradient_L8_hmo_gapseq	900	955	179	R_EX_cpd11416_c0	-0.000000	0.010062	0.006857
MGYG000001280__gradient_L9_mos_gapseq	900	955	179	R_EX_cpd11416_c0	-0.000000	0.010062	0.005279
MGYG000001296__gradient_L0_base_gapseq	1451	1675	400	R_EX_cpd11416_c0	0.564620	0.017615	0.032946
MGYG000001296__gradient_L1_inulin_gapseq	1451	1675	400	R_EX_cpd11416_c0	0.718609	0.017615	0.035321
MGYG000001296__gradient_L2_fos_gapseq	1451	1675	400	R_EX_cpd11416_c0	0.718609	0.017615	0.034154
MGYG000001296__gradient_L3_gos_gapseq	1451	1675	400	R_EX_cpd11416_c0	0.879598	0.017615	0.032466
MGYG000001296__gradient_L4_xos_gapseq	1451	1675	400	R_EX_cpd11416_c0	0.982901	0.017615	0.032981
MGYG000001296__gradient_L5_pectin_gapseq	1451	1675	400	R_EX_cpd11416_c0	1.006359	0.017615	0.034862
MGYG000001296__gradient_L6_resistant_starch_gapseq	1451	1675	400	R_EX_cpd11416_c0	1.201065	0.017615	0.039942
MGYG000001296__gradient_L7_bglucan_gapseq	1451	1675	400	R_EX_cpd11416_c0	1.320703	0.017615	0.034247
MGYG000001296__gradient_L8_hmo_gapseq	1451	1675	400	R_EX_cpd11416_c0	1.320703	0.017615	0.033369
MGYG000001296__gradient_L9_mos_gapseq	1451	1675	400	R_EX_cpd11416_c0	1.395770	0.017615	0.029151
MGYG000001297__gradient_L0_base_gapseq	1362	1490	385	R_EX_cpd11416_c0	0.421397	0.016894	0.024892
MGYG000001297__gradient_L1_inulin_gapseq	1362	1490	385	R_EX_cpd11416_c0	0.533772	0.016894	0.026079
MGYG000001297__gradient_L2_fos_gapseq	1362	1490	385	R_EX_cpd11416_c0	0.533772	0.016894	0.031387
MGYG000001297__gradient_L3_gos_gapseq	1362	1490	385	R_EX_cpd11416_c0	0.533772	0.016894	0.035301
MGYG000001297__gradient_L4_xos_gapseq	1362	1490	385	R_EX_cpd11416_c0	0.533772	0.016894	0.027508
MGYG000001297__gradient_L5_pectin_gapseq	1362	1490	385	R_EX_cpd11416_c0	0.533772	0.016894	0.024980
MGYG000001297__gradient_L6_resistant_starch_gapseq	1362	1490	385	R_EX_cpd11416_c0	0.533772	0.016894	0.027735
MGYG000001297__gradient_L7_bglucan_gapseq	1362	1490	385	R_EX_cpd11416_c0	0.533772	0.016894	0.030019
MGYG000001297__gradient_L8_hmo_gapseq	1362	1490	385	R_EX_cpd11416_c0	0.533772	0.016894	0.028695
MGYG000001297__gradient_L9_mos_gapseq	1362	1490	385	R_EX_cpd11416_c0	0.533772	0.016894	0.025400
MGYG000001303__gradient_L0_base_gapseq	1459	1670	499	R_EX_cpd11416_c0	0.638334	0.017624	0.034644
MGYG000001303__gradient_L1_inulin_gapseq	1459	1670	499	R_EX_cpd11416_c0	0.794260	0.017624	0.034584
MGYG000001303__gradient_L2_fos_gapseq	1459	1670	499	R_EX_cpd11416_c0	0.794260	0.017624	0.035605
MGYG000001303__gradient_L3_gos_gapseq	1459	1670	499	R_EX_cpd11416_c0	1.129522	0.017624	0.035847
MGYG000001303__gradient_L4_xos_gapseq	1459	1670	499	R_EX_cpd11416_c0	1.193286	0.017624	0.041662
MGYG000001303__gradient_L5_pectin_gapseq	1459	1670	499	R_EX_cpd11416_c0	1.193286	0.017624	0.031923
MGYG000001303__gradient_L6_resistant_starch_gapseq	1459	1670	499	R_EX_cpd11416_c0	1.858252	0.017624	0.036034
MGYG000001303__gradient_L7_bglucan_gapseq	1459	1670	499	R_EX_cpd11416_c0	1.858252	0.017624	0.034660
MGYG000001303__gradient_L8_hmo_gapseq	1459	1670	499	R_EX_cpd11416_c0	2.003998	0.017624	0.035146
MGYG000001303__gradient_L9_mos_gapseq	1459	1670	499	R_EX_cpd11416_c0	2.003998	0.017624	0.033828
MGYG000001306__gradient_L0_base_gapseq	1453	1727	462	R_EX_cpd11416_c0	-0.000000	0.017961	0.012216
MGYG000001306__gradient_L1_inulin_gapseq	1453	1727	462	R_EX_cpd11416_c0	-0.000000	0.017961	0.017380
MGYG000001306__gradient_L2_fos_gapseq	1453	1727	462	R_EX_cpd11416_c0	-0.000000	0.017961	0.017624
MGYG000001306__gradient_L3_gos_gapseq	1453	1727	462	R_EX_cpd11416_c0	-0.000000	0.017961	0.013208
MGYG000001306__gradient_L4_xos_gapseq	1453	1727	462	R_EX_cpd11416_c0	-0.000000	0.017961	0.014076
MGYG000001306__gradient_L5_pectin_gapseq	1453	1727	462	R_EX_cpd11416_c0	-0.000000	0.017961	0.021210
MGYG000001306__gradient_L6_resistant_starch_gapseq	1453	1727	462	R_EX_cpd11416_c0	-0.000000	0.017961	0.012394
MGYG000001306__gradient_L7_bglucan_gapseq	1453	1727	462	R_EX_cpd11416_c0	-0.000000	0.017961	0.018302
MGYG000001306__gradient_L8_hmo_gapseq	1453	1727	462	R_EX_cpd11416_c0	-0.000000	0.017961	0.012853
MGYG000001306__gradient_L9_mos_gapseq	1453	1727	462	R_EX_cpd11416_c0	-0.000000	0.017961	0.015806
MGYG000001307__gradient_L0_base_gapseq	2100	2578	924	R_EX_cpd11416_c0	1.173390	0.027806	0.067593
MGYG000001307__gradient_L1_inulin_gapseq	2100	2578	924	R_EX_cpd11416_c0	1.455262	0.027806	0.068956
MGYG000001307__gradient_L2_fos_gapseq	2100	2578	924	R_EX_cpd11416_c0	1.455262	0.027806	0.066313
MGYG000001307__gradient_L3_gos_gapseq	2100	2578	924	R_EX_cpd11416_c0	1.760394	0.027806	0.067874
MGYG000001307__gradient_L4_xos_gapseq	2100	2578	924	R_EX_cpd11416_c0	1.840212	0.027806	0.071843
MGYG000001307__gradient_L5_pectin_gapseq	2100	2578	924	R_EX_cpd11416_c0	1.840212	0.027806	0.069098
MGYG000001307__gradient_L6_resistant_starch_gapseq	2100	2578	924	R_EX_cpd11416_c0	2.214217	0.027806	0.071807
MGYG000001307__gradient_L7_bglucan_gapseq	2100	2578	924	R_EX_cpd11416_c0	2.214217	0.027806	0.072286
MGYG000001307__gradient_L8_hmo_gapseq	2100	2578	924	R_EX_cpd11416_c0	2.214217	0.027806	0.074745
MGYG000001307__gradient_L9_mos_gapseq	2100	2578	924	R_EX_cpd11416_c0	2.347921	0.027806	0.071796
MGYG000001316__gradient_L0_base_gapseq	1555	1814	469	R_EX_cpd11416_c0	1.098916	0.019877	0.036231
MGYG000001316__gradient_L1_inulin_gapseq	1555	1814	469	R_EX_cpd11416_c0	1.353116	0.019877	0.039455
MGYG000001316__gradient_L2_fos_gapseq	1555	1814	469	R_EX_cpd11416_c0	1.353116	0.019877	0.036761
MGYG000001316__gradient_L3_gos_gapseq	1555	1814	469	R_EX_cpd11416_c0	1.628826	0.019877	0.039769
MGYG000001316__gradient_L4_xos_gapseq	1555	1814	469	R_EX_cpd11416_c0	1.785712	0.019877	0.033713
MGYG000001316__gradient_L5_pectin_gapseq	1555	1814	469	R_EX_cpd11416_c0	1.832704	0.019877	0.036531
MGYG000001316__gradient_L6_resistant_starch_gapseq	1555	1814	469	R_EX_cpd11416_c0	2.276100	0.019877	0.038039
MGYG000001316__gradient_L7_bglucan_gapseq	1555	1814	469	R_EX_cpd11416_c0	2.276100	0.019877	0.045284
MGYG000001316__gradient_L8_hmo_gapseq	1555	1814	469	R_EX_cpd11416_c0	2.276100	0.019877	0.033723
MGYG000001316__gradient_L9_mos_gapseq	1555	1814	469	R_EX_cpd11416_c0	2.276100	0.019877	0.038776
MGYG000001318__gradient_L0_base_gapseq	2250	2839	1238	R_EX_cpd11416_c0	1.570430	0.043725	0.068132
MGYG000001318__gradient_L1_inulin_gapseq	2250	2839	1238	R_EX_cpd11416_c0	1.897184	0.043725	0.065570
MGYG000001318__gradient_L2_fos_gapseq	2250	2839	1238	R_EX_cpd11416_c0	1.897184	0.043725	0.075086
MGYG000001318__gradient_L3_gos_gapseq	2250	2839	1238	R_EX_cpd11416_c0	2.237247	0.043725	0.076528
MGYG000001318__gradient_L4_xos_gapseq	2250	2839	1238	R_EX_cpd11416_c0	2.405722	0.043725	0.073405
MGYG000001318__gradient_L5_pectin_gapseq	2250	2839	1238	R_EX_cpd11416_c0	2.449022	0.043725	0.076873
MGYG000001318__gradient_L6_resistant_starch_gapseq	2250	2839	1238	R_EX_cpd11416_c0	3.116361	0.043725	0.072582
MGYG000001318__gradient_L7_bglucan_gapseq	2250	2839	1238	R_EX_cpd11416_c0	3.333933	0.043725	0.079566
MGYG000001318__gradient_L8_hmo_gapseq	2250	2839	1238	R_EX_cpd11416_c0	3.333933	0.043725	0.082042
MGYG000001318__gradient_L9_mos_gapseq	2250	2839	1238	R_EX_cpd11416_c0	3.473783	0.043725	0.085500
MGYG000001319__gradient_L0_base_gapseq	1273	1419	337	R_EX_cpd11416_c0	-0.000000	0.015369	0.008591
MGYG000001319__gradient_L1_inulin_gapseq	1273	1419	337	R_EX_cpd11416_c0	-0.000000	0.015369	0.008527
MGYG000001319__gradient_L2_fos_gapseq	1273	1419	337	R_EX_cpd11416_c0	-0.000000	0.015369	0.010269
MGYG000001319__gradient_L3_gos_gapseq	1273	1419	337	R_EX_cpd11416_c0	0.596845	0.015369	0.026109
MGYG000001319__gradient_L4_xos_gapseq	1273	1419	337	R_EX_cpd11416_c0	0.596845	0.015369	0.027540
MGYG000001319__gradient_L5_pectin_gapseq	1273	1419	337	R_EX_cpd11416_c0	0.596845	0.015369	0.028223
MGYG000001319__gradient_L6_resistant_starch_gapseq	1273	1419	337	R_EX_cpd11416_c0	1.092396	0.015369	0.023210
MGYG000001319__gradient_L7_bglucan_gapseq	1273	1419	337	R_EX_cpd11416_c0	1.092396	0.015369	0.027682
MGYG000001319__gradient_L8_hmo_gapseq	1273	1419	337	R_EX_cpd11416_c0	1.092396	0.015369	0.024849
MGYG000001319__gradient_L9_mos_gapseq	1273	1419	337	R_EX_cpd11416_c0	1.092396	0.015369	0.032110
MGYG000001323__gradient_L0_base_gapseq	2212	2725	1009	R_EX_cpd11416_c0	1.410520	0.031222	0.071650
MGYG000001323__gradient_L1_inulin_gapseq	2212	2725	1009	R_EX_cpd11416_c0	1.688962	0.031222	0.070895
MGYG000001323__gradient_L2_fos_gapseq	2212	2725	1009	R_EX_cpd11416_c0	1.688962	0.031222	0.071535
MGYG000001323__gradient_L3_gos_gapseq	2212	2725	1009	R_EX_cpd11416_c0	1.990382	0.031222	0.081256
MGYG000001323__gradient_L4_xos_gapseq	2212	2725	1009	R_EX_cpd11416_c0	2.069228	0.031222	0.082390
MGYG000001323__gradient_L5_pectin_gapseq	2212	2725	1009	R_EX_cpd11416_c0	2.113383	0.031222	0.079636
MGYG000001323__gradient_L6_resistant_starch_gapseq	2212	2725	1009	R_EX_cpd11416_c0	2.707145	0.031222	0.079567
MGYG000001323__gradient_L7_bglucan_gapseq	2212	2725	1009	R_EX_cpd11416_c0	2.905827	0.031222	0.070985
MGYG000001323__gradient_L8_hmo_gapseq	2212	2725	1009	R_EX_cpd11416_c0	2.905827	0.031222	0.083019
MGYG000001323__gradient_L9_mos_gapseq	2212	2725	1009	R_EX_cpd11416_c0	3.034062	0.031222	0.079883
MGYG000001328__gradient_L0_base_gapseq	1648	1956	586	R_EX_cpd11416_c0	1.255353	0.021742	0.042714
MGYG000001328__gradient_L1_inulin_gapseq	1648	1956	586	R_EX_cpd11416_c0	1.594640	0.021742	0.042379
MGYG000001328__gradient_L2_fos_gapseq	1648	1956	586	R_EX_cpd11416_c0	1.594640	0.021742	0.047916
MGYG000001328__gradient_L3_gos_gapseq	1648	1956	586	R_EX_cpd11416_c0	1.944530	0.021742	0.038794
MGYG000001328__gradient_L4_xos_gapseq	1648	1956	586	R_EX_cpd11416_c0	2.001785	0.021742	0.047506
MGYG000001328__gradient_L5_pectin_gapseq	1648	1956	586	R_EX_cpd11416_c0	2.001785	0.021742	0.039308
MGYG000001328__gradient_L6_resistant_starch_gapseq	1648	1956	586	R_EX_cpd11416_c0	2.741856	0.021742	0.047817
MGYG000001328__gradient_L7_bglucan_gapseq	1648	1956	586	R_EX_cpd11416_c0	2.989960	0.021742	0.043686
MGYG000001328__gradient_L8_hmo_gapseq	1648	1956	586	R_EX_cpd11416_c0	3.163844	0.021742	0.045276
MGYG000001328__gradient_L9_mos_gapseq	1648	1956	586	R_EX_cpd11416_c0	3.333488	0.021742	0.042224
MGYG000001331__gradient_L0_base_gapseq	1540	1677	436	R_EX_cpd11416_c0	0.388864	0.017990	0.034581
MGYG000001331__gradient_L1_inulin_gapseq	1540	1677	436	R_EX_cpd11416_c0	0.487566	0.017990	0.028591
MGYG000001331__gradient_L2_fos_gapseq	1540	1677	436	R_EX_cpd11416_c0	0.487566	0.017990	0.039520
MGYG000001331__gradient_L3_gos_gapseq	1540	1677	436	R_EX_cpd11416_c0	0.487566	0.017990	0.034519
MGYG000001331__gradient_L4_xos_gapseq	1540	1677	436	R_EX_cpd11416_c0	0.487566	0.017990	0.033722
MGYG000001331__gradient_L5_pectin_gapseq	1540	1677	436	R_EX_cpd11416_c0	0.487566	0.017990	0.027494
MGYG000001331__gradient_L6_resistant_starch_gapseq	1540	1677	436	R_EX_cpd11416_c0	0.717923	0.017990	0.035369
MGYG000001331__gradient_L7_bglucan_gapseq	1540	1677	436	R_EX_cpd11416_c0	0.717923	0.017990	0.039205
MGYG000001331__gradient_L8_hmo_gapseq	1540	1677	436	R_EX_cpd11416_c0	0.717923	0.017990	0.029022
MGYG000001331__gradient_L9_mos_gapseq	1540	1677	436	R_EX_cpd11416_c0	0.717923	0.017990	0.034528
MGYG000001357__gradient_L0_base_gapseq	1239	1385	323	R_EX_cpd11416_c0	0.267238	0.015191	0.022618
MGYG000001357__gradient_L1_inulin_gapseq	1239	1385	323	R_EX_cpd11416_c0	0.342255	0.015191	0.028846
MGYG000001357__gradient_L2_fos_gapseq	1239	1385	323	R_EX_cpd11416_c0	0.342255	0.015191	0.023328
MGYG000001357__gradient_L3_gos_gapseq	1239	1385	323	R_EX_cpd11416_c0	0.342255	0.015191	0.028983
MGYG000001357__gradient_L4_xos_gapseq	1239	1385	323	R_EX_cpd11416_c0	0.342255	0.015191	0.022964
MGYG000001357__gradient_L5_pectin_gapseq	1239	1385	323	R_EX_cpd11416_c0	0.342255	0.015191	0.029029
MGYG000001357__gradient_L6_resistant_starch_gapseq	1239	1385	323	R_EX_cpd11416_c0	0.407895	0.015191	0.028178
MGYG000001357__gradient_L7_bglucan_gapseq	1239	1385	323	R_EX_cpd11416_c0	0.407895	0.015191	0.023109
MGYG000001357__gradient_L8_hmo_gapseq	1239	1385	323	R_EX_cpd11416_c0	0.407895	0.015191	0.028423
MGYG000001357__gradient_L9_mos_gapseq	1239	1385	323	R_EX_cpd11416_c0	0.473535	0.015191	0.029284
MGYG000001374__gradient_L0_base_gapseq	1317	1511	391	R_EX_cpd11416_c0	-0.000000	0.016105	0.008754
MGYG000001374__gradient_L1_inulin_gapseq	1317	1511	391	R_EX_cpd11416_c0	-0.000000	0.016105	0.010087
MGYG000001374__gradient_L2_fos_gapseq	1317	1511	391	R_EX_cpd11416_c0	-0.000000	0.016105	0.012375
MGYG000001374__gradient_L3_gos_gapseq	1317	1511	391	R_EX_cpd11416_c0	-0.000000	0.016105	0.011232
MGYG000001374__gradient_L4_xos_gapseq	1317	1511	391	R_EX_cpd11416_c0	1.239547	0.016105	0.024350
MGYG000001374__gradient_L5_pectin_gapseq	1317	1511	391	R_EX_cpd11416_c0	1.239547	0.016105	0.025584
MGYG000001374__gradient_L6_resistant_starch_gapseq	1317	1511	391	R_EX_cpd11416_c0	1.951224	0.016105	0.028308
MGYG000001374__gradient_L7_bglucan_gapseq	1317	1511	391	R_EX_cpd11416_c0	2.201273	0.016105	0.023966
MGYG000001374__gradient_L8_hmo_gapseq	1317	1511	391	R_EX_cpd11416_c0	2.376521	0.016105	0.028878
MGYG000001374__gradient_L9_mos_gapseq	1317	1511	391	R_EX_cpd11416_c0	2.376521	0.016105	0.027944
MGYG000001375__gradient_L0_base_gapseq	1230	1333	291	R_EX_cpd11416_c0	-0.000000	0.017731	0.008478
MGYG000001375__gradient_L1_inulin_gapseq	1230	1333	291	R_EX_cpd11416_c0	-0.000000	0.017731	0.007755
MGYG000001375__gradient_L2_fos_gapseq	1230	1333	291	R_EX_cpd11416_c0	-0.000000	0.017731	0.013297
MGYG000001375__gradient_L3_gos_gapseq	1230	1333	291	R_EX_cpd11416_c0	0.908404	0.017731	0.026365
MGYG000001375__gradient_L4_xos_gapseq	1230	1333	291	R_EX_cpd11416_c0	1.013201	0.017731	0.023109
MGYG000001375__gradient_L5_pectin_gapseq	1230	1333	291	R_EX_cpd11416_c0	1.013201	0.017731	0.024907
MGYG000001375__gradient_L6_resistant_starch_gapseq	1230	1333	291	R_EX_cpd11416_c0	1.740795	0.017731	0.023684
MGYG000001375__gradient_L7_bglucan_gapseq	1230	1333	291	R_EX_cpd11416_c0	1.984717	0.017731	0.025064
MGYG000001375__gradient_L8_hmo_gapseq	1230	1333	291	R_EX_cpd11416_c0	1.984717	0.017731	0.019388
MGYG000001375__gradient_L9_mos_gapseq	1230	1333	291	R_EX_cpd11416_c0	2.118144	0.017731	0.024752
MGYG000001378__gradient_L0_base_gapseq	1559	1896	664	R_EX_cpd11416_c0	-0.000000	0.021806	0.019291
MGYG000001378__gradient_L1_inulin_gapseq	1559	1896	664	R_EX_cpd11416_c0	-0.000000	0.021806	0.014093
MGYG000001378__gradient_L2_fos_gapseq	1559	1896	664	R_EX_cpd11416_c0	-0.000000	0.021806	0.014455
MGYG000001378__gradient_L3_gos_gapseq	1559	1896	664	R_EX_cpd11416_c0	-0.000000	0.021806	0.020197
MGYG000001378__gradient_L4_xos_gapseq	1559	1896	664	R_EX_cpd11416_c0	-0.000000	0.021806	0.014777
MGYG000001378__gradient_L5_pectin_gapseq	1559	1896	664	R_EX_cpd11416_c0	-0.000000	0.021806	0.019535
MGYG000001378__gradient_L6_resistant_starch_gapseq	1559	1896	664	R_EX_cpd11416_c0	-0.000000	0.021806	0.014332
MGYG000001378__gradient_L7_bglucan_gapseq	1559	1896	664	R_EX_cpd11416_c0	-0.000000	0.021806	0.018208
MGYG000001378__gradient_L8_hmo_gapseq	1559	1896	664	R_EX_cpd11416_c0	-0.000000	0.021806	0.025138
MGYG000001378__gradient_L9_mos_gapseq	1559	1896	664	R_EX_cpd11416_c0	-0.000000	0.021806	0.019242
MGYG000001380__gradient_L0_base_gapseq	1436	1699	503	R_EX_cpd11416_c0	0.755395	0.017619	0.032877
MGYG000001380__gradient_L1_inulin_gapseq	1436	1699	503	R_EX_cpd11416_c0	0.982016	0.017619	0.033041
MGYG000001380__gradient_L2_fos_gapseq	1436	1699	503	R_EX_cpd11416_c0	0.982016	0.017619	0.031745
MGYG000001380__gradient_L3_gos_gapseq	1436	1699	503	R_EX_cpd11416_c0	1.175160	0.017619	0.037668
MGYG000001380__gradient_L4_xos_gapseq	1436	1699	503	R_EX_cpd11416_c0	1.209589	0.017619	0.031997
MGYG000001380__gradient_L5_pectin_gapseq	1436	1699	503	R_EX_cpd11416_c0	1.209589	0.017619	0.028444
MGYG000001380__gradient_L6_resistant_starch_gapseq	1436	1699	503	R_EX_cpd11416_c0	1.680116	0.017619	0.033509
MGYG000001380__gradient_L7_bglucan_gapseq	1436	1699	503	R_EX_cpd11416_c0	1.838489	0.017619	0.034176
MGYG000001380__gradient_L8_hmo_gapseq	1436	1699	503	R_EX_cpd11416_c0	1.953252	0.017619	0.035978
MGYG000001380__gradient_L9_mos_gapseq	1436	1699	503	R_EX_cpd11416_c0	1.953252	0.017619	0.034626
MGYG000001381__gradient_L0_base_gapseq	1622	1829	475	R_EX_cpd11416_c0	0.410248	0.019282	0.036866
MGYG000001381__gradient_L1_inulin_gapseq	1622	1829	475	R_EX_cpd11416_c0	0.626900	0.019282	0.039388
MGYG000001381__gradient_L2_fos_gapseq	1622	1829	475	R_EX_cpd11416_c0	0.626900	0.019282	0.032108
MGYG000001381__gradient_L3_gos_gapseq	1622	1829	475	R_EX_cpd11416_c0	0.626900	0.019282	0.031444
MGYG000001381__gradient_L4_xos_gapseq	1622	1829	475	R_EX_cpd11416_c0	0.626900	0.019282	0.037880
MGYG000001381__gradient_L5_pectin_gapseq	1622	1829	475	R_EX_cpd11416_c0	0.626900	0.019282	0.037308
MGYG000001381__gradient_L6_resistant_starch_gapseq	1622	1829	475	R_EX_cpd11416_c0	1.111911	0.019282	0.036436
MGYG000001381__gradient_L7_bglucan_gapseq	1622	1829	475	R_EX_cpd11416_c0	1.111911	0.019282	0.038328
MGYG000001381__gradient_L8_hmo_gapseq	1622	1829	475	R_EX_cpd11416_c0	1.111911	0.019282	0.036455
MGYG000001381__gradient_L9_mos_gapseq	1622	1829	475	R_EX_cpd11416_c0	1.111911	0.019282	0.037928
MGYG000001390__gradient_L0_base_gapseq	1889	2351	630	R_EX_cpd11416_c0	1.147243	0.025418	0.063016
MGYG000001390__gradient_L1_inulin_gapseq	1889	2351	630	R_EX_cpd11416_c0	1.400182	0.025418	0.064646
MGYG000001390__gradient_L2_fos_gapseq	1889	2351	630	R_EX_cpd11416_c0	1.400182	0.025418	0.066052
MGYG000001390__gradient_L3_gos_gapseq	1889	2351	630	R_EX_cpd11416_c0	1.673356	0.025418	0.059531
MGYG000001390__gradient_L4_xos_gapseq	1889	2351	630	R_EX_cpd11416_c0	1.737335	0.025418	0.052838
MGYG000001390__gradient_L5_pectin_gapseq	1889	2351	630	R_EX_cpd11416_c0	1.775127	0.025418	0.070412
MGYG000001390__gradient_L6_resistant_starch_gapseq	1889	2351	630	R_EX_cpd11416_c0	2.363713	0.025418	0.061136
MGYG000001390__gradient_L7_bglucan_gapseq	1889	2351	630	R_EX_cpd11416_c0	2.363713	0.025418	0.069736
MGYG000001390__gradient_L8_hmo_gapseq	1889	2351	630	R_EX_cpd11416_c0	2.363713	0.025418	0.063352
MGYG000001390__gradient_L9_mos_gapseq	1889	2351	630	R_EX_cpd11416_c0	2.457963	0.025418	0.059039
MGYG000001393__gradient_L0_base_gapseq	2265	2842	1164	R_EX_cpd11416_c0	1.801374	0.031697	0.067567
MGYG000001393__gradient_L1_inulin_gapseq	2265	2842	1164	R_EX_cpd11416_c0	2.142384	0.031697	0.074525
MGYG000001393__gradient_L2_fos_gapseq	2265	2842	1164	R_EX_cpd11416_c0	2.142384	0.031697	0.078617
MGYG000001393__gradient_L3_gos_gapseq	2265	2842	1164	R_EX_cpd11416_c0	2.486269	0.031697	0.075028
MGYG000001393__gradient_L4_xos_gapseq	2265	2842	1164	R_EX_cpd11416_c0	2.663941	0.031697	0.081407
MGYG000001393__gradient_L5_pectin_gapseq	2265	2842	1164	R_EX_cpd11416_c0	2.716836	0.031697	0.083016
MGYG000001393__gradient_L6_resistant_starch_gapseq	2265	2842	1164	R_EX_cpd11416_c0	3.195793	0.031697	0.076169
MGYG000001393__gradient_L7_bglucan_gapseq	2265	2842	1164	R_EX_cpd11416_c0	3.195793	0.031697	0.078031
MGYG000001393__gradient_L8_hmo_gapseq	2265	2842	1164	R_EX_cpd11416_c0	3.195793	0.031697	0.078956
MGYG000001393__gradient_L9_mos_gapseq	2265	2842	1164	R_EX_cpd11416_c0	3.195793	0.031697	0.081251
MGYG000001403__gradient_L0_base_gapseq	1860	2273	675	R_EX_cpd11416_c0	0.721571	0.025031	0.065894
MGYG000001403__gradient_L1_inulin_gapseq	1860	2273	675	R_EX_cpd11416_c0	0.925059	0.025031	0.066768
MGYG000001403__gradient_L2_fos_gapseq	1860	2273	675	R_EX_cpd11416_c0	0.925059	0.025031	0.061403
MGYG000001403__gradient_L3_gos_gapseq	1860	2273	675	R_EX_cpd11416_c0	1.138595	0.025031	0.060743
MGYG000001403__gradient_L4_xos_gapseq	1860	2273	675	R_EX_cpd11416_c0	1.192936	0.025031	0.060592
MGYG000001403__gradient_L5_pectin_gapseq	1860	2273	675	R_EX_cpd11416_c0	1.192936	0.025031	0.058333
MGYG000001403__gradient_L6_resistant_starch_gapseq	1860	2273	675	R_EX_cpd11416_c0	1.640674	0.025031	0.065902
MGYG000001403__gradient_L7_bglucan_gapseq	1860	2273	675	R_EX_cpd11416_c0	1.794512	0.025031	0.062357
MGYG000001403__gradient_L8_hmo_gapseq	1860	2273	675	R_EX_cpd11416_c0	1.794512	0.025031	0.068651
MGYG000001403__gradient_L9_mos_gapseq	1860	2273	675	R_EX_cpd11416_c0	1.892478	0.025031	0.069377
MGYG000001404__gradient_L0_base_gapseq	1655	1960	669	R_EX_cpd11416_c0	0.820866	0.023291	0.047585
MGYG000001404__gradient_L1_inulin_gapseq	1655	1960	669	R_EX_cpd11416_c0	1.088095	0.023291	0.049038
MGYG000001404__gradient_L2_fos_gapseq	1655	1960	669	R_EX_cpd11416_c0	1.088095	0.023291	0.045979
MGYG000001404__gradient_L3_gos_gapseq	1655	1960	669	R_EX_cpd11416_c0	1.179078	0.023291	0.047618
MGYG000001404__gradient_L4_xos_gapseq	1655	1960	669	R_EX_cpd11416_c0	1.234175	0.023291	0.056608
MGYG000001404__gradient_L5_pectin_gapseq	1655	1960	669	R_EX_cpd11416_c0	1.234175	0.023291	0.050942
MGYG000001404__gradient_L6_resistant_starch_gapseq	1655	1960	669	R_EX_cpd11416_c0	1.748500	0.023291	0.044466
MGYG000001404__gradient_L7_bglucan_gapseq	1655	1960	669	R_EX_cpd11416_c0	1.748500	0.023291	0.045547
MGYG000001404__gradient_L8_hmo_gapseq	1655	1960	669	R_EX_cpd11416_c0	1.748500	0.023291	0.049826
MGYG000001404__gradient_L9_mos_gapseq	1655	1960	669	R_EX_cpd11416_c0	1.862588	0.023291	0.044803
MGYG000001408__gradient_L0_base_gapseq	1674	1948	580	R_EX_cpd11416_c0	0.210519	0.026894	0.044560
MGYG000001408__gradient_L1_inulin_gapseq	1674	1948	580	R_EX_cpd11416_c0	0.292958	0.026894	0.043428
MGYG000001408__gradient_L2_fos_gapseq	1674	1948	580	R_EX_cpd11416_c0	0.292958	0.026894	0.043417
MGYG000001408__gradient_L3_gos_gapseq	1674	1948	580	R_EX_cpd11416_c0	0.292958	0.026894	0.042040
MGYG000001408__gradient_L4_xos_gapseq	1674	1948	580	R_EX_cpd11416_c0	0.334461	0.026894	0.043281
MGYG000001408__gradient_L5_pectin_gapseq	1674	1948	580	R_EX_cpd11416_c0	0.334461	0.026894	0.043689
MGYG000001408__gradient_L6_resistant_starch_gapseq	1674	1948	580	R_EX_cpd11416_c0	0.646266	0.026894	0.047308
MGYG000001408__gradient_L7_bglucan_gapseq	1674	1948	580	R_EX_cpd11416_c0	0.646266	0.026894	0.048134
MGYG000001408__gradient_L8_hmo_gapseq	1674	1948	580	R_EX_cpd11416_c0	0.646266	0.026894	0.044868
MGYG000001408__gradient_L9_mos_gapseq	1674	1948	580	R_EX_cpd11416_c0	0.710572	0.026894	0.046770
MGYG000001420__gradient_L0_base_gapseq	1354	1554	442	R_EX_cpd11416_c0	-0.000000	0.021585	0.010486
MGYG000001420__gradient_L1_inulin_gapseq	1354	1554	442	R_EX_cpd11416_c0	-0.000000	0.021585	0.010494
MGYG000001420__gradient_L2_fos_gapseq	1354	1554	442	R_EX_cpd11416_c0	-0.000000	0.021585	0.014251
MGYG000001420__gradient_L3_gos_gapseq	1354	1554	442	R_EX_cpd11416_c0	-0.000000	0.021585	0.012288
MGYG000001420__gradient_L4_xos_gapseq	1354	1554	442	R_EX_cpd11416_c0	-0.000000	0.021585	0.010793
MGYG000001420__gradient_L5_pectin_gapseq	1354	1554	442	R_EX_cpd11416_c0	-0.000000	0.021585	0.012494
MGYG000001420__gradient_L6_resistant_starch_gapseq	1354	1554	442	R_EX_cpd11416_c0	-0.000000	0.021585	0.014430
MGYG000001420__gradient_L7_bglucan_gapseq	1354	1554	442	R_EX_cpd11416_c0	-0.000000	0.021585	0.011315
MGYG000001420__gradient_L8_hmo_gapseq	1354	1554	442	R_EX_cpd11416_c0	-0.000000	0.021585	0.012387
MGYG000001420__gradient_L9_mos_gapseq	1354	1554	442	R_EX_cpd11416_c0	-0.000000	0.021585	0.014940
MGYG000001430__gradient_L0_base_gapseq	1233	1400	367	R_EX_cpd11416_c0	-0.000000	0.015464	0.010627
MGYG000001430__gradient_L1_inulin_gapseq	1233	1400	367	R_EX_cpd11416_c0	-0.000000	0.015464	0.008261
MGYG000001430__gradient_L2_fos_gapseq	1233	1400	367	R_EX_cpd11416_c0	-0.000000	0.015464	0.009305
MGYG000001430__gradient_L3_gos_gapseq	1233	1400	367	R_EX_cpd11416_c0	-0.000000	0.015464	0.016704
MGYG000001430__gradient_L4_xos_gapseq	1233	1400	367	R_EX_cpd11416_c0	-0.000000	0.015464	0.008520
MGYG000001430__gradient_L5_pectin_gapseq	1233	1400	367	R_EX_cpd11416_c0	-0.000000	0.015464	0.008388
MGYG000001430__gradient_L6_resistant_starch_gapseq	1233	1400	367	R_EX_cpd11416_c0	-0.000000	0.015464	0.008832
MGYG000001430__gradient_L7_bglucan_gapseq	1233	1400	367	R_EX_cpd11416_c0	-0.000000	0.015464	0.013733
MGYG000001430__gradient_L8_hmo_gapseq	1233	1400	367	R_EX_cpd11416_c0	-0.000000	0.015464	0.009256
MGYG000001430__gradient_L9_mos_gapseq	1233	1400	367	R_EX_cpd11416_c0	-0.000000	0.015464	0.012935
MGYG000001443__gradient_L0_base_gapseq	2197	2591	1097	R_EX_cpd11416_c0	0.971716	0.035492	0.070782
MGYG000001443__gradient_L1_inulin_gapseq	2197	2591	1097	R_EX_cpd11416_c0	1.186168	0.035492	0.072121
MGYG000001443__gradient_L2_fos_gapseq	2197	2591	1097	R_EX_cpd11416_c0	1.186168	0.035492	0.058515
MGYG000001443__gradient_L3_gos_gapseq	2197	2591	1097	R_EX_cpd11416_c0	1.412870	0.035492	0.068862
MGYG000001443__gradient_L4_xos_gapseq	2197	2591	1097	R_EX_cpd11416_c0	1.470118	0.035492	0.067185
MGYG000001443__gradient_L5_pectin_gapseq	2197	2591	1097	R_EX_cpd11416_c0	1.470118	0.035492	0.068285
MGYG000001443__gradient_L6_resistant_starch_gapseq	2197	2591	1097	R_EX_cpd11416_c0	1.969320	0.035492	0.064003
MGYG000001443__gradient_L7_bglucan_gapseq	2197	2591	1097	R_EX_cpd11416_c0	2.131904	0.035492	0.069624
MGYG000001443__gradient_L8_hmo_gapseq	2197	2591	1097	R_EX_cpd11416_c0	2.131904	0.035492	0.066008
MGYG000001443__gradient_L9_mos_gapseq	2197	2591	1097	R_EX_cpd11416_c0	2.226554	0.035492	0.073865
MGYG000001444__gradient_L0_base_gapseq	1312	1423	360	R_EX_cpd11416_c0	0.325934	0.016103	0.030020
MGYG000001444__gradient_L1_inulin_gapseq	1312	1423	360	R_EX_cpd11416_c0	0.467558	0.016103	0.022794
MGYG000001444__gradient_L2_fos_gapseq	1312	1423	360	R_EX_cpd11416_c0	0.467558	0.016103	0.022640
MGYG000001444__gradient_L3_gos_gapseq	1312	1423	360	R_EX_cpd11416_c0	0.467558	0.016103	0.026400
MGYG000001444__gradient_L4_xos_gapseq	1312	1423	360	R_EX_cpd11416_c0	0.467558	0.016103	0.022749
MGYG000001444__gradient_L5_pectin_gapseq	1312	1423	360	R_EX_cpd11416_c0	0.467558	0.016103	0.027654
MGYG000001444__gradient_L6_resistant_starch_gapseq	1312	1423	360	R_EX_cpd11416_c0	0.467558	0.016103	0.027057
MGYG000001444__gradient_L7_bglucan_gapseq	1312	1423	360	R_EX_cpd11416_c0	0.467558	0.016103	0.024331
MGYG000001444__gradient_L8_hmo_gapseq	1312	1423	360	R_EX_cpd11416_c0	0.467558	0.016103	0.023464
MGYG000001444__gradient_L9_mos_gapseq	1312	1423	360	R_EX_cpd11416_c0	0.467558	0.016103	0.028145
MGYG000001454__gradient_L0_base_gapseq	1166	1314	310	R_EX_cpd11416_c0	-0.000000	0.014132	0.008183
MGYG000001454__gradient_L1_inulin_gapseq	1166	1314	310	R_EX_cpd11416_c0	0.493812	0.014132	0.025715
MGYG000001454__gradient_L2_fos_gapseq	1166	1314	310	R_EX_cpd11416_c0	0.493812	0.014132	0.020432
MGYG000001454__gradient_L3_gos_gapseq	1166	1314	310	R_EX_cpd11416_c0	0.607257	0.014132	0.020852
MGYG000001454__gradient_L4_xos_gapseq	1166	1314	310	R_EX_cpd11416_c0	0.607257	0.014132	0.020652
MGYG000001454__gradient_L5_pectin_gapseq	1166	1314	310	R_EX_cpd11416_c0	0.607257	0.014132	0.027317
MGYG000001454__gradient_L6_resistant_starch_gapseq	1166	1314	310	R_EX_cpd11416_c0	1.355306	0.014132	0.022767
MGYG000001454__gradient_L7_bglucan_gapseq	1166	1314	310	R_EX_cpd11416_c0	1.602302	0.014132	0.023081
MGYG000001454__gradient_L8_hmo_gapseq	1166	1314	310	R_EX_cpd11416_c0	1.602302	0.014132	0.024468
MGYG000001454__gradient_L9_mos_gapseq	1166	1314	310	R_EX_cpd11416_c0	1.602302	0.014132	0.019910
MGYG000001457__gradient_L0_base_gapseq	2226	2654	1093	R_EX_cpd11416_c0	0.666261	0.036528	0.068709
MGYG000001457__gradient_L1_inulin_gapseq	2226	2654	1093	R_EX_cpd11416_c0	0.808501	0.036528	0.074349
MGYG000001457__gradient_L2_fos_gapseq	2226	2654	1093	R_EX_cpd11416_c0	0.808501	0.036528	0.065141
MGYG000001457__gradient_L3_gos_gapseq	2226	2654	1093	R_EX_cpd11416_c0	0.808501	0.036528	0.064753
MGYG000001457__gradient_L4_xos_gapseq	2226	2654	1093	R_EX_cpd11416_c0	0.896236	0.036528	0.073355
MGYG000001457__gradient_L5_pectin_gapseq	2226	2654	1093	R_EX_cpd11416_c0	0.896236	0.036528	0.063607
MGYG000001457__gradient_L6_resistant_starch_gapseq	2226	2654	1093	R_EX_cpd11416_c0	1.512886	0.036528	0.068966
MGYG000001457__gradient_L7_bglucan_gapseq	2226	2654	1093	R_EX_cpd11416_c0	1.713927	0.036528	0.071950
MGYG000001457__gradient_L8_hmo_gapseq	2226	2654	1093	R_EX_cpd11416_c0	1.713927	0.036528	0.072412
MGYG000001457__gradient_L9_mos_gapseq	2226	2654	1093	R_EX_cpd11416_c0	1.843354	0.036528	0.076304
MGYG000001488__gradient_L0_base_gapseq	1782	2087	555	R_EX_cpd11416_c0	0.622033	0.025336	0.043834
MGYG000001488__gradient_L1_inulin_gapseq	1782	2087	555	R_EX_cpd11416_c0	0.823001	0.025336	0.046747
MGYG000001488__gradient_L2_fos_gapseq	1782	2087	555	R_EX_cpd11416_c0	0.823001	0.025336	0.051158
MGYG000001488__gradient_L3_gos_gapseq	1782	2087	555	R_EX_cpd11416_c0	0.980904	0.025336	0.048188
MGYG000001488__gradient_L4_xos_gapseq	1782	2087	555	R_EX_cpd11416_c0	1.023968	0.025336	0.056759
MGYG000001488__gradient_L5_pectin_gapseq	1782	2087	555	R_EX_cpd11416_c0	1.023968	0.025336	0.054715
MGYG000001488__gradient_L6_resistant_starch_gapseq	1782	2087	555	R_EX_cpd11416_c0	1.496988	0.025336	0.054546
MGYG000001488__gradient_L7_bglucan_gapseq	1782	2087	555	R_EX_cpd11416_c0	1.496988	0.025336	0.050180
MGYG000001488__gradient_L8_hmo_gapseq	1782	2087	555	R_EX_cpd11416_c0	1.496988	0.025336	0.044934
MGYG000001488__gradient_L9_mos_gapseq	1782	2087	555	R_EX_cpd11416_c0	1.594032	0.025336	0.055562
MGYG000001553__gradient_L0_base_gapseq	1502	1712	393	R_EX_cpd11416_c0	0.936018	0.019237	0.037750
MGYG000001553__gradient_L1_inulin_gapseq	1502	1712	393	R_EX_cpd11416_c0	1.185583	0.019237	0.034945
MGYG000001553__gradient_L2_fos_gapseq	1502	1712	393	R_EX_cpd11416_c0	1.185583	0.019237	0.036535
MGYG000001553__gradient_L3_gos_gapseq	1502	1712	393	R_EX_cpd11416_c0	1.262805	0.019237	0.035541
MGYG000001553__gradient_L4_xos_gapseq	1502	1712	393	R_EX_cpd11416_c0	1.271890	0.019237	0.038609
MGYG000001553__gradient_L5_pectin_gapseq	1502	1712	393	R_EX_cpd11416_c0	1.271890	0.019237	0.037971
MGYG000001553__gradient_L6_resistant_starch_gapseq	1502	1712	393	R_EX_cpd11416_c0	1.795687	0.019237	0.032356
MGYG000001553__gradient_L7_bglucan_gapseq	1502	1712	393	R_EX_cpd11416_c0	1.968129	0.019237	0.036155
MGYG000001553__gradient_L8_hmo_gapseq	1502	1712	393	R_EX_cpd11416_c0	1.968129	0.019237	0.039396
MGYG000001553__gradient_L9_mos_gapseq	1502	1712	393	R_EX_cpd11416_c0	2.078492	0.019237	0.043757
MGYG000001554__gradient_L0_base_gapseq	1588	1903	473	R_EX_cpd11416_c0	0.487852	0.024471	0.043959
MGYG000001554__gradient_L1_inulin_gapseq	1588	1903	473	R_EX_cpd11416_c0	0.777010	0.024471	0.053194
MGYG000001554__gradient_L2_fos_gapseq	1588	1903	473	R_EX_cpd11416_c0	0.777010	0.024471	0.047719
MGYG000001554__gradient_L3_gos_gapseq	1588	1903	473	R_EX_cpd11416_c0	1.056101	0.024471	0.050358
MGYG000001554__gradient_L4_xos_gapseq	1588	1903	473	R_EX_cpd11416_c0	1.119682	0.024471	0.043634
MGYG000001554__gradient_L5_pectin_gapseq	1588	1903	473	R_EX_cpd11416_c0	1.119682	0.024471	0.043406
MGYG000001554__gradient_L6_resistant_starch_gapseq	1588	1903	473	R_EX_cpd11416_c0	1.652662	0.024471	0.044048
MGYG000001554__gradient_L7_bglucan_gapseq	1588	1903	473	R_EX_cpd11416_c0	1.652662	0.024471	0.044787
MGYG000001554__gradient_L8_hmo_gapseq	1588	1903	473	R_EX_cpd11416_c0	1.652662	0.024471	0.038863
MGYG000001554__gradient_L9_mos_gapseq	1588	1903	473	R_EX_cpd11416_c0	1.762942	0.024471	0.040796
MGYG000001555__gradient_L0_base_gapseq	1428	1594	360	R_EX_cpd11416_c0	-0.000000	0.017365	0.010906
MGYG000001555__gradient_L1_inulin_gapseq	1428	1594	360	R_EX_cpd11416_c0	-0.000000	0.017365	0.012523
MGYG000001555__gradient_L2_fos_gapseq	1428	1594	360	R_EX_cpd11416_c0	-0.000000	0.017365	0.014034
MGYG000001555__gradient_L3_gos_gapseq	1428	1594	360	R_EX_cpd11416_c0	-0.000000	0.017365	0.010754
MGYG000001555__gradient_L4_xos_gapseq	1428	1594	360	R_EX_cpd11416_c0	-0.000000	0.017365	0.010650
MGYG000001555__gradient_L5_pectin_gapseq	1428	1594	360	R_EX_cpd11416_c0	-0.000000	0.017365	0.015839
MGYG000001555__gradient_L6_resistant_starch_gapseq	1428	1594	360	R_EX_cpd11416_c0	-0.000000	0.017365	0.011535
MGYG000001555__gradient_L7_bglucan_gapseq	1428	1594	360	R_EX_cpd11416_c0	-0.000000	0.017365	0.011370
MGYG000001555__gradient_L8_hmo_gapseq	1428	1594	360	R_EX_cpd11416_c0	-0.000000	0.017365	0.015641
MGYG000001555__gradient_L9_mos_gapseq	1428	1594	360	R_EX_cpd11416_c0	-0.000000	0.017365	0.011078
MGYG000001563__gradient_L0_base_gapseq	1079	1150	248	R_EX_cpd11416_c0	0.404357	0.013204	0.026754
MGYG000001563__gradient_L1_inulin_gapseq	1079	1150	248	R_EX_cpd11416_c0	0.557733	0.013204	0.025459
MGYG000001563__gradient_L2_fos_gapseq	1079	1150	248	R_EX_cpd11416_c0	0.557733	0.013204	0.016734
MGYG000001563__gradient_L3_gos_gapseq	1079	1150	248	R_EX_cpd11416_c0	0.731748	0.013204	0.017588
MGYG000001563__gradient_L4_xos_gapseq	1079	1150	248	R_EX_cpd11416_c0	0.777483	0.013204	0.021937
MGYG000001563__gradient_L5_pectin_gapseq	1079	1150	248	R_EX_cpd11416_c0	0.777483	0.013204	0.016521
MGYG000001563__gradient_L6_resistant_starch_gapseq	1079	1150	248	R_EX_cpd11416_c0	0.857798	0.013204	0.022045
MGYG000001563__gradient_L7_bglucan_gapseq	1079	1150	248	R_EX_cpd11416_c0	0.857798	0.013204	0.021591
MGYG000001563__gradient_L8_hmo_gapseq	1079	1150	248	R_EX_cpd11416_c0	0.857798	0.013204	0.016956
MGYG000001563__gradient_L9_mos_gapseq	1079	1150	248	R_EX_cpd11416_c0	0.857798	0.013204	0.021114
MGYG000001586__gradient_L0_base_gapseq	1152	1273	285	R_EX_cpd11416_c0	-0.000000	0.014040	0.007592
MGYG000001586__gradient_L1_inulin_gapseq	1152	1273	285	R_EX_cpd11416_c0	-0.000000	0.014040	0.007516
MGYG000001586__gradient_L2_fos_gapseq	1152	1273	285	R_EX_cpd11416_c0	-0.000000	0.014040	0.011014
MGYG000001586__gradient_L3_gos_gapseq	1152	1273	285	R_EX_cpd11416_c0	1.333798	0.014040	0.019122
MGYG000001586__gradient_L4_xos_gapseq	1152	1273	285	R_EX_cpd11416_c0	1.333798	0.014040	0.023004
MGYG000001586__gradient_L5_pectin_gapseq	1152	1273	285	R_EX_cpd11416_c0	1.333798	0.014040	0.018397
MGYG000001586__gradient_L6_resistant_starch_gapseq	1152	1273	285	R_EX_cpd11416_c0	1.964284	0.014040	0.023718
MGYG000001586__gradient_L7_bglucan_gapseq	1152	1273	285	R_EX_cpd11416_c0	1.964284	0.014040	0.017923
MGYG000001586__gradient_L8_hmo_gapseq	1152	1273	285	R_EX_cpd11416_c0	1.964284	0.014040	0.021515
MGYG000001586__gradient_L9_mos_gapseq	1152	1273	285	R_EX_cpd11416_c0	2.109956	0.014040	0.019486
MGYG000001589__gradient_L0_base_gapseq	1312	1388	381	R_EX_cpd11416_c0	0.731796	0.021303	0.022069
MGYG000001589__gradient_L1_inulin_gapseq	1312	1388	381	R_EX_cpd11416_c0	0.901343	0.021303	0.028248
MGYG000001589__gradient_L2_fos_gapseq	1312	1388	381	R_EX_cpd11416_c0	0.901343	0.021303	0.028280
MGYG000001589__gradient_L3_gos_gapseq	1312	1388	381	R_EX_cpd11416_c0	0.901343	0.021303	0.022840
MGYG000001589__gradient_L4_xos_gapseq	1312	1388	381	R_EX_cpd11416_c0	0.901343	0.021303	0.031684
MGYG000001589__gradient_L5_pectin_gapseq	1312	1388	381	R_EX_cpd11416_c0	0.901343	0.021303	0.027270
MGYG000001589__gradient_L6_resistant_starch_gapseq	1312	1388	381	R_EX_cpd11416_c0	1.048945	0.021303	0.024198
MGYG000001589__gradient_L7_bglucan_gapseq	1312	1388	381	R_EX_cpd11416_c0	1.048945	0.021303	0.034217
MGYG000001589__gradient_L8_hmo_gapseq	1312	1388	381	R_EX_cpd11416_c0	1.048945	0.021303	0.029929
MGYG000001589__gradient_L9_mos_gapseq	1312	1388	381	R_EX_cpd11416_c0	1.048945	0.021303	0.028716
MGYG000001601__gradient_L0_base_gapseq	1294	1411	336	R_EX_cpd11416_c0	0.256650	0.019185	0.023976
MGYG000001601__gradient_L1_inulin_gapseq	1294	1411	336	R_EX_cpd11416_c0	0.332698	0.019185	0.028972
MGYG000001601__gradient_L2_fos_gapseq	1294	1411	336	R_EX_cpd11416_c0	0.332698	0.019185	0.028354
MGYG000001601__gradient_L3_gos_gapseq	1294	1411	336	R_EX_cpd11416_c0	0.332698	0.019185	0.023083
MGYG000001601__gradient_L4_xos_gapseq	1294	1411	336	R_EX_cpd11416_c0	0.346957	0.019185	0.028355
MGYG000001601__gradient_L5_pectin_gapseq	1294	1411	336	R_EX_cpd11416_c0	0.346957	0.019185	0.023801
MGYG000001601__gradient_L6_resistant_starch_gapseq	1294	1411	336	R_EX_cpd11416_c0	0.696300	0.019185	0.029231
MGYG000001601__gradient_L7_bglucan_gapseq	1294	1411	336	R_EX_cpd11416_c0	0.696300	0.019185	0.027873
MGYG000001601__gradient_L8_hmo_gapseq	1294	1411	336	R_EX_cpd11416_c0	0.696300	0.019185	0.024333
MGYG000001601__gradient_L9_mos_gapseq	1294	1411	336	R_EX_cpd11416_c0	0.696300	0.019185	0.027172
MGYG000001608__gradient_L0_base_gapseq	1326	1462	386	R_EX_cpd11416_c0	-0.000000	0.015841	0.010801
MGYG000001608__gradient_L1_inulin_gapseq	1326	1462	386	R_EX_cpd11416_c0	-0.000000	0.015841	0.011705
MGYG000001608__gradient_L2_fos_gapseq	1326	1462	386	R_EX_cpd11416_c0	-0.000000	0.015841	0.015338
MGYG000001608__gradient_L3_gos_gapseq	1326	1462	386	R_EX_cpd11416_c0	1.269873	0.015841	0.033836
MGYG000001608__gradient_L4_xos_gapseq	1326	1462	386	R_EX_cpd11416_c0	1.269873	0.015841	0.025620
MGYG000001608__gradient_L5_pectin_gapseq	1326	1462	386	R_EX_cpd11416_c0	1.269873	0.015841	0.031547
MGYG000001608__gradient_L6_resistant_starch_gapseq	1326	1462	386	R_EX_cpd11416_c0	1.431173	0.015841	0.038057
MGYG000001608__gradient_L7_bglucan_gapseq	1326	1462	386	R_EX_cpd11416_c0	1.431173	0.015841	0.033095
MGYG000001608__gradient_L8_hmo_gapseq	1326	1462	386	R_EX_cpd11416_c0	1.431173	0.015841	0.033519
MGYG000001608__gradient_L9_mos_gapseq	1326	1462	386	R_EX_cpd11416_c0	1.592473	0.015841	0.032566
MGYG000001626__gradient_L0_base_gapseq	1419	1518	379	R_EX_cpd11416_c0	0.562148	0.017672	0.032550
MGYG000001626__gradient_L1_inulin_gapseq	1419	1518	379	R_EX_cpd11416_c0	0.752173	0.017672	0.041302
MGYG000001626__gradient_L2_fos_gapseq	1419	1518	379	R_EX_cpd11416_c0	0.752173	0.017672	0.027930
MGYG000001626__gradient_L3_gos_gapseq	1419	1518	379	R_EX_cpd11416_c0	0.752173	0.017672	0.032151
MGYG000001626__gradient_L4_xos_gapseq	1419	1518	379	R_EX_cpd11416_c0	0.752173	0.017672	0.032938
MGYG000001626__gradient_L5_pectin_gapseq	1419	1518	379	R_EX_cpd11416_c0	0.752173	0.017672	0.036179
MGYG000001626__gradient_L6_resistant_starch_gapseq	1419	1518	379	R_EX_cpd11416_c0	0.902487	0.017672	0.034394
MGYG000001626__gradient_L7_bglucan_gapseq	1419	1518	379	R_EX_cpd11416_c0	0.902487	0.017672	0.032001
MGYG000001626__gradient_L8_hmo_gapseq	1419	1518	379	R_EX_cpd11416_c0	0.902487	0.017672	0.028436
MGYG000001626__gradient_L9_mos_gapseq	1419	1518	379	R_EX_cpd11416_c0	0.902487	0.017672	0.029716
MGYG000001630__gradient_L0_base_gapseq	1235	1418	318	R_EX_cpd11416_c0	0.804704	0.015025	0.029780
MGYG000001630__gradient_L1_inulin_gapseq	1235	1418	318	R_EX_cpd11416_c0	0.904163	0.015025	0.028248
MGYG000001630__gradient_L2_fos_gapseq	1235	1418	318	R_EX_cpd11416_c0	0.904163	0.015025	0.028201
MGYG000001630__gradient_L3_gos_gapseq	1235	1418	318	R_EX_cpd11416_c0	0.965570	0.015025	0.022451
MGYG000001630__gradient_L4_xos_gapseq	1235	1418	318	R_EX_cpd11416_c0	0.965570	0.015025	0.023383
MGYG000001630__gradient_L5_pectin_gapseq	1235	1418	318	R_EX_cpd11416_c0	0.965570	0.015025	0.028909
MGYG000001630__gradient_L6_resistant_starch_gapseq	1235	1418	318	R_EX_cpd11416_c0	1.038053	0.015025	0.023211
MGYG000001630__gradient_L7_bglucan_gapseq	1235	1418	318	R_EX_cpd11416_c0	1.038053	0.015025	0.029462
MGYG000001630__gradient_L8_hmo_gapseq	1235	1418	318	R_EX_cpd11416_c0	1.038053	0.015025	0.027295
MGYG000001630__gradient_L9_mos_gapseq	1235	1418	318	R_EX_cpd11416_c0	1.110536	0.015025	0.023331
MGYG000001637__gradient_L0_base_gapseq	1398	1587	407	R_EX_cpd11416_c0	0.217608	0.016687	0.036765
MGYG000001637__gradient_L1_inulin_gapseq	1398	1587	407	R_EX_cpd11416_c0	0.245993	0.016687	0.028938
MGYG000001637__gradient_L2_fos_gapseq	1398	1587	407	R_EX_cpd11416_c0	0.245993	0.016687	0.024227
MGYG000001637__gradient_L3_gos_gapseq	1398	1587	407	R_EX_cpd11416_c0	0.245993	0.016687	0.029053
MGYG000001637__gradient_L4_xos_gapseq	1398	1587	407	R_EX_cpd11416_c0	0.245993	0.016687	0.023874
MGYG000001637__gradient_L5_pectin_gapseq	1398	1587	407	R_EX_cpd11416_c0	0.245993	0.016687	0.030073
MGYG000001637__gradient_L6_resistant_starch_gapseq	1398	1587	407	R_EX_cpd11416_c0	0.246732	0.016687	0.030753
MGYG000001637__gradient_L7_bglucan_gapseq	1398	1587	407	R_EX_cpd11416_c0	0.246732	0.016687	0.029030
MGYG000001637__gradient_L8_hmo_gapseq	1398	1587	407	R_EX_cpd11416_c0	0.246732	0.016687	0.024840
MGYG000001637__gradient_L9_mos_gapseq	1398	1587	407	R_EX_cpd11416_c0	0.246732	0.016687	0.028352
MGYG000001653__gradient_L0_base_gapseq	1110	1242	297	R_EX_cpd11416_c0	-0.000000	0.013124	0.008026
MGYG000001653__gradient_L1_inulin_gapseq	1110	1242	297	R_EX_cpd11416_c0	-0.000000	0.013124	0.007828
MGYG000001653__gradient_L2_fos_gapseq	1110	1242	297	R_EX_cpd11416_c0	-0.000000	0.013124	0.007734
MGYG000001653__gradient_L3_gos_gapseq	1110	1242	297	R_EX_cpd11416_c0	-0.000000	0.013124	0.010549
MGYG000001653__gradient_L4_xos_gapseq	1110	1242	297	R_EX_cpd11416_c0	-0.000000	0.013124	0.010536
MGYG000001653__gradient_L5_pectin_gapseq	1110	1242	297	R_EX_cpd11416_c0	-0.000000	0.013124	0.008155
MGYG000001653__gradient_L6_resistant_starch_gapseq	1110	1242	297	R_EX_cpd11416_c0	-0.000000	0.013124	0.008368
MGYG000001653__gradient_L7_bglucan_gapseq	1110	1242	297	R_EX_cpd11416_c0	-0.000000	0.013124	0.010919
MGYG000001653__gradient_L8_hmo_gapseq	1110	1242	297	R_EX_cpd11416_c0	-0.000000	0.013124	0.010698
MGYG000001653__gradient_L9_mos_gapseq	1110	1242	297	R_EX_cpd11416_c0	-0.000000	0.013124	0.008393
MGYG000001657__gradient_L0_base_gapseq	1058	1175	278	R_EX_cpd11416_c0	-0.000000	0.012221	0.011772
MGYG000001657__gradient_L1_inulin_gapseq	1058	1175	278	R_EX_cpd11416_c0	-0.000000	0.012221	0.006662
MGYG000001657__gradient_L2_fos_gapseq	1058	1175	278	R_EX_cpd11416_c0	-0.000000	0.012221	0.006802
MGYG000001657__gradient_L3_gos_gapseq	1058	1175	278	R_EX_cpd11416_c0	-0.000000	0.012221	0.006592
MGYG000001657__gradient_L4_xos_gapseq	1058	1175	278	R_EX_cpd11416_c0	-0.000000	0.012221	0.006761
MGYG000001657__gradient_L5_pectin_gapseq	1058	1175	278	R_EX_cpd11416_c0	-0.000000	0.012221	0.011182
MGYG000001657__gradient_L6_resistant_starch_gapseq	1058	1175	278	R_EX_cpd11416_c0	-0.000000	0.012221	0.007333
MGYG000001657__gradient_L7_bglucan_gapseq	1058	1175	278	R_EX_cpd11416_c0	-0.000000	0.012221	0.007063
MGYG000001657__gradient_L8_hmo_gapseq	1058	1175	278	R_EX_cpd11416_c0	-0.000000	0.012221	0.009549
MGYG000001657__gradient_L9_mos_gapseq	1058	1175	278	R_EX_cpd11416_c0	-0.000000	0.012221	0.008986
MGYG000001662__gradient_L0_base_gapseq	729	666	74	R_EX_cpd11416_c0	-0.000000	0.007354	0.002911
MGYG000001662__gradient_L1_inulin_gapseq	729	666	74	R_EX_cpd11416_c0	-0.000000	0.007354	0.002946
MGYG000001662__gradient_L2_fos_gapseq	729	666	74	R_EX_cpd11416_c0	-0.000000	0.007354	0.002875
MGYG000001662__gradient_L3_gos_gapseq	729	666	74	R_EX_cpd11416_c0	-0.000000	0.007354	0.002903
MGYG000001662__gradient_L4_xos_gapseq	729	666	74	R_EX_cpd11416_c0	-0.000000	0.007354	0.002862
MGYG000001662__gradient_L5_pectin_gapseq	729	666	74	R_EX_cpd11416_c0	-0.000000	0.007354	0.002877
MGYG000001662__gradient_L6_resistant_starch_gapseq	729	666	74	R_EX_cpd11416_c0	-0.000000	0.007354	0.002698
MGYG000001662__gradient_L7_bglucan_gapseq	729	666	74	R_EX_cpd11416_c0	-0.000000	0.007354	0.002696
MGYG000001662__gradient_L8_hmo_gapseq	729	666	74	R_EX_cpd11416_c0	-0.000000	0.007354	0.002751
MGYG000001662__gradient_L9_mos_gapseq	729	666	74	R_EX_cpd11416_c0	-0.000000	0.007354	0.004281
MGYG000001669__gradient_L0_base_gapseq	816	844	130	R_EX_cpd11416_c0	-0.000000	0.013495	0.004834
MGYG000001669__gradient_L1_inulin_gapseq	816	844	130	R_EX_cpd11416_c0	0.253034	0.013495	0.009660
MGYG000001669__gradient_L2_fos_gapseq	816	844	130	R_EX_cpd11416_c0	0.253034	0.013495	0.009671
MGYG000001669__gradient_L3_gos_gapseq	816	844	130	R_EX_cpd11416_c0	0.456872	0.013495	0.010881
MGYG000001669__gradient_L4_xos_gapseq	816	844	130	R_EX_cpd11416_c0	0.499045	0.013495	0.014821
MGYG000001669__gradient_L5_pectin_gapseq	816	844	130	R_EX_cpd11416_c0	0.531847	0.013495	0.010403
MGYG000001669__gradient_L6_resistant_starch_gapseq	816	844	130	R_EX_cpd11416_c0	1.016425	0.013495	0.010248
MGYG000001669__gradient_L7_bglucan_gapseq	816	844	130	R_EX_cpd11416_c0	1.016425	0.013495	0.016042
MGYG000001669__gradient_L8_hmo_gapseq	816	844	130	R_EX_cpd11416_c0	1.016425	0.013495	0.010609
MGYG000001669__gradient_L9_mos_gapseq	816	844	130	R_EX_cpd11416_c0	1.016425	0.013495	0.012649
MGYG000001694__gradient_L0_base_gapseq	1559	1864	536	R_EX_cpd11416_c0	0.788791	0.020935	0.036976
MGYG000001694__gradient_L1_inulin_gapseq	1559	1864	536	R_EX_cpd11416_c0	1.011511	0.020935	0.037193
MGYG000001694__gradient_L2_fos_gapseq	1559	1864	536	R_EX_cpd11416_c0	1.011511	0.020935	0.047619
MGYG000001694__gradient_L3_gos_gapseq	1559	1864	536	R_EX_cpd11416_c0	1.234232	0.020935	0.031910
MGYG000001694__gradient_L4_xos_gapseq	1559	1864	536	R_EX_cpd11416_c0	1.234232	0.020935	0.036647
MGYG000001694__gradient_L5_pectin_gapseq	1559	1864	536	R_EX_cpd11416_c0	1.266712	0.020935	0.035502
MGYG000001694__gradient_L6_resistant_starch_gapseq	1559	1864	536	R_EX_cpd11416_c0	1.770152	0.020935	0.036253
MGYG000001694__gradient_L7_bglucan_gapseq	1559	1864	536	R_EX_cpd11416_c0	1.770152	0.020935	0.036433
MGYG000001694__gradient_L8_hmo_gapseq	1559	1864	536	R_EX_cpd11416_c0	1.770152	0.020935	0.047738
MGYG000001694__gradient_L9_mos_gapseq	1559	1864	536	R_EX_cpd11416_c0	1.881512	0.020935	0.032914
MGYG000001695__gradient_L0_base_gapseq	1569	1747	473	R_EX_cpd11416_c0	1.030838	0.018892	0.039916
MGYG000001695__gradient_L1_inulin_gapseq	1569	1747	473	R_EX_cpd11416_c0	1.161281	0.018892	0.037765
MGYG000001695__gradient_L2_fos_gapseq	1569	1747	473	R_EX_cpd11416_c0	1.161281	0.018892	0.033486
MGYG000001695__gradient_L3_gos_gapseq	1569	1747	473	R_EX_cpd11416_c0	1.161281	0.018892	0.039160
MGYG000001695__gradient_L4_xos_gapseq	1569	1747	473	R_EX_cpd11416_c0	1.236385	0.018892	0.043142
MGYG000001695__gradient_L5_pectin_gapseq	1569	1747	473	R_EX_cpd11416_c0	1.273757	0.018892	0.037668
MGYG000001695__gradient_L6_resistant_starch_gapseq	1569	1747	473	R_EX_cpd11416_c0	1.869375	0.018892	0.034630
MGYG000001695__gradient_L7_bglucan_gapseq	1569	1747	473	R_EX_cpd11416_c0	1.869375	0.018892	0.046276
MGYG000001695__gradient_L8_hmo_gapseq	1569	1747	473	R_EX_cpd11416_c0	1.869375	0.018892	0.052108
MGYG000001695__gradient_L9_mos_gapseq	1569	1747	473	R_EX_cpd11416_c0	1.869375	0.018892	0.039945
MGYG000001697__gradient_L0_base_gapseq	1318	1539	388	R_EX_cpd11416_c0	1.036914	0.018251	0.030164
MGYG000001697__gradient_L1_inulin_gapseq	1318	1539	388	R_EX_cpd11416_c0	1.360111	0.018251	0.036206
MGYG000001697__gradient_L2_fos_gapseq	1318	1539	388	R_EX_cpd11416_c0	1.360111	0.018251	0.030116
MGYG000001697__gradient_L3_gos_gapseq	1318	1539	388	R_EX_cpd11416_c0	1.675228	0.018251	0.030471
MGYG000001697__gradient_L4_xos_gapseq	1318	1539	388	R_EX_cpd11416_c0	1.675228	0.018251	0.037081
MGYG000001697__gradient_L5_pectin_gapseq	1318	1539	388	R_EX_cpd11416_c0	1.675228	0.018251	0.025598
MGYG000001697__gradient_L6_resistant_starch_gapseq	1318	1539	388	R_EX_cpd11416_c0	2.379808	0.018251	0.031295
MGYG000001697__gradient_L7_bglucan_gapseq	1318	1539	388	R_EX_cpd11416_c0	2.379808	0.018251	0.031238
MGYG000001697__gradient_L8_hmo_gapseq	1318	1539	388	R_EX_cpd11416_c0	2.379808	0.018251	0.034149
MGYG000001697__gradient_L9_mos_gapseq	1318	1539	388	R_EX_cpd11416_c0	2.536590	0.018251	0.038019
MGYG000001698__gradient_L0_base_gapseq	1354	1601	533	R_EX_cpd11416_c0	-0.000000	0.017396	0.015712
MGYG000001698__gradient_L1_inulin_gapseq	1354	1601	533	R_EX_cpd11416_c0	-0.000000	0.017396	0.010273
MGYG000001698__gradient_L2_fos_gapseq	1354	1601	533	R_EX_cpd11416_c0	-0.000000	0.017396	0.009991
MGYG000001698__gradient_L3_gos_gapseq	1354	1601	533	R_EX_cpd11416_c0	-0.000000	0.017396	0.014795
MGYG000001698__gradient_L4_xos_gapseq	1354	1601	533	R_EX_cpd11416_c0	1.337067	0.017396	0.031136
MGYG000001698__gradient_L5_pectin_gapseq	1354	1601	533	R_EX_cpd11416_c0	1.381195	0.017396	0.029765
MGYG000001698__gradient_L6_resistant_starch_gapseq	1354	1601	533	R_EX_cpd11416_c0	1.992367	0.017396	0.027641
MGYG000001698__gradient_L7_bglucan_gapseq	1354	1601	533	R_EX_cpd11416_c0	2.197561	0.017396	0.029246
MGYG000001698__gradient_L8_hmo_gapseq	1354	1601	533	R_EX_cpd11416_c0	2.343184	0.017396	0.027638
MGYG000001698__gradient_L9_mos_gapseq	1354	1601	533	R_EX_cpd11416_c0	2.484393	0.017396	0.033018
MGYG000001700__gradient_L0_base_gapseq	2370	2968	1286	R_EX_cpd11416_c0	1.721687	0.039123	0.088097
MGYG000001700__gradient_L1_inulin_gapseq	2370	2968	1286	R_EX_cpd11416_c0	2.060798	0.039123	0.080666
MGYG000001700__gradient_L2_fos_gapseq	2370	2968	1286	R_EX_cpd11416_c0	2.060798	0.039123	0.079102
MGYG000001700__gradient_L3_gos_gapseq	2370	2968	1286	R_EX_cpd11416_c0	2.411368	0.039123	0.084118
MGYG000001700__gradient_L4_xos_gapseq	2370	2968	1286	R_EX_cpd11416_c0	2.585052	0.039123	0.089913
MGYG000001700__gradient_L5_pectin_gapseq	2370	2968	1286	R_EX_cpd11416_c0	2.634795	0.039123	0.097052
MGYG000001700__gradient_L6_resistant_starch_gapseq	2370	2968	1286	R_EX_cpd11416_c0	3.327508	0.039123	0.081826
MGYG000001700__gradient_L7_bglucan_gapseq	2370	2968	1286	R_EX_cpd11416_c0	3.552780	0.039123	0.096646
MGYG000001700__gradient_L8_hmo_gapseq	2370	2968	1286	R_EX_cpd11416_c0	3.552780	0.039123	0.080493
MGYG000001700__gradient_L9_mos_gapseq	2370	2968	1286	R_EX_cpd11416_c0	3.698873	0.039123	0.080286
MGYG000001707__gradient_L0_base_gapseq	1434	1605	362	R_EX_cpd11416_c0	-0.000000	0.016759	0.016539
MGYG000001707__gradient_L1_inulin_gapseq	1434	1605	362	R_EX_cpd11416_c0	-0.000000	0.016759	0.010705
MGYG000001707__gradient_L2_fos_gapseq	1434	1605	362	R_EX_cpd11416_c0	-0.000000	0.016759	0.010453
MGYG000001707__gradient_L3_gos_gapseq	1434	1605	362	R_EX_cpd11416_c0	0.898835	0.016759	0.028881
MGYG000001707__gradient_L4_xos_gapseq	1434	1605	362	R_EX_cpd11416_c0	0.898835	0.016759	0.027100
MGYG000001707__gradient_L5_pectin_gapseq	1434	1605	362	R_EX_cpd11416_c0	0.898835	0.016759	0.026733
MGYG000001707__gradient_L6_resistant_starch_gapseq	1434	1605	362	R_EX_cpd11416_c0	1.521121	0.016759	0.033024
MGYG000001707__gradient_L7_bglucan_gapseq	1434	1605	362	R_EX_cpd11416_c0	1.728751	0.016759	0.030771
MGYG000001707__gradient_L8_hmo_gapseq	1434	1605	362	R_EX_cpd11416_c0	1.728751	0.016759	0.025909
MGYG000001707__gradient_L9_mos_gapseq	1434	1605	362	R_EX_cpd11416_c0	1.728751	0.016759	0.025811
MGYG000001725__gradient_L0_base_gapseq	1343	1500	387	R_EX_cpd11416_c0	-0.000000	0.016232	0.014342
MGYG000001725__gradient_L1_inulin_gapseq	1343	1500	387	R_EX_cpd11416_c0	-0.000000	0.016232	0.009771
MGYG000001725__gradient_L2_fos_gapseq	1343	1500	387	R_EX_cpd11416_c0	-0.000000	0.016232	0.009813
MGYG000001725__gradient_L3_gos_gapseq	1343	1500	387	R_EX_cpd11416_c0	0.642365	0.016232	0.024304
MGYG000001725__gradient_L4_xos_gapseq	1343	1500	387	R_EX_cpd11416_c0	0.642365	0.016232	0.035252
MGYG000001725__gradient_L5_pectin_gapseq	1343	1500	387	R_EX_cpd11416_c0	0.642365	0.016232	0.029752
MGYG000001725__gradient_L6_resistant_starch_gapseq	1343	1500	387	R_EX_cpd11416_c0	1.318377	0.016232	0.024138
MGYG000001725__gradient_L7_bglucan_gapseq	1343	1500	387	R_EX_cpd11416_c0	1.318377	0.016232	0.029399
MGYG000001725__gradient_L8_hmo_gapseq	1343	1500	387	R_EX_cpd11416_c0	1.318377	0.016232	0.023743
MGYG000001725__gradient_L9_mos_gapseq	1343	1500	387	R_EX_cpd11416_c0	1.445069	0.016232	0.030907
MGYG000001745__gradient_L0_base_gapseq	1428	1579	372	R_EX_cpd11416_c0	-0.000000	0.017350	0.009921
MGYG000001745__gradient_L1_inulin_gapseq	1428	1579	372	R_EX_cpd11416_c0	-0.000000	0.017350	0.015627
MGYG000001745__gradient_L2_fos_gapseq	1428	1579	372	R_EX_cpd11416_c0	-0.000000	0.017350	0.013740
MGYG000001745__gradient_L3_gos_gapseq	1428	1579	372	R_EX_cpd11416_c0	0.661853	0.017350	0.025366
MGYG000001745__gradient_L4_xos_gapseq	1428	1579	372	R_EX_cpd11416_c0	0.661853	0.017350	0.030344
MGYG000001745__gradient_L5_pectin_gapseq	1428	1579	372	R_EX_cpd11416_c0	0.661853	0.017350	0.030898
MGYG000001745__gradient_L6_resistant_starch_gapseq	1428	1579	372	R_EX_cpd11416_c0	1.181894	0.017350	0.031809
MGYG000001745__gradient_L7_bglucan_gapseq	1428	1579	372	R_EX_cpd11416_c0	1.365293	0.017350	0.031819
MGYG000001745__gradient_L8_hmo_gapseq	1428	1579	372	R_EX_cpd11416_c0	1.365293	0.017350	0.025474
MGYG000001745__gradient_L9_mos_gapseq	1428	1579	372	R_EX_cpd11416_c0	1.455861	0.017350	0.031786
MGYG000001749__gradient_L0_base_gapseq	1408	1570	363	R_EX_cpd11416_c0	-0.000000	0.016596	0.015429
MGYG000001749__gradient_L1_inulin_gapseq	1408	1570	363	R_EX_cpd11416_c0	-0.000000	0.016596	0.011784
MGYG000001749__gradient_L2_fos_gapseq	1408	1570	363	R_EX_cpd11416_c0	-0.000000	0.016596	0.010144
MGYG000001749__gradient_L3_gos_gapseq	1408	1570	363	R_EX_cpd11416_c0	-0.000000	0.016596	0.009998
MGYG000001749__gradient_L4_xos_gapseq	1408	1570	363	R_EX_cpd11416_c0	1.042642	0.016596	0.031460
MGYG000001749__gradient_L5_pectin_gapseq	1408	1570	363	R_EX_cpd11416_c0	1.104828	0.016596	0.027352
MGYG000001749__gradient_L6_resistant_starch_gapseq	1408	1570	363	R_EX_cpd11416_c0	1.795092	0.016596	0.030183
MGYG000001749__gradient_L7_bglucan_gapseq	1408	1570	363	R_EX_cpd11416_c0	2.037618	0.016596	0.030138
MGYG000001749__gradient_L8_hmo_gapseq	1408	1570	363	R_EX_cpd11416_c0	2.037618	0.016596	0.035694
MGYG000001749__gradient_L9_mos_gapseq	1408	1570	363	R_EX_cpd11416_c0	2.170281	0.016596	0.038061
MGYG000001757__gradient_L0_base_gapseq	1155	1232	309	R_EX_cpd11416_c0	0.000000	0.012998	0.007668
MGYG000001757__gradient_L1_inulin_gapseq	1155	1232	309	R_EX_cpd11416_c0	-0.000000	0.012998	0.007520
MGYG000001757__gradient_L2_fos_gapseq	1155	1232	309	R_EX_cpd11416_c0	-0.000000	0.012998	0.012760
MGYG000001757__gradient_L3_gos_gapseq	1155	1232	309	R_EX_cpd11416_c0	-0.000000	0.012998	0.007218
MGYG000001757__gradient_L4_xos_gapseq	1155	1232	309	R_EX_cpd11416_c0	0.346197	0.012998	0.017939
MGYG000001757__gradient_L5_pectin_gapseq	1155	1232	309	R_EX_cpd11416_c0	0.346197	0.012998	0.033949
MGYG000001757__gradient_L6_resistant_starch_gapseq	1155	1232	309	R_EX_cpd11416_c0	0.802142	0.012998	0.017414
MGYG000001757__gradient_L7_bglucan_gapseq	1155	1232	309	R_EX_cpd11416_c0	0.966195	0.012998	0.023388
MGYG000001757__gradient_L8_hmo_gapseq	1155	1232	309	R_EX_cpd11416_c0	0.966195	0.012998	0.021511
MGYG000001757__gradient_L9_mos_gapseq	1155	1232	309	R_EX_cpd11416_c0	1.037156	0.012998	0.019138
MGYG000001760__gradient_L0_base_gapseq	1281	1399	313	R_EX_cpd11416_c0	-0.000000	0.014993	0.014190
MGYG000001760__gradient_L1_inulin_gapseq	1281	1399	313	R_EX_cpd11416_c0	-0.000000	0.014993	0.008494
MGYG000001760__gradient_L2_fos_gapseq	1281	1399	313	R_EX_cpd11416_c0	-0.000000	0.014993	0.008304
MGYG000001760__gradient_L3_gos_gapseq	1281	1399	313	R_EX_cpd11416_c0	0.533739	0.014993	0.024154
MGYG000001760__gradient_L4_xos_gapseq	1281	1399	313	R_EX_cpd11416_c0	0.612008	0.014993	0.025096
MGYG000001760__gradient_L5_pectin_gapseq	1281	1399	313	R_EX_cpd11416_c0	0.676658	0.014993	0.020782
MGYG000001760__gradient_L6_resistant_starch_gapseq	1281	1399	313	R_EX_cpd11416_c0	1.020846	0.014993	0.023917
MGYG000001760__gradient_L7_bglucan_gapseq	1281	1399	313	R_EX_cpd11416_c0	1.020846	0.014993	0.028713
MGYG000001760__gradient_L8_hmo_gapseq	1281	1399	313	R_EX_cpd11416_c0	1.020846	0.014993	0.021231
MGYG000001760__gradient_L9_mos_gapseq	1281	1399	313	R_EX_cpd11416_c0	1.020846	0.014993	0.026596
MGYG000001762__gradient_L0_base_gapseq	1369	1433	333	R_EX_cpd11416_c0	0.402894	0.019886	0.023482
MGYG000001762__gradient_L1_inulin_gapseq	1369	1433	333	R_EX_cpd11416_c0	0.586377	0.019886	0.026552
MGYG000001762__gradient_L2_fos_gapseq	1369	1433	333	R_EX_cpd11416_c0	0.586377	0.019886	0.028964
MGYG000001762__gradient_L3_gos_gapseq	1369	1433	333	R_EX_cpd11416_c0	0.586377	0.019886	0.023512
MGYG000001762__gradient_L4_xos_gapseq	1369	1433	333	R_EX_cpd11416_c0	0.586377	0.019886	0.029019
MGYG000001762__gradient_L5_pectin_gapseq	1369	1433	333	R_EX_cpd11416_c0	0.586377	0.019886	0.024145
MGYG000001762__gradient_L6_resistant_starch_gapseq	1369	1433	333	R_EX_cpd11416_c0	0.723902	0.019886	0.027940
MGYG000001762__gradient_L7_bglucan_gapseq	1369	1433	333	R_EX_cpd11416_c0	0.723902	0.019886	0.029169
MGYG000001762__gradient_L8_hmo_gapseq	1369	1433	333	R_EX_cpd11416_c0	0.723902	0.019886	0.031308
MGYG000001762__gradient_L9_mos_gapseq	1369	1433	333	R_EX_cpd11416_c0	0.723902	0.019886	0.027362
MGYG000001767__gradient_L0_base_gapseq	1045	1145	222	R_EX_cpd11416_c0	-0.000000	0.011880	0.006669
MGYG000001767__gradient_L1_inulin_gapseq	1045	1145	222	R_EX_cpd11416_c0	-0.000000	0.011880	0.005951
MGYG000001767__gradient_L2_fos_gapseq	1045	1145	222	R_EX_cpd11416_c0	-0.000000	0.011880	0.006058
MGYG000001767__gradient_L3_gos_gapseq	1045	1145	222	R_EX_cpd11416_c0	0.523377	0.011880	0.015075
MGYG000001767__gradient_L4_xos_gapseq	1045	1145	222	R_EX_cpd11416_c0	0.523377	0.011880	0.020822
MGYG000001767__gradient_L5_pectin_gapseq	1045	1145	222	R_EX_cpd11416_c0	0.523377	0.011880	0.015225
MGYG000001767__gradient_L6_resistant_starch_gapseq	1045	1145	222	R_EX_cpd11416_c0	0.987949	0.011880	0.016962
MGYG000001767__gradient_L7_bglucan_gapseq	1045	1145	222	R_EX_cpd11416_c0	1.113165	0.011880	0.015650
MGYG000001767__gradient_L8_hmo_gapseq	1045	1145	222	R_EX_cpd11416_c0	1.113165	0.011880	0.019607
MGYG000001767__gradient_L9_mos_gapseq	1045	1145	222	R_EX_cpd11416_c0	1.184818	0.011880	0.015335
MGYG000001786__gradient_L0_base_gapseq	535	508	66	R_EX_cpd11416_c0	-0.000000	0.005486	0.002141
MGYG000001786__gradient_L1_inulin_gapseq	535	508	66	R_EX_cpd11416_c0	-0.000000	0.005486	0.002318
MGYG000001786__gradient_L2_fos_gapseq	535	508	66	R_EX_cpd11416_c0	-0.000000	0.005486	0.002203
MGYG000001786__gradient_L3_gos_gapseq	535	508	66	R_EX_cpd11416_c0	-0.000000	0.005486	0.005021
MGYG000001786__gradient_L4_xos_gapseq	535	508	66	R_EX_cpd11416_c0	-0.000000	0.005486	0.005036
MGYG000001786__gradient_L5_pectin_gapseq	535	508	66	R_EX_cpd11416_c0	-0.000000	0.005486	0.002362
MGYG000001786__gradient_L6_resistant_starch_gapseq	535	508	66	R_EX_cpd11416_c0	-0.000000	0.005486	0.002210
MGYG000001786__gradient_L7_bglucan_gapseq	535	508	66	R_EX_cpd11416_c0	-0.000000	0.005486	0.002230
MGYG000001786__gradient_L8_hmo_gapseq	535	508	66	R_EX_cpd11416_c0	-0.000000	0.005486	0.002149
MGYG000001786__gradient_L9_mos_gapseq	535	508	66	R_EX_cpd11416_c0	-0.000000	0.005486	0.002066
MGYG000001795__gradient_L0_base_gapseq	1223	1376	308	R_EX_cpd11416_c0	-0.000000	0.014334	0.008472
MGYG000001795__gradient_L1_inulin_gapseq	1223	1376	308	R_EX_cpd11416_c0	0.442917	0.014334	0.027133
MGYG000001795__gradient_L2_fos_gapseq	1223	1376	308	R_EX_cpd11416_c0	0.442917	0.014334	0.021390
MGYG000001795__gradient_L3_gos_gapseq	1223	1376	308	R_EX_cpd11416_c0	0.442917	0.014334	0.021720
MGYG000001795__gradient_L4_xos_gapseq	1223	1376	308	R_EX_cpd11416_c0	0.442917	0.014334	0.026656
MGYG000001795__gradient_L5_pectin_gapseq	1223	1376	308	R_EX_cpd11416_c0	0.442917	0.014334	0.026471
MGYG000001795__gradient_L6_resistant_starch_gapseq	1223	1376	308	R_EX_cpd11416_c0	0.722295	0.014334	0.026273
MGYG000001795__gradient_L7_bglucan_gapseq	1223	1376	308	R_EX_cpd11416_c0	0.722295	0.014334	0.021368
MGYG000001795__gradient_L8_hmo_gapseq	1223	1376	308	R_EX_cpd11416_c0	0.722295	0.014334	0.025499
MGYG000001795__gradient_L9_mos_gapseq	1223	1376	308	R_EX_cpd11416_c0	0.831600	0.014334	0.027320
MGYG000001804__gradient_L0_base_gapseq	1231	1322	250	R_EX_cpd11416_c0	-0.000000	0.014212	0.008036
MGYG000001804__gradient_L1_inulin_gapseq	1231	1322	250	R_EX_cpd11416_c0	-0.000000	0.014212	0.008020
MGYG000001804__gradient_L2_fos_gapseq	1231	1322	250	R_EX_cpd11416_c0	-0.000000	0.014212	0.007990
MGYG000001804__gradient_L3_gos_gapseq	1231	1322	250	R_EX_cpd11416_c0	-0.000000	0.014212	0.007862
MGYG000001804__gradient_L4_xos_gapseq	1231	1322	250	R_EX_cpd11416_c0	-0.000000	0.014212	0.011871
MGYG000001804__gradient_L5_pectin_gapseq	1231	1322	250	R_EX_cpd11416_c0	-0.000000	0.014212	0.008892
MGYG000001804__gradient_L6_resistant_starch_gapseq	1231	1322	250	R_EX_cpd11416_c0	-0.000000	0.014212	0.007766
MGYG000001804__gradient_L7_bglucan_gapseq	1231	1322	250	R_EX_cpd11416_c0	-0.000000	0.014212	0.008132
MGYG000001804__gradient_L8_hmo_gapseq	1231	1322	250	R_EX_cpd11416_c0	-0.000000	0.014212	0.010986
MGYG000001804__gradient_L9_mos_gapseq	1231	1322	250	R_EX_cpd11416_c0	-0.000000	0.014212	0.009523
MGYG000001821__gradient_L0_base_gapseq	1101	1228	251	R_EX_cpd11416_c0	-0.000000	0.014712	0.006859
MGYG000001821__gradient_L1_inulin_gapseq	1101	1228	251	R_EX_cpd11416_c0	1.056771	0.014712	0.017294
MGYG000001821__gradient_L2_fos_gapseq	1101	1228	251	R_EX_cpd11416_c0	1.056771	0.014712	0.017189
MGYG000001821__gradient_L3_gos_gapseq	1101	1228	251	R_EX_cpd11416_c0	1.320967	0.014712	0.023979
MGYG000001821__gradient_L4_xos_gapseq	1101	1228	251	R_EX_cpd11416_c0	1.408471	0.014712	0.017809
MGYG000001821__gradient_L5_pectin_gapseq	1101	1228	251	R_EX_cpd11416_c0	1.462298	0.014712	0.020631
MGYG000001821__gradient_L6_resistant_starch_gapseq	1101	1228	251	R_EX_cpd11416_c0	2.090283	0.014712	0.025232
MGYG000001821__gradient_L7_bglucan_gapseq	1101	1228	251	R_EX_cpd11416_c0	2.305593	0.014712	0.024659
MGYG000001821__gradient_L8_hmo_gapseq	1101	1228	251	R_EX_cpd11416_c0	2.305593	0.014712	0.023298
MGYG000001821__gradient_L9_mos_gapseq	1101	1228	251	R_EX_cpd11416_c0	2.413247	0.014712	0.018528
MGYG000001826__gradient_L0_base_gapseq	1089	1179	263	R_EX_cpd11416_c0	-0.000000	0.012797	0.006643
MGYG000001826__gradient_L1_inulin_gapseq	1089	1179	263	R_EX_cpd11416_c0	-0.000000	0.012797	0.012396
MGYG000001826__gradient_L2_fos_gapseq	1089	1179	263	R_EX_cpd11416_c0	-0.000000	0.012797	0.006832
MGYG000001826__gradient_L3_gos_gapseq	1089	1179	263	R_EX_cpd11416_c0	-0.000000	0.012797	0.007160
MGYG000001826__gradient_L4_xos_gapseq	1089	1179	263	R_EX_cpd11416_c0	-0.000000	0.012797	0.006929
MGYG000001826__gradient_L5_pectin_gapseq	1089	1179	263	R_EX_cpd11416_c0	-0.000000	0.012797	0.007925
MGYG000001826__gradient_L6_resistant_starch_gapseq	1089	1179	263	R_EX_cpd11416_c0	0.814279	0.012797	0.021411
MGYG000001826__gradient_L7_bglucan_gapseq	1089	1179	263	R_EX_cpd11416_c0	0.814279	0.012797	0.022485
MGYG000001826__gradient_L8_hmo_gapseq	1089	1179	263	R_EX_cpd11416_c0	0.814279	0.012797	0.017002
MGYG000001826__gradient_L9_mos_gapseq	1089	1179	263	R_EX_cpd11416_c0	0.892062	0.012797	0.025722
MGYG000001827__gradient_L0_base_gapseq	1052	1059	209	R_EX_cpd11416_c0	0.725581	0.012857	0.017756
MGYG000001827__gradient_L1_inulin_gapseq	1052	1059	209	R_EX_cpd11416_c0	1.086924	0.012857	0.023083
MGYG000001827__gradient_L2_fos_gapseq	1052	1059	209	R_EX_cpd11416_c0	1.086924	0.012857	0.015297
MGYG000001827__gradient_L3_gos_gapseq	1052	1059	209	R_EX_cpd11416_c0	1.186112	0.012857	0.020567
MGYG000001827__gradient_L4_xos_gapseq	1052	1059	209	R_EX_cpd11416_c0	1.264636	0.012857	0.021166
MGYG000001827__gradient_L5_pectin_gapseq	1052	1059	209	R_EX_cpd11416_c0	1.326628	0.012857	0.015626
MGYG000001827__gradient_L6_resistant_starch_gapseq	1052	1059	209	R_EX_cpd11416_c0	1.610404	0.012857	0.015418
MGYG000001827__gradient_L7_bglucan_gapseq	1052	1059	209	R_EX_cpd11416_c0	1.610405	0.012857	0.015297
MGYG000001827__gradient_L8_hmo_gapseq	1052	1059	209	R_EX_cpd11416_c0	1.610405	0.012857	0.020853
MGYG000001827__gradient_L9_mos_gapseq	1052	1059	209	R_EX_cpd11416_c0	1.610405	0.012857	0.020789
MGYG000001834__gradient_L0_base_gapseq	586	558	62	R_EX_cpd11416_c0	-0.000000	0.006929	0.002269
MGYG000001834__gradient_L1_inulin_gapseq	586	558	62	R_EX_cpd11416_c0	-0.000000	0.006929	0.002717
MGYG000001834__gradient_L2_fos_gapseq	586	558	62	R_EX_cpd11416_c0	-0.000000	0.006929	0.002890
MGYG000001834__gradient_L3_gos_gapseq	586	558	62	R_EX_cpd11416_c0	-0.000000	0.006929	0.002558
MGYG000001834__gradient_L4_xos_gapseq	586	558	62	R_EX_cpd11416_c0	-0.000000	0.006929	0.002523
MGYG000001834__gradient_L5_pectin_gapseq	586	558	62	R_EX_cpd11416_c0	-0.000000	0.006929	0.002675
MGYG000001834__gradient_L6_resistant_starch_gapseq	586	558	62	R_EX_cpd11416_c0	-0.000000	0.006929	0.002493
MGYG000001834__gradient_L7_bglucan_gapseq	586	558	62	R_EX_cpd11416_c0	-0.000000	0.006929	0.002503
MGYG000001834__gradient_L8_hmo_gapseq	586	558	62	R_EX_cpd11416_c0	-0.000000	0.006929	0.003056
MGYG000001834__gradient_L9_mos_gapseq	586	558	62	R_EX_cpd11416_c0	-0.000000	0.006929	0.007342
MGYG000001846__gradient_L0_base_gapseq	894	959	171	R_EX_cpd11416_c0	-0.000000	0.009998	0.005577
MGYG000001846__gradient_L1_inulin_gapseq	894	959	171	R_EX_cpd11416_c0	-0.000000	0.009998	0.005599
MGYG000001846__gradient_L2_fos_gapseq	894	959	171	R_EX_cpd11416_c0	-0.000000	0.009998	0.005540
MGYG000001846__gradient_L3_gos_gapseq	894	959	171	R_EX_cpd11416_c0	-0.000000	0.009998	0.005562
MGYG000001846__gradient_L4_xos_gapseq	894	959	171	R_EX_cpd11416_c0	-0.000000	0.009998	0.010358
MGYG000001846__gradient_L5_pectin_gapseq	894	959	171	R_EX_cpd11416_c0	-0.000000	0.009998	0.005969
MGYG000001846__gradient_L6_resistant_starch_gapseq	894	959	171	R_EX_cpd11416_c0	-0.000000	0.009998	0.005824
MGYG000001846__gradient_L7_bglucan_gapseq	894	959	171	R_EX_cpd11416_c0	-0.000000	0.009998	0.005736
MGYG000001846__gradient_L8_hmo_gapseq	894	959	171	R_EX_cpd11416_c0	-0.000000	0.009998	0.009983
MGYG000001846__gradient_L9_mos_gapseq	894	959	171	R_EX_cpd11416_c0	-0.000000	0.009998	0.006725
MGYG000001871__gradient_L0_base_gapseq	1325	1486	342	R_EX_cpd11416_c0	-0.000000	0.015735	0.012260
MGYG000001871__gradient_L1_inulin_gapseq	1325	1486	342	R_EX_cpd11416_c0	-0.000000	0.015735	0.013578
MGYG000001871__gradient_L2_fos_gapseq	1325	1486	342	R_EX_cpd11416_c0	-0.000000	0.015735	0.010239
MGYG000001871__gradient_L3_gos_gapseq	1325	1486	342	R_EX_cpd11416_c0	-0.000000	0.015735	0.015887
MGYG000001871__gradient_L4_xos_gapseq	1325	1486	342	R_EX_cpd11416_c0	-0.000000	0.015735	0.010748
MGYG000001871__gradient_L5_pectin_gapseq	1325	1486	342	R_EX_cpd11416_c0	-0.000000	0.015735	0.010665
MGYG000001871__gradient_L6_resistant_starch_gapseq	1325	1486	342	R_EX_cpd11416_c0	-0.000000	0.015735	0.015096
MGYG000001871__gradient_L7_bglucan_gapseq	1325	1486	342	R_EX_cpd11416_c0	-0.000000	0.015735	0.013599
MGYG000001871__gradient_L8_hmo_gapseq	1325	1486	342	R_EX_cpd11416_c0	-0.000000	0.015735	0.010396
MGYG000001871__gradient_L9_mos_gapseq	1325	1486	342	R_EX_cpd11416_c0	-0.000000	0.015735	0.012597
MGYG000001878__gradient_L0_base_gapseq	1507	1707	450	R_EX_cpd11416_c0	0.812026	0.018294	0.034262
MGYG000001878__gradient_L1_inulin_gapseq	1507	1707	450	R_EX_cpd11416_c0	1.018476	0.018294	0.033991
MGYG000001878__gradient_L2_fos_gapseq	1507	1707	450	R_EX_cpd11416_c0	1.018476	0.018294	0.038403
MGYG000001878__gradient_L3_gos_gapseq	1507	1707	450	R_EX_cpd11416_c0	1.094174	0.018294	0.029099
MGYG000001878__gradient_L4_xos_gapseq	1507	1707	450	R_EX_cpd11416_c0	1.218044	0.018294	0.034760
MGYG000001878__gradient_L5_pectin_gapseq	1507	1707	450	R_EX_cpd11416_c0	1.250159	0.018294	0.033811
MGYG000001878__gradient_L6_resistant_starch_gapseq	1507	1707	450	R_EX_cpd11416_c0	1.509368	0.018294	0.028923
MGYG000001878__gradient_L7_bglucan_gapseq	1507	1707	450	R_EX_cpd11416_c0	1.509368	0.018294	0.029333
MGYG000001878__gradient_L8_hmo_gapseq	1507	1707	450	R_EX_cpd11416_c0	1.509368	0.018294	0.029092
MGYG000001878__gradient_L9_mos_gapseq	1507	1707	450	R_EX_cpd11416_c0	1.610299	0.018294	0.034890
MGYG000001890__gradient_L0_base_gapseq	1434	1636	443	R_EX_cpd11416_c0	0.327550	0.017420	0.033901
MGYG000001890__gradient_L1_inulin_gapseq	1434	1636	443	R_EX_cpd11416_c0	0.441484	0.017420	0.035697
MGYG000001890__gradient_L2_fos_gapseq	1434	1636	443	R_EX_cpd11416_c0	0.441484	0.017420	0.030541
MGYG000001890__gradient_L3_gos_gapseq	1434	1636	443	R_EX_cpd11416_c0	0.519813	0.017420	0.028453
MGYG000001890__gradient_L4_xos_gapseq	1434	1636	443	R_EX_cpd11416_c0	0.583901	0.017420	0.033208
MGYG000001890__gradient_L5_pectin_gapseq	1434	1636	443	R_EX_cpd11416_c0	0.583901	0.017420	0.031896
MGYG000001890__gradient_L6_resistant_starch_gapseq	1434	1636	443	R_EX_cpd11416_c0	1.103724	0.017420	0.030674
MGYG000001890__gradient_L7_bglucan_gapseq	1434	1636	443	R_EX_cpd11416_c0	1.103724	0.017420	0.041995
MGYG000001890__gradient_L8_hmo_gapseq	1434	1636	443	R_EX_cpd11416_c0	1.103724	0.017420	0.038753
MGYG000001890__gradient_L9_mos_gapseq	1434	1636	443	R_EX_cpd11416_c0	1.103724	0.017420	0.031313
MGYG000001896__gradient_L0_base_gapseq	1019	1125	245	R_EX_cpd11416_c0	-0.000000	0.012490	0.006428
MGYG000001896__gradient_L1_inulin_gapseq	1019	1125	245	R_EX_cpd11416_c0	-0.000000	0.012490	0.011253
MGYG000001896__gradient_L2_fos_gapseq	1019	1125	245	R_EX_cpd11416_c0	-0.000000	0.012490	0.006591
MGYG000001896__gradient_L3_gos_gapseq	1019	1125	245	R_EX_cpd11416_c0	-0.000000	0.012490	0.006569
MGYG000001896__gradient_L4_xos_gapseq	1019	1125	245	R_EX_cpd11416_c0	-0.000000	0.012490	0.006424
MGYG000001896__gradient_L5_pectin_gapseq	1019	1125	245	R_EX_cpd11416_c0	-0.000000	0.012490	0.006475
MGYG000001896__gradient_L6_resistant_starch_gapseq	1019	1125	245	R_EX_cpd11416_c0	-0.000000	0.012490	0.009399
MGYG000001896__gradient_L7_bglucan_gapseq	1019	1125	245	R_EX_cpd11416_c0	-0.000000	0.012490	0.010557
MGYG000001896__gradient_L8_hmo_gapseq	1019	1125	245	R_EX_cpd11416_c0	-0.000000	0.012490	0.007200
MGYG000001896__gradient_L9_mos_gapseq	1019	1125	245	R_EX_cpd11416_c0	-0.000000	0.012490	0.007397
MGYG000001898__gradient_L0_base_gapseq	1366	1547	421	R_EX_cpd11416_c0	-0.000000	0.016174	0.015627
MGYG000001898__gradient_L1_inulin_gapseq	1366	1547	421	R_EX_cpd11416_c0	-0.000000	0.016174	0.017843
MGYG000001898__gradient_L2_fos_gapseq	1366	1547	421	R_EX_cpd11416_c0	-0.000000	0.016174	0.011305
MGYG000001898__gradient_L3_gos_gapseq	1366	1547	421	R_EX_cpd11416_c0	-0.000000	0.016174	0.010444
MGYG000001898__gradient_L4_xos_gapseq	1366	1547	421	R_EX_cpd11416_c0	-0.000000	0.016174	0.013772
MGYG000001898__gradient_L5_pectin_gapseq	1366	1547	421	R_EX_cpd11416_c0	-0.000000	0.016174	0.011473
MGYG000001898__gradient_L6_resistant_starch_gapseq	1366	1547	421	R_EX_cpd11416_c0	2.119138	0.016174	0.039454
MGYG000001898__gradient_L7_bglucan_gapseq	1366	1547	421	R_EX_cpd11416_c0	2.119138	0.016174	0.041705
MGYG000001898__gradient_L8_hmo_gapseq	1366	1547	421	R_EX_cpd11416_c0	2.119138	0.016174	0.027378
MGYG000001898__gradient_L9_mos_gapseq	1366	1547	421	R_EX_cpd11416_c0	2.280635	0.016174	0.031966
MGYG000001917__gradient_L0_base_gapseq	660	631	81	R_EX_cpd11416_c0	-0.000000	0.006808	0.002842
MGYG000001917__gradient_L1_inulin_gapseq	660	631	81	R_EX_cpd11416_c0	-0.000000	0.006808	0.003042
MGYG000001917__gradient_L2_fos_gapseq	660	631	81	R_EX_cpd11416_c0	-0.000000	0.006808	0.002923
MGYG000001917__gradient_L3_gos_gapseq	660	631	81	R_EX_cpd11416_c0	-0.000000	0.006808	0.002927
MGYG000001917__gradient_L4_xos_gapseq	660	631	81	R_EX_cpd11416_c0	-0.000000	0.006808	0.002916
MGYG000001917__gradient_L5_pectin_gapseq	660	631	81	R_EX_cpd11416_c0	-0.000000	0.006808	0.002805
MGYG000001917__gradient_L6_resistant_starch_gapseq	660	631	81	R_EX_cpd11416_c0	-0.000000	0.006808	0.002761
MGYG000001917__gradient_L7_bglucan_gapseq	660	631	81	R_EX_cpd11416_c0	-0.000000	0.006808	0.006855
MGYG000001917__gradient_L8_hmo_gapseq	660	631	81	R_EX_cpd11416_c0	-0.000000	0.006808	0.004744
MGYG000001917__gradient_L9_mos_gapseq	660	631	81	R_EX_cpd11416_c0	-0.000000	0.006808	0.003647
MGYG000001926__gradient_L0_base_gapseq	637	616	88	R_EX_cpd11416_c0	-0.000000	0.006703	0.002936
MGYG000001926__gradient_L1_inulin_gapseq	637	616	88	R_EX_cpd11416_c0	-0.000000	0.006703	0.003455
MGYG000001926__gradient_L2_fos_gapseq	637	616	88	R_EX_cpd11416_c0	-0.000000	0.006703	0.003114
MGYG000001926__gradient_L3_gos_gapseq	637	616	88	R_EX_cpd11416_c0	-0.000000	0.006703	0.002956
MGYG000001926__gradient_L4_xos_gapseq	637	616	88	R_EX_cpd11416_c0	-0.000000	0.006703	0.002851
MGYG000001926__gradient_L5_pectin_gapseq	637	616	88	R_EX_cpd11416_c0	-0.000000	0.006703	0.002911
MGYG000001926__gradient_L6_resistant_starch_gapseq	637	616	88	R_EX_cpd11416_c0	-0.000000	0.006703	0.002809
MGYG000001926__gradient_L7_bglucan_gapseq	637	616	88	R_EX_cpd11416_c0	-0.000000	0.006703	0.003057
MGYG000001926__gradient_L8_hmo_gapseq	637	616	88	R_EX_cpd11416_c0	-0.000000	0.006703	0.005693
MGYG000001926__gradient_L9_mos_gapseq	637	616	88	R_EX_cpd11416_c0	-0.000000	0.006703	0.006612
MGYG000001930__gradient_L0_base_gapseq	889	995	172	R_EX_cpd11416_c0	-0.000000	0.015156	0.005512
MGYG000001930__gradient_L1_inulin_gapseq	889	995	172	R_EX_cpd11416_c0	0.291068	0.015156	0.015548
MGYG000001930__gradient_L2_fos_gapseq	889	995	172	R_EX_cpd11416_c0	0.291068	0.015156	0.017027
MGYG000001930__gradient_L3_gos_gapseq	889	995	172	R_EX_cpd11416_c0	0.591242	0.015156	0.013971
MGYG000001930__gradient_L4_xos_gapseq	889	995	172	R_EX_cpd11416_c0	0.591242	0.015156	0.019281
MGYG000001930__gradient_L5_pectin_gapseq	889	995	172	R_EX_cpd11416_c0	0.591242	0.015156	0.014332
MGYG000001930__gradient_L6_resistant_starch_gapseq	889	995	172	R_EX_cpd11416_c0	0.994383	0.015156	0.016405
MGYG000001930__gradient_L7_bglucan_gapseq	889	995	172	R_EX_cpd11416_c0	0.994383	0.015156	0.016079
MGYG000001930__gradient_L8_hmo_gapseq	889	995	172	R_EX_cpd11416_c0	0.994383	0.015156	0.018577
MGYG000001930__gradient_L9_mos_gapseq	889	995	172	R_EX_cpd11416_c0	0.994383	0.015156	0.013552
MGYG000001934__gradient_L0_base_gapseq	980	1064	243	R_EX_cpd11416_c0	-0.000000	0.011443	0.006372
MGYG000001934__gradient_L1_inulin_gapseq	980	1064	243	R_EX_cpd11416_c0	-0.000000	0.011443	0.006327
MGYG000001934__gradient_L2_fos_gapseq	980	1064	243	R_EX_cpd11416_c0	-0.000000	0.011443	0.008508
MGYG000001934__gradient_L3_gos_gapseq	980	1064	243	R_EX_cpd11416_c0	1.068353	0.011443	0.019017
MGYG000001934__gradient_L4_xos_gapseq	980	1064	243	R_EX_cpd11416_c0	1.214317	0.011443	0.016068
MGYG000001934__gradient_L5_pectin_gapseq	980	1064	243	R_EX_cpd11416_c0	1.214317	0.011443	0.021076
MGYG000001934__gradient_L6_resistant_starch_gapseq	980	1064	243	R_EX_cpd11416_c0	1.843968	0.011443	0.016000
MGYG000001934__gradient_L7_bglucan_gapseq	980	1064	243	R_EX_cpd11416_c0	1.843968	0.011443	0.018711
MGYG000001934__gradient_L8_hmo_gapseq	980	1064	243	R_EX_cpd11416_c0	1.843968	0.011443	0.017055
MGYG000001934__gradient_L9_mos_gapseq	980	1064	243	R_EX_cpd11416_c0	1.951909	0.011443	0.016842
MGYG000001971__gradient_L0_base_gapseq	1520	1753	511	R_EX_cpd11416_c0	0.779134	0.024296	0.033358
MGYG000001971__gradient_L1_inulin_gapseq	1520	1753	511	R_EX_cpd11416_c0	1.005581	0.024296	0.033602
MGYG000001971__gradient_L2_fos_gapseq	1520	1753	511	R_EX_cpd11416_c0	1.005581	0.024296	0.034738
MGYG000001971__gradient_L3_gos_gapseq	1520	1753	511	R_EX_cpd11416_c0	1.221065	0.024296	0.032395
MGYG000001971__gradient_L4_xos_gapseq	1520	1753	511	R_EX_cpd11416_c0	1.234967	0.024296	0.029040
MGYG000001971__gradient_L5_pectin_gapseq	1520	1753	511	R_EX_cpd11416_c0	1.234967	0.024296	0.030874
MGYG000001971__gradient_L6_resistant_starch_gapseq	1520	1753	511	R_EX_cpd11416_c0	1.737762	0.024296	0.035927
MGYG000001971__gradient_L7_bglucan_gapseq	1520	1753	511	R_EX_cpd11416_c0	1.737762	0.024296	0.035437
MGYG000001971__gradient_L8_hmo_gapseq	1520	1753	511	R_EX_cpd11416_c0	1.737762	0.024296	0.035143
MGYG000001971__gradient_L9_mos_gapseq	1520	1753	511	R_EX_cpd11416_c0	1.848980	0.024296	0.035841
MGYG000001972__gradient_L0_base_gapseq	1288	1540	391	R_EX_cpd11416_c0	0.443771	0.021205	0.031425
MGYG000001972__gradient_L1_inulin_gapseq	1288	1540	391	R_EX_cpd11416_c0	0.566589	0.021205	0.025870
MGYG000001972__gradient_L2_fos_gapseq	1288	1540	391	R_EX_cpd11416_c0	0.566589	0.021205	0.032205
MGYG000001972__gradient_L3_gos_gapseq	1288	1540	391	R_EX_cpd11416_c0	0.566589	0.021205	0.031453
MGYG000001972__gradient_L4_xos_gapseq	1288	1540	391	R_EX_cpd11416_c0	0.669685	0.021205	0.028400
MGYG000001972__gradient_L5_pectin_gapseq	1288	1540	391	R_EX_cpd11416_c0	0.669685	0.021205	0.030008
MGYG000001972__gradient_L6_resistant_starch_gapseq	1288	1540	391	R_EX_cpd11416_c0	0.971739	0.021205	0.030058
MGYG000001972__gradient_L7_bglucan_gapseq	1288	1540	391	R_EX_cpd11416_c0	1.115860	0.021205	0.026989
MGYG000001972__gradient_L8_hmo_gapseq	1288	1540	391	R_EX_cpd11416_c0	1.115860	0.021205	0.029975
MGYG000001972__gradient_L9_mos_gapseq	1288	1540	391	R_EX_cpd11416_c0	1.207218	0.021205	0.031981
MGYG000001988__gradient_L0_base_gapseq	1281	1561	529	R_EX_cpd11416_c0	-0.000000	0.016952	0.010943
MGYG000001988__gradient_L1_inulin_gapseq	1281	1561	529	R_EX_cpd11416_c0	-0.000000	0.016952	0.014537
MGYG000001988__gradient_L2_fos_gapseq	1281	1561	529	R_EX_cpd11416_c0	-0.000000	0.016952	0.011273
MGYG000001988__gradient_L3_gos_gapseq	1281	1561	529	R_EX_cpd11416_c0	-0.000000	0.016952	0.010869
MGYG000001988__gradient_L4_xos_gapseq	1281	1561	529	R_EX_cpd11416_c0	1.361109	0.016952	0.032428
MGYG000001988__gradient_L5_pectin_gapseq	1281	1561	529	R_EX_cpd11416_c0	1.361109	0.016952	0.028815
MGYG000001988__gradient_L6_resistant_starch_gapseq	1281	1561	529	R_EX_cpd11416_c0	2.002810	0.016952	0.032539
MGYG000001988__gradient_L7_bglucan_gapseq	1281	1561	529	R_EX_cpd11416_c0	2.209310	0.016952	0.031195
MGYG000001988__gradient_L8_hmo_gapseq	1281	1561	529	R_EX_cpd11416_c0	2.209310	0.016952	0.032838
MGYG000001988__gradient_L9_mos_gapseq	1281	1561	529	R_EX_cpd11416_c0	2.209310	0.016952	0.027299
MGYG000001995__gradient_L0_base_gapseq	1531	1808	523	R_EX_cpd11416_c0	-0.000000	0.022244	0.016405
MGYG000001995__gradient_L1_inulin_gapseq	1531	1808	523	R_EX_cpd11416_c0	-0.000000	0.022244	0.014023
MGYG000001995__gradient_L2_fos_gapseq	1531	1808	523	R_EX_cpd11416_c0	-0.000000	0.022244	0.014692
MGYG000001995__gradient_L3_gos_gapseq	1531	1808	523	R_EX_cpd11416_c0	1.974386	0.022244	0.039132
MGYG000001995__gradient_L4_xos_gapseq	1531	1808	523	R_EX_cpd11416_c0	2.072800	0.022244	0.038471
MGYG000001995__gradient_L5_pectin_gapseq	1531	1808	523	R_EX_cpd11416_c0	2.126253	0.022244	0.036269
MGYG000001995__gradient_L6_resistant_starch_gapseq	1531	1808	523	R_EX_cpd11416_c0	2.276100	0.022244	0.043326
MGYG000001995__gradient_L7_bglucan_gapseq	1531	1808	523	R_EX_cpd11416_c0	2.276100	0.022244	0.033144
MGYG000001995__gradient_L8_hmo_gapseq	1531	1808	523	R_EX_cpd11416_c0	2.276100	0.022244	0.037734
MGYG000001995__gradient_L9_mos_gapseq	1531	1808	523	R_EX_cpd11416_c0	2.276100	0.022244	0.038179
MGYG000002025__gradient_L0_base_gapseq	1265	1472	403	R_EX_cpd11416_c0	-0.000000	0.015938	0.010696
MGYG000002025__gradient_L1_inulin_gapseq	1265	1472	403	R_EX_cpd11416_c0	-0.000000	0.015938	0.013266
MGYG000002025__gradient_L2_fos_gapseq	1265	1472	403	R_EX_cpd11416_c0	-0.000000	0.015938	0.018771
MGYG000002025__gradient_L3_gos_gapseq	1265	1472	403	R_EX_cpd11416_c0	0.757198	0.015938	0.025649
MGYG000002025__gradient_L4_xos_gapseq	1265	1472	403	R_EX_cpd11416_c0	0.757198	0.015938	0.030088
MGYG000002025__gradient_L5_pectin_gapseq	1265	1472	403	R_EX_cpd11416_c0	0.757198	0.015938	0.028591
MGYG000002025__gradient_L6_resistant_starch_gapseq	1265	1472	403	R_EX_cpd11416_c0	1.083570	0.015938	0.025336
MGYG000002025__gradient_L7_bglucan_gapseq	1265	1472	403	R_EX_cpd11416_c0	1.083570	0.015938	0.029994
MGYG000002025__gradient_L8_hmo_gapseq	1265	1472	403	R_EX_cpd11416_c0	1.166361	0.015938	0.031428
MGYG000002025__gradient_L9_mos_gapseq	1265	1472	403	R_EX_cpd11416_c0	1.166361	0.015938	0.030930
MGYG000002040__gradient_L0_base_gapseq	1304	1460	356	R_EX_cpd11416_c0	0.416661	0.017973	0.026558
MGYG000002040__gradient_L1_inulin_gapseq	1304	1460	356	R_EX_cpd11416_c0	0.554026	0.017973	0.023533
MGYG000002040__gradient_L2_fos_gapseq	1304	1460	356	R_EX_cpd11416_c0	0.554026	0.017973	0.030131
MGYG000002040__gradient_L3_gos_gapseq	1304	1460	356	R_EX_cpd11416_c0	0.787894	0.017973	0.030293
MGYG000002040__gradient_L4_xos_gapseq	1304	1460	356	R_EX_cpd11416_c0	0.787894	0.017973	0.025817
MGYG000002040__gradient_L5_pectin_gapseq	1304	1460	356	R_EX_cpd11416_c0	0.787894	0.017973	0.027473
MGYG000002040__gradient_L6_resistant_starch_gapseq	1304	1460	356	R_EX_cpd11416_c0	0.910525	0.017973	0.027882
MGYG000002040__gradient_L7_bglucan_gapseq	1304	1460	356	R_EX_cpd11416_c0	0.910525	0.017973	0.029141
MGYG000002040__gradient_L8_hmo_gapseq	1304	1460	356	R_EX_cpd11416_c0	0.910525	0.017973	0.024832
MGYG000002040__gradient_L9_mos_gapseq	1304	1460	356	R_EX_cpd11416_c0	0.910525	0.017973	0.024450
MGYG000002044__gradient_L0_base_gapseq	1149	1233	257	R_EX_cpd11416_c0	-0.000000	0.013457	0.009454
MGYG000002044__gradient_L1_inulin_gapseq	1149	1233	257	R_EX_cpd11416_c0	-0.000000	0.013457	0.010262
MGYG000002044__gradient_L2_fos_gapseq	1149	1233	257	R_EX_cpd11416_c0	-0.000000	0.013457	0.007152
MGYG000002044__gradient_L3_gos_gapseq	1149	1233	257	R_EX_cpd11416_c0	-0.000000	0.013457	0.007135
MGYG000002044__gradient_L4_xos_gapseq	1149	1233	257	R_EX_cpd11416_c0	-0.000000	0.013457	0.007248
MGYG000002044__gradient_L5_pectin_gapseq	1149	1233	257	R_EX_cpd11416_c0	-0.000000	0.013457	0.006984
MGYG000002044__gradient_L6_resistant_starch_gapseq	1149	1233	257	R_EX_cpd11416_c0	0.133114	0.013457	0.023018
MGYG000002044__gradient_L7_bglucan_gapseq	1149	1233	257	R_EX_cpd11416_c0	0.133114	0.013457	0.017658
MGYG000002044__gradient_L8_hmo_gapseq	1149	1233	257	R_EX_cpd11416_c0	0.133114	0.013457	0.020256
MGYG000002044__gradient_L9_mos_gapseq	1149	1233	257	R_EX_cpd11416_c0	0.169838	0.013457	0.018541
MGYG000002054__gradient_L0_base_gapseq	1157	1263	309	R_EX_cpd11416_c0	0.404680	0.013576	0.019017
MGYG000002054__gradient_L1_inulin_gapseq	1157	1263	309	R_EX_cpd11416_c0	0.501035	0.013576	0.021750
MGYG000002054__gradient_L2_fos_gapseq	1157	1263	309	R_EX_cpd11416_c0	0.501035	0.013576	0.020922
MGYG000002054__gradient_L3_gos_gapseq	1157	1263	309	R_EX_cpd11416_c0	0.674473	0.013576	0.019633
MGYG000002054__gradient_L4_xos_gapseq	1157	1263	309	R_EX_cpd11416_c0	0.703380	0.013576	0.023860
MGYG000002054__gradient_L5_pectin_gapseq	1157	1263	309	R_EX_cpd11416_c0	0.703380	0.013576	0.018582
MGYG000002054__gradient_L6_resistant_starch_gapseq	1157	1263	309	R_EX_cpd11416_c0	1.108272	0.013576	0.019801
MGYG000002054__gradient_L7_bglucan_gapseq	1157	1263	309	R_EX_cpd11416_c0	1.108272	0.013576	0.022908
MGYG000002054__gradient_L8_hmo_gapseq	1157	1263	309	R_EX_cpd11416_c0	1.108272	0.013576	0.025043
MGYG000002054__gradient_L9_mos_gapseq	1157	1263	309	R_EX_cpd11416_c0	1.202795	0.013576	0.028785
MGYG000002058__gradient_L0_base_gapseq	1158	1283	310	R_EX_cpd11416_c0	0.571672	0.013698	0.019738
MGYG000002058__gradient_L1_inulin_gapseq	1158	1283	310	R_EX_cpd11416_c0	0.800344	0.013698	0.018413
MGYG000002058__gradient_L2_fos_gapseq	1158	1283	310	R_EX_cpd11416_c0	0.800344	0.013698	0.018685
MGYG000002058__gradient_L3_gos_gapseq	1158	1283	310	R_EX_cpd11416_c0	1.000263	0.013698	0.023254
MGYG000002058__gradient_L4_xos_gapseq	1158	1283	310	R_EX_cpd11416_c0	1.000263	0.013698	0.022828
MGYG000002058__gradient_L5_pectin_gapseq	1158	1283	310	R_EX_cpd11416_c0	1.000263	0.013698	0.019038
MGYG000002058__gradient_L6_resistant_starch_gapseq	1158	1283	310	R_EX_cpd11416_c0	1.474928	0.013698	0.023658
MGYG000002058__gradient_L7_bglucan_gapseq	1158	1283	310	R_EX_cpd11416_c0	1.474928	0.013698	0.019238
MGYG000002058__gradient_L8_hmo_gapseq	1158	1283	310	R_EX_cpd11416_c0	1.474928	0.013698	0.022231
MGYG000002058__gradient_L9_mos_gapseq	1158	1283	310	R_EX_cpd11416_c0	1.586069	0.013698	0.020054
MGYG000002099__gradient_L0_base_gapseq	1356	1525	386	R_EX_cpd11416_c0	-0.000000	0.017521	0.012799
MGYG000002099__gradient_L1_inulin_gapseq	1356	1525	386	R_EX_cpd11416_c0	-0.000000	0.017521	0.013134
MGYG000002099__gradient_L2_fos_gapseq	1356	1525	386	R_EX_cpd11416_c0	-0.000000	0.017521	0.009736
MGYG000002099__gradient_L3_gos_gapseq	1356	1525	386	R_EX_cpd11416_c0	1.133868	0.017521	0.026421
MGYG000002099__gradient_L4_xos_gapseq	1356	1525	386	R_EX_cpd11416_c0	1.241258	0.017521	0.030814
MGYG000002099__gradient_L5_pectin_gapseq	1356	1525	386	R_EX_cpd11416_c0	1.304912	0.017521	0.033463
MGYG000002099__gradient_L6_resistant_starch_gapseq	1356	1525	386	R_EX_cpd11416_c0	2.049673	0.017521	0.031650
MGYG000002099__gradient_L7_bglucan_gapseq	1356	1525	386	R_EX_cpd11416_c0	2.310658	0.017521	0.025343
MGYG000002099__gradient_L8_hmo_gapseq	1356	1525	386	R_EX_cpd11416_c0	2.310658	0.017521	0.030820
MGYG000002099__gradient_L9_mos_gapseq	1356	1525	386	R_EX_cpd11416_c0	2.446454	0.017521	0.030553
MGYG000002110__gradient_L0_base_gapseq	1188	1313	318	R_EX_cpd11416_c0	0.805683	0.014145	0.017632
MGYG000002110__gradient_L1_inulin_gapseq	1188	1313	318	R_EX_cpd11416_c0	1.099793	0.014145	0.023942
MGYG000002110__gradient_L2_fos_gapseq	1188	1313	318	R_EX_cpd11416_c0	1.099793	0.014145	0.017766
MGYG000002110__gradient_L3_gos_gapseq	1188	1313	318	R_EX_cpd11416_c0	1.315265	0.014145	0.024291
MGYG000002110__gradient_L4_xos_gapseq	1188	1313	318	R_EX_cpd11416_c0	1.315265	0.014145	0.018208
MGYG000002110__gradient_L5_pectin_gapseq	1188	1313	318	R_EX_cpd11416_c0	1.315265	0.014145	0.023706
MGYG000002110__gradient_L6_resistant_starch_gapseq	1188	1313	318	R_EX_cpd11416_c0	1.936990	0.014145	0.021108
MGYG000002110__gradient_L7_bglucan_gapseq	1188	1313	318	R_EX_cpd11416_c0	1.936990	0.014145	0.020954
MGYG000002110__gradient_L8_hmo_gapseq	1188	1313	318	R_EX_cpd11416_c0	1.936990	0.014145	0.022648
MGYG000002110__gradient_L9_mos_gapseq	1188	1313	318	R_EX_cpd11416_c0	2.080638	0.014145	0.019042
MGYG000002129__gradient_L0_base_gapseq	1036	1079	246	R_EX_cpd11416_c0	-0.000000	0.011842	0.006499
MGYG000002129__gradient_L1_inulin_gapseq	1036	1079	246	R_EX_cpd11416_c0	-0.000000	0.011842	0.006360
MGYG000002129__gradient_L2_fos_gapseq	1036	1079	246	R_EX_cpd11416_c0	-0.000000	0.011842	0.006592
MGYG000002129__gradient_L3_gos_gapseq	1036	1079	246	R_EX_cpd11416_c0	-0.000000	0.011842	0.006515
MGYG000002129__gradient_L4_xos_gapseq	1036	1079	246	R_EX_cpd11416_c0	0.647740	0.011842	0.020644
MGYG000002129__gradient_L5_pectin_gapseq	1036	1079	246	R_EX_cpd11416_c0	0.647740	0.011842	0.015295
MGYG000002129__gradient_L6_resistant_starch_gapseq	1036	1079	246	R_EX_cpd11416_c0	1.226540	0.011842	0.016419
MGYG000002129__gradient_L7_bglucan_gapseq	1036	1079	246	R_EX_cpd11416_c0	1.226540	0.011842	0.019932
MGYG000002129__gradient_L8_hmo_gapseq	1036	1079	246	R_EX_cpd11416_c0	1.226540	0.011842	0.019038
MGYG000002129__gradient_L9_mos_gapseq	1036	1079	246	R_EX_cpd11416_c0	1.226540	0.011842	0.020510
MGYG000002131__gradient_L0_base_gapseq	1253	1402	333	R_EX_cpd11416_c0	0.139529	0.015319	0.025783
MGYG000002131__gradient_L1_inulin_gapseq	1253	1402	333	R_EX_cpd11416_c0	0.139529	0.015319	0.021373
MGYG000002131__gradient_L2_fos_gapseq	1253	1402	333	R_EX_cpd11416_c0	0.139529	0.015319	0.027498
MGYG000002131__gradient_L3_gos_gapseq	1253	1402	333	R_EX_cpd11416_c0	0.348833	0.015319	0.020661
MGYG000002131__gradient_L4_xos_gapseq	1253	1402	333	R_EX_cpd11416_c0	0.389344	0.015319	0.027171
MGYG000002131__gradient_L5_pectin_gapseq	1253	1402	333	R_EX_cpd11416_c0	0.389344	0.015319	0.021291
MGYG000002131__gradient_L6_resistant_starch_gapseq	1253	1402	333	R_EX_cpd11416_c0	0.814708	0.015319	0.021402
MGYG000002131__gradient_L7_bglucan_gapseq	1253	1402	333	R_EX_cpd11416_c0	0.969999	0.015319	0.026397
MGYG000002131__gradient_L8_hmo_gapseq	1253	1402	333	R_EX_cpd11416_c0	0.969999	0.015319	0.031058
MGYG000002131__gradient_L9_mos_gapseq	1253	1402	333	R_EX_cpd11416_c0	1.041473	0.015319	0.020815
MGYG000002133__gradient_L0_base_gapseq	1381	1581	369	R_EX_cpd11416_c0	0.440617	0.016448	0.032075
MGYG000002133__gradient_L1_inulin_gapseq	1381	1581	369	R_EX_cpd11416_c0	0.534731	0.016448	0.031132
MGYG000002133__gradient_L2_fos_gapseq	1381	1581	369	R_EX_cpd11416_c0	0.534731	0.016448	0.025640
MGYG000002133__gradient_L3_gos_gapseq	1381	1581	369	R_EX_cpd11416_c0	0.752906	0.016448	0.035992
MGYG000002133__gradient_L4_xos_gapseq	1381	1581	369	R_EX_cpd11416_c0	0.859180	0.016448	0.027196
MGYG000002133__gradient_L5_pectin_gapseq	1381	1581	369	R_EX_cpd11416_c0	0.890918	0.016448	0.031698
MGYG000002133__gradient_L6_resistant_starch_gapseq	1381	1581	369	R_EX_cpd11416_c0	1.118579	0.016448	0.037273
MGYG000002133__gradient_L7_bglucan_gapseq	1381	1581	369	R_EX_cpd11416_c0	1.255363	0.016448	0.029132
MGYG000002133__gradient_L8_hmo_gapseq	1381	1581	369	R_EX_cpd11416_c0	1.255363	0.016448	0.034145
MGYG000002133__gradient_L9_mos_gapseq	1381	1581	369	R_EX_cpd11416_c0	1.340473	0.016448	0.033474
MGYG000002139__gradient_L0_base_gapseq	825	765	103	R_EX_cpd11416_c0	-0.000000	0.008413	0.003509
MGYG000002139__gradient_L1_inulin_gapseq	825	765	103	R_EX_cpd11416_c0	0.193947	0.008413	0.008852
MGYG000002139__gradient_L2_fos_gapseq	825	765	103	R_EX_cpd11416_c0	0.193947	0.008413	0.014705
MGYG000002139__gradient_L3_gos_gapseq	825	765	103	R_EX_cpd11416_c0	0.193947	0.008413	0.008956
MGYG000002139__gradient_L4_xos_gapseq	825	765	103	R_EX_cpd11416_c0	0.193947	0.008413	0.008983
MGYG000002139__gradient_L5_pectin_gapseq	825	765	103	R_EX_cpd11416_c0	0.193947	0.008413	0.008798
MGYG000002139__gradient_L6_resistant_starch_gapseq	825	765	103	R_EX_cpd11416_c0	0.193947	0.008413	0.013801
MGYG000002139__gradient_L7_bglucan_gapseq	825	765	103	R_EX_cpd11416_c0	0.193947	0.008413	0.008937
MGYG000002139__gradient_L8_hmo_gapseq	825	765	103	R_EX_cpd11416_c0	0.193947	0.008413	0.008969
MGYG000002139__gradient_L9_mos_gapseq	825	765	103	R_EX_cpd11416_c0	0.193947	0.008413	0.010587
MGYG000002146__gradient_L0_base_gapseq	1156	1260	291	R_EX_cpd11416_c0	-0.000000	0.013554	0.010886
MGYG000002146__gradient_L1_inulin_gapseq	1156	1260	291	R_EX_cpd11416_c0	0.508077	0.013554	0.021426
MGYG000002146__gradient_L2_fos_gapseq	1156	1260	291	R_EX_cpd11416_c0	0.508077	0.013554	0.024165
MGYG000002146__gradient_L3_gos_gapseq	1156	1260	291	R_EX_cpd11416_c0	0.508077	0.013554	0.019767
MGYG000002146__gradient_L4_xos_gapseq	1156	1260	291	R_EX_cpd11416_c0	0.528068	0.013554	0.024725
MGYG000002146__gradient_L5_pectin_gapseq	1156	1260	291	R_EX_cpd11416_c0	0.528068	0.013554	0.024400
MGYG000002146__gradient_L6_resistant_starch_gapseq	1156	1260	291	R_EX_cpd11416_c0	0.694314	0.013554	0.020289
MGYG000002146__gradient_L7_bglucan_gapseq	1156	1260	291	R_EX_cpd11416_c0	0.694314	0.013554	0.020933
MGYG000002146__gradient_L8_hmo_gapseq	1156	1260	291	R_EX_cpd11416_c0	0.694314	0.013554	0.022104
MGYG000002146__gradient_L9_mos_gapseq	1156	1260	291	R_EX_cpd11416_c0	0.694314	0.013554	0.024230
MGYG000002154__gradient_L0_base_gapseq	1167	1282	355	R_EX_cpd11416_c0	0.412446	0.017273	0.021360
MGYG000002154__gradient_L1_inulin_gapseq	1167	1282	355	R_EX_cpd11416_c0	0.681885	0.017273	0.024364
MGYG000002154__gradient_L2_fos_gapseq	1167	1282	355	R_EX_cpd11416_c0	0.681885	0.017273	0.025882
MGYG000002154__gradient_L3_gos_gapseq	1167	1282	355	R_EX_cpd11416_c0	0.910935	0.017273	0.022964
MGYG000002154__gradient_L4_xos_gapseq	1167	1282	355	R_EX_cpd11416_c0	0.966143	0.017273	0.023923
MGYG000002154__gradient_L5_pectin_gapseq	1167	1282	355	R_EX_cpd11416_c0	0.966143	0.017273	0.019493
MGYG000002154__gradient_L6_resistant_starch_gapseq	1167	1282	355	R_EX_cpd11416_c0	1.333658	0.017273	0.019217
MGYG000002154__gradient_L7_bglucan_gapseq	1167	1282	355	R_EX_cpd11416_c0	1.333658	0.017273	0.024132
MGYG000002154__gradient_L8_hmo_gapseq	1167	1282	355	R_EX_cpd11416_c0	1.333658	0.017273	0.019094
MGYG000002154__gradient_L9_mos_gapseq	1167	1282	355	R_EX_cpd11416_c0	1.333658	0.017273	0.027037
MGYG000002159__gradient_L0_base_gapseq	1230	1381	306	R_EX_cpd11416_c0	0.277943	0.014694	0.021766
MGYG000002159__gradient_L1_inulin_gapseq	1230	1381	306	R_EX_cpd11416_c0	0.441693	0.014694	0.026479
MGYG000002159__gradient_L2_fos_gapseq	1230	1381	306	R_EX_cpd11416_c0	0.441693	0.014694	0.021828
MGYG000002159__gradient_L3_gos_gapseq	1230	1381	306	R_EX_cpd11416_c0	0.735403	0.014694	0.027359
MGYG000002159__gradient_L4_xos_gapseq	1230	1381	306	R_EX_cpd11416_c0	0.735403	0.014694	0.027813
MGYG000002159__gradient_L5_pectin_gapseq	1230	1381	306	R_EX_cpd11416_c0	0.735403	0.014694	0.026845
MGYG000002159__gradient_L6_resistant_starch_gapseq	1230	1381	306	R_EX_cpd11416_c0	1.349807	0.014694	0.021805
MGYG000002159__gradient_L7_bglucan_gapseq	1230	1381	306	R_EX_cpd11416_c0	1.349807	0.014694	0.027661
MGYG000002159__gradient_L8_hmo_gapseq	1230	1381	306	R_EX_cpd11416_c0	1.349807	0.014694	0.027599
MGYG000002159__gradient_L9_mos_gapseq	1230	1381	306	R_EX_cpd11416_c0	1.349807	0.014694	0.022263
MGYG000002162__gradient_L0_base_gapseq	933	940	258	R_EX_cpd11416_c0	0.131955	0.010170	0.018967
MGYG000002162__gradient_L1_inulin_gapseq	933	940	258	R_EX_cpd11416_c0	0.131955	0.010170	0.013433
MGYG000002162__gradient_L2_fos_gapseq	933	940	258	R_EX_cpd11416_c0	0.131955	0.010170	0.018323
MGYG000002162__gradient_L3_gos_gapseq	933	940	258	R_EX_cpd11416_c0	0.131955	0.010170	0.013361
MGYG000002162__gradient_L4_xos_gapseq	933	940	258	R_EX_cpd11416_c0	0.131955	0.010170	0.018512
MGYG000002162__gradient_L5_pectin_gapseq	933	940	258	R_EX_cpd11416_c0	0.131955	0.010170	0.013537
MGYG000002162__gradient_L6_resistant_starch_gapseq	933	940	258	R_EX_cpd11416_c0	0.131955	0.010170	0.018993
MGYG000002162__gradient_L7_bglucan_gapseq	933	940	258	R_EX_cpd11416_c0	0.131955	0.010170	0.013649
MGYG000002162__gradient_L8_hmo_gapseq	933	940	258	R_EX_cpd11416_c0	0.131955	0.010170	0.018975
MGYG000002162__gradient_L9_mos_gapseq	933	940	258	R_EX_cpd11416_c0	0.131955	0.010170	0.017915
MGYG000002166__gradient_L0_base_gapseq	649	604	83	R_EX_cpd11416_c0	-0.000000	0.006631	0.002624
MGYG000002166__gradient_L1_inulin_gapseq	649	604	83	R_EX_cpd11416_c0	-0.000000	0.006631	0.003011
MGYG000002166__gradient_L2_fos_gapseq	649	604	83	R_EX_cpd11416_c0	-0.000000	0.006631	0.002771
MGYG000002166__gradient_L3_gos_gapseq	649	604	83	R_EX_cpd11416_c0	-0.000000	0.006631	0.002764
MGYG000002166__gradient_L4_xos_gapseq	649	604	83	R_EX_cpd11416_c0	-0.000000	0.006631	0.002637
MGYG000002166__gradient_L5_pectin_gapseq	649	604	83	R_EX_cpd11416_c0	-0.000000	0.006631	0.002549
MGYG000002166__gradient_L6_resistant_starch_gapseq	649	604	83	R_EX_cpd11416_c0	-0.000000	0.006631	0.002624
MGYG000002166__gradient_L7_bglucan_gapseq	649	604	83	R_EX_cpd11416_c0	-0.000000	0.006631	0.002515
MGYG000002166__gradient_L8_hmo_gapseq	649	604	83	R_EX_cpd11416_c0	-0.000000	0.006631	0.008604
MGYG000002166__gradient_L9_mos_gapseq	649	604	83	R_EX_cpd11416_c0	-0.000000	0.006631	0.002861
MGYG000002173__gradient_L0_base_gapseq	1026	1065	204	R_EX_cpd11416_c0	-0.000000	0.011474	0.006287
MGYG000002173__gradient_L1_inulin_gapseq	1026	1065	204	R_EX_cpd11416_c0	0.568026	0.011474	0.015607
MGYG000002173__gradient_L2_fos_gapseq	1026	1065	204	R_EX_cpd11416_c0	0.568026	0.011474	0.020898
MGYG000002173__gradient_L3_gos_gapseq	1026	1065	204	R_EX_cpd11416_c0	0.695498	0.011474	0.015327
MGYG000002173__gradient_L4_xos_gapseq	1026	1065	204	R_EX_cpd11416_c0	0.801182	0.011474	0.018563
MGYG000002173__gradient_L5_pectin_gapseq	1026	1065	204	R_EX_cpd11416_c0	0.801182	0.011474	0.017284
MGYG000002173__gradient_L6_resistant_starch_gapseq	1026	1065	204	R_EX_cpd11416_c0	0.994383	0.011474	0.020796
MGYG000002173__gradient_L7_bglucan_gapseq	1026	1065	204	R_EX_cpd11416_c0	0.994383	0.011474	0.020290
MGYG000002173__gradient_L8_hmo_gapseq	1026	1065	204	R_EX_cpd11416_c0	0.994383	0.011474	0.015348
MGYG000002173__gradient_L9_mos_gapseq	1026	1065	204	R_EX_cpd11416_c0	0.994383	0.011474	0.021115
MGYG000002187__gradient_L0_base_gapseq	1166	1324	328	R_EX_cpd11416_c0	0.730744	0.014404	0.026941
MGYG000002187__gradient_L1_inulin_gapseq	1166	1324	328	R_EX_cpd11416_c0	1.024688	0.014404	0.019189
MGYG000002187__gradient_L2_fos_gapseq	1166	1324	328	R_EX_cpd11416_c0	1.024688	0.014404	0.025234
MGYG000002187__gradient_L3_gos_gapseq	1166	1324	328	R_EX_cpd11416_c0	1.318094	0.014404	0.020783
MGYG000002187__gradient_L4_xos_gapseq	1166	1324	328	R_EX_cpd11416_c0	1.318094	0.014404	0.026145
MGYG000002187__gradient_L5_pectin_gapseq	1166	1324	328	R_EX_cpd11416_c0	1.318094	0.014404	0.020805
MGYG000002187__gradient_L6_resistant_starch_gapseq	1166	1324	328	R_EX_cpd11416_c0	1.933802	0.014404	0.030815
MGYG000002187__gradient_L7_bglucan_gapseq	1166	1324	328	R_EX_cpd11416_c0	1.933802	0.014404	0.019586
MGYG000002187__gradient_L8_hmo_gapseq	1166	1324	328	R_EX_cpd11416_c0	1.933802	0.014404	0.029060
MGYG000002187__gradient_L9_mos_gapseq	1166	1324	328	R_EX_cpd11416_c0	2.076060	0.014404	0.023029
MGYG000002197__gradient_L0_base_gapseq	931	986	218	R_EX_cpd11416_c0	0.144401	0.010916	0.018010
MGYG000002197__gradient_L1_inulin_gapseq	931	986	218	R_EX_cpd11416_c0	0.282681	0.010916	0.014480
MGYG000002197__gradient_L2_fos_gapseq	931	986	218	R_EX_cpd11416_c0	0.282681	0.010916	0.013836
MGYG000002197__gradient_L3_gos_gapseq	931	986	218	R_EX_cpd11416_c0	0.282681	0.010916	0.019194
MGYG000002197__gradient_L4_xos_gapseq	931	986	218	R_EX_cpd11416_c0	0.302177	0.010916	0.014252
MGYG000002197__gradient_L5_pectin_gapseq	931	986	218	R_EX_cpd11416_c0	0.302177	0.010916	0.019629
MGYG000002197__gradient_L6_resistant_starch_gapseq	931	986	218	R_EX_cpd11416_c0	0.302177	0.010916	0.013831
MGYG000002197__gradient_L7_bglucan_gapseq	931	986	218	R_EX_cpd11416_c0	0.302177	0.010916	0.014404
MGYG000002197__gradient_L8_hmo_gapseq	931	986	218	R_EX_cpd11416_c0	0.302177	0.010916	0.019313
MGYG000002197__gradient_L9_mos_gapseq	931	986	218	R_EX_cpd11416_c0	0.302177	0.010916	0.013950
MGYG000002227__gradient_L0_base_gapseq	1246	1375	279	R_EX_cpd11416_c0	-0.000000	0.014560	0.011426
MGYG000002227__gradient_L1_inulin_gapseq	1246	1375	279	R_EX_cpd11416_c0	0.537892	0.014560	0.027738
MGYG000002227__gradient_L2_fos_gapseq	1246	1375	279	R_EX_cpd11416_c0	0.537892	0.014560	0.024820
MGYG000002227__gradient_L3_gos_gapseq	1246	1375	279	R_EX_cpd11416_c0	0.537892	0.014560	0.030312
MGYG000002227__gradient_L4_xos_gapseq	1246	1375	279	R_EX_cpd11416_c0	0.537892	0.014560	0.021673
MGYG000002227__gradient_L5_pectin_gapseq	1246	1375	279	R_EX_cpd11416_c0	0.537892	0.014560	0.032422
MGYG000002227__gradient_L6_resistant_starch_gapseq	1246	1375	279	R_EX_cpd11416_c0	1.249844	0.014560	0.021061
MGYG000002227__gradient_L7_bglucan_gapseq	1246	1375	279	R_EX_cpd11416_c0	1.483816	0.014560	0.027191
MGYG000002227__gradient_L8_hmo_gapseq	1246	1375	279	R_EX_cpd11416_c0	1.483816	0.014560	0.028756
MGYG000002227__gradient_L9_mos_gapseq	1246	1375	279	R_EX_cpd11416_c0	1.611801	0.014560	0.026374
MGYG000002244__gradient_L0_base_gapseq	675	638	54	R_EX_cpd11416_c0	-0.000000	0.006627	0.002551
MGYG000002244__gradient_L1_inulin_gapseq	675	638	54	R_EX_cpd11416_c0	-0.000000	0.006627	0.005579
MGYG000002244__gradient_L2_fos_gapseq	675	638	54	R_EX_cpd11416_c0	-0.000000	0.006627	0.005857
MGYG000002244__gradient_L3_gos_gapseq	675	638	54	R_EX_cpd11416_c0	-0.000000	0.006627	0.002951
MGYG000002244__gradient_L4_xos_gapseq	675	638	54	R_EX_cpd11416_c0	-0.000000	0.006627	0.002856
MGYG000002244__gradient_L5_pectin_gapseq	675	638	54	R_EX_cpd11416_c0	-0.000000	0.006627	0.003028
MGYG000002244__gradient_L6_resistant_starch_gapseq	675	638	54	R_EX_cpd11416_c0	-0.000000	0.006627	0.002971
MGYG000002244__gradient_L7_bglucan_gapseq	675	638	54	R_EX_cpd11416_c0	-0.000000	0.006627	0.002860
MGYG000002244__gradient_L8_hmo_gapseq	675	638	54	R_EX_cpd11416_c0	-0.000000	0.006627	0.002861
MGYG000002244__gradient_L9_mos_gapseq	675	638	54	R_EX_cpd11416_c0	-0.000000	0.006627	0.002862
MGYG000002248__gradient_L0_base_gapseq	603	551	82	R_EX_cpd11416_c0	-0.000000	0.006059	0.002339
MGYG000002248__gradient_L1_inulin_gapseq	603	551	82	R_EX_cpd11416_c0	0.059933	0.006059	0.011866
MGYG000002248__gradient_L2_fos_gapseq	603	551	82	R_EX_cpd11416_c0	0.059933	0.006059	0.008948
MGYG000002248__gradient_L3_gos_gapseq	603	551	82	R_EX_cpd11416_c0	0.059933	0.006059	0.006259
MGYG000002248__gradient_L4_xos_gapseq	603	551	82	R_EX_cpd11416_c0	0.059933	0.006059	0.006139
MGYG000002248__gradient_L5_pectin_gapseq	603	551	82	R_EX_cpd11416_c0	0.059933	0.006059	0.006318
MGYG000002248__gradient_L6_resistant_starch_gapseq	603	551	82	R_EX_cpd11416_c0	0.059933	0.006059	0.006352
MGYG000002248__gradient_L7_bglucan_gapseq	603	551	82	R_EX_cpd11416_c0	0.059933	0.006059	0.006168
MGYG000002248__gradient_L8_hmo_gapseq	603	551	82	R_EX_cpd11416_c0	0.059933	0.006059	0.006090
MGYG000002248__gradient_L9_mos_gapseq	603	551	82	R_EX_cpd11416_c0	0.059933	0.006059	0.006045
MGYG000002258__gradient_L0_base_gapseq	1191	1286	293	R_EX_cpd11416_c0	-0.000000	0.013901	0.008228
MGYG000002258__gradient_L1_inulin_gapseq	1191	1286	293	R_EX_cpd11416_c0	0.312471	0.013901	0.023149
MGYG000002258__gradient_L2_fos_gapseq	1191	1286	293	R_EX_cpd11416_c0	0.312471	0.013901	0.020242
MGYG000002258__gradient_L3_gos_gapseq	1191	1286	293	R_EX_cpd11416_c0	0.399156	0.013901	0.023507
MGYG000002258__gradient_L4_xos_gapseq	1191	1286	293	R_EX_cpd11416_c0	0.399156	0.013901	0.019146
MGYG000002258__gradient_L5_pectin_gapseq	1191	1286	293	R_EX_cpd11416_c0	0.432029	0.013901	0.023582
MGYG000002258__gradient_L6_resistant_starch_gapseq	1191	1286	293	R_EX_cpd11416_c0	0.749013	0.013901	0.019035
MGYG000002258__gradient_L7_bglucan_gapseq	1191	1286	293	R_EX_cpd11416_c0	0.868763	0.013901	0.029636
MGYG000002258__gradient_L8_hmo_gapseq	1191	1286	293	R_EX_cpd11416_c0	0.868763	0.013901	0.019149
MGYG000002258__gradient_L9_mos_gapseq	1191	1286	293	R_EX_cpd11416_c0	0.868763	0.013901	0.024524
MGYG000002278__gradient_L0_base_gapseq	1561	1815	480	R_EX_cpd11416_c0	1.297223	0.020483	0.036604
MGYG000002278__gradient_L1_inulin_gapseq	1561	1815	480	R_EX_cpd11416_c0	1.457375	0.020483	0.038274
MGYG000002278__gradient_L2_fos_gapseq	1561	1815	480	R_EX_cpd11416_c0	1.457375	0.020483	0.044937
MGYG000002278__gradient_L3_gos_gapseq	1561	1815	480	R_EX_cpd11416_c0	1.811712	0.020483	0.039879
MGYG000002278__gradient_L4_xos_gapseq	1561	1815	480	R_EX_cpd11416_c0	1.890582	0.020483	0.034831
MGYG000002278__gradient_L5_pectin_gapseq	1561	1815	480	R_EX_cpd11416_c0	1.890582	0.020483	0.033555
MGYG000002278__gradient_L6_resistant_starch_gapseq	1561	1815	480	R_EX_cpd11416_c0	2.585829	0.020483	0.038864
MGYG000002278__gradient_L7_bglucan_gapseq	1561	1815	480	R_EX_cpd11416_c0	2.815202	0.020483	0.036874
MGYG000002278__gradient_L8_hmo_gapseq	1561	1815	480	R_EX_cpd11416_c0	2.975960	0.020483	0.037841
MGYG000002278__gradient_L9_mos_gapseq	1561	1815	480	R_EX_cpd11416_c0	2.975960	0.020483	0.036946
MGYG000002298__gradient_L0_base_gapseq	1471	1730	546	R_EX_cpd11416_c0	1.003893	0.018694	0.033043
MGYG000002298__gradient_L1_inulin_gapseq	1471	1730	546	R_EX_cpd11416_c0	1.285690	0.018694	0.028538
MGYG000002298__gradient_L2_fos_gapseq	1471	1730	546	R_EX_cpd11416_c0	1.285690	0.018694	0.034825
MGYG000002298__gradient_L3_gos_gapseq	1471	1730	546	R_EX_cpd11416_c0	1.569689	0.018694	0.030485
MGYG000002298__gradient_L4_xos_gapseq	1471	1730	546	R_EX_cpd11416_c0	1.642340	0.018694	0.036278
MGYG000002298__gradient_L5_pectin_gapseq	1471	1730	546	R_EX_cpd11416_c0	1.642340	0.018694	0.036140
MGYG000002298__gradient_L6_resistant_starch_gapseq	1471	1730	546	R_EX_cpd11416_c0	2.248885	0.018694	0.037341
MGYG000002298__gradient_L7_bglucan_gapseq	1471	1730	546	R_EX_cpd11416_c0	2.450409	0.018694	0.036439
MGYG000002298__gradient_L8_hmo_gapseq	1471	1730	546	R_EX_cpd11416_c0	2.596441	0.018694	0.032922
MGYG000002298__gradient_L9_mos_gapseq	1471	1730	546	R_EX_cpd11416_c0	2.596441	0.018694	0.034525
MGYG000002308__gradient_L0_base_gapseq	1223	1296	338	R_EX_cpd11416_c0	0.199489	0.014740	0.031964
MGYG000002308__gradient_L1_inulin_gapseq	1223	1296	338	R_EX_cpd11416_c0	0.257152	0.014740	0.020976
MGYG000002308__gradient_L2_fos_gapseq	1223	1296	338	R_EX_cpd11416_c0	0.257152	0.014740	0.026076
MGYG000002308__gradient_L3_gos_gapseq	1223	1296	338	R_EX_cpd11416_c0	0.257152	0.014740	0.020979
MGYG000002308__gradient_L4_xos_gapseq	1223	1296	338	R_EX_cpd11416_c0	0.257152	0.014740	0.026416
MGYG000002308__gradient_L5_pectin_gapseq	1223	1296	338	R_EX_cpd11416_c0	0.257152	0.014740	0.026824
MGYG000002308__gradient_L6_resistant_starch_gapseq	1223	1296	338	R_EX_cpd11416_c0	0.257152	0.014740	0.026658
MGYG000002308__gradient_L7_bglucan_gapseq	1223	1296	338	R_EX_cpd11416_c0	0.257152	0.014740	0.025528
MGYG000002308__gradient_L8_hmo_gapseq	1223	1296	338	R_EX_cpd11416_c0	0.257152	0.014740	0.027452
MGYG000002308__gradient_L9_mos_gapseq	1223	1296	338	R_EX_cpd11416_c0	0.257152	0.014740	0.020865
MGYG000002309__gradient_L0_base_gapseq	1716	2014	539	R_EX_cpd11416_c0	-0.000000	0.021906	0.023090
MGYG000002309__gradient_L1_inulin_gapseq	1716	2014	539	R_EX_cpd11416_c0	-0.000000	0.021906	0.017676
MGYG000002309__gradient_L2_fos_gapseq	1716	2014	539	R_EX_cpd11416_c0	-0.000000	0.021906	0.022529
MGYG000002309__gradient_L3_gos_gapseq	1716	2014	539	R_EX_cpd11416_c0	-0.000000	0.021906	0.017452
MGYG000002309__gradient_L4_xos_gapseq	1716	2014	539	R_EX_cpd11416_c0	-0.000000	0.021906	0.017749
MGYG000002309__gradient_L5_pectin_gapseq	1716	2014	539	R_EX_cpd11416_c0	-0.000000	0.021906	0.022415
MGYG000002309__gradient_L6_resistant_starch_gapseq	1716	2014	539	R_EX_cpd11416_c0	-0.000000	0.021906	0.020267
MGYG000002309__gradient_L7_bglucan_gapseq	1716	2014	539	R_EX_cpd11416_c0	-0.000000	0.021906	0.018302
MGYG000002309__gradient_L8_hmo_gapseq	1716	2014	539	R_EX_cpd11416_c0	-0.000000	0.021906	0.024114
MGYG000002309__gradient_L9_mos_gapseq	1716	2014	539	R_EX_cpd11416_c0	-0.000000	0.021906	0.018415
MGYG000002321__gradient_L0_base_gapseq	1343	1501	331	R_EX_cpd11416_c0	-0.000000	0.015941	0.014549
MGYG000002321__gradient_L1_inulin_gapseq	1343	1501	331	R_EX_cpd11416_c0	-0.000000	0.015941	0.010229
MGYG000002321__gradient_L2_fos_gapseq	1343	1501	331	R_EX_cpd11416_c0	-0.000000	0.015941	0.014638
MGYG000002321__gradient_L3_gos_gapseq	1343	1501	331	R_EX_cpd11416_c0	-0.000000	0.015941	0.011865
MGYG000002321__gradient_L4_xos_gapseq	1343	1501	331	R_EX_cpd11416_c0	0.934241	0.015941	0.023405
MGYG000002321__gradient_L5_pectin_gapseq	1343	1501	331	R_EX_cpd11416_c0	0.934241	0.015941	0.024950
MGYG000002321__gradient_L6_resistant_starch_gapseq	1343	1501	331	R_EX_cpd11416_c0	1.548564	0.015941	0.028605
MGYG000002321__gradient_L7_bglucan_gapseq	1343	1501	331	R_EX_cpd11416_c0	1.754010	0.015941	0.028993
MGYG000002321__gradient_L8_hmo_gapseq	1343	1501	331	R_EX_cpd11416_c0	1.754010	0.015941	0.029698
MGYG000002321__gradient_L9_mos_gapseq	1343	1501	331	R_EX_cpd11416_c0	1.895392	0.015941	0.023750
MGYG000002322__gradient_L0_base_gapseq	2280	2875	1231	R_EX_cpd11416_c0	1.852402	0.036010	0.075321
MGYG000002322__gradient_L1_inulin_gapseq	2280	2875	1231	R_EX_cpd11416_c0	2.178960	0.036010	0.079621
MGYG000002322__gradient_L2_fos_gapseq	2280	2875	1231	R_EX_cpd11416_c0	2.178960	0.036010	0.090975
MGYG000002322__gradient_L3_gos_gapseq	2280	2875	1231	R_EX_cpd11416_c0	2.519184	0.036010	0.072107
MGYG000002322__gradient_L4_xos_gapseq	2280	2875	1231	R_EX_cpd11416_c0	2.696120	0.036010	0.079245
MGYG000002322__gradient_L5_pectin_gapseq	2280	2875	1231	R_EX_cpd11416_c0	2.748796	0.036010	0.078081
MGYG000002322__gradient_L6_resistant_starch_gapseq	2280	2875	1231	R_EX_cpd11416_c0	3.452535	0.036010	0.075718
MGYG000002322__gradient_L7_bglucan_gapseq	2280	2875	1231	R_EX_cpd11416_c0	3.684347	0.036010	0.089843
MGYG000002322__gradient_L8_hmo_gapseq	2280	2875	1231	R_EX_cpd11416_c0	3.684347	0.036010	0.080007
MGYG000002322__gradient_L9_mos_gapseq	2280	2875	1231	R_EX_cpd11416_c0	3.834857	0.036010	0.083446
MGYG000002333__gradient_L0_base_gapseq	1218	1332	367	R_EX_cpd11416_c0	0.282606	0.014307	0.023777
MGYG000002333__gradient_L1_inulin_gapseq	1218	1332	367	R_EX_cpd11416_c0	0.282606	0.014307	0.021513
MGYG000002333__gradient_L2_fos_gapseq	1218	1332	367	R_EX_cpd11416_c0	0.282606	0.014307	0.021943
MGYG000002333__gradient_L3_gos_gapseq	1218	1332	367	R_EX_cpd11416_c0	0.282606	0.014307	0.027515
MGYG000002333__gradient_L4_xos_gapseq	1218	1332	367	R_EX_cpd11416_c0	0.282606	0.014307	0.025518
MGYG000002333__gradient_L5_pectin_gapseq	1218	1332	367	R_EX_cpd11416_c0	0.282606	0.014307	0.026326
MGYG000002333__gradient_L6_resistant_starch_gapseq	1218	1332	367	R_EX_cpd11416_c0	0.282606	0.014307	0.021551
MGYG000002333__gradient_L7_bglucan_gapseq	1218	1332	367	R_EX_cpd11416_c0	0.282606	0.014307	0.025331
MGYG000002333__gradient_L8_hmo_gapseq	1218	1332	367	R_EX_cpd11416_c0	0.282606	0.014307	0.025687
MGYG000002333__gradient_L9_mos_gapseq	1218	1332	367	R_EX_cpd11416_c0	0.282606	0.014307	0.021251
MGYG000002335__gradient_L0_base_gapseq	2155	2649	1068	R_EX_cpd11416_c0	1.575100	0.029592	0.074855
MGYG000002335__gradient_L1_inulin_gapseq	2155	2649	1068	R_EX_cpd11416_c0	1.872434	0.029592	0.077927
MGYG000002335__gradient_L2_fos_gapseq	2155	2649	1068	R_EX_cpd11416_c0	1.872434	0.029592	0.071184
MGYG000002335__gradient_L3_gos_gapseq	2155	2649	1068	R_EX_cpd11416_c0	2.201789	0.029592	0.074240
MGYG000002335__gradient_L4_xos_gapseq	2155	2649	1068	R_EX_cpd11416_c0	2.363813	0.029592	0.067950
MGYG000002335__gradient_L5_pectin_gapseq	2155	2649	1068	R_EX_cpd11416_c0	2.363813	0.029592	0.076985
MGYG000002335__gradient_L6_resistant_starch_gapseq	2155	2649	1068	R_EX_cpd11416_c0	2.978717	0.029592	0.073374
MGYG000002335__gradient_L7_bglucan_gapseq	2155	2649	1068	R_EX_cpd11416_c0	3.187911	0.029592	0.072686
MGYG000002335__gradient_L8_hmo_gapseq	2155	2649	1068	R_EX_cpd11416_c0	3.187911	0.029592	0.075277
MGYG000002335__gradient_L9_mos_gapseq	2155	2649	1068	R_EX_cpd11416_c0	3.195793	0.029592	0.082930
MGYG000002337__gradient_L0_base_gapseq	1818	2218	572	R_EX_cpd11416_c0	1.257562	0.027792	0.058627
MGYG000002337__gradient_L1_inulin_gapseq	1818	2218	572	R_EX_cpd11416_c0	1.527445	0.027792	0.052282
MGYG000002337__gradient_L2_fos_gapseq	1818	2218	572	R_EX_cpd11416_c0	1.527445	0.027792	0.051772
MGYG000002337__gradient_L3_gos_gapseq	1818	2218	572	R_EX_cpd11416_c0	1.734750	0.027792	0.069167
MGYG000002337__gradient_L4_xos_gapseq	1818	2218	572	R_EX_cpd11416_c0	1.797551	0.027792	0.059475
MGYG000002337__gradient_L5_pectin_gapseq	1818	2218	572	R_EX_cpd11416_c0	1.797551	0.027792	0.053956
MGYG000002337__gradient_L6_resistant_starch_gapseq	1818	2218	572	R_EX_cpd11416_c0	2.366538	0.027792	0.050298
MGYG000002337__gradient_L7_bglucan_gapseq	1818	2218	572	R_EX_cpd11416_c0	2.557686	0.027792	0.062278
MGYG000002337__gradient_L8_hmo_gapseq	1818	2218	572	R_EX_cpd11416_c0	2.557686	0.027792	0.061500
MGYG000002337__gradient_L9_mos_gapseq	1818	2218	572	R_EX_cpd11416_c0	2.689573	0.027792	0.071189
MGYG000002340__gradient_L0_base_gapseq	1547	1737	507	R_EX_cpd11416_c0	0.656040	0.018783	0.038039
MGYG000002340__gradient_L1_inulin_gapseq	1547	1737	507	R_EX_cpd11416_c0	0.656040	0.018783	0.037514
MGYG000002340__gradient_L2_fos_gapseq	1547	1737	507	R_EX_cpd11416_c0	0.656040	0.018783	0.037180
MGYG000002340__gradient_L3_gos_gapseq	1547	1737	507	R_EX_cpd11416_c0	0.786501	0.018783	0.038770
MGYG000002340__gradient_L4_xos_gapseq	1547	1737	507	R_EX_cpd11416_c0	0.786501	0.018783	0.034453
MGYG000002340__gradient_L5_pectin_gapseq	1547	1737	507	R_EX_cpd11416_c0	0.786501	0.018783	0.037337
MGYG000002340__gradient_L6_resistant_starch_gapseq	1547	1737	507	R_EX_cpd11416_c0	1.484166	0.018783	0.039852
MGYG000002340__gradient_L7_bglucan_gapseq	1547	1737	507	R_EX_cpd11416_c0	1.484166	0.018783	0.037975
MGYG000002340__gradient_L8_hmo_gapseq	1547	1737	507	R_EX_cpd11416_c0	1.649897	0.018783	0.035714
MGYG000002340__gradient_L9_mos_gapseq	1547	1737	507	R_EX_cpd11416_c0	1.649897	0.018783	0.036621
MGYG000002341__gradient_L0_base_gapseq	1829	2050	637	R_EX_cpd11416_c0	0.525399	0.024780	0.045688
MGYG000002341__gradient_L1_inulin_gapseq	1829	2050	637	R_EX_cpd11416_c0	0.639619	0.024780	0.047695
MGYG000002341__gradient_L2_fos_gapseq	1829	2050	637	R_EX_cpd11416_c0	0.639619	0.024780	0.048855
MGYG000002341__gradient_L3_gos_gapseq	1829	2050	637	R_EX_cpd11416_c0	0.639619	0.024780	0.054432
MGYG000002341__gradient_L4_xos_gapseq	1829	2050	637	R_EX_cpd11416_c0	0.639619	0.024780	0.051839
MGYG000002341__gradient_L5_pectin_gapseq	1829	2050	637	R_EX_cpd11416_c0	0.639619	0.024780	0.054399
MGYG000002341__gradient_L6_resistant_starch_gapseq	1829	2050	637	R_EX_cpd11416_c0	0.639619	0.024780	0.049889
MGYG000002341__gradient_L7_bglucan_gapseq	1829	2050	637	R_EX_cpd11416_c0	0.639619	0.024780	0.053194
MGYG000002341__gradient_L8_hmo_gapseq	1829	2050	637	R_EX_cpd11416_c0	0.639619	0.024780	0.056057
MGYG000002341__gradient_L9_mos_gapseq	1829	2050	637	R_EX_cpd11416_c0	0.639619	0.024780	0.044440
MGYG000002346__gradient_L0_base_gapseq	2033	2281	777	R_EX_cpd11416_c0	0.563956	0.025869	0.054504
MGYG000002346__gradient_L1_inulin_gapseq	2033	2281	777	R_EX_cpd11416_c0	0.686430	0.025869	0.060907
MGYG000002346__gradient_L2_fos_gapseq	2033	2281	777	R_EX_cpd11416_c0	0.686430	0.025869	0.055967
MGYG000002346__gradient_L3_gos_gapseq	2033	2281	777	R_EX_cpd11416_c0	0.686430	0.025869	0.060828
MGYG000002346__gradient_L4_xos_gapseq	2033	2281	777	R_EX_cpd11416_c0	0.686430	0.025869	0.059200
MGYG000002346__gradient_L5_pectin_gapseq	2033	2281	777	R_EX_cpd11416_c0	0.686430	0.025869	0.055514
MGYG000002346__gradient_L6_resistant_starch_gapseq	2033	2281	777	R_EX_cpd11416_c0	0.781620	0.025869	0.055970
MGYG000002346__gradient_L7_bglucan_gapseq	2033	2281	777	R_EX_cpd11416_c0	0.781620	0.025869	0.051907
MGYG000002346__gradient_L8_hmo_gapseq	2033	2281	777	R_EX_cpd11416_c0	0.781620	0.025869	0.051252
MGYG000002346__gradient_L9_mos_gapseq	2033	2281	777	R_EX_cpd11416_c0	0.781620	0.025869	0.056377
MGYG000002353__gradient_L0_base_gapseq	1416	1759	499	R_EX_cpd11416_c0	0.933620	0.023495	0.036811
MGYG000002353__gradient_L1_inulin_gapseq	1416	1759	499	R_EX_cpd11416_c0	1.158915	0.023495	0.033081
MGYG000002353__gradient_L2_fos_gapseq	1416	1759	499	R_EX_cpd11416_c0	1.158915	0.023495	0.035088
MGYG000002353__gradient_L3_gos_gapseq	1416	1759	499	R_EX_cpd11416_c0	1.406275	0.023495	0.045061
MGYG000002353__gradient_L4_xos_gapseq	1416	1759	499	R_EX_cpd11416_c0	1.468114	0.023495	0.033446
MGYG000002353__gradient_L5_pectin_gapseq	1416	1759	499	R_EX_cpd11416_c0	1.500180	0.023495	0.035761
MGYG000002353__gradient_L6_resistant_starch_gapseq	1416	1759	499	R_EX_cpd11416_c0	2.022383	0.023495	0.033387
MGYG000002353__gradient_L7_bglucan_gapseq	1416	1759	499	R_EX_cpd11416_c0	2.194160	0.023495	0.042789
MGYG000002353__gradient_L8_hmo_gapseq	1416	1759	499	R_EX_cpd11416_c0	2.194160	0.023495	0.042788
MGYG000002353__gradient_L9_mos_gapseq	1416	1759	499	R_EX_cpd11416_c0	2.304098	0.023495	0.032629
MGYG000002364__gradient_L0_base_gapseq	1343	1439	390	R_EX_cpd11416_c0	0.200142	0.015979	0.023918
MGYG000002364__gradient_L1_inulin_gapseq	1343	1439	390	R_EX_cpd11416_c0	0.327512	0.015979	0.031142
MGYG000002364__gradient_L2_fos_gapseq	1343	1439	390	R_EX_cpd11416_c0	0.327512	0.015979	0.033659
MGYG000002364__gradient_L3_gos_gapseq	1343	1439	390	R_EX_cpd11416_c0	0.327512	0.015979	0.029933
MGYG000002364__gradient_L4_xos_gapseq	1343	1439	390	R_EX_cpd11416_c0	0.327512	0.015979	0.030933
MGYG000002364__gradient_L5_pectin_gapseq	1343	1439	390	R_EX_cpd11416_c0	0.327512	0.015979	0.028222
MGYG000002364__gradient_L6_resistant_starch_gapseq	1343	1439	390	R_EX_cpd11416_c0	0.327512	0.015979	0.033540
MGYG000002364__gradient_L7_bglucan_gapseq	1343	1439	390	R_EX_cpd11416_c0	0.327512	0.015979	0.030786
MGYG000002364__gradient_L8_hmo_gapseq	1343	1439	390	R_EX_cpd11416_c0	0.327512	0.015979	0.032070
MGYG000002364__gradient_L9_mos_gapseq	1343	1439	390	R_EX_cpd11416_c0	0.327512	0.015979	0.025598
MGYG000002383__gradient_L0_base_gapseq	1528	1844	505	R_EX_cpd11416_c0	0.874482	0.019422	0.031011
MGYG000002383__gradient_L1_inulin_gapseq	1528	1844	505	R_EX_cpd11416_c0	1.101803	0.019422	0.037628
MGYG000002383__gradient_L2_fos_gapseq	1528	1844	505	R_EX_cpd11416_c0	1.101803	0.019422	0.036288
MGYG000002383__gradient_L3_gos_gapseq	1528	1844	505	R_EX_cpd11416_c0	1.324486	0.019422	0.037304
MGYG000002383__gradient_L4_xos_gapseq	1528	1844	505	R_EX_cpd11416_c0	1.449745	0.019422	0.037817
MGYG000002383__gradient_L5_pectin_gapseq	1528	1844	505	R_EX_cpd11416_c0	1.482219	0.019422	0.037225
MGYG000002383__gradient_L6_resistant_starch_gapseq	1528	1844	505	R_EX_cpd11416_c0	2.011090	0.019422	0.036965
MGYG000002383__gradient_L7_bglucan_gapseq	1528	1844	505	R_EX_cpd11416_c0	2.185060	0.019422	0.036751
MGYG000002383__gradient_L8_hmo_gapseq	1528	1844	505	R_EX_cpd11416_c0	2.185060	0.019422	0.036777
MGYG000002383__gradient_L9_mos_gapseq	1528	1844	505	R_EX_cpd11416_c0	2.296401	0.019422	0.034625
MGYG000002385__gradient_L0_base_gapseq	2051	2431	894	R_EX_cpd11416_c0	1.422820	0.031632	0.060553
MGYG000002385__gradient_L1_inulin_gapseq	2051	2431	894	R_EX_cpd11416_c0	1.586319	0.031632	0.058945
MGYG000002385__gradient_L2_fos_gapseq	2051	2431	894	R_EX_cpd11416_c0	1.586319	0.031632	0.055647
MGYG000002385__gradient_L3_gos_gapseq	2051	2431	894	R_EX_cpd11416_c0	1.682667	0.031632	0.064644
MGYG000002385__gradient_L4_xos_gapseq	2051	2431	894	R_EX_cpd11416_c0	1.873902	0.031632	0.065973
MGYG000002385__gradient_L5_pectin_gapseq	2051	2431	894	R_EX_cpd11416_c0	1.873902	0.031632	0.063150
MGYG000002385__gradient_L6_resistant_starch_gapseq	2051	2431	894	R_EX_cpd11416_c0	2.276100	0.031632	0.068255
MGYG000002385__gradient_L7_bglucan_gapseq	2051	2431	894	R_EX_cpd11416_c0	2.276100	0.031632	0.067042
MGYG000002385__gradient_L8_hmo_gapseq	2051	2431	894	R_EX_cpd11416_c0	2.276100	0.031632	0.063793
MGYG000002385__gradient_L9_mos_gapseq	2051	2431	894	R_EX_cpd11416_c0	2.276100	0.031632	0.067671
MGYG000002387__gradient_L0_base_gapseq	1191	1387	316	R_EX_cpd11416_c0	0.387537	0.018130	0.020565
MGYG000002387__gradient_L1_inulin_gapseq	1191	1387	316	R_EX_cpd11416_c0	0.546529	0.018130	0.023976
MGYG000002387__gradient_L2_fos_gapseq	1191	1387	316	R_EX_cpd11416_c0	0.546529	0.018130	0.022494
MGYG000002387__gradient_L3_gos_gapseq	1191	1387	316	R_EX_cpd11416_c0	0.665774	0.018130	0.023243
MGYG000002387__gradient_L4_xos_gapseq	1191	1387	316	R_EX_cpd11416_c0	0.665774	0.018130	0.024876
MGYG000002387__gradient_L5_pectin_gapseq	1191	1387	316	R_EX_cpd11416_c0	0.665774	0.018130	0.022230
MGYG000002387__gradient_L6_resistant_starch_gapseq	1191	1387	316	R_EX_cpd11416_c0	1.025072	0.018130	0.027791
MGYG000002387__gradient_L7_bglucan_gapseq	1191	1387	316	R_EX_cpd11416_c0	1.025072	0.018130	0.019679
MGYG000002387__gradient_L8_hmo_gapseq	1191	1387	316	R_EX_cpd11416_c0	1.025072	0.018130	0.019914
MGYG000002387__gradient_L9_mos_gapseq	1191	1387	316	R_EX_cpd11416_c0	1.102254	0.018130	0.026418
MGYG000002389__gradient_L0_base_gapseq	1385	1663	386	R_EX_cpd11416_c0	0.671226	0.017814	0.032721
MGYG000002389__gradient_L1_inulin_gapseq	1385	1663	386	R_EX_cpd11416_c0	0.830013	0.017814	0.029853
MGYG000002389__gradient_L2_fos_gapseq	1385	1663	386	R_EX_cpd11416_c0	0.830013	0.017814	0.037113
MGYG000002389__gradient_L3_gos_gapseq	1385	1663	386	R_EX_cpd11416_c0	0.974365	0.017814	0.031912
MGYG000002389__gradient_L4_xos_gapseq	1385	1663	386	R_EX_cpd11416_c0	1.024888	0.017814	0.031088
MGYG000002389__gradient_L5_pectin_gapseq	1385	1663	386	R_EX_cpd11416_c0	1.024888	0.017814	0.030494
MGYG000002389__gradient_L6_resistant_starch_gapseq	1385	1663	386	R_EX_cpd11416_c0	1.378550	0.017814	0.035030
MGYG000002389__gradient_L7_bglucan_gapseq	1385	1663	386	R_EX_cpd11416_c0	1.501249	0.017814	0.034318
MGYG000002389__gradient_L8_hmo_gapseq	1385	1663	386	R_EX_cpd11416_c0	1.501249	0.017814	0.036167
MGYG000002389__gradient_L9_mos_gapseq	1385	1663	386	R_EX_cpd11416_c0	1.578237	0.017814	0.033105
MGYG000002395__gradient_L0_base_gapseq	1233	1517	346	R_EX_cpd11416_c0	-0.000000	0.015449	0.012184
MGYG000002395__gradient_L1_inulin_gapseq	1233	1517	346	R_EX_cpd11416_c0	-0.000000	0.015449	0.016196
MGYG000002395__gradient_L2_fos_gapseq	1233	1517	346	R_EX_cpd11416_c0	-0.000000	0.015449	0.012000
MGYG000002395__gradient_L3_gos_gapseq	1233	1517	346	R_EX_cpd11416_c0	0.836133	0.015449	0.032224
MGYG000002395__gradient_L4_xos_gapseq	1233	1517	346	R_EX_cpd11416_c0	0.898325	0.015449	0.034087
MGYG000002395__gradient_L5_pectin_gapseq	1233	1517	346	R_EX_cpd11416_c0	0.898325	0.015449	0.032437
MGYG000002395__gradient_L6_resistant_starch_gapseq	1233	1517	346	R_EX_cpd11416_c0	1.391730	0.015449	0.035886
MGYG000002395__gradient_L7_bglucan_gapseq	1233	1517	346	R_EX_cpd11416_c0	1.559815	0.015449	0.032527
MGYG000002395__gradient_L8_hmo_gapseq	1233	1517	346	R_EX_cpd11416_c0	1.559815	0.015449	0.027788
MGYG000002395__gradient_L9_mos_gapseq	1233	1517	346	R_EX_cpd11416_c0	1.559815	0.015449	0.034491
MGYG000002399__gradient_L0_base_gapseq	1705	2049	496	R_EX_cpd11416_c0	1.107029	0.021167	0.044774
MGYG000002399__gradient_L1_inulin_gapseq	1705	2049	496	R_EX_cpd11416_c0	1.370739	0.021167	0.051662
MGYG000002399__gradient_L2_fos_gapseq	1705	2049	496	R_EX_cpd11416_c0	1.370739	0.021167	0.041265
MGYG000002399__gradient_L3_gos_gapseq	1705	2049	496	R_EX_cpd11416_c0	1.569196	0.021167	0.044985
MGYG000002399__gradient_L4_xos_gapseq	1705	2049	496	R_EX_cpd11416_c0	1.650199	0.021167	0.047309
MGYG000002399__gradient_L5_pectin_gapseq	1705	2049	496	R_EX_cpd11416_c0	1.650199	0.021167	0.041862
MGYG000002399__gradient_L6_resistant_starch_gapseq	1705	2049	496	R_EX_cpd11416_c0	2.233823	0.021167	0.046197
MGYG000002399__gradient_L7_bglucan_gapseq	1705	2049	496	R_EX_cpd11416_c0	2.427840	0.021167	0.044552
MGYG000002399__gradient_L8_hmo_gapseq	1705	2049	496	R_EX_cpd11416_c0	2.427840	0.021167	0.048046
MGYG000002399__gradient_L9_mos_gapseq	1705	2049	496	R_EX_cpd11416_c0	2.552662	0.021167	0.046366
MGYG000002406__gradient_L0_base_gapseq	1656	1954	570	R_EX_cpd11416_c0	0.378110	0.021060	0.043520
MGYG000002406__gradient_L1_inulin_gapseq	1656	1954	570	R_EX_cpd11416_c0	0.611328	0.021060	0.045659
MGYG000002406__gradient_L2_fos_gapseq	1656	1954	570	R_EX_cpd11416_c0	0.611328	0.021060	0.039380
MGYG000002406__gradient_L3_gos_gapseq	1656	1954	570	R_EX_cpd11416_c0	0.704139	0.021060	0.043525
MGYG000002406__gradient_L4_xos_gapseq	1656	1954	570	R_EX_cpd11416_c0	0.763589	0.021060	0.049640
MGYG000002406__gradient_L5_pectin_gapseq	1656	1954	570	R_EX_cpd11416_c0	0.763589	0.021060	0.043620
MGYG000002406__gradient_L6_resistant_starch_gapseq	1656	1954	570	R_EX_cpd11416_c0	1.254936	0.021060	0.047691
MGYG000002406__gradient_L7_bglucan_gapseq	1656	1954	570	R_EX_cpd11416_c0	1.254936	0.021060	0.044033
MGYG000002406__gradient_L8_hmo_gapseq	1656	1954	570	R_EX_cpd11416_c0	1.254936	0.021060	0.044508
MGYG000002406__gradient_L9_mos_gapseq	1656	1954	570	R_EX_cpd11416_c0	1.356774	0.021060	0.044222
MGYG000002420__gradient_L0_base_gapseq	1403	1575	406	R_EX_cpd11416_c0	0.393784	0.018225	0.027872
MGYG000002420__gradient_L1_inulin_gapseq	1403	1575	406	R_EX_cpd11416_c0	0.393784	0.018225	0.023723
MGYG000002420__gradient_L2_fos_gapseq	1403	1575	406	R_EX_cpd11416_c0	0.393784	0.018225	0.029688
MGYG000002420__gradient_L3_gos_gapseq	1403	1575	406	R_EX_cpd11416_c0	0.393784	0.018225	0.026110
MGYG000002420__gradient_L4_xos_gapseq	1403	1575	406	R_EX_cpd11416_c0	0.405947	0.018225	0.027973
MGYG000002420__gradient_L5_pectin_gapseq	1403	1575	406	R_EX_cpd11416_c0	0.405947	0.018225	0.029785
MGYG000002420__gradient_L6_resistant_starch_gapseq	1403	1575	406	R_EX_cpd11416_c0	0.951763	0.018225	0.024564
MGYG000002420__gradient_L7_bglucan_gapseq	1403	1575	406	R_EX_cpd11416_c0	1.127090	0.018225	0.030858
MGYG000002420__gradient_L8_hmo_gapseq	1403	1575	406	R_EX_cpd11416_c0	1.127090	0.018225	0.031829
MGYG000002420__gradient_L9_mos_gapseq	1403	1575	406	R_EX_cpd11416_c0	1.127090	0.018225	0.030838
MGYG000002423__gradient_L0_base_gapseq	2255	2751	1183	R_EX_cpd11416_c0	1.123507	0.030871	0.075773
MGYG000002423__gradient_L1_inulin_gapseq	2255	2751	1183	R_EX_cpd11416_c0	1.403225	0.030871	0.074356
MGYG000002423__gradient_L2_fos_gapseq	2255	2751	1183	R_EX_cpd11416_c0	1.403225	0.030871	0.069834
MGYG000002423__gradient_L3_gos_gapseq	2255	2751	1183	R_EX_cpd11416_c0	1.716861	0.030871	0.077231
MGYG000002423__gradient_L4_xos_gapseq	2255	2751	1183	R_EX_cpd11416_c0	1.884134	0.030871	0.085152
MGYG000002423__gradient_L5_pectin_gapseq	2255	2751	1183	R_EX_cpd11416_c0	1.925023	0.030871	0.074059
MGYG000002423__gradient_L6_resistant_starch_gapseq	2255	2751	1183	R_EX_cpd11416_c0	2.558643	0.030871	0.078923
MGYG000002423__gradient_L7_bglucan_gapseq	2255	2751	1183	R_EX_cpd11416_c0	2.758646	0.030871	0.078637
MGYG000002423__gradient_L8_hmo_gapseq	2255	2751	1183	R_EX_cpd11416_c0	2.758646	0.030871	0.073713
MGYG000002423__gradient_L9_mos_gapseq	2255	2751	1183	R_EX_cpd11416_c0	2.887625	0.030871	0.069886
MGYG000002426__gradient_L0_base_gapseq	1280	1362	346	R_EX_cpd11416_c0	0.287388	0.015388	0.026984
MGYG000002426__gradient_L1_inulin_gapseq	1280	1362	346	R_EX_cpd11416_c0	0.435422	0.015388	0.027346
MGYG000002426__gradient_L2_fos_gapseq	1280	1362	346	R_EX_cpd11416_c0	0.435422	0.015388	0.024362
MGYG000002426__gradient_L3_gos_gapseq	1280	1362	346	R_EX_cpd11416_c0	0.435422	0.015388	0.021134
MGYG000002426__gradient_L4_xos_gapseq	1280	1362	346	R_EX_cpd11416_c0	0.435422	0.015388	0.021373
MGYG000002426__gradient_L5_pectin_gapseq	1280	1362	346	R_EX_cpd11416_c0	0.435422	0.015388	0.025959
MGYG000002426__gradient_L6_resistant_starch_gapseq	1280	1362	346	R_EX_cpd11416_c0	0.435422	0.015388	0.028654
MGYG000002426__gradient_L7_bglucan_gapseq	1280	1362	346	R_EX_cpd11416_c0	0.435422	0.015388	0.025992
MGYG000002426__gradient_L8_hmo_gapseq	1280	1362	346	R_EX_cpd11416_c0	0.435422	0.015388	0.020816
MGYG000002426__gradient_L9_mos_gapseq	1280	1362	346	R_EX_cpd11416_c0	0.435422	0.015388	0.021340
MGYG000002431__gradient_L0_base_gapseq	1285	1374	349	R_EX_cpd11416_c0	0.287388	0.020657	0.021849
MGYG000002431__gradient_L1_inulin_gapseq	1285	1374	349	R_EX_cpd11416_c0	0.435422	0.020657	0.027382
MGYG000002431__gradient_L2_fos_gapseq	1285	1374	349	R_EX_cpd11416_c0	0.435422	0.020657	0.024406
MGYG000002431__gradient_L3_gos_gapseq	1285	1374	349	R_EX_cpd11416_c0	0.435422	0.020657	0.030137
MGYG000002431__gradient_L4_xos_gapseq	1285	1374	349	R_EX_cpd11416_c0	0.435422	0.020657	0.023225
MGYG000002431__gradient_L5_pectin_gapseq	1285	1374	349	R_EX_cpd11416_c0	0.435422	0.020657	0.026341
MGYG000002431__gradient_L6_resistant_starch_gapseq	1285	1374	349	R_EX_cpd11416_c0	0.435422	0.020657	0.029269
MGYG000002431__gradient_L7_bglucan_gapseq	1285	1374	349	R_EX_cpd11416_c0	0.435422	0.020657	0.027015
MGYG000002431__gradient_L8_hmo_gapseq	1285	1374	349	R_EX_cpd11416_c0	0.435422	0.020657	0.023392
MGYG000002431__gradient_L9_mos_gapseq	1285	1374	349	R_EX_cpd11416_c0	0.435422	0.020657	0.022906
MGYG000002435__gradient_L0_base_gapseq	1265	1369	343	R_EX_cpd11416_c0	0.267979	0.014724	0.022518
MGYG000002435__gradient_L1_inulin_gapseq	1265	1369	343	R_EX_cpd11416_c0	0.405279	0.014724	0.026995
MGYG000002435__gradient_L2_fos_gapseq	1265	1369	343	R_EX_cpd11416_c0	0.405279	0.014724	0.022002
MGYG000002435__gradient_L3_gos_gapseq	1265	1369	343	R_EX_cpd11416_c0	0.405279	0.014724	0.033342
MGYG000002435__gradient_L4_xos_gapseq	1265	1369	343	R_EX_cpd11416_c0	0.405279	0.014724	0.022284
MGYG000002435__gradient_L5_pectin_gapseq	1265	1369	343	R_EX_cpd11416_c0	0.405279	0.014724	0.032573
MGYG000002435__gradient_L6_resistant_starch_gapseq	1265	1369	343	R_EX_cpd11416_c0	0.405279	0.014724	0.023161
MGYG000002435__gradient_L7_bglucan_gapseq	1265	1369	343	R_EX_cpd11416_c0	0.405279	0.014724	0.025984
MGYG000002435__gradient_L8_hmo_gapseq	1265	1369	343	R_EX_cpd11416_c0	0.405279	0.014724	0.028238
MGYG000002435__gradient_L9_mos_gapseq	1265	1369	343	R_EX_cpd11416_c0	0.405279	0.014724	0.022283
MGYG000002447__gradient_L0_base_gapseq	1319	1385	383	R_EX_cpd11416_c0	0.229272	0.015667	0.026826
MGYG000002447__gradient_L1_inulin_gapseq	1319	1385	383	R_EX_cpd11416_c0	0.296972	0.015667	0.022720
MGYG000002447__gradient_L2_fos_gapseq	1319	1385	383	R_EX_cpd11416_c0	0.296972	0.015667	0.027158
MGYG000002447__gradient_L3_gos_gapseq	1319	1385	383	R_EX_cpd11416_c0	0.296972	0.015667	0.027773
MGYG000002447__gradient_L4_xos_gapseq	1319	1385	383	R_EX_cpd11416_c0	0.296972	0.015667	0.022327
MGYG000002447__gradient_L5_pectin_gapseq	1319	1385	383	R_EX_cpd11416_c0	0.296972	0.015667	0.028162
MGYG000002447__gradient_L6_resistant_starch_gapseq	1319	1385	383	R_EX_cpd11416_c0	0.324814	0.015667	0.022571
MGYG000002447__gradient_L7_bglucan_gapseq	1319	1385	383	R_EX_cpd11416_c0	0.324814	0.015667	0.022210
MGYG000002447__gradient_L8_hmo_gapseq	1319	1385	383	R_EX_cpd11416_c0	0.324814	0.015667	0.028170
MGYG000002447__gradient_L9_mos_gapseq	1319	1385	383	R_EX_cpd11416_c0	0.324814	0.015667	0.024431
MGYG000002448__gradient_L0_base_gapseq	1379	1488	334	R_EX_cpd11416_c0	-0.000000	0.016555	0.010141
MGYG000002448__gradient_L1_inulin_gapseq	1379	1488	334	R_EX_cpd11416_c0	-0.000000	0.016555	0.010636
MGYG000002448__gradient_L2_fos_gapseq	1379	1488	334	R_EX_cpd11416_c0	-0.000000	0.016555	0.010696
MGYG000002448__gradient_L3_gos_gapseq	1379	1488	334	R_EX_cpd11416_c0	-0.000000	0.016555	0.013890
MGYG000002448__gradient_L4_xos_gapseq	1379	1488	334	R_EX_cpd11416_c0	0.674904	0.016555	0.033993
MGYG000002448__gradient_L5_pectin_gapseq	1379	1488	334	R_EX_cpd11416_c0	0.674904	0.016555	0.028098
MGYG000002448__gradient_L6_resistant_starch_gapseq	1379	1488	334	R_EX_cpd11416_c0	0.674904	0.016555	0.029999
MGYG000002448__gradient_L7_bglucan_gapseq	1379	1488	334	R_EX_cpd11416_c0	0.674904	0.016555	0.031057
MGYG000002448__gradient_L8_hmo_gapseq	1379	1488	334	R_EX_cpd11416_c0	0.674904	0.016555	0.031444
MGYG000002448__gradient_L9_mos_gapseq	1379	1488	334	R_EX_cpd11416_c0	0.674904	0.016555	0.035131
MGYG000002456__gradient_L0_base_gapseq	821	787	208	R_EX_cpd11416_c0	-0.000000	0.008753	0.008294
MGYG000002456__gradient_L1_inulin_gapseq	821	787	208	R_EX_cpd11416_c0	-0.000000	0.008753	0.004154
MGYG000002456__gradient_L2_fos_gapseq	821	787	208	R_EX_cpd11416_c0	-0.000000	0.008753	0.003689
MGYG000002456__gradient_L3_gos_gapseq	821	787	208	R_EX_cpd11416_c0	-0.000000	0.008753	0.003608
MGYG000002456__gradient_L4_xos_gapseq	821	787	208	R_EX_cpd11416_c0	-0.000000	0.008753	0.003742
MGYG000002456__gradient_L5_pectin_gapseq	821	787	208	R_EX_cpd11416_c0	-0.000000	0.008753	0.003633
MGYG000002456__gradient_L6_resistant_starch_gapseq	821	787	208	R_EX_cpd11416_c0	-0.000000	0.008753	0.003681
MGYG000002456__gradient_L7_bglucan_gapseq	821	787	208	R_EX_cpd11416_c0	-0.000000	0.008753	0.003652
MGYG000002456__gradient_L8_hmo_gapseq	821	787	208	R_EX_cpd11416_c0	-0.000000	0.008753	0.004856
MGYG000002456__gradient_L9_mos_gapseq	821	787	208	R_EX_cpd11416_c0	-0.000000	0.008753	0.005400
MGYG000002461__gradient_L0_base_gapseq	2187	2689	1116	R_EX_cpd11416_c0	1.635824	0.029264	0.075199
MGYG000002461__gradient_L1_inulin_gapseq	2187	2689	1116	R_EX_cpd11416_c0	1.801917	0.029264	0.066893
MGYG000002461__gradient_L2_fos_gapseq	2187	2689	1116	R_EX_cpd11416_c0	1.801917	0.029264	0.069477
MGYG000002461__gradient_L3_gos_gapseq	2187	2689	1116	R_EX_cpd11416_c0	2.127371	0.029264	0.065713
MGYG000002461__gradient_L4_xos_gapseq	2187	2689	1116	R_EX_cpd11416_c0	2.296482	0.029264	0.073573
MGYG000002461__gradient_L5_pectin_gapseq	2187	2689	1116	R_EX_cpd11416_c0	2.296482	0.029264	0.075867
MGYG000002461__gradient_L6_resistant_starch_gapseq	2187	2689	1116	R_EX_cpd11416_c0	2.886765	0.029264	0.071022
MGYG000002461__gradient_L7_bglucan_gapseq	2187	2689	1116	R_EX_cpd11416_c0	3.084947	0.029264	0.073679
MGYG000002461__gradient_L8_hmo_gapseq	2187	2689	1116	R_EX_cpd11416_c0	3.084947	0.029264	0.074517
MGYG000002461__gradient_L9_mos_gapseq	2187	2689	1116	R_EX_cpd11416_c0	3.195793	0.029264	0.077055
MGYG000002463__gradient_L0_base_gapseq	2307	2788	1290	R_EX_cpd11416_c0	1.161070	0.034381	0.082434
MGYG000002463__gradient_L1_inulin_gapseq	2307	2788	1290	R_EX_cpd11416_c0	1.313401	0.034381	0.068006
MGYG000002463__gradient_L2_fos_gapseq	2307	2788	1290	R_EX_cpd11416_c0	1.313401	0.034381	0.068018
MGYG000002463__gradient_L3_gos_gapseq	2307	2788	1290	R_EX_cpd11416_c0	1.401417	0.034381	0.074577
MGYG000002463__gradient_L4_xos_gapseq	2307	2788	1290	R_EX_cpd11416_c0	1.484151	0.034381	0.079555
MGYG000002463__gradient_L5_pectin_gapseq	2307	2788	1290	R_EX_cpd11416_c0	1.493343	0.034381	0.066370
MGYG000002463__gradient_L6_resistant_starch_gapseq	2307	2788	1290	R_EX_cpd11416_c0	2.104198	0.034381	0.062812
MGYG000002463__gradient_L7_bglucan_gapseq	2307	2788	1290	R_EX_cpd11416_c0	2.104198	0.034381	0.068287
MGYG000002463__gradient_L8_hmo_gapseq	2307	2788	1290	R_EX_cpd11416_c0	2.104198	0.034381	0.077302
MGYG000002463__gradient_L9_mos_gapseq	2307	2788	1290	R_EX_cpd11416_c0	2.210833	0.034381	0.077904
MGYG000002475__gradient_L0_base_gapseq	1673	1947	698	R_EX_cpd11416_c0	-0.000000	0.022676	0.020370
MGYG000002475__gradient_L1_inulin_gapseq	1673	1947	698	R_EX_cpd11416_c0	-0.000000	0.022676	0.015483
MGYG000002475__gradient_L2_fos_gapseq	1673	1947	698	R_EX_cpd11416_c0	-0.000000	0.022676	0.020527
MGYG000002475__gradient_L3_gos_gapseq	1673	1947	698	R_EX_cpd11416_c0	1.401167	0.022676	0.041090
MGYG000002475__gradient_L4_xos_gapseq	1673	1947	698	R_EX_cpd11416_c0	1.516748	0.022676	0.041734
MGYG000002475__gradient_L5_pectin_gapseq	1673	1947	698	R_EX_cpd11416_c0	1.516748	0.022676	0.041442
MGYG000002475__gradient_L6_resistant_starch_gapseq	1673	1947	698	R_EX_cpd11416_c0	2.094658	0.022676	0.039385
MGYG000002475__gradient_L7_bglucan_gapseq	1673	1947	698	R_EX_cpd11416_c0	2.094658	0.022676	0.037128
MGYG000002475__gradient_L8_hmo_gapseq	1673	1947	698	R_EX_cpd11416_c0	2.228489	0.022676	0.040889
MGYG000002475__gradient_L9_mos_gapseq	1673	1947	698	R_EX_cpd11416_c0	2.228489	0.022676	0.048031
MGYG000002476__gradient_L0_base_gapseq	2163	2648	1038	R_EX_cpd11416_c0	1.385577	0.028989	0.072036
MGYG000002476__gradient_L1_inulin_gapseq	2163	2648	1038	R_EX_cpd11416_c0	1.643761	0.028989	0.070567
MGYG000002476__gradient_L2_fos_gapseq	2163	2648	1038	R_EX_cpd11416_c0	1.643761	0.028989	0.063471
MGYG000002476__gradient_L3_gos_gapseq	2163	2648	1038	R_EX_cpd11416_c0	1.925416	0.028989	0.068938
MGYG000002476__gradient_L4_xos_gapseq	2163	2648	1038	R_EX_cpd11416_c0	2.075632	0.028989	0.072996
MGYG000002476__gradient_L5_pectin_gapseq	2163	2648	1038	R_EX_cpd11416_c0	2.110839	0.028989	0.063683
MGYG000002476__gradient_L6_resistant_starch_gapseq	2163	2648	1038	R_EX_cpd11416_c0	2.646688	0.028989	0.066431
MGYG000002476__gradient_L7_bglucan_gapseq	2163	2648	1038	R_EX_cpd11416_c0	2.822652	0.028989	0.061865
MGYG000002476__gradient_L8_hmo_gapseq	2163	2648	1038	R_EX_cpd11416_c0	2.822652	0.028989	0.078430
MGYG000002476__gradient_L9_mos_gapseq	2163	2648	1038	R_EX_cpd11416_c0	2.944306	0.028989	0.069592
MGYG000002479__gradient_L0_base_gapseq	1256	1333	306	R_EX_cpd11416_c0	0.226120	0.014287	0.025727
MGYG000002479__gradient_L1_inulin_gapseq	1256	1333	306	R_EX_cpd11416_c0	0.226120	0.014287	0.024581
MGYG000002479__gradient_L2_fos_gapseq	1256	1333	306	R_EX_cpd11416_c0	0.226120	0.014287	0.027493
MGYG000002479__gradient_L3_gos_gapseq	1256	1333	306	R_EX_cpd11416_c0	0.226120	0.014287	0.030348
MGYG000002479__gradient_L4_xos_gapseq	1256	1333	306	R_EX_cpd11416_c0	0.226120	0.014287	0.021118
MGYG000002479__gradient_L5_pectin_gapseq	1256	1333	306	R_EX_cpd11416_c0	0.226120	0.014287	0.026180
MGYG000002479__gradient_L6_resistant_starch_gapseq	1256	1333	306	R_EX_cpd11416_c0	0.226120	0.014287	0.023121
MGYG000002479__gradient_L7_bglucan_gapseq	1256	1333	306	R_EX_cpd11416_c0	0.226120	0.014287	0.024336
MGYG000002479__gradient_L8_hmo_gapseq	1256	1333	306	R_EX_cpd11416_c0	0.226120	0.014287	0.027059
MGYG000002479__gradient_L9_mos_gapseq	1256	1333	306	R_EX_cpd11416_c0	0.226120	0.014287	0.022476
MGYG000002480__gradient_L0_base_gapseq	1199	1243	318	R_EX_cpd11416_c0	-0.000000	0.020293	0.007695
MGYG000002480__gradient_L1_inulin_gapseq	1199	1243	318	R_EX_cpd11416_c0	-0.000000	0.020293	0.008551
MGYG000002480__gradient_L2_fos_gapseq	1199	1243	318	R_EX_cpd11416_c0	-0.000000	0.020293	0.007850
MGYG000002480__gradient_L3_gos_gapseq	1199	1243	318	R_EX_cpd11416_c0	-0.000000	0.020293	0.007914
MGYG000002480__gradient_L4_xos_gapseq	1199	1243	318	R_EX_cpd11416_c0	-0.000000	0.020293	0.008911
MGYG000002480__gradient_L5_pectin_gapseq	1199	1243	318	R_EX_cpd11416_c0	0.517854	0.020293	0.019922
MGYG000002480__gradient_L6_resistant_starch_gapseq	1199	1243	318	R_EX_cpd11416_c0	0.517854	0.020293	0.023810
MGYG000002480__gradient_L7_bglucan_gapseq	1199	1243	318	R_EX_cpd11416_c0	0.517854	0.020293	0.022488
MGYG000002480__gradient_L8_hmo_gapseq	1199	1243	318	R_EX_cpd11416_c0	0.517854	0.020293	0.021781
MGYG000002480__gradient_L9_mos_gapseq	1199	1243	318	R_EX_cpd11416_c0	0.517854	0.020293	0.024053
MGYG000002482__gradient_L0_base_gapseq	1112	1230	292	R_EX_cpd11416_c0	0.120217	0.013081	0.019118
MGYG000002482__gradient_L1_inulin_gapseq	1112	1230	292	R_EX_cpd11416_c0	0.248691	0.013081	0.023460
MGYG000002482__gradient_L2_fos_gapseq	1112	1230	292	R_EX_cpd11416_c0	0.248691	0.013081	0.018724
MGYG000002482__gradient_L3_gos_gapseq	1112	1230	292	R_EX_cpd11416_c0	0.326117	0.013081	0.019411
MGYG000002482__gradient_L4_xos_gapseq	1112	1230	292	R_EX_cpd11416_c0	0.326117	0.013081	0.019032
MGYG000002482__gradient_L5_pectin_gapseq	1112	1230	292	R_EX_cpd11416_c0	0.326117	0.013081	0.024641
MGYG000002482__gradient_L6_resistant_starch_gapseq	1112	1230	292	R_EX_cpd11416_c0	0.769557	0.013081	0.018173
MGYG000002482__gradient_L7_bglucan_gapseq	1112	1230	292	R_EX_cpd11416_c0	0.769557	0.013081	0.024539
MGYG000002482__gradient_L8_hmo_gapseq	1112	1230	292	R_EX_cpd11416_c0	0.769557	0.013081	0.022359
MGYG000002482__gradient_L9_mos_gapseq	1112	1230	292	R_EX_cpd11416_c0	0.769557	0.013081	0.019002
MGYG000002489__gradient_L0_base_gapseq	1519	1651	433	R_EX_cpd11416_c0	0.227797	0.017878	0.033301
MGYG000002489__gradient_L1_inulin_gapseq	1519	1651	433	R_EX_cpd11416_c0	0.303732	0.017878	0.027585
MGYG000002489__gradient_L2_fos_gapseq	1519	1651	433	R_EX_cpd11416_c0	0.303732	0.017878	0.027735
MGYG000002489__gradient_L3_gos_gapseq	1519	1651	433	R_EX_cpd11416_c0	0.303732	0.017878	0.028001
MGYG000002489__gradient_L4_xos_gapseq	1519	1651	433	R_EX_cpd11416_c0	0.303732	0.017878	0.030509
MGYG000002489__gradient_L5_pectin_gapseq	1519	1651	433	R_EX_cpd11416_c0	0.303732	0.017878	0.029568
MGYG000002489__gradient_L6_resistant_starch_gapseq	1519	1651	433	R_EX_cpd11416_c0	0.370176	0.017878	0.036942
MGYG000002489__gradient_L7_bglucan_gapseq	1519	1651	433	R_EX_cpd11416_c0	0.370176	0.017878	0.033355
MGYG000002489__gradient_L8_hmo_gapseq	1519	1651	433	R_EX_cpd11416_c0	0.370176	0.017878	0.031332
MGYG000002489__gradient_L9_mos_gapseq	1519	1651	433	R_EX_cpd11416_c0	0.370176	0.017878	0.034306
MGYG000002505__gradient_L0_base_gapseq	1542	1662	424	R_EX_cpd11416_c0	0.219815	0.018329	0.033974
MGYG000002505__gradient_L1_inulin_gapseq	1542	1662	424	R_EX_cpd11416_c0	0.320912	0.018329	0.033911
MGYG000002505__gradient_L2_fos_gapseq	1542	1662	424	R_EX_cpd11416_c0	0.320912	0.018329	0.032783
MGYG000002505__gradient_L3_gos_gapseq	1542	1662	424	R_EX_cpd11416_c0	0.320912	0.018329	0.045605
MGYG000002505__gradient_L4_xos_gapseq	1542	1662	424	R_EX_cpd11416_c0	0.320912	0.018329	0.034642
MGYG000002505__gradient_L5_pectin_gapseq	1542	1662	424	R_EX_cpd11416_c0	0.320912	0.018329	0.033071
MGYG000002505__gradient_L6_resistant_starch_gapseq	1542	1662	424	R_EX_cpd11416_c0	0.693662	0.018329	0.032764
MGYG000002505__gradient_L7_bglucan_gapseq	1542	1662	424	R_EX_cpd11416_c0	0.693662	0.018329	0.035911
MGYG000002505__gradient_L8_hmo_gapseq	1542	1662	424	R_EX_cpd11416_c0	0.693662	0.018329	0.034989
MGYG000002505__gradient_L9_mos_gapseq	1542	1662	424	R_EX_cpd11416_c0	0.693662	0.018329	0.036985
MGYG000002506__gradient_L0_base_gapseq	2344	2930	1347	R_EX_cpd11416_c0	1.788566	0.036162	0.087153
MGYG000002506__gradient_L1_inulin_gapseq	2344	2930	1347	R_EX_cpd11416_c0	2.105478	0.036162	0.079370
MGYG000002506__gradient_L2_fos_gapseq	2344	2930	1347	R_EX_cpd11416_c0	2.105478	0.036162	0.074459
MGYG000002506__gradient_L3_gos_gapseq	2344	2930	1347	R_EX_cpd11416_c0	2.439038	0.036162	0.085615
MGYG000002506__gradient_L4_xos_gapseq	2344	2930	1347	R_EX_cpd11416_c0	2.609499	0.036162	0.073913
MGYG000002506__gradient_L5_pectin_gapseq	2344	2930	1347	R_EX_cpd11416_c0	2.658319	0.036162	0.082949
MGYG000002506__gradient_L6_resistant_starch_gapseq	2344	2930	1347	R_EX_cpd11416_c0	3.339970	0.036162	0.074926
MGYG000002506__gradient_L7_bglucan_gapseq	2344	2930	1347	R_EX_cpd11416_c0	3.564240	0.036162	0.088407
MGYG000002506__gradient_L8_hmo_gapseq	2344	2930	1347	R_EX_cpd11416_c0	3.564240	0.036162	0.084689
MGYG000002506__gradient_L9_mos_gapseq	2344	2930	1347	R_EX_cpd11416_c0	3.709682	0.036162	0.090282
MGYG000002507__gradient_L0_base_gapseq	2237	2777	1207	R_EX_cpd11416_c0	1.740524	0.031467	0.079543
MGYG000002507__gradient_L1_inulin_gapseq	2237	2777	1207	R_EX_cpd11416_c0	1.901676	0.031467	0.080977
MGYG000002507__gradient_L2_fos_gapseq	2237	2777	1207	R_EX_cpd11416_c0	1.901676	0.031467	0.074105
MGYG000002507__gradient_L3_gos_gapseq	2237	2777	1207	R_EX_cpd11416_c0	2.238368	0.031467	0.076832
MGYG000002507__gradient_L4_xos_gapseq	2237	2777	1207	R_EX_cpd11416_c0	2.417641	0.031467	0.077008
MGYG000002507__gradient_L5_pectin_gapseq	2237	2777	1207	R_EX_cpd11416_c0	2.417641	0.031467	0.083272
MGYG000002507__gradient_L6_resistant_starch_gapseq	2237	2777	1207	R_EX_cpd11416_c0	3.122809	0.031467	0.077422
MGYG000002507__gradient_L7_bglucan_gapseq	2237	2777	1207	R_EX_cpd11416_c0	3.355030	0.031467	0.075103
MGYG000002507__gradient_L8_hmo_gapseq	2237	2777	1207	R_EX_cpd11416_c0	3.355030	0.031467	0.078164
MGYG000002507__gradient_L9_mos_gapseq	2237	2777	1207	R_EX_cpd11416_c0	3.505567	0.031467	0.076363
MGYG000002516__gradient_L0_base_gapseq	2073	2534	816	R_EX_cpd11416_c0	1.340662	0.033363	0.061625
MGYG000002516__gradient_L1_inulin_gapseq	2073	2534	816	R_EX_cpd11416_c0	1.621137	0.033363	0.060308
MGYG000002516__gradient_L2_fos_gapseq	2073	2534	816	R_EX_cpd11416_c0	1.621137	0.033363	0.073777
MGYG000002516__gradient_L3_gos_gapseq	2073	2534	816	R_EX_cpd11416_c0	1.914233	0.033363	0.066143
MGYG000002516__gradient_L4_xos_gapseq	2073	2534	816	R_EX_cpd11416_c0	1.975505	0.033363	0.069651
MGYG000002516__gradient_L5_pectin_gapseq	2073	2534	816	R_EX_cpd11416_c0	1.975505	0.033363	0.070763
MGYG000002516__gradient_L6_resistant_starch_gapseq	2073	2534	816	R_EX_cpd11416_c0	2.276100	0.033363	0.065784
MGYG000002516__gradient_L7_bglucan_gapseq	2073	2534	816	R_EX_cpd11416_c0	2.276100	0.033363	0.081636
MGYG000002516__gradient_L8_hmo_gapseq	2073	2534	816	R_EX_cpd11416_c0	2.276100	0.033363	0.071029
MGYG000002516__gradient_L9_mos_gapseq	2073	2534	816	R_EX_cpd11416_c0	2.276100	0.033363	0.071372
MGYG000002517__gradient_L0_base_gapseq	1501	1740	455	R_EX_cpd11416_c0	-0.000000	0.018554	0.012472
MGYG000002517__gradient_L1_inulin_gapseq	1501	1740	455	R_EX_cpd11416_c0	-0.000000	0.018554	0.016311
MGYG000002517__gradient_L2_fos_gapseq	1501	1740	455	R_EX_cpd11416_c0	-0.000000	0.018554	0.012668
MGYG000002517__gradient_L3_gos_gapseq	1501	1740	455	R_EX_cpd11416_c0	1.156083	0.018554	0.031702
MGYG000002517__gradient_L4_xos_gapseq	1501	1740	455	R_EX_cpd11416_c0	1.192671	0.018554	0.036638
MGYG000002517__gradient_L5_pectin_gapseq	1501	1740	455	R_EX_cpd11416_c0	1.228609	0.018554	0.037789
MGYG000002517__gradient_L6_resistant_starch_gapseq	1501	1740	455	R_EX_cpd11416_c0	1.769920	0.018554	0.031123
MGYG000002517__gradient_L7_bglucan_gapseq	1501	1740	455	R_EX_cpd11416_c0	1.951854	0.018554	0.036290
MGYG000002517__gradient_L8_hmo_gapseq	1501	1740	455	R_EX_cpd11416_c0	2.086620	0.018554	0.034643
MGYG000002517__gradient_L9_mos_gapseq	1501	1740	455	R_EX_cpd11416_c0	2.176464	0.018554	0.030741
MGYG000002526__gradient_L0_base_gapseq	1963	2464	941	R_EX_cpd11416_c0	1.359848	0.027619	0.063647
MGYG000002526__gradient_L1_inulin_gapseq	1963	2464	941	R_EX_cpd11416_c0	1.680667	0.027619	0.064921
MGYG000002526__gradient_L2_fos_gapseq	1963	2464	941	R_EX_cpd11416_c0	1.680667	0.027619	0.065165
MGYG000002526__gradient_L3_gos_gapseq	1963	2464	941	R_EX_cpd11416_c0	2.003073	0.027619	0.067352
MGYG000002526__gradient_L4_xos_gapseq	1963	2464	941	R_EX_cpd11416_c0	2.167198	0.027619	0.062961
MGYG000002526__gradient_L5_pectin_gapseq	1963	2464	941	R_EX_cpd11416_c0	2.218459	0.027619	0.068050
MGYG000002526__gradient_L6_resistant_starch_gapseq	1963	2464	941	R_EX_cpd11416_c0	2.864741	0.027619	0.071440
MGYG000002526__gradient_L7_bglucan_gapseq	1963	2464	941	R_EX_cpd11416_c0	3.079652	0.027619	0.065241
MGYG000002526__gradient_L8_hmo_gapseq	1963	2464	941	R_EX_cpd11416_c0	3.079652	0.027619	0.074394
MGYG000002526__gradient_L9_mos_gapseq	1963	2464	941	R_EX_cpd11416_c0	3.226512	0.027619	0.067845
MGYG000002530__gradient_L0_base_gapseq	1207	1352	311	R_EX_cpd11416_c0	-0.000000	0.014136	0.007710
MGYG000002530__gradient_L1_inulin_gapseq	1207	1352	311	R_EX_cpd11416_c0	0.584016	0.014136	0.019886
MGYG000002530__gradient_L2_fos_gapseq	1207	1352	311	R_EX_cpd11416_c0	0.584016	0.014136	0.020005
MGYG000002530__gradient_L3_gos_gapseq	1207	1352	311	R_EX_cpd11416_c0	0.927169	0.014136	0.019964
MGYG000002530__gradient_L4_xos_gapseq	1207	1352	311	R_EX_cpd11416_c0	0.927169	0.014136	0.023210
MGYG000002530__gradient_L5_pectin_gapseq	1207	1352	311	R_EX_cpd11416_c0	0.927169	0.014136	0.022145
MGYG000002530__gradient_L6_resistant_starch_gapseq	1207	1352	311	R_EX_cpd11416_c0	1.625347	0.014136	0.025778
MGYG000002530__gradient_L7_bglucan_gapseq	1207	1352	311	R_EX_cpd11416_c0	1.869464	0.014136	0.020440
MGYG000002530__gradient_L8_hmo_gapseq	1207	1352	311	R_EX_cpd11416_c0	1.869464	0.014136	0.031436
MGYG000002530__gradient_L9_mos_gapseq	1207	1352	311	R_EX_cpd11416_c0	2.002998	0.014136	0.023484
MGYG000002532__gradient_L0_base_gapseq	1886	2279	824	R_EX_cpd11416_c0	1.246489	0.028125	0.054724
MGYG000002532__gradient_L1_inulin_gapseq	1886	2279	824	R_EX_cpd11416_c0	1.387270	0.028125	0.069295
MGYG000002532__gradient_L2_fos_gapseq	1886	2279	824	R_EX_cpd11416_c0	1.387270	0.028125	0.052566
MGYG000002532__gradient_L3_gos_gapseq	1886	2279	824	R_EX_cpd11416_c0	1.671031	0.028125	0.050089
MGYG000002532__gradient_L4_xos_gapseq	1886	2279	824	R_EX_cpd11416_c0	1.833593	0.028125	0.058615
MGYG000002532__gradient_L5_pectin_gapseq	1886	2279	824	R_EX_cpd11416_c0	1.833593	0.028125	0.052145
MGYG000002532__gradient_L6_resistant_starch_gapseq	1886	2279	824	R_EX_cpd11416_c0	2.417086	0.028125	0.056732
MGYG000002532__gradient_L7_bglucan_gapseq	1886	2279	824	R_EX_cpd11416_c0	2.599399	0.028125	0.057030
MGYG000002532__gradient_L8_hmo_gapseq	1886	2279	824	R_EX_cpd11416_c0	2.599399	0.028125	0.062321
MGYG000002532__gradient_L9_mos_gapseq	1886	2279	824	R_EX_cpd11416_c0	2.694390	0.028125	0.056696
MGYG000002535__gradient_L0_base_gapseq	2354	2900	1305	R_EX_cpd11416_c0	1.856593	0.033354	0.093902
MGYG000002535__gradient_L1_inulin_gapseq	2354	2900	1305	R_EX_cpd11416_c0	2.188791	0.033354	0.081476
MGYG000002535__gradient_L2_fos_gapseq	2354	2900	1305	R_EX_cpd11416_c0	2.188791	0.033354	0.082894
MGYG000002535__gradient_L3_gos_gapseq	2354	2900	1305	R_EX_cpd11416_c0	2.538196	0.033354	0.078803
MGYG000002535__gradient_L4_xos_gapseq	2354	2900	1305	R_EX_cpd11416_c0	2.716706	0.033354	0.074985
MGYG000002535__gradient_L5_pectin_gapseq	2354	2900	1305	R_EX_cpd11416_c0	2.769850	0.033354	0.076401
MGYG000002535__gradient_L6_resistant_starch_gapseq	2354	2900	1305	R_EX_cpd11416_c0	3.477206	0.033354	0.077059
MGYG000002535__gradient_L7_bglucan_gapseq	2354	2900	1305	R_EX_cpd11416_c0	3.709005	0.033354	0.075943
MGYG000002535__gradient_L8_hmo_gapseq	2354	2900	1305	R_EX_cpd11416_c0	3.709005	0.033354	0.088637
MGYG000002535__gradient_L9_mos_gapseq	2354	2900	1305	R_EX_cpd11416_c0	3.859507	0.033354	0.077022
MGYG000002542__gradient_L0_base_gapseq	1525	1823	496	R_EX_cpd11416_c0	0.471106	0.021940	0.038514
MGYG000002542__gradient_L1_inulin_gapseq	1525	1823	496	R_EX_cpd11416_c0	0.640708	0.021940	0.038905
MGYG000002542__gradient_L2_fos_gapseq	1525	1823	496	R_EX_cpd11416_c0	0.640708	0.021940	0.032706
MGYG000002542__gradient_L3_gos_gapseq	1525	1823	496	R_EX_cpd11416_c0	0.803243	0.021940	0.038206
MGYG000002542__gradient_L4_xos_gapseq	1525	1823	496	R_EX_cpd11416_c0	0.904667	0.021940	0.032921
MGYG000002542__gradient_L5_pectin_gapseq	1525	1823	496	R_EX_cpd11416_c0	0.904667	0.021940	0.032885
MGYG000002542__gradient_L6_resistant_starch_gapseq	1525	1823	496	R_EX_cpd11416_c0	1.238737	0.021940	0.033037
MGYG000002542__gradient_L7_bglucan_gapseq	1525	1823	496	R_EX_cpd11416_c0	1.238737	0.021940	0.032490
MGYG000002542__gradient_L8_hmo_gapseq	1525	1823	496	R_EX_cpd11416_c0	1.238737	0.021940	0.032174
MGYG000002542__gradient_L9_mos_gapseq	1525	1823	496	R_EX_cpd11416_c0	1.306267	0.021940	0.031443
MGYG000002544__gradient_L0_base_gapseq	1424	1507	424	R_EX_cpd11416_c0	-0.000000	0.021912	0.009944
MGYG000002544__gradient_L1_inulin_gapseq	1424	1507	424	R_EX_cpd11416_c0	0.644501	0.021912	0.029501
MGYG000002544__gradient_L2_fos_gapseq	1424	1507	424	R_EX_cpd11416_c0	0.644501	0.021912	0.024397
MGYG000002544__gradient_L3_gos_gapseq	1424	1507	424	R_EX_cpd11416_c0	0.777098	0.021912	0.029838
MGYG000002544__gradient_L4_xos_gapseq	1424	1507	424	R_EX_cpd11416_c0	0.777098	0.021912	0.024525
MGYG000002544__gradient_L5_pectin_gapseq	1424	1507	424	R_EX_cpd11416_c0	0.777098	0.021912	0.029390
MGYG000002544__gradient_L6_resistant_starch_gapseq	1424	1507	424	R_EX_cpd11416_c0	0.919604	0.021912	0.024598
MGYG000002544__gradient_L7_bglucan_gapseq	1424	1507	424	R_EX_cpd11416_c0	0.919604	0.021912	0.031401
MGYG000002544__gradient_L8_hmo_gapseq	1424	1507	424	R_EX_cpd11416_c0	0.919604	0.021912	0.029736
MGYG000002544__gradient_L9_mos_gapseq	1424	1507	424	R_EX_cpd11416_c0	0.919604	0.021912	0.025491
MGYG000002558__gradient_L0_base_gapseq	1461	1636	380	R_EX_cpd11416_c0	0.297075	0.018215	0.030764
MGYG000002558__gradient_L1_inulin_gapseq	1461	1636	380	R_EX_cpd11416_c0	0.391798	0.018215	0.026451
MGYG000002558__gradient_L2_fos_gapseq	1461	1636	380	R_EX_cpd11416_c0	0.391798	0.018215	0.026670
MGYG000002558__gradient_L3_gos_gapseq	1461	1636	380	R_EX_cpd11416_c0	0.462841	0.018215	0.027782
MGYG000002558__gradient_L4_xos_gapseq	1461	1636	380	R_EX_cpd11416_c0	0.552363	0.018215	0.032893
MGYG000002558__gradient_L5_pectin_gapseq	1461	1636	380	R_EX_cpd11416_c0	0.584318	0.018215	0.039789
MGYG000002558__gradient_L6_resistant_starch_gapseq	1461	1636	380	R_EX_cpd11416_c0	0.842244	0.018215	0.031408
MGYG000002558__gradient_L7_bglucan_gapseq	1461	1636	380	R_EX_cpd11416_c0	0.999739	0.018215	0.033146
MGYG000002558__gradient_L8_hmo_gapseq	1461	1636	380	R_EX_cpd11416_c0	0.999739	0.018215	0.032106
MGYG000002558__gradient_L9_mos_gapseq	1461	1636	380	R_EX_cpd11416_c0	1.100170	0.018215	0.028395
MGYG000002581__gradient_L0_base_gapseq	892	847	130	R_EX_cpd11416_c0	-0.000000	0.009025	0.007701
MGYG000002581__gradient_L1_inulin_gapseq	892	847	130	R_EX_cpd11416_c0	-0.000000	0.009025	0.006449
MGYG000002581__gradient_L2_fos_gapseq	892	847	130	R_EX_cpd11416_c0	-0.000000	0.009025	0.004627
MGYG000002581__gradient_L3_gos_gapseq	892	847	130	R_EX_cpd11416_c0	-0.000000	0.009025	0.004314
MGYG000002581__gradient_L4_xos_gapseq	892	847	130	R_EX_cpd11416_c0	-0.000000	0.009025	0.004489
MGYG000002581__gradient_L5_pectin_gapseq	892	847	130	R_EX_cpd11416_c0	-0.000000	0.009025	0.004378
MGYG000002581__gradient_L6_resistant_starch_gapseq	892	847	130	R_EX_cpd11416_c0	-0.000000	0.009025	0.004219
MGYG000002581__gradient_L7_bglucan_gapseq	892	847	130	R_EX_cpd11416_c0	-0.000000	0.009025	0.005901
MGYG000002581__gradient_L8_hmo_gapseq	892	847	130	R_EX_cpd11416_c0	-0.000000	0.009025	0.007364
MGYG000002581__gradient_L9_mos_gapseq	892	847	130	R_EX_cpd11416_c0	-0.000000	0.009025	0.004332
MGYG000002584__gradient_L0_base_gapseq	1313	1466	384	R_EX_cpd11416_c0	0.366686	0.015313	0.027781
MGYG000002584__gradient_L1_inulin_gapseq	1313	1466	384	R_EX_cpd11416_c0	0.455582	0.015313	0.024909
MGYG000002584__gradient_L2_fos_gapseq	1313	1466	384	R_EX_cpd11416_c0	0.455582	0.015313	0.024004
MGYG000002584__gradient_L3_gos_gapseq	1313	1466	384	R_EX_cpd11416_c0	0.516004	0.015313	0.029923
MGYG000002584__gradient_L4_xos_gapseq	1313	1466	384	R_EX_cpd11416_c0	0.626621	0.015313	0.024997
MGYG000002584__gradient_L5_pectin_gapseq	1313	1466	384	R_EX_cpd11416_c0	0.626621	0.015313	0.024555
MGYG000002584__gradient_L6_resistant_starch_gapseq	1313	1466	384	R_EX_cpd11416_c0	0.859106	0.015313	0.025431
MGYG000002584__gradient_L7_bglucan_gapseq	1313	1466	384	R_EX_cpd11416_c0	0.859106	0.015313	0.025126
MGYG000002584__gradient_L8_hmo_gapseq	1313	1466	384	R_EX_cpd11416_c0	0.859106	0.015313	0.025018
MGYG000002584__gradient_L9_mos_gapseq	1313	1466	384	R_EX_cpd11416_c0	0.946969	0.015313	0.024199
MGYG000002591__gradient_L0_base_gapseq	1274	1327	308	R_EX_cpd11416_c0	0.197888	0.014951	0.021760
MGYG000002591__gradient_L1_inulin_gapseq	1274	1327	308	R_EX_cpd11416_c0	0.267756	0.014951	0.023634
MGYG000002591__gradient_L2_fos_gapseq	1274	1327	308	R_EX_cpd11416_c0	0.267756	0.014951	0.029143
MGYG000002591__gradient_L3_gos_gapseq	1274	1327	308	R_EX_cpd11416_c0	0.267756	0.014951	0.020932
MGYG000002591__gradient_L4_xos_gapseq	1274	1327	308	R_EX_cpd11416_c0	0.267756	0.014951	0.025862
MGYG000002591__gradient_L5_pectin_gapseq	1274	1327	308	R_EX_cpd11416_c0	0.267756	0.014951	0.021374
MGYG000002591__gradient_L6_resistant_starch_gapseq	1274	1327	308	R_EX_cpd11416_c0	0.267756	0.014951	0.020821
MGYG000002591__gradient_L7_bglucan_gapseq	1274	1327	308	R_EX_cpd11416_c0	0.267756	0.014951	0.026215
MGYG000002591__gradient_L8_hmo_gapseq	1274	1327	308	R_EX_cpd11416_c0	0.267756	0.014951	0.024159
MGYG000002591__gradient_L9_mos_gapseq	1274	1327	308	R_EX_cpd11416_c0	0.267756	0.014951	0.024278
MGYG000002623__gradient_L0_base_gapseq	1425	1649	388	R_EX_cpd11416_c0	0.489129	0.022547	0.034000
MGYG000002623__gradient_L1_inulin_gapseq	1425	1649	388	R_EX_cpd11416_c0	0.656303	0.022547	0.037511
MGYG000002623__gradient_L2_fos_gapseq	1425	1649	388	R_EX_cpd11416_c0	0.656303	0.022547	0.033186
MGYG000002623__gradient_L3_gos_gapseq	1425	1649	388	R_EX_cpd11416_c0	0.942511	0.022547	0.029792
MGYG000002623__gradient_L4_xos_gapseq	1425	1649	388	R_EX_cpd11416_c0	1.001071	0.022547	0.043713
MGYG000002623__gradient_L5_pectin_gapseq	1425	1649	388	R_EX_cpd11416_c0	1.001071	0.022547	0.033842
MGYG000002623__gradient_L6_resistant_starch_gapseq	1425	1649	388	R_EX_cpd11416_c0	1.530243	0.022547	0.032555
MGYG000002623__gradient_L7_bglucan_gapseq	1425	1649	388	R_EX_cpd11416_c0	1.530243	0.022547	0.035594
MGYG000002623__gradient_L8_hmo_gapseq	1425	1649	388	R_EX_cpd11416_c0	1.530243	0.022547	0.035269
MGYG000002623__gradient_L9_mos_gapseq	1425	1649	388	R_EX_cpd11416_c0	1.530243	0.022547	0.035954
MGYG000002634__gradient_L0_base_gapseq	1527	1822	543	R_EX_cpd11416_c0	1.048831	0.019071	0.031536
MGYG000002634__gradient_L1_inulin_gapseq	1527	1822	543	R_EX_cpd11416_c0	1.270613	0.019071	0.041807
MGYG000002634__gradient_L2_fos_gapseq	1527	1822	543	R_EX_cpd11416_c0	1.270613	0.019071	0.038030
MGYG000002634__gradient_L3_gos_gapseq	1527	1822	543	R_EX_cpd11416_c0	1.464672	0.019071	0.039831
MGYG000002634__gradient_L4_xos_gapseq	1527	1822	543	R_EX_cpd11416_c0	1.464672	0.019071	0.037978
MGYG000002634__gradient_L5_pectin_gapseq	1527	1822	543	R_EX_cpd11416_c0	1.464672	0.019071	0.033705
MGYG000002634__gradient_L6_resistant_starch_gapseq	1527	1822	543	R_EX_cpd11416_c0	1.938267	0.019071	0.053167
MGYG000002634__gradient_L7_bglucan_gapseq	1527	1822	543	R_EX_cpd11416_c0	1.938267	0.019071	0.039012
MGYG000002634__gradient_L8_hmo_gapseq	1527	1822	543	R_EX_cpd11416_c0	1.938267	0.019071	0.046017
MGYG000002634__gradient_L9_mos_gapseq	1527	1822	543	R_EX_cpd11416_c0	2.049158	0.019071	0.040421
MGYG000002648__gradient_L0_base_gapseq	1106	1189	226	R_EX_cpd11416_c0	0.208479	0.012756	0.016918
MGYG000002648__gradient_L1_inulin_gapseq	1106	1189	226	R_EX_cpd11416_c0	0.317255	0.012756	0.020103
MGYG000002648__gradient_L2_fos_gapseq	1106	1189	226	R_EX_cpd11416_c0	0.317255	0.012756	0.017486
MGYG000002648__gradient_L3_gos_gapseq	1106	1189	226	R_EX_cpd11416_c0	0.317255	0.012756	0.020597
MGYG000002648__gradient_L4_xos_gapseq	1106	1189	226	R_EX_cpd11416_c0	0.317255	0.012756	0.018244
MGYG000002648__gradient_L5_pectin_gapseq	1106	1189	226	R_EX_cpd11416_c0	0.317255	0.012756	0.029014
MGYG000002648__gradient_L6_resistant_starch_gapseq	1106	1189	226	R_EX_cpd11416_c0	0.781822	0.012756	0.017294
MGYG000002648__gradient_L7_bglucan_gapseq	1106	1189	226	R_EX_cpd11416_c0	0.781822	0.012756	0.018999
MGYG000002648__gradient_L8_hmo_gapseq	1106	1189	226	R_EX_cpd11416_c0	0.781822	0.012756	0.022721
MGYG000002648__gradient_L9_mos_gapseq	1106	1189	226	R_EX_cpd11416_c0	0.781822	0.012756	0.017424
MGYG000002653__gradient_L0_base_gapseq	1354	1565	399	R_EX_cpd11416_c0	0.408517	0.016490	0.032547
MGYG000002653__gradient_L1_inulin_gapseq	1354	1565	399	R_EX_cpd11416_c0	0.520145	0.016490	0.029461
MGYG000002653__gradient_L2_fos_gapseq	1354	1565	399	R_EX_cpd11416_c0	0.520145	0.016490	0.037433
MGYG000002653__gradient_L3_gos_gapseq	1354	1565	399	R_EX_cpd11416_c0	0.743178	0.016490	0.032188
MGYG000002653__gradient_L4_xos_gapseq	1354	1565	399	R_EX_cpd11416_c0	0.804920	0.016490	0.031156
MGYG000002653__gradient_L5_pectin_gapseq	1354	1565	399	R_EX_cpd11416_c0	0.804920	0.016490	0.032368
MGYG000002653__gradient_L6_resistant_starch_gapseq	1354	1565	399	R_EX_cpd11416_c0	1.264553	0.016490	0.031726
MGYG000002653__gradient_L7_bglucan_gapseq	1354	1565	399	R_EX_cpd11416_c0	1.422337	0.016490	0.033065
MGYG000002653__gradient_L8_hmo_gapseq	1354	1565	399	R_EX_cpd11416_c0	1.422337	0.016490	0.027817
MGYG000002653__gradient_L9_mos_gapseq	1354	1565	399	R_EX_cpd11416_c0	1.522953	0.016490	0.028831
MGYG000002664__gradient_L0_base_gapseq	1127	1176	220	R_EX_cpd11416_c0	0.300638	0.012860	0.021896
MGYG000002664__gradient_L1_inulin_gapseq	1127	1176	220	R_EX_cpd11416_c0	0.300638	0.012860	0.017636
MGYG000002664__gradient_L2_fos_gapseq	1127	1176	220	R_EX_cpd11416_c0	0.300638	0.012860	0.021196
MGYG000002664__gradient_L3_gos_gapseq	1127	1176	220	R_EX_cpd11416_c0	0.300638	0.012860	0.017753
MGYG000002664__gradient_L4_xos_gapseq	1127	1176	220	R_EX_cpd11416_c0	0.300638	0.012860	0.022570
MGYG000002664__gradient_L5_pectin_gapseq	1127	1176	220	R_EX_cpd11416_c0	0.300638	0.012860	0.022733
MGYG000002664__gradient_L6_resistant_starch_gapseq	1127	1176	220	R_EX_cpd11416_c0	0.409373	0.012860	0.023463
MGYG000002664__gradient_L7_bglucan_gapseq	1127	1176	220	R_EX_cpd11416_c0	0.409373	0.012860	0.018156
MGYG000002664__gradient_L8_hmo_gapseq	1127	1176	220	R_EX_cpd11416_c0	0.409373	0.012860	0.022153
MGYG000002664__gradient_L9_mos_gapseq	1127	1176	220	R_EX_cpd11416_c0	0.491978	0.012860	0.023558
MGYG000002689__gradient_L0_base_gapseq	986	995	216	R_EX_cpd11416_c0	-0.000000	0.011036	0.005706
MGYG000002689__gradient_L1_inulin_gapseq	986	995	216	R_EX_cpd11416_c0	-0.000000	0.011036	0.005795
MGYG000002689__gradient_L2_fos_gapseq	986	995	216	R_EX_cpd11416_c0	-0.000000	0.011036	0.005570
MGYG000002689__gradient_L3_gos_gapseq	986	995	216	R_EX_cpd11416_c0	-0.000000	0.011036	0.005627
MGYG000002689__gradient_L4_xos_gapseq	986	995	216	R_EX_cpd11416_c0	-0.000000	0.011036	0.006569
MGYG000002689__gradient_L5_pectin_gapseq	986	995	216	R_EX_cpd11416_c0	-0.000000	0.011036	0.010745
MGYG000002689__gradient_L6_resistant_starch_gapseq	986	995	216	R_EX_cpd11416_c0	-0.000000	0.011036	0.005834
MGYG000002689__gradient_L7_bglucan_gapseq	986	995	216	R_EX_cpd11416_c0	-0.000000	0.011036	0.005771
MGYG000002689__gradient_L8_hmo_gapseq	986	995	216	R_EX_cpd11416_c0	-0.000000	0.011036	0.005816
MGYG000002689__gradient_L9_mos_gapseq	986	995	216	R_EX_cpd11416_c0	-0.000000	0.011036	0.005617
MGYG000002715__gradient_L0_base_gapseq	1167	1248	278	R_EX_cpd11416_c0	-0.000000	0.014027	0.006420
MGYG000002715__gradient_L1_inulin_gapseq	1167	1248	278	R_EX_cpd11416_c0	-0.000000	0.014027	0.006847
MGYG000002715__gradient_L2_fos_gapseq	1167	1248	278	R_EX_cpd11416_c0	-0.000000	0.014027	0.007044
MGYG000002715__gradient_L3_gos_gapseq	1167	1248	278	R_EX_cpd11416_c0	-0.000000	0.014027	0.009576
MGYG000002715__gradient_L4_xos_gapseq	1167	1248	278	R_EX_cpd11416_c0	-0.000000	0.014027	0.012254
MGYG000002715__gradient_L5_pectin_gapseq	1167	1248	278	R_EX_cpd11416_c0	-0.000000	0.014027	0.007775
MGYG000002715__gradient_L6_resistant_starch_gapseq	1167	1248	278	R_EX_cpd11416_c0	-0.000000	0.014027	0.007710
MGYG000002715__gradient_L7_bglucan_gapseq	1167	1248	278	R_EX_cpd11416_c0	-0.000000	0.014027	0.007499
MGYG000002715__gradient_L8_hmo_gapseq	1167	1248	278	R_EX_cpd11416_c0	-0.000000	0.014027	0.010049
MGYG000002715__gradient_L9_mos_gapseq	1167	1248	278	R_EX_cpd11416_c0	-0.000000	0.014027	0.010200
MGYG000002722__gradient_L0_base_gapseq	1216	1324	273	R_EX_cpd11416_c0	0.464415	0.014166	0.020698
MGYG000002722__gradient_L1_inulin_gapseq	1216	1324	273	R_EX_cpd11416_c0	0.464415	0.014166	0.024937
MGYG000002722__gradient_L2_fos_gapseq	1216	1324	273	R_EX_cpd11416_c0	0.464415	0.014166	0.021064
MGYG000002722__gradient_L3_gos_gapseq	1216	1324	273	R_EX_cpd11416_c0	0.464415	0.014166	0.027388
MGYG000002722__gradient_L4_xos_gapseq	1216	1324	273	R_EX_cpd11416_c0	0.464415	0.014166	0.032105
MGYG000002722__gradient_L5_pectin_gapseq	1216	1324	273	R_EX_cpd11416_c0	0.490132	0.014166	0.021375
MGYG000002722__gradient_L6_resistant_starch_gapseq	1216	1324	273	R_EX_cpd11416_c0	0.716176	0.014166	0.022137
MGYG000002722__gradient_L7_bglucan_gapseq	1216	1324	273	R_EX_cpd11416_c0	0.716176	0.014166	0.026410
MGYG000002722__gradient_L8_hmo_gapseq	1216	1324	273	R_EX_cpd11416_c0	0.716176	0.014166	0.027257
MGYG000002722__gradient_L9_mos_gapseq	1216	1324	273	R_EX_cpd11416_c0	0.716176	0.014166	0.022416
MGYG000002723__gradient_L0_base_gapseq	1065	1117	245	R_EX_cpd11416_c0	-0.000000	0.012472	0.006494
MGYG000002723__gradient_L1_inulin_gapseq	1065	1117	245	R_EX_cpd11416_c0	-0.000000	0.012472	0.006171
MGYG000002723__gradient_L2_fos_gapseq	1065	1117	245	R_EX_cpd11416_c0	-0.000000	0.012472	0.006438
MGYG000002723__gradient_L3_gos_gapseq	1065	1117	245	R_EX_cpd11416_c0	-0.000000	0.012472	0.012154
MGYG000002723__gradient_L4_xos_gapseq	1065	1117	245	R_EX_cpd11416_c0	-0.000000	0.012472	0.008947
MGYG000002723__gradient_L5_pectin_gapseq	1065	1117	245	R_EX_cpd11416_c0	-0.000000	0.012472	0.010921
MGYG000002723__gradient_L6_resistant_starch_gapseq	1065	1117	245	R_EX_cpd11416_c0	0.409868	0.012472	0.014642
MGYG000002723__gradient_L7_bglucan_gapseq	1065	1117	245	R_EX_cpd11416_c0	0.612626	0.012472	0.017879
MGYG000002723__gradient_L8_hmo_gapseq	1065	1117	245	R_EX_cpd11416_c0	0.612626	0.012472	0.021109
MGYG000002723__gradient_L9_mos_gapseq	1065	1117	245	R_EX_cpd11416_c0	0.717276	0.012472	0.020678
MGYG000002734__gradient_L0_base_gapseq	1121	1257	281	R_EX_cpd11416_c0	0.792373	0.013639	0.018355
MGYG000002734__gradient_L1_inulin_gapseq	1121	1257	281	R_EX_cpd11416_c0	1.079074	0.013639	0.023527
MGYG000002734__gradient_L2_fos_gapseq	1121	1257	281	R_EX_cpd11416_c0	1.079074	0.013639	0.017587
MGYG000002734__gradient_L3_gos_gapseq	1121	1257	281	R_EX_cpd11416_c0	1.341200	0.013639	0.021998
MGYG000002734__gradient_L4_xos_gapseq	1121	1257	281	R_EX_cpd11416_c0	1.341200	0.013639	0.018653
MGYG000002734__gradient_L5_pectin_gapseq	1121	1257	281	R_EX_cpd11416_c0	1.341200	0.013639	0.022764
MGYG000002734__gradient_L6_resistant_starch_gapseq	1121	1257	281	R_EX_cpd11416_c0	1.946274	0.013639	0.028607
MGYG000002734__gradient_L7_bglucan_gapseq	1121	1257	281	R_EX_cpd11416_c0	1.946274	0.013639	0.019008
MGYG000002734__gradient_L8_hmo_gapseq	1121	1257	281	R_EX_cpd11416_c0	1.946274	0.013639	0.024081
MGYG000002734__gradient_L9_mos_gapseq	1121	1257	281	R_EX_cpd11416_c0	1.946274	0.013639	0.021225
MGYG000002741__gradient_L0_base_gapseq	1030	1155	300	R_EX_cpd11416_c0	0.807249	0.012256	0.017787
MGYG000002741__gradient_L1_inulin_gapseq	1030	1155	300	R_EX_cpd11416_c0	1.094648	0.012256	0.022359
MGYG000002741__gradient_L2_fos_gapseq	1030	1155	300	R_EX_cpd11416_c0	1.094648	0.012256	0.016712
MGYG000002741__gradient_L3_gos_gapseq	1030	1155	300	R_EX_cpd11416_c0	1.305244	0.012256	0.022831
MGYG000002741__gradient_L4_xos_gapseq	1030	1155	300	R_EX_cpd11416_c0	1.305244	0.012256	0.017237
MGYG000002741__gradient_L5_pectin_gapseq	1030	1155	300	R_EX_cpd11416_c0	1.305244	0.012256	0.022756
MGYG000002741__gradient_L6_resistant_starch_gapseq	1030	1155	300	R_EX_cpd11416_c0	1.912899	0.012256	0.021199
MGYG000002741__gradient_L7_bglucan_gapseq	1030	1155	300	R_EX_cpd11416_c0	1.912899	0.012256	0.024404
MGYG000002741__gradient_L8_hmo_gapseq	1030	1155	300	R_EX_cpd11416_c0	1.912899	0.012256	0.017858
MGYG000002741__gradient_L9_mos_gapseq	1030	1155	300	R_EX_cpd11416_c0	2.053296	0.012256	0.018492
MGYG000002747__gradient_L0_base_gapseq	1135	1274	307	R_EX_cpd11416_c0	0.720031	0.013333	0.026888
MGYG000002747__gradient_L1_inulin_gapseq	1135	1274	307	R_EX_cpd11416_c0	1.013599	0.013333	0.019837
MGYG000002747__gradient_L2_fos_gapseq	1135	1274	307	R_EX_cpd11416_c0	1.013599	0.013333	0.025006
MGYG000002747__gradient_L3_gos_gapseq	1135	1274	307	R_EX_cpd11416_c0	1.303830	0.013333	0.019409
MGYG000002747__gradient_L4_xos_gapseq	1135	1274	307	R_EX_cpd11416_c0	1.303830	0.013333	0.023960
MGYG000002747__gradient_L5_pectin_gapseq	1135	1274	307	R_EX_cpd11416_c0	1.303830	0.013333	0.019213
MGYG000002747__gradient_L6_resistant_starch_gapseq	1135	1274	307	R_EX_cpd11416_c0	1.912875	0.013333	0.019993
MGYG000002747__gradient_L7_bglucan_gapseq	1135	1274	307	R_EX_cpd11416_c0	1.912875	0.013333	0.019995
MGYG000002747__gradient_L8_hmo_gapseq	1135	1274	307	R_EX_cpd11416_c0	1.912875	0.013333	0.025126
MGYG000002747__gradient_L9_mos_gapseq	1135	1274	307	R_EX_cpd11416_c0	2.053593	0.013333	0.019448
MGYG000002748__gradient_L0_base_gapseq	1165	1233	296	R_EX_cpd11416_c0	0.179641	0.013499	0.016365
MGYG000002748__gradient_L1_inulin_gapseq	1165	1233	296	R_EX_cpd11416_c0	0.299408	0.013499	0.022929
MGYG000002748__gradient_L2_fos_gapseq	1165	1233	296	R_EX_cpd11416_c0	0.299408	0.013499	0.016992
MGYG000002748__gradient_L3_gos_gapseq	1165	1233	296	R_EX_cpd11416_c0	0.444510	0.013499	0.022969
MGYG000002748__gradient_L4_xos_gapseq	1165	1233	296	R_EX_cpd11416_c0	0.444510	0.013499	0.017396
MGYG000002748__gradient_L5_pectin_gapseq	1165	1233	296	R_EX_cpd11416_c0	0.444510	0.013499	0.023204
MGYG000002748__gradient_L6_resistant_starch_gapseq	1165	1233	296	R_EX_cpd11416_c0	0.755444	0.013499	0.017349
MGYG000002748__gradient_L7_bglucan_gapseq	1165	1233	296	R_EX_cpd11416_c0	0.755444	0.013499	0.022512
MGYG000002748__gradient_L8_hmo_gapseq	1165	1233	296	R_EX_cpd11416_c0	0.755444	0.013499	0.017296
MGYG000002748__gradient_L9_mos_gapseq	1165	1233	296	R_EX_cpd11416_c0	0.764656	0.013499	0.022795
MGYG000002754__gradient_L0_base_gapseq	1159	1290	315	R_EX_cpd11416_c0	0.727385	0.016869	0.020521
MGYG000002754__gradient_L1_inulin_gapseq	1159	1290	315	R_EX_cpd11416_c0	1.017023	0.016869	0.018292
MGYG000002754__gradient_L2_fos_gapseq	1159	1290	315	R_EX_cpd11416_c0	1.017023	0.016869	0.017701
MGYG000002754__gradient_L3_gos_gapseq	1159	1290	315	R_EX_cpd11416_c0	1.328491	0.016869	0.024767
MGYG000002754__gradient_L4_xos_gapseq	1159	1290	315	R_EX_cpd11416_c0	1.328491	0.016869	0.023867
MGYG000002754__gradient_L5_pectin_gapseq	1159	1290	315	R_EX_cpd11416_c0	1.328491	0.016869	0.019290
MGYG000002754__gradient_L6_resistant_starch_gapseq	1159	1290	315	R_EX_cpd11416_c0	1.944897	0.016869	0.028303
MGYG000002754__gradient_L7_bglucan_gapseq	1159	1290	315	R_EX_cpd11416_c0	1.944897	0.016869	0.019343
MGYG000002754__gradient_L8_hmo_gapseq	1159	1290	315	R_EX_cpd11416_c0	1.944897	0.016869	0.023889
MGYG000002754__gradient_L9_mos_gapseq	1159	1290	315	R_EX_cpd11416_c0	2.087316	0.016869	0.018964
MGYG000002755__gradient_L0_base_gapseq	1145	1247	305	R_EX_cpd11416_c0	0.748612	0.014070	0.021577
MGYG000002755__gradient_L1_inulin_gapseq	1145	1247	305	R_EX_cpd11416_c0	1.033802	0.014070	0.017469
MGYG000002755__gradient_L2_fos_gapseq	1145	1247	305	R_EX_cpd11416_c0	1.033802	0.014070	0.022926
MGYG000002755__gradient_L3_gos_gapseq	1145	1247	305	R_EX_cpd11416_c0	1.327903	0.014070	0.018026
MGYG000002755__gradient_L4_xos_gapseq	1145	1247	305	R_EX_cpd11416_c0	1.327903	0.014070	0.022061
MGYG000002755__gradient_L5_pectin_gapseq	1145	1247	305	R_EX_cpd11416_c0	1.327903	0.014070	0.023419
MGYG000002755__gradient_L6_resistant_starch_gapseq	1145	1247	305	R_EX_cpd11416_c0	1.677706	0.014070	0.018201
MGYG000002755__gradient_L7_bglucan_gapseq	1145	1247	305	R_EX_cpd11416_c0	1.677706	0.014070	0.018974
MGYG000002755__gradient_L8_hmo_gapseq	1145	1247	305	R_EX_cpd11416_c0	1.677706	0.014070	0.022218
MGYG000002755__gradient_L9_mos_gapseq	1145	1247	305	R_EX_cpd11416_c0	1.820301	0.014070	0.018244
MGYG000002770__gradient_L0_base_gapseq	1333	1495	373	R_EX_cpd11416_c0	0.694822	0.015791	0.024420
MGYG000002770__gradient_L1_inulin_gapseq	1333	1495	373	R_EX_cpd11416_c0	0.917168	0.015791	0.023465
MGYG000002770__gradient_L2_fos_gapseq	1333	1495	373	R_EX_cpd11416_c0	0.917168	0.015791	0.035934
MGYG000002770__gradient_L3_gos_gapseq	1333	1495	373	R_EX_cpd11416_c0	1.127601	0.015791	0.029044
MGYG000002770__gradient_L4_xos_gapseq	1333	1495	373	R_EX_cpd11416_c0	1.127601	0.015791	0.027735
MGYG000002770__gradient_L5_pectin_gapseq	1333	1495	373	R_EX_cpd11416_c0	1.127601	0.015791	0.024452
MGYG000002770__gradient_L6_resistant_starch_gapseq	1333	1495	373	R_EX_cpd11416_c0	1.585344	0.015791	0.029622
MGYG000002770__gradient_L7_bglucan_gapseq	1333	1495	373	R_EX_cpd11416_c0	1.739414	0.015791	0.029927
MGYG000002770__gradient_L8_hmo_gapseq	1333	1495	373	R_EX_cpd11416_c0	1.739414	0.015791	0.025178
MGYG000002770__gradient_L9_mos_gapseq	1333	1495	373	R_EX_cpd11416_c0	1.846593	0.015791	0.029444
MGYG000002782__gradient_L0_base_gapseq	1229	1321	319	R_EX_cpd11416_c0	0.558912	0.014419	0.020774
MGYG000002782__gradient_L1_inulin_gapseq	1229	1321	319	R_EX_cpd11416_c0	0.774234	0.014419	0.025918
MGYG000002782__gradient_L2_fos_gapseq	1229	1321	319	R_EX_cpd11416_c0	0.774234	0.014419	0.025976
MGYG000002782__gradient_L3_gos_gapseq	1229	1321	319	R_EX_cpd11416_c0	0.774234	0.014419	0.025324
MGYG000002782__gradient_L4_xos_gapseq	1229	1321	319	R_EX_cpd11416_c0	0.774234	0.014419	0.020423
MGYG000002782__gradient_L5_pectin_gapseq	1229	1321	319	R_EX_cpd11416_c0	0.774234	0.014419	0.025567
MGYG000002782__gradient_L6_resistant_starch_gapseq	1229	1321	319	R_EX_cpd11416_c0	1.237110	0.014419	0.019450
MGYG000002782__gradient_L7_bglucan_gapseq	1229	1321	319	R_EX_cpd11416_c0	1.237110	0.014419	0.020091
MGYG000002782__gradient_L8_hmo_gapseq	1229	1321	319	R_EX_cpd11416_c0	1.237110	0.014419	0.023395
MGYG000002782__gradient_L9_mos_gapseq	1229	1321	319	R_EX_cpd11416_c0	1.344105	0.014419	0.019913
MGYG000002783__gradient_L0_base_gapseq	1192	1294	272	R_EX_cpd11416_c0	-0.000000	0.019575	0.008620
MGYG000002783__gradient_L1_inulin_gapseq	1192	1294	272	R_EX_cpd11416_c0	-0.000000	0.019575	0.014033
MGYG000002783__gradient_L2_fos_gapseq	1192	1294	272	R_EX_cpd11416_c0	-0.000000	0.019575	0.008833
MGYG000002783__gradient_L3_gos_gapseq	1192	1294	272	R_EX_cpd11416_c0	0.131110	0.019575	0.024423
MGYG000002783__gradient_L4_xos_gapseq	1192	1294	272	R_EX_cpd11416_c0	0.131110	0.019575	0.020546
MGYG000002783__gradient_L5_pectin_gapseq	1192	1294	272	R_EX_cpd11416_c0	0.131110	0.019575	0.025539
MGYG000002783__gradient_L6_resistant_starch_gapseq	1192	1294	272	R_EX_cpd11416_c0	0.131110	0.019575	0.023041
MGYG000002783__gradient_L7_bglucan_gapseq	1192	1294	272	R_EX_cpd11416_c0	0.131110	0.019575	0.023003
MGYG000002783__gradient_L8_hmo_gapseq	1192	1294	272	R_EX_cpd11416_c0	0.131110	0.019575	0.020011
MGYG000002783__gradient_L9_mos_gapseq	1192	1294	272	R_EX_cpd11416_c0	0.131110	0.019575	0.020055
MGYG000002798__gradient_L0_base_gapseq	922	863	108	R_EX_cpd11416_c0	-0.000000	0.009438	0.003664
MGYG000002798__gradient_L1_inulin_gapseq	922	863	108	R_EX_cpd11416_c0	-0.000000	0.009438	0.004253
MGYG000002798__gradient_L2_fos_gapseq	922	863	108	R_EX_cpd11416_c0	-0.000000	0.009438	0.004268
MGYG000002798__gradient_L3_gos_gapseq	922	863	108	R_EX_cpd11416_c0	-0.000000	0.009438	0.004315
MGYG000002798__gradient_L4_xos_gapseq	922	863	108	R_EX_cpd11416_c0	-0.000000	0.009438	0.005770
MGYG000002798__gradient_L5_pectin_gapseq	922	863	108	R_EX_cpd11416_c0	-0.000000	0.009438	0.009486
MGYG000002798__gradient_L6_resistant_starch_gapseq	922	863	108	R_EX_cpd11416_c0	-0.000000	0.009438	0.009329
MGYG000002798__gradient_L7_bglucan_gapseq	922	863	108	R_EX_cpd11416_c0	-0.000000	0.009438	0.004580
MGYG000002798__gradient_L8_hmo_gapseq	922	863	108	R_EX_cpd11416_c0	-0.000000	0.009438	0.004528
MGYG000002798__gradient_L9_mos_gapseq	922	863	108	R_EX_cpd11416_c0	-0.000000	0.009438	0.004416
MGYG000002803__gradient_L0_base_gapseq	1131	1199	211	R_EX_cpd11416_c0	-0.000000	0.012632	0.007176
MGYG000002803__gradient_L1_inulin_gapseq	1131	1199	211	R_EX_cpd11416_c0	-0.000000	0.012632	0.012367
MGYG000002803__gradient_L2_fos_gapseq	1131	1199	211	R_EX_cpd11416_c0	-0.000000	0.012632	0.007574
MGYG000002803__gradient_L3_gos_gapseq	1131	1199	211	R_EX_cpd11416_c0	-0.000000	0.012632	0.007853
MGYG000002803__gradient_L4_xos_gapseq	1131	1199	211	R_EX_cpd11416_c0	-0.000000	0.012632	0.011351
MGYG000002803__gradient_L5_pectin_gapseq	1131	1199	211	R_EX_cpd11416_c0	-0.000000	0.012632	0.008415
MGYG000002803__gradient_L6_resistant_starch_gapseq	1131	1199	211	R_EX_cpd11416_c0	-0.000000	0.012632	0.007155
MGYG000002803__gradient_L7_bglucan_gapseq	1131	1199	211	R_EX_cpd11416_c0	-0.000000	0.012632	0.006921
MGYG000002803__gradient_L8_hmo_gapseq	1131	1199	211	R_EX_cpd11416_c0	-0.000000	0.012632	0.007189
MGYG000002803__gradient_L9_mos_gapseq	1131	1199	211	R_EX_cpd11416_c0	-0.000000	0.012632	0.014693
MGYG000002831__gradient_L0_base_gapseq	1035	1119	193	R_EX_cpd11416_c0	-0.000000	0.011613	0.006563
MGYG000002831__gradient_L1_inulin_gapseq	1035	1119	193	R_EX_cpd11416_c0	0.541660	0.011613	0.016749
MGYG000002831__gradient_L2_fos_gapseq	1035	1119	193	R_EX_cpd11416_c0	0.541660	0.011613	0.021150
MGYG000002831__gradient_L3_gos_gapseq	1035	1119	193	R_EX_cpd11416_c0	0.904975	0.011613	0.016878
MGYG000002831__gradient_L4_xos_gapseq	1035	1119	193	R_EX_cpd11416_c0	0.904975	0.011613	0.022569
MGYG000002831__gradient_L5_pectin_gapseq	1035	1119	193	R_EX_cpd11416_c0	0.904975	0.011613	0.016896
MGYG000002831__gradient_L6_resistant_starch_gapseq	1035	1119	193	R_EX_cpd11416_c0	0.994383	0.011613	0.020724
MGYG000002831__gradient_L7_bglucan_gapseq	1035	1119	193	R_EX_cpd11416_c0	0.994383	0.011613	0.016803
MGYG000002831__gradient_L8_hmo_gapseq	1035	1119	193	R_EX_cpd11416_c0	0.994383	0.011613	0.020300
MGYG000002831__gradient_L9_mos_gapseq	1035	1119	193	R_EX_cpd11416_c0	0.994383	0.011613	0.016731
MGYG000002840__gradient_L0_base_gapseq	1189	1321	395	R_EX_cpd11416_c0	0.336622	0.019360	0.019183
MGYG000002840__gradient_L1_inulin_gapseq	1189	1321	395	R_EX_cpd11416_c0	0.336622	0.019360	0.029300
MGYG000002840__gradient_L2_fos_gapseq	1189	1321	395	R_EX_cpd11416_c0	0.336622	0.019360	0.026526
MGYG000002840__gradient_L3_gos_gapseq	1189	1321	395	R_EX_cpd11416_c0	0.336622	0.019360	0.022903
MGYG000002840__gradient_L4_xos_gapseq	1189	1321	395	R_EX_cpd11416_c0	0.336622	0.019360	0.019613
MGYG000002840__gradient_L5_pectin_gapseq	1189	1321	395	R_EX_cpd11416_c0	0.336622	0.019360	0.024819
MGYG000002840__gradient_L6_resistant_starch_gapseq	1189	1321	395	R_EX_cpd11416_c0	0.336622	0.019360	0.019588
MGYG000002840__gradient_L7_bglucan_gapseq	1189	1321	395	R_EX_cpd11416_c0	0.336622	0.019360	0.024846
MGYG000002840__gradient_L8_hmo_gapseq	1189	1321	395	R_EX_cpd11416_c0	0.336622	0.019360	0.020437
MGYG000002840__gradient_L9_mos_gapseq	1189	1321	395	R_EX_cpd11416_c0	0.336622	0.019360	0.027582
MGYG000002848__gradient_L0_base_gapseq	1064	1212	264	R_EX_cpd11416_c0	-0.000000	0.012771	0.007604
MGYG000002848__gradient_L1_inulin_gapseq	1064	1212	264	R_EX_cpd11416_c0	0.292657	0.012771	0.024860
MGYG000002848__gradient_L2_fos_gapseq	1064	1212	264	R_EX_cpd11416_c0	0.292657	0.012771	0.019355
MGYG000002848__gradient_L3_gos_gapseq	1064	1212	264	R_EX_cpd11416_c0	0.369308	0.012771	0.024689
MGYG000002848__gradient_L4_xos_gapseq	1064	1212	264	R_EX_cpd11416_c0	0.439718	0.012771	0.024483
MGYG000002848__gradient_L5_pectin_gapseq	1064	1212	264	R_EX_cpd11416_c0	0.439718	0.012771	0.023938
MGYG000002848__gradient_L6_resistant_starch_gapseq	1064	1212	264	R_EX_cpd11416_c0	0.886539	0.012771	0.019400
MGYG000002848__gradient_L7_bglucan_gapseq	1064	1212	264	R_EX_cpd11416_c0	1.048130	0.012771	0.025019
MGYG000002848__gradient_L8_hmo_gapseq	1064	1212	264	R_EX_cpd11416_c0	1.048130	0.012771	0.018832
MGYG000002848__gradient_L9_mos_gapseq	1064	1212	264	R_EX_cpd11416_c0	1.121684	0.012771	0.023843
MGYG000002852__gradient_L0_base_gapseq	1137	1284	312	R_EX_cpd11416_c0	-0.000000	0.013997	0.007813
MGYG000002852__gradient_L1_inulin_gapseq	1137	1284	312	R_EX_cpd11416_c0	-0.000000	0.013997	0.007577
MGYG000002852__gradient_L2_fos_gapseq	1137	1284	312	R_EX_cpd11416_c0	-0.000000	0.013997	0.007713
MGYG000002852__gradient_L3_gos_gapseq	1137	1284	312	R_EX_cpd11416_c0	-0.000000	0.013997	0.007715
MGYG000002852__gradient_L4_xos_gapseq	1137	1284	312	R_EX_cpd11416_c0	-0.000000	0.013997	0.007712
MGYG000002852__gradient_L5_pectin_gapseq	1137	1284	312	R_EX_cpd11416_c0	-0.000000	0.013997	0.009423
MGYG000002852__gradient_L6_resistant_starch_gapseq	1137	1284	312	R_EX_cpd11416_c0	-0.000000	0.013997	0.012418
MGYG000002852__gradient_L7_bglucan_gapseq	1137	1284	312	R_EX_cpd11416_c0	-0.000000	0.013997	0.007839
MGYG000002852__gradient_L8_hmo_gapseq	1137	1284	312	R_EX_cpd11416_c0	-0.000000	0.013997	0.007767
MGYG000002852__gradient_L9_mos_gapseq	1137	1284	312	R_EX_cpd11416_c0	-0.000000	0.013997	0.007957
MGYG000002858__gradient_L0_base_gapseq	1183	1290	329	R_EX_cpd11416_c0	0.704454	0.018342	0.025400
MGYG000002858__gradient_L1_inulin_gapseq	1183	1290	329	R_EX_cpd11416_c0	0.992541	0.018342	0.018530
MGYG000002858__gradient_L2_fos_gapseq	1183	1290	329	R_EX_cpd11416_c0	0.992541	0.018342	0.024625
MGYG000002858__gradient_L3_gos_gapseq	1183	1290	329	R_EX_cpd11416_c0	1.284381	0.018342	0.022567
MGYG000002858__gradient_L4_xos_gapseq	1183	1290	329	R_EX_cpd11416_c0	1.284381	0.018342	0.025494
MGYG000002858__gradient_L5_pectin_gapseq	1183	1290	329	R_EX_cpd11416_c0	1.284381	0.018342	0.019927
MGYG000002858__gradient_L6_resistant_starch_gapseq	1183	1290	329	R_EX_cpd11416_c0	1.896732	0.018342	0.024453
MGYG000002858__gradient_L7_bglucan_gapseq	1183	1290	329	R_EX_cpd11416_c0	2.102323	0.018342	0.020148
MGYG000002858__gradient_L8_hmo_gapseq	1183	1290	329	R_EX_cpd11416_c0	2.102323	0.018342	0.020311
MGYG000002858__gradient_L9_mos_gapseq	1183	1290	329	R_EX_cpd11416_c0	2.243805	0.018342	0.020360
MGYG000002870__gradient_L0_base_gapseq	727	665	80	R_EX_cpd11416_c0	-0.000000	0.007397	0.002819
MGYG000002870__gradient_L1_inulin_gapseq	727	665	80	R_EX_cpd11416_c0	-0.000000	0.007397	0.003053
MGYG000002870__gradient_L2_fos_gapseq	727	665	80	R_EX_cpd11416_c0	-0.000000	0.007397	0.002888
MGYG000002870__gradient_L3_gos_gapseq	727	665	80	R_EX_cpd11416_c0	-0.000000	0.007397	0.002788
MGYG000002870__gradient_L4_xos_gapseq	727	665	80	R_EX_cpd11416_c0	-0.000000	0.007397	0.002872
MGYG000002870__gradient_L5_pectin_gapseq	727	665	80	R_EX_cpd11416_c0	-0.000000	0.007397	0.002768
MGYG000002870__gradient_L6_resistant_starch_gapseq	727	665	80	R_EX_cpd11416_c0	-0.000000	0.007397	0.002759
MGYG000002870__gradient_L7_bglucan_gapseq	727	665	80	R_EX_cpd11416_c0	-0.000000	0.007397	0.005941
MGYG000002870__gradient_L8_hmo_gapseq	727	665	80	R_EX_cpd11416_c0	-0.000000	0.007397	0.005444
MGYG000002870__gradient_L9_mos_gapseq	727	665	80	R_EX_cpd11416_c0	-0.000000	0.007397	0.003047
MGYG000002875__gradient_L0_base_gapseq	1142	1251	274	R_EX_cpd11416_c0	-0.000000	0.013823	0.007393
MGYG000002875__gradient_L1_inulin_gapseq	1142	1251	274	R_EX_cpd11416_c0	-0.000000	0.013823	0.011780
MGYG000002875__gradient_L2_fos_gapseq	1142	1251	274	R_EX_cpd11416_c0	-0.000000	0.013823	0.007188
MGYG000002875__gradient_L3_gos_gapseq	1142	1251	274	R_EX_cpd11416_c0	-0.000000	0.013823	0.012885
MGYG000002875__gradient_L4_xos_gapseq	1142	1251	274	R_EX_cpd11416_c0	0.368772	0.013823	0.021643
MGYG000002875__gradient_L5_pectin_gapseq	1142	1251	274	R_EX_cpd11416_c0	0.368772	0.013823	0.017555
MGYG000002875__gradient_L6_resistant_starch_gapseq	1142	1251	274	R_EX_cpd11416_c0	0.627566	0.013823	0.021392
MGYG000002875__gradient_L7_bglucan_gapseq	1142	1251	274	R_EX_cpd11416_c0	0.627566	0.013823	0.017056
MGYG000002875__gradient_L8_hmo_gapseq	1142	1251	274	R_EX_cpd11416_c0	0.627566	0.013823	0.022413
MGYG000002875__gradient_L9_mos_gapseq	1142	1251	274	R_EX_cpd11416_c0	0.731084	0.013823	0.017442
MGYG000002883__gradient_L0_base_gapseq	1126	1183	211	R_EX_cpd11416_c0	-0.000000	0.013402	0.007863
MGYG000002883__gradient_L1_inulin_gapseq	1126	1183	211	R_EX_cpd11416_c0	0.048074	0.013402	0.020579
MGYG000002883__gradient_L2_fos_gapseq	1126	1183	211	R_EX_cpd11416_c0	0.048074	0.013402	0.021213
MGYG000002883__gradient_L3_gos_gapseq	1126	1183	211	R_EX_cpd11416_c0	0.048074	0.013402	0.023444
MGYG000002883__gradient_L4_xos_gapseq	1126	1183	211	R_EX_cpd11416_c0	0.048074	0.013402	0.018769
MGYG000002883__gradient_L5_pectin_gapseq	1126	1183	211	R_EX_cpd11416_c0	0.048074	0.013402	0.028591
MGYG000002883__gradient_L6_resistant_starch_gapseq	1126	1183	211	R_EX_cpd11416_c0	0.048074	0.013402	0.022087
MGYG000002883__gradient_L7_bglucan_gapseq	1126	1183	211	R_EX_cpd11416_c0	0.048074	0.013402	0.018256
MGYG000002883__gradient_L8_hmo_gapseq	1126	1183	211	R_EX_cpd11416_c0	0.048074	0.013402	0.023540
MGYG000002883__gradient_L9_mos_gapseq	1126	1183	211	R_EX_cpd11416_c0	0.048074	0.013402	0.018197
MGYG000002884__gradient_L0_base_gapseq	1214	1310	238	R_EX_cpd11416_c0	-0.000000	0.014850	0.007585
MGYG000002884__gradient_L1_inulin_gapseq	1214	1310	238	R_EX_cpd11416_c0	-0.000000	0.014850	0.007479
MGYG000002884__gradient_L2_fos_gapseq	1214	1310	238	R_EX_cpd11416_c0	-0.000000	0.014850	0.007649
MGYG000002884__gradient_L3_gos_gapseq	1214	1310	238	R_EX_cpd11416_c0	0.911872	0.014850	0.021997
MGYG000002884__gradient_L4_xos_gapseq	1214	1310	238	R_EX_cpd11416_c0	0.911872	0.014850	0.033943
MGYG000002884__gradient_L5_pectin_gapseq	1214	1310	238	R_EX_cpd11416_c0	0.911872	0.014850	0.026035
MGYG000002884__gradient_L6_resistant_starch_gapseq	1214	1310	238	R_EX_cpd11416_c0	1.045615	0.014850	0.021803
MGYG000002884__gradient_L7_bglucan_gapseq	1214	1310	238	R_EX_cpd11416_c0	1.045615	0.014850	0.021441
MGYG000002884__gradient_L8_hmo_gapseq	1214	1310	238	R_EX_cpd11416_c0	1.045615	0.014850	0.025762
MGYG000002884__gradient_L9_mos_gapseq	1214	1310	238	R_EX_cpd11416_c0	1.179357	0.014850	0.027353
MGYG000002888__gradient_L0_base_gapseq	1695	1969	450	R_EX_cpd11416_c0	0.864969	0.020893	0.043591
MGYG000002888__gradient_L1_inulin_gapseq	1695	1969	450	R_EX_cpd11416_c0	1.068891	0.020893	0.042891
MGYG000002888__gradient_L2_fos_gapseq	1695	1969	450	R_EX_cpd11416_c0	1.068891	0.020893	0.043645
MGYG000002888__gradient_L3_gos_gapseq	1695	1969	450	R_EX_cpd11416_c0	1.265029	0.020893	0.041547
MGYG000002888__gradient_L4_xos_gapseq	1695	1969	450	R_EX_cpd11416_c0	1.320290	0.020893	0.044913
MGYG000002888__gradient_L5_pectin_gapseq	1695	1969	450	R_EX_cpd11416_c0	1.320290	0.020893	0.046103
MGYG000002888__gradient_L6_resistant_starch_gapseq	1695	1969	450	R_EX_cpd11416_c0	1.597374	0.020893	0.044778
MGYG000002888__gradient_L7_bglucan_gapseq	1695	1969	450	R_EX_cpd11416_c0	1.597374	0.020893	0.049104
MGYG000002888__gradient_L8_hmo_gapseq	1695	1969	450	R_EX_cpd11416_c0	1.597374	0.020893	0.044501
MGYG000002888__gradient_L9_mos_gapseq	1695	1969	450	R_EX_cpd11416_c0	1.696999	0.020893	0.043795
MGYG000002898__gradient_L0_base_gapseq	1534	1873	551	R_EX_cpd11416_c0	1.018539	0.024626	0.038427
MGYG000002898__gradient_L1_inulin_gapseq	1534	1873	551	R_EX_cpd11416_c0	1.249153	0.024626	0.034824
MGYG000002898__gradient_L2_fos_gapseq	1534	1873	551	R_EX_cpd11416_c0	1.249153	0.024626	0.040310
MGYG000002898__gradient_L3_gos_gapseq	1534	1873	551	R_EX_cpd11416_c0	1.450941	0.024626	0.040572
MGYG000002898__gradient_L4_xos_gapseq	1534	1873	551	R_EX_cpd11416_c0	1.494181	0.024626	0.043401
MGYG000002898__gradient_L5_pectin_gapseq	1534	1873	551	R_EX_cpd11416_c0	1.494181	0.024626	0.042539
MGYG000002898__gradient_L6_resistant_starch_gapseq	1534	1873	551	R_EX_cpd11416_c0	1.993847	0.024626	0.040502
MGYG000002898__gradient_L7_bglucan_gapseq	1534	1873	551	R_EX_cpd11416_c0	1.993847	0.024626	0.040453
MGYG000002898__gradient_L8_hmo_gapseq	1534	1873	551	R_EX_cpd11416_c0	1.993847	0.024626	0.040791
MGYG000002898__gradient_L9_mos_gapseq	1534	1873	551	R_EX_cpd11416_c0	2.109154	0.024626	0.041227
MGYG000002903__gradient_L0_base_gapseq	1219	1223	232	R_EX_cpd11416_c0	0.036743	0.013282	0.029170
MGYG000002903__gradient_L1_inulin_gapseq	1219	1223	232	R_EX_cpd11416_c0	0.122565	0.013282	0.024309
MGYG000002903__gradient_L2_fos_gapseq	1219	1223	232	R_EX_cpd11416_c0	0.122565	0.013282	0.018786
MGYG000002903__gradient_L3_gos_gapseq	1219	1223	232	R_EX_cpd11416_c0	0.122565	0.013282	0.025473
MGYG000002903__gradient_L4_xos_gapseq	1219	1223	232	R_EX_cpd11416_c0	0.122565	0.013282	0.019000
MGYG000002903__gradient_L5_pectin_gapseq	1219	1223	232	R_EX_cpd11416_c0	0.122565	0.013282	0.024756
MGYG000002903__gradient_L6_resistant_starch_gapseq	1219	1223	232	R_EX_cpd11416_c0	0.204282	0.013282	0.023652
MGYG000002903__gradient_L7_bglucan_gapseq	1219	1223	232	R_EX_cpd11416_c0	0.204282	0.013282	0.023782
MGYG000002903__gradient_L8_hmo_gapseq	1219	1223	232	R_EX_cpd11416_c0	0.204282	0.013282	0.020242
MGYG000002903__gradient_L9_mos_gapseq	1219	1223	232	R_EX_cpd11416_c0	0.204282	0.013282	0.024502
MGYG000002918__gradient_L0_base_gapseq	1135	1279	311	R_EX_cpd11416_c0	0.730744	0.013350	0.019351
MGYG000002918__gradient_L1_inulin_gapseq	1135	1279	311	R_EX_cpd11416_c0	1.024688	0.013350	0.024743
MGYG000002918__gradient_L2_fos_gapseq	1135	1279	311	R_EX_cpd11416_c0	1.024688	0.013350	0.023225
MGYG000002918__gradient_L3_gos_gapseq	1135	1279	311	R_EX_cpd11416_c0	1.318094	0.013350	0.019177
MGYG000002918__gradient_L4_xos_gapseq	1135	1279	311	R_EX_cpd11416_c0	1.318094	0.013350	0.020532
MGYG000002918__gradient_L5_pectin_gapseq	1135	1279	311	R_EX_cpd11416_c0	1.318094	0.013350	0.022767
MGYG000002918__gradient_L6_resistant_starch_gapseq	1135	1279	311	R_EX_cpd11416_c0	1.933802	0.013350	0.024094
MGYG000002918__gradient_L7_bglucan_gapseq	1135	1279	311	R_EX_cpd11416_c0	1.933802	0.013350	0.019068
MGYG000002918__gradient_L8_hmo_gapseq	1135	1279	311	R_EX_cpd11416_c0	1.933802	0.013350	0.025373
MGYG000002918__gradient_L9_mos_gapseq	1135	1279	311	R_EX_cpd11416_c0	2.076060	0.013350	0.019661
MGYG000002926__gradient_L0_base_gapseq	1048	1146	261	R_EX_cpd11416_c0	-0.000000	0.012440	0.006741
MGYG000002926__gradient_L1_inulin_gapseq	1048	1146	261	R_EX_cpd11416_c0	-0.000000	0.012440	0.006984
MGYG000002926__gradient_L2_fos_gapseq	1048	1146	261	R_EX_cpd11416_c0	-0.000000	0.012440	0.010095
MGYG000002926__gradient_L3_gos_gapseq	1048	1146	261	R_EX_cpd11416_c0	-0.000000	0.012440	0.009857
MGYG000002926__gradient_L4_xos_gapseq	1048	1146	261	R_EX_cpd11416_c0	-0.000000	0.012440	0.013817
MGYG000002926__gradient_L5_pectin_gapseq	1048	1146	261	R_EX_cpd11416_c0	-0.000000	0.012440	0.007159
MGYG000002926__gradient_L6_resistant_starch_gapseq	1048	1146	261	R_EX_cpd11416_c0	-0.000000	0.012440	0.007091
MGYG000002926__gradient_L7_bglucan_gapseq	1048	1146	261	R_EX_cpd11416_c0	-0.000000	0.012440	0.007354
MGYG000002926__gradient_L8_hmo_gapseq	1048	1146	261	R_EX_cpd11416_c0	-0.000000	0.012440	0.006999
MGYG000002926__gradient_L9_mos_gapseq	1048	1146	261	R_EX_cpd11416_c0	-0.000000	0.012440	0.010217
MGYG000002959__gradient_L0_base_gapseq	1102	1212	273	R_EX_cpd11416_c0	0.347649	0.017861	0.020195
MGYG000002959__gradient_L1_inulin_gapseq	1102	1212	273	R_EX_cpd11416_c0	0.499900	0.017861	0.026163
MGYG000002959__gradient_L2_fos_gapseq	1102	1212	273	R_EX_cpd11416_c0	0.499900	0.017861	0.022565
MGYG000002959__gradient_L3_gos_gapseq	1102	1212	273	R_EX_cpd11416_c0	0.499900	0.017861	0.024312
MGYG000002959__gradient_L4_xos_gapseq	1102	1212	273	R_EX_cpd11416_c0	0.499900	0.017861	0.024264
MGYG000002959__gradient_L5_pectin_gapseq	1102	1212	273	R_EX_cpd11416_c0	0.499900	0.017861	0.027150
MGYG000002959__gradient_L6_resistant_starch_gapseq	1102	1212	273	R_EX_cpd11416_c0	0.499900	0.017861	0.023969
MGYG000002959__gradient_L7_bglucan_gapseq	1102	1212	273	R_EX_cpd11416_c0	0.499900	0.017861	0.023736
MGYG000002959__gradient_L8_hmo_gapseq	1102	1212	273	R_EX_cpd11416_c0	0.499900	0.017861	0.022451
MGYG000002959__gradient_L9_mos_gapseq	1102	1212	273	R_EX_cpd11416_c0	0.499900	0.017861	0.029114
MGYG000002969__gradient_L0_base_gapseq	1338	1407	338	R_EX_cpd11416_c0	0.074951	0.015568	0.023222
MGYG000002969__gradient_L1_inulin_gapseq	1338	1407	338	R_EX_cpd11416_c0	0.159657	0.015568	0.026765
MGYG000002969__gradient_L2_fos_gapseq	1338	1407	338	R_EX_cpd11416_c0	0.159657	0.015568	0.033066
MGYG000002969__gradient_L3_gos_gapseq	1338	1407	338	R_EX_cpd11416_c0	0.159657	0.015568	0.026329
MGYG000002969__gradient_L4_xos_gapseq	1338	1407	338	R_EX_cpd11416_c0	0.159657	0.015568	0.021838
MGYG000002969__gradient_L5_pectin_gapseq	1338	1407	338	R_EX_cpd11416_c0	0.159657	0.015568	0.027228
MGYG000002969__gradient_L6_resistant_starch_gapseq	1338	1407	338	R_EX_cpd11416_c0	0.491464	0.015568	0.022665
MGYG000002969__gradient_L7_bglucan_gapseq	1338	1407	338	R_EX_cpd11416_c0	0.491464	0.015568	0.034715
MGYG000002969__gradient_L8_hmo_gapseq	1338	1407	338	R_EX_cpd11416_c0	0.491464	0.015568	0.029848
MGYG000002969__gradient_L9_mos_gapseq	1338	1407	338	R_EX_cpd11416_c0	0.491464	0.015568	0.021732
MGYG000002986__gradient_L0_base_gapseq	1269	1406	315	R_EX_cpd11416_c0	0.792384	0.015159	0.022930
MGYG000002986__gradient_L1_inulin_gapseq	1269	1406	315	R_EX_cpd11416_c0	0.950205	0.015159	0.029116
MGYG000002986__gradient_L2_fos_gapseq	1269	1406	315	R_EX_cpd11416_c0	0.950205	0.015159	0.029640
MGYG000002986__gradient_L3_gos_gapseq	1269	1406	315	R_EX_cpd11416_c0	0.950205	0.015159	0.024015
MGYG000002986__gradient_L4_xos_gapseq	1269	1406	315	R_EX_cpd11416_c0	0.969933	0.015159	0.028620
MGYG000002986__gradient_L5_pectin_gapseq	1269	1406	315	R_EX_cpd11416_c0	0.969933	0.015159	0.024418
MGYG000002986__gradient_L6_resistant_starch_gapseq	1269	1406	315	R_EX_cpd11416_c0	1.047526	0.015159	0.028231
MGYG000002986__gradient_L7_bglucan_gapseq	1269	1406	315	R_EX_cpd11416_c0	1.047526	0.015159	0.027890
MGYG000002986__gradient_L8_hmo_gapseq	1269	1406	315	R_EX_cpd11416_c0	1.047526	0.015159	0.022411
MGYG000002986__gradient_L9_mos_gapseq	1269	1406	315	R_EX_cpd11416_c0	1.124527	0.015159	0.032591
MGYG000003012__gradient_L0_base_gapseq	1406	1610	464	R_EX_cpd11416_c0	-0.000000	0.020347	0.010678
MGYG000003012__gradient_L1_inulin_gapseq	1406	1610	464	R_EX_cpd11416_c0	-0.000000	0.020347	0.011125
MGYG000003012__gradient_L2_fos_gapseq	1406	1610	464	R_EX_cpd11416_c0	-0.000000	0.020347	0.015538
MGYG000003012__gradient_L3_gos_gapseq	1406	1610	464	R_EX_cpd11416_c0	-0.000000	0.020347	0.010678
MGYG000003012__gradient_L4_xos_gapseq	1406	1610	464	R_EX_cpd11416_c0	-0.000000	0.020347	0.010825
MGYG000003012__gradient_L5_pectin_gapseq	1406	1610	464	R_EX_cpd11416_c0	-0.000000	0.020347	0.014995
MGYG000003012__gradient_L6_resistant_starch_gapseq	1406	1610	464	R_EX_cpd11416_c0	-0.000000	0.020347	0.011776
MGYG000003012__gradient_L7_bglucan_gapseq	1406	1610	464	R_EX_cpd11416_c0	-0.000000	0.020347	0.011182
MGYG000003012__gradient_L8_hmo_gapseq	1406	1610	464	R_EX_cpd11416_c0	-0.000000	0.020347	0.013637
MGYG000003012__gradient_L9_mos_gapseq	1406	1610	464	R_EX_cpd11416_c0	-0.000000	0.020347	0.012575
MGYG000003022__gradient_L0_base_gapseq	1193	1277	356	R_EX_cpd11416_c0	0.240813	0.014438	0.024782
MGYG000003022__gradient_L1_inulin_gapseq	1193	1277	356	R_EX_cpd11416_c0	0.344729	0.014438	0.027062
MGYG000003022__gradient_L2_fos_gapseq	1193	1277	356	R_EX_cpd11416_c0	0.344729	0.014438	0.019939
MGYG000003022__gradient_L3_gos_gapseq	1193	1277	356	R_EX_cpd11416_c0	0.344729	0.014438	0.026405
MGYG000003022__gradient_L4_xos_gapseq	1193	1277	356	R_EX_cpd11416_c0	0.344729	0.014438	0.020422
MGYG000003022__gradient_L5_pectin_gapseq	1193	1277	356	R_EX_cpd11416_c0	0.344729	0.014438	0.026034
MGYG000003022__gradient_L6_resistant_starch_gapseq	1193	1277	356	R_EX_cpd11416_c0	0.344729	0.014438	0.025991
MGYG000003022__gradient_L7_bglucan_gapseq	1193	1277	356	R_EX_cpd11416_c0	0.344729	0.014438	0.026301
MGYG000003022__gradient_L8_hmo_gapseq	1193	1277	356	R_EX_cpd11416_c0	0.344729	0.014438	0.025146
MGYG000003022__gradient_L9_mos_gapseq	1193	1277	356	R_EX_cpd11416_c0	0.344729	0.014438	0.020370
MGYG000003046__gradient_L0_base_gapseq	1162	1315	310	R_EX_cpd11416_c0	0.754411	0.014256	0.019844
MGYG000003046__gradient_L1_inulin_gapseq	1162	1315	310	R_EX_cpd11416_c0	1.046019	0.014256	0.025613
MGYG000003046__gradient_L2_fos_gapseq	1162	1315	310	R_EX_cpd11416_c0	1.046019	0.014256	0.019329
MGYG000003046__gradient_L3_gos_gapseq	1162	1315	310	R_EX_cpd11416_c0	1.337933	0.014256	0.019866
MGYG000003046__gradient_L4_xos_gapseq	1162	1315	310	R_EX_cpd11416_c0	1.399855	0.014256	0.019604
MGYG000003046__gradient_L5_pectin_gapseq	1162	1315	310	R_EX_cpd11416_c0	1.399855	0.014256	0.019325
MGYG000003046__gradient_L6_resistant_starch_gapseq	1162	1315	310	R_EX_cpd11416_c0	2.012434	0.014256	0.024778
MGYG000003046__gradient_L7_bglucan_gapseq	1162	1315	310	R_EX_cpd11416_c0	2.012434	0.014256	0.025745
MGYG000003046__gradient_L8_hmo_gapseq	1162	1315	310	R_EX_cpd11416_c0	2.012434	0.014256	0.019917
MGYG000003046__gradient_L9_mos_gapseq	1162	1315	310	R_EX_cpd11416_c0	2.153968	0.014256	0.025656
MGYG000003058__gradient_L0_base_gapseq	935	915	157	R_EX_cpd11416_c0	-0.000000	0.010610	0.004420
MGYG000003058__gradient_L1_inulin_gapseq	935	915	157	R_EX_cpd11416_c0	-0.000000	0.010610	0.005085
MGYG000003058__gradient_L2_fos_gapseq	935	915	157	R_EX_cpd11416_c0	-0.000000	0.010610	0.005014
MGYG000003058__gradient_L3_gos_gapseq	935	915	157	R_EX_cpd11416_c0	-0.000000	0.010610	0.004681
MGYG000003058__gradient_L4_xos_gapseq	935	915	157	R_EX_cpd11416_c0	-0.000000	0.010610	0.004738
MGYG000003058__gradient_L5_pectin_gapseq	935	915	157	R_EX_cpd11416_c0	-0.000000	0.010610	0.004693
MGYG000003058__gradient_L6_resistant_starch_gapseq	935	915	157	R_EX_cpd11416_c0	-0.000000	0.010610	0.004727
MGYG000003058__gradient_L7_bglucan_gapseq	935	915	157	R_EX_cpd11416_c0	-0.000000	0.010610	0.004795
MGYG000003058__gradient_L8_hmo_gapseq	935	915	157	R_EX_cpd11416_c0	-0.000000	0.010610	0.004639
MGYG000003058__gradient_L9_mos_gapseq	935	915	157	R_EX_cpd11416_c0	-0.000000	0.010610	0.006278
MGYG000003065__gradient_L0_base_gapseq	1400	1642	448	R_EX_cpd11416_c0	0.744028	0.022377	0.026961
MGYG000003065__gradient_L1_inulin_gapseq	1400	1642	448	R_EX_cpd11416_c0	0.970065	0.022377	0.026879
MGYG000003065__gradient_L2_fos_gapseq	1400	1642	448	R_EX_cpd11416_c0	0.970065	0.022377	0.033042
MGYG000003065__gradient_L3_gos_gapseq	1400	1642	448	R_EX_cpd11416_c0	1.185420	0.022377	0.028433
MGYG000003065__gradient_L4_xos_gapseq	1400	1642	448	R_EX_cpd11416_c0	1.220082	0.022377	0.037840
MGYG000003065__gradient_L5_pectin_gapseq	1400	1642	448	R_EX_cpd11416_c0	1.220082	0.022377	0.033931
MGYG000003065__gradient_L6_resistant_starch_gapseq	1400	1642	448	R_EX_cpd11416_c0	1.693792	0.022377	0.032096
MGYG000003065__gradient_L7_bglucan_gapseq	1400	1642	448	R_EX_cpd11416_c0	1.853235	0.022377	0.028131
MGYG000003065__gradient_L8_hmo_gapseq	1400	1642	448	R_EX_cpd11416_c0	1.968774	0.022377	0.038405
MGYG000003065__gradient_L9_mos_gapseq	1400	1642	448	R_EX_cpd11416_c0	1.968774	0.022377	0.030487
MGYG000003125__gradient_L0_base_gapseq	1622	1897	469	R_EX_cpd11416_c0	0.496449	0.020911	0.049077
MGYG000003125__gradient_L1_inulin_gapseq	1622	1897	469	R_EX_cpd11416_c0	0.780347	0.020911	0.040868
MGYG000003125__gradient_L2_fos_gapseq	1622	1897	469	R_EX_cpd11416_c0	0.780347	0.020911	0.042080
MGYG000003125__gradient_L3_gos_gapseq	1622	1897	469	R_EX_cpd11416_c0	0.878620	0.020911	0.040150
MGYG000003125__gradient_L4_xos_gapseq	1622	1897	469	R_EX_cpd11416_c0	0.955054	0.020911	0.041653
MGYG000003125__gradient_L5_pectin_gapseq	1622	1897	469	R_EX_cpd11416_c0	0.955054	0.020911	0.042573
MGYG000003125__gradient_L6_resistant_starch_gapseq	1622	1897	469	R_EX_cpd11416_c0	1.488206	0.020911	0.041523
MGYG000003125__gradient_L7_bglucan_gapseq	1622	1897	469	R_EX_cpd11416_c0	1.488206	0.020911	0.042170
MGYG000003125__gradient_L8_hmo_gapseq	1622	1897	469	R_EX_cpd11416_c0	1.488206	0.020911	0.042313
MGYG000003125__gradient_L9_mos_gapseq	1622	1897	469	R_EX_cpd11416_c0	1.597365	0.020911	0.038211
MGYG000003135__gradient_L0_base_gapseq	1414	1636	373	R_EX_cpd11416_c0	-0.000000	0.017356	0.016556
MGYG000003135__gradient_L1_inulin_gapseq	1414	1636	373	R_EX_cpd11416_c0	-0.000000	0.017356	0.018377
MGYG000003135__gradient_L2_fos_gapseq	1414	1636	373	R_EX_cpd11416_c0	-0.000000	0.017356	0.011990
MGYG000003135__gradient_L3_gos_gapseq	1414	1636	373	R_EX_cpd11416_c0	0.728627	0.017356	0.043954
MGYG000003135__gradient_L4_xos_gapseq	1414	1636	373	R_EX_cpd11416_c0	0.805526	0.017356	0.034652
MGYG000003135__gradient_L5_pectin_gapseq	1414	1636	373	R_EX_cpd11416_c0	0.805526	0.017356	0.034062
MGYG000003135__gradient_L6_resistant_starch_gapseq	1414	1636	373	R_EX_cpd11416_c0	1.417805	0.017356	0.028746
MGYG000003135__gradient_L7_bglucan_gapseq	1414	1636	373	R_EX_cpd11416_c0	1.417805	0.017356	0.033500
MGYG000003135__gradient_L8_hmo_gapseq	1414	1636	373	R_EX_cpd11416_c0	1.417805	0.017356	0.034153
MGYG000003135__gradient_L9_mos_gapseq	1414	1636	373	R_EX_cpd11416_c0	1.538816	0.017356	0.036220
MGYG000003138__gradient_L0_base_gapseq	1374	1610	370	R_EX_cpd11416_c0	-0.000000	0.017712	0.010967
MGYG000003138__gradient_L1_inulin_gapseq	1374	1610	370	R_EX_cpd11416_c0	-0.000000	0.017712	0.010794
MGYG000003138__gradient_L2_fos_gapseq	1374	1610	370	R_EX_cpd11416_c0	-0.000000	0.017712	0.016603
MGYG000003138__gradient_L3_gos_gapseq	1374	1610	370	R_EX_cpd11416_c0	-0.000000	0.017712	0.011267
MGYG000003138__gradient_L4_xos_gapseq	1374	1610	370	R_EX_cpd11416_c0	-0.000000	0.017712	0.010954
MGYG000003138__gradient_L5_pectin_gapseq	1374	1610	370	R_EX_cpd11416_c0	-0.000000	0.017712	0.011220
MGYG000003138__gradient_L6_resistant_starch_gapseq	1374	1610	370	R_EX_cpd11416_c0	-0.000000	0.017712	0.014886
MGYG000003138__gradient_L7_bglucan_gapseq	1374	1610	370	R_EX_cpd11416_c0	-0.000000	0.017712	0.011503
MGYG000003138__gradient_L8_hmo_gapseq	1374	1610	370	R_EX_cpd11416_c0	-0.000000	0.017712	0.010708
MGYG000003138__gradient_L9_mos_gapseq	1374	1610	370	R_EX_cpd11416_c0	-0.000000	0.017712	0.016050
MGYG000003180__gradient_L0_base_gapseq	1149	1278	283	R_EX_cpd11416_c0	0.701239	0.016641	0.027037
MGYG000003180__gradient_L1_inulin_gapseq	1149	1278	283	R_EX_cpd11416_c0	0.988012	0.016641	0.024913
MGYG000003180__gradient_L2_fos_gapseq	1149	1278	283	R_EX_cpd11416_c0	0.988012	0.016641	0.019491
MGYG000003180__gradient_L3_gos_gapseq	1149	1278	283	R_EX_cpd11416_c0	1.278623	0.016641	0.022931
MGYG000003180__gradient_L4_xos_gapseq	1149	1278	283	R_EX_cpd11416_c0	1.278623	0.016641	0.017972
MGYG000003180__gradient_L5_pectin_gapseq	1149	1278	283	R_EX_cpd11416_c0	1.278623	0.016641	0.023222
MGYG000003180__gradient_L6_resistant_starch_gapseq	1149	1278	283	R_EX_cpd11416_c0	1.888230	0.016641	0.018265
MGYG000003180__gradient_L7_bglucan_gapseq	1149	1278	283	R_EX_cpd11416_c0	1.888230	0.016641	0.023999
MGYG000003180__gradient_L8_hmo_gapseq	1149	1278	283	R_EX_cpd11416_c0	1.888230	0.016641	0.020515
MGYG000003180__gradient_L9_mos_gapseq	1149	1278	283	R_EX_cpd11416_c0	2.029077	0.016641	0.025561
MGYG000003188__gradient_L0_base_gapseq	1366	1491	375	R_EX_cpd11416_c0	0.375205	0.016019	0.035932
MGYG000003188__gradient_L1_inulin_gapseq	1366	1491	375	R_EX_cpd11416_c0	0.525291	0.016019	0.035462
MGYG000003188__gradient_L2_fos_gapseq	1366	1491	375	R_EX_cpd11416_c0	0.525291	0.016019	0.030360
MGYG000003188__gradient_L3_gos_gapseq	1366	1491	375	R_EX_cpd11416_c0	0.525291	0.016019	0.044112
MGYG000003188__gradient_L4_xos_gapseq	1366	1491	375	R_EX_cpd11416_c0	0.525291	0.016019	0.034637
MGYG000003188__gradient_L5_pectin_gapseq	1366	1491	375	R_EX_cpd11416_c0	0.525291	0.016019	0.037554
MGYG000003188__gradient_L6_resistant_starch_gapseq	1366	1491	375	R_EX_cpd11416_c0	0.525291	0.016019	0.032274
MGYG000003188__gradient_L7_bglucan_gapseq	1366	1491	375	R_EX_cpd11416_c0	0.525291	0.016019	0.026594
MGYG000003188__gradient_L8_hmo_gapseq	1366	1491	375	R_EX_cpd11416_c0	0.525291	0.016019	0.033142
MGYG000003188__gradient_L9_mos_gapseq	1366	1491	375	R_EX_cpd11416_c0	0.525291	0.016019	0.032794
MGYG000003197__gradient_L0_base_gapseq	1177	1309	336	R_EX_cpd11416_c0	0.288800	0.014869	0.026956
MGYG000003197__gradient_L1_inulin_gapseq	1177	1309	336	R_EX_cpd11416_c0	0.427126	0.014869	0.021903
MGYG000003197__gradient_L2_fos_gapseq	1177	1309	336	R_EX_cpd11416_c0	0.427126	0.014869	0.026968
MGYG000003197__gradient_L3_gos_gapseq	1177	1309	336	R_EX_cpd11416_c0	0.487428	0.014869	0.022316
MGYG000003197__gradient_L4_xos_gapseq	1177	1309	336	R_EX_cpd11416_c0	0.487428	0.014869	0.026691
MGYG000003197__gradient_L5_pectin_gapseq	1177	1309	336	R_EX_cpd11416_c0	0.487428	0.014869	0.027960
MGYG000003197__gradient_L6_resistant_starch_gapseq	1177	1309	336	R_EX_cpd11416_c0	0.577880	0.014869	0.021853
MGYG000003197__gradient_L7_bglucan_gapseq	1177	1309	336	R_EX_cpd11416_c0	0.577880	0.014869	0.027038
MGYG000003197__gradient_L8_hmo_gapseq	1177	1309	336	R_EX_cpd11416_c0	0.577880	0.014869	0.021797
MGYG000003197__gradient_L9_mos_gapseq	1177	1309	336	R_EX_cpd11416_c0	0.577880	0.014869	0.021576
MGYG000003217__gradient_L0_base_gapseq	968	981	147	R_EX_cpd11416_c0	0.252823	0.010296	0.013116
MGYG000003217__gradient_L1_inulin_gapseq	968	981	147	R_EX_cpd11416_c0	0.332141	0.010296	0.019954
MGYG000003217__gradient_L2_fos_gapseq	968	981	147	R_EX_cpd11416_c0	0.332141	0.010296	0.013765
MGYG000003217__gradient_L3_gos_gapseq	968	981	147	R_EX_cpd11416_c0	0.332141	0.010296	0.016399
MGYG000003217__gradient_L4_xos_gapseq	968	981	147	R_EX_cpd11416_c0	0.347014	0.010296	0.018598
MGYG000003217__gradient_L5_pectin_gapseq	968	981	147	R_EX_cpd11416_c0	0.347014	0.010296	0.019262
MGYG000003217__gradient_L6_resistant_starch_gapseq	968	981	147	R_EX_cpd11416_c0	0.552748	0.010296	0.019528
MGYG000003217__gradient_L7_bglucan_gapseq	968	981	147	R_EX_cpd11416_c0	0.552748	0.010296	0.013568
MGYG000003217__gradient_L8_hmo_gapseq	968	981	147	R_EX_cpd11416_c0	0.552748	0.010296	0.014263
MGYG000003217__gradient_L9_mos_gapseq	968	981	147	R_EX_cpd11416_c0	0.552748	0.010296	0.013385
MGYG000003218__gradient_L0_base_gapseq	996	1000	175	R_EX_cpd11416_c0	-0.000000	0.010939	0.010147
MGYG000003218__gradient_L1_inulin_gapseq	996	1000	175	R_EX_cpd11416_c0	-0.000000	0.010939	0.005408
MGYG000003218__gradient_L2_fos_gapseq	996	1000	175	R_EX_cpd11416_c0	-0.000000	0.010939	0.006476
MGYG000003218__gradient_L3_gos_gapseq	996	1000	175	R_EX_cpd11416_c0	-0.000000	0.010939	0.009130
MGYG000003218__gradient_L4_xos_gapseq	996	1000	175	R_EX_cpd11416_c0	-0.000000	0.010939	0.005350
MGYG000003218__gradient_L5_pectin_gapseq	996	1000	175	R_EX_cpd11416_c0	-0.000000	0.010939	0.005771
MGYG000003218__gradient_L6_resistant_starch_gapseq	996	1000	175	R_EX_cpd11416_c0	-0.000000	0.010939	0.005323
MGYG000003218__gradient_L7_bglucan_gapseq	996	1000	175	R_EX_cpd11416_c0	-0.000000	0.010939	0.005261
MGYG000003218__gradient_L8_hmo_gapseq	996	1000	175	R_EX_cpd11416_c0	-0.000000	0.010939	0.006728
MGYG000003218__gradient_L9_mos_gapseq	996	1000	175	R_EX_cpd11416_c0	-0.000000	0.010939	0.009200
MGYG000003222__gradient_L0_base_gapseq	583	538	70	R_EX_cpd11416_c0	-0.000000	0.005872	0.002447
MGYG000003222__gradient_L1_inulin_gapseq	583	538	70	R_EX_cpd11416_c0	0.287747	0.005872	0.005803
MGYG000003222__gradient_L2_fos_gapseq	583	538	70	R_EX_cpd11416_c0	0.287747	0.005872	0.005679
MGYG000003222__gradient_L3_gos_gapseq	583	538	70	R_EX_cpd11416_c0	0.287747	0.005872	0.005804
MGYG000003222__gradient_L4_xos_gapseq	583	538	70	R_EX_cpd11416_c0	0.287747	0.005872	0.005829
MGYG000003222__gradient_L5_pectin_gapseq	583	538	70	R_EX_cpd11416_c0	0.287747	0.005872	0.005852
MGYG000003222__gradient_L6_resistant_starch_gapseq	583	538	70	R_EX_cpd11416_c0	0.287747	0.005872	0.005654
MGYG000003222__gradient_L7_bglucan_gapseq	583	538	70	R_EX_cpd11416_c0	0.287747	0.005872	0.005809
MGYG000003222__gradient_L8_hmo_gapseq	583	538	70	R_EX_cpd11416_c0	0.287747	0.005872	0.010285
MGYG000003222__gradient_L9_mos_gapseq	583	538	70	R_EX_cpd11416_c0	0.287747	0.005872	0.006836
MGYG000003226__gradient_L0_base_gapseq	1037	1134	256	R_EX_cpd11416_c0	-0.000000	0.012115	0.006272
MGYG000003226__gradient_L1_inulin_gapseq	1037	1134	256	R_EX_cpd11416_c0	-0.000000	0.012115	0.006015
MGYG000003226__gradient_L2_fos_gapseq	1037	1134	256	R_EX_cpd11416_c0	-0.000000	0.012115	0.006079
MGYG000003226__gradient_L3_gos_gapseq	1037	1134	256	R_EX_cpd11416_c0	0.199073	0.012115	0.028183
MGYG000003226__gradient_L4_xos_gapseq	1037	1134	256	R_EX_cpd11416_c0	0.199073	0.012115	0.016415
MGYG000003226__gradient_L5_pectin_gapseq	1037	1134	256	R_EX_cpd11416_c0	0.222495	0.012115	0.020809
MGYG000003226__gradient_L6_resistant_starch_gapseq	1037	1134	256	R_EX_cpd11416_c0	0.559765	0.012115	0.015765
MGYG000003226__gradient_L7_bglucan_gapseq	1037	1134	256	R_EX_cpd11416_c0	0.679215	0.012115	0.016199
MGYG000003226__gradient_L8_hmo_gapseq	1037	1134	256	R_EX_cpd11416_c0	0.758849	0.012115	0.022165
MGYG000003226__gradient_L9_mos_gapseq	1037	1134	256	R_EX_cpd11416_c0	0.758849	0.012115	0.016894
MGYG000003243__gradient_L0_base_gapseq	1080	1170	243	R_EX_cpd11416_c0	-0.000000	0.012203	0.006891
MGYG000003243__gradient_L1_inulin_gapseq	1080	1170	243	R_EX_cpd11416_c0	0.346623	0.012203	0.021175
MGYG000003243__gradient_L2_fos_gapseq	1080	1170	243	R_EX_cpd11416_c0	0.346623	0.012203	0.023404
MGYG000003243__gradient_L3_gos_gapseq	1080	1170	243	R_EX_cpd11416_c0	0.477975	0.012203	0.018227
MGYG000003243__gradient_L4_xos_gapseq	1080	1170	243	R_EX_cpd11416_c0	0.477975	0.012203	0.023369
MGYG000003243__gradient_L5_pectin_gapseq	1080	1170	243	R_EX_cpd11416_c0	0.477975	0.012203	0.019265
MGYG000003243__gradient_L6_resistant_starch_gapseq	1080	1170	243	R_EX_cpd11416_c0	0.834643	0.012203	0.023699
MGYG000003243__gradient_L7_bglucan_gapseq	1080	1170	243	R_EX_cpd11416_c0	0.958386	0.012203	0.018146
MGYG000003243__gradient_L8_hmo_gapseq	1080	1170	243	R_EX_cpd11416_c0	0.958386	0.012203	0.023829
MGYG000003243__gradient_L9_mos_gapseq	1080	1170	243	R_EX_cpd11416_c0	0.976176	0.012203	0.018796
MGYG000003309__gradient_L0_base_gapseq	1199	1258	265	R_EX_cpd11416_c0	-0.000000	0.017365	0.009367
MGYG000003309__gradient_L1_inulin_gapseq	1199	1258	265	R_EX_cpd11416_c0	-0.000000	0.017365	0.011335
MGYG000003309__gradient_L2_fos_gapseq	1199	1258	265	R_EX_cpd11416_c0	-0.000000	0.017365	0.009645
MGYG000003309__gradient_L3_gos_gapseq	1199	1258	265	R_EX_cpd11416_c0	-0.000000	0.017365	0.007464
MGYG000003309__gradient_L4_xos_gapseq	1199	1258	265	R_EX_cpd11416_c0	-0.000000	0.017365	0.007186
MGYG000003309__gradient_L5_pectin_gapseq	1199	1258	265	R_EX_cpd11416_c0	-0.000000	0.017365	0.007425
MGYG000003309__gradient_L6_resistant_starch_gapseq	1199	1258	265	R_EX_cpd11416_c0	-0.000000	0.017365	0.013056
MGYG000003309__gradient_L7_bglucan_gapseq	1199	1258	265	R_EX_cpd11416_c0	-0.000000	0.017365	0.008029
MGYG000003309__gradient_L8_hmo_gapseq	1199	1258	265	R_EX_cpd11416_c0	-0.000000	0.017365	0.011342
MGYG000003309__gradient_L9_mos_gapseq	1199	1258	265	R_EX_cpd11416_c0	-0.000000	0.017365	0.007420
MGYG000003312__gradient_L0_base_gapseq	1521	1813	539	R_EX_cpd11416_c0	-0.000000	0.019710	0.014507
MGYG000003312__gradient_L1_inulin_gapseq	1521	1813	539	R_EX_cpd11416_c0	-0.000000	0.019710	0.014491
MGYG000003312__gradient_L2_fos_gapseq	1521	1813	539	R_EX_cpd11416_c0	-0.000000	0.019710	0.024509
MGYG000003312__gradient_L3_gos_gapseq	1521	1813	539	R_EX_cpd11416_c0	-0.000000	0.019710	0.014344
MGYG000003312__gradient_L4_xos_gapseq	1521	1813	539	R_EX_cpd11416_c0	1.449187	0.019710	0.041268
MGYG000003312__gradient_L5_pectin_gapseq	1521	1813	539	R_EX_cpd11416_c0	1.488792	0.019710	0.036212
MGYG000003312__gradient_L6_resistant_starch_gapseq	1521	1813	539	R_EX_cpd11416_c0	2.029927	0.019710	0.042720
MGYG000003312__gradient_L7_bglucan_gapseq	1521	1813	539	R_EX_cpd11416_c0	2.214610	0.019710	0.041777
MGYG000003312__gradient_L8_hmo_gapseq	1521	1813	539	R_EX_cpd11416_c0	2.214610	0.019710	0.036740
MGYG000003312__gradient_L9_mos_gapseq	1521	1813	539	R_EX_cpd11416_c0	2.276100	0.019710	0.043080
MGYG000003339__gradient_L0_base_gapseq	1144	1283	308	R_EX_cpd11416_c0	0.403468	0.014456	0.023768
MGYG000003339__gradient_L1_inulin_gapseq	1144	1283	308	R_EX_cpd11416_c0	0.595600	0.014456	0.022695
MGYG000003339__gradient_L2_fos_gapseq	1144	1283	308	R_EX_cpd11416_c0	0.595600	0.014456	0.020371
MGYG000003339__gradient_L3_gos_gapseq	1144	1283	308	R_EX_cpd11416_c0	0.768519	0.014456	0.027200
MGYG000003339__gradient_L4_xos_gapseq	1144	1283	308	R_EX_cpd11416_c0	0.768519	0.014456	0.020826
MGYG000003339__gradient_L5_pectin_gapseq	1144	1283	308	R_EX_cpd11416_c0	0.768519	0.014456	0.018497
MGYG000003339__gradient_L6_resistant_starch_gapseq	1144	1283	308	R_EX_cpd11416_c0	1.170986	0.014456	0.018761
MGYG000003339__gradient_L7_bglucan_gapseq	1144	1283	308	R_EX_cpd11416_c0	1.170986	0.014456	0.024121
MGYG000003339__gradient_L8_hmo_gapseq	1144	1283	308	R_EX_cpd11416_c0	1.170986	0.014456	0.019029
MGYG000003339__gradient_L9_mos_gapseq	1144	1283	308	R_EX_cpd11416_c0	1.265231	0.014456	0.019412
MGYG000003343__gradient_L0_base_gapseq	1434	1625	450	R_EX_cpd11416_c0	-0.000000	0.017541	0.012407
MGYG000003343__gradient_L1_inulin_gapseq	1434	1625	450	R_EX_cpd11416_c0	-0.000000	0.017541	0.012204
MGYG000003343__gradient_L2_fos_gapseq	1434	1625	450	R_EX_cpd11416_c0	-0.000000	0.017541	0.015966
MGYG000003343__gradient_L3_gos_gapseq	1434	1625	450	R_EX_cpd11416_c0	-0.000000	0.017541	0.012414
MGYG000003343__gradient_L4_xos_gapseq	1434	1625	450	R_EX_cpd11416_c0	0.673397	0.017541	0.030413
MGYG000003343__gradient_L5_pectin_gapseq	1434	1625	450	R_EX_cpd11416_c0	0.718644	0.017541	0.030872
MGYG000003343__gradient_L6_resistant_starch_gapseq	1434	1625	450	R_EX_cpd11416_c0	0.832242	0.017541	0.035888
MGYG000003343__gradient_L7_bglucan_gapseq	1434	1625	450	R_EX_cpd11416_c0	0.832242	0.017541	0.042938
MGYG000003343__gradient_L8_hmo_gapseq	1434	1625	450	R_EX_cpd11416_c0	0.832242	0.017541	0.034124
MGYG000003343__gradient_L9_mos_gapseq	1434	1625	450	R_EX_cpd11416_c0	0.832242	0.017541	0.035856
MGYG000003344__gradient_L0_base_gapseq	1311	1405	351	R_EX_cpd11416_c0	0.118747	0.015095	0.028229
MGYG000003344__gradient_L1_inulin_gapseq	1311	1405	351	R_EX_cpd11416_c0	0.216598	0.015095	0.028972
MGYG000003344__gradient_L2_fos_gapseq	1311	1405	351	R_EX_cpd11416_c0	0.216598	0.015095	0.028484
MGYG000003344__gradient_L3_gos_gapseq	1311	1405	351	R_EX_cpd11416_c0	0.216598	0.015095	0.022176
MGYG000003344__gradient_L4_xos_gapseq	1311	1405	351	R_EX_cpd11416_c0	0.216598	0.015095	0.027193
MGYG000003344__gradient_L5_pectin_gapseq	1311	1405	351	R_EX_cpd11416_c0	0.216598	0.015095	0.022118
MGYG000003344__gradient_L6_resistant_starch_gapseq	1311	1405	351	R_EX_cpd11416_c0	0.258187	0.015095	0.026801
MGYG000003344__gradient_L7_bglucan_gapseq	1311	1405	351	R_EX_cpd11416_c0	0.258187	0.015095	0.029822
MGYG000003344__gradient_L8_hmo_gapseq	1311	1405	351	R_EX_cpd11416_c0	0.258187	0.015095	0.024693
MGYG000003344__gradient_L9_mos_gapseq	1311	1405	351	R_EX_cpd11416_c0	0.258187	0.015095	0.022397
MGYG000003355__gradient_L0_base_gapseq	1623	1862	517	R_EX_cpd11416_c0	0.975818	0.019820	0.032227
MGYG000003355__gradient_L1_inulin_gapseq	1623	1862	517	R_EX_cpd11416_c0	1.307572	0.019820	0.034920
MGYG000003355__gradient_L2_fos_gapseq	1623	1862	517	R_EX_cpd11416_c0	1.307572	0.019820	0.036733
MGYG000003355__gradient_L3_gos_gapseq	1623	1862	517	R_EX_cpd11416_c0	1.653696	0.019820	0.035116
MGYG000003355__gradient_L4_xos_gapseq	1623	1862	517	R_EX_cpd11416_c0	1.752289	0.019820	0.031351
MGYG000003355__gradient_L5_pectin_gapseq	1623	1862	517	R_EX_cpd11416_c0	1.815221	0.019820	0.036340
MGYG000003355__gradient_L6_resistant_starch_gapseq	1623	1862	517	R_EX_cpd11416_c0	2.538936	0.019820	0.031399
MGYG000003355__gradient_L7_bglucan_gapseq	1623	1862	517	R_EX_cpd11416_c0	2.784370	0.019820	0.038036
MGYG000003355__gradient_L8_hmo_gapseq	1623	1862	517	R_EX_cpd11416_c0	2.956383	0.019820	0.039228
MGYG000003355__gradient_L9_mos_gapseq	1623	1862	517	R_EX_cpd11416_c0	3.090637	0.019820	0.042310
MGYG000003358__gradient_L0_base_gapseq	2319	2886	1271	R_EX_cpd11416_c0	1.536731	0.035662	0.074275
MGYG000003358__gradient_L1_inulin_gapseq	2319	2886	1271	R_EX_cpd11416_c0	1.858841	0.035662	0.082213
MGYG000003358__gradient_L2_fos_gapseq	2319	2886	1271	R_EX_cpd11416_c0	1.858841	0.035662	0.066046
MGYG000003358__gradient_L3_gos_gapseq	2319	2886	1271	R_EX_cpd11416_c0	2.205313	0.035662	0.076239
MGYG000003358__gradient_L4_xos_gapseq	2319	2886	1271	R_EX_cpd11416_c0	2.375966	0.035662	0.087780
MGYG000003358__gradient_L5_pectin_gapseq	2319	2886	1271	R_EX_cpd11416_c0	2.419212	0.035662	0.075710
MGYG000003358__gradient_L6_resistant_starch_gapseq	2319	2886	1271	R_EX_cpd11416_c0	3.066457	0.035662	0.070047
MGYG000003358__gradient_L7_bglucan_gapseq	2319	2886	1271	R_EX_cpd11416_c0	3.285066	0.035662	0.064936
MGYG000003358__gradient_L8_hmo_gapseq	2319	2886	1271	R_EX_cpd11416_c0	3.285066	0.035662	0.063703
MGYG000003358__gradient_L9_mos_gapseq	2319	2886	1271	R_EX_cpd11416_c0	3.425390	0.035662	0.064373
MGYG000003360__gradient_L0_base_gapseq	2243	2805	1219	R_EX_cpd11416_c0	1.476681	0.031693	0.078699
MGYG000003360__gradient_L1_inulin_gapseq	2243	2805	1219	R_EX_cpd11416_c0	1.789640	0.031693	0.074107
MGYG000003360__gradient_L2_fos_gapseq	2243	2805	1219	R_EX_cpd11416_c0	1.789640	0.031693	0.075235
MGYG000003360__gradient_L3_gos_gapseq	2243	2805	1219	R_EX_cpd11416_c0	2.136557	0.031693	0.074783
MGYG000003360__gradient_L4_xos_gapseq	2243	2805	1219	R_EX_cpd11416_c0	2.312566	0.031693	0.065930
MGYG000003360__gradient_L5_pectin_gapseq	2243	2805	1219	R_EX_cpd11416_c0	2.355864	0.031693	0.067015
MGYG000003360__gradient_L6_resistant_starch_gapseq	2243	2805	1219	R_EX_cpd11416_c0	3.023149	0.031693	0.065437
MGYG000003360__gradient_L7_bglucan_gapseq	2243	2805	1219	R_EX_cpd11416_c0	3.242524	0.031693	0.063127
MGYG000003360__gradient_L8_hmo_gapseq	2243	2805	1219	R_EX_cpd11416_c0	3.242524	0.031693	0.061054
MGYG000003360__gradient_L9_mos_gapseq	2243	2805	1219	R_EX_cpd11416_c0	3.382364	0.031693	0.058405
MGYG000003366__gradient_L0_base_gapseq	1315	1478	363	R_EX_cpd11416_c0	-0.000000	0.020481	0.009041
MGYG000003366__gradient_L1_inulin_gapseq	1315	1478	363	R_EX_cpd11416_c0	-0.000000	0.020481	0.008560
MGYG000003366__gradient_L2_fos_gapseq	1315	1478	363	R_EX_cpd11416_c0	-0.000000	0.020481	0.008803
MGYG000003366__gradient_L3_gos_gapseq	1315	1478	363	R_EX_cpd11416_c0	0.907358	0.020481	0.029177
MGYG000003366__gradient_L4_xos_gapseq	1315	1478	363	R_EX_cpd11416_c0	0.972550	0.020481	0.023701
MGYG000003366__gradient_L5_pectin_gapseq	1315	1478	363	R_EX_cpd11416_c0	0.972550	0.020481	0.029632
MGYG000003366__gradient_L6_resistant_starch_gapseq	1315	1478	363	R_EX_cpd11416_c0	1.454599	0.020481	0.024176
MGYG000003366__gradient_L7_bglucan_gapseq	1315	1478	363	R_EX_cpd11416_c0	1.454599	0.020481	0.024006
MGYG000003366__gradient_L8_hmo_gapseq	1315	1478	363	R_EX_cpd11416_c0	1.454599	0.020481	0.024275
MGYG000003366__gradient_L9_mos_gapseq	1315	1478	363	R_EX_cpd11416_c0	1.454599	0.020481	0.023856
MGYG000003368__gradient_L0_base_gapseq	1035	1151	267	R_EX_cpd11416_c0	0.317910	0.011996	0.020849
MGYG000003368__gradient_L1_inulin_gapseq	1035	1151	267	R_EX_cpd11416_c0	0.395373	0.011996	0.015970
MGYG000003368__gradient_L2_fos_gapseq	1035	1151	267	R_EX_cpd11416_c0	0.395373	0.011996	0.015986
MGYG000003368__gradient_L3_gos_gapseq	1035	1151	267	R_EX_cpd11416_c0	0.395373	0.011996	0.015953
MGYG000003368__gradient_L4_xos_gapseq	1035	1151	267	R_EX_cpd11416_c0	0.414739	0.011996	0.016532
MGYG000003368__gradient_L5_pectin_gapseq	1035	1151	267	R_EX_cpd11416_c0	0.414739	0.011996	0.016275
MGYG000003368__gradient_L6_resistant_starch_gapseq	1035	1151	267	R_EX_cpd11416_c0	0.492201	0.011996	0.018766
MGYG000003368__gradient_L7_bglucan_gapseq	1035	1151	267	R_EX_cpd11416_c0	0.492201	0.011996	0.016883
MGYG000003368__gradient_L8_hmo_gapseq	1035	1151	267	R_EX_cpd11416_c0	0.492201	0.011996	0.019184
MGYG000003368__gradient_L9_mos_gapseq	1035	1151	267	R_EX_cpd11416_c0	0.492201	0.011996	0.016910
MGYG000003370__gradient_L0_base_gapseq	1458	1711	375	R_EX_cpd11416_c0	0.496830	0.018103	0.031526
MGYG000003370__gradient_L1_inulin_gapseq	1458	1711	375	R_EX_cpd11416_c0	0.650938	0.018103	0.030649
MGYG000003370__gradient_L2_fos_gapseq	1458	1711	375	R_EX_cpd11416_c0	0.650938	0.018103	0.034276
MGYG000003370__gradient_L3_gos_gapseq	1458	1711	375	R_EX_cpd11416_c0	0.795415	0.018103	0.034380
MGYG000003370__gradient_L4_xos_gapseq	1458	1711	375	R_EX_cpd11416_c0	0.814679	0.018103	0.034479
MGYG000003370__gradient_L5_pectin_gapseq	1458	1711	375	R_EX_cpd11416_c0	0.814679	0.018103	0.033585
MGYG000003370__gradient_L6_resistant_starch_gapseq	1458	1711	375	R_EX_cpd11416_c0	1.134936	0.018103	0.036283
MGYG000003370__gradient_L7_bglucan_gapseq	1458	1711	375	R_EX_cpd11416_c0	1.134936	0.018103	0.033625
MGYG000003370__gradient_L8_hmo_gapseq	1458	1711	375	R_EX_cpd11416_c0	1.134936	0.018103	0.032981
MGYG000003370__gradient_L9_mos_gapseq	1458	1711	375	R_EX_cpd11416_c0	1.211990	0.018103	0.029944
MGYG000003383__gradient_L0_base_gapseq	1296	1575	428	R_EX_cpd11416_c0	-0.000000	0.016440	0.014433
MGYG000003383__gradient_L1_inulin_gapseq	1296	1575	428	R_EX_cpd11416_c0	-0.000000	0.016440	0.014899
MGYG000003383__gradient_L2_fos_gapseq	1296	1575	428	R_EX_cpd11416_c0	-0.000000	0.016440	0.013017
MGYG000003383__gradient_L3_gos_gapseq	1296	1575	428	R_EX_cpd11416_c0	1.172193	0.016440	0.033122
MGYG000003383__gradient_L4_xos_gapseq	1296	1575	428	R_EX_cpd11416_c0	1.232593	0.016440	0.035744
MGYG000003383__gradient_L5_pectin_gapseq	1296	1575	428	R_EX_cpd11416_c0	1.232593	0.016440	0.038923
MGYG000003383__gradient_L6_resistant_starch_gapseq	1296	1575	428	R_EX_cpd11416_c0	1.722502	0.016440	0.034228
MGYG000003383__gradient_L7_bglucan_gapseq	1296	1575	428	R_EX_cpd11416_c0	1.890279	0.016440	0.032992
MGYG000003383__gradient_L8_hmo_gapseq	1296	1575	428	R_EX_cpd11416_c0	2.002131	0.016440	0.034394
MGYG000003383__gradient_L9_mos_gapseq	1296	1575	428	R_EX_cpd11416_c0	2.002131	0.016440	0.033303
MGYG000003391__gradient_L0_base_gapseq	1221	1338	311	R_EX_cpd11416_c0	0.837731	0.014058	0.026323
MGYG000003391__gradient_L1_inulin_gapseq	1221	1338	311	R_EX_cpd11416_c0	1.047187	0.014058	0.021055
MGYG000003391__gradient_L2_fos_gapseq	1221	1338	311	R_EX_cpd11416_c0	1.047187	0.014058	0.023011
MGYG000003391__gradient_L3_gos_gapseq	1221	1338	311	R_EX_cpd11416_c0	1.047187	0.014058	0.024421
MGYG000003391__gradient_L4_xos_gapseq	1221	1338	311	R_EX_cpd11416_c0	1.047187	0.014058	0.026446
MGYG000003391__gradient_L5_pectin_gapseq	1221	1338	311	R_EX_cpd11416_c0	1.047187	0.014058	0.032335
MGYG000003391__gradient_L6_resistant_starch_gapseq	1221	1338	311	R_EX_cpd11416_c0	1.150462	0.014058	0.020723
MGYG000003391__gradient_L7_bglucan_gapseq	1221	1338	311	R_EX_cpd11416_c0	1.150462	0.014058	0.020754
MGYG000003391__gradient_L8_hmo_gapseq	1221	1338	311	R_EX_cpd11416_c0	1.150462	0.014058	0.020643
MGYG000003391__gradient_L9_mos_gapseq	1221	1338	311	R_EX_cpd11416_c0	1.253737	0.014058	0.020651
MGYG000003399__gradient_L0_base_gapseq	2249	2811	1266	R_EX_cpd11416_c0	1.148586	0.032308	0.073945
MGYG000003399__gradient_L1_inulin_gapseq	2249	2811	1266	R_EX_cpd11416_c0	1.424841	0.032308	0.073811
MGYG000003399__gradient_L2_fos_gapseq	2249	2811	1266	R_EX_cpd11416_c0	1.424841	0.032308	0.070766
MGYG000003399__gradient_L3_gos_gapseq	2249	2811	1266	R_EX_cpd11416_c0	1.715322	0.032308	0.068533
MGYG000003399__gradient_L4_xos_gapseq	2249	2811	1266	R_EX_cpd11416_c0	1.790894	0.032308	0.070671
MGYG000003399__gradient_L5_pectin_gapseq	2249	2811	1266	R_EX_cpd11416_c0	1.790894	0.032308	0.072032
MGYG000003399__gradient_L6_resistant_starch_gapseq	2249	2811	1266	R_EX_cpd11416_c0	2.384350	0.032308	0.077602
MGYG000003399__gradient_L7_bglucan_gapseq	2249	2811	1266	R_EX_cpd11416_c0	2.574428	0.032308	0.084348
MGYG000003399__gradient_L8_hmo_gapseq	2249	2811	1266	R_EX_cpd11416_c0	2.574428	0.032308	0.068770
MGYG000003399__gradient_L9_mos_gapseq	2249	2811	1266	R_EX_cpd11416_c0	2.696778	0.032308	0.080867
MGYG000003409__gradient_L0_base_gapseq	1026	1203	321	R_EX_cpd11416_c0	0.413400	0.013503	0.023349
MGYG000003409__gradient_L1_inulin_gapseq	1026	1203	321	R_EX_cpd11416_c0	0.727918	0.013503	0.018491
MGYG000003409__gradient_L2_fos_gapseq	1026	1203	321	R_EX_cpd11416_c0	0.727918	0.013503	0.024602
MGYG000003409__gradient_L3_gos_gapseq	1026	1203	321	R_EX_cpd11416_c0	1.025068	0.013503	0.019059
MGYG000003409__gradient_L4_xos_gapseq	1026	1203	321	R_EX_cpd11416_c0	1.025068	0.013503	0.024034
MGYG000003409__gradient_L5_pectin_gapseq	1026	1203	321	R_EX_cpd11416_c0	1.025068	0.013503	0.019369
MGYG000003409__gradient_L6_resistant_starch_gapseq	1026	1203	321	R_EX_cpd11416_c0	1.591902	0.013503	0.026318
MGYG000003409__gradient_L7_bglucan_gapseq	1026	1203	321	R_EX_cpd11416_c0	1.793877	0.013503	0.024538
MGYG000003409__gradient_L8_hmo_gapseq	1026	1203	321	R_EX_cpd11416_c0	1.937214	0.013503	0.019893
MGYG000003409__gradient_L9_mos_gapseq	1026	1203	321	R_EX_cpd11416_c0	2.041459	0.013503	0.024945
MGYG000003457__gradient_L0_base_gapseq	1068	1130	233	R_EX_cpd11416_c0	-0.000000	0.012108	0.005967
MGYG000003457__gradient_L1_inulin_gapseq	1068	1130	233	R_EX_cpd11416_c0	-0.000000	0.012108	0.005998
MGYG000003457__gradient_L2_fos_gapseq	1068	1130	233	R_EX_cpd11416_c0	-0.000000	0.012108	0.005936
MGYG000003457__gradient_L3_gos_gapseq	1068	1130	233	R_EX_cpd11416_c0	-0.000000	0.012108	0.009442
MGYG000003457__gradient_L4_xos_gapseq	1068	1130	233	R_EX_cpd11416_c0	-0.000000	0.012108	0.008037
MGYG000003457__gradient_L5_pectin_gapseq	1068	1130	233	R_EX_cpd11416_c0	-0.000000	0.012108	0.006403
MGYG000003457__gradient_L6_resistant_starch_gapseq	1068	1130	233	R_EX_cpd11416_c0	-0.000000	0.012108	0.006478
MGYG000003457__gradient_L7_bglucan_gapseq	1068	1130	233	R_EX_cpd11416_c0	-0.000000	0.012108	0.006638
MGYG000003457__gradient_L8_hmo_gapseq	1068	1130	233	R_EX_cpd11416_c0	-0.000000	0.012108	0.006775
MGYG000003457__gradient_L9_mos_gapseq	1068	1130	233	R_EX_cpd11416_c0	-0.000000	0.012108	0.006347
MGYG000003476__gradient_L0_base_gapseq	847	851	156	R_EX_cpd11416_c0	0.243039	0.009488	0.011050
MGYG000003476__gradient_L1_inulin_gapseq	847	851	156	R_EX_cpd11416_c0	0.465830	0.009488	0.011026
MGYG000003476__gradient_L2_fos_gapseq	847	851	156	R_EX_cpd11416_c0	0.465830	0.009488	0.011205
MGYG000003476__gradient_L3_gos_gapseq	847	851	156	R_EX_cpd11416_c0	0.625328	0.009488	0.011414
MGYG000003476__gradient_L4_xos_gapseq	847	851	156	R_EX_cpd11416_c0	0.625328	0.009488	0.012869
MGYG000003476__gradient_L5_pectin_gapseq	847	851	156	R_EX_cpd11416_c0	0.660772	0.009488	0.015099
MGYG000003476__gradient_L6_resistant_starch_gapseq	847	851	156	R_EX_cpd11416_c0	0.751914	0.009488	0.011718
MGYG000003476__gradient_L7_bglucan_gapseq	847	851	156	R_EX_cpd11416_c0	0.751914	0.009488	0.013765
MGYG000003476__gradient_L8_hmo_gapseq	847	851	156	R_EX_cpd11416_c0	0.751914	0.009488	0.014426
MGYG000003476__gradient_L9_mos_gapseq	847	851	156	R_EX_cpd11416_c0	0.792422	0.009488	0.017380
MGYG000003481__gradient_L0_base_gapseq	867	808	112	R_EX_cpd11416_c0	-0.000000	0.008799	0.003410
MGYG000003481__gradient_L1_inulin_gapseq	867	808	112	R_EX_cpd11416_c0	-0.000000	0.008799	0.003897
MGYG000003481__gradient_L2_fos_gapseq	867	808	112	R_EX_cpd11416_c0	-0.000000	0.008799	0.003639
MGYG000003481__gradient_L3_gos_gapseq	867	808	112	R_EX_cpd11416_c0	-0.000000	0.008799	0.003648
MGYG000003481__gradient_L4_xos_gapseq	867	808	112	R_EX_cpd11416_c0	-0.000000	0.008799	0.003582
MGYG000003481__gradient_L5_pectin_gapseq	867	808	112	R_EX_cpd11416_c0	-0.000000	0.008799	0.005452
MGYG000003481__gradient_L6_resistant_starch_gapseq	867	808	112	R_EX_cpd11416_c0	-0.000000	0.008799	0.007168
MGYG000003481__gradient_L7_bglucan_gapseq	867	808	112	R_EX_cpd11416_c0	-0.000000	0.008799	0.004059
MGYG000003481__gradient_L8_hmo_gapseq	867	808	112	R_EX_cpd11416_c0	-0.000000	0.008799	0.003970
MGYG000003481__gradient_L9_mos_gapseq	867	808	112	R_EX_cpd11416_c0	-0.000000	0.008799	0.003921
MGYG000003496__gradient_L0_base_gapseq	1171	1225	246	R_EX_cpd11416_c0	-0.000000	0.014274	0.006636
MGYG000003496__gradient_L1_inulin_gapseq	1171	1225	246	R_EX_cpd11416_c0	-0.000000	0.014274	0.006766
MGYG000003496__gradient_L2_fos_gapseq	1171	1225	246	R_EX_cpd11416_c0	-0.000000	0.014274	0.006743
MGYG000003496__gradient_L3_gos_gapseq	1171	1225	246	R_EX_cpd11416_c0	0.298428	0.014274	0.017438
MGYG000003496__gradient_L4_xos_gapseq	1171	1225	246	R_EX_cpd11416_c0	0.298428	0.014274	0.029944
MGYG000003496__gradient_L5_pectin_gapseq	1171	1225	246	R_EX_cpd11416_c0	0.298428	0.014274	0.023414
MGYG000003496__gradient_L6_resistant_starch_gapseq	1171	1225	246	R_EX_cpd11416_c0	0.739090	0.014274	0.017586
MGYG000003496__gradient_L7_bglucan_gapseq	1171	1225	246	R_EX_cpd11416_c0	0.739090	0.014274	0.017641
MGYG000003496__gradient_L8_hmo_gapseq	1171	1225	246	R_EX_cpd11416_c0	0.739090	0.014274	0.017816
MGYG000003496__gradient_L9_mos_gapseq	1171	1225	246	R_EX_cpd11416_c0	0.813700	0.014274	0.023049
MGYG000003500__gradient_L0_base_gapseq	1331	1466	294	R_EX_cpd11416_c0	-0.000000	0.015584	0.012870
MGYG000003500__gradient_L1_inulin_gapseq	1331	1466	294	R_EX_cpd11416_c0	-0.000000	0.015584	0.009861
MGYG000003500__gradient_L2_fos_gapseq	1331	1466	294	R_EX_cpd11416_c0	-0.000000	0.015584	0.008721
MGYG000003500__gradient_L3_gos_gapseq	1331	1466	294	R_EX_cpd11416_c0	0.347318	0.015584	0.026670
MGYG000003500__gradient_L4_xos_gapseq	1331	1466	294	R_EX_cpd11416_c0	0.347318	0.015584	0.021082
MGYG000003500__gradient_L5_pectin_gapseq	1331	1466	294	R_EX_cpd11416_c0	0.347318	0.015584	0.027001
MGYG000003500__gradient_L6_resistant_starch_gapseq	1331	1466	294	R_EX_cpd11416_c0	0.811633	0.015584	0.026704
MGYG000003500__gradient_L7_bglucan_gapseq	1331	1466	294	R_EX_cpd11416_c0	0.974859	0.015584	0.023174
MGYG000003500__gradient_L8_hmo_gapseq	1331	1466	294	R_EX_cpd11416_c0	0.974859	0.015584	0.028330
MGYG000003500__gradient_L9_mos_gapseq	1331	1466	294	R_EX_cpd11416_c0	1.047781	0.015584	0.025735
MGYG000003529__gradient_L0_base_gapseq	1051	1142	208	R_EX_cpd11416_c0	0.192804	0.012611	0.015592
MGYG000003529__gradient_L1_inulin_gapseq	1051	1142	208	R_EX_cpd11416_c0	0.192804	0.012611	0.020956
MGYG000003529__gradient_L2_fos_gapseq	1051	1142	208	R_EX_cpd11416_c0	0.192804	0.012611	0.017831
MGYG000003529__gradient_L3_gos_gapseq	1051	1142	208	R_EX_cpd11416_c0	0.192804	0.012611	0.018432
MGYG000003529__gradient_L4_xos_gapseq	1051	1142	208	R_EX_cpd11416_c0	0.192804	0.012611	0.015372
MGYG000003529__gradient_L5_pectin_gapseq	1051	1142	208	R_EX_cpd11416_c0	0.192804	0.012611	0.027613
MGYG000003529__gradient_L6_resistant_starch_gapseq	1051	1142	208	R_EX_cpd11416_c0	0.194795	0.012611	0.020115
MGYG000003529__gradient_L7_bglucan_gapseq	1051	1142	208	R_EX_cpd11416_c0	0.202510	0.012611	0.015930
MGYG000003529__gradient_L8_hmo_gapseq	1051	1142	208	R_EX_cpd11416_c0	0.202510	0.012611	0.026978
MGYG000003529__gradient_L9_mos_gapseq	1051	1142	208	R_EX_cpd11416_c0	0.202510	0.012611	0.017212
MGYG000003552__gradient_L0_base_gapseq	1370	1521	366	R_EX_cpd11416_c0	-0.000000	0.017164	0.009859
MGYG000003552__gradient_L1_inulin_gapseq	1370	1521	366	R_EX_cpd11416_c0	-0.000000	0.017164	0.009694
MGYG000003552__gradient_L2_fos_gapseq	1370	1521	366	R_EX_cpd11416_c0	-0.000000	0.017164	0.011086
MGYG000003552__gradient_L3_gos_gapseq	1370	1521	366	R_EX_cpd11416_c0	0.643614	0.017164	0.030417
MGYG000003552__gradient_L4_xos_gapseq	1370	1521	366	R_EX_cpd11416_c0	0.695495	0.017164	0.024718
MGYG000003552__gradient_L5_pectin_gapseq	1370	1521	366	R_EX_cpd11416_c0	0.695495	0.017164	0.037660
MGYG000003552__gradient_L6_resistant_starch_gapseq	1370	1521	366	R_EX_cpd11416_c0	1.196603	0.017164	0.026988
MGYG000003552__gradient_L7_bglucan_gapseq	1370	1521	366	R_EX_cpd11416_c0	1.373690	0.017164	0.030476
MGYG000003552__gradient_L8_hmo_gapseq	1370	1521	366	R_EX_cpd11416_c0	1.373690	0.017164	0.029418
MGYG000003552__gradient_L9_mos_gapseq	1370	1521	366	R_EX_cpd11416_c0	1.373690	0.017164	0.024728
MGYG000003567__gradient_L0_base_gapseq	1054	1179	281	R_EX_cpd11416_c0	0.381567	0.012144	0.017667
MGYG000003567__gradient_L1_inulin_gapseq	1054	1179	281	R_EX_cpd11416_c0	0.738124	0.012144	0.023069
MGYG000003567__gradient_L2_fos_gapseq	1054	1179	281	R_EX_cpd11416_c0	0.738124	0.012144	0.019722
MGYG000003567__gradient_L3_gos_gapseq	1054	1179	281	R_EX_cpd11416_c0	0.738124	0.012144	0.021271
MGYG000003567__gradient_L4_xos_gapseq	1054	1179	281	R_EX_cpd11416_c0	0.738124	0.012144	0.019357
MGYG000003567__gradient_L5_pectin_gapseq	1054	1179	281	R_EX_cpd11416_c0	0.738124	0.012144	0.022088
MGYG000003567__gradient_L6_resistant_starch_gapseq	1054	1179	281	R_EX_cpd11416_c0	0.831169	0.012144	0.017372
MGYG000003567__gradient_L7_bglucan_gapseq	1054	1179	281	R_EX_cpd11416_c0	0.831169	0.012144	0.017423
MGYG000003567__gradient_L8_hmo_gapseq	1054	1179	281	R_EX_cpd11416_c0	0.831169	0.012144	0.017319
MGYG000003567__gradient_L9_mos_gapseq	1054	1179	281	R_EX_cpd11416_c0	0.831169	0.012144	0.018606
MGYG000003619__gradient_L0_base_gapseq	1331	1492	366	R_EX_cpd11416_c0	-0.000000	0.016039	0.009621
MGYG000003619__gradient_L1_inulin_gapseq	1331	1492	366	R_EX_cpd11416_c0	-0.000000	0.016039	0.014676
MGYG000003619__gradient_L2_fos_gapseq	1331	1492	366	R_EX_cpd11416_c0	-0.000000	0.016039	0.009910
MGYG000003619__gradient_L3_gos_gapseq	1331	1492	366	R_EX_cpd11416_c0	1.104235	0.016039	0.030104
MGYG000003619__gradient_L4_xos_gapseq	1331	1492	366	R_EX_cpd11416_c0	1.104235	0.016039	0.024991
MGYG000003619__gradient_L5_pectin_gapseq	1331	1492	366	R_EX_cpd11416_c0	1.104235	0.016039	0.030809
MGYG000003619__gradient_L6_resistant_starch_gapseq	1331	1492	366	R_EX_cpd11416_c0	1.662983	0.016039	0.031450
MGYG000003619__gradient_L7_bglucan_gapseq	1331	1492	366	R_EX_cpd11416_c0	1.662983	0.016039	0.024792
MGYG000003619__gradient_L8_hmo_gapseq	1331	1492	366	R_EX_cpd11416_c0	1.662983	0.016039	0.036601
MGYG000003619__gradient_L9_mos_gapseq	1331	1492	366	R_EX_cpd11416_c0	1.751322	0.016039	0.028959
MGYG000003662__gradient_L0_base_gapseq	1268	1451	332	R_EX_cpd11416_c0	0.348914	0.015178	0.029653
MGYG000003662__gradient_L1_inulin_gapseq	1268	1451	332	R_EX_cpd11416_c0	0.458619	0.015178	0.024157
MGYG000003662__gradient_L2_fos_gapseq	1268	1451	332	R_EX_cpd11416_c0	0.458619	0.015178	0.028625
MGYG000003662__gradient_L3_gos_gapseq	1268	1451	332	R_EX_cpd11416_c0	0.540898	0.015178	0.022983
MGYG000003662__gradient_L4_xos_gapseq	1268	1451	332	R_EX_cpd11416_c0	0.605557	0.015178	0.028803
MGYG000003662__gradient_L5_pectin_gapseq	1268	1451	332	R_EX_cpd11416_c0	0.605557	0.015178	0.022655
MGYG000003662__gradient_L6_resistant_starch_gapseq	1268	1451	332	R_EX_cpd11416_c0	0.704242	0.015178	0.022673
MGYG000003662__gradient_L7_bglucan_gapseq	1268	1451	332	R_EX_cpd11416_c0	0.858998	0.015178	0.023146
MGYG000003662__gradient_L8_hmo_gapseq	1268	1451	332	R_EX_cpd11416_c0	0.858998	0.015178	0.023138
MGYG000003662__gradient_L9_mos_gapseq	1268	1451	332	R_EX_cpd11416_c0	0.957683	0.015178	0.023664
MGYG000003667__gradient_L0_base_gapseq	725	699	111	R_EX_cpd11416_c0	0.005220	0.007477	0.008632
MGYG000003667__gradient_L1_inulin_gapseq	725	699	111	R_EX_cpd11416_c0	0.083342	0.007477	0.008465
MGYG000003667__gradient_L2_fos_gapseq	725	699	111	R_EX_cpd11416_c0	0.083342	0.007477	0.012047
MGYG000003667__gradient_L3_gos_gapseq	725	699	111	R_EX_cpd11416_c0	0.083342	0.007477	0.019296
MGYG000003667__gradient_L4_xos_gapseq	725	699	111	R_EX_cpd11416_c0	0.083342	0.007477	0.010838
MGYG000003667__gradient_L5_pectin_gapseq	725	699	111	R_EX_cpd11416_c0	0.083342	0.007477	0.008540
MGYG000003667__gradient_L6_resistant_starch_gapseq	725	699	111	R_EX_cpd11416_c0	0.083764	0.007477	0.008860
MGYG000003667__gradient_L7_bglucan_gapseq	725	699	111	R_EX_cpd11416_c0	0.083764	0.007477	0.013371
MGYG000003667__gradient_L8_hmo_gapseq	725	699	111	R_EX_cpd11416_c0	0.083764	0.007477	0.008951
MGYG000003667__gradient_L9_mos_gapseq	725	699	111	R_EX_cpd11416_c0	0.083764	0.007477	0.008442
MGYG000003669__gradient_L0_base_gapseq	754	750	109	R_EX_cpd11416_c0	-0.000000	0.008075	0.003917
MGYG000003669__gradient_L1_inulin_gapseq	754	750	109	R_EX_cpd11416_c0	0.204247	0.008075	0.009263
MGYG000003669__gradient_L2_fos_gapseq	754	750	109	R_EX_cpd11416_c0	0.204247	0.008075	0.011494
MGYG000003669__gradient_L3_gos_gapseq	754	750	109	R_EX_cpd11416_c0	0.204247	0.008075	0.012808
MGYG000003669__gradient_L4_xos_gapseq	754	750	109	R_EX_cpd11416_c0	0.204247	0.008075	0.009167
MGYG000003669__gradient_L5_pectin_gapseq	754	750	109	R_EX_cpd11416_c0	0.204247	0.008075	0.009734
MGYG000003669__gradient_L6_resistant_starch_gapseq	754	750	109	R_EX_cpd11416_c0	0.306373	0.008075	0.015014
MGYG000003669__gradient_L7_bglucan_gapseq	754	750	109	R_EX_cpd11416_c0	0.306373	0.008075	0.009999
MGYG000003669__gradient_L8_hmo_gapseq	754	750	109	R_EX_cpd11416_c0	0.306373	0.008075	0.009828
MGYG000003669__gradient_L9_mos_gapseq	754	750	109	R_EX_cpd11416_c0	0.306373	0.008075	0.011480
MGYG000003679__gradient_L0_base_gapseq	1052	1163	245	R_EX_cpd11416_c0	-0.000000	0.012844	0.007115
MGYG000003679__gradient_L1_inulin_gapseq	1052	1163	245	R_EX_cpd11416_c0	-0.000000	0.012844	0.009036
MGYG000003679__gradient_L2_fos_gapseq	1052	1163	245	R_EX_cpd11416_c0	-0.000000	0.012844	0.006482
MGYG000003679__gradient_L3_gos_gapseq	1052	1163	245	R_EX_cpd11416_c0	0.412833	0.012844	0.017294
MGYG000003679__gradient_L4_xos_gapseq	1052	1163	245	R_EX_cpd11416_c0	0.447092	0.012844	0.020826
MGYG000003679__gradient_L5_pectin_gapseq	1052	1163	245	R_EX_cpd11416_c0	0.447092	0.012844	0.017163
MGYG000003679__gradient_L6_resistant_starch_gapseq	1052	1163	245	R_EX_cpd11416_c0	0.734516	0.012844	0.017218
MGYG000003679__gradient_L7_bglucan_gapseq	1052	1163	245	R_EX_cpd11416_c0	0.845063	0.012844	0.022477
MGYG000003679__gradient_L8_hmo_gapseq	1052	1163	245	R_EX_cpd11416_c0	0.845063	0.012844	0.016976
MGYG000003679__gradient_L9_mos_gapseq	1052	1163	245	R_EX_cpd11416_c0	0.845063	0.012844	0.022599
MGYG000003685__gradient_L0_base_gapseq	1174	1321	332	R_EX_cpd11416_c0	0.795421	0.014458	0.024342
MGYG000003685__gradient_L1_inulin_gapseq	1174	1321	332	R_EX_cpd11416_c0	1.087098	0.014458	0.019252
MGYG000003685__gradient_L2_fos_gapseq	1174	1321	332	R_EX_cpd11416_c0	1.087098	0.014458	0.023859
MGYG000003685__gradient_L3_gos_gapseq	1174	1321	332	R_EX_cpd11416_c0	1.380550	0.014458	0.025409
MGYG000003685__gradient_L4_xos_gapseq	1174	1321	332	R_EX_cpd11416_c0	1.380550	0.014458	0.019081
MGYG000003685__gradient_L5_pectin_gapseq	1174	1321	332	R_EX_cpd11416_c0	1.380550	0.014458	0.024758
MGYG000003685__gradient_L6_resistant_starch_gapseq	1174	1321	332	R_EX_cpd11416_c0	1.996355	0.014458	0.021987
MGYG000003685__gradient_L7_bglucan_gapseq	1174	1321	332	R_EX_cpd11416_c0	2.203106	0.014458	0.025459
MGYG000003685__gradient_L8_hmo_gapseq	1174	1321	332	R_EX_cpd11416_c0	2.203106	0.014458	0.025260
MGYG000003685__gradient_L9_mos_gapseq	1174	1321	332	R_EX_cpd11416_c0	2.345386	0.014458	0.019651
MGYG000003686__gradient_L0_base_gapseq	1209	1282	324	R_EX_cpd11416_c0	-0.000000	0.014570	0.006979
MGYG000003686__gradient_L1_inulin_gapseq	1209	1282	324	R_EX_cpd11416_c0	-0.000000	0.014570	0.010615
MGYG000003686__gradient_L2_fos_gapseq	1209	1282	324	R_EX_cpd11416_c0	-0.000000	0.014570	0.010625
MGYG000003686__gradient_L3_gos_gapseq	1209	1282	324	R_EX_cpd11416_c0	-0.000000	0.014570	0.008337
MGYG000003686__gradient_L4_xos_gapseq	1209	1282	324	R_EX_cpd11416_c0	-0.000000	0.014570	0.008389
MGYG000003686__gradient_L5_pectin_gapseq	1209	1282	324	R_EX_cpd11416_c0	-0.000000	0.014570	0.009777
MGYG000003686__gradient_L6_resistant_starch_gapseq	1209	1282	324	R_EX_cpd11416_c0	-0.000000	0.014570	0.011171
MGYG000003686__gradient_L7_bglucan_gapseq	1209	1282	324	R_EX_cpd11416_c0	-0.000000	0.014570	0.011912
MGYG000003686__gradient_L8_hmo_gapseq	1209	1282	324	R_EX_cpd11416_c0	-0.000000	0.014570	0.008654
MGYG000003686__gradient_L9_mos_gapseq	1209	1282	324	R_EX_cpd11416_c0	-0.000000	0.014570	0.007705
MGYG000003687__gradient_L0_base_gapseq	1915	2293	718	R_EX_cpd11416_c0	0.833221	0.024401	0.054228
MGYG000003687__gradient_L1_inulin_gapseq	1915	2293	718	R_EX_cpd11416_c0	1.065754	0.024401	0.053122
MGYG000003687__gradient_L2_fos_gapseq	1915	2293	718	R_EX_cpd11416_c0	1.065754	0.024401	0.058563
MGYG000003687__gradient_L3_gos_gapseq	1915	2293	718	R_EX_cpd11416_c0	1.311160	0.024401	0.052860
MGYG000003687__gradient_L4_xos_gapseq	1915	2293	718	R_EX_cpd11416_c0	1.374264	0.024401	0.052772
MGYG000003687__gradient_L5_pectin_gapseq	1915	2293	718	R_EX_cpd11416_c0	1.406985	0.024401	0.052692
MGYG000003687__gradient_L6_resistant_starch_gapseq	1915	2293	718	R_EX_cpd11416_c0	1.918832	0.024401	0.054388
MGYG000003687__gradient_L7_bglucan_gapseq	1915	2293	718	R_EX_cpd11416_c0	2.094122	0.024401	0.058851
MGYG000003687__gradient_L8_hmo_gapseq	1915	2293	718	R_EX_cpd11416_c0	2.094122	0.024401	0.053231
MGYG000003687__gradient_L9_mos_gapseq	1915	2293	718	R_EX_cpd11416_c0	2.206308	0.024401	0.056281
MGYG000003688__gradient_L0_base_gapseq	1184	1322	325	R_EX_cpd11416_c0	0.400291	0.013862	0.020999
MGYG000003688__gradient_L1_inulin_gapseq	1184	1322	325	R_EX_cpd11416_c0	0.590910	0.013862	0.025530
MGYG000003688__gradient_L2_fos_gapseq	1184	1322	325	R_EX_cpd11416_c0	0.590910	0.013862	0.021696
MGYG000003688__gradient_L3_gos_gapseq	1184	1322	325	R_EX_cpd11416_c0	0.762468	0.013862	0.020421
MGYG000003688__gradient_L4_xos_gapseq	1184	1322	325	R_EX_cpd11416_c0	0.762468	0.013862	0.020072
MGYG000003688__gradient_L5_pectin_gapseq	1184	1322	325	R_EX_cpd11416_c0	0.762468	0.013862	0.026217
MGYG000003688__gradient_L6_resistant_starch_gapseq	1184	1322	325	R_EX_cpd11416_c0	1.161939	0.013862	0.020095
MGYG000003688__gradient_L7_bglucan_gapseq	1184	1322	325	R_EX_cpd11416_c0	1.161939	0.013862	0.024253
MGYG000003688__gradient_L8_hmo_gapseq	1184	1322	325	R_EX_cpd11416_c0	1.161939	0.013862	0.023097
MGYG000003688__gradient_L9_mos_gapseq	1184	1322	325	R_EX_cpd11416_c0	1.255456	0.013862	0.025585
MGYG000003696__gradient_L0_base_gapseq	1173	1321	341	R_EX_cpd11416_c0	0.795027	0.014489	0.019554
MGYG000003696__gradient_L1_inulin_gapseq	1173	1321	341	R_EX_cpd11416_c0	1.086579	0.014489	0.024737
MGYG000003696__gradient_L2_fos_gapseq	1173	1321	341	R_EX_cpd11416_c0	1.086579	0.014489	0.019009
MGYG000003696__gradient_L3_gos_gapseq	1173	1321	341	R_EX_cpd11416_c0	1.379891	0.014489	0.024952
MGYG000003696__gradient_L4_xos_gapseq	1173	1321	341	R_EX_cpd11416_c0	1.379891	0.014489	0.019500
MGYG000003696__gradient_L5_pectin_gapseq	1173	1321	341	R_EX_cpd11416_c0	1.379891	0.014489	0.024369
MGYG000003696__gradient_L6_resistant_starch_gapseq	1173	1321	341	R_EX_cpd11416_c0	1.995402	0.014489	0.019285
MGYG000003696__gradient_L7_bglucan_gapseq	1173	1321	341	R_EX_cpd11416_c0	1.995402	0.014489	0.019835
MGYG000003696__gradient_L8_hmo_gapseq	1173	1321	341	R_EX_cpd11416_c0	1.995402	0.014489	0.024956
MGYG000003696__gradient_L9_mos_gapseq	1173	1321	341	R_EX_cpd11416_c0	2.137614	0.014489	0.024388
MGYG000003702__gradient_L0_base_gapseq	1339	1510	421	R_EX_cpd11416_c0	-0.000000	0.016292	0.009031
MGYG000003702__gradient_L1_inulin_gapseq	1339	1510	421	R_EX_cpd11416_c0	0.967491	0.016292	0.023303
MGYG000003702__gradient_L2_fos_gapseq	1339	1510	421	R_EX_cpd11416_c0	0.967491	0.016292	0.025843
MGYG000003702__gradient_L3_gos_gapseq	1339	1510	421	R_EX_cpd11416_c0	1.213279	0.016292	0.025031
MGYG000003702__gradient_L4_xos_gapseq	1339	1510	421	R_EX_cpd11416_c0	1.213279	0.016292	0.025136
MGYG000003702__gradient_L5_pectin_gapseq	1339	1510	421	R_EX_cpd11416_c0	1.213279	0.016292	0.026774
MGYG000003702__gradient_L6_resistant_starch_gapseq	1339	1510	421	R_EX_cpd11416_c0	1.745889	0.016292	0.029383
MGYG000003702__gradient_L7_bglucan_gapseq	1339	1510	421	R_EX_cpd11416_c0	1.924899	0.016292	0.034726
MGYG000003702__gradient_L8_hmo_gapseq	1339	1510	421	R_EX_cpd11416_c0	2.057499	0.016292	0.023834
MGYG000003702__gradient_L9_mos_gapseq	1339	1510	421	R_EX_cpd11416_c0	2.145899	0.016292	0.034334
MGYG000003703__gradient_L0_base_gapseq	1031	1180	318	R_EX_cpd11416_c0	0.399456	0.012632	0.018064
MGYG000003703__gradient_L1_inulin_gapseq	1031	1180	318	R_EX_cpd11416_c0	0.589678	0.012632	0.024029
MGYG000003703__gradient_L2_fos_gapseq	1031	1180	318	R_EX_cpd11416_c0	0.589678	0.012632	0.018188
MGYG000003703__gradient_L3_gos_gapseq	1031	1180	318	R_EX_cpd11416_c0	0.760877	0.012632	0.023688
MGYG000003703__gradient_L4_xos_gapseq	1031	1180	318	R_EX_cpd11416_c0	0.760877	0.012632	0.018761
MGYG000003703__gradient_L5_pectin_gapseq	1031	1180	318	R_EX_cpd11416_c0	0.760877	0.012632	0.029388
MGYG000003703__gradient_L6_resistant_starch_gapseq	1031	1180	318	R_EX_cpd11416_c0	1.159561	0.012632	0.017919
MGYG000003703__gradient_L7_bglucan_gapseq	1031	1180	318	R_EX_cpd11416_c0	1.159561	0.012632	0.023093
MGYG000003703__gradient_L8_hmo_gapseq	1031	1180	318	R_EX_cpd11416_c0	1.159561	0.012632	0.017830
MGYG000003703__gradient_L9_mos_gapseq	1031	1180	318	R_EX_cpd11416_c0	1.252887	0.012632	0.018169
MGYG000003713__gradient_L0_base_gapseq	1237	1337	324	R_EX_cpd11416_c0	0.365371	0.016794	0.024710
MGYG000003713__gradient_L1_inulin_gapseq	1237	1337	324	R_EX_cpd11416_c0	0.517820	0.016794	0.027637
MGYG000003713__gradient_L2_fos_gapseq	1237	1337	324	R_EX_cpd11416_c0	0.517820	0.016794	0.022151
MGYG000003713__gradient_L3_gos_gapseq	1237	1337	324	R_EX_cpd11416_c0	0.517820	0.016794	0.027533
MGYG000003713__gradient_L4_xos_gapseq	1237	1337	324	R_EX_cpd11416_c0	0.517820	0.016794	0.024050
MGYG000003713__gradient_L5_pectin_gapseq	1237	1337	324	R_EX_cpd11416_c0	0.517820	0.016794	0.022047
MGYG000003713__gradient_L6_resistant_starch_gapseq	1237	1337	324	R_EX_cpd11416_c0	0.517820	0.016794	0.028152
MGYG000003713__gradient_L7_bglucan_gapseq	1237	1337	324	R_EX_cpd11416_c0	0.517820	0.016794	0.026675
MGYG000003713__gradient_L8_hmo_gapseq	1237	1337	324	R_EX_cpd11416_c0	0.517820	0.016794	0.022905
MGYG000003713__gradient_L9_mos_gapseq	1237	1337	324	R_EX_cpd11416_c0	0.517820	0.016794	0.028776
MGYG000003739__gradient_L0_base_gapseq	1457	1748	389	R_EX_cpd11416_c0	0.490134	0.020321	0.041625
MGYG000003739__gradient_L1_inulin_gapseq	1457	1748	389	R_EX_cpd11416_c0	0.646980	0.020321	0.037397
MGYG000003739__gradient_L2_fos_gapseq	1457	1748	389	R_EX_cpd11416_c0	0.646980	0.020321	0.033591
MGYG000003739__gradient_L3_gos_gapseq	1457	1748	389	R_EX_cpd11416_c0	0.794023	0.020321	0.035235
MGYG000003739__gradient_L4_xos_gapseq	1457	1748	389	R_EX_cpd11416_c0	0.794023	0.020321	0.034909
MGYG000003739__gradient_L5_pectin_gapseq	1457	1748	389	R_EX_cpd11416_c0	0.794023	0.020321	0.035561
MGYG000003739__gradient_L6_resistant_starch_gapseq	1457	1748	389	R_EX_cpd11416_c0	1.117541	0.020321	0.031991
MGYG000003739__gradient_L7_bglucan_gapseq	1457	1748	389	R_EX_cpd11416_c0	1.117541	0.020321	0.035675
MGYG000003739__gradient_L8_hmo_gapseq	1457	1748	389	R_EX_cpd11416_c0	1.117541	0.020321	0.035715
MGYG000003739__gradient_L9_mos_gapseq	1457	1748	389	R_EX_cpd11416_c0	1.194447	0.020321	0.035887
MGYG000003742__gradient_L0_base_gapseq	1235	1394	292	R_EX_cpd11416_c0	-0.000000	0.014372	0.009676
MGYG000003742__gradient_L1_inulin_gapseq	1235	1394	292	R_EX_cpd11416_c0	-0.000000	0.014372	0.012490
MGYG000003742__gradient_L2_fos_gapseq	1235	1394	292	R_EX_cpd11416_c0	-0.000000	0.014372	0.013974
MGYG000003742__gradient_L3_gos_gapseq	1235	1394	292	R_EX_cpd11416_c0	-0.000000	0.014372	0.015375
MGYG000003742__gradient_L4_xos_gapseq	1235	1394	292	R_EX_cpd11416_c0	-0.000000	0.014372	0.009899
MGYG000003742__gradient_L5_pectin_gapseq	1235	1394	292	R_EX_cpd11416_c0	-0.000000	0.014372	0.009783
MGYG000003742__gradient_L6_resistant_starch_gapseq	1235	1394	292	R_EX_cpd11416_c0	-0.000000	0.014372	0.015244
MGYG000003742__gradient_L7_bglucan_gapseq	1235	1394	292	R_EX_cpd11416_c0	-0.000000	0.014372	0.009903
MGYG000003742__gradient_L8_hmo_gapseq	1235	1394	292	R_EX_cpd11416_c0	-0.000000	0.014372	0.009971
MGYG000003742__gradient_L9_mos_gapseq	1235	1394	292	R_EX_cpd11416_c0	-0.000000	0.014372	0.012871
MGYG000003773__gradient_L0_base_gapseq	1025	1160	301	R_EX_cpd11416_c0	-0.000000	0.017155	0.006957
MGYG000003773__gradient_L1_inulin_gapseq	1025	1160	301	R_EX_cpd11416_c0	-0.000000	0.017155	0.009456
MGYG000003773__gradient_L2_fos_gapseq	1025	1160	301	R_EX_cpd11416_c0	-0.000000	0.017155	0.009519
MGYG000003773__gradient_L3_gos_gapseq	1025	1160	301	R_EX_cpd11416_c0	1.052089	0.017155	0.017328
MGYG000003773__gradient_L4_xos_gapseq	1025	1160	301	R_EX_cpd11416_c0	1.057839	0.017155	0.022609
MGYG000003773__gradient_L5_pectin_gapseq	1025	1160	301	R_EX_cpd11416_c0	1.057839	0.017155	0.017623
MGYG000003773__gradient_L6_resistant_starch_gapseq	1025	1160	301	R_EX_cpd11416_c0	1.696540	0.017155	0.023409
MGYG000003773__gradient_L7_bglucan_gapseq	1025	1160	301	R_EX_cpd11416_c0	1.916094	0.017155	0.019841
MGYG000003773__gradient_L8_hmo_gapseq	1025	1160	301	R_EX_cpd11416_c0	1.916094	0.017155	0.017459
MGYG000003773__gradient_L9_mos_gapseq	1025	1160	301	R_EX_cpd11416_c0	2.022544	0.017155	0.026347
MGYG000003788__gradient_L0_base_gapseq	1045	1094	276	R_EX_cpd11416_c0	0.415574	0.011803	0.021693
MGYG000003788__gradient_L1_inulin_gapseq	1045	1094	276	R_EX_cpd11416_c0	0.451909	0.011803	0.020272
MGYG000003788__gradient_L2_fos_gapseq	1045	1094	276	R_EX_cpd11416_c0	0.451909	0.011803	0.016007
MGYG000003788__gradient_L3_gos_gapseq	1045	1094	276	R_EX_cpd11416_c0	0.451909	0.011803	0.018709
MGYG000003788__gradient_L4_xos_gapseq	1045	1094	276	R_EX_cpd11416_c0	0.451909	0.011803	0.018607
MGYG000003788__gradient_L5_pectin_gapseq	1045	1094	276	R_EX_cpd11416_c0	0.451909	0.011803	0.015941
MGYG000003788__gradient_L6_resistant_starch_gapseq	1045	1094	276	R_EX_cpd11416_c0	0.488245	0.011803	0.019267
MGYG000003788__gradient_L7_bglucan_gapseq	1045	1094	276	R_EX_cpd11416_c0	0.488245	0.011803	0.015808
MGYG000003788__gradient_L8_hmo_gapseq	1045	1094	276	R_EX_cpd11416_c0	0.488245	0.011803	0.019109
MGYG000003788__gradient_L9_mos_gapseq	1045	1094	276	R_EX_cpd11416_c0	0.488245	0.011803	0.018419
MGYG000003802__gradient_L0_base_gapseq	1098	1106	225	R_EX_cpd11416_c0	-0.000000	0.012042	0.006462
MGYG000003802__gradient_L1_inulin_gapseq	1098	1106	225	R_EX_cpd11416_c0	-0.000000	0.012042	0.010744
MGYG000003802__gradient_L2_fos_gapseq	1098	1106	225	R_EX_cpd11416_c0	-0.000000	0.012042	0.006630
MGYG000003802__gradient_L3_gos_gapseq	1098	1106	225	R_EX_cpd11416_c0	-0.000000	0.012042	0.006013
MGYG000003802__gradient_L4_xos_gapseq	1098	1106	225	R_EX_cpd11416_c0	-0.000000	0.012042	0.006391
MGYG000003802__gradient_L5_pectin_gapseq	1098	1106	225	R_EX_cpd11416_c0	-0.000000	0.012042	0.006170
MGYG000003802__gradient_L6_resistant_starch_gapseq	1098	1106	225	R_EX_cpd11416_c0	-0.000000	0.012042	0.008130
MGYG000003802__gradient_L7_bglucan_gapseq	1098	1106	225	R_EX_cpd11416_c0	-0.000000	0.012042	0.006422
MGYG000003802__gradient_L8_hmo_gapseq	1098	1106	225	R_EX_cpd11416_c0	-0.000000	0.012042	0.011549
MGYG000003802__gradient_L9_mos_gapseq	1098	1106	225	R_EX_cpd11416_c0	-0.000000	0.012042	0.006375
MGYG000003829__gradient_L0_base_gapseq	1201	1279	217	R_EX_cpd11416_c0	-0.000000	0.013465	0.007952
MGYG000003829__gradient_L1_inulin_gapseq	1201	1279	217	R_EX_cpd11416_c0	-0.000000	0.013465	0.008021
MGYG000003829__gradient_L2_fos_gapseq	1201	1279	217	R_EX_cpd11416_c0	-0.000000	0.013465	0.007955
MGYG000003829__gradient_L3_gos_gapseq	1201	1279	217	R_EX_cpd11416_c0	0.785799	0.013465	0.026808
MGYG000003829__gradient_L4_xos_gapseq	1201	1279	217	R_EX_cpd11416_c0	0.785799	0.013465	0.023952
MGYG000003829__gradient_L5_pectin_gapseq	1201	1279	217	R_EX_cpd11416_c0	0.785799	0.013465	0.019077
MGYG000003829__gradient_L6_resistant_starch_gapseq	1201	1279	217	R_EX_cpd11416_c0	1.411364	0.013465	0.019850
MGYG000003829__gradient_L7_bglucan_gapseq	1201	1279	217	R_EX_cpd11416_c0	1.411364	0.013465	0.019617
MGYG000003829__gradient_L8_hmo_gapseq	1201	1279	217	R_EX_cpd11416_c0	1.411364	0.013465	0.028393
MGYG000003829__gradient_L9_mos_gapseq	1201	1279	217	R_EX_cpd11416_c0	1.546955	0.013465	0.022188
MGYG000003836__gradient_L0_base_gapseq	1231	1278	316	R_EX_cpd11416_c0	0.215065	0.014243	0.023051
MGYG000003836__gradient_L1_inulin_gapseq	1231	1278	316	R_EX_cpd11416_c0	0.273722	0.014243	0.021898
MGYG000003836__gradient_L2_fos_gapseq	1231	1278	316	R_EX_cpd11416_c0	0.273722	0.014243	0.026233
MGYG000003836__gradient_L3_gos_gapseq	1231	1278	316	R_EX_cpd11416_c0	0.273722	0.014243	0.025023
MGYG000003836__gradient_L4_xos_gapseq	1231	1278	316	R_EX_cpd11416_c0	0.273722	0.014243	0.020278
MGYG000003836__gradient_L5_pectin_gapseq	1231	1278	316	R_EX_cpd11416_c0	0.273722	0.014243	0.020515
MGYG000003836__gradient_L6_resistant_starch_gapseq	1231	1278	316	R_EX_cpd11416_c0	0.303051	0.014243	0.025319
MGYG000003836__gradient_L7_bglucan_gapseq	1231	1278	316	R_EX_cpd11416_c0	0.303051	0.014243	0.025954
MGYG000003836__gradient_L8_hmo_gapseq	1231	1278	316	R_EX_cpd11416_c0	0.303051	0.014243	0.024435
MGYG000003836__gradient_L9_mos_gapseq	1231	1278	316	R_EX_cpd11416_c0	0.303051	0.014243	0.029873
MGYG000003842__gradient_L0_base_gapseq	1218	1323	274	R_EX_cpd11416_c0	-0.000000	0.014035	0.009816
MGYG000003842__gradient_L1_inulin_gapseq	1218	1323	274	R_EX_cpd11416_c0	-0.000000	0.014035	0.012154
MGYG000003842__gradient_L2_fos_gapseq	1218	1323	274	R_EX_cpd11416_c0	-0.000000	0.014035	0.008358
MGYG000003842__gradient_L3_gos_gapseq	1218	1323	274	R_EX_cpd11416_c0	-0.000000	0.014035	0.008217
MGYG000003842__gradient_L4_xos_gapseq	1218	1323	274	R_EX_cpd11416_c0	-0.000000	0.014035	0.010791
MGYG000003842__gradient_L5_pectin_gapseq	1218	1323	274	R_EX_cpd11416_c0	-0.000000	0.014035	0.011312
MGYG000003842__gradient_L6_resistant_starch_gapseq	1218	1323	274	R_EX_cpd11416_c0	-0.000000	0.014035	0.008395
MGYG000003842__gradient_L7_bglucan_gapseq	1218	1323	274	R_EX_cpd11416_c0	-0.000000	0.014035	0.010601
MGYG000003842__gradient_L8_hmo_gapseq	1218	1323	274	R_EX_cpd11416_c0	-0.000000	0.014035	0.010792
MGYG000003842__gradient_L9_mos_gapseq	1218	1323	274	R_EX_cpd11416_c0	-0.000000	0.014035	0.008705
MGYG000003852__gradient_L0_base_gapseq	1286	1354	305	R_EX_cpd11416_c0	0.193207	0.014580	0.026863
MGYG000003852__gradient_L1_inulin_gapseq	1286	1354	305	R_EX_cpd11416_c0	0.307355	0.014580	0.027365
MGYG000003852__gradient_L2_fos_gapseq	1286	1354	305	R_EX_cpd11416_c0	0.307355	0.014580	0.022501
MGYG000003852__gradient_L3_gos_gapseq	1286	1354	305	R_EX_cpd11416_c0	0.307355	0.014580	0.026859
MGYG000003852__gradient_L4_xos_gapseq	1286	1354	305	R_EX_cpd11416_c0	0.307355	0.014580	0.033005
MGYG000003852__gradient_L5_pectin_gapseq	1286	1354	305	R_EX_cpd11416_c0	0.307355	0.014580	0.033208
MGYG000003852__gradient_L6_resistant_starch_gapseq	1286	1354	305	R_EX_cpd11416_c0	0.390928	0.014580	0.026506
MGYG000003852__gradient_L7_bglucan_gapseq	1286	1354	305	R_EX_cpd11416_c0	0.390928	0.014580	0.021195
MGYG000003852__gradient_L8_hmo_gapseq	1286	1354	305	R_EX_cpd11416_c0	0.390928	0.014580	0.026909
MGYG000003852__gradient_L9_mos_gapseq	1286	1354	305	R_EX_cpd11416_c0	0.390928	0.014580	0.023376
MGYG000003858__gradient_L0_base_gapseq	1251	1411	318	R_EX_cpd11416_c0	-0.000000	0.014972	0.008374
MGYG000003858__gradient_L1_inulin_gapseq	1251	1411	318	R_EX_cpd11416_c0	-0.000000	0.014972	0.010433
MGYG000003858__gradient_L2_fos_gapseq	1251	1411	318	R_EX_cpd11416_c0	-0.000000	0.014972	0.011988
MGYG000003858__gradient_L3_gos_gapseq	1251	1411	318	R_EX_cpd11416_c0	-0.000000	0.014972	0.008554
MGYG000003858__gradient_L4_xos_gapseq	1251	1411	318	R_EX_cpd11416_c0	0.543025	0.014972	0.019892
MGYG000003858__gradient_L5_pectin_gapseq	1251	1411	318	R_EX_cpd11416_c0	0.543025	0.014972	0.021916
MGYG000003858__gradient_L6_resistant_starch_gapseq	1251	1411	318	R_EX_cpd11416_c0	1.026131	0.014972	0.024665
MGYG000003858__gradient_L7_bglucan_gapseq	1251	1411	318	R_EX_cpd11416_c0	1.184528	0.014972	0.042410
MGYG000003858__gradient_L8_hmo_gapseq	1251	1411	318	R_EX_cpd11416_c0	1.184528	0.014972	0.022536
MGYG000003858__gradient_L9_mos_gapseq	1251	1411	318	R_EX_cpd11416_c0	1.257988	0.014972	0.024225
MGYG000003859__gradient_L0_base_gapseq	973	982	145	R_EX_cpd11416_c0	0.098423	0.010594	0.013811
MGYG000003859__gradient_L1_inulin_gapseq	973	982	145	R_EX_cpd11416_c0	0.239462	0.010594	0.018370
MGYG000003859__gradient_L2_fos_gapseq	973	982	145	R_EX_cpd11416_c0	0.239462	0.010594	0.013095
MGYG000003859__gradient_L3_gos_gapseq	973	982	145	R_EX_cpd11416_c0	0.239462	0.010594	0.018423
MGYG000003859__gradient_L4_xos_gapseq	973	982	145	R_EX_cpd11416_c0	0.239462	0.010594	0.013202
MGYG000003859__gradient_L5_pectin_gapseq	973	982	145	R_EX_cpd11416_c0	0.239462	0.010594	0.014922
MGYG000003859__gradient_L6_resistant_starch_gapseq	973	982	145	R_EX_cpd11416_c0	0.572226	0.010594	0.022366
MGYG000003859__gradient_L7_bglucan_gapseq	973	982	145	R_EX_cpd11416_c0	0.572226	0.010594	0.021250
MGYG000003859__gradient_L8_hmo_gapseq	973	982	145	R_EX_cpd11416_c0	0.572226	0.010594	0.013059
MGYG000003859__gradient_L9_mos_gapseq	973	982	145	R_EX_cpd11416_c0	0.572226	0.010594	0.022183
MGYG000003876__gradient_L0_base_gapseq	1441	1576	407	R_EX_cpd11416_c0	1.305326	0.017761	0.035926
MGYG000003876__gradient_L1_inulin_gapseq	1441	1576	407	R_EX_cpd11416_c0	1.470559	0.017761	0.025910
MGYG000003876__gradient_L2_fos_gapseq	1441	1576	407	R_EX_cpd11416_c0	1.470559	0.017761	0.025574
MGYG000003876__gradient_L3_gos_gapseq	1441	1576	407	R_EX_cpd11416_c0	1.569698	0.017761	0.031413
MGYG000003876__gradient_L4_xos_gapseq	1441	1576	407	R_EX_cpd11416_c0	1.569698	0.017761	0.036928
MGYG000003876__gradient_L5_pectin_gapseq	1441	1576	407	R_EX_cpd11416_c0	1.569698	0.017761	0.025879
MGYG000003876__gradient_L6_resistant_starch_gapseq	1441	1576	407	R_EX_cpd11416_c0	2.290524	0.017761	0.037107
MGYG000003876__gradient_L7_bglucan_gapseq	1441	1576	407	R_EX_cpd11416_c0	2.290524	0.017761	0.038561
MGYG000003876__gradient_L8_hmo_gapseq	1441	1576	407	R_EX_cpd11416_c0	2.290524	0.017761	0.035339
MGYG000003876__gradient_L9_mos_gapseq	1441	1576	407	R_EX_cpd11416_c0	2.422710	0.017761	0.030647
MGYG000003878__gradient_L0_base_gapseq	1236	1402	315	R_EX_cpd11416_c0	-0.000000	0.017020	0.009146
MGYG000003878__gradient_L1_inulin_gapseq	1236	1402	315	R_EX_cpd11416_c0	-0.000000	0.017020	0.008958
MGYG000003878__gradient_L2_fos_gapseq	1236	1402	315	R_EX_cpd11416_c0	-0.000000	0.017020	0.009032
MGYG000003878__gradient_L3_gos_gapseq	1236	1402	315	R_EX_cpd11416_c0	-0.000000	0.017020	0.012290
MGYG000003878__gradient_L4_xos_gapseq	1236	1402	315	R_EX_cpd11416_c0	-0.000000	0.017020	0.015449
MGYG000003878__gradient_L5_pectin_gapseq	1236	1402	315	R_EX_cpd11416_c0	-0.000000	0.017020	0.009009
MGYG000003878__gradient_L6_resistant_starch_gapseq	1236	1402	315	R_EX_cpd11416_c0	-0.000000	0.017020	0.009658
MGYG000003878__gradient_L7_bglucan_gapseq	1236	1402	315	R_EX_cpd11416_c0	-0.000000	0.017020	0.009622
MGYG000003878__gradient_L8_hmo_gapseq	1236	1402	315	R_EX_cpd11416_c0	-0.000000	0.017020	0.013904
MGYG000003878__gradient_L9_mos_gapseq	1236	1402	315	R_EX_cpd11416_c0	-0.000000	0.017020	0.009168
MGYG000003883__gradient_L0_base_gapseq	2232	2773	1128	R_EX_cpd11416_c0	-0.000000	0.037197	0.029335
MGYG000003883__gradient_L1_inulin_gapseq	2232	2773	1128	R_EX_cpd11416_c0	-0.000000	0.037197	0.031984
MGYG000003883__gradient_L2_fos_gapseq	2232	2773	1128	R_EX_cpd11416_c0	-0.000000	0.037197	0.031224
MGYG000003883__gradient_L3_gos_gapseq	2232	2773	1128	R_EX_cpd11416_c0	-0.000000	0.037197	0.029976
MGYG000003883__gradient_L4_xos_gapseq	2232	2773	1128	R_EX_cpd11416_c0	-0.000000	0.037197	0.029548
MGYG000003883__gradient_L5_pectin_gapseq	2232	2773	1128	R_EX_cpd11416_c0	-0.000000	0.037197	0.026687
MGYG000003883__gradient_L6_resistant_starch_gapseq	2232	2773	1128	R_EX_cpd11416_c0	3.033649	0.037197	0.073091
MGYG000003883__gradient_L7_bglucan_gapseq	2232	2773	1128	R_EX_cpd11416_c0	3.195793	0.037197	0.077399
MGYG000003883__gradient_L8_hmo_gapseq	2232	2773	1128	R_EX_cpd11416_c0	3.195793	0.037197	0.081171
MGYG000003883__gradient_L9_mos_gapseq	2232	2773	1128	R_EX_cpd11416_c0	3.195793	0.037197	0.080931
MGYG000003899__gradient_L0_base_gapseq	1307	1463	356	R_EX_cpd11416_c0	-0.000000	0.017872	0.009481
MGYG000003899__gradient_L1_inulin_gapseq	1307	1463	356	R_EX_cpd11416_c0	-0.000000	0.017872	0.009057
MGYG000003899__gradient_L2_fos_gapseq	1307	1463	356	R_EX_cpd11416_c0	-0.000000	0.017872	0.009060
MGYG000003899__gradient_L3_gos_gapseq	1307	1463	356	R_EX_cpd11416_c0	-0.000000	0.017872	0.009907
MGYG000003899__gradient_L4_xos_gapseq	1307	1463	356	R_EX_cpd11416_c0	-0.000000	0.017872	0.014735
MGYG000003899__gradient_L5_pectin_gapseq	1307	1463	356	R_EX_cpd11416_c0	-0.000000	0.017872	0.009471
MGYG000003899__gradient_L6_resistant_starch_gapseq	1307	1463	356	R_EX_cpd11416_c0	-0.000000	0.017872	0.009825
MGYG000003899__gradient_L7_bglucan_gapseq	1307	1463	356	R_EX_cpd11416_c0	-0.000000	0.017872	0.010076
MGYG000003899__gradient_L8_hmo_gapseq	1307	1463	356	R_EX_cpd11416_c0	-0.000000	0.017872	0.010031
MGYG000003899__gradient_L9_mos_gapseq	1307	1463	356	R_EX_cpd11416_c0	-0.000000	0.017872	0.012060
MGYG000003906__gradient_L0_base_gapseq	1161	1246	297	R_EX_cpd11416_c0	0.399932	0.013734	0.016976
MGYG000003906__gradient_L1_inulin_gapseq	1161	1246	297	R_EX_cpd11416_c0	0.590381	0.013734	0.022596
MGYG000003906__gradient_L2_fos_gapseq	1161	1246	297	R_EX_cpd11416_c0	0.590381	0.013734	0.022496
MGYG000003906__gradient_L3_gos_gapseq	1161	1246	297	R_EX_cpd11416_c0	0.761785	0.013734	0.017609
MGYG000003906__gradient_L4_xos_gapseq	1161	1246	297	R_EX_cpd11416_c0	0.761785	0.013734	0.022408
MGYG000003906__gradient_L5_pectin_gapseq	1161	1246	297	R_EX_cpd11416_c0	0.761785	0.013734	0.017454
MGYG000003906__gradient_L6_resistant_starch_gapseq	1161	1246	297	R_EX_cpd11416_c0	1.158058	0.013734	0.024197
MGYG000003906__gradient_L7_bglucan_gapseq	1161	1246	297	R_EX_cpd11416_c0	1.158058	0.013734	0.017786
MGYG000003906__gradient_L8_hmo_gapseq	1161	1246	297	R_EX_cpd11416_c0	1.158058	0.013734	0.024105
MGYG000003906__gradient_L9_mos_gapseq	1161	1246	297	R_EX_cpd11416_c0	1.249726	0.013734	0.022484
MGYG000003937__gradient_L0_base_gapseq	1248	1428	377	R_EX_cpd11416_c0	-0.000000	0.015181	0.008753
MGYG000003937__gradient_L1_inulin_gapseq	1248	1428	377	R_EX_cpd11416_c0	-0.000000	0.015181	0.008667
MGYG000003937__gradient_L2_fos_gapseq	1248	1428	377	R_EX_cpd11416_c0	-0.000000	0.015181	0.013657
MGYG000003937__gradient_L3_gos_gapseq	1248	1428	377	R_EX_cpd11416_c0	-0.000000	0.015181	0.011460
MGYG000003937__gradient_L4_xos_gapseq	1248	1428	377	R_EX_cpd11416_c0	-0.000000	0.015181	0.010011
MGYG000003937__gradient_L5_pectin_gapseq	1248	1428	377	R_EX_cpd11416_c0	-0.000000	0.015181	0.009728
MGYG000003937__gradient_L6_resistant_starch_gapseq	1248	1428	377	R_EX_cpd11416_c0	-0.000000	0.015181	0.014636
MGYG000003937__gradient_L7_bglucan_gapseq	1248	1428	377	R_EX_cpd11416_c0	-0.000000	0.015181	0.009751
MGYG000003937__gradient_L8_hmo_gapseq	1248	1428	377	R_EX_cpd11416_c0	-0.000000	0.015181	0.014426
MGYG000003937__gradient_L9_mos_gapseq	1248	1428	377	R_EX_cpd11416_c0	-0.000000	0.015181	0.009254
MGYG000003938__gradient_L0_base_gapseq	1072	1202	307	R_EX_cpd11416_c0	0.225970	0.012644	0.021072
MGYG000003938__gradient_L1_inulin_gapseq	1072	1202	307	R_EX_cpd11416_c0	0.225970	0.012644	0.018286
MGYG000003938__gradient_L2_fos_gapseq	1072	1202	307	R_EX_cpd11416_c0	0.225970	0.012644	0.023628
MGYG000003938__gradient_L3_gos_gapseq	1072	1202	307	R_EX_cpd11416_c0	0.225970	0.012644	0.018062
MGYG000003938__gradient_L4_xos_gapseq	1072	1202	307	R_EX_cpd11416_c0	0.225970	0.012644	0.023123
MGYG000003938__gradient_L5_pectin_gapseq	1072	1202	307	R_EX_cpd11416_c0	0.225970	0.012644	0.018236
MGYG000003938__gradient_L6_resistant_starch_gapseq	1072	1202	307	R_EX_cpd11416_c0	0.225970	0.012644	0.023956
MGYG000003938__gradient_L7_bglucan_gapseq	1072	1202	307	R_EX_cpd11416_c0	0.225970	0.012644	0.019362
MGYG000003938__gradient_L8_hmo_gapseq	1072	1202	307	R_EX_cpd11416_c0	0.225970	0.012644	0.021942
MGYG000003938__gradient_L9_mos_gapseq	1072	1202	307	R_EX_cpd11416_c0	0.225970	0.012644	0.021455
MGYG000003957__gradient_L0_base_gapseq	1586	1866	529	R_EX_cpd11416_c0	-0.000000	0.020426	0.018377
MGYG000003957__gradient_L1_inulin_gapseq	1586	1866	529	R_EX_cpd11416_c0	-0.000000	0.020426	0.013838
MGYG000003957__gradient_L2_fos_gapseq	1586	1866	529	R_EX_cpd11416_c0	-0.000000	0.020426	0.014091
MGYG000003957__gradient_L3_gos_gapseq	1586	1866	529	R_EX_cpd11416_c0	2.205325	0.020426	0.045013
MGYG000003957__gradient_L4_xos_gapseq	1586	1866	529	R_EX_cpd11416_c0	2.397110	0.020426	0.041116
MGYG000003957__gradient_L5_pectin_gapseq	1586	1866	529	R_EX_cpd11416_c0	2.456971	0.020426	0.044864
MGYG000003957__gradient_L6_resistant_starch_gapseq	1586	1866	529	R_EX_cpd11416_c0	3.145378	0.020426	0.038040
MGYG000003957__gradient_L7_bglucan_gapseq	1586	1866	529	R_EX_cpd11416_c0	3.145378	0.020426	0.039922
MGYG000003957__gradient_L8_hmo_gapseq	1586	1866	529	R_EX_cpd11416_c0	3.145378	0.020426	0.041388
MGYG000003957__gradient_L9_mos_gapseq	1586	1866	529	R_EX_cpd11416_c0	3.295288	0.020426	0.041015
MGYG000003961__gradient_L0_base_gapseq	1045	1106	257	R_EX_cpd11416_c0	-0.000000	0.012685	0.005684
MGYG000003961__gradient_L1_inulin_gapseq	1045	1106	257	R_EX_cpd11416_c0	-0.000000	0.012685	0.005559
MGYG000003961__gradient_L2_fos_gapseq	1045	1106	257	R_EX_cpd11416_c0	-0.000000	0.012685	0.005545
MGYG000003961__gradient_L3_gos_gapseq	1045	1106	257	R_EX_cpd11416_c0	-0.000000	0.012685	0.005983
MGYG000003961__gradient_L4_xos_gapseq	1045	1106	257	R_EX_cpd11416_c0	-0.000000	0.012685	0.009496
MGYG000003961__gradient_L5_pectin_gapseq	1045	1106	257	R_EX_cpd11416_c0	-0.000000	0.012685	0.012754
MGYG000003961__gradient_L6_resistant_starch_gapseq	1045	1106	257	R_EX_cpd11416_c0	-0.000000	0.012685	0.013288
MGYG000003961__gradient_L7_bglucan_gapseq	1045	1106	257	R_EX_cpd11416_c0	-0.000000	0.012685	0.009473
MGYG000003961__gradient_L8_hmo_gapseq	1045	1106	257	R_EX_cpd11416_c0	-0.000000	0.012685	0.006407
MGYG000003961__gradient_L9_mos_gapseq	1045	1106	257	R_EX_cpd11416_c0	-0.000000	0.012685	0.006012
MGYG000004022__gradient_L0_base_gapseq	1208	1356	319	R_EX_cpd11416_c0	-0.000000	0.014658	0.008088
MGYG000004022__gradient_L1_inulin_gapseq	1208	1356	319	R_EX_cpd11416_c0	-0.000000	0.014658	0.008140
MGYG000004022__gradient_L2_fos_gapseq	1208	1356	319	R_EX_cpd11416_c0	-0.000000	0.014658	0.010310
MGYG000004022__gradient_L3_gos_gapseq	1208	1356	319	R_EX_cpd11416_c0	-0.000000	0.014658	0.010459
MGYG000004022__gradient_L4_xos_gapseq	1208	1356	319	R_EX_cpd11416_c0	0.965049	0.014658	0.024150
MGYG000004022__gradient_L5_pectin_gapseq	1208	1356	319	R_EX_cpd11416_c0	0.965049	0.014658	0.029913
MGYG000004022__gradient_L6_resistant_starch_gapseq	1208	1356	319	R_EX_cpd11416_c0	1.691289	0.014658	0.022165
MGYG000004022__gradient_L7_bglucan_gapseq	1208	1356	319	R_EX_cpd11416_c0	1.937411	0.014658	0.026937
MGYG000004022__gradient_L8_hmo_gapseq	1208	1356	319	R_EX_cpd11416_c0	1.937411	0.014658	0.025974
MGYG000004022__gradient_L9_mos_gapseq	1208	1356	319	R_EX_cpd11416_c0	2.072042	0.014658	0.021551
MGYG000004029__gradient_L0_base_gapseq	961	997	171	R_EX_cpd11416_c0	-0.000000	0.010409	0.007095
MGYG000004029__gradient_L1_inulin_gapseq	961	997	171	R_EX_cpd11416_c0	0.962188	0.010409	0.016934
MGYG000004029__gradient_L2_fos_gapseq	961	997	171	R_EX_cpd11416_c0	0.962188	0.010409	0.013720
MGYG000004029__gradient_L3_gos_gapseq	961	997	171	R_EX_cpd11416_c0	1.064985	0.010409	0.018757
MGYG000004029__gradient_L4_xos_gapseq	961	997	171	R_EX_cpd11416_c0	1.169860	0.010409	0.013151
MGYG000004029__gradient_L5_pectin_gapseq	961	997	171	R_EX_cpd11416_c0	1.169860	0.010409	0.013372
MGYG000004029__gradient_L6_resistant_starch_gapseq	961	997	171	R_EX_cpd11416_c0	1.888618	0.010409	0.018467
MGYG000004029__gradient_L7_bglucan_gapseq	961	997	171	R_EX_cpd11416_c0	2.141155	0.010409	0.013621
MGYG000004029__gradient_L8_hmo_gapseq	961	997	171	R_EX_cpd11416_c0	2.141155	0.010409	0.018202
MGYG000004029__gradient_L9_mos_gapseq	961	997	171	R_EX_cpd11416_c0	2.279295	0.010409	0.013821
MGYG000004033__gradient_L0_base_gapseq	1104	1164	227	R_EX_cpd11416_c0	-0.000000	0.012300	0.006658
MGYG000004033__gradient_L1_inulin_gapseq	1104	1164	227	R_EX_cpd11416_c0	0.466396	0.012300	0.019349
MGYG000004033__gradient_L2_fos_gapseq	1104	1164	227	R_EX_cpd11416_c0	0.466396	0.012300	0.018773
MGYG000004033__gradient_L3_gos_gapseq	1104	1164	227	R_EX_cpd11416_c0	0.466396	0.012300	0.023463
MGYG000004033__gradient_L4_xos_gapseq	1104	1164	227	R_EX_cpd11416_c0	0.466396	0.012300	0.016767
MGYG000004033__gradient_L5_pectin_gapseq	1104	1164	227	R_EX_cpd11416_c0	0.466396	0.012300	0.023098
MGYG000004033__gradient_L6_resistant_starch_gapseq	1104	1164	227	R_EX_cpd11416_c0	0.607198	0.012300	0.017634
MGYG000004033__gradient_L7_bglucan_gapseq	1104	1164	227	R_EX_cpd11416_c0	0.864601	0.012300	0.016668
MGYG000004033__gradient_L8_hmo_gapseq	1104	1164	227	R_EX_cpd11416_c0	0.864601	0.012300	0.020326
MGYG000004033__gradient_L9_mos_gapseq	1104	1164	227	R_EX_cpd11416_c0	1.004847	0.012300	0.022578
MGYG000004038__gradient_L0_base_gapseq	658	625	84	R_EX_cpd11416_c0	-0.000000	0.007323	0.002719
MGYG000004038__gradient_L1_inulin_gapseq	658	625	84	R_EX_cpd11416_c0	-0.000000	0.007323	0.002987
MGYG000004038__gradient_L2_fos_gapseq	658	625	84	R_EX_cpd11416_c0	-0.000000	0.007323	0.002722
MGYG000004038__gradient_L3_gos_gapseq	658	625	84	R_EX_cpd11416_c0	-0.000000	0.007323	0.002611
MGYG000004038__gradient_L4_xos_gapseq	658	625	84	R_EX_cpd11416_c0	-0.000000	0.007323	0.002640
MGYG000004038__gradient_L5_pectin_gapseq	658	625	84	R_EX_cpd11416_c0	-0.000000	0.007323	0.002639
MGYG000004038__gradient_L6_resistant_starch_gapseq	658	625	84	R_EX_cpd11416_c0	-0.000000	0.007323	0.003252
MGYG000004038__gradient_L7_bglucan_gapseq	658	625	84	R_EX_cpd11416_c0	-0.000000	0.007323	0.006342
MGYG000004038__gradient_L8_hmo_gapseq	658	625	84	R_EX_cpd11416_c0	-0.000000	0.007323	0.003580
MGYG000004038__gradient_L9_mos_gapseq	658	625	84	R_EX_cpd11416_c0	-0.000000	0.007323	0.002666
MGYG000004071__gradient_L0_base_gapseq	1178	1336	298	R_EX_cpd11416_c0	-0.000000	0.013954	0.007856
MGYG000004071__gradient_L1_inulin_gapseq	1178	1336	298	R_EX_cpd11416_c0	-0.000000	0.013954	0.007983
MGYG000004071__gradient_L2_fos_gapseq	1178	1336	298	R_EX_cpd11416_c0	-0.000000	0.013954	0.013084
MGYG000004071__gradient_L3_gos_gapseq	1178	1336	298	R_EX_cpd11416_c0	0.720569	0.013954	0.020258
MGYG000004071__gradient_L4_xos_gapseq	1178	1336	298	R_EX_cpd11416_c0	0.720569	0.013954	0.025327
MGYG000004071__gradient_L5_pectin_gapseq	1178	1336	298	R_EX_cpd11416_c0	0.720569	0.013954	0.022753
MGYG000004071__gradient_L6_resistant_starch_gapseq	1178	1336	298	R_EX_cpd11416_c0	1.326294	0.013954	0.026010
MGYG000004071__gradient_L7_bglucan_gapseq	1178	1336	298	R_EX_cpd11416_c0	1.326294	0.013954	0.026326
MGYG000004071__gradient_L8_hmo_gapseq	1178	1336	298	R_EX_cpd11416_c0	1.326294	0.013954	0.020457
MGYG000004071__gradient_L9_mos_gapseq	1178	1336	298	R_EX_cpd11416_c0	1.326294	0.013954	0.025768
MGYG000004078__gradient_L0_base_gapseq	945	882	120	R_EX_cpd11416_c0	-0.000000	0.010287	0.004074
MGYG000004078__gradient_L1_inulin_gapseq	945	882	120	R_EX_cpd11416_c0	-0.000000	0.010287	0.004296
MGYG000004078__gradient_L2_fos_gapseq	945	882	120	R_EX_cpd11416_c0	-0.000000	0.010287	0.004181
MGYG000004078__gradient_L3_gos_gapseq	945	882	120	R_EX_cpd11416_c0	-0.000000	0.010287	0.003977
MGYG000004078__gradient_L4_xos_gapseq	945	882	120	R_EX_cpd11416_c0	-0.000000	0.010287	0.005127
MGYG000004078__gradient_L5_pectin_gapseq	945	882	120	R_EX_cpd11416_c0	-0.000000	0.010287	0.008690
MGYG000004078__gradient_L6_resistant_starch_gapseq	945	882	120	R_EX_cpd11416_c0	-0.000000	0.010287	0.004488
MGYG000004078__gradient_L7_bglucan_gapseq	945	882	120	R_EX_cpd11416_c0	-0.000000	0.010287	0.004320
MGYG000004078__gradient_L8_hmo_gapseq	945	882	120	R_EX_cpd11416_c0	-0.000000	0.010287	0.004068
MGYG000004078__gradient_L9_mos_gapseq	945	882	120	R_EX_cpd11416_c0	-0.000000	0.010287	0.004121
MGYG000004090__gradient_L0_base_gapseq	1212	1357	316	R_EX_cpd11416_c0	0.293213	0.014203	0.025229
MGYG000004090__gradient_L1_inulin_gapseq	1212	1357	316	R_EX_cpd11416_c0	0.397573	0.014203	0.021894
MGYG000004090__gradient_L2_fos_gapseq	1212	1357	316	R_EX_cpd11416_c0	0.397573	0.014203	0.022586
MGYG000004090__gradient_L3_gos_gapseq	1212	1357	316	R_EX_cpd11416_c0	0.475670	0.014203	0.031037
MGYG000004090__gradient_L4_xos_gapseq	1212	1357	316	R_EX_cpd11416_c0	0.475670	0.014203	0.025981
MGYG000004090__gradient_L5_pectin_gapseq	1212	1357	316	R_EX_cpd11416_c0	0.475670	0.014203	0.020809
MGYG000004090__gradient_L6_resistant_starch_gapseq	1212	1357	316	R_EX_cpd11416_c0	0.579799	0.014203	0.020674
MGYG000004090__gradient_L7_bglucan_gapseq	1212	1357	316	R_EX_cpd11416_c0	0.579799	0.014203	0.024881
MGYG000004090__gradient_L8_hmo_gapseq	1212	1357	316	R_EX_cpd11416_c0	0.579799	0.014203	0.022329
MGYG000004090__gradient_L9_mos_gapseq	1212	1357	316	R_EX_cpd11416_c0	0.683928	0.014203	0.021981
MGYG000004093__gradient_L0_base_gapseq	1327	1411	346	R_EX_cpd11416_c0	-0.000000	0.015573	0.009378
MGYG000004093__gradient_L1_inulin_gapseq	1327	1411	346	R_EX_cpd11416_c0	0.441146	0.015573	0.029185
MGYG000004093__gradient_L2_fos_gapseq	1327	1411	346	R_EX_cpd11416_c0	0.441146	0.015573	0.023018
MGYG000004093__gradient_L3_gos_gapseq	1327	1411	346	R_EX_cpd11416_c0	0.441146	0.015573	0.027851
MGYG000004093__gradient_L4_xos_gapseq	1327	1411	346	R_EX_cpd11416_c0	0.441146	0.015573	0.022848
MGYG000004093__gradient_L5_pectin_gapseq	1327	1411	346	R_EX_cpd11416_c0	0.441146	0.015573	0.027385
MGYG000004093__gradient_L6_resistant_starch_gapseq	1327	1411	346	R_EX_cpd11416_c0	0.441146	0.015573	0.026797
MGYG000004093__gradient_L7_bglucan_gapseq	1327	1411	346	R_EX_cpd11416_c0	0.441146	0.015573	0.023164
MGYG000004093__gradient_L8_hmo_gapseq	1327	1411	346	R_EX_cpd11416_c0	0.441146	0.015573	0.028348
MGYG000004093__gradient_L9_mos_gapseq	1327	1411	346	R_EX_cpd11416_c0	0.441146	0.015573	0.030055
MGYG000004097__gradient_L0_base_gapseq	1211	1352	326	R_EX_cpd11416_c0	0.721839	0.015487	0.022707
MGYG000004097__gradient_L1_inulin_gapseq	1211	1352	326	R_EX_cpd11416_c0	1.012072	0.015487	0.025136
MGYG000004097__gradient_L2_fos_gapseq	1211	1352	326	R_EX_cpd11416_c0	1.012072	0.015487	0.019321
MGYG000004097__gradient_L3_gos_gapseq	1211	1352	326	R_EX_cpd11416_c0	1.247788	0.015487	0.026365
MGYG000004097__gradient_L4_xos_gapseq	1211	1352	326	R_EX_cpd11416_c0	1.259321	0.015487	0.021678
MGYG000004097__gradient_L5_pectin_gapseq	1211	1352	326	R_EX_cpd11416_c0	1.259321	0.015487	0.023463
MGYG000004097__gradient_L6_resistant_starch_gapseq	1211	1352	326	R_EX_cpd11416_c0	1.893566	0.015487	0.025489
MGYG000004097__gradient_L7_bglucan_gapseq	1211	1352	326	R_EX_cpd11416_c0	1.893566	0.015487	0.024097
MGYG000004097__gradient_L8_hmo_gapseq	1211	1352	326	R_EX_cpd11416_c0	1.893566	0.015487	0.031725
MGYG000004097__gradient_L9_mos_gapseq	1211	1352	326	R_EX_cpd11416_c0	2.040106	0.015487	0.021745
MGYG000004103__gradient_L0_base_gapseq	861	813	113	R_EX_cpd11416_c0	-0.000000	0.009004	0.003977
MGYG000004103__gradient_L1_inulin_gapseq	861	813	113	R_EX_cpd11416_c0	-0.000000	0.009004	0.003737
MGYG000004103__gradient_L2_fos_gapseq	861	813	113	R_EX_cpd11416_c0	-0.000000	0.009004	0.004565
MGYG000004103__gradient_L3_gos_gapseq	861	813	113	R_EX_cpd11416_c0	-0.000000	0.009004	0.006396
MGYG000004103__gradient_L4_xos_gapseq	861	813	113	R_EX_cpd11416_c0	-0.000000	0.009004	0.003638
MGYG000004103__gradient_L5_pectin_gapseq	861	813	113	R_EX_cpd11416_c0	-0.000000	0.009004	0.003685
MGYG000004103__gradient_L6_resistant_starch_gapseq	861	813	113	R_EX_cpd11416_c0	-0.000000	0.009004	0.003639
MGYG000004103__gradient_L7_bglucan_gapseq	861	813	113	R_EX_cpd11416_c0	-0.000000	0.009004	0.003515
MGYG000004103__gradient_L8_hmo_gapseq	861	813	113	R_EX_cpd11416_c0	-0.000000	0.009004	0.004377
MGYG000004103__gradient_L9_mos_gapseq	861	813	113	R_EX_cpd11416_c0	-0.000000	0.009004	0.003865
MGYG000004115__gradient_L0_base_gapseq	1180	1216	314	R_EX_cpd11416_c0	-0.000000	0.013506	0.012830
MGYG000004115__gradient_L1_inulin_gapseq	1180	1216	314	R_EX_cpd11416_c0	0.416515	0.013506	0.019092
MGYG000004115__gradient_L2_fos_gapseq	1180	1216	314	R_EX_cpd11416_c0	0.416515	0.013506	0.024960
MGYG000004115__gradient_L3_gos_gapseq	1180	1216	314	R_EX_cpd11416_c0	0.416515	0.013506	0.026302
MGYG000004115__gradient_L4_xos_gapseq	1180	1216	314	R_EX_cpd11416_c0	0.416515	0.013506	0.023942
MGYG000004115__gradient_L5_pectin_gapseq	1180	1216	314	R_EX_cpd11416_c0	0.416515	0.013506	0.021380
MGYG000004115__gradient_L6_resistant_starch_gapseq	1180	1216	314	R_EX_cpd11416_c0	0.416515	0.013506	0.023166
MGYG000004115__gradient_L7_bglucan_gapseq	1180	1216	314	R_EX_cpd11416_c0	0.416515	0.013506	0.018671
MGYG000004115__gradient_L8_hmo_gapseq	1180	1216	314	R_EX_cpd11416_c0	0.416515	0.013506	0.023674
MGYG000004115__gradient_L9_mos_gapseq	1180	1216	314	R_EX_cpd11416_c0	0.416515	0.013506	0.018845
MGYG000004133__gradient_L0_base_gapseq	1272	1373	301	R_EX_cpd11416_c0	-0.000000	0.015061	0.008339
MGYG000004133__gradient_L1_inulin_gapseq	1272	1373	301	R_EX_cpd11416_c0	-0.000000	0.015061	0.010216
MGYG000004133__gradient_L2_fos_gapseq	1272	1373	301	R_EX_cpd11416_c0	-0.000000	0.015061	0.011720
MGYG000004133__gradient_L3_gos_gapseq	1272	1373	301	R_EX_cpd11416_c0	-0.000000	0.015061	0.008625
MGYG000004133__gradient_L4_xos_gapseq	1272	1373	301	R_EX_cpd11416_c0	0.673104	0.015061	0.024486
MGYG000004133__gradient_L5_pectin_gapseq	1272	1373	301	R_EX_cpd11416_c0	0.673104	0.015061	0.025923
MGYG000004133__gradient_L6_resistant_starch_gapseq	1272	1373	301	R_EX_cpd11416_c0	1.250247	0.015061	0.021108
MGYG000004133__gradient_L7_bglucan_gapseq	1272	1373	301	R_EX_cpd11416_c0	1.453879	0.015061	0.025565
MGYG000004133__gradient_L8_hmo_gapseq	1272	1373	301	R_EX_cpd11416_c0	1.453879	0.015061	0.020799
MGYG000004133__gradient_L9_mos_gapseq	1272	1373	301	R_EX_cpd11416_c0	1.558980	0.015061	0.022612
MGYG000004134__gradient_L0_base_gapseq	1169	1245	307	R_EX_cpd11416_c0	-0.000000	0.013195	0.008016
MGYG000004134__gradient_L1_inulin_gapseq	1169	1245	307	R_EX_cpd11416_c0	0.233463	0.013195	0.020449
MGYG000004134__gradient_L2_fos_gapseq	1169	1245	307	R_EX_cpd11416_c0	0.233463	0.013195	0.023949
MGYG000004134__gradient_L3_gos_gapseq	1169	1245	307	R_EX_cpd11416_c0	0.233463	0.013195	0.024899
MGYG000004134__gradient_L4_xos_gapseq	1169	1245	307	R_EX_cpd11416_c0	0.244497	0.013195	0.019464
MGYG000004134__gradient_L5_pectin_gapseq	1169	1245	307	R_EX_cpd11416_c0	0.244497	0.013195	0.025634
MGYG000004134__gradient_L6_resistant_starch_gapseq	1169	1245	307	R_EX_cpd11416_c0	0.249541	0.013195	0.025742
MGYG000004134__gradient_L7_bglucan_gapseq	1169	1245	307	R_EX_cpd11416_c0	0.249541	0.013195	0.023742
MGYG000004134__gradient_L8_hmo_gapseq	1169	1245	307	R_EX_cpd11416_c0	0.249541	0.013195	0.020624
MGYG000004134__gradient_L9_mos_gapseq	1169	1245	307	R_EX_cpd11416_c0	0.249541	0.013195	0.025788
MGYG000004137__gradient_L0_base_gapseq	1165	1244	286	R_EX_cpd11416_c0	-0.000000	0.013484	0.007242
MGYG000004137__gradient_L1_inulin_gapseq	1165	1244	286	R_EX_cpd11416_c0	0.370528	0.013484	0.019061
MGYG000004137__gradient_L2_fos_gapseq	1165	1244	286	R_EX_cpd11416_c0	0.370528	0.013484	0.021194
MGYG000004137__gradient_L3_gos_gapseq	1165	1244	286	R_EX_cpd11416_c0	0.407582	0.013484	0.021370
MGYG000004137__gradient_L4_xos_gapseq	1165	1244	286	R_EX_cpd11416_c0	0.427438	0.013484	0.024313
MGYG000004137__gradient_L5_pectin_gapseq	1165	1244	286	R_EX_cpd11416_c0	0.427438	0.013484	0.017919
MGYG000004137__gradient_L6_resistant_starch_gapseq	1165	1244	286	R_EX_cpd11416_c0	0.716522	0.013484	0.017922
MGYG000004137__gradient_L7_bglucan_gapseq	1165	1244	286	R_EX_cpd11416_c0	0.827708	0.013484	0.018241
MGYG000004137__gradient_L8_hmo_gapseq	1165	1244	286	R_EX_cpd11416_c0	0.827708	0.013484	0.023002
MGYG000004137__gradient_L9_mos_gapseq	1165	1244	286	R_EX_cpd11416_c0	0.827708	0.013484	0.018010
MGYG000004138__gradient_L0_base_gapseq	1153	1163	281	R_EX_cpd11416_c0	-0.000000	0.014077	0.006948
MGYG000004138__gradient_L1_inulin_gapseq	1153	1163	281	R_EX_cpd11416_c0	-0.000000	0.014077	0.011403
MGYG000004138__gradient_L2_fos_gapseq	1153	1163	281	R_EX_cpd11416_c0	-0.000000	0.014077	0.006760
MGYG000004138__gradient_L3_gos_gapseq	1153	1163	281	R_EX_cpd11416_c0	-0.000000	0.014077	0.013131
MGYG000004138__gradient_L4_xos_gapseq	1153	1163	281	R_EX_cpd11416_c0	-0.000000	0.014077	0.010351
MGYG000004138__gradient_L5_pectin_gapseq	1153	1163	281	R_EX_cpd11416_c0	-0.000000	0.014077	0.006944
MGYG000004138__gradient_L6_resistant_starch_gapseq	1153	1163	281	R_EX_cpd11416_c0	-0.000000	0.014077	0.007193
MGYG000004138__gradient_L7_bglucan_gapseq	1153	1163	281	R_EX_cpd11416_c0	-0.000000	0.014077	0.006849
MGYG000004138__gradient_L8_hmo_gapseq	1153	1163	281	R_EX_cpd11416_c0	-0.000000	0.014077	0.006853
MGYG000004138__gradient_L9_mos_gapseq	1153	1163	281	R_EX_cpd11416_c0	-0.000000	0.014077	0.010969
MGYG000004142__gradient_L0_base_gapseq	1288	1387	353	R_EX_cpd11416_c0	0.381971	0.015527	0.021570
MGYG000004142__gradient_L1_inulin_gapseq	1288	1387	353	R_EX_cpd11416_c0	0.381971	0.015527	0.026487
MGYG000004142__gradient_L2_fos_gapseq	1288	1387	353	R_EX_cpd11416_c0	0.381971	0.015527	0.026755
MGYG000004142__gradient_L3_gos_gapseq	1288	1387	353	R_EX_cpd11416_c0	0.477466	0.015527	0.021616
MGYG000004142__gradient_L4_xos_gapseq	1288	1387	353	R_EX_cpd11416_c0	0.568334	0.015527	0.025923
MGYG000004142__gradient_L5_pectin_gapseq	1288	1387	353	R_EX_cpd11416_c0	0.568334	0.015527	0.022575
MGYG000004142__gradient_L6_resistant_starch_gapseq	1288	1387	353	R_EX_cpd11416_c0	0.674898	0.015527	0.033191
MGYG000004142__gradient_L7_bglucan_gapseq	1288	1387	353	R_EX_cpd11416_c0	0.674898	0.015527	0.027496
MGYG000004142__gradient_L8_hmo_gapseq	1288	1387	353	R_EX_cpd11416_c0	0.674898	0.015527	0.029384
MGYG000004142__gradient_L9_mos_gapseq	1288	1387	353	R_EX_cpd11416_c0	0.674898	0.015527	0.024409
MGYG000004153__gradient_L0_base_gapseq	1258	1378	351	R_EX_cpd11416_c0	-0.000000	0.014639	0.008218
MGYG000004153__gradient_L1_inulin_gapseq	1258	1378	351	R_EX_cpd11416_c0	-0.000000	0.014639	0.010416
MGYG000004153__gradient_L2_fos_gapseq	1258	1378	351	R_EX_cpd11416_c0	-0.000000	0.014639	0.011975
MGYG000004153__gradient_L3_gos_gapseq	1258	1378	351	R_EX_cpd11416_c0	0.736509	0.014639	0.021972
MGYG000004153__gradient_L4_xos_gapseq	1258	1378	351	R_EX_cpd11416_c0	0.833638	0.014639	0.026117
MGYG000004153__gradient_L5_pectin_gapseq	1258	1378	351	R_EX_cpd11416_c0	0.897930	0.014639	0.024875
MGYG000004153__gradient_L6_resistant_starch_gapseq	1258	1378	351	R_EX_cpd11416_c0	1.020846	0.014639	0.020246
MGYG000004153__gradient_L7_bglucan_gapseq	1258	1378	351	R_EX_cpd11416_c0	1.020846	0.014639	0.025979
MGYG000004153__gradient_L8_hmo_gapseq	1258	1378	351	R_EX_cpd11416_c0	1.020846	0.014639	0.019746
MGYG000004153__gradient_L9_mos_gapseq	1258	1378	351	R_EX_cpd11416_c0	1.020846	0.014639	0.026216
MGYG000004165__gradient_L0_base_gapseq	1090	1201	277	R_EX_cpd11416_c0	-0.000000	0.016988	0.006518
MGYG000004165__gradient_L1_inulin_gapseq	1090	1201	277	R_EX_cpd11416_c0	-0.000000	0.016988	0.007405
MGYG000004165__gradient_L2_fos_gapseq	1090	1201	277	R_EX_cpd11416_c0	-0.000000	0.016988	0.007513
MGYG000004165__gradient_L3_gos_gapseq	1090	1201	277	R_EX_cpd11416_c0	-0.000000	0.016988	0.011670
MGYG000004165__gradient_L4_xos_gapseq	1090	1201	277	R_EX_cpd11416_c0	0.303375	0.016988	0.018075
MGYG000004165__gradient_L5_pectin_gapseq	1090	1201	277	R_EX_cpd11416_c0	0.303375	0.016988	0.020762
MGYG000004165__gradient_L6_resistant_starch_gapseq	1090	1201	277	R_EX_cpd11416_c0	0.303375	0.016988	0.018496
MGYG000004165__gradient_L7_bglucan_gapseq	1090	1201	277	R_EX_cpd11416_c0	0.303375	0.016988	0.016977
MGYG000004165__gradient_L8_hmo_gapseq	1090	1201	277	R_EX_cpd11416_c0	0.303375	0.016988	0.021619
MGYG000004165__gradient_L9_mos_gapseq	1090	1201	277	R_EX_cpd11416_c0	0.303375	0.016988	0.016920
MGYG000004175__gradient_L0_base_gapseq	710	669	94	R_EX_cpd11416_c0	-0.000000	0.007244	0.002943
MGYG000004175__gradient_L1_inulin_gapseq	710	669	94	R_EX_cpd11416_c0	-0.000000	0.007244	0.003085
MGYG000004175__gradient_L2_fos_gapseq	710	669	94	R_EX_cpd11416_c0	-0.000000	0.007244	0.003136
MGYG000004175__gradient_L3_gos_gapseq	710	669	94	R_EX_cpd11416_c0	-0.000000	0.007244	0.003011
MGYG000004175__gradient_L4_xos_gapseq	710	669	94	R_EX_cpd11416_c0	-0.000000	0.007244	0.002932
MGYG000004175__gradient_L5_pectin_gapseq	710	669	94	R_EX_cpd11416_c0	-0.000000	0.007244	0.002906
MGYG000004175__gradient_L6_resistant_starch_gapseq	710	669	94	R_EX_cpd11416_c0	-0.000000	0.007244	0.002880
MGYG000004175__gradient_L7_bglucan_gapseq	710	669	94	R_EX_cpd11416_c0	-0.000000	0.007244	0.002838
MGYG000004175__gradient_L8_hmo_gapseq	710	669	94	R_EX_cpd11416_c0	-0.000000	0.007244	0.002942
MGYG000004175__gradient_L9_mos_gapseq	710	669	94	R_EX_cpd11416_c0	-0.000000	0.007244	0.002871
MGYG000004192__gradient_L0_base_gapseq	800	760	89	R_EX_cpd11416_c0	-0.000000	0.009125	0.003063
MGYG000004192__gradient_L1_inulin_gapseq	800	760	89	R_EX_cpd11416_c0	-0.000000	0.009125	0.003213
MGYG000004192__gradient_L2_fos_gapseq	800	760	89	R_EX_cpd11416_c0	-0.000000	0.009125	0.003070
MGYG000004192__gradient_L3_gos_gapseq	800	760	89	R_EX_cpd11416_c0	-0.000000	0.009125	0.005811
MGYG000004192__gradient_L4_xos_gapseq	800	760	89	R_EX_cpd11416_c0	-0.000000	0.009125	0.007730
MGYG000004192__gradient_L5_pectin_gapseq	800	760	89	R_EX_cpd11416_c0	-0.000000	0.009125	0.004467
MGYG000004192__gradient_L6_resistant_starch_gapseq	800	760	89	R_EX_cpd11416_c0	-0.000000	0.009125	0.003177
MGYG000004192__gradient_L7_bglucan_gapseq	800	760	89	R_EX_cpd11416_c0	-0.000000	0.009125	0.003270
MGYG000004192__gradient_L8_hmo_gapseq	800	760	89	R_EX_cpd11416_c0	-0.000000	0.009125	0.003091
MGYG000004192__gradient_L9_mos_gapseq	800	760	89	R_EX_cpd11416_c0	-0.000000	0.009125	0.003104
MGYG000004208__gradient_L0_base_gapseq	1209	1384	305	R_EX_cpd11416_c0	-0.000000	0.014204	0.008802
MGYG000004208__gradient_L1_inulin_gapseq	1209	1384	305	R_EX_cpd11416_c0	-0.000000	0.014204	0.009007
MGYG000004208__gradient_L2_fos_gapseq	1209	1384	305	R_EX_cpd11416_c0	-0.000000	0.014204	0.014276
MGYG000004208__gradient_L3_gos_gapseq	1209	1384	305	R_EX_cpd11416_c0	-0.000000	0.014204	0.010524
MGYG000004208__gradient_L4_xos_gapseq	1209	1384	305	R_EX_cpd11416_c0	0.275486	0.014204	0.022476
MGYG000004208__gradient_L5_pectin_gapseq	1209	1384	305	R_EX_cpd11416_c0	0.275486	0.014204	0.024506
MGYG000004208__gradient_L6_resistant_starch_gapseq	1209	1384	305	R_EX_cpd11416_c0	0.341804	0.014204	0.020011
MGYG000004208__gradient_L7_bglucan_gapseq	1209	1384	305	R_EX_cpd11416_c0	0.447223	0.014204	0.026180
MGYG000004208__gradient_L8_hmo_gapseq	1209	1384	305	R_EX_cpd11416_c0	0.447223	0.014204	0.019802
MGYG000004208__gradient_L9_mos_gapseq	1209	1384	305	R_EX_cpd11416_c0	0.511114	0.014204	0.019546
MGYG000004216__gradient_L0_base_gapseq	693	665	95	R_EX_cpd11416_c0	-0.000000	0.007186	0.002722
MGYG000004216__gradient_L1_inulin_gapseq	693	665	95	R_EX_cpd11416_c0	0.083432	0.007186	0.013384
MGYG000004216__gradient_L2_fos_gapseq	693	665	95	R_EX_cpd11416_c0	0.083432	0.007186	0.016730
MGYG000004216__gradient_L3_gos_gapseq	693	665	95	R_EX_cpd11416_c0	0.083432	0.007186	0.008307
MGYG000004216__gradient_L4_xos_gapseq	693	665	95	R_EX_cpd11416_c0	0.083432	0.007186	0.007337
MGYG000004216__gradient_L5_pectin_gapseq	693	665	95	R_EX_cpd11416_c0	0.083432	0.007186	0.007138
MGYG000004216__gradient_L6_resistant_starch_gapseq	693	665	95	R_EX_cpd11416_c0	0.083432	0.007186	0.007384
MGYG000004216__gradient_L7_bglucan_gapseq	693	665	95	R_EX_cpd11416_c0	0.083432	0.007186	0.012883
MGYG000004216__gradient_L8_hmo_gapseq	693	665	95	R_EX_cpd11416_c0	0.083432	0.007186	0.007745
MGYG000004216__gradient_L9_mos_gapseq	693	665	95	R_EX_cpd11416_c0	0.083432	0.007186	0.007837
MGYG000004219__gradient_L0_base_gapseq	1238	1379	304	R_EX_cpd11416_c0	-0.000000	0.014353	0.008634
MGYG000004219__gradient_L1_inulin_gapseq	1238	1379	304	R_EX_cpd11416_c0	-0.000000	0.014353	0.008361
MGYG000004219__gradient_L2_fos_gapseq	1238	1379	304	R_EX_cpd11416_c0	-0.000000	0.014353	0.009198
MGYG000004219__gradient_L3_gos_gapseq	1238	1379	304	R_EX_cpd11416_c0	-0.000000	0.014353	0.013744
MGYG000004219__gradient_L4_xos_gapseq	1238	1379	304	R_EX_cpd11416_c0	-0.000000	0.014353	0.008589
MGYG000004219__gradient_L5_pectin_gapseq	1238	1379	304	R_EX_cpd11416_c0	-0.000000	0.014353	0.008771
MGYG000004219__gradient_L6_resistant_starch_gapseq	1238	1379	304	R_EX_cpd11416_c0	-0.000000	0.014353	0.008399
MGYG000004219__gradient_L7_bglucan_gapseq	1238	1379	304	R_EX_cpd11416_c0	-0.000000	0.014353	0.008422
MGYG000004219__gradient_L8_hmo_gapseq	1238	1379	304	R_EX_cpd11416_c0	-0.000000	0.014353	0.008382
MGYG000004219__gradient_L9_mos_gapseq	1238	1379	304	R_EX_cpd11416_c0	-0.000000	0.014353	0.014023
MGYG000004221__gradient_L0_base_gapseq	869	969	203	R_EX_cpd11416_c0	0.262231	0.010157	0.014296
MGYG000004221__gradient_L1_inulin_gapseq	869	969	203	R_EX_cpd11416_c0	0.439383	0.010157	0.014398
MGYG000004221__gradient_L2_fos_gapseq	869	969	203	R_EX_cpd11416_c0	0.439383	0.010157	0.018950
MGYG000004221__gradient_L3_gos_gapseq	869	969	203	R_EX_cpd11416_c0	0.439383	0.010157	0.014245
MGYG000004221__gradient_L4_xos_gapseq	869	969	203	R_EX_cpd11416_c0	0.530369	0.010157	0.019372
MGYG000004221__gradient_L5_pectin_gapseq	869	969	203	R_EX_cpd11416_c0	0.530369	0.010157	0.014367
MGYG000004221__gradient_L6_resistant_starch_gapseq	869	969	203	R_EX_cpd11416_c0	1.020846	0.010157	0.015615
MGYG000004221__gradient_L7_bglucan_gapseq	869	969	203	R_EX_cpd11416_c0	1.020846	0.010157	0.020724
MGYG000004221__gradient_L8_hmo_gapseq	869	969	203	R_EX_cpd11416_c0	1.020846	0.010157	0.014449
MGYG000004221__gradient_L9_mos_gapseq	869	969	203	R_EX_cpd11416_c0	1.020846	0.010157	0.014426
MGYG000004222__gradient_L0_base_gapseq	905	850	139	R_EX_cpd11416_c0	-0.000000	0.009336	0.004313
MGYG000004222__gradient_L1_inulin_gapseq	905	850	139	R_EX_cpd11416_c0	-0.000000	0.009336	0.004183
MGYG000004222__gradient_L2_fos_gapseq	905	850	139	R_EX_cpd11416_c0	-0.000000	0.009336	0.006623
MGYG000004222__gradient_L3_gos_gapseq	905	850	139	R_EX_cpd11416_c0	-0.000000	0.009336	0.007387
MGYG000004222__gradient_L4_xos_gapseq	905	850	139	R_EX_cpd11416_c0	-0.000000	0.009336	0.004202
MGYG000004222__gradient_L5_pectin_gapseq	905	850	139	R_EX_cpd11416_c0	-0.000000	0.009336	0.003906
MGYG000004222__gradient_L6_resistant_starch_gapseq	905	850	139	R_EX_cpd11416_c0	-0.000000	0.009336	0.003976
MGYG000004222__gradient_L7_bglucan_gapseq	905	850	139	R_EX_cpd11416_c0	-0.000000	0.009336	0.008929
MGYG000004222__gradient_L8_hmo_gapseq	905	850	139	R_EX_cpd11416_c0	-0.000000	0.009336	0.004269
MGYG000004222__gradient_L9_mos_gapseq	905	850	139	R_EX_cpd11416_c0	-0.000000	0.009336	0.004094
MGYG000004223__gradient_L0_base_gapseq	1185	1277	304	R_EX_cpd11416_c0	-0.000000	0.013734	0.007963
MGYG000004223__gradient_L1_inulin_gapseq	1185	1277	304	R_EX_cpd11416_c0	-0.000000	0.013734	0.007587
MGYG000004223__gradient_L2_fos_gapseq	1185	1277	304	R_EX_cpd11416_c0	-0.000000	0.013734	0.007198
MGYG000004223__gradient_L3_gos_gapseq	1185	1277	304	R_EX_cpd11416_c0	0.940680	0.013734	0.024242
MGYG000004223__gradient_L4_xos_gapseq	1185	1277	304	R_EX_cpd11416_c0	0.940680	0.013734	0.018956
MGYG000004223__gradient_L5_pectin_gapseq	1185	1277	304	R_EX_cpd11416_c0	0.940680	0.013734	0.021979
MGYG000004223__gradient_L6_resistant_starch_gapseq	1185	1277	304	R_EX_cpd11416_c0	1.669962	0.013734	0.020748
MGYG000004223__gradient_L7_bglucan_gapseq	1185	1277	304	R_EX_cpd11416_c0	1.669962	0.013734	0.023393
MGYG000004223__gradient_L8_hmo_gapseq	1185	1277	304	R_EX_cpd11416_c0	1.669962	0.013734	0.018416
MGYG000004223__gradient_L9_mos_gapseq	1185	1277	304	R_EX_cpd11416_c0	1.805080	0.013734	0.024899
MGYG000004232__gradient_L0_base_gapseq	1257	1431	420	R_EX_cpd11416_c0	1.333947	0.015581	0.024417
MGYG000004232__gradient_L1_inulin_gapseq	1257	1431	420	R_EX_cpd11416_c0	1.688814	0.015581	0.029827
MGYG000004232__gradient_L2_fos_gapseq	1257	1431	420	R_EX_cpd11416_c0	1.688814	0.015581	0.029727
MGYG000004232__gradient_L3_gos_gapseq	1257	1431	420	R_EX_cpd11416_c0	2.060782	0.015581	0.029939
MGYG000004232__gradient_L4_xos_gapseq	1257	1431	420	R_EX_cpd11416_c0	2.060782	0.015581	0.028525
MGYG000004232__gradient_L5_pectin_gapseq	1257	1431	420	R_EX_cpd11416_c0	2.060782	0.015581	0.024795
MGYG000004232__gradient_L6_resistant_starch_gapseq	1257	1431	420	R_EX_cpd11416_c0	2.231802	0.015581	0.024194
MGYG000004232__gradient_L7_bglucan_gapseq	1257	1431	420	R_EX_cpd11416_c0	2.481919	0.015581	0.027984
MGYG000004232__gradient_L8_hmo_gapseq	1257	1431	420	R_EX_cpd11416_c0	2.481919	0.015581	0.027315
MGYG000004232__gradient_L9_mos_gapseq	1257	1431	420	R_EX_cpd11416_c0	2.652939	0.015581	0.034663
MGYG000004253__gradient_L0_base_gapseq	1260	1375	388	R_EX_cpd11416_c0	0.558902	0.015126	0.032941
MGYG000004253__gradient_L1_inulin_gapseq	1260	1375	388	R_EX_cpd11416_c0	0.744297	0.015126	0.025314
MGYG000004253__gradient_L2_fos_gapseq	1260	1375	388	R_EX_cpd11416_c0	0.744297	0.015126	0.026148
MGYG000004253__gradient_L3_gos_gapseq	1260	1375	388	R_EX_cpd11416_c0	0.744297	0.015126	0.034391
MGYG000004253__gradient_L4_xos_gapseq	1260	1375	388	R_EX_cpd11416_c0	0.744297	0.015126	0.026323
MGYG000004253__gradient_L5_pectin_gapseq	1260	1375	388	R_EX_cpd11416_c0	0.744297	0.015126	0.027632
MGYG000004253__gradient_L6_resistant_starch_gapseq	1260	1375	388	R_EX_cpd11416_c0	0.744297	0.015126	0.029059
MGYG000004253__gradient_L7_bglucan_gapseq	1260	1375	388	R_EX_cpd11416_c0	0.744297	0.015126	0.029081
MGYG000004253__gradient_L8_hmo_gapseq	1260	1375	388	R_EX_cpd11416_c0	0.744297	0.015126	0.024412
MGYG000004253__gradient_L9_mos_gapseq	1260	1375	388	R_EX_cpd11416_c0	0.905240	0.015126	0.034394
MGYG000004255__gradient_L0_base_gapseq	1102	1210	250	R_EX_cpd11416_c0	0.314252	0.012755	0.017772
MGYG000004255__gradient_L1_inulin_gapseq	1102	1210	250	R_EX_cpd11416_c0	0.452236	0.012755	0.024296
MGYG000004255__gradient_L2_fos_gapseq	1102	1210	250	R_EX_cpd11416_c0	0.452236	0.012755	0.018201
MGYG000004255__gradient_L3_gos_gapseq	1102	1210	250	R_EX_cpd11416_c0	0.452236	0.012755	0.018702
MGYG000004255__gradient_L4_xos_gapseq	1102	1210	250	R_EX_cpd11416_c0	0.452236	0.012755	0.024136
MGYG000004255__gradient_L5_pectin_gapseq	1102	1210	250	R_EX_cpd11416_c0	0.452236	0.012755	0.018000
MGYG000004255__gradient_L6_resistant_starch_gapseq	1102	1210	250	R_EX_cpd11416_c0	0.758958	0.012755	0.017669
MGYG000004255__gradient_L7_bglucan_gapseq	1102	1210	250	R_EX_cpd11416_c0	0.758958	0.012755	0.017561
MGYG000004255__gradient_L8_hmo_gapseq	1102	1210	250	R_EX_cpd11416_c0	0.758958	0.012755	0.023032
MGYG000004255__gradient_L9_mos_gapseq	1102	1210	250	R_EX_cpd11416_c0	0.878960	0.012755	0.024366
MGYG000004258__gradient_L0_base_gapseq	1134	1251	311	R_EX_cpd11416_c0	0.403790	0.013288	0.020830
MGYG000004258__gradient_L1_inulin_gapseq	1134	1251	311	R_EX_cpd11416_c0	0.619218	0.013288	0.018757
MGYG000004258__gradient_L2_fos_gapseq	1134	1251	311	R_EX_cpd11416_c0	0.619218	0.013288	0.017997
MGYG000004258__gradient_L3_gos_gapseq	1134	1251	311	R_EX_cpd11416_c0	0.797975	0.013288	0.020039
MGYG000004258__gradient_L4_xos_gapseq	1134	1251	311	R_EX_cpd11416_c0	0.797975	0.013288	0.022237
MGYG000004258__gradient_L5_pectin_gapseq	1134	1251	311	R_EX_cpd11416_c0	0.797975	0.013288	0.018596
MGYG000004258__gradient_L6_resistant_starch_gapseq	1134	1251	311	R_EX_cpd11416_c0	1.200199	0.013288	0.024470
MGYG000004258__gradient_L7_bglucan_gapseq	1134	1251	311	R_EX_cpd11416_c0	1.200199	0.013288	0.019108
MGYG000004258__gradient_L8_hmo_gapseq	1134	1251	311	R_EX_cpd11416_c0	1.200199	0.013288	0.024625
MGYG000004258__gradient_L9_mos_gapseq	1134	1251	311	R_EX_cpd11416_c0	1.294518	0.013288	0.021849
MGYG000004271__gradient_L0_base_gapseq	1550	1794	454	R_EX_cpd11416_c0	-0.000000	0.019091	0.012508
MGYG000004271__gradient_L1_inulin_gapseq	1550	1794	454	R_EX_cpd11416_c0	-0.000000	0.019091	0.013265
MGYG000004271__gradient_L2_fos_gapseq	1550	1794	454	R_EX_cpd11416_c0	-0.000000	0.019091	0.012637
MGYG000004271__gradient_L3_gos_gapseq	1550	1794	454	R_EX_cpd11416_c0	1.168359	0.019091	0.038053
MGYG000004271__gradient_L4_xos_gapseq	1550	1794	454	R_EX_cpd11416_c0	1.214220	0.019091	0.043330
MGYG000004271__gradient_L5_pectin_gapseq	1550	1794	454	R_EX_cpd11416_c0	1.249162	0.019091	0.031764
MGYG000004271__gradient_L6_resistant_starch_gapseq	1550	1794	454	R_EX_cpd11416_c0	1.801680	0.019091	0.041775
MGYG000004271__gradient_L7_bglucan_gapseq	1550	1794	454	R_EX_cpd11416_c0	1.978573	0.019091	0.040433
MGYG000004271__gradient_L8_hmo_gapseq	1550	1794	454	R_EX_cpd11416_c0	2.109605	0.019091	0.043212
MGYG000004271__gradient_L9_mos_gapseq	1550	1794	454	R_EX_cpd11416_c0	2.196960	0.019091	0.044007
MGYG000004274__gradient_L0_base_gapseq	1157	1300	301	R_EX_cpd11416_c0	0.563591	0.016749	0.027328
MGYG000004274__gradient_L1_inulin_gapseq	1157	1300	301	R_EX_cpd11416_c0	0.792852	0.016749	0.021968
MGYG000004274__gradient_L2_fos_gapseq	1157	1300	301	R_EX_cpd11416_c0	0.792852	0.016749	0.025184
MGYG000004274__gradient_L3_gos_gapseq	1157	1300	301	R_EX_cpd11416_c0	1.021337	0.016749	0.018915
MGYG000004274__gradient_L4_xos_gapseq	1157	1300	301	R_EX_cpd11416_c0	1.021337	0.016749	0.024378
MGYG000004274__gradient_L5_pectin_gapseq	1157	1300	301	R_EX_cpd11416_c0	1.021337	0.016749	0.023805
MGYG000004274__gradient_L6_resistant_starch_gapseq	1157	1300	301	R_EX_cpd11416_c0	1.497192	0.016749	0.021185
MGYG000004274__gradient_L7_bglucan_gapseq	1157	1300	301	R_EX_cpd11416_c0	1.497192	0.016749	0.023500
MGYG000004274__gradient_L8_hmo_gapseq	1157	1300	301	R_EX_cpd11416_c0	1.497192	0.016749	0.027163
MGYG000004274__gradient_L9_mos_gapseq	1157	1300	301	R_EX_cpd11416_c0	1.608611	0.016749	0.022915
MGYG000004284__gradient_L0_base_gapseq	1192	1327	306	R_EX_cpd11416_c0	0.351614	0.014114	0.023059
MGYG000004284__gradient_L1_inulin_gapseq	1192	1327	306	R_EX_cpd11416_c0	0.512356	0.014114	0.022514
MGYG000004284__gradient_L2_fos_gapseq	1192	1327	306	R_EX_cpd11416_c0	0.512356	0.014114	0.025366
MGYG000004284__gradient_L3_gos_gapseq	1192	1327	306	R_EX_cpd11416_c0	0.663052	0.014114	0.019331
MGYG000004284__gradient_L4_xos_gapseq	1192	1327	306	R_EX_cpd11416_c0	0.663052	0.014114	0.024688
MGYG000004284__gradient_L5_pectin_gapseq	1192	1327	306	R_EX_cpd11416_c0	0.663052	0.014114	0.019520
MGYG000004284__gradient_L6_resistant_starch_gapseq	1192	1327	306	R_EX_cpd11416_c0	0.997068	0.014114	0.030702
MGYG000004284__gradient_L7_bglucan_gapseq	1192	1327	306	R_EX_cpd11416_c0	1.108960	0.014114	0.019343
MGYG000004284__gradient_L8_hmo_gapseq	1192	1327	306	R_EX_cpd11416_c0	1.108960	0.014114	0.024380
MGYG000004284__gradient_L9_mos_gapseq	1192	1327	306	R_EX_cpd11416_c0	1.188527	0.014114	0.022431
MGYG000004289__gradient_L0_base_gapseq	1310	1383	314	R_EX_cpd11416_c0	-0.000000	0.017534	0.013078
MGYG000004289__gradient_L1_inulin_gapseq	1310	1383	314	R_EX_cpd11416_c0	0.486508	0.017534	0.022608
MGYG000004289__gradient_L2_fos_gapseq	1310	1383	314	R_EX_cpd11416_c0	0.486508	0.017534	0.030973
MGYG000004289__gradient_L3_gos_gapseq	1310	1383	314	R_EX_cpd11416_c0	0.486508	0.017534	0.021786
MGYG000004289__gradient_L4_xos_gapseq	1310	1383	314	R_EX_cpd11416_c0	0.500959	0.017534	0.026480
MGYG000004289__gradient_L5_pectin_gapseq	1310	1383	314	R_EX_cpd11416_c0	0.500959	0.017534	0.023305
MGYG000004289__gradient_L6_resistant_starch_gapseq	1310	1383	314	R_EX_cpd11416_c0	0.635835	0.017534	0.022182
MGYG000004289__gradient_L7_bglucan_gapseq	1310	1383	314	R_EX_cpd11416_c0	0.635835	0.017534	0.024188
MGYG000004289__gradient_L8_hmo_gapseq	1310	1383	314	R_EX_cpd11416_c0	0.635835	0.017534	0.027567
MGYG000004289__gradient_L9_mos_gapseq	1310	1383	314	R_EX_cpd11416_c0	0.635835	0.017534	0.022640
MGYG000004295__gradient_L0_base_gapseq	2062	2528	895	R_EX_cpd11416_c0	1.188535	0.027556	0.064732
MGYG000004295__gradient_L1_inulin_gapseq	2062	2528	895	R_EX_cpd11416_c0	1.469673	0.027556	0.075722
MGYG000004295__gradient_L2_fos_gapseq	2062	2528	895	R_EX_cpd11416_c0	1.469673	0.027556	0.066482
MGYG000004295__gradient_L3_gos_gapseq	2062	2528	895	R_EX_cpd11416_c0	1.566570	0.027556	0.067862
MGYG000004295__gradient_L4_xos_gapseq	2062	2528	895	R_EX_cpd11416_c0	1.646181	0.027556	0.073870
MGYG000004295__gradient_L5_pectin_gapseq	2062	2528	895	R_EX_cpd11416_c0	1.646181	0.027556	0.056783
MGYG000004295__gradient_L6_resistant_starch_gapseq	2062	2528	895	R_EX_cpd11416_c0	2.275330	0.027556	0.072853
MGYG000004295__gradient_L7_bglucan_gapseq	2062	2528	895	R_EX_cpd11416_c0	2.275330	0.027556	0.063863
MGYG000004295__gradient_L8_hmo_gapseq	2062	2528	895	R_EX_cpd11416_c0	2.275330	0.027556	0.074646
MGYG000004295__gradient_L9_mos_gapseq	2062	2528	895	R_EX_cpd11416_c0	2.404778	0.027556	0.066960
MGYG000004298__gradient_L0_base_gapseq	1180	1297	274	R_EX_cpd11416_c0	0.349948	0.013481	0.026491
MGYG000004298__gradient_L1_inulin_gapseq	1180	1297	274	R_EX_cpd11416_c0	0.493521	0.013481	0.020170
MGYG000004298__gradient_L2_fos_gapseq	1180	1297	274	R_EX_cpd11416_c0	0.493521	0.013481	0.020647
MGYG000004298__gradient_L3_gos_gapseq	1180	1297	274	R_EX_cpd11416_c0	0.493521	0.013481	0.019961
MGYG000004298__gradient_L4_xos_gapseq	1180	1297	274	R_EX_cpd11416_c0	0.493521	0.013481	0.020977
MGYG000004298__gradient_L5_pectin_gapseq	1180	1297	274	R_EX_cpd11416_c0	0.493521	0.013481	0.025476
MGYG000004298__gradient_L6_resistant_starch_gapseq	1180	1297	274	R_EX_cpd11416_c0	1.146327	0.013481	0.025482
MGYG000004298__gradient_L7_bglucan_gapseq	1180	1297	274	R_EX_cpd11416_c0	1.146327	0.013481	0.022824
MGYG000004298__gradient_L8_hmo_gapseq	1180	1297	274	R_EX_cpd11416_c0	1.146327	0.013481	0.023790
MGYG000004298__gradient_L9_mos_gapseq	1180	1297	274	R_EX_cpd11416_c0	1.146327	0.013481	0.023056
MGYG000004308__gradient_L0_base_gapseq	1102	1178	272	R_EX_cpd11416_c0	-0.000000	0.012765	0.007596
MGYG000004308__gradient_L1_inulin_gapseq	1102	1178	272	R_EX_cpd11416_c0	-0.000000	0.012765	0.007398
MGYG000004308__gradient_L2_fos_gapseq	1102	1178	272	R_EX_cpd11416_c0	-0.000000	0.012765	0.007622
MGYG000004308__gradient_L3_gos_gapseq	1102	1178	272	R_EX_cpd11416_c0	-0.000000	0.012765	0.009797
MGYG000004308__gradient_L4_xos_gapseq	1102	1178	272	R_EX_cpd11416_c0	-0.000000	0.012765	0.011009
MGYG000004308__gradient_L5_pectin_gapseq	1102	1178	272	R_EX_cpd11416_c0	-0.000000	0.012765	0.007950
MGYG000004308__gradient_L6_resistant_starch_gapseq	1102	1178	272	R_EX_cpd11416_c0	-0.000000	0.012765	0.007802
MGYG000004308__gradient_L7_bglucan_gapseq	1102	1178	272	R_EX_cpd11416_c0	-0.000000	0.012765	0.011154
MGYG000004308__gradient_L8_hmo_gapseq	1102	1178	272	R_EX_cpd11416_c0	-0.000000	0.012765	0.008603
MGYG000004308__gradient_L9_mos_gapseq	1102	1178	272	R_EX_cpd11416_c0	-0.000000	0.012765	0.007699
MGYG000004323__gradient_L0_base_gapseq	1274	1406	304	R_EX_cpd11416_c0	-0.000000	0.014747	0.008477
MGYG000004323__gradient_L1_inulin_gapseq	1274	1406	304	R_EX_cpd11416_c0	-0.000000	0.014747	0.009078
MGYG000004323__gradient_L2_fos_gapseq	1274	1406	304	R_EX_cpd11416_c0	-0.000000	0.014747	0.009792
MGYG000004323__gradient_L3_gos_gapseq	1274	1406	304	R_EX_cpd11416_c0	-0.000000	0.014747	0.010503
MGYG000004323__gradient_L4_xos_gapseq	1274	1406	304	R_EX_cpd11416_c0	1.098815	0.014747	0.024349
MGYG000004323__gradient_L5_pectin_gapseq	1274	1406	304	R_EX_cpd11416_c0	1.098815	0.014747	0.032314
MGYG000004323__gradient_L6_resistant_starch_gapseq	1274	1406	304	R_EX_cpd11416_c0	1.801135	0.014747	0.026526
MGYG000004323__gradient_L7_bglucan_gapseq	1274	1406	304	R_EX_cpd11416_c0	2.047896	0.014747	0.021877
MGYG000004323__gradient_L8_hmo_gapseq	1274	1406	304	R_EX_cpd11416_c0	2.047896	0.014747	0.027105
MGYG000004323__gradient_L9_mos_gapseq	1274	1406	304	R_EX_cpd11416_c0	2.182876	0.014747	0.026688
MGYG000004337__gradient_L0_base_gapseq	1327	1398	340	R_EX_cpd11416_c0	0.418021	0.016707	0.030318
MGYG000004337__gradient_L1_inulin_gapseq	1327	1398	340	R_EX_cpd11416_c0	0.566651	0.016707	0.029684
MGYG000004337__gradient_L2_fos_gapseq	1327	1398	340	R_EX_cpd11416_c0	0.566651	0.016707	0.023332
MGYG000004337__gradient_L3_gos_gapseq	1327	1398	340	R_EX_cpd11416_c0	0.566651	0.016707	0.023389
MGYG000004337__gradient_L4_xos_gapseq	1327	1398	340	R_EX_cpd11416_c0	0.566651	0.016707	0.023513
MGYG000004337__gradient_L5_pectin_gapseq	1327	1398	340	R_EX_cpd11416_c0	0.566651	0.016707	0.023452
MGYG000004337__gradient_L6_resistant_starch_gapseq	1327	1398	340	R_EX_cpd11416_c0	0.683582	0.016707	0.026046
MGYG000004337__gradient_L7_bglucan_gapseq	1327	1398	340	R_EX_cpd11416_c0	0.683582	0.016707	0.029198
MGYG000004337__gradient_L8_hmo_gapseq	1327	1398	340	R_EX_cpd11416_c0	0.683582	0.016707	0.023733
MGYG000004337__gradient_L9_mos_gapseq	1327	1398	340	R_EX_cpd11416_c0	0.683582	0.016707	0.023419
MGYG000004370__gradient_L0_base_gapseq	1134	1198	210	R_EX_cpd11416_c0	-0.000000	0.012837	0.007335
MGYG000004370__gradient_L1_inulin_gapseq	1134	1198	210	R_EX_cpd11416_c0	-0.000000	0.012837	0.012536
MGYG000004370__gradient_L2_fos_gapseq	1134	1198	210	R_EX_cpd11416_c0	-0.000000	0.012837	0.007214
MGYG000004370__gradient_L3_gos_gapseq	1134	1198	210	R_EX_cpd11416_c0	-0.000000	0.012837	0.007365
MGYG000004370__gradient_L4_xos_gapseq	1134	1198	210	R_EX_cpd11416_c0	-0.000000	0.012837	0.007336
MGYG000004370__gradient_L5_pectin_gapseq	1134	1198	210	R_EX_cpd11416_c0	-0.000000	0.012837	0.009254
MGYG000004370__gradient_L6_resistant_starch_gapseq	1134	1198	210	R_EX_cpd11416_c0	-0.000000	0.012837	0.007856
MGYG000004370__gradient_L7_bglucan_gapseq	1134	1198	210	R_EX_cpd11416_c0	-0.000000	0.012837	0.009333
MGYG000004370__gradient_L8_hmo_gapseq	1134	1198	210	R_EX_cpd11416_c0	-0.000000	0.012837	0.013113
MGYG000004370__gradient_L9_mos_gapseq	1134	1198	210	R_EX_cpd11416_c0	-0.000000	0.012837	0.007454
MGYG000004380__gradient_L0_base_gapseq	1388	1526	354	R_EX_cpd11416_c0	-0.000000	0.021999	0.009381
MGYG000004380__gradient_L1_inulin_gapseq	1388	1526	354	R_EX_cpd11416_c0	-0.000000	0.021999	0.008972
MGYG000004380__gradient_L2_fos_gapseq	1388	1526	354	R_EX_cpd11416_c0	-0.000000	0.021999	0.010171
MGYG000004380__gradient_L3_gos_gapseq	1388	1526	354	R_EX_cpd11416_c0	0.855061	0.021999	0.028114
MGYG000004380__gradient_L4_xos_gapseq	1388	1526	354	R_EX_cpd11416_c0	0.855061	0.021999	0.029786
MGYG000004380__gradient_L5_pectin_gapseq	1388	1526	354	R_EX_cpd11416_c0	0.855061	0.021999	0.033863
MGYG000004380__gradient_L6_resistant_starch_gapseq	1388	1526	354	R_EX_cpd11416_c0	1.393218	0.021999	0.024031
MGYG000004380__gradient_L7_bglucan_gapseq	1388	1526	354	R_EX_cpd11416_c0	1.393218	0.021999	0.030286
MGYG000004380__gradient_L8_hmo_gapseq	1388	1526	354	R_EX_cpd11416_c0	1.393218	0.021999	0.027518
MGYG000004380__gradient_L9_mos_gapseq	1388	1526	354	R_EX_cpd11416_c0	1.393218	0.021999	0.024125
MGYG000004382__gradient_L0_base_gapseq	1348	1473	380	R_EX_cpd11416_c0	-0.000000	0.015959	0.008543
MGYG000004382__gradient_L1_inulin_gapseq	1348	1473	380	R_EX_cpd11416_c0	-0.000000	0.015959	0.008859
MGYG000004382__gradient_L2_fos_gapseq	1348	1473	380	R_EX_cpd11416_c0	-0.000000	0.015959	0.008936
MGYG000004382__gradient_L3_gos_gapseq	1348	1473	380	R_EX_cpd11416_c0	0.724615	0.015959	0.031902
MGYG000004382__gradient_L4_xos_gapseq	1348	1473	380	R_EX_cpd11416_c0	0.724615	0.015959	0.026321
MGYG000004382__gradient_L5_pectin_gapseq	1348	1473	380	R_EX_cpd11416_c0	0.724615	0.015959	0.022908
MGYG000004382__gradient_L6_resistant_starch_gapseq	1348	1473	380	R_EX_cpd11416_c0	1.224751	0.015959	0.022843
MGYG000004382__gradient_L7_bglucan_gapseq	1348	1473	380	R_EX_cpd11416_c0	1.224751	0.015959	0.023537
MGYG000004382__gradient_L8_hmo_gapseq	1348	1473	380	R_EX_cpd11416_c0	1.224751	0.015959	0.026781
MGYG000004382__gradient_L9_mos_gapseq	1348	1473	380	R_EX_cpd11416_c0	1.224751	0.015959	0.027800
MGYG000004393__gradient_L0_base_gapseq	648	633	83	R_EX_cpd11416_c0	-0.000000	0.006730	0.002688
MGYG000004393__gradient_L1_inulin_gapseq	648	633	83	R_EX_cpd11416_c0	-0.000000	0.006730	0.002604
MGYG000004393__gradient_L2_fos_gapseq	648	633	83	R_EX_cpd11416_c0	-0.000000	0.006730	0.002488
MGYG000004393__gradient_L3_gos_gapseq	648	633	83	R_EX_cpd11416_c0	-0.000000	0.006730	0.002539
MGYG000004393__gradient_L4_xos_gapseq	648	633	83	R_EX_cpd11416_c0	-0.000000	0.006730	0.002408
MGYG000004393__gradient_L5_pectin_gapseq	648	633	83	R_EX_cpd11416_c0	-0.000000	0.006730	0.002496
MGYG000004393__gradient_L6_resistant_starch_gapseq	648	633	83	R_EX_cpd11416_c0	-0.000000	0.006730	0.002468
MGYG000004393__gradient_L7_bglucan_gapseq	648	633	83	R_EX_cpd11416_c0	-0.000000	0.006730	0.002397
MGYG000004393__gradient_L8_hmo_gapseq	648	633	83	R_EX_cpd11416_c0	-0.000000	0.006730	0.002331
MGYG000004393__gradient_L9_mos_gapseq	648	633	83	R_EX_cpd11416_c0	-0.000000	0.006730	0.002471
MGYG000004425__gradient_L0_base_gapseq	874	960	174	R_EX_cpd11416_c0	-0.000000	0.009938	0.005009
MGYG000004425__gradient_L1_inulin_gapseq	874	960	174	R_EX_cpd11416_c0	-0.000000	0.009938	0.004864
MGYG000004425__gradient_L2_fos_gapseq	874	960	174	R_EX_cpd11416_c0	-0.000000	0.009938	0.009876
MGYG000004425__gradient_L3_gos_gapseq	874	960	174	R_EX_cpd11416_c0	0.423508	0.009938	0.012234
MGYG000004425__gradient_L4_xos_gapseq	874	960	174	R_EX_cpd11416_c0	0.423508	0.009938	0.018127
MGYG000004425__gradient_L5_pectin_gapseq	874	960	174	R_EX_cpd11416_c0	0.473068	0.009938	0.017731
MGYG000004425__gradient_L6_resistant_starch_gapseq	874	960	174	R_EX_cpd11416_c0	1.083715	0.009938	0.012415
MGYG000004425__gradient_L7_bglucan_gapseq	874	960	174	R_EX_cpd11416_c0	1.083715	0.009938	0.012647
MGYG000004425__gradient_L8_hmo_gapseq	874	960	174	R_EX_cpd11416_c0	1.083715	0.009938	0.017775
MGYG000004425__gradient_L9_mos_gapseq	874	960	174	R_EX_cpd11416_c0	1.186315	0.009938	0.012740
MGYG000004435__gradient_L0_base_gapseq	840	876	188	R_EX_cpd11416_c0	-0.000000	0.014192	0.004392
MGYG000004435__gradient_L1_inulin_gapseq	840	876	188	R_EX_cpd11416_c0	-0.000000	0.014192	0.004663
MGYG000004435__gradient_L2_fos_gapseq	840	876	188	R_EX_cpd11416_c0	-0.000000	0.014192	0.004457
MGYG000004435__gradient_L3_gos_gapseq	840	876	188	R_EX_cpd11416_c0	0.033653	0.014192	0.011462
MGYG000004435__gradient_L4_xos_gapseq	840	876	188	R_EX_cpd11416_c0	0.033653	0.014192	0.011407
MGYG000004435__gradient_L5_pectin_gapseq	840	876	188	R_EX_cpd11416_c0	0.047117	0.014192	0.016654
MGYG000004435__gradient_L6_resistant_starch_gapseq	840	876	188	R_EX_cpd11416_c0	0.047117	0.014192	0.011234
MGYG000004435__gradient_L7_bglucan_gapseq	840	876	188	R_EX_cpd11416_c0	0.047117	0.014192	0.011302
MGYG000004435__gradient_L8_hmo_gapseq	840	876	188	R_EX_cpd11416_c0	0.047559	0.014192	0.017060
MGYG000004435__gradient_L9_mos_gapseq	840	876	188	R_EX_cpd11416_c0	0.047559	0.014192	0.011280
MGYG000004456__gradient_L0_base_gapseq	1360	1612	421	R_EX_cpd11416_c0	-0.000000	0.017598	0.011677
MGYG000004456__gradient_L1_inulin_gapseq	1360	1612	421	R_EX_cpd11416_c0	-0.000000	0.017598	0.011827
MGYG000004456__gradient_L2_fos_gapseq	1360	1612	421	R_EX_cpd11416_c0	-0.000000	0.017598	0.016699
MGYG000004456__gradient_L3_gos_gapseq	1360	1612	421	R_EX_cpd11416_c0	0.889086	0.017598	0.027979
MGYG000004456__gradient_L4_xos_gapseq	1360	1612	421	R_EX_cpd11416_c0	0.951764	0.017598	0.039546
MGYG000004456__gradient_L5_pectin_gapseq	1360	1612	421	R_EX_cpd11416_c0	0.984263	0.017598	0.032252
MGYG000004456__gradient_L6_resistant_starch_gapseq	1360	1612	421	R_EX_cpd11416_c0	1.450865	0.017598	0.036577
MGYG000004456__gradient_L7_bglucan_gapseq	1360	1612	421	R_EX_cpd11416_c0	1.611041	0.017598	0.028373
MGYG000004456__gradient_L8_hmo_gapseq	1360	1612	421	R_EX_cpd11416_c0	1.611041	0.017598	0.028379
MGYG000004456__gradient_L9_mos_gapseq	1360	1612	421	R_EX_cpd11416_c0	1.713183	0.017598	0.034684
MGYG000004476__gradient_L0_base_gapseq	1005	1057	218	R_EX_cpd11416_c0	-0.000000	0.014089	0.011147
MGYG000004476__gradient_L1_inulin_gapseq	1005	1057	218	R_EX_cpd11416_c0	0.573897	0.014089	0.016194
MGYG000004476__gradient_L2_fos_gapseq	1005	1057	218	R_EX_cpd11416_c0	0.573897	0.014089	0.021522
MGYG000004476__gradient_L3_gos_gapseq	1005	1057	218	R_EX_cpd11416_c0	0.679849	0.014089	0.016797
MGYG000004476__gradient_L4_xos_gapseq	1005	1057	218	R_EX_cpd11416_c0	0.679849	0.014089	0.016328
MGYG000004476__gradient_L5_pectin_gapseq	1005	1057	218	R_EX_cpd11416_c0	0.679849	0.014089	0.021206
MGYG000004476__gradient_L6_resistant_starch_gapseq	1005	1057	218	R_EX_cpd11416_c0	1.431344	0.014089	0.015949
MGYG000004476__gradient_L7_bglucan_gapseq	1005	1057	218	R_EX_cpd11416_c0	1.431344	0.014089	0.020765
MGYG000004476__gradient_L8_hmo_gapseq	1005	1057	218	R_EX_cpd11416_c0	1.431344	0.014089	0.015901
MGYG000004476__gradient_L9_mos_gapseq	1005	1057	218	R_EX_cpd11416_c0	1.565468	0.014089	0.019211
MGYG000004478__gradient_L0_base_gapseq	1162	1252	258	R_EX_cpd11416_c0	0.278368	0.013962	0.019376
MGYG000004478__gradient_L1_inulin_gapseq	1162	1252	258	R_EX_cpd11416_c0	0.422047	0.013962	0.024324
MGYG000004478__gradient_L2_fos_gapseq	1162	1252	258	R_EX_cpd11416_c0	0.422047	0.013962	0.028363
MGYG000004478__gradient_L3_gos_gapseq	1162	1252	258	R_EX_cpd11416_c0	0.422047	0.013962	0.029606
MGYG000004478__gradient_L4_xos_gapseq	1162	1252	258	R_EX_cpd11416_c0	0.422047	0.013962	0.020156
MGYG000004478__gradient_L5_pectin_gapseq	1162	1252	258	R_EX_cpd11416_c0	0.422047	0.013962	0.029344
MGYG000004478__gradient_L6_resistant_starch_gapseq	1162	1252	258	R_EX_cpd11416_c0	1.043907	0.013962	0.019045
MGYG000004478__gradient_L7_bglucan_gapseq	1162	1252	258	R_EX_cpd11416_c0	1.043907	0.013962	0.024208
MGYG000004478__gradient_L8_hmo_gapseq	1162	1252	258	R_EX_cpd11416_c0	1.043907	0.013962	0.019793
MGYG000004478__gradient_L9_mos_gapseq	1162	1252	258	R_EX_cpd11416_c0	1.043907	0.013962	0.019642
MGYG000004487__gradient_L0_base_gapseq	1133	1250	280	R_EX_cpd11416_c0	-0.000000	0.013575	0.007464
MGYG000004487__gradient_L1_inulin_gapseq	1133	1250	280	R_EX_cpd11416_c0	-0.000000	0.013575	0.011204
MGYG000004487__gradient_L2_fos_gapseq	1133	1250	280	R_EX_cpd11416_c0	-0.000000	0.013575	0.013571
MGYG000004487__gradient_L3_gos_gapseq	1133	1250	280	R_EX_cpd11416_c0	-0.000000	0.013575	0.010059
MGYG000004487__gradient_L4_xos_gapseq	1133	1250	280	R_EX_cpd11416_c0	-0.000000	0.013575	0.008322
MGYG000004487__gradient_L5_pectin_gapseq	1133	1250	280	R_EX_cpd11416_c0	-0.000000	0.013575	0.007988
MGYG000004487__gradient_L6_resistant_starch_gapseq	1133	1250	280	R_EX_cpd11416_c0	-0.000000	0.013575	0.007908
MGYG000004487__gradient_L7_bglucan_gapseq	1133	1250	280	R_EX_cpd11416_c0	-0.000000	0.013575	0.007998
MGYG000004487__gradient_L8_hmo_gapseq	1133	1250	280	R_EX_cpd11416_c0	-0.000000	0.013575	0.011829
MGYG000004487__gradient_L9_mos_gapseq	1133	1250	280	R_EX_cpd11416_c0	-0.000000	0.013575	0.009148
MGYG000004490__gradient_L0_base_gapseq	1337	1532	405	R_EX_cpd11416_c0	0.256639	0.018918	0.031717
MGYG000004490__gradient_L1_inulin_gapseq	1337	1532	405	R_EX_cpd11416_c0	0.366119	0.018918	0.027539
MGYG000004490__gradient_L2_fos_gapseq	1337	1532	405	R_EX_cpd11416_c0	0.366119	0.018918	0.042422
MGYG000004490__gradient_L3_gos_gapseq	1337	1532	405	R_EX_cpd11416_c0	0.436365	0.018918	0.026153
MGYG000004490__gradient_L4_xos_gapseq	1337	1532	405	R_EX_cpd11416_c0	0.528801	0.018918	0.029053
MGYG000004490__gradient_L5_pectin_gapseq	1337	1532	405	R_EX_cpd11416_c0	0.560712	0.018918	0.033999
MGYG000004490__gradient_L6_resistant_starch_gapseq	1337	1532	405	R_EX_cpd11416_c0	0.818279	0.018918	0.027144
MGYG000004490__gradient_L7_bglucan_gapseq	1337	1532	405	R_EX_cpd11416_c0	0.975555	0.018918	0.035838
MGYG000004490__gradient_L8_hmo_gapseq	1337	1532	405	R_EX_cpd11416_c0	0.975555	0.018918	0.036444
MGYG000004490__gradient_L9_mos_gapseq	1337	1532	405	R_EX_cpd11416_c0	1.075847	0.018918	0.031224
MGYG000004495__gradient_L0_base_gapseq	1441	1693	398	R_EX_cpd11416_c0	-0.000000	0.020880	0.021532
MGYG000004495__gradient_L1_inulin_gapseq	1441	1693	398	R_EX_cpd11416_c0	-0.000000	0.020880	0.014174
MGYG000004495__gradient_L2_fos_gapseq	1441	1693	398	R_EX_cpd11416_c0	-0.000000	0.020880	0.015392
MGYG000004495__gradient_L3_gos_gapseq	1441	1693	398	R_EX_cpd11416_c0	-0.000000	0.020880	0.014160
MGYG000004495__gradient_L4_xos_gapseq	1441	1693	398	R_EX_cpd11416_c0	-0.000000	0.020880	0.012092
MGYG000004495__gradient_L5_pectin_gapseq	1441	1693	398	R_EX_cpd11416_c0	-0.000000	0.020880	0.012044
MGYG000004495__gradient_L6_resistant_starch_gapseq	1441	1693	398	R_EX_cpd11416_c0	1.094486	0.020880	0.037207
MGYG000004495__gradient_L7_bglucan_gapseq	1441	1693	398	R_EX_cpd11416_c0	1.280772	0.020880	0.035699
MGYG000004495__gradient_L8_hmo_gapseq	1441	1693	398	R_EX_cpd11416_c0	1.280772	0.020880	0.034980
MGYG000004495__gradient_L9_mos_gapseq	1441	1693	398	R_EX_cpd11416_c0	1.398757	0.020880	0.030921
MGYG000004498__gradient_L0_base_gapseq	821	866	152	R_EX_cpd11416_c0	0.042507	0.013463	0.010538
MGYG000004498__gradient_L1_inulin_gapseq	821	866	152	R_EX_cpd11416_c0	0.163882	0.013463	0.011283
MGYG000004498__gradient_L2_fos_gapseq	821	866	152	R_EX_cpd11416_c0	0.163882	0.013463	0.011503
MGYG000004498__gradient_L3_gos_gapseq	821	866	152	R_EX_cpd11416_c0	0.220073	0.013463	0.011280
MGYG000004498__gradient_L4_xos_gapseq	821	866	152	R_EX_cpd11416_c0	0.220073	0.013463	0.016149
MGYG000004498__gradient_L5_pectin_gapseq	821	866	152	R_EX_cpd11416_c0	0.220073	0.013463	0.011042
MGYG000004498__gradient_L6_resistant_starch_gapseq	821	866	152	R_EX_cpd11416_c0	0.220073	0.013463	0.011044
MGYG000004498__gradient_L7_bglucan_gapseq	821	866	152	R_EX_cpd11416_c0	0.220073	0.013463	0.012641
MGYG000004498__gradient_L8_hmo_gapseq	821	866	152	R_EX_cpd11416_c0	0.220073	0.013463	0.021519
MGYG000004498__gradient_L9_mos_gapseq	821	866	152	R_EX_cpd11416_c0	0.220073	0.013463	0.016491
MGYG000004501__gradient_L0_base_gapseq	1161	1280	286	R_EX_cpd11416_c0	-0.000000	0.013530	0.008800
MGYG000004501__gradient_L1_inulin_gapseq	1161	1280	286	R_EX_cpd11416_c0	-0.000000	0.013530	0.013099
MGYG000004501__gradient_L2_fos_gapseq	1161	1280	286	R_EX_cpd11416_c0	-0.000000	0.013530	0.008982
MGYG000004501__gradient_L3_gos_gapseq	1161	1280	286	R_EX_cpd11416_c0	0.477433	0.013530	0.020629
MGYG000004501__gradient_L4_xos_gapseq	1161	1280	286	R_EX_cpd11416_c0	0.490454	0.013530	0.026804
MGYG000004501__gradient_L5_pectin_gapseq	1161	1280	286	R_EX_cpd11416_c0	0.490454	0.013530	0.026329
MGYG000004501__gradient_L6_resistant_starch_gapseq	1161	1280	286	R_EX_cpd11416_c0	0.594624	0.013530	0.020729
MGYG000004501__gradient_L7_bglucan_gapseq	1161	1280	286	R_EX_cpd11416_c0	0.594624	0.013530	0.025903
MGYG000004501__gradient_L8_hmo_gapseq	1161	1280	286	R_EX_cpd11416_c0	0.594624	0.013530	0.026455
MGYG000004501__gradient_L9_mos_gapseq	1161	1280	286	R_EX_cpd11416_c0	0.594624	0.013530	0.021362
MGYG000004509__gradient_L0_base_gapseq	789	743	100	R_EX_cpd11416_c0	-0.000000	0.008219	0.003470
MGYG000004509__gradient_L1_inulin_gapseq	789	743	100	R_EX_cpd11416_c0	0.152238	0.008219	0.008323
MGYG000004509__gradient_L2_fos_gapseq	789	743	100	R_EX_cpd11416_c0	0.152238	0.008219	0.014090
MGYG000004509__gradient_L3_gos_gapseq	789	743	100	R_EX_cpd11416_c0	0.152238	0.008219	0.019161
MGYG000004509__gradient_L4_xos_gapseq	789	743	100	R_EX_cpd11416_c0	0.152238	0.008219	0.009161
MGYG000004509__gradient_L5_pectin_gapseq	789	743	100	R_EX_cpd11416_c0	0.152238	0.008219	0.008751
MGYG000004509__gradient_L6_resistant_starch_gapseq	789	743	100	R_EX_cpd11416_c0	0.152238	0.008219	0.008553
MGYG000004509__gradient_L7_bglucan_gapseq	789	743	100	R_EX_cpd11416_c0	0.152238	0.008219	0.014316
MGYG000004509__gradient_L8_hmo_gapseq	789	743	100	R_EX_cpd11416_c0	0.152238	0.008219	0.009203
MGYG000004509__gradient_L9_mos_gapseq	789	743	100	R_EX_cpd11416_c0	0.152238	0.008219	0.008945
MGYG000004525__gradient_L0_base_gapseq	1160	1314	287	R_EX_cpd11416_c0	-0.000000	0.014122	0.007489
MGYG000004525__gradient_L1_inulin_gapseq	1160	1314	287	R_EX_cpd11416_c0	-0.000000	0.014122	0.007663
MGYG000004525__gradient_L2_fos_gapseq	1160	1314	287	R_EX_cpd11416_c0	-0.000000	0.014122	0.007803
MGYG000004525__gradient_L3_gos_gapseq	1160	1314	287	R_EX_cpd11416_c0	-0.000000	0.014122	0.014039
MGYG000004525__gradient_L4_xos_gapseq	1160	1314	287	R_EX_cpd11416_c0	0.847724	0.014122	0.020480
MGYG000004525__gradient_L5_pectin_gapseq	1160	1314	287	R_EX_cpd11416_c0	0.847724	0.014122	0.026229
MGYG000004525__gradient_L6_resistant_starch_gapseq	1160	1314	287	R_EX_cpd11416_c0	1.404565	0.014122	0.019448
MGYG000004525__gradient_L7_bglucan_gapseq	1160	1314	287	R_EX_cpd11416_c0	1.404565	0.014122	0.025336
MGYG000004525__gradient_L8_hmo_gapseq	1160	1314	287	R_EX_cpd11416_c0	1.404565	0.014122	0.030610
MGYG000004525__gradient_L9_mos_gapseq	1160	1314	287	R_EX_cpd11416_c0	1.404565	0.014122	0.019451
MGYG000004527__gradient_L0_base_gapseq	728	672	93	R_EX_cpd11416_c0	-0.000000	0.007403	0.003141
MGYG000004527__gradient_L1_inulin_gapseq	728	672	93	R_EX_cpd11416_c0	-0.000000	0.007403	0.002825
MGYG000004527__gradient_L2_fos_gapseq	728	672	93	R_EX_cpd11416_c0	-0.000000	0.007403	0.002733
MGYG000004527__gradient_L3_gos_gapseq	728	672	93	R_EX_cpd11416_c0	-0.000000	0.007403	0.002675
MGYG000004527__gradient_L4_xos_gapseq	728	672	93	R_EX_cpd11416_c0	-0.000000	0.007403	0.002785
MGYG000004527__gradient_L5_pectin_gapseq	728	672	93	R_EX_cpd11416_c0	-0.000000	0.007403	0.002652
MGYG000004527__gradient_L6_resistant_starch_gapseq	728	672	93	R_EX_cpd11416_c0	-0.000000	0.007403	0.002533
MGYG000004527__gradient_L7_bglucan_gapseq	728	672	93	R_EX_cpd11416_c0	-0.000000	0.007403	0.002574
MGYG000004527__gradient_L8_hmo_gapseq	728	672	93	R_EX_cpd11416_c0	-0.000000	0.007403	0.002703
MGYG000004527__gradient_L9_mos_gapseq	728	672	93	R_EX_cpd11416_c0	-0.000000	0.007403	0.002879
MGYG000004529__gradient_L0_base_gapseq	1120	1197	219	R_EX_cpd11416_c0	-0.000000	0.012920	0.008046
MGYG000004529__gradient_L1_inulin_gapseq	1120	1197	219	R_EX_cpd11416_c0	0.136333	0.012920	0.031250
MGYG000004529__gradient_L2_fos_gapseq	1120	1197	219	R_EX_cpd11416_c0	0.136333	0.012920	0.018719
MGYG000004529__gradient_L3_gos_gapseq	1120	1197	219	R_EX_cpd11416_c0	0.136333	0.012920	0.018975
MGYG000004529__gradient_L4_xos_gapseq	1120	1197	219	R_EX_cpd11416_c0	0.136333	0.012920	0.024309
MGYG000004529__gradient_L5_pectin_gapseq	1120	1197	219	R_EX_cpd11416_c0	0.136333	0.012920	0.024593
MGYG000004529__gradient_L6_resistant_starch_gapseq	1120	1197	219	R_EX_cpd11416_c0	0.175288	0.012920	0.018617
MGYG000004529__gradient_L7_bglucan_gapseq	1120	1197	219	R_EX_cpd11416_c0	0.175288	0.012920	0.018996
MGYG000004529__gradient_L8_hmo_gapseq	1120	1197	219	R_EX_cpd11416_c0	0.175288	0.012920	0.019104
MGYG000004529__gradient_L9_mos_gapseq	1120	1197	219	R_EX_cpd11416_c0	0.214243	0.012920	0.028397
MGYG000004532__gradient_L0_base_gapseq	1273	1359	294	R_EX_cpd11416_c0	-0.000000	0.014896	0.009418
MGYG000004532__gradient_L1_inulin_gapseq	1273	1359	294	R_EX_cpd11416_c0	-0.000000	0.014896	0.012006
MGYG000004532__gradient_L2_fos_gapseq	1273	1359	294	R_EX_cpd11416_c0	-0.000000	0.014896	0.018379
MGYG000004532__gradient_L3_gos_gapseq	1273	1359	294	R_EX_cpd11416_c0	0.646879	0.014896	0.022216
MGYG000004532__gradient_L4_xos_gapseq	1273	1359	294	R_EX_cpd11416_c0	0.646879	0.014896	0.024188
MGYG000004532__gradient_L5_pectin_gapseq	1273	1359	294	R_EX_cpd11416_c0	0.646879	0.014896	0.031774
MGYG000004532__gradient_L6_resistant_starch_gapseq	1273	1359	294	R_EX_cpd11416_c0	0.712744	0.014896	0.027317
MGYG000004532__gradient_L7_bglucan_gapseq	1273	1359	294	R_EX_cpd11416_c0	0.712744	0.014896	0.027147
MGYG000004532__gradient_L8_hmo_gapseq	1273	1359	294	R_EX_cpd11416_c0	0.712744	0.014896	0.029066
MGYG000004532__gradient_L9_mos_gapseq	1273	1359	294	R_EX_cpd11416_c0	0.712744	0.014896	0.024729
MGYG000004533__gradient_L0_base_gapseq	1086	1107	169	R_EX_cpd11416_c0	-0.000000	0.011677	0.006651
MGYG000004533__gradient_L1_inulin_gapseq	1086	1107	169	R_EX_cpd11416_c0	0.278071	0.011677	0.015547
MGYG000004533__gradient_L2_fos_gapseq	1086	1107	169	R_EX_cpd11416_c0	0.278071	0.011677	0.021917
MGYG000004533__gradient_L3_gos_gapseq	1086	1107	169	R_EX_cpd11416_c0	0.278071	0.011677	0.020984
MGYG000004533__gradient_L4_xos_gapseq	1086	1107	169	R_EX_cpd11416_c0	0.278071	0.011677	0.015427
MGYG000004533__gradient_L5_pectin_gapseq	1086	1107	169	R_EX_cpd11416_c0	0.278071	0.011677	0.019993
MGYG000004533__gradient_L6_resistant_starch_gapseq	1086	1107	169	R_EX_cpd11416_c0	0.733316	0.011677	0.017475
MGYG000004533__gradient_L7_bglucan_gapseq	1086	1107	169	R_EX_cpd11416_c0	0.733316	0.011677	0.016282
MGYG000004533__gradient_L8_hmo_gapseq	1086	1107	169	R_EX_cpd11416_c0	0.733316	0.011677	0.016073
MGYG000004533__gradient_L9_mos_gapseq	1086	1107	169	R_EX_cpd11416_c0	0.733316	0.011677	0.021473
MGYG000004535__gradient_L0_base_gapseq	933	1015	202	R_EX_cpd11416_c0	0.382605	0.010593	0.019345
MGYG000004535__gradient_L1_inulin_gapseq	933	1015	202	R_EX_cpd11416_c0	0.528363	0.010593	0.016507
MGYG000004535__gradient_L2_fos_gapseq	933	1015	202	R_EX_cpd11416_c0	0.528363	0.010593	0.017786
MGYG000004535__gradient_L3_gos_gapseq	933	1015	202	R_EX_cpd11416_c0	0.828989	0.010593	0.014841
MGYG000004535__gradient_L4_xos_gapseq	933	1015	202	R_EX_cpd11416_c0	0.828989	0.010593	0.015181
MGYG000004535__gradient_L5_pectin_gapseq	933	1015	202	R_EX_cpd11416_c0	0.883648	0.010593	0.025607
MGYG000004535__gradient_L6_resistant_starch_gapseq	933	1015	202	R_EX_cpd11416_c0	0.992967	0.010593	0.014503
MGYG000004535__gradient_L7_bglucan_gapseq	933	1015	202	R_EX_cpd11416_c0	0.992967	0.010593	0.020223
MGYG000004535__gradient_L8_hmo_gapseq	933	1015	202	R_EX_cpd11416_c0	0.994383	0.010593	0.014758
MGYG000004535__gradient_L9_mos_gapseq	933	1015	202	R_EX_cpd11416_c0	0.994383	0.010593	0.015054
MGYG000004537__gradient_L0_base_gapseq	956	953	138	R_EX_cpd11416_c0	-0.000000	0.009978	0.009751
MGYG000004537__gradient_L1_inulin_gapseq	956	953	138	R_EX_cpd11416_c0	-0.000000	0.009978	0.005979
MGYG000004537__gradient_L2_fos_gapseq	956	953	138	R_EX_cpd11416_c0	-0.000000	0.009978	0.005415
MGYG000004537__gradient_L3_gos_gapseq	956	953	138	R_EX_cpd11416_c0	-0.000000	0.009978	0.004985
MGYG000004537__gradient_L4_xos_gapseq	956	953	138	R_EX_cpd11416_c0	-0.000000	0.009978	0.005329
MGYG000004537__gradient_L5_pectin_gapseq	956	953	138	R_EX_cpd11416_c0	-0.000000	0.009978	0.005281
MGYG000004537__gradient_L6_resistant_starch_gapseq	956	953	138	R_EX_cpd11416_c0	-0.000000	0.009978	0.005321
MGYG000004537__gradient_L7_bglucan_gapseq	956	953	138	R_EX_cpd11416_c0	-0.000000	0.009978	0.011750
MGYG000004537__gradient_L8_hmo_gapseq	956	953	138	R_EX_cpd11416_c0	-0.000000	0.009978	0.009986
MGYG000004537__gradient_L9_mos_gapseq	956	953	138	R_EX_cpd11416_c0	-0.000000	0.009978	0.005385
MGYG000004542__gradient_L0_base_gapseq	1177	1318	336	R_EX_cpd11416_c0	0.830899	0.014178	0.021770
MGYG000004542__gradient_L1_inulin_gapseq	1177	1318	336	R_EX_cpd11416_c0	1.123964	0.014178	0.026955
MGYG000004542__gradient_L2_fos_gapseq	1177	1318	336	R_EX_cpd11416_c0	1.123964	0.014178	0.018664
MGYG000004542__gradient_L3_gos_gapseq	1177	1318	336	R_EX_cpd11416_c0	1.420100	0.014178	0.021128
MGYG000004542__gradient_L4_xos_gapseq	1177	1318	336	R_EX_cpd11416_c0	1.420100	0.014178	0.028858
MGYG000004542__gradient_L5_pectin_gapseq	1177	1318	336	R_EX_cpd11416_c0	1.420100	0.014178	0.022911
MGYG000004542__gradient_L6_resistant_starch_gapseq	1177	1318	336	R_EX_cpd11416_c0	2.041539	0.014178	0.022126
MGYG000004542__gradient_L7_bglucan_gapseq	1177	1318	336	R_EX_cpd11416_c0	2.041539	0.014178	0.019740
MGYG000004542__gradient_L8_hmo_gapseq	1177	1318	336	R_EX_cpd11416_c0	2.041539	0.014178	0.027704
MGYG000004542__gradient_L9_mos_gapseq	1177	1318	336	R_EX_cpd11416_c0	2.185120	0.014178	0.020253
MGYG000004553__gradient_L0_base_gapseq	1149	1299	311	R_EX_cpd11416_c0	0.397554	0.013796	0.019646
MGYG000004553__gradient_L1_inulin_gapseq	1149	1299	311	R_EX_cpd11416_c0	0.555265	0.013796	0.024059
MGYG000004553__gradient_L2_fos_gapseq	1149	1299	311	R_EX_cpd11416_c0	0.555265	0.013796	0.018498
MGYG000004553__gradient_L3_gos_gapseq	1149	1299	311	R_EX_cpd11416_c0	0.703120	0.013796	0.018558
MGYG000004553__gradient_L4_xos_gapseq	1149	1299	311	R_EX_cpd11416_c0	0.703120	0.013796	0.024040
MGYG000004553__gradient_L5_pectin_gapseq	1149	1299	311	R_EX_cpd11416_c0	0.703120	0.013796	0.018711
MGYG000004553__gradient_L6_resistant_starch_gapseq	1149	1299	311	R_EX_cpd11416_c0	1.029289	0.013796	0.019483
MGYG000004553__gradient_L7_bglucan_gapseq	1149	1299	311	R_EX_cpd11416_c0	1.133482	0.013796	0.025391
MGYG000004553__gradient_L8_hmo_gapseq	1149	1299	311	R_EX_cpd11416_c0	1.133482	0.013796	0.024104
MGYG000004553__gradient_L9_mos_gapseq	1149	1299	311	R_EX_cpd11416_c0	1.209259	0.013796	0.019267
MGYG000004557__gradient_L0_base_gapseq	1193	1332	377	R_EX_cpd11416_c0	-0.000000	0.015043	0.009869
MGYG000004557__gradient_L1_inulin_gapseq	1193	1332	377	R_EX_cpd11416_c0	-0.000000	0.015043	0.008662
MGYG000004557__gradient_L2_fos_gapseq	1193	1332	377	R_EX_cpd11416_c0	-0.000000	0.015043	0.008501
MGYG000004557__gradient_L3_gos_gapseq	1193	1332	377	R_EX_cpd11416_c0	-0.000000	0.015043	0.008444
MGYG000004557__gradient_L4_xos_gapseq	1193	1332	377	R_EX_cpd11416_c0	0.288870	0.015043	0.025190
MGYG000004557__gradient_L5_pectin_gapseq	1193	1332	377	R_EX_cpd11416_c0	0.288870	0.015043	0.023142
MGYG000004557__gradient_L6_resistant_starch_gapseq	1193	1332	377	R_EX_cpd11416_c0	0.288870	0.015043	0.021654
MGYG000004557__gradient_L7_bglucan_gapseq	1193	1332	377	R_EX_cpd11416_c0	0.288870	0.015043	0.020176
MGYG000004557__gradient_L8_hmo_gapseq	1193	1332	377	R_EX_cpd11416_c0	0.288870	0.015043	0.023759
MGYG000004557__gradient_L9_mos_gapseq	1193	1332	377	R_EX_cpd11416_c0	0.288870	0.015043	0.031547
MGYG000004559__gradient_L0_base_gapseq	1251	1376	262	R_EX_cpd11416_c0	0.786679	0.014512	0.020224
MGYG000004559__gradient_L1_inulin_gapseq	1251	1376	262	R_EX_cpd11416_c0	0.959381	0.014512	0.019964
MGYG000004559__gradient_L2_fos_gapseq	1251	1376	262	R_EX_cpd11416_c0	0.959381	0.014512	0.031172
MGYG000004559__gradient_L3_gos_gapseq	1251	1376	262	R_EX_cpd11416_c0	1.084806	0.014512	0.021167
MGYG000004559__gradient_L4_xos_gapseq	1251	1376	262	R_EX_cpd11416_c0	1.084806	0.014512	0.031795
MGYG000004559__gradient_L5_pectin_gapseq	1251	1376	262	R_EX_cpd11416_c0	1.084806	0.014512	0.020564
MGYG000004559__gradient_L6_resistant_starch_gapseq	1251	1376	262	R_EX_cpd11416_c0	1.509491	0.014512	0.026008
MGYG000004559__gradient_L7_bglucan_gapseq	1251	1376	262	R_EX_cpd11416_c0	1.509491	0.014512	0.023531
MGYG000004559__gradient_L8_hmo_gapseq	1251	1376	262	R_EX_cpd11416_c0	1.509491	0.014512	0.024962
MGYG000004559__gradient_L9_mos_gapseq	1251	1376	262	R_EX_cpd11416_c0	1.676724	0.014512	0.021083
MGYG000004563__gradient_L0_base_gapseq	982	910	304	R_EX_cpd11416_c0	-0.000000	0.010697	0.004823
MGYG000004563__gradient_L1_inulin_gapseq	982	910	304	R_EX_cpd11416_c0	-0.000000	0.010697	0.004974
MGYG000004563__gradient_L2_fos_gapseq	982	910	304	R_EX_cpd11416_c0	-0.000000	0.010697	0.004793
MGYG000004563__gradient_L3_gos_gapseq	982	910	304	R_EX_cpd11416_c0	-0.000000	0.010697	0.004711
MGYG000004563__gradient_L4_xos_gapseq	982	910	304	R_EX_cpd11416_c0	-0.000000	0.010697	0.004736
MGYG000004563__gradient_L5_pectin_gapseq	982	910	304	R_EX_cpd11416_c0	-0.000000	0.010697	0.004600
MGYG000004563__gradient_L6_resistant_starch_gapseq	982	910	304	R_EX_cpd11416_c0	-0.000000	0.010697	0.004707
MGYG000004563__gradient_L7_bglucan_gapseq	982	910	304	R_EX_cpd11416_c0	-0.000000	0.010697	0.008990
MGYG000004563__gradient_L8_hmo_gapseq	982	910	304	R_EX_cpd11416_c0	-0.000000	0.010697	0.004737
MGYG000004563__gradient_L9_mos_gapseq	982	910	304	R_EX_cpd11416_c0	-0.000000	0.010697	0.004741
MGYG000004565__gradient_L0_base_gapseq	1105	1213	288	R_EX_cpd11416_c0	0.247282	0.012773	0.023328
MGYG000004565__gradient_L1_inulin_gapseq	1105	1213	288	R_EX_cpd11416_c0	0.326416	0.012773	0.018461
MGYG000004565__gradient_L2_fos_gapseq	1105	1213	288	R_EX_cpd11416_c0	0.326416	0.012773	0.024336
MGYG000004565__gradient_L3_gos_gapseq	1105	1213	288	R_EX_cpd11416_c0	0.326416	0.012773	0.019340
MGYG000004565__gradient_L4_xos_gapseq	1105	1213	288	R_EX_cpd11416_c0	0.326416	0.012773	0.026083
MGYG000004565__gradient_L5_pectin_gapseq	1105	1213	288	R_EX_cpd11416_c0	0.326416	0.012773	0.019355
MGYG000004565__gradient_L6_resistant_starch_gapseq	1105	1213	288	R_EX_cpd11416_c0	0.684989	0.012773	0.023136
MGYG000004565__gradient_L7_bglucan_gapseq	1105	1213	288	R_EX_cpd11416_c0	0.684989	0.012773	0.018833
MGYG000004565__gradient_L8_hmo_gapseq	1105	1213	288	R_EX_cpd11416_c0	0.684989	0.012773	0.024229
MGYG000004565__gradient_L9_mos_gapseq	1105	1213	288	R_EX_cpd11416_c0	0.684989	0.012773	0.018852
MGYG000004569__gradient_L0_base_gapseq	1093	1191	233	R_EX_cpd11416_c0	-0.000000	0.013140	0.006325
MGYG000004569__gradient_L1_inulin_gapseq	1093	1191	233	R_EX_cpd11416_c0	-0.000000	0.013140	0.006484
MGYG000004569__gradient_L2_fos_gapseq	1093	1191	233	R_EX_cpd11416_c0	-0.000000	0.013140	0.007071
MGYG000004569__gradient_L3_gos_gapseq	1093	1191	233	R_EX_cpd11416_c0	0.363328	0.013140	0.017210
MGYG000004569__gradient_L4_xos_gapseq	1093	1191	233	R_EX_cpd11416_c0	0.363328	0.013140	0.022301
MGYG000004569__gradient_L5_pectin_gapseq	1093	1191	233	R_EX_cpd11416_c0	0.363328	0.013140	0.016817
MGYG000004569__gradient_L6_resistant_starch_gapseq	1093	1191	233	R_EX_cpd11416_c0	0.426517	0.013140	0.016445
MGYG000004569__gradient_L7_bglucan_gapseq	1093	1191	233	R_EX_cpd11416_c0	0.578172	0.013140	0.016703
MGYG000004569__gradient_L8_hmo_gapseq	1093	1191	233	R_EX_cpd11416_c0	0.578172	0.013140	0.023194
MGYG000004569__gradient_L9_mos_gapseq	1093	1191	233	R_EX_cpd11416_c0	0.679274	0.013140	0.016678
MGYG000004576__gradient_L0_base_gapseq	1047	1178	218	R_EX_cpd11416_c0	-0.000000	0.012092	0.007262
MGYG000004576__gradient_L1_inulin_gapseq	1047	1178	218	R_EX_cpd11416_c0	-0.000000	0.012092	0.007404
MGYG000004576__gradient_L2_fos_gapseq	1047	1178	218	R_EX_cpd11416_c0	-0.000000	0.012092	0.007226
MGYG000004576__gradient_L3_gos_gapseq	1047	1178	218	R_EX_cpd11416_c0	-0.000000	0.012092	0.007008
MGYG000004576__gradient_L4_xos_gapseq	1047	1178	218	R_EX_cpd11416_c0	0.883319	0.012092	0.022166
MGYG000004576__gradient_L5_pectin_gapseq	1047	1178	218	R_EX_cpd11416_c0	0.883319	0.012092	0.016389
MGYG000004576__gradient_L6_resistant_starch_gapseq	1047	1178	218	R_EX_cpd11416_c0	0.994383	0.012092	0.016076
MGYG000004576__gradient_L7_bglucan_gapseq	1047	1178	218	R_EX_cpd11416_c0	0.994383	0.012092	0.016769
MGYG000004576__gradient_L8_hmo_gapseq	1047	1178	218	R_EX_cpd11416_c0	0.994383	0.012092	0.016496
MGYG000004576__gradient_L9_mos_gapseq	1047	1178	218	R_EX_cpd11416_c0	0.994383	0.012092	0.021405
MGYG000004589__gradient_L0_base_gapseq	1180	1358	355	R_EX_cpd11416_c0	-0.000000	0.014276	0.010579
MGYG000004589__gradient_L1_inulin_gapseq	1180	1358	355	R_EX_cpd11416_c0	-0.000000	0.014276	0.010830
MGYG000004589__gradient_L2_fos_gapseq	1180	1358	355	R_EX_cpd11416_c0	-0.000000	0.014276	0.008183
MGYG000004589__gradient_L3_gos_gapseq	1180	1358	355	R_EX_cpd11416_c0	-0.000000	0.014276	0.008046
MGYG000004589__gradient_L4_xos_gapseq	1180	1358	355	R_EX_cpd11416_c0	0.590858	0.014276	0.020011
MGYG000004589__gradient_L5_pectin_gapseq	1180	1358	355	R_EX_cpd11416_c0	0.590858	0.014276	0.023734
MGYG000004589__gradient_L6_resistant_starch_gapseq	1180	1358	355	R_EX_cpd11416_c0	1.180866	0.014276	0.024368
MGYG000004589__gradient_L7_bglucan_gapseq	1180	1358	355	R_EX_cpd11416_c0	1.385376	0.014276	0.020916
MGYG000004589__gradient_L8_hmo_gapseq	1180	1358	355	R_EX_cpd11416_c0	1.385376	0.014276	0.024798
MGYG000004589__gradient_L9_mos_gapseq	1180	1358	355	R_EX_cpd11416_c0	1.385376	0.014276	0.019134
MGYG000004592__gradient_L0_base_gapseq	1229	1256	262	R_EX_cpd11416_c0	-0.000000	0.016398	0.010109
MGYG000004592__gradient_L1_inulin_gapseq	1229	1256	262	R_EX_cpd11416_c0	-0.000000	0.016398	0.007783
MGYG000004592__gradient_L2_fos_gapseq	1229	1256	262	R_EX_cpd11416_c0	-0.000000	0.016398	0.007841
MGYG000004592__gradient_L3_gos_gapseq	1229	1256	262	R_EX_cpd11416_c0	-0.000000	0.016398	0.009294
MGYG000004592__gradient_L4_xos_gapseq	1229	1256	262	R_EX_cpd11416_c0	-0.000000	0.016398	0.011746
MGYG000004592__gradient_L5_pectin_gapseq	1229	1256	262	R_EX_cpd11416_c0	-0.000000	0.016398	0.007541
MGYG000004592__gradient_L6_resistant_starch_gapseq	1229	1256	262	R_EX_cpd11416_c0	0.357703	0.016398	0.018531
MGYG000004592__gradient_L7_bglucan_gapseq	1229	1256	262	R_EX_cpd11416_c0	0.548326	0.016398	0.029089
MGYG000004592__gradient_L8_hmo_gapseq	1229	1256	262	R_EX_cpd11416_c0	0.548326	0.016398	0.018378
MGYG000004592__gradient_L9_mos_gapseq	1229	1256	262	R_EX_cpd11416_c0	0.548326	0.016398	0.022611
MGYG000004612__gradient_L0_base_gapseq	1308	1467	339	R_EX_cpd11416_c0	-0.000000	0.015867	0.008592
MGYG000004612__gradient_L1_inulin_gapseq	1308	1467	339	R_EX_cpd11416_c0	-0.000000	0.015867	0.008856
MGYG000004612__gradient_L2_fos_gapseq	1308	1467	339	R_EX_cpd11416_c0	-0.000000	0.015867	0.013356
MGYG000004612__gradient_L3_gos_gapseq	1308	1467	339	R_EX_cpd11416_c0	-0.000000	0.015867	0.010193
MGYG000004612__gradient_L4_xos_gapseq	1308	1467	339	R_EX_cpd11416_c0	1.066317	0.015867	0.028122
MGYG000004612__gradient_L5_pectin_gapseq	1308	1467	339	R_EX_cpd11416_c0	1.066317	0.015867	0.022298
MGYG000004612__gradient_L6_resistant_starch_gapseq	1308	1467	339	R_EX_cpd11416_c0	1.794591	0.015867	0.027614
MGYG000004612__gradient_L7_bglucan_gapseq	1308	1467	339	R_EX_cpd11416_c0	2.038740	0.015867	0.022264
MGYG000004612__gradient_L8_hmo_gapseq	1308	1467	339	R_EX_cpd11416_c0	2.038740	0.015867	0.022692
MGYG000004612__gradient_L9_mos_gapseq	1308	1467	339	R_EX_cpd11416_c0	2.172292	0.015867	0.027433
MGYG000004616__gradient_L0_base_gapseq	1201	1336	291	R_EX_cpd11416_c0	-0.000000	0.014074	0.008437
MGYG000004616__gradient_L1_inulin_gapseq	1201	1336	291	R_EX_cpd11416_c0	-0.000000	0.014074	0.008208
MGYG000004616__gradient_L2_fos_gapseq	1201	1336	291	R_EX_cpd11416_c0	-0.000000	0.014074	0.013483
MGYG000004616__gradient_L3_gos_gapseq	1201	1336	291	R_EX_cpd11416_c0	0.349589	0.014074	0.019348
MGYG000004616__gradient_L4_xos_gapseq	1201	1336	291	R_EX_cpd11416_c0	0.349589	0.014074	0.024620
MGYG000004616__gradient_L5_pectin_gapseq	1201	1336	291	R_EX_cpd11416_c0	0.349589	0.014074	0.023906
MGYG000004616__gradient_L6_resistant_starch_gapseq	1201	1336	291	R_EX_cpd11416_c0	0.349650	0.014074	0.019040
MGYG000004616__gradient_L7_bglucan_gapseq	1201	1336	291	R_EX_cpd11416_c0	0.349650	0.014074	0.024928
MGYG000004616__gradient_L8_hmo_gapseq	1201	1336	291	R_EX_cpd11416_c0	0.349650	0.014074	0.019571
MGYG000004616__gradient_L9_mos_gapseq	1201	1336	291	R_EX_cpd11416_c0	0.349650	0.014074	0.024225
MGYG000004633__gradient_L0_base_gapseq	1263	1434	374	R_EX_cpd11416_c0	0.652428	0.015785	0.025463
MGYG000004633__gradient_L1_inulin_gapseq	1263	1434	374	R_EX_cpd11416_c0	0.936482	0.015785	0.026395
MGYG000004633__gradient_L2_fos_gapseq	1263	1434	374	R_EX_cpd11416_c0	0.936482	0.015785	0.028960
MGYG000004633__gradient_L3_gos_gapseq	1263	1434	374	R_EX_cpd11416_c0	1.193879	0.015785	0.033721
MGYG000004633__gradient_L4_xos_gapseq	1263	1434	374	R_EX_cpd11416_c0	1.193879	0.015785	0.029263
MGYG000004633__gradient_L5_pectin_gapseq	1263	1434	374	R_EX_cpd11416_c0	1.193879	0.015785	0.023760
MGYG000004633__gradient_L6_resistant_starch_gapseq	1263	1434	374	R_EX_cpd11416_c0	1.782326	0.015785	0.028150
MGYG000004633__gradient_L7_bglucan_gapseq	1263	1434	374	R_EX_cpd11416_c0	1.782326	0.015785	0.028539
MGYG000004633__gradient_L8_hmo_gapseq	1263	1434	374	R_EX_cpd11416_c0	1.782326	0.015785	0.023263
MGYG000004633__gradient_L9_mos_gapseq	1263	1434	374	R_EX_cpd11416_c0	1.918285	0.015785	0.025241
MGYG000004637__gradient_L0_base_gapseq	1072	1117	255	R_EX_cpd11416_c0	0.043328	0.012457	0.014531
MGYG000004637__gradient_L1_inulin_gapseq	1072	1117	255	R_EX_cpd11416_c0	0.083918	0.012457	0.015002
MGYG000004637__gradient_L2_fos_gapseq	1072	1117	255	R_EX_cpd11416_c0	0.083918	0.012457	0.016009
MGYG000004637__gradient_L3_gos_gapseq	1072	1117	255	R_EX_cpd11416_c0	0.083918	0.012457	0.020834
MGYG000004637__gradient_L4_xos_gapseq	1072	1117	255	R_EX_cpd11416_c0	0.083918	0.012457	0.024658
MGYG000004637__gradient_L5_pectin_gapseq	1072	1117	255	R_EX_cpd11416_c0	0.083918	0.012457	0.021194
MGYG000004637__gradient_L6_resistant_starch_gapseq	1072	1117	255	R_EX_cpd11416_c0	0.083918	0.012457	0.016927
MGYG000004637__gradient_L7_bglucan_gapseq	1072	1117	255	R_EX_cpd11416_c0	0.083918	0.012457	0.022207
MGYG000004637__gradient_L8_hmo_gapseq	1072	1117	255	R_EX_cpd11416_c0	0.083918	0.012457	0.016980
MGYG000004637__gradient_L9_mos_gapseq	1072	1117	255	R_EX_cpd11416_c0	0.083918	0.012457	0.022337
MGYG000004652__gradient_L0_base_gapseq	1396	1665	371	R_EX_cpd11416_c0	0.239421	0.016969	0.026900
MGYG000004652__gradient_L1_inulin_gapseq	1396	1665	371	R_EX_cpd11416_c0	0.445989	0.016969	0.028392
MGYG000004652__gradient_L2_fos_gapseq	1396	1665	371	R_EX_cpd11416_c0	0.445989	0.016969	0.033476
MGYG000004652__gradient_L3_gos_gapseq	1396	1665	371	R_EX_cpd11416_c0	0.650210	0.016969	0.037063
MGYG000004652__gradient_L4_xos_gapseq	1396	1665	371	R_EX_cpd11416_c0	0.746688	0.016969	0.030511
MGYG000004652__gradient_L5_pectin_gapseq	1396	1665	371	R_EX_cpd11416_c0	0.746688	0.016969	0.037648
MGYG000004652__gradient_L6_resistant_starch_gapseq	1396	1665	371	R_EX_cpd11416_c0	1.194376	0.016969	0.033270
MGYG000004652__gradient_L7_bglucan_gapseq	1396	1665	371	R_EX_cpd11416_c0	1.340070	0.016969	0.039008
MGYG000004652__gradient_L8_hmo_gapseq	1396	1665	371	R_EX_cpd11416_c0	1.340070	0.016969	0.028051
MGYG000004652__gradient_L9_mos_gapseq	1396	1665	371	R_EX_cpd11416_c0	1.431129	0.016969	0.034467
MGYG000004655__gradient_L0_base_gapseq	1273	1414	335	R_EX_cpd11416_c0	0.301778	0.015112	0.021274
MGYG000004655__gradient_L1_inulin_gapseq	1273	1414	335	R_EX_cpd11416_c0	0.377819	0.015112	0.027500
MGYG000004655__gradient_L2_fos_gapseq	1273	1414	335	R_EX_cpd11416_c0	0.377819	0.015112	0.021851
MGYG000004655__gradient_L3_gos_gapseq	1273	1414	335	R_EX_cpd11416_c0	0.434850	0.015112	0.024350
MGYG000004655__gradient_L4_xos_gapseq	1273	1414	335	R_EX_cpd11416_c0	0.454454	0.015112	0.020845
MGYG000004655__gradient_L5_pectin_gapseq	1273	1414	335	R_EX_cpd11416_c0	0.454454	0.015112	0.026949
MGYG000004655__gradient_L6_resistant_starch_gapseq	1273	1414	335	R_EX_cpd11416_c0	0.651685	0.015112	0.025151
MGYG000004655__gradient_L7_bglucan_gapseq	1273	1414	335	R_EX_cpd11416_c0	0.772876	0.015112	0.024822
MGYG000004655__gradient_L8_hmo_gapseq	1273	1414	335	R_EX_cpd11416_c0	0.772876	0.015112	0.030503
MGYG000004655__gradient_L9_mos_gapseq	1273	1414	335	R_EX_cpd11416_c0	0.848917	0.015112	0.023363
MGYG000004663__gradient_L0_base_gapseq	1293	1389	359	R_EX_cpd11416_c0	-0.000000	0.015689	0.009092
MGYG000004663__gradient_L1_inulin_gapseq	1293	1389	359	R_EX_cpd11416_c0	-0.000000	0.015689	0.010161
MGYG000004663__gradient_L2_fos_gapseq	1293	1389	359	R_EX_cpd11416_c0	-0.000000	0.015689	0.011424
MGYG000004663__gradient_L3_gos_gapseq	1293	1389	359	R_EX_cpd11416_c0	-0.000000	0.015689	0.010141
MGYG000004663__gradient_L4_xos_gapseq	1293	1389	359	R_EX_cpd11416_c0	-0.000000	0.015689	0.012589
MGYG000004663__gradient_L5_pectin_gapseq	1293	1389	359	R_EX_cpd11416_c0	-0.000000	0.015689	0.012263
MGYG000004663__gradient_L6_resistant_starch_gapseq	1293	1389	359	R_EX_cpd11416_c0	-0.000000	0.015689	0.009271
MGYG000004663__gradient_L7_bglucan_gapseq	1293	1389	359	R_EX_cpd11416_c0	-0.000000	0.015689	0.010680
MGYG000004663__gradient_L8_hmo_gapseq	1293	1389	359	R_EX_cpd11416_c0	-0.000000	0.015689	0.009202
MGYG000004663__gradient_L9_mos_gapseq	1293	1389	359	R_EX_cpd11416_c0	-0.000000	0.015689	0.009232
MGYG000004733__gradient_L0_base_gapseq	1460	1699	512	R_EX_cpd11416_c0	0.985345	0.017775	0.029548
MGYG000004733__gradient_L1_inulin_gapseq	1460	1699	512	R_EX_cpd11416_c0	1.270047	0.017775	0.035347
MGYG000004733__gradient_L2_fos_gapseq	1460	1699	512	R_EX_cpd11416_c0	1.270047	0.017775	0.029560
MGYG000004733__gradient_L3_gos_gapseq	1460	1699	512	R_EX_cpd11416_c0	1.583485	0.017775	0.040633
MGYG000004733__gradient_L4_xos_gapseq	1460	1699	512	R_EX_cpd11416_c0	1.630168	0.017775	0.034756
MGYG000004733__gradient_L5_pectin_gapseq	1460	1699	512	R_EX_cpd11416_c0	1.630168	0.017775	0.030024
MGYG000004733__gradient_L6_resistant_starch_gapseq	1460	1699	512	R_EX_cpd11416_c0	2.245930	0.017775	0.046004
MGYG000004733__gradient_L7_bglucan_gapseq	1460	1699	512	R_EX_cpd11416_c0	2.452666	0.017775	0.034933
MGYG000004733__gradient_L8_hmo_gapseq	1460	1699	512	R_EX_cpd11416_c0	2.599382	0.017775	0.035182
MGYG000004733__gradient_L9_mos_gapseq	1460	1699	512	R_EX_cpd11416_c0	2.706085	0.017775	0.035754
MGYG000004736__gradient_L0_base_gapseq	1321	1439	285	R_EX_cpd11416_c0	-0.000000	0.015412	0.009697
MGYG000004736__gradient_L1_inulin_gapseq	1321	1439	285	R_EX_cpd11416_c0	-0.000000	0.015412	0.009849
MGYG000004736__gradient_L2_fos_gapseq	1321	1439	285	R_EX_cpd11416_c0	-0.000000	0.015412	0.014698
MGYG000004736__gradient_L3_gos_gapseq	1321	1439	285	R_EX_cpd11416_c0	0.843308	0.015412	0.027437
MGYG000004736__gradient_L4_xos_gapseq	1321	1439	285	R_EX_cpd11416_c0	0.843308	0.015412	0.042745
MGYG000004736__gradient_L5_pectin_gapseq	1321	1439	285	R_EX_cpd11416_c0	0.843308	0.015412	0.028541
MGYG000004736__gradient_L6_resistant_starch_gapseq	1321	1439	285	R_EX_cpd11416_c0	1.564944	0.015412	0.028485
MGYG000004736__gradient_L7_bglucan_gapseq	1321	1439	285	R_EX_cpd11416_c0	1.564944	0.015412	0.028584
MGYG000004736__gradient_L8_hmo_gapseq	1321	1439	285	R_EX_cpd11416_c0	1.564944	0.015412	0.027467
MGYG000004736__gradient_L9_mos_gapseq	1321	1439	285	R_EX_cpd11416_c0	1.564944	0.015412	0.030343
MGYG000004739__gradient_L0_base_gapseq	1337	1596	360	R_EX_cpd11416_c0	-0.000000	0.016434	0.014373
MGYG000004739__gradient_L1_inulin_gapseq	1337	1596	360	R_EX_cpd11416_c0	-0.000000	0.016434	0.013417
MGYG000004739__gradient_L2_fos_gapseq	1337	1596	360	R_EX_cpd11416_c0	-0.000000	0.016434	0.011541
MGYG000004739__gradient_L3_gos_gapseq	1337	1596	360	R_EX_cpd11416_c0	1.021458	0.016434	0.037778
MGYG000004739__gradient_L4_xos_gapseq	1337	1596	360	R_EX_cpd11416_c0	1.066025	0.016434	0.029203
MGYG000004739__gradient_L5_pectin_gapseq	1337	1596	360	R_EX_cpd11416_c0	1.066025	0.016434	0.036512
MGYG000004739__gradient_L6_resistant_starch_gapseq	1337	1596	360	R_EX_cpd11416_c0	1.421371	0.016434	0.029195
MGYG000004739__gradient_L7_bglucan_gapseq	1337	1596	360	R_EX_cpd11416_c0	1.537541	0.016434	0.033696
MGYG000004739__gradient_L8_hmo_gapseq	1337	1596	360	R_EX_cpd11416_c0	1.537541	0.016434	0.029742
MGYG000004739__gradient_L9_mos_gapseq	1337	1596	360	R_EX_cpd11416_c0	1.610432	0.016434	0.034437
MGYG000004744__gradient_L0_base_gapseq	1298	1476	377	R_EX_cpd11416_c0	0.560200	0.016164	0.028951
MGYG000004744__gradient_L1_inulin_gapseq	1298	1476	377	R_EX_cpd11416_c0	0.795790	0.016164	0.028072
MGYG000004744__gradient_L2_fos_gapseq	1298	1476	377	R_EX_cpd11416_c0	0.795790	0.016164	0.031909
MGYG000004744__gradient_L3_gos_gapseq	1298	1476	377	R_EX_cpd11416_c0	1.029202	0.016164	0.027031
MGYG000004744__gradient_L4_xos_gapseq	1298	1476	377	R_EX_cpd11416_c0	1.029202	0.016164	0.029385
MGYG000004744__gradient_L5_pectin_gapseq	1298	1476	377	R_EX_cpd11416_c0	1.029202	0.016164	0.030804
MGYG000004744__gradient_L6_resistant_starch_gapseq	1298	1476	377	R_EX_cpd11416_c0	1.490572	0.016164	0.024685
MGYG000004744__gradient_L7_bglucan_gapseq	1298	1476	377	R_EX_cpd11416_c0	1.649095	0.016164	0.029280
MGYG000004744__gradient_L8_hmo_gapseq	1298	1476	377	R_EX_cpd11416_c0	1.649095	0.016164	0.024614
MGYG000004744__gradient_L9_mos_gapseq	1298	1476	377	R_EX_cpd11416_c0	1.649095	0.016164	0.024255
MGYG000004770__gradient_L0_base_gapseq	1486	1724	383	R_EX_cpd11416_c0	0.448136	0.020024	0.031424
MGYG000004770__gradient_L1_inulin_gapseq	1486	1724	383	R_EX_cpd11416_c0	0.526643	0.020024	0.030422
MGYG000004770__gradient_L2_fos_gapseq	1486	1724	383	R_EX_cpd11416_c0	0.526643	0.020024	0.035898
MGYG000004770__gradient_L3_gos_gapseq	1486	1724	383	R_EX_cpd11416_c0	0.585524	0.020024	0.031013
MGYG000004770__gradient_L4_xos_gapseq	1486	1724	383	R_EX_cpd11416_c0	0.585524	0.020024	0.036440
MGYG000004770__gradient_L5_pectin_gapseq	1486	1724	383	R_EX_cpd11416_c0	0.585524	0.020024	0.036819
MGYG000004770__gradient_L6_resistant_starch_gapseq	1486	1724	383	R_EX_cpd11416_c0	0.735178	0.020024	0.029545
MGYG000004770__gradient_L7_bglucan_gapseq	1486	1724	383	R_EX_cpd11416_c0	0.735178	0.020024	0.031595
MGYG000004770__gradient_L8_hmo_gapseq	1486	1724	383	R_EX_cpd11416_c0	0.735178	0.020024	0.033658
MGYG000004770__gradient_L9_mos_gapseq	1486	1724	383	R_EX_cpd11416_c0	0.774432	0.020024	0.035859
MGYG000004781__gradient_L0_base_gapseq	1669	1967	546	R_EX_cpd11416_c0	-0.000000	0.020880	0.016411
MGYG000004781__gradient_L1_inulin_gapseq	1669	1967	546	R_EX_cpd11416_c0	-0.000000	0.020880	0.019201
MGYG000004781__gradient_L2_fos_gapseq	1669	1967	546	R_EX_cpd11416_c0	-0.000000	0.020880	0.015327
MGYG000004781__gradient_L3_gos_gapseq	1669	1967	546	R_EX_cpd11416_c0	-0.000000	0.020880	0.021810
MGYG000004781__gradient_L4_xos_gapseq	1669	1967	546	R_EX_cpd11416_c0	1.911469	0.020880	0.051184
MGYG000004781__gradient_L5_pectin_gapseq	1669	1967	546	R_EX_cpd11416_c0	1.911469	0.020880	0.047527
MGYG000004781__gradient_L6_resistant_starch_gapseq	1669	1967	546	R_EX_cpd11416_c0	2.629517	0.020880	0.049516
MGYG000004781__gradient_L7_bglucan_gapseq	1669	1967	546	R_EX_cpd11416_c0	2.862236	0.020880	0.040386
MGYG000004781__gradient_L8_hmo_gapseq	1669	1967	546	R_EX_cpd11416_c0	2.862236	0.020880	0.043072
MGYG000004781__gradient_L9_mos_gapseq	1669	1967	546	R_EX_cpd11416_c0	3.021360	0.020880	0.046460
MGYG000004783__gradient_L0_base_gapseq	1172	1285	269	R_EX_cpd11416_c0	-0.000000	0.013895	0.007374
MGYG000004783__gradient_L1_inulin_gapseq	1172	1285	269	R_EX_cpd11416_c0	0.302240	0.013895	0.018487
MGYG000004783__gradient_L2_fos_gapseq	1172	1285	269	R_EX_cpd11416_c0	0.302240	0.013895	0.021792
MGYG000004783__gradient_L3_gos_gapseq	1172	1285	269	R_EX_cpd11416_c0	0.302240	0.013895	0.020516
MGYG000004783__gradient_L4_xos_gapseq	1172	1285	269	R_EX_cpd11416_c0	0.302240	0.013895	0.020261
MGYG000004783__gradient_L5_pectin_gapseq	1172	1285	269	R_EX_cpd11416_c0	0.302240	0.013895	0.017947
MGYG000004783__gradient_L6_resistant_starch_gapseq	1172	1285	269	R_EX_cpd11416_c0	0.888959	0.013895	0.022133
MGYG000004783__gradient_L7_bglucan_gapseq	1172	1285	269	R_EX_cpd11416_c0	0.888959	0.013895	0.018623
MGYG000004783__gradient_L8_hmo_gapseq	1172	1285	269	R_EX_cpd11416_c0	0.888959	0.013895	0.027388
MGYG000004783__gradient_L9_mos_gapseq	1172	1285	269	R_EX_cpd11416_c0	0.994383	0.013895	0.019419
MGYG000004786__gradient_L0_base_gapseq	1129	1253	308	R_EX_cpd11416_c0	-0.000000	0.013630	0.016099
MGYG000004786__gradient_L1_inulin_gapseq	1129	1253	308	R_EX_cpd11416_c0	-0.000000	0.013630	0.009992
MGYG000004786__gradient_L2_fos_gapseq	1129	1253	308	R_EX_cpd11416_c0	-0.000000	0.013630	0.007281
MGYG000004786__gradient_L3_gos_gapseq	1129	1253	308	R_EX_cpd11416_c0	0.958625	0.013630	0.019308
MGYG000004786__gradient_L4_xos_gapseq	1129	1253	308	R_EX_cpd11416_c0	0.963686	0.013630	0.022524
MGYG000004786__gradient_L5_pectin_gapseq	1129	1253	308	R_EX_cpd11416_c0	0.963686	0.013630	0.028572
MGYG000004786__gradient_L6_resistant_starch_gapseq	1129	1253	308	R_EX_cpd11416_c0	1.599703	0.013630	0.019839
MGYG000004786__gradient_L7_bglucan_gapseq	1129	1253	308	R_EX_cpd11416_c0	1.818147	0.013630	0.024051
MGYG000004786__gradient_L8_hmo_gapseq	1129	1253	308	R_EX_cpd11416_c0	1.818147	0.013630	0.019214
MGYG000004786__gradient_L9_mos_gapseq	1129	1253	308	R_EX_cpd11416_c0	1.924059	0.013630	0.022706
MGYG000004797__gradient_L0_base_gapseq	1513	1809	564	R_EX_cpd11416_c0	0.958169	0.019306	0.038211
MGYG000004797__gradient_L1_inulin_gapseq	1513	1809	564	R_EX_cpd11416_c0	1.063569	0.019306	0.039242
MGYG000004797__gradient_L2_fos_gapseq	1513	1809	564	R_EX_cpd11416_c0	1.063569	0.019306	0.037922
MGYG000004797__gradient_L3_gos_gapseq	1513	1809	564	R_EX_cpd11416_c0	1.142619	0.019306	0.034192
MGYG000004797__gradient_L4_xos_gapseq	1513	1809	564	R_EX_cpd11416_c0	1.207296	0.019306	0.037748
MGYG000004797__gradient_L5_pectin_gapseq	1513	1809	564	R_EX_cpd11416_c0	1.240832	0.019306	0.039180
MGYG000004797__gradient_L6_resistant_starch_gapseq	1513	1809	564	R_EX_cpd11416_c0	1.722317	0.019306	0.032032
MGYG000004797__gradient_L7_bglucan_gapseq	1513	1809	564	R_EX_cpd11416_c0	1.887590	0.019306	0.049683
MGYG000004797__gradient_L8_hmo_gapseq	1513	1809	564	R_EX_cpd11416_c0	1.887590	0.019306	0.038273
MGYG000004797__gradient_L9_mos_gapseq	1513	1809	564	R_EX_cpd11416_c0	1.988179	0.019306	0.039506
MGYG000004798__gradient_L0_base_gapseq	1526	1820	472	R_EX_cpd11416_c0	0.998569	0.024424	0.034621
MGYG000004798__gradient_L1_inulin_gapseq	1526	1820	472	R_EX_cpd11416_c0	1.218440	0.024424	0.034297
MGYG000004798__gradient_L2_fos_gapseq	1526	1820	472	R_EX_cpd11416_c0	1.218440	0.024424	0.041089
MGYG000004798__gradient_L3_gos_gapseq	1526	1820	472	R_EX_cpd11416_c0	1.458923	0.024424	0.031769
MGYG000004798__gradient_L4_xos_gapseq	1526	1820	472	R_EX_cpd11416_c0	1.500149	0.024424	0.049466
MGYG000004798__gradient_L5_pectin_gapseq	1526	1820	472	R_EX_cpd11416_c0	1.500149	0.024424	0.041544
MGYG000004798__gradient_L6_resistant_starch_gapseq	1526	1820	472	R_EX_cpd11416_c0	1.997148	0.024424	0.031413
MGYG000004798__gradient_L7_bglucan_gapseq	1526	1820	472	R_EX_cpd11416_c0	2.152580	0.024424	0.041300
MGYG000004798__gradient_L8_hmo_gapseq	1526	1820	472	R_EX_cpd11416_c0	2.152580	0.024424	0.037234
MGYG000004798__gradient_L9_mos_gapseq	1526	1820	472	R_EX_cpd11416_c0	2.261649	0.024424	0.041083
MGYG000004819__gradient_L0_base_gapseq	1426	1681	405	R_EX_cpd11416_c0	0.390367	0.021988	0.033902
MGYG000004819__gradient_L1_inulin_gapseq	1426	1681	405	R_EX_cpd11416_c0	0.561752	0.021988	0.033765
MGYG000004819__gradient_L2_fos_gapseq	1426	1681	405	R_EX_cpd11416_c0	0.561752	0.021988	0.034795
MGYG000004819__gradient_L3_gos_gapseq	1426	1681	405	R_EX_cpd11416_c0	0.725996	0.021988	0.035588
MGYG000004819__gradient_L4_xos_gapseq	1426	1681	405	R_EX_cpd11416_c0	0.833236	0.021988	0.034386
MGYG000004819__gradient_L5_pectin_gapseq	1426	1681	405	R_EX_cpd11416_c0	0.833236	0.021988	0.035746
MGYG000004819__gradient_L6_resistant_starch_gapseq	1426	1681	405	R_EX_cpd11416_c0	1.202264	0.021988	0.035412
MGYG000004819__gradient_L7_bglucan_gapseq	1426	1681	405	R_EX_cpd11416_c0	1.202264	0.021988	0.037295
MGYG000004819__gradient_L8_hmo_gapseq	1426	1681	405	R_EX_cpd11416_c0	1.202264	0.021988	0.028131
MGYG000004819__gradient_L9_mos_gapseq	1426	1681	405	R_EX_cpd11416_c0	1.276969	0.021988	0.044144
MGYG000004834__gradient_L0_base_gapseq	1224	1381	325	R_EX_cpd11416_c0	0.425267	0.014861	0.027621
MGYG000004834__gradient_L1_inulin_gapseq	1224	1381	325	R_EX_cpd11416_c0	0.776010	0.014861	0.027610
MGYG000004834__gradient_L2_fos_gapseq	1224	1381	325	R_EX_cpd11416_c0	0.776010	0.014861	0.021933
MGYG000004834__gradient_L3_gos_gapseq	1224	1381	325	R_EX_cpd11416_c0	1.110800	0.014861	0.022570
MGYG000004834__gradient_L4_xos_gapseq	1224	1381	325	R_EX_cpd11416_c0	1.189258	0.014861	0.027214
MGYG000004834__gradient_L5_pectin_gapseq	1224	1381	325	R_EX_cpd11416_c0	1.189258	0.014861	0.021809
MGYG000004834__gradient_L6_resistant_starch_gapseq	1224	1381	325	R_EX_cpd11416_c0	1.909839	0.014861	0.027978
MGYG000004834__gradient_L7_bglucan_gapseq	1224	1381	325	R_EX_cpd11416_c0	1.909839	0.014861	0.027787
MGYG000004834__gradient_L8_hmo_gapseq	1224	1381	325	R_EX_cpd11416_c0	1.909839	0.014861	0.022439
MGYG000004834__gradient_L9_mos_gapseq	1224	1381	325	R_EX_cpd11416_c0	2.075015	0.014861	0.028439
MGYG000004846__gradient_L0_base_gapseq	1183	1319	333	R_EX_cpd11416_c0	0.826138	0.014062	0.025300
MGYG000004846__gradient_L1_inulin_gapseq	1183	1319	333	R_EX_cpd11416_c0	1.117754	0.014062	0.023288
MGYG000004846__gradient_L2_fos_gapseq	1183	1319	333	R_EX_cpd11416_c0	1.117754	0.014062	0.018408
MGYG000004846__gradient_L3_gos_gapseq	1183	1319	333	R_EX_cpd11416_c0	1.412254	0.014062	0.024755
MGYG000004846__gradient_L4_xos_gapseq	1183	1319	333	R_EX_cpd11416_c0	1.412254	0.014062	0.020011
MGYG000004846__gradient_L5_pectin_gapseq	1183	1319	333	R_EX_cpd11416_c0	1.412254	0.014062	0.023924
MGYG000004846__gradient_L6_resistant_starch_gapseq	1183	1319	333	R_EX_cpd11416_c0	2.030259	0.014062	0.020778
MGYG000004846__gradient_L7_bglucan_gapseq	1183	1319	333	R_EX_cpd11416_c0	2.030259	0.014062	0.029282
MGYG000004846__gradient_L8_hmo_gapseq	1183	1319	333	R_EX_cpd11416_c0	2.030259	0.014062	0.020535
MGYG000004846__gradient_L9_mos_gapseq	1183	1319	333	R_EX_cpd11416_c0	2.173047	0.014062	0.019943
MGYG000004852__gradient_L0_base_gapseq	1367	1559	359	R_EX_cpd11416_c0	0.666604	0.016918	0.028661
MGYG000004852__gradient_L1_inulin_gapseq	1367	1559	359	R_EX_cpd11416_c0	0.911607	0.016918	0.024293
MGYG000004852__gradient_L2_fos_gapseq	1367	1559	359	R_EX_cpd11416_c0	0.911607	0.016918	0.024625
MGYG000004852__gradient_L3_gos_gapseq	1367	1559	359	R_EX_cpd11416_c0	0.980167	0.016918	0.032531
MGYG000004852__gradient_L4_xos_gapseq	1367	1559	359	R_EX_cpd11416_c0	1.041985	0.016918	0.023885
MGYG000004852__gradient_L5_pectin_gapseq	1367	1559	359	R_EX_cpd11416_c0	1.041985	0.016918	0.034619
MGYG000004852__gradient_L6_resistant_starch_gapseq	1367	1559	359	R_EX_cpd11416_c0	1.508380	0.016918	0.024298
MGYG000004852__gradient_L7_bglucan_gapseq	1367	1559	359	R_EX_cpd11416_c0	1.665362	0.016918	0.026063
MGYG000004852__gradient_L8_hmo_gapseq	1367	1559	359	R_EX_cpd11416_c0	1.665362	0.016918	0.028097
MGYG000004852__gradient_L9_mos_gapseq	1367	1559	359	R_EX_cpd11416_c0	1.774567	0.016918	0.031467
MGYG000004855__gradient_L0_base_gapseq	1388	1630	484	R_EX_cpd11416_c0	-0.000000	0.017563	0.015023
MGYG000004855__gradient_L1_inulin_gapseq	1388	1630	484	R_EX_cpd11416_c0	-0.000000	0.017563	0.018788
MGYG000004855__gradient_L2_fos_gapseq	1388	1630	484	R_EX_cpd11416_c0	-0.000000	0.017563	0.013240
MGYG000004855__gradient_L3_gos_gapseq	1388	1630	484	R_EX_cpd11416_c0	1.680999	0.017563	0.030254
MGYG000004855__gradient_L4_xos_gapseq	1388	1630	484	R_EX_cpd11416_c0	1.680999	0.017563	0.032168
MGYG000004855__gradient_L5_pectin_gapseq	1388	1630	484	R_EX_cpd11416_c0	1.680999	0.017563	0.034485
MGYG000004855__gradient_L6_resistant_starch_gapseq	1388	1630	484	R_EX_cpd11416_c0	2.409482	0.017563	0.034789
MGYG000004855__gradient_L7_bglucan_gapseq	1388	1630	484	R_EX_cpd11416_c0	2.653702	0.017563	0.035121
MGYG000004855__gradient_L8_hmo_gapseq	1388	1630	484	R_EX_cpd11416_c0	2.653702	0.017563	0.033383
MGYG000004855__gradient_L9_mos_gapseq	1388	1630	484	R_EX_cpd11416_c0	2.787292	0.017563	0.029963
MGYG000004864__gradient_L0_base_gapseq	1346	1467	414	R_EX_cpd11416_c0	0.533236	0.015897	0.026432
MGYG000004864__gradient_L1_inulin_gapseq	1346	1467	414	R_EX_cpd11416_c0	0.722514	0.015897	0.033490
MGYG000004864__gradient_L2_fos_gapseq	1346	1467	414	R_EX_cpd11416_c0	0.722514	0.015897	0.026184
MGYG000004864__gradient_L3_gos_gapseq	1346	1467	414	R_EX_cpd11416_c0	0.722514	0.015897	0.030783
MGYG000004864__gradient_L4_xos_gapseq	1346	1467	414	R_EX_cpd11416_c0	0.722514	0.015897	0.025623
MGYG000004864__gradient_L5_pectin_gapseq	1346	1467	414	R_EX_cpd11416_c0	0.722514	0.015897	0.031603
MGYG000004864__gradient_L6_resistant_starch_gapseq	1346	1467	414	R_EX_cpd11416_c0	0.722514	0.015897	0.031944
MGYG000004864__gradient_L7_bglucan_gapseq	1346	1467	414	R_EX_cpd11416_c0	0.722514	0.015897	0.025730
MGYG000004864__gradient_L8_hmo_gapseq	1346	1467	414	R_EX_cpd11416_c0	0.722514	0.015897	0.032767
MGYG000004864__gradient_L9_mos_gapseq	1346	1467	414	R_EX_cpd11416_c0	0.722514	0.015897	0.026536
