model_id	n_metabolites	n_reactions	n_genes	biomass_rxn	growth_rate	load_time_s	fba_time_s
MGYG000000002__gradient_L0_base_gapseq	1401	1622	530	R_EX_cpd11416_c0	0.428154	0.015141	0.024956
MGYG000000002__gradient_L1_inulin_gapseq	1401	1622	530	R_EX_cpd11416_c0	0.595638	0.015141	0.023878
MGYG000000002__gradient_L2_fos_gapseq	1401	1622	530	R_EX_cpd11416_c0	0.595638	0.015141	0.023613
MGYG000000002__gradient_L3_gos_gapseq	1401	1622	530	R_EX_cpd11416_c0	0.891223	0.015141	0.023327
MGYG000000002__gradient_L4_xos_gapseq	1401	1622	530	R_EX_cpd11416_c0	0.951684	0.015141	0.023532
MGYG000000002__gradient_L5_pectin_gapseq	1401	1622	530	R_EX_cpd11416_c0	0.951684	0.015141	0.023618
MGYG000000002__gradient_L6_resistant_starch_gapseq	1401	1622	530	R_EX_cpd11416_c0	1.515032	0.015141	0.024904
MGYG000000002__gradient_L7_bglucan_gapseq	1401	1622	530	R_EX_cpd11416_c0	1.715172	0.015141	0.025522
MGYG000000002__gradient_L8_hmo_gapseq	1401	1622	530	R_EX_cpd11416_c0	1.857208	0.015141	0.024858
MGYG000000002__gradient_L9_mos_gapseq	1401	1622	530	R_EX_cpd11416_c0	1.857208	0.015141	0.024803
MGYG000000014__gradient_L0_base_gapseq	1784	2176	727	R_EX_cpd11416_c0	1.360836	0.020554	0.038377
MGYG000000014__gradient_L1_inulin_gapseq	1784	2176	727	R_EX_cpd11416_c0	1.654639	0.020554	0.039019
MGYG000000014__gradient_L2_fos_gapseq	1784	2176	727	R_EX_cpd11416_c0	1.654639	0.020554	0.038983
MGYG000000014__gradient_L3_gos_gapseq	1784	2176	727	R_EX_cpd11416_c0	1.963789	0.020554	0.039575
MGYG000000014__gradient_L4_xos_gapseq	1784	2176	727	R_EX_cpd11416_c0	2.122634	0.020554	0.038891
MGYG000000014__gradient_L5_pectin_gapseq	1784	2176	727	R_EX_cpd11416_c0	2.122634	0.020554	0.038981
MGYG000000014__gradient_L6_resistant_starch_gapseq	1784	2176	727	R_EX_cpd11416_c0	2.720846	0.020554	0.042614
MGYG000000014__gradient_L7_bglucan_gapseq	1784	2176	727	R_EX_cpd11416_c0	2.920251	0.020554	0.042578
MGYG000000014__gradient_L8_hmo_gapseq	1784	2176	727	R_EX_cpd11416_c0	3.070526	0.020554	0.041997
MGYG000000014__gradient_L9_mos_gapseq	1784	2176	727	R_EX_cpd11416_c0	3.209242	0.020554	0.040217
MGYG000000030__gradient_L0_base_gapseq	1329	1501	372	R_EX_cpd11416_c0	-0.000000	0.014064	0.008108
MGYG000000030__gradient_L1_inulin_gapseq	1329	1501	372	R_EX_cpd11416_c0	-0.000000	0.014064	0.008326
MGYG000000030__gradient_L2_fos_gapseq	1329	1501	372	R_EX_cpd11416_c0	-0.000000	0.014064	0.008307
MGYG000000030__gradient_L3_gos_gapseq	1329	1501	372	R_EX_cpd11416_c0	0.864462	0.014064	0.020841
MGYG000000030__gradient_L4_xos_gapseq	1329	1501	372	R_EX_cpd11416_c0	0.864462	0.014064	0.020707
MGYG000000030__gradient_L5_pectin_gapseq	1329	1501	372	R_EX_cpd11416_c0	0.864462	0.014064	0.020640
MGYG000000030__gradient_L6_resistant_starch_gapseq	1329	1501	372	R_EX_cpd11416_c0	1.372079	0.014064	0.020566
MGYG000000030__gradient_L7_bglucan_gapseq	1329	1501	372	R_EX_cpd11416_c0	1.553976	0.014064	0.020290
MGYG000000030__gradient_L8_hmo_gapseq	1329	1501	372	R_EX_cpd11416_c0	1.553976	0.014064	0.020428
MGYG000000030__gradient_L9_mos_gapseq	1329	1501	372	R_EX_cpd11416_c0	1.553976	0.014064	0.020384
MGYG000000040__gradient_L0_base_gapseq	1293	1415	361	R_EX_cpd11416_c0	-0.000000	0.013430	0.008515
MGYG000000040__gradient_L1_inulin_gapseq	1293	1415	361	R_EX_cpd11416_c0	-0.000000	0.013430	0.008678
MGYG000000040__gradient_L2_fos_gapseq	1293	1415	361	R_EX_cpd11416_c0	-0.000000	0.013430	0.008700
MGYG000000040__gradient_L3_gos_gapseq	1293	1415	361	R_EX_cpd11416_c0	-0.000000	0.013430	0.008633
MGYG000000040__gradient_L4_xos_gapseq	1293	1415	361	R_EX_cpd11416_c0	-0.000000	0.013430	0.008618
MGYG000000040__gradient_L5_pectin_gapseq	1293	1415	361	R_EX_cpd11416_c0	-0.000000	0.013430	0.008656
MGYG000000040__gradient_L6_resistant_starch_gapseq	1293	1415	361	R_EX_cpd11416_c0	-0.000000	0.013430	0.008621
MGYG000000040__gradient_L7_bglucan_gapseq	1293	1415	361	R_EX_cpd11416_c0	-0.000000	0.013430	0.008648
MGYG000000040__gradient_L8_hmo_gapseq	1293	1415	361	R_EX_cpd11416_c0	-0.000000	0.013430	0.008674
MGYG000000040__gradient_L9_mos_gapseq	1293	1415	361	R_EX_cpd11416_c0	-0.000000	0.013430	0.008723
MGYG000000045__gradient_L0_base_gapseq	1295	1489	385	R_EX_cpd11416_c0	0.648042	0.013902	0.020123
MGYG000000045__gradient_L1_inulin_gapseq	1295	1489	385	R_EX_cpd11416_c0	0.870232	0.013902	0.020313
MGYG000000045__gradient_L2_fos_gapseq	1295	1489	385	R_EX_cpd11416_c0	0.870232	0.013902	0.020374
MGYG000000045__gradient_L3_gos_gapseq	1295	1489	385	R_EX_cpd11416_c0	1.062738	0.013902	0.020005
MGYG000000045__gradient_L4_xos_gapseq	1295	1489	385	R_EX_cpd11416_c0	1.062738	0.013902	0.019952
MGYG000000045__gradient_L5_pectin_gapseq	1295	1489	385	R_EX_cpd11416_c0	1.062738	0.013902	0.020190
MGYG000000045__gradient_L6_resistant_starch_gapseq	1295	1489	385	R_EX_cpd11416_c0	1.524313	0.013902	0.020131
MGYG000000045__gradient_L7_bglucan_gapseq	1295	1489	385	R_EX_cpd11416_c0	1.679672	0.013902	0.020999
MGYG000000045__gradient_L8_hmo_gapseq	1295	1489	385	R_EX_cpd11416_c0	1.679672	0.013902	0.020960
MGYG000000045__gradient_L9_mos_gapseq	1295	1489	385	R_EX_cpd11416_c0	1.787748	0.013902	0.020576
MGYG000000054__gradient_L0_base_gapseq	1395	1680	514	R_EX_cpd11416_c0	1.440287	0.015504	0.025750
MGYG000000054__gradient_L1_inulin_gapseq	1395	1680	514	R_EX_cpd11416_c0	1.588210	0.015504	0.025403
MGYG000000054__gradient_L2_fos_gapseq	1395	1680	514	R_EX_cpd11416_c0	1.588210	0.015504	0.025435
MGYG000000054__gradient_L3_gos_gapseq	1395	1680	514	R_EX_cpd11416_c0	1.699152	0.015504	0.025308
MGYG000000054__gradient_L4_xos_gapseq	1395	1680	514	R_EX_cpd11416_c0	1.790630	0.015504	0.025619
MGYG000000054__gradient_L5_pectin_gapseq	1395	1680	514	R_EX_cpd11416_c0	1.849020	0.015504	0.025167
MGYG000000054__gradient_L6_resistant_starch_gapseq	1395	1680	514	R_EX_cpd11416_c0	2.499963	0.015504	0.025703
MGYG000000054__gradient_L7_bglucan_gapseq	1395	1680	514	R_EX_cpd11416_c0	2.708542	0.015504	0.025092
MGYG000000054__gradient_L8_hmo_gapseq	1395	1680	514	R_EX_cpd11416_c0	2.708542	0.015504	0.025031
MGYG000000054__gradient_L9_mos_gapseq	1395	1680	514	R_EX_cpd11416_c0	2.844029	0.015504	0.026334
MGYG000000055__gradient_L0_base_gapseq	1288	1495	375	R_EX_cpd11416_c0	-0.000000	0.013557	0.008707
MGYG000000055__gradient_L1_inulin_gapseq	1288	1495	375	R_EX_cpd11416_c0	-0.000000	0.013557	0.008508
MGYG000000055__gradient_L2_fos_gapseq	1288	1495	375	R_EX_cpd11416_c0	-0.000000	0.013557	0.008509
MGYG000000055__gradient_L3_gos_gapseq	1288	1495	375	R_EX_cpd11416_c0	-0.000000	0.013557	0.008472
MGYG000000055__gradient_L4_xos_gapseq	1288	1495	375	R_EX_cpd11416_c0	-0.000000	0.013557	0.008355
MGYG000000055__gradient_L5_pectin_gapseq	1288	1495	375	R_EX_cpd11416_c0	-0.000000	0.013557	0.008369
MGYG000000055__gradient_L6_resistant_starch_gapseq	1288	1495	375	R_EX_cpd11416_c0	-0.000000	0.013557	0.008288
MGYG000000055__gradient_L7_bglucan_gapseq	1288	1495	375	R_EX_cpd11416_c0	-0.000000	0.013557	0.008302
MGYG000000055__gradient_L8_hmo_gapseq	1288	1495	375	R_EX_cpd11416_c0	-0.000000	0.013557	0.008297
MGYG000000055__gradient_L9_mos_gapseq	1288	1495	375	R_EX_cpd11416_c0	-0.000000	0.013557	0.008595
MGYG000000059__gradient_L0_base_gapseq	1359	1483	384	R_EX_cpd11416_c0	-0.000000	0.014197	0.009382
MGYG000000059__gradient_L1_inulin_gapseq	1359	1483	384	R_EX_cpd11416_c0	-0.000000	0.014197	0.009066
MGYG000000059__gradient_L2_fos_gapseq	1359	1483	384	R_EX_cpd11416_c0	-0.000000	0.014197	0.008961
MGYG000000059__gradient_L3_gos_gapseq	1359	1483	384	R_EX_cpd11416_c0	-0.000000	0.014197	0.009192
MGYG000000059__gradient_L4_xos_gapseq	1359	1483	384	R_EX_cpd11416_c0	0.852436	0.014197	0.022491
MGYG000000059__gradient_L5_pectin_gapseq	1359	1483	384	R_EX_cpd11416_c0	0.852436	0.014197	0.022481
MGYG000000059__gradient_L6_resistant_starch_gapseq	1359	1483	384	R_EX_cpd11416_c0	0.989840	0.014197	0.022989
MGYG000000059__gradient_L7_bglucan_gapseq	1359	1483	384	R_EX_cpd11416_c0	0.989840	0.014197	0.023148
MGYG000000059__gradient_L8_hmo_gapseq	1359	1483	384	R_EX_cpd11416_c0	0.989840	0.014197	0.022892
MGYG000000059__gradient_L9_mos_gapseq	1359	1483	384	R_EX_cpd11416_c0	0.989840	0.014197	0.022948
MGYG000000062__gradient_L0_base_gapseq	1370	1580	463	R_EX_cpd11416_c0	0.720512	0.015138	0.023254
MGYG000000062__gradient_L1_inulin_gapseq	1370	1580	463	R_EX_cpd11416_c0	1.083418	0.015138	0.023898
MGYG000000062__gradient_L2_fos_gapseq	1370	1580	463	R_EX_cpd11416_c0	1.083418	0.015138	0.023813
MGYG000000062__gradient_L3_gos_gapseq	1370	1580	463	R_EX_cpd11416_c0	1.190639	0.015138	0.024311
MGYG000000062__gradient_L4_xos_gapseq	1370	1580	463	R_EX_cpd11416_c0	1.190639	0.015138	0.025120
MGYG000000062__gradient_L5_pectin_gapseq	1370	1580	463	R_EX_cpd11416_c0	1.190639	0.015138	0.024308
MGYG000000062__gradient_L6_resistant_starch_gapseq	1370	1580	463	R_EX_cpd11416_c0	1.358830	0.015138	0.023985
MGYG000000062__gradient_L7_bglucan_gapseq	1370	1580	463	R_EX_cpd11416_c0	1.604809	0.015138	0.024104
MGYG000000062__gradient_L8_hmo_gapseq	1370	1580	463	R_EX_cpd11416_c0	1.604809	0.015138	0.023868
MGYG000000062__gradient_L9_mos_gapseq	1370	1580	463	R_EX_cpd11416_c0	1.772999	0.015138	0.024017
MGYG000000072__gradient_L0_base_gapseq	1263	1324	314	R_EX_cpd11416_c0	0.379587	0.012609	0.017024
MGYG000000072__gradient_L1_inulin_gapseq	1263	1324	314	R_EX_cpd11416_c0	0.534524	0.012609	0.016118
MGYG000000072__gradient_L2_fos_gapseq	1263	1324	314	R_EX_cpd11416_c0	0.534524	0.012609	0.016108
MGYG000000072__gradient_L3_gos_gapseq	1263	1324	314	R_EX_cpd11416_c0	0.836652	0.012609	0.016104
MGYG000000072__gradient_L4_xos_gapseq	1263	1324	314	R_EX_cpd11416_c0	0.836652	0.012609	0.016146
MGYG000000072__gradient_L5_pectin_gapseq	1263	1324	314	R_EX_cpd11416_c0	0.836652	0.012609	0.016159
MGYG000000072__gradient_L6_resistant_starch_gapseq	1263	1324	314	R_EX_cpd11416_c0	0.991590	0.012609	0.016334
MGYG000000072__gradient_L7_bglucan_gapseq	1263	1324	314	R_EX_cpd11416_c0	1.208192	0.012609	0.016535
MGYG000000072__gradient_L8_hmo_gapseq	1263	1324	314	R_EX_cpd11416_c0	1.208192	0.012609	0.016571
MGYG000000072__gradient_L9_mos_gapseq	1263	1324	314	R_EX_cpd11416_c0	1.208192	0.012609	0.016556
MGYG000000077__gradient_L0_base_gapseq	1443	1619	435	R_EX_cpd11416_c0	-0.000000	0.017000	0.009266
MGYG000000077__gradient_L1_inulin_gapseq	1443	1619	435	R_EX_cpd11416_c0	-0.000000	0.017000	0.009166
MGYG000000077__gradient_L2_fos_gapseq	1443	1619	435	R_EX_cpd11416_c0	-0.000000	0.017000	0.009230
MGYG000000077__gradient_L3_gos_gapseq	1443	1619	435	R_EX_cpd11416_c0	0.975911	0.017000	0.022513
MGYG000000077__gradient_L4_xos_gapseq	1443	1619	435	R_EX_cpd11416_c0	0.975911	0.017000	0.023584
MGYG000000077__gradient_L5_pectin_gapseq	1443	1619	435	R_EX_cpd11416_c0	0.975911	0.017000	0.023630
MGYG000000077__gradient_L6_resistant_starch_gapseq	1443	1619	435	R_EX_cpd11416_c0	1.121214	0.017000	0.024025
MGYG000000077__gradient_L7_bglucan_gapseq	1443	1619	435	R_EX_cpd11416_c0	1.121214	0.017000	0.023972
MGYG000000077__gradient_L8_hmo_gapseq	1443	1619	435	R_EX_cpd11416_c0	1.121214	0.017000	0.024007
MGYG000000077__gradient_L9_mos_gapseq	1443	1619	435	R_EX_cpd11416_c0	1.266180	0.017000	0.023680
MGYG000000078__gradient_L0_base_gapseq	1345	1481	380	R_EX_cpd11416_c0	-0.000000	0.014714	0.007623
MGYG000000078__gradient_L1_inulin_gapseq	1345	1481	380	R_EX_cpd11416_c0	-0.000000	0.014714	0.007552
MGYG000000078__gradient_L2_fos_gapseq	1345	1481	380	R_EX_cpd11416_c0	-0.000000	0.014714	0.007476
MGYG000000078__gradient_L3_gos_gapseq	1345	1481	380	R_EX_cpd11416_c0	0.573378	0.014714	0.019929
MGYG000000078__gradient_L4_xos_gapseq	1345	1481	380	R_EX_cpd11416_c0	0.573378	0.014714	0.019844
MGYG000000078__gradient_L5_pectin_gapseq	1345	1481	380	R_EX_cpd11416_c0	0.573378	0.014714	0.019811
MGYG000000078__gradient_L6_resistant_starch_gapseq	1345	1481	380	R_EX_cpd11416_c0	1.001525	0.014714	0.020162
MGYG000000078__gradient_L7_bglucan_gapseq	1345	1481	380	R_EX_cpd11416_c0	1.001525	0.014714	0.020237
MGYG000000078__gradient_L8_hmo_gapseq	1345	1481	380	R_EX_cpd11416_c0	1.001525	0.014714	0.020335
MGYG000000078__gradient_L9_mos_gapseq	1345	1481	380	R_EX_cpd11416_c0	1.072117	0.014714	0.019322
MGYG000000082__gradient_L0_base_gapseq	1761	1936	592	R_EX_cpd11416_c0	0.421917	0.020870	0.035019
MGYG000000082__gradient_L1_inulin_gapseq	1761	1936	592	R_EX_cpd11416_c0	0.546649	0.020870	0.035117
MGYG000000082__gradient_L2_fos_gapseq	1761	1936	592	R_EX_cpd11416_c0	0.546649	0.020870	0.035170
MGYG000000082__gradient_L3_gos_gapseq	1761	1936	592	R_EX_cpd11416_c0	0.546649	0.020870	0.034938
MGYG000000082__gradient_L4_xos_gapseq	1761	1936	592	R_EX_cpd11416_c0	0.546649	0.020870	0.035382
MGYG000000082__gradient_L5_pectin_gapseq	1761	1936	592	R_EX_cpd11416_c0	0.546649	0.020870	0.035006
MGYG000000082__gradient_L6_resistant_starch_gapseq	1761	1936	592	R_EX_cpd11416_c0	0.642744	0.020870	0.035052
MGYG000000082__gradient_L7_bglucan_gapseq	1761	1936	592	R_EX_cpd11416_c0	0.642744	0.020870	0.035049
MGYG000000082__gradient_L8_hmo_gapseq	1761	1936	592	R_EX_cpd11416_c0	0.642744	0.020870	0.035030
MGYG000000082__gradient_L9_mos_gapseq	1761	1936	592	R_EX_cpd11416_c0	0.642744	0.020870	0.035069
MGYG000000088__gradient_L0_base_gapseq	1472	1756	398	R_EX_cpd11416_c0	0.656396	0.017609	0.026970
MGYG000000088__gradient_L1_inulin_gapseq	1472	1756	398	R_EX_cpd11416_c0	0.872200	0.017609	0.026861
MGYG000000088__gradient_L2_fos_gapseq	1472	1756	398	R_EX_cpd11416_c0	0.872200	0.017609	0.026752
MGYG000000088__gradient_L3_gos_gapseq	1472	1756	398	R_EX_cpd11416_c0	1.086342	0.017609	0.026180
MGYG000000088__gradient_L4_xos_gapseq	1472	1756	398	R_EX_cpd11416_c0	1.086342	0.017609	0.026437
MGYG000000088__gradient_L5_pectin_gapseq	1472	1756	398	R_EX_cpd11416_c0	1.086342	0.017609	0.026196
MGYG000000088__gradient_L6_resistant_starch_gapseq	1472	1756	398	R_EX_cpd11416_c0	1.538988	0.017609	0.027903
MGYG000000088__gradient_L7_bglucan_gapseq	1472	1756	398	R_EX_cpd11416_c0	1.538988	0.017609	0.027888
MGYG000000088__gradient_L8_hmo_gapseq	1472	1756	398	R_EX_cpd11416_c0	1.538988	0.017609	0.027953
MGYG000000088__gradient_L9_mos_gapseq	1472	1756	398	R_EX_cpd11416_c0	1.644974	0.017609	0.027775
MGYG000000092__gradient_L0_base_gapseq	1395	1626	469	R_EX_cpd11416_c0	-0.000000	0.016636	0.009771
MGYG000000092__gradient_L1_inulin_gapseq	1395	1626	469	R_EX_cpd11416_c0	-0.000000	0.016636	0.009835
MGYG000000092__gradient_L2_fos_gapseq	1395	1626	469	R_EX_cpd11416_c0	-0.000000	0.016636	0.009812
MGYG000000092__gradient_L3_gos_gapseq	1395	1626	469	R_EX_cpd11416_c0	-0.000000	0.016636	0.009356
MGYG000000092__gradient_L4_xos_gapseq	1395	1626	469	R_EX_cpd11416_c0	1.389448	0.016636	0.024012
MGYG000000092__gradient_L5_pectin_gapseq	1395	1626	469	R_EX_cpd11416_c0	1.389448	0.016636	0.023823
MGYG000000092__gradient_L6_resistant_starch_gapseq	1395	1626	469	R_EX_cpd11416_c0	1.989884	0.016636	0.024616
MGYG000000092__gradient_L7_bglucan_gapseq	1395	1626	469	R_EX_cpd11416_c0	2.191475	0.016636	0.024807
MGYG000000092__gradient_L8_hmo_gapseq	1395	1626	469	R_EX_cpd11416_c0	2.334539	0.016636	0.023726
MGYG000000092__gradient_L9_mos_gapseq	1395	1626	469	R_EX_cpd11416_c0	2.334539	0.016636	0.023704
MGYG000000100__gradient_L0_base_gapseq	1374	1529	436	R_EX_cpd11416_c0	0.799313	0.016019	0.023283
MGYG000000100__gradient_L1_inulin_gapseq	1374	1529	436	R_EX_cpd11416_c0	0.982234	0.016019	0.023745
MGYG000000100__gradient_L2_fos_gapseq	1374	1529	436	R_EX_cpd11416_c0	0.982234	0.016019	0.023748
MGYG000000100__gradient_L3_gos_gapseq	1374	1529	436	R_EX_cpd11416_c0	0.982234	0.016019	0.023705
MGYG000000100__gradient_L4_xos_gapseq	1374	1529	436	R_EX_cpd11416_c0	0.982234	0.016019	0.023713
MGYG000000100__gradient_L5_pectin_gapseq	1374	1529	436	R_EX_cpd11416_c0	0.982234	0.016019	0.023643
MGYG000000100__gradient_L6_resistant_starch_gapseq	1374	1529	436	R_EX_cpd11416_c0	1.147671	0.016019	0.023184
MGYG000000100__gradient_L7_bglucan_gapseq	1374	1529	436	R_EX_cpd11416_c0	1.147671	0.016019	0.023223
MGYG000000100__gradient_L8_hmo_gapseq	1374	1529	436	R_EX_cpd11416_c0	1.147671	0.016019	0.023311
MGYG000000100__gradient_L9_mos_gapseq	1374	1529	436	R_EX_cpd11416_c0	1.312805	0.016019	0.022702
MGYG000000109__gradient_L0_base_gapseq	1405	1650	395	R_EX_cpd11416_c0	0.511984	0.015873	0.023580
MGYG000000109__gradient_L1_inulin_gapseq	1405	1650	395	R_EX_cpd11416_c0	0.697322	0.015873	0.023902
MGYG000000109__gradient_L2_fos_gapseq	1405	1650	395	R_EX_cpd11416_c0	0.697322	0.015873	0.023838
MGYG000000109__gradient_L3_gos_gapseq	1405	1650	395	R_EX_cpd11416_c0	0.864125	0.015873	0.024844
MGYG000000109__gradient_L4_xos_gapseq	1405	1650	395	R_EX_cpd11416_c0	0.891926	0.015873	0.023963
MGYG000000109__gradient_L5_pectin_gapseq	1405	1650	395	R_EX_cpd11416_c0	0.891926	0.015873	0.023938
MGYG000000109__gradient_L6_resistant_starch_gapseq	1405	1650	395	R_EX_cpd11416_c0	1.283451	0.015873	0.024322
MGYG000000109__gradient_L7_bglucan_gapseq	1405	1650	395	R_EX_cpd11416_c0	1.283451	0.015873	0.024426
MGYG000000109__gradient_L8_hmo_gapseq	1405	1650	395	R_EX_cpd11416_c0	1.283451	0.015873	0.024348
MGYG000000109__gradient_L9_mos_gapseq	1405	1650	395	R_EX_cpd11416_c0	1.376120	0.015873	0.024263
MGYG000000128__gradient_L0_base_gapseq	1104	1181	270	R_EX_cpd11416_c0	0.205899	0.011546	0.014661
MGYG000000128__gradient_L1_inulin_gapseq	1104	1181	270	R_EX_cpd11416_c0	0.360524	0.011546	0.014676
MGYG000000128__gradient_L2_fos_gapseq	1104	1181	270	R_EX_cpd11416_c0	0.360524	0.011546	0.014685
MGYG000000128__gradient_L3_gos_gapseq	1104	1181	270	R_EX_cpd11416_c0	0.468684	0.011546	0.014698
MGYG000000128__gradient_L4_xos_gapseq	1104	1181	270	R_EX_cpd11416_c0	0.468684	0.011546	0.014615
MGYG000000128__gradient_L5_pectin_gapseq	1104	1181	270	R_EX_cpd11416_c0	0.468684	0.011546	0.014717
MGYG000000128__gradient_L6_resistant_starch_gapseq	1104	1181	270	R_EX_cpd11416_c0	0.612898	0.011546	0.014798
MGYG000000128__gradient_L7_bglucan_gapseq	1104	1181	270	R_EX_cpd11416_c0	0.612898	0.011546	0.014824
MGYG000000128__gradient_L8_hmo_gapseq	1104	1181	270	R_EX_cpd11416_c0	0.612898	0.011546	0.014830
MGYG000000128__gradient_L9_mos_gapseq	1104	1181	270	R_EX_cpd11416_c0	0.757111	0.011546	0.015185
MGYG000000137__gradient_L0_base_gapseq	1371	1616	496	R_EX_cpd11416_c0	-0.000000	0.016417	0.009607
MGYG000000137__gradient_L1_inulin_gapseq	1371	1616	496	R_EX_cpd11416_c0	-0.000000	0.016417	0.009650
MGYG000000137__gradient_L2_fos_gapseq	1371	1616	496	R_EX_cpd11416_c0	-0.000000	0.016417	0.009603
MGYG000000137__gradient_L3_gos_gapseq	1371	1616	496	R_EX_cpd11416_c0	1.389609	0.016417	0.023404
MGYG000000137__gradient_L4_xos_gapseq	1371	1616	496	R_EX_cpd11416_c0	1.409397	0.016417	0.023367
MGYG000000137__gradient_L5_pectin_gapseq	1371	1616	496	R_EX_cpd11416_c0	1.409397	0.016417	0.023313
MGYG000000137__gradient_L6_resistant_starch_gapseq	1371	1616	496	R_EX_cpd11416_c0	2.021319	0.016417	0.023894
MGYG000000137__gradient_L7_bglucan_gapseq	1371	1616	496	R_EX_cpd11416_c0	2.226765	0.016417	0.023535
MGYG000000137__gradient_L8_hmo_gapseq	1371	1616	496	R_EX_cpd11416_c0	2.226765	0.016417	0.023508
MGYG000000137__gradient_L9_mos_gapseq	1371	1616	496	R_EX_cpd11416_c0	2.226765	0.016417	0.023484
MGYG000000143__gradient_L0_base_gapseq	1288	1543	435	R_EX_cpd11416_c0	0.990544	0.016264	0.022005
MGYG000000143__gradient_L1_inulin_gapseq	1288	1543	435	R_EX_cpd11416_c0	1.328319	0.016264	0.020841
MGYG000000143__gradient_L2_fos_gapseq	1288	1543	435	R_EX_cpd11416_c0	1.328319	0.016264	0.020765
MGYG000000143__gradient_L3_gos_gapseq	1288	1543	435	R_EX_cpd11416_c0	1.676582	0.016264	0.021927
MGYG000000143__gradient_L4_xos_gapseq	1288	1543	435	R_EX_cpd11416_c0	1.676582	0.016264	0.021926
MGYG000000143__gradient_L5_pectin_gapseq	1288	1543	435	R_EX_cpd11416_c0	1.676582	0.016264	0.021869
MGYG000000143__gradient_L6_resistant_starch_gapseq	1288	1543	435	R_EX_cpd11416_c0	2.413212	0.016264	0.021909
MGYG000000143__gradient_L7_bglucan_gapseq	1288	1543	435	R_EX_cpd11416_c0	2.660163	0.016264	0.021390
MGYG000000143__gradient_L8_hmo_gapseq	1288	1543	435	R_EX_cpd11416_c0	2.837460	0.016264	0.022122
MGYG000000143__gradient_L9_mos_gapseq	1288	1543	435	R_EX_cpd11416_c0	3.006048	0.016264	0.022205
MGYG000000148__gradient_L0_base_gapseq	1391	1624	433	R_EX_cpd11416_c0	-0.000000	0.016704	0.009270
MGYG000000148__gradient_L1_inulin_gapseq	1391	1624	433	R_EX_cpd11416_c0	-0.000000	0.016704	0.009006
MGYG000000148__gradient_L2_fos_gapseq	1391	1624	433	R_EX_cpd11416_c0	-0.000000	0.016704	0.009009
MGYG000000148__gradient_L3_gos_gapseq	1391	1624	433	R_EX_cpd11416_c0	1.816215	0.016704	0.023639
MGYG000000148__gradient_L4_xos_gapseq	1391	1624	433	R_EX_cpd11416_c0	1.854406	0.016704	0.023669
MGYG000000148__gradient_L5_pectin_gapseq	1391	1624	433	R_EX_cpd11416_c0	1.854406	0.016704	0.023719
MGYG000000148__gradient_L6_resistant_starch_gapseq	1391	1624	433	R_EX_cpd11416_c0	2.585499	0.016704	0.023547
MGYG000000148__gradient_L7_bglucan_gapseq	1391	1624	433	R_EX_cpd11416_c0	2.823504	0.016704	0.024179
MGYG000000148__gradient_L8_hmo_gapseq	1391	1624	433	R_EX_cpd11416_c0	2.990311	0.016704	0.023686
MGYG000000148__gradient_L9_mos_gapseq	1391	1624	433	R_EX_cpd11416_c0	2.990311	0.016704	0.023662
MGYG000000157__gradient_L0_base_gapseq	1412	1667	499	R_EX_cpd11416_c0	1.621030	0.016447	0.024500
MGYG000000157__gradient_L1_inulin_gapseq	1412	1667	499	R_EX_cpd11416_c0	1.789888	0.016447	0.025327
MGYG000000157__gradient_L2_fos_gapseq	1412	1667	499	R_EX_cpd11416_c0	1.789888	0.016447	0.025321
MGYG000000157__gradient_L3_gos_gapseq	1412	1667	499	R_EX_cpd11416_c0	2.138158	0.016447	0.025388
MGYG000000157__gradient_L4_xos_gapseq	1412	1667	499	R_EX_cpd11416_c0	2.176151	0.016447	0.025555
MGYG000000157__gradient_L5_pectin_gapseq	1412	1667	499	R_EX_cpd11416_c0	2.176151	0.016447	0.025513
MGYG000000157__gradient_L6_resistant_starch_gapseq	1412	1667	499	R_EX_cpd11416_c0	2.912796	0.016447	0.025354
MGYG000000157__gradient_L7_bglucan_gapseq	1412	1667	499	R_EX_cpd11416_c0	2.912796	0.016447	0.025275
MGYG000000157__gradient_L8_hmo_gapseq	1412	1667	499	R_EX_cpd11416_c0	2.912796	0.016447	0.025331
MGYG000000157__gradient_L9_mos_gapseq	1412	1667	499	R_EX_cpd11416_c0	2.912796	0.016447	0.025352
MGYG000000161__gradient_L0_base_gapseq	1236	1431	330	R_EX_cpd11416_c0	0.387044	0.013901	0.019490
MGYG000000161__gradient_L1_inulin_gapseq	1236	1431	330	R_EX_cpd11416_c0	0.545836	0.013901	0.018993
MGYG000000161__gradient_L2_fos_gapseq	1236	1431	330	R_EX_cpd11416_c0	0.545836	0.013901	0.019073
MGYG000000161__gradient_L3_gos_gapseq	1236	1431	330	R_EX_cpd11416_c0	0.709590	0.013901	0.018260
MGYG000000161__gradient_L4_xos_gapseq	1236	1431	330	R_EX_cpd11416_c0	0.709590	0.013901	0.018299
MGYG000000161__gradient_L5_pectin_gapseq	1236	1431	330	R_EX_cpd11416_c0	0.709590	0.013901	0.018268
MGYG000000161__gradient_L6_resistant_starch_gapseq	1236	1431	330	R_EX_cpd11416_c0	1.067172	0.013901	0.019037
MGYG000000161__gradient_L7_bglucan_gapseq	1236	1431	330	R_EX_cpd11416_c0	1.067172	0.013901	0.019039
MGYG000000161__gradient_L8_hmo_gapseq	1236	1431	330	R_EX_cpd11416_c0	1.067172	0.013901	0.019012
MGYG000000161__gradient_L9_mos_gapseq	1236	1431	330	R_EX_cpd11416_c0	1.144260	0.013901	0.019445
MGYG000000163__gradient_L0_base_gapseq	1487	1779	439	R_EX_cpd11416_c0	0.701155	0.017400	0.028215
MGYG000000163__gradient_L1_inulin_gapseq	1487	1779	439	R_EX_cpd11416_c0	0.917481	0.017400	0.027949
MGYG000000163__gradient_L2_fos_gapseq	1487	1779	439	R_EX_cpd11416_c0	0.917481	0.017400	0.027879
MGYG000000163__gradient_L3_gos_gapseq	1487	1779	439	R_EX_cpd11416_c0	1.103975	0.017400	0.028148
MGYG000000163__gradient_L4_xos_gapseq	1487	1779	439	R_EX_cpd11416_c0	1.117223	0.017400	0.028381
MGYG000000163__gradient_L5_pectin_gapseq	1487	1779	439	R_EX_cpd11416_c0	1.117223	0.017400	0.028392
MGYG000000163__gradient_L6_resistant_starch_gapseq	1487	1779	439	R_EX_cpd11416_c0	1.596352	0.017400	0.027535
MGYG000000163__gradient_L7_bglucan_gapseq	1487	1779	439	R_EX_cpd11416_c0	1.748702	0.017400	0.027727
MGYG000000163__gradient_L8_hmo_gapseq	1487	1779	439	R_EX_cpd11416_c0	1.748702	0.017400	0.027759
MGYG000000163__gradient_L9_mos_gapseq	1487	1779	439	R_EX_cpd11416_c0	1.854685	0.017400	0.028306
MGYG000000167__gradient_L0_base_gapseq	1158	1295	322	R_EX_cpd11416_c0	0.382421	0.013533	0.017020
MGYG000000167__gradient_L1_inulin_gapseq	1158	1295	322	R_EX_cpd11416_c0	0.573637	0.013533	0.017467
MGYG000000167__gradient_L2_fos_gapseq	1158	1295	322	R_EX_cpd11416_c0	0.573637	0.013533	0.017472
MGYG000000167__gradient_L3_gos_gapseq	1158	1295	322	R_EX_cpd11416_c0	0.745731	0.013533	0.017285
MGYG000000167__gradient_L4_xos_gapseq	1158	1295	322	R_EX_cpd11416_c0	0.745731	0.013533	0.017357
MGYG000000167__gradient_L5_pectin_gapseq	1158	1295	322	R_EX_cpd11416_c0	0.745731	0.013533	0.017322
MGYG000000167__gradient_L6_resistant_starch_gapseq	1158	1295	322	R_EX_cpd11416_c0	1.146745	0.013533	0.017074
MGYG000000167__gradient_L7_bglucan_gapseq	1158	1295	322	R_EX_cpd11416_c0	1.146745	0.013533	0.017104
MGYG000000167__gradient_L8_hmo_gapseq	1158	1295	322	R_EX_cpd11416_c0	1.146745	0.013533	0.017017
MGYG000000167__gradient_L9_mos_gapseq	1158	1295	322	R_EX_cpd11416_c0	1.240549	0.013533	0.016816
MGYG000000171__gradient_L0_base_gapseq	1416	1671	485	R_EX_cpd11416_c0	0.974537	0.016718	0.024922
MGYG000000171__gradient_L1_inulin_gapseq	1416	1671	485	R_EX_cpd11416_c0	1.117935	0.016718	0.025485
MGYG000000171__gradient_L2_fos_gapseq	1416	1671	485	R_EX_cpd11416_c0	1.117935	0.016718	0.025616
MGYG000000171__gradient_L3_gos_gapseq	1416	1671	485	R_EX_cpd11416_c0	1.431108	0.016718	0.024863
MGYG000000171__gradient_L4_xos_gapseq	1416	1671	485	R_EX_cpd11416_c0	1.484414	0.016718	0.025739
MGYG000000171__gradient_L5_pectin_gapseq	1416	1671	485	R_EX_cpd11416_c0	1.484414	0.016718	0.025792
MGYG000000171__gradient_L6_resistant_starch_gapseq	1416	1671	485	R_EX_cpd11416_c0	2.099655	0.016718	0.025850
MGYG000000171__gradient_L7_bglucan_gapseq	1416	1671	485	R_EX_cpd11416_c0	2.306215	0.016718	0.025721
MGYG000000171__gradient_L8_hmo_gapseq	1416	1671	485	R_EX_cpd11416_c0	2.452807	0.016718	0.025774
MGYG000000171__gradient_L9_mos_gapseq	1416	1671	485	R_EX_cpd11416_c0	2.452807	0.016718	0.025759
MGYG000000175__gradient_L0_base_gapseq	1657	1946	670	R_EX_cpd11416_c0	-0.000000	0.019861	0.011987
MGYG000000175__gradient_L1_inulin_gapseq	1657	1946	670	R_EX_cpd11416_c0	-0.000000	0.019861	0.012633
MGYG000000175__gradient_L2_fos_gapseq	1657	1946	670	R_EX_cpd11416_c0	-0.000000	0.019861	0.012667
MGYG000000175__gradient_L3_gos_gapseq	1657	1946	670	R_EX_cpd11416_c0	-0.000000	0.019861	0.012311
MGYG000000175__gradient_L4_xos_gapseq	1657	1946	670	R_EX_cpd11416_c0	-0.000000	0.019861	0.012443
MGYG000000175__gradient_L5_pectin_gapseq	1657	1946	670	R_EX_cpd11416_c0	-0.000000	0.019861	0.012227
MGYG000000175__gradient_L6_resistant_starch_gapseq	1657	1946	670	R_EX_cpd11416_c0	-0.000000	0.019861	0.012480
MGYG000000175__gradient_L7_bglucan_gapseq	1657	1946	670	R_EX_cpd11416_c0	-0.000000	0.019861	0.012192
MGYG000000175__gradient_L8_hmo_gapseq	1657	1946	670	R_EX_cpd11416_c0	-0.000000	0.019861	0.012302
MGYG000000175__gradient_L9_mos_gapseq	1657	1946	670	R_EX_cpd11416_c0	-0.000000	0.019861	0.012747
MGYG000000176__gradient_L0_base_gapseq	1715	1994	811	R_EX_cpd11416_c0	1.530278	0.021178	0.032409
MGYG000000176__gradient_L1_inulin_gapseq	1715	1994	811	R_EX_cpd11416_c0	1.868850	0.021178	0.030773
MGYG000000176__gradient_L2_fos_gapseq	1715	1994	811	R_EX_cpd11416_c0	1.868850	0.021178	0.030765
MGYG000000176__gradient_L3_gos_gapseq	1715	1994	811	R_EX_cpd11416_c0	2.201375	0.021178	0.030334
MGYG000000176__gradient_L4_xos_gapseq	1715	1994	811	R_EX_cpd11416_c0	2.390106	0.021178	0.030856
MGYG000000176__gradient_L5_pectin_gapseq	1715	1994	811	R_EX_cpd11416_c0	2.390106	0.021178	0.030953
MGYG000000176__gradient_L6_resistant_starch_gapseq	1715	1994	811	R_EX_cpd11416_c0	3.095995	0.021178	0.031575
MGYG000000176__gradient_L7_bglucan_gapseq	1715	1994	811	R_EX_cpd11416_c0	3.324773	0.021178	0.033203
MGYG000000176__gradient_L8_hmo_gapseq	1715	1994	811	R_EX_cpd11416_c0	3.485113	0.021178	0.031386
MGYG000000176__gradient_L9_mos_gapseq	1715	1994	811	R_EX_cpd11416_c0	3.641543	0.021178	0.032409
MGYG000000187__gradient_L0_base_gapseq	1332	1460	374	R_EX_cpd11416_c0	-0.000000	0.015456	0.007364
MGYG000000187__gradient_L1_inulin_gapseq	1332	1460	374	R_EX_cpd11416_c0	-0.000000	0.015456	0.007276
MGYG000000187__gradient_L2_fos_gapseq	1332	1460	374	R_EX_cpd11416_c0	-0.000000	0.015456	0.007245
MGYG000000187__gradient_L3_gos_gapseq	1332	1460	374	R_EX_cpd11416_c0	0.856756	0.015456	0.019330
MGYG000000187__gradient_L4_xos_gapseq	1332	1460	374	R_EX_cpd11416_c0	0.856756	0.015456	0.019259
MGYG000000187__gradient_L5_pectin_gapseq	1332	1460	374	R_EX_cpd11416_c0	0.888827	0.015456	0.020731
MGYG000000187__gradient_L6_resistant_starch_gapseq	1332	1460	374	R_EX_cpd11416_c0	1.348651	0.015456	0.019529
MGYG000000187__gradient_L7_bglucan_gapseq	1332	1460	374	R_EX_cpd11416_c0	1.502465	0.015456	0.019508
MGYG000000187__gradient_L8_hmo_gapseq	1332	1460	374	R_EX_cpd11416_c0	1.502465	0.015456	0.019567
MGYG000000187__gradient_L9_mos_gapseq	1332	1460	374	R_EX_cpd11416_c0	1.573800	0.015456	0.019488
MGYG000000189__gradient_L0_base_gapseq	1433	1605	359	R_EX_cpd11416_c0	-0.000000	0.016381	0.009162
MGYG000000189__gradient_L1_inulin_gapseq	1433	1605	359	R_EX_cpd11416_c0	-0.000000	0.016381	0.008948
MGYG000000189__gradient_L2_fos_gapseq	1433	1605	359	R_EX_cpd11416_c0	-0.000000	0.016381	0.008922
MGYG000000189__gradient_L3_gos_gapseq	1433	1605	359	R_EX_cpd11416_c0	0.898835	0.016381	0.022748
MGYG000000189__gradient_L4_xos_gapseq	1433	1605	359	R_EX_cpd11416_c0	0.898835	0.016381	0.022615
MGYG000000189__gradient_L5_pectin_gapseq	1433	1605	359	R_EX_cpd11416_c0	0.898835	0.016381	0.022586
MGYG000000189__gradient_L6_resistant_starch_gapseq	1433	1605	359	R_EX_cpd11416_c0	1.521121	0.016381	0.022470
MGYG000000189__gradient_L7_bglucan_gapseq	1433	1605	359	R_EX_cpd11416_c0	1.728751	0.016381	0.022648
MGYG000000189__gradient_L8_hmo_gapseq	1433	1605	359	R_EX_cpd11416_c0	1.728751	0.016381	0.022726
MGYG000000189__gradient_L9_mos_gapseq	1433	1605	359	R_EX_cpd11416_c0	1.728751	0.016381	0.022631
MGYG000000191__gradient_L0_base_gapseq	1870	2322	639	R_EX_cpd11416_c0	1.066132	0.023200	0.049304
MGYG000000191__gradient_L1_inulin_gapseq	1870	2322	639	R_EX_cpd11416_c0	1.334226	0.023200	0.052011
MGYG000000191__gradient_L2_fos_gapseq	1870	2322	639	R_EX_cpd11416_c0	1.334226	0.023200	0.051922
MGYG000000191__gradient_L3_gos_gapseq	1870	2322	639	R_EX_cpd11416_c0	1.431756	0.023200	0.050470
MGYG000000191__gradient_L4_xos_gapseq	1870	2322	639	R_EX_cpd11416_c0	1.511917	0.023200	0.051408
MGYG000000191__gradient_L5_pectin_gapseq	1870	2322	639	R_EX_cpd11416_c0	1.511917	0.023200	0.051426
MGYG000000191__gradient_L6_resistant_starch_gapseq	1870	2322	639	R_EX_cpd11416_c0	2.137173	0.023200	0.051018
MGYG000000191__gradient_L7_bglucan_gapseq	1870	2322	639	R_EX_cpd11416_c0	2.341584	0.023200	0.049857
MGYG000000191__gradient_L8_hmo_gapseq	1870	2322	639	R_EX_cpd11416_c0	2.341584	0.023200	0.049836
MGYG000000191__gradient_L9_mos_gapseq	1870	2322	639	R_EX_cpd11416_c0	2.473404	0.023200	0.049352
MGYG000000193__gradient_L0_base_gapseq	1362	1585	429	R_EX_cpd11416_c0	0.674146	0.015782	0.023187
MGYG000000193__gradient_L1_inulin_gapseq	1362	1585	429	R_EX_cpd11416_c0	0.781567	0.015782	0.023012
MGYG000000193__gradient_L2_fos_gapseq	1362	1585	429	R_EX_cpd11416_c0	0.781567	0.015782	0.022903
MGYG000000193__gradient_L3_gos_gapseq	1362	1585	429	R_EX_cpd11416_c0	0.998189	0.015782	0.022813
MGYG000000193__gradient_L4_xos_gapseq	1362	1585	429	R_EX_cpd11416_c0	1.074554	0.015782	0.023503
MGYG000000193__gradient_L5_pectin_gapseq	1362	1585	429	R_EX_cpd11416_c0	1.074554	0.015782	0.023647
MGYG000000193__gradient_L6_resistant_starch_gapseq	1362	1585	429	R_EX_cpd11416_c0	1.524107	0.015782	0.022704
MGYG000000193__gradient_L7_bglucan_gapseq	1362	1585	429	R_EX_cpd11416_c0	1.675473	0.015782	0.022934
MGYG000000193__gradient_L8_hmo_gapseq	1362	1585	429	R_EX_cpd11416_c0	1.785475	0.015782	0.022976
MGYG000000193__gradient_L9_mos_gapseq	1362	1585	429	R_EX_cpd11416_c0	1.854567	0.015782	0.023495
MGYG000000201__gradient_L0_base_gapseq	1485	1742	553	R_EX_cpd11416_c0	-0.000000	0.018436	0.010931
MGYG000000201__gradient_L1_inulin_gapseq	1485	1742	553	R_EX_cpd11416_c0	-0.000000	0.018436	0.010987
MGYG000000201__gradient_L2_fos_gapseq	1485	1742	553	R_EX_cpd11416_c0	-0.000000	0.018436	0.011083
MGYG000000201__gradient_L3_gos_gapseq	1485	1742	553	R_EX_cpd11416_c0	1.300001	0.018436	0.025745
MGYG000000201__gradient_L4_xos_gapseq	1485	1742	553	R_EX_cpd11416_c0	1.487167	0.018436	0.027287
MGYG000000201__gradient_L5_pectin_gapseq	1485	1742	553	R_EX_cpd11416_c0	1.487167	0.018436	0.027399
MGYG000000201__gradient_L6_resistant_starch_gapseq	1485	1742	553	R_EX_cpd11416_c0	2.078727	0.018436	0.028162
MGYG000000201__gradient_L7_bglucan_gapseq	1485	1742	553	R_EX_cpd11416_c0	2.277113	0.018436	0.028254
MGYG000000201__gradient_L8_hmo_gapseq	1485	1742	553	R_EX_cpd11416_c0	2.420871	0.018436	0.028538
MGYG000000201__gradient_L9_mos_gapseq	1485	1742	553	R_EX_cpd11416_c0	2.524377	0.018436	0.028335
MGYG000000202__gradient_L0_base_gapseq	1586	1807	517	R_EX_cpd11416_c0	0.675504	0.018063	0.026459
MGYG000000202__gradient_L1_inulin_gapseq	1586	1807	517	R_EX_cpd11416_c0	1.001992	0.018063	0.025436
MGYG000000202__gradient_L2_fos_gapseq	1586	1807	517	R_EX_cpd11416_c0	1.001992	0.018063	0.025367
MGYG000000202__gradient_L3_gos_gapseq	1586	1807	517	R_EX_cpd11416_c0	1.327384	0.018063	0.025831
MGYG000000202__gradient_L4_xos_gapseq	1586	1807	517	R_EX_cpd11416_c0	1.474585	0.018063	0.026518
MGYG000000202__gradient_L5_pectin_gapseq	1586	1807	517	R_EX_cpd11416_c0	1.532691	0.018063	0.026016
MGYG000000202__gradient_L6_resistant_starch_gapseq	1586	1807	517	R_EX_cpd11416_c0	2.224149	0.018063	0.026920
MGYG000000202__gradient_L7_bglucan_gapseq	1586	1807	517	R_EX_cpd11416_c0	2.448365	0.018063	0.026498
MGYG000000202__gradient_L8_hmo_gapseq	1586	1807	517	R_EX_cpd11416_c0	2.602643	0.018063	0.026688
MGYG000000202__gradient_L9_mos_gapseq	1586	1807	517	R_EX_cpd11416_c0	2.753157	0.018063	0.026693
MGYG000000213__gradient_L0_base_gapseq	1429	1656	463	R_EX_cpd11416_c0	0.825660	0.016803	0.024082
MGYG000000213__gradient_L1_inulin_gapseq	1429	1656	463	R_EX_cpd11416_c0	1.103866	0.016803	0.023627
MGYG000000213__gradient_L2_fos_gapseq	1429	1656	463	R_EX_cpd11416_c0	1.103866	0.016803	0.023596
MGYG000000213__gradient_L3_gos_gapseq	1429	1656	463	R_EX_cpd11416_c0	1.403187	0.016803	0.024255
MGYG000000213__gradient_L4_xos_gapseq	1429	1656	463	R_EX_cpd11416_c0	1.543294	0.016803	0.023686
MGYG000000213__gradient_L5_pectin_gapseq	1429	1656	463	R_EX_cpd11416_c0	1.543294	0.016803	0.023613
MGYG000000213__gradient_L6_resistant_starch_gapseq	1429	1656	463	R_EX_cpd11416_c0	2.131321	0.016803	0.023461
MGYG000000213__gradient_L7_bglucan_gapseq	1429	1656	463	R_EX_cpd11416_c0	2.328745	0.016803	0.023903
MGYG000000213__gradient_L8_hmo_gapseq	1429	1656	463	R_EX_cpd11416_c0	2.328745	0.016803	0.023870
MGYG000000213__gradient_L9_mos_gapseq	1429	1656	463	R_EX_cpd11416_c0	2.464606	0.016803	0.024353
MGYG000000231__gradient_L0_base_gapseq	1425	1587	387	R_EX_cpd11416_c0	-0.000000	0.016316	0.008881
MGYG000000231__gradient_L1_inulin_gapseq	1425	1587	387	R_EX_cpd11416_c0	-0.000000	0.016316	0.008755
MGYG000000231__gradient_L2_fos_gapseq	1425	1587	387	R_EX_cpd11416_c0	-0.000000	0.016316	0.008719
MGYG000000231__gradient_L3_gos_gapseq	1425	1587	387	R_EX_cpd11416_c0	0.665982	0.016316	0.022776
MGYG000000231__gradient_L4_xos_gapseq	1425	1587	387	R_EX_cpd11416_c0	0.665982	0.016316	0.022667
MGYG000000231__gradient_L5_pectin_gapseq	1425	1587	387	R_EX_cpd11416_c0	0.665982	0.016316	0.022694
MGYG000000231__gradient_L6_resistant_starch_gapseq	1425	1587	387	R_EX_cpd11416_c0	1.181973	0.016316	0.022722
MGYG000000231__gradient_L7_bglucan_gapseq	1425	1587	387	R_EX_cpd11416_c0	1.363989	0.016316	0.022560
MGYG000000231__gradient_L8_hmo_gapseq	1425	1587	387	R_EX_cpd11416_c0	1.363989	0.016316	0.022579
MGYG000000231__gradient_L9_mos_gapseq	1425	1587	387	R_EX_cpd11416_c0	1.453873	0.016316	0.023172
MGYG000000249__gradient_L0_base_gapseq	1405	1623	482	R_EX_cpd11416_c0	0.996483	0.016375	0.023129
MGYG000000249__gradient_L1_inulin_gapseq	1405	1623	482	R_EX_cpd11416_c0	1.278001	0.016375	0.022581
MGYG000000249__gradient_L2_fos_gapseq	1405	1623	482	R_EX_cpd11416_c0	1.278001	0.016375	0.022654
MGYG000000249__gradient_L3_gos_gapseq	1405	1623	482	R_EX_cpd11416_c0	1.561271	0.016375	0.023593
MGYG000000249__gradient_L4_xos_gapseq	1405	1623	482	R_EX_cpd11416_c0	1.631114	0.016375	0.024000
MGYG000000249__gradient_L5_pectin_gapseq	1405	1623	482	R_EX_cpd11416_c0	1.674708	0.016375	0.024107
MGYG000000249__gradient_L6_resistant_starch_gapseq	1405	1623	482	R_EX_cpd11416_c0	2.278657	0.016375	0.024241
MGYG000000249__gradient_L7_bglucan_gapseq	1405	1623	482	R_EX_cpd11416_c0	2.479973	0.016375	0.024319
MGYG000000249__gradient_L8_hmo_gapseq	1405	1623	482	R_EX_cpd11416_c0	2.479973	0.016375	0.024456
MGYG000000249__gradient_L9_mos_gapseq	1405	1623	482	R_EX_cpd11416_c0	2.479973	0.016375	0.024354
MGYG000000257__gradient_L0_base_gapseq	1165	1318	333	R_EX_cpd11416_c0	0.749695	0.013390	0.016925
MGYG000000257__gradient_L1_inulin_gapseq	1165	1318	333	R_EX_cpd11416_c0	1.040528	0.013390	0.016282
MGYG000000257__gradient_L2_fos_gapseq	1165	1318	333	R_EX_cpd11416_c0	1.040528	0.013390	0.016235
MGYG000000257__gradient_L3_gos_gapseq	1165	1318	333	R_EX_cpd11416_c0	1.335906	0.013390	0.017196
MGYG000000257__gradient_L4_xos_gapseq	1165	1318	333	R_EX_cpd11416_c0	1.335906	0.013390	0.017218
MGYG000000257__gradient_L5_pectin_gapseq	1165	1318	333	R_EX_cpd11416_c0	1.335906	0.013390	0.017191
MGYG000000257__gradient_L6_resistant_starch_gapseq	1165	1318	333	R_EX_cpd11416_c0	1.955753	0.013390	0.017175
MGYG000000257__gradient_L7_bglucan_gapseq	1165	1318	333	R_EX_cpd11416_c0	1.955753	0.013390	0.017157
MGYG000000257__gradient_L8_hmo_gapseq	1165	1318	333	R_EX_cpd11416_c0	1.955753	0.013390	0.017211
MGYG000000257__gradient_L9_mos_gapseq	1165	1318	333	R_EX_cpd11416_c0	2.098967	0.013390	0.017412
MGYG000000260__gradient_L0_base_gapseq	1066	1179	321	R_EX_cpd11416_c0	0.402733	0.011927	0.014178
MGYG000000260__gradient_L1_inulin_gapseq	1066	1179	321	R_EX_cpd11416_c0	0.498624	0.011927	0.014543
MGYG000000260__gradient_L2_fos_gapseq	1066	1179	321	R_EX_cpd11416_c0	0.498624	0.011927	0.014451
MGYG000000260__gradient_L3_gos_gapseq	1066	1179	321	R_EX_cpd11416_c0	0.671228	0.011927	0.014846
MGYG000000260__gradient_L4_xos_gapseq	1066	1179	321	R_EX_cpd11416_c0	0.671228	0.011927	0.014789
MGYG000000260__gradient_L5_pectin_gapseq	1066	1179	321	R_EX_cpd11416_c0	0.671228	0.011927	0.014775
MGYG000000260__gradient_L6_resistant_starch_gapseq	1066	1179	321	R_EX_cpd11416_c0	1.074817	0.011927	0.014775
MGYG000000260__gradient_L7_bglucan_gapseq	1066	1179	321	R_EX_cpd11416_c0	1.074817	0.011927	0.014769
MGYG000000260__gradient_L8_hmo_gapseq	1066	1179	321	R_EX_cpd11416_c0	1.074817	0.011927	0.014806
MGYG000000260__gradient_L9_mos_gapseq	1066	1179	321	R_EX_cpd11416_c0	1.168894	0.011927	0.014893
MGYG000000266__gradient_L0_base_gapseq	1159	1315	334	R_EX_cpd11416_c0	0.800235	0.012890	0.016692
MGYG000000266__gradient_L1_inulin_gapseq	1159	1315	334	R_EX_cpd11416_c0	1.093441	0.012890	0.016709
MGYG000000266__gradient_L2_fos_gapseq	1159	1315	334	R_EX_cpd11416_c0	1.093441	0.012890	0.016532
MGYG000000266__gradient_L3_gos_gapseq	1159	1315	334	R_EX_cpd11416_c0	1.388606	0.012890	0.017244
MGYG000000266__gradient_L4_xos_gapseq	1159	1315	334	R_EX_cpd11416_c0	1.388606	0.012890	0.017292
MGYG000000266__gradient_L5_pectin_gapseq	1159	1315	334	R_EX_cpd11416_c0	1.388606	0.012890	0.017349
MGYG000000266__gradient_L6_resistant_starch_gapseq	1159	1315	334	R_EX_cpd11416_c0	2.008004	0.012890	0.017359
MGYG000000266__gradient_L7_bglucan_gapseq	1159	1315	334	R_EX_cpd11416_c0	2.008004	0.012890	0.017372
MGYG000000266__gradient_L8_hmo_gapseq	1159	1315	334	R_EX_cpd11416_c0	2.008004	0.012890	0.017318
MGYG000000266__gradient_L9_mos_gapseq	1159	1315	334	R_EX_cpd11416_c0	2.151114	0.012890	0.017305
MGYG000000275__gradient_L0_base_gapseq	1167	1277	331	R_EX_cpd11416_c0	0.759900	0.013132	0.016596
MGYG000000275__gradient_L1_inulin_gapseq	1167	1277	331	R_EX_cpd11416_c0	0.907724	0.013132	0.015678
MGYG000000275__gradient_L2_fos_gapseq	1167	1277	331	R_EX_cpd11416_c0	0.907724	0.013132	0.015739
MGYG000000275__gradient_L3_gos_gapseq	1167	1277	331	R_EX_cpd11416_c0	1.204792	0.013132	0.016615
MGYG000000275__gradient_L4_xos_gapseq	1167	1277	331	R_EX_cpd11416_c0	1.204792	0.013132	0.016699
MGYG000000275__gradient_L5_pectin_gapseq	1167	1277	331	R_EX_cpd11416_c0	1.204792	0.013132	0.016598
MGYG000000275__gradient_L6_resistant_starch_gapseq	1167	1277	331	R_EX_cpd11416_c0	1.821669	0.013132	0.016791
MGYG000000275__gradient_L7_bglucan_gapseq	1167	1277	331	R_EX_cpd11416_c0	1.821669	0.013132	0.016747
MGYG000000275__gradient_L8_hmo_gapseq	1167	1277	331	R_EX_cpd11416_c0	1.821669	0.013132	0.016822
MGYG000000275__gradient_L9_mos_gapseq	1167	1277	331	R_EX_cpd11416_c0	1.964196	0.013132	0.016854
MGYG000000279__gradient_L0_base_gapseq	1299	1421	333	R_EX_cpd11416_c0	0.427779	0.014367	0.020976
MGYG000000279__gradient_L1_inulin_gapseq	1299	1421	333	R_EX_cpd11416_c0	0.557482	0.014367	0.022054
MGYG000000279__gradient_L2_fos_gapseq	1299	1421	333	R_EX_cpd11416_c0	0.557482	0.014367	0.021945
MGYG000000279__gradient_L3_gos_gapseq	1299	1421	333	R_EX_cpd11416_c0	0.557482	0.014367	0.021877
MGYG000000279__gradient_L4_xos_gapseq	1299	1421	333	R_EX_cpd11416_c0	0.557482	0.014367	0.021888
MGYG000000279__gradient_L5_pectin_gapseq	1299	1421	333	R_EX_cpd11416_c0	0.557482	0.014367	0.021903
MGYG000000279__gradient_L6_resistant_starch_gapseq	1299	1421	333	R_EX_cpd11416_c0	0.557482	0.014367	0.021896
MGYG000000279__gradient_L7_bglucan_gapseq	1299	1421	333	R_EX_cpd11416_c0	0.557482	0.014367	0.022000
MGYG000000279__gradient_L8_hmo_gapseq	1299	1421	333	R_EX_cpd11416_c0	0.557482	0.014367	0.021897
MGYG000000279__gradient_L9_mos_gapseq	1299	1421	333	R_EX_cpd11416_c0	0.557482	0.014367	0.021911
MGYG000000281__gradient_L0_base_gapseq	1509	1734	550	R_EX_cpd11416_c0	-0.000000	0.017228	0.011785
MGYG000000281__gradient_L1_inulin_gapseq	1509	1734	550	R_EX_cpd11416_c0	-0.000000	0.017228	0.011699
MGYG000000281__gradient_L2_fos_gapseq	1509	1734	550	R_EX_cpd11416_c0	-0.000000	0.017228	0.011681
MGYG000000281__gradient_L3_gos_gapseq	1509	1734	550	R_EX_cpd11416_c0	1.567308	0.017228	0.028471
MGYG000000281__gradient_L4_xos_gapseq	1509	1734	550	R_EX_cpd11416_c0	1.719831	0.017228	0.029048
MGYG000000281__gradient_L5_pectin_gapseq	1509	1734	550	R_EX_cpd11416_c0	1.719831	0.017228	0.029099
MGYG000000281__gradient_L6_resistant_starch_gapseq	1509	1734	550	R_EX_cpd11416_c0	2.466379	0.017228	0.029054
MGYG000000281__gradient_L7_bglucan_gapseq	1509	1734	550	R_EX_cpd11416_c0	2.716654	0.017228	0.028740
MGYG000000281__gradient_L8_hmo_gapseq	1509	1734	550	R_EX_cpd11416_c0	2.716654	0.017228	0.028768
MGYG000000281__gradient_L9_mos_gapseq	1509	1734	550	R_EX_cpd11416_c0	2.853557	0.017228	0.029149
MGYG000000288__gradient_L0_base_gapseq	1137	1273	308	R_EX_cpd11416_c0	0.729892	0.013186	0.015722
MGYG000000288__gradient_L1_inulin_gapseq	1137	1273	308	R_EX_cpd11416_c0	1.019580	0.013186	0.016314
MGYG000000288__gradient_L2_fos_gapseq	1137	1273	308	R_EX_cpd11416_c0	1.019580	0.013186	0.016192
MGYG000000288__gradient_L3_gos_gapseq	1137	1273	308	R_EX_cpd11416_c0	1.313436	0.013186	0.016358
MGYG000000288__gradient_L4_xos_gapseq	1137	1273	308	R_EX_cpd11416_c0	1.348994	0.013186	0.016397
MGYG000000288__gradient_L5_pectin_gapseq	1137	1273	308	R_EX_cpd11416_c0	1.348994	0.013186	0.016340
MGYG000000288__gradient_L6_resistant_starch_gapseq	1137	1273	308	R_EX_cpd11416_c0	1.982340	0.013186	0.016616
MGYG000000288__gradient_L7_bglucan_gapseq	1137	1273	308	R_EX_cpd11416_c0	1.982340	0.013186	0.016416
MGYG000000288__gradient_L8_hmo_gapseq	1137	1273	308	R_EX_cpd11416_c0	1.982340	0.013186	0.016531
MGYG000000288__gradient_L9_mos_gapseq	1137	1273	308	R_EX_cpd11416_c0	2.128673	0.013186	0.016789
MGYG000000296__gradient_L0_base_gapseq	1300	1444	299	R_EX_cpd11416_c0	-0.000000	0.014474	0.007189
MGYG000000296__gradient_L1_inulin_gapseq	1300	1444	299	R_EX_cpd11416_c0	-0.000000	0.014474	0.007522
MGYG000000296__gradient_L2_fos_gapseq	1300	1444	299	R_EX_cpd11416_c0	-0.000000	0.014474	0.007470
MGYG000000296__gradient_L3_gos_gapseq	1300	1444	299	R_EX_cpd11416_c0	1.021753	0.014474	0.019137
MGYG000000296__gradient_L4_xos_gapseq	1300	1444	299	R_EX_cpd11416_c0	1.063176	0.014474	0.019311
MGYG000000296__gradient_L5_pectin_gapseq	1300	1444	299	R_EX_cpd11416_c0	1.063176	0.014474	0.018825
MGYG000000296__gradient_L6_resistant_starch_gapseq	1300	1444	299	R_EX_cpd11416_c0	1.562551	0.014474	0.018973
MGYG000000296__gradient_L7_bglucan_gapseq	1300	1444	299	R_EX_cpd11416_c0	1.562551	0.014474	0.018997
MGYG000000296__gradient_L8_hmo_gapseq	1300	1444	299	R_EX_cpd11416_c0	1.562551	0.014474	0.019015
MGYG000000296__gradient_L9_mos_gapseq	1300	1444	299	R_EX_cpd11416_c0	1.562551	0.014474	0.018991
MGYG000000303__gradient_L0_base_gapseq	1289	1525	328	R_EX_cpd11416_c0	-0.000000	0.014997	0.009467
MGYG000000303__gradient_L1_inulin_gapseq	1289	1525	328	R_EX_cpd11416_c0	-0.000000	0.014997	0.009464
MGYG000000303__gradient_L2_fos_gapseq	1289	1525	328	R_EX_cpd11416_c0	-0.000000	0.014997	0.009833
MGYG000000303__gradient_L3_gos_gapseq	1289	1525	328	R_EX_cpd11416_c0	0.707193	0.014997	0.025239
MGYG000000303__gradient_L4_xos_gapseq	1289	1525	328	R_EX_cpd11416_c0	0.770884	0.014997	0.024132
MGYG000000303__gradient_L5_pectin_gapseq	1289	1525	328	R_EX_cpd11416_c0	0.770884	0.014997	0.024045
MGYG000000303__gradient_L6_resistant_starch_gapseq	1289	1525	328	R_EX_cpd11416_c0	1.287487	0.014997	0.023840
MGYG000000303__gradient_L7_bglucan_gapseq	1289	1525	328	R_EX_cpd11416_c0	1.287487	0.014997	0.023981
MGYG000000303__gradient_L8_hmo_gapseq	1289	1525	328	R_EX_cpd11416_c0	1.287487	0.014997	0.024018
MGYG000000303__gradient_L9_mos_gapseq	1289	1525	328	R_EX_cpd11416_c0	1.391279	0.014997	0.024400
MGYG000000319__gradient_L0_base_gapseq	1140	1260	304	R_EX_cpd11416_c0	0.665692	0.012766	0.016510
MGYG000000319__gradient_L1_inulin_gapseq	1140	1260	304	R_EX_cpd11416_c0	0.857902	0.012766	0.016963
MGYG000000319__gradient_L2_fos_gapseq	1140	1260	304	R_EX_cpd11416_c0	0.857902	0.012766	0.016937
MGYG000000319__gradient_L3_gos_gapseq	1140	1260	304	R_EX_cpd11416_c0	1.047578	0.012766	0.016995
MGYG000000319__gradient_L4_xos_gapseq	1140	1260	304	R_EX_cpd11416_c0	1.047578	0.012766	0.016990
MGYG000000319__gradient_L5_pectin_gapseq	1140	1260	304	R_EX_cpd11416_c0	1.047578	0.012766	0.016946
MGYG000000319__gradient_L6_resistant_starch_gapseq	1140	1260	304	R_EX_cpd11416_c0	1.443646	0.012766	0.017170
MGYG000000319__gradient_L7_bglucan_gapseq	1140	1260	304	R_EX_cpd11416_c0	1.443646	0.012766	0.017131
MGYG000000319__gradient_L8_hmo_gapseq	1140	1260	304	R_EX_cpd11416_c0	1.443646	0.012766	0.017187
MGYG000000319__gradient_L9_mos_gapseq	1140	1260	304	R_EX_cpd11416_c0	1.443646	0.012766	0.017130
MGYG000000322__gradient_L0_base_gapseq	1371	1580	411	R_EX_cpd11416_c0	-0.000000	0.016723	0.009973
MGYG000000322__gradient_L1_inulin_gapseq	1371	1580	411	R_EX_cpd11416_c0	-0.000000	0.016723	0.010068
MGYG000000322__gradient_L2_fos_gapseq	1371	1580	411	R_EX_cpd11416_c0	-0.000000	0.016723	0.009977
MGYG000000322__gradient_L3_gos_gapseq	1371	1580	411	R_EX_cpd11416_c0	1.366314	0.016723	0.025361
MGYG000000322__gradient_L4_xos_gapseq	1371	1580	411	R_EX_cpd11416_c0	1.366314	0.016723	0.024887
MGYG000000322__gradient_L5_pectin_gapseq	1371	1580	411	R_EX_cpd11416_c0	1.366314	0.016723	0.024936
MGYG000000322__gradient_L6_resistant_starch_gapseq	1371	1580	411	R_EX_cpd11416_c0	2.090402	0.016723	0.025649
MGYG000000322__gradient_L7_bglucan_gapseq	1371	1580	411	R_EX_cpd11416_c0	2.276100	0.016723	0.024996
MGYG000000322__gradient_L8_hmo_gapseq	1371	1580	411	R_EX_cpd11416_c0	2.276100	0.016723	0.025031
MGYG000000322__gradient_L9_mos_gapseq	1371	1580	411	R_EX_cpd11416_c0	2.276100	0.016723	0.025804
MGYG000000337__gradient_L0_base_gapseq	1929	2341	750	R_EX_cpd11416_c0	0.938823	0.023975	0.043260
MGYG000000337__gradient_L1_inulin_gapseq	1929	2341	750	R_EX_cpd11416_c0	1.169921	0.023975	0.045017
MGYG000000337__gradient_L2_fos_gapseq	1929	2341	750	R_EX_cpd11416_c0	1.169921	0.023975	0.044988
MGYG000000337__gradient_L3_gos_gapseq	1929	2341	750	R_EX_cpd11416_c0	1.393796	0.023975	0.045246
MGYG000000337__gradient_L4_xos_gapseq	1929	2341	750	R_EX_cpd11416_c0	1.437127	0.023975	0.044014
MGYG000000337__gradient_L5_pectin_gapseq	1929	2341	750	R_EX_cpd11416_c0	1.437127	0.023975	0.044122
MGYG000000337__gradient_L6_resistant_starch_gapseq	1929	2341	750	R_EX_cpd11416_c0	1.747664	0.023975	0.042934
MGYG000000337__gradient_L7_bglucan_gapseq	1929	2341	750	R_EX_cpd11416_c0	1.747664	0.023975	0.042949
MGYG000000337__gradient_L8_hmo_gapseq	1929	2341	750	R_EX_cpd11416_c0	1.747664	0.023975	0.043028
MGYG000000337__gradient_L9_mos_gapseq	1929	2341	750	R_EX_cpd11416_c0	1.863213	0.023975	0.047657
MGYG000000363__gradient_L0_base_gapseq	1240	1313	222	R_EX_cpd11416_c0	-0.000000	0.013622	0.006708
MGYG000000363__gradient_L1_inulin_gapseq	1240	1313	222	R_EX_cpd11416_c0	-0.000000	0.013622	0.006685
MGYG000000363__gradient_L2_fos_gapseq	1240	1313	222	R_EX_cpd11416_c0	-0.000000	0.013622	0.006612
MGYG000000363__gradient_L3_gos_gapseq	1240	1313	222	R_EX_cpd11416_c0	0.352164	0.013622	0.017794
MGYG000000363__gradient_L4_xos_gapseq	1240	1313	222	R_EX_cpd11416_c0	0.352164	0.013622	0.017803
MGYG000000363__gradient_L5_pectin_gapseq	1240	1313	222	R_EX_cpd11416_c0	0.352164	0.013622	0.017777
MGYG000000363__gradient_L6_resistant_starch_gapseq	1240	1313	222	R_EX_cpd11416_c0	0.730044	0.013622	0.017699
MGYG000000363__gradient_L7_bglucan_gapseq	1240	1313	222	R_EX_cpd11416_c0	0.730044	0.013622	0.017695
MGYG000000363__gradient_L8_hmo_gapseq	1240	1313	222	R_EX_cpd11416_c0	0.730044	0.013622	0.017756
MGYG000000363__gradient_L9_mos_gapseq	1240	1313	222	R_EX_cpd11416_c0	0.771174	0.013622	0.017942
MGYG000000364__gradient_L0_base_gapseq	1319	1487	386	R_EX_cpd11416_c0	-0.000000	0.015222	0.008152
MGYG000000364__gradient_L1_inulin_gapseq	1319	1487	386	R_EX_cpd11416_c0	-0.000000	0.015222	0.008094
MGYG000000364__gradient_L2_fos_gapseq	1319	1487	386	R_EX_cpd11416_c0	-0.000000	0.015222	0.008085
MGYG000000364__gradient_L3_gos_gapseq	1319	1487	386	R_EX_cpd11416_c0	0.567272	0.015222	0.020047
MGYG000000364__gradient_L4_xos_gapseq	1319	1487	386	R_EX_cpd11416_c0	0.567272	0.015222	0.021174
MGYG000000364__gradient_L5_pectin_gapseq	1319	1487	386	R_EX_cpd11416_c0	0.567272	0.015222	0.021195
MGYG000000364__gradient_L6_resistant_starch_gapseq	1319	1487	386	R_EX_cpd11416_c0	1.017450	0.015222	0.020604
MGYG000000364__gradient_L7_bglucan_gapseq	1319	1487	386	R_EX_cpd11416_c0	1.176284	0.015222	0.020944
MGYG000000364__gradient_L8_hmo_gapseq	1319	1487	386	R_EX_cpd11416_c0	1.176284	0.015222	0.020528
MGYG000000364__gradient_L9_mos_gapseq	1319	1487	386	R_EX_cpd11416_c0	1.249946	0.015222	0.019859
MGYG000000375__gradient_L0_base_gapseq	975	924	131	R_EX_cpd11416_c0	-0.000000	0.009332	0.003524
MGYG000000375__gradient_L1_inulin_gapseq	975	924	131	R_EX_cpd11416_c0	-0.000000	0.009332	0.003877
MGYG000000375__gradient_L2_fos_gapseq	975	924	131	R_EX_cpd11416_c0	-0.000000	0.009332	0.003766
MGYG000000375__gradient_L3_gos_gapseq	975	924	131	R_EX_cpd11416_c0	-0.000000	0.009332	0.004014
MGYG000000375__gradient_L4_xos_gapseq	975	924	131	R_EX_cpd11416_c0	-0.000000	0.009332	0.003850
MGYG000000375__gradient_L5_pectin_gapseq	975	924	131	R_EX_cpd11416_c0	-0.000000	0.009332	0.003823
MGYG000000375__gradient_L6_resistant_starch_gapseq	975	924	131	R_EX_cpd11416_c0	-0.000000	0.009332	0.003715
MGYG000000375__gradient_L7_bglucan_gapseq	975	924	131	R_EX_cpd11416_c0	-0.000000	0.009332	0.003804
MGYG000000375__gradient_L8_hmo_gapseq	975	924	131	R_EX_cpd11416_c0	-0.000000	0.009332	0.003688
MGYG000000375__gradient_L9_mos_gapseq	975	924	131	R_EX_cpd11416_c0	-0.000000	0.009332	0.003835
MGYG000000377__gradient_L0_base_gapseq	1297	1414	332	R_EX_cpd11416_c0	-0.000000	0.014509	0.006866
MGYG000000377__gradient_L1_inulin_gapseq	1297	1414	332	R_EX_cpd11416_c0	-0.000000	0.014509	0.007653
MGYG000000377__gradient_L2_fos_gapseq	1297	1414	332	R_EX_cpd11416_c0	-0.000000	0.014509	0.007680
MGYG000000377__gradient_L3_gos_gapseq	1297	1414	332	R_EX_cpd11416_c0	-0.000000	0.014509	0.007635
MGYG000000377__gradient_L4_xos_gapseq	1297	1414	332	R_EX_cpd11416_c0	0.621660	0.014509	0.018206
MGYG000000377__gradient_L5_pectin_gapseq	1297	1414	332	R_EX_cpd11416_c0	0.621660	0.014509	0.018097
MGYG000000377__gradient_L6_resistant_starch_gapseq	1297	1414	332	R_EX_cpd11416_c0	0.748370	0.014509	0.018572
MGYG000000377__gradient_L7_bglucan_gapseq	1297	1414	332	R_EX_cpd11416_c0	0.930362	0.014509	0.018809
MGYG000000377__gradient_L8_hmo_gapseq	1297	1414	332	R_EX_cpd11416_c0	0.930362	0.014509	0.018885
MGYG000000377__gradient_L9_mos_gapseq	1297	1414	332	R_EX_cpd11416_c0	0.930362	0.014509	0.018842
MGYG000000398__gradient_L0_base_gapseq	1515	1668	402	R_EX_cpd11416_c0	-0.000000	0.017457	0.009624
MGYG000000398__gradient_L1_inulin_gapseq	1515	1668	402	R_EX_cpd11416_c0	-0.000000	0.017457	0.009932
MGYG000000398__gradient_L2_fos_gapseq	1515	1668	402	R_EX_cpd11416_c0	-0.000000	0.017457	0.009922
MGYG000000398__gradient_L3_gos_gapseq	1515	1668	402	R_EX_cpd11416_c0	0.975661	0.017457	0.025154
MGYG000000398__gradient_L4_xos_gapseq	1515	1668	402	R_EX_cpd11416_c0	0.975661	0.017457	0.025024
MGYG000000398__gradient_L5_pectin_gapseq	1515	1668	402	R_EX_cpd11416_c0	0.975661	0.017457	0.025179
MGYG000000398__gradient_L6_resistant_starch_gapseq	1515	1668	402	R_EX_cpd11416_c0	1.565030	0.017457	0.025444
MGYG000000398__gradient_L7_bglucan_gapseq	1515	1668	402	R_EX_cpd11416_c0	1.762518	0.017457	0.025097
MGYG000000398__gradient_L8_hmo_gapseq	1515	1668	402	R_EX_cpd11416_c0	1.762518	0.017457	0.025043
MGYG000000398__gradient_L9_mos_gapseq	1515	1668	402	R_EX_cpd11416_c0	1.762518	0.017457	0.025128
MGYG000000416__gradient_L0_base_gapseq	1056	1090	218	R_EX_cpd11416_c0	-0.000000	0.011357	0.005159
MGYG000000416__gradient_L1_inulin_gapseq	1056	1090	218	R_EX_cpd11416_c0	-0.000000	0.011357	0.005235
MGYG000000416__gradient_L2_fos_gapseq	1056	1090	218	R_EX_cpd11416_c0	-0.000000	0.011357	0.005184
MGYG000000416__gradient_L3_gos_gapseq	1056	1090	218	R_EX_cpd11416_c0	0.229929	0.011357	0.012666
MGYG000000416__gradient_L4_xos_gapseq	1056	1090	218	R_EX_cpd11416_c0	0.229929	0.011357	0.012796
MGYG000000416__gradient_L5_pectin_gapseq	1056	1090	218	R_EX_cpd11416_c0	0.229929	0.011357	0.012715
MGYG000000416__gradient_L6_resistant_starch_gapseq	1056	1090	218	R_EX_cpd11416_c0	0.229929	0.011357	0.012889
MGYG000000416__gradient_L7_bglucan_gapseq	1056	1090	218	R_EX_cpd11416_c0	0.229929	0.011357	0.012939
MGYG000000416__gradient_L8_hmo_gapseq	1056	1090	218	R_EX_cpd11416_c0	0.229929	0.011357	0.012888
MGYG000000416__gradient_L9_mos_gapseq	1056	1090	218	R_EX_cpd11416_c0	0.229929	0.011357	0.012887
MGYG000000435__gradient_L0_base_gapseq	912	974	206	R_EX_cpd11416_c0	-0.000000	0.010623	0.004472
MGYG000000435__gradient_L1_inulin_gapseq	912	974	206	R_EX_cpd11416_c0	0.335857	0.010623	0.010992
MGYG000000435__gradient_L2_fos_gapseq	912	974	206	R_EX_cpd11416_c0	0.335857	0.010623	0.011139
MGYG000000435__gradient_L3_gos_gapseq	912	974	206	R_EX_cpd11416_c0	0.614984	0.010623	0.011092
MGYG000000435__gradient_L4_xos_gapseq	912	974	206	R_EX_cpd11416_c0	0.678526	0.010623	0.011138
MGYG000000435__gradient_L5_pectin_gapseq	912	974	206	R_EX_cpd11416_c0	0.728451	0.010623	0.011284
MGYG000000435__gradient_L6_resistant_starch_gapseq	912	974	206	R_EX_cpd11416_c0	1.343733	0.010623	0.011187
MGYG000000435__gradient_L7_bglucan_gapseq	912	974	206	R_EX_cpd11416_c0	1.556922	0.010623	0.011350
MGYG000000435__gradient_L8_hmo_gapseq	912	974	206	R_EX_cpd11416_c0	1.556922	0.010623	0.011401
MGYG000000435__gradient_L9_mos_gapseq	912	974	206	R_EX_cpd11416_c0	1.660287	0.010623	0.011735
MGYG000000442__gradient_L0_base_gapseq	1390	1512	419	R_EX_cpd11416_c0	0.484874	0.015039	0.021175
MGYG000000442__gradient_L1_inulin_gapseq	1390	1512	419	R_EX_cpd11416_c0	0.484874	0.015039	0.021171
MGYG000000442__gradient_L2_fos_gapseq	1390	1512	419	R_EX_cpd11416_c0	0.484874	0.015039	0.021128
MGYG000000442__gradient_L3_gos_gapseq	1390	1512	419	R_EX_cpd11416_c0	0.561070	0.015039	0.020686
MGYG000000442__gradient_L4_xos_gapseq	1390	1512	419	R_EX_cpd11416_c0	0.561070	0.015039	0.021138
MGYG000000442__gradient_L5_pectin_gapseq	1390	1512	419	R_EX_cpd11416_c0	0.593396	0.015039	0.021316
MGYG000000442__gradient_L6_resistant_starch_gapseq	1390	1512	419	R_EX_cpd11416_c0	0.667283	0.015039	0.021863
MGYG000000442__gradient_L7_bglucan_gapseq	1390	1512	419	R_EX_cpd11416_c0	0.667283	0.015039	0.021827
MGYG000000442__gradient_L8_hmo_gapseq	1390	1512	419	R_EX_cpd11416_c0	0.667283	0.015039	0.021744
MGYG000000442__gradient_L9_mos_gapseq	1390	1512	419	R_EX_cpd11416_c0	0.667283	0.015039	0.021783
MGYG000000462__gradient_L0_base_gapseq	1126	1225	253	R_EX_cpd11416_c0	-0.000000	0.012802	0.005771
MGYG000000462__gradient_L1_inulin_gapseq	1126	1225	253	R_EX_cpd11416_c0	0.098335	0.012802	0.016379
MGYG000000462__gradient_L2_fos_gapseq	1126	1225	253	R_EX_cpd11416_c0	0.098335	0.012802	0.016365
MGYG000000462__gradient_L3_gos_gapseq	1126	1225	253	R_EX_cpd11416_c0	0.098335	0.012802	0.016356
MGYG000000462__gradient_L4_xos_gapseq	1126	1225	253	R_EX_cpd11416_c0	0.098335	0.012802	0.016389
MGYG000000462__gradient_L5_pectin_gapseq	1126	1225	253	R_EX_cpd11416_c0	0.098335	0.012802	0.016279
MGYG000000462__gradient_L6_resistant_starch_gapseq	1126	1225	253	R_EX_cpd11416_c0	0.098335	0.012802	0.016202
MGYG000000462__gradient_L7_bglucan_gapseq	1126	1225	253	R_EX_cpd11416_c0	0.098335	0.012802	0.016113
MGYG000000462__gradient_L8_hmo_gapseq	1126	1225	253	R_EX_cpd11416_c0	0.098335	0.012802	0.016227
MGYG000000462__gradient_L9_mos_gapseq	1126	1225	253	R_EX_cpd11416_c0	0.098335	0.012802	0.016204
MGYG000000464__gradient_L0_base_gapseq	1056	1069	184	R_EX_cpd11416_c0	-0.000000	0.011133	0.005748
MGYG000000464__gradient_L1_inulin_gapseq	1056	1069	184	R_EX_cpd11416_c0	0.279341	0.011133	0.013834
MGYG000000464__gradient_L2_fos_gapseq	1056	1069	184	R_EX_cpd11416_c0	0.279341	0.011133	0.013743
MGYG000000464__gradient_L3_gos_gapseq	1056	1069	184	R_EX_cpd11416_c0	0.279341	0.011133	0.013671
MGYG000000464__gradient_L4_xos_gapseq	1056	1069	184	R_EX_cpd11416_c0	0.279341	0.011133	0.013697
MGYG000000464__gradient_L5_pectin_gapseq	1056	1069	184	R_EX_cpd11416_c0	0.279341	0.011133	0.013638
MGYG000000464__gradient_L6_resistant_starch_gapseq	1056	1069	184	R_EX_cpd11416_c0	0.419659	0.011133	0.013944
MGYG000000464__gradient_L7_bglucan_gapseq	1056	1069	184	R_EX_cpd11416_c0	0.419659	0.011133	0.013986
MGYG000000464__gradient_L8_hmo_gapseq	1056	1069	184	R_EX_cpd11416_c0	0.419659	0.011133	0.013955
MGYG000000464__gradient_L9_mos_gapseq	1056	1069	184	R_EX_cpd11416_c0	0.534115	0.011133	0.013899
MGYG000000482__gradient_L0_base_gapseq	692	652	93	R_EX_cpd11416_c0	-0.000000	0.007463	0.002391
MGYG000000482__gradient_L1_inulin_gapseq	692	652	93	R_EX_cpd11416_c0	-0.000000	0.007463	0.002790
MGYG000000482__gradient_L2_fos_gapseq	692	652	93	R_EX_cpd11416_c0	-0.000000	0.007463	0.002697
MGYG000000482__gradient_L3_gos_gapseq	692	652	93	R_EX_cpd11416_c0	-0.000000	0.007463	0.002616
MGYG000000482__gradient_L4_xos_gapseq	692	652	93	R_EX_cpd11416_c0	-0.000000	0.007463	0.002611
MGYG000000482__gradient_L5_pectin_gapseq	692	652	93	R_EX_cpd11416_c0	-0.000000	0.007463	0.002659
MGYG000000482__gradient_L6_resistant_starch_gapseq	692	652	93	R_EX_cpd11416_c0	-0.000000	0.007463	0.002593
MGYG000000482__gradient_L7_bglucan_gapseq	692	652	93	R_EX_cpd11416_c0	-0.000000	0.007463	0.002566
MGYG000000482__gradient_L8_hmo_gapseq	692	652	93	R_EX_cpd11416_c0	-0.000000	0.007463	0.002652
MGYG000000482__gradient_L9_mos_gapseq	692	652	93	R_EX_cpd11416_c0	-0.000000	0.007463	0.002583
MGYG000000489__gradient_L0_base_gapseq	1372	1592	405	R_EX_cpd11416_c0	0.250295	0.015213	0.024636
MGYG000000489__gradient_L1_inulin_gapseq	1372	1592	405	R_EX_cpd11416_c0	0.520901	0.015213	0.023375
MGYG000000489__gradient_L2_fos_gapseq	1372	1592	405	R_EX_cpd11416_c0	0.520901	0.015213	0.023216
MGYG000000489__gradient_L3_gos_gapseq	1372	1592	405	R_EX_cpd11416_c0	0.765237	0.015213	0.024462
MGYG000000489__gradient_L4_xos_gapseq	1372	1592	405	R_EX_cpd11416_c0	0.884468	0.015213	0.023002
MGYG000000489__gradient_L5_pectin_gapseq	1372	1592	405	R_EX_cpd11416_c0	0.884468	0.015213	0.022937
MGYG000000489__gradient_L6_resistant_starch_gapseq	1372	1592	405	R_EX_cpd11416_c0	1.368966	0.015213	0.023555
MGYG000000489__gradient_L7_bglucan_gapseq	1372	1592	405	R_EX_cpd11416_c0	1.543043	0.015213	0.023858
MGYG000000489__gradient_L8_hmo_gapseq	1372	1592	405	R_EX_cpd11416_c0	1.543043	0.015213	0.023839
MGYG000000489__gradient_L9_mos_gapseq	1372	1592	405	R_EX_cpd11416_c0	1.543043	0.015213	0.023876
MGYG000000515__gradient_L0_base_gapseq	1359	1522	368	R_EX_cpd11416_c0	-0.000000	0.015456	0.008794
MGYG000000515__gradient_L1_inulin_gapseq	1359	1522	368	R_EX_cpd11416_c0	-0.000000	0.015456	0.009078
MGYG000000515__gradient_L2_fos_gapseq	1359	1522	368	R_EX_cpd11416_c0	-0.000000	0.015456	0.009153
MGYG000000515__gradient_L3_gos_gapseq	1359	1522	368	R_EX_cpd11416_c0	-0.000000	0.015456	0.009099
MGYG000000515__gradient_L4_xos_gapseq	1359	1522	368	R_EX_cpd11416_c0	0.640821	0.015456	0.023665
MGYG000000515__gradient_L5_pectin_gapseq	1359	1522	368	R_EX_cpd11416_c0	0.640821	0.015456	0.023499
MGYG000000515__gradient_L6_resistant_starch_gapseq	1359	1522	368	R_EX_cpd11416_c0	1.152857	0.015456	0.024118
MGYG000000515__gradient_L7_bglucan_gapseq	1359	1522	368	R_EX_cpd11416_c0	1.334889	0.015456	0.024562
MGYG000000515__gradient_L8_hmo_gapseq	1359	1522	368	R_EX_cpd11416_c0	1.334889	0.015456	0.024590
MGYG000000515__gradient_L9_mos_gapseq	1359	1522	368	R_EX_cpd11416_c0	1.424781	0.015456	0.025901
MGYG000000519__gradient_L0_base_gapseq	1033	1050	189	R_EX_cpd11416_c0	-0.000000	0.010963	0.005256
MGYG000000519__gradient_L1_inulin_gapseq	1033	1050	189	R_EX_cpd11416_c0	1.080395	0.010963	0.013126
MGYG000000519__gradient_L2_fos_gapseq	1033	1050	189	R_EX_cpd11416_c0	1.080395	0.010963	0.013023
MGYG000000519__gradient_L3_gos_gapseq	1033	1050	189	R_EX_cpd11416_c0	1.183692	0.010963	0.013587
MGYG000000519__gradient_L4_xos_gapseq	1033	1050	189	R_EX_cpd11416_c0	1.183692	0.010963	0.013484
MGYG000000519__gradient_L5_pectin_gapseq	1033	1050	189	R_EX_cpd11416_c0	1.183692	0.010963	0.013545
MGYG000000519__gradient_L6_resistant_starch_gapseq	1033	1050	189	R_EX_cpd11416_c0	1.330602	0.010963	0.012989
MGYG000000519__gradient_L7_bglucan_gapseq	1033	1050	189	R_EX_cpd11416_c0	1.330602	0.010963	0.012977
MGYG000000519__gradient_L8_hmo_gapseq	1033	1050	189	R_EX_cpd11416_c0	1.330602	0.010963	0.012945
MGYG000000519__gradient_L9_mos_gapseq	1033	1050	189	R_EX_cpd11416_c0	1.330602	0.010963	0.012932
MGYG000000524__gradient_L0_base_gapseq	1037	1039	212	R_EX_cpd11416_c0	-0.000000	0.011225	0.004649
MGYG000000524__gradient_L1_inulin_gapseq	1037	1039	212	R_EX_cpd11416_c0	-0.000000	0.011225	0.004693
MGYG000000524__gradient_L2_fos_gapseq	1037	1039	212	R_EX_cpd11416_c0	-0.000000	0.011225	0.004639
MGYG000000524__gradient_L3_gos_gapseq	1037	1039	212	R_EX_cpd11416_c0	-0.000000	0.011225	0.004704
MGYG000000524__gradient_L4_xos_gapseq	1037	1039	212	R_EX_cpd11416_c0	0.538874	0.011225	0.010859
MGYG000000524__gradient_L5_pectin_gapseq	1037	1039	212	R_EX_cpd11416_c0	0.572109	0.011225	0.011012
MGYG000000524__gradient_L6_resistant_starch_gapseq	1037	1039	212	R_EX_cpd11416_c0	1.234433	0.011225	0.011142
MGYG000000524__gradient_L7_bglucan_gapseq	1037	1039	212	R_EX_cpd11416_c0	1.469452	0.011225	0.011135
MGYG000000524__gradient_L8_hmo_gapseq	1037	1039	212	R_EX_cpd11416_c0	1.469452	0.011225	0.011164
MGYG000000524__gradient_L9_mos_gapseq	1037	1039	212	R_EX_cpd11416_c0	1.469452	0.011225	0.011088
MGYG000000542__gradient_L0_base_gapseq	1207	1284	224	R_EX_cpd11416_c0	-0.000000	0.013071	0.006408
MGYG000000542__gradient_L1_inulin_gapseq	1207	1284	224	R_EX_cpd11416_c0	-0.000000	0.013071	0.006618
MGYG000000542__gradient_L2_fos_gapseq	1207	1284	224	R_EX_cpd11416_c0	-0.000000	0.013071	0.006593
MGYG000000542__gradient_L3_gos_gapseq	1207	1284	224	R_EX_cpd11416_c0	0.845900	0.013071	0.017141
MGYG000000542__gradient_L4_xos_gapseq	1207	1284	224	R_EX_cpd11416_c0	0.845900	0.013071	0.016990
MGYG000000542__gradient_L5_pectin_gapseq	1207	1284	224	R_EX_cpd11416_c0	0.845900	0.013071	0.017085
MGYG000000542__gradient_L6_resistant_starch_gapseq	1207	1284	224	R_EX_cpd11416_c0	1.448123	0.013071	0.017733
MGYG000000542__gradient_L7_bglucan_gapseq	1207	1284	224	R_EX_cpd11416_c0	1.448123	0.013071	0.017887
MGYG000000542__gradient_L8_hmo_gapseq	1207	1284	224	R_EX_cpd11416_c0	1.448123	0.013071	0.017685
MGYG000000542__gradient_L9_mos_gapseq	1207	1284	224	R_EX_cpd11416_c0	1.557188	0.013071	0.017857
MGYG000000544__gradient_L0_base_gapseq	1040	1077	192	R_EX_cpd11416_c0	-0.000000	0.010937	0.004793
MGYG000000544__gradient_L1_inulin_gapseq	1040	1077	192	R_EX_cpd11416_c0	-0.000000	0.010937	0.004842
MGYG000000544__gradient_L2_fos_gapseq	1040	1077	192	R_EX_cpd11416_c0	-0.000000	0.010937	0.004899
MGYG000000544__gradient_L3_gos_gapseq	1040	1077	192	R_EX_cpd11416_c0	-0.000000	0.010937	0.005547
MGYG000000544__gradient_L4_xos_gapseq	1040	1077	192	R_EX_cpd11416_c0	-0.000000	0.010937	0.005556
MGYG000000544__gradient_L5_pectin_gapseq	1040	1077	192	R_EX_cpd11416_c0	-0.000000	0.010937	0.005550
MGYG000000544__gradient_L6_resistant_starch_gapseq	1040	1077	192	R_EX_cpd11416_c0	-0.000000	0.010937	0.005714
MGYG000000544__gradient_L7_bglucan_gapseq	1040	1077	192	R_EX_cpd11416_c0	-0.000000	0.010937	0.005829
MGYG000000544__gradient_L8_hmo_gapseq	1040	1077	192	R_EX_cpd11416_c0	-0.000000	0.010937	0.005768
MGYG000000544__gradient_L9_mos_gapseq	1040	1077	192	R_EX_cpd11416_c0	-0.000000	0.010937	0.005683
MGYG000000549__gradient_L0_base_gapseq	1133	1196	206	R_EX_cpd11416_c0	-0.000000	0.011417	0.006144
MGYG000000549__gradient_L1_inulin_gapseq	1133	1196	206	R_EX_cpd11416_c0	0.149458	0.011417	0.015409
MGYG000000549__gradient_L2_fos_gapseq	1133	1196	206	R_EX_cpd11416_c0	0.149458	0.011417	0.015364
MGYG000000549__gradient_L3_gos_gapseq	1133	1196	206	R_EX_cpd11416_c0	0.149458	0.011417	0.015341
MGYG000000549__gradient_L4_xos_gapseq	1133	1196	206	R_EX_cpd11416_c0	0.149458	0.011417	0.015329
MGYG000000549__gradient_L5_pectin_gapseq	1133	1196	206	R_EX_cpd11416_c0	0.149458	0.011417	0.015370
MGYG000000549__gradient_L6_resistant_starch_gapseq	1133	1196	206	R_EX_cpd11416_c0	0.216919	0.011417	0.015355
MGYG000000549__gradient_L7_bglucan_gapseq	1133	1196	206	R_EX_cpd11416_c0	0.216919	0.011417	0.015446
MGYG000000549__gradient_L8_hmo_gapseq	1133	1196	206	R_EX_cpd11416_c0	0.216919	0.011417	0.015417
MGYG000000549__gradient_L9_mos_gapseq	1133	1196	206	R_EX_cpd11416_c0	0.282655	0.011417	0.015625
MGYG000000563__gradient_L0_base_gapseq	1109	1210	304	R_EX_cpd11416_c0	0.523107	0.013363	0.016785
MGYG000000563__gradient_L1_inulin_gapseq	1109	1210	304	R_EX_cpd11416_c0	0.638920	0.013363	0.016411
MGYG000000563__gradient_L2_fos_gapseq	1109	1210	304	R_EX_cpd11416_c0	0.638920	0.013363	0.016425
MGYG000000563__gradient_L3_gos_gapseq	1109	1210	304	R_EX_cpd11416_c0	0.863599	0.013363	0.016279
MGYG000000563__gradient_L4_xos_gapseq	1109	1210	304	R_EX_cpd11416_c0	0.863599	0.013363	0.016480
MGYG000000563__gradient_L5_pectin_gapseq	1109	1210	304	R_EX_cpd11416_c0	0.863599	0.013363	0.016327
MGYG000000563__gradient_L6_resistant_starch_gapseq	1109	1210	304	R_EX_cpd11416_c0	1.334429	0.013363	0.016061
MGYG000000563__gradient_L7_bglucan_gapseq	1109	1210	304	R_EX_cpd11416_c0	1.334429	0.013363	0.016075
MGYG000000563__gradient_L8_hmo_gapseq	1109	1210	304	R_EX_cpd11416_c0	1.334429	0.013363	0.016143
MGYG000000563__gradient_L9_mos_gapseq	1109	1210	304	R_EX_cpd11416_c0	1.443734	0.013363	0.016377
MGYG000000572__gradient_L0_base_gapseq	1141	1197	208	R_EX_cpd11416_c0	-0.000000	0.012265	0.006281
MGYG000000572__gradient_L1_inulin_gapseq	1141	1197	208	R_EX_cpd11416_c0	-0.000000	0.012265	0.006553
MGYG000000572__gradient_L2_fos_gapseq	1141	1197	208	R_EX_cpd11416_c0	-0.000000	0.012265	0.006513
MGYG000000572__gradient_L3_gos_gapseq	1141	1197	208	R_EX_cpd11416_c0	-0.000000	0.012265	0.006537
MGYG000000572__gradient_L4_xos_gapseq	1141	1197	208	R_EX_cpd11416_c0	-0.000000	0.012265	0.006357
MGYG000000572__gradient_L5_pectin_gapseq	1141	1197	208	R_EX_cpd11416_c0	-0.000000	0.012265	0.006349
MGYG000000572__gradient_L6_resistant_starch_gapseq	1141	1197	208	R_EX_cpd11416_c0	-0.000000	0.012265	0.006720
MGYG000000572__gradient_L7_bglucan_gapseq	1141	1197	208	R_EX_cpd11416_c0	-0.000000	0.012265	0.006686
MGYG000000572__gradient_L8_hmo_gapseq	1141	1197	208	R_EX_cpd11416_c0	-0.000000	0.012265	0.006685
MGYG000000572__gradient_L9_mos_gapseq	1141	1197	208	R_EX_cpd11416_c0	-0.000000	0.012265	0.006444
MGYG000000582__gradient_L0_base_gapseq	1343	1603	386	R_EX_cpd11416_c0	0.776199	0.016084	0.023406
MGYG000000582__gradient_L1_inulin_gapseq	1343	1603	386	R_EX_cpd11416_c0	0.999233	0.016084	0.023738
MGYG000000582__gradient_L2_fos_gapseq	1343	1603	386	R_EX_cpd11416_c0	0.999233	0.016084	0.023759
MGYG000000582__gradient_L3_gos_gapseq	1343	1603	386	R_EX_cpd11416_c0	1.239877	0.016084	0.023199
MGYG000000582__gradient_L4_xos_gapseq	1343	1603	386	R_EX_cpd11416_c0	1.281130	0.016084	0.023903
MGYG000000582__gradient_L5_pectin_gapseq	1343	1603	386	R_EX_cpd11416_c0	1.281130	0.016084	0.023892
MGYG000000582__gradient_L6_resistant_starch_gapseq	1343	1603	386	R_EX_cpd11416_c0	1.778459	0.016084	0.024124
MGYG000000582__gradient_L7_bglucan_gapseq	1343	1603	386	R_EX_cpd11416_c0	1.778459	0.016084	0.024144
MGYG000000582__gradient_L8_hmo_gapseq	1343	1603	386	R_EX_cpd11416_c0	1.778459	0.016084	0.024108
MGYG000000582__gradient_L9_mos_gapseq	1343	1603	386	R_EX_cpd11416_c0	1.888468	0.016084	0.024045
MGYG000000604__gradient_L0_base_gapseq	1263	1421	350	R_EX_cpd11416_c0	-0.000000	0.014323	0.008284
MGYG000000604__gradient_L1_inulin_gapseq	1263	1421	350	R_EX_cpd11416_c0	-0.000000	0.014323	0.008033
MGYG000000604__gradient_L2_fos_gapseq	1263	1421	350	R_EX_cpd11416_c0	-0.000000	0.014323	0.008021
MGYG000000604__gradient_L3_gos_gapseq	1263	1421	350	R_EX_cpd11416_c0	0.809075	0.014323	0.021100
MGYG000000604__gradient_L4_xos_gapseq	1263	1421	350	R_EX_cpd11416_c0	0.937653	0.014323	0.022029
MGYG000000604__gradient_L5_pectin_gapseq	1263	1421	350	R_EX_cpd11416_c0	0.937653	0.014323	0.021938
MGYG000000604__gradient_L6_resistant_starch_gapseq	1263	1421	350	R_EX_cpd11416_c0	1.711562	0.014323	0.020819
MGYG000000604__gradient_L7_bglucan_gapseq	1263	1421	350	R_EX_cpd11416_c0	1.974017	0.014323	0.020969
MGYG000000604__gradient_L8_hmo_gapseq	1263	1421	350	R_EX_cpd11416_c0	1.974017	0.014323	0.020927
MGYG000000604__gradient_L9_mos_gapseq	1263	1421	350	R_EX_cpd11416_c0	2.117583	0.014323	0.022380
MGYG000000606__gradient_L0_base_gapseq	1219	1363	333	R_EX_cpd11416_c0	0.740023	0.013487	0.016919
MGYG000000606__gradient_L1_inulin_gapseq	1219	1363	333	R_EX_cpd11416_c0	0.847133	0.013487	0.017376
MGYG000000606__gradient_L2_fos_gapseq	1219	1363	333	R_EX_cpd11416_c0	0.847133	0.013487	0.017388
MGYG000000606__gradient_L3_gos_gapseq	1219	1363	333	R_EX_cpd11416_c0	0.927466	0.013487	0.017471
MGYG000000606__gradient_L4_xos_gapseq	1219	1363	333	R_EX_cpd11416_c0	0.927466	0.013487	0.017414
MGYG000000606__gradient_L5_pectin_gapseq	1219	1363	333	R_EX_cpd11416_c0	0.927466	0.013487	0.017423
MGYG000000606__gradient_L6_resistant_starch_gapseq	1219	1363	333	R_EX_cpd11416_c0	1.146465	0.013487	0.017427
MGYG000000606__gradient_L7_bglucan_gapseq	1219	1363	333	R_EX_cpd11416_c0	1.146465	0.013487	0.017372
MGYG000000606__gradient_L8_hmo_gapseq	1219	1363	333	R_EX_cpd11416_c0	1.146465	0.013487	0.017434
MGYG000000606__gradient_L9_mos_gapseq	1219	1363	333	R_EX_cpd11416_c0	1.219092	0.013487	0.017406
MGYG000000616__gradient_L0_base_gapseq	1186	1244	281	R_EX_cpd11416_c0	-0.000000	0.012706	0.006827
MGYG000000616__gradient_L1_inulin_gapseq	1186	1244	281	R_EX_cpd11416_c0	-0.000000	0.012706	0.006458
MGYG000000616__gradient_L2_fos_gapseq	1186	1244	281	R_EX_cpd11416_c0	-0.000000	0.012706	0.006438
MGYG000000616__gradient_L3_gos_gapseq	1186	1244	281	R_EX_cpd11416_c0	-0.000000	0.012706	0.006469
MGYG000000616__gradient_L4_xos_gapseq	1186	1244	281	R_EX_cpd11416_c0	-0.000000	0.012706	0.006512
MGYG000000616__gradient_L5_pectin_gapseq	1186	1244	281	R_EX_cpd11416_c0	0.289861	0.012706	0.016471
MGYG000000616__gradient_L6_resistant_starch_gapseq	1186	1244	281	R_EX_cpd11416_c0	0.289861	0.012706	0.016399
MGYG000000616__gradient_L7_bglucan_gapseq	1186	1244	281	R_EX_cpd11416_c0	0.289861	0.012706	0.016382
MGYG000000616__gradient_L8_hmo_gapseq	1186	1244	281	R_EX_cpd11416_c0	0.289861	0.012706	0.016356
MGYG000000616__gradient_L9_mos_gapseq	1186	1244	281	R_EX_cpd11416_c0	0.289861	0.012706	0.016251
MGYG000000620__gradient_L0_base_gapseq	1140	1281	342	R_EX_cpd11416_c0	0.601525	0.013312	0.016730
MGYG000000620__gradient_L1_inulin_gapseq	1140	1281	342	R_EX_cpd11416_c0	0.714313	0.013312	0.016681
MGYG000000620__gradient_L2_fos_gapseq	1140	1281	342	R_EX_cpd11416_c0	0.714313	0.013312	0.016689
MGYG000000620__gradient_L3_gos_gapseq	1140	1281	342	R_EX_cpd11416_c0	0.932839	0.013312	0.017565
MGYG000000620__gradient_L4_xos_gapseq	1140	1281	342	R_EX_cpd11416_c0	0.932839	0.013312	0.017608
MGYG000000620__gradient_L5_pectin_gapseq	1140	1281	342	R_EX_cpd11416_c0	0.932839	0.013312	0.017600
MGYG000000620__gradient_L6_resistant_starch_gapseq	1140	1281	342	R_EX_cpd11416_c0	1.043760	0.013312	0.016940
MGYG000000620__gradient_L7_bglucan_gapseq	1140	1281	342	R_EX_cpd11416_c0	1.043760	0.013312	0.017021
MGYG000000620__gradient_L8_hmo_gapseq	1140	1281	342	R_EX_cpd11416_c0	1.043760	0.013312	0.017010
MGYG000000620__gradient_L9_mos_gapseq	1140	1281	342	R_EX_cpd11416_c0	1.152439	0.013312	0.016796
MGYG000000623__gradient_L0_base_gapseq	1350	1551	450	R_EX_cpd11416_c0	0.323235	0.015587	0.022295
MGYG000000623__gradient_L1_inulin_gapseq	1350	1551	450	R_EX_cpd11416_c0	0.495632	0.015587	0.022234
MGYG000000623__gradient_L2_fos_gapseq	1350	1551	450	R_EX_cpd11416_c0	0.495632	0.015587	0.022165
MGYG000000623__gradient_L3_gos_gapseq	1350	1551	450	R_EX_cpd11416_c0	0.793849	0.015587	0.021746
MGYG000000623__gradient_L4_xos_gapseq	1350	1551	450	R_EX_cpd11416_c0	0.827487	0.015587	0.023606
MGYG000000623__gradient_L5_pectin_gapseq	1350	1551	450	R_EX_cpd11416_c0	0.827487	0.015587	0.023605
MGYG000000623__gradient_L6_resistant_starch_gapseq	1350	1551	450	R_EX_cpd11416_c0	1.395498	0.015587	0.023564
MGYG000000623__gradient_L7_bglucan_gapseq	1350	1551	450	R_EX_cpd11416_c0	1.593337	0.015587	0.023534
MGYG000000623__gradient_L8_hmo_gapseq	1350	1551	450	R_EX_cpd11416_c0	1.733739	0.015587	0.023564
MGYG000000623__gradient_L9_mos_gapseq	1350	1551	450	R_EX_cpd11416_c0	1.733739	0.015587	0.023618
MGYG000000627__gradient_L0_base_gapseq	1336	1492	329	R_EX_cpd11416_c0	0.350046	0.015094	0.020510
MGYG000000627__gradient_L1_inulin_gapseq	1336	1492	329	R_EX_cpd11416_c0	0.461051	0.015094	0.021177
MGYG000000627__gradient_L2_fos_gapseq	1336	1492	329	R_EX_cpd11416_c0	0.461051	0.015094	0.021189
MGYG000000627__gradient_L3_gos_gapseq	1336	1492	329	R_EX_cpd11416_c0	0.639584	0.015094	0.022149
MGYG000000627__gradient_L4_xos_gapseq	1336	1492	329	R_EX_cpd11416_c0	0.639584	0.015094	0.022307
MGYG000000627__gradient_L5_pectin_gapseq	1336	1492	329	R_EX_cpd11416_c0	0.639584	0.015094	0.022220
MGYG000000627__gradient_L6_resistant_starch_gapseq	1336	1492	329	R_EX_cpd11416_c0	0.978123	0.015094	0.021749
MGYG000000627__gradient_L7_bglucan_gapseq	1336	1492	329	R_EX_cpd11416_c0	0.994383	0.015094	0.022003
MGYG000000627__gradient_L8_hmo_gapseq	1336	1492	329	R_EX_cpd11416_c0	0.994383	0.015094	0.022031
MGYG000000627__gradient_L9_mos_gapseq	1336	1492	329	R_EX_cpd11416_c0	0.994383	0.015094	0.022159
MGYG000000630__gradient_L0_base_gapseq	1233	1332	323	R_EX_cpd11416_c0	0.077642	0.014473	0.018923
MGYG000000630__gradient_L1_inulin_gapseq	1233	1332	323	R_EX_cpd11416_c0	0.176641	0.014473	0.018985
MGYG000000630__gradient_L2_fos_gapseq	1233	1332	323	R_EX_cpd11416_c0	0.176641	0.014473	0.019073
MGYG000000630__gradient_L3_gos_gapseq	1233	1332	323	R_EX_cpd11416_c0	0.176641	0.014473	0.018931
MGYG000000630__gradient_L4_xos_gapseq	1233	1332	323	R_EX_cpd11416_c0	0.176641	0.014473	0.018984
MGYG000000630__gradient_L5_pectin_gapseq	1233	1332	323	R_EX_cpd11416_c0	0.176641	0.014473	0.018992
MGYG000000630__gradient_L6_resistant_starch_gapseq	1233	1332	323	R_EX_cpd11416_c0	0.176641	0.014473	0.018968
MGYG000000630__gradient_L7_bglucan_gapseq	1233	1332	323	R_EX_cpd11416_c0	0.176641	0.014473	0.018992
MGYG000000630__gradient_L8_hmo_gapseq	1233	1332	323	R_EX_cpd11416_c0	0.176641	0.014473	0.019023
MGYG000000630__gradient_L9_mos_gapseq	1233	1332	323	R_EX_cpd11416_c0	0.176641	0.014473	0.018971
MGYG000000631__gradient_L0_base_gapseq	1258	1439	339	R_EX_cpd11416_c0	0.787844	0.014327	0.020222
MGYG000000631__gradient_L1_inulin_gapseq	1258	1439	339	R_EX_cpd11416_c0	0.886889	0.014327	0.020229
MGYG000000631__gradient_L2_fos_gapseq	1258	1439	339	R_EX_cpd11416_c0	0.886889	0.014327	0.020614
MGYG000000631__gradient_L3_gos_gapseq	1258	1439	339	R_EX_cpd11416_c0	0.961172	0.014327	0.020731
MGYG000000631__gradient_L4_xos_gapseq	1258	1439	339	R_EX_cpd11416_c0	0.974678	0.014327	0.019986
MGYG000000631__gradient_L5_pectin_gapseq	1258	1439	339	R_EX_cpd11416_c0	0.974678	0.014327	0.019975
MGYG000000631__gradient_L6_resistant_starch_gapseq	1258	1439	339	R_EX_cpd11416_c0	1.215536	0.014327	0.020959
MGYG000000631__gradient_L7_bglucan_gapseq	1258	1439	339	R_EX_cpd11416_c0	1.215536	0.014327	0.021071
MGYG000000631__gradient_L8_hmo_gapseq	1258	1439	339	R_EX_cpd11416_c0	1.215536	0.014327	0.020987
MGYG000000631__gradient_L9_mos_gapseq	1258	1439	339	R_EX_cpd11416_c0	1.304380	0.014327	0.020739
MGYG000000643__gradient_L0_base_gapseq	1136	1185	279	R_EX_cpd11416_c0	-0.000000	0.012186	0.006555
MGYG000000643__gradient_L1_inulin_gapseq	1136	1185	279	R_EX_cpd11416_c0	-0.000000	0.012186	0.006519
MGYG000000643__gradient_L2_fos_gapseq	1136	1185	279	R_EX_cpd11416_c0	-0.000000	0.012186	0.006557
MGYG000000643__gradient_L3_gos_gapseq	1136	1185	279	R_EX_cpd11416_c0	-0.000000	0.012186	0.006531
MGYG000000643__gradient_L4_xos_gapseq	1136	1185	279	R_EX_cpd11416_c0	-0.000000	0.012186	0.006608
MGYG000000643__gradient_L5_pectin_gapseq	1136	1185	279	R_EX_cpd11416_c0	0.302330	0.012186	0.015235
MGYG000000643__gradient_L6_resistant_starch_gapseq	1136	1185	279	R_EX_cpd11416_c0	0.302330	0.012186	0.015250
MGYG000000643__gradient_L7_bglucan_gapseq	1136	1185	279	R_EX_cpd11416_c0	0.302330	0.012186	0.015718
MGYG000000643__gradient_L8_hmo_gapseq	1136	1185	279	R_EX_cpd11416_c0	0.302330	0.012186	0.015652
MGYG000000643__gradient_L9_mos_gapseq	1136	1185	279	R_EX_cpd11416_c0	0.302330	0.012186	0.015705
MGYG000000644__gradient_L0_base_gapseq	1343	1599	417	R_EX_cpd11416_c0	-0.000000	0.015342	0.010301
MGYG000000644__gradient_L1_inulin_gapseq	1343	1599	417	R_EX_cpd11416_c0	-0.000000	0.015342	0.010432
MGYG000000644__gradient_L2_fos_gapseq	1343	1599	417	R_EX_cpd11416_c0	-0.000000	0.015342	0.010465
MGYG000000644__gradient_L3_gos_gapseq	1343	1599	417	R_EX_cpd11416_c0	0.803665	0.015342	0.023361
MGYG000000644__gradient_L4_xos_gapseq	1343	1599	417	R_EX_cpd11416_c0	0.865840	0.015342	0.024254
MGYG000000644__gradient_L5_pectin_gapseq	1343	1599	417	R_EX_cpd11416_c0	0.898079	0.015342	0.023772
MGYG000000644__gradient_L6_resistant_starch_gapseq	1343	1599	417	R_EX_cpd11416_c0	1.360941	0.015342	0.025803
MGYG000000644__gradient_L7_bglucan_gapseq	1343	1599	417	R_EX_cpd11416_c0	1.519833	0.015342	0.025255
MGYG000000644__gradient_L8_hmo_gapseq	1343	1599	417	R_EX_cpd11416_c0	1.519833	0.015342	0.025218
MGYG000000644__gradient_L9_mos_gapseq	1343	1599	417	R_EX_cpd11416_c0	1.621156	0.015342	0.024806
MGYG000000654__gradient_L0_base_gapseq	827	825	176	R_EX_cpd11416_c0	-0.000000	0.008720	0.004008
MGYG000000654__gradient_L1_inulin_gapseq	827	825	176	R_EX_cpd11416_c0	-0.000000	0.008720	0.004067
MGYG000000654__gradient_L2_fos_gapseq	827	825	176	R_EX_cpd11416_c0	-0.000000	0.008720	0.003941
MGYG000000654__gradient_L3_gos_gapseq	827	825	176	R_EX_cpd11416_c0	-0.000000	0.008720	0.004007
MGYG000000654__gradient_L4_xos_gapseq	827	825	176	R_EX_cpd11416_c0	-0.000000	0.008720	0.004124
MGYG000000654__gradient_L5_pectin_gapseq	827	825	176	R_EX_cpd11416_c0	-0.000000	0.008720	0.003960
MGYG000000654__gradient_L6_resistant_starch_gapseq	827	825	176	R_EX_cpd11416_c0	-0.000000	0.008720	0.003912
MGYG000000654__gradient_L7_bglucan_gapseq	827	825	176	R_EX_cpd11416_c0	-0.000000	0.008720	0.003901
MGYG000000654__gradient_L8_hmo_gapseq	827	825	176	R_EX_cpd11416_c0	-0.000000	0.008720	0.003965
MGYG000000654__gradient_L9_mos_gapseq	827	825	176	R_EX_cpd11416_c0	-0.000000	0.008720	0.003916
MGYG000000659__gradient_L0_base_gapseq	887	934	183	R_EX_cpd11416_c0	-0.000000	0.009049	0.004563
MGYG000000659__gradient_L1_inulin_gapseq	887	934	183	R_EX_cpd11416_c0	-0.000000	0.009049	0.004602
MGYG000000659__gradient_L2_fos_gapseq	887	934	183	R_EX_cpd11416_c0	-0.000000	0.009049	0.004552
MGYG000000659__gradient_L3_gos_gapseq	887	934	183	R_EX_cpd11416_c0	-0.000000	0.009049	0.004663
MGYG000000659__gradient_L4_xos_gapseq	887	934	183	R_EX_cpd11416_c0	-0.000000	0.009049	0.004618
MGYG000000659__gradient_L5_pectin_gapseq	887	934	183	R_EX_cpd11416_c0	-0.000000	0.009049	0.004618
MGYG000000659__gradient_L6_resistant_starch_gapseq	887	934	183	R_EX_cpd11416_c0	-0.000000	0.009049	0.004775
MGYG000000659__gradient_L7_bglucan_gapseq	887	934	183	R_EX_cpd11416_c0	-0.000000	0.009049	0.004826
MGYG000000659__gradient_L8_hmo_gapseq	887	934	183	R_EX_cpd11416_c0	-0.000000	0.009049	0.004719
MGYG000000659__gradient_L9_mos_gapseq	887	934	183	R_EX_cpd11416_c0	-0.000000	0.009049	0.004831
MGYG000000660__gradient_L0_base_gapseq	1047	1167	278	R_EX_cpd11416_c0	0.526725	0.011747	0.015065
MGYG000000660__gradient_L1_inulin_gapseq	1047	1167	278	R_EX_cpd11416_c0	0.756574	0.011747	0.014613
MGYG000000660__gradient_L2_fos_gapseq	1047	1167	278	R_EX_cpd11416_c0	0.756574	0.011747	0.014631
MGYG000000660__gradient_L3_gos_gapseq	1047	1167	278	R_EX_cpd11416_c0	0.986422	0.011747	0.015657
MGYG000000660__gradient_L4_xos_gapseq	1047	1167	278	R_EX_cpd11416_c0	0.986422	0.011747	0.015638
MGYG000000660__gradient_L5_pectin_gapseq	1047	1167	278	R_EX_cpd11416_c0	0.986422	0.011747	0.015584
MGYG000000660__gradient_L6_resistant_starch_gapseq	1047	1167	278	R_EX_cpd11416_c0	1.463684	0.011747	0.015194
MGYG000000660__gradient_L7_bglucan_gapseq	1047	1167	278	R_EX_cpd11416_c0	1.463684	0.011747	0.015117
MGYG000000660__gradient_L8_hmo_gapseq	1047	1167	278	R_EX_cpd11416_c0	1.463684	0.011747	0.015146
MGYG000000660__gradient_L9_mos_gapseq	1047	1167	278	R_EX_cpd11416_c0	1.575381	0.011747	0.014924
MGYG000000672__gradient_L0_base_gapseq	1215	1353	313	R_EX_cpd11416_c0	0.335139	0.013505	0.016826
MGYG000000672__gradient_L1_inulin_gapseq	1215	1353	313	R_EX_cpd11416_c0	0.459033	0.013505	0.016655
MGYG000000672__gradient_L2_fos_gapseq	1215	1353	313	R_EX_cpd11416_c0	0.459033	0.013505	0.016728
MGYG000000672__gradient_L3_gos_gapseq	1215	1353	313	R_EX_cpd11416_c0	0.539610	0.013505	0.017057
MGYG000000672__gradient_L4_xos_gapseq	1215	1353	313	R_EX_cpd11416_c0	0.539610	0.013505	0.017089
MGYG000000672__gradient_L5_pectin_gapseq	1215	1353	313	R_EX_cpd11416_c0	0.539610	0.013505	0.017134
MGYG000000672__gradient_L6_resistant_starch_gapseq	1215	1353	313	R_EX_cpd11416_c0	0.815524	0.013505	0.016936
MGYG000000672__gradient_L7_bglucan_gapseq	1215	1353	313	R_EX_cpd11416_c0	0.815524	0.013505	0.017022
MGYG000000672__gradient_L8_hmo_gapseq	1215	1353	313	R_EX_cpd11416_c0	0.815524	0.013505	0.016974
MGYG000000672__gradient_L9_mos_gapseq	1215	1353	313	R_EX_cpd11416_c0	0.922959	0.013505	0.017126
MGYG000000676__gradient_L0_base_gapseq	1051	1154	253	R_EX_cpd11416_c0	0.275536	0.011849	0.015861
MGYG000000676__gradient_L1_inulin_gapseq	1051	1154	253	R_EX_cpd11416_c0	0.458568	0.011849	0.016033
MGYG000000676__gradient_L2_fos_gapseq	1051	1154	253	R_EX_cpd11416_c0	0.458568	0.011849	0.015971
MGYG000000676__gradient_L3_gos_gapseq	1051	1154	253	R_EX_cpd11416_c0	0.789995	0.011849	0.016234
MGYG000000676__gradient_L4_xos_gapseq	1051	1154	253	R_EX_cpd11416_c0	0.888293	0.011849	0.016008
MGYG000000676__gradient_L5_pectin_gapseq	1051	1154	253	R_EX_cpd11416_c0	0.888293	0.011849	0.015889
MGYG000000676__gradient_L6_resistant_starch_gapseq	1051	1154	253	R_EX_cpd11416_c0	1.604626	0.011849	0.016119
MGYG000000676__gradient_L7_bglucan_gapseq	1051	1154	253	R_EX_cpd11416_c0	1.853830	0.011849	0.016206
MGYG000000676__gradient_L8_hmo_gapseq	1051	1154	253	R_EX_cpd11416_c0	1.853830	0.011849	0.016231
MGYG000000676__gradient_L9_mos_gapseq	1051	1154	253	R_EX_cpd11416_c0	1.983498	0.011849	0.016593
MGYG000000683__gradient_L0_base_gapseq	1172	1264	246	R_EX_cpd11416_c0	0.380654	0.012920	0.016998
MGYG000000683__gradient_L1_inulin_gapseq	1172	1264	246	R_EX_cpd11416_c0	0.523962	0.012920	0.017386
MGYG000000683__gradient_L2_fos_gapseq	1172	1264	246	R_EX_cpd11416_c0	0.523962	0.012920	0.017401
MGYG000000683__gradient_L3_gos_gapseq	1172	1264	246	R_EX_cpd11416_c0	0.523962	0.012920	0.017463
MGYG000000683__gradient_L4_xos_gapseq	1172	1264	246	R_EX_cpd11416_c0	0.523962	0.012920	0.017429
MGYG000000683__gradient_L5_pectin_gapseq	1172	1264	246	R_EX_cpd11416_c0	0.523962	0.012920	0.017324
MGYG000000683__gradient_L6_resistant_starch_gapseq	1172	1264	246	R_EX_cpd11416_c0	1.175564	0.012920	0.017410
MGYG000000683__gradient_L7_bglucan_gapseq	1172	1264	246	R_EX_cpd11416_c0	1.175564	0.012920	0.017372
MGYG000000683__gradient_L8_hmo_gapseq	1172	1264	246	R_EX_cpd11416_c0	1.175564	0.012920	0.017364
MGYG000000683__gradient_L9_mos_gapseq	1172	1264	246	R_EX_cpd11416_c0	1.175564	0.012920	0.017405
MGYG000000684__gradient_L0_base_gapseq	1167	1290	313	R_EX_cpd11416_c0	0.555700	0.013169	0.016264
MGYG000000684__gradient_L1_inulin_gapseq	1167	1290	313	R_EX_cpd11416_c0	0.770814	0.013169	0.016724
MGYG000000684__gradient_L2_fos_gapseq	1167	1290	313	R_EX_cpd11416_c0	0.770814	0.013169	0.016691
MGYG000000684__gradient_L3_gos_gapseq	1167	1290	313	R_EX_cpd11416_c0	0.985927	0.013169	0.016929
MGYG000000684__gradient_L4_xos_gapseq	1167	1290	313	R_EX_cpd11416_c0	1.043886	0.013169	0.016660
MGYG000000684__gradient_L5_pectin_gapseq	1167	1290	313	R_EX_cpd11416_c0	1.043886	0.013169	0.016687
MGYG000000684__gradient_L6_resistant_starch_gapseq	1167	1290	313	R_EX_cpd11416_c0	1.310558	0.013169	0.017027
MGYG000000684__gradient_L7_bglucan_gapseq	1167	1290	313	R_EX_cpd11416_c0	1.310558	0.013169	0.016986
MGYG000000684__gradient_L8_hmo_gapseq	1167	1290	313	R_EX_cpd11416_c0	1.310558	0.013169	0.017053
MGYG000000684__gradient_L9_mos_gapseq	1167	1290	313	R_EX_cpd11416_c0	1.419962	0.013169	0.017393
MGYG000000693__gradient_L0_base_gapseq	1164	1312	317	R_EX_cpd11416_c0	0.779040	0.013275	0.017641
MGYG000000693__gradient_L1_inulin_gapseq	1164	1312	317	R_EX_cpd11416_c0	1.072052	0.013275	0.016852
MGYG000000693__gradient_L2_fos_gapseq	1164	1312	317	R_EX_cpd11416_c0	1.072052	0.013275	0.016870
MGYG000000693__gradient_L3_gos_gapseq	1164	1312	317	R_EX_cpd11416_c0	1.366256	0.013275	0.017688
MGYG000000693__gradient_L4_xos_gapseq	1164	1312	317	R_EX_cpd11416_c0	1.366256	0.013275	0.017441
MGYG000000693__gradient_L5_pectin_gapseq	1164	1312	317	R_EX_cpd11416_c0	1.366256	0.013275	0.017557
MGYG000000693__gradient_L6_resistant_starch_gapseq	1164	1312	317	R_EX_cpd11416_c0	1.983638	0.013275	0.018011
MGYG000000693__gradient_L7_bglucan_gapseq	1164	1312	317	R_EX_cpd11416_c0	1.983638	0.013275	0.018025
MGYG000000693__gradient_L8_hmo_gapseq	1164	1312	317	R_EX_cpd11416_c0	1.983638	0.013275	0.018059
MGYG000000693__gradient_L9_mos_gapseq	1164	1312	317	R_EX_cpd11416_c0	2.126283	0.013275	0.017992
MGYG000000694__gradient_L0_base_gapseq	1168	1302	293	R_EX_cpd11416_c0	-0.000000	0.013213	0.006318
MGYG000000694__gradient_L1_inulin_gapseq	1168	1302	293	R_EX_cpd11416_c0	-0.000000	0.013213	0.006568
MGYG000000694__gradient_L2_fos_gapseq	1168	1302	293	R_EX_cpd11416_c0	-0.000000	0.013213	0.006591
MGYG000000694__gradient_L3_gos_gapseq	1168	1302	293	R_EX_cpd11416_c0	-0.000000	0.013213	0.006770
MGYG000000694__gradient_L4_xos_gapseq	1168	1302	293	R_EX_cpd11416_c0	-0.000000	0.013213	0.006794
MGYG000000694__gradient_L5_pectin_gapseq	1168	1302	293	R_EX_cpd11416_c0	-0.000000	0.013213	0.006743
MGYG000000694__gradient_L6_resistant_starch_gapseq	1168	1302	293	R_EX_cpd11416_c0	-0.000000	0.013213	0.006966
MGYG000000694__gradient_L7_bglucan_gapseq	1168	1302	293	R_EX_cpd11416_c0	-0.000000	0.013213	0.006909
MGYG000000694__gradient_L8_hmo_gapseq	1168	1302	293	R_EX_cpd11416_c0	-0.000000	0.013213	0.006899
MGYG000000694__gradient_L9_mos_gapseq	1168	1302	293	R_EX_cpd11416_c0	-0.000000	0.013213	0.006969
MGYG000000696__gradient_L0_base_gapseq	1378	1611	432	R_EX_cpd11416_c0	-0.000000	0.016650	0.010605
MGYG000000696__gradient_L1_inulin_gapseq	1378	1611	432	R_EX_cpd11416_c0	1.386182	0.016650	0.024346
MGYG000000696__gradient_L2_fos_gapseq	1378	1611	432	R_EX_cpd11416_c0	1.386182	0.016650	0.024313
MGYG000000696__gradient_L3_gos_gapseq	1378	1611	432	R_EX_cpd11416_c0	1.687729	0.016650	0.026332
MGYG000000696__gradient_L4_xos_gapseq	1378	1611	432	R_EX_cpd11416_c0	1.687729	0.016650	0.026291
MGYG000000696__gradient_L5_pectin_gapseq	1378	1611	432	R_EX_cpd11416_c0	1.687729	0.016650	0.026347
MGYG000000696__gradient_L6_resistant_starch_gapseq	1378	1611	432	R_EX_cpd11416_c0	2.272718	0.016650	0.025885
MGYG000000696__gradient_L7_bglucan_gapseq	1378	1611	432	R_EX_cpd11416_c0	2.272718	0.016650	0.025786
MGYG000000696__gradient_L8_hmo_gapseq	1378	1611	432	R_EX_cpd11416_c0	2.272718	0.016650	0.025929
MGYG000000696__gradient_L9_mos_gapseq	1378	1611	432	R_EX_cpd11416_c0	2.276100	0.016650	0.025958
MGYG000000719__gradient_L0_base_gapseq	946	1014	202	R_EX_cpd11416_c0	-0.000000	0.010478	0.005469
MGYG000000719__gradient_L1_inulin_gapseq	946	1014	202	R_EX_cpd11416_c0	-0.000000	0.010478	0.005461
MGYG000000719__gradient_L2_fos_gapseq	946	1014	202	R_EX_cpd11416_c0	-0.000000	0.010478	0.005471
MGYG000000719__gradient_L3_gos_gapseq	946	1014	202	R_EX_cpd11416_c0	-0.000000	0.010478	0.005452
MGYG000000719__gradient_L4_xos_gapseq	946	1014	202	R_EX_cpd11416_c0	1.134891	0.010478	0.013766
MGYG000000719__gradient_L5_pectin_gapseq	946	1014	202	R_EX_cpd11416_c0	1.134891	0.010478	0.013782
MGYG000000719__gradient_L6_resistant_starch_gapseq	946	1014	202	R_EX_cpd11416_c0	1.276753	0.010478	0.013627
MGYG000000719__gradient_L7_bglucan_gapseq	946	1014	202	R_EX_cpd11416_c0	1.276753	0.010478	0.013611
MGYG000000719__gradient_L8_hmo_gapseq	946	1014	202	R_EX_cpd11416_c0	1.276753	0.010478	0.013577
MGYG000000719__gradient_L9_mos_gapseq	946	1014	202	R_EX_cpd11416_c0	1.276753	0.010478	0.013550
MGYG000000722__gradient_L0_base_gapseq	1069	1164	255	R_EX_cpd11416_c0	-0.000000	0.011202	0.005484
MGYG000000722__gradient_L1_inulin_gapseq	1069	1164	255	R_EX_cpd11416_c0	-0.000000	0.011202	0.005464
MGYG000000722__gradient_L2_fos_gapseq	1069	1164	255	R_EX_cpd11416_c0	-0.000000	0.011202	0.005462
MGYG000000722__gradient_L3_gos_gapseq	1069	1164	255	R_EX_cpd11416_c0	0.527176	0.011202	0.013981
MGYG000000722__gradient_L4_xos_gapseq	1069	1164	255	R_EX_cpd11416_c0	0.527176	0.011202	0.013972
MGYG000000722__gradient_L5_pectin_gapseq	1069	1164	255	R_EX_cpd11416_c0	0.527176	0.011202	0.013941
MGYG000000722__gradient_L6_resistant_starch_gapseq	1069	1164	255	R_EX_cpd11416_c0	0.633095	0.011202	0.014103
MGYG000000722__gradient_L7_bglucan_gapseq	1069	1164	255	R_EX_cpd11416_c0	0.633095	0.011202	0.014122
MGYG000000722__gradient_L8_hmo_gapseq	1069	1164	255	R_EX_cpd11416_c0	0.633095	0.011202	0.014072
MGYG000000722__gradient_L9_mos_gapseq	1069	1164	255	R_EX_cpd11416_c0	0.739013	0.011202	0.013964
MGYG000000773__gradient_L0_base_gapseq	1055	1164	265	R_EX_cpd11416_c0	-0.000000	0.012044	0.006009
MGYG000000773__gradient_L1_inulin_gapseq	1055	1164	265	R_EX_cpd11416_c0	-0.000000	0.012044	0.006455
MGYG000000773__gradient_L2_fos_gapseq	1055	1164	265	R_EX_cpd11416_c0	-0.000000	0.012044	0.006458
MGYG000000773__gradient_L3_gos_gapseq	1055	1164	265	R_EX_cpd11416_c0	-0.000000	0.012044	0.006630
MGYG000000773__gradient_L4_xos_gapseq	1055	1164	265	R_EX_cpd11416_c0	-0.000000	0.012044	0.006582
MGYG000000773__gradient_L5_pectin_gapseq	1055	1164	265	R_EX_cpd11416_c0	-0.000000	0.012044	0.006542
MGYG000000773__gradient_L6_resistant_starch_gapseq	1055	1164	265	R_EX_cpd11416_c0	-0.000000	0.012044	0.006435
MGYG000000773__gradient_L7_bglucan_gapseq	1055	1164	265	R_EX_cpd11416_c0	-0.000000	0.012044	0.006480
MGYG000000773__gradient_L8_hmo_gapseq	1055	1164	265	R_EX_cpd11416_c0	-0.000000	0.012044	0.006494
MGYG000000773__gradient_L9_mos_gapseq	1055	1164	265	R_EX_cpd11416_c0	-0.000000	0.012044	0.006505
MGYG000000782__gradient_L0_base_gapseq	1287	1390	338	R_EX_cpd11416_c0	0.383244	0.014133	0.021512
MGYG000000782__gradient_L1_inulin_gapseq	1287	1390	338	R_EX_cpd11416_c0	0.537379	0.014133	0.021122
MGYG000000782__gradient_L2_fos_gapseq	1287	1390	338	R_EX_cpd11416_c0	0.537379	0.014133	0.020984
MGYG000000782__gradient_L3_gos_gapseq	1287	1390	338	R_EX_cpd11416_c0	0.537379	0.014133	0.021024
MGYG000000782__gradient_L4_xos_gapseq	1287	1390	338	R_EX_cpd11416_c0	0.599385	0.014133	0.020760
MGYG000000782__gradient_L5_pectin_gapseq	1287	1390	338	R_EX_cpd11416_c0	0.599385	0.014133	0.020740
MGYG000000782__gradient_L6_resistant_starch_gapseq	1287	1390	338	R_EX_cpd11416_c0	0.714540	0.014133	0.020950
MGYG000000782__gradient_L7_bglucan_gapseq	1287	1390	338	R_EX_cpd11416_c0	0.714540	0.014133	0.020946
MGYG000000782__gradient_L8_hmo_gapseq	1287	1390	338	R_EX_cpd11416_c0	0.714540	0.014133	0.020943
MGYG000000782__gradient_L9_mos_gapseq	1287	1390	338	R_EX_cpd11416_c0	0.714540	0.014133	0.020905
MGYG000000783__gradient_L0_base_gapseq	1331	1484	389	R_EX_cpd11416_c0	0.487625	0.015445	0.022224
MGYG000000783__gradient_L1_inulin_gapseq	1331	1484	389	R_EX_cpd11416_c0	0.618534	0.015445	0.022427
MGYG000000783__gradient_L2_fos_gapseq	1331	1484	389	R_EX_cpd11416_c0	0.618534	0.015445	0.022520
MGYG000000783__gradient_L3_gos_gapseq	1331	1484	389	R_EX_cpd11416_c0	0.709352	0.015445	0.022000
MGYG000000783__gradient_L4_xos_gapseq	1331	1484	389	R_EX_cpd11416_c0	0.709352	0.015445	0.022228
MGYG000000783__gradient_L5_pectin_gapseq	1331	1484	389	R_EX_cpd11416_c0	0.724079	0.015445	0.022156
MGYG000000783__gradient_L6_resistant_starch_gapseq	1331	1484	389	R_EX_cpd11416_c0	0.724079	0.015445	0.022182
MGYG000000783__gradient_L7_bglucan_gapseq	1331	1484	389	R_EX_cpd11416_c0	0.724079	0.015445	0.022173
MGYG000000783__gradient_L8_hmo_gapseq	1331	1484	389	R_EX_cpd11416_c0	0.724079	0.015445	0.022400
MGYG000000783__gradient_L9_mos_gapseq	1331	1484	389	R_EX_cpd11416_c0	0.724079	0.015445	0.022186
MGYG000000821__gradient_L0_base_gapseq	1282	1348	334	R_EX_cpd11416_c0	-0.000000	0.014280	0.008057
MGYG000000821__gradient_L1_inulin_gapseq	1282	1348	334	R_EX_cpd11416_c0	-0.000000	0.014280	0.008148
MGYG000000821__gradient_L2_fos_gapseq	1282	1348	334	R_EX_cpd11416_c0	-0.000000	0.014280	0.008186
MGYG000000821__gradient_L3_gos_gapseq	1282	1348	334	R_EX_cpd11416_c0	-0.000000	0.014280	0.008208
MGYG000000821__gradient_L4_xos_gapseq	1282	1348	334	R_EX_cpd11416_c0	-0.000000	0.014280	0.008180
MGYG000000821__gradient_L5_pectin_gapseq	1282	1348	334	R_EX_cpd11416_c0	-0.000000	0.014280	0.008233
MGYG000000821__gradient_L6_resistant_starch_gapseq	1282	1348	334	R_EX_cpd11416_c0	-0.000000	0.014280	0.008154
MGYG000000821__gradient_L7_bglucan_gapseq	1282	1348	334	R_EX_cpd11416_c0	-0.000000	0.014280	0.008183
MGYG000000821__gradient_L8_hmo_gapseq	1282	1348	334	R_EX_cpd11416_c0	-0.000000	0.014280	0.008236
MGYG000000821__gradient_L9_mos_gapseq	1282	1348	334	R_EX_cpd11416_c0	-0.000000	0.014280	0.008162
MGYG000000822__gradient_L0_base_gapseq	1330	1584	437	R_EX_cpd11416_c0	0.569729	0.016165	0.022428
MGYG000000822__gradient_L1_inulin_gapseq	1330	1584	437	R_EX_cpd11416_c0	0.725555	0.016165	0.022705
MGYG000000822__gradient_L2_fos_gapseq	1330	1584	437	R_EX_cpd11416_c0	0.725555	0.016165	0.022690
MGYG000000822__gradient_L3_gos_gapseq	1330	1584	437	R_EX_cpd11416_c0	0.842425	0.016165	0.023140
MGYG000000822__gradient_L4_xos_gapseq	1330	1584	437	R_EX_cpd11416_c0	0.894689	0.016165	0.022783
MGYG000000822__gradient_L5_pectin_gapseq	1330	1584	437	R_EX_cpd11416_c0	0.894689	0.016165	0.022884
MGYG000000822__gradient_L6_resistant_starch_gapseq	1330	1584	437	R_EX_cpd11416_c0	1.248180	0.016165	0.023436
MGYG000000822__gradient_L7_bglucan_gapseq	1330	1584	437	R_EX_cpd11416_c0	1.357684	0.016165	0.023486
MGYG000000822__gradient_L8_hmo_gapseq	1330	1584	437	R_EX_cpd11416_c0	1.357684	0.016165	0.023541
MGYG000000822__gradient_L9_mos_gapseq	1330	1584	437	R_EX_cpd11416_c0	1.434716	0.016165	0.022885
MGYG000000835__gradient_L0_base_gapseq	1148	1260	325	R_EX_cpd11416_c0	0.595974	0.013034	0.016043
MGYG000000835__gradient_L1_inulin_gapseq	1148	1260	325	R_EX_cpd11416_c0	0.707721	0.013034	0.015911
MGYG000000835__gradient_L2_fos_gapseq	1148	1260	325	R_EX_cpd11416_c0	0.707721	0.013034	0.015857
MGYG000000835__gradient_L3_gos_gapseq	1148	1260	325	R_EX_cpd11416_c0	0.931216	0.013034	0.015529
MGYG000000835__gradient_L4_xos_gapseq	1148	1260	325	R_EX_cpd11416_c0	0.990496	0.013034	0.015439
MGYG000000835__gradient_L5_pectin_gapseq	1148	1260	325	R_EX_cpd11416_c0	0.990496	0.013034	0.015394
MGYG000000835__gradient_L6_resistant_starch_gapseq	1148	1260	325	R_EX_cpd11416_c0	1.462873	0.013034	0.015860
MGYG000000835__gradient_L7_bglucan_gapseq	1148	1260	325	R_EX_cpd11416_c0	1.462873	0.013034	0.015913
MGYG000000835__gradient_L8_hmo_gapseq	1148	1260	325	R_EX_cpd11416_c0	1.462873	0.013034	0.015815
MGYG000000835__gradient_L9_mos_gapseq	1148	1260	325	R_EX_cpd11416_c0	1.573453	0.013034	0.015789
MGYG000000847__gradient_L0_base_gapseq	1428	1560	397	R_EX_cpd11416_c0	0.492118	0.016091	0.023913
MGYG000000847__gradient_L1_inulin_gapseq	1428	1560	397	R_EX_cpd11416_c0	0.654345	0.016091	0.023650
MGYG000000847__gradient_L2_fos_gapseq	1428	1560	397	R_EX_cpd11416_c0	0.654345	0.016091	0.023553
MGYG000000847__gradient_L3_gos_gapseq	1428	1560	397	R_EX_cpd11416_c0	0.654345	0.016091	0.023544
MGYG000000847__gradient_L4_xos_gapseq	1428	1560	397	R_EX_cpd11416_c0	0.654345	0.016091	0.023561
MGYG000000847__gradient_L5_pectin_gapseq	1428	1560	397	R_EX_cpd11416_c0	0.654345	0.016091	0.023640
MGYG000000847__gradient_L6_resistant_starch_gapseq	1428	1560	397	R_EX_cpd11416_c0	0.786148	0.016091	0.022574
MGYG000000847__gradient_L7_bglucan_gapseq	1428	1560	397	R_EX_cpd11416_c0	0.786148	0.016091	0.022559
MGYG000000847__gradient_L8_hmo_gapseq	1428	1560	397	R_EX_cpd11416_c0	0.786148	0.016091	0.022548
MGYG000000847__gradient_L9_mos_gapseq	1428	1560	397	R_EX_cpd11416_c0	0.786148	0.016091	0.022566
MGYG000000858__gradient_L0_base_gapseq	1040	1147	297	R_EX_cpd11416_c0	0.219886	0.011255	0.014729
MGYG000000858__gradient_L1_inulin_gapseq	1040	1147	297	R_EX_cpd11416_c0	0.256921	0.011255	0.014431
MGYG000000858__gradient_L2_fos_gapseq	1040	1147	297	R_EX_cpd11416_c0	0.256921	0.011255	0.014591
MGYG000000858__gradient_L3_gos_gapseq	1040	1147	297	R_EX_cpd11416_c0	0.256921	0.011255	0.014824
MGYG000000858__gradient_L4_xos_gapseq	1040	1147	297	R_EX_cpd11416_c0	0.256921	0.011255	0.014858
MGYG000000858__gradient_L5_pectin_gapseq	1040	1147	297	R_EX_cpd11416_c0	0.256921	0.011255	0.014875
MGYG000000858__gradient_L6_resistant_starch_gapseq	1040	1147	297	R_EX_cpd11416_c0	0.256921	0.011255	0.014904
MGYG000000858__gradient_L7_bglucan_gapseq	1040	1147	297	R_EX_cpd11416_c0	0.256921	0.011255	0.014942
MGYG000000858__gradient_L8_hmo_gapseq	1040	1147	297	R_EX_cpd11416_c0	0.256921	0.011255	0.014882
MGYG000000858__gradient_L9_mos_gapseq	1040	1147	297	R_EX_cpd11416_c0	0.256921	0.011255	0.015096
MGYG000000862__gradient_L0_base_gapseq	1229	1335	323	R_EX_cpd11416_c0	0.403704	0.014328	0.016671
MGYG000000862__gradient_L1_inulin_gapseq	1229	1335	323	R_EX_cpd11416_c0	0.499826	0.014328	0.016806
MGYG000000862__gradient_L2_fos_gapseq	1229	1335	323	R_EX_cpd11416_c0	0.499826	0.014328	0.016783
MGYG000000862__gradient_L3_gos_gapseq	1229	1335	323	R_EX_cpd11416_c0	0.672846	0.014328	0.017021
MGYG000000862__gradient_L4_xos_gapseq	1229	1335	323	R_EX_cpd11416_c0	0.672846	0.014328	0.016975
MGYG000000862__gradient_L5_pectin_gapseq	1229	1335	323	R_EX_cpd11416_c0	0.672846	0.014328	0.017048
MGYG000000862__gradient_L6_resistant_starch_gapseq	1229	1335	323	R_EX_cpd11416_c0	1.077359	0.014328	0.017088
MGYG000000862__gradient_L7_bglucan_gapseq	1229	1335	323	R_EX_cpd11416_c0	1.077359	0.014328	0.017094
MGYG000000862__gradient_L8_hmo_gapseq	1229	1335	323	R_EX_cpd11416_c0	1.077359	0.014328	0.017128
MGYG000000862__gradient_L9_mos_gapseq	1229	1335	323	R_EX_cpd11416_c0	1.171658	0.014328	0.017159
MGYG000000863__gradient_L0_base_gapseq	1180	1306	292	R_EX_cpd11416_c0	-0.000000	0.013053	0.007469
MGYG000000863__gradient_L1_inulin_gapseq	1180	1306	292	R_EX_cpd11416_c0	-0.000000	0.013053	0.007416
MGYG000000863__gradient_L2_fos_gapseq	1180	1306	292	R_EX_cpd11416_c0	-0.000000	0.013053	0.007475
MGYG000000863__gradient_L3_gos_gapseq	1180	1306	292	R_EX_cpd11416_c0	0.655839	0.013053	0.018092
MGYG000000863__gradient_L4_xos_gapseq	1180	1306	292	R_EX_cpd11416_c0	0.800857	0.013053	0.018677
MGYG000000863__gradient_L5_pectin_gapseq	1180	1306	292	R_EX_cpd11416_c0	0.800857	0.013053	0.018655
MGYG000000863__gradient_L6_resistant_starch_gapseq	1180	1306	292	R_EX_cpd11416_c0	0.926279	0.013053	0.018235
MGYG000000863__gradient_L7_bglucan_gapseq	1180	1306	292	R_EX_cpd11416_c0	0.926279	0.013053	0.018219
MGYG000000863__gradient_L8_hmo_gapseq	1180	1306	292	R_EX_cpd11416_c0	0.926279	0.013053	0.018217
MGYG000000863__gradient_L9_mos_gapseq	1180	1306	292	R_EX_cpd11416_c0	1.043388	0.013053	0.018499
MGYG000000870__gradient_L0_base_gapseq	1285	1439	369	R_EX_cpd11416_c0	-0.000000	0.014375	0.008726
MGYG000000870__gradient_L1_inulin_gapseq	1285	1439	369	R_EX_cpd11416_c0	-0.000000	0.014375	0.008646
MGYG000000870__gradient_L2_fos_gapseq	1285	1439	369	R_EX_cpd11416_c0	-0.000000	0.014375	0.008644
MGYG000000870__gradient_L3_gos_gapseq	1285	1439	369	R_EX_cpd11416_c0	0.705950	0.014375	0.022013
MGYG000000870__gradient_L4_xos_gapseq	1285	1439	369	R_EX_cpd11416_c0	0.850373	0.014375	0.021331
MGYG000000870__gradient_L5_pectin_gapseq	1285	1439	369	R_EX_cpd11416_c0	0.850373	0.014375	0.021436
MGYG000000870__gradient_L6_resistant_starch_gapseq	1285	1439	369	R_EX_cpd11416_c0	1.132307	0.014375	0.022027
MGYG000000870__gradient_L7_bglucan_gapseq	1285	1439	369	R_EX_cpd11416_c0	1.132307	0.014375	0.021986
MGYG000000870__gradient_L8_hmo_gapseq	1285	1439	369	R_EX_cpd11416_c0	1.132307	0.014375	0.021934
MGYG000000870__gradient_L9_mos_gapseq	1285	1439	369	R_EX_cpd11416_c0	1.233161	0.014375	0.020900
MGYG000000872__gradient_L0_base_gapseq	1216	1377	314	R_EX_cpd11416_c0	-0.000000	0.013561	0.007566
MGYG000000872__gradient_L1_inulin_gapseq	1216	1377	314	R_EX_cpd11416_c0	-0.000000	0.013561	0.007502
MGYG000000872__gradient_L2_fos_gapseq	1216	1377	314	R_EX_cpd11416_c0	-0.000000	0.013561	0.007545
MGYG000000872__gradient_L3_gos_gapseq	1216	1377	314	R_EX_cpd11416_c0	-0.000000	0.013561	0.007816
MGYG000000872__gradient_L4_xos_gapseq	1216	1377	314	R_EX_cpd11416_c0	0.680846	0.013561	0.017733
MGYG000000872__gradient_L5_pectin_gapseq	1216	1377	314	R_EX_cpd11416_c0	0.680846	0.013561	0.017634
MGYG000000872__gradient_L6_resistant_starch_gapseq	1216	1377	314	R_EX_cpd11416_c0	0.988084	0.013561	0.018057
MGYG000000872__gradient_L7_bglucan_gapseq	1216	1377	314	R_EX_cpd11416_c0	0.988084	0.013561	0.018067
MGYG000000872__gradient_L8_hmo_gapseq	1216	1377	314	R_EX_cpd11416_c0	0.988084	0.013561	0.018072
MGYG000000872__gradient_L9_mos_gapseq	1216	1377	314	R_EX_cpd11416_c0	1.108288	0.013561	0.018128
MGYG000000877__gradient_L0_base_gapseq	1115	1208	257	R_EX_cpd11416_c0	-0.000000	0.012111	0.005895
MGYG000000877__gradient_L1_inulin_gapseq	1115	1208	257	R_EX_cpd11416_c0	-0.000000	0.012111	0.005855
MGYG000000877__gradient_L2_fos_gapseq	1115	1208	257	R_EX_cpd11416_c0	-0.000000	0.012111	0.005861
MGYG000000877__gradient_L3_gos_gapseq	1115	1208	257	R_EX_cpd11416_c0	1.022830	0.012111	0.014927
MGYG000000877__gradient_L4_xos_gapseq	1115	1208	257	R_EX_cpd11416_c0	1.022830	0.012111	0.014896
MGYG000000877__gradient_L5_pectin_gapseq	1115	1208	257	R_EX_cpd11416_c0	1.022830	0.012111	0.014927
MGYG000000877__gradient_L6_resistant_starch_gapseq	1115	1208	257	R_EX_cpd11416_c0	1.130028	0.012111	0.014972
MGYG000000877__gradient_L7_bglucan_gapseq	1115	1208	257	R_EX_cpd11416_c0	1.130028	0.012111	0.015020
MGYG000000877__gradient_L8_hmo_gapseq	1115	1208	257	R_EX_cpd11416_c0	1.130028	0.012111	0.014994
MGYG000000877__gradient_L9_mos_gapseq	1115	1208	257	R_EX_cpd11416_c0	1.130028	0.012111	0.015021
MGYG000000909__gradient_L0_base_gapseq	1458	1697	459	R_EX_cpd11416_c0	1.237465	0.016924	0.024401
MGYG000000909__gradient_L1_inulin_gapseq	1458	1697	459	R_EX_cpd11416_c0	1.396797	0.016924	0.023848
MGYG000000909__gradient_L2_fos_gapseq	1458	1697	459	R_EX_cpd11416_c0	1.396797	0.016924	0.023919
MGYG000000909__gradient_L3_gos_gapseq	1458	1697	459	R_EX_cpd11416_c0	1.707493	0.016924	0.024466
MGYG000000909__gradient_L4_xos_gapseq	1458	1697	459	R_EX_cpd11416_c0	1.707493	0.016924	0.024381
MGYG000000909__gradient_L5_pectin_gapseq	1458	1697	459	R_EX_cpd11416_c0	1.707493	0.016924	0.024355
MGYG000000909__gradient_L6_resistant_starch_gapseq	1458	1697	459	R_EX_cpd11416_c0	2.402577	0.016924	0.025234
MGYG000000909__gradient_L7_bglucan_gapseq	1458	1697	459	R_EX_cpd11416_c0	2.635600	0.016924	0.025146
MGYG000000909__gradient_L8_hmo_gapseq	1458	1697	459	R_EX_cpd11416_c0	2.635600	0.016924	0.025226
MGYG000000909__gradient_L9_mos_gapseq	1458	1697	459	R_EX_cpd11416_c0	2.635600	0.016924	0.025212
MGYG000000914__gradient_L0_base_gapseq	1331	1518	390	R_EX_cpd11416_c0	1.022073	0.015057	0.022757
MGYG000000914__gradient_L1_inulin_gapseq	1331	1518	390	R_EX_cpd11416_c0	1.152156	0.015057	0.022282
MGYG000000914__gradient_L2_fos_gapseq	1331	1518	390	R_EX_cpd11416_c0	1.152156	0.015057	0.022231
MGYG000000914__gradient_L3_gos_gapseq	1331	1518	390	R_EX_cpd11416_c0	1.341854	0.015057	0.021893
MGYG000000914__gradient_L4_xos_gapseq	1331	1518	390	R_EX_cpd11416_c0	1.341854	0.015057	0.021888
MGYG000000914__gradient_L5_pectin_gapseq	1331	1518	390	R_EX_cpd11416_c0	1.341854	0.015057	0.021922
MGYG000000914__gradient_L6_resistant_starch_gapseq	1331	1518	390	R_EX_cpd11416_c0	1.341853	0.015057	0.022979
MGYG000000914__gradient_L7_bglucan_gapseq	1331	1518	390	R_EX_cpd11416_c0	1.341853	0.015057	0.023001
MGYG000000914__gradient_L8_hmo_gapseq	1331	1518	390	R_EX_cpd11416_c0	1.341853	0.015057	0.022959
MGYG000000914__gradient_L9_mos_gapseq	1331	1518	390	R_EX_cpd11416_c0	1.341852	0.015057	0.022542
MGYG000000919__gradient_L0_base_gapseq	1469	1720	566	R_EX_cpd11416_c0	1.266837	0.017368	0.025621
MGYG000000919__gradient_L1_inulin_gapseq	1469	1720	566	R_EX_cpd11416_c0	1.606171	0.017368	0.025583
MGYG000000919__gradient_L2_fos_gapseq	1469	1720	566	R_EX_cpd11416_c0	1.606171	0.017368	0.025534
MGYG000000919__gradient_L3_gos_gapseq	1469	1720	566	R_EX_cpd11416_c0	1.937022	0.017368	0.025881
MGYG000000919__gradient_L4_xos_gapseq	1469	1720	566	R_EX_cpd11416_c0	2.098205	0.017368	0.026396
MGYG000000919__gradient_L5_pectin_gapseq	1469	1720	566	R_EX_cpd11416_c0	2.098205	0.017368	0.026414
MGYG000000919__gradient_L6_resistant_starch_gapseq	1469	1720	566	R_EX_cpd11416_c0	2.838378	0.017368	0.026839
MGYG000000919__gradient_L7_bglucan_gapseq	1469	1720	566	R_EX_cpd11416_c0	3.086516	0.017368	0.027255
MGYG000000919__gradient_L8_hmo_gapseq	1469	1720	566	R_EX_cpd11416_c0	3.260424	0.017368	0.027840
MGYG000000919__gradient_L9_mos_gapseq	1469	1720	566	R_EX_cpd11416_c0	3.430091	0.017368	0.026396
MGYG000000920__gradient_L0_base_gapseq	1273	1434	348	R_EX_cpd11416_c0	-0.000000	0.014587	0.007488
MGYG000000920__gradient_L1_inulin_gapseq	1273	1434	348	R_EX_cpd11416_c0	0.945583	0.014587	0.020697
MGYG000000920__gradient_L2_fos_gapseq	1273	1434	348	R_EX_cpd11416_c0	0.945583	0.014587	0.020993
MGYG000000920__gradient_L3_gos_gapseq	1273	1434	348	R_EX_cpd11416_c0	1.162585	0.014587	0.020869
MGYG000000920__gradient_L4_xos_gapseq	1273	1434	348	R_EX_cpd11416_c0	1.216520	0.014587	0.019983
MGYG000000920__gradient_L5_pectin_gapseq	1273	1434	348	R_EX_cpd11416_c0	1.216520	0.014587	0.019891
MGYG000000920__gradient_L6_resistant_starch_gapseq	1273	1434	348	R_EX_cpd11416_c0	1.731148	0.014587	0.019895
MGYG000000920__gradient_L7_bglucan_gapseq	1273	1434	348	R_EX_cpd11416_c0	1.904189	0.014587	0.020386
MGYG000000920__gradient_L8_hmo_gapseq	1273	1434	348	R_EX_cpd11416_c0	2.034532	0.014587	0.020525
MGYG000000920__gradient_L9_mos_gapseq	1273	1434	348	R_EX_cpd11416_c0	2.154387	0.014587	0.020136
MGYG000000952__gradient_L0_base_gapseq	981	977	158	R_EX_cpd11416_c0	-0.000000	0.009752	0.004226
MGYG000000952__gradient_L1_inulin_gapseq	981	977	158	R_EX_cpd11416_c0	-0.000000	0.009752	0.004477
MGYG000000952__gradient_L2_fos_gapseq	981	977	158	R_EX_cpd11416_c0	-0.000000	0.009752	0.004512
MGYG000000952__gradient_L3_gos_gapseq	981	977	158	R_EX_cpd11416_c0	-0.000000	0.009752	0.004483
MGYG000000952__gradient_L4_xos_gapseq	981	977	158	R_EX_cpd11416_c0	-0.000000	0.009752	0.004522
MGYG000000952__gradient_L5_pectin_gapseq	981	977	158	R_EX_cpd11416_c0	-0.000000	0.009752	0.004432
MGYG000000952__gradient_L6_resistant_starch_gapseq	981	977	158	R_EX_cpd11416_c0	-0.000000	0.009752	0.004513
MGYG000000952__gradient_L7_bglucan_gapseq	981	977	158	R_EX_cpd11416_c0	-0.000000	0.009752	0.004506
MGYG000000952__gradient_L8_hmo_gapseq	981	977	158	R_EX_cpd11416_c0	-0.000000	0.009752	0.004516
MGYG000000952__gradient_L9_mos_gapseq	981	977	158	R_EX_cpd11416_c0	-0.000000	0.009752	0.004521
MGYG000000965__gradient_L0_base_gapseq	1047	1073	217	R_EX_cpd11416_c0	-0.000000	0.011605	0.004987
MGYG000000965__gradient_L1_inulin_gapseq	1047	1073	217	R_EX_cpd11416_c0	-0.000000	0.011605	0.005094
MGYG000000965__gradient_L2_fos_gapseq	1047	1073	217	R_EX_cpd11416_c0	-0.000000	0.011605	0.005079
MGYG000000965__gradient_L3_gos_gapseq	1047	1073	217	R_EX_cpd11416_c0	-0.000000	0.011605	0.005062
MGYG000000965__gradient_L4_xos_gapseq	1047	1073	217	R_EX_cpd11416_c0	-0.000000	0.011605	0.005138
MGYG000000965__gradient_L5_pectin_gapseq	1047	1073	217	R_EX_cpd11416_c0	-0.000000	0.011605	0.005086
MGYG000000965__gradient_L6_resistant_starch_gapseq	1047	1073	217	R_EX_cpd11416_c0	-0.000000	0.011605	0.005115
MGYG000000965__gradient_L7_bglucan_gapseq	1047	1073	217	R_EX_cpd11416_c0	-0.000000	0.011605	0.005072
MGYG000000965__gradient_L8_hmo_gapseq	1047	1073	217	R_EX_cpd11416_c0	-0.000000	0.011605	0.005118
MGYG000000965__gradient_L9_mos_gapseq	1047	1073	217	R_EX_cpd11416_c0	-0.000000	0.011605	0.005069
MGYG000000968__gradient_L0_base_gapseq	1324	1487	418	R_EX_cpd11416_c0	0.505460	0.015063	0.023057
MGYG000000968__gradient_L1_inulin_gapseq	1324	1487	418	R_EX_cpd11416_c0	0.630457	0.015063	0.023042
MGYG000000968__gradient_L2_fos_gapseq	1324	1487	418	R_EX_cpd11416_c0	0.630457	0.015063	0.022977
MGYG000000968__gradient_L3_gos_gapseq	1324	1487	418	R_EX_cpd11416_c0	0.711098	0.015063	0.022759
MGYG000000968__gradient_L4_xos_gapseq	1324	1487	418	R_EX_cpd11416_c0	0.725760	0.015063	0.022731
MGYG000000968__gradient_L5_pectin_gapseq	1324	1487	418	R_EX_cpd11416_c0	0.725760	0.015063	0.022670
MGYG000000968__gradient_L6_resistant_starch_gapseq	1324	1487	418	R_EX_cpd11416_c0	0.832086	0.015063	0.023793
MGYG000000968__gradient_L7_bglucan_gapseq	1324	1487	418	R_EX_cpd11416_c0	0.832086	0.015063	0.023762
MGYG000000968__gradient_L8_hmo_gapseq	1324	1487	418	R_EX_cpd11416_c0	0.832086	0.015063	0.023744
MGYG000000968__gradient_L9_mos_gapseq	1324	1487	418	R_EX_cpd11416_c0	0.832086	0.015063	0.023759
MGYG000000974__gradient_L0_base_gapseq	877	911	165	R_EX_cpd11416_c0	-0.000000	0.009566	0.004122
MGYG000000974__gradient_L1_inulin_gapseq	877	911	165	R_EX_cpd11416_c0	-0.000000	0.009566	0.004173
MGYG000000974__gradient_L2_fos_gapseq	877	911	165	R_EX_cpd11416_c0	-0.000000	0.009566	0.004110
MGYG000000974__gradient_L3_gos_gapseq	877	911	165	R_EX_cpd11416_c0	-0.000000	0.009566	0.004113
MGYG000000974__gradient_L4_xos_gapseq	877	911	165	R_EX_cpd11416_c0	-0.000000	0.009566	0.004143
MGYG000000974__gradient_L5_pectin_gapseq	877	911	165	R_EX_cpd11416_c0	-0.000000	0.009566	0.004090
MGYG000000974__gradient_L6_resistant_starch_gapseq	877	911	165	R_EX_cpd11416_c0	-0.000000	0.009566	0.004136
MGYG000000974__gradient_L7_bglucan_gapseq	877	911	165	R_EX_cpd11416_c0	-0.000000	0.009566	0.004278
MGYG000000974__gradient_L8_hmo_gapseq	877	911	165	R_EX_cpd11416_c0	-0.000000	0.009566	0.004262
MGYG000000974__gradient_L9_mos_gapseq	877	911	165	R_EX_cpd11416_c0	-0.000000	0.009566	0.004256
MGYG000000990__gradient_L0_base_gapseq	1409	1635	413	R_EX_cpd11416_c0	-0.000000	0.016240	0.009141
MGYG000000990__gradient_L1_inulin_gapseq	1409	1635	413	R_EX_cpd11416_c0	-0.000000	0.016240	0.009360
MGYG000000990__gradient_L2_fos_gapseq	1409	1635	413	R_EX_cpd11416_c0	-0.000000	0.016240	0.009454
MGYG000000990__gradient_L3_gos_gapseq	1409	1635	413	R_EX_cpd11416_c0	-0.000000	0.016240	0.009067
MGYG000000990__gradient_L4_xos_gapseq	1409	1635	413	R_EX_cpd11416_c0	1.383780	0.016240	0.023073
MGYG000000990__gradient_L5_pectin_gapseq	1409	1635	413	R_EX_cpd11416_c0	1.383780	0.016240	0.023106
MGYG000000990__gradient_L6_resistant_starch_gapseq	1409	1635	413	R_EX_cpd11416_c0	2.006036	0.016240	0.023292
MGYG000000990__gradient_L7_bglucan_gapseq	1409	1635	413	R_EX_cpd11416_c0	2.214952	0.016240	0.023619
MGYG000000990__gradient_L8_hmo_gapseq	1409	1635	413	R_EX_cpd11416_c0	2.363216	0.016240	0.023310
MGYG000000990__gradient_L9_mos_gapseq	1409	1635	413	R_EX_cpd11416_c0	2.467977	0.016240	0.022999
MGYG000000994__gradient_L0_base_gapseq	1226	1250	264	R_EX_cpd11416_c0	0.019283	0.013179	0.015377
MGYG000000994__gradient_L1_inulin_gapseq	1226	1250	264	R_EX_cpd11416_c0	0.107165	0.013179	0.015022
MGYG000000994__gradient_L2_fos_gapseq	1226	1250	264	R_EX_cpd11416_c0	0.107165	0.013179	0.015183
MGYG000000994__gradient_L3_gos_gapseq	1226	1250	264	R_EX_cpd11416_c0	0.107165	0.013179	0.014989
MGYG000000994__gradient_L4_xos_gapseq	1226	1250	264	R_EX_cpd11416_c0	0.107165	0.013179	0.015034
MGYG000000994__gradient_L5_pectin_gapseq	1226	1250	264	R_EX_cpd11416_c0	0.107165	0.013179	0.015077
MGYG000000994__gradient_L6_resistant_starch_gapseq	1226	1250	264	R_EX_cpd11416_c0	0.160752	0.013179	0.015395
MGYG000000994__gradient_L7_bglucan_gapseq	1226	1250	264	R_EX_cpd11416_c0	0.160752	0.013179	0.015291
MGYG000000994__gradient_L8_hmo_gapseq	1226	1250	264	R_EX_cpd11416_c0	0.160752	0.013179	0.015343
MGYG000000994__gradient_L9_mos_gapseq	1226	1250	264	R_EX_cpd11416_c0	0.160752	0.013179	0.015374
MGYG000001004__gradient_L0_base_gapseq	1333	1503	390	R_EX_cpd11416_c0	-0.000000	0.014833	0.007540
MGYG000001004__gradient_L1_inulin_gapseq	1333	1503	390	R_EX_cpd11416_c0	-0.000000	0.014833	0.007894
MGYG000001004__gradient_L2_fos_gapseq	1333	1503	390	R_EX_cpd11416_c0	-0.000000	0.014833	0.007859
MGYG000001004__gradient_L3_gos_gapseq	1333	1503	390	R_EX_cpd11416_c0	-0.000000	0.014833	0.008108
MGYG000001004__gradient_L4_xos_gapseq	1333	1503	390	R_EX_cpd11416_c0	1.250945	0.014833	0.021356
MGYG000001004__gradient_L5_pectin_gapseq	1333	1503	390	R_EX_cpd11416_c0	1.250945	0.014833	0.021363
MGYG000001004__gradient_L6_resistant_starch_gapseq	1333	1503	390	R_EX_cpd11416_c0	1.870828	0.014833	0.020485
MGYG000001004__gradient_L7_bglucan_gapseq	1333	1503	390	R_EX_cpd11416_c0	2.078948	0.014833	0.021061
MGYG000001004__gradient_L8_hmo_gapseq	1333	1503	390	R_EX_cpd11416_c0	2.226646	0.014833	0.020847
MGYG000001004__gradient_L9_mos_gapseq	1333	1503	390	R_EX_cpd11416_c0	2.226646	0.014833	0.020839
MGYG000001007__gradient_L0_base_gapseq	1380	1599	468	R_EX_cpd11416_c0	0.700884	0.016063	0.024326
MGYG000001007__gradient_L1_inulin_gapseq	1380	1599	468	R_EX_cpd11416_c0	0.997860	0.016063	0.024840
MGYG000001007__gradient_L2_fos_gapseq	1380	1599	468	R_EX_cpd11416_c0	0.997860	0.016063	0.024851
MGYG000001007__gradient_L3_gos_gapseq	1380	1599	468	R_EX_cpd11416_c0	1.274725	0.016063	0.024583
MGYG000001007__gradient_L4_xos_gapseq	1380	1599	468	R_EX_cpd11416_c0	1.274725	0.016063	0.024613
MGYG000001007__gradient_L5_pectin_gapseq	1380	1599	468	R_EX_cpd11416_c0	1.274725	0.016063	0.024626
MGYG000001007__gradient_L6_resistant_starch_gapseq	1380	1599	468	R_EX_cpd11416_c0	1.413158	0.016063	0.024610
MGYG000001007__gradient_L7_bglucan_gapseq	1380	1599	468	R_EX_cpd11416_c0	1.612155	0.016063	0.024595
MGYG000001007__gradient_L8_hmo_gapseq	1380	1599	468	R_EX_cpd11416_c0	1.612155	0.016063	0.024566
MGYG000001007__gradient_L9_mos_gapseq	1380	1599	468	R_EX_cpd11416_c0	1.750588	0.016063	0.024773
MGYG000001023__gradient_L0_base_gapseq	1175	1245	323	R_EX_cpd11416_c0	-0.000000	0.013617	0.007135
MGYG000001023__gradient_L1_inulin_gapseq	1175	1245	323	R_EX_cpd11416_c0	-0.000000	0.013617	0.007193
MGYG000001023__gradient_L2_fos_gapseq	1175	1245	323	R_EX_cpd11416_c0	-0.000000	0.013617	0.007148
MGYG000001023__gradient_L3_gos_gapseq	1175	1245	323	R_EX_cpd11416_c0	-0.000000	0.013617	0.007179
MGYG000001023__gradient_L4_xos_gapseq	1175	1245	323	R_EX_cpd11416_c0	0.510917	0.013617	0.017245
MGYG000001023__gradient_L5_pectin_gapseq	1175	1245	323	R_EX_cpd11416_c0	0.510917	0.013617	0.017197
MGYG000001023__gradient_L6_resistant_starch_gapseq	1175	1245	323	R_EX_cpd11416_c0	0.594523	0.013617	0.016889
MGYG000001023__gradient_L7_bglucan_gapseq	1175	1245	323	R_EX_cpd11416_c0	0.594523	0.013617	0.016914
MGYG000001023__gradient_L8_hmo_gapseq	1175	1245	323	R_EX_cpd11416_c0	0.594523	0.013617	0.016924
MGYG000001023__gradient_L9_mos_gapseq	1175	1245	323	R_EX_cpd11416_c0	0.594523	0.013617	0.016892
MGYG000001027__gradient_L0_base_gapseq	1298	1438	374	R_EX_cpd11416_c0	-0.000000	0.015404	0.007309
MGYG000001027__gradient_L1_inulin_gapseq	1298	1438	374	R_EX_cpd11416_c0	-0.000000	0.015404	0.007422
MGYG000001027__gradient_L2_fos_gapseq	1298	1438	374	R_EX_cpd11416_c0	-0.000000	0.015404	0.007500
MGYG000001027__gradient_L3_gos_gapseq	1298	1438	374	R_EX_cpd11416_c0	-0.000000	0.015404	0.008143
MGYG000001027__gradient_L4_xos_gapseq	1298	1438	374	R_EX_cpd11416_c0	-0.000000	0.015404	0.008182
MGYG000001027__gradient_L5_pectin_gapseq	1298	1438	374	R_EX_cpd11416_c0	-0.000000	0.015404	0.008187
MGYG000001027__gradient_L6_resistant_starch_gapseq	1298	1438	374	R_EX_cpd11416_c0	-0.000000	0.015404	0.008018
MGYG000001027__gradient_L7_bglucan_gapseq	1298	1438	374	R_EX_cpd11416_c0	-0.000000	0.015404	0.008012
MGYG000001027__gradient_L8_hmo_gapseq	1298	1438	374	R_EX_cpd11416_c0	-0.000000	0.015404	0.008218
MGYG000001027__gradient_L9_mos_gapseq	1298	1438	374	R_EX_cpd11416_c0	-0.000000	0.015404	0.007961
MGYG000001029__gradient_L0_base_gapseq	1114	1243	286	R_EX_cpd11416_c0	-0.000000	0.012533	0.006378
MGYG000001029__gradient_L1_inulin_gapseq	1114	1243	286	R_EX_cpd11416_c0	0.284529	0.012533	0.017279
MGYG000001029__gradient_L2_fos_gapseq	1114	1243	286	R_EX_cpd11416_c0	0.284529	0.012533	0.017264
MGYG000001029__gradient_L3_gos_gapseq	1114	1243	286	R_EX_cpd11416_c0	0.494545	0.012533	0.017001
MGYG000001029__gradient_L4_xos_gapseq	1114	1243	286	R_EX_cpd11416_c0	0.494545	0.012533	0.016933
MGYG000001029__gradient_L5_pectin_gapseq	1114	1243	286	R_EX_cpd11416_c0	0.494545	0.012533	0.016901
MGYG000001029__gradient_L6_resistant_starch_gapseq	1114	1243	286	R_EX_cpd11416_c0	0.921353	0.012533	0.016984
MGYG000001029__gradient_L7_bglucan_gapseq	1114	1243	286	R_EX_cpd11416_c0	1.074976	0.012533	0.016476
MGYG000001029__gradient_L8_hmo_gapseq	1114	1243	286	R_EX_cpd11416_c0	1.184893	0.012533	0.016064
MGYG000001029__gradient_L9_mos_gapseq	1114	1243	286	R_EX_cpd11416_c0	1.255239	0.012533	0.016272
MGYG000001030__gradient_L0_base_gapseq	1307	1450	338	R_EX_cpd11416_c0	-0.000000	0.015516	0.008094
MGYG000001030__gradient_L1_inulin_gapseq	1307	1450	338	R_EX_cpd11416_c0	-0.000000	0.015516	0.008121
MGYG000001030__gradient_L2_fos_gapseq	1307	1450	338	R_EX_cpd11416_c0	-0.000000	0.015516	0.008128
MGYG000001030__gradient_L3_gos_gapseq	1307	1450	338	R_EX_cpd11416_c0	-0.000000	0.015516	0.008158
MGYG000001030__gradient_L4_xos_gapseq	1307	1450	338	R_EX_cpd11416_c0	0.322142	0.015516	0.018200
MGYG000001030__gradient_L5_pectin_gapseq	1307	1450	338	R_EX_cpd11416_c0	0.322142	0.015516	0.018049
MGYG000001030__gradient_L6_resistant_starch_gapseq	1307	1450	338	R_EX_cpd11416_c0	0.410575	0.015516	0.018942
MGYG000001030__gradient_L7_bglucan_gapseq	1307	1450	338	R_EX_cpd11416_c0	0.552701	0.015516	0.018658
MGYG000001030__gradient_L8_hmo_gapseq	1307	1450	338	R_EX_cpd11416_c0	0.552701	0.015516	0.018647
MGYG000001030__gradient_L9_mos_gapseq	1307	1450	338	R_EX_cpd11416_c0	0.641135	0.015516	0.018263
MGYG000001062__gradient_L0_base_gapseq	1120	1130	268	R_EX_cpd11416_c0	-0.000000	0.012370	0.005444
MGYG000001062__gradient_L1_inulin_gapseq	1120	1130	268	R_EX_cpd11416_c0	-0.000000	0.012370	0.005463
MGYG000001062__gradient_L2_fos_gapseq	1120	1130	268	R_EX_cpd11416_c0	-0.000000	0.012370	0.005406
MGYG000001062__gradient_L3_gos_gapseq	1120	1130	268	R_EX_cpd11416_c0	-0.000000	0.012370	0.005491
MGYG000001062__gradient_L4_xos_gapseq	1120	1130	268	R_EX_cpd11416_c0	-0.000000	0.012370	0.005869
MGYG000001062__gradient_L5_pectin_gapseq	1120	1130	268	R_EX_cpd11416_c0	-0.000000	0.012370	0.005928
MGYG000001062__gradient_L6_resistant_starch_gapseq	1120	1130	268	R_EX_cpd11416_c0	-0.000000	0.012370	0.006012
MGYG000001062__gradient_L7_bglucan_gapseq	1120	1130	268	R_EX_cpd11416_c0	-0.000000	0.012370	0.005807
MGYG000001062__gradient_L8_hmo_gapseq	1120	1130	268	R_EX_cpd11416_c0	-0.000000	0.012370	0.005833
MGYG000001062__gradient_L9_mos_gapseq	1120	1130	268	R_EX_cpd11416_c0	-0.000000	0.012370	0.005818
MGYG000001066__gradient_L0_base_gapseq	1194	1316	329	R_EX_cpd11416_c0	0.292441	0.012820	0.018715
MGYG000001066__gradient_L1_inulin_gapseq	1194	1316	329	R_EX_cpd11416_c0	0.431131	0.012820	0.019115
MGYG000001066__gradient_L2_fos_gapseq	1194	1316	329	R_EX_cpd11416_c0	0.431131	0.012820	0.019088
MGYG000001066__gradient_L3_gos_gapseq	1194	1316	329	R_EX_cpd11416_c0	0.491760	0.012820	0.018990
MGYG000001066__gradient_L4_xos_gapseq	1194	1316	329	R_EX_cpd11416_c0	0.491760	0.012820	0.018950
MGYG000001066__gradient_L5_pectin_gapseq	1194	1316	329	R_EX_cpd11416_c0	0.491760	0.012820	0.018882
MGYG000001066__gradient_L6_resistant_starch_gapseq	1194	1316	329	R_EX_cpd11416_c0	0.582704	0.012820	0.019609
MGYG000001066__gradient_L7_bglucan_gapseq	1194	1316	329	R_EX_cpd11416_c0	0.582704	0.012820	0.019568
MGYG000001066__gradient_L8_hmo_gapseq	1194	1316	329	R_EX_cpd11416_c0	0.582704	0.012820	0.019615
MGYG000001066__gradient_L9_mos_gapseq	1194	1316	329	R_EX_cpd11416_c0	0.582704	0.012820	0.019557
MGYG000001068__gradient_L0_base_gapseq	1424	1700	403	R_EX_cpd11416_c0	0.504344	0.016834	0.028324
MGYG000001068__gradient_L1_inulin_gapseq	1424	1700	403	R_EX_cpd11416_c0	0.661545	0.016834	0.027835
MGYG000001068__gradient_L2_fos_gapseq	1424	1700	403	R_EX_cpd11416_c0	0.661545	0.016834	0.027692
MGYG000001068__gradient_L3_gos_gapseq	1424	1700	403	R_EX_cpd11416_c0	0.823659	0.016834	0.026334
MGYG000001068__gradient_L4_xos_gapseq	1424	1700	403	R_EX_cpd11416_c0	0.823659	0.016834	0.026405
MGYG000001068__gradient_L5_pectin_gapseq	1424	1700	403	R_EX_cpd11416_c0	0.823659	0.016834	0.026309
MGYG000001068__gradient_L6_resistant_starch_gapseq	1424	1700	403	R_EX_cpd11416_c0	0.902260	0.016834	0.027217
MGYG000001068__gradient_L7_bglucan_gapseq	1424	1700	403	R_EX_cpd11416_c0	1.012435	0.016834	0.027739
MGYG000001068__gradient_L8_hmo_gapseq	1424	1700	403	R_EX_cpd11416_c0	1.012435	0.016834	0.027870
MGYG000001068__gradient_L9_mos_gapseq	1424	1700	403	R_EX_cpd11416_c0	1.089513	0.016834	0.028049
MGYG000001093__gradient_L0_base_gapseq	1512	1661	370	R_EX_cpd11416_c0	-0.000000	0.017037	0.010572
MGYG000001093__gradient_L1_inulin_gapseq	1512	1661	370	R_EX_cpd11416_c0	0.287305	0.017037	0.026367
MGYG000001093__gradient_L2_fos_gapseq	1512	1661	370	R_EX_cpd11416_c0	0.287305	0.017037	0.026209
MGYG000001093__gradient_L3_gos_gapseq	1512	1661	370	R_EX_cpd11416_c0	0.287305	0.017037	0.026269
MGYG000001093__gradient_L4_xos_gapseq	1512	1661	370	R_EX_cpd11416_c0	0.287305	0.017037	0.026295
MGYG000001093__gradient_L5_pectin_gapseq	1512	1661	370	R_EX_cpd11416_c0	0.287305	0.017037	0.026215
MGYG000001093__gradient_L6_resistant_starch_gapseq	1512	1661	370	R_EX_cpd11416_c0	0.287305	0.017037	0.026187
MGYG000001093__gradient_L7_bglucan_gapseq	1512	1661	370	R_EX_cpd11416_c0	0.287305	0.017037	0.026243
MGYG000001093__gradient_L8_hmo_gapseq	1512	1661	370	R_EX_cpd11416_c0	0.287305	0.017037	0.026197
MGYG000001093__gradient_L9_mos_gapseq	1512	1661	370	R_EX_cpd11416_c0	0.287305	0.017037	0.026202
MGYG000001096__gradient_L0_base_gapseq	1156	1299	312	R_EX_cpd11416_c0	0.790079	0.013636	0.017466
MGYG000001096__gradient_L1_inulin_gapseq	1156	1299	312	R_EX_cpd11416_c0	1.080057	0.013636	0.016920
MGYG000001096__gradient_L2_fos_gapseq	1156	1299	312	R_EX_cpd11416_c0	1.080057	0.013636	0.016995
MGYG000001096__gradient_L3_gos_gapseq	1156	1299	312	R_EX_cpd11416_c0	1.371609	0.013636	0.017280
MGYG000001096__gradient_L4_xos_gapseq	1156	1299	312	R_EX_cpd11416_c0	1.371609	0.013636	0.017258
MGYG000001096__gradient_L5_pectin_gapseq	1156	1299	312	R_EX_cpd11416_c0	1.371609	0.013636	0.017261
MGYG000001096__gradient_L6_resistant_starch_gapseq	1156	1299	312	R_EX_cpd11416_c0	1.983426	0.013636	0.016881
MGYG000001096__gradient_L7_bglucan_gapseq	1156	1299	312	R_EX_cpd11416_c0	1.983426	0.013636	0.016822
MGYG000001096__gradient_L8_hmo_gapseq	1156	1299	312	R_EX_cpd11416_c0	1.983426	0.013636	0.016840
MGYG000001096__gradient_L9_mos_gapseq	1156	1299	312	R_EX_cpd11416_c0	2.124784	0.013636	0.017963
MGYG000001115__gradient_L0_base_gapseq	1251	1400	330	R_EX_cpd11416_c0	-0.000000	0.014247	0.007782
MGYG000001115__gradient_L1_inulin_gapseq	1251	1400	330	R_EX_cpd11416_c0	-0.000000	0.014247	0.007794
MGYG000001115__gradient_L2_fos_gapseq	1251	1400	330	R_EX_cpd11416_c0	-0.000000	0.014247	0.007712
MGYG000001115__gradient_L3_gos_gapseq	1251	1400	330	R_EX_cpd11416_c0	1.204752	0.014247	0.019057
MGYG000001115__gradient_L4_xos_gapseq	1251	1400	330	R_EX_cpd11416_c0	1.277584	0.014247	0.019040
MGYG000001115__gradient_L5_pectin_gapseq	1251	1400	330	R_EX_cpd11416_c0	1.277584	0.014247	0.019120
MGYG000001115__gradient_L6_resistant_starch_gapseq	1251	1400	330	R_EX_cpd11416_c0	1.826100	0.014247	0.020613
MGYG000001115__gradient_L7_bglucan_gapseq	1251	1400	330	R_EX_cpd11416_c0	1.826100	0.014247	0.020588
MGYG000001115__gradient_L8_hmo_gapseq	1251	1400	330	R_EX_cpd11416_c0	1.826100	0.014247	0.020577
MGYG000001115__gradient_L9_mos_gapseq	1251	1400	330	R_EX_cpd11416_c0	1.826100	0.014247	0.020583
MGYG000001141__gradient_L0_base_gapseq	1304	1471	371	R_EX_cpd11416_c0	-0.000000	0.015010	0.007667
MGYG000001141__gradient_L1_inulin_gapseq	1304	1471	371	R_EX_cpd11416_c0	-0.000000	0.015010	0.007866
MGYG000001141__gradient_L2_fos_gapseq	1304	1471	371	R_EX_cpd11416_c0	-0.000000	0.015010	0.007825
MGYG000001141__gradient_L3_gos_gapseq	1304	1471	371	R_EX_cpd11416_c0	0.682508	0.015010	0.019323
MGYG000001141__gradient_L4_xos_gapseq	1304	1471	371	R_EX_cpd11416_c0	0.721245	0.015010	0.020437
MGYG000001141__gradient_L5_pectin_gapseq	1304	1471	371	R_EX_cpd11416_c0	0.721245	0.015010	0.020316
MGYG000001141__gradient_L6_resistant_starch_gapseq	1304	1471	371	R_EX_cpd11416_c0	1.136795	0.015010	0.019730
MGYG000001141__gradient_L7_bglucan_gapseq	1304	1471	371	R_EX_cpd11416_c0	1.283019	0.015010	0.020508
MGYG000001141__gradient_L8_hmo_gapseq	1304	1471	371	R_EX_cpd11416_c0	1.283019	0.015010	0.020390
MGYG000001141__gradient_L9_mos_gapseq	1304	1471	371	R_EX_cpd11416_c0	1.350781	0.015010	0.019801
MGYG000001153__gradient_L0_base_gapseq	1054	1071	244	R_EX_cpd11416_c0	-0.000000	0.011488	0.005391
MGYG000001153__gradient_L1_inulin_gapseq	1054	1071	244	R_EX_cpd11416_c0	0.094873	0.011488	0.012925
MGYG000001153__gradient_L2_fos_gapseq	1054	1071	244	R_EX_cpd11416_c0	0.094873	0.011488	0.012877
MGYG000001153__gradient_L3_gos_gapseq	1054	1071	244	R_EX_cpd11416_c0	0.094873	0.011488	0.012900
MGYG000001153__gradient_L4_xos_gapseq	1054	1071	244	R_EX_cpd11416_c0	0.094873	0.011488	0.012974
MGYG000001153__gradient_L5_pectin_gapseq	1054	1071	244	R_EX_cpd11416_c0	0.094873	0.011488	0.012868
MGYG000001153__gradient_L6_resistant_starch_gapseq	1054	1071	244	R_EX_cpd11416_c0	0.094873	0.011488	0.012861
MGYG000001153__gradient_L7_bglucan_gapseq	1054	1071	244	R_EX_cpd11416_c0	0.094873	0.011488	0.012831
MGYG000001153__gradient_L8_hmo_gapseq	1054	1071	244	R_EX_cpd11416_c0	0.094873	0.011488	0.012884
MGYG000001153__gradient_L9_mos_gapseq	1054	1071	244	R_EX_cpd11416_c0	0.094873	0.011488	0.012883
MGYG000001157__gradient_L0_base_gapseq	1275	1452	370	R_EX_cpd11416_c0	-0.000000	0.014844	0.007895
MGYG000001157__gradient_L1_inulin_gapseq	1275	1452	370	R_EX_cpd11416_c0	-0.000000	0.014844	0.007869
MGYG000001157__gradient_L2_fos_gapseq	1275	1452	370	R_EX_cpd11416_c0	-0.000000	0.014844	0.007907
MGYG000001157__gradient_L3_gos_gapseq	1275	1452	370	R_EX_cpd11416_c0	1.248280	0.014844	0.021340
MGYG000001157__gradient_L4_xos_gapseq	1275	1452	370	R_EX_cpd11416_c0	1.317412	0.014844	0.020772
MGYG000001157__gradient_L5_pectin_gapseq	1275	1452	370	R_EX_cpd11416_c0	1.317412	0.014844	0.020881
MGYG000001157__gradient_L6_resistant_starch_gapseq	1275	1452	370	R_EX_cpd11416_c0	1.835780	0.014844	0.021072
MGYG000001157__gradient_L7_bglucan_gapseq	1275	1452	370	R_EX_cpd11416_c0	2.010078	0.014844	0.021047
MGYG000001157__gradient_L8_hmo_gapseq	1275	1452	370	R_EX_cpd11416_c0	2.010078	0.014844	0.021192
MGYG000001157__gradient_L9_mos_gapseq	1275	1452	370	R_EX_cpd11416_c0	2.094586	0.014844	0.021376
MGYG000001175__gradient_L0_base_gapseq	888	849	89	R_EX_cpd11416_c0	-0.000000	0.009087	0.003308
MGYG000001175__gradient_L1_inulin_gapseq	888	849	89	R_EX_cpd11416_c0	-0.000000	0.009087	0.003209
MGYG000001175__gradient_L2_fos_gapseq	888	849	89	R_EX_cpd11416_c0	-0.000000	0.009087	0.003111
MGYG000001175__gradient_L3_gos_gapseq	888	849	89	R_EX_cpd11416_c0	-0.000000	0.009087	0.003109
MGYG000001175__gradient_L4_xos_gapseq	888	849	89	R_EX_cpd11416_c0	-0.000000	0.009087	0.003009
MGYG000001175__gradient_L5_pectin_gapseq	888	849	89	R_EX_cpd11416_c0	-0.000000	0.009087	0.003017
MGYG000001175__gradient_L6_resistant_starch_gapseq	888	849	89	R_EX_cpd11416_c0	-0.000000	0.009087	0.002969
MGYG000001175__gradient_L7_bglucan_gapseq	888	849	89	R_EX_cpd11416_c0	-0.000000	0.009087	0.003301
MGYG000001175__gradient_L8_hmo_gapseq	888	849	89	R_EX_cpd11416_c0	-0.000000	0.009087	0.003222
MGYG000001175__gradient_L9_mos_gapseq	888	849	89	R_EX_cpd11416_c0	-0.000000	0.009087	0.003293
MGYG000001179__gradient_L0_base_gapseq	1173	1297	313	R_EX_cpd11416_c0	0.497193	0.012784	0.015857
MGYG000001179__gradient_L1_inulin_gapseq	1173	1297	313	R_EX_cpd11416_c0	0.720238	0.012784	0.016198
MGYG000001179__gradient_L2_fos_gapseq	1173	1297	313	R_EX_cpd11416_c0	0.720238	0.012784	0.016217
MGYG000001179__gradient_L3_gos_gapseq	1173	1297	313	R_EX_cpd11416_c0	0.957044	0.012784	0.015425
MGYG000001179__gradient_L4_xos_gapseq	1173	1297	313	R_EX_cpd11416_c0	0.957044	0.012784	0.015453
MGYG000001179__gradient_L5_pectin_gapseq	1173	1297	313	R_EX_cpd11416_c0	0.957044	0.012784	0.015414
MGYG000001179__gradient_L6_resistant_starch_gapseq	1173	1297	313	R_EX_cpd11416_c0	1.436098	0.012784	0.015768
MGYG000001179__gradient_L7_bglucan_gapseq	1173	1297	313	R_EX_cpd11416_c0	1.436098	0.012784	0.015740
MGYG000001179__gradient_L8_hmo_gapseq	1173	1297	313	R_EX_cpd11416_c0	1.436098	0.012784	0.015774
MGYG000001179__gradient_L9_mos_gapseq	1173	1297	313	R_EX_cpd11416_c0	1.548184	0.012784	0.015734
MGYG000001182__gradient_L0_base_gapseq	939	883	122	R_EX_cpd11416_c0	-0.000000	0.009680	0.003336
MGYG000001182__gradient_L1_inulin_gapseq	939	883	122	R_EX_cpd11416_c0	-0.000000	0.009680	0.003671
MGYG000001182__gradient_L2_fos_gapseq	939	883	122	R_EX_cpd11416_c0	-0.000000	0.009680	0.003583
MGYG000001182__gradient_L3_gos_gapseq	939	883	122	R_EX_cpd11416_c0	-0.000000	0.009680	0.003487
MGYG000001182__gradient_L4_xos_gapseq	939	883	122	R_EX_cpd11416_c0	-0.000000	0.009680	0.003545
MGYG000001182__gradient_L5_pectin_gapseq	939	883	122	R_EX_cpd11416_c0	-0.000000	0.009680	0.003477
MGYG000001182__gradient_L6_resistant_starch_gapseq	939	883	122	R_EX_cpd11416_c0	-0.000000	0.009680	0.003491
MGYG000001182__gradient_L7_bglucan_gapseq	939	883	122	R_EX_cpd11416_c0	-0.000000	0.009680	0.003623
MGYG000001182__gradient_L8_hmo_gapseq	939	883	122	R_EX_cpd11416_c0	-0.000000	0.009680	0.003686
MGYG000001182__gradient_L9_mos_gapseq	939	883	122	R_EX_cpd11416_c0	-0.000000	0.009680	0.003680
MGYG000001186__gradient_L0_base_gapseq	1400	1626	447	R_EX_cpd11416_c0	0.417429	0.015361	0.023346
MGYG000001186__gradient_L1_inulin_gapseq	1400	1626	447	R_EX_cpd11416_c0	0.547950	0.015361	0.023669
MGYG000001186__gradient_L2_fos_gapseq	1400	1626	447	R_EX_cpd11416_c0	0.547950	0.015361	0.023663
MGYG000001186__gradient_L3_gos_gapseq	1400	1626	447	R_EX_cpd11416_c0	0.826469	0.015361	0.022957
MGYG000001186__gradient_L4_xos_gapseq	1400	1626	447	R_EX_cpd11416_c0	0.878329	0.015361	0.024839
MGYG000001186__gradient_L5_pectin_gapseq	1400	1626	447	R_EX_cpd11416_c0	0.878329	0.015361	0.025024
MGYG000001186__gradient_L6_resistant_starch_gapseq	1400	1626	447	R_EX_cpd11416_c0	1.418728	0.015361	0.023575
MGYG000001186__gradient_L7_bglucan_gapseq	1400	1626	447	R_EX_cpd11416_c0	1.599133	0.015361	0.023645
MGYG000001186__gradient_L8_hmo_gapseq	1400	1626	447	R_EX_cpd11416_c0	1.599133	0.015361	0.023704
MGYG000001186__gradient_L9_mos_gapseq	1400	1626	447	R_EX_cpd11416_c0	1.688221	0.015361	0.023363
MGYG000001193__gradient_L0_base_gapseq	1165	1198	256	R_EX_cpd11416_c0	0.098741	0.012886	0.015424
MGYG000001193__gradient_L1_inulin_gapseq	1165	1198	256	R_EX_cpd11416_c0	0.209372	0.012886	0.015532
MGYG000001193__gradient_L2_fos_gapseq	1165	1198	256	R_EX_cpd11416_c0	0.209372	0.012886	0.015447
MGYG000001193__gradient_L3_gos_gapseq	1165	1198	256	R_EX_cpd11416_c0	0.209372	0.012886	0.015459
MGYG000001193__gradient_L4_xos_gapseq	1165	1198	256	R_EX_cpd11416_c0	0.209372	0.012886	0.015427
MGYG000001193__gradient_L5_pectin_gapseq	1165	1198	256	R_EX_cpd11416_c0	0.209372	0.012886	0.015421
MGYG000001193__gradient_L6_resistant_starch_gapseq	1165	1198	256	R_EX_cpd11416_c0	0.209372	0.012886	0.015486
MGYG000001193__gradient_L7_bglucan_gapseq	1165	1198	256	R_EX_cpd11416_c0	0.209372	0.012886	0.015414
MGYG000001193__gradient_L8_hmo_gapseq	1165	1198	256	R_EX_cpd11416_c0	0.209372	0.012886	0.015431
MGYG000001193__gradient_L9_mos_gapseq	1165	1198	256	R_EX_cpd11416_c0	0.209372	0.012886	0.015430
MGYG000001203__gradient_L0_base_gapseq	1170	1256	300	R_EX_cpd11416_c0	0.688415	0.012749	0.015878
MGYG000001203__gradient_L1_inulin_gapseq	1170	1256	300	R_EX_cpd11416_c0	0.971885	0.012749	0.015379
MGYG000001203__gradient_L2_fos_gapseq	1170	1256	300	R_EX_cpd11416_c0	0.971885	0.012749	0.015290
MGYG000001203__gradient_L3_gos_gapseq	1170	1256	300	R_EX_cpd11416_c0	0.971885	0.012749	0.015338
MGYG000001203__gradient_L4_xos_gapseq	1170	1256	300	R_EX_cpd11416_c0	0.971885	0.012749	0.015263
MGYG000001203__gradient_L5_pectin_gapseq	1170	1256	300	R_EX_cpd11416_c0	0.971885	0.012749	0.015311
MGYG000001203__gradient_L6_resistant_starch_gapseq	1170	1256	300	R_EX_cpd11416_c0	1.584388	0.012749	0.014954
MGYG000001203__gradient_L7_bglucan_gapseq	1170	1256	300	R_EX_cpd11416_c0	1.584388	0.012749	0.014899
MGYG000001203__gradient_L8_hmo_gapseq	1170	1256	300	R_EX_cpd11416_c0	1.584388	0.012749	0.014998
MGYG000001203__gradient_L9_mos_gapseq	1170	1256	300	R_EX_cpd11416_c0	1.725813	0.012749	0.015349
MGYG000001209__gradient_L0_base_gapseq	1144	1230	247	R_EX_cpd11416_c0	-0.000000	0.012639	0.006562
MGYG000001209__gradient_L1_inulin_gapseq	1144	1230	247	R_EX_cpd11416_c0	0.559010	0.012639	0.017636
MGYG000001209__gradient_L2_fos_gapseq	1144	1230	247	R_EX_cpd11416_c0	0.559010	0.012639	0.017646
MGYG000001209__gradient_L3_gos_gapseq	1144	1230	247	R_EX_cpd11416_c0	0.559010	0.012639	0.017499
MGYG000001209__gradient_L4_xos_gapseq	1144	1230	247	R_EX_cpd11416_c0	0.559010	0.012639	0.017631
MGYG000001209__gradient_L5_pectin_gapseq	1144	1230	247	R_EX_cpd11416_c0	0.559010	0.012639	0.017603
MGYG000001209__gradient_L6_resistant_starch_gapseq	1144	1230	247	R_EX_cpd11416_c0	0.686222	0.012639	0.018130
MGYG000001209__gradient_L7_bglucan_gapseq	1144	1230	247	R_EX_cpd11416_c0	0.686222	0.012639	0.018025
MGYG000001209__gradient_L8_hmo_gapseq	1144	1230	247	R_EX_cpd11416_c0	0.686222	0.012639	0.018068
MGYG000001209__gradient_L9_mos_gapseq	1144	1230	247	R_EX_cpd11416_c0	0.813435	0.012639	0.018085
MGYG000001216__gradient_L0_base_gapseq	899	869	149	R_EX_cpd11416_c0	-0.000000	0.008893	0.003742
MGYG000001216__gradient_L1_inulin_gapseq	899	869	149	R_EX_cpd11416_c0	-0.000000	0.008893	0.003673
MGYG000001216__gradient_L2_fos_gapseq	899	869	149	R_EX_cpd11416_c0	-0.000000	0.008893	0.003594
MGYG000001216__gradient_L3_gos_gapseq	899	869	149	R_EX_cpd11416_c0	-0.000000	0.008893	0.003619
MGYG000001216__gradient_L4_xos_gapseq	899	869	149	R_EX_cpd11416_c0	-0.000000	0.008893	0.003518
MGYG000001216__gradient_L5_pectin_gapseq	899	869	149	R_EX_cpd11416_c0	-0.000000	0.008893	0.003627
MGYG000001216__gradient_L6_resistant_starch_gapseq	899	869	149	R_EX_cpd11416_c0	-0.000000	0.008893	0.003530
MGYG000001216__gradient_L7_bglucan_gapseq	899	869	149	R_EX_cpd11416_c0	-0.000000	0.008893	0.003657
MGYG000001216__gradient_L8_hmo_gapseq	899	869	149	R_EX_cpd11416_c0	-0.000000	0.008893	0.003581
MGYG000001216__gradient_L9_mos_gapseq	899	869	149	R_EX_cpd11416_c0	-0.000000	0.008893	0.003602
MGYG000001227__gradient_L0_base_gapseq	1085	1197	279	R_EX_cpd11416_c0	-0.000000	0.012064	0.006346
MGYG000001227__gradient_L1_inulin_gapseq	1085	1197	279	R_EX_cpd11416_c0	-0.000000	0.012064	0.006370
MGYG000001227__gradient_L2_fos_gapseq	1085	1197	279	R_EX_cpd11416_c0	-0.000000	0.012064	0.006363
MGYG000001227__gradient_L3_gos_gapseq	1085	1197	279	R_EX_cpd11416_c0	-0.000000	0.012064	0.006333
MGYG000001227__gradient_L4_xos_gapseq	1085	1197	279	R_EX_cpd11416_c0	-0.000000	0.012064	0.006413
MGYG000001227__gradient_L5_pectin_gapseq	1085	1197	279	R_EX_cpd11416_c0	-0.000000	0.012064	0.006323
MGYG000001227__gradient_L6_resistant_starch_gapseq	1085	1197	279	R_EX_cpd11416_c0	-0.000000	0.012064	0.006427
MGYG000001227__gradient_L7_bglucan_gapseq	1085	1197	279	R_EX_cpd11416_c0	-0.000000	0.012064	0.006428
MGYG000001227__gradient_L8_hmo_gapseq	1085	1197	279	R_EX_cpd11416_c0	-0.000000	0.012064	0.006384
MGYG000001227__gradient_L9_mos_gapseq	1085	1197	279	R_EX_cpd11416_c0	-0.000000	0.012064	0.006705
MGYG000001238__gradient_L0_base_gapseq	1282	1302	300	R_EX_cpd11416_c0	-0.000000	0.014026	0.006120
MGYG000001238__gradient_L1_inulin_gapseq	1282	1302	300	R_EX_cpd11416_c0	-0.000000	0.014026	0.006074
MGYG000001238__gradient_L2_fos_gapseq	1282	1302	300	R_EX_cpd11416_c0	-0.000000	0.014026	0.006143
MGYG000001238__gradient_L3_gos_gapseq	1282	1302	300	R_EX_cpd11416_c0	0.618401	0.014026	0.016688
MGYG000001238__gradient_L4_xos_gapseq	1282	1302	300	R_EX_cpd11416_c0	0.618401	0.014026	0.016736
MGYG000001238__gradient_L5_pectin_gapseq	1282	1302	300	R_EX_cpd11416_c0	0.618401	0.014026	0.016723
MGYG000001238__gradient_L6_resistant_starch_gapseq	1282	1302	300	R_EX_cpd11416_c0	0.725951	0.014026	0.016311
MGYG000001238__gradient_L7_bglucan_gapseq	1282	1302	300	R_EX_cpd11416_c0	0.725951	0.014026	0.016209
MGYG000001238__gradient_L8_hmo_gapseq	1282	1302	300	R_EX_cpd11416_c0	0.725951	0.014026	0.016203
MGYG000001238__gradient_L9_mos_gapseq	1282	1302	300	R_EX_cpd11416_c0	0.725951	0.014026	0.016218
MGYG000001241__gradient_L0_base_gapseq	1064	1171	288	R_EX_cpd11416_c0	-0.000000	0.012050	0.005922
MGYG000001241__gradient_L1_inulin_gapseq	1064	1171	288	R_EX_cpd11416_c0	0.121095	0.012050	0.015337
MGYG000001241__gradient_L2_fos_gapseq	1064	1171	288	R_EX_cpd11416_c0	0.121095	0.012050	0.015319
MGYG000001241__gradient_L3_gos_gapseq	1064	1171	288	R_EX_cpd11416_c0	0.121095	0.012050	0.016036
MGYG000001241__gradient_L4_xos_gapseq	1064	1171	288	R_EX_cpd11416_c0	0.122096	0.012050	0.015566
MGYG000001241__gradient_L5_pectin_gapseq	1064	1171	288	R_EX_cpd11416_c0	0.122096	0.012050	0.015533
MGYG000001241__gradient_L6_resistant_starch_gapseq	1064	1171	288	R_EX_cpd11416_c0	0.122125	0.012050	0.015433
MGYG000001241__gradient_L7_bglucan_gapseq	1064	1171	288	R_EX_cpd11416_c0	0.122125	0.012050	0.015427
MGYG000001241__gradient_L8_hmo_gapseq	1064	1171	288	R_EX_cpd11416_c0	0.122125	0.012050	0.015453
MGYG000001241__gradient_L9_mos_gapseq	1064	1171	288	R_EX_cpd11416_c0	0.122125	0.012050	0.015669
MGYG000001246__gradient_L0_base_gapseq	1448	1685	481	R_EX_cpd11416_c0	-0.000000	0.016965	0.009744
MGYG000001246__gradient_L1_inulin_gapseq	1448	1685	481	R_EX_cpd11416_c0	-0.000000	0.016965	0.009875
MGYG000001246__gradient_L2_fos_gapseq	1448	1685	481	R_EX_cpd11416_c0	-0.000000	0.016965	0.009808
MGYG000001246__gradient_L3_gos_gapseq	1448	1685	481	R_EX_cpd11416_c0	1.527200	0.016965	0.026883
MGYG000001246__gradient_L4_xos_gapseq	1448	1685	481	R_EX_cpd11416_c0	1.527200	0.016965	0.026604
MGYG000001246__gradient_L5_pectin_gapseq	1448	1685	481	R_EX_cpd11416_c0	1.527200	0.016965	0.026432
MGYG000001246__gradient_L6_resistant_starch_gapseq	1448	1685	481	R_EX_cpd11416_c0	2.065034	0.016965	0.026924
MGYG000001246__gradient_L7_bglucan_gapseq	1448	1685	481	R_EX_cpd11416_c0	2.245799	0.016965	0.026158
MGYG000001246__gradient_L8_hmo_gapseq	1448	1685	481	R_EX_cpd11416_c0	2.245799	0.016965	0.026091
MGYG000001246__gradient_L9_mos_gapseq	1448	1685	481	R_EX_cpd11416_c0	2.370773	0.016965	0.026654
MGYG000001277__gradient_L0_base_gapseq	1454	1585	490	R_EX_cpd11416_c0	0.368139	0.016664	0.026028
MGYG000001277__gradient_L1_inulin_gapseq	1454	1585	490	R_EX_cpd11416_c0	0.368139	0.016664	0.025766
MGYG000001277__gradient_L2_fos_gapseq	1454	1585	490	R_EX_cpd11416_c0	0.368139	0.016664	0.025618
MGYG000001277__gradient_L3_gos_gapseq	1454	1585	490	R_EX_cpd11416_c0	0.368139	0.016664	0.025573
MGYG000001277__gradient_L4_xos_gapseq	1454	1585	490	R_EX_cpd11416_c0	0.425342	0.016664	0.026419
MGYG000001277__gradient_L5_pectin_gapseq	1454	1585	490	R_EX_cpd11416_c0	0.425342	0.016664	0.026392
MGYG000001277__gradient_L6_resistant_starch_gapseq	1454	1585	490	R_EX_cpd11416_c0	0.580713	0.016664	0.025449
MGYG000001277__gradient_L7_bglucan_gapseq	1454	1585	490	R_EX_cpd11416_c0	0.580713	0.016664	0.025338
MGYG000001277__gradient_L8_hmo_gapseq	1454	1585	490	R_EX_cpd11416_c0	0.580713	0.016664	0.025403
MGYG000001277__gradient_L9_mos_gapseq	1454	1585	490	R_EX_cpd11416_c0	0.713458	0.016664	0.025842
MGYG000001280__gradient_L0_base_gapseq	900	955	179	R_EX_cpd11416_c0	-0.000000	0.010050	0.004123
MGYG000001280__gradient_L1_inulin_gapseq	900	955	179	R_EX_cpd11416_c0	-0.000000	0.010050	0.004647
MGYG000001280__gradient_L2_fos_gapseq	900	955	179	R_EX_cpd11416_c0	-0.000000	0.010050	0.004608
MGYG000001280__gradient_L3_gos_gapseq	900	955	179	R_EX_cpd11416_c0	-0.000000	0.010050	0.004562
MGYG000001280__gradient_L4_xos_gapseq	900	955	179	R_EX_cpd11416_c0	-0.000000	0.010050	0.004582
MGYG000001280__gradient_L5_pectin_gapseq	900	955	179	R_EX_cpd11416_c0	-0.000000	0.010050	0.004540
MGYG000001280__gradient_L6_resistant_starch_gapseq	900	955	179	R_EX_cpd11416_c0	-0.000000	0.010050	0.004705
MGYG000001280__gradient_L7_bglucan_gapseq	900	955	179	R_EX_cpd11416_c0	-0.000000	0.010050	0.004586
MGYG000001280__gradient_L8_hmo_gapseq	900	955	179	R_EX_cpd11416_c0	-0.000000	0.010050	0.004610
MGYG000001280__gradient_L9_mos_gapseq	900	955	179	R_EX_cpd11416_c0	-0.000000	0.010050	0.004549
MGYG000001296__gradient_L0_base_gapseq	1451	1675	400	R_EX_cpd11416_c0	0.564620	0.016648	0.024739
MGYG000001296__gradient_L1_inulin_gapseq	1451	1675	400	R_EX_cpd11416_c0	0.718609	0.016648	0.025902
MGYG000001296__gradient_L2_fos_gapseq	1451	1675	400	R_EX_cpd11416_c0	0.718609	0.016648	0.025839
MGYG000001296__gradient_L3_gos_gapseq	1451	1675	400	R_EX_cpd11416_c0	0.879598	0.016648	0.024591
MGYG000001296__gradient_L4_xos_gapseq	1451	1675	400	R_EX_cpd11416_c0	0.982901	0.016648	0.025108
MGYG000001296__gradient_L5_pectin_gapseq	1451	1675	400	R_EX_cpd11416_c0	1.006359	0.016648	0.025469
MGYG000001296__gradient_L6_resistant_starch_gapseq	1451	1675	400	R_EX_cpd11416_c0	1.201065	0.016648	0.025069
MGYG000001296__gradient_L7_bglucan_gapseq	1451	1675	400	R_EX_cpd11416_c0	1.320703	0.016648	0.025063
MGYG000001296__gradient_L8_hmo_gapseq	1451	1675	400	R_EX_cpd11416_c0	1.320703	0.016648	0.025038
MGYG000001296__gradient_L9_mos_gapseq	1451	1675	400	R_EX_cpd11416_c0	1.395770	0.016648	0.025109
MGYG000001297__gradient_L0_base_gapseq	1362	1490	385	R_EX_cpd11416_c0	0.421397	0.015392	0.021372
MGYG000001297__gradient_L1_inulin_gapseq	1362	1490	385	R_EX_cpd11416_c0	0.533772	0.015392	0.022081
MGYG000001297__gradient_L2_fos_gapseq	1362	1490	385	R_EX_cpd11416_c0	0.533772	0.015392	0.022088
MGYG000001297__gradient_L3_gos_gapseq	1362	1490	385	R_EX_cpd11416_c0	0.533772	0.015392	0.022013
MGYG000001297__gradient_L4_xos_gapseq	1362	1490	385	R_EX_cpd11416_c0	0.533772	0.015392	0.022072
MGYG000001297__gradient_L5_pectin_gapseq	1362	1490	385	R_EX_cpd11416_c0	0.533772	0.015392	0.022090
MGYG000001297__gradient_L6_resistant_starch_gapseq	1362	1490	385	R_EX_cpd11416_c0	0.533772	0.015392	0.022011
MGYG000001297__gradient_L7_bglucan_gapseq	1362	1490	385	R_EX_cpd11416_c0	0.533772	0.015392	0.022031
MGYG000001297__gradient_L8_hmo_gapseq	1362	1490	385	R_EX_cpd11416_c0	0.533772	0.015392	0.022018
MGYG000001297__gradient_L9_mos_gapseq	1362	1490	385	R_EX_cpd11416_c0	0.533772	0.015392	0.021992
MGYG000001303__gradient_L0_base_gapseq	1459	1670	499	R_EX_cpd11416_c0	0.638334	0.017096	0.026433
MGYG000001303__gradient_L1_inulin_gapseq	1459	1670	499	R_EX_cpd11416_c0	0.794260	0.017096	0.026267
MGYG000001303__gradient_L2_fos_gapseq	1459	1670	499	R_EX_cpd11416_c0	0.794260	0.017096	0.026279
MGYG000001303__gradient_L3_gos_gapseq	1459	1670	499	R_EX_cpd11416_c0	1.129522	0.017096	0.025782
MGYG000001303__gradient_L4_xos_gapseq	1459	1670	499	R_EX_cpd11416_c0	1.193286	0.017096	0.026201
MGYG000001303__gradient_L5_pectin_gapseq	1459	1670	499	R_EX_cpd11416_c0	1.193286	0.017096	0.026166
MGYG000001303__gradient_L6_resistant_starch_gapseq	1459	1670	499	R_EX_cpd11416_c0	1.858252	0.017096	0.026635
MGYG000001303__gradient_L7_bglucan_gapseq	1459	1670	499	R_EX_cpd11416_c0	1.858252	0.017096	0.026679
MGYG000001303__gradient_L8_hmo_gapseq	1459	1670	499	R_EX_cpd11416_c0	2.003998	0.017096	0.026119
MGYG000001303__gradient_L9_mos_gapseq	1459	1670	499	R_EX_cpd11416_c0	2.003998	0.017096	0.026104
MGYG000001306__gradient_L0_base_gapseq	1453	1727	462	R_EX_cpd11416_c0	-0.000000	0.017084	0.010798
MGYG000001306__gradient_L1_inulin_gapseq	1453	1727	462	R_EX_cpd11416_c0	-0.000000	0.017084	0.010425
MGYG000001306__gradient_L2_fos_gapseq	1453	1727	462	R_EX_cpd11416_c0	-0.000000	0.017084	0.010444
MGYG000001306__gradient_L3_gos_gapseq	1453	1727	462	R_EX_cpd11416_c0	-0.000000	0.017084	0.011345
MGYG000001306__gradient_L4_xos_gapseq	1453	1727	462	R_EX_cpd11416_c0	-0.000000	0.017084	0.010761
MGYG000001306__gradient_L5_pectin_gapseq	1453	1727	462	R_EX_cpd11416_c0	-0.000000	0.017084	0.010530
MGYG000001306__gradient_L6_resistant_starch_gapseq	1453	1727	462	R_EX_cpd11416_c0	-0.000000	0.017084	0.010858
MGYG000001306__gradient_L7_bglucan_gapseq	1453	1727	462	R_EX_cpd11416_c0	-0.000000	0.017084	0.011439
MGYG000001306__gradient_L8_hmo_gapseq	1453	1727	462	R_EX_cpd11416_c0	-0.000000	0.017084	0.011390
MGYG000001306__gradient_L9_mos_gapseq	1453	1727	462	R_EX_cpd11416_c0	-0.000000	0.017084	0.011193
MGYG000001307__gradient_L0_base_gapseq	2100	2578	924	R_EX_cpd11416_c0	1.173390	0.026340	0.051349
MGYG000001307__gradient_L1_inulin_gapseq	2100	2578	924	R_EX_cpd11416_c0	1.455262	0.026340	0.052735
MGYG000001307__gradient_L2_fos_gapseq	2100	2578	924	R_EX_cpd11416_c0	1.455262	0.026340	0.052728
MGYG000001307__gradient_L3_gos_gapseq	2100	2578	924	R_EX_cpd11416_c0	1.760394	0.026340	0.052681
MGYG000001307__gradient_L4_xos_gapseq	2100	2578	924	R_EX_cpd11416_c0	1.840212	0.026340	0.052140
MGYG000001307__gradient_L5_pectin_gapseq	2100	2578	924	R_EX_cpd11416_c0	1.840212	0.026340	0.052239
MGYG000001307__gradient_L6_resistant_starch_gapseq	2100	2578	924	R_EX_cpd11416_c0	2.214217	0.026340	0.051781
MGYG000001307__gradient_L7_bglucan_gapseq	2100	2578	924	R_EX_cpd11416_c0	2.214217	0.026340	0.051944
MGYG000001307__gradient_L8_hmo_gapseq	2100	2578	924	R_EX_cpd11416_c0	2.214217	0.026340	0.051873
MGYG000001307__gradient_L9_mos_gapseq	2100	2578	924	R_EX_cpd11416_c0	2.347921	0.026340	0.055538
MGYG000001316__gradient_L0_base_gapseq	1555	1814	469	R_EX_cpd11416_c0	1.098916	0.018237	0.027420
MGYG000001316__gradient_L1_inulin_gapseq	1555	1814	469	R_EX_cpd11416_c0	1.353116	0.018237	0.028799
MGYG000001316__gradient_L2_fos_gapseq	1555	1814	469	R_EX_cpd11416_c0	1.353116	0.018237	0.028651
MGYG000001316__gradient_L3_gos_gapseq	1555	1814	469	R_EX_cpd11416_c0	1.628826	0.018237	0.027820
MGYG000001316__gradient_L4_xos_gapseq	1555	1814	469	R_EX_cpd11416_c0	1.785712	0.018237	0.029662
MGYG000001316__gradient_L5_pectin_gapseq	1555	1814	469	R_EX_cpd11416_c0	1.832704	0.018237	0.028270
MGYG000001316__gradient_L6_resistant_starch_gapseq	1555	1814	469	R_EX_cpd11416_c0	2.276100	0.018237	0.028225
MGYG000001316__gradient_L7_bglucan_gapseq	1555	1814	469	R_EX_cpd11416_c0	2.276100	0.018237	0.029058
MGYG000001316__gradient_L8_hmo_gapseq	1555	1814	469	R_EX_cpd11416_c0	2.276100	0.018237	0.029177
MGYG000001316__gradient_L9_mos_gapseq	1555	1814	469	R_EX_cpd11416_c0	2.276100	0.018237	0.028985
MGYG000001318__gradient_L0_base_gapseq	2250	2839	1238	R_EX_cpd11416_c0	1.570430	0.029352	0.056151
MGYG000001318__gradient_L1_inulin_gapseq	2250	2839	1238	R_EX_cpd11416_c0	1.897184	0.029352	0.056452
MGYG000001318__gradient_L2_fos_gapseq	2250	2839	1238	R_EX_cpd11416_c0	1.897184	0.029352	0.056686
MGYG000001318__gradient_L3_gos_gapseq	2250	2839	1238	R_EX_cpd11416_c0	2.237247	0.029352	0.058867
MGYG000001318__gradient_L4_xos_gapseq	2250	2839	1238	R_EX_cpd11416_c0	2.405722	0.029352	0.058934
MGYG000001318__gradient_L5_pectin_gapseq	2250	2839	1238	R_EX_cpd11416_c0	2.449022	0.029352	0.058121
MGYG000001318__gradient_L6_resistant_starch_gapseq	2250	2839	1238	R_EX_cpd11416_c0	3.116361	0.029352	0.059527
MGYG000001318__gradient_L7_bglucan_gapseq	2250	2839	1238	R_EX_cpd11416_c0	3.333933	0.029352	0.060537
MGYG000001318__gradient_L8_hmo_gapseq	2250	2839	1238	R_EX_cpd11416_c0	3.333933	0.029352	0.060274
MGYG000001318__gradient_L9_mos_gapseq	2250	2839	1238	R_EX_cpd11416_c0	3.473783	0.029352	0.062283
MGYG000001319__gradient_L0_base_gapseq	1273	1419	337	R_EX_cpd11416_c0	-0.000000	0.014614	0.007455
MGYG000001319__gradient_L1_inulin_gapseq	1273	1419	337	R_EX_cpd11416_c0	-0.000000	0.014614	0.007415
MGYG000001319__gradient_L2_fos_gapseq	1273	1419	337	R_EX_cpd11416_c0	-0.000000	0.014614	0.007444
MGYG000001319__gradient_L3_gos_gapseq	1273	1419	337	R_EX_cpd11416_c0	0.596845	0.014614	0.019677
MGYG000001319__gradient_L4_xos_gapseq	1273	1419	337	R_EX_cpd11416_c0	0.596845	0.014614	0.019571
MGYG000001319__gradient_L5_pectin_gapseq	1273	1419	337	R_EX_cpd11416_c0	0.596845	0.014614	0.019531
MGYG000001319__gradient_L6_resistant_starch_gapseq	1273	1419	337	R_EX_cpd11416_c0	1.092396	0.014614	0.019754
MGYG000001319__gradient_L7_bglucan_gapseq	1273	1419	337	R_EX_cpd11416_c0	1.092396	0.014614	0.019714
MGYG000001319__gradient_L8_hmo_gapseq	1273	1419	337	R_EX_cpd11416_c0	1.092396	0.014614	0.019776
MGYG000001319__gradient_L9_mos_gapseq	1273	1419	337	R_EX_cpd11416_c0	1.092396	0.014614	0.019729
MGYG000001323__gradient_L0_base_gapseq	2212	2725	1009	R_EX_cpd11416_c0	1.410520	0.027221	0.055933
MGYG000001323__gradient_L1_inulin_gapseq	2212	2725	1009	R_EX_cpd11416_c0	1.688962	0.027221	0.053986
MGYG000001323__gradient_L2_fos_gapseq	2212	2725	1009	R_EX_cpd11416_c0	1.688962	0.027221	0.053915
MGYG000001323__gradient_L3_gos_gapseq	2212	2725	1009	R_EX_cpd11416_c0	1.990382	0.027221	0.058651
MGYG000001323__gradient_L4_xos_gapseq	2212	2725	1009	R_EX_cpd11416_c0	2.069228	0.027221	0.060475
MGYG000001323__gradient_L5_pectin_gapseq	2212	2725	1009	R_EX_cpd11416_c0	2.113383	0.027221	0.059539
MGYG000001323__gradient_L6_resistant_starch_gapseq	2212	2725	1009	R_EX_cpd11416_c0	2.707145	0.027221	0.059230
MGYG000001323__gradient_L7_bglucan_gapseq	2212	2725	1009	R_EX_cpd11416_c0	2.905827	0.027221	0.057302
MGYG000001323__gradient_L8_hmo_gapseq	2212	2725	1009	R_EX_cpd11416_c0	2.905827	0.027221	0.057340
MGYG000001323__gradient_L9_mos_gapseq	2212	2725	1009	R_EX_cpd11416_c0	3.034062	0.027221	0.058050
MGYG000001328__gradient_L0_base_gapseq	1648	1956	586	R_EX_cpd11416_c0	1.255353	0.019698	0.033531
MGYG000001328__gradient_L1_inulin_gapseq	1648	1956	586	R_EX_cpd11416_c0	1.594640	0.019698	0.032558
MGYG000001328__gradient_L2_fos_gapseq	1648	1956	586	R_EX_cpd11416_c0	1.594640	0.019698	0.033367
MGYG000001328__gradient_L3_gos_gapseq	1648	1956	586	R_EX_cpd11416_c0	1.944530	0.019698	0.042848
MGYG000001328__gradient_L4_xos_gapseq	1648	1956	586	R_EX_cpd11416_c0	2.001785	0.019698	0.034544
MGYG000001328__gradient_L5_pectin_gapseq	1648	1956	586	R_EX_cpd11416_c0	2.001785	0.019698	0.033636
MGYG000001328__gradient_L6_resistant_starch_gapseq	1648	1956	586	R_EX_cpd11416_c0	2.741856	0.019698	0.033854
MGYG000001328__gradient_L7_bglucan_gapseq	1648	1956	586	R_EX_cpd11416_c0	2.989960	0.019698	0.033838
MGYG000001328__gradient_L8_hmo_gapseq	1648	1956	586	R_EX_cpd11416_c0	3.163844	0.019698	0.033857
MGYG000001328__gradient_L9_mos_gapseq	1648	1956	586	R_EX_cpd11416_c0	3.333488	0.019698	0.032657
MGYG000001331__gradient_L0_base_gapseq	1540	1677	436	R_EX_cpd11416_c0	0.388864	0.016692	0.025202
MGYG000001331__gradient_L1_inulin_gapseq	1540	1677	436	R_EX_cpd11416_c0	0.487566	0.016692	0.031057
MGYG000001331__gradient_L2_fos_gapseq	1540	1677	436	R_EX_cpd11416_c0	0.487566	0.016692	0.035173
MGYG000001331__gradient_L3_gos_gapseq	1540	1677	436	R_EX_cpd11416_c0	0.487566	0.016692	0.035103
MGYG000001331__gradient_L4_xos_gapseq	1540	1677	436	R_EX_cpd11416_c0	0.487566	0.016692	0.026216
MGYG000001331__gradient_L5_pectin_gapseq	1540	1677	436	R_EX_cpd11416_c0	0.487566	0.016692	0.027217
MGYG000001331__gradient_L6_resistant_starch_gapseq	1540	1677	436	R_EX_cpd11416_c0	0.717923	0.016692	0.026570
MGYG000001331__gradient_L7_bglucan_gapseq	1540	1677	436	R_EX_cpd11416_c0	0.717923	0.016692	0.026373
MGYG000001331__gradient_L8_hmo_gapseq	1540	1677	436	R_EX_cpd11416_c0	0.717923	0.016692	0.025349
MGYG000001331__gradient_L9_mos_gapseq	1540	1677	436	R_EX_cpd11416_c0	0.717923	0.016692	0.024957
MGYG000001357__gradient_L0_base_gapseq	1239	1385	323	R_EX_cpd11416_c0	0.267238	0.013830	0.020188
MGYG000001357__gradient_L1_inulin_gapseq	1239	1385	323	R_EX_cpd11416_c0	0.342255	0.013830	0.020561
MGYG000001357__gradient_L2_fos_gapseq	1239	1385	323	R_EX_cpd11416_c0	0.342255	0.013830	0.020505
MGYG000001357__gradient_L3_gos_gapseq	1239	1385	323	R_EX_cpd11416_c0	0.342255	0.013830	0.020477
MGYG000001357__gradient_L4_xos_gapseq	1239	1385	323	R_EX_cpd11416_c0	0.342255	0.013830	0.020547
MGYG000001357__gradient_L5_pectin_gapseq	1239	1385	323	R_EX_cpd11416_c0	0.342255	0.013830	0.020535
MGYG000001357__gradient_L6_resistant_starch_gapseq	1239	1385	323	R_EX_cpd11416_c0	0.407895	0.013830	0.020229
MGYG000001357__gradient_L7_bglucan_gapseq	1239	1385	323	R_EX_cpd11416_c0	0.407895	0.013830	0.020132
MGYG000001357__gradient_L8_hmo_gapseq	1239	1385	323	R_EX_cpd11416_c0	0.407895	0.013830	0.020144
MGYG000001357__gradient_L9_mos_gapseq	1239	1385	323	R_EX_cpd11416_c0	0.473535	0.013830	0.020311
MGYG000001374__gradient_L0_base_gapseq	1317	1511	391	R_EX_cpd11416_c0	-0.000000	0.015184	0.007778
MGYG000001374__gradient_L1_inulin_gapseq	1317	1511	391	R_EX_cpd11416_c0	-0.000000	0.015184	0.008346
MGYG000001374__gradient_L2_fos_gapseq	1317	1511	391	R_EX_cpd11416_c0	-0.000000	0.015184	0.008314
MGYG000001374__gradient_L3_gos_gapseq	1317	1511	391	R_EX_cpd11416_c0	-0.000000	0.015184	0.008071
MGYG000001374__gradient_L4_xos_gapseq	1317	1511	391	R_EX_cpd11416_c0	1.239547	0.015184	0.020948
MGYG000001374__gradient_L5_pectin_gapseq	1317	1511	391	R_EX_cpd11416_c0	1.239547	0.015184	0.020929
MGYG000001374__gradient_L6_resistant_starch_gapseq	1317	1511	391	R_EX_cpd11416_c0	1.951224	0.015184	0.020772
MGYG000001374__gradient_L7_bglucan_gapseq	1317	1511	391	R_EX_cpd11416_c0	2.201273	0.015184	0.020784
MGYG000001374__gradient_L8_hmo_gapseq	1317	1511	391	R_EX_cpd11416_c0	2.376521	0.015184	0.021190
MGYG000001374__gradient_L9_mos_gapseq	1317	1511	391	R_EX_cpd11416_c0	2.376521	0.015184	0.021100
MGYG000001375__gradient_L0_base_gapseq	1230	1333	291	R_EX_cpd11416_c0	-0.000000	0.013284	0.006922
MGYG000001375__gradient_L1_inulin_gapseq	1230	1333	291	R_EX_cpd11416_c0	-0.000000	0.013284	0.006633
MGYG000001375__gradient_L2_fos_gapseq	1230	1333	291	R_EX_cpd11416_c0	-0.000000	0.013284	0.006768
MGYG000001375__gradient_L3_gos_gapseq	1230	1333	291	R_EX_cpd11416_c0	0.908404	0.013284	0.017116
MGYG000001375__gradient_L4_xos_gapseq	1230	1333	291	R_EX_cpd11416_c0	1.013201	0.013284	0.017179
MGYG000001375__gradient_L5_pectin_gapseq	1230	1333	291	R_EX_cpd11416_c0	1.013201	0.013284	0.017121
MGYG000001375__gradient_L6_resistant_starch_gapseq	1230	1333	291	R_EX_cpd11416_c0	1.740795	0.013284	0.016903
MGYG000001375__gradient_L7_bglucan_gapseq	1230	1333	291	R_EX_cpd11416_c0	1.984717	0.013284	0.016907
MGYG000001375__gradient_L8_hmo_gapseq	1230	1333	291	R_EX_cpd11416_c0	1.984717	0.013284	0.016919
MGYG000001375__gradient_L9_mos_gapseq	1230	1333	291	R_EX_cpd11416_c0	2.118144	0.013284	0.017367
MGYG000001378__gradient_L0_base_gapseq	1559	1896	664	R_EX_cpd11416_c0	-0.000000	0.019503	0.012407
MGYG000001378__gradient_L1_inulin_gapseq	1559	1896	664	R_EX_cpd11416_c0	-0.000000	0.019503	0.012280
MGYG000001378__gradient_L2_fos_gapseq	1559	1896	664	R_EX_cpd11416_c0	-0.000000	0.019503	0.012264
MGYG000001378__gradient_L3_gos_gapseq	1559	1896	664	R_EX_cpd11416_c0	-0.000000	0.019503	0.012250
MGYG000001378__gradient_L4_xos_gapseq	1559	1896	664	R_EX_cpd11416_c0	-0.000000	0.019503	0.012807
MGYG000001378__gradient_L5_pectin_gapseq	1559	1896	664	R_EX_cpd11416_c0	-0.000000	0.019503	0.012518
MGYG000001378__gradient_L6_resistant_starch_gapseq	1559	1896	664	R_EX_cpd11416_c0	-0.000000	0.019503	0.012774
MGYG000001378__gradient_L7_bglucan_gapseq	1559	1896	664	R_EX_cpd11416_c0	-0.000000	0.019503	0.012959
MGYG000001378__gradient_L8_hmo_gapseq	1559	1896	664	R_EX_cpd11416_c0	-0.000000	0.019503	0.013007
MGYG000001378__gradient_L9_mos_gapseq	1559	1896	664	R_EX_cpd11416_c0	-0.000000	0.019503	0.012967
MGYG000001380__gradient_L0_base_gapseq	1436	1699	503	R_EX_cpd11416_c0	0.755395	0.016368	0.024754
MGYG000001380__gradient_L1_inulin_gapseq	1436	1699	503	R_EX_cpd11416_c0	0.982016	0.016368	0.024921
MGYG000001380__gradient_L2_fos_gapseq	1436	1699	503	R_EX_cpd11416_c0	0.982016	0.016368	0.024949
MGYG000001380__gradient_L3_gos_gapseq	1436	1699	503	R_EX_cpd11416_c0	1.175160	0.016368	0.025785
MGYG000001380__gradient_L4_xos_gapseq	1436	1699	503	R_EX_cpd11416_c0	1.209589	0.016368	0.026548
MGYG000001380__gradient_L5_pectin_gapseq	1436	1699	503	R_EX_cpd11416_c0	1.209589	0.016368	0.024956
MGYG000001380__gradient_L6_resistant_starch_gapseq	1436	1699	503	R_EX_cpd11416_c0	1.680116	0.016368	0.024555
MGYG000001380__gradient_L7_bglucan_gapseq	1436	1699	503	R_EX_cpd11416_c0	1.838489	0.016368	0.025559
MGYG000001380__gradient_L8_hmo_gapseq	1436	1699	503	R_EX_cpd11416_c0	1.953252	0.016368	0.025657
MGYG000001380__gradient_L9_mos_gapseq	1436	1699	503	R_EX_cpd11416_c0	1.953252	0.016368	0.025660
MGYG000001381__gradient_L0_base_gapseq	1622	1829	475	R_EX_cpd11416_c0	0.410248	0.018419	0.027315
MGYG000001381__gradient_L1_inulin_gapseq	1622	1829	475	R_EX_cpd11416_c0	0.626900	0.018419	0.027799
MGYG000001381__gradient_L2_fos_gapseq	1622	1829	475	R_EX_cpd11416_c0	0.626900	0.018419	0.027727
MGYG000001381__gradient_L3_gos_gapseq	1622	1829	475	R_EX_cpd11416_c0	0.626900	0.018419	0.027788
MGYG000001381__gradient_L4_xos_gapseq	1622	1829	475	R_EX_cpd11416_c0	0.626900	0.018419	0.027819
MGYG000001381__gradient_L5_pectin_gapseq	1622	1829	475	R_EX_cpd11416_c0	0.626900	0.018419	0.027744
MGYG000001381__gradient_L6_resistant_starch_gapseq	1622	1829	475	R_EX_cpd11416_c0	1.111911	0.018419	0.028479
MGYG000001381__gradient_L7_bglucan_gapseq	1622	1829	475	R_EX_cpd11416_c0	1.111911	0.018419	0.028458
MGYG000001381__gradient_L8_hmo_gapseq	1622	1829	475	R_EX_cpd11416_c0	1.111911	0.018419	0.028472
MGYG000001381__gradient_L9_mos_gapseq	1622	1829	475	R_EX_cpd11416_c0	1.111911	0.018419	0.028425
MGYG000001390__gradient_L0_base_gapseq	1889	2351	630	R_EX_cpd11416_c0	1.147243	0.023327	0.048495
MGYG000001390__gradient_L1_inulin_gapseq	1889	2351	630	R_EX_cpd11416_c0	1.400182	0.023327	0.048499
MGYG000001390__gradient_L2_fos_gapseq	1889	2351	630	R_EX_cpd11416_c0	1.400182	0.023327	0.048419
MGYG000001390__gradient_L3_gos_gapseq	1889	2351	630	R_EX_cpd11416_c0	1.673356	0.023327	0.047074
MGYG000001390__gradient_L4_xos_gapseq	1889	2351	630	R_EX_cpd11416_c0	1.737335	0.023327	0.047246
MGYG000001390__gradient_L5_pectin_gapseq	1889	2351	630	R_EX_cpd11416_c0	1.775127	0.023327	0.046819
MGYG000001390__gradient_L6_resistant_starch_gapseq	1889	2351	630	R_EX_cpd11416_c0	2.363713	0.023327	0.050654
MGYG000001390__gradient_L7_bglucan_gapseq	1889	2351	630	R_EX_cpd11416_c0	2.363713	0.023327	0.050580
MGYG000001390__gradient_L8_hmo_gapseq	1889	2351	630	R_EX_cpd11416_c0	2.363713	0.023327	0.050529
MGYG000001390__gradient_L9_mos_gapseq	1889	2351	630	R_EX_cpd11416_c0	2.457963	0.023327	0.047649
MGYG000001393__gradient_L0_base_gapseq	2265	2842	1164	R_EX_cpd11416_c0	1.801374	0.029166	0.057880
MGYG000001393__gradient_L1_inulin_gapseq	2265	2842	1164	R_EX_cpd11416_c0	2.142384	0.029166	0.060003
MGYG000001393__gradient_L2_fos_gapseq	2265	2842	1164	R_EX_cpd11416_c0	2.142384	0.029166	0.060173
MGYG000001393__gradient_L3_gos_gapseq	2265	2842	1164	R_EX_cpd11416_c0	2.486269	0.029166	0.061654
MGYG000001393__gradient_L4_xos_gapseq	2265	2842	1164	R_EX_cpd11416_c0	2.663941	0.029166	0.061609
MGYG000001393__gradient_L5_pectin_gapseq	2265	2842	1164	R_EX_cpd11416_c0	2.716836	0.029166	0.059979
MGYG000001393__gradient_L6_resistant_starch_gapseq	2265	2842	1164	R_EX_cpd11416_c0	3.195793	0.029166	0.061553
MGYG000001393__gradient_L7_bglucan_gapseq	2265	2842	1164	R_EX_cpd11416_c0	3.195793	0.029166	0.060203
MGYG000001393__gradient_L8_hmo_gapseq	2265	2842	1164	R_EX_cpd11416_c0	3.195793	0.029166	0.060307
MGYG000001393__gradient_L9_mos_gapseq	2265	2842	1164	R_EX_cpd11416_c0	3.195793	0.029166	0.063980
MGYG000001403__gradient_L0_base_gapseq	1860	2273	675	R_EX_cpd11416_c0	0.721571	0.022561	0.049707
MGYG000001403__gradient_L1_inulin_gapseq	1860	2273	675	R_EX_cpd11416_c0	0.925059	0.022561	0.047170
MGYG000001403__gradient_L2_fos_gapseq	1860	2273	675	R_EX_cpd11416_c0	0.925059	0.022561	0.046988
MGYG000001403__gradient_L3_gos_gapseq	1860	2273	675	R_EX_cpd11416_c0	1.138595	0.022561	0.046254
MGYG000001403__gradient_L4_xos_gapseq	1860	2273	675	R_EX_cpd11416_c0	1.192936	0.022561	0.047125
MGYG000001403__gradient_L5_pectin_gapseq	1860	2273	675	R_EX_cpd11416_c0	1.192936	0.022561	0.047069
MGYG000001403__gradient_L6_resistant_starch_gapseq	1860	2273	675	R_EX_cpd11416_c0	1.640674	0.022561	0.049633
MGYG000001403__gradient_L7_bglucan_gapseq	1860	2273	675	R_EX_cpd11416_c0	1.794512	0.022561	0.048150
MGYG000001403__gradient_L8_hmo_gapseq	1860	2273	675	R_EX_cpd11416_c0	1.794512	0.022561	0.048027
MGYG000001403__gradient_L9_mos_gapseq	1860	2273	675	R_EX_cpd11416_c0	1.892478	0.022561	0.049443
MGYG000001404__gradient_L0_base_gapseq	1655	1960	669	R_EX_cpd11416_c0	0.820866	0.020155	0.035844
MGYG000001404__gradient_L1_inulin_gapseq	1655	1960	669	R_EX_cpd11416_c0	1.088095	0.020155	0.033993
MGYG000001404__gradient_L2_fos_gapseq	1655	1960	669	R_EX_cpd11416_c0	1.088095	0.020155	0.033947
MGYG000001404__gradient_L3_gos_gapseq	1655	1960	669	R_EX_cpd11416_c0	1.179078	0.020155	0.035324
MGYG000001404__gradient_L4_xos_gapseq	1655	1960	669	R_EX_cpd11416_c0	1.234175	0.020155	0.035040
MGYG000001404__gradient_L5_pectin_gapseq	1655	1960	669	R_EX_cpd11416_c0	1.234175	0.020155	0.035056
MGYG000001404__gradient_L6_resistant_starch_gapseq	1655	1960	669	R_EX_cpd11416_c0	1.748500	0.020155	0.035565
MGYG000001404__gradient_L7_bglucan_gapseq	1655	1960	669	R_EX_cpd11416_c0	1.748500	0.020155	0.035444
MGYG000001404__gradient_L8_hmo_gapseq	1655	1960	669	R_EX_cpd11416_c0	1.748500	0.020155	0.035525
MGYG000001404__gradient_L9_mos_gapseq	1655	1960	669	R_EX_cpd11416_c0	1.862588	0.020155	0.034423
MGYG000001408__gradient_L0_base_gapseq	1674	1948	580	R_EX_cpd11416_c0	0.210519	0.020701	0.034189
MGYG000001408__gradient_L1_inulin_gapseq	1674	1948	580	R_EX_cpd11416_c0	0.292958	0.020701	0.033629
MGYG000001408__gradient_L2_fos_gapseq	1674	1948	580	R_EX_cpd11416_c0	0.292958	0.020701	0.033700
MGYG000001408__gradient_L3_gos_gapseq	1674	1948	580	R_EX_cpd11416_c0	0.292958	0.020701	0.033315
MGYG000001408__gradient_L4_xos_gapseq	1674	1948	580	R_EX_cpd11416_c0	0.334461	0.020701	0.033309
MGYG000001408__gradient_L5_pectin_gapseq	1674	1948	580	R_EX_cpd11416_c0	0.334461	0.020701	0.033320
MGYG000001408__gradient_L6_resistant_starch_gapseq	1674	1948	580	R_EX_cpd11416_c0	0.646266	0.020701	0.034598
MGYG000001408__gradient_L7_bglucan_gapseq	1674	1948	580	R_EX_cpd11416_c0	0.646266	0.020701	0.034628
MGYG000001408__gradient_L8_hmo_gapseq	1674	1948	580	R_EX_cpd11416_c0	0.646266	0.020701	0.034692
MGYG000001408__gradient_L9_mos_gapseq	1674	1948	580	R_EX_cpd11416_c0	0.710572	0.020701	0.036899
MGYG000001420__gradient_L0_base_gapseq	1354	1554	442	R_EX_cpd11416_c0	-0.000000	0.015415	0.009009
MGYG000001420__gradient_L1_inulin_gapseq	1354	1554	442	R_EX_cpd11416_c0	-0.000000	0.015415	0.009250
MGYG000001420__gradient_L2_fos_gapseq	1354	1554	442	R_EX_cpd11416_c0	-0.000000	0.015415	0.009240
MGYG000001420__gradient_L3_gos_gapseq	1354	1554	442	R_EX_cpd11416_c0	-0.000000	0.015415	0.009469
MGYG000001420__gradient_L4_xos_gapseq	1354	1554	442	R_EX_cpd11416_c0	-0.000000	0.015415	0.009197
MGYG000001420__gradient_L5_pectin_gapseq	1354	1554	442	R_EX_cpd11416_c0	-0.000000	0.015415	0.009353
MGYG000001420__gradient_L6_resistant_starch_gapseq	1354	1554	442	R_EX_cpd11416_c0	-0.000000	0.015415	0.009637
MGYG000001420__gradient_L7_bglucan_gapseq	1354	1554	442	R_EX_cpd11416_c0	-0.000000	0.015415	0.009658
MGYG000001420__gradient_L8_hmo_gapseq	1354	1554	442	R_EX_cpd11416_c0	-0.000000	0.015415	0.009598
MGYG000001420__gradient_L9_mos_gapseq	1354	1554	442	R_EX_cpd11416_c0	-0.000000	0.015415	0.009462
MGYG000001430__gradient_L0_base_gapseq	1233	1400	367	R_EX_cpd11416_c0	-0.000000	0.014448	0.007362
MGYG000001430__gradient_L1_inulin_gapseq	1233	1400	367	R_EX_cpd11416_c0	-0.000000	0.014448	0.007256
MGYG000001430__gradient_L2_fos_gapseq	1233	1400	367	R_EX_cpd11416_c0	-0.000000	0.014448	0.007287
MGYG000001430__gradient_L3_gos_gapseq	1233	1400	367	R_EX_cpd11416_c0	-0.000000	0.014448	0.007278
MGYG000001430__gradient_L4_xos_gapseq	1233	1400	367	R_EX_cpd11416_c0	-0.000000	0.014448	0.007044
MGYG000001430__gradient_L5_pectin_gapseq	1233	1400	367	R_EX_cpd11416_c0	-0.000000	0.014448	0.007062
MGYG000001430__gradient_L6_resistant_starch_gapseq	1233	1400	367	R_EX_cpd11416_c0	-0.000000	0.014448	0.007325
MGYG000001430__gradient_L7_bglucan_gapseq	1233	1400	367	R_EX_cpd11416_c0	-0.000000	0.014448	0.007327
MGYG000001430__gradient_L8_hmo_gapseq	1233	1400	367	R_EX_cpd11416_c0	-0.000000	0.014448	0.007281
MGYG000001430__gradient_L9_mos_gapseq	1233	1400	367	R_EX_cpd11416_c0	-0.000000	0.014448	0.007106
MGYG000001443__gradient_L0_base_gapseq	2197	2591	1097	R_EX_cpd11416_c0	0.971716	0.028060	0.052248
MGYG000001443__gradient_L1_inulin_gapseq	2197	2591	1097	R_EX_cpd11416_c0	1.186168	0.028060	0.051345
MGYG000001443__gradient_L2_fos_gapseq	2197	2591	1097	R_EX_cpd11416_c0	1.186168	0.028060	0.051245
MGYG000001443__gradient_L3_gos_gapseq	2197	2591	1097	R_EX_cpd11416_c0	1.412870	0.028060	0.050938
MGYG000001443__gradient_L4_xos_gapseq	2197	2591	1097	R_EX_cpd11416_c0	1.470118	0.028060	0.052242
MGYG000001443__gradient_L5_pectin_gapseq	2197	2591	1097	R_EX_cpd11416_c0	1.470118	0.028060	0.052287
MGYG000001443__gradient_L6_resistant_starch_gapseq	2197	2591	1097	R_EX_cpd11416_c0	1.969320	0.028060	0.051023
MGYG000001443__gradient_L7_bglucan_gapseq	2197	2591	1097	R_EX_cpd11416_c0	2.131904	0.028060	0.050534
MGYG000001443__gradient_L8_hmo_gapseq	2197	2591	1097	R_EX_cpd11416_c0	2.131904	0.028060	0.050363
MGYG000001443__gradient_L9_mos_gapseq	2197	2591	1097	R_EX_cpd11416_c0	2.226554	0.028060	0.050812
MGYG000001444__gradient_L0_base_gapseq	1312	1423	360	R_EX_cpd11416_c0	0.325934	0.014818	0.021264
MGYG000001444__gradient_L1_inulin_gapseq	1312	1423	360	R_EX_cpd11416_c0	0.467558	0.014818	0.020077
MGYG000001444__gradient_L2_fos_gapseq	1312	1423	360	R_EX_cpd11416_c0	0.467558	0.014818	0.020008
MGYG000001444__gradient_L3_gos_gapseq	1312	1423	360	R_EX_cpd11416_c0	0.467558	0.014818	0.020059
MGYG000001444__gradient_L4_xos_gapseq	1312	1423	360	R_EX_cpd11416_c0	0.467558	0.014818	0.019999
MGYG000001444__gradient_L5_pectin_gapseq	1312	1423	360	R_EX_cpd11416_c0	0.467558	0.014818	0.020045
MGYG000001444__gradient_L6_resistant_starch_gapseq	1312	1423	360	R_EX_cpd11416_c0	0.467558	0.014818	0.020001
MGYG000001444__gradient_L7_bglucan_gapseq	1312	1423	360	R_EX_cpd11416_c0	0.467558	0.014818	0.020017
MGYG000001444__gradient_L8_hmo_gapseq	1312	1423	360	R_EX_cpd11416_c0	0.467558	0.014818	0.020056
MGYG000001444__gradient_L9_mos_gapseq	1312	1423	360	R_EX_cpd11416_c0	0.467558	0.014818	0.020027
MGYG000001454__gradient_L0_base_gapseq	1166	1314	310	R_EX_cpd11416_c0	-0.000000	0.013396	0.007002
MGYG000001454__gradient_L1_inulin_gapseq	1166	1314	310	R_EX_cpd11416_c0	0.493812	0.013396	0.017625
MGYG000001454__gradient_L2_fos_gapseq	1166	1314	310	R_EX_cpd11416_c0	0.493812	0.013396	0.017769
MGYG000001454__gradient_L3_gos_gapseq	1166	1314	310	R_EX_cpd11416_c0	0.607257	0.013396	0.018245
MGYG000001454__gradient_L4_xos_gapseq	1166	1314	310	R_EX_cpd11416_c0	0.607257	0.013396	0.018096
MGYG000001454__gradient_L5_pectin_gapseq	1166	1314	310	R_EX_cpd11416_c0	0.607257	0.013396	0.017926
MGYG000001454__gradient_L6_resistant_starch_gapseq	1166	1314	310	R_EX_cpd11416_c0	1.355306	0.013396	0.018442
MGYG000001454__gradient_L7_bglucan_gapseq	1166	1314	310	R_EX_cpd11416_c0	1.602302	0.013396	0.017514
MGYG000001454__gradient_L8_hmo_gapseq	1166	1314	310	R_EX_cpd11416_c0	1.602302	0.013396	0.017519
MGYG000001454__gradient_L9_mos_gapseq	1166	1314	310	R_EX_cpd11416_c0	1.602302	0.013396	0.017532
MGYG000001457__gradient_L0_base_gapseq	2226	2654	1093	R_EX_cpd11416_c0	0.666261	0.027754	0.051243
MGYG000001457__gradient_L1_inulin_gapseq	2226	2654	1093	R_EX_cpd11416_c0	0.808501	0.027754	0.052402
MGYG000001457__gradient_L2_fos_gapseq	2226	2654	1093	R_EX_cpd11416_c0	0.808501	0.027754	0.052419
MGYG000001457__gradient_L3_gos_gapseq	2226	2654	1093	R_EX_cpd11416_c0	0.808501	0.027754	0.053180
MGYG000001457__gradient_L4_xos_gapseq	2226	2654	1093	R_EX_cpd11416_c0	0.896236	0.027754	0.051674
MGYG000001457__gradient_L5_pectin_gapseq	2226	2654	1093	R_EX_cpd11416_c0	0.896236	0.027754	0.051537
MGYG000001457__gradient_L6_resistant_starch_gapseq	2226	2654	1093	R_EX_cpd11416_c0	1.512886	0.027754	0.052351
MGYG000001457__gradient_L7_bglucan_gapseq	2226	2654	1093	R_EX_cpd11416_c0	1.713927	0.027754	0.054144
MGYG000001457__gradient_L8_hmo_gapseq	2226	2654	1093	R_EX_cpd11416_c0	1.713927	0.027754	0.054121
MGYG000001457__gradient_L9_mos_gapseq	2226	2654	1093	R_EX_cpd11416_c0	1.843354	0.027754	0.056586
MGYG000001488__gradient_L0_base_gapseq	1782	2087	555	R_EX_cpd11416_c0	0.622033	0.021627	0.036007
MGYG000001488__gradient_L1_inulin_gapseq	1782	2087	555	R_EX_cpd11416_c0	0.823001	0.021627	0.037582
MGYG000001488__gradient_L2_fos_gapseq	1782	2087	555	R_EX_cpd11416_c0	0.823001	0.021627	0.037510
MGYG000001488__gradient_L3_gos_gapseq	1782	2087	555	R_EX_cpd11416_c0	0.980904	0.021627	0.036918
MGYG000001488__gradient_L4_xos_gapseq	1782	2087	555	R_EX_cpd11416_c0	1.023968	0.021627	0.041858
MGYG000001488__gradient_L5_pectin_gapseq	1782	2087	555	R_EX_cpd11416_c0	1.023968	0.021627	0.041767
MGYG000001488__gradient_L6_resistant_starch_gapseq	1782	2087	555	R_EX_cpd11416_c0	1.496988	0.021627	0.039175
MGYG000001488__gradient_L7_bglucan_gapseq	1782	2087	555	R_EX_cpd11416_c0	1.496988	0.021627	0.039041
MGYG000001488__gradient_L8_hmo_gapseq	1782	2087	555	R_EX_cpd11416_c0	1.496988	0.021627	0.039224
MGYG000001488__gradient_L9_mos_gapseq	1782	2087	555	R_EX_cpd11416_c0	1.594032	0.021627	0.039477
MGYG000001553__gradient_L0_base_gapseq	1502	1712	393	R_EX_cpd11416_c0	0.936018	0.016714	0.028016
MGYG000001553__gradient_L1_inulin_gapseq	1502	1712	393	R_EX_cpd11416_c0	1.185583	0.016714	0.028582
MGYG000001553__gradient_L2_fos_gapseq	1502	1712	393	R_EX_cpd11416_c0	1.185583	0.016714	0.028529
MGYG000001553__gradient_L3_gos_gapseq	1502	1712	393	R_EX_cpd11416_c0	1.262805	0.016714	0.027458
MGYG000001553__gradient_L4_xos_gapseq	1502	1712	393	R_EX_cpd11416_c0	1.271890	0.016714	0.028131
MGYG000001553__gradient_L5_pectin_gapseq	1502	1712	393	R_EX_cpd11416_c0	1.271890	0.016714	0.028088
MGYG000001553__gradient_L6_resistant_starch_gapseq	1502	1712	393	R_EX_cpd11416_c0	1.795687	0.016714	0.027785
MGYG000001553__gradient_L7_bglucan_gapseq	1502	1712	393	R_EX_cpd11416_c0	1.968129	0.016714	0.027870
MGYG000001553__gradient_L8_hmo_gapseq	1502	1712	393	R_EX_cpd11416_c0	1.968129	0.016714	0.027805
MGYG000001553__gradient_L9_mos_gapseq	1502	1712	393	R_EX_cpd11416_c0	2.078492	0.016714	0.029344
MGYG000001554__gradient_L0_base_gapseq	1588	1903	473	R_EX_cpd11416_c0	0.487852	0.019373	0.033854
MGYG000001554__gradient_L1_inulin_gapseq	1588	1903	473	R_EX_cpd11416_c0	0.777010	0.019373	0.033789
MGYG000001554__gradient_L2_fos_gapseq	1588	1903	473	R_EX_cpd11416_c0	0.777010	0.019373	0.033713
MGYG000001554__gradient_L3_gos_gapseq	1588	1903	473	R_EX_cpd11416_c0	1.056101	0.019373	0.035069
MGYG000001554__gradient_L4_xos_gapseq	1588	1903	473	R_EX_cpd11416_c0	1.119682	0.019373	0.034776
MGYG000001554__gradient_L5_pectin_gapseq	1588	1903	473	R_EX_cpd11416_c0	1.119682	0.019373	0.034882
MGYG000001554__gradient_L6_resistant_starch_gapseq	1588	1903	473	R_EX_cpd11416_c0	1.652662	0.019373	0.034779
MGYG000001554__gradient_L7_bglucan_gapseq	1588	1903	473	R_EX_cpd11416_c0	1.652662	0.019373	0.034818
MGYG000001554__gradient_L8_hmo_gapseq	1588	1903	473	R_EX_cpd11416_c0	1.652662	0.019373	0.034778
MGYG000001554__gradient_L9_mos_gapseq	1588	1903	473	R_EX_cpd11416_c0	1.762942	0.019373	0.036362
MGYG000001555__gradient_L0_base_gapseq	1428	1594	360	R_EX_cpd11416_c0	-0.000000	0.016298	0.009434
MGYG000001555__gradient_L1_inulin_gapseq	1428	1594	360	R_EX_cpd11416_c0	-0.000000	0.016298	0.009262
MGYG000001555__gradient_L2_fos_gapseq	1428	1594	360	R_EX_cpd11416_c0	-0.000000	0.016298	0.009234
MGYG000001555__gradient_L3_gos_gapseq	1428	1594	360	R_EX_cpd11416_c0	-0.000000	0.016298	0.009267
MGYG000001555__gradient_L4_xos_gapseq	1428	1594	360	R_EX_cpd11416_c0	-0.000000	0.016298	0.009258
MGYG000001555__gradient_L5_pectin_gapseq	1428	1594	360	R_EX_cpd11416_c0	-0.000000	0.016298	0.009281
MGYG000001555__gradient_L6_resistant_starch_gapseq	1428	1594	360	R_EX_cpd11416_c0	-0.000000	0.016298	0.009708
MGYG000001555__gradient_L7_bglucan_gapseq	1428	1594	360	R_EX_cpd11416_c0	-0.000000	0.016298	0.009721
MGYG000001555__gradient_L8_hmo_gapseq	1428	1594	360	R_EX_cpd11416_c0	-0.000000	0.016298	0.009668
MGYG000001555__gradient_L9_mos_gapseq	1428	1594	360	R_EX_cpd11416_c0	-0.000000	0.016298	0.009690
MGYG000001563__gradient_L0_base_gapseq	1079	1150	248	R_EX_cpd11416_c0	0.404357	0.012077	0.014554
MGYG000001563__gradient_L1_inulin_gapseq	1079	1150	248	R_EX_cpd11416_c0	0.557733	0.012077	0.014468
MGYG000001563__gradient_L2_fos_gapseq	1079	1150	248	R_EX_cpd11416_c0	0.557733	0.012077	0.014462
MGYG000001563__gradient_L3_gos_gapseq	1079	1150	248	R_EX_cpd11416_c0	0.731748	0.012077	0.014568
MGYG000001563__gradient_L4_xos_gapseq	1079	1150	248	R_EX_cpd11416_c0	0.777483	0.012077	0.014358
MGYG000001563__gradient_L5_pectin_gapseq	1079	1150	248	R_EX_cpd11416_c0	0.777483	0.012077	0.014373
MGYG000001563__gradient_L6_resistant_starch_gapseq	1079	1150	248	R_EX_cpd11416_c0	0.857798	0.012077	0.014590
MGYG000001563__gradient_L7_bglucan_gapseq	1079	1150	248	R_EX_cpd11416_c0	0.857798	0.012077	0.014676
MGYG000001563__gradient_L8_hmo_gapseq	1079	1150	248	R_EX_cpd11416_c0	0.857798	0.012077	0.014450
MGYG000001563__gradient_L9_mos_gapseq	1079	1150	248	R_EX_cpd11416_c0	0.857798	0.012077	0.014447
MGYG000001586__gradient_L0_base_gapseq	1152	1273	285	R_EX_cpd11416_c0	-0.000000	0.012860	0.006514
MGYG000001586__gradient_L1_inulin_gapseq	1152	1273	285	R_EX_cpd11416_c0	-0.000000	0.012860	0.006439
MGYG000001586__gradient_L2_fos_gapseq	1152	1273	285	R_EX_cpd11416_c0	-0.000000	0.012860	0.006436
MGYG000001586__gradient_L3_gos_gapseq	1152	1273	285	R_EX_cpd11416_c0	1.333798	0.012860	0.015809
MGYG000001586__gradient_L4_xos_gapseq	1152	1273	285	R_EX_cpd11416_c0	1.333798	0.012860	0.015818
MGYG000001586__gradient_L5_pectin_gapseq	1152	1273	285	R_EX_cpd11416_c0	1.333798	0.012860	0.015858
MGYG000001586__gradient_L6_resistant_starch_gapseq	1152	1273	285	R_EX_cpd11416_c0	1.964284	0.012860	0.015815
MGYG000001586__gradient_L7_bglucan_gapseq	1152	1273	285	R_EX_cpd11416_c0	1.964284	0.012860	0.015774
MGYG000001586__gradient_L8_hmo_gapseq	1152	1273	285	R_EX_cpd11416_c0	1.964284	0.012860	0.015804
MGYG000001586__gradient_L9_mos_gapseq	1152	1273	285	R_EX_cpd11416_c0	2.109956	0.012860	0.016061
MGYG000001589__gradient_L0_base_gapseq	1312	1388	381	R_EX_cpd11416_c0	0.731796	0.014822	0.019223
MGYG000001589__gradient_L1_inulin_gapseq	1312	1388	381	R_EX_cpd11416_c0	0.901343	0.014822	0.019631
MGYG000001589__gradient_L2_fos_gapseq	1312	1388	381	R_EX_cpd11416_c0	0.901343	0.014822	0.019617
MGYG000001589__gradient_L3_gos_gapseq	1312	1388	381	R_EX_cpd11416_c0	0.901343	0.014822	0.019526
MGYG000001589__gradient_L4_xos_gapseq	1312	1388	381	R_EX_cpd11416_c0	0.901343	0.014822	0.019614
MGYG000001589__gradient_L5_pectin_gapseq	1312	1388	381	R_EX_cpd11416_c0	0.901343	0.014822	0.019532
MGYG000001589__gradient_L6_resistant_starch_gapseq	1312	1388	381	R_EX_cpd11416_c0	1.048945	0.014822	0.020372
MGYG000001589__gradient_L7_bglucan_gapseq	1312	1388	381	R_EX_cpd11416_c0	1.048945	0.014822	0.020293
MGYG000001589__gradient_L8_hmo_gapseq	1312	1388	381	R_EX_cpd11416_c0	1.048945	0.014822	0.020230
MGYG000001589__gradient_L9_mos_gapseq	1312	1388	381	R_EX_cpd11416_c0	1.048945	0.014822	0.020352
MGYG000001601__gradient_L0_base_gapseq	1294	1411	336	R_EX_cpd11416_c0	0.256650	0.014417	0.019875
MGYG000001601__gradient_L1_inulin_gapseq	1294	1411	336	R_EX_cpd11416_c0	0.332698	0.014417	0.020189
MGYG000001601__gradient_L2_fos_gapseq	1294	1411	336	R_EX_cpd11416_c0	0.332698	0.014417	0.020027
MGYG000001601__gradient_L3_gos_gapseq	1294	1411	336	R_EX_cpd11416_c0	0.332698	0.014417	0.020132
MGYG000001601__gradient_L4_xos_gapseq	1294	1411	336	R_EX_cpd11416_c0	0.346957	0.014417	0.019784
MGYG000001601__gradient_L5_pectin_gapseq	1294	1411	336	R_EX_cpd11416_c0	0.346957	0.014417	0.019756
MGYG000001601__gradient_L6_resistant_starch_gapseq	1294	1411	336	R_EX_cpd11416_c0	0.696300	0.014417	0.020498
MGYG000001601__gradient_L7_bglucan_gapseq	1294	1411	336	R_EX_cpd11416_c0	0.696300	0.014417	0.020520
MGYG000001601__gradient_L8_hmo_gapseq	1294	1411	336	R_EX_cpd11416_c0	0.696300	0.014417	0.020515
MGYG000001601__gradient_L9_mos_gapseq	1294	1411	336	R_EX_cpd11416_c0	0.696300	0.014417	0.019074
MGYG000001608__gradient_L0_base_gapseq	1326	1462	386	R_EX_cpd11416_c0	-0.000000	0.015104	0.009176
MGYG000001608__gradient_L1_inulin_gapseq	1326	1462	386	R_EX_cpd11416_c0	-0.000000	0.015104	0.009345
MGYG000001608__gradient_L2_fos_gapseq	1326	1462	386	R_EX_cpd11416_c0	-0.000000	0.015104	0.009447
MGYG000001608__gradient_L3_gos_gapseq	1326	1462	386	R_EX_cpd11416_c0	1.269873	0.015104	0.023147
MGYG000001608__gradient_L4_xos_gapseq	1326	1462	386	R_EX_cpd11416_c0	1.269873	0.015104	0.023064
MGYG000001608__gradient_L5_pectin_gapseq	1326	1462	386	R_EX_cpd11416_c0	1.269873	0.015104	0.023304
MGYG000001608__gradient_L6_resistant_starch_gapseq	1326	1462	386	R_EX_cpd11416_c0	1.431173	0.015104	0.024333
MGYG000001608__gradient_L7_bglucan_gapseq	1326	1462	386	R_EX_cpd11416_c0	1.431173	0.015104	0.024259
MGYG000001608__gradient_L8_hmo_gapseq	1326	1462	386	R_EX_cpd11416_c0	1.431173	0.015104	0.024268
MGYG000001608__gradient_L9_mos_gapseq	1326	1462	386	R_EX_cpd11416_c0	1.592473	0.015104	0.024258
MGYG000001626__gradient_L0_base_gapseq	1419	1518	379	R_EX_cpd11416_c0	0.562148	0.015996	0.023697
MGYG000001626__gradient_L1_inulin_gapseq	1419	1518	379	R_EX_cpd11416_c0	0.752173	0.015996	0.023847
MGYG000001626__gradient_L2_fos_gapseq	1419	1518	379	R_EX_cpd11416_c0	0.752173	0.015996	0.024023
MGYG000001626__gradient_L3_gos_gapseq	1419	1518	379	R_EX_cpd11416_c0	0.752173	0.015996	0.023954
MGYG000001626__gradient_L4_xos_gapseq	1419	1518	379	R_EX_cpd11416_c0	0.752173	0.015996	0.023871
MGYG000001626__gradient_L5_pectin_gapseq	1419	1518	379	R_EX_cpd11416_c0	0.752173	0.015996	0.023842
MGYG000001626__gradient_L6_resistant_starch_gapseq	1419	1518	379	R_EX_cpd11416_c0	0.902487	0.015996	0.023476
MGYG000001626__gradient_L7_bglucan_gapseq	1419	1518	379	R_EX_cpd11416_c0	0.902487	0.015996	0.023421
MGYG000001626__gradient_L8_hmo_gapseq	1419	1518	379	R_EX_cpd11416_c0	0.902487	0.015996	0.023494
MGYG000001626__gradient_L9_mos_gapseq	1419	1518	379	R_EX_cpd11416_c0	0.902487	0.015996	0.023397
MGYG000001630__gradient_L0_base_gapseq	1235	1418	318	R_EX_cpd11416_c0	0.804704	0.014419	0.019852
MGYG000001630__gradient_L1_inulin_gapseq	1235	1418	318	R_EX_cpd11416_c0	0.904163	0.014419	0.020739
MGYG000001630__gradient_L2_fos_gapseq	1235	1418	318	R_EX_cpd11416_c0	0.904163	0.014419	0.020632
MGYG000001630__gradient_L3_gos_gapseq	1235	1418	318	R_EX_cpd11416_c0	0.965570	0.014419	0.020170
MGYG000001630__gradient_L4_xos_gapseq	1235	1418	318	R_EX_cpd11416_c0	0.965570	0.014419	0.020226
MGYG000001630__gradient_L5_pectin_gapseq	1235	1418	318	R_EX_cpd11416_c0	0.965570	0.014419	0.020197
MGYG000001630__gradient_L6_resistant_starch_gapseq	1235	1418	318	R_EX_cpd11416_c0	1.038053	0.014419	0.020431
MGYG000001630__gradient_L7_bglucan_gapseq	1235	1418	318	R_EX_cpd11416_c0	1.038053	0.014419	0.020501
MGYG000001630__gradient_L8_hmo_gapseq	1235	1418	318	R_EX_cpd11416_c0	1.038053	0.014419	0.020363
MGYG000001630__gradient_L9_mos_gapseq	1235	1418	318	R_EX_cpd11416_c0	1.110536	0.014419	0.020484
MGYG000001637__gradient_L0_base_gapseq	1398	1587	407	R_EX_cpd11416_c0	0.217608	0.015411	0.022480
MGYG000001637__gradient_L1_inulin_gapseq	1398	1587	407	R_EX_cpd11416_c0	0.245993	0.015411	0.021549
MGYG000001637__gradient_L2_fos_gapseq	1398	1587	407	R_EX_cpd11416_c0	0.245993	0.015411	0.021364
MGYG000001637__gradient_L3_gos_gapseq	1398	1587	407	R_EX_cpd11416_c0	0.245993	0.015411	0.021536
MGYG000001637__gradient_L4_xos_gapseq	1398	1587	407	R_EX_cpd11416_c0	0.245993	0.015411	0.020963
MGYG000001637__gradient_L5_pectin_gapseq	1398	1587	407	R_EX_cpd11416_c0	0.245993	0.015411	0.021104
MGYG000001637__gradient_L6_resistant_starch_gapseq	1398	1587	407	R_EX_cpd11416_c0	0.246732	0.015411	0.022496
MGYG000001637__gradient_L7_bglucan_gapseq	1398	1587	407	R_EX_cpd11416_c0	0.246732	0.015411	0.021974
MGYG000001637__gradient_L8_hmo_gapseq	1398	1587	407	R_EX_cpd11416_c0	0.246732	0.015411	0.022068
MGYG000001637__gradient_L9_mos_gapseq	1398	1587	407	R_EX_cpd11416_c0	0.246732	0.015411	0.022318
MGYG000001653__gradient_L0_base_gapseq	1110	1242	297	R_EX_cpd11416_c0	-0.000000	0.012686	0.006545
MGYG000001653__gradient_L1_inulin_gapseq	1110	1242	297	R_EX_cpd11416_c0	-0.000000	0.012686	0.006543
MGYG000001653__gradient_L2_fos_gapseq	1110	1242	297	R_EX_cpd11416_c0	-0.000000	0.012686	0.006573
MGYG000001653__gradient_L3_gos_gapseq	1110	1242	297	R_EX_cpd11416_c0	-0.000000	0.012686	0.006966
MGYG000001653__gradient_L4_xos_gapseq	1110	1242	297	R_EX_cpd11416_c0	-0.000000	0.012686	0.006964
MGYG000001653__gradient_L5_pectin_gapseq	1110	1242	297	R_EX_cpd11416_c0	-0.000000	0.012686	0.006954
MGYG000001653__gradient_L6_resistant_starch_gapseq	1110	1242	297	R_EX_cpd11416_c0	-0.000000	0.012686	0.007006
MGYG000001653__gradient_L7_bglucan_gapseq	1110	1242	297	R_EX_cpd11416_c0	-0.000000	0.012686	0.006995
MGYG000001653__gradient_L8_hmo_gapseq	1110	1242	297	R_EX_cpd11416_c0	-0.000000	0.012686	0.007051
MGYG000001653__gradient_L9_mos_gapseq	1110	1242	297	R_EX_cpd11416_c0	-0.000000	0.012686	0.007015
MGYG000001657__gradient_L0_base_gapseq	1058	1175	278	R_EX_cpd11416_c0	-0.000000	0.011790	0.005586
MGYG000001657__gradient_L1_inulin_gapseq	1058	1175	278	R_EX_cpd11416_c0	-0.000000	0.011790	0.005631
MGYG000001657__gradient_L2_fos_gapseq	1058	1175	278	R_EX_cpd11416_c0	-0.000000	0.011790	0.005620
MGYG000001657__gradient_L3_gos_gapseq	1058	1175	278	R_EX_cpd11416_c0	-0.000000	0.011790	0.005641
MGYG000001657__gradient_L4_xos_gapseq	1058	1175	278	R_EX_cpd11416_c0	-0.000000	0.011790	0.005757
MGYG000001657__gradient_L5_pectin_gapseq	1058	1175	278	R_EX_cpd11416_c0	-0.000000	0.011790	0.005631
MGYG000001657__gradient_L6_resistant_starch_gapseq	1058	1175	278	R_EX_cpd11416_c0	-0.000000	0.011790	0.005815
MGYG000001657__gradient_L7_bglucan_gapseq	1058	1175	278	R_EX_cpd11416_c0	-0.000000	0.011790	0.005822
MGYG000001657__gradient_L8_hmo_gapseq	1058	1175	278	R_EX_cpd11416_c0	-0.000000	0.011790	0.005856
MGYG000001657__gradient_L9_mos_gapseq	1058	1175	278	R_EX_cpd11416_c0	-0.000000	0.011790	0.005913
MGYG000001662__gradient_L0_base_gapseq	729	666	74	R_EX_cpd11416_c0	-0.000000	0.007577	0.002414
MGYG000001662__gradient_L1_inulin_gapseq	729	666	74	R_EX_cpd11416_c0	-0.000000	0.007577	0.002629
MGYG000001662__gradient_L2_fos_gapseq	729	666	74	R_EX_cpd11416_c0	-0.000000	0.007577	0.002501
MGYG000001662__gradient_L3_gos_gapseq	729	666	74	R_EX_cpd11416_c0	-0.000000	0.007577	0.002461
MGYG000001662__gradient_L4_xos_gapseq	729	666	74	R_EX_cpd11416_c0	-0.000000	0.007577	0.002487
MGYG000001662__gradient_L5_pectin_gapseq	729	666	74	R_EX_cpd11416_c0	-0.000000	0.007577	0.002613
MGYG000001662__gradient_L6_resistant_starch_gapseq	729	666	74	R_EX_cpd11416_c0	-0.000000	0.007577	0.002514
MGYG000001662__gradient_L7_bglucan_gapseq	729	666	74	R_EX_cpd11416_c0	-0.000000	0.007577	0.002379
MGYG000001662__gradient_L8_hmo_gapseq	729	666	74	R_EX_cpd11416_c0	-0.000000	0.007577	0.002366
MGYG000001662__gradient_L9_mos_gapseq	729	666	74	R_EX_cpd11416_c0	-0.000000	0.007577	0.002341
MGYG000001669__gradient_L0_base_gapseq	816	844	130	R_EX_cpd11416_c0	-0.000000	0.007943	0.003839
MGYG000001669__gradient_L1_inulin_gapseq	816	844	130	R_EX_cpd11416_c0	0.253034	0.007943	0.008774
MGYG000001669__gradient_L2_fos_gapseq	816	844	130	R_EX_cpd11416_c0	0.253034	0.007943	0.008798
MGYG000001669__gradient_L3_gos_gapseq	816	844	130	R_EX_cpd11416_c0	0.456872	0.007943	0.009147
MGYG000001669__gradient_L4_xos_gapseq	816	844	130	R_EX_cpd11416_c0	0.499045	0.007943	0.009219
MGYG000001669__gradient_L5_pectin_gapseq	816	844	130	R_EX_cpd11416_c0	0.531847	0.007943	0.009178
MGYG000001669__gradient_L6_resistant_starch_gapseq	816	844	130	R_EX_cpd11416_c0	1.016425	0.007943	0.009390
MGYG000001669__gradient_L7_bglucan_gapseq	816	844	130	R_EX_cpd11416_c0	1.016425	0.007943	0.009323
MGYG000001669__gradient_L8_hmo_gapseq	816	844	130	R_EX_cpd11416_c0	1.016425	0.007943	0.009334
MGYG000001669__gradient_L9_mos_gapseq	816	844	130	R_EX_cpd11416_c0	1.016425	0.007943	0.009417
MGYG000001694__gradient_L0_base_gapseq	1559	1864	536	R_EX_cpd11416_c0	0.788791	0.018808	0.027594
MGYG000001694__gradient_L1_inulin_gapseq	1559	1864	536	R_EX_cpd11416_c0	1.011511	0.018808	0.028157
MGYG000001694__gradient_L2_fos_gapseq	1559	1864	536	R_EX_cpd11416_c0	1.011511	0.018808	0.028005
MGYG000001694__gradient_L3_gos_gapseq	1559	1864	536	R_EX_cpd11416_c0	1.234232	0.018808	0.028193
MGYG000001694__gradient_L4_xos_gapseq	1559	1864	536	R_EX_cpd11416_c0	1.234232	0.018808	0.028141
MGYG000001694__gradient_L5_pectin_gapseq	1559	1864	536	R_EX_cpd11416_c0	1.266712	0.018808	0.028197
MGYG000001694__gradient_L6_resistant_starch_gapseq	1559	1864	536	R_EX_cpd11416_c0	1.770152	0.018808	0.028968
MGYG000001694__gradient_L7_bglucan_gapseq	1559	1864	536	R_EX_cpd11416_c0	1.770152	0.018808	0.028989
MGYG000001694__gradient_L8_hmo_gapseq	1559	1864	536	R_EX_cpd11416_c0	1.770152	0.018808	0.029058
MGYG000001694__gradient_L9_mos_gapseq	1559	1864	536	R_EX_cpd11416_c0	1.881512	0.018808	0.028945
MGYG000001695__gradient_L0_base_gapseq	1569	1747	473	R_EX_cpd11416_c0	1.030838	0.017871	0.029758
MGYG000001695__gradient_L1_inulin_gapseq	1569	1747	473	R_EX_cpd11416_c0	1.161281	0.017871	0.029098
MGYG000001695__gradient_L2_fos_gapseq	1569	1747	473	R_EX_cpd11416_c0	1.161281	0.017871	0.029170
MGYG000001695__gradient_L3_gos_gapseq	1569	1747	473	R_EX_cpd11416_c0	1.161281	0.017871	0.029243
MGYG000001695__gradient_L4_xos_gapseq	1569	1747	473	R_EX_cpd11416_c0	1.236385	0.017871	0.028494
MGYG000001695__gradient_L5_pectin_gapseq	1569	1747	473	R_EX_cpd11416_c0	1.273757	0.017871	0.028338
MGYG000001695__gradient_L6_resistant_starch_gapseq	1569	1747	473	R_EX_cpd11416_c0	1.869375	0.017871	0.030799
MGYG000001695__gradient_L7_bglucan_gapseq	1569	1747	473	R_EX_cpd11416_c0	1.869375	0.017871	0.030824
MGYG000001695__gradient_L8_hmo_gapseq	1569	1747	473	R_EX_cpd11416_c0	1.869375	0.017871	0.030837
MGYG000001695__gradient_L9_mos_gapseq	1569	1747	473	R_EX_cpd11416_c0	1.869375	0.017871	0.030776
MGYG000001697__gradient_L0_base_gapseq	1318	1539	388	R_EX_cpd11416_c0	1.036914	0.015180	0.022248
MGYG000001697__gradient_L1_inulin_gapseq	1318	1539	388	R_EX_cpd11416_c0	1.360111	0.015180	0.022245
MGYG000001697__gradient_L2_fos_gapseq	1318	1539	388	R_EX_cpd11416_c0	1.360111	0.015180	0.022478
MGYG000001697__gradient_L3_gos_gapseq	1318	1539	388	R_EX_cpd11416_c0	1.675228	0.015180	0.023052
MGYG000001697__gradient_L4_xos_gapseq	1318	1539	388	R_EX_cpd11416_c0	1.675228	0.015180	0.022884
MGYG000001697__gradient_L5_pectin_gapseq	1318	1539	388	R_EX_cpd11416_c0	1.675228	0.015180	0.022949
MGYG000001697__gradient_L6_resistant_starch_gapseq	1318	1539	388	R_EX_cpd11416_c0	2.379808	0.015180	0.022755
MGYG000001697__gradient_L7_bglucan_gapseq	1318	1539	388	R_EX_cpd11416_c0	2.379808	0.015180	0.022664
MGYG000001697__gradient_L8_hmo_gapseq	1318	1539	388	R_EX_cpd11416_c0	2.379808	0.015180	0.022719
MGYG000001697__gradient_L9_mos_gapseq	1318	1539	388	R_EX_cpd11416_c0	2.536590	0.015180	0.022892
MGYG000001698__gradient_L0_base_gapseq	1354	1601	533	R_EX_cpd11416_c0	-0.000000	0.015975	0.008924
MGYG000001698__gradient_L1_inulin_gapseq	1354	1601	533	R_EX_cpd11416_c0	-0.000000	0.015975	0.008727
MGYG000001698__gradient_L2_fos_gapseq	1354	1601	533	R_EX_cpd11416_c0	-0.000000	0.015975	0.008752
MGYG000001698__gradient_L3_gos_gapseq	1354	1601	533	R_EX_cpd11416_c0	-0.000000	0.015975	0.009101
MGYG000001698__gradient_L4_xos_gapseq	1354	1601	533	R_EX_cpd11416_c0	1.337067	0.015975	0.023706
MGYG000001698__gradient_L5_pectin_gapseq	1354	1601	533	R_EX_cpd11416_c0	1.381195	0.015975	0.023932
MGYG000001698__gradient_L6_resistant_starch_gapseq	1354	1601	533	R_EX_cpd11416_c0	1.992367	0.015975	0.023905
MGYG000001698__gradient_L7_bglucan_gapseq	1354	1601	533	R_EX_cpd11416_c0	2.197561	0.015975	0.024020
MGYG000001698__gradient_L8_hmo_gapseq	1354	1601	533	R_EX_cpd11416_c0	2.343184	0.015975	0.024356
MGYG000001698__gradient_L9_mos_gapseq	1354	1601	533	R_EX_cpd11416_c0	2.484393	0.015975	0.023885
MGYG000001700__gradient_L0_base_gapseq	2370	2968	1286	R_EX_cpd11416_c0	1.721687	0.030458	0.064662
MGYG000001700__gradient_L1_inulin_gapseq	2370	2968	1286	R_EX_cpd11416_c0	2.060798	0.030458	0.062701
MGYG000001700__gradient_L2_fos_gapseq	2370	2968	1286	R_EX_cpd11416_c0	2.060798	0.030458	0.062913
MGYG000001700__gradient_L3_gos_gapseq	2370	2968	1286	R_EX_cpd11416_c0	2.411368	0.030458	0.065950
MGYG000001700__gradient_L4_xos_gapseq	2370	2968	1286	R_EX_cpd11416_c0	2.585052	0.030458	0.062256
MGYG000001700__gradient_L5_pectin_gapseq	2370	2968	1286	R_EX_cpd11416_c0	2.634795	0.030458	0.064015
MGYG000001700__gradient_L6_resistant_starch_gapseq	2370	2968	1286	R_EX_cpd11416_c0	3.327508	0.030458	0.064247
MGYG000001700__gradient_L7_bglucan_gapseq	2370	2968	1286	R_EX_cpd11416_c0	3.552780	0.030458	0.063604
MGYG000001700__gradient_L8_hmo_gapseq	2370	2968	1286	R_EX_cpd11416_c0	3.552780	0.030458	0.063651
MGYG000001700__gradient_L9_mos_gapseq	2370	2968	1286	R_EX_cpd11416_c0	3.698873	0.030458	0.064592
MGYG000001707__gradient_L0_base_gapseq	1434	1605	362	R_EX_cpd11416_c0	-0.000000	0.015696	0.009232
MGYG000001707__gradient_L1_inulin_gapseq	1434	1605	362	R_EX_cpd11416_c0	-0.000000	0.015696	0.009205
MGYG000001707__gradient_L2_fos_gapseq	1434	1605	362	R_EX_cpd11416_c0	-0.000000	0.015696	0.009274
MGYG000001707__gradient_L3_gos_gapseq	1434	1605	362	R_EX_cpd11416_c0	0.898835	0.015696	0.023868
MGYG000001707__gradient_L4_xos_gapseq	1434	1605	362	R_EX_cpd11416_c0	0.898835	0.015696	0.023792
MGYG000001707__gradient_L5_pectin_gapseq	1434	1605	362	R_EX_cpd11416_c0	0.898835	0.015696	0.023740
MGYG000001707__gradient_L6_resistant_starch_gapseq	1434	1605	362	R_EX_cpd11416_c0	1.521121	0.015696	0.023411
MGYG000001707__gradient_L7_bglucan_gapseq	1434	1605	362	R_EX_cpd11416_c0	1.728751	0.015696	0.023067
MGYG000001707__gradient_L8_hmo_gapseq	1434	1605	362	R_EX_cpd11416_c0	1.728751	0.015696	0.023008
MGYG000001707__gradient_L9_mos_gapseq	1434	1605	362	R_EX_cpd11416_c0	1.728751	0.015696	0.022905
MGYG000001725__gradient_L0_base_gapseq	1343	1500	387	R_EX_cpd11416_c0	-0.000000	0.015602	0.008361
MGYG000001725__gradient_L1_inulin_gapseq	1343	1500	387	R_EX_cpd11416_c0	-0.000000	0.015602	0.008297
MGYG000001725__gradient_L2_fos_gapseq	1343	1500	387	R_EX_cpd11416_c0	-0.000000	0.015602	0.008261
MGYG000001725__gradient_L3_gos_gapseq	1343	1500	387	R_EX_cpd11416_c0	0.642365	0.015602	0.021561
MGYG000001725__gradient_L4_xos_gapseq	1343	1500	387	R_EX_cpd11416_c0	0.642365	0.015602	0.022001
MGYG000001725__gradient_L5_pectin_gapseq	1343	1500	387	R_EX_cpd11416_c0	0.642365	0.015602	0.021707
MGYG000001725__gradient_L6_resistant_starch_gapseq	1343	1500	387	R_EX_cpd11416_c0	1.318377	0.015602	0.020979
MGYG000001725__gradient_L7_bglucan_gapseq	1343	1500	387	R_EX_cpd11416_c0	1.318377	0.015602	0.020919
MGYG000001725__gradient_L8_hmo_gapseq	1343	1500	387	R_EX_cpd11416_c0	1.318377	0.015602	0.020938
MGYG000001725__gradient_L9_mos_gapseq	1343	1500	387	R_EX_cpd11416_c0	1.445069	0.015602	0.021316
MGYG000001745__gradient_L0_base_gapseq	1428	1579	372	R_EX_cpd11416_c0	-0.000000	0.016048	0.008642
MGYG000001745__gradient_L1_inulin_gapseq	1428	1579	372	R_EX_cpd11416_c0	-0.000000	0.016048	0.008823
MGYG000001745__gradient_L2_fos_gapseq	1428	1579	372	R_EX_cpd11416_c0	-0.000000	0.016048	0.008910
MGYG000001745__gradient_L3_gos_gapseq	1428	1579	372	R_EX_cpd11416_c0	0.661853	0.016048	0.022511
MGYG000001745__gradient_L4_xos_gapseq	1428	1579	372	R_EX_cpd11416_c0	0.661853	0.016048	0.022520
MGYG000001745__gradient_L5_pectin_gapseq	1428	1579	372	R_EX_cpd11416_c0	0.661853	0.016048	0.022503
MGYG000001745__gradient_L6_resistant_starch_gapseq	1428	1579	372	R_EX_cpd11416_c0	1.181894	0.016048	0.022781
MGYG000001745__gradient_L7_bglucan_gapseq	1428	1579	372	R_EX_cpd11416_c0	1.365293	0.016048	0.022768
MGYG000001745__gradient_L8_hmo_gapseq	1428	1579	372	R_EX_cpd11416_c0	1.365293	0.016048	0.022639
MGYG000001745__gradient_L9_mos_gapseq	1428	1579	372	R_EX_cpd11416_c0	1.455861	0.016048	0.023289
MGYG000001749__gradient_L0_base_gapseq	1408	1570	363	R_EX_cpd11416_c0	-0.000000	0.016025	0.008898
MGYG000001749__gradient_L1_inulin_gapseq	1408	1570	363	R_EX_cpd11416_c0	-0.000000	0.016025	0.008939
MGYG000001749__gradient_L2_fos_gapseq	1408	1570	363	R_EX_cpd11416_c0	-0.000000	0.016025	0.009001
MGYG000001749__gradient_L3_gos_gapseq	1408	1570	363	R_EX_cpd11416_c0	-0.000000	0.016025	0.008923
MGYG000001749__gradient_L4_xos_gapseq	1408	1570	363	R_EX_cpd11416_c0	1.042642	0.016025	0.023149
MGYG000001749__gradient_L5_pectin_gapseq	1408	1570	363	R_EX_cpd11416_c0	1.104828	0.016025	0.022075
MGYG000001749__gradient_L6_resistant_starch_gapseq	1408	1570	363	R_EX_cpd11416_c0	1.795092	0.016025	0.023277
MGYG000001749__gradient_L7_bglucan_gapseq	1408	1570	363	R_EX_cpd11416_c0	2.037618	0.016025	0.022258
MGYG000001749__gradient_L8_hmo_gapseq	1408	1570	363	R_EX_cpd11416_c0	2.037618	0.016025	0.022350
MGYG000001749__gradient_L9_mos_gapseq	1408	1570	363	R_EX_cpd11416_c0	2.170281	0.016025	0.022118
MGYG000001757__gradient_L0_base_gapseq	1155	1232	309	R_EX_cpd11416_c0	0.000000	0.012734	0.006059
MGYG000001757__gradient_L1_inulin_gapseq	1155	1232	309	R_EX_cpd11416_c0	-0.000000	0.012734	0.006450
MGYG000001757__gradient_L2_fos_gapseq	1155	1232	309	R_EX_cpd11416_c0	-0.000000	0.012734	0.006320
MGYG000001757__gradient_L3_gos_gapseq	1155	1232	309	R_EX_cpd11416_c0	-0.000000	0.012734	0.006500
MGYG000001757__gradient_L4_xos_gapseq	1155	1232	309	R_EX_cpd11416_c0	0.346197	0.012734	0.015829
MGYG000001757__gradient_L5_pectin_gapseq	1155	1232	309	R_EX_cpd11416_c0	0.346197	0.012734	0.015709
MGYG000001757__gradient_L6_resistant_starch_gapseq	1155	1232	309	R_EX_cpd11416_c0	0.802142	0.012734	0.015121
MGYG000001757__gradient_L7_bglucan_gapseq	1155	1232	309	R_EX_cpd11416_c0	0.966195	0.012734	0.015650
MGYG000001757__gradient_L8_hmo_gapseq	1155	1232	309	R_EX_cpd11416_c0	0.966195	0.012734	0.015706
MGYG000001757__gradient_L9_mos_gapseq	1155	1232	309	R_EX_cpd11416_c0	1.037156	0.012734	0.015418
MGYG000001760__gradient_L0_base_gapseq	1281	1399	313	R_EX_cpd11416_c0	-0.000000	0.014291	0.007430
MGYG000001760__gradient_L1_inulin_gapseq	1281	1399	313	R_EX_cpd11416_c0	-0.000000	0.014291	0.007341
MGYG000001760__gradient_L2_fos_gapseq	1281	1399	313	R_EX_cpd11416_c0	-0.000000	0.014291	0.007311
MGYG000001760__gradient_L3_gos_gapseq	1281	1399	313	R_EX_cpd11416_c0	0.533739	0.014291	0.018193
MGYG000001760__gradient_L4_xos_gapseq	1281	1399	313	R_EX_cpd11416_c0	0.612008	0.014291	0.018112
MGYG000001760__gradient_L5_pectin_gapseq	1281	1399	313	R_EX_cpd11416_c0	0.676658	0.014291	0.018213
MGYG000001760__gradient_L6_resistant_starch_gapseq	1281	1399	313	R_EX_cpd11416_c0	1.020846	0.014291	0.018257
MGYG000001760__gradient_L7_bglucan_gapseq	1281	1399	313	R_EX_cpd11416_c0	1.020846	0.014291	0.018856
MGYG000001760__gradient_L8_hmo_gapseq	1281	1399	313	R_EX_cpd11416_c0	1.020846	0.014291	0.018851
MGYG000001760__gradient_L9_mos_gapseq	1281	1399	313	R_EX_cpd11416_c0	1.020846	0.014291	0.018836
MGYG000001762__gradient_L0_base_gapseq	1369	1433	333	R_EX_cpd11416_c0	0.402894	0.015333	0.020600
MGYG000001762__gradient_L1_inulin_gapseq	1369	1433	333	R_EX_cpd11416_c0	0.586377	0.015333	0.020601
MGYG000001762__gradient_L2_fos_gapseq	1369	1433	333	R_EX_cpd11416_c0	0.586377	0.015333	0.020213
MGYG000001762__gradient_L3_gos_gapseq	1369	1433	333	R_EX_cpd11416_c0	0.586377	0.015333	0.020551
MGYG000001762__gradient_L4_xos_gapseq	1369	1433	333	R_EX_cpd11416_c0	0.586377	0.015333	0.020176
MGYG000001762__gradient_L5_pectin_gapseq	1369	1433	333	R_EX_cpd11416_c0	0.586377	0.015333	0.020535
MGYG000001762__gradient_L6_resistant_starch_gapseq	1369	1433	333	R_EX_cpd11416_c0	0.723902	0.015333	0.020348
MGYG000001762__gradient_L7_bglucan_gapseq	1369	1433	333	R_EX_cpd11416_c0	0.723902	0.015333	0.020708
MGYG000001762__gradient_L8_hmo_gapseq	1369	1433	333	R_EX_cpd11416_c0	0.723902	0.015333	0.020400
MGYG000001762__gradient_L9_mos_gapseq	1369	1433	333	R_EX_cpd11416_c0	0.723902	0.015333	0.020780
MGYG000001767__gradient_L0_base_gapseq	1045	1145	222	R_EX_cpd11416_c0	-0.000000	0.011521	0.005429
MGYG000001767__gradient_L1_inulin_gapseq	1045	1145	222	R_EX_cpd11416_c0	-0.000000	0.011521	0.005412
MGYG000001767__gradient_L2_fos_gapseq	1045	1145	222	R_EX_cpd11416_c0	-0.000000	0.011521	0.005317
MGYG000001767__gradient_L3_gos_gapseq	1045	1145	222	R_EX_cpd11416_c0	0.523377	0.011521	0.013312
MGYG000001767__gradient_L4_xos_gapseq	1045	1145	222	R_EX_cpd11416_c0	0.523377	0.011521	0.013256
MGYG000001767__gradient_L5_pectin_gapseq	1045	1145	222	R_EX_cpd11416_c0	0.523377	0.011521	0.013341
MGYG000001767__gradient_L6_resistant_starch_gapseq	1045	1145	222	R_EX_cpd11416_c0	0.987949	0.011521	0.013562
MGYG000001767__gradient_L7_bglucan_gapseq	1045	1145	222	R_EX_cpd11416_c0	1.113165	0.011521	0.013670
MGYG000001767__gradient_L8_hmo_gapseq	1045	1145	222	R_EX_cpd11416_c0	1.113165	0.011521	0.013683
MGYG000001767__gradient_L9_mos_gapseq	1045	1145	222	R_EX_cpd11416_c0	1.184818	0.011521	0.013674
MGYG000001786__gradient_L0_base_gapseq	535	508	66	R_EX_cpd11416_c0	-0.000000	0.005708	0.001928
MGYG000001786__gradient_L1_inulin_gapseq	535	508	66	R_EX_cpd11416_c0	-0.000000	0.005708	0.002105
MGYG000001786__gradient_L2_fos_gapseq	535	508	66	R_EX_cpd11416_c0	-0.000000	0.005708	0.001969
MGYG000001786__gradient_L3_gos_gapseq	535	508	66	R_EX_cpd11416_c0	-0.000000	0.005708	0.001889
MGYG000001786__gradient_L4_xos_gapseq	535	508	66	R_EX_cpd11416_c0	-0.000000	0.005708	0.001854
MGYG000001786__gradient_L5_pectin_gapseq	535	508	66	R_EX_cpd11416_c0	-0.000000	0.005708	0.001832
MGYG000001786__gradient_L6_resistant_starch_gapseq	535	508	66	R_EX_cpd11416_c0	-0.000000	0.005708	0.001818
MGYG000001786__gradient_L7_bglucan_gapseq	535	508	66	R_EX_cpd11416_c0	-0.000000	0.005708	0.001823
MGYG000001786__gradient_L8_hmo_gapseq	535	508	66	R_EX_cpd11416_c0	-0.000000	0.005708	0.001823
MGYG000001786__gradient_L9_mos_gapseq	535	508	66	R_EX_cpd11416_c0	-0.000000	0.005708	0.001895
MGYG000001795__gradient_L0_base_gapseq	1223	1376	308	R_EX_cpd11416_c0	-0.000000	0.013119	0.007462
MGYG000001795__gradient_L1_inulin_gapseq	1223	1376	308	R_EX_cpd11416_c0	0.442917	0.013119	0.018893
MGYG000001795__gradient_L2_fos_gapseq	1223	1376	308	R_EX_cpd11416_c0	0.442917	0.013119	0.018758
MGYG000001795__gradient_L3_gos_gapseq	1223	1376	308	R_EX_cpd11416_c0	0.442917	0.013119	0.018759
MGYG000001795__gradient_L4_xos_gapseq	1223	1376	308	R_EX_cpd11416_c0	0.442917	0.013119	0.018714
MGYG000001795__gradient_L5_pectin_gapseq	1223	1376	308	R_EX_cpd11416_c0	0.442917	0.013119	0.018796
MGYG000001795__gradient_L6_resistant_starch_gapseq	1223	1376	308	R_EX_cpd11416_c0	0.722295	0.013119	0.018768
MGYG000001795__gradient_L7_bglucan_gapseq	1223	1376	308	R_EX_cpd11416_c0	0.722295	0.013119	0.018817
MGYG000001795__gradient_L8_hmo_gapseq	1223	1376	308	R_EX_cpd11416_c0	0.722295	0.013119	0.018775
MGYG000001795__gradient_L9_mos_gapseq	1223	1376	308	R_EX_cpd11416_c0	0.831600	0.013119	0.019806
MGYG000001804__gradient_L0_base_gapseq	1231	1322	250	R_EX_cpd11416_c0	-0.000000	0.013542	0.006689
MGYG000001804__gradient_L1_inulin_gapseq	1231	1322	250	R_EX_cpd11416_c0	-0.000000	0.013542	0.006840
MGYG000001804__gradient_L2_fos_gapseq	1231	1322	250	R_EX_cpd11416_c0	-0.000000	0.013542	0.006807
MGYG000001804__gradient_L3_gos_gapseq	1231	1322	250	R_EX_cpd11416_c0	-0.000000	0.013542	0.006807
MGYG000001804__gradient_L4_xos_gapseq	1231	1322	250	R_EX_cpd11416_c0	-0.000000	0.013542	0.006827
MGYG000001804__gradient_L5_pectin_gapseq	1231	1322	250	R_EX_cpd11416_c0	-0.000000	0.013542	0.006849
MGYG000001804__gradient_L6_resistant_starch_gapseq	1231	1322	250	R_EX_cpd11416_c0	-0.000000	0.013542	0.006764
MGYG000001804__gradient_L7_bglucan_gapseq	1231	1322	250	R_EX_cpd11416_c0	-0.000000	0.013542	0.006786
MGYG000001804__gradient_L8_hmo_gapseq	1231	1322	250	R_EX_cpd11416_c0	-0.000000	0.013542	0.006828
MGYG000001804__gradient_L9_mos_gapseq	1231	1322	250	R_EX_cpd11416_c0	-0.000000	0.013542	0.006993
MGYG000001821__gradient_L0_base_gapseq	1101	1228	251	R_EX_cpd11416_c0	-0.000000	0.012279	0.006043
MGYG000001821__gradient_L1_inulin_gapseq	1101	1228	251	R_EX_cpd11416_c0	1.056771	0.012279	0.015336
MGYG000001821__gradient_L2_fos_gapseq	1101	1228	251	R_EX_cpd11416_c0	1.056771	0.012279	0.015142
MGYG000001821__gradient_L3_gos_gapseq	1101	1228	251	R_EX_cpd11416_c0	1.320967	0.012279	0.015683
MGYG000001821__gradient_L4_xos_gapseq	1101	1228	251	R_EX_cpd11416_c0	1.408471	0.012279	0.015718
MGYG000001821__gradient_L5_pectin_gapseq	1101	1228	251	R_EX_cpd11416_c0	1.462298	0.012279	0.015741
MGYG000001821__gradient_L6_resistant_starch_gapseq	1101	1228	251	R_EX_cpd11416_c0	2.090283	0.012279	0.015631
MGYG000001821__gradient_L7_bglucan_gapseq	1101	1228	251	R_EX_cpd11416_c0	2.305593	0.012279	0.016101
MGYG000001821__gradient_L8_hmo_gapseq	1101	1228	251	R_EX_cpd11416_c0	2.305593	0.012279	0.016194
MGYG000001821__gradient_L9_mos_gapseq	1101	1228	251	R_EX_cpd11416_c0	2.413247	0.012279	0.016204
MGYG000001826__gradient_L0_base_gapseq	1089	1179	263	R_EX_cpd11416_c0	-0.000000	0.011990	0.005651
MGYG000001826__gradient_L1_inulin_gapseq	1089	1179	263	R_EX_cpd11416_c0	-0.000000	0.011990	0.005727
MGYG000001826__gradient_L2_fos_gapseq	1089	1179	263	R_EX_cpd11416_c0	-0.000000	0.011990	0.005704
MGYG000001826__gradient_L3_gos_gapseq	1089	1179	263	R_EX_cpd11416_c0	-0.000000	0.011990	0.005950
MGYG000001826__gradient_L4_xos_gapseq	1089	1179	263	R_EX_cpd11416_c0	-0.000000	0.011990	0.005914
MGYG000001826__gradient_L5_pectin_gapseq	1089	1179	263	R_EX_cpd11416_c0	-0.000000	0.011990	0.005899
MGYG000001826__gradient_L6_resistant_starch_gapseq	1089	1179	263	R_EX_cpd11416_c0	0.814279	0.011990	0.015041
MGYG000001826__gradient_L7_bglucan_gapseq	1089	1179	263	R_EX_cpd11416_c0	0.814279	0.011990	0.014955
MGYG000001826__gradient_L8_hmo_gapseq	1089	1179	263	R_EX_cpd11416_c0	0.814279	0.011990	0.014920
MGYG000001826__gradient_L9_mos_gapseq	1089	1179	263	R_EX_cpd11416_c0	0.892062	0.011990	0.014773
MGYG000001827__gradient_L0_base_gapseq	1052	1059	209	R_EX_cpd11416_c0	0.725581	0.011262	0.013481
MGYG000001827__gradient_L1_inulin_gapseq	1052	1059	209	R_EX_cpd11416_c0	1.086924	0.011262	0.013423
MGYG000001827__gradient_L2_fos_gapseq	1052	1059	209	R_EX_cpd11416_c0	1.086924	0.011262	0.013355
MGYG000001827__gradient_L3_gos_gapseq	1052	1059	209	R_EX_cpd11416_c0	1.186112	0.011262	0.013672
MGYG000001827__gradient_L4_xos_gapseq	1052	1059	209	R_EX_cpd11416_c0	1.264636	0.011262	0.013643
MGYG000001827__gradient_L5_pectin_gapseq	1052	1059	209	R_EX_cpd11416_c0	1.326628	0.011262	0.013687
MGYG000001827__gradient_L6_resistant_starch_gapseq	1052	1059	209	R_EX_cpd11416_c0	1.610404	0.011262	0.013610
MGYG000001827__gradient_L7_bglucan_gapseq	1052	1059	209	R_EX_cpd11416_c0	1.610405	0.011262	0.013710
MGYG000001827__gradient_L8_hmo_gapseq	1052	1059	209	R_EX_cpd11416_c0	1.610405	0.011262	0.013692
MGYG000001827__gradient_L9_mos_gapseq	1052	1059	209	R_EX_cpd11416_c0	1.610405	0.011262	0.013659
MGYG000001834__gradient_L0_base_gapseq	586	558	62	R_EX_cpd11416_c0	-0.000000	0.006330	0.002004
MGYG000001834__gradient_L1_inulin_gapseq	586	558	62	R_EX_cpd11416_c0	-0.000000	0.006330	0.002447
MGYG000001834__gradient_L2_fos_gapseq	586	558	62	R_EX_cpd11416_c0	-0.000000	0.006330	0.002373
MGYG000001834__gradient_L3_gos_gapseq	586	558	62	R_EX_cpd11416_c0	-0.000000	0.006330	0.002260
MGYG000001834__gradient_L4_xos_gapseq	586	558	62	R_EX_cpd11416_c0	-0.000000	0.006330	0.002257
MGYG000001834__gradient_L5_pectin_gapseq	586	558	62	R_EX_cpd11416_c0	-0.000000	0.006330	0.002203
MGYG000001834__gradient_L6_resistant_starch_gapseq	586	558	62	R_EX_cpd11416_c0	-0.000000	0.006330	0.002188
MGYG000001834__gradient_L7_bglucan_gapseq	586	558	62	R_EX_cpd11416_c0	-0.000000	0.006330	0.002193
MGYG000001834__gradient_L8_hmo_gapseq	586	558	62	R_EX_cpd11416_c0	-0.000000	0.006330	0.002173
MGYG000001834__gradient_L9_mos_gapseq	586	558	62	R_EX_cpd11416_c0	-0.000000	0.006330	0.002176
MGYG000001846__gradient_L0_base_gapseq	894	959	171	R_EX_cpd11416_c0	-0.000000	0.009150	0.005091
MGYG000001846__gradient_L1_inulin_gapseq	894	959	171	R_EX_cpd11416_c0	-0.000000	0.009150	0.005061
MGYG000001846__gradient_L2_fos_gapseq	894	959	171	R_EX_cpd11416_c0	-0.000000	0.009150	0.005082
MGYG000001846__gradient_L3_gos_gapseq	894	959	171	R_EX_cpd11416_c0	-0.000000	0.009150	0.005030
MGYG000001846__gradient_L4_xos_gapseq	894	959	171	R_EX_cpd11416_c0	-0.000000	0.009150	0.004996
MGYG000001846__gradient_L5_pectin_gapseq	894	959	171	R_EX_cpd11416_c0	-0.000000	0.009150	0.004998
MGYG000001846__gradient_L6_resistant_starch_gapseq	894	959	171	R_EX_cpd11416_c0	-0.000000	0.009150	0.004994
MGYG000001846__gradient_L7_bglucan_gapseq	894	959	171	R_EX_cpd11416_c0	-0.000000	0.009150	0.004974
MGYG000001846__gradient_L8_hmo_gapseq	894	959	171	R_EX_cpd11416_c0	-0.000000	0.009150	0.005005
MGYG000001846__gradient_L9_mos_gapseq	894	959	171	R_EX_cpd11416_c0	-0.000000	0.009150	0.004997
MGYG000001871__gradient_L0_base_gapseq	1325	1486	342	R_EX_cpd11416_c0	-0.000000	0.014605	0.008925
MGYG000001871__gradient_L1_inulin_gapseq	1325	1486	342	R_EX_cpd11416_c0	-0.000000	0.014605	0.009012
MGYG000001871__gradient_L2_fos_gapseq	1325	1486	342	R_EX_cpd11416_c0	-0.000000	0.014605	0.009195
MGYG000001871__gradient_L3_gos_gapseq	1325	1486	342	R_EX_cpd11416_c0	-0.000000	0.014605	0.009055
MGYG000001871__gradient_L4_xos_gapseq	1325	1486	342	R_EX_cpd11416_c0	-0.000000	0.014605	0.009013
MGYG000001871__gradient_L5_pectin_gapseq	1325	1486	342	R_EX_cpd11416_c0	-0.000000	0.014605	0.009033
MGYG000001871__gradient_L6_resistant_starch_gapseq	1325	1486	342	R_EX_cpd11416_c0	-0.000000	0.014605	0.008599
MGYG000001871__gradient_L7_bglucan_gapseq	1325	1486	342	R_EX_cpd11416_c0	-0.000000	0.014605	0.008936
MGYG000001871__gradient_L8_hmo_gapseq	1325	1486	342	R_EX_cpd11416_c0	-0.000000	0.014605	0.008939
MGYG000001871__gradient_L9_mos_gapseq	1325	1486	342	R_EX_cpd11416_c0	-0.000000	0.014605	0.008911
MGYG000001878__gradient_L0_base_gapseq	1507	1707	450	R_EX_cpd11416_c0	0.812026	0.017180	0.025282
MGYG000001878__gradient_L1_inulin_gapseq	1507	1707	450	R_EX_cpd11416_c0	1.018476	0.017180	0.025164
MGYG000001878__gradient_L2_fos_gapseq	1507	1707	450	R_EX_cpd11416_c0	1.018476	0.017180	0.024992
MGYG000001878__gradient_L3_gos_gapseq	1507	1707	450	R_EX_cpd11416_c0	1.094174	0.017180	0.024715
MGYG000001878__gradient_L4_xos_gapseq	1507	1707	450	R_EX_cpd11416_c0	1.218044	0.017180	0.025341
MGYG000001878__gradient_L5_pectin_gapseq	1507	1707	450	R_EX_cpd11416_c0	1.250159	0.017180	0.025325
MGYG000001878__gradient_L6_resistant_starch_gapseq	1507	1707	450	R_EX_cpd11416_c0	1.509368	0.017180	0.024884
MGYG000001878__gradient_L7_bglucan_gapseq	1507	1707	450	R_EX_cpd11416_c0	1.509368	0.017180	0.024841
MGYG000001878__gradient_L8_hmo_gapseq	1507	1707	450	R_EX_cpd11416_c0	1.509368	0.017180	0.024901
MGYG000001878__gradient_L9_mos_gapseq	1507	1707	450	R_EX_cpd11416_c0	1.610299	0.017180	0.025651
MGYG000001890__gradient_L0_base_gapseq	1434	1636	443	R_EX_cpd11416_c0	0.327550	0.016590	0.024581
MGYG000001890__gradient_L1_inulin_gapseq	1434	1636	443	R_EX_cpd11416_c0	0.441484	0.016590	0.024908
MGYG000001890__gradient_L2_fos_gapseq	1434	1636	443	R_EX_cpd11416_c0	0.441484	0.016590	0.024852
MGYG000001890__gradient_L3_gos_gapseq	1434	1636	443	R_EX_cpd11416_c0	0.519813	0.016590	0.024239
MGYG000001890__gradient_L4_xos_gapseq	1434	1636	443	R_EX_cpd11416_c0	0.583901	0.016590	0.024329
MGYG000001890__gradient_L5_pectin_gapseq	1434	1636	443	R_EX_cpd11416_c0	0.583901	0.016590	0.024471
MGYG000001890__gradient_L6_resistant_starch_gapseq	1434	1636	443	R_EX_cpd11416_c0	1.103724	0.016590	0.025289
MGYG000001890__gradient_L7_bglucan_gapseq	1434	1636	443	R_EX_cpd11416_c0	1.103724	0.016590	0.025285
MGYG000001890__gradient_L8_hmo_gapseq	1434	1636	443	R_EX_cpd11416_c0	1.103724	0.016590	0.025287
MGYG000001890__gradient_L9_mos_gapseq	1434	1636	443	R_EX_cpd11416_c0	1.103724	0.016590	0.025311
MGYG000001896__gradient_L0_base_gapseq	1019	1125	245	R_EX_cpd11416_c0	-0.000000	0.011572	0.005362
MGYG000001896__gradient_L1_inulin_gapseq	1019	1125	245	R_EX_cpd11416_c0	-0.000000	0.011572	0.005300
MGYG000001896__gradient_L2_fos_gapseq	1019	1125	245	R_EX_cpd11416_c0	-0.000000	0.011572	0.005320
MGYG000001896__gradient_L3_gos_gapseq	1019	1125	245	R_EX_cpd11416_c0	-0.000000	0.011572	0.005609
MGYG000001896__gradient_L4_xos_gapseq	1019	1125	245	R_EX_cpd11416_c0	-0.000000	0.011572	0.005499
MGYG000001896__gradient_L5_pectin_gapseq	1019	1125	245	R_EX_cpd11416_c0	-0.000000	0.011572	0.005394
MGYG000001896__gradient_L6_resistant_starch_gapseq	1019	1125	245	R_EX_cpd11416_c0	-0.000000	0.011572	0.006020
MGYG000001896__gradient_L7_bglucan_gapseq	1019	1125	245	R_EX_cpd11416_c0	-0.000000	0.011572	0.006062
MGYG000001896__gradient_L8_hmo_gapseq	1019	1125	245	R_EX_cpd11416_c0	-0.000000	0.011572	0.006059
MGYG000001896__gradient_L9_mos_gapseq	1019	1125	245	R_EX_cpd11416_c0	-0.000000	0.011572	0.006041
MGYG000001898__gradient_L0_base_gapseq	1366	1547	421	R_EX_cpd11416_c0	-0.000000	0.014978	0.008857
MGYG000001898__gradient_L1_inulin_gapseq	1366	1547	421	R_EX_cpd11416_c0	-0.000000	0.014978	0.009050
MGYG000001898__gradient_L2_fos_gapseq	1366	1547	421	R_EX_cpd11416_c0	-0.000000	0.014978	0.009065
MGYG000001898__gradient_L3_gos_gapseq	1366	1547	421	R_EX_cpd11416_c0	-0.000000	0.014978	0.009007
MGYG000001898__gradient_L4_xos_gapseq	1366	1547	421	R_EX_cpd11416_c0	-0.000000	0.014978	0.008831
MGYG000001898__gradient_L5_pectin_gapseq	1366	1547	421	R_EX_cpd11416_c0	-0.000000	0.014978	0.008862
MGYG000001898__gradient_L6_resistant_starch_gapseq	1366	1547	421	R_EX_cpd11416_c0	2.119138	0.014978	0.023815
MGYG000001898__gradient_L7_bglucan_gapseq	1366	1547	421	R_EX_cpd11416_c0	2.119138	0.014978	0.023730
MGYG000001898__gradient_L8_hmo_gapseq	1366	1547	421	R_EX_cpd11416_c0	2.119138	0.014978	0.023650
MGYG000001898__gradient_L9_mos_gapseq	1366	1547	421	R_EX_cpd11416_c0	2.280635	0.014978	0.023744
MGYG000001917__gradient_L0_base_gapseq	660	631	81	R_EX_cpd11416_c0	-0.000000	0.007145	0.002402
MGYG000001917__gradient_L1_inulin_gapseq	660	631	81	R_EX_cpd11416_c0	-0.000000	0.007145	0.002716
MGYG000001917__gradient_L2_fos_gapseq	660	631	81	R_EX_cpd11416_c0	-0.000000	0.007145	0.002563
MGYG000001917__gradient_L3_gos_gapseq	660	631	81	R_EX_cpd11416_c0	-0.000000	0.007145	0.002608
MGYG000001917__gradient_L4_xos_gapseq	660	631	81	R_EX_cpd11416_c0	-0.000000	0.007145	0.002489
MGYG000001917__gradient_L5_pectin_gapseq	660	631	81	R_EX_cpd11416_c0	-0.000000	0.007145	0.002477
MGYG000001917__gradient_L6_resistant_starch_gapseq	660	631	81	R_EX_cpd11416_c0	-0.000000	0.007145	0.002544
MGYG000001917__gradient_L7_bglucan_gapseq	660	631	81	R_EX_cpd11416_c0	-0.000000	0.007145	0.002461
MGYG000001917__gradient_L8_hmo_gapseq	660	631	81	R_EX_cpd11416_c0	-0.000000	0.007145	0.002448
MGYG000001917__gradient_L9_mos_gapseq	660	631	81	R_EX_cpd11416_c0	-0.000000	0.007145	0.002447
MGYG000001926__gradient_L0_base_gapseq	637	616	88	R_EX_cpd11416_c0	-0.000000	0.005881	0.002272
MGYG000001926__gradient_L1_inulin_gapseq	637	616	88	R_EX_cpd11416_c0	-0.000000	0.005881	0.002693
MGYG000001926__gradient_L2_fos_gapseq	637	616	88	R_EX_cpd11416_c0	-0.000000	0.005881	0.002480
MGYG000001926__gradient_L3_gos_gapseq	637	616	88	R_EX_cpd11416_c0	-0.000000	0.005881	0.002532
MGYG000001926__gradient_L4_xos_gapseq	637	616	88	R_EX_cpd11416_c0	-0.000000	0.005881	0.002626
MGYG000001926__gradient_L5_pectin_gapseq	637	616	88	R_EX_cpd11416_c0	-0.000000	0.005881	0.002510
MGYG000001926__gradient_L6_resistant_starch_gapseq	637	616	88	R_EX_cpd11416_c0	-0.000000	0.005881	0.002468
MGYG000001926__gradient_L7_bglucan_gapseq	637	616	88	R_EX_cpd11416_c0	-0.000000	0.005881	0.002461
MGYG000001926__gradient_L8_hmo_gapseq	637	616	88	R_EX_cpd11416_c0	-0.000000	0.005881	0.002481
MGYG000001926__gradient_L9_mos_gapseq	637	616	88	R_EX_cpd11416_c0	-0.000000	0.005881	0.002556
MGYG000001930__gradient_L0_base_gapseq	889	995	172	R_EX_cpd11416_c0	-0.000000	0.009207	0.004825
MGYG000001930__gradient_L1_inulin_gapseq	889	995	172	R_EX_cpd11416_c0	0.291068	0.009207	0.011873
MGYG000001930__gradient_L2_fos_gapseq	889	995	172	R_EX_cpd11416_c0	0.291068	0.009207	0.011921
MGYG000001930__gradient_L3_gos_gapseq	889	995	172	R_EX_cpd11416_c0	0.591242	0.009207	0.012273
MGYG000001930__gradient_L4_xos_gapseq	889	995	172	R_EX_cpd11416_c0	0.591242	0.009207	0.012284
MGYG000001930__gradient_L5_pectin_gapseq	889	995	172	R_EX_cpd11416_c0	0.591242	0.009207	0.012306
MGYG000001930__gradient_L6_resistant_starch_gapseq	889	995	172	R_EX_cpd11416_c0	0.994383	0.009207	0.011868
MGYG000001930__gradient_L7_bglucan_gapseq	889	995	172	R_EX_cpd11416_c0	0.994383	0.009207	0.011990
MGYG000001930__gradient_L8_hmo_gapseq	889	995	172	R_EX_cpd11416_c0	0.994383	0.009207	0.011981
MGYG000001930__gradient_L9_mos_gapseq	889	995	172	R_EX_cpd11416_c0	0.994383	0.009207	0.012029
MGYG000001934__gradient_L0_base_gapseq	980	1064	243	R_EX_cpd11416_c0	-0.000000	0.010347	0.005461
MGYG000001934__gradient_L1_inulin_gapseq	980	1064	243	R_EX_cpd11416_c0	-0.000000	0.010347	0.005521
MGYG000001934__gradient_L2_fos_gapseq	980	1064	243	R_EX_cpd11416_c0	-0.000000	0.010347	0.005449
MGYG000001934__gradient_L3_gos_gapseq	980	1064	243	R_EX_cpd11416_c0	1.068353	0.010347	0.013718
MGYG000001934__gradient_L4_xos_gapseq	980	1064	243	R_EX_cpd11416_c0	1.214317	0.010347	0.013937
MGYG000001934__gradient_L5_pectin_gapseq	980	1064	243	R_EX_cpd11416_c0	1.214317	0.010347	0.013880
MGYG000001934__gradient_L6_resistant_starch_gapseq	980	1064	243	R_EX_cpd11416_c0	1.843968	0.010347	0.013775
MGYG000001934__gradient_L7_bglucan_gapseq	980	1064	243	R_EX_cpd11416_c0	1.843968	0.010347	0.013735
MGYG000001934__gradient_L8_hmo_gapseq	980	1064	243	R_EX_cpd11416_c0	1.843968	0.010347	0.013757
MGYG000001934__gradient_L9_mos_gapseq	980	1064	243	R_EX_cpd11416_c0	1.951909	0.010347	0.013840
MGYG000001971__gradient_L0_base_gapseq	1520	1753	511	R_EX_cpd11416_c0	0.779134	0.017794	0.024548
MGYG000001971__gradient_L1_inulin_gapseq	1520	1753	511	R_EX_cpd11416_c0	1.005581	0.017794	0.025076
MGYG000001971__gradient_L2_fos_gapseq	1520	1753	511	R_EX_cpd11416_c0	1.005581	0.017794	0.025131
MGYG000001971__gradient_L3_gos_gapseq	1520	1753	511	R_EX_cpd11416_c0	1.221065	0.017794	0.023882
MGYG000001971__gradient_L4_xos_gapseq	1520	1753	511	R_EX_cpd11416_c0	1.234967	0.017794	0.025850
MGYG000001971__gradient_L5_pectin_gapseq	1520	1753	511	R_EX_cpd11416_c0	1.234967	0.017794	0.025876
MGYG000001971__gradient_L6_resistant_starch_gapseq	1520	1753	511	R_EX_cpd11416_c0	1.737762	0.017794	0.026018
MGYG000001971__gradient_L7_bglucan_gapseq	1520	1753	511	R_EX_cpd11416_c0	1.737762	0.017794	0.025970
MGYG000001971__gradient_L8_hmo_gapseq	1520	1753	511	R_EX_cpd11416_c0	1.737762	0.017794	0.026028
MGYG000001971__gradient_L9_mos_gapseq	1520	1753	511	R_EX_cpd11416_c0	1.848980	0.017794	0.025657
MGYG000001972__gradient_L0_base_gapseq	1288	1540	391	R_EX_cpd11416_c0	0.443771	0.015241	0.023488
MGYG000001972__gradient_L1_inulin_gapseq	1288	1540	391	R_EX_cpd11416_c0	0.566589	0.015241	0.023062
MGYG000001972__gradient_L2_fos_gapseq	1288	1540	391	R_EX_cpd11416_c0	0.566589	0.015241	0.022973
MGYG000001972__gradient_L3_gos_gapseq	1288	1540	391	R_EX_cpd11416_c0	0.566589	0.015241	0.022935
MGYG000001972__gradient_L4_xos_gapseq	1288	1540	391	R_EX_cpd11416_c0	0.669685	0.015241	0.023174
MGYG000001972__gradient_L5_pectin_gapseq	1288	1540	391	R_EX_cpd11416_c0	0.669685	0.015241	0.023254
MGYG000001972__gradient_L6_resistant_starch_gapseq	1288	1540	391	R_EX_cpd11416_c0	0.971739	0.015241	0.022533
MGYG000001972__gradient_L7_bglucan_gapseq	1288	1540	391	R_EX_cpd11416_c0	1.115860	0.015241	0.023044
MGYG000001972__gradient_L8_hmo_gapseq	1288	1540	391	R_EX_cpd11416_c0	1.115860	0.015241	0.023103
MGYG000001972__gradient_L9_mos_gapseq	1288	1540	391	R_EX_cpd11416_c0	1.207218	0.015241	0.023067
MGYG000001988__gradient_L0_base_gapseq	1281	1561	529	R_EX_cpd11416_c0	-0.000000	0.015870	0.009535
MGYG000001988__gradient_L1_inulin_gapseq	1281	1561	529	R_EX_cpd11416_c0	-0.000000	0.015870	0.009208
MGYG000001988__gradient_L2_fos_gapseq	1281	1561	529	R_EX_cpd11416_c0	-0.000000	0.015870	0.009109
MGYG000001988__gradient_L3_gos_gapseq	1281	1561	529	R_EX_cpd11416_c0	-0.000000	0.015870	0.009400
MGYG000001988__gradient_L4_xos_gapseq	1281	1561	529	R_EX_cpd11416_c0	1.361109	0.015870	0.024217
MGYG000001988__gradient_L5_pectin_gapseq	1281	1561	529	R_EX_cpd11416_c0	1.361109	0.015870	0.024258
MGYG000001988__gradient_L6_resistant_starch_gapseq	1281	1561	529	R_EX_cpd11416_c0	2.002810	0.015870	0.024192
MGYG000001988__gradient_L7_bglucan_gapseq	1281	1561	529	R_EX_cpd11416_c0	2.209310	0.015870	0.023769
MGYG000001988__gradient_L8_hmo_gapseq	1281	1561	529	R_EX_cpd11416_c0	2.209310	0.015870	0.023718
MGYG000001988__gradient_L9_mos_gapseq	1281	1561	529	R_EX_cpd11416_c0	2.209310	0.015870	0.023690
MGYG000001995__gradient_L0_base_gapseq	1531	1808	523	R_EX_cpd11416_c0	-0.000000	0.017823	0.011694
MGYG000001995__gradient_L1_inulin_gapseq	1531	1808	523	R_EX_cpd11416_c0	-0.000000	0.017823	0.012235
MGYG000001995__gradient_L2_fos_gapseq	1531	1808	523	R_EX_cpd11416_c0	-0.000000	0.017823	0.012249
MGYG000001995__gradient_L3_gos_gapseq	1531	1808	523	R_EX_cpd11416_c0	1.974386	0.017823	0.028987
MGYG000001995__gradient_L4_xos_gapseq	1531	1808	523	R_EX_cpd11416_c0	2.072800	0.017823	0.029522
MGYG000001995__gradient_L5_pectin_gapseq	1531	1808	523	R_EX_cpd11416_c0	2.126253	0.017823	0.028901
MGYG000001995__gradient_L6_resistant_starch_gapseq	1531	1808	523	R_EX_cpd11416_c0	2.276100	0.017823	0.029766
MGYG000001995__gradient_L7_bglucan_gapseq	1531	1808	523	R_EX_cpd11416_c0	2.276100	0.017823	0.028650
MGYG000001995__gradient_L8_hmo_gapseq	1531	1808	523	R_EX_cpd11416_c0	2.276100	0.017823	0.028691
MGYG000001995__gradient_L9_mos_gapseq	1531	1808	523	R_EX_cpd11416_c0	2.276100	0.017823	0.028776
MGYG000002025__gradient_L0_base_gapseq	1265	1472	403	R_EX_cpd11416_c0	-0.000000	0.014826	0.008917
MGYG000002025__gradient_L1_inulin_gapseq	1265	1472	403	R_EX_cpd11416_c0	-0.000000	0.014826	0.008744
MGYG000002025__gradient_L2_fos_gapseq	1265	1472	403	R_EX_cpd11416_c0	-0.000000	0.014826	0.008766
MGYG000002025__gradient_L3_gos_gapseq	1265	1472	403	R_EX_cpd11416_c0	0.757198	0.014826	0.021464
MGYG000002025__gradient_L4_xos_gapseq	1265	1472	403	R_EX_cpd11416_c0	0.757198	0.014826	0.021791
MGYG000002025__gradient_L5_pectin_gapseq	1265	1472	403	R_EX_cpd11416_c0	0.757198	0.014826	0.021795
MGYG000002025__gradient_L6_resistant_starch_gapseq	1265	1472	403	R_EX_cpd11416_c0	1.083570	0.014826	0.021310
MGYG000002025__gradient_L7_bglucan_gapseq	1265	1472	403	R_EX_cpd11416_c0	1.083570	0.014826	0.021300
MGYG000002025__gradient_L8_hmo_gapseq	1265	1472	403	R_EX_cpd11416_c0	1.166361	0.014826	0.022012
MGYG000002025__gradient_L9_mos_gapseq	1265	1472	403	R_EX_cpd11416_c0	1.166361	0.014826	0.022047
MGYG000002040__gradient_L0_base_gapseq	1304	1460	356	R_EX_cpd11416_c0	0.416661	0.014986	0.020955
MGYG000002040__gradient_L1_inulin_gapseq	1304	1460	356	R_EX_cpd11416_c0	0.554026	0.014986	0.020608
MGYG000002040__gradient_L2_fos_gapseq	1304	1460	356	R_EX_cpd11416_c0	0.554026	0.014986	0.020590
MGYG000002040__gradient_L3_gos_gapseq	1304	1460	356	R_EX_cpd11416_c0	0.787894	0.014986	0.021283
MGYG000002040__gradient_L4_xos_gapseq	1304	1460	356	R_EX_cpd11416_c0	0.787894	0.014986	0.021280
MGYG000002040__gradient_L5_pectin_gapseq	1304	1460	356	R_EX_cpd11416_c0	0.787894	0.014986	0.021437
MGYG000002040__gradient_L6_resistant_starch_gapseq	1304	1460	356	R_EX_cpd11416_c0	0.910525	0.014986	0.021709
MGYG000002040__gradient_L7_bglucan_gapseq	1304	1460	356	R_EX_cpd11416_c0	0.910525	0.014986	0.021708
MGYG000002040__gradient_L8_hmo_gapseq	1304	1460	356	R_EX_cpd11416_c0	0.910525	0.014986	0.021773
MGYG000002040__gradient_L9_mos_gapseq	1304	1460	356	R_EX_cpd11416_c0	0.910525	0.014986	0.021661
MGYG000002044__gradient_L0_base_gapseq	1149	1233	257	R_EX_cpd11416_c0	-0.000000	0.012803	0.006206
MGYG000002044__gradient_L1_inulin_gapseq	1149	1233	257	R_EX_cpd11416_c0	-0.000000	0.012803	0.006179
MGYG000002044__gradient_L2_fos_gapseq	1149	1233	257	R_EX_cpd11416_c0	-0.000000	0.012803	0.006195
MGYG000002044__gradient_L3_gos_gapseq	1149	1233	257	R_EX_cpd11416_c0	-0.000000	0.012803	0.006194
MGYG000002044__gradient_L4_xos_gapseq	1149	1233	257	R_EX_cpd11416_c0	-0.000000	0.012803	0.006235
MGYG000002044__gradient_L5_pectin_gapseq	1149	1233	257	R_EX_cpd11416_c0	-0.000000	0.012803	0.006181
MGYG000002044__gradient_L6_resistant_starch_gapseq	1149	1233	257	R_EX_cpd11416_c0	0.133114	0.012803	0.015541
MGYG000002044__gradient_L7_bglucan_gapseq	1149	1233	257	R_EX_cpd11416_c0	0.133114	0.012803	0.015542
MGYG000002044__gradient_L8_hmo_gapseq	1149	1233	257	R_EX_cpd11416_c0	0.133114	0.012803	0.015544
MGYG000002044__gradient_L9_mos_gapseq	1149	1233	257	R_EX_cpd11416_c0	0.169838	0.012803	0.016463
MGYG000002054__gradient_L0_base_gapseq	1157	1263	309	R_EX_cpd11416_c0	0.404680	0.012995	0.015707
MGYG000002054__gradient_L1_inulin_gapseq	1157	1263	309	R_EX_cpd11416_c0	0.501035	0.012995	0.015653
MGYG000002054__gradient_L2_fos_gapseq	1157	1263	309	R_EX_cpd11416_c0	0.501035	0.012995	0.015582
MGYG000002054__gradient_L3_gos_gapseq	1157	1263	309	R_EX_cpd11416_c0	0.674473	0.012995	0.015899
MGYG000002054__gradient_L4_xos_gapseq	1157	1263	309	R_EX_cpd11416_c0	0.703380	0.012995	0.016358
MGYG000002054__gradient_L5_pectin_gapseq	1157	1263	309	R_EX_cpd11416_c0	0.703380	0.012995	0.016334
MGYG000002054__gradient_L6_resistant_starch_gapseq	1157	1263	309	R_EX_cpd11416_c0	1.108272	0.012995	0.016207
MGYG000002054__gradient_L7_bglucan_gapseq	1157	1263	309	R_EX_cpd11416_c0	1.108272	0.012995	0.016164
MGYG000002054__gradient_L8_hmo_gapseq	1157	1263	309	R_EX_cpd11416_c0	1.108272	0.012995	0.016147
MGYG000002054__gradient_L9_mos_gapseq	1157	1263	309	R_EX_cpd11416_c0	1.202795	0.012995	0.016278
MGYG000002058__gradient_L0_base_gapseq	1158	1283	310	R_EX_cpd11416_c0	0.571672	0.013043	0.015556
MGYG000002058__gradient_L1_inulin_gapseq	1158	1283	310	R_EX_cpd11416_c0	0.800344	0.013043	0.015783
MGYG000002058__gradient_L2_fos_gapseq	1158	1283	310	R_EX_cpd11416_c0	0.800344	0.013043	0.015892
MGYG000002058__gradient_L3_gos_gapseq	1158	1283	310	R_EX_cpd11416_c0	1.000263	0.013043	0.016253
MGYG000002058__gradient_L4_xos_gapseq	1158	1283	310	R_EX_cpd11416_c0	1.000263	0.013043	0.016323
MGYG000002058__gradient_L5_pectin_gapseq	1158	1283	310	R_EX_cpd11416_c0	1.000263	0.013043	0.016248
MGYG000002058__gradient_L6_resistant_starch_gapseq	1158	1283	310	R_EX_cpd11416_c0	1.474928	0.013043	0.015990
MGYG000002058__gradient_L7_bglucan_gapseq	1158	1283	310	R_EX_cpd11416_c0	1.474928	0.013043	0.015944
MGYG000002058__gradient_L8_hmo_gapseq	1158	1283	310	R_EX_cpd11416_c0	1.474928	0.013043	0.016013
MGYG000002058__gradient_L9_mos_gapseq	1158	1283	310	R_EX_cpd11416_c0	1.586069	0.013043	0.015902
MGYG000002099__gradient_L0_base_gapseq	1356	1525	386	R_EX_cpd11416_c0	-0.000000	0.015536	0.008387
MGYG000002099__gradient_L1_inulin_gapseq	1356	1525	386	R_EX_cpd11416_c0	-0.000000	0.015536	0.008445
MGYG000002099__gradient_L2_fos_gapseq	1356	1525	386	R_EX_cpd11416_c0	-0.000000	0.015536	0.008395
MGYG000002099__gradient_L3_gos_gapseq	1356	1525	386	R_EX_cpd11416_c0	1.133868	0.015536	0.022861
MGYG000002099__gradient_L4_xos_gapseq	1356	1525	386	R_EX_cpd11416_c0	1.241258	0.015536	0.022377
MGYG000002099__gradient_L5_pectin_gapseq	1356	1525	386	R_EX_cpd11416_c0	1.304912	0.015536	0.021995
MGYG000002099__gradient_L6_resistant_starch_gapseq	1356	1525	386	R_EX_cpd11416_c0	2.049673	0.015536	0.022443
MGYG000002099__gradient_L7_bglucan_gapseq	1356	1525	386	R_EX_cpd11416_c0	2.310658	0.015536	0.022250
MGYG000002099__gradient_L8_hmo_gapseq	1356	1525	386	R_EX_cpd11416_c0	2.310658	0.015536	0.022293
MGYG000002099__gradient_L9_mos_gapseq	1356	1525	386	R_EX_cpd11416_c0	2.446454	0.015536	0.021673
MGYG000002110__gradient_L0_base_gapseq	1188	1313	318	R_EX_cpd11416_c0	0.805683	0.013088	0.015364
MGYG000002110__gradient_L1_inulin_gapseq	1188	1313	318	R_EX_cpd11416_c0	1.099793	0.013088	0.015620
MGYG000002110__gradient_L2_fos_gapseq	1188	1313	318	R_EX_cpd11416_c0	1.099793	0.013088	0.015561
MGYG000002110__gradient_L3_gos_gapseq	1188	1313	318	R_EX_cpd11416_c0	1.315265	0.013088	0.015932
MGYG000002110__gradient_L4_xos_gapseq	1188	1313	318	R_EX_cpd11416_c0	1.315265	0.013088	0.015911
MGYG000002110__gradient_L5_pectin_gapseq	1188	1313	318	R_EX_cpd11416_c0	1.315265	0.013088	0.015935
MGYG000002110__gradient_L6_resistant_starch_gapseq	1188	1313	318	R_EX_cpd11416_c0	1.936990	0.013088	0.015828
MGYG000002110__gradient_L7_bglucan_gapseq	1188	1313	318	R_EX_cpd11416_c0	1.936990	0.013088	0.015902
MGYG000002110__gradient_L8_hmo_gapseq	1188	1313	318	R_EX_cpd11416_c0	1.936990	0.013088	0.015897
MGYG000002110__gradient_L9_mos_gapseq	1188	1313	318	R_EX_cpd11416_c0	2.080638	0.013088	0.016397
MGYG000002129__gradient_L0_base_gapseq	1036	1079	246	R_EX_cpd11416_c0	-0.000000	0.011143	0.005228
MGYG000002129__gradient_L1_inulin_gapseq	1036	1079	246	R_EX_cpd11416_c0	-0.000000	0.011143	0.005399
MGYG000002129__gradient_L2_fos_gapseq	1036	1079	246	R_EX_cpd11416_c0	-0.000000	0.011143	0.005393
MGYG000002129__gradient_L3_gos_gapseq	1036	1079	246	R_EX_cpd11416_c0	-0.000000	0.011143	0.005548
MGYG000002129__gradient_L4_xos_gapseq	1036	1079	246	R_EX_cpd11416_c0	0.647740	0.011143	0.013525
MGYG000002129__gradient_L5_pectin_gapseq	1036	1079	246	R_EX_cpd11416_c0	0.647740	0.011143	0.013487
MGYG000002129__gradient_L6_resistant_starch_gapseq	1036	1079	246	R_EX_cpd11416_c0	1.226540	0.011143	0.013450
MGYG000002129__gradient_L7_bglucan_gapseq	1036	1079	246	R_EX_cpd11416_c0	1.226540	0.011143	0.013431
MGYG000002129__gradient_L8_hmo_gapseq	1036	1079	246	R_EX_cpd11416_c0	1.226540	0.011143	0.013432
MGYG000002129__gradient_L9_mos_gapseq	1036	1079	246	R_EX_cpd11416_c0	1.226540	0.011143	0.013409
MGYG000002131__gradient_L0_base_gapseq	1253	1402	333	R_EX_cpd11416_c0	0.139529	0.014226	0.018326
MGYG000002131__gradient_L1_inulin_gapseq	1253	1402	333	R_EX_cpd11416_c0	0.139529	0.014226	0.018365
MGYG000002131__gradient_L2_fos_gapseq	1253	1402	333	R_EX_cpd11416_c0	0.139529	0.014226	0.018243
MGYG000002131__gradient_L3_gos_gapseq	1253	1402	333	R_EX_cpd11416_c0	0.348833	0.014226	0.018234
MGYG000002131__gradient_L4_xos_gapseq	1253	1402	333	R_EX_cpd11416_c0	0.389344	0.014226	0.018112
MGYG000002131__gradient_L5_pectin_gapseq	1253	1402	333	R_EX_cpd11416_c0	0.389344	0.014226	0.018083
MGYG000002131__gradient_L6_resistant_starch_gapseq	1253	1402	333	R_EX_cpd11416_c0	0.814708	0.014226	0.018740
MGYG000002131__gradient_L7_bglucan_gapseq	1253	1402	333	R_EX_cpd11416_c0	0.969999	0.014226	0.018724
MGYG000002131__gradient_L8_hmo_gapseq	1253	1402	333	R_EX_cpd11416_c0	0.969999	0.014226	0.018635
MGYG000002131__gradient_L9_mos_gapseq	1253	1402	333	R_EX_cpd11416_c0	1.041473	0.014226	0.018586
MGYG000002133__gradient_L0_base_gapseq	1381	1581	369	R_EX_cpd11416_c0	0.440617	0.015362	0.022861
MGYG000002133__gradient_L1_inulin_gapseq	1381	1581	369	R_EX_cpd11416_c0	0.534731	0.015362	0.022424
MGYG000002133__gradient_L2_fos_gapseq	1381	1581	369	R_EX_cpd11416_c0	0.534731	0.015362	0.022625
MGYG000002133__gradient_L3_gos_gapseq	1381	1581	369	R_EX_cpd11416_c0	0.752906	0.015362	0.023269
MGYG000002133__gradient_L4_xos_gapseq	1381	1581	369	R_EX_cpd11416_c0	0.859180	0.015362	0.023746
MGYG000002133__gradient_L5_pectin_gapseq	1381	1581	369	R_EX_cpd11416_c0	0.890918	0.015362	0.023443
MGYG000002133__gradient_L6_resistant_starch_gapseq	1381	1581	369	R_EX_cpd11416_c0	1.118579	0.015362	0.024586
MGYG000002133__gradient_L7_bglucan_gapseq	1381	1581	369	R_EX_cpd11416_c0	1.255363	0.015362	0.023756
MGYG000002133__gradient_L8_hmo_gapseq	1381	1581	369	R_EX_cpd11416_c0	1.255363	0.015362	0.023815
MGYG000002133__gradient_L9_mos_gapseq	1381	1581	369	R_EX_cpd11416_c0	1.340473	0.015362	0.024202
MGYG000002139__gradient_L0_base_gapseq	825	765	103	R_EX_cpd11416_c0	-0.000000	0.008382	0.002927
MGYG000002139__gradient_L1_inulin_gapseq	825	765	103	R_EX_cpd11416_c0	0.193947	0.008382	0.007971
MGYG000002139__gradient_L2_fos_gapseq	825	765	103	R_EX_cpd11416_c0	0.193947	0.008382	0.007873
MGYG000002139__gradient_L3_gos_gapseq	825	765	103	R_EX_cpd11416_c0	0.193947	0.008382	0.007904
MGYG000002139__gradient_L4_xos_gapseq	825	765	103	R_EX_cpd11416_c0	0.193947	0.008382	0.007934
MGYG000002139__gradient_L5_pectin_gapseq	825	765	103	R_EX_cpd11416_c0	0.193947	0.008382	0.007849
MGYG000002139__gradient_L6_resistant_starch_gapseq	825	765	103	R_EX_cpd11416_c0	0.193947	0.008382	0.007866
MGYG000002139__gradient_L7_bglucan_gapseq	825	765	103	R_EX_cpd11416_c0	0.193947	0.008382	0.007962
MGYG000002139__gradient_L8_hmo_gapseq	825	765	103	R_EX_cpd11416_c0	0.193947	0.008382	0.007903
MGYG000002139__gradient_L9_mos_gapseq	825	765	103	R_EX_cpd11416_c0	0.193947	0.008382	0.007940
MGYG000002146__gradient_L0_base_gapseq	1156	1260	291	R_EX_cpd11416_c0	-0.000000	0.013655	0.006773
MGYG000002146__gradient_L1_inulin_gapseq	1156	1260	291	R_EX_cpd11416_c0	0.508077	0.013655	0.017546
MGYG000002146__gradient_L2_fos_gapseq	1156	1260	291	R_EX_cpd11416_c0	0.508077	0.013655	0.017444
MGYG000002146__gradient_L3_gos_gapseq	1156	1260	291	R_EX_cpd11416_c0	0.508077	0.013655	0.017432
MGYG000002146__gradient_L4_xos_gapseq	1156	1260	291	R_EX_cpd11416_c0	0.528068	0.013655	0.017722
MGYG000002146__gradient_L5_pectin_gapseq	1156	1260	291	R_EX_cpd11416_c0	0.528068	0.013655	0.017698
MGYG000002146__gradient_L6_resistant_starch_gapseq	1156	1260	291	R_EX_cpd11416_c0	0.694314	0.013655	0.017697
MGYG000002146__gradient_L7_bglucan_gapseq	1156	1260	291	R_EX_cpd11416_c0	0.694314	0.013655	0.017775
MGYG000002146__gradient_L8_hmo_gapseq	1156	1260	291	R_EX_cpd11416_c0	0.694314	0.013655	0.017711
MGYG000002146__gradient_L9_mos_gapseq	1156	1260	291	R_EX_cpd11416_c0	0.694314	0.013655	0.017764
MGYG000002154__gradient_L0_base_gapseq	1167	1282	355	R_EX_cpd11416_c0	0.412446	0.013539	0.016655
MGYG000002154__gradient_L1_inulin_gapseq	1167	1282	355	R_EX_cpd11416_c0	0.681885	0.013539	0.016250
MGYG000002154__gradient_L2_fos_gapseq	1167	1282	355	R_EX_cpd11416_c0	0.681885	0.013539	0.016262
MGYG000002154__gradient_L3_gos_gapseq	1167	1282	355	R_EX_cpd11416_c0	0.910935	0.013539	0.016795
MGYG000002154__gradient_L4_xos_gapseq	1167	1282	355	R_EX_cpd11416_c0	0.966143	0.013539	0.016769
MGYG000002154__gradient_L5_pectin_gapseq	1167	1282	355	R_EX_cpd11416_c0	0.966143	0.013539	0.016810
MGYG000002154__gradient_L6_resistant_starch_gapseq	1167	1282	355	R_EX_cpd11416_c0	1.333658	0.013539	0.016557
MGYG000002154__gradient_L7_bglucan_gapseq	1167	1282	355	R_EX_cpd11416_c0	1.333658	0.013539	0.016672
MGYG000002154__gradient_L8_hmo_gapseq	1167	1282	355	R_EX_cpd11416_c0	1.333658	0.013539	0.016626
MGYG000002154__gradient_L9_mos_gapseq	1167	1282	355	R_EX_cpd11416_c0	1.333658	0.013539	0.016658
MGYG000002159__gradient_L0_base_gapseq	1230	1381	306	R_EX_cpd11416_c0	0.277943	0.013500	0.019377
MGYG000002159__gradient_L1_inulin_gapseq	1230	1381	306	R_EX_cpd11416_c0	0.441693	0.013500	0.018959
MGYG000002159__gradient_L2_fos_gapseq	1230	1381	306	R_EX_cpd11416_c0	0.441693	0.013500	0.018852
MGYG000002159__gradient_L3_gos_gapseq	1230	1381	306	R_EX_cpd11416_c0	0.735403	0.013500	0.019295
MGYG000002159__gradient_L4_xos_gapseq	1230	1381	306	R_EX_cpd11416_c0	0.735403	0.013500	0.019351
MGYG000002159__gradient_L5_pectin_gapseq	1230	1381	306	R_EX_cpd11416_c0	0.735403	0.013500	0.019441
MGYG000002159__gradient_L6_resistant_starch_gapseq	1230	1381	306	R_EX_cpd11416_c0	1.349807	0.013500	0.019445
MGYG000002159__gradient_L7_bglucan_gapseq	1230	1381	306	R_EX_cpd11416_c0	1.349807	0.013500	0.019505
MGYG000002159__gradient_L8_hmo_gapseq	1230	1381	306	R_EX_cpd11416_c0	1.349807	0.013500	0.019424
MGYG000002159__gradient_L9_mos_gapseq	1230	1381	306	R_EX_cpd11416_c0	1.349807	0.013500	0.019403
MGYG000002162__gradient_L0_base_gapseq	933	940	258	R_EX_cpd11416_c0	0.131955	0.010057	0.011786
MGYG000002162__gradient_L1_inulin_gapseq	933	940	258	R_EX_cpd11416_c0	0.131955	0.010057	0.011741
MGYG000002162__gradient_L2_fos_gapseq	933	940	258	R_EX_cpd11416_c0	0.131955	0.010057	0.011826
MGYG000002162__gradient_L3_gos_gapseq	933	940	258	R_EX_cpd11416_c0	0.131955	0.010057	0.011686
MGYG000002162__gradient_L4_xos_gapseq	933	940	258	R_EX_cpd11416_c0	0.131955	0.010057	0.011740
MGYG000002162__gradient_L5_pectin_gapseq	933	940	258	R_EX_cpd11416_c0	0.131955	0.010057	0.011745
MGYG000002162__gradient_L6_resistant_starch_gapseq	933	940	258	R_EX_cpd11416_c0	0.131955	0.010057	0.011745
MGYG000002162__gradient_L7_bglucan_gapseq	933	940	258	R_EX_cpd11416_c0	0.131955	0.010057	0.011723
MGYG000002162__gradient_L8_hmo_gapseq	933	940	258	R_EX_cpd11416_c0	0.131955	0.010057	0.011759
MGYG000002162__gradient_L9_mos_gapseq	933	940	258	R_EX_cpd11416_c0	0.131955	0.010057	0.011720
MGYG000002166__gradient_L0_base_gapseq	649	604	83	R_EX_cpd11416_c0	-0.000000	0.006542	0.002223
MGYG000002166__gradient_L1_inulin_gapseq	649	604	83	R_EX_cpd11416_c0	-0.000000	0.006542	0.002493
MGYG000002166__gradient_L2_fos_gapseq	649	604	83	R_EX_cpd11416_c0	-0.000000	0.006542	0.002433
MGYG000002166__gradient_L3_gos_gapseq	649	604	83	R_EX_cpd11416_c0	-0.000000	0.006542	0.002343
MGYG000002166__gradient_L4_xos_gapseq	649	604	83	R_EX_cpd11416_c0	-0.000000	0.006542	0.002304
MGYG000002166__gradient_L5_pectin_gapseq	649	604	83	R_EX_cpd11416_c0	-0.000000	0.006542	0.002281
MGYG000002166__gradient_L6_resistant_starch_gapseq	649	604	83	R_EX_cpd11416_c0	-0.000000	0.006542	0.002376
MGYG000002166__gradient_L7_bglucan_gapseq	649	604	83	R_EX_cpd11416_c0	-0.000000	0.006542	0.002295
MGYG000002166__gradient_L8_hmo_gapseq	649	604	83	R_EX_cpd11416_c0	-0.000000	0.006542	0.002245
MGYG000002166__gradient_L9_mos_gapseq	649	604	83	R_EX_cpd11416_c0	-0.000000	0.006542	0.002255
MGYG000002173__gradient_L0_base_gapseq	1026	1065	204	R_EX_cpd11416_c0	-0.000000	0.010491	0.005567
MGYG000002173__gradient_L1_inulin_gapseq	1026	1065	204	R_EX_cpd11416_c0	0.568026	0.010491	0.013787
MGYG000002173__gradient_L2_fos_gapseq	1026	1065	204	R_EX_cpd11416_c0	0.568026	0.010491	0.013752
MGYG000002173__gradient_L3_gos_gapseq	1026	1065	204	R_EX_cpd11416_c0	0.695498	0.010491	0.013638
MGYG000002173__gradient_L4_xos_gapseq	1026	1065	204	R_EX_cpd11416_c0	0.801182	0.010491	0.013712
MGYG000002173__gradient_L5_pectin_gapseq	1026	1065	204	R_EX_cpd11416_c0	0.801182	0.010491	0.013810
MGYG000002173__gradient_L6_resistant_starch_gapseq	1026	1065	204	R_EX_cpd11416_c0	0.994383	0.010491	0.013216
MGYG000002173__gradient_L7_bglucan_gapseq	1026	1065	204	R_EX_cpd11416_c0	0.994383	0.010491	0.013259
MGYG000002173__gradient_L8_hmo_gapseq	1026	1065	204	R_EX_cpd11416_c0	0.994383	0.010491	0.013231
MGYG000002173__gradient_L9_mos_gapseq	1026	1065	204	R_EX_cpd11416_c0	0.994383	0.010491	0.013222
MGYG000002187__gradient_L0_base_gapseq	1166	1324	328	R_EX_cpd11416_c0	0.730744	0.012693	0.017979
MGYG000002187__gradient_L1_inulin_gapseq	1166	1324	328	R_EX_cpd11416_c0	1.024688	0.012693	0.016929
MGYG000002187__gradient_L2_fos_gapseq	1166	1324	328	R_EX_cpd11416_c0	1.024688	0.012693	0.016884
MGYG000002187__gradient_L3_gos_gapseq	1166	1324	328	R_EX_cpd11416_c0	1.318094	0.012693	0.017622
MGYG000002187__gradient_L4_xos_gapseq	1166	1324	328	R_EX_cpd11416_c0	1.318094	0.012693	0.017639
MGYG000002187__gradient_L5_pectin_gapseq	1166	1324	328	R_EX_cpd11416_c0	1.318094	0.012693	0.017575
MGYG000002187__gradient_L6_resistant_starch_gapseq	1166	1324	328	R_EX_cpd11416_c0	1.933802	0.012693	0.017504
MGYG000002187__gradient_L7_bglucan_gapseq	1166	1324	328	R_EX_cpd11416_c0	1.933802	0.012693	0.017509
MGYG000002187__gradient_L8_hmo_gapseq	1166	1324	328	R_EX_cpd11416_c0	1.933802	0.012693	0.017455
MGYG000002187__gradient_L9_mos_gapseq	1166	1324	328	R_EX_cpd11416_c0	2.076060	0.012693	0.017527
MGYG000002197__gradient_L0_base_gapseq	931	986	218	R_EX_cpd11416_c0	0.144401	0.010363	0.012680
MGYG000002197__gradient_L1_inulin_gapseq	931	986	218	R_EX_cpd11416_c0	0.282681	0.010363	0.012291
MGYG000002197__gradient_L2_fos_gapseq	931	986	218	R_EX_cpd11416_c0	0.282681	0.010363	0.012256
MGYG000002197__gradient_L3_gos_gapseq	931	986	218	R_EX_cpd11416_c0	0.282681	0.010363	0.012273
MGYG000002197__gradient_L4_xos_gapseq	931	986	218	R_EX_cpd11416_c0	0.302177	0.010363	0.012477
MGYG000002197__gradient_L5_pectin_gapseq	931	986	218	R_EX_cpd11416_c0	0.302177	0.010363	0.012557
MGYG000002197__gradient_L6_resistant_starch_gapseq	931	986	218	R_EX_cpd11416_c0	0.302177	0.010363	0.012466
MGYG000002197__gradient_L7_bglucan_gapseq	931	986	218	R_EX_cpd11416_c0	0.302177	0.010363	0.012532
MGYG000002197__gradient_L8_hmo_gapseq	931	986	218	R_EX_cpd11416_c0	0.302177	0.010363	0.012509
MGYG000002197__gradient_L9_mos_gapseq	931	986	218	R_EX_cpd11416_c0	0.302177	0.010363	0.012540
MGYG000002227__gradient_L0_base_gapseq	1246	1375	279	R_EX_cpd11416_c0	-0.000000	0.013602	0.007378
MGYG000002227__gradient_L1_inulin_gapseq	1246	1375	279	R_EX_cpd11416_c0	0.537892	0.013602	0.019210
MGYG000002227__gradient_L2_fos_gapseq	1246	1375	279	R_EX_cpd11416_c0	0.537892	0.013602	0.019192
MGYG000002227__gradient_L3_gos_gapseq	1246	1375	279	R_EX_cpd11416_c0	0.537892	0.013602	0.018587
MGYG000002227__gradient_L4_xos_gapseq	1246	1375	279	R_EX_cpd11416_c0	0.537892	0.013602	0.018724
MGYG000002227__gradient_L5_pectin_gapseq	1246	1375	279	R_EX_cpd11416_c0	0.537892	0.013602	0.018740
MGYG000002227__gradient_L6_resistant_starch_gapseq	1246	1375	279	R_EX_cpd11416_c0	1.249844	0.013602	0.018613
MGYG000002227__gradient_L7_bglucan_gapseq	1246	1375	279	R_EX_cpd11416_c0	1.483816	0.013602	0.018896
MGYG000002227__gradient_L8_hmo_gapseq	1246	1375	279	R_EX_cpd11416_c0	1.483816	0.013602	0.018867
MGYG000002227__gradient_L9_mos_gapseq	1246	1375	279	R_EX_cpd11416_c0	1.611801	0.013602	0.018830
MGYG000002244__gradient_L0_base_gapseq	675	638	54	R_EX_cpd11416_c0	-0.000000	0.006523	0.002209
MGYG000002244__gradient_L1_inulin_gapseq	675	638	54	R_EX_cpd11416_c0	-0.000000	0.006523	0.002653
MGYG000002244__gradient_L2_fos_gapseq	675	638	54	R_EX_cpd11416_c0	-0.000000	0.006523	0.002604
MGYG000002244__gradient_L3_gos_gapseq	675	638	54	R_EX_cpd11416_c0	-0.000000	0.006523	0.002505
MGYG000002244__gradient_L4_xos_gapseq	675	638	54	R_EX_cpd11416_c0	-0.000000	0.006523	0.002527
MGYG000002244__gradient_L5_pectin_gapseq	675	638	54	R_EX_cpd11416_c0	-0.000000	0.006523	0.002454
MGYG000002244__gradient_L6_resistant_starch_gapseq	675	638	54	R_EX_cpd11416_c0	-0.000000	0.006523	0.002426
MGYG000002244__gradient_L7_bglucan_gapseq	675	638	54	R_EX_cpd11416_c0	-0.000000	0.006523	0.002420
MGYG000002244__gradient_L8_hmo_gapseq	675	638	54	R_EX_cpd11416_c0	-0.000000	0.006523	0.002414
MGYG000002244__gradient_L9_mos_gapseq	675	638	54	R_EX_cpd11416_c0	-0.000000	0.006523	0.002521
MGYG000002248__gradient_L0_base_gapseq	603	551	82	R_EX_cpd11416_c0	-0.000000	0.005863	0.002049
MGYG000002248__gradient_L1_inulin_gapseq	603	551	82	R_EX_cpd11416_c0	0.059933	0.005863	0.005587
MGYG000002248__gradient_L2_fos_gapseq	603	551	82	R_EX_cpd11416_c0	0.059933	0.005863	0.005563
MGYG000002248__gradient_L3_gos_gapseq	603	551	82	R_EX_cpd11416_c0	0.059933	0.005863	0.005564
MGYG000002248__gradient_L4_xos_gapseq	603	551	82	R_EX_cpd11416_c0	0.059933	0.005863	0.005493
MGYG000002248__gradient_L5_pectin_gapseq	603	551	82	R_EX_cpd11416_c0	0.059933	0.005863	0.005553
MGYG000002248__gradient_L6_resistant_starch_gapseq	603	551	82	R_EX_cpd11416_c0	0.059933	0.005863	0.005534
MGYG000002248__gradient_L7_bglucan_gapseq	603	551	82	R_EX_cpd11416_c0	0.059933	0.005863	0.005509
MGYG000002248__gradient_L8_hmo_gapseq	603	551	82	R_EX_cpd11416_c0	0.059933	0.005863	0.005521
MGYG000002248__gradient_L9_mos_gapseq	603	551	82	R_EX_cpd11416_c0	0.059933	0.005863	0.005497
MGYG000002258__gradient_L0_base_gapseq	1191	1286	293	R_EX_cpd11416_c0	-0.000000	0.013133	0.006541
MGYG000002258__gradient_L1_inulin_gapseq	1191	1286	293	R_EX_cpd11416_c0	0.312471	0.013133	0.016137
MGYG000002258__gradient_L2_fos_gapseq	1191	1286	293	R_EX_cpd11416_c0	0.312471	0.013133	0.016275
MGYG000002258__gradient_L3_gos_gapseq	1191	1286	293	R_EX_cpd11416_c0	0.399156	0.013133	0.016383
MGYG000002258__gradient_L4_xos_gapseq	1191	1286	293	R_EX_cpd11416_c0	0.399156	0.013133	0.016389
MGYG000002258__gradient_L5_pectin_gapseq	1191	1286	293	R_EX_cpd11416_c0	0.432029	0.013133	0.016194
MGYG000002258__gradient_L6_resistant_starch_gapseq	1191	1286	293	R_EX_cpd11416_c0	0.749013	0.013133	0.016920
MGYG000002258__gradient_L7_bglucan_gapseq	1191	1286	293	R_EX_cpd11416_c0	0.868763	0.013133	0.016958
MGYG000002258__gradient_L8_hmo_gapseq	1191	1286	293	R_EX_cpd11416_c0	0.868763	0.013133	0.016933
MGYG000002258__gradient_L9_mos_gapseq	1191	1286	293	R_EX_cpd11416_c0	0.868763	0.013133	0.016474
MGYG000002278__gradient_L0_base_gapseq	1561	1815	480	R_EX_cpd11416_c0	1.297223	0.018196	0.028504
MGYG000002278__gradient_L1_inulin_gapseq	1561	1815	480	R_EX_cpd11416_c0	1.457375	0.018196	0.028307
MGYG000002278__gradient_L2_fos_gapseq	1561	1815	480	R_EX_cpd11416_c0	1.457375	0.018196	0.028286
MGYG000002278__gradient_L3_gos_gapseq	1561	1815	480	R_EX_cpd11416_c0	1.811712	0.018196	0.027484
MGYG000002278__gradient_L4_xos_gapseq	1561	1815	480	R_EX_cpd11416_c0	1.890582	0.018196	0.027774
MGYG000002278__gradient_L5_pectin_gapseq	1561	1815	480	R_EX_cpd11416_c0	1.890582	0.018196	0.027787
MGYG000002278__gradient_L6_resistant_starch_gapseq	1561	1815	480	R_EX_cpd11416_c0	2.585829	0.018196	0.028591
MGYG000002278__gradient_L7_bglucan_gapseq	1561	1815	480	R_EX_cpd11416_c0	2.815202	0.018196	0.027757
MGYG000002278__gradient_L8_hmo_gapseq	1561	1815	480	R_EX_cpd11416_c0	2.975960	0.018196	0.028800
MGYG000002278__gradient_L9_mos_gapseq	1561	1815	480	R_EX_cpd11416_c0	2.975960	0.018196	0.028765
MGYG000002298__gradient_L0_base_gapseq	1471	1730	546	R_EX_cpd11416_c0	1.003893	0.017357	0.024974
MGYG000002298__gradient_L1_inulin_gapseq	1471	1730	546	R_EX_cpd11416_c0	1.285690	0.017357	0.025392
MGYG000002298__gradient_L2_fos_gapseq	1471	1730	546	R_EX_cpd11416_c0	1.285690	0.017357	0.025315
MGYG000002298__gradient_L3_gos_gapseq	1471	1730	546	R_EX_cpd11416_c0	1.569689	0.017357	0.027137
MGYG000002298__gradient_L4_xos_gapseq	1471	1730	546	R_EX_cpd11416_c0	1.642340	0.017357	0.026564
MGYG000002298__gradient_L5_pectin_gapseq	1471	1730	546	R_EX_cpd11416_c0	1.642340	0.017357	0.026618
MGYG000002298__gradient_L6_resistant_starch_gapseq	1471	1730	546	R_EX_cpd11416_c0	2.248885	0.017357	0.027056
MGYG000002298__gradient_L7_bglucan_gapseq	1471	1730	546	R_EX_cpd11416_c0	2.450409	0.017357	0.027721
MGYG000002298__gradient_L8_hmo_gapseq	1471	1730	546	R_EX_cpd11416_c0	2.596441	0.017357	0.027181
MGYG000002298__gradient_L9_mos_gapseq	1471	1730	546	R_EX_cpd11416_c0	2.596441	0.017357	0.027179
MGYG000002308__gradient_L0_base_gapseq	1223	1296	338	R_EX_cpd11416_c0	0.199489	0.012929	0.018178
MGYG000002308__gradient_L1_inulin_gapseq	1223	1296	338	R_EX_cpd11416_c0	0.257152	0.012929	0.018941
MGYG000002308__gradient_L2_fos_gapseq	1223	1296	338	R_EX_cpd11416_c0	0.257152	0.012929	0.018907
MGYG000002308__gradient_L3_gos_gapseq	1223	1296	338	R_EX_cpd11416_c0	0.257152	0.012929	0.018894
MGYG000002308__gradient_L4_xos_gapseq	1223	1296	338	R_EX_cpd11416_c0	0.257152	0.012929	0.018913
MGYG000002308__gradient_L5_pectin_gapseq	1223	1296	338	R_EX_cpd11416_c0	0.257152	0.012929	0.018923
MGYG000002308__gradient_L6_resistant_starch_gapseq	1223	1296	338	R_EX_cpd11416_c0	0.257152	0.012929	0.018893
MGYG000002308__gradient_L7_bglucan_gapseq	1223	1296	338	R_EX_cpd11416_c0	0.257152	0.012929	0.018918
MGYG000002308__gradient_L8_hmo_gapseq	1223	1296	338	R_EX_cpd11416_c0	0.257152	0.012929	0.018923
MGYG000002308__gradient_L9_mos_gapseq	1223	1296	338	R_EX_cpd11416_c0	0.257152	0.012929	0.018950
MGYG000002309__gradient_L0_base_gapseq	1716	2014	539	R_EX_cpd11416_c0	-0.000000	0.020272	0.015794
MGYG000002309__gradient_L1_inulin_gapseq	1716	2014	539	R_EX_cpd11416_c0	-0.000000	0.020272	0.015421
MGYG000002309__gradient_L2_fos_gapseq	1716	2014	539	R_EX_cpd11416_c0	-0.000000	0.020272	0.015561
MGYG000002309__gradient_L3_gos_gapseq	1716	2014	539	R_EX_cpd11416_c0	-0.000000	0.020272	0.015451
MGYG000002309__gradient_L4_xos_gapseq	1716	2014	539	R_EX_cpd11416_c0	-0.000000	0.020272	0.015508
MGYG000002309__gradient_L5_pectin_gapseq	1716	2014	539	R_EX_cpd11416_c0	-0.000000	0.020272	0.015524
MGYG000002309__gradient_L6_resistant_starch_gapseq	1716	2014	539	R_EX_cpd11416_c0	-0.000000	0.020272	0.016396
MGYG000002309__gradient_L7_bglucan_gapseq	1716	2014	539	R_EX_cpd11416_c0	-0.000000	0.020272	0.016319
MGYG000002309__gradient_L8_hmo_gapseq	1716	2014	539	R_EX_cpd11416_c0	-0.000000	0.020272	0.016324
MGYG000002309__gradient_L9_mos_gapseq	1716	2014	539	R_EX_cpd11416_c0	-0.000000	0.020272	0.016342
MGYG000002321__gradient_L0_base_gapseq	1343	1501	331	R_EX_cpd11416_c0	-0.000000	0.015032	0.008235
MGYG000002321__gradient_L1_inulin_gapseq	1343	1501	331	R_EX_cpd11416_c0	-0.000000	0.015032	0.008486
MGYG000002321__gradient_L2_fos_gapseq	1343	1501	331	R_EX_cpd11416_c0	-0.000000	0.015032	0.008284
MGYG000002321__gradient_L3_gos_gapseq	1343	1501	331	R_EX_cpd11416_c0	-0.000000	0.015032	0.008492
MGYG000002321__gradient_L4_xos_gapseq	1343	1501	331	R_EX_cpd11416_c0	0.934241	0.015032	0.020731
MGYG000002321__gradient_L5_pectin_gapseq	1343	1501	331	R_EX_cpd11416_c0	0.934241	0.015032	0.020857
MGYG000002321__gradient_L6_resistant_starch_gapseq	1343	1501	331	R_EX_cpd11416_c0	1.548564	0.015032	0.020411
MGYG000002321__gradient_L7_bglucan_gapseq	1343	1501	331	R_EX_cpd11416_c0	1.754010	0.015032	0.020877
MGYG000002321__gradient_L8_hmo_gapseq	1343	1501	331	R_EX_cpd11416_c0	1.754010	0.015032	0.020630
MGYG000002321__gradient_L9_mos_gapseq	1343	1501	331	R_EX_cpd11416_c0	1.895392	0.015032	0.021281
MGYG000002322__gradient_L0_base_gapseq	2280	2875	1231	R_EX_cpd11416_c0	1.852402	0.029831	0.057233
MGYG000002322__gradient_L1_inulin_gapseq	2280	2875	1231	R_EX_cpd11416_c0	2.178960	0.029831	0.060728
MGYG000002322__gradient_L2_fos_gapseq	2280	2875	1231	R_EX_cpd11416_c0	2.178960	0.029831	0.060646
MGYG000002322__gradient_L3_gos_gapseq	2280	2875	1231	R_EX_cpd11416_c0	2.519184	0.029831	0.059852
MGYG000002322__gradient_L4_xos_gapseq	2280	2875	1231	R_EX_cpd11416_c0	2.696120	0.029831	0.060922
MGYG000002322__gradient_L5_pectin_gapseq	2280	2875	1231	R_EX_cpd11416_c0	2.748796	0.029831	0.061045
MGYG000002322__gradient_L6_resistant_starch_gapseq	2280	2875	1231	R_EX_cpd11416_c0	3.452535	0.029831	0.062066
MGYG000002322__gradient_L7_bglucan_gapseq	2280	2875	1231	R_EX_cpd11416_c0	3.684347	0.029831	0.062080
MGYG000002322__gradient_L8_hmo_gapseq	2280	2875	1231	R_EX_cpd11416_c0	3.684347	0.029831	0.062134
MGYG000002322__gradient_L9_mos_gapseq	2280	2875	1231	R_EX_cpd11416_c0	3.834857	0.029831	0.062160
MGYG000002333__gradient_L0_base_gapseq	1218	1332	367	R_EX_cpd11416_c0	0.282606	0.013980	0.019073
MGYG000002333__gradient_L1_inulin_gapseq	1218	1332	367	R_EX_cpd11416_c0	0.282606	0.013980	0.018892
MGYG000002333__gradient_L2_fos_gapseq	1218	1332	367	R_EX_cpd11416_c0	0.282606	0.013980	0.019343
MGYG000002333__gradient_L3_gos_gapseq	1218	1332	367	R_EX_cpd11416_c0	0.282606	0.013980	0.018882
MGYG000002333__gradient_L4_xos_gapseq	1218	1332	367	R_EX_cpd11416_c0	0.282606	0.013980	0.018914
MGYG000002333__gradient_L5_pectin_gapseq	1218	1332	367	R_EX_cpd11416_c0	0.282606	0.013980	0.018864
MGYG000002333__gradient_L6_resistant_starch_gapseq	1218	1332	367	R_EX_cpd11416_c0	0.282606	0.013980	0.018972
MGYG000002333__gradient_L7_bglucan_gapseq	1218	1332	367	R_EX_cpd11416_c0	0.282606	0.013980	0.018902
MGYG000002333__gradient_L8_hmo_gapseq	1218	1332	367	R_EX_cpd11416_c0	0.282606	0.013980	0.018943
MGYG000002333__gradient_L9_mos_gapseq	1218	1332	367	R_EX_cpd11416_c0	0.282606	0.013980	0.018903
MGYG000002335__gradient_L0_base_gapseq	2155	2649	1068	R_EX_cpd11416_c0	1.575100	0.027186	0.052349
MGYG000002335__gradient_L1_inulin_gapseq	2155	2649	1068	R_EX_cpd11416_c0	1.872434	0.027186	0.052572
MGYG000002335__gradient_L2_fos_gapseq	2155	2649	1068	R_EX_cpd11416_c0	1.872434	0.027186	0.052468
MGYG000002335__gradient_L3_gos_gapseq	2155	2649	1068	R_EX_cpd11416_c0	2.201789	0.027186	0.054384
MGYG000002335__gradient_L4_xos_gapseq	2155	2649	1068	R_EX_cpd11416_c0	2.363813	0.027186	0.055490
MGYG000002335__gradient_L5_pectin_gapseq	2155	2649	1068	R_EX_cpd11416_c0	2.363813	0.027186	0.055478
MGYG000002335__gradient_L6_resistant_starch_gapseq	2155	2649	1068	R_EX_cpd11416_c0	2.978717	0.027186	0.056641
MGYG000002335__gradient_L7_bglucan_gapseq	2155	2649	1068	R_EX_cpd11416_c0	3.187911	0.027186	0.056189
MGYG000002335__gradient_L8_hmo_gapseq	2155	2649	1068	R_EX_cpd11416_c0	3.187911	0.027186	0.056336
MGYG000002335__gradient_L9_mos_gapseq	2155	2649	1068	R_EX_cpd11416_c0	3.195793	0.027186	0.056095
MGYG000002337__gradient_L0_base_gapseq	1818	2218	572	R_EX_cpd11416_c0	1.257562	0.021981	0.043491
MGYG000002337__gradient_L1_inulin_gapseq	1818	2218	572	R_EX_cpd11416_c0	1.527445	0.021981	0.042146
MGYG000002337__gradient_L2_fos_gapseq	1818	2218	572	R_EX_cpd11416_c0	1.527445	0.021981	0.041604
MGYG000002337__gradient_L3_gos_gapseq	1818	2218	572	R_EX_cpd11416_c0	1.734750	0.021981	0.044248
MGYG000002337__gradient_L4_xos_gapseq	1818	2218	572	R_EX_cpd11416_c0	1.797551	0.021981	0.043398
MGYG000002337__gradient_L5_pectin_gapseq	1818	2218	572	R_EX_cpd11416_c0	1.797551	0.021981	0.043428
MGYG000002337__gradient_L6_resistant_starch_gapseq	1818	2218	572	R_EX_cpd11416_c0	2.366538	0.021981	0.042952
MGYG000002337__gradient_L7_bglucan_gapseq	1818	2218	572	R_EX_cpd11416_c0	2.557686	0.021981	0.043224
MGYG000002337__gradient_L8_hmo_gapseq	1818	2218	572	R_EX_cpd11416_c0	2.557686	0.021981	0.043544
MGYG000002337__gradient_L9_mos_gapseq	1818	2218	572	R_EX_cpd11416_c0	2.689573	0.021981	0.046651
MGYG000002340__gradient_L0_base_gapseq	1547	1737	507	R_EX_cpd11416_c0	0.656040	0.017676	0.029233
MGYG000002340__gradient_L1_inulin_gapseq	1547	1737	507	R_EX_cpd11416_c0	0.656040	0.017676	0.029014
MGYG000002340__gradient_L2_fos_gapseq	1547	1737	507	R_EX_cpd11416_c0	0.656040	0.017676	0.028964
MGYG000002340__gradient_L3_gos_gapseq	1547	1737	507	R_EX_cpd11416_c0	0.786501	0.017676	0.028621
MGYG000002340__gradient_L4_xos_gapseq	1547	1737	507	R_EX_cpd11416_c0	0.786501	0.017676	0.028685
MGYG000002340__gradient_L5_pectin_gapseq	1547	1737	507	R_EX_cpd11416_c0	0.786501	0.017676	0.028647
MGYG000002340__gradient_L6_resistant_starch_gapseq	1547	1737	507	R_EX_cpd11416_c0	1.484166	0.017676	0.028655
MGYG000002340__gradient_L7_bglucan_gapseq	1547	1737	507	R_EX_cpd11416_c0	1.484166	0.017676	0.028644
MGYG000002340__gradient_L8_hmo_gapseq	1547	1737	507	R_EX_cpd11416_c0	1.649897	0.017676	0.027355
MGYG000002340__gradient_L9_mos_gapseq	1547	1737	507	R_EX_cpd11416_c0	1.649897	0.017676	0.027347
MGYG000002341__gradient_L0_base_gapseq	1829	2050	637	R_EX_cpd11416_c0	0.525399	0.021728	0.036463
MGYG000002341__gradient_L1_inulin_gapseq	1829	2050	637	R_EX_cpd11416_c0	0.639619	0.021728	0.038244
MGYG000002341__gradient_L2_fos_gapseq	1829	2050	637	R_EX_cpd11416_c0	0.639619	0.021728	0.038194
MGYG000002341__gradient_L3_gos_gapseq	1829	2050	637	R_EX_cpd11416_c0	0.639619	0.021728	0.038235
MGYG000002341__gradient_L4_xos_gapseq	1829	2050	637	R_EX_cpd11416_c0	0.639619	0.021728	0.039937
MGYG000002341__gradient_L5_pectin_gapseq	1829	2050	637	R_EX_cpd11416_c0	0.639619	0.021728	0.039956
MGYG000002341__gradient_L6_resistant_starch_gapseq	1829	2050	637	R_EX_cpd11416_c0	0.639619	0.021728	0.039969
MGYG000002341__gradient_L7_bglucan_gapseq	1829	2050	637	R_EX_cpd11416_c0	0.639619	0.021728	0.040051
MGYG000002341__gradient_L8_hmo_gapseq	1829	2050	637	R_EX_cpd11416_c0	0.639619	0.021728	0.039989
MGYG000002341__gradient_L9_mos_gapseq	1829	2050	637	R_EX_cpd11416_c0	0.639619	0.021728	0.039983
MGYG000002346__gradient_L0_base_gapseq	2033	2281	777	R_EX_cpd11416_c0	0.563956	0.024632	0.043606
MGYG000002346__gradient_L1_inulin_gapseq	2033	2281	777	R_EX_cpd11416_c0	0.686430	0.024632	0.044970
MGYG000002346__gradient_L2_fos_gapseq	2033	2281	777	R_EX_cpd11416_c0	0.686430	0.024632	0.044832
MGYG000002346__gradient_L3_gos_gapseq	2033	2281	777	R_EX_cpd11416_c0	0.686430	0.024632	0.045089
MGYG000002346__gradient_L4_xos_gapseq	2033	2281	777	R_EX_cpd11416_c0	0.686430	0.024632	0.044894
MGYG000002346__gradient_L5_pectin_gapseq	2033	2281	777	R_EX_cpd11416_c0	0.686430	0.024632	0.044894
MGYG000002346__gradient_L6_resistant_starch_gapseq	2033	2281	777	R_EX_cpd11416_c0	0.781620	0.024632	0.041818
MGYG000002346__gradient_L7_bglucan_gapseq	2033	2281	777	R_EX_cpd11416_c0	0.781620	0.024632	0.041866
MGYG000002346__gradient_L8_hmo_gapseq	2033	2281	777	R_EX_cpd11416_c0	0.781620	0.024632	0.041871
MGYG000002346__gradient_L9_mos_gapseq	2033	2281	777	R_EX_cpd11416_c0	0.781620	0.024632	0.041897
MGYG000002353__gradient_L0_base_gapseq	1416	1759	499	R_EX_cpd11416_c0	0.933620	0.017561	0.027802
MGYG000002353__gradient_L1_inulin_gapseq	1416	1759	499	R_EX_cpd11416_c0	1.158915	0.017561	0.027121
MGYG000002353__gradient_L2_fos_gapseq	1416	1759	499	R_EX_cpd11416_c0	1.158915	0.017561	0.027140
MGYG000002353__gradient_L3_gos_gapseq	1416	1759	499	R_EX_cpd11416_c0	1.406275	0.017561	0.027820
MGYG000002353__gradient_L4_xos_gapseq	1416	1759	499	R_EX_cpd11416_c0	1.468114	0.017561	0.027611
MGYG000002353__gradient_L5_pectin_gapseq	1416	1759	499	R_EX_cpd11416_c0	1.500180	0.017561	0.027637
MGYG000002353__gradient_L6_resistant_starch_gapseq	1416	1759	499	R_EX_cpd11416_c0	2.022383	0.017561	0.027607
MGYG000002353__gradient_L7_bglucan_gapseq	1416	1759	499	R_EX_cpd11416_c0	2.194160	0.017561	0.028686
MGYG000002353__gradient_L8_hmo_gapseq	1416	1759	499	R_EX_cpd11416_c0	2.194160	0.017561	0.028697
MGYG000002353__gradient_L9_mos_gapseq	1416	1759	499	R_EX_cpd11416_c0	2.304098	0.017561	0.028435
MGYG000002364__gradient_L0_base_gapseq	1343	1439	390	R_EX_cpd11416_c0	0.200142	0.014802	0.021781
MGYG000002364__gradient_L1_inulin_gapseq	1343	1439	390	R_EX_cpd11416_c0	0.327512	0.014802	0.022452
MGYG000002364__gradient_L2_fos_gapseq	1343	1439	390	R_EX_cpd11416_c0	0.327512	0.014802	0.022905
MGYG000002364__gradient_L3_gos_gapseq	1343	1439	390	R_EX_cpd11416_c0	0.327512	0.014802	0.022424
MGYG000002364__gradient_L4_xos_gapseq	1343	1439	390	R_EX_cpd11416_c0	0.327512	0.014802	0.022353
MGYG000002364__gradient_L5_pectin_gapseq	1343	1439	390	R_EX_cpd11416_c0	0.327512	0.014802	0.022286
MGYG000002364__gradient_L6_resistant_starch_gapseq	1343	1439	390	R_EX_cpd11416_c0	0.327512	0.014802	0.022416
MGYG000002364__gradient_L7_bglucan_gapseq	1343	1439	390	R_EX_cpd11416_c0	0.327512	0.014802	0.022376
MGYG000002364__gradient_L8_hmo_gapseq	1343	1439	390	R_EX_cpd11416_c0	0.327512	0.014802	0.022433
MGYG000002364__gradient_L9_mos_gapseq	1343	1439	390	R_EX_cpd11416_c0	0.327512	0.014802	0.022471
MGYG000002383__gradient_L0_base_gapseq	1528	1844	505	R_EX_cpd11416_c0	0.874482	0.017917	0.026972
MGYG000002383__gradient_L1_inulin_gapseq	1528	1844	505	R_EX_cpd11416_c0	1.101803	0.017917	0.027841
MGYG000002383__gradient_L2_fos_gapseq	1528	1844	505	R_EX_cpd11416_c0	1.101803	0.017917	0.027761
MGYG000002383__gradient_L3_gos_gapseq	1528	1844	505	R_EX_cpd11416_c0	1.324486	0.017917	0.027814
MGYG000002383__gradient_L4_xos_gapseq	1528	1844	505	R_EX_cpd11416_c0	1.449745	0.017917	0.028560
MGYG000002383__gradient_L5_pectin_gapseq	1528	1844	505	R_EX_cpd11416_c0	1.482219	0.017917	0.028355
MGYG000002383__gradient_L6_resistant_starch_gapseq	1528	1844	505	R_EX_cpd11416_c0	2.011090	0.017917	0.028781
MGYG000002383__gradient_L7_bglucan_gapseq	1528	1844	505	R_EX_cpd11416_c0	2.185060	0.017917	0.028500
MGYG000002383__gradient_L8_hmo_gapseq	1528	1844	505	R_EX_cpd11416_c0	2.185060	0.017917	0.028371
MGYG000002383__gradient_L9_mos_gapseq	1528	1844	505	R_EX_cpd11416_c0	2.296401	0.017917	0.027964
MGYG000002385__gradient_L0_base_gapseq	2051	2431	894	R_EX_cpd11416_c0	1.422820	0.025056	0.050420
MGYG000002385__gradient_L1_inulin_gapseq	2051	2431	894	R_EX_cpd11416_c0	1.586319	0.025056	0.047398
MGYG000002385__gradient_L2_fos_gapseq	2051	2431	894	R_EX_cpd11416_c0	1.586319	0.025056	0.047340
MGYG000002385__gradient_L3_gos_gapseq	2051	2431	894	R_EX_cpd11416_c0	1.682667	0.025056	0.049468
MGYG000002385__gradient_L4_xos_gapseq	2051	2431	894	R_EX_cpd11416_c0	1.873902	0.025056	0.049579
MGYG000002385__gradient_L5_pectin_gapseq	2051	2431	894	R_EX_cpd11416_c0	1.873902	0.025056	0.049576
MGYG000002385__gradient_L6_resistant_starch_gapseq	2051	2431	894	R_EX_cpd11416_c0	2.276100	0.025056	0.050557
MGYG000002385__gradient_L7_bglucan_gapseq	2051	2431	894	R_EX_cpd11416_c0	2.276100	0.025056	0.050625
MGYG000002385__gradient_L8_hmo_gapseq	2051	2431	894	R_EX_cpd11416_c0	2.276100	0.025056	0.050564
MGYG000002385__gradient_L9_mos_gapseq	2051	2431	894	R_EX_cpd11416_c0	2.276100	0.025056	0.050541
MGYG000002387__gradient_L0_base_gapseq	1191	1387	316	R_EX_cpd11416_c0	0.387537	0.014147	0.016735
MGYG000002387__gradient_L1_inulin_gapseq	1191	1387	316	R_EX_cpd11416_c0	0.546529	0.014147	0.017217
MGYG000002387__gradient_L2_fos_gapseq	1191	1387	316	R_EX_cpd11416_c0	0.546529	0.014147	0.017250
MGYG000002387__gradient_L3_gos_gapseq	1191	1387	316	R_EX_cpd11416_c0	0.665774	0.014147	0.016961
MGYG000002387__gradient_L4_xos_gapseq	1191	1387	316	R_EX_cpd11416_c0	0.665774	0.014147	0.016868
MGYG000002387__gradient_L5_pectin_gapseq	1191	1387	316	R_EX_cpd11416_c0	0.665774	0.014147	0.016811
MGYG000002387__gradient_L6_resistant_starch_gapseq	1191	1387	316	R_EX_cpd11416_c0	1.025072	0.014147	0.017417
MGYG000002387__gradient_L7_bglucan_gapseq	1191	1387	316	R_EX_cpd11416_c0	1.025072	0.014147	0.017361
MGYG000002387__gradient_L8_hmo_gapseq	1191	1387	316	R_EX_cpd11416_c0	1.025072	0.014147	0.017308
MGYG000002387__gradient_L9_mos_gapseq	1191	1387	316	R_EX_cpd11416_c0	1.102254	0.014147	0.017176
MGYG000002389__gradient_L0_base_gapseq	1385	1663	386	R_EX_cpd11416_c0	0.671226	0.016299	0.023774
MGYG000002389__gradient_L1_inulin_gapseq	1385	1663	386	R_EX_cpd11416_c0	0.830013	0.016299	0.023969
MGYG000002389__gradient_L2_fos_gapseq	1385	1663	386	R_EX_cpd11416_c0	0.830013	0.016299	0.023894
MGYG000002389__gradient_L3_gos_gapseq	1385	1663	386	R_EX_cpd11416_c0	0.974365	0.016299	0.024714
MGYG000002389__gradient_L4_xos_gapseq	1385	1663	386	R_EX_cpd11416_c0	1.024888	0.016299	0.024703
MGYG000002389__gradient_L5_pectin_gapseq	1385	1663	386	R_EX_cpd11416_c0	1.024888	0.016299	0.024683
MGYG000002389__gradient_L6_resistant_starch_gapseq	1385	1663	386	R_EX_cpd11416_c0	1.378550	0.016299	0.025600
MGYG000002389__gradient_L7_bglucan_gapseq	1385	1663	386	R_EX_cpd11416_c0	1.501249	0.016299	0.025031
MGYG000002389__gradient_L8_hmo_gapseq	1385	1663	386	R_EX_cpd11416_c0	1.501249	0.016299	0.024931
MGYG000002389__gradient_L9_mos_gapseq	1385	1663	386	R_EX_cpd11416_c0	1.578237	0.016299	0.026008
MGYG000002395__gradient_L0_base_gapseq	1233	1517	346	R_EX_cpd11416_c0	-0.000000	0.014722	0.010328
MGYG000002395__gradient_L1_inulin_gapseq	1233	1517	346	R_EX_cpd11416_c0	-0.000000	0.014722	0.010457
MGYG000002395__gradient_L2_fos_gapseq	1233	1517	346	R_EX_cpd11416_c0	-0.000000	0.014722	0.010422
MGYG000002395__gradient_L3_gos_gapseq	1233	1517	346	R_EX_cpd11416_c0	0.836133	0.014722	0.024667
MGYG000002395__gradient_L4_xos_gapseq	1233	1517	346	R_EX_cpd11416_c0	0.898325	0.014722	0.025156
MGYG000002395__gradient_L5_pectin_gapseq	1233	1517	346	R_EX_cpd11416_c0	0.898325	0.014722	0.025700
MGYG000002395__gradient_L6_resistant_starch_gapseq	1233	1517	346	R_EX_cpd11416_c0	1.391730	0.014722	0.024322
MGYG000002395__gradient_L7_bglucan_gapseq	1233	1517	346	R_EX_cpd11416_c0	1.559815	0.014722	0.025397
MGYG000002395__gradient_L8_hmo_gapseq	1233	1517	346	R_EX_cpd11416_c0	1.559815	0.014722	0.024866
MGYG000002395__gradient_L9_mos_gapseq	1233	1517	346	R_EX_cpd11416_c0	1.559815	0.014722	0.025861
MGYG000002399__gradient_L0_base_gapseq	1705	2049	496	R_EX_cpd11416_c0	1.107029	0.020132	0.036381
MGYG000002399__gradient_L1_inulin_gapseq	1705	2049	496	R_EX_cpd11416_c0	1.370739	0.020132	0.035732
MGYG000002399__gradient_L2_fos_gapseq	1705	2049	496	R_EX_cpd11416_c0	1.370739	0.020132	0.036810
MGYG000002399__gradient_L3_gos_gapseq	1705	2049	496	R_EX_cpd11416_c0	1.569196	0.020132	0.037797
MGYG000002399__gradient_L4_xos_gapseq	1705	2049	496	R_EX_cpd11416_c0	1.650199	0.020132	0.037916
MGYG000002399__gradient_L5_pectin_gapseq	1705	2049	496	R_EX_cpd11416_c0	1.650199	0.020132	0.037823
MGYG000002399__gradient_L6_resistant_starch_gapseq	1705	2049	496	R_EX_cpd11416_c0	2.233823	0.020132	0.036413
MGYG000002399__gradient_L7_bglucan_gapseq	1705	2049	496	R_EX_cpd11416_c0	2.427840	0.020132	0.036495
MGYG000002399__gradient_L8_hmo_gapseq	1705	2049	496	R_EX_cpd11416_c0	2.427840	0.020132	0.036433
MGYG000002399__gradient_L9_mos_gapseq	1705	2049	496	R_EX_cpd11416_c0	2.552662	0.020132	0.037990
MGYG000002406__gradient_L0_base_gapseq	1656	1954	570	R_EX_cpd11416_c0	0.378110	0.020045	0.034622
MGYG000002406__gradient_L1_inulin_gapseq	1656	1954	570	R_EX_cpd11416_c0	0.611328	0.020045	0.032736
MGYG000002406__gradient_L2_fos_gapseq	1656	1954	570	R_EX_cpd11416_c0	0.611328	0.020045	0.032915
MGYG000002406__gradient_L3_gos_gapseq	1656	1954	570	R_EX_cpd11416_c0	0.704139	0.020045	0.033289
MGYG000002406__gradient_L4_xos_gapseq	1656	1954	570	R_EX_cpd11416_c0	0.763589	0.020045	0.033692
MGYG000002406__gradient_L5_pectin_gapseq	1656	1954	570	R_EX_cpd11416_c0	0.763589	0.020045	0.033726
MGYG000002406__gradient_L6_resistant_starch_gapseq	1656	1954	570	R_EX_cpd11416_c0	1.254936	0.020045	0.033302
MGYG000002406__gradient_L7_bglucan_gapseq	1656	1954	570	R_EX_cpd11416_c0	1.254936	0.020045	0.033332
MGYG000002406__gradient_L8_hmo_gapseq	1656	1954	570	R_EX_cpd11416_c0	1.254936	0.020045	0.033254
MGYG000002406__gradient_L9_mos_gapseq	1656	1954	570	R_EX_cpd11416_c0	1.356774	0.020045	0.033913
MGYG000002420__gradient_L0_base_gapseq	1403	1575	406	R_EX_cpd11416_c0	0.393784	0.015475	0.020501
MGYG000002420__gradient_L1_inulin_gapseq	1403	1575	406	R_EX_cpd11416_c0	0.393784	0.015475	0.020457
MGYG000002420__gradient_L2_fos_gapseq	1403	1575	406	R_EX_cpd11416_c0	0.393784	0.015475	0.020425
MGYG000002420__gradient_L3_gos_gapseq	1403	1575	406	R_EX_cpd11416_c0	0.393784	0.015475	0.021315
MGYG000002420__gradient_L4_xos_gapseq	1403	1575	406	R_EX_cpd11416_c0	0.405947	0.015475	0.020744
MGYG000002420__gradient_L5_pectin_gapseq	1403	1575	406	R_EX_cpd11416_c0	0.405947	0.015475	0.020822
MGYG000002420__gradient_L6_resistant_starch_gapseq	1403	1575	406	R_EX_cpd11416_c0	0.951763	0.015475	0.021173
MGYG000002420__gradient_L7_bglucan_gapseq	1403	1575	406	R_EX_cpd11416_c0	1.127090	0.015475	0.021475
MGYG000002420__gradient_L8_hmo_gapseq	1403	1575	406	R_EX_cpd11416_c0	1.127090	0.015475	0.021540
MGYG000002420__gradient_L9_mos_gapseq	1403	1575	406	R_EX_cpd11416_c0	1.127090	0.015475	0.021487
MGYG000002423__gradient_L0_base_gapseq	2255	2751	1183	R_EX_cpd11416_c0	1.123507	0.028863	0.055064
MGYG000002423__gradient_L1_inulin_gapseq	2255	2751	1183	R_EX_cpd11416_c0	1.403225	0.028863	0.056549
MGYG000002423__gradient_L2_fos_gapseq	2255	2751	1183	R_EX_cpd11416_c0	1.403225	0.028863	0.056371
MGYG000002423__gradient_L3_gos_gapseq	2255	2751	1183	R_EX_cpd11416_c0	1.716861	0.028863	0.055736
MGYG000002423__gradient_L4_xos_gapseq	2255	2751	1183	R_EX_cpd11416_c0	1.884134	0.028863	0.059423
MGYG000002423__gradient_L5_pectin_gapseq	2255	2751	1183	R_EX_cpd11416_c0	1.925023	0.028863	0.058252
MGYG000002423__gradient_L6_resistant_starch_gapseq	2255	2751	1183	R_EX_cpd11416_c0	2.558643	0.028863	0.060220
MGYG000002423__gradient_L7_bglucan_gapseq	2255	2751	1183	R_EX_cpd11416_c0	2.758646	0.028863	0.057237
MGYG000002423__gradient_L8_hmo_gapseq	2255	2751	1183	R_EX_cpd11416_c0	2.758646	0.028863	0.057277
MGYG000002423__gradient_L9_mos_gapseq	2255	2751	1183	R_EX_cpd11416_c0	2.887625	0.028863	0.056681
MGYG000002426__gradient_L0_base_gapseq	1280	1362	346	R_EX_cpd11416_c0	0.287388	0.014094	0.019398
MGYG000002426__gradient_L1_inulin_gapseq	1280	1362	346	R_EX_cpd11416_c0	0.435422	0.014094	0.019003
MGYG000002426__gradient_L2_fos_gapseq	1280	1362	346	R_EX_cpd11416_c0	0.435422	0.014094	0.019008
MGYG000002426__gradient_L3_gos_gapseq	1280	1362	346	R_EX_cpd11416_c0	0.435422	0.014094	0.019007
MGYG000002426__gradient_L4_xos_gapseq	1280	1362	346	R_EX_cpd11416_c0	0.435422	0.014094	0.019061
MGYG000002426__gradient_L5_pectin_gapseq	1280	1362	346	R_EX_cpd11416_c0	0.435422	0.014094	0.019005
MGYG000002426__gradient_L6_resistant_starch_gapseq	1280	1362	346	R_EX_cpd11416_c0	0.435422	0.014094	0.018807
MGYG000002426__gradient_L7_bglucan_gapseq	1280	1362	346	R_EX_cpd11416_c0	0.435422	0.014094	0.018808
MGYG000002426__gradient_L8_hmo_gapseq	1280	1362	346	R_EX_cpd11416_c0	0.435422	0.014094	0.018805
MGYG000002426__gradient_L9_mos_gapseq	1280	1362	346	R_EX_cpd11416_c0	0.435422	0.014094	0.018829
MGYG000002431__gradient_L0_base_gapseq	1285	1374	349	R_EX_cpd11416_c0	0.287388	0.014570	0.019719
MGYG000002431__gradient_L1_inulin_gapseq	1285	1374	349	R_EX_cpd11416_c0	0.435422	0.014570	0.019320
MGYG000002431__gradient_L2_fos_gapseq	1285	1374	349	R_EX_cpd11416_c0	0.435422	0.014570	0.019301
MGYG000002431__gradient_L3_gos_gapseq	1285	1374	349	R_EX_cpd11416_c0	0.435422	0.014570	0.019299
MGYG000002431__gradient_L4_xos_gapseq	1285	1374	349	R_EX_cpd11416_c0	0.435422	0.014570	0.019351
MGYG000002431__gradient_L5_pectin_gapseq	1285	1374	349	R_EX_cpd11416_c0	0.435422	0.014570	0.019362
MGYG000002431__gradient_L6_resistant_starch_gapseq	1285	1374	349	R_EX_cpd11416_c0	0.435422	0.014570	0.019830
MGYG000002431__gradient_L7_bglucan_gapseq	1285	1374	349	R_EX_cpd11416_c0	0.435422	0.014570	0.019777
MGYG000002431__gradient_L8_hmo_gapseq	1285	1374	349	R_EX_cpd11416_c0	0.435422	0.014570	0.019770
MGYG000002431__gradient_L9_mos_gapseq	1285	1374	349	R_EX_cpd11416_c0	0.435422	0.014570	0.019774
MGYG000002435__gradient_L0_base_gapseq	1265	1369	343	R_EX_cpd11416_c0	0.267979	0.014305	0.020025
MGYG000002435__gradient_L1_inulin_gapseq	1265	1369	343	R_EX_cpd11416_c0	0.405279	0.014305	0.019622
MGYG000002435__gradient_L2_fos_gapseq	1265	1369	343	R_EX_cpd11416_c0	0.405279	0.014305	0.019876
MGYG000002435__gradient_L3_gos_gapseq	1265	1369	343	R_EX_cpd11416_c0	0.405279	0.014305	0.019585
MGYG000002435__gradient_L4_xos_gapseq	1265	1369	343	R_EX_cpd11416_c0	0.405279	0.014305	0.019478
MGYG000002435__gradient_L5_pectin_gapseq	1265	1369	343	R_EX_cpd11416_c0	0.405279	0.014305	0.019529
MGYG000002435__gradient_L6_resistant_starch_gapseq	1265	1369	343	R_EX_cpd11416_c0	0.405279	0.014305	0.019355
MGYG000002435__gradient_L7_bglucan_gapseq	1265	1369	343	R_EX_cpd11416_c0	0.405279	0.014305	0.019294
MGYG000002435__gradient_L8_hmo_gapseq	1265	1369	343	R_EX_cpd11416_c0	0.405279	0.014305	0.019241
MGYG000002435__gradient_L9_mos_gapseq	1265	1369	343	R_EX_cpd11416_c0	0.405279	0.014305	0.019259
MGYG000002447__gradient_L0_base_gapseq	1319	1385	383	R_EX_cpd11416_c0	0.229272	0.015068	0.019194
MGYG000002447__gradient_L1_inulin_gapseq	1319	1385	383	R_EX_cpd11416_c0	0.296972	0.015068	0.019765
MGYG000002447__gradient_L2_fos_gapseq	1319	1385	383	R_EX_cpd11416_c0	0.296972	0.015068	0.019667
MGYG000002447__gradient_L3_gos_gapseq	1319	1385	383	R_EX_cpd11416_c0	0.296972	0.015068	0.019633
MGYG000002447__gradient_L4_xos_gapseq	1319	1385	383	R_EX_cpd11416_c0	0.296972	0.015068	0.019598
MGYG000002447__gradient_L5_pectin_gapseq	1319	1385	383	R_EX_cpd11416_c0	0.296972	0.015068	0.019656
MGYG000002447__gradient_L6_resistant_starch_gapseq	1319	1385	383	R_EX_cpd11416_c0	0.324814	0.015068	0.019326
MGYG000002447__gradient_L7_bglucan_gapseq	1319	1385	383	R_EX_cpd11416_c0	0.324814	0.015068	0.019208
MGYG000002447__gradient_L8_hmo_gapseq	1319	1385	383	R_EX_cpd11416_c0	0.324814	0.015068	0.019209
MGYG000002447__gradient_L9_mos_gapseq	1319	1385	383	R_EX_cpd11416_c0	0.324814	0.015068	0.019265
MGYG000002448__gradient_L0_base_gapseq	1379	1488	334	R_EX_cpd11416_c0	-0.000000	0.014839	0.008764
MGYG000002448__gradient_L1_inulin_gapseq	1379	1488	334	R_EX_cpd11416_c0	-0.000000	0.014839	0.009407
MGYG000002448__gradient_L2_fos_gapseq	1379	1488	334	R_EX_cpd11416_c0	-0.000000	0.014839	0.009333
MGYG000002448__gradient_L3_gos_gapseq	1379	1488	334	R_EX_cpd11416_c0	-0.000000	0.014839	0.009377
MGYG000002448__gradient_L4_xos_gapseq	1379	1488	334	R_EX_cpd11416_c0	0.674904	0.014839	0.023184
MGYG000002448__gradient_L5_pectin_gapseq	1379	1488	334	R_EX_cpd11416_c0	0.674904	0.014839	0.023017
MGYG000002448__gradient_L6_resistant_starch_gapseq	1379	1488	334	R_EX_cpd11416_c0	0.674904	0.014839	0.022985
MGYG000002448__gradient_L7_bglucan_gapseq	1379	1488	334	R_EX_cpd11416_c0	0.674904	0.014839	0.022901
MGYG000002448__gradient_L8_hmo_gapseq	1379	1488	334	R_EX_cpd11416_c0	0.674904	0.014839	0.022946
MGYG000002448__gradient_L9_mos_gapseq	1379	1488	334	R_EX_cpd11416_c0	0.674904	0.014839	0.022918
MGYG000002456__gradient_L0_base_gapseq	821	787	208	R_EX_cpd11416_c0	-0.000000	0.008124	0.003315
MGYG000002456__gradient_L1_inulin_gapseq	821	787	208	R_EX_cpd11416_c0	-0.000000	0.008124	0.003305
MGYG000002456__gradient_L2_fos_gapseq	821	787	208	R_EX_cpd11416_c0	-0.000000	0.008124	0.003222
MGYG000002456__gradient_L3_gos_gapseq	821	787	208	R_EX_cpd11416_c0	-0.000000	0.008124	0.003128
MGYG000002456__gradient_L4_xos_gapseq	821	787	208	R_EX_cpd11416_c0	-0.000000	0.008124	0.003133
MGYG000002456__gradient_L5_pectin_gapseq	821	787	208	R_EX_cpd11416_c0	-0.000000	0.008124	0.003076
MGYG000002456__gradient_L6_resistant_starch_gapseq	821	787	208	R_EX_cpd11416_c0	-0.000000	0.008124	0.003246
MGYG000002456__gradient_L7_bglucan_gapseq	821	787	208	R_EX_cpd11416_c0	-0.000000	0.008124	0.003146
MGYG000002456__gradient_L8_hmo_gapseq	821	787	208	R_EX_cpd11416_c0	-0.000000	0.008124	0.003150
MGYG000002456__gradient_L9_mos_gapseq	821	787	208	R_EX_cpd11416_c0	-0.000000	0.008124	0.003124
MGYG000002461__gradient_L0_base_gapseq	2187	2689	1116	R_EX_cpd11416_c0	1.635824	0.026788	0.052937
MGYG000002461__gradient_L1_inulin_gapseq	2187	2689	1116	R_EX_cpd11416_c0	1.801917	0.026788	0.052869
MGYG000002461__gradient_L2_fos_gapseq	2187	2689	1116	R_EX_cpd11416_c0	1.801917	0.026788	0.052666
MGYG000002461__gradient_L3_gos_gapseq	2187	2689	1116	R_EX_cpd11416_c0	2.127371	0.026788	0.053696
MGYG000002461__gradient_L4_xos_gapseq	2187	2689	1116	R_EX_cpd11416_c0	2.296482	0.026788	0.056560
MGYG000002461__gradient_L5_pectin_gapseq	2187	2689	1116	R_EX_cpd11416_c0	2.296482	0.026788	0.056730
MGYG000002461__gradient_L6_resistant_starch_gapseq	2187	2689	1116	R_EX_cpd11416_c0	2.886765	0.026788	0.057274
MGYG000002461__gradient_L7_bglucan_gapseq	2187	2689	1116	R_EX_cpd11416_c0	3.084947	0.026788	0.056314
MGYG000002461__gradient_L8_hmo_gapseq	2187	2689	1116	R_EX_cpd11416_c0	3.084947	0.026788	0.056252
MGYG000002461__gradient_L9_mos_gapseq	2187	2689	1116	R_EX_cpd11416_c0	3.195793	0.026788	0.058496
MGYG000002463__gradient_L0_base_gapseq	2307	2788	1290	R_EX_cpd11416_c0	1.161070	0.029898	0.059472
MGYG000002463__gradient_L1_inulin_gapseq	2307	2788	1290	R_EX_cpd11416_c0	1.313401	0.029898	0.054850
MGYG000002463__gradient_L2_fos_gapseq	2307	2788	1290	R_EX_cpd11416_c0	1.313401	0.029898	0.054599
MGYG000002463__gradient_L3_gos_gapseq	2307	2788	1290	R_EX_cpd11416_c0	1.401417	0.029898	0.054691
MGYG000002463__gradient_L4_xos_gapseq	2307	2788	1290	R_EX_cpd11416_c0	1.484151	0.029898	0.054454
MGYG000002463__gradient_L5_pectin_gapseq	2307	2788	1290	R_EX_cpd11416_c0	1.493343	0.029898	0.053936
MGYG000002463__gradient_L6_resistant_starch_gapseq	2307	2788	1290	R_EX_cpd11416_c0	2.104198	0.029898	0.056395
MGYG000002463__gradient_L7_bglucan_gapseq	2307	2788	1290	R_EX_cpd11416_c0	2.104198	0.029898	0.056326
MGYG000002463__gradient_L8_hmo_gapseq	2307	2788	1290	R_EX_cpd11416_c0	2.104198	0.029898	0.056303
MGYG000002463__gradient_L9_mos_gapseq	2307	2788	1290	R_EX_cpd11416_c0	2.210833	0.029898	0.057977
MGYG000002475__gradient_L0_base_gapseq	1673	1947	698	R_EX_cpd11416_c0	-0.000000	0.020462	0.013187
MGYG000002475__gradient_L1_inulin_gapseq	1673	1947	698	R_EX_cpd11416_c0	-0.000000	0.020462	0.013153
MGYG000002475__gradient_L2_fos_gapseq	1673	1947	698	R_EX_cpd11416_c0	-0.000000	0.020462	0.013205
MGYG000002475__gradient_L3_gos_gapseq	1673	1947	698	R_EX_cpd11416_c0	1.401167	0.020462	0.031645
MGYG000002475__gradient_L4_xos_gapseq	1673	1947	698	R_EX_cpd11416_c0	1.516748	0.020462	0.031340
MGYG000002475__gradient_L5_pectin_gapseq	1673	1947	698	R_EX_cpd11416_c0	1.516748	0.020462	0.031309
MGYG000002475__gradient_L6_resistant_starch_gapseq	1673	1947	698	R_EX_cpd11416_c0	2.094658	0.020462	0.031078
MGYG000002475__gradient_L7_bglucan_gapseq	1673	1947	698	R_EX_cpd11416_c0	2.094658	0.020462	0.031127
MGYG000002475__gradient_L8_hmo_gapseq	1673	1947	698	R_EX_cpd11416_c0	2.228489	0.020462	0.031948
MGYG000002475__gradient_L9_mos_gapseq	1673	1947	698	R_EX_cpd11416_c0	2.228489	0.020462	0.031942
MGYG000002476__gradient_L0_base_gapseq	2163	2648	1038	R_EX_cpd11416_c0	1.385577	0.027317	0.052561
MGYG000002476__gradient_L1_inulin_gapseq	2163	2648	1038	R_EX_cpd11416_c0	1.643761	0.027317	0.051836
MGYG000002476__gradient_L2_fos_gapseq	2163	2648	1038	R_EX_cpd11416_c0	1.643761	0.027317	0.051822
MGYG000002476__gradient_L3_gos_gapseq	2163	2648	1038	R_EX_cpd11416_c0	1.925416	0.027317	0.051686
MGYG000002476__gradient_L4_xos_gapseq	2163	2648	1038	R_EX_cpd11416_c0	2.075632	0.027317	0.051245
MGYG000002476__gradient_L5_pectin_gapseq	2163	2648	1038	R_EX_cpd11416_c0	2.110839	0.027317	0.051710
MGYG000002476__gradient_L6_resistant_starch_gapseq	2163	2648	1038	R_EX_cpd11416_c0	2.646688	0.027317	0.053283
MGYG000002476__gradient_L7_bglucan_gapseq	2163	2648	1038	R_EX_cpd11416_c0	2.822652	0.027317	0.054600
MGYG000002476__gradient_L8_hmo_gapseq	2163	2648	1038	R_EX_cpd11416_c0	2.822652	0.027317	0.054682
MGYG000002476__gradient_L9_mos_gapseq	2163	2648	1038	R_EX_cpd11416_c0	2.944306	0.027317	0.052414
MGYG000002479__gradient_L0_base_gapseq	1256	1333	306	R_EX_cpd11416_c0	0.226120	0.013979	0.018867
MGYG000002479__gradient_L1_inulin_gapseq	1256	1333	306	R_EX_cpd11416_c0	0.226120	0.013979	0.018882
MGYG000002479__gradient_L2_fos_gapseq	1256	1333	306	R_EX_cpd11416_c0	0.226120	0.013979	0.018629
MGYG000002479__gradient_L3_gos_gapseq	1256	1333	306	R_EX_cpd11416_c0	0.226120	0.013979	0.018597
MGYG000002479__gradient_L4_xos_gapseq	1256	1333	306	R_EX_cpd11416_c0	0.226120	0.013979	0.018623
MGYG000002479__gradient_L5_pectin_gapseq	1256	1333	306	R_EX_cpd11416_c0	0.226120	0.013979	0.018530
MGYG000002479__gradient_L6_resistant_starch_gapseq	1256	1333	306	R_EX_cpd11416_c0	0.226120	0.013979	0.018585
MGYG000002479__gradient_L7_bglucan_gapseq	1256	1333	306	R_EX_cpd11416_c0	0.226120	0.013979	0.018592
MGYG000002479__gradient_L8_hmo_gapseq	1256	1333	306	R_EX_cpd11416_c0	0.226120	0.013979	0.018544
MGYG000002479__gradient_L9_mos_gapseq	1256	1333	306	R_EX_cpd11416_c0	0.226120	0.013979	0.018574
MGYG000002480__gradient_L0_base_gapseq	1199	1243	318	R_EX_cpd11416_c0	-0.000000	0.012995	0.006611
MGYG000002480__gradient_L1_inulin_gapseq	1199	1243	318	R_EX_cpd11416_c0	-0.000000	0.012995	0.006549
MGYG000002480__gradient_L2_fos_gapseq	1199	1243	318	R_EX_cpd11416_c0	-0.000000	0.012995	0.006538
MGYG000002480__gradient_L3_gos_gapseq	1199	1243	318	R_EX_cpd11416_c0	-0.000000	0.012995	0.006580
MGYG000002480__gradient_L4_xos_gapseq	1199	1243	318	R_EX_cpd11416_c0	-0.000000	0.012995	0.006573
MGYG000002480__gradient_L5_pectin_gapseq	1199	1243	318	R_EX_cpd11416_c0	0.517854	0.012995	0.016230
MGYG000002480__gradient_L6_resistant_starch_gapseq	1199	1243	318	R_EX_cpd11416_c0	0.517854	0.012995	0.015742
MGYG000002480__gradient_L7_bglucan_gapseq	1199	1243	318	R_EX_cpd11416_c0	0.517854	0.012995	0.015771
MGYG000002480__gradient_L8_hmo_gapseq	1199	1243	318	R_EX_cpd11416_c0	0.517854	0.012995	0.015729
MGYG000002480__gradient_L9_mos_gapseq	1199	1243	318	R_EX_cpd11416_c0	0.517854	0.012995	0.015747
MGYG000002482__gradient_L0_base_gapseq	1112	1230	292	R_EX_cpd11416_c0	0.120217	0.012726	0.016510
MGYG000002482__gradient_L1_inulin_gapseq	1112	1230	292	R_EX_cpd11416_c0	0.248691	0.012726	0.016146
MGYG000002482__gradient_L2_fos_gapseq	1112	1230	292	R_EX_cpd11416_c0	0.248691	0.012726	0.016167
MGYG000002482__gradient_L3_gos_gapseq	1112	1230	292	R_EX_cpd11416_c0	0.326117	0.012726	0.016538
MGYG000002482__gradient_L4_xos_gapseq	1112	1230	292	R_EX_cpd11416_c0	0.326117	0.012726	0.016523
MGYG000002482__gradient_L5_pectin_gapseq	1112	1230	292	R_EX_cpd11416_c0	0.326117	0.012726	0.016529
MGYG000002482__gradient_L6_resistant_starch_gapseq	1112	1230	292	R_EX_cpd11416_c0	0.769557	0.012726	0.015972
MGYG000002482__gradient_L7_bglucan_gapseq	1112	1230	292	R_EX_cpd11416_c0	0.769557	0.012726	0.016020
MGYG000002482__gradient_L8_hmo_gapseq	1112	1230	292	R_EX_cpd11416_c0	0.769557	0.012726	0.015970
MGYG000002482__gradient_L9_mos_gapseq	1112	1230	292	R_EX_cpd11416_c0	0.769557	0.012726	0.016096
MGYG000002489__gradient_L0_base_gapseq	1519	1651	433	R_EX_cpd11416_c0	0.227797	0.017138	0.024108
MGYG000002489__gradient_L1_inulin_gapseq	1519	1651	433	R_EX_cpd11416_c0	0.303732	0.017138	0.024494
MGYG000002489__gradient_L2_fos_gapseq	1519	1651	433	R_EX_cpd11416_c0	0.303732	0.017138	0.024327
MGYG000002489__gradient_L3_gos_gapseq	1519	1651	433	R_EX_cpd11416_c0	0.303732	0.017138	0.024296
MGYG000002489__gradient_L4_xos_gapseq	1519	1651	433	R_EX_cpd11416_c0	0.303732	0.017138	0.024244
MGYG000002489__gradient_L5_pectin_gapseq	1519	1651	433	R_EX_cpd11416_c0	0.303732	0.017138	0.024343
MGYG000002489__gradient_L6_resistant_starch_gapseq	1519	1651	433	R_EX_cpd11416_c0	0.370176	0.017138	0.024639
MGYG000002489__gradient_L7_bglucan_gapseq	1519	1651	433	R_EX_cpd11416_c0	0.370176	0.017138	0.024573
MGYG000002489__gradient_L8_hmo_gapseq	1519	1651	433	R_EX_cpd11416_c0	0.370176	0.017138	0.024579
MGYG000002489__gradient_L9_mos_gapseq	1519	1651	433	R_EX_cpd11416_c0	0.370176	0.017138	0.024611
MGYG000002505__gradient_L0_base_gapseq	1542	1662	424	R_EX_cpd11416_c0	0.219815	0.017002	0.024768
MGYG000002505__gradient_L1_inulin_gapseq	1542	1662	424	R_EX_cpd11416_c0	0.320912	0.017002	0.024864
MGYG000002505__gradient_L2_fos_gapseq	1542	1662	424	R_EX_cpd11416_c0	0.320912	0.017002	0.024763
MGYG000002505__gradient_L3_gos_gapseq	1542	1662	424	R_EX_cpd11416_c0	0.320912	0.017002	0.024753
MGYG000002505__gradient_L4_xos_gapseq	1542	1662	424	R_EX_cpd11416_c0	0.320912	0.017002	0.024828
MGYG000002505__gradient_L5_pectin_gapseq	1542	1662	424	R_EX_cpd11416_c0	0.320912	0.017002	0.024838
MGYG000002505__gradient_L6_resistant_starch_gapseq	1542	1662	424	R_EX_cpd11416_c0	0.693662	0.017002	0.026550
MGYG000002505__gradient_L7_bglucan_gapseq	1542	1662	424	R_EX_cpd11416_c0	0.693662	0.017002	0.026517
MGYG000002505__gradient_L8_hmo_gapseq	1542	1662	424	R_EX_cpd11416_c0	0.693662	0.017002	0.026612
MGYG000002505__gradient_L9_mos_gapseq	1542	1662	424	R_EX_cpd11416_c0	0.693662	0.017002	0.026544
MGYG000002506__gradient_L0_base_gapseq	2344	2930	1347	R_EX_cpd11416_c0	1.788566	0.030726	0.061616
MGYG000002506__gradient_L1_inulin_gapseq	2344	2930	1347	R_EX_cpd11416_c0	2.105478	0.030726	0.059916
MGYG000002506__gradient_L2_fos_gapseq	2344	2930	1347	R_EX_cpd11416_c0	2.105478	0.030726	0.059971
MGYG000002506__gradient_L3_gos_gapseq	2344	2930	1347	R_EX_cpd11416_c0	2.439038	0.030726	0.062274
MGYG000002506__gradient_L4_xos_gapseq	2344	2930	1347	R_EX_cpd11416_c0	2.609499	0.030726	0.061758
MGYG000002506__gradient_L5_pectin_gapseq	2344	2930	1347	R_EX_cpd11416_c0	2.658319	0.030726	0.062277
MGYG000002506__gradient_L6_resistant_starch_gapseq	2344	2930	1347	R_EX_cpd11416_c0	3.339970	0.030726	0.061752
MGYG000002506__gradient_L7_bglucan_gapseq	2344	2930	1347	R_EX_cpd11416_c0	3.564240	0.030726	0.062198
MGYG000002506__gradient_L8_hmo_gapseq	2344	2930	1347	R_EX_cpd11416_c0	3.564240	0.030726	0.062305
MGYG000002506__gradient_L9_mos_gapseq	2344	2930	1347	R_EX_cpd11416_c0	3.709682	0.030726	0.063393
MGYG000002507__gradient_L0_base_gapseq	2237	2777	1207	R_EX_cpd11416_c0	1.740524	0.030220	0.058897
MGYG000002507__gradient_L1_inulin_gapseq	2237	2777	1207	R_EX_cpd11416_c0	1.901676	0.030220	0.055843
MGYG000002507__gradient_L2_fos_gapseq	2237	2777	1207	R_EX_cpd11416_c0	1.901676	0.030220	0.055873
MGYG000002507__gradient_L3_gos_gapseq	2237	2777	1207	R_EX_cpd11416_c0	2.238368	0.030220	0.060227
MGYG000002507__gradient_L4_xos_gapseq	2237	2777	1207	R_EX_cpd11416_c0	2.417641	0.030220	0.058801
MGYG000002507__gradient_L5_pectin_gapseq	2237	2777	1207	R_EX_cpd11416_c0	2.417641	0.030220	0.058781
MGYG000002507__gradient_L6_resistant_starch_gapseq	2237	2777	1207	R_EX_cpd11416_c0	3.122809	0.030220	0.059416
MGYG000002507__gradient_L7_bglucan_gapseq	2237	2777	1207	R_EX_cpd11416_c0	3.355030	0.030220	0.059360
MGYG000002507__gradient_L8_hmo_gapseq	2237	2777	1207	R_EX_cpd11416_c0	3.355030	0.030220	0.059646
MGYG000002507__gradient_L9_mos_gapseq	2237	2777	1207	R_EX_cpd11416_c0	3.505567	0.030220	0.058949
MGYG000002516__gradient_L0_base_gapseq	2073	2534	816	R_EX_cpd11416_c0	1.340662	0.025594	0.048008
MGYG000002516__gradient_L1_inulin_gapseq	2073	2534	816	R_EX_cpd11416_c0	1.621137	0.025594	0.048843
MGYG000002516__gradient_L2_fos_gapseq	2073	2534	816	R_EX_cpd11416_c0	1.621137	0.025594	0.048926
MGYG000002516__gradient_L3_gos_gapseq	2073	2534	816	R_EX_cpd11416_c0	1.914233	0.025594	0.049858
MGYG000002516__gradient_L4_xos_gapseq	2073	2534	816	R_EX_cpd11416_c0	1.975505	0.025594	0.049374
MGYG000002516__gradient_L5_pectin_gapseq	2073	2534	816	R_EX_cpd11416_c0	1.975505	0.025594	0.049349
MGYG000002516__gradient_L6_resistant_starch_gapseq	2073	2534	816	R_EX_cpd11416_c0	2.276100	0.025594	0.052393
MGYG000002516__gradient_L7_bglucan_gapseq	2073	2534	816	R_EX_cpd11416_c0	2.276100	0.025594	0.052383
MGYG000002516__gradient_L8_hmo_gapseq	2073	2534	816	R_EX_cpd11416_c0	2.276100	0.025594	0.052326
MGYG000002516__gradient_L9_mos_gapseq	2073	2534	816	R_EX_cpd11416_c0	2.276100	0.025594	0.052436
MGYG000002517__gradient_L0_base_gapseq	1501	1740	455	R_EX_cpd11416_c0	-0.000000	0.017398	0.010614
MGYG000002517__gradient_L1_inulin_gapseq	1501	1740	455	R_EX_cpd11416_c0	-0.000000	0.017398	0.010426
MGYG000002517__gradient_L2_fos_gapseq	1501	1740	455	R_EX_cpd11416_c0	-0.000000	0.017398	0.010389
MGYG000002517__gradient_L3_gos_gapseq	1501	1740	455	R_EX_cpd11416_c0	1.156083	0.017398	0.027319
MGYG000002517__gradient_L4_xos_gapseq	1501	1740	455	R_EX_cpd11416_c0	1.192671	0.017398	0.026297
MGYG000002517__gradient_L5_pectin_gapseq	1501	1740	455	R_EX_cpd11416_c0	1.228609	0.017398	0.026676
MGYG000002517__gradient_L6_resistant_starch_gapseq	1501	1740	455	R_EX_cpd11416_c0	1.769920	0.017398	0.026640
MGYG000002517__gradient_L7_bglucan_gapseq	1501	1740	455	R_EX_cpd11416_c0	1.951854	0.017398	0.026314
MGYG000002517__gradient_L8_hmo_gapseq	1501	1740	455	R_EX_cpd11416_c0	2.086620	0.017398	0.025930
MGYG000002517__gradient_L9_mos_gapseq	1501	1740	455	R_EX_cpd11416_c0	2.176464	0.017398	0.026960
MGYG000002526__gradient_L0_base_gapseq	1963	2464	941	R_EX_cpd11416_c0	1.359848	0.025259	0.050324
MGYG000002526__gradient_L1_inulin_gapseq	1963	2464	941	R_EX_cpd11416_c0	1.680667	0.025259	0.048841
MGYG000002526__gradient_L2_fos_gapseq	1963	2464	941	R_EX_cpd11416_c0	1.680667	0.025259	0.048723
MGYG000002526__gradient_L3_gos_gapseq	1963	2464	941	R_EX_cpd11416_c0	2.003073	0.025259	0.050096
MGYG000002526__gradient_L4_xos_gapseq	1963	2464	941	R_EX_cpd11416_c0	2.167198	0.025259	0.050413
MGYG000002526__gradient_L5_pectin_gapseq	1963	2464	941	R_EX_cpd11416_c0	2.218459	0.025259	0.051313
MGYG000002526__gradient_L6_resistant_starch_gapseq	1963	2464	941	R_EX_cpd11416_c0	2.864741	0.025259	0.051242
MGYG000002526__gradient_L7_bglucan_gapseq	1963	2464	941	R_EX_cpd11416_c0	3.079652	0.025259	0.052825
MGYG000002526__gradient_L8_hmo_gapseq	1963	2464	941	R_EX_cpd11416_c0	3.079652	0.025259	0.052737
MGYG000002526__gradient_L9_mos_gapseq	1963	2464	941	R_EX_cpd11416_c0	3.226512	0.025259	0.052827
MGYG000002530__gradient_L0_base_gapseq	1207	1352	311	R_EX_cpd11416_c0	-0.000000	0.013269	0.006713
MGYG000002530__gradient_L1_inulin_gapseq	1207	1352	311	R_EX_cpd11416_c0	0.584016	0.013269	0.017615
MGYG000002530__gradient_L2_fos_gapseq	1207	1352	311	R_EX_cpd11416_c0	0.584016	0.013269	0.017721
MGYG000002530__gradient_L3_gos_gapseq	1207	1352	311	R_EX_cpd11416_c0	0.927169	0.013269	0.017682
MGYG000002530__gradient_L4_xos_gapseq	1207	1352	311	R_EX_cpd11416_c0	0.927169	0.013269	0.017641
MGYG000002530__gradient_L5_pectin_gapseq	1207	1352	311	R_EX_cpd11416_c0	0.927169	0.013269	0.017675
MGYG000002530__gradient_L6_resistant_starch_gapseq	1207	1352	311	R_EX_cpd11416_c0	1.625347	0.013269	0.017570
MGYG000002530__gradient_L7_bglucan_gapseq	1207	1352	311	R_EX_cpd11416_c0	1.869464	0.013269	0.018095
MGYG000002530__gradient_L8_hmo_gapseq	1207	1352	311	R_EX_cpd11416_c0	1.869464	0.013269	0.018048
MGYG000002530__gradient_L9_mos_gapseq	1207	1352	311	R_EX_cpd11416_c0	2.002998	0.013269	0.017778
MGYG000002532__gradient_L0_base_gapseq	1886	2279	824	R_EX_cpd11416_c0	1.246489	0.022949	0.041230
MGYG000002532__gradient_L1_inulin_gapseq	1886	2279	824	R_EX_cpd11416_c0	1.387270	0.022949	0.041686
MGYG000002532__gradient_L2_fos_gapseq	1886	2279	824	R_EX_cpd11416_c0	1.387270	0.022949	0.041563
MGYG000002532__gradient_L3_gos_gapseq	1886	2279	824	R_EX_cpd11416_c0	1.671031	0.022949	0.043264
MGYG000002532__gradient_L4_xos_gapseq	1886	2279	824	R_EX_cpd11416_c0	1.833593	0.022949	0.041777
MGYG000002532__gradient_L5_pectin_gapseq	1886	2279	824	R_EX_cpd11416_c0	1.833593	0.022949	0.041854
MGYG000002532__gradient_L6_resistant_starch_gapseq	1886	2279	824	R_EX_cpd11416_c0	2.417086	0.022949	0.045375
MGYG000002532__gradient_L7_bglucan_gapseq	1886	2279	824	R_EX_cpd11416_c0	2.599399	0.022949	0.045509
MGYG000002532__gradient_L8_hmo_gapseq	1886	2279	824	R_EX_cpd11416_c0	2.599399	0.022949	0.045522
MGYG000002532__gradient_L9_mos_gapseq	1886	2279	824	R_EX_cpd11416_c0	2.694390	0.022949	0.044990
MGYG000002535__gradient_L0_base_gapseq	2354	2900	1305	R_EX_cpd11416_c0	1.856593	0.029457	0.062923
MGYG000002535__gradient_L1_inulin_gapseq	2354	2900	1305	R_EX_cpd11416_c0	2.188791	0.029457	0.064883
MGYG000002535__gradient_L2_fos_gapseq	2354	2900	1305	R_EX_cpd11416_c0	2.188791	0.029457	0.064671
MGYG000002535__gradient_L3_gos_gapseq	2354	2900	1305	R_EX_cpd11416_c0	2.538196	0.029457	0.062054
MGYG000002535__gradient_L4_xos_gapseq	2354	2900	1305	R_EX_cpd11416_c0	2.716706	0.029457	0.062720
MGYG000002535__gradient_L5_pectin_gapseq	2354	2900	1305	R_EX_cpd11416_c0	2.769850	0.029457	0.062460
MGYG000002535__gradient_L6_resistant_starch_gapseq	2354	2900	1305	R_EX_cpd11416_c0	3.477206	0.029457	0.063514
MGYG000002535__gradient_L7_bglucan_gapseq	2354	2900	1305	R_EX_cpd11416_c0	3.709005	0.029457	0.063074
MGYG000002535__gradient_L8_hmo_gapseq	2354	2900	1305	R_EX_cpd11416_c0	3.709005	0.029457	0.063092
MGYG000002535__gradient_L9_mos_gapseq	2354	2900	1305	R_EX_cpd11416_c0	3.859507	0.029457	0.062914
MGYG000002542__gradient_L0_base_gapseq	1525	1823	496	R_EX_cpd11416_c0	0.471106	0.018414	0.029286
MGYG000002542__gradient_L1_inulin_gapseq	1525	1823	496	R_EX_cpd11416_c0	0.640708	0.018414	0.029202
MGYG000002542__gradient_L2_fos_gapseq	1525	1823	496	R_EX_cpd11416_c0	0.640708	0.018414	0.029189
MGYG000002542__gradient_L3_gos_gapseq	1525	1823	496	R_EX_cpd11416_c0	0.803243	0.018414	0.029669
MGYG000002542__gradient_L4_xos_gapseq	1525	1823	496	R_EX_cpd11416_c0	0.904667	0.018414	0.029530
MGYG000002542__gradient_L5_pectin_gapseq	1525	1823	496	R_EX_cpd11416_c0	0.904667	0.018414	0.029458
MGYG000002542__gradient_L6_resistant_starch_gapseq	1525	1823	496	R_EX_cpd11416_c0	1.238737	0.018414	0.029910
MGYG000002542__gradient_L7_bglucan_gapseq	1525	1823	496	R_EX_cpd11416_c0	1.238737	0.018414	0.029907
MGYG000002542__gradient_L8_hmo_gapseq	1525	1823	496	R_EX_cpd11416_c0	1.238737	0.018414	0.029906
MGYG000002542__gradient_L9_mos_gapseq	1525	1823	496	R_EX_cpd11416_c0	1.306267	0.018414	0.030064
MGYG000002544__gradient_L0_base_gapseq	1424	1507	424	R_EX_cpd11416_c0	-0.000000	0.015794	0.008641
MGYG000002544__gradient_L1_inulin_gapseq	1424	1507	424	R_EX_cpd11416_c0	0.644501	0.015794	0.021237
MGYG000002544__gradient_L2_fos_gapseq	1424	1507	424	R_EX_cpd11416_c0	0.644501	0.015794	0.021292
MGYG000002544__gradient_L3_gos_gapseq	1424	1507	424	R_EX_cpd11416_c0	0.777098	0.015794	0.021305
MGYG000002544__gradient_L4_xos_gapseq	1424	1507	424	R_EX_cpd11416_c0	0.777098	0.015794	0.021116
MGYG000002544__gradient_L5_pectin_gapseq	1424	1507	424	R_EX_cpd11416_c0	0.777098	0.015794	0.021102
MGYG000002544__gradient_L6_resistant_starch_gapseq	1424	1507	424	R_EX_cpd11416_c0	0.919604	0.015794	0.021632
MGYG000002544__gradient_L7_bglucan_gapseq	1424	1507	424	R_EX_cpd11416_c0	0.919604	0.015794	0.021679
MGYG000002544__gradient_L8_hmo_gapseq	1424	1507	424	R_EX_cpd11416_c0	0.919604	0.015794	0.021659
MGYG000002544__gradient_L9_mos_gapseq	1424	1507	424	R_EX_cpd11416_c0	0.919604	0.015794	0.021679
MGYG000002558__gradient_L0_base_gapseq	1461	1636	380	R_EX_cpd11416_c0	0.297075	0.016291	0.022762
MGYG000002558__gradient_L1_inulin_gapseq	1461	1636	380	R_EX_cpd11416_c0	0.391798	0.016291	0.022617
MGYG000002558__gradient_L2_fos_gapseq	1461	1636	380	R_EX_cpd11416_c0	0.391798	0.016291	0.022759
MGYG000002558__gradient_L3_gos_gapseq	1461	1636	380	R_EX_cpd11416_c0	0.462841	0.016291	0.023802
MGYG000002558__gradient_L4_xos_gapseq	1461	1636	380	R_EX_cpd11416_c0	0.552363	0.016291	0.023601
MGYG000002558__gradient_L5_pectin_gapseq	1461	1636	380	R_EX_cpd11416_c0	0.584318	0.016291	0.024087
MGYG000002558__gradient_L6_resistant_starch_gapseq	1461	1636	380	R_EX_cpd11416_c0	0.842244	0.016291	0.023869
MGYG000002558__gradient_L7_bglucan_gapseq	1461	1636	380	R_EX_cpd11416_c0	0.999739	0.016291	0.023975
MGYG000002558__gradient_L8_hmo_gapseq	1461	1636	380	R_EX_cpd11416_c0	0.999739	0.016291	0.023909
MGYG000002558__gradient_L9_mos_gapseq	1461	1636	380	R_EX_cpd11416_c0	1.100170	0.016291	0.024829
MGYG000002581__gradient_L0_base_gapseq	892	847	130	R_EX_cpd11416_c0	-0.000000	0.009198	0.003702
MGYG000002581__gradient_L1_inulin_gapseq	892	847	130	R_EX_cpd11416_c0	-0.000000	0.009198	0.003668
MGYG000002581__gradient_L2_fos_gapseq	892	847	130	R_EX_cpd11416_c0	-0.000000	0.009198	0.003599
MGYG000002581__gradient_L3_gos_gapseq	892	847	130	R_EX_cpd11416_c0	-0.000000	0.009198	0.003592
MGYG000002581__gradient_L4_xos_gapseq	892	847	130	R_EX_cpd11416_c0	-0.000000	0.009198	0.003605
MGYG000002581__gradient_L5_pectin_gapseq	892	847	130	R_EX_cpd11416_c0	-0.000000	0.009198	0.003603
MGYG000002581__gradient_L6_resistant_starch_gapseq	892	847	130	R_EX_cpd11416_c0	-0.000000	0.009198	0.003588
MGYG000002581__gradient_L7_bglucan_gapseq	892	847	130	R_EX_cpd11416_c0	-0.000000	0.009198	0.003623
MGYG000002581__gradient_L8_hmo_gapseq	892	847	130	R_EX_cpd11416_c0	-0.000000	0.009198	0.003584
MGYG000002581__gradient_L9_mos_gapseq	892	847	130	R_EX_cpd11416_c0	-0.000000	0.009198	0.003590
MGYG000002584__gradient_L0_base_gapseq	1313	1466	384	R_EX_cpd11416_c0	0.366686	0.013817	0.021254
MGYG000002584__gradient_L1_inulin_gapseq	1313	1466	384	R_EX_cpd11416_c0	0.455582	0.013817	0.021435
MGYG000002584__gradient_L2_fos_gapseq	1313	1466	384	R_EX_cpd11416_c0	0.455582	0.013817	0.021386
MGYG000002584__gradient_L3_gos_gapseq	1313	1466	384	R_EX_cpd11416_c0	0.516004	0.013817	0.021606
MGYG000002584__gradient_L4_xos_gapseq	1313	1466	384	R_EX_cpd11416_c0	0.626621	0.013817	0.022032
MGYG000002584__gradient_L5_pectin_gapseq	1313	1466	384	R_EX_cpd11416_c0	0.626621	0.013817	0.022062
MGYG000002584__gradient_L6_resistant_starch_gapseq	1313	1466	384	R_EX_cpd11416_c0	0.859106	0.013817	0.022799
MGYG000002584__gradient_L7_bglucan_gapseq	1313	1466	384	R_EX_cpd11416_c0	0.859106	0.013817	0.022722
MGYG000002584__gradient_L8_hmo_gapseq	1313	1466	384	R_EX_cpd11416_c0	0.859106	0.013817	0.022754
MGYG000002584__gradient_L9_mos_gapseq	1313	1466	384	R_EX_cpd11416_c0	0.946969	0.013817	0.022053
MGYG000002591__gradient_L0_base_gapseq	1274	1327	308	R_EX_cpd11416_c0	0.197888	0.013956	0.018936
MGYG000002591__gradient_L1_inulin_gapseq	1274	1327	308	R_EX_cpd11416_c0	0.267756	0.013956	0.018575
MGYG000002591__gradient_L2_fos_gapseq	1274	1327	308	R_EX_cpd11416_c0	0.267756	0.013956	0.018541
MGYG000002591__gradient_L3_gos_gapseq	1274	1327	308	R_EX_cpd11416_c0	0.267756	0.013956	0.018585
MGYG000002591__gradient_L4_xos_gapseq	1274	1327	308	R_EX_cpd11416_c0	0.267756	0.013956	0.018488
MGYG000002591__gradient_L5_pectin_gapseq	1274	1327	308	R_EX_cpd11416_c0	0.267756	0.013956	0.018562
MGYG000002591__gradient_L6_resistant_starch_gapseq	1274	1327	308	R_EX_cpd11416_c0	0.267756	0.013956	0.018491
MGYG000002591__gradient_L7_bglucan_gapseq	1274	1327	308	R_EX_cpd11416_c0	0.267756	0.013956	0.018471
MGYG000002591__gradient_L8_hmo_gapseq	1274	1327	308	R_EX_cpd11416_c0	0.267756	0.013956	0.018485
MGYG000002591__gradient_L9_mos_gapseq	1274	1327	308	R_EX_cpd11416_c0	0.267756	0.013956	0.018477
MGYG000002623__gradient_L0_base_gapseq	1425	1649	388	R_EX_cpd11416_c0	0.489129	0.015782	0.025901
MGYG000002623__gradient_L1_inulin_gapseq	1425	1649	388	R_EX_cpd11416_c0	0.656303	0.015782	0.025006
MGYG000002623__gradient_L2_fos_gapseq	1425	1649	388	R_EX_cpd11416_c0	0.656303	0.015782	0.024896
MGYG000002623__gradient_L3_gos_gapseq	1425	1649	388	R_EX_cpd11416_c0	0.942511	0.015782	0.025741
MGYG000002623__gradient_L4_xos_gapseq	1425	1649	388	R_EX_cpd11416_c0	1.001071	0.015782	0.025018
MGYG000002623__gradient_L5_pectin_gapseq	1425	1649	388	R_EX_cpd11416_c0	1.001071	0.015782	0.024886
MGYG000002623__gradient_L6_resistant_starch_gapseq	1425	1649	388	R_EX_cpd11416_c0	1.530243	0.015782	0.026451
MGYG000002623__gradient_L7_bglucan_gapseq	1425	1649	388	R_EX_cpd11416_c0	1.530243	0.015782	0.026437
MGYG000002623__gradient_L8_hmo_gapseq	1425	1649	388	R_EX_cpd11416_c0	1.530243	0.015782	0.026489
MGYG000002623__gradient_L9_mos_gapseq	1425	1649	388	R_EX_cpd11416_c0	1.530243	0.015782	0.026493
MGYG000002634__gradient_L0_base_gapseq	1527	1822	543	R_EX_cpd11416_c0	1.048831	0.017830	0.027695
MGYG000002634__gradient_L1_inulin_gapseq	1527	1822	543	R_EX_cpd11416_c0	1.270613	0.017830	0.027661
MGYG000002634__gradient_L2_fos_gapseq	1527	1822	543	R_EX_cpd11416_c0	1.270613	0.017830	0.027535
MGYG000002634__gradient_L3_gos_gapseq	1527	1822	543	R_EX_cpd11416_c0	1.464672	0.017830	0.028535
MGYG000002634__gradient_L4_xos_gapseq	1527	1822	543	R_EX_cpd11416_c0	1.464672	0.017830	0.028515
MGYG000002634__gradient_L5_pectin_gapseq	1527	1822	543	R_EX_cpd11416_c0	1.464672	0.017830	0.028621
MGYG000002634__gradient_L6_resistant_starch_gapseq	1527	1822	543	R_EX_cpd11416_c0	1.938267	0.017830	0.028721
MGYG000002634__gradient_L7_bglucan_gapseq	1527	1822	543	R_EX_cpd11416_c0	1.938267	0.017830	0.028906
MGYG000002634__gradient_L8_hmo_gapseq	1527	1822	543	R_EX_cpd11416_c0	1.938267	0.017830	0.028689
MGYG000002634__gradient_L9_mos_gapseq	1527	1822	543	R_EX_cpd11416_c0	2.049158	0.017830	0.028344
MGYG000002648__gradient_L0_base_gapseq	1106	1189	226	R_EX_cpd11416_c0	0.208479	0.012264	0.014953
MGYG000002648__gradient_L1_inulin_gapseq	1106	1189	226	R_EX_cpd11416_c0	0.317255	0.012264	0.015142
MGYG000002648__gradient_L2_fos_gapseq	1106	1189	226	R_EX_cpd11416_c0	0.317255	0.012264	0.015110
MGYG000002648__gradient_L3_gos_gapseq	1106	1189	226	R_EX_cpd11416_c0	0.317255	0.012264	0.015100
MGYG000002648__gradient_L4_xos_gapseq	1106	1189	226	R_EX_cpd11416_c0	0.317255	0.012264	0.015094
MGYG000002648__gradient_L5_pectin_gapseq	1106	1189	226	R_EX_cpd11416_c0	0.317255	0.012264	0.015088
MGYG000002648__gradient_L6_resistant_starch_gapseq	1106	1189	226	R_EX_cpd11416_c0	0.781822	0.012264	0.015069
MGYG000002648__gradient_L7_bglucan_gapseq	1106	1189	226	R_EX_cpd11416_c0	0.781822	0.012264	0.015002
MGYG000002648__gradient_L8_hmo_gapseq	1106	1189	226	R_EX_cpd11416_c0	0.781822	0.012264	0.015036
MGYG000002648__gradient_L9_mos_gapseq	1106	1189	226	R_EX_cpd11416_c0	0.781822	0.012264	0.015052
MGYG000002653__gradient_L0_base_gapseq	1354	1565	399	R_EX_cpd11416_c0	0.408517	0.016311	0.023252
MGYG000002653__gradient_L1_inulin_gapseq	1354	1565	399	R_EX_cpd11416_c0	0.520145	0.016311	0.022578
MGYG000002653__gradient_L2_fos_gapseq	1354	1565	399	R_EX_cpd11416_c0	0.520145	0.016311	0.022537
MGYG000002653__gradient_L3_gos_gapseq	1354	1565	399	R_EX_cpd11416_c0	0.743178	0.016311	0.023068
MGYG000002653__gradient_L4_xos_gapseq	1354	1565	399	R_EX_cpd11416_c0	0.804920	0.016311	0.023407
MGYG000002653__gradient_L5_pectin_gapseq	1354	1565	399	R_EX_cpd11416_c0	0.804920	0.016311	0.023310
MGYG000002653__gradient_L6_resistant_starch_gapseq	1354	1565	399	R_EX_cpd11416_c0	1.264553	0.016311	0.023323
MGYG000002653__gradient_L7_bglucan_gapseq	1354	1565	399	R_EX_cpd11416_c0	1.422337	0.016311	0.023352
MGYG000002653__gradient_L8_hmo_gapseq	1354	1565	399	R_EX_cpd11416_c0	1.422337	0.016311	0.023341
MGYG000002653__gradient_L9_mos_gapseq	1354	1565	399	R_EX_cpd11416_c0	1.522953	0.016311	0.024074
MGYG000002664__gradient_L0_base_gapseq	1127	1176	220	R_EX_cpd11416_c0	0.300638	0.012201	0.015308
MGYG000002664__gradient_L1_inulin_gapseq	1127	1176	220	R_EX_cpd11416_c0	0.300638	0.012201	0.015243
MGYG000002664__gradient_L2_fos_gapseq	1127	1176	220	R_EX_cpd11416_c0	0.300638	0.012201	0.015244
MGYG000002664__gradient_L3_gos_gapseq	1127	1176	220	R_EX_cpd11416_c0	0.300638	0.012201	0.015219
MGYG000002664__gradient_L4_xos_gapseq	1127	1176	220	R_EX_cpd11416_c0	0.300638	0.012201	0.015234
MGYG000002664__gradient_L5_pectin_gapseq	1127	1176	220	R_EX_cpd11416_c0	0.300638	0.012201	0.015220
MGYG000002664__gradient_L6_resistant_starch_gapseq	1127	1176	220	R_EX_cpd11416_c0	0.409373	0.012201	0.015237
MGYG000002664__gradient_L7_bglucan_gapseq	1127	1176	220	R_EX_cpd11416_c0	0.409373	0.012201	0.015262
MGYG000002664__gradient_L8_hmo_gapseq	1127	1176	220	R_EX_cpd11416_c0	0.409373	0.012201	0.015219
MGYG000002664__gradient_L9_mos_gapseq	1127	1176	220	R_EX_cpd11416_c0	0.491978	0.012201	0.015160
MGYG000002689__gradient_L0_base_gapseq	986	995	216	R_EX_cpd11416_c0	-0.000000	0.010751	0.004939
MGYG000002689__gradient_L1_inulin_gapseq	986	995	216	R_EX_cpd11416_c0	-0.000000	0.010751	0.004880
MGYG000002689__gradient_L2_fos_gapseq	986	995	216	R_EX_cpd11416_c0	-0.000000	0.010751	0.004925
MGYG000002689__gradient_L3_gos_gapseq	986	995	216	R_EX_cpd11416_c0	-0.000000	0.010751	0.004864
MGYG000002689__gradient_L4_xos_gapseq	986	995	216	R_EX_cpd11416_c0	-0.000000	0.010751	0.004843
MGYG000002689__gradient_L5_pectin_gapseq	986	995	216	R_EX_cpd11416_c0	-0.000000	0.010751	0.004892
MGYG000002689__gradient_L6_resistant_starch_gapseq	986	995	216	R_EX_cpd11416_c0	-0.000000	0.010751	0.004850
MGYG000002689__gradient_L7_bglucan_gapseq	986	995	216	R_EX_cpd11416_c0	-0.000000	0.010751	0.004912
MGYG000002689__gradient_L8_hmo_gapseq	986	995	216	R_EX_cpd11416_c0	-0.000000	0.010751	0.004894
MGYG000002689__gradient_L9_mos_gapseq	986	995	216	R_EX_cpd11416_c0	-0.000000	0.010751	0.004933
MGYG000002715__gradient_L0_base_gapseq	1167	1248	278	R_EX_cpd11416_c0	-0.000000	0.012674	0.005752
MGYG000002715__gradient_L1_inulin_gapseq	1167	1248	278	R_EX_cpd11416_c0	-0.000000	0.012674	0.005866
MGYG000002715__gradient_L2_fos_gapseq	1167	1248	278	R_EX_cpd11416_c0	-0.000000	0.012674	0.005915
MGYG000002715__gradient_L3_gos_gapseq	1167	1248	278	R_EX_cpd11416_c0	-0.000000	0.012674	0.005940
MGYG000002715__gradient_L4_xos_gapseq	1167	1248	278	R_EX_cpd11416_c0	-0.000000	0.012674	0.006148
MGYG000002715__gradient_L5_pectin_gapseq	1167	1248	278	R_EX_cpd11416_c0	-0.000000	0.012674	0.006194
MGYG000002715__gradient_L6_resistant_starch_gapseq	1167	1248	278	R_EX_cpd11416_c0	-0.000000	0.012674	0.006318
MGYG000002715__gradient_L7_bglucan_gapseq	1167	1248	278	R_EX_cpd11416_c0	-0.000000	0.012674	0.006450
MGYG000002715__gradient_L8_hmo_gapseq	1167	1248	278	R_EX_cpd11416_c0	-0.000000	0.012674	0.006278
MGYG000002715__gradient_L9_mos_gapseq	1167	1248	278	R_EX_cpd11416_c0	-0.000000	0.012674	0.006301
MGYG000002722__gradient_L0_base_gapseq	1216	1324	273	R_EX_cpd11416_c0	0.464415	0.012784	0.018156
MGYG000002722__gradient_L1_inulin_gapseq	1216	1324	273	R_EX_cpd11416_c0	0.464415	0.012784	0.018243
MGYG000002722__gradient_L2_fos_gapseq	1216	1324	273	R_EX_cpd11416_c0	0.464415	0.012784	0.018286
MGYG000002722__gradient_L3_gos_gapseq	1216	1324	273	R_EX_cpd11416_c0	0.464415	0.012784	0.018288
MGYG000002722__gradient_L4_xos_gapseq	1216	1324	273	R_EX_cpd11416_c0	0.464415	0.012784	0.018206
MGYG000002722__gradient_L5_pectin_gapseq	1216	1324	273	R_EX_cpd11416_c0	0.490132	0.012784	0.018705
MGYG000002722__gradient_L6_resistant_starch_gapseq	1216	1324	273	R_EX_cpd11416_c0	0.716176	0.012784	0.019132
MGYG000002722__gradient_L7_bglucan_gapseq	1216	1324	273	R_EX_cpd11416_c0	0.716176	0.012784	0.019161
MGYG000002722__gradient_L8_hmo_gapseq	1216	1324	273	R_EX_cpd11416_c0	0.716176	0.012784	0.019131
MGYG000002722__gradient_L9_mos_gapseq	1216	1324	273	R_EX_cpd11416_c0	0.716176	0.012784	0.019084
MGYG000002723__gradient_L0_base_gapseq	1065	1117	245	R_EX_cpd11416_c0	-0.000000	0.011582	0.005512
MGYG000002723__gradient_L1_inulin_gapseq	1065	1117	245	R_EX_cpd11416_c0	-0.000000	0.011582	0.005514
MGYG000002723__gradient_L2_fos_gapseq	1065	1117	245	R_EX_cpd11416_c0	-0.000000	0.011582	0.005539
MGYG000002723__gradient_L3_gos_gapseq	1065	1117	245	R_EX_cpd11416_c0	-0.000000	0.011582	0.005501
MGYG000002723__gradient_L4_xos_gapseq	1065	1117	245	R_EX_cpd11416_c0	-0.000000	0.011582	0.005509
MGYG000002723__gradient_L5_pectin_gapseq	1065	1117	245	R_EX_cpd11416_c0	-0.000000	0.011582	0.005525
MGYG000002723__gradient_L6_resistant_starch_gapseq	1065	1117	245	R_EX_cpd11416_c0	0.409868	0.011582	0.013130
MGYG000002723__gradient_L7_bglucan_gapseq	1065	1117	245	R_EX_cpd11416_c0	0.612626	0.011582	0.013305
MGYG000002723__gradient_L8_hmo_gapseq	1065	1117	245	R_EX_cpd11416_c0	0.612626	0.011582	0.013305
MGYG000002723__gradient_L9_mos_gapseq	1065	1117	245	R_EX_cpd11416_c0	0.717276	0.011582	0.013408
MGYG000002734__gradient_L0_base_gapseq	1121	1257	281	R_EX_cpd11416_c0	0.792373	0.012553	0.015816
MGYG000002734__gradient_L1_inulin_gapseq	1121	1257	281	R_EX_cpd11416_c0	1.079074	0.012553	0.015286
MGYG000002734__gradient_L2_fos_gapseq	1121	1257	281	R_EX_cpd11416_c0	1.079074	0.012553	0.015226
MGYG000002734__gradient_L3_gos_gapseq	1121	1257	281	R_EX_cpd11416_c0	1.341200	0.012553	0.015523
MGYG000002734__gradient_L4_xos_gapseq	1121	1257	281	R_EX_cpd11416_c0	1.341200	0.012553	0.015553
MGYG000002734__gradient_L5_pectin_gapseq	1121	1257	281	R_EX_cpd11416_c0	1.341200	0.012553	0.015520
MGYG000002734__gradient_L6_resistant_starch_gapseq	1121	1257	281	R_EX_cpd11416_c0	1.946274	0.012553	0.015783
MGYG000002734__gradient_L7_bglucan_gapseq	1121	1257	281	R_EX_cpd11416_c0	1.946274	0.012553	0.015698
MGYG000002734__gradient_L8_hmo_gapseq	1121	1257	281	R_EX_cpd11416_c0	1.946274	0.012553	0.015758
MGYG000002734__gradient_L9_mos_gapseq	1121	1257	281	R_EX_cpd11416_c0	1.946274	0.012553	0.015798
MGYG000002741__gradient_L0_base_gapseq	1030	1155	300	R_EX_cpd11416_c0	0.807249	0.011606	0.015435
MGYG000002741__gradient_L1_inulin_gapseq	1030	1155	300	R_EX_cpd11416_c0	1.094648	0.011606	0.014390
MGYG000002741__gradient_L2_fos_gapseq	1030	1155	300	R_EX_cpd11416_c0	1.094648	0.011606	0.014544
MGYG000002741__gradient_L3_gos_gapseq	1030	1155	300	R_EX_cpd11416_c0	1.305244	0.011606	0.015106
MGYG000002741__gradient_L4_xos_gapseq	1030	1155	300	R_EX_cpd11416_c0	1.305244	0.011606	0.014905
MGYG000002741__gradient_L5_pectin_gapseq	1030	1155	300	R_EX_cpd11416_c0	1.305244	0.011606	0.014852
MGYG000002741__gradient_L6_resistant_starch_gapseq	1030	1155	300	R_EX_cpd11416_c0	1.912899	0.011606	0.015574
MGYG000002741__gradient_L7_bglucan_gapseq	1030	1155	300	R_EX_cpd11416_c0	1.912899	0.011606	0.015543
MGYG000002741__gradient_L8_hmo_gapseq	1030	1155	300	R_EX_cpd11416_c0	1.912899	0.011606	0.015548
MGYG000002741__gradient_L9_mos_gapseq	1030	1155	300	R_EX_cpd11416_c0	2.053296	0.011606	0.014906
MGYG000002747__gradient_L0_base_gapseq	1135	1274	307	R_EX_cpd11416_c0	0.720031	0.012390	0.016898
MGYG000002747__gradient_L1_inulin_gapseq	1135	1274	307	R_EX_cpd11416_c0	1.013599	0.012390	0.016414
MGYG000002747__gradient_L2_fos_gapseq	1135	1274	307	R_EX_cpd11416_c0	1.013599	0.012390	0.016477
MGYG000002747__gradient_L3_gos_gapseq	1135	1274	307	R_EX_cpd11416_c0	1.303830	0.012390	0.017028
MGYG000002747__gradient_L4_xos_gapseq	1135	1274	307	R_EX_cpd11416_c0	1.303830	0.012390	0.017025
MGYG000002747__gradient_L5_pectin_gapseq	1135	1274	307	R_EX_cpd11416_c0	1.303830	0.012390	0.016975
MGYG000002747__gradient_L6_resistant_starch_gapseq	1135	1274	307	R_EX_cpd11416_c0	1.912875	0.012390	0.017155
MGYG000002747__gradient_L7_bglucan_gapseq	1135	1274	307	R_EX_cpd11416_c0	1.912875	0.012390	0.017265
MGYG000002747__gradient_L8_hmo_gapseq	1135	1274	307	R_EX_cpd11416_c0	1.912875	0.012390	0.017072
MGYG000002747__gradient_L9_mos_gapseq	1135	1274	307	R_EX_cpd11416_c0	2.053593	0.012390	0.016825
MGYG000002748__gradient_L0_base_gapseq	1165	1233	296	R_EX_cpd11416_c0	0.179641	0.012650	0.014691
MGYG000002748__gradient_L1_inulin_gapseq	1165	1233	296	R_EX_cpd11416_c0	0.299408	0.012650	0.014533
MGYG000002748__gradient_L2_fos_gapseq	1165	1233	296	R_EX_cpd11416_c0	0.299408	0.012650	0.014532
MGYG000002748__gradient_L3_gos_gapseq	1165	1233	296	R_EX_cpd11416_c0	0.444510	0.012650	0.014808
MGYG000002748__gradient_L4_xos_gapseq	1165	1233	296	R_EX_cpd11416_c0	0.444510	0.012650	0.014770
MGYG000002748__gradient_L5_pectin_gapseq	1165	1233	296	R_EX_cpd11416_c0	0.444510	0.012650	0.014887
MGYG000002748__gradient_L6_resistant_starch_gapseq	1165	1233	296	R_EX_cpd11416_c0	0.755444	0.012650	0.014878
MGYG000002748__gradient_L7_bglucan_gapseq	1165	1233	296	R_EX_cpd11416_c0	0.755444	0.012650	0.014894
MGYG000002748__gradient_L8_hmo_gapseq	1165	1233	296	R_EX_cpd11416_c0	0.755444	0.012650	0.014850
MGYG000002748__gradient_L9_mos_gapseq	1165	1233	296	R_EX_cpd11416_c0	0.764656	0.012650	0.014982
MGYG000002754__gradient_L0_base_gapseq	1159	1290	315	R_EX_cpd11416_c0	0.727385	0.013354	0.015535
MGYG000002754__gradient_L1_inulin_gapseq	1159	1290	315	R_EX_cpd11416_c0	1.017023	0.013354	0.015775
MGYG000002754__gradient_L2_fos_gapseq	1159	1290	315	R_EX_cpd11416_c0	1.017023	0.013354	0.015884
MGYG000002754__gradient_L3_gos_gapseq	1159	1290	315	R_EX_cpd11416_c0	1.328491	0.013354	0.017044
MGYG000002754__gradient_L4_xos_gapseq	1159	1290	315	R_EX_cpd11416_c0	1.328491	0.013354	0.016626
MGYG000002754__gradient_L5_pectin_gapseq	1159	1290	315	R_EX_cpd11416_c0	1.328491	0.013354	0.016634
MGYG000002754__gradient_L6_resistant_starch_gapseq	1159	1290	315	R_EX_cpd11416_c0	1.944897	0.013354	0.016876
MGYG000002754__gradient_L7_bglucan_gapseq	1159	1290	315	R_EX_cpd11416_c0	1.944897	0.013354	0.017010
MGYG000002754__gradient_L8_hmo_gapseq	1159	1290	315	R_EX_cpd11416_c0	1.944897	0.013354	0.016908
MGYG000002754__gradient_L9_mos_gapseq	1159	1290	315	R_EX_cpd11416_c0	2.087316	0.013354	0.016543
MGYG000002755__gradient_L0_base_gapseq	1145	1247	305	R_EX_cpd11416_c0	0.748612	0.012774	0.015220
MGYG000002755__gradient_L1_inulin_gapseq	1145	1247	305	R_EX_cpd11416_c0	1.033802	0.012774	0.015118
MGYG000002755__gradient_L2_fos_gapseq	1145	1247	305	R_EX_cpd11416_c0	1.033802	0.012774	0.015159
MGYG000002755__gradient_L3_gos_gapseq	1145	1247	305	R_EX_cpd11416_c0	1.327903	0.012774	0.015490
MGYG000002755__gradient_L4_xos_gapseq	1145	1247	305	R_EX_cpd11416_c0	1.327903	0.012774	0.015586
MGYG000002755__gradient_L5_pectin_gapseq	1145	1247	305	R_EX_cpd11416_c0	1.327903	0.012774	0.015515
MGYG000002755__gradient_L6_resistant_starch_gapseq	1145	1247	305	R_EX_cpd11416_c0	1.677706	0.012774	0.015616
MGYG000002755__gradient_L7_bglucan_gapseq	1145	1247	305	R_EX_cpd11416_c0	1.677706	0.012774	0.015607
MGYG000002755__gradient_L8_hmo_gapseq	1145	1247	305	R_EX_cpd11416_c0	1.677706	0.012774	0.015590
MGYG000002755__gradient_L9_mos_gapseq	1145	1247	305	R_EX_cpd11416_c0	1.820301	0.012774	0.015832
MGYG000002770__gradient_L0_base_gapseq	1333	1495	373	R_EX_cpd11416_c0	0.694822	0.015148	0.020714
MGYG000002770__gradient_L1_inulin_gapseq	1333	1495	373	R_EX_cpd11416_c0	0.917168	0.015148	0.021108
MGYG000002770__gradient_L2_fos_gapseq	1333	1495	373	R_EX_cpd11416_c0	0.917168	0.015148	0.020866
MGYG000002770__gradient_L3_gos_gapseq	1333	1495	373	R_EX_cpd11416_c0	1.127601	0.015148	0.021384
MGYG000002770__gradient_L4_xos_gapseq	1333	1495	373	R_EX_cpd11416_c0	1.127601	0.015148	0.021438
MGYG000002770__gradient_L5_pectin_gapseq	1333	1495	373	R_EX_cpd11416_c0	1.127601	0.015148	0.021417
MGYG000002770__gradient_L6_resistant_starch_gapseq	1333	1495	373	R_EX_cpd11416_c0	1.585344	0.015148	0.021585
MGYG000002770__gradient_L7_bglucan_gapseq	1333	1495	373	R_EX_cpd11416_c0	1.739414	0.015148	0.021577
MGYG000002770__gradient_L8_hmo_gapseq	1333	1495	373	R_EX_cpd11416_c0	1.739414	0.015148	0.021586
MGYG000002770__gradient_L9_mos_gapseq	1333	1495	373	R_EX_cpd11416_c0	1.846593	0.015148	0.021950
MGYG000002782__gradient_L0_base_gapseq	1229	1321	319	R_EX_cpd11416_c0	0.558912	0.013696	0.018034
MGYG000002782__gradient_L1_inulin_gapseq	1229	1321	319	R_EX_cpd11416_c0	0.774234	0.013696	0.017042
MGYG000002782__gradient_L2_fos_gapseq	1229	1321	319	R_EX_cpd11416_c0	0.774234	0.013696	0.016997
MGYG000002782__gradient_L3_gos_gapseq	1229	1321	319	R_EX_cpd11416_c0	0.774234	0.013696	0.017481
MGYG000002782__gradient_L4_xos_gapseq	1229	1321	319	R_EX_cpd11416_c0	0.774234	0.013696	0.017475
MGYG000002782__gradient_L5_pectin_gapseq	1229	1321	319	R_EX_cpd11416_c0	0.774234	0.013696	0.017423
MGYG000002782__gradient_L6_resistant_starch_gapseq	1229	1321	319	R_EX_cpd11416_c0	1.237110	0.013696	0.016811
MGYG000002782__gradient_L7_bglucan_gapseq	1229	1321	319	R_EX_cpd11416_c0	1.237110	0.013696	0.016858
MGYG000002782__gradient_L8_hmo_gapseq	1229	1321	319	R_EX_cpd11416_c0	1.237110	0.013696	0.016749
MGYG000002782__gradient_L9_mos_gapseq	1229	1321	319	R_EX_cpd11416_c0	1.344105	0.013696	0.016858
MGYG000002783__gradient_L0_base_gapseq	1192	1294	272	R_EX_cpd11416_c0	-0.000000	0.013038	0.007649
MGYG000002783__gradient_L1_inulin_gapseq	1192	1294	272	R_EX_cpd11416_c0	-0.000000	0.013038	0.007706
MGYG000002783__gradient_L2_fos_gapseq	1192	1294	272	R_EX_cpd11416_c0	-0.000000	0.013038	0.007616
MGYG000002783__gradient_L3_gos_gapseq	1192	1294	272	R_EX_cpd11416_c0	0.131110	0.013038	0.017736
MGYG000002783__gradient_L4_xos_gapseq	1192	1294	272	R_EX_cpd11416_c0	0.131110	0.013038	0.017771
MGYG000002783__gradient_L5_pectin_gapseq	1192	1294	272	R_EX_cpd11416_c0	0.131110	0.013038	0.017741
MGYG000002783__gradient_L6_resistant_starch_gapseq	1192	1294	272	R_EX_cpd11416_c0	0.131110	0.013038	0.017746
MGYG000002783__gradient_L7_bglucan_gapseq	1192	1294	272	R_EX_cpd11416_c0	0.131110	0.013038	0.017695
MGYG000002783__gradient_L8_hmo_gapseq	1192	1294	272	R_EX_cpd11416_c0	0.131110	0.013038	0.017700
MGYG000002783__gradient_L9_mos_gapseq	1192	1294	272	R_EX_cpd11416_c0	0.131110	0.013038	0.017761
MGYG000002798__gradient_L0_base_gapseq	922	863	108	R_EX_cpd11416_c0	-0.000000	0.009121	0.002990
MGYG000002798__gradient_L1_inulin_gapseq	922	863	108	R_EX_cpd11416_c0	-0.000000	0.009121	0.003753
MGYG000002798__gradient_L2_fos_gapseq	922	863	108	R_EX_cpd11416_c0	-0.000000	0.009121	0.003733
MGYG000002798__gradient_L3_gos_gapseq	922	863	108	R_EX_cpd11416_c0	-0.000000	0.009121	0.003743
MGYG000002798__gradient_L4_xos_gapseq	922	863	108	R_EX_cpd11416_c0	-0.000000	0.009121	0.003696
MGYG000002798__gradient_L5_pectin_gapseq	922	863	108	R_EX_cpd11416_c0	-0.000000	0.009121	0.003651
MGYG000002798__gradient_L6_resistant_starch_gapseq	922	863	108	R_EX_cpd11416_c0	-0.000000	0.009121	0.003686
MGYG000002798__gradient_L7_bglucan_gapseq	922	863	108	R_EX_cpd11416_c0	-0.000000	0.009121	0.003826
MGYG000002798__gradient_L8_hmo_gapseq	922	863	108	R_EX_cpd11416_c0	-0.000000	0.009121	0.003780
MGYG000002798__gradient_L9_mos_gapseq	922	863	108	R_EX_cpd11416_c0	-0.000000	0.009121	0.003739
MGYG000002803__gradient_L0_base_gapseq	1131	1199	211	R_EX_cpd11416_c0	-0.000000	0.011372	0.006102
MGYG000002803__gradient_L1_inulin_gapseq	1131	1199	211	R_EX_cpd11416_c0	-0.000000	0.011372	0.006417
MGYG000002803__gradient_L2_fos_gapseq	1131	1199	211	R_EX_cpd11416_c0	-0.000000	0.011372	0.006493
MGYG000002803__gradient_L3_gos_gapseq	1131	1199	211	R_EX_cpd11416_c0	-0.000000	0.011372	0.006521
MGYG000002803__gradient_L4_xos_gapseq	1131	1199	211	R_EX_cpd11416_c0	-0.000000	0.011372	0.006557
MGYG000002803__gradient_L5_pectin_gapseq	1131	1199	211	R_EX_cpd11416_c0	-0.000000	0.011372	0.006543
MGYG000002803__gradient_L6_resistant_starch_gapseq	1131	1199	211	R_EX_cpd11416_c0	-0.000000	0.011372	0.006271
MGYG000002803__gradient_L7_bglucan_gapseq	1131	1199	211	R_EX_cpd11416_c0	-0.000000	0.011372	0.006220
MGYG000002803__gradient_L8_hmo_gapseq	1131	1199	211	R_EX_cpd11416_c0	-0.000000	0.011372	0.006262
MGYG000002803__gradient_L9_mos_gapseq	1131	1199	211	R_EX_cpd11416_c0	-0.000000	0.011372	0.006248
MGYG000002831__gradient_L0_base_gapseq	1035	1119	193	R_EX_cpd11416_c0	-0.000000	0.011270	0.005682
MGYG000002831__gradient_L1_inulin_gapseq	1035	1119	193	R_EX_cpd11416_c0	0.541660	0.011270	0.014250
MGYG000002831__gradient_L2_fos_gapseq	1035	1119	193	R_EX_cpd11416_c0	0.541660	0.011270	0.014254
MGYG000002831__gradient_L3_gos_gapseq	1035	1119	193	R_EX_cpd11416_c0	0.904975	0.011270	0.014841
MGYG000002831__gradient_L4_xos_gapseq	1035	1119	193	R_EX_cpd11416_c0	0.904975	0.011270	0.014942
MGYG000002831__gradient_L5_pectin_gapseq	1035	1119	193	R_EX_cpd11416_c0	0.904975	0.011270	0.014879
MGYG000002831__gradient_L6_resistant_starch_gapseq	1035	1119	193	R_EX_cpd11416_c0	0.994383	0.011270	0.014123
MGYG000002831__gradient_L7_bglucan_gapseq	1035	1119	193	R_EX_cpd11416_c0	0.994383	0.011270	0.013871
MGYG000002831__gradient_L8_hmo_gapseq	1035	1119	193	R_EX_cpd11416_c0	0.994383	0.011270	0.013926
MGYG000002831__gradient_L9_mos_gapseq	1035	1119	193	R_EX_cpd11416_c0	0.994383	0.011270	0.013863
MGYG000002840__gradient_L0_base_gapseq	1189	1321	395	R_EX_cpd11416_c0	0.336622	0.013542	0.016866
MGYG000002840__gradient_L1_inulin_gapseq	1189	1321	395	R_EX_cpd11416_c0	0.336622	0.013542	0.017682
MGYG000002840__gradient_L2_fos_gapseq	1189	1321	395	R_EX_cpd11416_c0	0.336622	0.013542	0.017682
MGYG000002840__gradient_L3_gos_gapseq	1189	1321	395	R_EX_cpd11416_c0	0.336622	0.013542	0.016758
MGYG000002840__gradient_L4_xos_gapseq	1189	1321	395	R_EX_cpd11416_c0	0.336622	0.013542	0.016634
MGYG000002840__gradient_L5_pectin_gapseq	1189	1321	395	R_EX_cpd11416_c0	0.336622	0.013542	0.016657
MGYG000002840__gradient_L6_resistant_starch_gapseq	1189	1321	395	R_EX_cpd11416_c0	0.336622	0.013542	0.016946
MGYG000002840__gradient_L7_bglucan_gapseq	1189	1321	395	R_EX_cpd11416_c0	0.336622	0.013542	0.017230
MGYG000002840__gradient_L8_hmo_gapseq	1189	1321	395	R_EX_cpd11416_c0	0.336622	0.013542	0.017148
MGYG000002840__gradient_L9_mos_gapseq	1189	1321	395	R_EX_cpd11416_c0	0.336622	0.013542	0.017113
MGYG000002848__gradient_L0_base_gapseq	1064	1212	264	R_EX_cpd11416_c0	-0.000000	0.011755	0.006333
MGYG000002848__gradient_L1_inulin_gapseq	1064	1212	264	R_EX_cpd11416_c0	0.292657	0.011755	0.016952
MGYG000002848__gradient_L2_fos_gapseq	1064	1212	264	R_EX_cpd11416_c0	0.292657	0.011755	0.016899
MGYG000002848__gradient_L3_gos_gapseq	1064	1212	264	R_EX_cpd11416_c0	0.369308	0.011755	0.017065
MGYG000002848__gradient_L4_xos_gapseq	1064	1212	264	R_EX_cpd11416_c0	0.439718	0.011755	0.016593
MGYG000002848__gradient_L5_pectin_gapseq	1064	1212	264	R_EX_cpd11416_c0	0.439718	0.011755	0.016545
MGYG000002848__gradient_L6_resistant_starch_gapseq	1064	1212	264	R_EX_cpd11416_c0	0.886539	0.011755	0.016413
MGYG000002848__gradient_L7_bglucan_gapseq	1064	1212	264	R_EX_cpd11416_c0	1.048130	0.011755	0.016384
MGYG000002848__gradient_L8_hmo_gapseq	1064	1212	264	R_EX_cpd11416_c0	1.048130	0.011755	0.016416
MGYG000002848__gradient_L9_mos_gapseq	1064	1212	264	R_EX_cpd11416_c0	1.121684	0.011755	0.016418
MGYG000002852__gradient_L0_base_gapseq	1137	1284	312	R_EX_cpd11416_c0	-0.000000	0.012842	0.006490
MGYG000002852__gradient_L1_inulin_gapseq	1137	1284	312	R_EX_cpd11416_c0	-0.000000	0.012842	0.006489
MGYG000002852__gradient_L2_fos_gapseq	1137	1284	312	R_EX_cpd11416_c0	-0.000000	0.012842	0.006535
MGYG000002852__gradient_L3_gos_gapseq	1137	1284	312	R_EX_cpd11416_c0	-0.000000	0.012842	0.006654
MGYG000002852__gradient_L4_xos_gapseq	1137	1284	312	R_EX_cpd11416_c0	-0.000000	0.012842	0.006663
MGYG000002852__gradient_L5_pectin_gapseq	1137	1284	312	R_EX_cpd11416_c0	-0.000000	0.012842	0.006637
MGYG000002852__gradient_L6_resistant_starch_gapseq	1137	1284	312	R_EX_cpd11416_c0	-0.000000	0.012842	0.006849
MGYG000002852__gradient_L7_bglucan_gapseq	1137	1284	312	R_EX_cpd11416_c0	-0.000000	0.012842	0.006888
MGYG000002852__gradient_L8_hmo_gapseq	1137	1284	312	R_EX_cpd11416_c0	-0.000000	0.012842	0.006895
MGYG000002852__gradient_L9_mos_gapseq	1137	1284	312	R_EX_cpd11416_c0	-0.000000	0.012842	0.007097
MGYG000002858__gradient_L0_base_gapseq	1183	1290	329	R_EX_cpd11416_c0	0.704454	0.012900	0.017048
MGYG000002858__gradient_L1_inulin_gapseq	1183	1290	329	R_EX_cpd11416_c0	0.992541	0.012900	0.016514
MGYG000002858__gradient_L2_fos_gapseq	1183	1290	329	R_EX_cpd11416_c0	0.992541	0.012900	0.016546
MGYG000002858__gradient_L3_gos_gapseq	1183	1290	329	R_EX_cpd11416_c0	1.284381	0.012900	0.016825
MGYG000002858__gradient_L4_xos_gapseq	1183	1290	329	R_EX_cpd11416_c0	1.284381	0.012900	0.016839
MGYG000002858__gradient_L5_pectin_gapseq	1183	1290	329	R_EX_cpd11416_c0	1.284381	0.012900	0.016815
MGYG000002858__gradient_L6_resistant_starch_gapseq	1183	1290	329	R_EX_cpd11416_c0	1.896732	0.012900	0.016772
MGYG000002858__gradient_L7_bglucan_gapseq	1183	1290	329	R_EX_cpd11416_c0	2.102323	0.012900	0.017276
MGYG000002858__gradient_L8_hmo_gapseq	1183	1290	329	R_EX_cpd11416_c0	2.102323	0.012900	0.017308
MGYG000002858__gradient_L9_mos_gapseq	1183	1290	329	R_EX_cpd11416_c0	2.243805	0.012900	0.017143
MGYG000002870__gradient_L0_base_gapseq	727	665	80	R_EX_cpd11416_c0	-0.000000	0.007260	0.002492
MGYG000002870__gradient_L1_inulin_gapseq	727	665	80	R_EX_cpd11416_c0	-0.000000	0.007260	0.002629
MGYG000002870__gradient_L2_fos_gapseq	727	665	80	R_EX_cpd11416_c0	-0.000000	0.007260	0.002584
MGYG000002870__gradient_L3_gos_gapseq	727	665	80	R_EX_cpd11416_c0	-0.000000	0.007260	0.002477
MGYG000002870__gradient_L4_xos_gapseq	727	665	80	R_EX_cpd11416_c0	-0.000000	0.007260	0.002438
MGYG000002870__gradient_L5_pectin_gapseq	727	665	80	R_EX_cpd11416_c0	-0.000000	0.007260	0.002402
MGYG000002870__gradient_L6_resistant_starch_gapseq	727	665	80	R_EX_cpd11416_c0	-0.000000	0.007260	0.002404
MGYG000002870__gradient_L7_bglucan_gapseq	727	665	80	R_EX_cpd11416_c0	-0.000000	0.007260	0.002398
MGYG000002870__gradient_L8_hmo_gapseq	727	665	80	R_EX_cpd11416_c0	-0.000000	0.007260	0.002370
MGYG000002870__gradient_L9_mos_gapseq	727	665	80	R_EX_cpd11416_c0	-0.000000	0.007260	0.002388
MGYG000002875__gradient_L0_base_gapseq	1142	1251	274	R_EX_cpd11416_c0	-0.000000	0.011660	0.006203
MGYG000002875__gradient_L1_inulin_gapseq	1142	1251	274	R_EX_cpd11416_c0	-0.000000	0.011660	0.006269
MGYG000002875__gradient_L2_fos_gapseq	1142	1251	274	R_EX_cpd11416_c0	-0.000000	0.011660	0.006258
MGYG000002875__gradient_L3_gos_gapseq	1142	1251	274	R_EX_cpd11416_c0	-0.000000	0.011660	0.006172
MGYG000002875__gradient_L4_xos_gapseq	1142	1251	274	R_EX_cpd11416_c0	0.368772	0.011660	0.014788
MGYG000002875__gradient_L5_pectin_gapseq	1142	1251	274	R_EX_cpd11416_c0	0.368772	0.011660	0.014842
MGYG000002875__gradient_L6_resistant_starch_gapseq	1142	1251	274	R_EX_cpd11416_c0	0.627566	0.011660	0.014670
MGYG000002875__gradient_L7_bglucan_gapseq	1142	1251	274	R_EX_cpd11416_c0	0.627566	0.011660	0.014633
MGYG000002875__gradient_L8_hmo_gapseq	1142	1251	274	R_EX_cpd11416_c0	0.627566	0.011660	0.014658
MGYG000002875__gradient_L9_mos_gapseq	1142	1251	274	R_EX_cpd11416_c0	0.731084	0.011660	0.015051
MGYG000002883__gradient_L0_base_gapseq	1126	1183	211	R_EX_cpd11416_c0	-0.000000	0.012463	0.006359
MGYG000002883__gradient_L1_inulin_gapseq	1126	1183	211	R_EX_cpd11416_c0	0.048074	0.012463	0.015508
MGYG000002883__gradient_L2_fos_gapseq	1126	1183	211	R_EX_cpd11416_c0	0.048074	0.012463	0.015421
MGYG000002883__gradient_L3_gos_gapseq	1126	1183	211	R_EX_cpd11416_c0	0.048074	0.012463	0.015425
MGYG000002883__gradient_L4_xos_gapseq	1126	1183	211	R_EX_cpd11416_c0	0.048074	0.012463	0.015426
MGYG000002883__gradient_L5_pectin_gapseq	1126	1183	211	R_EX_cpd11416_c0	0.048074	0.012463	0.015390
MGYG000002883__gradient_L6_resistant_starch_gapseq	1126	1183	211	R_EX_cpd11416_c0	0.048074	0.012463	0.015597
MGYG000002883__gradient_L7_bglucan_gapseq	1126	1183	211	R_EX_cpd11416_c0	0.048074	0.012463	0.015501
MGYG000002883__gradient_L8_hmo_gapseq	1126	1183	211	R_EX_cpd11416_c0	0.048074	0.012463	0.015650
MGYG000002883__gradient_L9_mos_gapseq	1126	1183	211	R_EX_cpd11416_c0	0.048074	0.012463	0.015692
MGYG000002884__gradient_L0_base_gapseq	1214	1310	238	R_EX_cpd11416_c0	-0.000000	0.013573	0.006447
MGYG000002884__gradient_L1_inulin_gapseq	1214	1310	238	R_EX_cpd11416_c0	-0.000000	0.013573	0.006680
MGYG000002884__gradient_L2_fos_gapseq	1214	1310	238	R_EX_cpd11416_c0	-0.000000	0.013573	0.006726
MGYG000002884__gradient_L3_gos_gapseq	1214	1310	238	R_EX_cpd11416_c0	0.911872	0.013573	0.019536
MGYG000002884__gradient_L4_xos_gapseq	1214	1310	238	R_EX_cpd11416_c0	0.911872	0.013573	0.019224
MGYG000002884__gradient_L5_pectin_gapseq	1214	1310	238	R_EX_cpd11416_c0	0.911872	0.013573	0.019212
MGYG000002884__gradient_L6_resistant_starch_gapseq	1214	1310	238	R_EX_cpd11416_c0	1.045615	0.013573	0.018966
MGYG000002884__gradient_L7_bglucan_gapseq	1214	1310	238	R_EX_cpd11416_c0	1.045615	0.013573	0.018910
MGYG000002884__gradient_L8_hmo_gapseq	1214	1310	238	R_EX_cpd11416_c0	1.045615	0.013573	0.018928
MGYG000002884__gradient_L9_mos_gapseq	1214	1310	238	R_EX_cpd11416_c0	1.179357	0.013573	0.019081
MGYG000002888__gradient_L0_base_gapseq	1695	1969	450	R_EX_cpd11416_c0	0.864969	0.019744	0.033996
MGYG000002888__gradient_L1_inulin_gapseq	1695	1969	450	R_EX_cpd11416_c0	1.068891	0.019744	0.033950
MGYG000002888__gradient_L2_fos_gapseq	1695	1969	450	R_EX_cpd11416_c0	1.068891	0.019744	0.033922
MGYG000002888__gradient_L3_gos_gapseq	1695	1969	450	R_EX_cpd11416_c0	1.265029	0.019744	0.033869
MGYG000002888__gradient_L4_xos_gapseq	1695	1969	450	R_EX_cpd11416_c0	1.320290	0.019744	0.034843
MGYG000002888__gradient_L5_pectin_gapseq	1695	1969	450	R_EX_cpd11416_c0	1.320290	0.019744	0.034852
MGYG000002888__gradient_L6_resistant_starch_gapseq	1695	1969	450	R_EX_cpd11416_c0	1.597374	0.019744	0.034715
MGYG000002888__gradient_L7_bglucan_gapseq	1695	1969	450	R_EX_cpd11416_c0	1.597374	0.019744	0.034685
MGYG000002888__gradient_L8_hmo_gapseq	1695	1969	450	R_EX_cpd11416_c0	1.597374	0.019744	0.034669
MGYG000002888__gradient_L9_mos_gapseq	1695	1969	450	R_EX_cpd11416_c0	1.696999	0.019744	0.034345
MGYG000002898__gradient_L0_base_gapseq	1534	1873	551	R_EX_cpd11416_c0	1.018539	0.018113	0.029574
MGYG000002898__gradient_L1_inulin_gapseq	1534	1873	551	R_EX_cpd11416_c0	1.249153	0.018113	0.030767
MGYG000002898__gradient_L2_fos_gapseq	1534	1873	551	R_EX_cpd11416_c0	1.249153	0.018113	0.030765
MGYG000002898__gradient_L3_gos_gapseq	1534	1873	551	R_EX_cpd11416_c0	1.450941	0.018113	0.030829
MGYG000002898__gradient_L4_xos_gapseq	1534	1873	551	R_EX_cpd11416_c0	1.494181	0.018113	0.031690
MGYG000002898__gradient_L5_pectin_gapseq	1534	1873	551	R_EX_cpd11416_c0	1.494181	0.018113	0.033748
MGYG000002898__gradient_L6_resistant_starch_gapseq	1534	1873	551	R_EX_cpd11416_c0	1.993847	0.018113	0.031880
MGYG000002898__gradient_L7_bglucan_gapseq	1534	1873	551	R_EX_cpd11416_c0	1.993847	0.018113	0.031442
MGYG000002898__gradient_L8_hmo_gapseq	1534	1873	551	R_EX_cpd11416_c0	1.993847	0.018113	0.031355
MGYG000002898__gradient_L9_mos_gapseq	1534	1873	551	R_EX_cpd11416_c0	2.109154	0.018113	0.030800
MGYG000002903__gradient_L0_base_gapseq	1219	1223	232	R_EX_cpd11416_c0	0.036743	0.013403	0.016883
MGYG000002903__gradient_L1_inulin_gapseq	1219	1223	232	R_EX_cpd11416_c0	0.122565	0.013403	0.016774
MGYG000002903__gradient_L2_fos_gapseq	1219	1223	232	R_EX_cpd11416_c0	0.122565	0.013403	0.016632
MGYG000002903__gradient_L3_gos_gapseq	1219	1223	232	R_EX_cpd11416_c0	0.122565	0.013403	0.016733
MGYG000002903__gradient_L4_xos_gapseq	1219	1223	232	R_EX_cpd11416_c0	0.122565	0.013403	0.016644
MGYG000002903__gradient_L5_pectin_gapseq	1219	1223	232	R_EX_cpd11416_c0	0.122565	0.013403	0.016727
MGYG000002903__gradient_L6_resistant_starch_gapseq	1219	1223	232	R_EX_cpd11416_c0	0.204282	0.013403	0.016783
MGYG000002903__gradient_L7_bglucan_gapseq	1219	1223	232	R_EX_cpd11416_c0	0.204282	0.013403	0.016889
MGYG000002903__gradient_L8_hmo_gapseq	1219	1223	232	R_EX_cpd11416_c0	0.204282	0.013403	0.016843
MGYG000002903__gradient_L9_mos_gapseq	1219	1223	232	R_EX_cpd11416_c0	0.204282	0.013403	0.016928
MGYG000002918__gradient_L0_base_gapseq	1135	1279	311	R_EX_cpd11416_c0	0.730744	0.012706	0.016599
MGYG000002918__gradient_L1_inulin_gapseq	1135	1279	311	R_EX_cpd11416_c0	1.024688	0.012706	0.015910
MGYG000002918__gradient_L2_fos_gapseq	1135	1279	311	R_EX_cpd11416_c0	1.024688	0.012706	0.016194
MGYG000002918__gradient_L3_gos_gapseq	1135	1279	311	R_EX_cpd11416_c0	1.318094	0.012706	0.016907
MGYG000002918__gradient_L4_xos_gapseq	1135	1279	311	R_EX_cpd11416_c0	1.318094	0.012706	0.016930
MGYG000002918__gradient_L5_pectin_gapseq	1135	1279	311	R_EX_cpd11416_c0	1.318094	0.012706	0.016886
MGYG000002918__gradient_L6_resistant_starch_gapseq	1135	1279	311	R_EX_cpd11416_c0	1.933802	0.012706	0.017003
MGYG000002918__gradient_L7_bglucan_gapseq	1135	1279	311	R_EX_cpd11416_c0	1.933802	0.012706	0.016814
MGYG000002918__gradient_L8_hmo_gapseq	1135	1279	311	R_EX_cpd11416_c0	1.933802	0.012706	0.016879
MGYG000002918__gradient_L9_mos_gapseq	1135	1279	311	R_EX_cpd11416_c0	2.076060	0.012706	0.016989
MGYG000002926__gradient_L0_base_gapseq	1048	1146	261	R_EX_cpd11416_c0	-0.000000	0.011303	0.005501
MGYG000002926__gradient_L1_inulin_gapseq	1048	1146	261	R_EX_cpd11416_c0	-0.000000	0.011303	0.005920
MGYG000002926__gradient_L2_fos_gapseq	1048	1146	261	R_EX_cpd11416_c0	-0.000000	0.011303	0.005980
MGYG000002926__gradient_L3_gos_gapseq	1048	1146	261	R_EX_cpd11416_c0	-0.000000	0.011303	0.006008
MGYG000002926__gradient_L4_xos_gapseq	1048	1146	261	R_EX_cpd11416_c0	-0.000000	0.011303	0.005998
MGYG000002926__gradient_L5_pectin_gapseq	1048	1146	261	R_EX_cpd11416_c0	-0.000000	0.011303	0.005973
MGYG000002926__gradient_L6_resistant_starch_gapseq	1048	1146	261	R_EX_cpd11416_c0	-0.000000	0.011303	0.006031
MGYG000002926__gradient_L7_bglucan_gapseq	1048	1146	261	R_EX_cpd11416_c0	-0.000000	0.011303	0.006024
MGYG000002926__gradient_L8_hmo_gapseq	1048	1146	261	R_EX_cpd11416_c0	-0.000000	0.011303	0.006033
MGYG000002926__gradient_L9_mos_gapseq	1048	1146	261	R_EX_cpd11416_c0	-0.000000	0.011303	0.006057
MGYG000002959__gradient_L0_base_gapseq	1102	1212	273	R_EX_cpd11416_c0	0.347649	0.012561	0.017444
MGYG000002959__gradient_L1_inulin_gapseq	1102	1212	273	R_EX_cpd11416_c0	0.499900	0.012561	0.017790
MGYG000002959__gradient_L2_fos_gapseq	1102	1212	273	R_EX_cpd11416_c0	0.499900	0.012561	0.017893
MGYG000002959__gradient_L3_gos_gapseq	1102	1212	273	R_EX_cpd11416_c0	0.499900	0.012561	0.017772
MGYG000002959__gradient_L4_xos_gapseq	1102	1212	273	R_EX_cpd11416_c0	0.499900	0.012561	0.017767
MGYG000002959__gradient_L5_pectin_gapseq	1102	1212	273	R_EX_cpd11416_c0	0.499900	0.012561	0.017776
MGYG000002959__gradient_L6_resistant_starch_gapseq	1102	1212	273	R_EX_cpd11416_c0	0.499900	0.012561	0.017794
MGYG000002959__gradient_L7_bglucan_gapseq	1102	1212	273	R_EX_cpd11416_c0	0.499900	0.012561	0.017700
MGYG000002959__gradient_L8_hmo_gapseq	1102	1212	273	R_EX_cpd11416_c0	0.499900	0.012561	0.017791
MGYG000002959__gradient_L9_mos_gapseq	1102	1212	273	R_EX_cpd11416_c0	0.499900	0.012561	0.017801
MGYG000002969__gradient_L0_base_gapseq	1338	1407	338	R_EX_cpd11416_c0	0.074951	0.014756	0.019079
MGYG000002969__gradient_L1_inulin_gapseq	1338	1407	338	R_EX_cpd11416_c0	0.159657	0.014756	0.019139
MGYG000002969__gradient_L2_fos_gapseq	1338	1407	338	R_EX_cpd11416_c0	0.159657	0.014756	0.018922
MGYG000002969__gradient_L3_gos_gapseq	1338	1407	338	R_EX_cpd11416_c0	0.159657	0.014756	0.018909
MGYG000002969__gradient_L4_xos_gapseq	1338	1407	338	R_EX_cpd11416_c0	0.159657	0.014756	0.018951
MGYG000002969__gradient_L5_pectin_gapseq	1338	1407	338	R_EX_cpd11416_c0	0.159657	0.014756	0.018862
MGYG000002969__gradient_L6_resistant_starch_gapseq	1338	1407	338	R_EX_cpd11416_c0	0.491464	0.014756	0.019008
MGYG000002969__gradient_L7_bglucan_gapseq	1338	1407	338	R_EX_cpd11416_c0	0.491464	0.014756	0.019066
MGYG000002969__gradient_L8_hmo_gapseq	1338	1407	338	R_EX_cpd11416_c0	0.491464	0.014756	0.019027
MGYG000002969__gradient_L9_mos_gapseq	1338	1407	338	R_EX_cpd11416_c0	0.491464	0.014756	0.018988
MGYG000002986__gradient_L0_base_gapseq	1269	1406	315	R_EX_cpd11416_c0	0.792384	0.014456	0.020405
MGYG000002986__gradient_L1_inulin_gapseq	1269	1406	315	R_EX_cpd11416_c0	0.950205	0.014456	0.020645
MGYG000002986__gradient_L2_fos_gapseq	1269	1406	315	R_EX_cpd11416_c0	0.950205	0.014456	0.020617
MGYG000002986__gradient_L3_gos_gapseq	1269	1406	315	R_EX_cpd11416_c0	0.950205	0.014456	0.020577
MGYG000002986__gradient_L4_xos_gapseq	1269	1406	315	R_EX_cpd11416_c0	0.969933	0.014456	0.020157
MGYG000002986__gradient_L5_pectin_gapseq	1269	1406	315	R_EX_cpd11416_c0	0.969933	0.014456	0.020197
MGYG000002986__gradient_L6_resistant_starch_gapseq	1269	1406	315	R_EX_cpd11416_c0	1.047526	0.014456	0.019677
MGYG000002986__gradient_L7_bglucan_gapseq	1269	1406	315	R_EX_cpd11416_c0	1.047526	0.014456	0.019667
MGYG000002986__gradient_L8_hmo_gapseq	1269	1406	315	R_EX_cpd11416_c0	1.047526	0.014456	0.019641
MGYG000002986__gradient_L9_mos_gapseq	1269	1406	315	R_EX_cpd11416_c0	1.124527	0.014456	0.019285
MGYG000003012__gradient_L0_base_gapseq	1406	1610	464	R_EX_cpd11416_c0	-0.000000	0.016278	0.009317
MGYG000003012__gradient_L1_inulin_gapseq	1406	1610	464	R_EX_cpd11416_c0	-0.000000	0.016278	0.009120
MGYG000003012__gradient_L2_fos_gapseq	1406	1610	464	R_EX_cpd11416_c0	-0.000000	0.016278	0.009127
MGYG000003012__gradient_L3_gos_gapseq	1406	1610	464	R_EX_cpd11416_c0	-0.000000	0.016278	0.009374
MGYG000003012__gradient_L4_xos_gapseq	1406	1610	464	R_EX_cpd11416_c0	-0.000000	0.016278	0.009374
MGYG000003012__gradient_L5_pectin_gapseq	1406	1610	464	R_EX_cpd11416_c0	-0.000000	0.016278	0.009385
MGYG000003012__gradient_L6_resistant_starch_gapseq	1406	1610	464	R_EX_cpd11416_c0	-0.000000	0.016278	0.009739
MGYG000003012__gradient_L7_bglucan_gapseq	1406	1610	464	R_EX_cpd11416_c0	-0.000000	0.016278	0.009321
MGYG000003012__gradient_L8_hmo_gapseq	1406	1610	464	R_EX_cpd11416_c0	-0.000000	0.016278	0.009121
MGYG000003012__gradient_L9_mos_gapseq	1406	1610	464	R_EX_cpd11416_c0	-0.000000	0.016278	0.009172
MGYG000003022__gradient_L0_base_gapseq	1193	1277	356	R_EX_cpd11416_c0	0.240813	0.013264	0.018453
MGYG000003022__gradient_L1_inulin_gapseq	1193	1277	356	R_EX_cpd11416_c0	0.344729	0.013264	0.018056
MGYG000003022__gradient_L2_fos_gapseq	1193	1277	356	R_EX_cpd11416_c0	0.344729	0.013264	0.017867
MGYG000003022__gradient_L3_gos_gapseq	1193	1277	356	R_EX_cpd11416_c0	0.344729	0.013264	0.017903
MGYG000003022__gradient_L4_xos_gapseq	1193	1277	356	R_EX_cpd11416_c0	0.344729	0.013264	0.017838
MGYG000003022__gradient_L5_pectin_gapseq	1193	1277	356	R_EX_cpd11416_c0	0.344729	0.013264	0.017897
MGYG000003022__gradient_L6_resistant_starch_gapseq	1193	1277	356	R_EX_cpd11416_c0	0.344729	0.013264	0.017944
MGYG000003022__gradient_L7_bglucan_gapseq	1193	1277	356	R_EX_cpd11416_c0	0.344729	0.013264	0.017934
MGYG000003022__gradient_L8_hmo_gapseq	1193	1277	356	R_EX_cpd11416_c0	0.344729	0.013264	0.017891
MGYG000003022__gradient_L9_mos_gapseq	1193	1277	356	R_EX_cpd11416_c0	0.344729	0.013264	0.017868
MGYG000003046__gradient_L0_base_gapseq	1162	1315	310	R_EX_cpd11416_c0	0.754411	0.012915	0.017231
MGYG000003046__gradient_L1_inulin_gapseq	1162	1315	310	R_EX_cpd11416_c0	1.046019	0.012915	0.016981
MGYG000003046__gradient_L2_fos_gapseq	1162	1315	310	R_EX_cpd11416_c0	1.046019	0.012915	0.016970
MGYG000003046__gradient_L3_gos_gapseq	1162	1315	310	R_EX_cpd11416_c0	1.337933	0.012915	0.017420
MGYG000003046__gradient_L4_xos_gapseq	1162	1315	310	R_EX_cpd11416_c0	1.399855	0.012915	0.017179
MGYG000003046__gradient_L5_pectin_gapseq	1162	1315	310	R_EX_cpd11416_c0	1.399855	0.012915	0.017235
MGYG000003046__gradient_L6_resistant_starch_gapseq	1162	1315	310	R_EX_cpd11416_c0	2.012434	0.012915	0.017381
MGYG000003046__gradient_L7_bglucan_gapseq	1162	1315	310	R_EX_cpd11416_c0	2.012434	0.012915	0.017499
MGYG000003046__gradient_L8_hmo_gapseq	1162	1315	310	R_EX_cpd11416_c0	2.012434	0.012915	0.017385
MGYG000003046__gradient_L9_mos_gapseq	1162	1315	310	R_EX_cpd11416_c0	2.153968	0.012915	0.018105
MGYG000003058__gradient_L0_base_gapseq	935	915	157	R_EX_cpd11416_c0	-0.000000	0.009966	0.003719
MGYG000003058__gradient_L1_inulin_gapseq	935	915	157	R_EX_cpd11416_c0	-0.000000	0.009966	0.004114
MGYG000003058__gradient_L2_fos_gapseq	935	915	157	R_EX_cpd11416_c0	-0.000000	0.009966	0.004032
MGYG000003058__gradient_L3_gos_gapseq	935	915	157	R_EX_cpd11416_c0	-0.000000	0.009966	0.004030
MGYG000003058__gradient_L4_xos_gapseq	935	915	157	R_EX_cpd11416_c0	-0.000000	0.009966	0.004004
MGYG000003058__gradient_L5_pectin_gapseq	935	915	157	R_EX_cpd11416_c0	-0.000000	0.009966	0.004049
MGYG000003058__gradient_L6_resistant_starch_gapseq	935	915	157	R_EX_cpd11416_c0	-0.000000	0.009966	0.004009
MGYG000003058__gradient_L7_bglucan_gapseq	935	915	157	R_EX_cpd11416_c0	-0.000000	0.009966	0.004019
MGYG000003058__gradient_L8_hmo_gapseq	935	915	157	R_EX_cpd11416_c0	-0.000000	0.009966	0.004002
MGYG000003058__gradient_L9_mos_gapseq	935	915	157	R_EX_cpd11416_c0	-0.000000	0.009966	0.004011
MGYG000003065__gradient_L0_base_gapseq	1400	1642	448	R_EX_cpd11416_c0	0.744028	0.017809	0.024304
MGYG000003065__gradient_L1_inulin_gapseq	1400	1642	448	R_EX_cpd11416_c0	0.970065	0.017809	0.023714
MGYG000003065__gradient_L2_fos_gapseq	1400	1642	448	R_EX_cpd11416_c0	0.970065	0.017809	0.023752
MGYG000003065__gradient_L3_gos_gapseq	1400	1642	448	R_EX_cpd11416_c0	1.185420	0.017809	0.024158
MGYG000003065__gradient_L4_xos_gapseq	1400	1642	448	R_EX_cpd11416_c0	1.220082	0.017809	0.024723
MGYG000003065__gradient_L5_pectin_gapseq	1400	1642	448	R_EX_cpd11416_c0	1.220082	0.017809	0.024693
MGYG000003065__gradient_L6_resistant_starch_gapseq	1400	1642	448	R_EX_cpd11416_c0	1.693792	0.017809	0.023961
MGYG000003065__gradient_L7_bglucan_gapseq	1400	1642	448	R_EX_cpd11416_c0	1.853235	0.017809	0.024499
MGYG000003065__gradient_L8_hmo_gapseq	1400	1642	448	R_EX_cpd11416_c0	1.968774	0.017809	0.024057
MGYG000003065__gradient_L9_mos_gapseq	1400	1642	448	R_EX_cpd11416_c0	1.968774	0.017809	0.024005
MGYG000003125__gradient_L0_base_gapseq	1622	1897	469	R_EX_cpd11416_c0	0.496449	0.018692	0.031595
MGYG000003125__gradient_L1_inulin_gapseq	1622	1897	469	R_EX_cpd11416_c0	0.780347	0.018692	0.030714
MGYG000003125__gradient_L2_fos_gapseq	1622	1897	469	R_EX_cpd11416_c0	0.780347	0.018692	0.030750
MGYG000003125__gradient_L3_gos_gapseq	1622	1897	469	R_EX_cpd11416_c0	0.878620	0.018692	0.030621
MGYG000003125__gradient_L4_xos_gapseq	1622	1897	469	R_EX_cpd11416_c0	0.955054	0.018692	0.031126
MGYG000003125__gradient_L5_pectin_gapseq	1622	1897	469	R_EX_cpd11416_c0	0.955054	0.018692	0.031107
MGYG000003125__gradient_L6_resistant_starch_gapseq	1622	1897	469	R_EX_cpd11416_c0	1.488206	0.018692	0.031475
MGYG000003125__gradient_L7_bglucan_gapseq	1622	1897	469	R_EX_cpd11416_c0	1.488206	0.018692	0.031529
MGYG000003125__gradient_L8_hmo_gapseq	1622	1897	469	R_EX_cpd11416_c0	1.488206	0.018692	0.031657
MGYG000003125__gradient_L9_mos_gapseq	1622	1897	469	R_EX_cpd11416_c0	1.597365	0.018692	0.031566
MGYG000003135__gradient_L0_base_gapseq	1414	1636	373	R_EX_cpd11416_c0	-0.000000	0.016168	0.010676
MGYG000003135__gradient_L1_inulin_gapseq	1414	1636	373	R_EX_cpd11416_c0	-0.000000	0.016168	0.010662
MGYG000003135__gradient_L2_fos_gapseq	1414	1636	373	R_EX_cpd11416_c0	-0.000000	0.016168	0.010549
MGYG000003135__gradient_L3_gos_gapseq	1414	1636	373	R_EX_cpd11416_c0	0.728627	0.016168	0.026817
MGYG000003135__gradient_L4_xos_gapseq	1414	1636	373	R_EX_cpd11416_c0	0.805526	0.016168	0.025665
MGYG000003135__gradient_L5_pectin_gapseq	1414	1636	373	R_EX_cpd11416_c0	0.805526	0.016168	0.025552
MGYG000003135__gradient_L6_resistant_starch_gapseq	1414	1636	373	R_EX_cpd11416_c0	1.417805	0.016168	0.025351
MGYG000003135__gradient_L7_bglucan_gapseq	1414	1636	373	R_EX_cpd11416_c0	1.417805	0.016168	0.025363
MGYG000003135__gradient_L8_hmo_gapseq	1414	1636	373	R_EX_cpd11416_c0	1.417805	0.016168	0.025284
MGYG000003135__gradient_L9_mos_gapseq	1414	1636	373	R_EX_cpd11416_c0	1.538816	0.016168	0.026091
MGYG000003138__gradient_L0_base_gapseq	1374	1610	370	R_EX_cpd11416_c0	-0.000000	0.016023	0.009187
MGYG000003138__gradient_L1_inulin_gapseq	1374	1610	370	R_EX_cpd11416_c0	-0.000000	0.016023	0.009262
MGYG000003138__gradient_L2_fos_gapseq	1374	1610	370	R_EX_cpd11416_c0	-0.000000	0.016023	0.009351
MGYG000003138__gradient_L3_gos_gapseq	1374	1610	370	R_EX_cpd11416_c0	-0.000000	0.016023	0.009173
MGYG000003138__gradient_L4_xos_gapseq	1374	1610	370	R_EX_cpd11416_c0	-0.000000	0.016023	0.009171
MGYG000003138__gradient_L5_pectin_gapseq	1374	1610	370	R_EX_cpd11416_c0	-0.000000	0.016023	0.009265
MGYG000003138__gradient_L6_resistant_starch_gapseq	1374	1610	370	R_EX_cpd11416_c0	-0.000000	0.016023	0.009200
MGYG000003138__gradient_L7_bglucan_gapseq	1374	1610	370	R_EX_cpd11416_c0	-0.000000	0.016023	0.009188
MGYG000003138__gradient_L8_hmo_gapseq	1374	1610	370	R_EX_cpd11416_c0	-0.000000	0.016023	0.009196
MGYG000003138__gradient_L9_mos_gapseq	1374	1610	370	R_EX_cpd11416_c0	-0.000000	0.016023	0.009760
MGYG000003180__gradient_L0_base_gapseq	1149	1278	283	R_EX_cpd11416_c0	0.701239	0.012773	0.016279
MGYG000003180__gradient_L1_inulin_gapseq	1149	1278	283	R_EX_cpd11416_c0	0.988012	0.012773	0.016334
MGYG000003180__gradient_L2_fos_gapseq	1149	1278	283	R_EX_cpd11416_c0	0.988012	0.012773	0.016404
MGYG000003180__gradient_L3_gos_gapseq	1149	1278	283	R_EX_cpd11416_c0	1.278623	0.012773	0.015638
MGYG000003180__gradient_L4_xos_gapseq	1149	1278	283	R_EX_cpd11416_c0	1.278623	0.012773	0.015700
MGYG000003180__gradient_L5_pectin_gapseq	1149	1278	283	R_EX_cpd11416_c0	1.278623	0.012773	0.015596
MGYG000003180__gradient_L6_resistant_starch_gapseq	1149	1278	283	R_EX_cpd11416_c0	1.888230	0.012773	0.015762
MGYG000003180__gradient_L7_bglucan_gapseq	1149	1278	283	R_EX_cpd11416_c0	1.888230	0.012773	0.015773
MGYG000003180__gradient_L8_hmo_gapseq	1149	1278	283	R_EX_cpd11416_c0	1.888230	0.012773	0.015789
MGYG000003180__gradient_L9_mos_gapseq	1149	1278	283	R_EX_cpd11416_c0	2.029077	0.012773	0.015528
MGYG000003188__gradient_L0_base_gapseq	1366	1491	375	R_EX_cpd11416_c0	0.375205	0.015411	0.024790
MGYG000003188__gradient_L1_inulin_gapseq	1366	1491	375	R_EX_cpd11416_c0	0.525291	0.015411	0.024016
MGYG000003188__gradient_L2_fos_gapseq	1366	1491	375	R_EX_cpd11416_c0	0.525291	0.015411	0.023923
MGYG000003188__gradient_L3_gos_gapseq	1366	1491	375	R_EX_cpd11416_c0	0.525291	0.015411	0.023986
MGYG000003188__gradient_L4_xos_gapseq	1366	1491	375	R_EX_cpd11416_c0	0.525291	0.015411	0.023921
MGYG000003188__gradient_L5_pectin_gapseq	1366	1491	375	R_EX_cpd11416_c0	0.525291	0.015411	0.023961
MGYG000003188__gradient_L6_resistant_starch_gapseq	1366	1491	375	R_EX_cpd11416_c0	0.525291	0.015411	0.023956
MGYG000003188__gradient_L7_bglucan_gapseq	1366	1491	375	R_EX_cpd11416_c0	0.525291	0.015411	0.024101
MGYG000003188__gradient_L8_hmo_gapseq	1366	1491	375	R_EX_cpd11416_c0	0.525291	0.015411	0.023972
MGYG000003188__gradient_L9_mos_gapseq	1366	1491	375	R_EX_cpd11416_c0	0.525291	0.015411	0.024090
MGYG000003197__gradient_L0_base_gapseq	1177	1309	336	R_EX_cpd11416_c0	0.288800	0.012913	0.019190
MGYG000003197__gradient_L1_inulin_gapseq	1177	1309	336	R_EX_cpd11416_c0	0.427126	0.012913	0.018873
MGYG000003197__gradient_L2_fos_gapseq	1177	1309	336	R_EX_cpd11416_c0	0.427126	0.012913	0.018885
MGYG000003197__gradient_L3_gos_gapseq	1177	1309	336	R_EX_cpd11416_c0	0.487428	0.012913	0.018947
MGYG000003197__gradient_L4_xos_gapseq	1177	1309	336	R_EX_cpd11416_c0	0.487428	0.012913	0.018999
MGYG000003197__gradient_L5_pectin_gapseq	1177	1309	336	R_EX_cpd11416_c0	0.487428	0.012913	0.018980
MGYG000003197__gradient_L6_resistant_starch_gapseq	1177	1309	336	R_EX_cpd11416_c0	0.577880	0.012913	0.018907
MGYG000003197__gradient_L7_bglucan_gapseq	1177	1309	336	R_EX_cpd11416_c0	0.577880	0.012913	0.018953
MGYG000003197__gradient_L8_hmo_gapseq	1177	1309	336	R_EX_cpd11416_c0	0.577880	0.012913	0.018839
MGYG000003197__gradient_L9_mos_gapseq	1177	1309	336	R_EX_cpd11416_c0	0.577880	0.012913	0.018947
MGYG000003217__gradient_L0_base_gapseq	968	981	147	R_EX_cpd11416_c0	0.252823	0.010197	0.011755
MGYG000003217__gradient_L1_inulin_gapseq	968	981	147	R_EX_cpd11416_c0	0.332141	0.010197	0.011817
MGYG000003217__gradient_L2_fos_gapseq	968	981	147	R_EX_cpd11416_c0	0.332141	0.010197	0.011819
MGYG000003217__gradient_L3_gos_gapseq	968	981	147	R_EX_cpd11416_c0	0.332141	0.010197	0.011851
MGYG000003217__gradient_L4_xos_gapseq	968	981	147	R_EX_cpd11416_c0	0.347014	0.010197	0.012012
MGYG000003217__gradient_L5_pectin_gapseq	968	981	147	R_EX_cpd11416_c0	0.347014	0.010197	0.012061
MGYG000003217__gradient_L6_resistant_starch_gapseq	968	981	147	R_EX_cpd11416_c0	0.552748	0.010197	0.011938
MGYG000003217__gradient_L7_bglucan_gapseq	968	981	147	R_EX_cpd11416_c0	0.552748	0.010197	0.011952
MGYG000003217__gradient_L8_hmo_gapseq	968	981	147	R_EX_cpd11416_c0	0.552748	0.010197	0.011947
MGYG000003217__gradient_L9_mos_gapseq	968	981	147	R_EX_cpd11416_c0	0.552748	0.010197	0.011923
MGYG000003218__gradient_L0_base_gapseq	996	1000	175	R_EX_cpd11416_c0	-0.000000	0.010783	0.004122
MGYG000003218__gradient_L1_inulin_gapseq	996	1000	175	R_EX_cpd11416_c0	-0.000000	0.010783	0.004713
MGYG000003218__gradient_L2_fos_gapseq	996	1000	175	R_EX_cpd11416_c0	-0.000000	0.010783	0.004682
MGYG000003218__gradient_L3_gos_gapseq	996	1000	175	R_EX_cpd11416_c0	-0.000000	0.010783	0.004624
MGYG000003218__gradient_L4_xos_gapseq	996	1000	175	R_EX_cpd11416_c0	-0.000000	0.010783	0.004647
MGYG000003218__gradient_L5_pectin_gapseq	996	1000	175	R_EX_cpd11416_c0	-0.000000	0.010783	0.004603
MGYG000003218__gradient_L6_resistant_starch_gapseq	996	1000	175	R_EX_cpd11416_c0	-0.000000	0.010783	0.004630
MGYG000003218__gradient_L7_bglucan_gapseq	996	1000	175	R_EX_cpd11416_c0	-0.000000	0.010783	0.004637
MGYG000003218__gradient_L8_hmo_gapseq	996	1000	175	R_EX_cpd11416_c0	-0.000000	0.010783	0.004668
MGYG000003218__gradient_L9_mos_gapseq	996	1000	175	R_EX_cpd11416_c0	-0.000000	0.010783	0.004641
MGYG000003222__gradient_L0_base_gapseq	583	538	70	R_EX_cpd11416_c0	-0.000000	0.005190	0.001981
MGYG000003222__gradient_L1_inulin_gapseq	583	538	70	R_EX_cpd11416_c0	0.287747	0.005190	0.005139
MGYG000003222__gradient_L2_fos_gapseq	583	538	70	R_EX_cpd11416_c0	0.287747	0.005190	0.005153
MGYG000003222__gradient_L3_gos_gapseq	583	538	70	R_EX_cpd11416_c0	0.287747	0.005190	0.005210
MGYG000003222__gradient_L4_xos_gapseq	583	538	70	R_EX_cpd11416_c0	0.287747	0.005190	0.005228
MGYG000003222__gradient_L5_pectin_gapseq	583	538	70	R_EX_cpd11416_c0	0.287747	0.005190	0.005159
MGYG000003222__gradient_L6_resistant_starch_gapseq	583	538	70	R_EX_cpd11416_c0	0.287747	0.005190	0.005166
MGYG000003222__gradient_L7_bglucan_gapseq	583	538	70	R_EX_cpd11416_c0	0.287747	0.005190	0.005170
MGYG000003222__gradient_L8_hmo_gapseq	583	538	70	R_EX_cpd11416_c0	0.287747	0.005190	0.005155
MGYG000003222__gradient_L9_mos_gapseq	583	538	70	R_EX_cpd11416_c0	0.287747	0.005190	0.005236
MGYG000003226__gradient_L0_base_gapseq	1037	1134	256	R_EX_cpd11416_c0	-0.000000	0.011044	0.005274
MGYG000003226__gradient_L1_inulin_gapseq	1037	1134	256	R_EX_cpd11416_c0	-0.000000	0.011044	0.005317
MGYG000003226__gradient_L2_fos_gapseq	1037	1134	256	R_EX_cpd11416_c0	-0.000000	0.011044	0.005208
MGYG000003226__gradient_L3_gos_gapseq	1037	1134	256	R_EX_cpd11416_c0	0.199073	0.011044	0.014393
MGYG000003226__gradient_L4_xos_gapseq	1037	1134	256	R_EX_cpd11416_c0	0.199073	0.011044	0.014294
MGYG000003226__gradient_L5_pectin_gapseq	1037	1134	256	R_EX_cpd11416_c0	0.222495	0.011044	0.014162
MGYG000003226__gradient_L6_resistant_starch_gapseq	1037	1134	256	R_EX_cpd11416_c0	0.559765	0.011044	0.013980
MGYG000003226__gradient_L7_bglucan_gapseq	1037	1134	256	R_EX_cpd11416_c0	0.679215	0.011044	0.014504
MGYG000003226__gradient_L8_hmo_gapseq	1037	1134	256	R_EX_cpd11416_c0	0.758849	0.011044	0.014302
MGYG000003226__gradient_L9_mos_gapseq	1037	1134	256	R_EX_cpd11416_c0	0.758849	0.011044	0.014216
MGYG000003243__gradient_L0_base_gapseq	1080	1170	243	R_EX_cpd11416_c0	-0.000000	0.012015	0.006112
MGYG000003243__gradient_L1_inulin_gapseq	1080	1170	243	R_EX_cpd11416_c0	0.346623	0.012015	0.015422
MGYG000003243__gradient_L2_fos_gapseq	1080	1170	243	R_EX_cpd11416_c0	0.346623	0.012015	0.015438
MGYG000003243__gradient_L3_gos_gapseq	1080	1170	243	R_EX_cpd11416_c0	0.477975	0.012015	0.016007
MGYG000003243__gradient_L4_xos_gapseq	1080	1170	243	R_EX_cpd11416_c0	0.477975	0.012015	0.016105
MGYG000003243__gradient_L5_pectin_gapseq	1080	1170	243	R_EX_cpd11416_c0	0.477975	0.012015	0.015992
MGYG000003243__gradient_L6_resistant_starch_gapseq	1080	1170	243	R_EX_cpd11416_c0	0.834643	0.012015	0.016297
MGYG000003243__gradient_L7_bglucan_gapseq	1080	1170	243	R_EX_cpd11416_c0	0.958386	0.012015	0.016005
MGYG000003243__gradient_L8_hmo_gapseq	1080	1170	243	R_EX_cpd11416_c0	0.958386	0.012015	0.016073
MGYG000003243__gradient_L9_mos_gapseq	1080	1170	243	R_EX_cpd11416_c0	0.976176	0.012015	0.016721
MGYG000003309__gradient_L0_base_gapseq	1199	1258	265	R_EX_cpd11416_c0	-0.000000	0.013087	0.006659
MGYG000003309__gradient_L1_inulin_gapseq	1199	1258	265	R_EX_cpd11416_c0	-0.000000	0.013087	0.006780
MGYG000003309__gradient_L2_fos_gapseq	1199	1258	265	R_EX_cpd11416_c0	-0.000000	0.013087	0.006831
MGYG000003309__gradient_L3_gos_gapseq	1199	1258	265	R_EX_cpd11416_c0	-0.000000	0.013087	0.006545
MGYG000003309__gradient_L4_xos_gapseq	1199	1258	265	R_EX_cpd11416_c0	-0.000000	0.013087	0.006567
MGYG000003309__gradient_L5_pectin_gapseq	1199	1258	265	R_EX_cpd11416_c0	-0.000000	0.013087	0.006475
MGYG000003309__gradient_L6_resistant_starch_gapseq	1199	1258	265	R_EX_cpd11416_c0	-0.000000	0.013087	0.006800
MGYG000003309__gradient_L7_bglucan_gapseq	1199	1258	265	R_EX_cpd11416_c0	-0.000000	0.013087	0.006774
MGYG000003309__gradient_L8_hmo_gapseq	1199	1258	265	R_EX_cpd11416_c0	-0.000000	0.013087	0.006497
MGYG000003309__gradient_L9_mos_gapseq	1199	1258	265	R_EX_cpd11416_c0	-0.000000	0.013087	0.006505
MGYG000003312__gradient_L0_base_gapseq	1521	1813	539	R_EX_cpd11416_c0	-0.000000	0.018197	0.012636
MGYG000003312__gradient_L1_inulin_gapseq	1521	1813	539	R_EX_cpd11416_c0	-0.000000	0.018197	0.012410
MGYG000003312__gradient_L2_fos_gapseq	1521	1813	539	R_EX_cpd11416_c0	-0.000000	0.018197	0.012420
MGYG000003312__gradient_L3_gos_gapseq	1521	1813	539	R_EX_cpd11416_c0	-0.000000	0.018197	0.012479
MGYG000003312__gradient_L4_xos_gapseq	1521	1813	539	R_EX_cpd11416_c0	1.449187	0.018197	0.031013
MGYG000003312__gradient_L5_pectin_gapseq	1521	1813	539	R_EX_cpd11416_c0	1.488792	0.018197	0.030567
MGYG000003312__gradient_L6_resistant_starch_gapseq	1521	1813	539	R_EX_cpd11416_c0	2.029927	0.018197	0.031908
MGYG000003312__gradient_L7_bglucan_gapseq	1521	1813	539	R_EX_cpd11416_c0	2.214610	0.018197	0.032547
MGYG000003312__gradient_L8_hmo_gapseq	1521	1813	539	R_EX_cpd11416_c0	2.214610	0.018197	0.032443
MGYG000003312__gradient_L9_mos_gapseq	1521	1813	539	R_EX_cpd11416_c0	2.276100	0.018197	0.031500
MGYG000003339__gradient_L0_base_gapseq	1144	1283	308	R_EX_cpd11416_c0	0.403468	0.013265	0.015671
MGYG000003339__gradient_L1_inulin_gapseq	1144	1283	308	R_EX_cpd11416_c0	0.595600	0.013265	0.016227
MGYG000003339__gradient_L2_fos_gapseq	1144	1283	308	R_EX_cpd11416_c0	0.595600	0.013265	0.016224
MGYG000003339__gradient_L3_gos_gapseq	1144	1283	308	R_EX_cpd11416_c0	0.768519	0.013265	0.016282
MGYG000003339__gradient_L4_xos_gapseq	1144	1283	308	R_EX_cpd11416_c0	0.768519	0.013265	0.016250
MGYG000003339__gradient_L5_pectin_gapseq	1144	1283	308	R_EX_cpd11416_c0	0.768519	0.013265	0.016303
MGYG000003339__gradient_L6_resistant_starch_gapseq	1144	1283	308	R_EX_cpd11416_c0	1.170986	0.013265	0.016607
MGYG000003339__gradient_L7_bglucan_gapseq	1144	1283	308	R_EX_cpd11416_c0	1.170986	0.013265	0.016637
MGYG000003339__gradient_L8_hmo_gapseq	1144	1283	308	R_EX_cpd11416_c0	1.170986	0.013265	0.016591
MGYG000003339__gradient_L9_mos_gapseq	1144	1283	308	R_EX_cpd11416_c0	1.265231	0.013265	0.016598
MGYG000003343__gradient_L0_base_gapseq	1434	1625	450	R_EX_cpd11416_c0	-0.000000	0.016268	0.010193
MGYG000003343__gradient_L1_inulin_gapseq	1434	1625	450	R_EX_cpd11416_c0	-0.000000	0.016268	0.010477
MGYG000003343__gradient_L2_fos_gapseq	1434	1625	450	R_EX_cpd11416_c0	-0.000000	0.016268	0.010424
MGYG000003343__gradient_L3_gos_gapseq	1434	1625	450	R_EX_cpd11416_c0	-0.000000	0.016268	0.010462
MGYG000003343__gradient_L4_xos_gapseq	1434	1625	450	R_EX_cpd11416_c0	0.673397	0.016268	0.026566
MGYG000003343__gradient_L5_pectin_gapseq	1434	1625	450	R_EX_cpd11416_c0	0.718644	0.016268	0.025892
MGYG000003343__gradient_L6_resistant_starch_gapseq	1434	1625	450	R_EX_cpd11416_c0	0.832242	0.016268	0.027854
MGYG000003343__gradient_L7_bglucan_gapseq	1434	1625	450	R_EX_cpd11416_c0	0.832242	0.016268	0.027994
MGYG000003343__gradient_L8_hmo_gapseq	1434	1625	450	R_EX_cpd11416_c0	0.832242	0.016268	0.027921
MGYG000003343__gradient_L9_mos_gapseq	1434	1625	450	R_EX_cpd11416_c0	0.832242	0.016268	0.027954
MGYG000003344__gradient_L0_base_gapseq	1311	1405	351	R_EX_cpd11416_c0	0.118747	0.014532	0.019477
MGYG000003344__gradient_L1_inulin_gapseq	1311	1405	351	R_EX_cpd11416_c0	0.216598	0.014532	0.019874
MGYG000003344__gradient_L2_fos_gapseq	1311	1405	351	R_EX_cpd11416_c0	0.216598	0.014532	0.019644
MGYG000003344__gradient_L3_gos_gapseq	1311	1405	351	R_EX_cpd11416_c0	0.216598	0.014532	0.019512
MGYG000003344__gradient_L4_xos_gapseq	1311	1405	351	R_EX_cpd11416_c0	0.216598	0.014532	0.019519
MGYG000003344__gradient_L5_pectin_gapseq	1311	1405	351	R_EX_cpd11416_c0	0.216598	0.014532	0.019562
MGYG000003344__gradient_L6_resistant_starch_gapseq	1311	1405	351	R_EX_cpd11416_c0	0.258187	0.014532	0.020474
MGYG000003344__gradient_L7_bglucan_gapseq	1311	1405	351	R_EX_cpd11416_c0	0.258187	0.014532	0.020393
MGYG000003344__gradient_L8_hmo_gapseq	1311	1405	351	R_EX_cpd11416_c0	0.258187	0.014532	0.019787
MGYG000003344__gradient_L9_mos_gapseq	1311	1405	351	R_EX_cpd11416_c0	0.258187	0.014532	0.019464
MGYG000003355__gradient_L0_base_gapseq	1623	1862	517	R_EX_cpd11416_c0	0.975818	0.017787	0.027132
MGYG000003355__gradient_L1_inulin_gapseq	1623	1862	517	R_EX_cpd11416_c0	1.307572	0.017787	0.026502
MGYG000003355__gradient_L2_fos_gapseq	1623	1862	517	R_EX_cpd11416_c0	1.307572	0.017787	0.026368
MGYG000003355__gradient_L3_gos_gapseq	1623	1862	517	R_EX_cpd11416_c0	1.653696	0.017787	0.027328
MGYG000003355__gradient_L4_xos_gapseq	1623	1862	517	R_EX_cpd11416_c0	1.752289	0.017787	0.026653
MGYG000003355__gradient_L5_pectin_gapseq	1623	1862	517	R_EX_cpd11416_c0	1.815221	0.017787	0.027033
MGYG000003355__gradient_L6_resistant_starch_gapseq	1623	1862	517	R_EX_cpd11416_c0	2.538936	0.017787	0.026977
MGYG000003355__gradient_L7_bglucan_gapseq	1623	1862	517	R_EX_cpd11416_c0	2.784370	0.017787	0.027745
MGYG000003355__gradient_L8_hmo_gapseq	1623	1862	517	R_EX_cpd11416_c0	2.956383	0.017787	0.028654
MGYG000003355__gradient_L9_mos_gapseq	1623	1862	517	R_EX_cpd11416_c0	3.090637	0.017787	0.027969
MGYG000003358__gradient_L0_base_gapseq	2319	2886	1271	R_EX_cpd11416_c0	1.536731	0.030001	0.057599
MGYG000003358__gradient_L1_inulin_gapseq	2319	2886	1271	R_EX_cpd11416_c0	1.858841	0.030001	0.058389
MGYG000003358__gradient_L2_fos_gapseq	2319	2886	1271	R_EX_cpd11416_c0	1.858841	0.030001	0.058407
MGYG000003358__gradient_L3_gos_gapseq	2319	2886	1271	R_EX_cpd11416_c0	2.205313	0.030001	0.056332
MGYG000003358__gradient_L4_xos_gapseq	2319	2886	1271	R_EX_cpd11416_c0	2.375966	0.030001	0.056495
MGYG000003358__gradient_L5_pectin_gapseq	2319	2886	1271	R_EX_cpd11416_c0	2.419212	0.030001	0.057628
MGYG000003358__gradient_L6_resistant_starch_gapseq	2319	2886	1271	R_EX_cpd11416_c0	3.066457	0.030001	0.058650
MGYG000003358__gradient_L7_bglucan_gapseq	2319	2886	1271	R_EX_cpd11416_c0	3.285066	0.030001	0.057946
MGYG000003358__gradient_L8_hmo_gapseq	2319	2886	1271	R_EX_cpd11416_c0	3.285066	0.030001	0.057940
MGYG000003358__gradient_L9_mos_gapseq	2319	2886	1271	R_EX_cpd11416_c0	3.425390	0.030001	0.060354
MGYG000003360__gradient_L0_base_gapseq	2243	2805	1219	R_EX_cpd11416_c0	1.476681	0.028744	0.054469
MGYG000003360__gradient_L1_inulin_gapseq	2243	2805	1219	R_EX_cpd11416_c0	1.789640	0.028744	0.056375
MGYG000003360__gradient_L2_fos_gapseq	2243	2805	1219	R_EX_cpd11416_c0	1.789640	0.028744	0.056351
MGYG000003360__gradient_L3_gos_gapseq	2243	2805	1219	R_EX_cpd11416_c0	2.136557	0.028744	0.055420
MGYG000003360__gradient_L4_xos_gapseq	2243	2805	1219	R_EX_cpd11416_c0	2.312566	0.028744	0.056833
MGYG000003360__gradient_L5_pectin_gapseq	2243	2805	1219	R_EX_cpd11416_c0	2.355864	0.028744	0.056247
MGYG000003360__gradient_L6_resistant_starch_gapseq	2243	2805	1219	R_EX_cpd11416_c0	3.023149	0.028744	0.059644
MGYG000003360__gradient_L7_bglucan_gapseq	2243	2805	1219	R_EX_cpd11416_c0	3.242524	0.028744	0.057496
MGYG000003360__gradient_L8_hmo_gapseq	2243	2805	1219	R_EX_cpd11416_c0	3.242524	0.028744	0.057534
MGYG000003360__gradient_L9_mos_gapseq	2243	2805	1219	R_EX_cpd11416_c0	3.382364	0.028744	0.057844
MGYG000003366__gradient_L0_base_gapseq	1315	1478	363	R_EX_cpd11416_c0	-0.000000	0.015197	0.007480
MGYG000003366__gradient_L1_inulin_gapseq	1315	1478	363	R_EX_cpd11416_c0	-0.000000	0.015197	0.007422
MGYG000003366__gradient_L2_fos_gapseq	1315	1478	363	R_EX_cpd11416_c0	-0.000000	0.015197	0.007513
MGYG000003366__gradient_L3_gos_gapseq	1315	1478	363	R_EX_cpd11416_c0	0.907358	0.015197	0.020986
MGYG000003366__gradient_L4_xos_gapseq	1315	1478	363	R_EX_cpd11416_c0	0.972550	0.015197	0.021098
MGYG000003366__gradient_L5_pectin_gapseq	1315	1478	363	R_EX_cpd11416_c0	0.972550	0.015197	0.021082
MGYG000003366__gradient_L6_resistant_starch_gapseq	1315	1478	363	R_EX_cpd11416_c0	1.454599	0.015197	0.021259
MGYG000003366__gradient_L7_bglucan_gapseq	1315	1478	363	R_EX_cpd11416_c0	1.454599	0.015197	0.021197
MGYG000003366__gradient_L8_hmo_gapseq	1315	1478	363	R_EX_cpd11416_c0	1.454599	0.015197	0.021214
MGYG000003366__gradient_L9_mos_gapseq	1315	1478	363	R_EX_cpd11416_c0	1.454599	0.015197	0.021282
MGYG000003368__gradient_L0_base_gapseq	1035	1151	267	R_EX_cpd11416_c0	0.317910	0.011481	0.014054
MGYG000003368__gradient_L1_inulin_gapseq	1035	1151	267	R_EX_cpd11416_c0	0.395373	0.011481	0.014055
MGYG000003368__gradient_L2_fos_gapseq	1035	1151	267	R_EX_cpd11416_c0	0.395373	0.011481	0.014146
MGYG000003368__gradient_L3_gos_gapseq	1035	1151	267	R_EX_cpd11416_c0	0.395373	0.011481	0.014103
MGYG000003368__gradient_L4_xos_gapseq	1035	1151	267	R_EX_cpd11416_c0	0.414739	0.011481	0.014623
MGYG000003368__gradient_L5_pectin_gapseq	1035	1151	267	R_EX_cpd11416_c0	0.414739	0.011481	0.014647
MGYG000003368__gradient_L6_resistant_starch_gapseq	1035	1151	267	R_EX_cpd11416_c0	0.492201	0.011481	0.014587
MGYG000003368__gradient_L7_bglucan_gapseq	1035	1151	267	R_EX_cpd11416_c0	0.492201	0.011481	0.014676
MGYG000003368__gradient_L8_hmo_gapseq	1035	1151	267	R_EX_cpd11416_c0	0.492201	0.011481	0.014615
MGYG000003368__gradient_L9_mos_gapseq	1035	1151	267	R_EX_cpd11416_c0	0.492201	0.011481	0.014613
MGYG000003370__gradient_L0_base_gapseq	1458	1711	375	R_EX_cpd11416_c0	0.496830	0.016500	0.024978
MGYG000003370__gradient_L1_inulin_gapseq	1458	1711	375	R_EX_cpd11416_c0	0.650938	0.016500	0.024916
MGYG000003370__gradient_L2_fos_gapseq	1458	1711	375	R_EX_cpd11416_c0	0.650938	0.016500	0.024898
MGYG000003370__gradient_L3_gos_gapseq	1458	1711	375	R_EX_cpd11416_c0	0.795415	0.016500	0.025837
MGYG000003370__gradient_L4_xos_gapseq	1458	1711	375	R_EX_cpd11416_c0	0.814679	0.016500	0.025686
MGYG000003370__gradient_L5_pectin_gapseq	1458	1711	375	R_EX_cpd11416_c0	0.814679	0.016500	0.025606
MGYG000003370__gradient_L6_resistant_starch_gapseq	1458	1711	375	R_EX_cpd11416_c0	1.134936	0.016500	0.024975
MGYG000003370__gradient_L7_bglucan_gapseq	1458	1711	375	R_EX_cpd11416_c0	1.134936	0.016500	0.025058
MGYG000003370__gradient_L8_hmo_gapseq	1458	1711	375	R_EX_cpd11416_c0	1.134936	0.016500	0.025088
MGYG000003370__gradient_L9_mos_gapseq	1458	1711	375	R_EX_cpd11416_c0	1.211990	0.016500	0.025212
MGYG000003383__gradient_L0_base_gapseq	1296	1575	428	R_EX_cpd11416_c0	-0.000000	0.016364	0.010709
MGYG000003383__gradient_L1_inulin_gapseq	1296	1575	428	R_EX_cpd11416_c0	-0.000000	0.016364	0.010714
MGYG000003383__gradient_L2_fos_gapseq	1296	1575	428	R_EX_cpd11416_c0	-0.000000	0.016364	0.010691
MGYG000003383__gradient_L3_gos_gapseq	1296	1575	428	R_EX_cpd11416_c0	1.172193	0.016364	0.025112
MGYG000003383__gradient_L4_xos_gapseq	1296	1575	428	R_EX_cpd11416_c0	1.232593	0.016364	0.025636
MGYG000003383__gradient_L5_pectin_gapseq	1296	1575	428	R_EX_cpd11416_c0	1.232593	0.016364	0.025568
MGYG000003383__gradient_L6_resistant_starch_gapseq	1296	1575	428	R_EX_cpd11416_c0	1.722502	0.016364	0.026476
MGYG000003383__gradient_L7_bglucan_gapseq	1296	1575	428	R_EX_cpd11416_c0	1.890279	0.016364	0.025437
MGYG000003383__gradient_L8_hmo_gapseq	1296	1575	428	R_EX_cpd11416_c0	2.002131	0.016364	0.025348
MGYG000003383__gradient_L9_mos_gapseq	1296	1575	428	R_EX_cpd11416_c0	2.002131	0.016364	0.025230
MGYG000003391__gradient_L0_base_gapseq	1221	1338	311	R_EX_cpd11416_c0	0.837731	0.013755	0.018083
MGYG000003391__gradient_L1_inulin_gapseq	1221	1338	311	R_EX_cpd11416_c0	1.047187	0.013755	0.018026
MGYG000003391__gradient_L2_fos_gapseq	1221	1338	311	R_EX_cpd11416_c0	1.047187	0.013755	0.018136
MGYG000003391__gradient_L3_gos_gapseq	1221	1338	311	R_EX_cpd11416_c0	1.047187	0.013755	0.017978
MGYG000003391__gradient_L4_xos_gapseq	1221	1338	311	R_EX_cpd11416_c0	1.047187	0.013755	0.018026
MGYG000003391__gradient_L5_pectin_gapseq	1221	1338	311	R_EX_cpd11416_c0	1.047187	0.013755	0.017980
MGYG000003391__gradient_L6_resistant_starch_gapseq	1221	1338	311	R_EX_cpd11416_c0	1.150462	0.013755	0.018115
MGYG000003391__gradient_L7_bglucan_gapseq	1221	1338	311	R_EX_cpd11416_c0	1.150462	0.013755	0.018034
MGYG000003391__gradient_L8_hmo_gapseq	1221	1338	311	R_EX_cpd11416_c0	1.150462	0.013755	0.018059
MGYG000003391__gradient_L9_mos_gapseq	1221	1338	311	R_EX_cpd11416_c0	1.253737	0.013755	0.018137
MGYG000003399__gradient_L0_base_gapseq	2249	2811	1266	R_EX_cpd11416_c0	1.148586	0.029812	0.055852
MGYG000003399__gradient_L1_inulin_gapseq	2249	2811	1266	R_EX_cpd11416_c0	1.424841	0.029812	0.057235
MGYG000003399__gradient_L2_fos_gapseq	2249	2811	1266	R_EX_cpd11416_c0	1.424841	0.029812	0.057202
MGYG000003399__gradient_L3_gos_gapseq	2249	2811	1266	R_EX_cpd11416_c0	1.715322	0.029812	0.056201
MGYG000003399__gradient_L4_xos_gapseq	2249	2811	1266	R_EX_cpd11416_c0	1.790894	0.029812	0.055065
MGYG000003399__gradient_L5_pectin_gapseq	2249	2811	1266	R_EX_cpd11416_c0	1.790894	0.029812	0.054964
MGYG000003399__gradient_L6_resistant_starch_gapseq	2249	2811	1266	R_EX_cpd11416_c0	2.384350	0.029812	0.056778
MGYG000003399__gradient_L7_bglucan_gapseq	2249	2811	1266	R_EX_cpd11416_c0	2.574428	0.029812	0.056277
MGYG000003399__gradient_L8_hmo_gapseq	2249	2811	1266	R_EX_cpd11416_c0	2.574428	0.029812	0.056233
MGYG000003399__gradient_L9_mos_gapseq	2249	2811	1266	R_EX_cpd11416_c0	2.696778	0.029812	0.058678
MGYG000003409__gradient_L0_base_gapseq	1026	1203	321	R_EX_cpd11416_c0	0.413400	0.011810	0.016484
MGYG000003409__gradient_L1_inulin_gapseq	1026	1203	321	R_EX_cpd11416_c0	0.727918	0.011810	0.016493
MGYG000003409__gradient_L2_fos_gapseq	1026	1203	321	R_EX_cpd11416_c0	0.727918	0.011810	0.016614
MGYG000003409__gradient_L3_gos_gapseq	1026	1203	321	R_EX_cpd11416_c0	1.025068	0.011810	0.016700
MGYG000003409__gradient_L4_xos_gapseq	1026	1203	321	R_EX_cpd11416_c0	1.025068	0.011810	0.016773
MGYG000003409__gradient_L5_pectin_gapseq	1026	1203	321	R_EX_cpd11416_c0	1.025068	0.011810	0.016752
MGYG000003409__gradient_L6_resistant_starch_gapseq	1026	1203	321	R_EX_cpd11416_c0	1.591902	0.011810	0.017793
MGYG000003409__gradient_L7_bglucan_gapseq	1026	1203	321	R_EX_cpd11416_c0	1.793877	0.011810	0.017046
MGYG000003409__gradient_L8_hmo_gapseq	1026	1203	321	R_EX_cpd11416_c0	1.937214	0.011810	0.017886
MGYG000003409__gradient_L9_mos_gapseq	1026	1203	321	R_EX_cpd11416_c0	2.041459	0.011810	0.017553
MGYG000003457__gradient_L0_base_gapseq	1068	1130	233	R_EX_cpd11416_c0	-0.000000	0.012207	0.004893
MGYG000003457__gradient_L1_inulin_gapseq	1068	1130	233	R_EX_cpd11416_c0	-0.000000	0.012207	0.005020
MGYG000003457__gradient_L2_fos_gapseq	1068	1130	233	R_EX_cpd11416_c0	-0.000000	0.012207	0.004950
MGYG000003457__gradient_L3_gos_gapseq	1068	1130	233	R_EX_cpd11416_c0	-0.000000	0.012207	0.005062
MGYG000003457__gradient_L4_xos_gapseq	1068	1130	233	R_EX_cpd11416_c0	-0.000000	0.012207	0.005278
MGYG000003457__gradient_L5_pectin_gapseq	1068	1130	233	R_EX_cpd11416_c0	-0.000000	0.012207	0.005241
MGYG000003457__gradient_L6_resistant_starch_gapseq	1068	1130	233	R_EX_cpd11416_c0	-0.000000	0.012207	0.005421
MGYG000003457__gradient_L7_bglucan_gapseq	1068	1130	233	R_EX_cpd11416_c0	-0.000000	0.012207	0.005397
MGYG000003457__gradient_L8_hmo_gapseq	1068	1130	233	R_EX_cpd11416_c0	-0.000000	0.012207	0.005384
MGYG000003457__gradient_L9_mos_gapseq	1068	1130	233	R_EX_cpd11416_c0	-0.000000	0.012207	0.005386
MGYG000003476__gradient_L0_base_gapseq	847	851	156	R_EX_cpd11416_c0	0.243039	0.008818	0.009549
MGYG000003476__gradient_L1_inulin_gapseq	847	851	156	R_EX_cpd11416_c0	0.465830	0.008818	0.009628
MGYG000003476__gradient_L2_fos_gapseq	847	851	156	R_EX_cpd11416_c0	0.465830	0.008818	0.009637
MGYG000003476__gradient_L3_gos_gapseq	847	851	156	R_EX_cpd11416_c0	0.625328	0.008818	0.009805
MGYG000003476__gradient_L4_xos_gapseq	847	851	156	R_EX_cpd11416_c0	0.625328	0.008818	0.009883
MGYG000003476__gradient_L5_pectin_gapseq	847	851	156	R_EX_cpd11416_c0	0.660772	0.008818	0.010009
MGYG000003476__gradient_L6_resistant_starch_gapseq	847	851	156	R_EX_cpd11416_c0	0.751914	0.008818	0.010150
MGYG000003476__gradient_L7_bglucan_gapseq	847	851	156	R_EX_cpd11416_c0	0.751914	0.008818	0.010163
MGYG000003476__gradient_L8_hmo_gapseq	847	851	156	R_EX_cpd11416_c0	0.751914	0.008818	0.010119
MGYG000003476__gradient_L9_mos_gapseq	847	851	156	R_EX_cpd11416_c0	0.792422	0.008818	0.010002
MGYG000003481__gradient_L0_base_gapseq	867	808	112	R_EX_cpd11416_c0	-0.000000	0.008793	0.002879
MGYG000003481__gradient_L1_inulin_gapseq	867	808	112	R_EX_cpd11416_c0	-0.000000	0.008793	0.003272
MGYG000003481__gradient_L2_fos_gapseq	867	808	112	R_EX_cpd11416_c0	-0.000000	0.008793	0.003162
MGYG000003481__gradient_L3_gos_gapseq	867	808	112	R_EX_cpd11416_c0	-0.000000	0.008793	0.003202
MGYG000003481__gradient_L4_xos_gapseq	867	808	112	R_EX_cpd11416_c0	-0.000000	0.008793	0.003108
MGYG000003481__gradient_L5_pectin_gapseq	867	808	112	R_EX_cpd11416_c0	-0.000000	0.008793	0.003241
MGYG000003481__gradient_L6_resistant_starch_gapseq	867	808	112	R_EX_cpd11416_c0	-0.000000	0.008793	0.003158
MGYG000003481__gradient_L7_bglucan_gapseq	867	808	112	R_EX_cpd11416_c0	-0.000000	0.008793	0.003231
MGYG000003481__gradient_L8_hmo_gapseq	867	808	112	R_EX_cpd11416_c0	-0.000000	0.008793	0.003253
MGYG000003481__gradient_L9_mos_gapseq	867	808	112	R_EX_cpd11416_c0	-0.000000	0.008793	0.003314
MGYG000003496__gradient_L0_base_gapseq	1171	1225	246	R_EX_cpd11416_c0	-0.000000	0.011834	0.005979
MGYG000003496__gradient_L1_inulin_gapseq	1171	1225	246	R_EX_cpd11416_c0	-0.000000	0.011834	0.006065
MGYG000003496__gradient_L2_fos_gapseq	1171	1225	246	R_EX_cpd11416_c0	-0.000000	0.011834	0.006057
MGYG000003496__gradient_L3_gos_gapseq	1171	1225	246	R_EX_cpd11416_c0	0.298428	0.011834	0.015704
MGYG000003496__gradient_L4_xos_gapseq	1171	1225	246	R_EX_cpd11416_c0	0.298428	0.011834	0.015701
MGYG000003496__gradient_L5_pectin_gapseq	1171	1225	246	R_EX_cpd11416_c0	0.298428	0.011834	0.015612
MGYG000003496__gradient_L6_resistant_starch_gapseq	1171	1225	246	R_EX_cpd11416_c0	0.739090	0.011834	0.015482
MGYG000003496__gradient_L7_bglucan_gapseq	1171	1225	246	R_EX_cpd11416_c0	0.739090	0.011834	0.015502
MGYG000003496__gradient_L8_hmo_gapseq	1171	1225	246	R_EX_cpd11416_c0	0.739090	0.011834	0.015484
MGYG000003496__gradient_L9_mos_gapseq	1171	1225	246	R_EX_cpd11416_c0	0.813700	0.011834	0.015631
MGYG000003500__gradient_L0_base_gapseq	1331	1466	294	R_EX_cpd11416_c0	-0.000000	0.014877	0.007562
MGYG000003500__gradient_L1_inulin_gapseq	1331	1466	294	R_EX_cpd11416_c0	-0.000000	0.014877	0.007438
MGYG000003500__gradient_L2_fos_gapseq	1331	1466	294	R_EX_cpd11416_c0	-0.000000	0.014877	0.007427
MGYG000003500__gradient_L3_gos_gapseq	1331	1466	294	R_EX_cpd11416_c0	0.347318	0.014877	0.018806
MGYG000003500__gradient_L4_xos_gapseq	1331	1466	294	R_EX_cpd11416_c0	0.347318	0.014877	0.018729
MGYG000003500__gradient_L5_pectin_gapseq	1331	1466	294	R_EX_cpd11416_c0	0.347318	0.014877	0.018767
MGYG000003500__gradient_L6_resistant_starch_gapseq	1331	1466	294	R_EX_cpd11416_c0	0.811633	0.014877	0.019490
MGYG000003500__gradient_L7_bglucan_gapseq	1331	1466	294	R_EX_cpd11416_c0	0.974859	0.014877	0.019645
MGYG000003500__gradient_L8_hmo_gapseq	1331	1466	294	R_EX_cpd11416_c0	0.974859	0.014877	0.019723
MGYG000003500__gradient_L9_mos_gapseq	1331	1466	294	R_EX_cpd11416_c0	1.047781	0.014877	0.019626
MGYG000003529__gradient_L0_base_gapseq	1051	1142	208	R_EX_cpd11416_c0	0.192804	0.011665	0.013566
MGYG000003529__gradient_L1_inulin_gapseq	1051	1142	208	R_EX_cpd11416_c0	0.192804	0.011665	0.013486
MGYG000003529__gradient_L2_fos_gapseq	1051	1142	208	R_EX_cpd11416_c0	0.192804	0.011665	0.013479
MGYG000003529__gradient_L3_gos_gapseq	1051	1142	208	R_EX_cpd11416_c0	0.192804	0.011665	0.013591
MGYG000003529__gradient_L4_xos_gapseq	1051	1142	208	R_EX_cpd11416_c0	0.192804	0.011665	0.013504
MGYG000003529__gradient_L5_pectin_gapseq	1051	1142	208	R_EX_cpd11416_c0	0.192804	0.011665	0.013445
MGYG000003529__gradient_L6_resistant_starch_gapseq	1051	1142	208	R_EX_cpd11416_c0	0.194795	0.011665	0.013359
MGYG000003529__gradient_L7_bglucan_gapseq	1051	1142	208	R_EX_cpd11416_c0	0.202510	0.011665	0.013845
MGYG000003529__gradient_L8_hmo_gapseq	1051	1142	208	R_EX_cpd11416_c0	0.202510	0.011665	0.013808
MGYG000003529__gradient_L9_mos_gapseq	1051	1142	208	R_EX_cpd11416_c0	0.202510	0.011665	0.013907
MGYG000003552__gradient_L0_base_gapseq	1370	1521	366	R_EX_cpd11416_c0	-0.000000	0.015575	0.008099
MGYG000003552__gradient_L1_inulin_gapseq	1370	1521	366	R_EX_cpd11416_c0	-0.000000	0.015575	0.008042
MGYG000003552__gradient_L2_fos_gapseq	1370	1521	366	R_EX_cpd11416_c0	-0.000000	0.015575	0.008010
MGYG000003552__gradient_L3_gos_gapseq	1370	1521	366	R_EX_cpd11416_c0	0.643614	0.015575	0.022020
MGYG000003552__gradient_L4_xos_gapseq	1370	1521	366	R_EX_cpd11416_c0	0.695495	0.015575	0.021306
MGYG000003552__gradient_L5_pectin_gapseq	1370	1521	366	R_EX_cpd11416_c0	0.695495	0.015575	0.021214
MGYG000003552__gradient_L6_resistant_starch_gapseq	1370	1521	366	R_EX_cpd11416_c0	1.196603	0.015575	0.021433
MGYG000003552__gradient_L7_bglucan_gapseq	1370	1521	366	R_EX_cpd11416_c0	1.373690	0.015575	0.021338
MGYG000003552__gradient_L8_hmo_gapseq	1370	1521	366	R_EX_cpd11416_c0	1.373690	0.015575	0.021412
MGYG000003552__gradient_L9_mos_gapseq	1370	1521	366	R_EX_cpd11416_c0	1.373690	0.015575	0.021406
MGYG000003567__gradient_L0_base_gapseq	1054	1179	281	R_EX_cpd11416_c0	0.381567	0.012153	0.015261
MGYG000003567__gradient_L1_inulin_gapseq	1054	1179	281	R_EX_cpd11416_c0	0.738124	0.012153	0.015140
MGYG000003567__gradient_L2_fos_gapseq	1054	1179	281	R_EX_cpd11416_c0	0.738124	0.012153	0.015161
MGYG000003567__gradient_L3_gos_gapseq	1054	1179	281	R_EX_cpd11416_c0	0.738124	0.012153	0.015667
MGYG000003567__gradient_L4_xos_gapseq	1054	1179	281	R_EX_cpd11416_c0	0.738124	0.012153	0.015589
MGYG000003567__gradient_L5_pectin_gapseq	1054	1179	281	R_EX_cpd11416_c0	0.738124	0.012153	0.015666
MGYG000003567__gradient_L6_resistant_starch_gapseq	1054	1179	281	R_EX_cpd11416_c0	0.831169	0.012153	0.015052
MGYG000003567__gradient_L7_bglucan_gapseq	1054	1179	281	R_EX_cpd11416_c0	0.831169	0.012153	0.015347
MGYG000003567__gradient_L8_hmo_gapseq	1054	1179	281	R_EX_cpd11416_c0	0.831169	0.012153	0.015371
MGYG000003567__gradient_L9_mos_gapseq	1054	1179	281	R_EX_cpd11416_c0	0.831169	0.012153	0.015341
MGYG000003619__gradient_L0_base_gapseq	1331	1492	366	R_EX_cpd11416_c0	-0.000000	0.015163	0.008124
MGYG000003619__gradient_L1_inulin_gapseq	1331	1492	366	R_EX_cpd11416_c0	-0.000000	0.015163	0.008252
MGYG000003619__gradient_L2_fos_gapseq	1331	1492	366	R_EX_cpd11416_c0	-0.000000	0.015163	0.008372
MGYG000003619__gradient_L3_gos_gapseq	1331	1492	366	R_EX_cpd11416_c0	1.104235	0.015163	0.022294
MGYG000003619__gradient_L4_xos_gapseq	1331	1492	366	R_EX_cpd11416_c0	1.104235	0.015163	0.022187
MGYG000003619__gradient_L5_pectin_gapseq	1331	1492	366	R_EX_cpd11416_c0	1.104235	0.015163	0.022179
MGYG000003619__gradient_L6_resistant_starch_gapseq	1331	1492	366	R_EX_cpd11416_c0	1.662983	0.015163	0.021951
MGYG000003619__gradient_L7_bglucan_gapseq	1331	1492	366	R_EX_cpd11416_c0	1.662983	0.015163	0.021895
MGYG000003619__gradient_L8_hmo_gapseq	1331	1492	366	R_EX_cpd11416_c0	1.662983	0.015163	0.021903
MGYG000003619__gradient_L9_mos_gapseq	1331	1492	366	R_EX_cpd11416_c0	1.751322	0.015163	0.021763
MGYG000003662__gradient_L0_base_gapseq	1268	1451	332	R_EX_cpd11416_c0	0.348914	0.014773	0.020400
MGYG000003662__gradient_L1_inulin_gapseq	1268	1451	332	R_EX_cpd11416_c0	0.458619	0.014773	0.021570
MGYG000003662__gradient_L2_fos_gapseq	1268	1451	332	R_EX_cpd11416_c0	0.458619	0.014773	0.021165
MGYG000003662__gradient_L3_gos_gapseq	1268	1451	332	R_EX_cpd11416_c0	0.540898	0.014773	0.020386
MGYG000003662__gradient_L4_xos_gapseq	1268	1451	332	R_EX_cpd11416_c0	0.605557	0.014773	0.020012
MGYG000003662__gradient_L5_pectin_gapseq	1268	1451	332	R_EX_cpd11416_c0	0.605557	0.014773	0.020042
MGYG000003662__gradient_L6_resistant_starch_gapseq	1268	1451	332	R_EX_cpd11416_c0	0.704242	0.014773	0.020338
MGYG000003662__gradient_L7_bglucan_gapseq	1268	1451	332	R_EX_cpd11416_c0	0.858998	0.014773	0.020908
MGYG000003662__gradient_L8_hmo_gapseq	1268	1451	332	R_EX_cpd11416_c0	0.858998	0.014773	0.020926
MGYG000003662__gradient_L9_mos_gapseq	1268	1451	332	R_EX_cpd11416_c0	0.957683	0.014773	0.021548
MGYG000003667__gradient_L0_base_gapseq	725	699	111	R_EX_cpd11416_c0	0.005220	0.007674	0.007594
MGYG000003667__gradient_L1_inulin_gapseq	725	699	111	R_EX_cpd11416_c0	0.083342	0.007674	0.007570
MGYG000003667__gradient_L2_fos_gapseq	725	699	111	R_EX_cpd11416_c0	0.083342	0.007674	0.007580
MGYG000003667__gradient_L3_gos_gapseq	725	699	111	R_EX_cpd11416_c0	0.083342	0.007674	0.007553
MGYG000003667__gradient_L4_xos_gapseq	725	699	111	R_EX_cpd11416_c0	0.083342	0.007674	0.007681
MGYG000003667__gradient_L5_pectin_gapseq	725	699	111	R_EX_cpd11416_c0	0.083342	0.007674	0.007717
MGYG000003667__gradient_L6_resistant_starch_gapseq	725	699	111	R_EX_cpd11416_c0	0.083764	0.007674	0.007982
MGYG000003667__gradient_L7_bglucan_gapseq	725	699	111	R_EX_cpd11416_c0	0.083764	0.007674	0.007723
MGYG000003667__gradient_L8_hmo_gapseq	725	699	111	R_EX_cpd11416_c0	0.083764	0.007674	0.007802
MGYG000003667__gradient_L9_mos_gapseq	725	699	111	R_EX_cpd11416_c0	0.083764	0.007674	0.007926
MGYG000003669__gradient_L0_base_gapseq	754	750	109	R_EX_cpd11416_c0	-0.000000	0.008169	0.003546
MGYG000003669__gradient_L1_inulin_gapseq	754	750	109	R_EX_cpd11416_c0	0.204247	0.008169	0.008592
MGYG000003669__gradient_L2_fos_gapseq	754	750	109	R_EX_cpd11416_c0	0.204247	0.008169	0.008393
MGYG000003669__gradient_L3_gos_gapseq	754	750	109	R_EX_cpd11416_c0	0.204247	0.008169	0.008399
MGYG000003669__gradient_L4_xos_gapseq	754	750	109	R_EX_cpd11416_c0	0.204247	0.008169	0.008471
MGYG000003669__gradient_L5_pectin_gapseq	754	750	109	R_EX_cpd11416_c0	0.204247	0.008169	0.008417
MGYG000003669__gradient_L6_resistant_starch_gapseq	754	750	109	R_EX_cpd11416_c0	0.306373	0.008169	0.008543
MGYG000003669__gradient_L7_bglucan_gapseq	754	750	109	R_EX_cpd11416_c0	0.306373	0.008169	0.008496
MGYG000003669__gradient_L8_hmo_gapseq	754	750	109	R_EX_cpd11416_c0	0.306373	0.008169	0.008460
MGYG000003669__gradient_L9_mos_gapseq	754	750	109	R_EX_cpd11416_c0	0.306373	0.008169	0.008460
MGYG000003679__gradient_L0_base_gapseq	1052	1163	245	R_EX_cpd11416_c0	-0.000000	0.011779	0.005795
MGYG000003679__gradient_L1_inulin_gapseq	1052	1163	245	R_EX_cpd11416_c0	-0.000000	0.011779	0.005680
MGYG000003679__gradient_L2_fos_gapseq	1052	1163	245	R_EX_cpd11416_c0	-0.000000	0.011779	0.005678
MGYG000003679__gradient_L3_gos_gapseq	1052	1163	245	R_EX_cpd11416_c0	0.412833	0.011779	0.014965
MGYG000003679__gradient_L4_xos_gapseq	1052	1163	245	R_EX_cpd11416_c0	0.447092	0.011779	0.014526
MGYG000003679__gradient_L5_pectin_gapseq	1052	1163	245	R_EX_cpd11416_c0	0.447092	0.011779	0.014514
MGYG000003679__gradient_L6_resistant_starch_gapseq	1052	1163	245	R_EX_cpd11416_c0	0.734516	0.011779	0.014817
MGYG000003679__gradient_L7_bglucan_gapseq	1052	1163	245	R_EX_cpd11416_c0	0.845063	0.011779	0.014727
MGYG000003679__gradient_L8_hmo_gapseq	1052	1163	245	R_EX_cpd11416_c0	0.845063	0.011779	0.014721
MGYG000003679__gradient_L9_mos_gapseq	1052	1163	245	R_EX_cpd11416_c0	0.845063	0.011779	0.014729
MGYG000003685__gradient_L0_base_gapseq	1174	1321	332	R_EX_cpd11416_c0	0.795421	0.013686	0.017157
MGYG000003685__gradient_L1_inulin_gapseq	1174	1321	332	R_EX_cpd11416_c0	1.087098	0.013686	0.017013
MGYG000003685__gradient_L2_fos_gapseq	1174	1321	332	R_EX_cpd11416_c0	1.087098	0.013686	0.016717
MGYG000003685__gradient_L3_gos_gapseq	1174	1321	332	R_EX_cpd11416_c0	1.380550	0.013686	0.016923
MGYG000003685__gradient_L4_xos_gapseq	1174	1321	332	R_EX_cpd11416_c0	1.380550	0.013686	0.016861
MGYG000003685__gradient_L5_pectin_gapseq	1174	1321	332	R_EX_cpd11416_c0	1.380550	0.013686	0.016865
MGYG000003685__gradient_L6_resistant_starch_gapseq	1174	1321	332	R_EX_cpd11416_c0	1.996355	0.013686	0.017849
MGYG000003685__gradient_L7_bglucan_gapseq	1174	1321	332	R_EX_cpd11416_c0	2.203106	0.013686	0.017551
MGYG000003685__gradient_L8_hmo_gapseq	1174	1321	332	R_EX_cpd11416_c0	2.203106	0.013686	0.017487
MGYG000003685__gradient_L9_mos_gapseq	1174	1321	332	R_EX_cpd11416_c0	2.345386	0.013686	0.017149
MGYG000003686__gradient_L0_base_gapseq	1209	1282	324	R_EX_cpd11416_c0	-0.000000	0.013312	0.006127
MGYG000003686__gradient_L1_inulin_gapseq	1209	1282	324	R_EX_cpd11416_c0	-0.000000	0.013312	0.007366
MGYG000003686__gradient_L2_fos_gapseq	1209	1282	324	R_EX_cpd11416_c0	-0.000000	0.013312	0.007276
MGYG000003686__gradient_L3_gos_gapseq	1209	1282	324	R_EX_cpd11416_c0	-0.000000	0.013312	0.007395
MGYG000003686__gradient_L4_xos_gapseq	1209	1282	324	R_EX_cpd11416_c0	-0.000000	0.013312	0.007269
MGYG000003686__gradient_L5_pectin_gapseq	1209	1282	324	R_EX_cpd11416_c0	-0.000000	0.013312	0.007340
MGYG000003686__gradient_L6_resistant_starch_gapseq	1209	1282	324	R_EX_cpd11416_c0	-0.000000	0.013312	0.006894
MGYG000003686__gradient_L7_bglucan_gapseq	1209	1282	324	R_EX_cpd11416_c0	-0.000000	0.013312	0.006914
MGYG000003686__gradient_L8_hmo_gapseq	1209	1282	324	R_EX_cpd11416_c0	-0.000000	0.013312	0.006911
MGYG000003686__gradient_L9_mos_gapseq	1209	1282	324	R_EX_cpd11416_c0	-0.000000	0.013312	0.006956
MGYG000003687__gradient_L0_base_gapseq	1915	2293	718	R_EX_cpd11416_c0	0.833221	0.022642	0.043233
MGYG000003687__gradient_L1_inulin_gapseq	1915	2293	718	R_EX_cpd11416_c0	1.065754	0.022642	0.041770
MGYG000003687__gradient_L2_fos_gapseq	1915	2293	718	R_EX_cpd11416_c0	1.065754	0.022642	0.041702
MGYG000003687__gradient_L3_gos_gapseq	1915	2293	718	R_EX_cpd11416_c0	1.311160	0.022642	0.042128
MGYG000003687__gradient_L4_xos_gapseq	1915	2293	718	R_EX_cpd11416_c0	1.374264	0.022642	0.042166
MGYG000003687__gradient_L5_pectin_gapseq	1915	2293	718	R_EX_cpd11416_c0	1.406985	0.022642	0.041651
MGYG000003687__gradient_L6_resistant_starch_gapseq	1915	2293	718	R_EX_cpd11416_c0	1.918832	0.022642	0.042183
MGYG000003687__gradient_L7_bglucan_gapseq	1915	2293	718	R_EX_cpd11416_c0	2.094122	0.022642	0.042308
MGYG000003687__gradient_L8_hmo_gapseq	1915	2293	718	R_EX_cpd11416_c0	2.094122	0.022642	0.042271
MGYG000003687__gradient_L9_mos_gapseq	1915	2293	718	R_EX_cpd11416_c0	2.206308	0.022642	0.043547
MGYG000003688__gradient_L0_base_gapseq	1184	1322	325	R_EX_cpd11416_c0	0.400291	0.013089	0.016442
MGYG000003688__gradient_L1_inulin_gapseq	1184	1322	325	R_EX_cpd11416_c0	0.590910	0.013089	0.016961
MGYG000003688__gradient_L2_fos_gapseq	1184	1322	325	R_EX_cpd11416_c0	0.590910	0.013089	0.017000
MGYG000003688__gradient_L3_gos_gapseq	1184	1322	325	R_EX_cpd11416_c0	0.762468	0.013089	0.017321
MGYG000003688__gradient_L4_xos_gapseq	1184	1322	325	R_EX_cpd11416_c0	0.762468	0.013089	0.017365
MGYG000003688__gradient_L5_pectin_gapseq	1184	1322	325	R_EX_cpd11416_c0	0.762468	0.013089	0.017406
MGYG000003688__gradient_L6_resistant_starch_gapseq	1184	1322	325	R_EX_cpd11416_c0	1.161939	0.013089	0.017532
MGYG000003688__gradient_L7_bglucan_gapseq	1184	1322	325	R_EX_cpd11416_c0	1.161939	0.013089	0.017543
MGYG000003688__gradient_L8_hmo_gapseq	1184	1322	325	R_EX_cpd11416_c0	1.161939	0.013089	0.017512
MGYG000003688__gradient_L9_mos_gapseq	1184	1322	325	R_EX_cpd11416_c0	1.255456	0.013089	0.017264
MGYG000003696__gradient_L0_base_gapseq	1173	1321	341	R_EX_cpd11416_c0	0.795027	0.013646	0.016131
MGYG000003696__gradient_L1_inulin_gapseq	1173	1321	341	R_EX_cpd11416_c0	1.086579	0.013646	0.016407
MGYG000003696__gradient_L2_fos_gapseq	1173	1321	341	R_EX_cpd11416_c0	1.086579	0.013646	0.016416
MGYG000003696__gradient_L3_gos_gapseq	1173	1321	341	R_EX_cpd11416_c0	1.379891	0.013646	0.016738
MGYG000003696__gradient_L4_xos_gapseq	1173	1321	341	R_EX_cpd11416_c0	1.379891	0.013646	0.016836
MGYG000003696__gradient_L5_pectin_gapseq	1173	1321	341	R_EX_cpd11416_c0	1.379891	0.013646	0.016790
MGYG000003696__gradient_L6_resistant_starch_gapseq	1173	1321	341	R_EX_cpd11416_c0	1.995402	0.013646	0.016977
MGYG000003696__gradient_L7_bglucan_gapseq	1173	1321	341	R_EX_cpd11416_c0	1.995402	0.013646	0.016855
MGYG000003696__gradient_L8_hmo_gapseq	1173	1321	341	R_EX_cpd11416_c0	1.995402	0.013646	0.016933
MGYG000003696__gradient_L9_mos_gapseq	1173	1321	341	R_EX_cpd11416_c0	2.137614	0.013646	0.017452
MGYG000003702__gradient_L0_base_gapseq	1339	1510	421	R_EX_cpd11416_c0	-0.000000	0.015708	0.007843
MGYG000003702__gradient_L1_inulin_gapseq	1339	1510	421	R_EX_cpd11416_c0	0.967491	0.015708	0.021084
MGYG000003702__gradient_L2_fos_gapseq	1339	1510	421	R_EX_cpd11416_c0	0.967491	0.015708	0.020926
MGYG000003702__gradient_L3_gos_gapseq	1339	1510	421	R_EX_cpd11416_c0	1.213279	0.015708	0.020671
MGYG000003702__gradient_L4_xos_gapseq	1339	1510	421	R_EX_cpd11416_c0	1.213279	0.015708	0.020755
MGYG000003702__gradient_L5_pectin_gapseq	1339	1510	421	R_EX_cpd11416_c0	1.213279	0.015708	0.020705
MGYG000003702__gradient_L6_resistant_starch_gapseq	1339	1510	421	R_EX_cpd11416_c0	1.745889	0.015708	0.020804
MGYG000003702__gradient_L7_bglucan_gapseq	1339	1510	421	R_EX_cpd11416_c0	1.924899	0.015708	0.020855
MGYG000003702__gradient_L8_hmo_gapseq	1339	1510	421	R_EX_cpd11416_c0	2.057499	0.015708	0.021357
MGYG000003702__gradient_L9_mos_gapseq	1339	1510	421	R_EX_cpd11416_c0	2.145899	0.015708	0.021102
MGYG000003703__gradient_L0_base_gapseq	1031	1180	318	R_EX_cpd11416_c0	0.399456	0.012094	0.015988
MGYG000003703__gradient_L1_inulin_gapseq	1031	1180	318	R_EX_cpd11416_c0	0.589678	0.012094	0.016347
MGYG000003703__gradient_L2_fos_gapseq	1031	1180	318	R_EX_cpd11416_c0	0.589678	0.012094	0.016264
MGYG000003703__gradient_L3_gos_gapseq	1031	1180	318	R_EX_cpd11416_c0	0.760877	0.012094	0.016404
MGYG000003703__gradient_L4_xos_gapseq	1031	1180	318	R_EX_cpd11416_c0	0.760877	0.012094	0.016399
MGYG000003703__gradient_L5_pectin_gapseq	1031	1180	318	R_EX_cpd11416_c0	0.760877	0.012094	0.016368
MGYG000003703__gradient_L6_resistant_starch_gapseq	1031	1180	318	R_EX_cpd11416_c0	1.159561	0.012094	0.015547
MGYG000003703__gradient_L7_bglucan_gapseq	1031	1180	318	R_EX_cpd11416_c0	1.159561	0.012094	0.015565
MGYG000003703__gradient_L8_hmo_gapseq	1031	1180	318	R_EX_cpd11416_c0	1.159561	0.012094	0.015583
MGYG000003703__gradient_L9_mos_gapseq	1031	1180	318	R_EX_cpd11416_c0	1.252887	0.012094	0.015734
MGYG000003713__gradient_L0_base_gapseq	1237	1337	324	R_EX_cpd11416_c0	0.365371	0.014188	0.019836
MGYG000003713__gradient_L1_inulin_gapseq	1237	1337	324	R_EX_cpd11416_c0	0.517820	0.014188	0.019459
MGYG000003713__gradient_L2_fos_gapseq	1237	1337	324	R_EX_cpd11416_c0	0.517820	0.014188	0.019532
MGYG000003713__gradient_L3_gos_gapseq	1237	1337	324	R_EX_cpd11416_c0	0.517820	0.014188	0.019435
MGYG000003713__gradient_L4_xos_gapseq	1237	1337	324	R_EX_cpd11416_c0	0.517820	0.014188	0.019443
MGYG000003713__gradient_L5_pectin_gapseq	1237	1337	324	R_EX_cpd11416_c0	0.517820	0.014188	0.019380
MGYG000003713__gradient_L6_resistant_starch_gapseq	1237	1337	324	R_EX_cpd11416_c0	0.517820	0.014188	0.019821
MGYG000003713__gradient_L7_bglucan_gapseq	1237	1337	324	R_EX_cpd11416_c0	0.517820	0.014188	0.019821
MGYG000003713__gradient_L8_hmo_gapseq	1237	1337	324	R_EX_cpd11416_c0	0.517820	0.014188	0.019781
MGYG000003713__gradient_L9_mos_gapseq	1237	1337	324	R_EX_cpd11416_c0	0.517820	0.014188	0.019903
MGYG000003739__gradient_L0_base_gapseq	1457	1748	389	R_EX_cpd11416_c0	0.490134	0.017014	0.025593
MGYG000003739__gradient_L1_inulin_gapseq	1457	1748	389	R_EX_cpd11416_c0	0.646980	0.017014	0.025758
MGYG000003739__gradient_L2_fos_gapseq	1457	1748	389	R_EX_cpd11416_c0	0.646980	0.017014	0.025706
MGYG000003739__gradient_L3_gos_gapseq	1457	1748	389	R_EX_cpd11416_c0	0.794023	0.017014	0.025533
MGYG000003739__gradient_L4_xos_gapseq	1457	1748	389	R_EX_cpd11416_c0	0.794023	0.017014	0.025518
MGYG000003739__gradient_L5_pectin_gapseq	1457	1748	389	R_EX_cpd11416_c0	0.794023	0.017014	0.025512
MGYG000003739__gradient_L6_resistant_starch_gapseq	1457	1748	389	R_EX_cpd11416_c0	1.117541	0.017014	0.026163
MGYG000003739__gradient_L7_bglucan_gapseq	1457	1748	389	R_EX_cpd11416_c0	1.117541	0.017014	0.026261
MGYG000003739__gradient_L8_hmo_gapseq	1457	1748	389	R_EX_cpd11416_c0	1.117541	0.017014	0.026247
MGYG000003739__gradient_L9_mos_gapseq	1457	1748	389	R_EX_cpd11416_c0	1.194447	0.017014	0.027518
MGYG000003742__gradient_L0_base_gapseq	1235	1394	292	R_EX_cpd11416_c0	-0.000000	0.013868	0.008359
MGYG000003742__gradient_L1_inulin_gapseq	1235	1394	292	R_EX_cpd11416_c0	-0.000000	0.013868	0.008211
MGYG000003742__gradient_L2_fos_gapseq	1235	1394	292	R_EX_cpd11416_c0	-0.000000	0.013868	0.008164
MGYG000003742__gradient_L3_gos_gapseq	1235	1394	292	R_EX_cpd11416_c0	-0.000000	0.013868	0.008580
MGYG000003742__gradient_L4_xos_gapseq	1235	1394	292	R_EX_cpd11416_c0	-0.000000	0.013868	0.008569
MGYG000003742__gradient_L5_pectin_gapseq	1235	1394	292	R_EX_cpd11416_c0	-0.000000	0.013868	0.008566
MGYG000003742__gradient_L6_resistant_starch_gapseq	1235	1394	292	R_EX_cpd11416_c0	-0.000000	0.013868	0.008939
MGYG000003742__gradient_L7_bglucan_gapseq	1235	1394	292	R_EX_cpd11416_c0	-0.000000	0.013868	0.008966
MGYG000003742__gradient_L8_hmo_gapseq	1235	1394	292	R_EX_cpd11416_c0	-0.000000	0.013868	0.008949
MGYG000003742__gradient_L9_mos_gapseq	1235	1394	292	R_EX_cpd11416_c0	-0.000000	0.013868	0.008620
MGYG000003773__gradient_L0_base_gapseq	1025	1160	301	R_EX_cpd11416_c0	-0.000000	0.011942	0.005841
MGYG000003773__gradient_L1_inulin_gapseq	1025	1160	301	R_EX_cpd11416_c0	-0.000000	0.011942	0.006140
MGYG000003773__gradient_L2_fos_gapseq	1025	1160	301	R_EX_cpd11416_c0	-0.000000	0.011942	0.006059
MGYG000003773__gradient_L3_gos_gapseq	1025	1160	301	R_EX_cpd11416_c0	1.052089	0.011942	0.015568
MGYG000003773__gradient_L4_xos_gapseq	1025	1160	301	R_EX_cpd11416_c0	1.057839	0.011942	0.015752
MGYG000003773__gradient_L5_pectin_gapseq	1025	1160	301	R_EX_cpd11416_c0	1.057839	0.011942	0.015768
MGYG000003773__gradient_L6_resistant_starch_gapseq	1025	1160	301	R_EX_cpd11416_c0	1.696540	0.011942	0.016322
MGYG000003773__gradient_L7_bglucan_gapseq	1025	1160	301	R_EX_cpd11416_c0	1.916094	0.011942	0.015611
MGYG000003773__gradient_L8_hmo_gapseq	1025	1160	301	R_EX_cpd11416_c0	1.916094	0.011942	0.015679
MGYG000003773__gradient_L9_mos_gapseq	1025	1160	301	R_EX_cpd11416_c0	2.022544	0.011942	0.016144
MGYG000003788__gradient_L0_base_gapseq	1045	1094	276	R_EX_cpd11416_c0	0.415574	0.010966	0.014258
MGYG000003788__gradient_L1_inulin_gapseq	1045	1094	276	R_EX_cpd11416_c0	0.451909	0.010966	0.014037
MGYG000003788__gradient_L2_fos_gapseq	1045	1094	276	R_EX_cpd11416_c0	0.451909	0.010966	0.014088
MGYG000003788__gradient_L3_gos_gapseq	1045	1094	276	R_EX_cpd11416_c0	0.451909	0.010966	0.014045
MGYG000003788__gradient_L4_xos_gapseq	1045	1094	276	R_EX_cpd11416_c0	0.451909	0.010966	0.014094
MGYG000003788__gradient_L5_pectin_gapseq	1045	1094	276	R_EX_cpd11416_c0	0.451909	0.010966	0.014075
MGYG000003788__gradient_L6_resistant_starch_gapseq	1045	1094	276	R_EX_cpd11416_c0	0.488245	0.010966	0.014128
MGYG000003788__gradient_L7_bglucan_gapseq	1045	1094	276	R_EX_cpd11416_c0	0.488245	0.010966	0.014132
MGYG000003788__gradient_L8_hmo_gapseq	1045	1094	276	R_EX_cpd11416_c0	0.488245	0.010966	0.014217
MGYG000003788__gradient_L9_mos_gapseq	1045	1094	276	R_EX_cpd11416_c0	0.488245	0.010966	0.014179
MGYG000003802__gradient_L0_base_gapseq	1098	1106	225	R_EX_cpd11416_c0	-0.000000	0.012042	0.005253
MGYG000003802__gradient_L1_inulin_gapseq	1098	1106	225	R_EX_cpd11416_c0	-0.000000	0.012042	0.005261
MGYG000003802__gradient_L2_fos_gapseq	1098	1106	225	R_EX_cpd11416_c0	-0.000000	0.012042	0.005295
MGYG000003802__gradient_L3_gos_gapseq	1098	1106	225	R_EX_cpd11416_c0	-0.000000	0.012042	0.005229
MGYG000003802__gradient_L4_xos_gapseq	1098	1106	225	R_EX_cpd11416_c0	-0.000000	0.012042	0.005289
MGYG000003802__gradient_L5_pectin_gapseq	1098	1106	225	R_EX_cpd11416_c0	-0.000000	0.012042	0.005211
MGYG000003802__gradient_L6_resistant_starch_gapseq	1098	1106	225	R_EX_cpd11416_c0	-0.000000	0.012042	0.005223
MGYG000003802__gradient_L7_bglucan_gapseq	1098	1106	225	R_EX_cpd11416_c0	-0.000000	0.012042	0.005272
MGYG000003802__gradient_L8_hmo_gapseq	1098	1106	225	R_EX_cpd11416_c0	-0.000000	0.012042	0.005247
MGYG000003802__gradient_L9_mos_gapseq	1098	1106	225	R_EX_cpd11416_c0	-0.000000	0.012042	0.005305
MGYG000003829__gradient_L0_base_gapseq	1201	1279	217	R_EX_cpd11416_c0	-0.000000	0.013157	0.006528
MGYG000003829__gradient_L1_inulin_gapseq	1201	1279	217	R_EX_cpd11416_c0	-0.000000	0.013157	0.006872
MGYG000003829__gradient_L2_fos_gapseq	1201	1279	217	R_EX_cpd11416_c0	-0.000000	0.013157	0.006813
MGYG000003829__gradient_L3_gos_gapseq	1201	1279	217	R_EX_cpd11416_c0	0.785799	0.013157	0.017508
MGYG000003829__gradient_L4_xos_gapseq	1201	1279	217	R_EX_cpd11416_c0	0.785799	0.013157	0.016916
MGYG000003829__gradient_L5_pectin_gapseq	1201	1279	217	R_EX_cpd11416_c0	0.785799	0.013157	0.016876
MGYG000003829__gradient_L6_resistant_starch_gapseq	1201	1279	217	R_EX_cpd11416_c0	1.411364	0.013157	0.017352
MGYG000003829__gradient_L7_bglucan_gapseq	1201	1279	217	R_EX_cpd11416_c0	1.411364	0.013157	0.017532
MGYG000003829__gradient_L8_hmo_gapseq	1201	1279	217	R_EX_cpd11416_c0	1.411364	0.013157	0.017356
MGYG000003829__gradient_L9_mos_gapseq	1201	1279	217	R_EX_cpd11416_c0	1.546955	0.013157	0.018039
MGYG000003836__gradient_L0_base_gapseq	1231	1278	316	R_EX_cpd11416_c0	0.215065	0.013231	0.017183
MGYG000003836__gradient_L1_inulin_gapseq	1231	1278	316	R_EX_cpd11416_c0	0.273722	0.013231	0.017796
MGYG000003836__gradient_L2_fos_gapseq	1231	1278	316	R_EX_cpd11416_c0	0.273722	0.013231	0.017733
MGYG000003836__gradient_L3_gos_gapseq	1231	1278	316	R_EX_cpd11416_c0	0.273722	0.013231	0.017706
MGYG000003836__gradient_L4_xos_gapseq	1231	1278	316	R_EX_cpd11416_c0	0.273722	0.013231	0.017763
MGYG000003836__gradient_L5_pectin_gapseq	1231	1278	316	R_EX_cpd11416_c0	0.273722	0.013231	0.017741
MGYG000003836__gradient_L6_resistant_starch_gapseq	1231	1278	316	R_EX_cpd11416_c0	0.303051	0.013231	0.017199
MGYG000003836__gradient_L7_bglucan_gapseq	1231	1278	316	R_EX_cpd11416_c0	0.303051	0.013231	0.017078
MGYG000003836__gradient_L8_hmo_gapseq	1231	1278	316	R_EX_cpd11416_c0	0.303051	0.013231	0.017105
MGYG000003836__gradient_L9_mos_gapseq	1231	1278	316	R_EX_cpd11416_c0	0.303051	0.013231	0.017090
MGYG000003842__gradient_L0_base_gapseq	1218	1323	274	R_EX_cpd11416_c0	-0.000000	0.013980	0.006943
MGYG000003842__gradient_L1_inulin_gapseq	1218	1323	274	R_EX_cpd11416_c0	-0.000000	0.013980	0.006947
MGYG000003842__gradient_L2_fos_gapseq	1218	1323	274	R_EX_cpd11416_c0	-0.000000	0.013980	0.006918
MGYG000003842__gradient_L3_gos_gapseq	1218	1323	274	R_EX_cpd11416_c0	-0.000000	0.013980	0.006919
MGYG000003842__gradient_L4_xos_gapseq	1218	1323	274	R_EX_cpd11416_c0	-0.000000	0.013980	0.006903
MGYG000003842__gradient_L5_pectin_gapseq	1218	1323	274	R_EX_cpd11416_c0	-0.000000	0.013980	0.006944
MGYG000003842__gradient_L6_resistant_starch_gapseq	1218	1323	274	R_EX_cpd11416_c0	-0.000000	0.013980	0.006964
MGYG000003842__gradient_L7_bglucan_gapseq	1218	1323	274	R_EX_cpd11416_c0	-0.000000	0.013980	0.006946
MGYG000003842__gradient_L8_hmo_gapseq	1218	1323	274	R_EX_cpd11416_c0	-0.000000	0.013980	0.006995
MGYG000003842__gradient_L9_mos_gapseq	1218	1323	274	R_EX_cpd11416_c0	-0.000000	0.013980	0.006980
MGYG000003852__gradient_L0_base_gapseq	1286	1354	305	R_EX_cpd11416_c0	0.193207	0.013453	0.018729
MGYG000003852__gradient_L1_inulin_gapseq	1286	1354	305	R_EX_cpd11416_c0	0.307355	0.013453	0.019129
MGYG000003852__gradient_L2_fos_gapseq	1286	1354	305	R_EX_cpd11416_c0	0.307355	0.013453	0.019171
MGYG000003852__gradient_L3_gos_gapseq	1286	1354	305	R_EX_cpd11416_c0	0.307355	0.013453	0.019063
MGYG000003852__gradient_L4_xos_gapseq	1286	1354	305	R_EX_cpd11416_c0	0.307355	0.013453	0.019105
MGYG000003852__gradient_L5_pectin_gapseq	1286	1354	305	R_EX_cpd11416_c0	0.307355	0.013453	0.019101
MGYG000003852__gradient_L6_resistant_starch_gapseq	1286	1354	305	R_EX_cpd11416_c0	0.390928	0.013453	0.018510
MGYG000003852__gradient_L7_bglucan_gapseq	1286	1354	305	R_EX_cpd11416_c0	0.390928	0.013453	0.018561
MGYG000003852__gradient_L8_hmo_gapseq	1286	1354	305	R_EX_cpd11416_c0	0.390928	0.013453	0.018532
MGYG000003852__gradient_L9_mos_gapseq	1286	1354	305	R_EX_cpd11416_c0	0.390928	0.013453	0.018531
MGYG000003858__gradient_L0_base_gapseq	1251	1411	318	R_EX_cpd11416_c0	-0.000000	0.014021	0.007293
MGYG000003858__gradient_L1_inulin_gapseq	1251	1411	318	R_EX_cpd11416_c0	-0.000000	0.014021	0.007489
MGYG000003858__gradient_L2_fos_gapseq	1251	1411	318	R_EX_cpd11416_c0	-0.000000	0.014021	0.007490
MGYG000003858__gradient_L3_gos_gapseq	1251	1411	318	R_EX_cpd11416_c0	-0.000000	0.014021	0.007280
MGYG000003858__gradient_L4_xos_gapseq	1251	1411	318	R_EX_cpd11416_c0	0.543025	0.014021	0.017281
MGYG000003858__gradient_L5_pectin_gapseq	1251	1411	318	R_EX_cpd11416_c0	0.543025	0.014021	0.017309
MGYG000003858__gradient_L6_resistant_starch_gapseq	1251	1411	318	R_EX_cpd11416_c0	1.026131	0.014021	0.018153
MGYG000003858__gradient_L7_bglucan_gapseq	1251	1411	318	R_EX_cpd11416_c0	1.184528	0.014021	0.018685
MGYG000003858__gradient_L8_hmo_gapseq	1251	1411	318	R_EX_cpd11416_c0	1.184528	0.014021	0.018598
MGYG000003858__gradient_L9_mos_gapseq	1251	1411	318	R_EX_cpd11416_c0	1.257988	0.014021	0.018304
MGYG000003859__gradient_L0_base_gapseq	973	982	145	R_EX_cpd11416_c0	0.098423	0.009898	0.011463
MGYG000003859__gradient_L1_inulin_gapseq	973	982	145	R_EX_cpd11416_c0	0.239462	0.009898	0.011659
MGYG000003859__gradient_L2_fos_gapseq	973	982	145	R_EX_cpd11416_c0	0.239462	0.009898	0.011510
MGYG000003859__gradient_L3_gos_gapseq	973	982	145	R_EX_cpd11416_c0	0.239462	0.009898	0.011511
MGYG000003859__gradient_L4_xos_gapseq	973	982	145	R_EX_cpd11416_c0	0.239462	0.009898	0.011567
MGYG000003859__gradient_L5_pectin_gapseq	973	982	145	R_EX_cpd11416_c0	0.239462	0.009898	0.011630
MGYG000003859__gradient_L6_resistant_starch_gapseq	973	982	145	R_EX_cpd11416_c0	0.572226	0.009898	0.011570
MGYG000003859__gradient_L7_bglucan_gapseq	973	982	145	R_EX_cpd11416_c0	0.572226	0.009898	0.011640
MGYG000003859__gradient_L8_hmo_gapseq	973	982	145	R_EX_cpd11416_c0	0.572226	0.009898	0.011612
MGYG000003859__gradient_L9_mos_gapseq	973	982	145	R_EX_cpd11416_c0	0.572226	0.009898	0.011612
MGYG000003876__gradient_L0_base_gapseq	1441	1576	407	R_EX_cpd11416_c0	1.305326	0.016168	0.023048
MGYG000003876__gradient_L1_inulin_gapseq	1441	1576	407	R_EX_cpd11416_c0	1.470559	0.016168	0.023007
MGYG000003876__gradient_L2_fos_gapseq	1441	1576	407	R_EX_cpd11416_c0	1.470559	0.016168	0.022955
MGYG000003876__gradient_L3_gos_gapseq	1441	1576	407	R_EX_cpd11416_c0	1.569698	0.016168	0.023466
MGYG000003876__gradient_L4_xos_gapseq	1441	1576	407	R_EX_cpd11416_c0	1.569698	0.016168	0.022419
MGYG000003876__gradient_L5_pectin_gapseq	1441	1576	407	R_EX_cpd11416_c0	1.569698	0.016168	0.022345
MGYG000003876__gradient_L6_resistant_starch_gapseq	1441	1576	407	R_EX_cpd11416_c0	2.290524	0.016168	0.022911
MGYG000003876__gradient_L7_bglucan_gapseq	1441	1576	407	R_EX_cpd11416_c0	2.290524	0.016168	0.022710
MGYG000003876__gradient_L8_hmo_gapseq	1441	1576	407	R_EX_cpd11416_c0	2.290524	0.016168	0.022830
MGYG000003876__gradient_L9_mos_gapseq	1441	1576	407	R_EX_cpd11416_c0	2.422710	0.016168	0.022562
MGYG000003878__gradient_L0_base_gapseq	1236	1402	315	R_EX_cpd11416_c0	-0.000000	0.013879	0.007624
MGYG000003878__gradient_L1_inulin_gapseq	1236	1402	315	R_EX_cpd11416_c0	-0.000000	0.013879	0.007736
MGYG000003878__gradient_L2_fos_gapseq	1236	1402	315	R_EX_cpd11416_c0	-0.000000	0.013879	0.007782
MGYG000003878__gradient_L3_gos_gapseq	1236	1402	315	R_EX_cpd11416_c0	-0.000000	0.013879	0.007768
MGYG000003878__gradient_L4_xos_gapseq	1236	1402	315	R_EX_cpd11416_c0	-0.000000	0.013879	0.007796
MGYG000003878__gradient_L5_pectin_gapseq	1236	1402	315	R_EX_cpd11416_c0	-0.000000	0.013879	0.007764
MGYG000003878__gradient_L6_resistant_starch_gapseq	1236	1402	315	R_EX_cpd11416_c0	-0.000000	0.013879	0.008586
MGYG000003878__gradient_L7_bglucan_gapseq	1236	1402	315	R_EX_cpd11416_c0	-0.000000	0.013879	0.007977
MGYG000003878__gradient_L8_hmo_gapseq	1236	1402	315	R_EX_cpd11416_c0	-0.000000	0.013879	0.007969
MGYG000003878__gradient_L9_mos_gapseq	1236	1402	315	R_EX_cpd11416_c0	-0.000000	0.013879	0.008006
MGYG000003883__gradient_L0_base_gapseq	2232	2773	1128	R_EX_cpd11416_c0	-0.000000	0.029000	0.023863
MGYG000003883__gradient_L1_inulin_gapseq	2232	2773	1128	R_EX_cpd11416_c0	-0.000000	0.029000	0.022936
MGYG000003883__gradient_L2_fos_gapseq	2232	2773	1128	R_EX_cpd11416_c0	-0.000000	0.029000	0.022508
MGYG000003883__gradient_L3_gos_gapseq	2232	2773	1128	R_EX_cpd11416_c0	-0.000000	0.029000	0.022873
MGYG000003883__gradient_L4_xos_gapseq	2232	2773	1128	R_EX_cpd11416_c0	-0.000000	0.029000	0.024094
MGYG000003883__gradient_L5_pectin_gapseq	2232	2773	1128	R_EX_cpd11416_c0	-0.000000	0.029000	0.023209
MGYG000003883__gradient_L6_resistant_starch_gapseq	2232	2773	1128	R_EX_cpd11416_c0	3.033649	0.029000	0.057730
MGYG000003883__gradient_L7_bglucan_gapseq	2232	2773	1128	R_EX_cpd11416_c0	3.195793	0.029000	0.058252
MGYG000003883__gradient_L8_hmo_gapseq	2232	2773	1128	R_EX_cpd11416_c0	3.195793	0.029000	0.058266
MGYG000003883__gradient_L9_mos_gapseq	2232	2773	1128	R_EX_cpd11416_c0	3.195793	0.029000	0.058089
MGYG000003899__gradient_L0_base_gapseq	1307	1463	356	R_EX_cpd11416_c0	-0.000000	0.015076	0.008413
MGYG000003899__gradient_L1_inulin_gapseq	1307	1463	356	R_EX_cpd11416_c0	-0.000000	0.015076	0.008030
MGYG000003899__gradient_L2_fos_gapseq	1307	1463	356	R_EX_cpd11416_c0	-0.000000	0.015076	0.008037
MGYG000003899__gradient_L3_gos_gapseq	1307	1463	356	R_EX_cpd11416_c0	-0.000000	0.015076	0.008422
MGYG000003899__gradient_L4_xos_gapseq	1307	1463	356	R_EX_cpd11416_c0	-0.000000	0.015076	0.008397
MGYG000003899__gradient_L5_pectin_gapseq	1307	1463	356	R_EX_cpd11416_c0	-0.000000	0.015076	0.008468
MGYG000003899__gradient_L6_resistant_starch_gapseq	1307	1463	356	R_EX_cpd11416_c0	-0.000000	0.015076	0.008596
MGYG000003899__gradient_L7_bglucan_gapseq	1307	1463	356	R_EX_cpd11416_c0	-0.000000	0.015076	0.008432
MGYG000003899__gradient_L8_hmo_gapseq	1307	1463	356	R_EX_cpd11416_c0	-0.000000	0.015076	0.008601
MGYG000003899__gradient_L9_mos_gapseq	1307	1463	356	R_EX_cpd11416_c0	-0.000000	0.015076	0.008585
MGYG000003906__gradient_L0_base_gapseq	1161	1246	297	R_EX_cpd11416_c0	0.399932	0.013192	0.014705
MGYG000003906__gradient_L1_inulin_gapseq	1161	1246	297	R_EX_cpd11416_c0	0.590381	0.013192	0.014815
MGYG000003906__gradient_L2_fos_gapseq	1161	1246	297	R_EX_cpd11416_c0	0.590381	0.013192	0.014846
MGYG000003906__gradient_L3_gos_gapseq	1161	1246	297	R_EX_cpd11416_c0	0.761785	0.013192	0.015089
MGYG000003906__gradient_L4_xos_gapseq	1161	1246	297	R_EX_cpd11416_c0	0.761785	0.013192	0.015118
MGYG000003906__gradient_L5_pectin_gapseq	1161	1246	297	R_EX_cpd11416_c0	0.761785	0.013192	0.015118
MGYG000003906__gradient_L6_resistant_starch_gapseq	1161	1246	297	R_EX_cpd11416_c0	1.158058	0.013192	0.015576
MGYG000003906__gradient_L7_bglucan_gapseq	1161	1246	297	R_EX_cpd11416_c0	1.158058	0.013192	0.015538
MGYG000003906__gradient_L8_hmo_gapseq	1161	1246	297	R_EX_cpd11416_c0	1.158058	0.013192	0.015562
MGYG000003906__gradient_L9_mos_gapseq	1161	1246	297	R_EX_cpd11416_c0	1.249726	0.013192	0.015554
MGYG000003937__gradient_L0_base_gapseq	1248	1428	377	R_EX_cpd11416_c0	-0.000000	0.014670	0.007421
MGYG000003937__gradient_L1_inulin_gapseq	1248	1428	377	R_EX_cpd11416_c0	-0.000000	0.014670	0.007233
MGYG000003937__gradient_L2_fos_gapseq	1248	1428	377	R_EX_cpd11416_c0	-0.000000	0.014670	0.007242
MGYG000003937__gradient_L3_gos_gapseq	1248	1428	377	R_EX_cpd11416_c0	-0.000000	0.014670	0.008364
MGYG000003937__gradient_L4_xos_gapseq	1248	1428	377	R_EX_cpd11416_c0	-0.000000	0.014670	0.008396
MGYG000003937__gradient_L5_pectin_gapseq	1248	1428	377	R_EX_cpd11416_c0	-0.000000	0.014670	0.008390
MGYG000003937__gradient_L6_resistant_starch_gapseq	1248	1428	377	R_EX_cpd11416_c0	-0.000000	0.014670	0.008400
MGYG000003937__gradient_L7_bglucan_gapseq	1248	1428	377	R_EX_cpd11416_c0	-0.000000	0.014670	0.008349
MGYG000003937__gradient_L8_hmo_gapseq	1248	1428	377	R_EX_cpd11416_c0	-0.000000	0.014670	0.008116
MGYG000003937__gradient_L9_mos_gapseq	1248	1428	377	R_EX_cpd11416_c0	-0.000000	0.014670	0.008065
MGYG000003938__gradient_L0_base_gapseq	1072	1202	307	R_EX_cpd11416_c0	0.225970	0.012200	0.015220
MGYG000003938__gradient_L1_inulin_gapseq	1072	1202	307	R_EX_cpd11416_c0	0.225970	0.012200	0.015807
MGYG000003938__gradient_L2_fos_gapseq	1072	1202	307	R_EX_cpd11416_c0	0.225970	0.012200	0.015731
MGYG000003938__gradient_L3_gos_gapseq	1072	1202	307	R_EX_cpd11416_c0	0.225970	0.012200	0.015645
MGYG000003938__gradient_L4_xos_gapseq	1072	1202	307	R_EX_cpd11416_c0	0.225970	0.012200	0.015626
MGYG000003938__gradient_L5_pectin_gapseq	1072	1202	307	R_EX_cpd11416_c0	0.225970	0.012200	0.015616
MGYG000003938__gradient_L6_resistant_starch_gapseq	1072	1202	307	R_EX_cpd11416_c0	0.225970	0.012200	0.015625
MGYG000003938__gradient_L7_bglucan_gapseq	1072	1202	307	R_EX_cpd11416_c0	0.225970	0.012200	0.015608
MGYG000003938__gradient_L8_hmo_gapseq	1072	1202	307	R_EX_cpd11416_c0	0.225970	0.012200	0.015648
MGYG000003938__gradient_L9_mos_gapseq	1072	1202	307	R_EX_cpd11416_c0	0.225970	0.012200	0.015617
MGYG000003957__gradient_L0_base_gapseq	1586	1866	529	R_EX_cpd11416_c0	-0.000000	0.018263	0.012213
MGYG000003957__gradient_L1_inulin_gapseq	1586	1866	529	R_EX_cpd11416_c0	-0.000000	0.018263	0.011820
MGYG000003957__gradient_L2_fos_gapseq	1586	1866	529	R_EX_cpd11416_c0	-0.000000	0.018263	0.011868
MGYG000003957__gradient_L3_gos_gapseq	1586	1866	529	R_EX_cpd11416_c0	2.205325	0.018263	0.032182
MGYG000003957__gradient_L4_xos_gapseq	1586	1866	529	R_EX_cpd11416_c0	2.397110	0.018263	0.032029
MGYG000003957__gradient_L5_pectin_gapseq	1586	1866	529	R_EX_cpd11416_c0	2.456971	0.018263	0.031633
MGYG000003957__gradient_L6_resistant_starch_gapseq	1586	1866	529	R_EX_cpd11416_c0	3.145378	0.018263	0.031084
MGYG000003957__gradient_L7_bglucan_gapseq	1586	1866	529	R_EX_cpd11416_c0	3.145378	0.018263	0.030938
MGYG000003957__gradient_L8_hmo_gapseq	1586	1866	529	R_EX_cpd11416_c0	3.145378	0.018263	0.031001
MGYG000003957__gradient_L9_mos_gapseq	1586	1866	529	R_EX_cpd11416_c0	3.295288	0.018263	0.031680
MGYG000003961__gradient_L0_base_gapseq	1045	1106	257	R_EX_cpd11416_c0	-0.000000	0.011575	0.004767
MGYG000003961__gradient_L1_inulin_gapseq	1045	1106	257	R_EX_cpd11416_c0	-0.000000	0.011575	0.004960
MGYG000003961__gradient_L2_fos_gapseq	1045	1106	257	R_EX_cpd11416_c0	-0.000000	0.011575	0.004897
MGYG000003961__gradient_L3_gos_gapseq	1045	1106	257	R_EX_cpd11416_c0	-0.000000	0.011575	0.005308
MGYG000003961__gradient_L4_xos_gapseq	1045	1106	257	R_EX_cpd11416_c0	-0.000000	0.011575	0.005265
MGYG000003961__gradient_L5_pectin_gapseq	1045	1106	257	R_EX_cpd11416_c0	-0.000000	0.011575	0.005254
MGYG000003961__gradient_L6_resistant_starch_gapseq	1045	1106	257	R_EX_cpd11416_c0	-0.000000	0.011575	0.005220
MGYG000003961__gradient_L7_bglucan_gapseq	1045	1106	257	R_EX_cpd11416_c0	-0.000000	0.011575	0.005223
MGYG000003961__gradient_L8_hmo_gapseq	1045	1106	257	R_EX_cpd11416_c0	-0.000000	0.011575	0.005208
MGYG000003961__gradient_L9_mos_gapseq	1045	1106	257	R_EX_cpd11416_c0	-0.000000	0.011575	0.005218
MGYG000004022__gradient_L0_base_gapseq	1208	1356	319	R_EX_cpd11416_c0	-0.000000	0.014176	0.007292
MGYG000004022__gradient_L1_inulin_gapseq	1208	1356	319	R_EX_cpd11416_c0	-0.000000	0.014176	0.007227
MGYG000004022__gradient_L2_fos_gapseq	1208	1356	319	R_EX_cpd11416_c0	-0.000000	0.014176	0.007210
MGYG000004022__gradient_L3_gos_gapseq	1208	1356	319	R_EX_cpd11416_c0	-0.000000	0.014176	0.007429
MGYG000004022__gradient_L4_xos_gapseq	1208	1356	319	R_EX_cpd11416_c0	0.965049	0.014176	0.018348
MGYG000004022__gradient_L5_pectin_gapseq	1208	1356	319	R_EX_cpd11416_c0	0.965049	0.014176	0.018248
MGYG000004022__gradient_L6_resistant_starch_gapseq	1208	1356	319	R_EX_cpd11416_c0	1.691289	0.014176	0.018166
MGYG000004022__gradient_L7_bglucan_gapseq	1208	1356	319	R_EX_cpd11416_c0	1.937411	0.014176	0.018511
MGYG000004022__gradient_L8_hmo_gapseq	1208	1356	319	R_EX_cpd11416_c0	1.937411	0.014176	0.018568
MGYG000004022__gradient_L9_mos_gapseq	1208	1356	319	R_EX_cpd11416_c0	2.072042	0.014176	0.018596
MGYG000004029__gradient_L0_base_gapseq	961	997	171	R_EX_cpd11416_c0	-0.000000	0.010603	0.004519
MGYG000004029__gradient_L1_inulin_gapseq	961	997	171	R_EX_cpd11416_c0	0.962188	0.010603	0.011831
MGYG000004029__gradient_L2_fos_gapseq	961	997	171	R_EX_cpd11416_c0	0.962188	0.010603	0.011790
MGYG000004029__gradient_L3_gos_gapseq	961	997	171	R_EX_cpd11416_c0	1.064985	0.010603	0.011751
MGYG000004029__gradient_L4_xos_gapseq	961	997	171	R_EX_cpd11416_c0	1.169860	0.010603	0.011702
MGYG000004029__gradient_L5_pectin_gapseq	961	997	171	R_EX_cpd11416_c0	1.169860	0.010603	0.011727
MGYG000004029__gradient_L6_resistant_starch_gapseq	961	997	171	R_EX_cpd11416_c0	1.888618	0.010603	0.011663
MGYG000004029__gradient_L7_bglucan_gapseq	961	997	171	R_EX_cpd11416_c0	2.141155	0.010603	0.011503
MGYG000004029__gradient_L8_hmo_gapseq	961	997	171	R_EX_cpd11416_c0	2.141155	0.010603	0.011435
MGYG000004029__gradient_L9_mos_gapseq	961	997	171	R_EX_cpd11416_c0	2.279295	0.010603	0.012043
MGYG000004033__gradient_L0_base_gapseq	1104	1164	227	R_EX_cpd11416_c0	-0.000000	0.012042	0.005947
MGYG000004033__gradient_L1_inulin_gapseq	1104	1164	227	R_EX_cpd11416_c0	0.466396	0.012042	0.014557
MGYG000004033__gradient_L2_fos_gapseq	1104	1164	227	R_EX_cpd11416_c0	0.466396	0.012042	0.014418
MGYG000004033__gradient_L3_gos_gapseq	1104	1164	227	R_EX_cpd11416_c0	0.466396	0.012042	0.014723
MGYG000004033__gradient_L4_xos_gapseq	1104	1164	227	R_EX_cpd11416_c0	0.466396	0.012042	0.014628
MGYG000004033__gradient_L5_pectin_gapseq	1104	1164	227	R_EX_cpd11416_c0	0.466396	0.012042	0.014619
MGYG000004033__gradient_L6_resistant_starch_gapseq	1104	1164	227	R_EX_cpd11416_c0	0.607198	0.012042	0.014918
MGYG000004033__gradient_L7_bglucan_gapseq	1104	1164	227	R_EX_cpd11416_c0	0.864601	0.012042	0.014673
MGYG000004033__gradient_L8_hmo_gapseq	1104	1164	227	R_EX_cpd11416_c0	0.864601	0.012042	0.014683
MGYG000004033__gradient_L9_mos_gapseq	1104	1164	227	R_EX_cpd11416_c0	1.004847	0.012042	0.014910
MGYG000004038__gradient_L0_base_gapseq	658	625	84	R_EX_cpd11416_c0	-0.000000	0.007880	0.002273
MGYG000004038__gradient_L1_inulin_gapseq	658	625	84	R_EX_cpd11416_c0	-0.000000	0.007880	0.002504
MGYG000004038__gradient_L2_fos_gapseq	658	625	84	R_EX_cpd11416_c0	-0.000000	0.007880	0.002306
MGYG000004038__gradient_L3_gos_gapseq	658	625	84	R_EX_cpd11416_c0	-0.000000	0.007880	0.002377
MGYG000004038__gradient_L4_xos_gapseq	658	625	84	R_EX_cpd11416_c0	-0.000000	0.007880	0.002308
MGYG000004038__gradient_L5_pectin_gapseq	658	625	84	R_EX_cpd11416_c0	-0.000000	0.007880	0.002272
MGYG000004038__gradient_L6_resistant_starch_gapseq	658	625	84	R_EX_cpd11416_c0	-0.000000	0.007880	0.002253
MGYG000004038__gradient_L7_bglucan_gapseq	658	625	84	R_EX_cpd11416_c0	-0.000000	0.007880	0.002240
MGYG000004038__gradient_L8_hmo_gapseq	658	625	84	R_EX_cpd11416_c0	-0.000000	0.007880	0.002227
MGYG000004038__gradient_L9_mos_gapseq	658	625	84	R_EX_cpd11416_c0	-0.000000	0.007880	0.002252
MGYG000004071__gradient_L0_base_gapseq	1178	1336	298	R_EX_cpd11416_c0	-0.000000	0.012806	0.006955
MGYG000004071__gradient_L1_inulin_gapseq	1178	1336	298	R_EX_cpd11416_c0	-0.000000	0.012806	0.007204
MGYG000004071__gradient_L2_fos_gapseq	1178	1336	298	R_EX_cpd11416_c0	-0.000000	0.012806	0.007183
MGYG000004071__gradient_L3_gos_gapseq	1178	1336	298	R_EX_cpd11416_c0	0.720569	0.012806	0.017999
MGYG000004071__gradient_L4_xos_gapseq	1178	1336	298	R_EX_cpd11416_c0	0.720569	0.012806	0.018055
MGYG000004071__gradient_L5_pectin_gapseq	1178	1336	298	R_EX_cpd11416_c0	0.720569	0.012806	0.017943
MGYG000004071__gradient_L6_resistant_starch_gapseq	1178	1336	298	R_EX_cpd11416_c0	1.326294	0.012806	0.018058
MGYG000004071__gradient_L7_bglucan_gapseq	1178	1336	298	R_EX_cpd11416_c0	1.326294	0.012806	0.018028
MGYG000004071__gradient_L8_hmo_gapseq	1178	1336	298	R_EX_cpd11416_c0	1.326294	0.012806	0.017990
MGYG000004071__gradient_L9_mos_gapseq	1178	1336	298	R_EX_cpd11416_c0	1.326294	0.012806	0.018036
MGYG000004078__gradient_L0_base_gapseq	945	882	120	R_EX_cpd11416_c0	-0.000000	0.009772	0.003439
MGYG000004078__gradient_L1_inulin_gapseq	945	882	120	R_EX_cpd11416_c0	-0.000000	0.009772	0.003607
MGYG000004078__gradient_L2_fos_gapseq	945	882	120	R_EX_cpd11416_c0	-0.000000	0.009772	0.003564
MGYG000004078__gradient_L3_gos_gapseq	945	882	120	R_EX_cpd11416_c0	-0.000000	0.009772	0.003464
MGYG000004078__gradient_L4_xos_gapseq	945	882	120	R_EX_cpd11416_c0	-0.000000	0.009772	0.003560
MGYG000004078__gradient_L5_pectin_gapseq	945	882	120	R_EX_cpd11416_c0	-0.000000	0.009772	0.003469
MGYG000004078__gradient_L6_resistant_starch_gapseq	945	882	120	R_EX_cpd11416_c0	-0.000000	0.009772	0.003499
MGYG000004078__gradient_L7_bglucan_gapseq	945	882	120	R_EX_cpd11416_c0	-0.000000	0.009772	0.003451
MGYG000004078__gradient_L8_hmo_gapseq	945	882	120	R_EX_cpd11416_c0	-0.000000	0.009772	0.003512
MGYG000004078__gradient_L9_mos_gapseq	945	882	120	R_EX_cpd11416_c0	-0.000000	0.009772	0.003392
MGYG000004090__gradient_L0_base_gapseq	1212	1357	316	R_EX_cpd11416_c0	0.293213	0.012961	0.018689
MGYG000004090__gradient_L1_inulin_gapseq	1212	1357	316	R_EX_cpd11416_c0	0.397573	0.012961	0.018265
MGYG000004090__gradient_L2_fos_gapseq	1212	1357	316	R_EX_cpd11416_c0	0.397573	0.012961	0.018280
MGYG000004090__gradient_L3_gos_gapseq	1212	1357	316	R_EX_cpd11416_c0	0.475670	0.012961	0.018616
MGYG000004090__gradient_L4_xos_gapseq	1212	1357	316	R_EX_cpd11416_c0	0.475670	0.012961	0.018736
MGYG000004090__gradient_L5_pectin_gapseq	1212	1357	316	R_EX_cpd11416_c0	0.475670	0.012961	0.018645
MGYG000004090__gradient_L6_resistant_starch_gapseq	1212	1357	316	R_EX_cpd11416_c0	0.579799	0.012961	0.018680
MGYG000004090__gradient_L7_bglucan_gapseq	1212	1357	316	R_EX_cpd11416_c0	0.579799	0.012961	0.018650
MGYG000004090__gradient_L8_hmo_gapseq	1212	1357	316	R_EX_cpd11416_c0	0.579799	0.012961	0.018578
MGYG000004090__gradient_L9_mos_gapseq	1212	1357	316	R_EX_cpd11416_c0	0.683928	0.012961	0.018853
MGYG000004093__gradient_L0_base_gapseq	1327	1411	346	R_EX_cpd11416_c0	-0.000000	0.014373	0.007947
MGYG000004093__gradient_L1_inulin_gapseq	1327	1411	346	R_EX_cpd11416_c0	0.441146	0.014373	0.020715
MGYG000004093__gradient_L2_fos_gapseq	1327	1411	346	R_EX_cpd11416_c0	0.441146	0.014373	0.020371
MGYG000004093__gradient_L3_gos_gapseq	1327	1411	346	R_EX_cpd11416_c0	0.441146	0.014373	0.020275
MGYG000004093__gradient_L4_xos_gapseq	1327	1411	346	R_EX_cpd11416_c0	0.441146	0.014373	0.020150
MGYG000004093__gradient_L5_pectin_gapseq	1327	1411	346	R_EX_cpd11416_c0	0.441146	0.014373	0.020116
MGYG000004093__gradient_L6_resistant_starch_gapseq	1327	1411	346	R_EX_cpd11416_c0	0.441146	0.014373	0.020145
MGYG000004093__gradient_L7_bglucan_gapseq	1327	1411	346	R_EX_cpd11416_c0	0.441146	0.014373	0.020176
MGYG000004093__gradient_L8_hmo_gapseq	1327	1411	346	R_EX_cpd11416_c0	0.441146	0.014373	0.020112
MGYG000004093__gradient_L9_mos_gapseq	1327	1411	346	R_EX_cpd11416_c0	0.441146	0.014373	0.020132
MGYG000004097__gradient_L0_base_gapseq	1211	1352	326	R_EX_cpd11416_c0	0.721839	0.013653	0.016294
MGYG000004097__gradient_L1_inulin_gapseq	1211	1352	326	R_EX_cpd11416_c0	1.012072	0.013653	0.016758
MGYG000004097__gradient_L2_fos_gapseq	1211	1352	326	R_EX_cpd11416_c0	1.012072	0.013653	0.016864
MGYG000004097__gradient_L3_gos_gapseq	1211	1352	326	R_EX_cpd11416_c0	1.247788	0.013653	0.017277
MGYG000004097__gradient_L4_xos_gapseq	1211	1352	326	R_EX_cpd11416_c0	1.259321	0.013653	0.017455
MGYG000004097__gradient_L5_pectin_gapseq	1211	1352	326	R_EX_cpd11416_c0	1.259321	0.013653	0.017280
MGYG000004097__gradient_L6_resistant_starch_gapseq	1211	1352	326	R_EX_cpd11416_c0	1.893566	0.013653	0.018050
MGYG000004097__gradient_L7_bglucan_gapseq	1211	1352	326	R_EX_cpd11416_c0	1.893566	0.013653	0.017990
MGYG000004097__gradient_L8_hmo_gapseq	1211	1352	326	R_EX_cpd11416_c0	1.893566	0.013653	0.017950
MGYG000004097__gradient_L9_mos_gapseq	1211	1352	326	R_EX_cpd11416_c0	2.040106	0.013653	0.018179
MGYG000004103__gradient_L0_base_gapseq	861	813	113	R_EX_cpd11416_c0	-0.000000	0.008764	0.003293
MGYG000004103__gradient_L1_inulin_gapseq	861	813	113	R_EX_cpd11416_c0	-0.000000	0.008764	0.003286
MGYG000004103__gradient_L2_fos_gapseq	861	813	113	R_EX_cpd11416_c0	-0.000000	0.008764	0.003170
MGYG000004103__gradient_L3_gos_gapseq	861	813	113	R_EX_cpd11416_c0	-0.000000	0.008764	0.003216
MGYG000004103__gradient_L4_xos_gapseq	861	813	113	R_EX_cpd11416_c0	-0.000000	0.008764	0.003117
MGYG000004103__gradient_L5_pectin_gapseq	861	813	113	R_EX_cpd11416_c0	-0.000000	0.008764	0.003068
MGYG000004103__gradient_L6_resistant_starch_gapseq	861	813	113	R_EX_cpd11416_c0	-0.000000	0.008764	0.003198
MGYG000004103__gradient_L7_bglucan_gapseq	861	813	113	R_EX_cpd11416_c0	-0.000000	0.008764	0.003094
MGYG000004103__gradient_L8_hmo_gapseq	861	813	113	R_EX_cpd11416_c0	-0.000000	0.008764	0.003055
MGYG000004103__gradient_L9_mos_gapseq	861	813	113	R_EX_cpd11416_c0	-0.000000	0.008764	0.003152
MGYG000004115__gradient_L0_base_gapseq	1180	1216	314	R_EX_cpd11416_c0	-0.000000	0.012451	0.006590
MGYG000004115__gradient_L1_inulin_gapseq	1180	1216	314	R_EX_cpd11416_c0	0.416515	0.012451	0.016545
MGYG000004115__gradient_L2_fos_gapseq	1180	1216	314	R_EX_cpd11416_c0	0.416515	0.012451	0.016596
MGYG000004115__gradient_L3_gos_gapseq	1180	1216	314	R_EX_cpd11416_c0	0.416515	0.012451	0.016557
MGYG000004115__gradient_L4_xos_gapseq	1180	1216	314	R_EX_cpd11416_c0	0.416515	0.012451	0.016560
MGYG000004115__gradient_L5_pectin_gapseq	1180	1216	314	R_EX_cpd11416_c0	0.416515	0.012451	0.016597
MGYG000004115__gradient_L6_resistant_starch_gapseq	1180	1216	314	R_EX_cpd11416_c0	0.416515	0.012451	0.016518
MGYG000004115__gradient_L7_bglucan_gapseq	1180	1216	314	R_EX_cpd11416_c0	0.416515	0.012451	0.016651
MGYG000004115__gradient_L8_hmo_gapseq	1180	1216	314	R_EX_cpd11416_c0	0.416515	0.012451	0.016613
MGYG000004115__gradient_L9_mos_gapseq	1180	1216	314	R_EX_cpd11416_c0	0.416515	0.012451	0.016527
MGYG000004133__gradient_L0_base_gapseq	1272	1373	301	R_EX_cpd11416_c0	-0.000000	0.013580	0.007160
MGYG000004133__gradient_L1_inulin_gapseq	1272	1373	301	R_EX_cpd11416_c0	-0.000000	0.013580	0.007092
MGYG000004133__gradient_L2_fos_gapseq	1272	1373	301	R_EX_cpd11416_c0	-0.000000	0.013580	0.007105
MGYG000004133__gradient_L3_gos_gapseq	1272	1373	301	R_EX_cpd11416_c0	-0.000000	0.013580	0.007240
MGYG000004133__gradient_L4_xos_gapseq	1272	1373	301	R_EX_cpd11416_c0	0.673104	0.013580	0.018024
MGYG000004133__gradient_L5_pectin_gapseq	1272	1373	301	R_EX_cpd11416_c0	0.673104	0.013580	0.017971
MGYG000004133__gradient_L6_resistant_starch_gapseq	1272	1373	301	R_EX_cpd11416_c0	1.250247	0.013580	0.018492
MGYG000004133__gradient_L7_bglucan_gapseq	1272	1373	301	R_EX_cpd11416_c0	1.453879	0.013580	0.017980
MGYG000004133__gradient_L8_hmo_gapseq	1272	1373	301	R_EX_cpd11416_c0	1.453879	0.013580	0.017920
MGYG000004133__gradient_L9_mos_gapseq	1272	1373	301	R_EX_cpd11416_c0	1.558980	0.013580	0.017656
MGYG000004134__gradient_L0_base_gapseq	1169	1245	307	R_EX_cpd11416_c0	-0.000000	0.013063	0.006841
MGYG000004134__gradient_L1_inulin_gapseq	1169	1245	307	R_EX_cpd11416_c0	0.233463	0.013063	0.017226
MGYG000004134__gradient_L2_fos_gapseq	1169	1245	307	R_EX_cpd11416_c0	0.233463	0.013063	0.017205
MGYG000004134__gradient_L3_gos_gapseq	1169	1245	307	R_EX_cpd11416_c0	0.233463	0.013063	0.017199
MGYG000004134__gradient_L4_xos_gapseq	1169	1245	307	R_EX_cpd11416_c0	0.244497	0.013063	0.017208
MGYG000004134__gradient_L5_pectin_gapseq	1169	1245	307	R_EX_cpd11416_c0	0.244497	0.013063	0.017255
MGYG000004134__gradient_L6_resistant_starch_gapseq	1169	1245	307	R_EX_cpd11416_c0	0.249541	0.013063	0.017979
MGYG000004134__gradient_L7_bglucan_gapseq	1169	1245	307	R_EX_cpd11416_c0	0.249541	0.013063	0.018068
MGYG000004134__gradient_L8_hmo_gapseq	1169	1245	307	R_EX_cpd11416_c0	0.249541	0.013063	0.017994
MGYG000004134__gradient_L9_mos_gapseq	1169	1245	307	R_EX_cpd11416_c0	0.249541	0.013063	0.018022
MGYG000004137__gradient_L0_base_gapseq	1165	1244	286	R_EX_cpd11416_c0	-0.000000	0.012696	0.006335
MGYG000004137__gradient_L1_inulin_gapseq	1165	1244	286	R_EX_cpd11416_c0	0.370528	0.012696	0.014835
MGYG000004137__gradient_L2_fos_gapseq	1165	1244	286	R_EX_cpd11416_c0	0.370528	0.012696	0.014881
MGYG000004137__gradient_L3_gos_gapseq	1165	1244	286	R_EX_cpd11416_c0	0.407582	0.012696	0.015107
MGYG000004137__gradient_L4_xos_gapseq	1165	1244	286	R_EX_cpd11416_c0	0.427438	0.012696	0.015600
MGYG000004137__gradient_L5_pectin_gapseq	1165	1244	286	R_EX_cpd11416_c0	0.427438	0.012696	0.015615
MGYG000004137__gradient_L6_resistant_starch_gapseq	1165	1244	286	R_EX_cpd11416_c0	0.716522	0.012696	0.015489
MGYG000004137__gradient_L7_bglucan_gapseq	1165	1244	286	R_EX_cpd11416_c0	0.827708	0.012696	0.016179
MGYG000004137__gradient_L8_hmo_gapseq	1165	1244	286	R_EX_cpd11416_c0	0.827708	0.012696	0.016160
MGYG000004137__gradient_L9_mos_gapseq	1165	1244	286	R_EX_cpd11416_c0	0.827708	0.012696	0.016226
MGYG000004138__gradient_L0_base_gapseq	1153	1163	281	R_EX_cpd11416_c0	-0.000000	0.011884	0.005874
MGYG000004138__gradient_L1_inulin_gapseq	1153	1163	281	R_EX_cpd11416_c0	-0.000000	0.011884	0.005795
MGYG000004138__gradient_L2_fos_gapseq	1153	1163	281	R_EX_cpd11416_c0	-0.000000	0.011884	0.005848
MGYG000004138__gradient_L3_gos_gapseq	1153	1163	281	R_EX_cpd11416_c0	-0.000000	0.011884	0.005826
MGYG000004138__gradient_L4_xos_gapseq	1153	1163	281	R_EX_cpd11416_c0	-0.000000	0.011884	0.005853
MGYG000004138__gradient_L5_pectin_gapseq	1153	1163	281	R_EX_cpd11416_c0	-0.000000	0.011884	0.005869
MGYG000004138__gradient_L6_resistant_starch_gapseq	1153	1163	281	R_EX_cpd11416_c0	-0.000000	0.011884	0.005862
MGYG000004138__gradient_L7_bglucan_gapseq	1153	1163	281	R_EX_cpd11416_c0	-0.000000	0.011884	0.005812
MGYG000004138__gradient_L8_hmo_gapseq	1153	1163	281	R_EX_cpd11416_c0	-0.000000	0.011884	0.005825
MGYG000004138__gradient_L9_mos_gapseq	1153	1163	281	R_EX_cpd11416_c0	-0.000000	0.011884	0.005885
MGYG000004142__gradient_L0_base_gapseq	1288	1387	353	R_EX_cpd11416_c0	0.381971	0.014404	0.019336
MGYG000004142__gradient_L1_inulin_gapseq	1288	1387	353	R_EX_cpd11416_c0	0.381971	0.014404	0.019020
MGYG000004142__gradient_L2_fos_gapseq	1288	1387	353	R_EX_cpd11416_c0	0.381971	0.014404	0.019036
MGYG000004142__gradient_L3_gos_gapseq	1288	1387	353	R_EX_cpd11416_c0	0.477466	0.014404	0.018925
MGYG000004142__gradient_L4_xos_gapseq	1288	1387	353	R_EX_cpd11416_c0	0.568334	0.014404	0.019049
MGYG000004142__gradient_L5_pectin_gapseq	1288	1387	353	R_EX_cpd11416_c0	0.568334	0.014404	0.019114
MGYG000004142__gradient_L6_resistant_starch_gapseq	1288	1387	353	R_EX_cpd11416_c0	0.674898	0.014404	0.021187
MGYG000004142__gradient_L7_bglucan_gapseq	1288	1387	353	R_EX_cpd11416_c0	0.674898	0.014404	0.021232
MGYG000004142__gradient_L8_hmo_gapseq	1288	1387	353	R_EX_cpd11416_c0	0.674898	0.014404	0.021195
MGYG000004142__gradient_L9_mos_gapseq	1288	1387	353	R_EX_cpd11416_c0	0.674898	0.014404	0.021323
MGYG000004153__gradient_L0_base_gapseq	1258	1378	351	R_EX_cpd11416_c0	-0.000000	0.014181	0.006869
MGYG000004153__gradient_L1_inulin_gapseq	1258	1378	351	R_EX_cpd11416_c0	-0.000000	0.014181	0.006806
MGYG000004153__gradient_L2_fos_gapseq	1258	1378	351	R_EX_cpd11416_c0	-0.000000	0.014181	0.006827
MGYG000004153__gradient_L3_gos_gapseq	1258	1378	351	R_EX_cpd11416_c0	0.736509	0.014181	0.018606
MGYG000004153__gradient_L4_xos_gapseq	1258	1378	351	R_EX_cpd11416_c0	0.833638	0.014181	0.017702
MGYG000004153__gradient_L5_pectin_gapseq	1258	1378	351	R_EX_cpd11416_c0	0.897930	0.014181	0.017607
MGYG000004153__gradient_L6_resistant_starch_gapseq	1258	1378	351	R_EX_cpd11416_c0	1.020846	0.014181	0.017833
MGYG000004153__gradient_L7_bglucan_gapseq	1258	1378	351	R_EX_cpd11416_c0	1.020846	0.014181	0.017450
MGYG000004153__gradient_L8_hmo_gapseq	1258	1378	351	R_EX_cpd11416_c0	1.020846	0.014181	0.017510
MGYG000004153__gradient_L9_mos_gapseq	1258	1378	351	R_EX_cpd11416_c0	1.020846	0.014181	0.018474
MGYG000004165__gradient_L0_base_gapseq	1090	1201	277	R_EX_cpd11416_c0	-0.000000	0.012721	0.005588
MGYG000004165__gradient_L1_inulin_gapseq	1090	1201	277	R_EX_cpd11416_c0	-0.000000	0.012721	0.006632
MGYG000004165__gradient_L2_fos_gapseq	1090	1201	277	R_EX_cpd11416_c0	-0.000000	0.012721	0.006577
MGYG000004165__gradient_L3_gos_gapseq	1090	1201	277	R_EX_cpd11416_c0	-0.000000	0.012721	0.006629
MGYG000004165__gradient_L4_xos_gapseq	1090	1201	277	R_EX_cpd11416_c0	0.303375	0.012721	0.014754
MGYG000004165__gradient_L5_pectin_gapseq	1090	1201	277	R_EX_cpd11416_c0	0.303375	0.012721	0.014681
MGYG000004165__gradient_L6_resistant_starch_gapseq	1090	1201	277	R_EX_cpd11416_c0	0.303375	0.012721	0.014966
MGYG000004165__gradient_L7_bglucan_gapseq	1090	1201	277	R_EX_cpd11416_c0	0.303375	0.012721	0.014631
MGYG000004165__gradient_L8_hmo_gapseq	1090	1201	277	R_EX_cpd11416_c0	0.303375	0.012721	0.014697
MGYG000004165__gradient_L9_mos_gapseq	1090	1201	277	R_EX_cpd11416_c0	0.303375	0.012721	0.014696
MGYG000004175__gradient_L0_base_gapseq	710	669	94	R_EX_cpd11416_c0	-0.000000	0.006770	0.002604
MGYG000004175__gradient_L1_inulin_gapseq	710	669	94	R_EX_cpd11416_c0	-0.000000	0.006770	0.002840
MGYG000004175__gradient_L2_fos_gapseq	710	669	94	R_EX_cpd11416_c0	-0.000000	0.006770	0.002716
MGYG000004175__gradient_L3_gos_gapseq	710	669	94	R_EX_cpd11416_c0	-0.000000	0.006770	0.002715
MGYG000004175__gradient_L4_xos_gapseq	710	669	94	R_EX_cpd11416_c0	-0.000000	0.006770	0.002617
MGYG000004175__gradient_L5_pectin_gapseq	710	669	94	R_EX_cpd11416_c0	-0.000000	0.006770	0.002571
MGYG000004175__gradient_L6_resistant_starch_gapseq	710	669	94	R_EX_cpd11416_c0	-0.000000	0.006770	0.002639
MGYG000004175__gradient_L7_bglucan_gapseq	710	669	94	R_EX_cpd11416_c0	-0.000000	0.006770	0.002567
MGYG000004175__gradient_L8_hmo_gapseq	710	669	94	R_EX_cpd11416_c0	-0.000000	0.006770	0.002557
MGYG000004175__gradient_L9_mos_gapseq	710	669	94	R_EX_cpd11416_c0	-0.000000	0.006770	0.002635
MGYG000004192__gradient_L0_base_gapseq	800	760	89	R_EX_cpd11416_c0	-0.000000	0.007583	0.002737
MGYG000004192__gradient_L1_inulin_gapseq	800	760	89	R_EX_cpd11416_c0	-0.000000	0.007583	0.002845
MGYG000004192__gradient_L2_fos_gapseq	800	760	89	R_EX_cpd11416_c0	-0.000000	0.007583	0.002826
MGYG000004192__gradient_L3_gos_gapseq	800	760	89	R_EX_cpd11416_c0	-0.000000	0.007583	0.002724
MGYG000004192__gradient_L4_xos_gapseq	800	760	89	R_EX_cpd11416_c0	-0.000000	0.007583	0.002677
MGYG000004192__gradient_L5_pectin_gapseq	800	760	89	R_EX_cpd11416_c0	-0.000000	0.007583	0.002671
MGYG000004192__gradient_L6_resistant_starch_gapseq	800	760	89	R_EX_cpd11416_c0	-0.000000	0.007583	0.002667
MGYG000004192__gradient_L7_bglucan_gapseq	800	760	89	R_EX_cpd11416_c0	-0.000000	0.007583	0.002778
MGYG000004192__gradient_L8_hmo_gapseq	800	760	89	R_EX_cpd11416_c0	-0.000000	0.007583	0.002704
MGYG000004192__gradient_L9_mos_gapseq	800	760	89	R_EX_cpd11416_c0	-0.000000	0.007583	0.002646
MGYG000004208__gradient_L0_base_gapseq	1209	1384	305	R_EX_cpd11416_c0	-0.000000	0.013200	0.007424
MGYG000004208__gradient_L1_inulin_gapseq	1209	1384	305	R_EX_cpd11416_c0	-0.000000	0.013200	0.007460
MGYG000004208__gradient_L2_fos_gapseq	1209	1384	305	R_EX_cpd11416_c0	-0.000000	0.013200	0.007433
MGYG000004208__gradient_L3_gos_gapseq	1209	1384	305	R_EX_cpd11416_c0	-0.000000	0.013200	0.007433
MGYG000004208__gradient_L4_xos_gapseq	1209	1384	305	R_EX_cpd11416_c0	0.275486	0.013200	0.017100
MGYG000004208__gradient_L5_pectin_gapseq	1209	1384	305	R_EX_cpd11416_c0	0.275486	0.013200	0.017176
MGYG000004208__gradient_L6_resistant_starch_gapseq	1209	1384	305	R_EX_cpd11416_c0	0.341804	0.013200	0.017129
MGYG000004208__gradient_L7_bglucan_gapseq	1209	1384	305	R_EX_cpd11416_c0	0.447223	0.013200	0.017200
MGYG000004208__gradient_L8_hmo_gapseq	1209	1384	305	R_EX_cpd11416_c0	0.447223	0.013200	0.017165
MGYG000004208__gradient_L9_mos_gapseq	1209	1384	305	R_EX_cpd11416_c0	0.511114	0.013200	0.017319
MGYG000004216__gradient_L0_base_gapseq	693	665	95	R_EX_cpd11416_c0	-0.000000	0.006889	0.002381
MGYG000004216__gradient_L1_inulin_gapseq	693	665	95	R_EX_cpd11416_c0	0.083432	0.006889	0.006491
MGYG000004216__gradient_L2_fos_gapseq	693	665	95	R_EX_cpd11416_c0	0.083432	0.006889	0.006499
MGYG000004216__gradient_L3_gos_gapseq	693	665	95	R_EX_cpd11416_c0	0.083432	0.006889	0.006482
MGYG000004216__gradient_L4_xos_gapseq	693	665	95	R_EX_cpd11416_c0	0.083432	0.006889	0.006476
MGYG000004216__gradient_L5_pectin_gapseq	693	665	95	R_EX_cpd11416_c0	0.083432	0.006889	0.006458
MGYG000004216__gradient_L6_resistant_starch_gapseq	693	665	95	R_EX_cpd11416_c0	0.083432	0.006889	0.006459
MGYG000004216__gradient_L7_bglucan_gapseq	693	665	95	R_EX_cpd11416_c0	0.083432	0.006889	0.006437
MGYG000004216__gradient_L8_hmo_gapseq	693	665	95	R_EX_cpd11416_c0	0.083432	0.006889	0.006452
MGYG000004216__gradient_L9_mos_gapseq	693	665	95	R_EX_cpd11416_c0	0.083432	0.006889	0.006465
MGYG000004219__gradient_L0_base_gapseq	1238	1379	304	R_EX_cpd11416_c0	-0.000000	0.013911	0.007619
MGYG000004219__gradient_L1_inulin_gapseq	1238	1379	304	R_EX_cpd11416_c0	-0.000000	0.013911	0.007713
MGYG000004219__gradient_L2_fos_gapseq	1238	1379	304	R_EX_cpd11416_c0	-0.000000	0.013911	0.007597
MGYG000004219__gradient_L3_gos_gapseq	1238	1379	304	R_EX_cpd11416_c0	-0.000000	0.013911	0.007658
MGYG000004219__gradient_L4_xos_gapseq	1238	1379	304	R_EX_cpd11416_c0	-0.000000	0.013911	0.007703
MGYG000004219__gradient_L5_pectin_gapseq	1238	1379	304	R_EX_cpd11416_c0	-0.000000	0.013911	0.007690
MGYG000004219__gradient_L6_resistant_starch_gapseq	1238	1379	304	R_EX_cpd11416_c0	-0.000000	0.013911	0.007456
MGYG000004219__gradient_L7_bglucan_gapseq	1238	1379	304	R_EX_cpd11416_c0	-0.000000	0.013911	0.007411
MGYG000004219__gradient_L8_hmo_gapseq	1238	1379	304	R_EX_cpd11416_c0	-0.000000	0.013911	0.007426
MGYG000004219__gradient_L9_mos_gapseq	1238	1379	304	R_EX_cpd11416_c0	-0.000000	0.013911	0.007632
MGYG000004221__gradient_L0_base_gapseq	869	969	203	R_EX_cpd11416_c0	0.262231	0.009911	0.012509
MGYG000004221__gradient_L1_inulin_gapseq	869	969	203	R_EX_cpd11416_c0	0.439383	0.009911	0.012797
MGYG000004221__gradient_L2_fos_gapseq	869	969	203	R_EX_cpd11416_c0	0.439383	0.009911	0.012615
MGYG000004221__gradient_L3_gos_gapseq	869	969	203	R_EX_cpd11416_c0	0.439383	0.009911	0.012751
MGYG000004221__gradient_L4_xos_gapseq	869	969	203	R_EX_cpd11416_c0	0.530369	0.009911	0.012500
MGYG000004221__gradient_L5_pectin_gapseq	869	969	203	R_EX_cpd11416_c0	0.530369	0.009911	0.012429
MGYG000004221__gradient_L6_resistant_starch_gapseq	869	969	203	R_EX_cpd11416_c0	1.020846	0.009911	0.012816
MGYG000004221__gradient_L7_bglucan_gapseq	869	969	203	R_EX_cpd11416_c0	1.020846	0.009911	0.012569
MGYG000004221__gradient_L8_hmo_gapseq	869	969	203	R_EX_cpd11416_c0	1.020846	0.009911	0.012513
MGYG000004221__gradient_L9_mos_gapseq	869	969	203	R_EX_cpd11416_c0	1.020846	0.009911	0.012566
MGYG000004222__gradient_L0_base_gapseq	905	850	139	R_EX_cpd11416_c0	-0.000000	0.008967	0.003584
MGYG000004222__gradient_L1_inulin_gapseq	905	850	139	R_EX_cpd11416_c0	-0.000000	0.008967	0.003558
MGYG000004222__gradient_L2_fos_gapseq	905	850	139	R_EX_cpd11416_c0	-0.000000	0.008967	0.003460
MGYG000004222__gradient_L3_gos_gapseq	905	850	139	R_EX_cpd11416_c0	-0.000000	0.008967	0.003486
MGYG000004222__gradient_L4_xos_gapseq	905	850	139	R_EX_cpd11416_c0	-0.000000	0.008967	0.003387
MGYG000004222__gradient_L5_pectin_gapseq	905	850	139	R_EX_cpd11416_c0	-0.000000	0.008967	0.003484
MGYG000004222__gradient_L6_resistant_starch_gapseq	905	850	139	R_EX_cpd11416_c0	-0.000000	0.008967	0.003393
MGYG000004222__gradient_L7_bglucan_gapseq	905	850	139	R_EX_cpd11416_c0	-0.000000	0.008967	0.003437
MGYG000004222__gradient_L8_hmo_gapseq	905	850	139	R_EX_cpd11416_c0	-0.000000	0.008967	0.003384
MGYG000004222__gradient_L9_mos_gapseq	905	850	139	R_EX_cpd11416_c0	-0.000000	0.008967	0.003449
MGYG000004223__gradient_L0_base_gapseq	1185	1277	304	R_EX_cpd11416_c0	-0.000000	0.012398	0.006844
MGYG000004223__gradient_L1_inulin_gapseq	1185	1277	304	R_EX_cpd11416_c0	-0.000000	0.012398	0.006407
MGYG000004223__gradient_L2_fos_gapseq	1185	1277	304	R_EX_cpd11416_c0	-0.000000	0.012398	0.006335
MGYG000004223__gradient_L3_gos_gapseq	1185	1277	304	R_EX_cpd11416_c0	0.940680	0.012398	0.016408
MGYG000004223__gradient_L4_xos_gapseq	1185	1277	304	R_EX_cpd11416_c0	0.940680	0.012398	0.016327
MGYG000004223__gradient_L5_pectin_gapseq	1185	1277	304	R_EX_cpd11416_c0	0.940680	0.012398	0.016314
MGYG000004223__gradient_L6_resistant_starch_gapseq	1185	1277	304	R_EX_cpd11416_c0	1.669962	0.012398	0.016583
MGYG000004223__gradient_L7_bglucan_gapseq	1185	1277	304	R_EX_cpd11416_c0	1.669962	0.012398	0.016723
MGYG000004223__gradient_L8_hmo_gapseq	1185	1277	304	R_EX_cpd11416_c0	1.669962	0.012398	0.016609
MGYG000004223__gradient_L9_mos_gapseq	1185	1277	304	R_EX_cpd11416_c0	1.805080	0.012398	0.016590
MGYG000004232__gradient_L0_base_gapseq	1257	1431	420	R_EX_cpd11416_c0	1.333947	0.014646	0.021341
MGYG000004232__gradient_L1_inulin_gapseq	1257	1431	420	R_EX_cpd11416_c0	1.688814	0.014646	0.021536
MGYG000004232__gradient_L2_fos_gapseq	1257	1431	420	R_EX_cpd11416_c0	1.688814	0.014646	0.021575
MGYG000004232__gradient_L3_gos_gapseq	1257	1431	420	R_EX_cpd11416_c0	2.060782	0.014646	0.021402
MGYG000004232__gradient_L4_xos_gapseq	1257	1431	420	R_EX_cpd11416_c0	2.060782	0.014646	0.021127
MGYG000004232__gradient_L5_pectin_gapseq	1257	1431	420	R_EX_cpd11416_c0	2.060782	0.014646	0.021252
MGYG000004232__gradient_L6_resistant_starch_gapseq	1257	1431	420	R_EX_cpd11416_c0	2.231802	0.014646	0.021544
MGYG000004232__gradient_L7_bglucan_gapseq	1257	1431	420	R_EX_cpd11416_c0	2.481919	0.014646	0.021636
MGYG000004232__gradient_L8_hmo_gapseq	1257	1431	420	R_EX_cpd11416_c0	2.481919	0.014646	0.021632
MGYG000004232__gradient_L9_mos_gapseq	1257	1431	420	R_EX_cpd11416_c0	2.652939	0.014646	0.021995
MGYG000004253__gradient_L0_base_gapseq	1260	1375	388	R_EX_cpd11416_c0	0.558902	0.014784	0.021314
MGYG000004253__gradient_L1_inulin_gapseq	1260	1375	388	R_EX_cpd11416_c0	0.744297	0.014784	0.021597
MGYG000004253__gradient_L2_fos_gapseq	1260	1375	388	R_EX_cpd11416_c0	0.744297	0.014784	0.021746
MGYG000004253__gradient_L3_gos_gapseq	1260	1375	388	R_EX_cpd11416_c0	0.744297	0.014784	0.021454
MGYG000004253__gradient_L4_xos_gapseq	1260	1375	388	R_EX_cpd11416_c0	0.744297	0.014784	0.021421
MGYG000004253__gradient_L5_pectin_gapseq	1260	1375	388	R_EX_cpd11416_c0	0.744297	0.014784	0.021438
MGYG000004253__gradient_L6_resistant_starch_gapseq	1260	1375	388	R_EX_cpd11416_c0	0.744297	0.014784	0.021511
MGYG000004253__gradient_L7_bglucan_gapseq	1260	1375	388	R_EX_cpd11416_c0	0.744297	0.014784	0.021433
MGYG000004253__gradient_L8_hmo_gapseq	1260	1375	388	R_EX_cpd11416_c0	0.744297	0.014784	0.021464
MGYG000004253__gradient_L9_mos_gapseq	1260	1375	388	R_EX_cpd11416_c0	0.905240	0.014784	0.020867
MGYG000004255__gradient_L0_base_gapseq	1102	1210	250	R_EX_cpd11416_c0	0.314252	0.012357	0.015882
MGYG000004255__gradient_L1_inulin_gapseq	1102	1210	250	R_EX_cpd11416_c0	0.452236	0.012357	0.016200
MGYG000004255__gradient_L2_fos_gapseq	1102	1210	250	R_EX_cpd11416_c0	0.452236	0.012357	0.017371
MGYG000004255__gradient_L3_gos_gapseq	1102	1210	250	R_EX_cpd11416_c0	0.452236	0.012357	0.022335
MGYG000004255__gradient_L4_xos_gapseq	1102	1210	250	R_EX_cpd11416_c0	0.452236	0.012357	0.018027
MGYG000004255__gradient_L5_pectin_gapseq	1102	1210	250	R_EX_cpd11416_c0	0.452236	0.012357	0.016915
MGYG000004255__gradient_L6_resistant_starch_gapseq	1102	1210	250	R_EX_cpd11416_c0	0.758958	0.012357	0.016178
MGYG000004255__gradient_L7_bglucan_gapseq	1102	1210	250	R_EX_cpd11416_c0	0.758958	0.012357	0.016046
MGYG000004255__gradient_L8_hmo_gapseq	1102	1210	250	R_EX_cpd11416_c0	0.758958	0.012357	0.015977
MGYG000004255__gradient_L9_mos_gapseq	1102	1210	250	R_EX_cpd11416_c0	0.878960	0.012357	0.015870
MGYG000004258__gradient_L0_base_gapseq	1134	1251	311	R_EX_cpd11416_c0	0.403790	0.012698	0.015797
MGYG000004258__gradient_L1_inulin_gapseq	1134	1251	311	R_EX_cpd11416_c0	0.619218	0.012698	0.015907
MGYG000004258__gradient_L2_fos_gapseq	1134	1251	311	R_EX_cpd11416_c0	0.619218	0.012698	0.015856
MGYG000004258__gradient_L3_gos_gapseq	1134	1251	311	R_EX_cpd11416_c0	0.797975	0.012698	0.016298
MGYG000004258__gradient_L4_xos_gapseq	1134	1251	311	R_EX_cpd11416_c0	0.797975	0.012698	0.016303
MGYG000004258__gradient_L5_pectin_gapseq	1134	1251	311	R_EX_cpd11416_c0	0.797975	0.012698	0.016290
MGYG000004258__gradient_L6_resistant_starch_gapseq	1134	1251	311	R_EX_cpd11416_c0	1.200199	0.012698	0.016465
MGYG000004258__gradient_L7_bglucan_gapseq	1134	1251	311	R_EX_cpd11416_c0	1.200199	0.012698	0.016420
MGYG000004258__gradient_L8_hmo_gapseq	1134	1251	311	R_EX_cpd11416_c0	1.200199	0.012698	0.016503
MGYG000004258__gradient_L9_mos_gapseq	1134	1251	311	R_EX_cpd11416_c0	1.294518	0.012698	0.016604
MGYG000004271__gradient_L0_base_gapseq	1550	1794	454	R_EX_cpd11416_c0	-0.000000	0.017515	0.012893
MGYG000004271__gradient_L1_inulin_gapseq	1550	1794	454	R_EX_cpd11416_c0	-0.000000	0.017515	0.016276
MGYG000004271__gradient_L2_fos_gapseq	1550	1794	454	R_EX_cpd11416_c0	-0.000000	0.017515	0.014889
MGYG000004271__gradient_L3_gos_gapseq	1550	1794	454	R_EX_cpd11416_c0	1.168359	0.017515	0.035754
MGYG000004271__gradient_L4_xos_gapseq	1550	1794	454	R_EX_cpd11416_c0	1.214220	0.017515	0.029003
MGYG000004271__gradient_L5_pectin_gapseq	1550	1794	454	R_EX_cpd11416_c0	1.249162	0.017515	0.030845
MGYG000004271__gradient_L6_resistant_starch_gapseq	1550	1794	454	R_EX_cpd11416_c0	1.801680	0.017515	0.029336
MGYG000004271__gradient_L7_bglucan_gapseq	1550	1794	454	R_EX_cpd11416_c0	1.978573	0.017515	0.029556
MGYG000004271__gradient_L8_hmo_gapseq	1550	1794	454	R_EX_cpd11416_c0	2.109605	0.017515	0.028752
MGYG000004271__gradient_L9_mos_gapseq	1550	1794	454	R_EX_cpd11416_c0	2.196960	0.017515	0.029528
MGYG000004274__gradient_L0_base_gapseq	1157	1300	301	R_EX_cpd11416_c0	0.563591	0.013355	0.016849
MGYG000004274__gradient_L1_inulin_gapseq	1157	1300	301	R_EX_cpd11416_c0	0.792852	0.013355	0.016818
MGYG000004274__gradient_L2_fos_gapseq	1157	1300	301	R_EX_cpd11416_c0	0.792852	0.013355	0.016754
MGYG000004274__gradient_L3_gos_gapseq	1157	1300	301	R_EX_cpd11416_c0	1.021337	0.013355	0.016670
MGYG000004274__gradient_L4_xos_gapseq	1157	1300	301	R_EX_cpd11416_c0	1.021337	0.013355	0.016617
MGYG000004274__gradient_L5_pectin_gapseq	1157	1300	301	R_EX_cpd11416_c0	1.021337	0.013355	0.016654
MGYG000004274__gradient_L6_resistant_starch_gapseq	1157	1300	301	R_EX_cpd11416_c0	1.497192	0.013355	0.016999
MGYG000004274__gradient_L7_bglucan_gapseq	1157	1300	301	R_EX_cpd11416_c0	1.497192	0.013355	0.017018
MGYG000004274__gradient_L8_hmo_gapseq	1157	1300	301	R_EX_cpd11416_c0	1.497192	0.013355	0.017023
MGYG000004274__gradient_L9_mos_gapseq	1157	1300	301	R_EX_cpd11416_c0	1.608611	0.013355	0.017149
MGYG000004284__gradient_L0_base_gapseq	1192	1327	306	R_EX_cpd11416_c0	0.351614	0.012904	0.017784
MGYG000004284__gradient_L1_inulin_gapseq	1192	1327	306	R_EX_cpd11416_c0	0.512356	0.012904	0.017748
MGYG000004284__gradient_L2_fos_gapseq	1192	1327	306	R_EX_cpd11416_c0	0.512356	0.012904	0.017715
MGYG000004284__gradient_L3_gos_gapseq	1192	1327	306	R_EX_cpd11416_c0	0.663052	0.012904	0.016831
MGYG000004284__gradient_L4_xos_gapseq	1192	1327	306	R_EX_cpd11416_c0	0.663052	0.012904	0.016847
MGYG000004284__gradient_L5_pectin_gapseq	1192	1327	306	R_EX_cpd11416_c0	0.663052	0.012904	0.016903
MGYG000004284__gradient_L6_resistant_starch_gapseq	1192	1327	306	R_EX_cpd11416_c0	0.997068	0.012904	0.017161
MGYG000004284__gradient_L7_bglucan_gapseq	1192	1327	306	R_EX_cpd11416_c0	1.108960	0.012904	0.017124
MGYG000004284__gradient_L8_hmo_gapseq	1192	1327	306	R_EX_cpd11416_c0	1.108960	0.012904	0.017078
MGYG000004284__gradient_L9_mos_gapseq	1192	1327	306	R_EX_cpd11416_c0	1.188527	0.012904	0.017227
MGYG000004289__gradient_L0_base_gapseq	1310	1383	314	R_EX_cpd11416_c0	-0.000000	0.014243	0.007789
MGYG000004289__gradient_L1_inulin_gapseq	1310	1383	314	R_EX_cpd11416_c0	0.486508	0.014243	0.019436
MGYG000004289__gradient_L2_fos_gapseq	1310	1383	314	R_EX_cpd11416_c0	0.486508	0.014243	0.019338
MGYG000004289__gradient_L3_gos_gapseq	1310	1383	314	R_EX_cpd11416_c0	0.486508	0.014243	0.019325
MGYG000004289__gradient_L4_xos_gapseq	1310	1383	314	R_EX_cpd11416_c0	0.500959	0.014243	0.019399
MGYG000004289__gradient_L5_pectin_gapseq	1310	1383	314	R_EX_cpd11416_c0	0.500959	0.014243	0.019431
MGYG000004289__gradient_L6_resistant_starch_gapseq	1310	1383	314	R_EX_cpd11416_c0	0.635835	0.014243	0.019628
MGYG000004289__gradient_L7_bglucan_gapseq	1310	1383	314	R_EX_cpd11416_c0	0.635835	0.014243	0.019654
MGYG000004289__gradient_L8_hmo_gapseq	1310	1383	314	R_EX_cpd11416_c0	0.635835	0.014243	0.019646
MGYG000004289__gradient_L9_mos_gapseq	1310	1383	314	R_EX_cpd11416_c0	0.635835	0.014243	0.019697
MGYG000004295__gradient_L0_base_gapseq	2062	2528	895	R_EX_cpd11416_c0	1.188535	0.025797	0.049501
MGYG000004295__gradient_L1_inulin_gapseq	2062	2528	895	R_EX_cpd11416_c0	1.469673	0.025797	0.054527
MGYG000004295__gradient_L2_fos_gapseq	2062	2528	895	R_EX_cpd11416_c0	1.469673	0.025797	0.054559
MGYG000004295__gradient_L3_gos_gapseq	2062	2528	895	R_EX_cpd11416_c0	1.566570	0.025797	0.051577
MGYG000004295__gradient_L4_xos_gapseq	2062	2528	895	R_EX_cpd11416_c0	1.646181	0.025797	0.050639
MGYG000004295__gradient_L5_pectin_gapseq	2062	2528	895	R_EX_cpd11416_c0	1.646181	0.025797	0.050334
MGYG000004295__gradient_L6_resistant_starch_gapseq	2062	2528	895	R_EX_cpd11416_c0	2.275330	0.025797	0.052958
MGYG000004295__gradient_L7_bglucan_gapseq	2062	2528	895	R_EX_cpd11416_c0	2.275330	0.025797	0.052966
MGYG000004295__gradient_L8_hmo_gapseq	2062	2528	895	R_EX_cpd11416_c0	2.275330	0.025797	0.052968
MGYG000004295__gradient_L9_mos_gapseq	2062	2528	895	R_EX_cpd11416_c0	2.404778	0.025797	0.055273
MGYG000004298__gradient_L0_base_gapseq	1180	1297	274	R_EX_cpd11416_c0	0.349948	0.012812	0.017703
MGYG000004298__gradient_L1_inulin_gapseq	1180	1297	274	R_EX_cpd11416_c0	0.493521	0.012812	0.017815
MGYG000004298__gradient_L2_fos_gapseq	1180	1297	274	R_EX_cpd11416_c0	0.493521	0.012812	0.017796
MGYG000004298__gradient_L3_gos_gapseq	1180	1297	274	R_EX_cpd11416_c0	0.493521	0.012812	0.017739
MGYG000004298__gradient_L4_xos_gapseq	1180	1297	274	R_EX_cpd11416_c0	0.493521	0.012812	0.017783
MGYG000004298__gradient_L5_pectin_gapseq	1180	1297	274	R_EX_cpd11416_c0	0.493521	0.012812	0.017854
MGYG000004298__gradient_L6_resistant_starch_gapseq	1180	1297	274	R_EX_cpd11416_c0	1.146327	0.012812	0.018405
MGYG000004298__gradient_L7_bglucan_gapseq	1180	1297	274	R_EX_cpd11416_c0	1.146327	0.012812	0.018464
MGYG000004298__gradient_L8_hmo_gapseq	1180	1297	274	R_EX_cpd11416_c0	1.146327	0.012812	0.018450
MGYG000004298__gradient_L9_mos_gapseq	1180	1297	274	R_EX_cpd11416_c0	1.146327	0.012812	0.018514
MGYG000004308__gradient_L0_base_gapseq	1102	1178	272	R_EX_cpd11416_c0	-0.000000	0.011696	0.006249
MGYG000004308__gradient_L1_inulin_gapseq	1102	1178	272	R_EX_cpd11416_c0	-0.000000	0.011696	0.006731
MGYG000004308__gradient_L2_fos_gapseq	1102	1178	272	R_EX_cpd11416_c0	-0.000000	0.011696	0.006597
MGYG000004308__gradient_L3_gos_gapseq	1102	1178	272	R_EX_cpd11416_c0	-0.000000	0.011696	0.006628
MGYG000004308__gradient_L4_xos_gapseq	1102	1178	272	R_EX_cpd11416_c0	-0.000000	0.011696	0.006562
MGYG000004308__gradient_L5_pectin_gapseq	1102	1178	272	R_EX_cpd11416_c0	-0.000000	0.011696	0.006576
MGYG000004308__gradient_L6_resistant_starch_gapseq	1102	1178	272	R_EX_cpd11416_c0	-0.000000	0.011696	0.006553
MGYG000004308__gradient_L7_bglucan_gapseq	1102	1178	272	R_EX_cpd11416_c0	-0.000000	0.011696	0.006597
MGYG000004308__gradient_L8_hmo_gapseq	1102	1178	272	R_EX_cpd11416_c0	-0.000000	0.011696	0.006636
MGYG000004308__gradient_L9_mos_gapseq	1102	1178	272	R_EX_cpd11416_c0	-0.000000	0.011696	0.006579
MGYG000004323__gradient_L0_base_gapseq	1274	1406	304	R_EX_cpd11416_c0	-0.000000	0.014713	0.007330
MGYG000004323__gradient_L1_inulin_gapseq	1274	1406	304	R_EX_cpd11416_c0	-0.000000	0.014713	0.007709
MGYG000004323__gradient_L2_fos_gapseq	1274	1406	304	R_EX_cpd11416_c0	-0.000000	0.014713	0.007720
MGYG000004323__gradient_L3_gos_gapseq	1274	1406	304	R_EX_cpd11416_c0	-0.000000	0.014713	0.007621
MGYG000004323__gradient_L4_xos_gapseq	1274	1406	304	R_EX_cpd11416_c0	1.098815	0.014713	0.018397
MGYG000004323__gradient_L5_pectin_gapseq	1274	1406	304	R_EX_cpd11416_c0	1.098815	0.014713	0.018470
MGYG000004323__gradient_L6_resistant_starch_gapseq	1274	1406	304	R_EX_cpd11416_c0	1.801135	0.014713	0.018902
MGYG000004323__gradient_L7_bglucan_gapseq	1274	1406	304	R_EX_cpd11416_c0	2.047896	0.014713	0.019165
MGYG000004323__gradient_L8_hmo_gapseq	1274	1406	304	R_EX_cpd11416_c0	2.047896	0.014713	0.019114
MGYG000004323__gradient_L9_mos_gapseq	1274	1406	304	R_EX_cpd11416_c0	2.182876	0.014713	0.018914
MGYG000004337__gradient_L0_base_gapseq	1327	1398	340	R_EX_cpd11416_c0	0.418021	0.014560	0.021116
MGYG000004337__gradient_L1_inulin_gapseq	1327	1398	340	R_EX_cpd11416_c0	0.566651	0.014560	0.020632
MGYG000004337__gradient_L2_fos_gapseq	1327	1398	340	R_EX_cpd11416_c0	0.566651	0.014560	0.020476
MGYG000004337__gradient_L3_gos_gapseq	1327	1398	340	R_EX_cpd11416_c0	0.566651	0.014560	0.020540
MGYG000004337__gradient_L4_xos_gapseq	1327	1398	340	R_EX_cpd11416_c0	0.566651	0.014560	0.020569
MGYG000004337__gradient_L5_pectin_gapseq	1327	1398	340	R_EX_cpd11416_c0	0.566651	0.014560	0.020643
MGYG000004337__gradient_L6_resistant_starch_gapseq	1327	1398	340	R_EX_cpd11416_c0	0.683582	0.014560	0.020528
MGYG000004337__gradient_L7_bglucan_gapseq	1327	1398	340	R_EX_cpd11416_c0	0.683582	0.014560	0.020501
MGYG000004337__gradient_L8_hmo_gapseq	1327	1398	340	R_EX_cpd11416_c0	0.683582	0.014560	0.020529
MGYG000004337__gradient_L9_mos_gapseq	1327	1398	340	R_EX_cpd11416_c0	0.683582	0.014560	0.020450
MGYG000004370__gradient_L0_base_gapseq	1134	1198	210	R_EX_cpd11416_c0	-0.000000	0.012659	0.006405
MGYG000004370__gradient_L1_inulin_gapseq	1134	1198	210	R_EX_cpd11416_c0	-0.000000	0.012659	0.006376
MGYG000004370__gradient_L2_fos_gapseq	1134	1198	210	R_EX_cpd11416_c0	-0.000000	0.012659	0.006407
MGYG000004370__gradient_L3_gos_gapseq	1134	1198	210	R_EX_cpd11416_c0	-0.000000	0.012659	0.006357
MGYG000004370__gradient_L4_xos_gapseq	1134	1198	210	R_EX_cpd11416_c0	-0.000000	0.012659	0.006357
MGYG000004370__gradient_L5_pectin_gapseq	1134	1198	210	R_EX_cpd11416_c0	-0.000000	0.012659	0.006319
MGYG000004370__gradient_L6_resistant_starch_gapseq	1134	1198	210	R_EX_cpd11416_c0	-0.000000	0.012659	0.006495
MGYG000004370__gradient_L7_bglucan_gapseq	1134	1198	210	R_EX_cpd11416_c0	-0.000000	0.012659	0.006550
MGYG000004370__gradient_L8_hmo_gapseq	1134	1198	210	R_EX_cpd11416_c0	-0.000000	0.012659	0.006719
MGYG000004370__gradient_L9_mos_gapseq	1134	1198	210	R_EX_cpd11416_c0	-0.000000	0.012659	0.006448
MGYG000004380__gradient_L0_base_gapseq	1388	1526	354	R_EX_cpd11416_c0	-0.000000	0.015076	0.008007
MGYG000004380__gradient_L1_inulin_gapseq	1388	1526	354	R_EX_cpd11416_c0	-0.000000	0.015076	0.008122
MGYG000004380__gradient_L2_fos_gapseq	1388	1526	354	R_EX_cpd11416_c0	-0.000000	0.015076	0.007997
MGYG000004380__gradient_L3_gos_gapseq	1388	1526	354	R_EX_cpd11416_c0	0.855061	0.015076	0.021075
MGYG000004380__gradient_L4_xos_gapseq	1388	1526	354	R_EX_cpd11416_c0	0.855061	0.015076	0.021065
MGYG000004380__gradient_L5_pectin_gapseq	1388	1526	354	R_EX_cpd11416_c0	0.855061	0.015076	0.021126
MGYG000004380__gradient_L6_resistant_starch_gapseq	1388	1526	354	R_EX_cpd11416_c0	1.393218	0.015076	0.020845
MGYG000004380__gradient_L7_bglucan_gapseq	1388	1526	354	R_EX_cpd11416_c0	1.393218	0.015076	0.020817
MGYG000004380__gradient_L8_hmo_gapseq	1388	1526	354	R_EX_cpd11416_c0	1.393218	0.015076	0.020940
MGYG000004380__gradient_L9_mos_gapseq	1388	1526	354	R_EX_cpd11416_c0	1.393218	0.015076	0.020841
MGYG000004382__gradient_L0_base_gapseq	1348	1473	380	R_EX_cpd11416_c0	-0.000000	0.014514	0.007591
MGYG000004382__gradient_L1_inulin_gapseq	1348	1473	380	R_EX_cpd11416_c0	-0.000000	0.014514	0.007785
MGYG000004382__gradient_L2_fos_gapseq	1348	1473	380	R_EX_cpd11416_c0	-0.000000	0.014514	0.007697
MGYG000004382__gradient_L3_gos_gapseq	1348	1473	380	R_EX_cpd11416_c0	0.724615	0.014514	0.019825
MGYG000004382__gradient_L4_xos_gapseq	1348	1473	380	R_EX_cpd11416_c0	0.724615	0.014514	0.019699
MGYG000004382__gradient_L5_pectin_gapseq	1348	1473	380	R_EX_cpd11416_c0	0.724615	0.014514	0.019815
MGYG000004382__gradient_L6_resistant_starch_gapseq	1348	1473	380	R_EX_cpd11416_c0	1.224751	0.014514	0.019647
MGYG000004382__gradient_L7_bglucan_gapseq	1348	1473	380	R_EX_cpd11416_c0	1.224751	0.014514	0.019678
MGYG000004382__gradient_L8_hmo_gapseq	1348	1473	380	R_EX_cpd11416_c0	1.224751	0.014514	0.019713
MGYG000004382__gradient_L9_mos_gapseq	1348	1473	380	R_EX_cpd11416_c0	1.224751	0.014514	0.019757
MGYG000004393__gradient_L0_base_gapseq	648	633	83	R_EX_cpd11416_c0	-0.000000	0.007106	0.002395
MGYG000004393__gradient_L1_inulin_gapseq	648	633	83	R_EX_cpd11416_c0	-0.000000	0.007106	0.002374
MGYG000004393__gradient_L2_fos_gapseq	648	633	83	R_EX_cpd11416_c0	-0.000000	0.007106	0.002268
MGYG000004393__gradient_L3_gos_gapseq	648	633	83	R_EX_cpd11416_c0	-0.000000	0.007106	0.002190
MGYG000004393__gradient_L4_xos_gapseq	648	633	83	R_EX_cpd11416_c0	-0.000000	0.007106	0.002159
MGYG000004393__gradient_L5_pectin_gapseq	648	633	83	R_EX_cpd11416_c0	-0.000000	0.007106	0.002137
MGYG000004393__gradient_L6_resistant_starch_gapseq	648	633	83	R_EX_cpd11416_c0	-0.000000	0.007106	0.002124
MGYG000004393__gradient_L7_bglucan_gapseq	648	633	83	R_EX_cpd11416_c0	-0.000000	0.007106	0.002206
MGYG000004393__gradient_L8_hmo_gapseq	648	633	83	R_EX_cpd11416_c0	-0.000000	0.007106	0.002144
MGYG000004393__gradient_L9_mos_gapseq	648	633	83	R_EX_cpd11416_c0	-0.000000	0.007106	0.002106
MGYG000004425__gradient_L0_base_gapseq	874	960	174	R_EX_cpd11416_c0	-0.000000	0.009716	0.004468
MGYG000004425__gradient_L1_inulin_gapseq	874	960	174	R_EX_cpd11416_c0	-0.000000	0.009716	0.004439
MGYG000004425__gradient_L2_fos_gapseq	874	960	174	R_EX_cpd11416_c0	-0.000000	0.009716	0.004381
MGYG000004425__gradient_L3_gos_gapseq	874	960	174	R_EX_cpd11416_c0	0.423508	0.009716	0.010862
MGYG000004425__gradient_L4_xos_gapseq	874	960	174	R_EX_cpd11416_c0	0.423508	0.009716	0.010831
MGYG000004425__gradient_L5_pectin_gapseq	874	960	174	R_EX_cpd11416_c0	0.473068	0.009716	0.011093
MGYG000004425__gradient_L6_resistant_starch_gapseq	874	960	174	R_EX_cpd11416_c0	1.083715	0.009716	0.010974
MGYG000004425__gradient_L7_bglucan_gapseq	874	960	174	R_EX_cpd11416_c0	1.083715	0.009716	0.010959
MGYG000004425__gradient_L8_hmo_gapseq	874	960	174	R_EX_cpd11416_c0	1.083715	0.009716	0.011003
MGYG000004425__gradient_L9_mos_gapseq	874	960	174	R_EX_cpd11416_c0	1.186315	0.009716	0.011134
MGYG000004435__gradient_L0_base_gapseq	840	876	188	R_EX_cpd11416_c0	-0.000000	0.009222	0.003878
MGYG000004435__gradient_L1_inulin_gapseq	840	876	188	R_EX_cpd11416_c0	-0.000000	0.009222	0.003955
MGYG000004435__gradient_L2_fos_gapseq	840	876	188	R_EX_cpd11416_c0	-0.000000	0.009222	0.003896
MGYG000004435__gradient_L3_gos_gapseq	840	876	188	R_EX_cpd11416_c0	0.033653	0.009222	0.010193
MGYG000004435__gradient_L4_xos_gapseq	840	876	188	R_EX_cpd11416_c0	0.033653	0.009222	0.010028
MGYG000004435__gradient_L5_pectin_gapseq	840	876	188	R_EX_cpd11416_c0	0.047117	0.009222	0.009940
MGYG000004435__gradient_L6_resistant_starch_gapseq	840	876	188	R_EX_cpd11416_c0	0.047117	0.009222	0.010029
MGYG000004435__gradient_L7_bglucan_gapseq	840	876	188	R_EX_cpd11416_c0	0.047117	0.009222	0.010034
MGYG000004435__gradient_L8_hmo_gapseq	840	876	188	R_EX_cpd11416_c0	0.047559	0.009222	0.009969
MGYG000004435__gradient_L9_mos_gapseq	840	876	188	R_EX_cpd11416_c0	0.047559	0.009222	0.010057
MGYG000004456__gradient_L0_base_gapseq	1360	1612	421	R_EX_cpd11416_c0	-0.000000	0.016159	0.010122
MGYG000004456__gradient_L1_inulin_gapseq	1360	1612	421	R_EX_cpd11416_c0	-0.000000	0.016159	0.010318
MGYG000004456__gradient_L2_fos_gapseq	1360	1612	421	R_EX_cpd11416_c0	-0.000000	0.016159	0.010260
MGYG000004456__gradient_L3_gos_gapseq	1360	1612	421	R_EX_cpd11416_c0	0.889086	0.016159	0.024111
MGYG000004456__gradient_L4_xos_gapseq	1360	1612	421	R_EX_cpd11416_c0	0.951764	0.016159	0.024418
MGYG000004456__gradient_L5_pectin_gapseq	1360	1612	421	R_EX_cpd11416_c0	0.984263	0.016159	0.025251
MGYG000004456__gradient_L6_resistant_starch_gapseq	1360	1612	421	R_EX_cpd11416_c0	1.450865	0.016159	0.026003
MGYG000004456__gradient_L7_bglucan_gapseq	1360	1612	421	R_EX_cpd11416_c0	1.611041	0.016159	0.025266
MGYG000004456__gradient_L8_hmo_gapseq	1360	1612	421	R_EX_cpd11416_c0	1.611041	0.016159	0.025265
MGYG000004456__gradient_L9_mos_gapseq	1360	1612	421	R_EX_cpd11416_c0	1.713183	0.016159	0.024950
MGYG000004476__gradient_L0_base_gapseq	1005	1057	218	R_EX_cpd11416_c0	-0.000000	0.011251	0.005671
MGYG000004476__gradient_L1_inulin_gapseq	1005	1057	218	R_EX_cpd11416_c0	0.573897	0.011251	0.014441
MGYG000004476__gradient_L2_fos_gapseq	1005	1057	218	R_EX_cpd11416_c0	0.573897	0.011251	0.014369
MGYG000004476__gradient_L3_gos_gapseq	1005	1057	218	R_EX_cpd11416_c0	0.679849	0.011251	0.014508
MGYG000004476__gradient_L4_xos_gapseq	1005	1057	218	R_EX_cpd11416_c0	0.679849	0.011251	0.014538
MGYG000004476__gradient_L5_pectin_gapseq	1005	1057	218	R_EX_cpd11416_c0	0.679849	0.011251	0.014396
MGYG000004476__gradient_L6_resistant_starch_gapseq	1005	1057	218	R_EX_cpd11416_c0	1.431344	0.011251	0.014194
MGYG000004476__gradient_L7_bglucan_gapseq	1005	1057	218	R_EX_cpd11416_c0	1.431344	0.011251	0.014106
MGYG000004476__gradient_L8_hmo_gapseq	1005	1057	218	R_EX_cpd11416_c0	1.431344	0.011251	0.014135
MGYG000004476__gradient_L9_mos_gapseq	1005	1057	218	R_EX_cpd11416_c0	1.565468	0.011251	0.013967
MGYG000004478__gradient_L0_base_gapseq	1162	1252	258	R_EX_cpd11416_c0	0.278368	0.012414	0.017101
MGYG000004478__gradient_L1_inulin_gapseq	1162	1252	258	R_EX_cpd11416_c0	0.422047	0.012414	0.017315
MGYG000004478__gradient_L2_fos_gapseq	1162	1252	258	R_EX_cpd11416_c0	0.422047	0.012414	0.017359
MGYG000004478__gradient_L3_gos_gapseq	1162	1252	258	R_EX_cpd11416_c0	0.422047	0.012414	0.017288
MGYG000004478__gradient_L4_xos_gapseq	1162	1252	258	R_EX_cpd11416_c0	0.422047	0.012414	0.017285
MGYG000004478__gradient_L5_pectin_gapseq	1162	1252	258	R_EX_cpd11416_c0	0.422047	0.012414	0.017286
MGYG000004478__gradient_L6_resistant_starch_gapseq	1162	1252	258	R_EX_cpd11416_c0	1.043907	0.012414	0.017002
MGYG000004478__gradient_L7_bglucan_gapseq	1162	1252	258	R_EX_cpd11416_c0	1.043907	0.012414	0.016988
MGYG000004478__gradient_L8_hmo_gapseq	1162	1252	258	R_EX_cpd11416_c0	1.043907	0.012414	0.016857
MGYG000004478__gradient_L9_mos_gapseq	1162	1252	258	R_EX_cpd11416_c0	1.043907	0.012414	0.017020
MGYG000004487__gradient_L0_base_gapseq	1133	1250	280	R_EX_cpd11416_c0	-0.000000	0.012846	0.006275
MGYG000004487__gradient_L1_inulin_gapseq	1133	1250	280	R_EX_cpd11416_c0	-0.000000	0.012846	0.007080
MGYG000004487__gradient_L2_fos_gapseq	1133	1250	280	R_EX_cpd11416_c0	-0.000000	0.012846	0.007059
MGYG000004487__gradient_L3_gos_gapseq	1133	1250	280	R_EX_cpd11416_c0	-0.000000	0.012846	0.007017
MGYG000004487__gradient_L4_xos_gapseq	1133	1250	280	R_EX_cpd11416_c0	-0.000000	0.012846	0.007002
MGYG000004487__gradient_L5_pectin_gapseq	1133	1250	280	R_EX_cpd11416_c0	-0.000000	0.012846	0.007049
MGYG000004487__gradient_L6_resistant_starch_gapseq	1133	1250	280	R_EX_cpd11416_c0	-0.000000	0.012846	0.006965
MGYG000004487__gradient_L7_bglucan_gapseq	1133	1250	280	R_EX_cpd11416_c0	-0.000000	0.012846	0.006969
MGYG000004487__gradient_L8_hmo_gapseq	1133	1250	280	R_EX_cpd11416_c0	-0.000000	0.012846	0.006980
MGYG000004487__gradient_L9_mos_gapseq	1133	1250	280	R_EX_cpd11416_c0	-0.000000	0.012846	0.006962
MGYG000004490__gradient_L0_base_gapseq	1337	1532	405	R_EX_cpd11416_c0	0.256639	0.015812	0.021436
MGYG000004490__gradient_L1_inulin_gapseq	1337	1532	405	R_EX_cpd11416_c0	0.366119	0.015812	0.021652
MGYG000004490__gradient_L2_fos_gapseq	1337	1532	405	R_EX_cpd11416_c0	0.366119	0.015812	0.021540
MGYG000004490__gradient_L3_gos_gapseq	1337	1532	405	R_EX_cpd11416_c0	0.436365	0.015812	0.022262
MGYG000004490__gradient_L4_xos_gapseq	1337	1532	405	R_EX_cpd11416_c0	0.528801	0.015812	0.021391
MGYG000004490__gradient_L5_pectin_gapseq	1337	1532	405	R_EX_cpd11416_c0	0.560712	0.015812	0.021951
MGYG000004490__gradient_L6_resistant_starch_gapseq	1337	1532	405	R_EX_cpd11416_c0	0.818279	0.015812	0.022283
MGYG000004490__gradient_L7_bglucan_gapseq	1337	1532	405	R_EX_cpd11416_c0	0.975555	0.015812	0.021729
MGYG000004490__gradient_L8_hmo_gapseq	1337	1532	405	R_EX_cpd11416_c0	0.975555	0.015812	0.021721
MGYG000004490__gradient_L9_mos_gapseq	1337	1532	405	R_EX_cpd11416_c0	1.075847	0.015812	0.022576
MGYG000004495__gradient_L0_base_gapseq	1441	1693	398	R_EX_cpd11416_c0	-0.000000	0.016638	0.010512
MGYG000004495__gradient_L1_inulin_gapseq	1441	1693	398	R_EX_cpd11416_c0	-0.000000	0.016638	0.010477
MGYG000004495__gradient_L2_fos_gapseq	1441	1693	398	R_EX_cpd11416_c0	-0.000000	0.016638	0.010447
MGYG000004495__gradient_L3_gos_gapseq	1441	1693	398	R_EX_cpd11416_c0	-0.000000	0.016638	0.010487
MGYG000004495__gradient_L4_xos_gapseq	1441	1693	398	R_EX_cpd11416_c0	-0.000000	0.016638	0.010705
MGYG000004495__gradient_L5_pectin_gapseq	1441	1693	398	R_EX_cpd11416_c0	-0.000000	0.016638	0.010613
MGYG000004495__gradient_L6_resistant_starch_gapseq	1441	1693	398	R_EX_cpd11416_c0	1.094486	0.016638	0.027278
MGYG000004495__gradient_L7_bglucan_gapseq	1441	1693	398	R_EX_cpd11416_c0	1.280772	0.016638	0.026088
MGYG000004495__gradient_L8_hmo_gapseq	1441	1693	398	R_EX_cpd11416_c0	1.280772	0.016638	0.026076
MGYG000004495__gradient_L9_mos_gapseq	1441	1693	398	R_EX_cpd11416_c0	1.398757	0.016638	0.026923
MGYG000004498__gradient_L0_base_gapseq	821	866	152	R_EX_cpd11416_c0	0.042507	0.008440	0.009279
MGYG000004498__gradient_L1_inulin_gapseq	821	866	152	R_EX_cpd11416_c0	0.163882	0.008440	0.009862
MGYG000004498__gradient_L2_fos_gapseq	821	866	152	R_EX_cpd11416_c0	0.163882	0.008440	0.009752
MGYG000004498__gradient_L3_gos_gapseq	821	866	152	R_EX_cpd11416_c0	0.220073	0.008440	0.009771
MGYG000004498__gradient_L4_xos_gapseq	821	866	152	R_EX_cpd11416_c0	0.220073	0.008440	0.009811
MGYG000004498__gradient_L5_pectin_gapseq	821	866	152	R_EX_cpd11416_c0	0.220073	0.008440	0.009793
MGYG000004498__gradient_L6_resistant_starch_gapseq	821	866	152	R_EX_cpd11416_c0	0.220073	0.008440	0.009824
MGYG000004498__gradient_L7_bglucan_gapseq	821	866	152	R_EX_cpd11416_c0	0.220073	0.008440	0.009812
MGYG000004498__gradient_L8_hmo_gapseq	821	866	152	R_EX_cpd11416_c0	0.220073	0.008440	0.009780
MGYG000004498__gradient_L9_mos_gapseq	821	866	152	R_EX_cpd11416_c0	0.220073	0.008440	0.009806
MGYG000004501__gradient_L0_base_gapseq	1161	1280	286	R_EX_cpd11416_c0	-0.000000	0.013035	0.007518
MGYG000004501__gradient_L1_inulin_gapseq	1161	1280	286	R_EX_cpd11416_c0	-0.000000	0.013035	0.007488
MGYG000004501__gradient_L2_fos_gapseq	1161	1280	286	R_EX_cpd11416_c0	-0.000000	0.013035	0.007445
MGYG000004501__gradient_L3_gos_gapseq	1161	1280	286	R_EX_cpd11416_c0	0.477433	0.013035	0.018032
MGYG000004501__gradient_L4_xos_gapseq	1161	1280	286	R_EX_cpd11416_c0	0.490454	0.013035	0.018355
MGYG000004501__gradient_L5_pectin_gapseq	1161	1280	286	R_EX_cpd11416_c0	0.490454	0.013035	0.018404
MGYG000004501__gradient_L6_resistant_starch_gapseq	1161	1280	286	R_EX_cpd11416_c0	0.594624	0.013035	0.018627
MGYG000004501__gradient_L7_bglucan_gapseq	1161	1280	286	R_EX_cpd11416_c0	0.594624	0.013035	0.018632
MGYG000004501__gradient_L8_hmo_gapseq	1161	1280	286	R_EX_cpd11416_c0	0.594624	0.013035	0.018608
MGYG000004501__gradient_L9_mos_gapseq	1161	1280	286	R_EX_cpd11416_c0	0.594624	0.013035	0.018646
MGYG000004509__gradient_L0_base_gapseq	789	743	100	R_EX_cpd11416_c0	-0.000000	0.007887	0.003216
MGYG000004509__gradient_L1_inulin_gapseq	789	743	100	R_EX_cpd11416_c0	0.152238	0.007887	0.007603
MGYG000004509__gradient_L2_fos_gapseq	789	743	100	R_EX_cpd11416_c0	0.152238	0.007887	0.007567
MGYG000004509__gradient_L3_gos_gapseq	789	743	100	R_EX_cpd11416_c0	0.152238	0.007887	0.007615
MGYG000004509__gradient_L4_xos_gapseq	789	743	100	R_EX_cpd11416_c0	0.152238	0.007887	0.007565
MGYG000004509__gradient_L5_pectin_gapseq	789	743	100	R_EX_cpd11416_c0	0.152238	0.007887	0.007660
MGYG000004509__gradient_L6_resistant_starch_gapseq	789	743	100	R_EX_cpd11416_c0	0.152238	0.007887	0.007526
MGYG000004509__gradient_L7_bglucan_gapseq	789	743	100	R_EX_cpd11416_c0	0.152238	0.007887	0.007553
MGYG000004509__gradient_L8_hmo_gapseq	789	743	100	R_EX_cpd11416_c0	0.152238	0.007887	0.007563
MGYG000004509__gradient_L9_mos_gapseq	789	743	100	R_EX_cpd11416_c0	0.152238	0.007887	0.007680
MGYG000004525__gradient_L0_base_gapseq	1160	1314	287	R_EX_cpd11416_c0	-0.000000	0.013113	0.006702
MGYG000004525__gradient_L1_inulin_gapseq	1160	1314	287	R_EX_cpd11416_c0	-0.000000	0.013113	0.006732
MGYG000004525__gradient_L2_fos_gapseq	1160	1314	287	R_EX_cpd11416_c0	-0.000000	0.013113	0.006751
MGYG000004525__gradient_L3_gos_gapseq	1160	1314	287	R_EX_cpd11416_c0	-0.000000	0.013113	0.007152
MGYG000004525__gradient_L4_xos_gapseq	1160	1314	287	R_EX_cpd11416_c0	0.847724	0.013113	0.017811
MGYG000004525__gradient_L5_pectin_gapseq	1160	1314	287	R_EX_cpd11416_c0	0.847724	0.013113	0.017827
MGYG000004525__gradient_L6_resistant_starch_gapseq	1160	1314	287	R_EX_cpd11416_c0	1.404565	0.013113	0.017338
MGYG000004525__gradient_L7_bglucan_gapseq	1160	1314	287	R_EX_cpd11416_c0	1.404565	0.013113	0.017356
MGYG000004525__gradient_L8_hmo_gapseq	1160	1314	287	R_EX_cpd11416_c0	1.404565	0.013113	0.017346
MGYG000004525__gradient_L9_mos_gapseq	1160	1314	287	R_EX_cpd11416_c0	1.404565	0.013113	0.017397
MGYG000004527__gradient_L0_base_gapseq	728	672	93	R_EX_cpd11416_c0	-0.000000	0.007317	0.002665
MGYG000004527__gradient_L1_inulin_gapseq	728	672	93	R_EX_cpd11416_c0	-0.000000	0.007317	0.002537
MGYG000004527__gradient_L2_fos_gapseq	728	672	93	R_EX_cpd11416_c0	-0.000000	0.007317	0.002446
MGYG000004527__gradient_L3_gos_gapseq	728	672	93	R_EX_cpd11416_c0	-0.000000	0.007317	0.002373
MGYG000004527__gradient_L4_xos_gapseq	728	672	93	R_EX_cpd11416_c0	-0.000000	0.007317	0.002355
MGYG000004527__gradient_L5_pectin_gapseq	728	672	93	R_EX_cpd11416_c0	-0.000000	0.007317	0.002438
MGYG000004527__gradient_L6_resistant_starch_gapseq	728	672	93	R_EX_cpd11416_c0	-0.000000	0.007317	0.002377
MGYG000004527__gradient_L7_bglucan_gapseq	728	672	93	R_EX_cpd11416_c0	-0.000000	0.007317	0.002344
MGYG000004527__gradient_L8_hmo_gapseq	728	672	93	R_EX_cpd11416_c0	-0.000000	0.007317	0.002316
MGYG000004527__gradient_L9_mos_gapseq	728	672	93	R_EX_cpd11416_c0	-0.000000	0.007317	0.002327
MGYG000004529__gradient_L0_base_gapseq	1120	1197	219	R_EX_cpd11416_c0	-0.000000	0.011799	0.006857
MGYG000004529__gradient_L1_inulin_gapseq	1120	1197	219	R_EX_cpd11416_c0	0.136333	0.011799	0.016637
MGYG000004529__gradient_L2_fos_gapseq	1120	1197	219	R_EX_cpd11416_c0	0.136333	0.011799	0.016588
MGYG000004529__gradient_L3_gos_gapseq	1120	1197	219	R_EX_cpd11416_c0	0.136333	0.011799	0.016581
MGYG000004529__gradient_L4_xos_gapseq	1120	1197	219	R_EX_cpd11416_c0	0.136333	0.011799	0.016552
MGYG000004529__gradient_L5_pectin_gapseq	1120	1197	219	R_EX_cpd11416_c0	0.136333	0.011799	0.016633
MGYG000004529__gradient_L6_resistant_starch_gapseq	1120	1197	219	R_EX_cpd11416_c0	0.175288	0.011799	0.016426
MGYG000004529__gradient_L7_bglucan_gapseq	1120	1197	219	R_EX_cpd11416_c0	0.175288	0.011799	0.016442
MGYG000004529__gradient_L8_hmo_gapseq	1120	1197	219	R_EX_cpd11416_c0	0.175288	0.011799	0.016510
MGYG000004529__gradient_L9_mos_gapseq	1120	1197	219	R_EX_cpd11416_c0	0.214243	0.011799	0.016449
MGYG000004532__gradient_L0_base_gapseq	1273	1359	294	R_EX_cpd11416_c0	-0.000000	0.013956	0.007891
MGYG000004532__gradient_L1_inulin_gapseq	1273	1359	294	R_EX_cpd11416_c0	-0.000000	0.013956	0.007956
MGYG000004532__gradient_L2_fos_gapseq	1273	1359	294	R_EX_cpd11416_c0	-0.000000	0.013956	0.007997
MGYG000004532__gradient_L3_gos_gapseq	1273	1359	294	R_EX_cpd11416_c0	0.646879	0.013956	0.019357
MGYG000004532__gradient_L4_xos_gapseq	1273	1359	294	R_EX_cpd11416_c0	0.646879	0.013956	0.019305
MGYG000004532__gradient_L5_pectin_gapseq	1273	1359	294	R_EX_cpd11416_c0	0.646879	0.013956	0.019274
MGYG000004532__gradient_L6_resistant_starch_gapseq	1273	1359	294	R_EX_cpd11416_c0	0.712744	0.013956	0.019843
MGYG000004532__gradient_L7_bglucan_gapseq	1273	1359	294	R_EX_cpd11416_c0	0.712744	0.013956	0.019780
MGYG000004532__gradient_L8_hmo_gapseq	1273	1359	294	R_EX_cpd11416_c0	0.712744	0.013956	0.019895
MGYG000004532__gradient_L9_mos_gapseq	1273	1359	294	R_EX_cpd11416_c0	0.712744	0.013956	0.019758
MGYG000004533__gradient_L0_base_gapseq	1086	1107	169	R_EX_cpd11416_c0	-0.000000	0.010873	0.005685
MGYG000004533__gradient_L1_inulin_gapseq	1086	1107	169	R_EX_cpd11416_c0	0.278071	0.010873	0.013856
MGYG000004533__gradient_L2_fos_gapseq	1086	1107	169	R_EX_cpd11416_c0	0.278071	0.010873	0.013875
MGYG000004533__gradient_L3_gos_gapseq	1086	1107	169	R_EX_cpd11416_c0	0.278071	0.010873	0.013858
MGYG000004533__gradient_L4_xos_gapseq	1086	1107	169	R_EX_cpd11416_c0	0.278071	0.010873	0.013584
MGYG000004533__gradient_L5_pectin_gapseq	1086	1107	169	R_EX_cpd11416_c0	0.278071	0.010873	0.013545
MGYG000004533__gradient_L6_resistant_starch_gapseq	1086	1107	169	R_EX_cpd11416_c0	0.733316	0.010873	0.014076
MGYG000004533__gradient_L7_bglucan_gapseq	1086	1107	169	R_EX_cpd11416_c0	0.733316	0.010873	0.014061
MGYG000004533__gradient_L8_hmo_gapseq	1086	1107	169	R_EX_cpd11416_c0	0.733316	0.010873	0.014060
MGYG000004533__gradient_L9_mos_gapseq	1086	1107	169	R_EX_cpd11416_c0	0.733316	0.010873	0.014070
MGYG000004535__gradient_L0_base_gapseq	933	1015	202	R_EX_cpd11416_c0	0.382605	0.009701	0.012694
MGYG000004535__gradient_L1_inulin_gapseq	933	1015	202	R_EX_cpd11416_c0	0.528363	0.009701	0.012954
MGYG000004535__gradient_L2_fos_gapseq	933	1015	202	R_EX_cpd11416_c0	0.528363	0.009701	0.012853
MGYG000004535__gradient_L3_gos_gapseq	933	1015	202	R_EX_cpd11416_c0	0.828989	0.009701	0.013169
MGYG000004535__gradient_L4_xos_gapseq	933	1015	202	R_EX_cpd11416_c0	0.828989	0.009701	0.013143
MGYG000004535__gradient_L5_pectin_gapseq	933	1015	202	R_EX_cpd11416_c0	0.883648	0.009701	0.012979
MGYG000004535__gradient_L6_resistant_starch_gapseq	933	1015	202	R_EX_cpd11416_c0	0.992967	0.009701	0.012941
MGYG000004535__gradient_L7_bglucan_gapseq	933	1015	202	R_EX_cpd11416_c0	0.992967	0.009701	0.012909
MGYG000004535__gradient_L8_hmo_gapseq	933	1015	202	R_EX_cpd11416_c0	0.994383	0.009701	0.012748
MGYG000004535__gradient_L9_mos_gapseq	933	1015	202	R_EX_cpd11416_c0	0.994383	0.009701	0.013151
MGYG000004537__gradient_L0_base_gapseq	956	953	138	R_EX_cpd11416_c0	-0.000000	0.010018	0.004307
MGYG000004537__gradient_L1_inulin_gapseq	956	953	138	R_EX_cpd11416_c0	-0.000000	0.010018	0.004369
MGYG000004537__gradient_L2_fos_gapseq	956	953	138	R_EX_cpd11416_c0	-0.000000	0.010018	0.004343
MGYG000004537__gradient_L3_gos_gapseq	956	953	138	R_EX_cpd11416_c0	-0.000000	0.010018	0.004314
MGYG000004537__gradient_L4_xos_gapseq	956	953	138	R_EX_cpd11416_c0	-0.000000	0.010018	0.004312
MGYG000004537__gradient_L5_pectin_gapseq	956	953	138	R_EX_cpd11416_c0	-0.000000	0.010018	0.004349
MGYG000004537__gradient_L6_resistant_starch_gapseq	956	953	138	R_EX_cpd11416_c0	-0.000000	0.010018	0.004509
MGYG000004537__gradient_L7_bglucan_gapseq	956	953	138	R_EX_cpd11416_c0	-0.000000	0.010018	0.004552
MGYG000004537__gradient_L8_hmo_gapseq	956	953	138	R_EX_cpd11416_c0	-0.000000	0.010018	0.004528
MGYG000004537__gradient_L9_mos_gapseq	956	953	138	R_EX_cpd11416_c0	-0.000000	0.010018	0.004647
MGYG000004542__gradient_L0_base_gapseq	1177	1318	336	R_EX_cpd11416_c0	0.830899	0.012845	0.016587
MGYG000004542__gradient_L1_inulin_gapseq	1177	1318	336	R_EX_cpd11416_c0	1.123964	0.012845	0.016950
MGYG000004542__gradient_L2_fos_gapseq	1177	1318	336	R_EX_cpd11416_c0	1.123964	0.012845	0.017005
MGYG000004542__gradient_L3_gos_gapseq	1177	1318	336	R_EX_cpd11416_c0	1.420100	0.012845	0.017439
MGYG000004542__gradient_L4_xos_gapseq	1177	1318	336	R_EX_cpd11416_c0	1.420100	0.012845	0.017535
MGYG000004542__gradient_L5_pectin_gapseq	1177	1318	336	R_EX_cpd11416_c0	1.420100	0.012845	0.017479
MGYG000004542__gradient_L6_resistant_starch_gapseq	1177	1318	336	R_EX_cpd11416_c0	2.041539	0.012845	0.017767
MGYG000004542__gradient_L7_bglucan_gapseq	1177	1318	336	R_EX_cpd11416_c0	2.041539	0.012845	0.017668
MGYG000004542__gradient_L8_hmo_gapseq	1177	1318	336	R_EX_cpd11416_c0	2.041539	0.012845	0.017662
MGYG000004542__gradient_L9_mos_gapseq	1177	1318	336	R_EX_cpd11416_c0	2.185120	0.012845	0.018439
MGYG000004553__gradient_L0_base_gapseq	1149	1299	311	R_EX_cpd11416_c0	0.397554	0.013550	0.015690
MGYG000004553__gradient_L1_inulin_gapseq	1149	1299	311	R_EX_cpd11416_c0	0.555265	0.013550	0.016557
MGYG000004553__gradient_L2_fos_gapseq	1149	1299	311	R_EX_cpd11416_c0	0.555265	0.013550	0.016565
MGYG000004553__gradient_L3_gos_gapseq	1149	1299	311	R_EX_cpd11416_c0	0.703120	0.013550	0.016610
MGYG000004553__gradient_L4_xos_gapseq	1149	1299	311	R_EX_cpd11416_c0	0.703120	0.013550	0.016608
MGYG000004553__gradient_L5_pectin_gapseq	1149	1299	311	R_EX_cpd11416_c0	0.703120	0.013550	0.016557
MGYG000004553__gradient_L6_resistant_starch_gapseq	1149	1299	311	R_EX_cpd11416_c0	1.029289	0.013550	0.016989
MGYG000004553__gradient_L7_bglucan_gapseq	1149	1299	311	R_EX_cpd11416_c0	1.133482	0.013550	0.017246
MGYG000004553__gradient_L8_hmo_gapseq	1149	1299	311	R_EX_cpd11416_c0	1.133482	0.013550	0.017166
MGYG000004553__gradient_L9_mos_gapseq	1149	1299	311	R_EX_cpd11416_c0	1.209259	0.013550	0.016927
MGYG000004557__gradient_L0_base_gapseq	1193	1332	377	R_EX_cpd11416_c0	-0.000000	0.013789	0.007421
MGYG000004557__gradient_L1_inulin_gapseq	1193	1332	377	R_EX_cpd11416_c0	-0.000000	0.013789	0.007386
MGYG000004557__gradient_L2_fos_gapseq	1193	1332	377	R_EX_cpd11416_c0	-0.000000	0.013789	0.007418
MGYG000004557__gradient_L3_gos_gapseq	1193	1332	377	R_EX_cpd11416_c0	-0.000000	0.013789	0.007530
MGYG000004557__gradient_L4_xos_gapseq	1193	1332	377	R_EX_cpd11416_c0	0.288870	0.013789	0.017745
MGYG000004557__gradient_L5_pectin_gapseq	1193	1332	377	R_EX_cpd11416_c0	0.288870	0.013789	0.017653
MGYG000004557__gradient_L6_resistant_starch_gapseq	1193	1332	377	R_EX_cpd11416_c0	0.288870	0.013789	0.017700
MGYG000004557__gradient_L7_bglucan_gapseq	1193	1332	377	R_EX_cpd11416_c0	0.288870	0.013789	0.017698
MGYG000004557__gradient_L8_hmo_gapseq	1193	1332	377	R_EX_cpd11416_c0	0.288870	0.013789	0.017678
MGYG000004557__gradient_L9_mos_gapseq	1193	1332	377	R_EX_cpd11416_c0	0.288870	0.013789	0.017717
MGYG000004559__gradient_L0_base_gapseq	1251	1376	262	R_EX_cpd11416_c0	0.786679	0.013910	0.018011
MGYG000004559__gradient_L1_inulin_gapseq	1251	1376	262	R_EX_cpd11416_c0	0.959381	0.013910	0.017755
MGYG000004559__gradient_L2_fos_gapseq	1251	1376	262	R_EX_cpd11416_c0	0.959381	0.013910	0.017826
MGYG000004559__gradient_L3_gos_gapseq	1251	1376	262	R_EX_cpd11416_c0	1.084806	0.013910	0.018214
MGYG000004559__gradient_L4_xos_gapseq	1251	1376	262	R_EX_cpd11416_c0	1.084806	0.013910	0.018154
MGYG000004559__gradient_L5_pectin_gapseq	1251	1376	262	R_EX_cpd11416_c0	1.084806	0.013910	0.018211
MGYG000004559__gradient_L6_resistant_starch_gapseq	1251	1376	262	R_EX_cpd11416_c0	1.509491	0.013910	0.017958
MGYG000004559__gradient_L7_bglucan_gapseq	1251	1376	262	R_EX_cpd11416_c0	1.509491	0.013910	0.017937
MGYG000004559__gradient_L8_hmo_gapseq	1251	1376	262	R_EX_cpd11416_c0	1.509491	0.013910	0.017828
MGYG000004559__gradient_L9_mos_gapseq	1251	1376	262	R_EX_cpd11416_c0	1.676724	0.013910	0.017952
MGYG000004563__gradient_L0_base_gapseq	982	910	304	R_EX_cpd11416_c0	-0.000000	0.010629	0.004101
MGYG000004563__gradient_L1_inulin_gapseq	982	910	304	R_EX_cpd11416_c0	-0.000000	0.010629	0.004193
MGYG000004563__gradient_L2_fos_gapseq	982	910	304	R_EX_cpd11416_c0	-0.000000	0.010629	0.004082
MGYG000004563__gradient_L3_gos_gapseq	982	910	304	R_EX_cpd11416_c0	-0.000000	0.010629	0.004039
MGYG000004563__gradient_L4_xos_gapseq	982	910	304	R_EX_cpd11416_c0	-0.000000	0.010629	0.004130
MGYG000004563__gradient_L5_pectin_gapseq	982	910	304	R_EX_cpd11416_c0	-0.000000	0.010629	0.004083
MGYG000004563__gradient_L6_resistant_starch_gapseq	982	910	304	R_EX_cpd11416_c0	-0.000000	0.010629	0.004063
MGYG000004563__gradient_L7_bglucan_gapseq	982	910	304	R_EX_cpd11416_c0	-0.000000	0.010629	0.004135
MGYG000004563__gradient_L8_hmo_gapseq	982	910	304	R_EX_cpd11416_c0	-0.000000	0.010629	0.004203
MGYG000004563__gradient_L9_mos_gapseq	982	910	304	R_EX_cpd11416_c0	-0.000000	0.010629	0.004186
MGYG000004565__gradient_L0_base_gapseq	1105	1213	288	R_EX_cpd11416_c0	0.247282	0.012025	0.016333
MGYG000004565__gradient_L1_inulin_gapseq	1105	1213	288	R_EX_cpd11416_c0	0.326416	0.012025	0.016923
MGYG000004565__gradient_L2_fos_gapseq	1105	1213	288	R_EX_cpd11416_c0	0.326416	0.012025	0.016666
MGYG000004565__gradient_L3_gos_gapseq	1105	1213	288	R_EX_cpd11416_c0	0.326416	0.012025	0.016647
MGYG000004565__gradient_L4_xos_gapseq	1105	1213	288	R_EX_cpd11416_c0	0.326416	0.012025	0.016609
MGYG000004565__gradient_L5_pectin_gapseq	1105	1213	288	R_EX_cpd11416_c0	0.326416	0.012025	0.016593
MGYG000004565__gradient_L6_resistant_starch_gapseq	1105	1213	288	R_EX_cpd11416_c0	0.684989	0.012025	0.016664
MGYG000004565__gradient_L7_bglucan_gapseq	1105	1213	288	R_EX_cpd11416_c0	0.684989	0.012025	0.016670
MGYG000004565__gradient_L8_hmo_gapseq	1105	1213	288	R_EX_cpd11416_c0	0.684989	0.012025	0.016630
MGYG000004565__gradient_L9_mos_gapseq	1105	1213	288	R_EX_cpd11416_c0	0.684989	0.012025	0.016684
MGYG000004569__gradient_L0_base_gapseq	1093	1191	233	R_EX_cpd11416_c0	-0.000000	0.011916	0.005741
MGYG000004569__gradient_L1_inulin_gapseq	1093	1191	233	R_EX_cpd11416_c0	-0.000000	0.011916	0.005699
MGYG000004569__gradient_L2_fos_gapseq	1093	1191	233	R_EX_cpd11416_c0	-0.000000	0.011916	0.005802
MGYG000004569__gradient_L3_gos_gapseq	1093	1191	233	R_EX_cpd11416_c0	0.363328	0.011916	0.014721
MGYG000004569__gradient_L4_xos_gapseq	1093	1191	233	R_EX_cpd11416_c0	0.363328	0.011916	0.014670
MGYG000004569__gradient_L5_pectin_gapseq	1093	1191	233	R_EX_cpd11416_c0	0.363328	0.011916	0.014692
MGYG000004569__gradient_L6_resistant_starch_gapseq	1093	1191	233	R_EX_cpd11416_c0	0.426517	0.011916	0.014389
MGYG000004569__gradient_L7_bglucan_gapseq	1093	1191	233	R_EX_cpd11416_c0	0.578172	0.011916	0.015033
MGYG000004569__gradient_L8_hmo_gapseq	1093	1191	233	R_EX_cpd11416_c0	0.578172	0.011916	0.014891
MGYG000004569__gradient_L9_mos_gapseq	1093	1191	233	R_EX_cpd11416_c0	0.679274	0.011916	0.014893
MGYG000004576__gradient_L0_base_gapseq	1047	1178	218	R_EX_cpd11416_c0	-0.000000	0.011812	0.006062
MGYG000004576__gradient_L1_inulin_gapseq	1047	1178	218	R_EX_cpd11416_c0	-0.000000	0.011812	0.006021
MGYG000004576__gradient_L2_fos_gapseq	1047	1178	218	R_EX_cpd11416_c0	-0.000000	0.011812	0.006015
MGYG000004576__gradient_L3_gos_gapseq	1047	1178	218	R_EX_cpd11416_c0	-0.000000	0.011812	0.006115
MGYG000004576__gradient_L4_xos_gapseq	1047	1178	218	R_EX_cpd11416_c0	0.883319	0.011812	0.014322
MGYG000004576__gradient_L5_pectin_gapseq	1047	1178	218	R_EX_cpd11416_c0	0.883319	0.011812	0.014353
MGYG000004576__gradient_L6_resistant_starch_gapseq	1047	1178	218	R_EX_cpd11416_c0	0.994383	0.011812	0.014169
MGYG000004576__gradient_L7_bglucan_gapseq	1047	1178	218	R_EX_cpd11416_c0	0.994383	0.011812	0.014439
MGYG000004576__gradient_L8_hmo_gapseq	1047	1178	218	R_EX_cpd11416_c0	0.994383	0.011812	0.014471
MGYG000004576__gradient_L9_mos_gapseq	1047	1178	218	R_EX_cpd11416_c0	0.994383	0.011812	0.014484
MGYG000004589__gradient_L0_base_gapseq	1180	1358	355	R_EX_cpd11416_c0	-0.000000	0.014411	0.006939
MGYG000004589__gradient_L1_inulin_gapseq	1180	1358	355	R_EX_cpd11416_c0	-0.000000	0.014411	0.006850
MGYG000004589__gradient_L2_fos_gapseq	1180	1358	355	R_EX_cpd11416_c0	-0.000000	0.014411	0.006803
MGYG000004589__gradient_L3_gos_gapseq	1180	1358	355	R_EX_cpd11416_c0	-0.000000	0.014411	0.007012
MGYG000004589__gradient_L4_xos_gapseq	1180	1358	355	R_EX_cpd11416_c0	0.590858	0.014411	0.016911
MGYG000004589__gradient_L5_pectin_gapseq	1180	1358	355	R_EX_cpd11416_c0	0.590858	0.014411	0.016956
MGYG000004589__gradient_L6_resistant_starch_gapseq	1180	1358	355	R_EX_cpd11416_c0	1.180866	0.014411	0.017005
MGYG000004589__gradient_L7_bglucan_gapseq	1180	1358	355	R_EX_cpd11416_c0	1.385376	0.014411	0.017045
MGYG000004589__gradient_L8_hmo_gapseq	1180	1358	355	R_EX_cpd11416_c0	1.385376	0.014411	0.016922
MGYG000004589__gradient_L9_mos_gapseq	1180	1358	355	R_EX_cpd11416_c0	1.385376	0.014411	0.017062
MGYG000004592__gradient_L0_base_gapseq	1229	1256	262	R_EX_cpd11416_c0	-0.000000	0.012842	0.006590
MGYG000004592__gradient_L1_inulin_gapseq	1229	1256	262	R_EX_cpd11416_c0	-0.000000	0.012842	0.006563
MGYG000004592__gradient_L2_fos_gapseq	1229	1256	262	R_EX_cpd11416_c0	-0.000000	0.012842	0.006520
MGYG000004592__gradient_L3_gos_gapseq	1229	1256	262	R_EX_cpd11416_c0	-0.000000	0.012842	0.006527
MGYG000004592__gradient_L4_xos_gapseq	1229	1256	262	R_EX_cpd11416_c0	-0.000000	0.012842	0.006533
MGYG000004592__gradient_L5_pectin_gapseq	1229	1256	262	R_EX_cpd11416_c0	-0.000000	0.012842	0.006532
MGYG000004592__gradient_L6_resistant_starch_gapseq	1229	1256	262	R_EX_cpd11416_c0	0.357703	0.012842	0.016362
MGYG000004592__gradient_L7_bglucan_gapseq	1229	1256	262	R_EX_cpd11416_c0	0.548326	0.012842	0.016024
MGYG000004592__gradient_L8_hmo_gapseq	1229	1256	262	R_EX_cpd11416_c0	0.548326	0.012842	0.016040
MGYG000004592__gradient_L9_mos_gapseq	1229	1256	262	R_EX_cpd11416_c0	0.548326	0.012842	0.016037
MGYG000004612__gradient_L0_base_gapseq	1308	1467	339	R_EX_cpd11416_c0	-0.000000	0.015385	0.007247
MGYG000004612__gradient_L1_inulin_gapseq	1308	1467	339	R_EX_cpd11416_c0	-0.000000	0.015385	0.007530
MGYG000004612__gradient_L2_fos_gapseq	1308	1467	339	R_EX_cpd11416_c0	-0.000000	0.015385	0.007590
MGYG000004612__gradient_L3_gos_gapseq	1308	1467	339	R_EX_cpd11416_c0	-0.000000	0.015385	0.007394
MGYG000004612__gradient_L4_xos_gapseq	1308	1467	339	R_EX_cpd11416_c0	1.066317	0.015385	0.019394
MGYG000004612__gradient_L5_pectin_gapseq	1308	1467	339	R_EX_cpd11416_c0	1.066317	0.015385	0.019249
MGYG000004612__gradient_L6_resistant_starch_gapseq	1308	1467	339	R_EX_cpd11416_c0	1.794591	0.015385	0.019415
MGYG000004612__gradient_L7_bglucan_gapseq	1308	1467	339	R_EX_cpd11416_c0	2.038740	0.015385	0.019376
MGYG000004612__gradient_L8_hmo_gapseq	1308	1467	339	R_EX_cpd11416_c0	2.038740	0.015385	0.019379
MGYG000004612__gradient_L9_mos_gapseq	1308	1467	339	R_EX_cpd11416_c0	2.172292	0.015385	0.019374
MGYG000004616__gradient_L0_base_gapseq	1201	1336	291	R_EX_cpd11416_c0	-0.000000	0.013779	0.006611
MGYG000004616__gradient_L1_inulin_gapseq	1201	1336	291	R_EX_cpd11416_c0	-0.000000	0.013779	0.006906
MGYG000004616__gradient_L2_fos_gapseq	1201	1336	291	R_EX_cpd11416_c0	-0.000000	0.013779	0.006876
MGYG000004616__gradient_L3_gos_gapseq	1201	1336	291	R_EX_cpd11416_c0	0.349589	0.013779	0.016962
MGYG000004616__gradient_L4_xos_gapseq	1201	1336	291	R_EX_cpd11416_c0	0.349589	0.013779	0.016935
MGYG000004616__gradient_L5_pectin_gapseq	1201	1336	291	R_EX_cpd11416_c0	0.349589	0.013779	0.017007
MGYG000004616__gradient_L6_resistant_starch_gapseq	1201	1336	291	R_EX_cpd11416_c0	0.349650	0.013779	0.017073
MGYG000004616__gradient_L7_bglucan_gapseq	1201	1336	291	R_EX_cpd11416_c0	0.349650	0.013779	0.017040
MGYG000004616__gradient_L8_hmo_gapseq	1201	1336	291	R_EX_cpd11416_c0	0.349650	0.013779	0.017002
MGYG000004616__gradient_L9_mos_gapseq	1201	1336	291	R_EX_cpd11416_c0	0.349650	0.013779	0.016956
MGYG000004633__gradient_L0_base_gapseq	1263	1434	374	R_EX_cpd11416_c0	0.652428	0.014689	0.020426
MGYG000004633__gradient_L1_inulin_gapseq	1263	1434	374	R_EX_cpd11416_c0	0.936482	0.014689	0.020412
MGYG000004633__gradient_L2_fos_gapseq	1263	1434	374	R_EX_cpd11416_c0	0.936482	0.014689	0.020434
MGYG000004633__gradient_L3_gos_gapseq	1263	1434	374	R_EX_cpd11416_c0	1.193879	0.014689	0.020491
MGYG000004633__gradient_L4_xos_gapseq	1263	1434	374	R_EX_cpd11416_c0	1.193879	0.014689	0.020394
MGYG000004633__gradient_L5_pectin_gapseq	1263	1434	374	R_EX_cpd11416_c0	1.193879	0.014689	0.020392
MGYG000004633__gradient_L6_resistant_starch_gapseq	1263	1434	374	R_EX_cpd11416_c0	1.782326	0.014689	0.020434
MGYG000004633__gradient_L7_bglucan_gapseq	1263	1434	374	R_EX_cpd11416_c0	1.782326	0.014689	0.020375
MGYG000004633__gradient_L8_hmo_gapseq	1263	1434	374	R_EX_cpd11416_c0	1.782326	0.014689	0.020476
MGYG000004633__gradient_L9_mos_gapseq	1263	1434	374	R_EX_cpd11416_c0	1.918285	0.014689	0.020698
MGYG000004637__gradient_L0_base_gapseq	1072	1117	255	R_EX_cpd11416_c0	0.043328	0.011781	0.013016
MGYG000004637__gradient_L1_inulin_gapseq	1072	1117	255	R_EX_cpd11416_c0	0.083918	0.011781	0.013336
MGYG000004637__gradient_L2_fos_gapseq	1072	1117	255	R_EX_cpd11416_c0	0.083918	0.011781	0.013288
MGYG000004637__gradient_L3_gos_gapseq	1072	1117	255	R_EX_cpd11416_c0	0.083918	0.011781	0.013305
MGYG000004637__gradient_L4_xos_gapseq	1072	1117	255	R_EX_cpd11416_c0	0.083918	0.011781	0.013313
MGYG000004637__gradient_L5_pectin_gapseq	1072	1117	255	R_EX_cpd11416_c0	0.083918	0.011781	0.013364
MGYG000004637__gradient_L6_resistant_starch_gapseq	1072	1117	255	R_EX_cpd11416_c0	0.083918	0.011781	0.014430
MGYG000004637__gradient_L7_bglucan_gapseq	1072	1117	255	R_EX_cpd11416_c0	0.083918	0.011781	0.014429
MGYG000004637__gradient_L8_hmo_gapseq	1072	1117	255	R_EX_cpd11416_c0	0.083918	0.011781	0.014451
MGYG000004637__gradient_L9_mos_gapseq	1072	1117	255	R_EX_cpd11416_c0	0.083918	0.011781	0.014405
MGYG000004652__gradient_L0_base_gapseq	1396	1665	371	R_EX_cpd11416_c0	0.239421	0.016617	0.023200
MGYG000004652__gradient_L1_inulin_gapseq	1396	1665	371	R_EX_cpd11416_c0	0.445989	0.016617	0.024645
MGYG000004652__gradient_L2_fos_gapseq	1396	1665	371	R_EX_cpd11416_c0	0.445989	0.016617	0.024749
MGYG000004652__gradient_L3_gos_gapseq	1396	1665	371	R_EX_cpd11416_c0	0.650210	0.016617	0.026673
MGYG000004652__gradient_L4_xos_gapseq	1396	1665	371	R_EX_cpd11416_c0	0.746688	0.016617	0.024988
MGYG000004652__gradient_L5_pectin_gapseq	1396	1665	371	R_EX_cpd11416_c0	0.746688	0.016617	0.024975
MGYG000004652__gradient_L6_resistant_starch_gapseq	1396	1665	371	R_EX_cpd11416_c0	1.194376	0.016617	0.024512
MGYG000004652__gradient_L7_bglucan_gapseq	1396	1665	371	R_EX_cpd11416_c0	1.340070	0.016617	0.024759
MGYG000004652__gradient_L8_hmo_gapseq	1396	1665	371	R_EX_cpd11416_c0	1.340070	0.016617	0.024758
MGYG000004652__gradient_L9_mos_gapseq	1396	1665	371	R_EX_cpd11416_c0	1.431129	0.016617	0.024824
MGYG000004655__gradient_L0_base_gapseq	1273	1414	335	R_EX_cpd11416_c0	0.301778	0.013901	0.018759
MGYG000004655__gradient_L1_inulin_gapseq	1273	1414	335	R_EX_cpd11416_c0	0.377819	0.013901	0.018792
MGYG000004655__gradient_L2_fos_gapseq	1273	1414	335	R_EX_cpd11416_c0	0.377819	0.013901	0.018722
MGYG000004655__gradient_L3_gos_gapseq	1273	1414	335	R_EX_cpd11416_c0	0.434850	0.013901	0.019107
MGYG000004655__gradient_L4_xos_gapseq	1273	1414	335	R_EX_cpd11416_c0	0.454454	0.013901	0.018490
MGYG000004655__gradient_L5_pectin_gapseq	1273	1414	335	R_EX_cpd11416_c0	0.454454	0.013901	0.018477
MGYG000004655__gradient_L6_resistant_starch_gapseq	1273	1414	335	R_EX_cpd11416_c0	0.651685	0.013901	0.019368
MGYG000004655__gradient_L7_bglucan_gapseq	1273	1414	335	R_EX_cpd11416_c0	0.772876	0.013901	0.019836
MGYG000004655__gradient_L8_hmo_gapseq	1273	1414	335	R_EX_cpd11416_c0	0.772876	0.013901	0.019790
MGYG000004655__gradient_L9_mos_gapseq	1273	1414	335	R_EX_cpd11416_c0	0.848917	0.013901	0.019463
MGYG000004663__gradient_L0_base_gapseq	1293	1389	359	R_EX_cpd11416_c0	-0.000000	0.014311	0.007720
MGYG000004663__gradient_L1_inulin_gapseq	1293	1389	359	R_EX_cpd11416_c0	-0.000000	0.014311	0.008522
MGYG000004663__gradient_L2_fos_gapseq	1293	1389	359	R_EX_cpd11416_c0	-0.000000	0.014311	0.008737
MGYG000004663__gradient_L3_gos_gapseq	1293	1389	359	R_EX_cpd11416_c0	-0.000000	0.014311	0.008856
MGYG000004663__gradient_L4_xos_gapseq	1293	1389	359	R_EX_cpd11416_c0	-0.000000	0.014311	0.008769
MGYG000004663__gradient_L5_pectin_gapseq	1293	1389	359	R_EX_cpd11416_c0	-0.000000	0.014311	0.008777
MGYG000004663__gradient_L6_resistant_starch_gapseq	1293	1389	359	R_EX_cpd11416_c0	-0.000000	0.014311	0.008296
MGYG000004663__gradient_L7_bglucan_gapseq	1293	1389	359	R_EX_cpd11416_c0	-0.000000	0.014311	0.008293
MGYG000004663__gradient_L8_hmo_gapseq	1293	1389	359	R_EX_cpd11416_c0	-0.000000	0.014311	0.008364
MGYG000004663__gradient_L9_mos_gapseq	1293	1389	359	R_EX_cpd11416_c0	-0.000000	0.014311	0.008338
MGYG000004733__gradient_L0_base_gapseq	1460	1699	512	R_EX_cpd11416_c0	0.985345	0.016908	0.025978
MGYG000004733__gradient_L1_inulin_gapseq	1460	1699	512	R_EX_cpd11416_c0	1.270047	0.016908	0.025877
MGYG000004733__gradient_L2_fos_gapseq	1460	1699	512	R_EX_cpd11416_c0	1.270047	0.016908	0.025908
MGYG000004733__gradient_L3_gos_gapseq	1460	1699	512	R_EX_cpd11416_c0	1.583485	0.016908	0.025185
MGYG000004733__gradient_L4_xos_gapseq	1460	1699	512	R_EX_cpd11416_c0	1.630168	0.016908	0.026180
MGYG000004733__gradient_L5_pectin_gapseq	1460	1699	512	R_EX_cpd11416_c0	1.630168	0.016908	0.026255
MGYG000004733__gradient_L6_resistant_starch_gapseq	1460	1699	512	R_EX_cpd11416_c0	2.245930	0.016908	0.026067
MGYG000004733__gradient_L7_bglucan_gapseq	1460	1699	512	R_EX_cpd11416_c0	2.452666	0.016908	0.026474
MGYG000004733__gradient_L8_hmo_gapseq	1460	1699	512	R_EX_cpd11416_c0	2.599382	0.016908	0.026236
MGYG000004733__gradient_L9_mos_gapseq	1460	1699	512	R_EX_cpd11416_c0	2.706085	0.016908	0.025950
MGYG000004736__gradient_L0_base_gapseq	1321	1439	285	R_EX_cpd11416_c0	-0.000000	0.014306	0.008264
MGYG000004736__gradient_L1_inulin_gapseq	1321	1439	285	R_EX_cpd11416_c0	-0.000000	0.014306	0.008211
MGYG000004736__gradient_L2_fos_gapseq	1321	1439	285	R_EX_cpd11416_c0	-0.000000	0.014306	0.008197
MGYG000004736__gradient_L3_gos_gapseq	1321	1439	285	R_EX_cpd11416_c0	0.843308	0.014306	0.022665
MGYG000004736__gradient_L4_xos_gapseq	1321	1439	285	R_EX_cpd11416_c0	0.843308	0.014306	0.022627
MGYG000004736__gradient_L5_pectin_gapseq	1321	1439	285	R_EX_cpd11416_c0	0.843308	0.014306	0.022660
MGYG000004736__gradient_L6_resistant_starch_gapseq	1321	1439	285	R_EX_cpd11416_c0	1.564944	0.014306	0.022559
MGYG000004736__gradient_L7_bglucan_gapseq	1321	1439	285	R_EX_cpd11416_c0	1.564944	0.014306	0.022546
MGYG000004736__gradient_L8_hmo_gapseq	1321	1439	285	R_EX_cpd11416_c0	1.564944	0.014306	0.022513
MGYG000004736__gradient_L9_mos_gapseq	1321	1439	285	R_EX_cpd11416_c0	1.564944	0.014306	0.022567
MGYG000004739__gradient_L0_base_gapseq	1337	1596	360	R_EX_cpd11416_c0	-0.000000	0.015735	0.010204
MGYG000004739__gradient_L1_inulin_gapseq	1337	1596	360	R_EX_cpd11416_c0	-0.000000	0.015735	0.010130
MGYG000004739__gradient_L2_fos_gapseq	1337	1596	360	R_EX_cpd11416_c0	-0.000000	0.015735	0.010120
MGYG000004739__gradient_L3_gos_gapseq	1337	1596	360	R_EX_cpd11416_c0	1.021458	0.015735	0.026476
MGYG000004739__gradient_L4_xos_gapseq	1337	1596	360	R_EX_cpd11416_c0	1.066025	0.015735	0.025664
MGYG000004739__gradient_L5_pectin_gapseq	1337	1596	360	R_EX_cpd11416_c0	1.066025	0.015735	0.025655
MGYG000004739__gradient_L6_resistant_starch_gapseq	1337	1596	360	R_EX_cpd11416_c0	1.421371	0.015735	0.025383
MGYG000004739__gradient_L7_bglucan_gapseq	1337	1596	360	R_EX_cpd11416_c0	1.537541	0.015735	0.026030
MGYG000004739__gradient_L8_hmo_gapseq	1337	1596	360	R_EX_cpd11416_c0	1.537541	0.015735	0.026019
MGYG000004739__gradient_L9_mos_gapseq	1337	1596	360	R_EX_cpd11416_c0	1.610432	0.015735	0.025844
MGYG000004744__gradient_L0_base_gapseq	1298	1476	377	R_EX_cpd11416_c0	0.560200	0.014721	0.021682
MGYG000004744__gradient_L1_inulin_gapseq	1298	1476	377	R_EX_cpd11416_c0	0.795790	0.014721	0.021118
MGYG000004744__gradient_L2_fos_gapseq	1298	1476	377	R_EX_cpd11416_c0	0.795790	0.014721	0.021125
MGYG000004744__gradient_L3_gos_gapseq	1298	1476	377	R_EX_cpd11416_c0	1.029202	0.014721	0.021268
MGYG000004744__gradient_L4_xos_gapseq	1298	1476	377	R_EX_cpd11416_c0	1.029202	0.014721	0.021350
MGYG000004744__gradient_L5_pectin_gapseq	1298	1476	377	R_EX_cpd11416_c0	1.029202	0.014721	0.021218
MGYG000004744__gradient_L6_resistant_starch_gapseq	1298	1476	377	R_EX_cpd11416_c0	1.490572	0.014721	0.021968
MGYG000004744__gradient_L7_bglucan_gapseq	1298	1476	377	R_EX_cpd11416_c0	1.649095	0.014721	0.021351
MGYG000004744__gradient_L8_hmo_gapseq	1298	1476	377	R_EX_cpd11416_c0	1.649095	0.014721	0.021228
MGYG000004744__gradient_L9_mos_gapseq	1298	1476	377	R_EX_cpd11416_c0	1.649095	0.014721	0.021236
MGYG000004770__gradient_L0_base_gapseq	1486	1724	383	R_EX_cpd11416_c0	0.448136	0.017313	0.026295
MGYG000004770__gradient_L1_inulin_gapseq	1486	1724	383	R_EX_cpd11416_c0	0.526643	0.017313	0.026463
MGYG000004770__gradient_L2_fos_gapseq	1486	1724	383	R_EX_cpd11416_c0	0.526643	0.017313	0.026331
MGYG000004770__gradient_L3_gos_gapseq	1486	1724	383	R_EX_cpd11416_c0	0.585524	0.017313	0.026547
MGYG000004770__gradient_L4_xos_gapseq	1486	1724	383	R_EX_cpd11416_c0	0.585524	0.017313	0.026553
MGYG000004770__gradient_L5_pectin_gapseq	1486	1724	383	R_EX_cpd11416_c0	0.585524	0.017313	0.026516
MGYG000004770__gradient_L6_resistant_starch_gapseq	1486	1724	383	R_EX_cpd11416_c0	0.735178	0.017313	0.026583
MGYG000004770__gradient_L7_bglucan_gapseq	1486	1724	383	R_EX_cpd11416_c0	0.735178	0.017313	0.026493
MGYG000004770__gradient_L8_hmo_gapseq	1486	1724	383	R_EX_cpd11416_c0	0.735178	0.017313	0.026496
MGYG000004770__gradient_L9_mos_gapseq	1486	1724	383	R_EX_cpd11416_c0	0.774432	0.017313	0.026214
MGYG000004781__gradient_L0_base_gapseq	1669	1967	546	R_EX_cpd11416_c0	-0.000000	0.020020	0.013497
MGYG000004781__gradient_L1_inulin_gapseq	1669	1967	546	R_EX_cpd11416_c0	-0.000000	0.020020	0.013476
MGYG000004781__gradient_L2_fos_gapseq	1669	1967	546	R_EX_cpd11416_c0	-0.000000	0.020020	0.013181
MGYG000004781__gradient_L3_gos_gapseq	1669	1967	546	R_EX_cpd11416_c0	-0.000000	0.020020	0.013569
MGYG000004781__gradient_L4_xos_gapseq	1669	1967	546	R_EX_cpd11416_c0	1.911469	0.020020	0.035174
MGYG000004781__gradient_L5_pectin_gapseq	1669	1967	546	R_EX_cpd11416_c0	1.911469	0.020020	0.035034
MGYG000004781__gradient_L6_resistant_starch_gapseq	1669	1967	546	R_EX_cpd11416_c0	2.629517	0.020020	0.034860
MGYG000004781__gradient_L7_bglucan_gapseq	1669	1967	546	R_EX_cpd11416_c0	2.862236	0.020020	0.035172
MGYG000004781__gradient_L8_hmo_gapseq	1669	1967	546	R_EX_cpd11416_c0	2.862236	0.020020	0.035210
MGYG000004781__gradient_L9_mos_gapseq	1669	1967	546	R_EX_cpd11416_c0	3.021360	0.020020	0.034964
MGYG000004783__gradient_L0_base_gapseq	1172	1285	269	R_EX_cpd11416_c0	-0.000000	0.013439	0.006273
MGYG000004783__gradient_L1_inulin_gapseq	1172	1285	269	R_EX_cpd11416_c0	0.302240	0.013439	0.016008
MGYG000004783__gradient_L2_fos_gapseq	1172	1285	269	R_EX_cpd11416_c0	0.302240	0.013439	0.015497
MGYG000004783__gradient_L3_gos_gapseq	1172	1285	269	R_EX_cpd11416_c0	0.302240	0.013439	0.015523
MGYG000004783__gradient_L4_xos_gapseq	1172	1285	269	R_EX_cpd11416_c0	0.302240	0.013439	0.015508
MGYG000004783__gradient_L5_pectin_gapseq	1172	1285	269	R_EX_cpd11416_c0	0.302240	0.013439	0.015477
MGYG000004783__gradient_L6_resistant_starch_gapseq	1172	1285	269	R_EX_cpd11416_c0	0.888959	0.013439	0.015516
MGYG000004783__gradient_L7_bglucan_gapseq	1172	1285	269	R_EX_cpd11416_c0	0.888959	0.013439	0.015448
MGYG000004783__gradient_L8_hmo_gapseq	1172	1285	269	R_EX_cpd11416_c0	0.888959	0.013439	0.015461
MGYG000004783__gradient_L9_mos_gapseq	1172	1285	269	R_EX_cpd11416_c0	0.994383	0.013439	0.016559
MGYG000004786__gradient_L0_base_gapseq	1129	1253	308	R_EX_cpd11416_c0	-0.000000	0.014026	0.006119
MGYG000004786__gradient_L1_inulin_gapseq	1129	1253	308	R_EX_cpd11416_c0	-0.000000	0.014026	0.006520
MGYG000004786__gradient_L2_fos_gapseq	1129	1253	308	R_EX_cpd11416_c0	-0.000000	0.014026	0.006440
MGYG000004786__gradient_L3_gos_gapseq	1129	1253	308	R_EX_cpd11416_c0	0.958625	0.014026	0.016871
MGYG000004786__gradient_L4_xos_gapseq	1129	1253	308	R_EX_cpd11416_c0	0.963686	0.014026	0.016155
MGYG000004786__gradient_L5_pectin_gapseq	1129	1253	308	R_EX_cpd11416_c0	0.963686	0.014026	0.016192
MGYG000004786__gradient_L6_resistant_starch_gapseq	1129	1253	308	R_EX_cpd11416_c0	1.599703	0.014026	0.016931
MGYG000004786__gradient_L7_bglucan_gapseq	1129	1253	308	R_EX_cpd11416_c0	1.818147	0.014026	0.016786
MGYG000004786__gradient_L8_hmo_gapseq	1129	1253	308	R_EX_cpd11416_c0	1.818147	0.014026	0.016738
MGYG000004786__gradient_L9_mos_gapseq	1129	1253	308	R_EX_cpd11416_c0	1.924059	0.014026	0.016978
MGYG000004797__gradient_L0_base_gapseq	1513	1809	564	R_EX_cpd11416_c0	0.958169	0.017766	0.028103
MGYG000004797__gradient_L1_inulin_gapseq	1513	1809	564	R_EX_cpd11416_c0	1.063569	0.017766	0.028494
MGYG000004797__gradient_L2_fos_gapseq	1513	1809	564	R_EX_cpd11416_c0	1.063569	0.017766	0.028477
MGYG000004797__gradient_L3_gos_gapseq	1513	1809	564	R_EX_cpd11416_c0	1.142619	0.017766	0.028650
MGYG000004797__gradient_L4_xos_gapseq	1513	1809	564	R_EX_cpd11416_c0	1.207296	0.017766	0.029320
MGYG000004797__gradient_L5_pectin_gapseq	1513	1809	564	R_EX_cpd11416_c0	1.240832	0.017766	0.029321
MGYG000004797__gradient_L6_resistant_starch_gapseq	1513	1809	564	R_EX_cpd11416_c0	1.722317	0.017766	0.028554
MGYG000004797__gradient_L7_bglucan_gapseq	1513	1809	564	R_EX_cpd11416_c0	1.887590	0.017766	0.030159
MGYG000004797__gradient_L8_hmo_gapseq	1513	1809	564	R_EX_cpd11416_c0	1.887590	0.017766	0.030123
MGYG000004797__gradient_L9_mos_gapseq	1513	1809	564	R_EX_cpd11416_c0	1.988179	0.017766	0.030264
MGYG000004798__gradient_L0_base_gapseq	1526	1820	472	R_EX_cpd11416_c0	0.998569	0.018220	0.026981
MGYG000004798__gradient_L1_inulin_gapseq	1526	1820	472	R_EX_cpd11416_c0	1.218440	0.018220	0.027649
MGYG000004798__gradient_L2_fos_gapseq	1526	1820	472	R_EX_cpd11416_c0	1.218440	0.018220	0.027548
MGYG000004798__gradient_L3_gos_gapseq	1526	1820	472	R_EX_cpd11416_c0	1.458923	0.018220	0.027827
MGYG000004798__gradient_L4_xos_gapseq	1526	1820	472	R_EX_cpd11416_c0	1.500149	0.018220	0.028254
MGYG000004798__gradient_L5_pectin_gapseq	1526	1820	472	R_EX_cpd11416_c0	1.500149	0.018220	0.028158
MGYG000004798__gradient_L6_resistant_starch_gapseq	1526	1820	472	R_EX_cpd11416_c0	1.997148	0.018220	0.027724
MGYG000004798__gradient_L7_bglucan_gapseq	1526	1820	472	R_EX_cpd11416_c0	2.152580	0.018220	0.027899
MGYG000004798__gradient_L8_hmo_gapseq	1526	1820	472	R_EX_cpd11416_c0	2.152580	0.018220	0.027793
MGYG000004798__gradient_L9_mos_gapseq	1526	1820	472	R_EX_cpd11416_c0	2.261649	0.018220	0.028045
MGYG000004819__gradient_L0_base_gapseq	1426	1681	405	R_EX_cpd11416_c0	0.390367	0.016933	0.025018
MGYG000004819__gradient_L1_inulin_gapseq	1426	1681	405	R_EX_cpd11416_c0	0.561752	0.016933	0.025095
MGYG000004819__gradient_L2_fos_gapseq	1426	1681	405	R_EX_cpd11416_c0	0.561752	0.016933	0.025131
MGYG000004819__gradient_L3_gos_gapseq	1426	1681	405	R_EX_cpd11416_c0	0.725996	0.016933	0.026023
MGYG000004819__gradient_L4_xos_gapseq	1426	1681	405	R_EX_cpd11416_c0	0.833236	0.016933	0.025785
MGYG000004819__gradient_L5_pectin_gapseq	1426	1681	405	R_EX_cpd11416_c0	0.833236	0.016933	0.025782
MGYG000004819__gradient_L6_resistant_starch_gapseq	1426	1681	405	R_EX_cpd11416_c0	1.202264	0.016933	0.025288
MGYG000004819__gradient_L7_bglucan_gapseq	1426	1681	405	R_EX_cpd11416_c0	1.202264	0.016933	0.025075
MGYG000004819__gradient_L8_hmo_gapseq	1426	1681	405	R_EX_cpd11416_c0	1.202264	0.016933	0.025082
MGYG000004819__gradient_L9_mos_gapseq	1426	1681	405	R_EX_cpd11416_c0	1.276969	0.016933	0.025716
MGYG000004834__gradient_L0_base_gapseq	1224	1381	325	R_EX_cpd11416_c0	0.425267	0.014689	0.019389
MGYG000004834__gradient_L1_inulin_gapseq	1224	1381	325	R_EX_cpd11416_c0	0.776010	0.014689	0.018880
MGYG000004834__gradient_L2_fos_gapseq	1224	1381	325	R_EX_cpd11416_c0	0.776010	0.014689	0.018937
MGYG000004834__gradient_L3_gos_gapseq	1224	1381	325	R_EX_cpd11416_c0	1.110800	0.014689	0.019239
MGYG000004834__gradient_L4_xos_gapseq	1224	1381	325	R_EX_cpd11416_c0	1.189258	0.014689	0.018944
MGYG000004834__gradient_L5_pectin_gapseq	1224	1381	325	R_EX_cpd11416_c0	1.189258	0.014689	0.018893
MGYG000004834__gradient_L6_resistant_starch_gapseq	1224	1381	325	R_EX_cpd11416_c0	1.909839	0.014689	0.019615
MGYG000004834__gradient_L7_bglucan_gapseq	1224	1381	325	R_EX_cpd11416_c0	1.909839	0.014689	0.019610
MGYG000004834__gradient_L8_hmo_gapseq	1224	1381	325	R_EX_cpd11416_c0	1.909839	0.014689	0.019662
MGYG000004834__gradient_L9_mos_gapseq	1224	1381	325	R_EX_cpd11416_c0	2.075015	0.014689	0.019795
MGYG000004846__gradient_L0_base_gapseq	1183	1319	333	R_EX_cpd11416_c0	0.826138	0.012988	0.016797
MGYG000004846__gradient_L1_inulin_gapseq	1183	1319	333	R_EX_cpd11416_c0	1.117754	0.012988	0.016303
MGYG000004846__gradient_L2_fos_gapseq	1183	1319	333	R_EX_cpd11416_c0	1.117754	0.012988	0.016311
MGYG000004846__gradient_L3_gos_gapseq	1183	1319	333	R_EX_cpd11416_c0	1.412254	0.012988	0.016980
MGYG000004846__gradient_L4_xos_gapseq	1183	1319	333	R_EX_cpd11416_c0	1.412254	0.012988	0.016974
MGYG000004846__gradient_L5_pectin_gapseq	1183	1319	333	R_EX_cpd11416_c0	1.412254	0.012988	0.016963
MGYG000004846__gradient_L6_resistant_starch_gapseq	1183	1319	333	R_EX_cpd11416_c0	2.030259	0.012988	0.018104
MGYG000004846__gradient_L7_bglucan_gapseq	1183	1319	333	R_EX_cpd11416_c0	2.030259	0.012988	0.018111
MGYG000004846__gradient_L8_hmo_gapseq	1183	1319	333	R_EX_cpd11416_c0	2.030259	0.012988	0.018129
MGYG000004846__gradient_L9_mos_gapseq	1183	1319	333	R_EX_cpd11416_c0	2.173047	0.012988	0.017775
MGYG000004852__gradient_L0_base_gapseq	1367	1559	359	R_EX_cpd11416_c0	0.666604	0.016307	0.020842
MGYG000004852__gradient_L1_inulin_gapseq	1367	1559	359	R_EX_cpd11416_c0	0.911607	0.016307	0.020999
MGYG000004852__gradient_L2_fos_gapseq	1367	1559	359	R_EX_cpd11416_c0	0.911607	0.016307	0.021048
MGYG000004852__gradient_L3_gos_gapseq	1367	1559	359	R_EX_cpd11416_c0	0.980167	0.016307	0.021205
MGYG000004852__gradient_L4_xos_gapseq	1367	1559	359	R_EX_cpd11416_c0	1.041985	0.016307	0.020670
MGYG000004852__gradient_L5_pectin_gapseq	1367	1559	359	R_EX_cpd11416_c0	1.041985	0.016307	0.020708
MGYG000004852__gradient_L6_resistant_starch_gapseq	1367	1559	359	R_EX_cpd11416_c0	1.508380	0.016307	0.020628
MGYG000004852__gradient_L7_bglucan_gapseq	1367	1559	359	R_EX_cpd11416_c0	1.665362	0.016307	0.020954
MGYG000004852__gradient_L8_hmo_gapseq	1367	1559	359	R_EX_cpd11416_c0	1.665362	0.016307	0.020955
MGYG000004852__gradient_L9_mos_gapseq	1367	1559	359	R_EX_cpd11416_c0	1.774567	0.016307	0.021898
MGYG000004855__gradient_L0_base_gapseq	1388	1630	484	R_EX_cpd11416_c0	-0.000000	0.016380	0.009649
MGYG000004855__gradient_L1_inulin_gapseq	1388	1630	484	R_EX_cpd11416_c0	-0.000000	0.016380	0.009914
MGYG000004855__gradient_L2_fos_gapseq	1388	1630	484	R_EX_cpd11416_c0	-0.000000	0.016380	0.009918
MGYG000004855__gradient_L3_gos_gapseq	1388	1630	484	R_EX_cpd11416_c0	1.680999	0.016380	0.025197
MGYG000004855__gradient_L4_xos_gapseq	1388	1630	484	R_EX_cpd11416_c0	1.680999	0.016380	0.024754
MGYG000004855__gradient_L5_pectin_gapseq	1388	1630	484	R_EX_cpd11416_c0	1.680999	0.016380	0.024828
MGYG000004855__gradient_L6_resistant_starch_gapseq	1388	1630	484	R_EX_cpd11416_c0	2.409482	0.016380	0.025418
MGYG000004855__gradient_L7_bglucan_gapseq	1388	1630	484	R_EX_cpd11416_c0	2.653702	0.016380	0.024917
MGYG000004855__gradient_L8_hmo_gapseq	1388	1630	484	R_EX_cpd11416_c0	2.653702	0.016380	0.024822
MGYG000004855__gradient_L9_mos_gapseq	1388	1630	484	R_EX_cpd11416_c0	2.787292	0.016380	0.025577
MGYG000004864__gradient_L0_base_gapseq	1346	1467	414	R_EX_cpd11416_c0	0.533236	0.015340	0.022532
MGYG000004864__gradient_L1_inulin_gapseq	1346	1467	414	R_EX_cpd11416_c0	0.722514	0.015340	0.022682
MGYG000004864__gradient_L2_fos_gapseq	1346	1467	414	R_EX_cpd11416_c0	0.722514	0.015340	0.022666
MGYG000004864__gradient_L3_gos_gapseq	1346	1467	414	R_EX_cpd11416_c0	0.722514	0.015340	0.022664
MGYG000004864__gradient_L4_xos_gapseq	1346	1467	414	R_EX_cpd11416_c0	0.722514	0.015340	0.022635
MGYG000004864__gradient_L5_pectin_gapseq	1346	1467	414	R_EX_cpd11416_c0	0.722514	0.015340	0.022665
MGYG000004864__gradient_L6_resistant_starch_gapseq	1346	1467	414	R_EX_cpd11416_c0	0.722514	0.015340	0.022694
MGYG000004864__gradient_L7_bglucan_gapseq	1346	1467	414	R_EX_cpd11416_c0	0.722514	0.015340	0.022649
MGYG000004864__gradient_L8_hmo_gapseq	1346	1467	414	R_EX_cpd11416_c0	0.722514	0.015340	0.022697
MGYG000004864__gradient_L9_mos_gapseq	1346	1467	414	R_EX_cpd11416_c0	0.722514	0.015340	0.022616
